# Blender 5.0.1
# www.blender.org
mtllib hair.mtl
o short3
v 0.086175 15.982201 0.398847
v 0.270240 15.942900 0.360164
v 0.027375 15.987600 0.403695
v 0.172485 15.966600 0.391777
v 0.357705 15.919399 0.301786
v 0.423855 15.892401 0.242701
v 0.475095 15.857901 0.182303
v -0.010740 15.990400 0.343095
v -0.077100 15.981701 0.258457
v -0.146610 15.952499 0.166446
v -0.191865 15.910601 0.066658
v -0.215805 15.859600 -0.044745
v -0.225465 15.794399 -0.163521
v -0.229770 15.709301 -0.274520
v -0.236490 15.614700 -0.372490
v -0.238170 15.494200 -0.459855
v -0.220215 15.349600 -0.517930
v -0.204150 15.180100 -0.525000
v -0.182835 15.015500 -0.503487
v -0.153750 14.847301 -0.469450
v -0.129180 14.673500 -0.407638
v -0.108810 14.531000 -0.334514
v -0.104820 14.382600 -0.249775
v -0.101040 14.168700 -0.216849
v -0.098940 14.021501 -0.206143
v 0.055725 15.984100 0.326733
v -0.005595 15.974300 0.233106
v -0.068700 15.939001 0.133318
v -0.109650 15.895401 0.031712
v -0.128025 15.846500 -0.078883
v -0.135480 15.778801 -0.195639
v -0.137265 15.695700 -0.309466
v -0.134220 15.599899 -0.411375
v -0.131700 15.474100 -0.493488
v -0.113010 15.322001 -0.535504
v -0.101460 15.159600 -0.539544
v -0.088230 15.001900 -0.525101
v -0.073845 14.836900 -0.494397
v -0.059355 14.668100 -0.425818
v -0.049695 14.523700 -0.344008
v -0.042765 14.373900 -0.264521
v -0.041085 14.167800 -0.230686
v -0.042765 14.025100 -0.219475
v 0.133005 15.929600 0.314411
v 0.084600 15.965500 0.204422
v 0.023280 15.924101 0.102513
v -0.013680 15.879200 0.000806
v -0.031005 15.827400 -0.109890
v -0.037410 15.757900 -0.219374
v -0.038040 15.675301 -0.332494
v -0.033000 15.571501 -0.429050
v -0.025860 15.440701 -0.501972
v -0.019980 15.295500 -0.544392
v -0.012735 15.142700 -0.555300
v -0.005700 14.989000 -0.544190
v 0.002490 14.829101 -0.515809
v 0.011835 14.664701 -0.445513
v 0.017715 14.522600 -0.356027
v 0.018870 14.371500 -0.273207
v 0.014355 14.169701 -0.230484
v 0.007530 14.031600 -0.222808
v 0.226245 15.910900 0.283303
v 0.182040 15.950001 0.166648
v 0.128910 15.902201 0.066355
v 0.090375 15.855499 -0.031615
v 0.072525 15.798500 -0.134332
v 0.066855 15.731400 -0.242806
v 0.065280 15.646700 -0.348856
v 0.065280 15.539400 -0.435009
v 0.067170 15.411600 -0.503184
v 0.069795 15.275100 -0.551159
v 0.071895 15.130000 -0.571157
v 0.073575 14.981000 -0.563380
v 0.078195 14.825200 -0.535201
v 0.083550 14.661000 -0.464299
v 0.087645 14.525100 -0.361077
v 0.081030 14.380800 -0.269773
v 0.070530 14.178200 -0.224222
v 0.063285 14.039500 -0.213112
v 0.311925 15.889101 0.229571
v 0.272655 15.916599 0.121400
v 0.224355 15.876101 0.027874
v 0.188025 15.829201 -0.065551
v 0.171015 15.768801 -0.160693
v 0.163875 15.699400 -0.263107
v 0.160200 15.614000 -0.360976
v 0.156420 15.509300 -0.440564
v 0.155895 15.392401 -0.502275
v 0.155685 15.262200 -0.550957
v 0.152955 15.122800 -0.579237
v 0.150540 14.975900 -0.577520
v 0.152220 14.821100 -0.548129
v 0.154845 14.659700 -0.474601
v 0.152115 14.528900 -0.367036
v 0.142350 14.395000 -0.264218
v 0.127125 14.199800 -0.205537
v 0.122085 14.044200 -0.192912
v 0.383115 15.883400 0.164628
v 0.344895 15.885799 0.085848
v 0.307935 15.850599 -0.003234
v 0.278115 15.800400 -0.088983
v 0.262155 15.741100 -0.180792
v 0.254805 15.673500 -0.278560
v 0.249555 15.588301 -0.370470
v 0.243675 15.484301 -0.445917
v 0.243885 15.368999 -0.505608
v 0.241785 15.246800 -0.549038
v 0.236010 15.119000 -0.582368
v 0.232965 14.977100 -0.584691
v 0.231705 14.826301 -0.553280
v 0.228240 14.665500 -0.483186
v 0.216270 14.535700 -0.373298
v 0.205665 14.413500 -0.255734
v 0.188760 14.218700 -0.180792
v 0.182985 14.059401 -0.160289
v 0.424380 15.877399 0.136348
v 0.407895 15.857599 0.066254
v 0.391200 15.827200 -0.017677
v 0.377865 15.774500 -0.101204
v 0.366420 15.715601 -0.187256
v 0.362955 15.646601 -0.281893
v 0.359700 15.555300 -0.368854
v 0.358965 15.458799 -0.451573
v 0.352455 15.338600 -0.501871
v 0.348885 15.225300 -0.539746
v 0.344265 15.102100 -0.567420
v 0.354240 14.962100 -0.561865
v 0.341850 14.819300 -0.525000
v 0.326730 14.670600 -0.456724
v 0.293445 14.545600 -0.363400
v 0.275385 14.434000 -0.242099
v 0.254700 14.234700 -0.156956
v 0.248925 14.075500 -0.138372
v 0.487695 15.729900 0.856377
v 0.508695 15.751699 0.782142
v 0.527280 15.777700 0.689424
v 0.541770 15.785801 0.599332
v 0.553425 15.791800 0.519037
v 0.558675 15.794500 0.440358
v 0.552900 15.805099 0.360366
v 0.545970 15.815901 0.279869
v 0.541770 15.815300 0.200382
v 0.079770 15.979500 0.470153
v 0.277800 15.928499 0.437227
v -0.001290 15.990101 0.451569
v 0.175005 15.958200 0.463588
v 0.375660 15.897301 0.385818
v 0.448845 15.871300 0.324915
v 0.504180 15.841700 0.283505
v 0.055830 15.978901 0.549640
v 0.274755 15.923700 0.509846
v -0.043395 15.995199 0.527117
v 0.166815 15.953701 0.533581
v 0.379860 15.888599 0.463588
v 0.464070 15.851101 0.415916
v 0.522135 15.825701 0.372789
v 0.033570 15.983500 0.641146
v 0.272025 15.921801 0.582869
v -0.084765 16.000500 0.623370
v 0.155685 15.950800 0.612260
v 0.375240 15.888201 0.539439
v 0.464910 15.843700 0.496615
v 0.527805 15.812500 0.459245
v 0.024435 15.978399 0.739924
v 0.266355 15.917299 0.658518
v -0.104295 16.006901 0.744368
v 0.151170 15.942101 0.698312
v 0.374820 15.886900 0.622057
v 0.453465 15.835001 0.575395
v 0.519720 15.806299 0.538328
v 0.020130 15.959499 0.843146
v 0.260685 15.898901 0.743661
v -0.115635 15.978001 0.869103
v 0.149490 15.925100 0.789212
v 0.359595 15.873899 0.701443
v 0.442755 15.825701 0.655185
v 0.509010 15.799500 0.618219
v 0.013515 15.935600 0.958892
v 0.255540 15.876900 0.837591
v -0.128025 15.933001 1.000605
v 0.149280 15.905201 0.891525
v 0.350985 15.857901 0.792141
v 0.432150 15.814800 0.745681
v 0.493365 15.787500 0.707402
v 0.021600 15.867701 1.096757
v 0.252495 15.851801 0.936470
v -0.126450 15.859699 1.154024
v 0.152745 15.860001 1.009796
v 0.342480 15.837200 0.884657
v 0.417870 15.795500 0.835773
v 0.474255 15.762199 0.796181
v 0.044910 15.785299 1.224522
v 0.256170 15.819799 1.024744
v -0.092640 15.756201 1.295828
v 0.166395 15.811201 1.123219
v 0.336075 15.811701 0.959397
v 0.405900 15.776600 0.908291
v 0.455355 15.740601 0.867285
v 0.085545 15.721901 1.317846
v 0.270030 15.778500 1.093828
v -0.031005 15.667000 1.397535
v 0.196950 15.752600 1.200787
v 0.338385 15.786800 1.015957
v 0.397710 15.758101 0.957478
v 0.440235 15.722401 0.914654
v 0.150855 15.656799 1.382284
v 0.300165 15.740299 1.142712
v 0.039975 15.592100 1.472780
v 0.238635 15.709000 1.256539
v 0.355500 15.758301 1.053731
v 0.398655 15.739300 0.989091
v 0.433095 15.710199 0.944247
v 0.211965 15.601700 1.423189
v 0.339645 15.706600 1.175739
v 0.122610 15.492100 1.527926
v 0.291765 15.674700 1.300272
v 0.380175 15.730000 1.077062
v 0.405060 15.716400 1.004443
v 0.429630 15.699600 0.961417
v 0.319275 15.517300 1.476012
v 0.390255 15.662300 1.211392
v 0.206190 15.370001 1.568831
v 0.364005 15.611200 1.322391
v 0.405060 15.685400 1.082516
v 0.413985 15.689501 1.007271
v 0.444855 15.693001 0.961922
v -0.069645 15.995300 0.397837
v -0.127710 15.995100 0.476314
v -0.176745 15.996401 0.589232
v -0.205830 15.992300 0.725178
v -0.218745 15.964201 0.863043
v -0.241635 15.921700 1.014341
v -0.233970 15.823299 1.173921
v -0.149550 15.990499 0.318451
v -0.218535 15.991699 0.409452
v -0.272925 15.984800 0.531460
v -0.295290 15.968800 0.675385
v -0.314925 15.948200 0.826683
v -0.333090 15.884001 0.999191
v -0.333090 15.777401 1.179072
v -0.232815 15.970100 0.224925
v -0.314505 15.971001 0.331783
v -0.368895 15.953800 0.466517
v -0.398715 15.938200 0.618522
v -0.424230 15.909300 0.784768
v -0.436620 15.837299 0.973133
v -0.437565 15.726000 1.169982
v -0.283215 15.930599 0.125238
v -0.381180 15.946800 0.235934
v -0.455100 15.927299 0.385414
v -0.506025 15.897301 0.550852
v -0.530280 15.856199 0.733662
v -0.546765 15.782801 0.940005
v -0.545925 15.669399 1.138773
v -0.310725 15.878000 0.011310
v -0.417195 15.903900 0.099685
v -0.521775 15.900200 0.277748
v -0.585195 15.858999 0.469547
v -0.626565 15.801800 0.675385
v -0.636750 15.714701 0.880516
v -0.635070 15.607201 1.100191
v -0.323325 15.815201 -0.109385
v -0.435465 15.843300 -0.020909
v -0.556005 15.865900 0.136045
v -0.648510 15.832800 0.368850
v -0.705210 15.743299 0.602665
v -0.710355 15.651800 0.831632
v -0.702375 15.537901 1.051610
v -0.332460 15.730400 -0.221394
v -0.450795 15.761200 -0.129080
v -0.583935 15.790001 0.010704
v -0.711615 15.772301 0.244519
v -0.772830 15.695000 0.509341
v -0.784485 15.599300 0.763457
v -0.777975 15.485701 0.995757
v -0.341070 15.630501 -0.311991
v -0.462345 15.666300 -0.218162
v -0.611655 15.703899 -0.088882
v -0.738600 15.707399 0.125238
v -0.828795 15.641500 0.398746
v -0.851895 15.550200 0.669729
v -0.842970 15.424700 0.901827
v -0.351255 15.519501 -0.388751
v -0.474735 15.547300 -0.289367
v -0.616380 15.587400 -0.186953
v -0.759600 15.615101 0.011310
v -0.867120 15.543699 0.268759
v -0.910170 15.464701 0.536611
v -0.903765 15.371700 0.778405
v -0.358080 15.371799 -0.455916
v -0.475785 15.403900 -0.352088
v -0.626460 15.439100 -0.247957
v -0.773775 15.476400 -0.098275
v -0.886650 15.437601 0.149377
v -0.933690 15.375999 0.391070
v -0.943035 15.285100 0.610442
v -0.336870 15.204000 -0.471066
v -0.463815 15.234100 -0.381277
v -0.609345 15.265300 -0.289973
v -0.760545 15.301400 -0.142513
v -0.873735 15.287601 0.043933
v -0.928650 15.258200 0.249266
v -0.951330 15.196700 0.448943
v -0.298020 15.028900 -0.459249
v -0.426225 15.043700 -0.382691
v -0.567135 15.075400 -0.296134
v -0.708045 15.097900 -0.173823
v -0.821865 15.132401 -0.027373
v -0.899460 15.129700 0.144024
v -0.927180 15.098001 0.306230
v -0.199635 15.712801 1.334208
v -0.137265 15.607599 1.457428
v -0.059670 15.500200 1.531562
v 0.028005 15.378000 1.584688
v 0.105180 15.272300 1.597616
v -0.300225 15.663401 1.353802
v -0.237120 15.547701 1.478032
v -0.147450 15.418501 1.555903
v -0.057150 15.314600 1.593879
v 0.010995 15.190600 1.603474
v -0.401865 15.604900 1.338147
v -0.333930 15.487000 1.470154
v -0.237645 15.368000 1.549035
v -0.151965 15.263801 1.587819
v -0.065655 15.140700 1.581254
v -0.500565 15.537800 1.304817
v -0.435465 15.428900 1.448742
v -0.336870 15.327800 1.521260
v -0.246675 15.228400 1.554994
v -0.154800 15.107901 1.551257
v -0.592335 15.473101 1.277042
v -0.525975 15.374701 1.413998
v -0.434100 15.287400 1.479244
v -0.336555 15.183600 1.514493
v -0.252135 15.075601 1.517220
v -0.658380 15.418501 1.221795
v -0.604725 15.326800 1.351277
v -0.518415 15.245600 1.424704
v -0.425805 15.139000 1.467124
v -0.346005 15.026800 1.475709
v -0.735660 15.368200 1.168568
v -0.675390 15.279201 1.274416
v -0.607140 15.200100 1.355014
v -0.519360 15.097000 1.411675
v -0.443760 14.976900 1.428037
v -0.808530 15.309300 1.074234
v -0.752775 15.227100 1.183617
v -0.697965 15.151500 1.267447
v -0.619005 15.048000 1.330067
v -0.543510 14.943800 1.349762
v -0.866175 15.255200 0.955357
v -0.831945 15.170200 1.069790
v -0.782910 15.102400 1.159478
v -0.731775 15.027300 1.229673
v -0.665520 14.921900 1.276133
v -0.916995 15.197300 0.781132
v -0.889590 15.115601 0.912331
v -0.853995 15.048100 0.989495
v -0.809790 14.979700 1.043429
v -0.766845 14.904300 1.060498
v -0.935370 15.126600 0.595090
v -0.912270 15.062100 0.701948
v -0.889695 14.989201 0.774870
v -0.856935 14.922200 0.813553
v -0.809265 14.858900 0.828905
v -0.931065 15.061600 0.433288
v -0.911640 15.013801 0.511462
v -0.897360 14.972000 0.567113
v -0.880245 14.935500 0.600746
v -0.853680 14.896200 0.619431
v -0.877725 14.993500 0.208967
v -0.883710 14.995900 0.283606
v -0.887070 14.976900 0.335722
v -0.884550 14.958500 0.374001
v -0.871635 14.932800 0.398443
v -0.862185 14.917600 0.413088
v -0.811785 14.863400 0.122410
v -0.817350 14.854100 0.180283
v -0.816300 14.856400 0.208058
v -0.818085 14.853400 0.235631
v -0.812100 14.848300 0.257548
v -0.811575 14.842700 0.270274
v 0.370515 15.299300 1.368346
v 0.421230 15.528299 1.175638
v 0.297120 15.167200 1.442076
v 0.411570 15.439400 1.272396
v 0.453885 15.593401 1.083728
v 0.476670 15.636101 1.027774
v 0.497565 15.658899 0.983536
v 0.228030 15.063300 1.485506
v 0.151485 14.996100 1.470558
v 0.067170 14.937800 1.459953
v -0.023445 14.889800 1.438945
v -0.097260 14.839700 1.429047
v -0.231135 14.829500 1.466114
v -0.346110 14.795500 1.404605
v -0.467490 14.755600 1.284314
v -0.562620 14.740700 1.171396
v -0.665835 14.746000 1.003837
v -0.741855 14.779800 0.820219
v -0.796560 14.850801 0.623875
v -0.821760 14.888801 0.427935
v -0.811260 14.829101 0.290979
v -0.250980 14.854400 -0.429959
v -0.371835 14.865000 -0.366329
v -0.503190 14.896800 -0.284418
v -0.645885 14.937400 -0.185741
v -0.767160 14.980100 -0.064541
v -0.840765 15.002100 0.073223
v -0.213390 14.682700 -0.382186
v -0.320490 14.693800 -0.335524
v -0.443865 14.737101 -0.261794
v -0.577320 14.789900 -0.178267
v -0.693555 14.832500 -0.073025
v -0.778605 14.856100 0.039994
v -0.725895 14.718500 0.105442
v -0.737970 14.724800 0.160790
v -0.744690 14.724500 0.196847
v -0.746580 14.719400 0.213310
v -0.746265 14.712800 0.224824
v -0.746160 14.707601 0.234520
v -0.739440 14.689800 0.259164
v -0.183465 14.543200 -0.314718
v -0.282690 14.561200 -0.271086
v -0.400815 14.584500 -0.214223
v -0.519990 14.624200 -0.140594
v -0.617010 14.664701 -0.050300
v -0.688305 14.701000 0.035348
v -0.651345 14.509501 0.183919
v -0.665730 14.514800 0.247246
v -0.671820 14.523800 0.280475
v -0.674970 14.524600 0.297443
v -0.676125 14.524301 0.307644
v -0.673290 14.519800 0.313199
v -0.674235 14.522300 0.325420
v -0.179370 14.396400 -0.222101
v -0.270510 14.416800 -0.175338
v -0.373935 14.442000 -0.112819
v -0.473265 14.463201 -0.039695
v -0.553380 14.480700 0.031409
v -0.606825 14.503100 0.108775
v -0.557475 14.234100 0.291484
v -0.578475 14.261100 0.348448
v -0.594015 14.293200 0.390363
v -0.600420 14.312500 0.418542
v -0.604515 14.324100 0.434197
v -0.608505 14.335200 0.445307
v -0.614175 14.357201 0.450054
v -0.177900 14.165900 -0.188266
v -0.269040 14.168800 -0.136958
v -0.365745 14.188100 -0.050906
v -0.453420 14.191300 0.039893
v -0.514635 14.188200 0.140893
v -0.543195 14.201500 0.228763
v -0.528285 14.020801 0.381879
v -0.531015 14.067200 0.430157
v -0.538575 14.111100 0.458235
v -0.548130 14.144000 0.480758
v -0.552855 14.163600 0.486818
v -0.561465 14.185801 0.498837
v -0.588345 14.258600 0.503079
v -0.178005 14.017000 -0.185539
v -0.272715 14.009000 -0.136251
v -0.374670 13.997800 -0.037574
v -0.462135 13.971601 0.087060
v -0.507285 13.949200 0.205432
v -0.524400 13.951100 0.317744
v 0.148965 15.142100 1.580648
v 0.279795 15.272100 1.559943
v 0.441495 15.666201 1.012927
v 0.463545 15.681400 0.968386
v 0.421230 15.642099 1.086354
v 0.373035 15.409500 1.480355
v 0.421755 15.543800 1.300878
v 0.423960 15.595800 1.179678
v -0.710355 14.790300 1.027370
v -0.615540 14.805600 1.216846
v -0.509805 14.824800 1.317543
v -0.382650 14.857700 1.421876
v -0.286155 14.893400 1.462377
v -0.181995 14.941200 1.499545
v -0.078465 14.995000 1.527219
v -0.004650 15.035900 1.548126
v 0.071475 15.081901 1.566912
v -0.813990 14.836900 0.276536
v -0.835305 14.894500 0.418542
v -0.815145 14.860400 0.617613
v -0.769995 14.804100 0.826986
v -0.745845 14.701400 0.246034
v -0.673920 14.521400 0.319764
v -0.610920 14.344800 0.451670
v -0.571755 14.212800 0.504493
v 0.470265 15.712601 0.904352
v 0.458505 15.701700 0.934551
v 0.509850 15.717300 0.857589
v 0.540930 15.739000 0.776082
v 0.554475 15.770599 0.669426
v 0.566550 15.774900 0.574890
v 0.577785 15.778200 0.489747
v 0.579675 15.783100 0.415512
v 0.571170 15.792101 0.360467
v 0.578205 15.789801 0.303301
v 0.588915 15.780300 0.236641
v 0.490950 15.701300 0.906776
v 0.478350 15.690901 0.938288
v 0.791355 15.257800 0.540853
v 0.766995 15.290500 0.609735
v 0.704205 15.349899 0.768103
v 0.591960 15.729700 0.706897
v 0.597525 15.752399 0.611856
v 0.605715 15.757101 0.516512
v 0.610020 15.761101 0.426420
v 0.601200 15.770500 0.354104
v 0.621465 15.757000 0.287242
v 0.737490 15.322900 0.686798
v 0.511215 15.667900 0.950509
v 0.479715 15.830299 0.084030
v 0.482235 15.794399 -0.000507
v 0.488850 15.748001 -0.086155
v 0.490215 15.684700 -0.169076
v 0.487170 15.602900 -0.252704
v 0.478665 15.514000 -0.337645
v 0.478560 15.416599 -0.422182
v 0.474990 15.302100 -0.474399
v 0.478770 15.186501 -0.502881
v 0.466380 15.068501 -0.511870
v 0.452940 14.949500 -0.498841
v 0.431520 14.822300 -0.458542
v 0.406425 14.686800 -0.396427
v 0.380280 14.567900 -0.322091
v 0.350040 14.453700 -0.214728
v 0.324315 14.251200 -0.127767
v 0.319905 14.085900 -0.113930
v 0.654540 15.710600 0.177051
v 0.565395 15.762300 0.046660
v 0.583560 15.715601 -0.033332
v 0.588285 15.652201 -0.114435
v 0.584085 15.568300 -0.196750
v 0.578310 15.476101 -0.280277
v 0.576210 15.388401 -0.361380
v 0.573585 15.270500 -0.410365
v 0.569280 15.153300 -0.437534
v 0.555945 15.042300 -0.434908
v 0.532215 14.930700 -0.414708
v 0.500400 14.815200 -0.375116
v 0.467115 14.689500 -0.323101
v 0.443700 14.578100 -0.269571
v 0.417135 14.466500 -0.173621
v 0.387000 14.269700 -0.086862
v 0.386790 14.100400 -0.072116
v 0.682260 15.673000 0.108977
v 0.701580 15.630100 0.021915
v 0.705675 15.552900 -0.068379
v 0.703155 15.455400 -0.149785
v 0.706515 15.353800 -0.219374
v 0.698745 15.242600 -0.262602
v 0.688560 15.128700 -0.284620
v 0.670080 15.022500 -0.288660
v 0.641310 14.912700 -0.266137
v 0.608130 14.804000 -0.237150
v 0.579150 14.692700 -0.206143
v 0.551640 14.591701 -0.150694
v 0.526125 14.482100 -0.068985
v 0.491685 14.292200 0.012825
v 0.493995 14.129500 0.031510
v 0.549750 15.797400 0.121905
v 0.445065 14.287400 -0.036665
v 0.449475 14.127400 -0.020606
v 0.477300 14.475900 -0.123525
v 0.502815 14.584100 -0.209577
v 0.524340 14.690300 -0.261390
v 0.555315 14.807100 -0.301386
v 0.591435 14.919500 -0.340372
v 0.619470 15.028400 -0.362491
v 0.638370 15.139700 -0.365622
v 0.648135 15.253201 -0.340271
v 0.654120 15.368700 -0.291286
v 0.651390 15.460600 -0.215738
v 0.657375 15.553499 -0.133524
v 0.656115 15.640900 -0.050199
v 0.645510 15.697500 0.034439
v 0.625140 15.738001 0.109886
v 0.607500 15.764400 0.174425
v 0.637320 15.734501 0.232197
v 0.634800 15.739201 0.358043
v 0.675330 15.686800 0.245226
v 0.696855 15.658501 0.176647
v 0.715545 15.615400 0.093625
v 0.656640 15.711500 0.300069
v 0.636270 15.726700 0.445711
v 0.687405 15.670401 0.319158
v 0.710715 15.637300 0.249367
v 0.730455 15.596500 0.166042
v 0.663255 15.698801 0.381071
v 0.631125 15.719999 0.540550
v 0.694545 15.655901 0.398746
v 0.718905 15.618799 0.323097
v 0.741585 15.570801 0.240681
v 0.665040 15.685101 0.469547
v 0.563295 15.615000 0.971113
v 0.684885 15.372301 0.832743
v 0.676275 15.389999 0.877183
v 0.668610 15.405500 0.912129
v 0.551430 15.605400 1.007069
v 0.530850 15.584400 1.045045
v 0.660945 15.414301 0.941621
v 0.630285 15.704000 0.633773
v 0.504600 15.547400 1.095949
v 0.477300 15.507299 1.147661
v 0.703680 15.635099 0.476819
v 0.726465 15.596500 0.392787
v 0.749145 15.547400 0.308654
v 0.666090 15.670401 0.558225
v 0.607920 15.527700 0.989596
v 0.523605 15.676600 0.920815
v 0.541350 15.688000 0.880415
v 0.572430 15.687700 0.825067
v 0.594270 15.521601 1.013129
v 0.575475 15.505301 1.046762
v 0.604875 15.679800 0.764265
v 0.642780 15.659100 0.704675
v 0.547230 15.479401 1.089485
v 0.529695 15.455400 1.118169
v 0.709980 15.588900 0.542368
v 0.739275 15.549601 0.457326
v 0.764055 15.504000 0.374304
v 0.684465 15.627399 0.633470
v 0.736020 15.553301 -0.000002
v 0.755235 15.538500 0.075647
v 0.769830 15.509399 0.150084
v 0.775500 15.484501 0.218057
v 0.787365 15.438499 0.286333
v 0.743055 15.452700 -0.082620
v 0.772245 15.442400 -0.010708
v 0.784425 15.427999 0.065850
v 0.795870 15.401899 0.133318
v 0.810675 15.364300 0.200988
v 0.742110 15.344801 -0.145543
v 0.769935 15.337200 -0.071510
v 0.792720 15.327100 -0.002022
v 0.805950 15.309100 0.063022
v 0.819705 15.277300 0.130995
v 0.731400 15.236300 -0.181398
v 0.758700 15.230300 -0.107567
v 0.788520 15.220500 -0.047876
v 0.810885 15.206400 0.015754
v 0.823065 15.177700 0.080899
v 0.725730 15.121500 -0.200790
v 0.755865 15.118900 -0.130999
v 0.785055 15.112200 -0.070702
v 0.804690 15.101700 -0.015051
v 0.816555 15.076800 0.053225
v 0.711240 15.016300 -0.206042
v 0.746310 15.015700 -0.140594
v 0.775710 15.010600 -0.081206
v 0.795870 15.001000 -0.026161
v 0.808575 14.979700 0.040499
v 0.688035 14.912700 -0.198972
v 0.728355 14.912400 -0.134534
v 0.759435 14.906100 -0.073732
v 0.779490 14.895900 -0.014041
v 0.794505 14.878500 0.050397
v 0.658110 14.807900 -0.177560
v 0.701055 14.810101 -0.117061
v 0.733395 14.805000 -0.053431
v 0.753345 14.798000 0.009492
v 0.766890 14.784500 0.072112
v 0.623460 14.701500 -0.145139
v 0.659895 14.706901 -0.084034
v 0.691395 14.705300 -0.017273
v 0.711765 14.697001 0.047165
v 0.724155 14.674100 0.113926
v 0.588915 14.600900 -0.094942
v 0.621255 14.606800 -0.034544
v 0.650865 14.603200 0.032924
v 0.671970 14.590000 0.098877
v 0.688140 14.566700 0.162507
v 0.560985 14.486800 -0.015455
v 0.590595 14.485300 0.040095
v 0.613275 14.480000 0.099887
v 0.630600 14.470201 0.155336
v 0.643305 14.457400 0.208765
v 0.526230 14.301100 0.062517
v 0.551850 14.300500 0.120491
v 0.572010 14.292800 0.173516
v 0.583245 14.283401 0.219370
v 0.589860 14.274100 0.261083
v 0.514155 14.150701 0.085646
v 0.538410 14.169100 0.160285
v 0.564240 14.165000 0.215633
v 0.575895 14.164100 0.252599
v 0.577260 14.158700 0.290373
v 0.811515 15.210300 0.471264
v 0.820125 15.151000 0.404402
v 0.838605 15.086600 0.356932
v 0.839655 15.026200 0.318249
v 0.833775 14.968300 0.278455
v 0.826215 14.905100 0.240580
v 0.802065 14.841701 0.201998
v 0.777915 14.926300 0.516209
v 0.773610 14.913800 0.544893
v 0.762795 14.886400 0.597918
v 0.768045 14.898500 0.570648
v 0.762060 14.882600 0.622461
v 0.758280 14.877900 0.636298
v 0.754605 14.873200 0.648822
v 0.751560 14.866301 0.658619
v 0.779805 14.931300 0.474193
v 0.779385 14.923400 0.438944
v 0.780960 14.917900 0.407735
v 0.786525 14.906900 0.377637
v 0.791355 14.893701 0.362083
v 0.800175 14.846500 0.328450
v 0.793035 14.787400 0.303200
v 0.826635 15.042600 0.133823
v 0.804795 14.865100 0.108270
v 0.832200 15.130600 0.165941
v 0.818655 14.955300 0.111199
v 0.832305 15.218500 0.213007
v 0.820020 15.300100 0.276536
v 0.804690 15.372000 0.358750
v 0.781380 15.424400 0.443994
v 0.584505 15.614901 0.904352
v 0.606135 15.609800 0.859104
v 0.664305 15.572800 0.767194
v 0.688770 15.545601 0.696090
v 0.722160 15.510000 0.608624
v 0.755970 15.468599 0.523279
v 0.635010 15.600500 0.816785
v 0.807000 14.850101 0.161901
v 0.641940 15.512899 0.901423
v 0.693075 15.452101 0.749822
v 0.728670 15.413900 0.659528
v 0.761745 15.377501 0.579132
v 0.654120 15.497200 0.861528
v 0.826845 15.005600 0.214320
v 0.829575 15.079300 0.249872
v 0.819495 14.931100 0.181192
v 0.829260 15.151000 0.293100
v 0.824535 15.221200 0.353599
v 0.811410 15.285501 0.426420
v 0.792405 15.339800 0.503685
v 0.631650 15.523901 0.936874
v 0.670710 15.474800 0.813250
v 0.571590 15.616199 0.941621
v 0.620625 15.525400 0.970507
v 0.784215 14.984800 0.567719
v 0.780960 15.099600 0.586000
v 0.773925 15.205000 0.609129
v 0.793665 15.173000 0.547115
v 0.795975 15.071500 0.536106
v 0.788205 14.975600 0.525905
v 0.790095 14.956100 0.392787
v 0.813825 14.982901 0.392181
v 0.798390 15.035200 0.379859
v 0.801330 14.993900 0.342186
v 0.810045 14.953700 0.358851
v 0.790200 14.923000 0.371577
v 0.768255 15.000300 0.612765
v 0.761640 15.122500 0.648115
v 0.749460 15.228601 0.677708
v 0.755025 15.002300 0.653367
v 0.741060 15.144401 0.715482
v 0.722580 15.250000 0.753256
v 0.746100 15.001200 0.681849
v 0.725730 15.156700 0.765881
v 0.703575 15.267400 0.813351
v 0.734970 14.996100 0.716593
v 0.708720 15.170900 0.829814
v 0.685200 15.289400 0.884657
v 0.691395 15.280400 0.852640
v 0.716175 15.164600 0.800928
v 0.740535 14.996300 0.698716
v 0.789150 14.963901 0.481869
v 0.804060 15.040600 0.484697
v 0.776655 15.130000 0.477627
v 0.786000 15.081800 0.422683
v 0.809205 15.007900 0.435207
v 0.787575 14.953100 0.438136
v 0.792615 14.946900 0.305725
v 0.806370 14.930700 0.316229
v 0.792615 14.896800 0.352993
v 0.729195 14.997601 0.734773
v 0.700530 15.170100 0.856074
v 0.678795 15.292200 0.915462
v 0.778545 14.895101 0.274415
v 0.803745 14.884900 0.287848
v 0.802800 14.859000 0.317542
v 0.772980 14.838700 0.228965
v 0.798600 14.808500 0.268658
v 0.795135 14.795800 0.291989
v 0.640050 15.414499 0.984748
v 0.627765 15.409901 1.006766
v 0.609705 15.399099 1.039793
v 0.589440 15.382200 1.076759
v 0.649815 15.414900 0.967073
v 0.664200 15.290401 0.952428
v 0.655380 15.287400 0.975153
v 0.642360 15.277600 1.010806
v 0.631020 15.264600 1.046358
v 0.671340 15.291500 0.933945
v 0.690555 15.164400 0.887485
v 0.685200 15.158200 0.905463
v 0.673755 15.151100 0.942833
v 0.664305 15.143701 0.974345
v 0.695280 15.166900 0.873042
v 0.720375 14.996201 0.762750
v 0.715125 14.995100 0.779920
v 0.710085 14.987101 0.795777
v 0.703260 14.984500 0.819310
v 0.724680 14.995800 0.748913
v 0.745890 14.861100 0.675183
v 0.743370 14.858400 0.682859
v 0.740535 14.854600 0.691141
v 0.736965 14.852800 0.700736
v 0.748410 14.863501 0.667608
v 0.581355 15.369801 1.097767
v 0.625980 15.257500 1.060498
v 0.660525 15.142200 0.986364
v 0.699795 14.987400 0.830925
v 0.731505 14.863501 0.713866
v 0.776550 14.746500 0.202806
v 0.771405 14.709600 0.281586
v 0.775185 14.773700 0.124430
v 0.775815 14.757700 0.170688
v 0.777915 14.739201 0.221592
v 0.771615 14.728700 0.236237
v 0.774240 14.715500 0.267850
v 0.729930 14.640100 0.230985
v 0.731610 14.621901 0.311280
v 0.729405 14.655100 0.166749
v 0.729195 14.645101 0.205937
v 0.732030 14.633101 0.254922
v 0.732450 14.626500 0.280778
v 0.731190 14.622800 0.299564
v 0.693915 14.543000 0.272193
v 0.700110 14.519500 0.342388
v 0.694335 14.552200 0.211391
v 0.693390 14.546700 0.247852
v 0.695700 14.536201 0.295928
v 0.698115 14.527500 0.318956
v 0.698850 14.521000 0.334813
v 0.654015 14.433300 0.306836
v 0.665355 14.422800 0.367133
v 0.651285 14.448000 0.249064
v 0.651600 14.439500 0.281485
v 0.657585 14.431000 0.328349
v 0.661155 14.426600 0.346529
v 0.664095 14.424100 0.361073
v 0.606765 14.272201 0.340267
v 0.630495 14.282300 0.386323
v 0.594060 14.267900 0.293100
v 0.600360 14.269200 0.318956
v 0.611490 14.277200 0.354003
v 0.620310 14.277400 0.371375
v 0.626715 14.278700 0.382182
v 0.585450 14.164500 0.356225
v 0.605400 14.192101 0.396625
v 0.580830 14.153501 0.319562
v 0.581670 14.159300 0.341883
v 0.591225 14.166101 0.376829
v 0.600570 14.168400 0.390060
v 0.603405 14.176300 0.392989
v -0.142410 14.756200 -0.442180
v -0.067440 14.749600 -0.465006
v 0.005535 14.743300 -0.485812
v 0.080295 14.739300 -0.504901
v 0.154110 14.736500 -0.517021
v 0.231075 14.743700 -0.522172
v 0.336495 14.743500 -0.491670
v -0.850740 14.921500 0.168163
v -0.852945 14.923400 0.228864
v -0.852945 14.909500 0.323501
v -0.851475 14.904901 0.339156
v -0.856725 14.920000 0.297948
v -0.857460 14.927800 0.266537
v -0.826695 14.888400 0.364406
v -0.733350 14.902400 -0.069187
v -0.818295 14.925400 0.050599
v -0.611865 14.863700 -0.182307
v -0.473265 14.818501 -0.271793
v -0.343800 14.779201 -0.355825
v -0.231555 14.765901 -0.409052
v -0.849585 14.899400 0.352084
v 0.419340 14.753400 -0.427434
v 0.482865 14.752200 -0.348452
v 0.593535 14.748301 -0.221495
v 0.538410 14.747400 -0.278560
v 0.746730 14.729200 0.094029
v 0.734235 14.748400 0.027874
v 0.715545 14.755100 -0.035554
v 0.682050 14.757600 -0.101507
v 0.641310 14.755500 -0.161905
v 0.749040 14.669100 0.282697
v 0.751140 14.676701 0.263002
v 0.752400 14.686300 0.238156
v 0.752505 14.692600 0.216845
v 0.752190 14.698600 0.190181
v 0.752820 14.715000 0.145842
v 0.748830 14.665600 0.294514
v -0.119205 14.598001 -0.368248
v -0.054630 14.591800 -0.378449
v 0.014880 14.588901 -0.397235
v 0.086070 14.586600 -0.408244
v 0.153690 14.586300 -0.416728
v 0.222885 14.594200 -0.427131
v 0.315390 14.604600 -0.410163
v -0.732090 14.783000 0.038681
v -0.766005 14.792300 0.119582
v -0.657750 14.751500 -0.061208
v -0.545610 14.705000 -0.161602
v -0.423705 14.655300 -0.241493
v -0.299910 14.625100 -0.303002
v -0.199215 14.608500 -0.348452
v -0.773880 14.767700 0.239368
v -0.770100 14.760900 0.268254
v -0.775350 14.789800 0.171799
v -0.780285 14.771800 0.238459
v -0.782175 14.779500 0.223915
v -0.781020 14.787900 0.204624
v -0.772410 14.768001 0.254619
v 0.393930 14.625900 -0.357946
v 0.454725 14.632700 -0.296942
v 0.565710 14.641601 -0.178570
v 0.513105 14.636600 -0.235231
v 0.704205 14.619801 0.138368
v 0.690450 14.644100 0.073021
v 0.670605 14.654600 0.006563
v 0.639735 14.656200 -0.060501
v 0.605505 14.650300 -0.121606
v 0.713445 14.572900 0.317845
v 0.713235 14.577300 0.300372
v 0.711975 14.584600 0.276435
v 0.711660 14.588600 0.252296
v 0.711345 14.591400 0.229369
v 0.711870 14.600500 0.189777
v 0.713865 14.571500 0.326834
v -0.108600 14.462400 -0.297144
v -0.045810 14.453200 -0.309668
v 0.019080 14.452200 -0.319364
v 0.084915 14.456901 -0.319970
v 0.148965 14.467401 -0.318758
v 0.213750 14.481200 -0.315021
v 0.286515 14.496901 -0.301083
v -0.646410 14.600300 0.061810
v -0.685890 14.610500 0.136146
v -0.581835 14.572400 -0.016566
v -0.495525 14.545900 -0.095144
v -0.387690 14.518400 -0.166349
v -0.278070 14.496400 -0.224222
v -0.183675 14.477100 -0.270783
v -0.703530 14.611000 0.264012
v -0.704055 14.608900 0.282899
v -0.699225 14.611900 0.203614
v -0.703845 14.612000 0.257548
v -0.707625 14.619400 0.249266
v -0.704370 14.619200 0.234116
v -0.703530 14.609900 0.272294
v 0.364845 14.513500 -0.269571
v 0.431520 14.524301 -0.225939
v 0.539670 14.541300 -0.113425
v 0.491790 14.532900 -0.170692
v 0.668610 14.515400 0.187858
v 0.649815 14.530900 0.131197
v 0.631125 14.543301 0.067971
v 0.604560 14.548400 0.002624
v 0.575055 14.547600 -0.057673
v 0.683310 14.473600 0.346327
v 0.681315 14.480300 0.332793
v 0.679005 14.485100 0.314007
v 0.677325 14.492400 0.291787
v 0.676590 14.499300 0.265830
v 0.676590 14.504500 0.231692
v 0.684045 14.471400 0.353397
v -0.099780 14.288900 -0.213314
v -0.039510 14.283100 -0.228868
v 0.017715 14.280200 -0.235332
v 0.075255 14.291101 -0.227252
v 0.133215 14.307500 -0.214324
v 0.194850 14.328100 -0.199679
v 0.262155 14.348400 -0.186347
v -0.582255 14.383801 0.164325
v -0.610815 14.396100 0.236944
v -0.535005 14.367001 0.088171
v -0.459720 14.351400 0.008280
v -0.363225 14.335100 -0.070601
v -0.262845 14.310000 -0.139887
v -0.172860 14.296500 -0.184226
v -0.642315 14.431400 0.377637
v -0.645675 14.440800 0.388343
v -0.626040 14.409500 0.294211
v -0.641370 14.431100 0.369557
v -0.638850 14.427900 0.358649
v -0.634545 14.422100 0.336530
v -0.643995 14.438500 0.384808
v 0.335130 14.372100 -0.160188
v 0.401910 14.389300 -0.120798
v 0.512160 14.406900 -0.023434
v 0.461550 14.400800 -0.074035
v 0.617790 14.380600 0.232702
v 0.610335 14.386200 0.187959
v 0.597945 14.403501 0.133419
v 0.577575 14.409700 0.080394
v 0.550485 14.412500 0.025551
v 0.645405 14.361900 0.366022
v 0.641100 14.363800 0.353296
v 0.635535 14.367200 0.335116
v 0.631020 14.368600 0.314815
v 0.626610 14.368300 0.294918
v 0.622515 14.369400 0.270072
v 0.648030 14.361700 0.371981
vn -0.0010 0.9206 -0.3904
vn -0.1884 -0.4594 -0.8680
vn 0.0552 0.9883 -0.1421
vn -0.2795 -0.2181 -0.9350
vn -0.1465 0.0209 -0.9890
vn -0.1882 0.5563 -0.8094
vn -0.2256 -0.0738 -0.9714
vn -0.0909 0.7986 -0.5950
vn -0.0139 0.9128 -0.4081
vn -0.2526 -0.4945 -0.8317
vn 0.0061 0.9465 -0.3226
vn -0.2792 -0.4233 -0.8619
vn -0.2004 -0.1298 -0.9711
vn -0.1591 0.2979 -0.9413
vn -0.1533 0.7169 -0.6801
vn -0.0415 0.8715 -0.4887
vn -0.2361 0.0249 -0.9714
vn 0.0466 0.5179 -0.8542
vn -0.0243 -0.0664 -0.9975
vn 0.0292 0.8071 -0.5896
vn 0.0319 0.9078 -0.4182
vn -0.1381 -0.4927 -0.8592
vn 0.0046 0.9338 -0.3579
vn -0.2696 -0.4475 -0.8526
vn -0.2141 -0.0937 -0.9723
vn -0.0018 0.2731 -0.9620
vn 0.0279 0.7054 -0.7083
vn 0.0293 0.8539 -0.5196
vn -0.0556 -0.0122 -0.9984
vn 0.0183 0.9142 -0.4050
vn -0.2050 -0.4891 -0.8478
vn 0.3394 0.9386 -0.0626
vn -0.2657 -0.1903 -0.9451
vn -0.1250 0.0396 -0.9914
vn 0.1515 -0.0746 -0.9856
vn 0.0940 0.7909 -0.6047
vn 0.0958 0.8803 -0.4646
vn 0.0760 -0.5235 -0.8486
vn 0.0178 0.9110 -0.4120
vn -0.2452 -0.4560 -0.8555
vn -0.2167 -0.0670 -0.9739
vn 0.0415 0.3064 -0.9510
vn 0.1132 0.6518 -0.7499
vn 0.1014 0.8404 -0.5323
vn 0.1317 -0.0397 -0.9905
vn 0.0540 0.8997 -0.4331
vn -0.0922 -0.5685 -0.8175
vn 0.2463 0.9457 0.2123
vn -0.2506 -0.1806 -0.9511
vn -0.1095 0.0992 -0.9890
vn 0.1205 0.4787 -0.8697
vn 0.0832 0.8505 -0.5193
vn 0.1569 -0.5766 -0.8018
vn 0.0827 0.8899 -0.4487
vn -0.1478 -0.4697 -0.8704
vn -0.1416 -0.0314 -0.9894
vn 0.0686 0.3405 -0.9377
vn 0.1313 0.6091 -0.7821
vn 0.1316 0.8285 -0.5443
vn 0.2855 -0.0652 -0.9562
vn 0.0679 0.8855 -0.4596
vn -0.0679 -0.6301 -0.7735
vn 0.3653 0.9207 0.1371
vn -0.1843 -0.1827 -0.9657
vn -0.0264 0.1673 -0.9856
vn 0.1052 0.4667 -0.8781
vn 0.3363 -0.0896 -0.9375
vn 0.1480 0.7576 -0.6358
vn 0.1366 0.8909 -0.4331
vn -0.0407 -0.4642 -0.8848
vn -0.0621 0.0033 -0.9981
vn 0.0685 0.3415 -0.9374
vn 0.1021 0.5902 -0.8008
vn 0.1290 0.8140 -0.5664
vn 0.3412 -0.1377 -0.9298
vn 0.1094 0.8565 -0.5045
vn -0.0199 -0.6653 -0.7464
vn 0.2730 0.9612 0.0405
vn -0.0668 -0.1948 -0.9786
vn 0.0185 0.2241 -0.9744
vn 0.0837 0.4616 -0.8831
vn 0.4462 -0.1088 -0.8883
vn 0.1183 0.7357 -0.6669
vn 0.1251 0.8254 -0.5505
vn 0.2293 -0.6282 -0.7435
vn 0.1614 -0.0073 -0.9869
vn 0.1338 0.3205 -0.9377
vn 0.1443 0.6099 -0.7792
vn 0.1705 0.7989 -0.5768
vn 0.3170 -0.2189 -0.9228
vn 0.1445 0.8288 -0.5406
vn 0.1938 -0.6648 -0.7215
vn 0.2242 0.9550 -0.1940
vn 0.1889 -0.2307 -0.9545
vn 0.1489 0.2277 -0.9623
vn 0.0969 0.4190 -0.9028
vn 0.3525 -0.1266 -0.9272
vn 0.1853 0.6951 -0.6947
vn 0.1530 0.8120 -0.5632
vn 0.3011 -0.6640 -0.6844
vn 0.2191 0.8879 -0.4046
vn 0.2512 -0.4422 -0.8610
vn 0.0910 0.9958 -0.0117
vn 0.3312 0.8723 -0.3597
vn 0.0573 0.8994 -0.4334
vn -0.0060 0.9239 -0.3825
vn 0.0012 0.9673 -0.2537
vn 0.2883 0.9483 -0.1324
vn 0.5274 0.8494 0.0173
vn 0.4400 0.8903 0.1177
vn 0.2044 0.9755 0.0812
vn 0.2891 0.9490 0.1258
vn 0.3612 0.9201 0.1513
vn 0.1103 0.9933 0.0341
vn 0.4856 0.8700 0.0853
vn 0.4327 0.8956 0.1036
vn 0.2278 0.9703 0.0820
vn 0.2902 0.9532 0.0850
vn 0.3446 0.9352 0.0813
vn 0.1405 0.9896 0.0312
vn 0.4705 0.8778 0.0899
vn 0.4493 0.8917 0.0552
vn 0.2480 0.9680 0.0390
vn 0.2661 0.9624 0.0548
vn 0.3249 0.9452 0.0306
vn 0.1514 0.9885 -0.0008
vn 0.4824 0.8645 0.1413
vn 0.5310 0.8424 0.0912
vn 0.2903 0.9524 0.0926
vn 0.2520 0.9631 0.0945
vn 0.3052 0.9512 0.0466
vn 0.1802 0.9835 0.0177
vn 0.4484 0.8813 0.1490
vn 0.5976 0.7749 0.2059
vn 0.3241 0.9284 0.1817
vn 0.2866 0.9369 0.2003
vn 0.3280 0.9194 0.2171
vn 0.1947 0.9572 0.2141
vn 0.4686 0.8651 0.1787
vn 0.5532 0.8135 0.1795
vn 0.3166 0.9280 0.1963
vn 0.3255 0.9228 0.2059
vn 0.3064 0.9276 0.2137
vn 0.1218 0.9537 0.2751
vn 0.5855 0.7542 0.2973
vn 0.5722 0.7833 0.2430
vn 0.3363 0.8670 0.3677
vn 0.3374 0.8958 0.2893
vn 0.2932 0.9256 0.2392
vn 0.1143 0.8954 0.4303
vn 0.6802 0.6542 0.3307
vn 0.5987 0.7431 0.2988
vn 0.2587 0.8646 0.4307
vn 0.2995 0.8943 0.3325
vn 0.3377 0.8858 0.3181
vn 0.1366 0.8288 0.5426
vn 0.7593 0.5260 0.3832
vn 0.6262 0.7084 0.3256
vn 0.2557 0.8340 0.4889
vn 0.3812 0.8137 0.4389
vn 0.3784 0.8381 0.3929
vn 0.0825 0.8054 0.5869
vn 0.8000 0.4988 0.3336
vn 0.6689 0.6836 0.2919
vn 0.2703 0.8214 0.5022
vn 0.3387 0.8399 0.4241
vn 0.3902 0.8201 0.4185
vn 0.0970 0.7487 0.6558
vn 0.8412 0.4129 0.3492
vn 0.7492 0.6235 0.2233
vn 0.2196 0.8039 0.5527
vn 0.3233 0.8674 0.3784
vn 0.4315 0.8091 0.3989
vn 0.1814 0.6338 0.7519
vn 0.7338 0.5664 0.3751
vn 0.8824 0.4374 0.1737
vn 0.3488 0.7246 0.5944
vn 0.4777 0.7706 0.4219
vn 0.6538 0.6943 0.3009
vn 0.1542 0.5230 0.8382
vn -0.1145 0.8696 0.4804
vn -0.1005 0.9540 0.2826
vn -0.1584 0.9678 0.1954
vn -0.0891 0.9957 -0.0258
vn -0.0071 0.9994 -0.0346
vn 0.0382 0.9992 -0.0069
vn -0.3723 0.7907 0.4859
vn -0.3305 0.9081 0.2573
vn -0.2642 0.9555 0.1312
vn -0.2040 0.9784 0.0328
vn -0.0741 0.9972 -0.0088
vn -0.0262 0.9993 -0.0255
vn -0.4422 0.7769 0.4482
vn -0.4347 0.8541 0.2855
vn -0.3490 0.9322 0.0957
vn -0.3197 0.9465 0.0447
vn -0.2497 0.9682 -0.0149
vn -0.1252 0.9865 -0.1058
vn -0.5066 0.7498 0.4257
vn -0.5103 0.8184 0.2642
vn -0.4525 0.8846 0.1129
vn -0.3579 0.9328 0.0429
vn -0.3013 0.9534 -0.0129
vn -0.1670 0.9625 -0.2136
vn -0.6688 0.6558 0.3502
vn -0.6359 0.7321 0.2443
vn -0.5370 0.8349 0.1205
vn -0.4466 0.8940 0.0352
vn -0.3448 0.9307 -0.1220
vn -0.1245 0.9371 -0.3261
vn -0.7555 0.5783 0.3078
vn -0.7162 0.6540 0.2438
vn -0.6148 0.7790 0.1228
vn -0.4829 0.8753 -0.0242
vn -0.3186 0.9099 -0.2655
vn -0.1343 0.8891 -0.4375
vn -0.7102 0.6195 0.3344
vn -0.7231 0.6522 0.2276
vn -0.7042 0.7065 0.0698
vn -0.6040 0.7712 -0.2011
vn -0.3852 0.7959 -0.4671
vn -0.2450 0.7855 -0.5682
vn -0.8183 0.4995 0.2844
vn -0.7775 0.6069 0.1647
vn -0.7716 0.6343 -0.0483
vn -0.6238 0.7075 -0.3322
vn -0.3977 0.7020 -0.5907
vn -0.3406 0.6563 -0.6733
vn -0.8982 0.3875 0.2077
vn -0.8999 0.4353 0.0271
vn -0.8452 0.5013 -0.1851
vn -0.6671 0.5697 -0.4801
vn -0.4265 0.5481 -0.7195
vn -0.4446 0.5151 -0.7328
vn -0.9746 0.2102 0.0776
vn -0.9450 0.3171 -0.0796
vn -0.8706 0.3946 -0.2938
vn -0.6533 0.4269 -0.6253
vn -0.4752 0.3589 -0.8034
vn -0.5502 0.3526 -0.7569
vn -0.9955 0.0831 -0.0458
vn -0.9731 0.1176 -0.1980
vn -0.8855 0.1337 -0.4450
vn -0.6858 0.1179 -0.7181
vn -0.5256 0.1297 -0.8408
vn -0.6132 0.0433 -0.7887
vn -0.9861 -0.0637 -0.1537
vn -0.9401 -0.0597 -0.3357
vn -0.8258 -0.0806 -0.5581
vn -0.6857 -0.0963 -0.7215
vn -0.5403 -0.0967 -0.8359
vn -0.5579 -0.1400 -0.8180
vn 0.0978 0.2937 0.9509
vn 0.0382 0.4612 0.8865
vn -0.0125 0.6276 0.7784
vn -0.0496 0.7420 0.6686
vn 0.0030 0.0995 0.9950
vn -0.0821 0.3162 0.9451
vn -0.1400 0.4633 0.8751
vn -0.2223 0.6686 0.7096
vn -0.1247 -0.0658 0.9900
vn -0.1788 0.2038 0.9625
vn -0.2805 0.3534 0.8924
vn -0.4183 0.5545 0.7194
vn -0.2425 -0.2173 0.9455
vn -0.3193 0.0610 0.9457
vn -0.3598 0.2912 0.8864
vn -0.5137 0.5247 0.6789
vn -0.2809 -0.2209 0.9340
vn -0.3862 -0.0441 0.9213
vn -0.4500 0.1840 0.8739
vn -0.5601 0.5193 0.6454
vn -0.3400 -0.2064 0.9175
vn -0.4672 -0.0979 0.8787
vn -0.5950 0.0318 0.8031
vn -0.7289 0.3579 0.5837
vn -0.4020 -0.1723 0.8993
vn -0.5415 -0.0700 0.8378
vn -0.6873 0.0345 0.7256
vn -0.7358 0.3161 0.5989
vn -0.5458 -0.2386 0.8032
vn -0.6403 -0.0754 0.7644
vn -0.7509 0.0971 0.6533
vn -0.8110 0.1584 0.5632
vn -0.5744 -0.1335 0.8076
vn -0.7231 -0.0132 0.6906
vn -0.8205 0.0890 0.5646
vn -0.8809 0.1338 0.4541
vn -0.8322 -0.3521 0.4285
vn -0.8781 -0.2128 0.4284
vn -0.9160 -0.0914 0.3905
vn -0.9549 0.0714 0.2881
vn -0.8339 -0.4818 0.2693
vn -0.9051 -0.3385 0.2573
vn -0.9620 -0.2006 0.1852
vn -0.9837 -0.1152 0.1380
vn -0.8184 -0.5713 0.0628
vn -0.9171 -0.3922 0.0712
vn -0.9675 -0.2463 0.0576
vn -0.9650 -0.2534 0.0680
vn -0.9891 -0.1468 -0.0135
vn -0.9231 -0.3692 -0.1074
vn -0.8266 -0.5621 -0.0259
vn -0.8891 -0.4568 -0.0295
vn -0.9397 -0.3386 -0.0490
vn -0.9202 -0.3827 -0.0827
vn -0.8864 -0.4547 -0.0865
vn -0.8806 -0.4623 -0.1043
vn -0.8488 -0.5287 0.0009
vn -0.8957 -0.4344 -0.0955
vn -0.8770 -0.4805 0.0028
vn 0.0794 0.9968 -0.0042
vn 0.0181 0.9950 -0.0981
vn -0.0200 0.9699 -0.2428
vn -0.0405 0.9318 -0.3608
vn -0.0614 0.9121 -0.4053
vn -0.0856 0.8820 -0.4635
vn -0.1521 0.7906 -0.5932
vn -0.2535 0.6836 -0.6845
vn -0.3520 0.5533 -0.7550
vn -0.3861 0.3508 -0.8531
vn -0.3913 0.0174 -0.9201
vn -0.3840 -0.1573 -0.9099
vn -0.9930 -0.0580 0.1027
vn -0.9717 0.0772 0.2232
vn 0.6630 -0.3918 0.6379
vn 0.3689 0.7765 0.5109
vn 0.6089 0.6039 0.5144
vn 0.9744 -0.1608 0.1574
vn 0.9971 -0.0759 0.0052
vn 0.9320 0.2237 0.2851
vn 0.8703 -0.3304 0.3652
vn -0.5824 -0.7367 0.3436
vn -0.4828 -0.6722 0.5613
vn -0.4673 -0.5473 0.6944
vn -0.3205 -0.3281 0.8886
vn 0.0768 -0.3167 0.9454
vn 0.1414 -0.5411 0.8290
vn 0.1261 -0.6042 0.7868
vn 0.2371 -0.5836 0.7767
vn 0.3266 -0.5654 0.7574
vn -0.1343 0.7941 0.5928
vn -0.2944 0.7655 0.5721
vn -0.4398 0.6973 0.5660
vn -0.5423 0.6017 0.5865
vn -0.5994 0.5508 0.5808
vn -0.7665 0.4121 0.4926
vn -0.6996 0.4934 0.5168
vn -0.8494 0.3303 0.4117
vn -0.9104 0.2327 0.3422
vn -0.4325 -0.9010 0.0327
vn -0.3765 -0.9180 -0.1243
vn -0.5845 -0.8041 -0.1084
vn -0.6493 -0.7481 0.1367
vn -0.8856 -0.1965 -0.4209
vn -0.7642 -0.1887 -0.6168
vn -0.6294 -0.2336 -0.7411
vn -0.5508 -0.2451 -0.7978
vn -0.4942 -0.2496 -0.8328
vn -0.7782 -0.3936 -0.4895
vn -0.6949 -0.3604 -0.6223
vn -0.5872 -0.3096 -0.7479
vn -0.5745 -0.3185 -0.7540
vn -0.4209 -0.3389 -0.8414
vn -0.9349 -0.2629 -0.2385
vn -0.9426 -0.1991 -0.2681
vn -0.3759 -0.2485 -0.8927
vn -0.3330 -0.3821 -0.8621
vn -0.8470 -0.4194 -0.3267
vn -0.7835 -0.4132 -0.4640
vn -0.7035 -0.3915 -0.5931
vn -0.5932 -0.4104 -0.6926
vn -0.4697 -0.4686 -0.7482
vn -0.4238 -0.4939 -0.7592
vn -0.9217 -0.3868 0.0298
vn -0.8741 -0.4594 -0.1578
vn -0.8732 -0.4717 0.1224
vn -0.8645 -0.4679 -0.1837
vn -0.8530 -0.4601 -0.2463
vn -0.8651 -0.4717 -0.1707
vn -0.7865 -0.4799 -0.3887
vn -0.7645 -0.4874 -0.4219
vn -0.6430 -0.5203 -0.5620
vn -0.5604 -0.5506 -0.6186
vn -0.5045 -0.5210 -0.6885
vn -0.4737 -0.4832 -0.7363
vn -0.9375 -0.3442 -0.0506
vn -0.9047 -0.3900 -0.1718
vn -0.9620 -0.2302 0.1468
vn -0.9502 -0.3116 0.0051
vn -0.9039 -0.3934 -0.1680
vn -0.9322 -0.3543 -0.0737
vn -0.9299 -0.3151 -0.1898
vn -0.8929 -0.2651 -0.3640
vn -0.7879 -0.2064 -0.5802
vn -0.6793 -0.1291 -0.7224
vn -0.6243 -0.0424 -0.7800
vn -0.4652 0.0228 -0.8849
vn -0.9463 -0.3218 0.0315
vn -0.9194 -0.3568 -0.1654
vn -0.9369 -0.3480 -0.0342
vn -0.9387 -0.3420 -0.0432
vn -0.9452 -0.3240 -0.0396
vn -0.9384 -0.3335 -0.0909
vn -0.9917 -0.1201 -0.0452
vn -0.9700 -0.1184 -0.2123
vn -0.8899 -0.1054 -0.4437
vn -0.7714 -0.0603 -0.6335
vn -0.6811 -0.0049 -0.7322
vn -0.4759 -0.0040 -0.8795
vn -0.9355 -0.3261 -0.1359
vn -0.9744 -0.2134 -0.0709
vn -0.9459 -0.3200 -0.0546
vn -0.9561 -0.2915 0.0304
vn -0.9560 -0.2934 0.0011
vn -0.9620 -0.2721 -0.0221
vn 0.2109 -0.0023 0.9775
vn 0.4672 0.7696 0.4351
vn 0.7899 0.5552 0.2604
vn 0.7503 0.4281 0.5038
vn 0.8387 0.4522 0.3036
vn 0.9130 0.3726 0.1660
vn 0.4113 0.2352 0.8806
vn -0.7556 -0.5128 0.4075
vn -0.4852 -0.4614 0.7427
vn -0.5292 -0.3362 0.7791
vn -0.3193 -0.2239 0.9208
vn -0.2583 -0.2339 0.9373
vn -0.1776 -0.2650 0.9477
vn -0.1404 -0.3334 0.9323
vn -0.0441 -0.3326 0.9420
vn 0.1003 -0.1757 0.9793
vn -0.7219 -0.6897 0.0567
vn -0.6665 -0.7435 -0.0547
vn -0.7582 -0.6518 0.0165
vn -0.8244 -0.5160 0.2325
vn -0.9199 -0.3915 -0.0249
vn -0.9436 -0.3298 -0.0289
vn -0.9551 -0.2887 0.0673
vn -0.9487 -0.3113 -0.0548
vn 0.4205 0.7937 0.4396
vn 0.4116 0.7991 0.4381
vn 0.4021 0.8412 0.3616
vn 0.4061 0.8538 0.3257
vn 0.4096 0.8964 0.1693
vn 0.4511 0.8825 0.1335
vn 0.4898 0.8671 0.0903
vn 0.5579 0.8261 0.0797
vn 0.5462 0.8361 0.0519
vn 0.5357 0.8440 -0.0258
vn 0.3802 0.8177 0.4323
vn 0.6221 0.7825 -0.0264
vn 0.5967 0.8009 0.0499
vn 0.5545 0.8299 0.0618
vn 0.5417 0.8379 0.0670
vn 0.5466 0.8284 0.1222
vn 0.4152 0.9017 0.1203
vn 0.4211 0.8510 0.3137
vn 0.4186 0.8287 0.3714
vn 0.4119 0.8037 0.4294
vn 0.9733 -0.2108 -0.0904
vn 0.6049 0.7963 0.0032
vn 0.9535 0.1645 0.2525
vn 0.9352 0.1699 0.3108
vn 0.5737 0.8174 0.0526
vn 0.5486 0.8319 0.0833
vn 0.5085 0.8558 0.0948
vn 0.5794 0.7716 0.2626
vn 0.9923 0.0058 -0.1235
vn 0.9911 0.1056 0.0813
vn 0.3988 0.7756 0.4893
vn 0.3616 0.8222 0.4395
vn 0.3889 0.8219 0.4162
vn 0.4630 0.8442 -0.2703
vn 0.3718 -0.1038 -0.9225
vn 0.4125 -0.2620 -0.8725
vn 0.4001 -0.6673 -0.6282
vn 0.5089 -0.5945 -0.6226
vn 0.5933 -0.4209 -0.6862
vn 0.5313 -0.2936 -0.7947
vn 0.4606 -0.0697 -0.8849
vn 0.3708 0.1140 -0.9217
vn 0.3116 0.2648 -0.9126
vn 0.3241 0.3670 -0.8720
vn 0.3879 0.6011 -0.6988
vn 0.3867 0.6232 -0.6798
vn 0.3325 0.7140 -0.6162
vn 0.2702 0.7724 -0.5747
vn 0.3166 0.8129 -0.4888
vn 0.3903 0.8451 -0.3654
vn 0.4931 0.7878 -0.3690
vn 0.6263 -0.4815 -0.6131
vn 0.6704 -0.3605 -0.6485
vn 0.6967 -0.3201 -0.6420
vn 0.6099 -0.0465 -0.7911
vn 0.5758 0.3135 -0.7551
vn 0.5610 0.5397 -0.6277
vn 0.5506 -0.0786 -0.8311
vn 0.5163 0.6869 -0.5114
vn 0.4845 -0.6518 -0.5834
vn 0.7096 -0.4078 -0.5747
vn 0.6451 -0.2099 -0.7347
vn 0.5973 0.1852 -0.7803
vn 0.5570 0.5501 -0.6222
vn 0.5434 0.5820 -0.6049
vn 0.5604 -0.2755 -0.7811
vn 0.7451 -0.0560 -0.6646
vn 0.6635 -0.5553 -0.5014
vn 0.6927 -0.4566 -0.5583
vn 0.6728 -0.3569 -0.6481
vn 0.7223 -0.3999 -0.5643
vn 0.7731 -0.3134 -0.5515
vn 0.8229 -0.1391 -0.5509
vn 0.8458 0.0367 -0.5323
vn 0.8250 0.1693 -0.5392
vn 0.7562 0.4077 -0.5119
vn 0.7273 0.4283 -0.5362
vn 0.7311 0.5062 -0.4574
vn 0.7214 0.6463 -0.2488
vn 0.7461 0.6571 -0.1076
vn 0.5301 0.8295 -0.1758
vn 0.5090 0.8066 -0.3005
vn 0.6497 -0.3012 -0.6980
vn 0.6563 -0.0620 -0.7520
vn 0.5689 -0.6156 -0.5453
vn 0.6658 -0.4333 -0.6075
vn 0.6940 -0.3880 -0.6065
vn 0.6955 -0.4106 -0.5896
vn 0.7092 -0.2898 -0.6427
vn 0.7192 -0.1220 -0.6840
vn 0.7108 0.1146 -0.6940
vn 0.6870 0.2595 -0.6787
vn 0.6361 0.5085 -0.5804
vn 0.6266 0.4974 -0.5999
vn 0.6163 0.5419 -0.5714
vn 0.5951 0.6761 -0.4345
vn 0.5756 0.7657 -0.2869
vn 0.5852 0.7844 -0.2057
vn 0.5899 0.8034 -0.0816
vn 0.6850 0.7276 -0.0371
vn 0.7530 0.6556 -0.0562
vn 0.7843 0.6201 -0.0179
vn 0.7921 0.6104 -0.0069
vn 0.7759 0.6304 -0.0244
vn 0.8559 0.5127 -0.0680
vn 0.6791 0.7333 0.0342
vn 0.7965 0.6043 0.0174
vn 0.8028 0.5941 0.0503
vn 0.8133 0.5818 0.0053
vn 0.8755 0.4814 -0.0405
vn 0.7734 0.6299 0.0708
vn 0.7948 0.6040 0.0591
vn 0.7974 0.5980 0.0812
vn 0.8523 0.5224 0.0272
vn 0.9074 0.4203 0.0071
vn 0.7929 0.6024 0.0917
vn 0.4414 0.6803 0.5851
vn 0.5598 0.7244 0.4024
vn 0.9763 0.0955 0.1942
vn 0.9907 -0.0402 -0.1301
vn 0.9940 0.0650 -0.0883
vn 0.9924 0.0456 0.1140
vn 0.4052 0.6339 0.6588
vn 0.4737 0.6044 0.6405
vn 0.9486 0.2577 0.1837
vn 0.7859 0.5999 0.1500
vn 0.7826 0.6169 0.0836
vn 0.8818 0.4701 0.0375
vn 0.9224 0.3853 0.0266
vn 0.7961 0.5968 0.0998
vn 0.8046 0.5684 0.1719
vn 0.8833 0.4503 0.1305
vn 0.9259 0.3581 0.1202
vn 0.9288 0.3662 0.0562
vn 0.5465 0.7533 0.3660
vn 0.4172 0.8051 0.4215
vn 0.6686 0.3759 0.6416
vn 0.6779 0.3421 0.6508
vn 0.6972 0.4027 0.5931
vn 0.7881 0.5592 0.2572
vn 0.4306 0.7986 0.4204
vn 0.7675 0.4568 0.4497
vn 0.6713 0.6564 0.3442
vn 0.9450 0.3258 0.0286
vn 0.9333 0.3573 0.0361
vn 0.9108 0.4127 -0.0055
vn 0.8756 0.4739 -0.0939
vn 0.9591 0.2827 -0.0143
vn 0.9702 0.2400 -0.0322
vn 0.9604 0.2621 -0.0948
vn 0.9143 0.3223 -0.2451
vn 0.9760 0.1887 -0.1089
vn 0.9761 0.1796 -0.1220
vn 0.9662 0.1561 -0.2051
vn 0.9232 0.1823 -0.3383
vn 0.9838 0.1088 -0.1422
vn 0.9647 0.1099 -0.2394
vn 0.9275 0.0735 -0.3664
vn 0.9374 0.0205 -0.3476
vn 0.9834 -0.0093 -0.1810
vn 0.9450 0.0389 -0.3247
vn 0.8990 0.0654 -0.4331
vn 0.9287 0.0350 -0.3693
vn 0.9783 -0.0592 -0.1984
vn 0.9372 -0.0472 -0.3455
vn 0.8959 -0.0393 -0.4425
vn 0.8977 -0.0726 -0.4345
vn 0.9534 -0.1675 -0.2510
vn 0.9191 -0.1761 -0.3525
vn 0.8730 -0.1735 -0.4558
vn 0.8468 -0.1997 -0.4929
vn 0.9048 -0.3198 -0.2812
vn 0.8912 -0.3072 -0.3339
vn 0.8372 -0.3040 -0.4546
vn 0.7915 -0.3168 -0.5227
vn 0.8327 -0.4636 -0.3027
vn 0.8161 -0.4898 -0.3067
vn 0.7734 -0.4965 -0.3941
vn 0.7684 -0.4442 -0.4606
vn 0.8304 -0.4318 -0.3520
vn 0.8197 -0.4635 -0.3365
vn 0.7869 -0.4918 -0.3728
vn 0.7865 -0.4837 -0.3840
vn 0.8257 -0.4425 -0.3500
vn 0.8509 -0.4054 -0.3341
vn 0.8366 -0.4100 -0.3633
vn 0.7972 -0.4437 -0.4095
vn 0.9310 -0.3029 -0.2037
vn 0.8986 -0.3227 -0.2973
vn 0.8630 -0.3392 -0.3743
vn 0.8498 -0.3348 -0.4071
vn 0.9859 -0.1159 -0.1204
vn 0.9492 -0.1435 -0.2802
vn 0.8939 -0.1999 -0.4011
vn 0.9311 -0.1578 -0.3290
vn 0.5891 0.8071 0.0405
vn 0.9390 0.1712 0.2984
vn 0.9460 0.1406 0.2920
vn 0.9589 0.2373 0.1554
vn 0.9643 0.1967 0.1770
vn 0.9746 -0.1978 0.1054
vn 0.9639 -0.1397 0.2266
vn 0.9432 -0.1670 0.2872
vn 0.9648 -0.0790 0.2509
vn 0.9836 0.0113 0.1802
vn 0.9571 -0.0080 0.2896
vn 0.9606 -0.2749 0.0408
vn 0.9576 -0.0117 0.2878
vn 0.9653 -0.0452 0.2571
vn 0.9705 -0.2338 0.0595
vn 0.9543 -0.0114 0.2986
vn 0.9687 -0.2430 0.0508
vn 0.9747 0.0392 0.2199
vn 0.9864 -0.1486 0.0703
vn 0.9690 -0.1486 -0.1972
vn 0.8980 0.3430 0.2755
vn 0.9439 0.2600 0.2035
vn 0.9917 -0.0233 -0.1265
vn 0.9892 0.1447 -0.0248
vn 0.9559 0.2870 0.0620
vn 0.9866 -0.0560 -0.1532
vn 0.9940 0.0634 -0.0891
vn 0.9734 0.2278 0.0258
vn 0.7623 0.5304 0.3709
vn 0.9268 0.3242 0.1897
vn 0.9445 0.3045 0.1236
vn 0.7705 0.5177 0.3719
vn 0.8297 0.4691 0.3027
vn 0.9873 -0.1429 -0.0696
vn 0.9471 0.1884 0.2598
vn 0.9380 0.2070 0.2781
vn 0.9988 -0.0468 -0.0105
vn 0.9963 0.0677 0.0538
vn 0.9728 0.1944 0.1257
vn 0.9959 -0.0807 -0.0398
vn 0.9996 -0.0129 0.0252
vn 0.9894 0.1278 0.0693
vn 0.8485 0.4708 0.2417
vn 0.9362 0.2184 0.2753
vn 0.9471 0.2346 0.2190
vn 0.8693 0.3773 0.3194
vn 0.9193 0.2526 0.3017
vn 0.7955 0.5067 0.3324
vn 0.8164 0.5181 0.2552
vn 0.7104 0.6053 0.3591
vn 0.6402 0.6893 0.3391
vn 0.9547 0.0615 0.2913
vn 0.9540 -0.0064 0.2997
vn 0.9736 -0.0509 0.2225
vn 0.7397 -0.3852 0.5517
vn 0.9617 0.1888 -0.1988
vn 0.7512 -0.4593 0.4741
vn 0.9444 0.0821 0.3184
vn 0.9490 0.0076 0.3152
vn 0.9456 -0.0338 0.3234
vn 0.9389 0.1064 0.3273
vn 0.9519 0.0412 0.3036
vn 0.9511 -0.0390 0.3064
vn 0.9586 0.1313 0.2527
vn 0.9578 0.0701 0.2788
vn 0.9537 -0.0365 0.2984
vn 0.9810 0.0994 0.1667
vn 0.9751 0.1147 0.1897
vn 0.9620 -0.0286 0.2716
vn 0.8512 -0.3248 0.4122
vn 0.9544 0.2852 -0.0885
vn 0.9512 -0.2642 0.1597
vn 0.9732 0.1123 0.2005
vn 0.9625 0.0869 0.2570
vn 0.9592 -0.0292 0.2811
vn 0.6813 -0.4900 0.5437
vn 0.9211 0.2085 -0.3289
vn 0.9243 -0.3065 0.2274
vn 0.7617 -0.2680 0.5899
vn 0.9577 0.2840 -0.0471
vn 0.8620 -0.4711 0.1869
vn 0.9734 0.0937 0.2091
vn 0.9673 0.0656 0.2451
vn 0.9525 -0.0521 0.3001
vn 0.9734 -0.1812 0.1400
vn 0.9738 0.1550 -0.1666
vn 0.9779 -0.1402 0.1551
vn 0.6048 -0.4910 0.6270
vn 0.6430 0.3165 -0.6974
vn 0.9833 -0.0457 0.1763
vn 0.5700 -0.5619 0.5995
vn 0.7831 0.2200 -0.5817
vn 0.9953 -0.0956 0.0132
vn 0.8388 0.2113 0.5018
vn 0.7705 0.2321 0.5937
vn 0.8132 0.2198 0.5389
vn 0.8261 0.2151 0.5209
vn 0.9037 0.0544 0.4247
vn 0.8787 0.1612 0.4494
vn 0.8923 0.1118 0.4373
vn 0.8969 0.0753 0.4358
vn 0.9400 0.0176 0.3407
vn 0.9467 0.0695 0.3146
vn 0.9435 0.0495 0.3276
vn 0.9418 0.0306 0.3349
vn 0.9524 -0.0539 0.3001
vn 0.9601 -0.0356 0.2774
vn 0.9577 -0.0430 0.2844
vn 0.9589 -0.0395 0.2811
vn 0.9531 -0.0154 0.3023
vn 0.9547 -0.0191 0.2970
vn 0.9531 -0.0184 0.3019
vn 0.9549 -0.0127 0.2967
vn 0.9042 -0.1404 0.4033
vn 0.9537 -0.0547 0.2956
vn 0.9395 0.0613 0.3370
vn 0.8765 0.1997 0.4381
vn 0.7544 0.2798 0.5938
vn 0.9109 0.2440 0.3329
vn 0.9196 0.0535 0.3891
vn 0.9410 0.0093 0.3383
vn 0.9552 -0.0473 0.2922
vn 0.9502 -0.0196 0.3110
vn 0.8629 0.4517 -0.2268
vn 0.8278 0.3689 -0.4227
vn 0.8548 0.2844 -0.4341
vn 0.9156 0.0657 -0.3966
vn 0.9211 0.0066 -0.3892
vn 0.8944 -0.1206 -0.4306
vn 0.8256 -0.2698 -0.4956
vn 0.7489 -0.3537 -0.5605
vn 0.7331 -0.3769 -0.5662
vn 0.7522 -0.4644 -0.4674
vn 0.7581 -0.4945 -0.4252
vn 0.7599 -0.4143 -0.5009
vn 0.8915 -0.0872 -0.4445
vn 0.9624 -0.2512 -0.1037
vn 0.9330 -0.0353 -0.3581
vn 0.8609 -0.1078 0.4973
vn 0.9363 -0.3271 -0.1281
vn 0.9624 -0.2693 0.0361
vn 0.9566 -0.2903 -0.0232
vn 0.9319 -0.3618 -0.0249
vn 0.9178 -0.3824 -0.1070
vn 0.8972 -0.4115 -0.1605
vn 0.9046 -0.4091 -0.1202
vn 0.9181 -0.3879 -0.0807
vn 0.9021 -0.4181 -0.1072
vn 0.9383 -0.3200 -0.1313
vn 0.9094 -0.3668 -0.1961
vn 0.9145 -0.3841 -0.1268
vn 0.9249 -0.3764 -0.0544
vn 0.9412 -0.3033 -0.1486
vn 0.9171 -0.3924 -0.0703
vn 0.8662 -0.4095 -0.2864
vn 0.8829 -0.4032 -0.2408
vn 0.8935 -0.4040 -0.1960
vn 0.9045 -0.4168 -0.0901
vn 0.8790 -0.4102 -0.2430
vn 0.8997 -0.4065 -0.1590
vn 0.8700 -0.2839 -0.4032
vn 0.8740 -0.3019 -0.3808
vn 0.9299 -0.2936 -0.2214
vn 0.9348 -0.2996 -0.1905
vn 0.8513 -0.2736 -0.4477
vn 0.9295 -0.2959 -0.2202
vn 0.8722 -0.2373 -0.4278
vn 0.8426 -0.2437 -0.4802
vn 0.9434 -0.2228 -0.2456
vn 0.9787 -0.1658 -0.1206
vn 0.9638 -0.2518 -0.0876
vn 0.9511 -0.2146 -0.2223
vn 0.9775 -0.1466 -0.1514
vn 0.8903 -0.3825 -0.2471
vn 0.8614 -0.4407 -0.2524
vn 0.8725 -0.4137 -0.2601
vn 0.8832 -0.4136 -0.2213
vn 0.9166 -0.3293 -0.2269
vn -0.2830 -0.4795 -0.8306
vn -0.3772 -0.4895 -0.7862
vn -0.3577 0.0372 -0.9331
vn -0.2986 -0.0453 -0.9533
vn -0.3112 -0.3156 -0.8964
vn -0.2856 -0.3249 -0.9016
vn -0.2502 -0.3275 -0.9111
vn -0.1725 -0.3373 -0.9254
vn -0.0340 -0.3488 -0.9366
vn 0.2323 -0.3740 -0.8978
vn -0.9377 -0.3445 -0.0458
vn -0.8480 -0.5284 -0.0397
vn -0.8682 -0.4918 -0.0662
vn -0.9057 -0.4090 -0.1115
vn -0.9354 -0.3267 -0.1352
vn -0.7335 -0.6273 0.2616
vn -0.8470 -0.2235 -0.4823
vn -0.7118 -0.3139 -0.6284
vn -0.5923 -0.3270 -0.7364
vn -0.5691 -0.3084 -0.7623
vn -0.4532 -0.2761 -0.8476
vn -0.8675 -0.4127 -0.2777
vn -0.3697 -0.2993 -0.8796
vn -0.9251 -0.3155 -0.2111
vn 0.5744 -0.3901 -0.7197
vn 0.6950 -0.4140 -0.5878
vn 0.6838 -0.3919 -0.6155
vn 0.6976 -0.4277 -0.5749
vn 0.8577 -0.4296 -0.2825
vn 0.8505 -0.4276 -0.3064
vn 0.7960 -0.4267 -0.4294
vn 0.7568 -0.4098 -0.5093
vn 0.7592 -0.3785 -0.5295
vn 0.8522 -0.4819 -0.2041
vn 0.9096 -0.4139 -0.0365
vn 0.8710 -0.4564 -0.1821
vn 0.9038 -0.4029 -0.1441
vn 0.8721 -0.4836 -0.0740
vn 0.8970 -0.4196 -0.1388
vn 0.8723 -0.4309 -0.2313
vn -0.2200 -0.5000 -0.8376
vn -0.2463 -0.5249 -0.8147
vn -0.1911 -0.5647 -0.8028
vn -0.1133 -0.6072 -0.7864
vn -0.0454 -0.6167 -0.7859
vn 0.2233 -0.6008 -0.7676
vn -0.8118 -0.5115 -0.2815
vn -0.7691 -0.4423 -0.4613
vn -0.6958 -0.3870 -0.6050
vn -0.6004 -0.3466 -0.7207
vn -0.5286 -0.4049 -0.7460
vn -0.4100 -0.4638 -0.7854
vn -0.8661 -0.4889 -0.1040
vn -0.8334 -0.5261 -0.1693
vn -0.8842 -0.4486 0.1302
vn -0.9069 -0.4184 0.0490
vn -0.8896 -0.4277 -0.1599
vn -0.8650 -0.4978 -0.0627
vn -0.8882 -0.4342 -0.1500
vn 0.5716 -0.5282 -0.6279
vn 0.6746 -0.4598 -0.5775
vn 0.6552 -0.4611 -0.5984
vn 0.6669 -0.4305 -0.6082
vn 0.8187 -0.4700 -0.3299
vn 0.8144 -0.4843 -0.3198
vn 0.7841 -0.4929 -0.3772
vn 0.7785 -0.4787 -0.4059
vn 0.7588 -0.4776 -0.4430
vn 0.9284 -0.3674 -0.0552
vn 0.8945 -0.4218 -0.1479
vn 0.9036 -0.4055 -0.1382
vn 0.9383 -0.3380 -0.0732
vn 0.9314 -0.3556 -0.0773
vn 0.9323 -0.3532 -0.0778
vn 0.8762 -0.4069 -0.2582
vn -0.2868 -0.4574 -0.8417
vn -0.2174 -0.4523 -0.8649
vn -0.1516 -0.4493 -0.8804
vn -0.0104 -0.4892 -0.8721
vn 0.0328 -0.5682 -0.8223
vn 0.0937 -0.6760 -0.7309
vn 0.2269 -0.7487 -0.6229
vn -0.8300 -0.4247 -0.3615
vn -0.7664 -0.4492 -0.4591
vn -0.6806 -0.4905 -0.5442
vn -0.5592 -0.5478 -0.6223
vn -0.4588 -0.5609 -0.6891
vn -0.4408 -0.5216 -0.7305
vn -0.9126 -0.4087 0.0092
vn -0.9105 -0.3794 -0.1646
vn -0.8922 -0.4290 -0.1414
vn -0.9107 -0.4018 -0.0958
vn -0.8851 -0.4161 -0.2086
vn -0.9175 -0.3779 -0.1238
vn -0.8838 -0.4434 -0.1494
vn 0.4160 -0.7155 -0.5613
vn 0.5220 -0.6372 -0.5671
vn 0.6865 -0.5292 -0.4987
vn 0.6056 -0.5701 -0.5552
vn 0.7782 -0.4955 -0.3860
vn 0.8077 -0.4790 -0.3437
vn 0.8004 -0.4721 -0.3695
vn 0.7951 -0.4716 -0.3813
vn 0.7554 -0.4889 -0.4363
vn 0.8936 -0.3726 -0.2503
vn 0.8981 -0.3787 -0.2238
vn 0.9129 -0.3659 -0.1811
vn 0.9336 -0.3558 -0.0414
vn 0.9115 -0.3519 -0.2131
vn 0.9299 -0.3544 -0.0980
vn 0.8433 -0.4636 -0.2718
vn -0.3360 -0.4867 -0.8063
vn -0.2643 -0.3614 -0.8942
vn -0.1337 -0.3724 -0.9184
vn 0.1551 -0.4060 -0.9006
vn 0.2507 -0.4641 -0.8495
vn 0.3105 -0.5225 -0.7941
vn 0.3159 -0.5499 -0.7732
vn -0.8391 -0.4045 -0.3638
vn -0.8185 -0.3648 -0.4438
vn -0.6841 -0.3847 -0.6197
vn -0.6143 -0.3581 -0.7031
vn -0.5689 -0.3237 -0.7561
vn -0.4728 -0.3232 -0.8197
vn -0.9222 -0.3807 -0.0676
vn -0.9012 -0.4032 -0.1588
vn -0.9469 -0.3200 0.0328
vn -0.9084 -0.4054 -0.1025
vn -0.9105 -0.3996 -0.1062
vn -0.9231 -0.3782 -0.0702
vn -0.9500 -0.3101 0.0366
vn 0.4228 -0.5475 -0.7221
vn 0.6613 -0.4899 -0.5681
vn 0.5185 -0.5443 -0.6595
vn 0.5870 -0.5303 -0.6117
vn 0.9043 -0.3456 -0.2505
vn 0.8880 -0.3293 -0.3210
vn 0.8670 -0.3390 -0.3654
vn 0.8220 -0.3657 -0.4365
vn 0.7826 -0.3265 -0.5300
vn 0.9060 -0.3080 -0.2904
vn 0.8965 -0.3298 -0.2960
vn 0.9155 -0.3447 -0.2075
vn 0.9230 -0.3615 -0.1317
vn 0.8999 -0.2888 -0.3269
vn 0.9173 -0.3529 -0.1844
vn 0.9332 -0.3013 -0.1956
vn -0.3799 -0.3512 -0.8557
vt 0.489200 0.527400
vt 0.507200 0.530100
vt 0.512000 0.505900
vt 0.494300 0.504300
vt 0.575200 0.226000
vt 0.590300 0.226900
vt 0.594200 0.206600
vt 0.579500 0.206100
vt 0.488700 0.579400
vt 0.506600 0.587100
vt 0.506600 0.558000
vt 0.488500 0.553400
vt 0.554800 0.310100
vt 0.572200 0.310500
vt 0.579100 0.280300
vt 0.562600 0.279100
vt 0.541800 0.367200
vt 0.559300 0.365300
vt 0.565800 0.338200
vt 0.548300 0.339200
vt 0.527700 0.415200
vt 0.544600 0.414200
vt 0.551200 0.389800
vt 0.534000 0.391600
vt 0.590600 0.104500
vt 0.608400 0.108100
vt 0.613500 0.074300
vt 0.596300 0.069700
vt 0.512200 0.459900
vt 0.528600 0.460000
vt 0.537000 0.436700
vt 0.520900 0.437300
vt 0.519700 0.483200
vt 0.502600 0.482300
vt 0.581100 0.184700
vt 0.597500 0.185700
vt 0.600800 0.162200
vt 0.583300 0.160500
vt 0.566500 0.262300
vt 0.582700 0.263600
vt 0.586700 0.246000
vt 0.571000 0.244800
vt 0.586800 0.134000
vt 0.604500 0.136500
vt 0.561000 0.413500
vt 0.568100 0.389200
vt 0.624200 0.111600
vt 0.627600 0.078100
vt 0.546200 0.460300
vt 0.553800 0.436400
vt 0.532000 0.507800
vt 0.538700 0.483800
vt 0.612900 0.188400
vt 0.616800 0.165100
vt 0.529500 0.563500
vt 0.528600 0.533300
vt 0.597000 0.265700
vt 0.601100 0.248600
vt 0.580800 0.338300
vt 0.586900 0.311200
vt 0.574400 0.364500
vt 0.620700 0.139500
vt 0.604800 0.229400
vt 0.608900 0.209300
vt 0.530100 0.596800
vt 0.593600 0.282100
vt 0.640500 0.115700
vt 0.643300 0.082300
vt 0.565500 0.459500
vt 0.571700 0.435400
vt 0.554800 0.507800
vt 0.559400 0.483500
vt 0.628200 0.193100
vt 0.632700 0.169800
vt 0.556400 0.564700
vt 0.554200 0.533900
vt 0.611300 0.268900
vt 0.615400 0.252200
vt 0.595200 0.338800
vt 0.601000 0.312800
vt 0.583600 0.388300
vt 0.589400 0.364100
vt 0.577700 0.412100
vt 0.636800 0.144100
vt 0.619500 0.233500
vt 0.624000 0.213900
vt 0.560600 0.599000
vt 0.607700 0.284900
vt 0.576900 0.505000
vt 0.579500 0.481200
vt 0.643000 0.199400
vt 0.648300 0.176200
vt 0.583100 0.558400
vt 0.578500 0.530300
vt 0.624800 0.272400
vt 0.628800 0.256400
vt 0.608800 0.339700
vt 0.614200 0.314600
vt 0.598500 0.387500
vt 0.603700 0.364000
vt 0.588500 0.433700
vt 0.593300 0.410400
vt 0.583800 0.457300
vt 0.653000 0.150000
vt 0.657500 0.120000
vt 0.633200 0.238500
vt 0.637900 0.219700
vt 0.590400 0.590000
vt 0.620900 0.287600
vt 0.661900 0.084400
vt 0.603700 0.551000
vt 0.598900 0.525700
vt 0.639100 0.278000
vt 0.643100 0.262700
vt 0.622500 0.341700
vt 0.627900 0.318100
vt 0.613400 0.386800
vt 0.618100 0.364200
vt 0.604300 0.431900
vt 0.608500 0.409100
vt 0.597900 0.478600
vt 0.600800 0.455200
vt 0.670200 0.157700
vt 0.675900 0.126600
vt 0.596700 0.501800
vt 0.647300 0.245000
vt 0.652000 0.226700
vt 0.612000 0.576800
vt 0.635100 0.292500
vt 0.682200 0.088900
vt 0.658600 0.207000
vt 0.664700 0.183900
vt 0.640500 0.343400
vt 0.649200 0.321300
vt 0.631900 0.386400
vt 0.636200 0.364900
vt 0.624100 0.431200
vt 0.627900 0.409200
vt 0.618800 0.477700
vt 0.621000 0.454500
vt 0.690100 0.166100
vt 0.696800 0.133900
vt 0.618700 0.522900
vt 0.618200 0.500000
vt 0.667900 0.252900
vt 0.670200 0.234800
vt 0.625200 0.565800
vt 0.621500 0.545500
vt 0.656200 0.297000
vt 0.704100 0.094400
vt 0.677200 0.215500
vt 0.683900 0.192600
vt 0.660400 0.283600
vt 0.663900 0.269300
vt 0.486600 0.598200
vt 0.502400 0.611000
vt 0.529400 0.623900
vt 0.563200 0.626800
vt 0.596900 0.616700
vt 0.623500 0.600200
vt 0.644100 0.578600
vt 0.583400 0.711900
vt 0.559500 0.730000
vt 0.578500 0.746800
vt 0.609300 0.727200
vt 0.557200 0.693800
vt 0.532400 0.710200
vt 0.495900 0.615800
vt 0.477200 0.623900
vt 0.488300 0.652700
vt 0.509600 0.642000
vt 0.506200 0.682400
vt 0.529700 0.670300
vt 0.469700 0.600200
vt 0.531200 0.745300
vt 0.550600 0.762100
vt 0.508000 0.719600
vt 0.453600 0.628100
vt 0.467500 0.658700
vt 0.483800 0.689200
vt 0.445300 0.602000
vt 0.504800 0.753400
vt 0.522400 0.773200
vt 0.483700 0.724600
vt 0.427500 0.632700
vt 0.444300 0.663700
vt 0.461900 0.695000
vt 0.417300 0.604700
vt 0.478400 0.757700
vt 0.495200 0.778600
vt 0.458200 0.730600
vt 0.401600 0.639600
vt 0.420600 0.670100
vt 0.439700 0.699800
vt 0.389900 0.611300
vt 0.451300 0.761800
vt 0.467400 0.782800
vt 0.433000 0.733200
vt 0.375900 0.646100
vt 0.395600 0.676300
vt 0.415000 0.705200
vt 0.362200 0.618500
vt 0.420800 0.764800
vt 0.435700 0.785700
vt 0.404100 0.736300
vt 0.347600 0.650400
vt 0.367700 0.681100
vt 0.387100 0.709400
vt 0.334400 0.623100
vt 0.389500 0.765500
vt 0.402600 0.787700
vt 0.374800 0.737700
vt 0.317900 0.656600
vt 0.337700 0.685600
vt 0.358300 0.712100
vt 0.302700 0.628700
vt 0.364500 0.764300
vt 0.375600 0.786600
vt 0.350900 0.738300
vt 0.286300 0.664200
vt 0.309400 0.690300
vt 0.333100 0.714900
vt 0.268100 0.637900
vt 0.347200 0.763300
vt 0.357200 0.785000
vt 0.332900 0.739900
vt 0.258800 0.672000
vt 0.286700 0.697900
vt 0.312300 0.719400
vt 0.237100 0.648400
vt 0.335600 0.765200
vt 0.345900 0.784200
vt 0.319100 0.745800
vt 0.236200 0.683800
vt 0.267900 0.707100
vt 0.296000 0.727200
vt 0.210900 0.660000
vt 0.328100 0.770300
vt 0.338900 0.783900
vt 0.309300 0.753700
vt 0.217500 0.695600
vt 0.251000 0.718400
vt 0.282900 0.737200
vt 0.185000 0.672500
vt 0.323500 0.778100
vt 0.337800 0.789500
vt 0.301400 0.767100
vt 0.190900 0.716600
vt 0.231700 0.737000
vt 0.265800 0.750100
vt 0.153700 0.688500
vt 0.327000 0.601700
vt 0.292800 0.608400
vt 0.357800 0.597500
vt 0.385700 0.589900
vt 0.414600 0.582900
vt 0.442600 0.578800
vt 0.468200 0.577800
vt 0.323200 0.583500
vt 0.284800 0.589500
vt 0.357900 0.577300
vt 0.386800 0.568900
vt 0.414400 0.559700
vt 0.442000 0.554700
vt 0.466900 0.552500
vt 0.319500 0.562600
vt 0.278300 0.569100
vt 0.355800 0.554600
vt 0.386600 0.545700
vt 0.414400 0.536200
vt 0.441500 0.529600
vt 0.467600 0.526500
vt 0.315500 0.540200
vt 0.275000 0.546400
vt 0.354200 0.531500
vt 0.386500 0.522100
vt 0.417000 0.514200
vt 0.446300 0.508100
vt 0.473400 0.504700
vt 0.313500 0.517900
vt 0.272000 0.524900
vt 0.353600 0.509800
vt 0.390700 0.501700
vt 0.424400 0.493400
vt 0.458200 0.485400
vt 0.482700 0.483100
vt 0.313600 0.497600
vt 0.271100 0.504700
vt 0.356500 0.489200
vt 0.398400 0.482600
vt 0.437900 0.473100
vt 0.469100 0.465200
vt 0.493100 0.461600
vt 0.317200 0.476100
vt 0.273600 0.483500
vt 0.363000 0.468300
vt 0.406900 0.459400
vt 0.447900 0.451500
vt 0.478100 0.444600
vt 0.502100 0.439400
vt 0.325500 0.453800
vt 0.280600 0.459400
vt 0.372200 0.447300
vt 0.416200 0.439100
vt 0.454300 0.431200
vt 0.484400 0.424100
vt 0.508500 0.417600
vt 0.336500 0.428000
vt 0.292800 0.434400
vt 0.382400 0.421400
vt 0.423800 0.416000
vt 0.461600 0.408100
vt 0.488700 0.401900
vt 0.513200 0.396200
vt 0.351000 0.400800
vt 0.310100 0.404100
vt 0.392200 0.397000
vt 0.432400 0.390900
vt 0.464700 0.382900
vt 0.493000 0.376100
vt 0.517400 0.370300
vt 0.365700 0.372400
vt 0.330100 0.375400
vt 0.400900 0.366800
vt 0.435800 0.361800
vt 0.469000 0.351500
vt 0.497400 0.345700
vt 0.524400 0.341100
vt 0.377800 0.343200
vt 0.349000 0.347900
vt 0.410100 0.335500
vt 0.443400 0.325500
vt 0.474100 0.317600
vt 0.504500 0.311500
vt 0.531900 0.310000
vt 0.161500 0.650500
vt 0.131600 0.662700
vt 0.190800 0.638600
vt 0.219700 0.627500
vt 0.254800 0.617800
vt 0.149100 0.630000
vt 0.117700 0.637600
vt 0.178100 0.617200
vt 0.209600 0.606600
vt 0.243800 0.597700
vt 0.140700 0.606200
vt 0.110000 0.615700
vt 0.172600 0.595400
vt 0.202300 0.584700
vt 0.238100 0.576200
vt 0.139100 0.581100
vt 0.105900 0.590000
vt 0.169500 0.571300
vt 0.198700 0.561800
vt 0.233100 0.553800
vt 0.137700 0.556300
vt 0.103500 0.562500
vt 0.169200 0.547700
vt 0.197400 0.539800
vt 0.230600 0.531400
vt 0.138900 0.530000
vt 0.104600 0.533000
vt 0.171100 0.523900
vt 0.200500 0.517000
vt 0.232200 0.511400
vt 0.145300 0.501200
vt 0.110900 0.498500
vt 0.176100 0.497600
vt 0.205200 0.493400
vt 0.236000 0.489500
vt 0.155300 0.468200
vt 0.124800 0.461900
vt 0.184600 0.469500
vt 0.212900 0.467500
vt 0.243900 0.463900
vt 0.172700 0.439100
vt 0.145200 0.429900
vt 0.197600 0.440500
vt 0.225500 0.439000
vt 0.256100 0.437100
vt 0.196600 0.400100
vt 0.176400 0.389100
vt 0.219000 0.406400
vt 0.243600 0.407500
vt 0.274200 0.406000
vt 0.231100 0.359700
vt 0.214000 0.346100
vt 0.249900 0.368400
vt 0.272300 0.373900
vt 0.297800 0.375500
vt 0.277700 0.336000
vt 0.268500 0.328200
vt 0.289000 0.340700
vt 0.304200 0.344300
vt 0.323100 0.347400
vt 0.364200 0.319500
vt 0.348000 0.322100
vt 0.320200 0.315900
vt 0.315600 0.312900
vt 0.327100 0.320300
vt 0.336600 0.321600
vt 0.370800 0.301700
vt 0.378900 0.283200
vt 0.368500 0.283800
vt 0.357300 0.303000
vt 0.335600 0.303900
vt 0.349500 0.283900
vt 0.346300 0.282800
vt 0.331700 0.303700
vt 0.341900 0.305100
vt 0.354100 0.284900
vt 0.349200 0.305600
vt 0.360500 0.284800
vt 0.096200 0.669000
vt 0.053000 0.691500
vt 0.080600 0.732200
vt 0.124100 0.705000
vt 0.318000 0.788900
vt 0.308500 0.802400
vt 0.325600 0.809200
vt 0.334000 0.796400
vt 0.293300 0.779500
vt 0.283400 0.796900
vt 0.164200 0.733000
vt 0.132400 0.771400
vt 0.191900 0.785200
vt 0.217800 0.758800
vt 0.240600 0.790800
vt 0.257900 0.773800
vt 0.153500 0.361600
vt 0.142100 0.346300
vt 0.099100 0.380800
vt 0.118000 0.399800
vt 0.067400 0.420200
vt 0.090100 0.440200
vt 0.043400 0.476200
vt 0.070900 0.484800
vt 0.027500 0.520700
vt 0.063500 0.524400
vt 0.017500 0.562200
vt 0.059300 0.559700
vt 0.021800 0.592800
vt 0.064500 0.594700
vt 0.026700 0.628100
vt 0.073000 0.619700
vt 0.033700 0.660700
vt 0.082200 0.645000
vt 0.328300 0.303200
vt 0.323200 0.298200
vt 0.308100 0.302600
vt 0.311500 0.305400
vt 0.257900 0.313800
vt 0.262300 0.317800
vt 0.196300 0.321900
vt 0.202100 0.331400
vt 0.416200 0.304300
vt 0.388200 0.313700
vt 0.449000 0.292400
vt 0.481900 0.282300
vt 0.513200 0.277500
vt 0.541100 0.277600
vt 0.418600 0.286900
vt 0.421600 0.268900
vt 0.394800 0.278300
vt 0.391900 0.296100
vt 0.451300 0.275400
vt 0.454200 0.257900
vt 0.485100 0.266000
vt 0.489100 0.248700
vt 0.518500 0.261300
vt 0.523300 0.243900
vt 0.545900 0.261200
vt 0.550900 0.244000
vt 0.396500 0.255700
vt 0.399300 0.231400
vt 0.384300 0.237900
vt 0.380700 0.261300
vt 0.422300 0.246700
vt 0.423900 0.223200
vt 0.455300 0.237200
vt 0.457200 0.215400
vt 0.491400 0.229600
vt 0.494600 0.209300
vt 0.526500 0.226100
vt 0.530400 0.206800
vt 0.555100 0.225700
vt 0.559700 0.206400
vt 0.349800 0.261400
vt 0.353700 0.241800
vt 0.349600 0.240000
vt 0.346100 0.259500
vt 0.374200 0.242600
vt 0.371000 0.263800
vt 0.355100 0.263600
vt 0.359600 0.243600
vt 0.356900 0.242900
vt 0.352400 0.262500
vt 0.358700 0.264900
vt 0.362700 0.244600
vt 0.363800 0.265200
vt 0.367200 0.244800
vt 0.398500 0.201500
vt 0.396000 0.166900
vt 0.376100 0.172400
vt 0.380800 0.207300
vt 0.423900 0.195000
vt 0.422900 0.161900
vt 0.457200 0.189100
vt 0.456900 0.158300
vt 0.494400 0.185200
vt 0.494500 0.156900
vt 0.530200 0.184000
vt 0.530600 0.157400
vt 0.559600 0.184200
vt 0.560800 0.159000
vt 0.348400 0.214300
vt 0.339700 0.184200
vt 0.337900 0.184200
vt 0.345900 0.213500
vt 0.362200 0.177500
vt 0.368600 0.211900
vt 0.353100 0.215300
vt 0.344200 0.183600
vt 0.341800 0.184000
vt 0.350900 0.214900
vt 0.355900 0.215600
vt 0.347500 0.183000
vt 0.360600 0.214700
vt 0.352900 0.181200
vt 0.389900 0.126800
vt 0.380200 0.078000
vt 0.357600 0.085600
vt 0.368300 0.132800
vt 0.418600 0.123300
vt 0.410600 0.076800
vt 0.454400 0.122300
vt 0.449000 0.079900
vt 0.494200 0.124200
vt 0.493200 0.085800
vt 0.532400 0.127200
vt 0.534400 0.092400
vt 0.563900 0.130900
vt 0.566800 0.099100
vt 0.328300 0.152400
vt 0.314400 0.118900
vt 0.314200 0.122800
vt 0.327000 0.153600
vt 0.340700 0.094300
vt 0.353000 0.139100
vt 0.332900 0.149500
vt 0.318200 0.112000
vt 0.315500 0.115300
vt 0.330200 0.151000
vt 0.336600 0.147700
vt 0.322000 0.108600
vt 0.342800 0.144400
vt 0.329000 0.102900
vt 0.367700 0.017500
vt 0.344500 0.031200
vt 0.400900 0.021800
vt 0.440900 0.031900
vt 0.492100 0.044800
vt 0.537900 0.055300
vt 0.571300 0.063200
vt 0.298900 0.080000
vt 0.301100 0.091300
vt 0.324000 0.043000
vt 0.300300 0.068100
vt 0.297700 0.073500
vt 0.302900 0.063500
vt 0.309800 0.055300
vt 0.846600 0.741900
vt 0.847600 0.732800
vt 0.838400 0.726300
vt 0.836900 0.736900
vt 0.824200 0.716000
vt 0.822200 0.727500
vt 0.803200 0.700900
vt 0.801300 0.713200
vt 0.777700 0.682800
vt 0.776300 0.695100
vt 0.756100 0.664000
vt 0.754000 0.676400
vt 0.737800 0.646200
vt 0.734900 0.658900
vt 0.720300 0.628600
vt 0.716500 0.640900
vt 0.701000 0.612200
vt 0.694300 0.622700
vt 0.682800 0.594100
vt 0.670400 0.603500
vt 0.669300 0.573400
vt 0.852100 0.726700
vt 0.843100 0.719800
vt 0.697200 0.592600
vt 0.689400 0.574000
vt 0.706300 0.607700
vt 0.720300 0.617900
vt 0.736900 0.633700
vt 0.755300 0.652700
vt 0.777400 0.672300
vt 0.807300 0.690500
vt 0.829400 0.709100
vt 0.825600 0.380800
vt 0.838400 0.381600
vt 0.837600 0.356900
vt 0.829100 0.355400
vt 0.713700 0.599000
vt 0.707700 0.578600
vt 0.875900 0.622000
vt 0.900000 0.601800
vt 0.891500 0.582000
vt 0.867300 0.600200
vt 0.880200 0.557700
vt 0.856500 0.573500
vt 0.730900 0.612500
vt 0.750400 0.631500
vt 0.772100 0.650900
vt 0.797500 0.666000
vt 0.825600 0.426300
vt 0.843300 0.424300
vt 0.840800 0.403700
vt 0.825900 0.403500
vt 0.827500 0.473700
vt 0.848700 0.466100
vt 0.845300 0.444100
vt 0.825400 0.449200
vt 0.852900 0.744600
vt 0.855500 0.739700
vt 0.860800 0.734100
vt 0.871600 0.724000
vt 0.862600 0.716900
vt 0.642100 0.547100
vt 0.720300 0.140600
vt 0.727900 0.099700
vt 0.712700 0.174100
vt 0.699300 0.224000
vt 0.705900 0.200900
vt 0.689600 0.260900
vt 0.693600 0.244500
vt 0.681200 0.289400
vt 0.685100 0.276100
vt 0.669900 0.325000
vt 0.677100 0.302200
vt 0.664200 0.345100
vt 0.659400 0.365500
vt 0.654100 0.386600
vt 0.650200 0.409400
vt 0.647400 0.432100
vt 0.646300 0.455400
vt 0.644200 0.478800
vt 0.642700 0.501200
vt 0.641600 0.523600
vt 0.664700 0.528800
vt 0.666600 0.506600
vt 0.711200 0.265000
vt 0.715700 0.249400
vt 0.691100 0.327600
vt 0.698500 0.305300
vt 0.760200 0.184900
vt 0.783500 0.188900
vt 0.794300 0.155100
vt 0.769800 0.151100
vt 0.679600 0.367500
vt 0.685000 0.347800
vt 0.671000 0.412200
vt 0.675500 0.388600
vt 0.668400 0.459500
vt 0.669200 0.435300
vt 0.744700 0.146000
vt 0.753700 0.105500
vt 0.667300 0.483900
vt 0.721900 0.230000
vt 0.728800 0.207200
vt 0.702600 0.292900
vt 0.706500 0.279800
vt 0.736300 0.180300
vt 0.807800 0.116900
vt 0.781100 0.113600
vt 0.744500 0.234000
vt 0.766200 0.237900
vt 0.774200 0.215800
vt 0.751900 0.211700
vt 0.732700 0.267500
vt 0.753700 0.270900
vt 0.759400 0.255800
vt 0.737900 0.252300
vt 0.723000 0.295100
vt 0.742700 0.298400
vt 0.747700 0.285300
vt 0.727400 0.282000
vt 0.710200 0.330600
vt 0.728200 0.334700
vt 0.737600 0.311000
vt 0.718500 0.307600
vt 0.703100 0.351500
vt 0.720000 0.356700
vt 0.697600 0.372200
vt 0.714000 0.377600
vt 0.693400 0.393700
vt 0.709400 0.399700
vt 0.688800 0.417800
vt 0.705200 0.424100
vt 0.687200 0.441800
vt 0.702700 0.449400
vt 0.686800 0.466800
vt 0.702300 0.475100
vt 0.686000 0.491900
vt 0.703300 0.500500
vt 0.686300 0.515100
vt 0.703800 0.524300
vt 0.685600 0.536500
vt 0.704300 0.544400
vt 0.664500 0.550600
vt 0.686500 0.555400
vt 0.705000 0.561500
vt 0.722600 0.571300
vt 0.720700 0.553700
vt 0.725700 0.589900
vt 0.718700 0.533400
vt 0.717300 0.509700
vt 0.740400 0.585500
vt 0.737100 0.565500
vt 0.744300 0.607300
vt 0.734000 0.543700
vt 0.731300 0.519400
vt 0.759200 0.602300
vt 0.754300 0.578900
vt 0.764900 0.626600
vt 0.750000 0.554500
vt 0.746300 0.528700
vt 0.887000 0.732900
vt 0.902800 0.713500
vt 0.890200 0.706000
vt 0.880900 0.699600
vt 0.838400 0.526100
vt 0.861300 0.514400
vt 0.854000 0.490500
vt 0.832100 0.499600
vt 0.910100 0.741100
vt 0.922800 0.722000
vt 0.950200 0.750700
vt 0.947000 0.729000
vt 0.892300 0.663500
vt 0.913700 0.637000
vt 0.909300 0.627900
vt 0.887000 0.652100
vt 0.788500 0.642100
vt 0.780800 0.616900
vt 0.773900 0.589600
vt 0.767600 0.563200
vt 0.762500 0.536200
vt 0.814000 0.645900
vt 0.806800 0.619600
vt 0.797000 0.592300
vt 0.789200 0.565400
vt 0.782900 0.538900
vt 0.843800 0.701400
vt 0.832300 0.685400
vt 0.854400 0.710500
vt 0.937200 0.698500
vt 0.920100 0.690700
vt 0.950200 0.701900
vt 0.909300 0.684100
vt 0.822300 0.667100
vt 0.902800 0.678600
vt 0.778700 0.509500
vt 0.759500 0.507000
vt 0.744500 0.500300
vt 0.730000 0.492600
vt 0.716200 0.483600
vt 0.776900 0.480300
vt 0.758200 0.478200
vt 0.744100 0.472500
vt 0.730000 0.465000
vt 0.716800 0.457200
vt 0.777800 0.452700
vt 0.760200 0.450300
vt 0.746100 0.445200
vt 0.732800 0.438700
vt 0.719300 0.431300
vt 0.781600 0.425600
vt 0.764900 0.423400
vt 0.750500 0.418700
vt 0.737400 0.413200
vt 0.723900 0.406400
vt 0.787200 0.400600
vt 0.770700 0.398600
vt 0.756800 0.394800
vt 0.743100 0.389800
vt 0.729000 0.383700
vt 0.794100 0.377700
vt 0.778700 0.376300
vt 0.764600 0.373000
vt 0.750400 0.368400
vt 0.735700 0.362600
vt 0.804600 0.353000
vt 0.790100 0.352400
vt 0.775200 0.349900
vt 0.760000 0.345900
vt 0.744600 0.340300
vt 0.818200 0.325300
vt 0.803600 0.325700
vt 0.787700 0.324100
vt 0.771300 0.321100
vt 0.754900 0.316100
vt 0.826200 0.310500
vt 0.833900 0.295100
vt 0.818700 0.296500
vt 0.811200 0.311400
vt 0.801700 0.296100
vt 0.794800 0.310400
vt 0.783900 0.294000
vt 0.777600 0.307800
vt 0.766200 0.289900
vt 0.760600 0.303300
vt 0.842400 0.278800
vt 0.850700 0.262000
vt 0.835000 0.264300
vt 0.826900 0.280700
vt 0.816900 0.265000
vt 0.809400 0.280900
vt 0.797700 0.263900
vt 0.790900 0.279300
vt 0.778700 0.260400
vt 0.772500 0.275500
vt 0.858700 0.242800
vt 0.867800 0.220800
vt 0.853200 0.220000
vt 0.843800 0.243100
vt 0.835300 0.220800
vt 0.825800 0.244000
vt 0.815600 0.220800
vt 0.806300 0.243800
vt 0.795200 0.219300
vt 0.786500 0.241600
vt 0.878100 0.195800
vt 0.889400 0.167100
vt 0.875600 0.166000
vt 0.863900 0.194100
vt 0.859100 0.165100
vt 0.846300 0.194800
vt 0.839300 0.163400
vt 0.826400 0.194600
vt 0.816900 0.160000
vt 0.805200 0.192900
vt 0.902700 0.137000
vt 0.888400 0.135200
vt 0.875700 0.132600
vt 0.855800 0.129200
vt 0.829800 0.122400
vt 0.870100 0.535300
vt 0.847100 0.549300
vt 0.905300 0.616100
vt 0.881700 0.638400
vt 0.915200 0.455900
vt 0.924200 0.433200
vt 0.914100 0.430400
vt 0.906100 0.445800
vt 0.877900 0.413900
vt 0.883800 0.407400
vt 0.876300 0.400300
vt 0.871700 0.404900
vt 0.924600 0.468000
vt 0.934200 0.434800
vt 0.934500 0.476300
vt 0.943600 0.437900
vt 0.941900 0.481700
vt 0.950300 0.440800
vt 0.951600 0.487800
vt 0.959000 0.443600
vt 0.954700 0.442400
vt 0.947100 0.484000
vt 0.896800 0.433600
vt 0.903800 0.421800
vt 0.892300 0.413700
vt 0.886100 0.422700
vt 0.876500 0.391500
vt 0.870100 0.394200
vt 0.955900 0.491900
vt 0.962800 0.444500
vt 0.872700 0.373200
vt 0.868200 0.375600
vt 0.870000 0.354000
vt 0.865500 0.355400
vt 0.810500 0.379100
vt 0.818000 0.354000
vt 0.846400 0.636000
vt 0.836900 0.612600
vt 0.826900 0.585700
vt 0.803400 0.426400
vt 0.806600 0.402100
vt 0.801700 0.478300
vt 0.801200 0.452100
vt 0.810900 0.534300
vt 0.804800 0.506500
vt 0.866900 0.685000
vt 0.859000 0.672600
vt 0.818400 0.559300
vt 0.851800 0.657200
vt 0.899000 0.672300
vt 0.874400 0.693600
vt 0.886200 0.515400
vt 0.877800 0.496200
vt 0.901100 0.486900
vt 0.892800 0.470800
vt 0.858600 0.434300
vt 0.854200 0.418200
vt 0.868000 0.423500
vt 0.863300 0.411400
vt 0.896700 0.534000
vt 0.910600 0.503700
vt 0.908300 0.554600
vt 0.921200 0.521700
vt 0.916800 0.571500
vt 0.929800 0.534700
vt 0.926600 0.592800
vt 0.922200 0.583400
vt 0.940400 0.551600
vt 0.935500 0.544000
vt 0.870400 0.474400
vt 0.864100 0.453000
vt 0.884400 0.453900
vt 0.876200 0.436800
vt 0.851600 0.400300
vt 0.860700 0.395000
vt 0.931700 0.600100
vt 0.945300 0.556800
vt 0.849500 0.380900
vt 0.858300 0.378700
vt 0.844500 0.357300
vt 0.856700 0.356700
vt 0.922800 0.648400
vt 0.918900 0.643700
vt 0.952500 0.666500
vt 0.939400 0.660200
vt 0.928900 0.653500
vt 0.939900 0.608900
vt 0.935900 0.604800
vt 0.967900 0.624800
vt 0.956700 0.619900
vt 0.945800 0.613700
vt 0.953300 0.562100
vt 0.949500 0.559600
vt 0.979100 0.576500
vt 0.969500 0.571300
vt 0.959000 0.564600
vt 0.963700 0.497200
vt 0.959900 0.494400
vt 0.980600 0.506100
vt 0.974500 0.502100
vt 0.968500 0.500600
vt 0.968300 0.447000
vt 0.965900 0.445600
vt 0.976600 0.451600
vt 0.973700 0.449500
vt 0.970800 0.448300
vt 0.982500 0.509200
vt 0.978300 0.456900
vt 0.982500 0.578800
vt 0.973200 0.626100
vt 0.960400 0.668200
vt 0.865800 0.329000
vt 0.858700 0.329000
vt 0.850900 0.328400
vt 0.845300 0.327700
vt 0.838800 0.326600
vt 0.829900 0.325500
vt 0.870400 0.328300
vt 0.873700 0.314000
vt 0.881900 0.299000
vt 0.875200 0.298300
vt 0.867100 0.313900
vt 0.866900 0.297200
vt 0.859200 0.313100
vt 0.859200 0.296100
vt 0.852500 0.312200
vt 0.846200 0.311200
vt 0.853200 0.295300
vt 0.845100 0.294600
vt 0.837600 0.310400
vt 0.877600 0.313700
vt 0.885400 0.299100
vt 0.889600 0.282100
vt 0.896800 0.265000
vt 0.891300 0.264400
vt 0.883400 0.281500
vt 0.883800 0.263300
vt 0.875600 0.280500
vt 0.875900 0.262100
vt 0.867800 0.279300
vt 0.861700 0.278600
vt 0.869800 0.261500
vt 0.861700 0.261200
vt 0.853500 0.278200
vt 0.892700 0.282200
vt 0.899500 0.265100
vt 0.901600 0.246100
vt 0.908000 0.225800
vt 0.904200 0.225100
vt 0.897100 0.245600
vt 0.899200 0.224200
vt 0.891100 0.244700
vt 0.893500 0.223200
vt 0.884700 0.243900
vt 0.878100 0.243300
vt 0.887100 0.222300
vt 0.878800 0.221500
vt 0.869800 0.242900
vt 0.903900 0.246200
vt 0.910000 0.226100
vt 0.916400 0.204200
vt 0.927200 0.180400
vt 0.924300 0.178700
vt 0.913100 0.203100
vt 0.919500 0.176600
vt 0.908500 0.201700
vt 0.913700 0.174000
vt 0.903200 0.200200
vt 0.896900 0.198500
vt 0.907500 0.171000
vt 0.899700 0.168100
vt 0.888800 0.197000
vt 0.917900 0.204900
vt 0.928200 0.182100
vt 0.938700 0.153500
vt 0.937900 0.151000
vt 0.932300 0.147900
vt 0.925400 0.144900
vt 0.919800 0.141200
vt 0.912700 0.137600
vt 0.938200 0.157300
vt 0.343900 0.281800
vt 0.340100 0.280100
s 0
usemtl short03
f 10/1/1 28/2/1 29/3/1 11/4/1
f 901/5/2 902/6/2 40/7/2 22/8/2
f 8/9/3 26/10/3 27/11/3 9/12/3
f 19/13/4 37/14/4 38/15/4 20/16/4
f 17/17/5 35/18/5 36/19/5 18/20/5
f 15/21/6 33/22/6 34/23/6 16/24/6
f 24/25/7 42/26/7 43/27/7 25/28/7
f 13/29/8 31/30/8 32/31/8 14/32/8
f 11/4/9 29/3/9 30/33/9 12/34/9
f 938/35/10 939/36/10 41/37/10 23/38/10
f 9/12/11 27/11/11 28/2/11 10/1/11
f 864/39/12 865/40/12 39/41/12 21/42/12
f 18/20/13 36/19/13 37/14/13 19/13/13
f 16/24/14 34/23/14 35/18/14 17/17/14
f 14/32/15 32/31/15 33/22/15 15/21/15
f 12/34/16 30/33/16 31/30/16 13/29/16
f 975/43/17 976/44/17 42/26/17 24/25/17
f 33/22/18 51/45/18 52/46/18 34/23/18
f 42/26/19 60/47/19 61/48/19 43/27/19
f 31/30/20 49/49/20 50/50/20 32/31/20
f 29/3/21 47/51/21 48/52/21 30/33/21
f 939/36/22 940/53/22 59/54/22 41/37/22
f 27/11/23 45/55/23 46/56/23 28/2/23
f 865/40/24 866/57/24 57/58/24 39/41/24
f 36/19/25 54/59/25 55/60/25 37/14/25
f 34/23/26 52/46/26 53/61/26 35/18/26
f 32/31/27 50/50/27 51/45/27 33/22/27
f 30/33/28 48/52/28 49/49/28 31/30/28
f 976/44/29 977/62/29 60/47/29 42/26/29
f 28/2/30 46/56/30 47/51/30 29/3/30
f 902/6/31 903/63/31 58/64/31 40/7/31
f 26/10/32 44/65/32 45/55/32 27/11/32
f 37/14/33 55/60/33 56/66/33 38/15/33
f 35/18/34 53/61/34 54/59/34 36/19/34
f 60/47/35 78/67/35 79/68/35 61/48/35
f 49/49/36 67/69/36 68/70/36 50/50/36
f 47/51/37 65/71/37 66/72/37 48/52/37
f 940/53/38 941/73/38 77/74/38 59/54/38
f 45/55/39 63/75/39 64/76/39 46/56/39
f 866/57/40 867/77/40 75/78/40 57/58/40
f 54/59/41 72/79/41 73/80/41 55/60/41
f 52/46/42 70/81/42 71/82/42 53/61/42
f 50/50/43 68/70/43 69/83/43 51/45/43
f 48/52/44 66/72/44 67/69/44 49/49/44
f 977/62/45 978/84/45 78/67/45 60/47/45
f 46/56/46 64/76/46 65/71/46 47/51/46
f 903/63/47 904/85/47 76/86/47 58/64/47
f 44/65/48 62/87/48 63/75/48 45/55/48
f 55/60/49 73/80/49 74/88/49 56/66/49
f 53/61/50 71/82/50 72/79/50 54/59/50
f 51/45/51 69/83/51 70/81/51 52/46/51
f 65/71/52 83/89/52 84/90/52 66/72/52
f 941/73/53 942/91/53 95/92/53 77/74/53
f 63/75/54 81/93/54 82/94/54 64/76/54
f 867/77/55 868/95/55 93/96/55 75/78/55
f 72/79/56 90/97/56 91/98/56 73/80/56
f 70/81/57 88/99/57 89/100/57 71/82/57
f 68/70/58 86/101/58 87/102/58 69/83/58
f 66/72/59 84/90/59 85/103/59 67/69/59
f 978/84/60 979/104/60 96/105/60 78/67/60
f 64/76/61 82/94/61 83/89/61 65/71/61
f 904/85/62 905/106/62 94/107/62 76/86/62
f 62/87/63 80/108/63 81/93/63 63/75/63
f 73/80/64 91/98/64 92/109/64 74/88/64
f 71/82/65 89/100/65 90/97/65 72/79/65
f 69/83/66 87/102/66 88/99/66 70/81/66
f 78/67/67 96/105/67 97/110/67 79/68/67
f 67/69/68 85/103/68 86/101/68 68/70/68
f 81/93/69 99/111/69 100/112/69 82/94/69
f 868/95/70 869/113/70 111/114/70 93/96/70
f 90/97/71 108/115/71 109/116/71 91/98/71
f 88/99/72 106/117/72 107/118/72 89/100/72
f 86/101/73 104/119/73 105/120/73 87/102/73
f 84/90/74 102/121/74 103/122/74 85/103/74
f 979/104/75 980/123/75 114/124/75 96/105/75
f 82/94/76 100/112/76 101/125/76 83/89/76
f 905/106/77 906/126/77 112/127/77 94/107/77
f 80/108/78 98/128/78 99/111/78 81/93/78
f 91/98/79 109/116/79 110/129/79 92/109/79
f 89/100/80 107/118/80 108/115/80 90/97/80
f 87/102/81 105/120/81 106/117/81 88/99/81
f 96/105/82 114/124/82 115/130/82 97/110/82
f 85/103/83 103/122/83 104/119/83 86/101/83
f 83/89/84 101/125/84 102/121/84 84/90/84
f 942/91/85 943/131/85 113/132/85 95/92/85
f 108/115/86 126/133/86 127/134/86 109/116/86
f 106/117/87 124/135/87 125/136/87 107/118/87
f 104/119/88 122/137/88 123/138/88 105/120/88
f 102/121/89 120/139/89 121/140/89 103/122/89
f 980/123/90 981/141/90 132/142/90 114/124/90
f 100/112/91 118/143/91 119/144/91 101/125/91
f 906/126/92 907/145/92 130/146/92 112/127/92
f 98/128/93 116/147/93 117/148/93 99/111/93
f 109/116/94 127/134/94 128/149/94 110/129/94
f 107/118/95 125/136/95 126/133/95 108/115/95
f 105/120/96 123/138/96 124/135/96 106/117/96
f 114/124/97 132/142/97 133/150/97 115/130/97
f 103/122/98 121/140/98 122/137/98 104/119/98
f 101/125/99 119/144/99 120/139/99 102/121/99
f 943/131/100 944/151/100 131/152/100 113/132/100
f 99/111/101 117/148/101 118/143/101 100/112/101
f 869/113/102 870/153/102 129/154/102 111/114/102
f 3/155/103 1/156/103 26/10/103 8/9/103
f 1/156/104 4/157/104 44/65/104 26/10/104
f 4/157/105 2/158/105 62/87/105 44/65/105
f 2/158/106 5/159/106 80/108/106 62/87/106
f 5/159/107 6/160/107 98/128/107 80/108/107
f 7/161/108 116/147/108 98/128/108 6/160/108
f 6/162/109 148/163/109 149/164/109 7/165/109
f 5/166/110 147/167/110 148/163/110 6/162/110
f 1/168/111 143/169/111 146/170/111 4/171/111
f 4/171/112 146/170/112 144/172/112 2/173/112
f 2/173/113 144/172/113 147/167/113 5/166/113
f 3/155/114 145/174/114 143/169/114 1/168/114
f 148/163/115 155/175/115 156/176/115 149/164/115
f 147/167/116 154/177/116 155/175/116 148/163/116
f 143/169/117 150/178/117 153/179/117 146/170/117
f 146/170/118 153/179/118 151/180/118 144/172/118
f 144/172/119 151/180/119 154/177/119 147/167/119
f 145/174/120 152/181/120 150/178/120 143/169/120
f 155/175/121 162/182/121 163/183/121 156/176/121
f 154/177/122 161/184/122 162/182/122 155/175/122
f 150/178/123 157/185/123 160/186/123 153/179/123
f 153/179/124 160/186/124 158/187/124 151/180/124
f 151/180/125 158/187/125 161/184/125 154/177/125
f 152/181/126 159/188/126 157/185/126 150/178/126
f 162/182/127 169/189/127 170/190/127 163/183/127
f 161/184/128 168/191/128 169/189/128 162/182/128
f 157/185/129 164/192/129 167/193/129 160/186/129
f 160/186/130 167/193/130 165/194/130 158/187/130
f 158/187/131 165/194/131 168/191/131 161/184/131
f 159/188/132 166/195/132 164/192/132 157/185/132
f 169/189/133 176/196/133 177/197/133 170/190/133
f 168/191/134 175/198/134 176/196/134 169/189/134
f 164/192/135 171/199/135 174/200/135 167/193/135
f 167/193/136 174/200/136 172/201/136 165/194/136
f 165/194/137 172/201/137 175/198/137 168/191/137
f 166/195/138 173/202/138 171/199/138 164/192/138
f 176/196/139 183/203/139 184/204/139 177/197/139
f 175/198/140 182/205/140 183/203/140 176/196/140
f 171/199/141 178/206/141 181/207/141 174/200/141
f 174/200/142 181/207/142 179/208/142 172/201/142
f 172/201/143 179/208/143 182/205/143 175/198/143
f 173/202/144 180/209/144 178/206/144 171/199/144
f 183/203/145 190/210/145 191/211/145 184/204/145
f 182/205/146 189/212/146 190/210/146 183/203/146
f 178/206/147 185/213/147 188/214/147 181/207/147
f 181/207/148 188/214/148 186/215/148 179/208/148
f 179/208/149 186/215/149 189/212/149 182/205/149
f 180/209/150 187/216/150 185/213/150 178/206/150
f 190/210/151 197/217/151 198/218/151 191/211/151
f 189/212/152 196/219/152 197/217/152 190/210/152
f 185/213/153 192/220/153 195/221/153 188/214/153
f 188/214/154 195/221/154 193/222/154 186/215/154
f 186/215/155 193/222/155 196/219/155 189/212/155
f 187/216/156 194/223/156 192/220/156 185/213/156
f 197/217/157 204/224/157 205/225/157 198/218/157
f 196/219/158 203/226/158 204/224/158 197/217/158
f 192/220/159 199/227/159 202/228/159 195/221/159
f 195/221/160 202/228/160 200/229/160 193/222/160
f 193/222/161 200/229/161 203/226/161 196/219/161
f 194/223/162 201/230/162 199/227/162 192/220/162
f 204/224/163 211/231/163 212/232/163 205/225/163
f 203/226/164 210/233/164 211/231/164 204/224/164
f 199/227/165 206/234/165 209/235/165 202/228/165
f 202/228/166 209/235/166 207/236/166 200/229/166
f 200/229/167 207/236/167 210/233/167 203/226/167
f 201/230/168 208/237/168 206/234/168 199/227/168
f 211/231/169 218/238/169 219/239/169 212/232/169
f 210/233/170 217/240/170 218/238/170 211/231/170
f 206/234/171 213/241/171 216/242/171 209/235/171
f 209/235/172 216/242/172 214/243/172 207/236/172
f 207/236/173 214/243/173 217/240/173 210/233/173
f 208/237/174 215/244/174 213/241/174 206/234/174
f 218/238/175 225/245/175 226/246/175 219/239/175
f 217/240/176 224/247/176 225/245/176 218/238/176
f 213/241/177 220/248/177 223/249/177 216/242/177
f 216/242/178 223/249/178 221/250/178 214/243/178
f 214/243/179 221/250/179 224/247/179 217/240/179
f 215/244/180 222/251/180 220/248/180 213/241/180
f 180/209/181 232/252/181 233/253/181 187/216/181
f 173/202/182 231/254/182 232/252/182 180/209/182
f 166/195/183 230/255/183 231/254/183 173/202/183
f 159/188/184 229/256/184 230/255/184 166/195/184
f 152/181/185 228/257/185 229/256/185 159/188/185
f 145/174/186 227/258/186 228/257/186 152/181/186
f 232/252/187 239/259/187 240/260/187 233/253/187
f 231/254/188 238/261/188 239/259/188 232/252/188
f 230/255/189 237/262/189 238/261/189 231/254/189
f 229/256/190 236/263/190 237/262/190 230/255/190
f 228/257/191 235/264/191 236/263/191 229/256/191
f 227/258/192 234/265/192 235/264/192 228/257/192
f 239/259/193 246/266/193 247/267/193 240/260/193
f 238/261/194 245/268/194 246/266/194 239/259/194
f 237/262/195 244/269/195 245/268/195 238/261/195
f 236/263/196 243/270/196 244/269/196 237/262/196
f 235/264/197 242/271/197 243/270/197 236/263/197
f 234/265/198 241/272/198 242/271/198 235/264/198
f 246/266/199 253/273/199 254/274/199 247/267/199
f 245/268/200 252/275/200 253/273/200 246/266/200
f 244/269/201 251/276/201 252/275/201 245/268/201
f 243/270/202 250/277/202 251/276/202 244/269/202
f 242/271/203 249/278/203 250/277/203 243/270/203
f 241/272/204 248/279/204 249/278/204 242/271/204
f 253/273/205 260/280/205 261/281/205 254/274/205
f 252/275/206 259/282/206 260/280/206 253/273/206
f 251/276/207 258/283/207 259/282/207 252/275/207
f 250/277/208 257/284/208 258/283/208 251/276/208
f 249/278/209 256/285/209 257/284/209 250/277/209
f 248/279/210 255/286/210 256/285/210 249/278/210
f 260/280/211 267/287/211 268/288/211 261/281/211
f 259/282/212 266/289/212 267/287/212 260/280/212
f 258/283/213 265/290/213 266/289/213 259/282/213
f 257/284/214 264/291/214 265/290/214 258/283/214
f 256/285/215 263/292/215 264/291/215 257/284/215
f 255/286/216 262/293/216 263/292/216 256/285/216
f 267/287/217 274/294/217 275/295/217 268/288/217
f 266/289/218 273/296/218 274/294/218 267/287/218
f 265/290/219 272/297/219 273/296/219 266/289/219
f 264/291/220 271/298/220 272/297/220 265/290/220
f 263/292/221 270/299/221 271/298/221 264/291/221
f 262/293/222 269/300/222 270/299/222 263/292/222
f 274/294/223 281/301/223 282/302/223 275/295/223
f 273/296/224 280/303/224 281/301/224 274/294/224
f 272/297/225 279/304/225 280/303/225 273/296/225
f 271/298/226 278/305/226 279/304/226 272/297/226
f 270/299/227 277/306/227 278/305/227 271/298/227
f 269/300/228 276/307/228 277/306/228 270/299/228
f 281/301/229 288/308/229 289/309/229 282/302/229
f 280/303/230 287/310/230 288/308/230 281/301/230
f 279/304/231 286/311/231 287/310/231 280/303/231
f 278/305/232 285/312/232 286/311/232 279/304/232
f 277/306/233 284/313/233 285/312/233 278/305/233
f 276/307/234 283/314/234 284/313/234 277/306/234
f 288/308/235 295/315/235 296/316/235 289/309/235
f 287/310/236 294/317/236 295/315/236 288/308/236
f 286/311/237 293/318/237 294/317/237 287/310/237
f 285/312/238 292/319/238 293/318/238 286/311/238
f 284/313/239 291/320/239 292/319/239 285/312/239
f 283/314/240 290/321/240 291/320/240 284/313/240
f 295/315/241 302/322/241 303/323/241 296/316/241
f 294/317/242 301/324/242 302/322/242 295/315/242
f 293/318/243 300/325/243 301/324/243 294/317/243
f 292/319/244 299/326/244 300/325/244 293/318/244
f 291/320/245 298/327/245 299/326/245 292/319/245
f 290/321/246 297/328/246 298/327/246 291/320/246
f 302/322/247 309/329/247 310/330/247 303/323/247
f 301/324/248 308/331/248 309/329/248 302/322/248
f 300/325/249 307/332/249 308/331/249 301/324/249
f 299/326/250 306/333/250 307/332/250 300/325/250
f 298/327/251 305/334/251 306/333/251 299/326/251
f 297/328/252 304/335/252 305/334/252 298/327/252
f 215/244/253 314/336/253 315/337/253 222/251/253
f 208/237/254 313/338/254 314/336/254 215/244/254
f 201/230/255 312/339/255 313/338/255 208/237/255
f 194/223/256 311/340/256 312/339/256 201/230/256
f 314/336/257 319/341/257 320/342/257 315/337/257
f 313/338/258 318/343/258 319/341/258 314/336/258
f 312/339/259 317/344/259 318/343/259 313/338/259
f 311/340/260 316/345/260 317/344/260 312/339/260
f 319/341/261 324/346/261 325/347/261 320/342/261
f 318/343/262 323/348/262 324/346/262 319/341/262
f 317/344/263 322/349/263 323/348/263 318/343/263
f 316/345/264 321/350/264 322/349/264 317/344/264
f 324/346/265 329/351/265 330/352/265 325/347/265
f 323/348/266 328/353/266 329/351/266 324/346/266
f 322/349/267 327/354/267 328/353/267 323/348/267
f 321/350/268 326/355/268 327/354/268 322/349/268
f 329/351/269 334/356/269 335/357/269 330/352/269
f 328/353/270 333/358/270 334/356/270 329/351/270
f 327/354/271 332/359/271 333/358/271 328/353/271
f 326/355/272 331/360/272 332/359/272 327/354/272
f 334/356/273 339/361/273 340/362/273 335/357/273
f 333/358/274 338/363/274 339/361/274 334/356/274
f 332/359/275 337/364/275 338/363/275 333/358/275
f 331/360/276 336/365/276 337/364/276 332/359/276
f 339/361/277 344/366/277 345/367/277 340/362/277
f 338/363/278 343/368/278 344/366/278 339/361/278
f 337/364/279 342/369/279 343/368/279 338/363/279
f 336/365/280 341/370/280 342/369/280 337/364/280
f 344/366/281 349/371/281 350/372/281 345/367/281
f 343/368/282 348/373/282 349/371/282 344/366/282
f 342/369/283 347/374/283 348/373/283 343/368/283
f 341/370/284 346/375/284 347/374/284 342/369/284
f 349/371/285 354/376/285 355/377/285 350/372/285
f 348/373/286 353/378/286 354/376/286 349/371/286
f 347/374/287 352/379/287 353/378/287 348/373/287
f 346/375/288 351/380/288 352/379/288 347/374/288
f 354/376/289 359/381/289 360/382/289 355/377/289
f 353/378/290 358/383/290 359/381/290 354/376/290
f 352/379/291 357/384/291 358/383/291 353/378/291
f 351/380/292 356/385/292 357/384/292 352/379/292
f 359/381/293 364/386/293 365/387/293 360/382/293
f 358/383/294 363/388/294 364/386/294 359/381/294
f 357/384/295 362/389/295 363/388/295 358/383/295
f 356/385/296 361/390/296 362/389/296 357/384/296
f 364/386/297 369/391/297 370/392/297 365/387/297
f 363/388/298 368/393/298 369/391/298 364/386/298
f 362/389/299 367/394/299 368/393/299 363/388/299
f 361/390/300 366/395/300 367/394/300 362/389/300
f 303/323/301 310/330/301 366/395/301 361/390/301
f 310/330/302 371/396/302 372/397/302 366/395/302
f 369/391/303 375/398/303 376/399/303 370/392/303
f 368/393/304 374/400/304 375/398/304 369/391/304
f 367/394/305 373/401/305 374/400/305 368/393/305
f 366/395/306 372/397/306 373/401/306 367/394/306
f 871/402/307 377/403/307 378/404/307 872/405/307
f 873/406/308 381/407/308 382/408/308 874/409/308
f 875/410/309 380/411/309 381/407/309 873/406/309
f 876/412/310 379/413/310 380/411/310 875/410/310
f 872/405/311 378/404/311 379/413/311 876/412/311
f 3/155/312 8/9/312 227/258/312 145/174/312
f 8/9/313 9/12/313 234/265/313 227/258/313
f 9/12/314 10/1/314 241/272/314 234/265/314
f 10/1/315 11/4/315 248/279/315 241/272/315
f 11/4/316 12/34/316 255/286/316 248/279/316
f 12/34/317 13/29/317 262/293/317 255/286/317
f 13/29/318 14/32/318 269/300/318 262/293/318
f 14/32/319 15/21/319 276/307/319 269/300/319
f 15/21/320 16/24/320 283/314/320 276/307/320
f 16/24/321 17/17/321 290/321/321 283/314/321
f 17/17/322 18/20/322 297/328/322 290/321/322
f 18/20/323 19/13/323 304/335/323 297/328/323
f 296/316/324 303/323/324 361/390/324 356/385/324
f 289/309/325 296/316/325 356/385/325 351/380/325
f 468/414/326 390/415/326 385/416/326 469/417/326
f 470/418/327 388/419/327 389/420/327 471/421/327
f 472/422/328 387/423/328 388/419/328 470/418/328
f 473/424/329 383/425/329 386/426/329 474/427/329
f 474/427/330 386/426/330 384/428/330 475/429/330
f 475/429/331 384/428/331 387/423/331 472/422/331
f 469/417/332 385/416/332 383/425/332 473/424/332
f 476/430/333 399/431/333 398/432/333 477/433/333
f 477/433/334 398/432/334 397/434/334 478/435/334
f 478/435/335 397/434/335 396/436/335 479/437/335
f 479/437/336 396/436/336 395/438/336 480/439/336
f 480/439/337 395/438/337 394/440/337 481/441/337
f 481/441/338 394/440/338 393/442/338 482/443/338
f 482/443/339 393/442/339 392/444/339 483/445/339
f 483/445/340 392/444/340 391/446/340 484/447/340
f 484/447/341 391/446/341 390/415/341 468/414/341
f 194/223/342 187/216/342 233/253/342 311/340/342
f 233/253/343 240/260/343 316/345/343 311/340/343
f 240/260/344 247/267/344 321/350/344 316/345/344
f 247/267/345 254/274/345 326/355/345 321/350/345
f 254/274/346 261/281/346 331/360/346 326/355/346
f 261/281/347 268/288/347 336/365/347 331/360/347
f 268/288/348 275/295/348 341/370/348 336/365/348
f 275/295/349 282/302/349 346/375/349 341/370/349
f 282/302/350 289/309/350 351/380/350 346/375/350
f 884/448/351 877/449/351 402/450/351 486/451/351
f 486/451/352 402/450/352 401/452/352 487/453/352
f 487/453/353 401/452/353 400/454/353 488/455/353
f 488/455/354 400/454/354 399/431/354 476/430/354
f 308/331/355 408/456/355 409/457/355 309/329/355
f 307/332/356 407/458/356 408/456/356 308/331/356
f 306/333/357 406/459/357 407/458/357 307/332/357
f 305/334/358 405/460/358 406/459/358 306/333/358
f 304/335/359 404/461/359 405/460/359 305/334/359
f 878/462/360 414/463/360 415/464/360 879/465/360
f 880/466/361 413/467/361 414/463/361 878/462/361
f 881/468/362 412/469/362 413/467/362 880/466/362
f 882/470/363 411/471/363 412/469/363 881/468/363
f 883/472/364 410/473/364 411/471/364 882/470/364
f 309/329/365 409/457/365 371/396/365 310/330/365
f 871/402/366 371/396/366 409/457/366 879/465/366
f 19/13/367 20/16/367 404/461/367 304/335/367
f 864/39/368 21/42/368 410/473/368 883/472/368
f 908/474/369 428/475/369 416/476/369 909/477/369
f 910/478/370 427/479/370 428/475/370 908/474/370
f 911/480/371 426/481/371 427/479/371 910/478/371
f 912/482/372 425/483/372 426/481/372 911/480/372
f 913/484/373 424/485/373 425/483/373 912/482/373
f 914/486/374 423/487/374 424/485/374 913/484/374
f 921/488/375 489/489/375 422/490/375 916/491/375
f 909/477/376 416/476/376 417/492/376 917/493/376
f 918/494/377 420/495/377 421/496/377 915/497/377
f 919/498/378 419/499/378 420/495/378 918/494/378
f 920/500/379 418/501/379 419/499/379 919/498/379
f 917/493/380 417/492/380 418/501/380 920/500/380
f 945/502/381 441/503/381 429/504/381 946/505/381
f 947/506/382 440/507/382 441/503/382 945/502/382
f 948/508/383 439/509/383 440/507/383 947/506/383
f 949/510/384 438/511/384 439/509/384 948/508/384
f 950/512/385 437/513/385 438/511/385 949/510/385
f 951/514/386 436/515/386 437/513/386 950/512/386
f 958/516/387 490/517/387 435/518/387 953/519/387
f 946/505/388 429/504/388 430/520/388 954/521/388
f 955/522/389 433/523/389 434/524/389 952/525/389
f 956/526/390 432/527/390 433/523/390 955/522/390
f 957/528/391 431/529/391 432/527/391 956/526/391
f 954/521/392 430/520/392 431/529/392 957/528/392
f 982/530/393 454/531/393 442/532/393 983/533/393
f 984/534/394 453/535/394 454/531/394 982/530/394
f 985/536/395 452/537/395 453/535/395 984/534/395
f 986/538/396 451/539/396 452/537/396 985/536/396
f 987/540/397 450/541/397 451/539/397 986/538/397
f 988/542/398 449/543/398 450/541/398 987/540/398
f 995/544/399 491/545/399 448/546/399 990/547/399
f 983/533/400 442/532/400 443/548/400 991/549/400
f 992/550/401 446/551/401 447/552/401 989/553/401
f 993/554/402 445/555/402 446/551/402 992/550/402
f 994/556/403 444/557/403 445/555/403 993/554/403
f 991/549/404 443/548/404 444/557/404 994/556/404
f 454/531/405 467/558/405 455/559/405 442/532/405
f 453/535/406 466/560/406 467/558/406 454/531/406
f 452/537/407 465/561/407 466/560/407 453/535/407
f 451/539/408 464/562/408 465/561/408 452/537/408
f 450/541/409 463/563/409 464/562/409 451/539/409
f 449/543/410 462/564/410 463/563/410 450/541/410
f 491/545/411 492/565/411 461/566/411 448/546/411
f 442/532/412 455/559/412 456/567/412 443/548/412
f 446/551/413 459/568/413 460/569/413 447/552/413
f 445/555/414 458/570/414 459/568/414 446/551/414
f 444/557/415 457/571/415 458/570/415 445/555/415
f 443/548/416 456/567/416 457/571/416 444/557/416
f 315/337/417 468/414/417 469/417/417 222/251/417
f 225/245/418 470/418/418 471/421/418 226/246/418
f 224/247/419 472/422/419 470/418/419 225/245/419
f 220/248/420 473/424/420 474/427/420 223/249/420
f 223/249/421 474/427/421 475/429/421 221/250/421
f 221/250/422 475/429/422 472/422/422 224/247/422
f 222/251/423 469/417/423 473/424/423 220/248/423
f 360/382/424 476/430/424 477/433/424 355/377/424
f 355/377/425 477/433/425 478/435/425 350/372/425
f 350/372/426 478/435/426 479/437/426 345/367/426
f 345/367/427 479/437/427 480/439/427 340/362/427
f 340/362/428 480/439/428 481/441/428 335/357/428
f 335/357/429 481/441/429 482/443/429 330/352/429
f 330/352/430 482/443/430 483/445/430 325/347/430
f 325/347/431 483/445/431 484/447/431 320/342/431
f 320/342/432 484/447/432 468/414/432 315/337/432
f 874/409/433 884/448/433 486/451/433 376/399/433
f 376/399/434 486/451/434 487/453/434 370/392/434
f 370/392/435 487/453/435 488/455/435 365/387/435
f 365/387/436 488/455/436 476/430/436 360/382/436
f 915/497/437 421/496/437 489/489/437 921/488/437
f 952/525/438 434/524/438 490/517/438 958/516/438
f 989/553/439 447/552/439 491/545/439 995/544/439
f 447/552/440 460/569/440 492/565/440 491/545/440
f 212/572/441 494/573/441 493/574/441 205/575/441
f 205/575/442 493/574/442 134/576/442 198/577/442
f 198/577/443 134/576/443 135/578/443 191/579/443
f 191/579/444 135/578/444 136/580/444 184/581/444
f 184/581/445 136/580/445 137/582/445 177/583/445
f 177/583/446 137/582/446 138/584/446 170/585/446
f 170/585/447 138/584/447 139/586/447 163/587/447
f 163/587/448 139/586/448 140/588/448 156/589/448
f 156/589/449 140/588/449 141/590/449 149/591/449
f 149/591/450 141/590/450 142/592/450 7/161/450
f 494/573/451 505/593/451 504/594/451 493/574/451
f 141/590/452 502/595/452 503/596/452 142/592/452
f 140/588/453 501/597/453 502/595/453 141/590/453
f 139/586/454 500/598/454 501/597/454 140/588/454
f 138/584/455 499/599/455 500/598/455 139/586/455
f 137/582/456 498/600/456 499/599/456 138/584/456
f 136/580/457 497/601/457 498/600/457 137/582/457
f 135/578/458 496/602/458 497/601/458 136/580/458
f 134/576/459 495/603/459 496/602/459 135/578/459
f 493/574/460 504/594/460 495/603/460 134/576/460
f 738/604/461 698/605/461 699/606/461 730/607/461
f 502/595/462 513/608/462 514/609/462 503/596/462
f 744/610/463 601/611/463 508/612/463 732/613/463
f 732/613/464 508/612/464 515/614/464 733/615/464
f 500/598/465 499/599/465 512/616/465 513/608/465
f 499/599/466 498/600/466 511/617/466 512/616/466
f 498/600/467 497/601/467 510/618/467 511/617/467
f 497/601/468 496/602/468 509/619/468 510/618/468
f 737/620/469 696/621/469 697/622/469 736/623/469
f 740/624/470 694/625/470 695/626/470 739/627/470
f 212/572/471 219/628/471 226/629/471 494/573/471
f 226/629/472 471/630/472 505/593/472 494/573/472
f 471/630/473 389/631/473 516/632/473 505/593/473
f 517/633/474 117/148/474 116/147/474 7/161/474
f 132/142/475 532/634/475 533/635/475 133/150/475
f 981/141/476 996/636/476 532/634/476 132/142/476
f 944/151/477 959/637/477 531/638/477 131/152/477
f 907/145/478 922/639/478 530/640/478 130/146/478
f 870/153/479 885/641/479 529/642/479 129/154/479
f 127/134/480 527/643/480 528/644/480 128/149/480
f 126/133/481 526/645/481 527/643/481 127/134/481
f 125/136/482 525/646/482 526/645/482 126/133/482
f 124/135/483 524/647/483 525/646/483 125/136/483
f 123/138/484 523/648/484 524/647/484 124/135/484
f 122/137/485 522/649/485 523/648/485 123/138/485
f 121/140/486 521/650/486 522/649/486 122/137/486
f 120/139/487 520/651/487 521/650/487 121/140/487
f 119/144/488 519/652/488 520/651/488 120/139/488
f 118/143/489 518/653/489 519/652/489 119/144/489
f 118/143/490 117/148/490 517/633/490 518/653/490
f 518/653/491 535/654/491 536/655/491 519/652/491
f 922/639/492 923/656/492 547/657/492 530/640/492
f 527/643/493 544/658/493 545/659/493 528/644/493
f 999/660/494 998/661/494 564/662/494 567/663/494
f 525/646/495 542/664/495 543/665/495 526/645/495
f 523/648/496 540/666/496 541/667/496 524/647/496
f 521/650/497 538/668/497 539/669/497 522/649/497
f 532/634/498 549/670/498 550/671/498 533/635/498
f 519/652/499 536/655/499 537/672/499 520/651/499
f 959/637/500 960/673/500 548/674/500 531/638/500
f 885/641/501 886/675/501 546/676/501 529/642/501
f 526/645/502 543/665/502 544/658/502 527/643/502
f 524/647/503 541/667/503 542/664/503 525/646/503
f 522/649/504 539/669/504 540/666/504 523/648/504
f 520/651/505 537/672/505 538/668/505 521/650/505
f 996/636/506 997/677/506 549/670/506 532/634/506
f 567/663/507 564/662/507 565/678/507 568/679/507
f 962/680/508 961/681/508 563/682/508 569/683/508
f 925/684/509 924/685/509 562/686/509 570/687/509
f 888/688/510 887/689/510 561/690/510 571/691/510
f 573/692/511 559/693/511 560/694/511 572/695/511
f 574/696/512 558/697/512 559/693/512 573/692/512
f 575/698/513 557/699/513 558/697/513 574/696/513
f 576/700/514 556/701/514 557/699/514 575/698/514
f 577/702/515 555/703/515 556/701/515 576/700/515
f 578/704/516 554/705/516 555/703/516 577/702/516
f 579/706/517 553/707/517 554/705/517 578/704/517
f 580/708/518 552/709/518 553/707/518 579/706/518
f 581/710/519 551/711/519 552/709/519 580/708/519
f 582/712/520 534/713/520 551/711/520 581/710/520
f 142/592/521 566/714/521 517/633/521 7/161/521
f 517/633/522 566/714/522 535/654/522 518/653/522
f 997/677/523 999/660/523 567/663/523 549/670/523
f 549/670/524 567/663/524 568/679/524 550/671/524
f 960/673/525 962/680/525 569/683/525 548/674/525
f 923/656/526 925/684/526 570/687/526 547/657/526
f 886/675/527 888/688/527 571/691/527 546/676/527
f 544/658/528 573/692/528 572/695/528 545/659/528
f 543/665/529 574/696/529 573/692/529 544/658/529
f 542/664/530 575/698/530 574/696/530 543/665/530
f 541/667/531 576/700/531 575/698/531 542/664/531
f 540/666/532 577/702/532 576/700/532 541/667/532
f 539/669/533 578/704/533 577/702/533 540/666/533
f 538/668/534 579/706/534 578/704/534 539/669/534
f 537/672/535 580/708/535 579/706/535 538/668/535
f 536/655/536 581/710/536 580/708/536 537/672/536
f 535/654/537 582/712/537 581/710/537 536/655/537
f 583/715/538 582/712/538 535/654/538 566/714/538
f 503/596/539 583/715/539 566/714/539 142/592/539
f 514/609/540 584/716/540 583/715/540 503/596/540
f 534/713/541 582/712/541 583/715/541 584/716/541
f 584/716/542 589/717/542 586/718/542 534/713/542
f 514/609/543 585/719/543 589/717/543 584/716/543
f 534/713/544 586/718/544 587/720/544 551/711/544
f 551/711/545 587/720/545 588/721/545 552/709/545
f 513/608/546 512/616/546 585/719/546 514/609/546
f 589/717/547 594/722/547 591/723/547 586/718/547
f 585/719/548 590/724/548 594/722/548 589/717/548
f 586/718/549 591/723/549 592/725/549 587/720/549
f 587/720/550 592/725/550 593/726/550 588/721/550
f 512/616/551 511/617/551 590/724/551 585/719/551
f 594/722/552 599/727/552 596/728/552 591/723/552
f 590/724/553 595/729/553 599/727/553 594/722/553
f 591/723/554 596/728/554 597/730/554 592/725/554
f 592/725/555 597/730/555 598/731/555 593/726/555
f 511/617/556 510/618/556 595/729/556 590/724/556
f 388/732/557 605/733/557 604/734/557 389/631/557
f 389/631/558 604/734/558 600/735/558 516/632/558
f 742/736/559 506/737/559 693/738/559 741/739/559
f 736/623/560 697/622/560 698/605/560 738/604/560
f 739/627/561 695/626/561 696/621/561 737/620/561
f 741/739/562 693/738/562 694/625/562 740/624/562
f 387/740/563 608/741/563 605/733/563 388/732/563
f 384/742/564 609/743/564 608/741/564 387/740/564
f 743/744/565 606/745/565 603/746/565 731/747/565
f 509/619/566 607/748/566 595/729/566 510/618/566
f 599/727/567 613/749/567 610/750/567 596/728/567
f 596/728/568 610/750/568 611/751/568 597/730/568
f 597/730/569 611/751/569 612/752/569 598/731/569
f 599/727/570 595/729/570 607/748/570 613/749/570
f 607/748/571 621/753/571 627/754/571 613/749/571
f 613/749/572 627/754/572 624/755/572 610/750/572
f 610/750/573 624/755/573 625/756/573 611/751/573
f 611/751/574 625/756/574 626/757/574 612/752/574
f 496/602/575 495/603/575 616/758/575 617/759/575
f 504/594/576 505/593/576 516/632/576 615/760/576
f 608/741/577 622/761/577 619/762/577 605/733/577
f 609/743/578 623/763/578 622/761/578 608/741/578
f 605/733/579 619/762/579 618/764/579 604/734/579
f 620/765/580 621/753/580 607/748/580 509/619/580
f 504/594/581 615/760/581 616/758/581 495/603/581
f 604/734/582 618/764/582 614/766/582 600/735/582
f 496/602/583 617/759/583 620/765/583 509/619/583
f 626/757/584 632/767/584 631/768/584 612/752/584
f 612/752/585 631/768/585 630/769/585 598/731/585
f 598/731/586 630/769/586 629/770/586 593/726/586
f 593/726/587 629/770/587 628/771/587 588/721/587
f 632/767/588 637/772/588 636/773/588 631/768/588
f 631/768/589 636/773/589 635/774/589 630/769/589
f 630/769/590 635/774/590 634/775/590 629/770/590
f 629/770/591 634/775/591 633/776/591 628/771/591
f 637/772/592 642/777/592 641/778/592 636/773/592
f 636/773/593 641/778/593 640/779/593 635/774/593
f 635/774/594 640/779/594 639/780/594 634/775/594
f 634/775/595 639/780/595 638/781/595 633/776/595
f 642/777/596 647/782/596 646/783/596 641/778/596
f 641/778/597 646/783/597 645/784/597 640/779/597
f 640/779/598 645/784/598 644/785/598 639/780/598
f 639/780/599 644/785/599 643/786/599 638/781/599
f 647/782/600 652/787/600 651/788/600 646/783/600
f 646/783/601 651/788/601 650/789/601 645/784/601
f 645/784/602 650/789/602 649/790/602 644/785/602
f 644/785/603 649/790/603 648/791/603 643/786/603
f 652/787/604 657/792/604 656/793/604 651/788/604
f 651/788/605 656/793/605 655/794/605 650/789/605
f 650/789/606 655/794/606 654/795/606 649/790/606
f 649/790/607 654/795/607 653/796/607 648/791/607
f 657/792/608 662/797/608 661/798/608 656/793/608
f 656/793/609 661/798/609 660/799/609 655/794/609
f 655/794/610 660/799/610 659/800/610 654/795/610
f 654/795/611 659/800/611 658/801/611 653/796/611
f 662/797/612 667/802/612 666/803/612 661/798/612
f 661/798/613 666/803/613 665/804/613 660/799/613
f 660/799/614 665/804/614 664/805/614 659/800/614
f 659/800/615 664/805/615 663/806/615 658/801/615
f 889/807/616 672/808/616 671/809/616 890/810/616
f 890/810/617 671/809/617 670/811/617 891/812/617
f 891/812/618 670/811/618 669/813/618 892/814/618
f 892/814/619 669/813/619 668/815/619 893/816/619
f 926/817/620 677/818/620 676/819/620 927/820/620
f 927/820/621 676/819/621 675/821/621 928/822/621
f 928/822/622 675/821/622 674/823/622 929/824/622
f 929/824/623 674/823/623 673/825/623 930/826/623
f 963/827/624 682/828/624 681/829/624 964/830/624
f 964/830/625 681/829/625 680/831/625 965/832/625
f 965/832/626 680/831/626 679/833/626 966/834/626
f 966/834/627 679/833/627 678/835/627 967/836/627
f 1000/837/628 687/838/628 686/839/628 1001/840/628
f 1001/840/629 686/839/629 685/841/629 1002/842/629
f 1002/842/630 685/841/630 684/843/630 1003/844/630
f 1003/844/631 684/843/631 683/845/631 1004/846/631
f 687/838/632 692/847/632 691/848/632 686/839/632
f 686/839/633 691/848/633 690/849/633 685/841/633
f 685/841/634 690/849/634 689/850/634 684/843/634
f 684/843/635 689/850/635 688/851/635 683/845/635
f 500/598/636 513/608/636 502/595/636 501/597/636
f 733/615/637 515/614/637 507/852/637 734/853/637
f 734/853/638 507/852/638 506/737/638 742/736/638
f 731/747/639 603/746/639 602/854/639 735/855/639
f 735/855/640 602/854/640 601/611/640 744/610/640
f 747/856/641 701/857/641 700/858/641 752/859/641
f 753/860/642 710/861/642 711/862/642 758/863/642
f 759/864/643 703/865/643 701/857/643 747/856/643
f 762/866/644 702/867/644 703/865/644 759/864/644
f 765/868/645 704/869/645 702/867/645 762/866/645
f 768/870/646 706/871/646 705/872/646 773/873/646
f 774/874/647 708/875/647 709/876/647 779/877/647
f 773/873/648 705/872/648 704/869/648 765/868/648
f 758/863/649 711/862/649 712/878/649 782/879/649
f 779/877/650 709/876/650 710/861/650 753/860/650
f 783/880/651 707/881/651 706/871/651 768/870/651
f 752/859/652 700/858/652 708/875/652 774/874/652
f 782/879/653 712/878/653 713/882/653 788/883/653
f 788/883/654 713/882/654 714/884/654 791/885/654
f 657/792/655 718/886/655 716/887/655 662/797/655
f 621/753/656 725/888/656 726/889/656 627/754/656
f 627/754/657 726/889/657 727/890/657 624/755/657
f 647/782/658 717/891/658 715/892/658 652/787/658
f 637/772/659 720/893/659 719/894/659 642/777/659
f 626/757/660 722/895/660 721/896/660 632/767/660
f 652/787/661 715/892/661 718/886/661 657/792/661
f 642/777/662 719/894/662 717/891/662 647/782/662
f 632/767/663 721/896/663 720/893/663 637/772/663
f 616/758/664 723/897/664 724/898/664 617/759/664
f 624/755/665 727/890/665 728/899/665 625/756/665
f 625/756/666 728/899/666 722/895/666 626/757/666
f 617/759/667 724/898/667 729/900/667 620/765/667
f 620/765/668 729/900/668 725/888/668 621/753/668
f 718/886/669 738/604/669 730/607/669 716/887/669
f 725/888/670 744/610/670 732/613/670 726/889/670
f 726/889/671 732/613/671 733/615/671 727/890/671
f 717/891/672 737/620/672 736/623/672 715/892/672
f 720/893/673 740/624/673 739/627/673 719/894/673
f 722/895/674 742/736/674 741/739/674 721/896/674
f 715/892/675 736/623/675 738/604/675 718/886/675
f 719/894/676 739/627/676 737/620/676 717/891/676
f 721/896/677 741/739/677 740/624/677 720/893/677
f 723/897/678 743/744/678 731/747/678 724/898/678
f 727/890/679 733/615/679 734/853/679 728/899/679
f 728/899/680 734/853/680 742/736/680 722/895/680
f 724/898/681 731/747/681 735/855/681 729/900/681
f 729/900/682 735/855/682 744/610/682 725/888/682
f 746/901/683 745/902/683 600/735/683 614/766/683
f 743/744/684 723/897/684 745/902/684 746/901/684
f 615/760/685 745/902/685 723/897/685 616/758/685
f 600/735/686 745/902/686 615/760/686 516/632/686
f 507/852/687 749/903/687 750/904/687 506/737/687
f 749/903/688 748/905/688 751/906/688 750/904/688
f 748/905/689 747/856/689 752/859/689 751/906/689
f 695/626/690 755/907/690 756/908/690 696/621/690
f 755/907/691 754/909/691 757/910/691 756/908/691
f 754/909/692 753/860/692 758/863/692 757/910/692
f 515/614/693 761/911/693 749/903/693 507/852/693
f 761/911/694 760/912/694 748/905/694 749/903/694
f 760/912/695 759/864/695 747/856/695 748/905/695
f 508/612/696 764/913/696 761/911/696 515/614/696
f 764/913/697 763/914/697 760/912/697 761/911/697
f 763/914/698 762/866/698 759/864/698 760/912/698
f 601/611/699 767/915/699 764/913/699 508/612/699
f 767/915/700 766/916/700 763/914/700 764/913/700
f 766/916/701 765/868/701 762/866/701 763/914/701
f 603/746/702 770/917/702 771/918/702 602/854/702
f 770/917/703 769/919/703 772/920/703 771/918/703
f 769/919/704 768/870/704 773/873/704 772/920/704
f 693/738/705 776/921/705 777/922/705 694/625/705
f 776/921/706 775/923/706 778/924/706 777/922/706
f 775/923/707 774/874/707 779/877/707 778/924/707
f 602/854/708 771/918/708 767/915/708 601/611/708
f 771/918/709 772/920/709 766/916/709 767/915/709
f 772/920/710 773/873/710 765/868/710 766/916/710
f 696/621/711 756/908/711 780/925/711 697/622/711
f 756/908/712 757/910/712 781/926/712 780/925/712
f 757/910/713 758/863/713 782/879/713 781/926/713
f 694/625/714 777/922/714 755/907/714 695/626/714
f 777/922/715 778/924/715 754/909/715 755/907/715
f 778/924/716 779/877/716 753/860/716 754/909/716
f 606/745/717 785/927/717 770/917/717 603/746/717
f 785/927/718 784/928/718 769/919/718 770/917/718
f 784/928/719 783/880/719 768/870/719 769/919/719
f 506/737/720 750/904/720 776/921/720 693/738/720
f 750/904/721 751/906/721 775/923/721 776/921/721
f 751/906/722 752/859/722 774/874/722 775/923/722
f 697/622/723 780/925/723 786/929/723 698/605/723
f 780/925/724 781/926/724 787/930/724 786/929/724
f 781/926/725 782/879/725 788/883/725 787/930/725
f 698/605/726 786/929/726 789/931/726 699/606/726
f 786/929/727 787/930/727 790/932/727 789/931/727
f 787/930/728 788/883/728 791/885/728 790/932/728
f 614/766/729 792/933/729 796/934/729 746/901/729
f 622/761/730 795/935/730 794/936/730 619/762/730
f 619/762/731 794/936/731 793/937/731 618/764/731
f 618/764/732 793/937/732 792/933/732 614/766/732
f 792/933/733 797/938/733 801/939/733 796/934/733
f 795/935/734 800/940/734 799/941/734 794/936/734
f 794/936/735 799/941/735 798/942/735 793/937/735
f 793/937/736 798/942/736 797/938/736 792/933/736
f 797/938/737 802/943/737 806/944/737 801/939/737
f 800/940/738 805/945/738 804/946/738 799/941/738
f 799/941/739 804/946/739 803/947/739 798/942/739
f 798/942/740 803/947/740 802/943/740 797/938/740
f 802/943/741 807/948/741 811/949/741 806/944/741
f 805/945/742 810/950/742 809/951/742 804/946/742
f 804/946/743 809/951/743 808/952/743 803/947/743
f 803/947/744 808/952/744 807/948/744 802/943/744
f 807/948/745 812/953/745 816/954/745 811/949/745
f 810/950/746 815/955/746 814/956/746 809/951/746
f 809/951/747 814/956/747 813/957/747 808/952/747
f 808/952/748 813/957/748 812/953/748 807/948/748
f 810/950/749 820/958/749 821/959/749 815/955/749
f 805/945/750 819/960/750 820/958/750 810/950/750
f 800/940/751 818/961/751 819/960/751 805/945/751
f 795/935/752 817/962/752 818/961/752 800/940/752
f 622/761/753 623/763/753 817/962/753 795/935/753
f 606/745/754 743/744/754 746/901/754 796/934/754
f 785/927/755 606/745/755 796/934/755 801/939/755
f 784/928/756 785/927/756 801/939/756 806/944/756
f 783/880/757 784/928/757 806/944/757 811/949/757
f 707/881/758 783/880/758 811/949/758 816/954/758
f 553/707/759 552/709/759 588/721/759 628/771/759
f 554/705/760 553/707/760 628/771/760 633/776/760
f 555/703/761 554/705/761 633/776/761 638/781/761
f 556/701/762 555/703/762 638/781/762 643/786/762
f 557/699/763 556/701/763 643/786/763 648/791/763
f 558/697/764 557/699/764 648/791/764 653/796/764
f 559/693/765 558/697/765 653/796/765 658/801/765
f 560/694/766 559/693/766 658/801/766 663/806/766
f 887/689/767 560/694/767 663/806/767 893/816/767
f 924/685/768 561/690/768 668/815/768 930/826/768
f 961/681/769 562/686/769 673/825/769 967/836/769
f 998/661/770 563/682/770 678/835/770 1004/846/770
f 565/678/771 564/662/771 683/845/771 688/851/771
f 791/885/772 828/963/772 827/964/772 790/932/772
f 790/932/773 827/964/773 826/965/773 789/931/773
f 789/931/774 826/965/774 822/966/774 699/606/774
f 730/607/775 825/967/775 824/968/775 716/887/775
f 714/884/776 823/969/776 828/963/776 791/885/776
f 699/606/777 822/966/777 825/967/777 730/607/777
f 894/970/778 835/971/778 834/972/778 895/973/778
f 895/973/779 834/972/779 833/974/779 896/975/779
f 896/975/780 833/974/780 829/976/780 897/977/780
f 898/978/781 832/979/781 831/980/781 899/981/781
f 900/982/782 830/983/782 835/971/782 894/970/782
f 897/977/783 829/976/783 832/979/783 898/978/783
f 931/984/784 842/985/784 841/986/784 932/987/784
f 932/987/785 841/986/785 840/988/785 933/989/785
f 933/989/786 840/988/786 836/990/786 934/991/786
f 935/992/787 839/993/787 838/994/787 936/995/787
f 937/996/788 837/997/788 842/985/788 931/984/788
f 934/991/789 836/990/789 839/993/789 935/992/789
f 968/998/790 849/999/790 848/1000/790 969/1001/790
f 969/1001/791 848/1000/791 847/1002/791 970/1003/791
f 970/1003/792 847/1002/792 843/1004/792 971/1005/792
f 972/1006/793 846/1007/793 845/1008/793 973/1009/793
f 974/1010/794 844/1011/794 849/999/794 968/998/794
f 971/1005/795 843/1004/795 846/1007/795 972/1006/795
f 1005/1012/796 856/1013/796 855/1014/796 1006/1015/796
f 1006/1015/797 855/1014/797 854/1016/797 1007/1017/797
f 1007/1017/798 854/1016/798 850/1018/798 1008/1019/798
f 1009/1020/799 853/1021/799 852/1022/799 1010/1023/799
f 1011/1024/800 851/1025/800 856/1013/800 1005/1012/800
f 1008/1019/801 850/1018/801 853/1021/801 1009/1020/801
f 856/1013/802 863/1026/802 862/1027/802 855/1014/802
f 855/1014/803 862/1027/803 861/1028/803 854/1016/803
f 854/1016/804 861/1028/804 857/1029/804 850/1018/804
f 853/1021/805 860/1030/805 859/1031/805 852/1022/805
f 851/1025/806 858/1032/806 863/1026/806 856/1013/806
f 850/1018/807 857/1029/807 860/1030/807 853/1021/807
f 692/847/808 687/838/808 852/1022/808 859/1031/808
f 1000/837/809 682/828/809 845/1008/809 1010/1023/809
f 963/827/810 677/818/810 838/994/810 973/1009/810
f 926/817/811 672/808/811 831/980/811 936/995/811
f 889/807/812 667/802/812 824/968/812 899/981/812
f 667/802/813 662/797/813 716/887/813 824/968/813
f 901/5/814 22/8/814 423/487/814 914/486/814
f 938/35/815 23/38/815 436/515/815 951/514/815
f 975/43/816 24/25/816 449/543/816 988/542/816
f 24/25/817 25/28/817 462/564/817 449/543/817
f 20/16/818 38/15/818 865/40/818 864/39/818
f 38/15/819 56/66/819 866/57/819 865/40/819
f 56/66/820 74/88/820 867/77/820 866/57/820
f 74/88/821 92/109/821 868/95/821 867/77/821
f 92/109/822 110/129/822 869/113/822 868/95/822
f 110/129/823 128/149/823 870/153/823 869/113/823
f 371/396/824 871/402/824 872/405/824 372/397/824
f 375/398/825 873/406/825 874/409/825 376/399/825
f 374/400/826 875/410/826 873/406/826 375/398/826
f 373/401/827 876/412/827 875/410/827 374/400/827
f 372/397/828 872/405/828 876/412/828 373/401/828
f 485/1033/829 403/1034/829 877/449/829 884/448/829
f 408/456/830 878/462/830 879/465/830 409/457/830
f 407/458/831 880/466/831 878/462/831 408/456/831
f 406/459/832 881/468/832 880/466/832 407/458/832
f 405/460/833 882/470/833 881/468/833 406/459/833
f 404/461/834 883/472/834 882/470/834 405/460/834
f 377/403/835 871/402/835 879/465/835 415/464/835
f 20/16/836 864/39/836 883/472/836 404/461/836
f 382/408/837 485/1033/837 884/448/837 874/409/837
f 128/149/838 528/644/838 885/641/838 870/153/838
f 528/644/839 545/659/839 886/675/839 885/641/839
f 572/695/840 560/694/840 887/689/840 888/688/840
f 545/659/841 572/695/841 888/688/841 886/675/841
f 667/802/842 889/807/842 890/810/842 666/803/842
f 666/803/843 890/810/843 891/812/843 665/804/843
f 665/804/844 891/812/844 892/814/844 664/805/844
f 664/805/845 892/814/845 893/816/845 663/806/845
f 561/690/846 887/689/846 893/816/846 668/815/846
f 828/963/847 894/970/847 895/973/847 827/964/847
f 827/964/848 895/973/848 896/975/848 826/965/848
f 826/965/849 896/975/849 897/977/849 822/966/849
f 825/967/850 898/978/850 899/981/850 824/968/850
f 823/969/851 900/982/851 894/970/851 828/963/851
f 822/966/852 897/977/852 898/978/852 825/967/852
f 672/808/853 889/807/853 899/981/853 831/980/853
f 21/42/854 39/41/854 902/6/854 901/5/854
f 39/41/855 57/58/855 903/63/855 902/6/855
f 57/58/856 75/78/856 904/85/856 903/63/856
f 75/78/857 93/96/857 905/106/857 904/85/857
f 93/96/858 111/114/858 906/126/858 905/106/858
f 111/114/859 129/154/859 907/145/859 906/126/859
f 415/464/860 908/474/860 909/477/860 377/403/860
f 414/463/861 910/478/861 908/474/861 415/464/861
f 413/467/862 911/480/862 910/478/862 414/463/862
f 412/469/863 912/482/863 911/480/863 413/467/863
f 411/471/864 913/484/864 912/482/864 412/469/864
f 410/473/865 914/486/865 913/484/865 411/471/865
f 485/1033/866 921/488/866 916/491/866 403/1034/866
f 377/403/867 909/477/867 917/493/867 378/404/867
f 381/407/868 918/494/868 915/497/868 382/408/868
f 380/411/869 919/498/869 918/494/869 381/407/869
f 379/413/870 920/500/870 919/498/870 380/411/870
f 378/404/871 917/493/871 920/500/871 379/413/871
f 382/408/872 915/497/872 921/488/872 485/1033/872
f 129/154/873 529/642/873 922/639/873 907/145/873
f 529/642/874 546/676/874 923/656/874 922/639/874
f 571/691/875 561/690/875 924/685/875 925/684/875
f 546/676/876 571/691/876 925/684/876 923/656/876
f 672/808/877 926/817/877 927/820/877 671/809/877
f 671/809/878 927/820/878 928/822/878 670/811/878
f 670/811/879 928/822/879 929/824/879 669/813/879
f 669/813/880 929/824/880 930/826/880 668/815/880
f 562/686/881 924/685/881 930/826/881 673/825/881
f 835/971/882 931/984/882 932/987/882 834/972/882
f 834/972/883 932/987/883 933/989/883 833/974/883
f 833/974/884 933/989/884 934/991/884 829/976/884
f 832/979/885 935/992/885 936/995/885 831/980/885
f 830/983/886 937/996/886 931/984/886 835/971/886
f 829/976/887 934/991/887 935/992/887 832/979/887
f 677/818/888 926/817/888 936/995/888 838/994/888
f 21/42/889 901/5/889 914/486/889 410/473/889
f 22/8/890 40/7/890 939/36/890 938/35/890
f 40/7/891 58/64/891 940/53/891 939/36/891
f 58/64/892 76/86/892 941/73/892 940/53/892
f 76/86/893 94/107/893 942/91/893 941/73/893
f 94/107/894 112/127/894 943/131/894 942/91/894
f 112/127/895 130/146/895 944/151/895 943/131/895
f 428/475/896 945/502/896 946/505/896 416/476/896
f 427/479/897 947/506/897 945/502/897 428/475/897
f 426/481/898 948/508/898 947/506/898 427/479/898
f 425/483/899 949/510/899 948/508/899 426/481/899
f 424/485/900 950/512/900 949/510/900 425/483/900
f 423/487/901 951/514/901 950/512/901 424/485/901
f 489/489/902 958/516/902 953/519/902 422/490/902
f 416/476/903 946/505/903 954/521/903 417/492/903
f 420/495/904 955/522/904 952/525/904 421/496/904
f 419/499/905 956/526/905 955/522/905 420/495/905
f 418/501/906 957/528/906 956/526/906 419/499/906
f 417/492/907 954/521/907 957/528/907 418/501/907
f 421/496/908 952/525/908 958/516/908 489/489/908
f 130/146/909 530/640/909 959/637/909 944/151/909
f 530/640/910 547/657/910 960/673/910 959/637/910
f 570/687/911 562/686/911 961/681/911 962/680/911
f 547/657/912 570/687/912 962/680/912 960/673/912
f 677/818/913 963/827/913 964/830/913 676/819/913
f 676/819/914 964/830/914 965/832/914 675/821/914
f 675/821/915 965/832/915 966/834/915 674/823/915
f 674/823/916 966/834/916 967/836/916 673/825/916
f 563/682/917 961/681/917 967/836/917 678/835/917
f 842/985/918 968/998/918 969/1001/918 841/986/918
f 841/986/919 969/1001/919 970/1003/919 840/988/919
f 840/988/920 970/1003/920 971/1005/920 836/990/920
f 839/993/921 972/1006/921 973/1009/921 838/994/921
f 837/997/922 974/1010/922 968/998/922 842/985/922
f 836/990/923 971/1005/923 972/1006/923 839/993/923
f 682/828/924 963/827/924 973/1009/924 845/1008/924
f 22/8/925 938/35/925 951/514/925 423/487/925
f 23/38/926 41/37/926 976/44/926 975/43/926
f 41/37/927 59/54/927 977/62/927 976/44/927
f 59/54/928 77/74/928 978/84/928 977/62/928
f 77/74/929 95/92/929 979/104/929 978/84/929
f 95/92/930 113/132/930 980/123/930 979/104/930
f 113/132/931 131/152/931 981/141/931 980/123/931
f 441/503/932 982/530/932 983/533/932 429/504/932
f 440/507/933 984/534/933 982/530/933 441/503/933
f 439/509/934 985/536/934 984/534/934 440/507/934
f 438/511/935 986/538/935 985/536/935 439/509/935
f 437/513/936 987/540/936 986/538/936 438/511/936
f 436/515/937 988/542/937 987/540/937 437/513/937
f 490/517/938 995/544/938 990/547/938 435/518/938
f 429/504/939 983/533/939 991/549/939 430/520/939
f 433/523/940 992/550/940 989/553/940 434/524/940
f 432/527/941 993/554/941 992/550/941 433/523/941
f 431/529/942 994/556/942 993/554/942 432/527/942
f 430/520/943 991/549/943 994/556/943 431/529/943
f 434/524/944 989/553/944 995/544/944 490/517/944
f 131/152/945 531/638/945 996/636/945 981/141/945
f 569/683/946 563/682/946 998/661/946 999/660/946
f 531/638/947 548/674/947 997/677/947 996/636/947
f 548/674/948 569/683/948 999/660/948 997/677/948
f 682/828/949 1000/837/949 1001/840/949 681/829/949
f 681/829/950 1001/840/950 1002/842/950 680/831/950
f 680/831/951 1002/842/951 1003/844/951 679/833/951
f 679/833/952 1003/844/952 1004/846/952 678/835/952
f 564/662/953 998/661/953 1004/846/953 683/845/953
f 849/999/954 1005/1012/954 1006/1015/954 848/1000/954
f 848/1000/955 1006/1015/955 1007/1017/955 847/1002/955
f 847/1002/956 1007/1017/956 1008/1019/956 843/1004/956
f 846/1007/957 1009/1020/957 1010/1023/957 845/1008/957
f 844/1011/958 1011/1024/958 1005/1012/958 849/999/958
f 843/1004/959 1008/1019/959 1009/1020/959 846/1007/959
f 687/838/960 1000/837/960 1010/1023/960 852/1022/960
f 23/38/961 975/43/961 988/542/961 436/515/961
