# Blender 5.0.1
# www.blender.org
mtllib hair.mtl
o pony_tail
v 0.047960 15.488999 -0.615601
v 0.073139 15.492799 -0.613501
v 0.089380 15.458400 -0.591401
v 0.097119 15.453099 -0.590001
v 0.116303 15.459701 -0.601801
v 0.111180 15.424500 -0.579301
v 0.097664 15.408900 -0.572101
v 0.093958 15.445699 -0.582401
v 0.105294 15.390000 -0.558401
v 0.080115 15.329700 -0.524001
v 0.037278 15.305500 -0.518501
v 0.036733 15.323800 -0.531701
v 0.020819 15.287000 -0.505501
v 0.098754 15.355000 -0.535801
v 0.026378 15.502099 -0.622601
v 0.054064 15.482900 -0.610301
v 0.044363 15.497800 -0.622001
v -0.055263 15.488000 -0.633601
v -0.113469 15.450299 -0.607201
v -0.080551 15.490899 -0.635001
v -0.105839 15.392499 -0.559801
v -0.089816 15.386699 -0.547001
v -0.083167 15.342400 -0.522501
v -0.055154 15.312099 -0.517601
v -0.041747 15.302299 -0.512401
v 0.007957 15.285999 -0.505901
v -0.005777 15.287800 -0.506901
v -0.023653 15.498500 -0.627201
v -0.038804 15.485099 -0.630801
v -0.095266 15.390700 -0.553701
v -0.090252 15.377500 -0.534901
v 0.048723 15.416200 -0.740201
v 0.087200 15.422500 -0.738101
v 0.098754 15.377999 -0.714301
v 0.113578 15.370700 -0.708401
v 0.147259 15.379899 -0.706201
v 0.144316 15.342799 -0.681001
v 0.122734 15.324400 -0.671401
v 0.105294 15.363799 -0.704401
v 0.134942 15.308100 -0.655901
v 0.097991 15.260699 -0.617901
v 0.051993 15.235300 -0.609001
v 0.050576 15.248500 -0.626601
v 0.022890 15.220600 -0.594201
v 0.113251 15.276500 -0.633401
v 0.024089 15.423900 -0.754801
v 0.052211 15.403600 -0.734201
v 0.050249 15.431500 -0.748601
v -0.073139 15.429700 -0.761301
v -0.135923 15.385299 -0.725101
v -0.090688 15.423100 -0.759901
v -0.147041 15.320100 -0.652401
v -0.117284 15.307500 -0.640801
v -0.095484 15.261399 -0.623501
v -0.073575 15.236899 -0.601801
v -0.056026 15.227900 -0.595001
v 0.007303 15.217700 -0.591501
v -0.009156 15.217600 -0.590401
v -0.044036 15.440900 -0.765101
v -0.057225 15.427600 -0.760701
v -0.131781 15.315400 -0.644101
v -0.112706 15.294200 -0.634601
v 0.068343 15.218100 -0.845301
v 0.121753 15.212500 -0.833501
v 0.136032 15.195499 -0.813101
v 0.161211 15.189600 -0.806501
v 0.193039 15.182199 -0.795601
v 0.198816 15.150599 -0.759001
v 0.173419 15.138000 -0.746201
v 0.141700 15.184299 -0.802501
v 0.191622 15.127000 -0.731001
v 0.137994 15.132700 -0.670101
v 0.081859 15.162100 -0.637701
v 0.082949 15.125999 -0.671301
v 0.035425 15.120600 -0.630601
v 0.159249 15.113400 -0.702401
v 0.041202 15.252800 -0.892001
v 0.071504 15.208500 -0.834501
v 0.072158 15.234799 -0.867001
v -0.086219 15.226800 -0.854701
v -0.189660 15.194900 -0.800101
v -0.112161 15.219299 -0.844301
v -0.176035 15.133400 -0.744601
v -0.134288 15.122399 -0.735401
v -0.128620 15.104600 -0.703501
v -0.099953 15.091700 -0.672601
v -0.078480 15.087700 -0.661601
v 0.014606 15.098499 -0.631701
v -0.007194 15.082600 -0.636601
v -0.046979 15.260799 -0.895901
v -0.065509 15.231500 -0.860701
v -0.154017 15.128900 -0.736701
v -0.139411 15.116899 -0.727301
v 0.106929 14.874300 -0.950501
v 0.172220 14.869400 -0.925301
v 0.200015 14.865000 -0.901301
v 0.234568 14.861300 -0.892801
v 0.265415 14.857200 -0.877101
v 0.260074 14.843300 -0.824501
v 0.228682 14.836900 -0.804701
v 0.208735 14.858200 -0.882701
v 0.239146 14.832600 -0.777201
v 0.161865 14.825100 -0.668501
v 0.086328 14.838099 -0.613601
v 0.098645 14.830400 -0.652101
v 0.021691 14.835299 -0.609901
v 0.191513 14.823100 -0.720901
v 0.050685 14.903399 -1.032001
v 0.112052 14.867100 -0.930501
v 0.098863 14.885200 -0.982701
v -0.166443 14.878400 -0.972301
v -0.314792 14.870199 -0.891301
v -0.204048 14.872600 -0.952601
v -0.282855 14.835299 -0.804701
v -0.229336 14.829000 -0.790101
v -0.204702 14.827100 -0.738501
v -0.158486 14.830899 -0.687201
v -0.128511 14.832600 -0.668601
v -0.004687 14.835500 -0.614201
v -0.033790 14.835700 -0.623301
v -0.090906 14.903500 -1.034101
v -0.132762 14.881499 -0.980701
v -0.256368 14.835700 -0.792201
v -0.231516 14.827600 -0.775701
v 0.110199 14.452300 -1.125401
v 0.177561 14.441600 -1.086901
v 0.217128 14.437900 -1.054901
v 0.261164 14.430699 -1.022301
v 0.294518 14.422999 -0.981101
v 0.293864 14.409400 -0.886901
v 0.266941 14.406600 -0.852201
v 0.227919 14.431100 -1.014201
v 0.279040 14.403399 -0.798901
v 0.194565 14.416699 -0.646301
v 0.096356 14.428599 -0.588301
v 0.118483 14.426800 -0.626901
v 0.033354 14.429700 -0.575401
v 0.233151 14.405499 -0.715201
v 0.035643 14.479300 -1.189101
v 0.112488 14.445600 -1.096801
v 0.093195 14.460799 -1.151801
v -0.240236 14.466700 -1.117401
v -0.383353 14.462800 -0.988101
v -0.280021 14.462500 -1.090601
v -0.322095 14.428400 -0.821901
v -0.260183 14.424500 -0.783001
v -0.216474 14.424700 -0.690401
v -0.154671 14.430699 -0.625001
v -0.121971 14.431800 -0.608401
v 0.006649 14.430099 -0.574501
v -0.021691 14.431000 -0.577501
v -0.145951 14.485200 -1.180401
v -0.203721 14.471399 -1.127501
v -0.294954 14.430699 -0.795901
v -0.258003 14.421400 -0.751701
v 0.065618 13.765900 -1.127801
v 0.139302 13.731999 -1.099501
v 0.169822 13.729199 -1.065901
v 0.208626 13.724199 -1.051401
v 0.238819 13.716499 -1.025001
v 0.233369 13.695100 -0.934201
v 0.204702 13.673100 -0.896301
v 0.182030 13.723100 -1.034301
v 0.211024 13.650800 -0.848301
v 0.141918 13.682400 -0.696101
v 0.067362 13.637500 -0.620101
v 0.084366 13.667700 -0.672701
v 0.012535 13.617000 -0.590801
v 0.167751 13.648000 -0.774601
v -0.001199 13.843300 -1.237201
v 0.073575 13.745899 -1.097201
v 0.052974 13.793699 -1.175501
v -0.181267 13.833699 -1.151001
v -0.282528 13.834100 -1.010401
v -0.207536 13.829900 -1.120001
v -0.235658 13.807699 -0.825901
v -0.184973 13.812699 -0.789001
v -0.168514 13.822000 -0.681601
v -0.133743 13.816500 -0.599901
v -0.108891 13.792800 -0.580301
v -0.008502 13.641399 -0.576201
v -0.031065 13.676300 -0.565501
v -0.129819 13.861300 -1.235801
v -0.159031 13.838500 -1.164201
v -0.209607 13.815700 -0.799201
v -0.187044 13.811800 -0.760001
v -0.019620 12.771700 -1.051801
v 0.087091 12.770100 -1.015101
v 0.091015 12.758400 -1.006401
v 0.152382 12.995999 -1.025001
v 0.154453 12.798400 -0.970501
v 0.152491 12.766000 -0.929201
v 0.147695 12.847500 -0.923901
v 0.096901 12.799200 -1.007401
v 0.094394 12.793600 -0.887001
v 0.076409 12.801300 -0.844101
v 0.032482 12.866799 -0.751601
v 0.068343 12.893900 -0.825701
v 0.024852 12.883400 -0.748301
v 0.084802 12.726800 -0.866101
v -0.034335 12.760500 -1.063601
v -0.011881 12.839600 -1.063401
v -0.023653 12.759999 -1.054901
v -0.040112 12.653100 -0.982601
v -0.053083 12.642699 -0.960101
v -0.045344 12.647500 -0.974901
v -0.053846 12.637799 -0.937601
v -0.075101 12.741899 -0.909101
v -0.072594 12.714200 -0.890001
v -0.071286 12.742700 -0.886801
v -0.065291 12.860399 -0.771001
v -0.042837 12.831300 -0.765801
v -0.051448 12.835199 -0.767301
v -0.053628 12.768700 -1.068301
v -0.037169 12.674900 -1.000601
v -0.051993 12.638800 -0.927301
v -0.073684 12.713599 -0.897201
v -0.036515 12.870000 -0.759301
v -0.063656 12.834000 -1.092901
v 0.100171 12.904200 -0.896001
v -0.053083 12.650800 -0.925101
v 0.038041 12.956500 -0.741501
v 0.146714 13.101900 -1.036201
v 0.082731 12.837600 -1.026501
v -0.074229 12.931999 -0.763901
v -0.118047 13.421400 -1.071101
v -0.141264 13.365399 -0.912201
v -0.126876 13.353800 -0.870801
v -0.115867 13.350200 -0.856001
v -0.096792 13.429100 -1.091301
v -0.149439 13.403800 -1.010601
v -0.087309 13.430500 -1.094101
v -0.091451 13.127100 -0.829601
v -0.096247 13.127500 -0.853201
v -0.083821 13.165299 -0.789601
v -0.098645 13.168699 -0.852101
v -0.014388 13.201600 -0.687901
v -0.024307 13.201300 -0.692901
v -0.040984 13.224800 -0.692501
v -0.072267 13.272500 -0.698301
v -0.087309 13.304600 -0.698001
v 0.049268 13.213900 -0.686801
v 0.030629 13.201600 -0.680401
v 0.058206 13.263700 -0.691801
v 0.120009 13.211599 -0.827901
v 0.103005 13.223900 -0.778901
v 0.083603 13.241099 -0.756501
v 0.137340 13.223100 -0.870701
v 0.140283 13.250099 -0.891001
v 0.176580 13.245500 -1.017101
v 0.176035 13.203799 -0.961901
v 0.167315 13.212500 -0.930301
v 0.150093 13.355200 -1.051701
v 0.161102 13.313800 -1.050801
v 0.119137 13.201600 -1.043201
v 0.105839 13.218900 -1.057401
v 0.124478 13.205700 -1.024401
v 0.085020 13.246400 -1.051801
v -0.096574 13.246300 -1.127101
v -0.075864 13.234799 -1.152701
v -0.026051 13.239100 -1.146801
v 0.005123 13.247000 -1.114001
v 0.013843 13.259700 -1.082101
v 0.016677 13.266200 -1.062501
v -0.058860 12.880300 -1.057501
v -0.048069 12.905399 -1.068901
v -0.075755 12.836900 -1.027701
v -0.079025 12.781099 -0.979901
v -0.074447 12.765400 -0.957001
v -0.070087 12.777400 -0.951301
v -0.043273 12.936399 -1.071901
v -0.252117 14.146199 -1.142301
v 0.273699 14.078199 -1.031401
v -0.018857 14.069900 -0.556701
v 0.223777 14.040100 -0.742901
v -0.286016 14.114799 -0.837101
v 0.188570 14.063600 -0.655401
v -0.189878 14.156600 -1.186501
v -0.145733 14.176700 -1.248601
v 0.008938 14.054800 -0.556101
v 0.279040 14.062200 -0.935801
v 0.253752 14.050500 -0.897801
v 0.009265 14.165999 -1.257901
v -0.258548 14.120500 -0.809901
v -0.228028 14.116199 -0.798501
v -0.219199 14.150700 -1.173401
v -0.194783 14.124100 -0.695601
v 0.065182 14.132700 -1.209701
v 0.080660 14.113899 -1.170701
v -0.227156 14.115200 -0.766201
v 0.118701 14.061600 -0.632601
v 0.207427 14.084200 -1.056601
v 0.237947 14.085000 -1.066801
v 0.193039 14.090199 -1.093201
v 0.086437 14.099700 -1.138101
v 0.097882 14.052000 -0.581801
v -0.340298 14.149400 -1.030001
v 0.154998 14.092099 -1.129001
v -0.143662 14.127399 -0.618401
v 0.267922 14.039599 -0.837301
v -0.113578 14.118299 -0.597201
v 0.035098 14.043699 -0.561101
v 0.049813 15.485099 -0.612801
v 0.090579 15.450099 -0.585401
v 0.104313 15.416800 -0.575801
v 0.117611 15.447900 -0.593001
v 0.094394 15.448499 -0.585801
v 0.100389 15.399199 -0.566101
v 0.057661 15.326400 -0.528001
v 0.036515 15.314600 -0.526501
v 0.031065 15.296100 -0.509701
v 0.014388 15.286500 -0.505201
v 0.090906 15.342299 -0.528001
v 0.046979 15.494000 -0.618701
v 0.083930 15.479800 -0.603101
v 0.107365 15.457900 -0.596701
v 0.063220 15.488000 -0.611901
v 0.035752 15.499900 -0.623001
v 0.105185 15.372300 -0.545301
v -0.115104 15.423699 -0.581501
v -0.100825 15.391601 -0.556401
v -0.089925 15.382199 -0.541401
v -0.069869 15.327100 -0.519501
v -0.048723 15.307300 -0.514701
v -0.024307 15.295099 -0.509101
v 0.000981 15.286600 -0.506401
v 0.000436 15.500499 -0.625901
v -0.046216 15.486100 -0.632401
v -0.100062 15.474200 -0.621501
v -0.068779 15.490399 -0.634601
v -0.031501 15.491799 -0.628501
v -0.092323 15.388700 -0.550601
v -0.087963 15.360099 -0.527401
v 0.048941 15.409299 -0.736401
v 0.101043 15.370000 -0.707701
v 0.133198 15.333500 -0.676501
v 0.152055 15.363999 -0.696101
v 0.108673 15.366799 -0.705701
v 0.128075 15.315599 -0.664201
v 0.071940 15.254200 -0.622801
v 0.051121 15.242399 -0.619401
v 0.039458 15.228399 -0.599301
v 0.015042 15.219000 -0.592401
v 0.106929 15.269000 -0.624201
v 0.051339 15.424699 -0.744701
v 0.094939 15.402801 -0.729301
v 0.132653 15.378400 -0.708901
v 0.068779 15.413800 -0.736301
v 0.039131 15.428199 -0.751501
v 0.127748 15.294100 -0.644001
v -0.151510 15.354799 -0.687601
v -0.140283 15.317800 -0.647401
v -0.114777 15.300799 -0.638301
v -0.085456 15.248699 -0.612401
v -0.065182 15.232200 -0.597601
v -0.033027 15.222099 -0.591101
v -0.000654 15.217400 -0.590601
v -0.011663 15.431399 -0.761601
v -0.064310 15.427899 -0.760601
v -0.117175 15.408999 -0.743801
v -0.082840 15.428300 -0.761001
v -0.051012 15.435100 -0.763301
v -0.123715 15.311199 -0.642801
v -0.105294 15.277800 -0.628401
v 0.023871 15.451100 -0.714701
v -0.113251 15.348700 -0.607801
v -0.126985 15.347700 -0.624701
v -0.103005 15.340799 -0.607801
v 0.088835 15.299700 -0.581801
v -0.064964 15.451400 -0.717501
v -0.088835 15.295600 -0.587601
v 0.126658 15.372100 -0.653801
v 0.047088 15.453500 -0.702601
v 0.046543 15.442100 -0.693601
v -0.101915 15.331599 -0.593801
v 0.043382 15.294900 -0.580201
v 0.098427 15.390300 -0.674801
v 0.102678 15.399499 -0.674301
v -0.036406 15.460099 -0.715101
v 0.093195 15.404000 -0.678801
v 0.053737 15.432300 -0.696301
v 0.044036 15.277200 -0.568701
v -0.126113 15.408299 -0.689201
v 0.081096 15.447799 -0.702401
v -0.050358 15.449300 -0.712801
v 0.131781 15.408200 -0.681301
v -0.064528 15.272900 -0.564501
v 0.109327 15.364800 -0.632901
v 0.119464 15.344999 -0.635401
v -0.049159 15.264600 -0.555101
v 0.021800 15.256499 -0.548601
v 0.007521 15.252500 -0.546701
v -0.087418 15.450000 -0.720201
v -0.007739 15.252200 -0.546001
v 0.104640 15.319099 -0.602201
v 0.068670 15.213099 -0.839001
v 0.138321 15.189400 -0.806601
v 0.184646 15.144000 -0.752001
v 0.202195 15.167700 -0.777401
v 0.150529 15.186600 -0.803701
v 0.181921 15.132700 -0.740001
v 0.108237 15.129399 -0.670701
v 0.083603 15.145700 -0.657401
v 0.062130 15.143300 -0.631101
v 0.025070 15.109600 -0.630501
v 0.150311 15.122800 -0.685001
v 0.071395 15.226999 -0.856901
v 0.130473 15.204700 -0.825001
v 0.179305 15.187099 -0.804001
v 0.095920 15.210500 -0.833801
v 0.060059 15.243799 -0.882201
v 0.178215 15.120500 -0.716201
v -0.193366 15.166500 -0.772001
v -0.166007 15.131000 -0.739601
v -0.136686 15.120199 -0.733201
v -0.115649 15.098200 -0.687201
v -0.089707 15.089700 -0.666501
v -0.043382 15.084900 -0.647701
v 0.003379 15.090300 -0.633501
v -0.004469 15.257600 -0.901001
v -0.075101 15.228800 -0.857101
v -0.157178 15.209300 -0.824301
v -0.099517 15.223300 -0.850001
v -0.056353 15.247700 -0.880001
v -0.141918 15.125500 -0.736301
v -0.135378 15.110700 -0.714301
v 0.137558 15.176700 -0.681901
v 0.172983 15.234400 -0.734701
v 0.150747 15.218599 -0.721901
v 0.011663 15.148299 -0.631501
v -0.007303 15.139899 -0.633301
v 0.040984 15.343300 -0.846001
v -0.144643 15.208200 -0.703901
v -0.162846 15.212500 -0.713701
v 0.118047 15.181999 -0.661301
v -0.126876 15.201200 -0.701101
v -0.084693 15.324900 -0.825601
v -0.111071 15.169300 -0.680001
v 0.077063 15.329900 -0.820201
v 0.065836 15.304299 -0.800301
v -0.125895 15.191500 -0.695601
v 0.067471 15.176600 -0.665701
v 0.126440 15.265599 -0.772401
v 0.136359 15.272300 -0.778501
v -0.053410 15.350699 -0.848901
v 0.120336 15.276199 -0.777501
v 0.072376 15.295000 -0.796201
v 0.066926 15.186700 -0.639101
v -0.166007 15.277300 -0.776901
v 0.113687 15.308100 -0.798301
v -0.069869 15.324900 -0.824301
v 0.175817 15.274300 -0.771501
v -0.086219 15.151099 -0.653801
v 0.166443 15.202100 -0.707301
v -0.066817 15.144700 -0.644601
v 0.029430 15.160399 -0.631101
v -0.107583 15.314799 -0.816601
v 0.107910 14.870199 -0.939101
v 0.203939 14.861099 -0.890101
v 0.242525 14.839700 -0.813401
v 0.269557 14.851299 -0.851601
v 0.220507 14.859600 -0.887301
v 0.233151 14.835000 -0.793301
v 0.126113 14.827700 -0.659001
v 0.095048 14.834100 -0.636401
v 0.054609 14.837299 -0.606201
v 0.008393 14.835500 -0.611401
v 0.180286 14.824400 -0.694301
v 0.104313 14.879900 -0.967101
v 0.188243 14.868000 -0.915101
v 0.252662 14.860300 -0.887701
v 0.140174 14.867900 -0.927001
v 0.079025 14.895900 -1.012101
v 0.219199 14.828000 -0.747501
v -0.311086 14.855700 -0.847601
v -0.270865 14.835600 -0.796901
v -0.230099 14.828400 -0.785701
v -0.183556 14.829100 -0.711701
v -0.143989 14.831900 -0.676901
v -0.082295 14.834300 -0.644401
v -0.019293 14.835700 -0.618201
v -0.021037 14.908600 -1.047001
v -0.148785 14.879499 -0.975801
v -0.269993 14.874599 -0.923901
v -0.185736 14.875800 -0.963201
v -0.112052 14.893000 -1.008701
v -0.240018 14.831900 -0.791401
v -0.220289 14.827600 -0.755701
v -0.229663 14.984699 -0.776301
v 0.149112 14.979400 -0.673501
v -0.098209 15.056100 -0.919901
v -0.069651 15.084100 -0.966601
v 0.176362 14.969900 -0.714401
v 0.233151 14.998699 -0.792801
v 0.206664 14.989699 -0.776801
v 0.005668 14.966399 -0.627601
v -0.018966 14.959599 -0.635201
v 0.047197 15.085000 -0.967801
v -0.203067 14.983500 -0.771401
v -0.178324 14.976700 -0.767601
v -0.126004 15.052299 -0.912701
v -0.165353 14.966300 -0.724101
v 0.086546 15.063100 -0.927101
v 0.087963 15.047400 -0.899301
v -0.185954 14.972899 -0.753401
v 0.090252 14.976399 -0.663101
v 0.176580 15.022900 -0.845901
v 0.198380 15.026899 -0.852901
v 0.170040 15.031600 -0.859701
v 0.091560 15.038500 -0.883201
v 0.091887 14.997100 -0.618901
v -0.253534 15.033000 -0.846701
v 0.147368 15.041599 -0.880501
v 0.234241 15.021999 -0.840401
v -0.127094 14.962000 -0.684001
v 0.219635 14.981999 -0.756301
v -0.101370 14.960999 -0.671101
v 0.028449 14.975699 -0.622501
v -0.157941 15.046100 -0.898401
v 0.110199 14.448800 -1.109601
v 0.222033 14.433800 -1.031601
v 0.279803 14.407900 -0.869501
v 0.303674 14.416400 -0.933101
v 0.243506 14.430699 -1.017801
v 0.272282 14.405000 -0.826001
v 0.155543 14.421599 -0.636301
v 0.108346 14.427700 -0.608401
v 0.066490 14.429700 -0.577401
v 0.020056 14.430099 -0.574401
v 0.217673 14.411400 -0.678601
v 0.103332 14.456699 -1.139201
v 0.200015 14.440300 -1.073501
v 0.281111 14.427700 -1.006601
v 0.141700 14.443299 -1.090601
v 0.067580 14.471000 -1.174701
v 0.260837 14.404200 -0.756601
v -0.373325 14.446099 -0.905201
v -0.310214 14.429500 -0.807201
v -0.257894 14.422999 -0.768601
v -0.188134 14.427999 -0.655601
v -0.139193 14.431499 -0.615601
v -0.073575 14.431800 -0.590101
v -0.007521 14.430699 -0.575201
v -0.055917 14.486400 -1.202901
v -0.221597 14.468900 -1.122001
v -0.343568 14.464999 -1.043101
v -0.260946 14.464900 -1.105201
v -0.175163 14.478600 -1.155301
v -0.275661 14.427700 -0.790301
v -0.240563 14.423100 -0.720001
v 0.288305 14.639199 -0.929201
v -0.027795 14.632400 -0.597001
v 0.213640 14.612900 -0.707301
v -0.309560 14.632100 -0.808501
v 0.177234 14.619800 -0.646401
v -0.170694 14.677799 -1.055601
v -0.120881 14.696300 -1.107901
v 0.280239 14.624399 -0.850601
v 0.251681 14.619900 -0.822501
v 0.000000 14.631900 -0.590001
v 0.047960 14.692699 -1.108401
v -0.276533 14.633599 -0.792801
v -0.250700 14.627000 -0.782501
v -0.205901 14.674200 -1.048701
v -0.215166 14.626800 -0.711001
v 0.106057 14.673100 -1.063401
v 0.118919 14.662399 -1.031801
v -0.254951 14.625500 -0.760501
v 0.105185 14.627600 -0.631001
v 0.223341 14.643700 -0.950301
v 0.250046 14.644899 -0.960001
v 0.219090 14.650599 -0.977901
v 0.120881 14.655600 -1.011001
v 0.088181 14.632500 -0.592501
v -0.362970 14.669600 -0.943801
v 0.179741 14.655100 -1.007701
v -0.156197 14.631499 -0.653401
v 0.263889 14.616400 -0.780301
v -0.123606 14.632400 -0.637401
v 0.026160 14.631400 -0.587701
v -0.248411 14.669300 -1.027401
v 0.067907 13.756100 -1.110501
v 0.175272 13.726500 -1.047301
v 0.218545 13.684500 -0.916001
v 0.244814 13.705700 -0.980401
v 0.194347 13.723900 -1.042501
v 0.207536 13.662000 -0.872701
v 0.112924 13.674900 -0.684901
v 0.075755 13.652800 -0.646401
v 0.042728 13.626500 -0.601901
v 0.001962 13.629100 -0.582601
v 0.157723 13.664599 -0.732101
v 0.061149 13.779599 -1.152401
v 0.156742 13.730300 -1.086101
v 0.226829 13.719900 -1.041901
v 0.103877 13.739100 -1.097001
v 0.030411 13.817300 -1.210601
v 0.193148 13.648900 -0.812301
v -0.275770 13.816400 -0.915701
v -0.224867 13.811399 -0.811401
v -0.184428 13.812400 -0.775501
v -0.154889 13.819799 -0.639601
v -0.122516 13.804800 -0.588701
v -0.071068 13.734200 -0.568201
v -0.020056 13.658500 -0.569701
v -0.066708 13.851600 -1.250701
v -0.169822 13.835700 -1.157501
v -0.252553 13.829900 -1.066501
v -0.195328 13.831500 -1.136701
v -0.144861 13.849700 -1.202301
v -0.195982 13.814400 -0.794401
v -0.180831 13.816700 -0.720401
v -0.271192 14.307899 -1.127801
v 0.287869 14.249499 -1.011801
v -0.019729 14.249599 -0.568701
v 0.236748 14.221200 -0.737001
v -0.307489 14.274099 -0.829901
v 0.171784 13.877000 -0.668701
v -0.200887 14.317100 -1.168801
v -0.142790 14.020000 -1.255901
v 0.010246 14.241500 -0.567001
v 0.289613 14.234300 -0.916801
v 0.233151 13.862800 -0.887501
v 0.005668 14.006800 -1.265001
v -0.278277 14.277900 -0.801601
v -0.247539 14.272500 -0.788901
v -0.207427 13.990499 -1.174701
v -0.208517 14.274899 -0.690201
v 0.080987 14.296599 -1.189101
v 0.076845 13.937599 -1.151201
v -0.247212 14.270200 -0.757501
v 0.106711 13.868700 -0.644201
v 0.218981 14.257299 -1.046101
v 0.227374 13.901999 -1.059501
v 0.187916 13.906300 -1.077201
v 0.085674 13.918400 -1.119601
v 0.086982 13.848700 -0.589101
v -0.317953 13.990100 -1.021801
v 0.152273 13.907599 -1.118601
v -0.150638 14.278399 -0.619401
v 0.245250 13.846499 -0.831301
v -0.118592 14.274400 -0.601301
v 0.025724 13.833600 -0.560601
v -0.015042 12.804800 -1.058401
v 0.094394 12.778500 -1.007201
v 0.150965 12.806000 -0.926801
v 0.154235 12.782000 -0.949901
v 0.150420 13.047899 -1.030901
v 0.097991 12.847600 -0.892401
v 0.073030 12.847000 -0.835301
v 0.035425 12.911400 -0.746501
v 0.028667 12.875099 -0.749901
v -0.039676 12.850599 -0.762601
v 0.081096 12.763599 -0.855401
v -0.021255 12.765699 -1.053501
v 0.089162 12.764100 -1.010901
v 0.153363 12.897300 -1.000701
v 0.085674 12.802899 -1.022201
v -0.028340 12.759900 -1.059801
v 0.089925 12.759800 -0.876701
v -0.054391 12.639999 -0.949201
v -0.053192 12.638300 -0.932501
v -0.074447 12.727699 -0.903201
v -0.071940 12.728300 -0.888501
v -0.069651 12.896000 -0.767801
v -0.058424 12.847799 -0.768801
v -0.047088 12.833300 -0.766501
v -0.043382 12.764000 -1.067101
v -0.038695 12.663899 -0.991701
v -0.049813 12.644799 -0.968001
v -0.042837 12.650300 -0.978901
v -0.059187 12.800500 -1.081901
v -0.052756 12.644799 -0.926101
v -0.073139 12.713900 -0.893601
v -0.002071 13.407499 -0.646301
v -0.035643 13.017200 -0.735501
v -0.049159 12.754200 -1.027901
v 0.205138 13.492399 -1.025401
v -0.036733 13.445300 -0.638301
v 0.136577 13.434000 -0.804501
v -0.185409 13.585899 -0.864901
v 0.082731 13.012099 -0.815401
v -0.138757 13.547700 -1.134801
v -0.067253 12.997200 -1.113901
v 0.195437 13.457600 -0.946801
v 0.151837 13.026500 -0.928001
v -0.028667 12.993199 -1.110401
v -0.164699 13.584599 -0.833101
v -0.148131 13.581400 -0.820101
v -0.039676 12.767600 -1.039401
v -0.123497 13.472600 -0.756601
v 0.034553 13.530800 -1.131101
v -0.004687 13.009900 -1.066601
v -0.132653 13.475500 -0.809901
v 0.072376 13.067100 -0.792601
v 0.163173 13.544900 -1.043601
v 0.158268 13.151999 -1.034601
v 0.104095 12.972600 -1.027901
v 0.003270 13.051000 -1.058301
v 0.038150 13.040600 -0.722001
v -0.063656 12.734099 -1.001601
v 0.095266 12.986700 -1.040401
v -0.111725 13.481999 -0.690101
v 0.108782 13.005799 -0.881601
v -0.091342 13.523299 -0.638101
v 0.020383 13.407900 -0.645501
v -0.129710 13.630899 -1.116901
v 0.117284 13.075000 -0.891101
v -0.133961 13.498300 -0.824701
v 0.048178 13.108600 -0.714701
v 0.152164 13.478399 -1.041201
v 0.081423 13.037000 -1.040301
v -0.112815 13.551700 -0.640901
v -0.167424 13.622900 -1.082601
v -0.066708 12.706900 -0.961601
v -0.063002 12.700399 -0.944001
v -0.061040 12.712299 -0.940701
v -0.143335 13.627700 -1.110401
v -0.216692 13.617200 -0.999001
v -0.036624 12.794000 -1.052301
v -0.108346 13.424900 -1.082501
v -0.136032 13.359300 -0.890601
v -0.121862 13.351900 -0.863101
v -0.137667 13.412000 -1.043501
v -0.151074 13.383900 -0.963001
v -0.092214 13.429800 -1.093001
v -0.079570 12.914300 -0.871101
v -0.082404 12.913400 -0.887101
v -0.076627 12.951500 -0.845901
v -0.085347 12.951400 -0.888001
v -0.097446 13.148000 -0.852301
v -0.094176 13.127299 -0.841301
v -0.087745 13.146000 -0.809401
v -0.026923 13.036600 -0.729001
v -0.016895 13.418600 -0.645901
v -0.047088 13.030299 -0.736201
v -0.067798 13.065800 -0.736901
v -0.077063 13.117200 -0.730301
v -0.019402 13.201400 -0.690301
v -0.032700 13.213099 -0.692301
v -0.079897 13.288600 -0.697901
v -0.056680 13.248500 -0.694401
v 0.053846 13.424100 -0.659101
v 0.025724 13.042999 -0.717401
v 0.063111 13.464299 -0.686101
v 0.054500 13.238800 -0.688801
v 0.040548 13.207700 -0.682901
v 0.094939 12.965300 -0.854301
v 0.112597 13.454599 -0.738801
v 0.077608 13.455100 -0.716501
v 0.168514 13.442400 -0.861401
v 0.168296 13.468900 -0.898801
v 0.130255 13.217099 -0.849101
v 0.112924 13.217500 -0.801901
v 0.094176 13.232400 -0.766801
v 0.139629 13.236400 -0.880401
v 0.161756 13.016000 -0.993001
v 0.157723 12.979899 -0.950101
v 0.177561 13.449800 -0.914901
v 0.148567 13.226500 -1.043901
v 0.183229 13.527100 -1.060201
v 0.179632 13.224199 -0.989601
v 0.172656 13.208099 -0.945901
v 0.156088 13.334300 -1.053301
v 0.171675 13.278899 -1.035401
v 0.147041 13.479799 -1.061101
v 0.122734 13.489500 -1.088901
v 0.109109 12.997600 -1.016101
v 0.078698 13.512400 -1.074001
v 0.113469 13.209800 -1.051901
v 0.096029 13.232200 -1.056001
v 0.122298 13.203500 -1.034301
v -0.083930 13.039700 -1.106201
v -0.113578 13.547199 -1.181301
v -0.005450 13.544300 -1.178901
v -0.008829 12.996599 -1.086601
v 0.040439 13.525399 -1.094901
v 0.045235 13.518499 -1.079401
v -0.086546 13.239900 -1.142001
v 0.010573 13.252800 -1.098801
v -0.051121 13.235800 -1.155101
v 0.015260 13.262899 -1.072301
v -0.009701 13.241899 -1.133301
v -0.090252 13.153800 -1.051601
v -0.073902 13.170700 -1.071001
v -0.114123 13.121799 -1.004101
v -0.112052 13.071500 -0.938001
v -0.101479 13.057300 -0.908301
v -0.092105 13.062400 -0.898601
v -0.064201 13.188900 -1.072601
v -0.053846 12.892699 -1.063601
v -0.077717 12.773200 -0.968201
v -0.072594 12.771399 -0.954101
v -0.068561 12.857699 -1.044001
v -0.079243 12.807799 -1.005001
v -0.045889 12.920600 -1.070901
v -0.237620 13.985600 -1.138901
v 0.263126 13.895900 -1.022401
v -0.025833 13.879399 -0.546901
v 0.199361 13.846399 -0.748801
v -0.262908 13.960400 -0.826701
v 0.198162 14.238299 -0.654701
v -0.181376 13.997299 -1.187201
v -0.148785 14.332800 -1.225001
v 0.001308 13.853200 -0.549201
v 0.260619 13.878799 -0.924801
v 0.264870 14.227300 -0.882601
v 0.022999 14.322700 -1.232401
v -0.234677 13.968200 -0.802401
v -0.206664 13.964900 -0.791701
v -0.233151 14.312200 -1.157801
v -0.183338 13.976200 -0.687901
v 0.063874 13.962899 -1.202101
v 0.096901 14.282800 -1.155901
v -0.208626 13.964499 -0.761001
v 0.125132 14.242200 -0.633801
v 0.200451 13.900499 -1.045501
v 0.249283 14.257400 -1.054801
v 0.208408 14.263400 -1.082401
v 0.102351 14.273100 -1.129801
v 0.102787 14.238600 -0.590701
v -0.370055 14.308700 -1.013401
v 0.167533 14.266999 -1.121201
v -0.140719 13.978100 -0.607801
v 0.281111 14.220500 -0.826101
v -0.113251 13.962600 -0.584301
v 0.038477 14.235600 -0.570101
v -0.067798 14.094600 -0.573001
v 0.251027 14.039300 -0.790201
v -0.236639 14.148499 -1.159101
v 0.286343 14.069699 -0.982601
v 0.210806 14.051900 -0.697001
v -0.070305 14.172400 -1.270801
v 0.152709 14.062500 -0.644601
v -0.168187 14.166900 -1.219701
v -0.005014 14.062500 -0.555201
v 0.265633 14.056299 -0.917001
v -0.214403 14.119699 -0.729901
v -0.274244 14.117399 -0.821901
v -0.172438 14.126300 -0.655001
v -0.241762 14.118400 -0.804801
v -0.305636 14.146299 -1.087601
v 0.074774 14.123300 -1.191301
v -0.226066 14.115800 -0.783601
v 0.176471 14.091000 -1.113601
v 0.221706 14.084599 -1.061401
v 0.082077 14.106700 -1.152501
v 0.069106 14.047999 -0.568501
v 0.108673 14.056900 -0.607601
v 0.118047 14.096000 -1.132601
v 0.258875 14.081699 -1.053201
v -0.204157 14.153600 -1.179601
v -0.332995 14.128699 -0.931201
v 0.260728 14.044900 -0.867301
v 0.199797 14.087000 -1.071601
v -0.129710 14.122900 -0.606401
v 0.040548 14.149600 -1.239501
v 0.022236 14.049299 -0.557901
v -0.096792 15.316199 -0.584201
v -0.120881 15.349899 -0.611901
v -0.107365 15.343100 -0.611401
v -0.076954 15.452899 -0.717301
v 0.135487 15.394099 -0.670601
v -0.110090 15.432399 -0.707401
v -0.077390 15.283899 -0.575901
v 0.048069 15.448100 -0.698201
v -0.102024 15.333699 -0.606701
v 0.091124 15.430400 -0.694001
v 0.099190 15.393001 -0.677201
v -0.028885 15.257800 -0.548801
v 0.049813 15.437100 -0.693001
v 0.035207 15.267900 -0.550701
v 0.043382 15.288199 -0.573501
v 0.066926 15.441499 -0.698001
v 0.118701 15.410199 -0.673001
v -0.056898 15.449700 -0.715101
v -0.134506 15.380900 -0.654501
v 0.113687 15.356600 -0.629501
v 0.155107 15.189300 -0.692901
v 0.095702 15.396899 -0.673801
v -0.057116 15.268800 -0.559401
v 0.037823 15.456800 -0.703201
v -0.008611 15.350200 -0.852901
v 0.014497 15.254100 -0.547201
v 0.098536 15.310900 -0.589101
v 0.200996 14.976200 -0.733501
v -0.043818 15.456901 -0.711001
v 0.117502 15.364900 -0.648301
v 0.000000 15.251699 -0.546101
v 0.090470 15.180799 -0.664901
v 0.161102 15.226200 -0.728201
v 0.001853 15.144000 -0.632101
v -0.119573 15.180400 -0.687001
v -0.154780 15.210299 -0.707801
v -0.097010 15.320600 -0.821801
v -0.134179 15.204599 -0.702801
v 0.182248 15.257000 -0.752501
v -0.099735 15.160299 -0.666201
v -0.141373 15.299000 -0.798901
v 0.074338 15.316800 -0.810001
v -0.126440 15.196700 -0.699701
v 0.121099 15.294200 -0.789501
v 0.130909 15.268800 -0.775201
v -0.037496 15.141299 -0.636801
v 0.069651 15.299200 -0.796501
v 0.050794 15.174900 -0.632601
v 0.067580 15.182199 -0.654301
v 0.092432 15.301700 -0.797201
v 0.158595 15.276500 -0.779501
v -0.077172 15.324900 -0.824701
v -0.174945 15.247399 -0.743101
v 0.158050 15.210400 -0.715501
v 0.123715 15.270599 -0.773601
v -0.076845 15.147799 -0.648601
v 0.129165 15.179199 -0.670401
v 0.063002 15.340699 -0.837701
v -0.013080 15.089000 -0.978801
v 0.020492 15.154400 -0.630901
v -0.060931 14.960400 -0.651801
v -0.062348 15.340899 -0.839801
v 0.165353 14.974800 -0.693601
v 0.243179 14.614799 -0.742101
v -0.084257 15.070499 -0.944501
v 0.115867 14.977900 -0.667201
v 0.217891 14.993600 -0.783401
v -0.006540 14.963099 -0.630901
v -0.177234 14.969600 -0.737201
v -0.216474 14.983800 -0.772301
v -0.142354 15.049399 -0.906201
v -0.187589 14.979500 -0.769901
v 0.241326 15.011700 -0.816801
v -0.147804 14.964299 -0.703101
v -0.213858 15.042200 -0.874601
v 0.088508 15.055500 -0.913701
v -0.181376 14.975100 -0.762801
v 0.160339 15.037300 -0.872101
v 0.186390 15.024600 -0.848801
v 0.088181 15.042600 -0.890101
v 0.058969 14.986700 -0.614301
v 0.092868 14.986500 -0.644701
v 0.118047 15.039900 -0.881301
v 0.218545 15.025900 -0.850401
v -0.111289 15.053900 -0.915601
v -0.253098 15.011600 -0.811201
v 0.212332 14.986199 -0.769101
v -0.114450 14.961400 -0.676601
v 0.172874 15.026799 -0.851301
v 0.293537 14.632400 -0.889701
v 0.071504 15.075600 -0.951501
v -0.076736 14.632600 -0.615401
v 0.017004 14.971100 -0.624501
v 0.199470 14.616799 -0.675701
v -0.036733 14.699699 -1.125301
v -0.070741 13.921599 -0.561201
v 0.226829 13.846100 -0.790601
v -0.146932 14.687500 -1.083201
v 0.137449 14.623500 -0.637501
v 0.264543 14.622000 -0.836001
v -0.013952 14.632299 -0.592901
v -0.237838 14.626500 -0.734001
v -0.294191 14.632800 -0.798401
v -0.227810 14.672100 -1.039201
v -0.261164 14.630099 -0.787801
v -0.188679 14.629499 -0.680701
v -0.317953 14.671900 -0.988701
v 0.114341 14.667800 -1.048201
v -0.252226 14.626100 -0.773101
v 0.203285 14.653700 -0.995801
v 0.236203 14.644099 -0.954801
v 0.057770 14.632500 -0.585101
v 0.118919 14.658600 -1.020201
v 0.098645 14.630000 -0.613901
v 0.149003 14.655100 -1.008501
v 0.273154 14.643399 -0.950101
v -0.187698 14.675799 -1.051601
v -0.354141 14.653600 -0.876501
v 0.256913 14.618299 -0.802701
v 0.220834 14.646700 -0.962401
v -0.140392 14.632100 -0.644301
v 0.102569 12.985300 -0.868001
v 0.081423 14.684400 -1.090901
v 0.013189 14.631800 -0.588301
v -0.223450 13.987900 -1.158201
v 0.271737 13.886900 -0.972601
v 0.189442 13.861099 -0.706501
v -0.070741 14.013599 -1.277901
v -0.057552 13.047999 -0.735801
v 0.138757 13.872700 -0.656001
v -0.162519 14.008599 -1.223101
v -0.012426 13.866300 -0.546701
v 0.246231 13.870999 -0.905601
v -0.199252 13.970300 -0.724101
v -0.250918 13.964100 -0.812901
v -0.165571 13.977699 -0.646101
v -0.219199 13.966700 -0.797501
v -0.286234 13.985800 -1.081101
v 0.072485 13.950200 -1.177701
v -0.206010 13.964800 -0.777401
v 0.173310 13.906699 -1.101001
v 0.212877 13.901500 -1.052301
v 0.080333 13.928100 -1.133101
v 0.059187 13.841100 -0.571201
v 0.097010 13.858900 -0.616901
v 0.116412 13.913000 -1.116701
v 0.249392 13.898800 -1.044801
v -0.194020 13.993799 -1.180601
v -0.309233 13.970600 -0.920401
v 0.238928 13.854799 -0.859101
v -0.119246 13.477099 -0.722401
v 0.194238 13.903500 -1.058401
v -0.128402 13.970500 -0.594701
v 0.039022 13.984799 -1.239601
v 0.013843 13.843400 -0.554101
v -0.031283 13.026799 -0.732401
v -0.044581 12.760699 -1.034001
v 0.161538 12.997900 -0.972401
v 0.089380 12.988700 -0.834501
v -0.059514 13.542299 -1.189601
v -0.198271 13.619200 -1.044101
v 0.078044 13.039599 -0.803401
v -0.076300 13.018100 -1.110301
v 0.155325 13.002900 -0.938201
v -0.041420 13.023700 -0.735801
v -0.104967 13.137000 -1.029201
v -0.065509 12.703600 -0.952601
v -0.062239 12.706300 -0.942201
v -0.057552 12.743600 -1.015601
v -0.005886 13.002900 -1.076901
v -0.083930 12.932300 -0.888201
v 0.100389 12.979300 -1.034901
v 0.154780 13.188700 -1.041501
v -0.003052 13.030399 -1.062401
v -0.064419 13.483600 -0.636901
v 0.043600 13.074400 -0.717701
v 0.089053 13.011100 -1.042001
v 0.162846 13.082900 -1.014001
v -0.038259 12.780499 -1.046201
v -0.066926 12.719700 -0.982001
v 0.113578 13.040199 -0.886201
v 0.107147 12.984900 -1.022301
v -0.072376 13.091499 -0.733701
v -0.016895 12.993999 -1.100101
v 0.064310 15.295199 -0.589001
v 0.115431 15.332399 -0.621001
v -0.211460 13.599600 -0.934401
v -0.156415 13.625000 -1.097901
v -0.129274 13.473900 -0.783801
v -0.177125 13.584900 -0.847301
v -0.155979 13.583099 -0.826501
v -0.136468 13.629200 -1.113801
v -0.078153 12.932899 -0.858501
v -0.132980 13.487000 -0.817301
v 0.032155 13.041800 -0.719401
v -0.009483 13.413000 -0.645901
v 0.038259 13.415600 -0.650701
v -0.026814 13.431800 -0.641801
v -0.102678 13.537399 -0.638801
v 0.059296 13.444099 -0.672201
v -0.047851 12.993899 -1.115601
v 0.154889 13.438100 -0.833901
v 0.126549 13.444300 -0.771101
v 0.095811 13.454700 -0.727201
v 0.169059 13.455199 -0.878801
v 0.206010 13.474800 -0.985201
v 0.186935 13.453799 -0.930801
v 0.172874 13.535999 -1.054601
v 0.199252 13.509500 -1.046001
v 0.137667 13.484099 -1.077901
v 0.100062 13.500500 -1.081401
v 0.150747 13.479000 -1.050301
v -0.127639 13.547000 -1.160301
v -0.081096 12.913799 -0.879101
v 0.039240 13.527800 -1.113101
v 0.042946 13.522099 -1.086301
v 0.020274 13.537000 -1.158701
v -0.116848 13.095600 -0.971701
v -0.082731 13.162000 -1.062001
v -0.108237 13.064300 -0.922501
v -0.097119 13.059899 -0.903001
v -0.069106 13.179700 -1.072201
v -0.007630 15.454499 -0.723101
v -0.070741 14.262500 -0.581401
v 0.264216 14.220600 -0.781401
v -0.253207 14.310200 -1.144101
v 0.298987 14.241699 -0.962801
v 0.221597 14.229899 -0.693101
v -0.064201 14.330700 -1.248301
v 0.160884 14.240200 -0.644901
v -0.175163 14.325299 -1.198801
v -0.004905 14.245800 -0.566701
v 0.276533 14.230800 -0.899701
v -0.231298 14.272699 -0.722601
v -0.294845 14.276000 -0.814001
v -0.182357 14.276799 -0.652801
v -0.261273 14.275300 -0.795701
v -0.331469 14.309400 -1.073701
v 0.090797 14.289700 -1.173301
v -0.246122 14.271399 -0.774201
v 0.191077 14.265800 -1.105301
v 0.233151 14.257299 -1.050101
v 0.098754 14.277800 -1.140901
v 0.073357 14.237499 -0.576701
v 0.114559 14.240399 -0.612701
v 0.132108 14.270000 -1.124601
v 0.272827 14.254100 -1.038201
v -0.216692 14.314600 -1.163001
v -0.359591 14.288799 -0.920101
v 0.272500 14.223800 -0.854601
v 0.213640 14.259999 -1.061201
v -0.135596 14.276600 -0.609201
v 0.055808 14.310300 -1.215901
v 0.024307 14.238600 -0.567801
v 0.084911 15.468400 -0.576401
v 0.070305 15.418200 -0.556601
v 0.067362 15.454600 -0.562801
v 0.023217 15.329800 -0.526701
v 0.011118 15.297000 -0.509901
v 0.070196 15.353100 -0.526901
v 0.037169 15.492400 -0.582301
v -0.072921 15.397099 -0.538801
v -0.046216 15.322499 -0.517601
v -0.008829 15.298500 -0.510601
v -0.033572 15.494399 -0.597001
v 0.105948 15.377200 -0.697701
v 0.088290 15.330600 -0.655901
v 0.074992 15.359500 -0.703401
v 0.034226 15.245600 -0.606501
v 0.013189 15.222099 -0.588601
v 0.081532 15.270300 -0.620201
v 0.041529 15.414300 -0.711801
v -0.092323 15.311100 -0.642301
v -0.059514 15.246799 -0.602001
v -0.010900 15.222799 -0.590001
v -0.046870 15.442100 -0.723001
v 0.141482 15.178900 -0.777701
v 0.126549 15.134600 -0.743301
v 0.102896 15.181100 -0.782401
v 0.058424 15.116699 -0.685801
v 0.022563 15.111400 -0.657301
v 0.115867 15.109900 -0.712801
v 0.049922 15.205500 -0.804201
v -0.105076 15.119800 -0.735301
v -0.079025 15.089100 -0.691801
v -0.009265 15.079000 -0.666501
v -0.053410 15.236500 -0.826701
v 0.162737 14.791200 -0.829601
v 0.160339 14.765400 -0.779201
v 0.133525 14.803900 -0.858801
v 0.078807 14.760900 -0.678001
v 0.025833 14.757400 -0.651001
v 0.133743 14.755099 -0.725101
v 0.077063 14.826500 -0.900601
v -0.153254 14.787300 -0.778401
v -0.097882 14.757000 -0.698101
v -0.030411 14.748799 -0.659201
v -0.086764 14.864699 -0.956801
v 0.177234 14.386300 -0.880901
v 0.173637 14.363800 -0.811401
v 0.149984 14.399799 -0.927101
v 0.083930 14.361400 -0.670601
v 0.024743 14.361000 -0.638501
v 0.141700 14.359400 -0.735401
v 0.088399 14.426900 -0.990101
v -0.169495 14.403800 -0.787301
v -0.106275 14.388499 -0.690501
v -0.037605 14.374100 -0.645301
v -0.097773 14.471900 -1.063701
v 0.118701 13.375400 -0.984401
v 0.091560 13.297199 -0.880301
v 0.092323 13.303599 -1.025201
v 0.028885 13.348000 -0.706101
v -0.012644 13.342500 -0.664401
v 0.076518 13.393900 -0.799101
v 0.034008 13.310800 -1.060501
v -0.134070 13.394400 -0.794901
v -0.093195 13.387700 -0.710401
v -0.052102 13.455999 -0.667601
v -0.107038 13.420400 -1.063201
v 0.068016 12.497100 -0.896901
v 0.066381 12.548800 -0.861501
v 0.068125 12.512099 -0.883101
v -0.006213 12.617599 -0.801401
v 0.016132 12.625800 -0.717201
v 0.011554 12.449300 -0.836701
v -0.014388 12.545199 -0.927401
v -0.061258 12.469999 -0.867001
v -0.058424 12.471900 -0.849501
v -0.044145 12.568900 -0.774601
v -0.032046 12.407499 -0.886201
v -0.033136 12.603800 -0.770101
v -0.053083 12.536200 -0.948001
v 0.023544 12.623400 -0.848901
v -0.040221 12.391900 -0.837001
v 0.026378 12.698899 -0.722101
v 0.061912 12.791800 -0.924201
v 0.057661 12.547600 -0.900201
v -0.062021 12.665000 -0.770301
v -0.117284 13.021600 -0.807901
v -0.094939 13.099199 -0.972101
v -0.068997 12.898100 -0.763701
v -0.080224 12.894700 -0.808201
v -0.018421 12.950200 -0.717901
v -0.037823 12.973900 -0.719101
v -0.068234 13.038600 -0.723201
v 0.016023 12.955199 -0.700601
v 0.033899 13.009299 -0.705701
v 0.038368 12.946099 -0.794101
v 0.017222 12.980100 -0.745801
v 0.054827 12.962100 -0.835901
v 0.086110 12.952399 -0.922201
v 0.082949 12.922000 -0.858301
v 0.074011 13.047100 -0.962301
v 0.077717 12.906799 -0.955401
v 0.051666 12.944900 -0.965601
v -0.080878 12.962600 -1.013901
v 0.005450 12.948100 -0.989201
v -0.067144 12.515200 -0.848601
v -0.069542 12.659500 -0.922901
v 0.192712 13.898600 -0.965201
v -0.037387 13.956200 -0.641501
v 0.146605 13.908899 -0.774101
v -0.087963 14.016500 -1.085801
v 0.181049 13.882800 -0.870901
v -0.151292 13.972199 -0.790901
v 0.083712 13.910200 -0.682501
v 0.167751 13.894300 -1.013601
v 0.101806 13.923699 -1.060101
v -0.096792 13.963599 -0.688201
v 0.021255 13.912399 -0.633701
v 0.031392 15.502400 -0.589101
v -0.081423 15.401900 -0.545201
v -0.003052 15.513999 -0.592801
v -0.081205 15.483899 -0.589201
v 0.042183 15.443099 -0.706501
v -0.109545 15.319600 -0.651201
v -0.008611 15.442899 -0.737001
v -0.091778 15.416800 -0.724001
v -0.083494 15.359400 -0.576901
v 0.028667 15.293400 -0.554701
v 0.072376 15.409499 -0.630501
v 0.041420 15.457999 -0.637701
v -0.043382 15.471700 -0.645001
v 0.098100 15.430499 -0.625501
v -0.053628 15.290600 -0.547501
v 0.079788 15.379500 -0.593101
v 0.012208 15.265200 -0.538601
v -0.010355 15.266299 -0.539201
v 0.076409 15.317400 -0.561501
v 0.049813 15.223900 -0.819501
v -0.128947 15.128500 -0.737901
v -0.007303 15.258699 -0.852101
v -0.122516 15.211599 -0.799801
v 0.099517 15.170700 -0.695701
v 0.109436 15.215199 -0.724801
v -0.009374 15.132000 -0.660001
v -0.099408 15.199200 -0.710401
v 0.046761 15.161799 -0.677101
v 0.091233 15.262300 -0.759601
v 0.050467 15.292800 -0.776301
v -0.056789 15.337999 -0.806601
v 0.128511 15.271000 -0.758901
v -0.068670 15.148299 -0.677801
v 0.018094 15.147799 -0.654301
v 0.050903 14.844800 -0.928101
v -0.177670 14.798500 -0.803201
v -0.023871 14.872900 -0.967401
v -0.171130 14.842600 -0.895101
v -0.077063 15.053100 -0.878701
v 0.126549 14.939000 -0.723401
v 0.147150 14.954200 -0.766001
v -0.022999 14.919800 -0.666501
v -0.138103 14.974000 -0.763201
v 0.072594 14.945499 -0.684701
v 0.120772 14.996900 -0.822601
v 0.066708 15.019500 -0.849301
v 0.152818 14.986700 -0.805801
v -0.089925 14.927500 -0.695501
v 0.026378 14.939600 -0.658601
v 0.055154 14.452100 -1.032801
v -0.192167 14.422000 -0.841301
v -0.026051 14.476700 -1.075401
v -0.183774 14.454200 -0.966001
v 0.173310 14.590500 -0.867301
v -0.034335 14.566500 -0.663301
v 0.138103 14.560900 -0.729501
v -0.095484 14.671900 -1.025001
v 0.169822 14.567599 -0.800801
v -0.162519 14.597400 -0.801801
v 0.081641 14.565800 -0.673701
v 0.144098 14.604300 -0.908901
v 0.083821 14.629499 -0.963501
v -0.101915 14.576900 -0.709601
v 0.025506 14.564500 -0.650101
v 0.010028 13.425600 -1.087701
v -0.163609 13.517400 -0.837701
v -0.054936 13.455899 -1.093101
v -0.162846 13.544100 -0.953401
v 0.187916 14.157800 -0.914601
v -0.038804 14.172800 -0.639401
v 0.141373 14.148200 -0.743001
v -0.095702 14.258200 -1.076101
v 0.151183 13.581300 -0.892101
v -0.166334 14.195200 -0.775901
v 0.072921 13.616600 -0.709101
v 0.161647 14.166699 -0.962501
v 0.079570 13.611899 -1.074301
v -0.105621 14.185200 -0.679901
v 0.017549 13.618799 -0.662901
v -0.020710 12.473800 -0.913101
v -0.040221 12.378600 -0.841501
v -0.037387 12.470600 -0.922401
v -0.038477 12.381100 -0.865701
v -0.014061 13.154699 -0.685601
v 0.097228 13.158999 -0.956301
v -0.045126 13.214999 -0.685401
v 0.050031 13.171700 -0.780201
v -0.095593 13.189600 -1.050101
v 0.068670 12.728700 -0.854401
v -0.129601 13.219299 -0.801901
v 0.006867 12.793300 -0.767601
v 0.084584 13.181999 -0.996301
v -0.011336 12.744200 -0.950501
v -0.080333 13.145000 -0.734701
v 0.004469 13.155499 -0.673301
v -0.107910 13.276999 -1.009801
v 0.037387 12.791500 -0.835201
v -0.102678 13.147500 -0.790601
v 0.031828 12.851900 -0.715801
v 0.080442 13.111099 -0.994201
v 0.053083 12.738500 -0.931501
v -0.078371 13.223800 -0.705201
v -0.050794 12.451600 -0.846501
v -0.046761 12.519600 -0.909201
v -0.129819 13.048800 -0.833001
v -0.127966 13.092099 -0.921001
v -0.063874 12.680599 -0.809601
v -0.070305 12.677400 -0.844001
v -0.026487 12.772400 -0.748601
v -0.041638 12.765599 -0.753401
v -0.063983 12.852500 -0.743101
v 0.016132 12.787100 -0.712101
v 0.030302 13.185400 -0.689601
v 0.020165 12.686399 -0.817301
v 0.020274 13.167299 -0.718901
v 0.065291 13.147500 -0.834701
v 0.074120 12.712999 -0.900101
v 0.092650 13.109900 -0.865801
v 0.063329 12.908400 -0.940701
v 0.073466 12.703600 -0.909601
v 0.041202 13.136000 -1.009801
v -0.070850 12.730400 -0.984201
v 0.014715 13.138400 -1.032701
v -0.010900 12.945300 -1.003201
v -0.051884 12.948700 -1.022801
v -0.103768 12.801800 -0.815201
v -0.078916 12.903299 -0.948401
v -0.072267 12.509000 -0.860101
v -0.079134 12.584200 -0.901701
v 0.162628 13.618799 -0.975401
v -0.038695 13.694500 -0.648001
v 0.125459 13.625199 -0.795301
v -0.084148 13.715099 -1.074501
v 0.177343 14.140400 -0.830701
v -0.147150 13.703300 -0.761601
v 0.082949 14.149799 -0.671701
v 0.139956 13.596200 -1.029701
v 0.095266 14.197499 -1.017901
v -0.096029 13.687300 -0.676001
v 0.023435 14.149600 -0.636401
v -0.017985 14.014500 -1.113201
v -0.172874 14.010300 -0.855401
v -0.166770 14.035600 -0.981001
v 0.064746 13.974999 -1.091101
v -0.096901 15.366799 -0.582701
v -0.089380 15.454999 -0.643801
v 0.038804 15.477799 -0.633601
v -0.010464 15.357400 -0.821601
v -0.120227 15.209800 -0.715501
v -0.110635 15.308200 -0.784701
v 0.052756 15.317900 -0.786601
v -0.019511 15.066700 -0.899601
v -0.166661 14.981199 -0.768601
v -0.164590 15.038899 -0.845601
v 0.049704 15.036099 -0.867801
v -0.026487 14.677000 -1.036901
v -0.187262 14.611899 -0.842501
v -0.180286 14.648700 -0.944501
v 0.052865 14.650800 -0.998401
v -0.021909 13.715500 -1.107101
v -0.166770 13.769099 -0.823701
v -0.158050 13.782000 -0.957801
v 0.048505 13.678100 -1.093401
v -0.060713 13.200200 -1.062701
v -0.148567 13.313200 -0.943401
v -0.111398 12.859099 -0.913201
v -0.053301 12.441500 -0.855201
v -0.053846 12.473700 -0.891301
v -0.013189 12.697300 -0.957501
v -0.147804 13.279200 -0.842201
v -0.043600 12.685100 -0.983501
v -0.005777 13.179399 -1.050301
v -0.116194 12.801100 -0.832201
v -0.007412 15.481799 -0.651601
v -0.023326 14.261700 -1.093501
v -0.188243 14.219000 -0.834401
v -0.179414 14.248400 -0.968001
v 0.059187 14.232200 -1.055101
v 0.045344 15.454801 -0.690801
v 0.069542 15.458499 -0.688301
v 0.084911 15.424100 -0.665601
v 0.110962 15.424600 -0.674201
v 0.105839 15.389800 -0.651801
v 0.092323 15.373700 -0.646401
v 0.089271 15.411300 -0.656401
v 0.099626 15.354400 -0.632301
v 0.076627 15.283400 -0.593301
v 0.035752 15.270499 -0.593101
v 0.034880 15.285600 -0.604301
v 0.024852 15.468101 -0.698001
v 0.051230 15.448699 -0.685301
v -0.109327 15.415799 -0.680701
v -0.077935 15.457000 -0.711101
v -0.085347 15.352300 -0.622801
v -0.079243 15.308499 -0.598201
v -0.052320 15.277699 -0.593801
v -0.039240 15.268100 -0.588301
v 0.007957 15.252600 -0.580401
v -0.004796 15.254300 -0.581501
v -0.037278 15.451200 -0.707001
v -0.090579 15.356199 -0.629401
v 0.058424 15.426999 -0.739701
v 0.091451 15.426499 -0.738101
v 0.099081 15.378400 -0.714201
v 0.147259 15.379899 -0.706201
v 0.144316 15.342799 -0.681001
v 0.122734 15.324200 -0.671201
v 0.105294 15.363799 -0.704401
v 0.135051 15.303699 -0.653501
v 0.098427 15.241899 -0.605301
v 0.052211 15.223499 -0.593001
v 0.050794 15.234799 -0.611801
v 0.033245 15.434300 -0.754301
v 0.060713 15.413199 -0.733701
v -0.135923 15.385299 -0.725101
v -0.090688 15.423100 -0.759901
v -0.117284 15.307500 -0.640801
v -0.095484 15.261399 -0.623501
v -0.073575 15.236899 -0.601801
v -0.056026 15.227400 -0.594501
v 0.007412 15.210999 -0.582501
v -0.009156 15.212800 -0.583901
v -0.056789 15.428100 -0.760701
v -0.131781 15.315400 -0.644101
v 0.076954 15.217899 -0.843701
v 0.121535 15.214499 -0.840901
v 0.142463 15.196799 -0.814401
v 0.201541 15.184000 -0.796901
v 0.207100 15.151799 -0.756501
v 0.180613 15.140300 -0.750001
v 0.138866 15.185599 -0.809001
v 0.198707 15.129100 -0.734201
v 0.138866 15.130500 -0.661001
v 0.082077 15.151600 -0.625001
v 0.083603 15.119800 -0.657601
v 0.043055 15.255899 -0.898901
v 0.071286 15.210799 -0.841901
v -0.198271 15.196899 -0.799301
v -0.116739 15.221499 -0.850601
v -0.142681 15.123899 -0.737101
v -0.136032 15.105000 -0.698901
v -0.102133 15.091800 -0.670901
v -0.078480 15.087700 -0.661601
v 0.011554 15.096100 -0.621201
v -0.009810 15.082000 -0.630601
v -0.068343 15.233900 -0.867801
v -0.156633 15.127100 -0.729401
v 0.120118 14.875600 -0.952101
v 0.183011 14.870700 -0.928401
v 0.217891 14.868400 -0.906601
v 0.283400 14.859600 -0.879001
v 0.272391 14.844199 -0.825201
v 0.246994 14.839399 -0.808201
v 0.217673 14.859799 -0.888501
v 0.255932 14.834700 -0.780301
v 0.167969 14.825900 -0.661701
v 0.095920 14.838500 -0.611901
v 0.103114 14.831300 -0.645001
v 0.056789 14.903800 -1.032901
v 0.122843 14.870000 -0.938101
v -0.323294 14.872100 -0.890001
v -0.208081 14.875700 -0.958801
v -0.237511 14.830700 -0.791801
v -0.210043 14.827900 -0.735001
v -0.164808 14.832000 -0.681801
v -0.129819 14.832900 -0.666401
v -0.006540 14.836300 -0.606601
v -0.035643 14.835999 -0.619401
v -0.133525 14.884600 -0.988101
v -0.258766 14.835500 -0.784501
v 0.157287 14.447400 -1.143201
v 0.217564 14.437799 -1.096301
v 0.262690 14.435699 -1.074701
v 0.344331 14.422500 -0.994701
v 0.340625 14.409900 -0.895201
v 0.314683 14.408500 -0.862501
v 0.273917 14.429899 -1.033301
v 0.315337 14.405999 -0.805101
v 0.214730 14.417999 -0.643001
v 0.113251 14.429600 -0.585801
v 0.134942 14.427999 -0.623001
v 0.062457 14.473599 -1.199601
v 0.156415 14.442400 -1.113501
v -0.387495 14.461200 -0.992501
v -0.278713 14.460500 -1.109801
v -0.262363 14.424100 -0.785601
v -0.219635 14.425099 -0.686401
v -0.152600 14.431200 -0.623801
v -0.121208 14.433000 -0.601401
v 0.013407 14.430900 -0.571401
v -0.018094 14.432099 -0.570401
v -0.194565 14.468499 -1.153001
v -0.295063 14.430200 -0.793301
v 0.092759 13.764800 -1.138901
v 0.167206 13.731199 -1.113801
v 0.207863 13.729500 -1.076901
v 0.283509 13.719000 -1.032701
v 0.264761 13.698500 -0.930201
v 0.259965 13.671499 -0.895201
v 0.215057 13.724400 -1.048501
v 0.247539 13.648100 -0.835201
v 0.172874 13.671800 -0.659201
v 0.081750 13.615900 -0.565001
v 0.102678 13.650599 -0.623401
v 0.006540 13.842299 -1.240701
v 0.094939 13.745299 -1.107801
v -0.298769 13.832299 -1.009901
v -0.216038 13.828099 -1.128801
v -0.204593 13.803699 -0.766001
v -0.188679 13.810200 -0.647801
v -0.148894 13.802299 -0.560901
v -0.119573 13.776400 -0.539001
v -0.016459 13.617599 -0.505301
v -0.043273 13.653100 -0.503801
v -0.161974 13.836200 -1.176701
v -0.227919 13.808000 -0.772201
v -0.057225 12.729000 -1.013101
v 0.080987 12.710400 -0.986801
v 0.093304 12.698400 -0.972101
v 0.194674 12.735900 -0.944201
v 0.200342 12.698600 -0.888601
v 0.118374 12.704000 -0.815301
v 0.106275 12.695200 -0.753801
v 0.060495 12.745199 -0.654801
v 0.097446 12.768499 -0.717701
v -0.081314 12.719199 -1.033901
v -0.108128 12.561500 -0.918201
v -0.097010 12.570300 -0.937701
v -0.128184 12.648499 -0.835101
v -0.122952 12.615100 -0.814301
v -0.114668 12.642500 -0.809701
v -0.075101 12.737599 -0.688001
v -0.042837 12.706300 -0.684801
v -0.053955 12.710600 -0.686901
v -0.090906 12.607900 -0.960101
v -0.103659 12.549299 -0.875601
v 0.130146 12.813800 -0.837801
v 0.179414 13.049999 -1.050701
v 0.074774 12.780700 -0.999501
v -0.155761 13.393700 -1.105701
v -0.181376 13.318299 -0.839001
v -0.205792 13.374800 -1.025601
v -0.113687 13.402300 -1.139601
v -0.141155 13.060699 -0.770901
v -0.131890 13.100400 -0.719601
v -0.150638 13.113600 -0.809101
v -0.046325 13.138100 -0.595101
v -0.070414 13.166599 -0.595201
v -0.114341 13.224000 -0.608501
v 0.058642 13.149400 -0.587101
v 0.120881 13.151299 -0.689801
v 0.096901 13.168600 -0.654401
v 0.168950 13.160200 -0.822601
v 0.173746 13.189899 -0.848901
v 0.223777 13.200200 -1.016101
v 0.224322 13.150300 -0.938601
v 0.176035 13.322400 -1.072301
v 0.145297 13.151500 -1.057301
v 0.120118 13.171300 -1.081601
v 0.089598 13.200299 -1.077701
v -0.038586 13.203000 -1.211801
v 0.009483 13.218900 -1.120801
v -0.115104 12.835899 -1.040301
v -0.138975 12.789300 -0.986101
v -0.130691 12.691400 -0.886601
v -0.089380 12.895300 -1.077101
v -0.256368 14.141100 -1.160901
v 0.324057 14.081200 -1.047101
v -0.010682 14.071099 -0.546001
v 0.221924 14.067800 -0.650101
v -0.184973 14.150700 -1.204201
v 0.022563 14.055599 -0.545901
v 0.310214 14.067100 -0.937601
v 0.309342 14.055200 -0.908001
v 0.027250 14.157700 -1.272001
v -0.257131 14.120299 -0.809501
v -0.231298 14.115299 -0.800201
v -0.194565 14.124399 -0.693301
v 0.110635 14.108500 -1.183801
v 0.146387 14.064799 -0.627801
v 0.245141 14.084800 -1.079001
v 0.237402 14.089000 -1.114601
v 0.116739 14.095400 -1.143001
v 0.117393 14.053699 -0.580601
v -0.344222 14.151600 -1.044201
v 0.184864 14.089299 -1.140001
v -0.145297 14.127900 -0.613001
v 0.303020 14.045700 -0.839901
v -0.111071 14.119300 -0.589001
v 0.089707 15.414100 -0.659901
v 0.029866 15.261700 -0.584801
v 0.013952 15.252000 -0.580101
v 0.086982 15.296300 -0.597701
v 0.044472 15.459701 -0.693901
v 0.079788 15.445399 -0.677601
v 0.102133 15.422799 -0.669101
v 0.034226 15.467000 -0.697301
v 0.099844 15.332999 -0.617301
v -0.110635 15.389899 -0.655301
v -0.096029 15.357100 -0.631901
v -0.085456 15.347799 -0.617201
v -0.000545 15.467099 -0.701201
v -0.044363 15.451999 -0.708601
v -0.066490 15.456500 -0.710701
v -0.030193 15.457799 -0.704601
v -0.083712 15.325900 -0.603501
v 0.108673 15.366799 -0.705701
v 0.039567 15.218400 -0.585301
v 0.015151 15.211499 -0.582401
v 0.107147 15.251800 -0.614001
v 0.061367 15.436000 -0.744201
v 0.097664 15.405799 -0.729101
v 0.132653 15.378400 -0.708901
v 0.049159 15.439500 -0.751001
v 0.127857 15.284300 -0.638501
v -0.151510 15.354799 -0.687601
v -0.140283 15.317800 -0.647401
v -0.114777 15.300799 -0.638301
v -0.006104 15.436999 -0.761801
v -0.064092 15.428199 -0.760601
v -0.082840 15.428300 -0.761001
v -0.049704 15.436299 -0.763401
v -0.105294 15.277800 -0.628401
v 0.030302 15.452800 -0.726901
v -0.111398 15.336200 -0.635601
v -0.101915 15.330400 -0.630801
v 0.087418 15.263000 -0.599101
v -0.087636 15.284699 -0.611301
v 0.126004 15.367099 -0.664201
v 0.052211 15.439599 -0.714001
v 0.042728 15.260300 -0.608701
v 0.098209 15.387300 -0.681501
v 0.092759 15.399800 -0.688301
v 0.058424 15.431399 -0.710301
v 0.043491 15.246200 -0.594501
v -0.125568 15.401900 -0.703101
v 0.083058 15.444999 -0.714401
v -0.050140 15.440000 -0.733901
v 0.131236 15.403800 -0.690801
v -0.063002 15.257700 -0.597501
v 0.107474 15.349199 -0.657901
v 0.118810 15.329100 -0.643901
v -0.047742 15.247499 -0.591501
v 0.007630 15.231100 -0.582001
v -0.087200 15.442800 -0.736401
v -0.006867 15.232800 -0.583101
v 0.147477 15.188000 -0.810701
v 0.062239 15.134200 -0.620101
v 0.022999 15.105000 -0.619201
v 0.157505 15.123899 -0.682401
v 0.078153 15.226600 -0.855401
v 0.138975 15.206100 -0.826101
v 0.180286 15.188800 -0.809601
v 0.066817 15.245199 -0.885601
v 0.183992 15.120700 -0.710601
v -0.201868 15.168300 -0.770801
v -0.168296 15.129499 -0.733101
v -0.144643 15.122100 -0.735501
v -0.003052 15.259900 -0.905801
v -0.078153 15.231199 -0.864101
v -0.104095 15.225300 -0.856401
v -0.064310 15.249200 -0.883001
v -0.142136 15.111300 -0.711701
v 0.172983 15.234400 -0.734701
v 0.150747 15.218599 -0.721901
v 0.011663 15.141399 -0.623101
v -0.007303 15.135300 -0.627801
v 0.041965 15.344199 -0.845901
v -0.144643 15.208200 -0.703901
v 0.118156 15.172999 -0.653401
v -0.126876 15.201200 -0.701101
v -0.111071 15.169300 -0.680001
v 0.066272 15.304800 -0.800201
v 0.067580 15.165400 -0.652901
v 0.126440 15.265599 -0.772401
v 0.120336 15.276199 -0.777501
v 0.072376 15.295000 -0.796201
v 0.067144 15.174999 -0.625101
v -0.166007 15.277300 -0.776901
v 0.113687 15.308100 -0.798301
v -0.069869 15.324900 -0.824301
v 0.175817 15.274300 -0.771501
v -0.086219 15.151099 -0.653801
v 0.166443 15.202100 -0.707301
v -0.066817 15.144700 -0.644601
v -0.107583 15.314799 -0.816601
v 0.229445 14.861300 -0.893201
v 0.053410 14.837999 -0.598601
v 0.006976 14.836300 -0.604901
v 0.193693 14.825900 -0.692301
v 0.114014 14.880600 -0.968401
v 0.204157 14.870700 -0.919401
v 0.266505 14.863600 -0.895901
v 0.086437 14.896299 -1.013101
v 0.227701 14.828700 -0.748101
v -0.318498 14.857400 -0.846501
v -0.272936 14.835500 -0.790601
v -0.238492 14.830100 -0.787301
v -0.015260 14.911400 -1.055001
v -0.149330 14.882000 -0.981601
v -0.189333 14.878799 -0.969501
v -0.111507 14.893700 -1.010201
v -0.228028 14.828899 -0.752001
v 0.150311 14.979700 -0.667501
v -0.101043 15.058399 -0.925801
v 0.240345 14.999599 -0.791001
v 0.214621 14.991699 -0.780201
v 0.002507 14.967099 -0.620201
v -0.022999 14.960299 -0.628001
v 0.049159 15.087700 -0.975101
v -0.204920 14.982599 -0.763801
v -0.186172 14.979099 -0.770301
v -0.171457 14.967099 -0.720201
v 0.096792 15.048300 -0.898901
v 0.091451 14.977099 -0.655501
v 0.175708 15.023399 -0.848901
v 0.176035 15.033299 -0.862301
v 0.092105 15.039800 -0.888401
v 0.099299 14.997399 -0.618801
v -0.256477 15.033800 -0.846201
v 0.147695 15.043099 -0.886801
v 0.241653 15.023700 -0.841301
v -0.130255 14.962399 -0.681401
v 0.227701 14.983700 -0.759001
v -0.105839 14.961499 -0.664201
v -0.161429 15.048100 -0.903201
v 0.288741 14.430400 -1.039201
v 0.076191 14.430799 -0.570401
v 0.027141 14.430599 -0.573901
v 0.240345 14.413000 -0.681501
v 0.149003 14.451400 -1.157301
v 0.244705 14.437500 -1.094601
v 0.332559 14.428800 -1.028201
v 0.104313 14.464499 -1.176701
v 0.289395 14.406699 -0.754801
v -0.380628 14.445200 -0.907601
v -0.312176 14.428800 -0.802701
v -0.262145 14.422500 -0.770601
v -0.024634 14.478600 -1.219001
v -0.212877 14.465500 -1.144401
v -0.258330 14.462299 -1.125801
v -0.165571 14.474299 -1.179101
v -0.238492 14.423200 -0.720501
v 0.330270 14.641800 -0.936601
v -0.026487 14.633599 -0.590001
v 0.192821 14.621200 -0.640501
v -0.164372 14.678400 -1.069601
v 0.319261 14.626699 -0.853101
v 0.281547 14.621599 -0.827401
v 0.004251 14.632600 -0.586801
v 0.068670 14.691000 -1.113401
v -0.277732 14.633900 -0.785901
v -0.256150 14.627700 -0.783901
v -0.217128 14.627600 -0.707901
v 0.155979 14.662399 -1.044401
v 0.117829 14.628900 -0.624601
v 0.255278 14.645200 -0.962001
v 0.258766 14.653600 -0.991601
v 0.152927 14.655399 -1.022601
v 0.098427 14.633300 -0.592101
v -0.371145 14.670400 -0.943601
v 0.213531 14.658000 -1.024701
v -0.159467 14.632600 -0.648001
v 0.288741 14.618099 -0.783601
v -0.121317 14.632899 -0.635801
v -0.245904 14.669600 -1.036601
v 0.229118 13.725300 -1.055601
v 0.044472 13.603700 -0.537501
v -0.005668 13.604300 -0.510901
v 0.195001 13.655100 -0.702301
v 0.086110 13.778800 -1.163301
v 0.195328 13.729300 -1.099701
v 0.269121 13.721600 -1.049801
v 0.043818 13.816600 -1.221001
v 0.208517 13.645800 -0.786601
v -0.288523 13.813399 -0.907201
v -0.242525 13.804000 -0.787401
v -0.202958 13.802899 -0.751101
v -0.063438 13.849999 -1.260601
v -0.172656 13.833699 -1.168801
v -0.203176 13.829599 -1.146001
v -0.144534 13.848700 -1.208901
v -0.194238 13.805400 -0.691001
v -0.271737 14.303300 -1.149701
v 0.342369 14.249599 -1.028901
v -0.014388 14.250600 -0.565301
v 0.210261 13.877999 -0.650801
v -0.194565 14.311700 -1.197601
v 0.018639 14.243000 -0.561101
v 0.338336 14.236300 -0.925201
v 0.282310 13.869200 -0.889801
v 0.017113 14.000800 -1.275801
v -0.276097 14.277200 -0.803801
v -0.250591 14.271199 -0.791501
v -0.205683 14.274899 -0.691001
v 0.098754 13.936700 -1.160001
v 0.135596 13.865999 -0.622001
v 0.264325 14.255899 -1.067201
v 0.224431 13.908600 -1.088001
v 0.110308 13.917399 -1.133701
v 0.112488 13.841700 -0.565101
v -0.320024 13.988899 -1.024601
v 0.178760 13.908000 -1.132901
v -0.154453 14.278700 -0.614401
v 0.279912 13.852799 -0.827701
v -0.117175 14.275000 -0.597801
v 0.184101 12.996400 -1.045401
v 0.053846 12.753099 -0.652501
v -0.039240 12.724500 -0.679201
v 0.111398 12.670600 -0.774601
v -0.058533 12.723700 -1.015101
v 0.091124 12.704400 -0.978701
v 0.185954 12.837999 -0.991001
v -0.068561 12.718400 -1.025601
v 0.114668 12.673500 -0.804101
v -0.108673 12.555599 -0.905901
v -0.106166 12.549900 -0.881701
v -0.127857 12.631800 -0.829001
v -0.092977 12.724100 -1.038801
v -0.090252 12.593499 -0.951101
v -0.094176 12.574200 -0.941901
v -0.114559 12.764700 -1.063401
v -0.124478 12.615700 -0.819001
v -0.045126 12.921100 -0.634301
v -0.105076 12.703500 -0.983701
v 0.260292 13.476399 -1.038401
v -0.067689 13.405900 -0.549801
v 0.112052 12.915400 -0.720301
v 0.248520 13.438900 -0.943601
v -0.061803 12.957100 -1.139301
v -0.212223 13.559799 -0.795901
v -0.179087 13.437300 -0.691201
v -0.025724 12.967199 -1.080001
v 0.092759 12.971700 -0.677301
v 0.195219 13.532800 -1.069401
v 0.113687 12.918099 -1.028501
v 0.057334 12.948999 -0.611301
v -0.124478 12.672000 -0.948701
v 0.097882 12.933399 -1.051401
v -0.166007 13.448600 -0.610801
v 0.142463 12.924399 -0.835301
v -0.133307 13.490600 -0.553001
v -0.141155 13.620700 -1.134601
v 0.149984 13.000000 -0.850901
v -0.189769 13.466700 -0.786501
v 0.081314 12.986799 -1.045901
v -0.193584 13.610800 -1.103201
v -0.120772 12.611600 -0.881801
v -0.254406 13.603600 -0.999901
v -0.087527 12.751400 -1.016101
v -0.145079 13.396399 -1.120801
v -0.191731 13.325999 -0.865801
v -0.213204 13.353499 -0.961601
v -0.119573 13.401299 -1.136901
v -0.114014 12.821899 -0.795001
v -0.111398 12.856600 -0.768401
v -0.131127 12.869200 -0.820201
v -0.152055 13.089200 -0.806901
v -0.145079 13.062900 -0.788001
v -0.041311 13.376599 -0.551701
v -0.061149 12.938600 -0.636401
v -0.094612 12.983500 -0.638001
v -0.039567 13.138200 -0.592101
v 0.051230 13.383599 -0.577601
v 0.045017 13.143300 -0.581201
v 0.130255 13.419200 -0.684501
v 0.087745 13.415400 -0.647101
v 0.202631 13.414200 -0.832901
v 0.208953 13.445800 -0.883301
v 0.158159 13.151299 -0.789701
v 0.137885 13.146100 -0.724001
v 0.198707 12.961599 -0.988201
v 0.205356 12.916300 -0.930201
v 0.177452 13.179800 -1.059801
v 0.186608 13.298800 -1.073301
v 0.214839 13.237499 -1.045401
v 0.187044 13.459200 -1.085601
v 0.147695 13.469800 -1.125501
v 0.095157 13.492200 -1.101001
v 0.137885 13.160900 -1.070001
v -0.000872 13.524699 -1.216901
v 0.058097 13.504600 -1.125801
v -0.123170 13.206400 -1.202001
v 0.003379 13.213900 -1.144101
v -0.069433 13.199300 -1.218201
v -0.010900 13.205100 -1.193101
v -0.138321 13.117000 -1.087901
v -0.173419 13.085899 -1.020101
v -0.157723 12.996200 -0.868101
v -0.099735 13.150599 -1.120901
v -0.108891 12.849800 -1.051601
v -0.136904 12.705000 -0.899401
v -0.133089 12.756100 -0.949401
v -0.094067 12.878799 -1.068701
v -0.243397 13.981899 -1.150301
v 0.312394 13.899300 -1.031501
v -0.021255 13.870700 -0.518301
v 0.224976 14.240999 -0.651701
v -0.182793 13.993199 -1.202401
v 0.010573 13.844299 -0.512001
v 0.280566 13.886100 -0.921301
v 0.318171 14.229700 -0.894201
v 0.047633 14.314700 -1.247501
v -0.237402 13.966800 -0.791401
v -0.211242 13.962399 -0.783901
v -0.189442 13.973000 -0.674501
v 0.135705 14.275399 -1.171401
v 0.148131 14.244599 -0.628101
v 0.237620 13.903999 -1.053801
v 0.258657 14.260600 -1.109001
v 0.142245 14.266500 -1.142501
v 0.124914 14.240600 -0.588001
v -0.377358 14.305200 -1.020001
v 0.202631 14.263100 -1.136001
v -0.145188 13.974500 -0.589901
v 0.311086 14.224299 -0.830401
v -0.111398 13.957700 -0.565601
v 0.271192 14.046300 -0.783301
v -0.240345 14.143100 -1.178901
v 0.251027 14.056499 -0.698601
v -0.050249 14.164000 -1.292901
v -0.162737 14.160500 -1.239201
v -0.218000 14.119300 -0.727801
v -0.271955 14.117200 -0.823501
v 0.106057 14.116799 -1.206101
v -0.227810 14.115299 -0.784901
v 0.214730 14.089999 -1.133801
v 0.259856 14.085400 -1.082201
v 0.086110 14.049000 -0.565701
v 0.302039 14.082900 -1.069101
v -0.200669 14.148100 -1.197601
v -0.341170 14.130400 -0.940601
v 0.058315 14.142699 -1.258001
v 0.037278 14.050400 -0.546101
v -0.095375 15.301700 -0.616301
v -0.119355 15.337199 -0.639901
v -0.076627 15.443900 -0.737301
v 0.054718 15.447000 -0.717801
v -0.100934 15.324900 -0.626601
v 0.091778 15.427199 -0.703201
v 0.098972 15.389800 -0.684001
v 0.034662 15.239500 -0.586401
v 0.117829 15.401900 -0.690601
v -0.056680 15.440700 -0.735401
v -0.133743 15.374000 -0.669401
v 0.155107 15.188800 -0.692701
v 0.044472 15.454900 -0.724401
v -0.008502 15.350400 -0.852901
v 0.014606 15.231500 -0.581701
v 0.097119 15.274400 -0.605501
v 0.206119 14.976500 -0.729201
v -0.043055 15.447400 -0.734001
v -0.119573 15.180400 -0.687001
v -0.154780 15.210299 -0.707801
v -0.097010 15.320600 -0.821801
v 0.075537 15.318100 -0.809901
v -0.126440 15.196700 -0.699701
v 0.121099 15.294200 -0.789501
v 0.130909 15.268800 -0.775201
v 0.050903 15.163799 -0.619301
v 0.158595 15.276500 -0.779501
v -0.077172 15.324900 -0.824701
v -0.174945 15.247399 -0.743101
v 0.129274 15.173800 -0.665601
v 0.064855 15.342700 -0.837601
v -0.012862 15.089299 -0.979501
v 0.020492 15.146299 -0.621101
v -0.062348 15.340899 -0.839801
v 0.167097 14.975200 -0.693101
v 0.264761 14.616300 -0.744801
v -0.085129 15.070800 -0.944901
v -0.185191 14.971000 -0.733801
v -0.218109 14.983100 -0.765701
v -0.146823 15.052199 -0.912501
v 0.095157 15.056100 -0.913201
v -0.189006 14.977500 -0.765201
v 0.168078 15.039499 -0.875201
v 0.184755 15.025300 -0.853601
v 0.056353 14.987300 -0.606701
v 0.220616 15.027800 -0.856901
v -0.114559 15.056499 -0.922501
v -0.260619 15.013599 -0.809901
v 0.079243 15.077300 -0.954901
v 0.013843 14.971800 -0.617101
v 0.223668 14.618999 -0.674501
v -0.017440 14.700299 -1.143201
v 0.245795 13.852400 -0.775301
v -0.142354 14.688000 -1.097301
v -0.242852 14.627299 -0.730301
v -0.296044 14.632999 -0.791401
v -0.226066 14.673500 -1.051801
v 0.152600 14.668099 -1.061501
v -0.257131 14.626599 -0.774201
v 0.240563 14.655299 -1.008401
v 0.268031 14.646100 -0.967401
v 0.063111 14.633500 -0.577901
v 0.310868 14.646800 -0.963301
v -0.181485 14.677099 -1.066601
v -0.362207 14.654400 -0.875901
v 0.136141 12.898600 -0.811601
v 0.113469 14.684199 -1.093401
v 0.017767 14.632500 -0.585101
v -0.229227 13.983900 -1.170301
v 0.229445 13.863600 -0.697601
v -0.062784 14.007700 -1.295601
v -0.160884 14.004600 -1.233801
v -0.199252 13.967199 -0.713301
v -0.256041 13.962899 -0.800401
v 0.089925 13.948600 -1.186001
v -0.212659 13.962100 -0.768801
v 0.210479 13.907800 -1.114801
v 0.248520 13.905000 -1.061001
v 0.076518 13.833799 -0.536301
v 0.292338 13.901700 -1.059301
v -0.196527 13.989599 -1.196401
v -0.309669 13.970300 -0.920201
v 0.049922 13.981400 -1.252801
v 0.024416 13.834300 -0.516301
v -0.040875 12.932699 -0.629201
v -0.099299 12.711800 -0.992001
v 0.122298 12.892300 -0.754501
v -0.062566 13.522500 -1.227001
v -0.124369 12.983200 -1.147601
v -0.123606 12.618999 -0.892801
v -0.027032 12.961800 -1.093201
v -0.128838 12.848100 -0.815301
v 0.111180 12.926000 -1.039901
v 0.187480 13.140500 -1.047601
v 0.200996 13.030999 -1.014401
v -0.091124 12.737499 -1.005801
v -0.126440 12.648299 -0.927201
v -0.045780 12.956599 -1.124601
v 0.114559 15.308499 -0.628601
v -0.258766 13.580899 -0.920301
v -0.176798 13.613899 -1.118201
v -0.188134 13.439199 -0.724901
v -0.222578 13.561700 -0.815201
v -0.149112 13.618999 -1.131301
v -0.190096 13.454300 -0.776001
v 0.047524 12.950500 -0.609101
v -0.032700 13.370600 -0.552201
v 0.032373 13.374300 -0.562001
v -0.084475 12.957500 -1.150501
v 0.177125 13.406400 -0.788001
v 0.156524 13.408199 -0.719501
v 0.206010 13.523000 -1.081001
v 0.244923 13.495700 -1.065601
v 0.171348 13.464600 -1.105001
v -0.151183 13.528800 -1.192201
v -0.118265 12.824100 -0.803601
v 0.053083 13.508400 -1.146001
v 0.031937 13.517699 -1.193801
v -0.180831 13.053900 -0.971201
v -0.129710 13.124499 -1.103501
v -0.163282 13.008900 -0.891901
v -0.106057 13.141200 -1.120101
v -0.003706 15.454200 -0.732701
v 0.289613 14.224899 -0.777901
v -0.249937 14.304899 -1.165001
v 0.259747 14.233100 -0.693401
v -0.033027 14.321000 -1.268601
v -0.170694 14.319099 -1.227501
v -0.228464 14.272500 -0.723901
v -0.292556 14.275200 -0.816901
v 0.130582 14.281799 -1.190401
v -0.251245 14.270200 -0.776201
v 0.239364 14.262199 -1.133501
v 0.278386 14.256100 -1.070301
v 0.085783 14.238899 -0.575301
v 0.320351 14.253799 -1.057501
v -0.210479 14.309099 -1.188901
v -0.363188 14.286699 -0.924401
v 0.087745 14.301700 -1.231101
v 0.033790 14.240399 -0.560601
v 0.024961 15.257100 -0.582501
v 0.031283 15.215400 -0.584101
v 0.048614 15.124599 -0.620901
v 0.037387 14.836900 -0.601901
v 0.058533 14.430500 -0.571001
v 0.026814 13.597600 -0.527301
v 0.051339 12.757199 -0.651801
v 0.038695 13.140200 -0.580201
v 0.068670 14.046700 -0.558601
v 0.028122 15.235800 -0.584401
v 0.040221 15.157499 -0.619701
v 0.041638 14.981700 -0.612301
v 0.046979 14.632999 -0.579201
v 0.057334 13.828799 -0.529701
v 0.043164 12.951200 -0.608401
v 0.021473 13.369900 -0.556001
v 0.067362 14.237900 -0.571601
v 0.035425 15.274500 -0.596701
v 0.051775 15.226299 -0.599101
v 0.084802 15.144600 -0.636101
v 0.100607 14.836499 -0.623301
v 0.121317 14.429399 -0.595401
v 0.087854 13.624100 -0.581101
v 0.062130 12.768300 -0.649501
v 0.059623 13.163099 -0.589201
v 0.124260 14.056499 -0.593901
v 0.043164 15.249700 -0.599001
v 0.067362 15.172999 -0.632901
v 0.101370 14.992000 -0.631401
v 0.104313 14.632000 -0.603001
v 0.121208 13.847799 -0.579801
v 0.061258 12.967999 -0.609901
v 0.055372 13.393900 -0.586401
v 0.131018 14.241600 -0.599801
v 0.044908 15.285100 -0.601501
v 0.061585 15.236199 -0.610501
v 0.096356 15.122499 -0.657601
v 0.116848 14.829900 -0.649701
v 0.155107 14.425400 -0.625601
v 0.119137 13.655900 -0.634301
v 0.099953 12.746500 -0.724201
v 0.104313 13.163700 -0.660901
v 0.165680 14.065599 -0.632201
v 0.079134 15.167100 -0.653101
v 0.104095 14.977699 -0.658501
v 0.134179 14.626800 -0.629601
v 0.154998 13.868799 -0.629501
v 0.096574 12.957700 -0.686901
v 0.053192 15.260799 -0.606501
v 0.099844 13.415999 -0.654701
v 0.167315 14.243700 -0.634201
v 0.065945 15.283800 -0.596301
v 0.085347 15.239799 -0.607201
v 0.123824 15.127800 -0.661001
v 0.149221 14.827100 -0.658701
v 0.195001 14.420500 -0.635501
v 0.156415 13.666300 -0.649201
v 0.102569 12.710899 -0.745601
v 0.116412 13.155200 -0.679101
v 0.202086 14.067100 -0.646601
v 0.104422 15.170799 -0.653301
v 0.133961 14.979099 -0.663001
v 0.172438 14.622999 -0.638301
v 0.191840 13.874900 -0.644001
v 0.105948 12.929399 -0.709301
v 0.075537 15.262099 -0.601701
v 0.120990 13.417900 -0.674101
v 0.206010 14.241899 -0.644501
v 0.144207 13.143800 -0.742201
v 0.263889 14.050699 -0.720601
v 0.090579 15.302799 -0.602001
v 0.110308 15.257500 -0.619301
v 0.162846 15.118899 -0.690901
v 0.200015 14.825299 -0.705701
v 0.250373 14.410100 -0.700401
v 0.205356 13.647200 -0.723801
v 0.111507 12.657599 -0.783401
v 0.100498 15.280100 -0.610501
v 0.133416 15.174000 -0.672701
v 0.175163 14.972799 -0.702601
v 0.232388 14.617100 -0.690501
v 0.235985 13.856899 -0.719501
v 0.125677 12.881200 -0.770001
v 0.163391 13.403299 -0.739201
v 0.270102 14.228900 -0.716001
v 0.096792 15.321400 -0.611101
v 0.120663 15.273399 -0.631801
v 0.173964 15.117100 -0.704601
v 0.214730 14.826300 -0.733701
v 0.270102 14.407200 -0.735801
v 0.196527 13.643399 -0.762101
v 0.113469 12.658700 -0.797701
v 0.151946 13.146500 -0.774801
v 0.252117 14.046700 -0.761501
v 0.146387 15.181499 -0.686201
v 0.195001 14.973400 -0.718601
v 0.249392 14.615399 -0.726501
v 0.230099 13.851700 -0.752701
v 0.132762 12.884900 -0.799501
v 0.109218 15.297199 -0.622101
v 0.162301 13.403199 -0.773201
v 0.273917 14.225200 -0.755101
v -0.081750 13.180400 -0.596801
v -0.036188 14.083300 -0.554601
v -0.013625 15.257899 -0.582601
v -0.021146 15.216200 -0.586401
v -0.028994 15.083300 -0.634701
v -0.061694 14.835899 -0.626701
v -0.043164 14.432199 -0.580201
v -0.065073 13.684799 -0.503301
v -0.058860 12.717000 -0.686901
v -0.017331 15.236300 -0.585301
v -0.022454 15.137600 -0.631401
v -0.043927 14.960700 -0.636301
v -0.049813 14.633300 -0.602501
v -0.043927 13.892200 -0.530201
v -0.068888 12.950000 -0.637701
v -0.085456 13.426399 -0.547301
v -0.041965 14.257400 -0.567801
v -0.030738 15.264400 -0.586301
v -0.044472 15.223800 -0.590801
v -0.062130 15.086200 -0.652701
v -0.105076 14.833400 -0.656201
v -0.096574 14.433000 -0.592301
v -0.101370 13.745199 -0.527901
v -0.070087 12.730499 -0.687201
v -0.104095 13.209700 -0.602701
v -0.085129 14.106899 -0.580401
v -0.037714 15.243600 -0.589101
v -0.052211 15.142300 -0.639801
v -0.085674 14.961300 -0.654501
v -0.096574 14.632800 -0.626801
v -0.092105 13.937799 -0.546601
v -0.086546 12.972600 -0.636001
v -0.118592 13.468300 -0.551001
v -0.094394 14.269300 -0.584401
v -0.132435 13.090699 -0.732501
v -0.157069 14.127100 -0.633401
v -0.059296 15.285700 -0.594201
v -0.079570 15.242800 -0.607101
v -0.111943 15.094999 -0.676401
v -0.177343 14.830999 -0.694001
v -0.167642 14.429500 -0.640701
v -0.163173 13.804899 -0.578801
v -0.117720 12.635400 -0.810401
v -0.069542 15.264299 -0.600601
v -0.092977 15.155600 -0.660001
v -0.140610 14.963400 -0.690901
v -0.174836 14.631400 -0.663501
v -0.154998 13.974000 -0.611101
v -0.171021 13.445200 -0.631101
v -0.113796 12.847700 -0.774201
v -0.167860 14.277900 -0.633301
v -0.072812 15.300799 -0.596701
v -0.090470 15.255500 -0.617701
v -0.129492 15.101800 -0.690701
v -0.201214 14.829100 -0.720501
v -0.202958 14.426700 -0.670601
v -0.178106 13.808100 -0.625501
v -0.122189 12.621699 -0.812801
v -0.137231 13.070499 -0.758701
v -0.186390 14.125299 -0.671401
v -0.081859 15.277900 -0.607501
v -0.105403 15.164800 -0.673101
v -0.163827 14.966200 -0.708901
v -0.206010 14.629200 -0.691201
v -0.180395 13.973499 -0.651901
v -0.178978 13.440100 -0.673001
v -0.114668 12.830000 -0.788401
v -0.192712 14.276000 -0.672101
v -0.084693 15.334499 -0.607101
v -0.109000 15.285999 -0.631501
v -0.143444 15.114300 -0.718401
v -0.233587 14.828799 -0.762001
v -0.247648 14.422199 -0.736301
v -0.196418 13.803599 -0.712501
v -0.125023 12.615900 -0.821101
v -0.147477 13.063900 -0.796301
v -0.224322 14.117100 -0.746301
v -0.098100 15.310100 -0.619701
v -0.122734 15.185900 -0.691301
v -0.189551 14.972700 -0.741901
v -0.249828 14.626699 -0.744501
v -0.204593 13.964499 -0.732201
v -0.189769 13.440200 -0.742901
v -0.120772 12.825200 -0.807801
v -0.238383 14.271100 -0.740901
v -0.209498 13.342999 -0.926401
v -0.132108 12.738400 -0.932401
v -0.308579 14.120999 -0.886901
v -0.105948 15.374200 -0.644301
v -0.149330 15.337399 -0.670001
v -0.192494 15.150300 -0.754401
v -0.298442 14.845799 -0.825301
v -0.353160 14.436000 -0.862201
v -0.277405 13.806700 -0.853801
v -0.108564 12.552999 -0.897701
v -0.129928 15.357200 -0.655001
v -0.168841 15.230000 -0.728401
v -0.247539 14.999100 -0.789801
v -0.338336 14.643300 -0.838701
v -0.294409 13.964299 -0.867501
v -0.128402 12.637000 -0.915401
v -0.246994 13.572100 -0.875501
v -0.177561 13.037499 -0.943301
v -0.339644 14.280900 -0.876601
v -0.205465 13.337999 -0.909801
v -0.133961 12.728800 -0.924501
v -0.296262 14.117700 -0.863001
v -0.127857 15.347400 -0.651101
v -0.165898 15.221200 -0.721101
v -0.242743 14.992599 -0.780501
v -0.327000 14.637700 -0.821701
v -0.278713 13.961800 -0.844101
v -0.127530 12.630799 -0.910301
v -0.241108 13.567400 -0.854601
v -0.173855 13.029200 -0.930201
v -0.322422 14.277100 -0.854901
v -0.103114 15.365699 -0.640401
v -0.148240 15.328799 -0.661201
v -0.186935 15.142200 -0.747801
v -0.291248 14.840600 -0.814701
v -0.337028 14.432400 -0.843701
v -0.267813 13.803400 -0.829301
v -0.108019 12.551800 -0.894301
v -0.209280 13.358999 -0.977401
v -0.134179 12.764400 -0.958401
v -0.338881 14.136100 -0.966601
v -0.131672 15.381000 -0.677801
v -0.172656 15.254900 -0.751601
v -0.261600 15.019199 -0.818601
v -0.364387 14.658500 -0.892801
v -0.311522 13.975300 -0.946601
v -0.125677 12.654400 -0.932001
v -0.258439 13.586599 -0.940401
v -0.178215 13.062300 -0.983401
v -0.369510 14.291100 -0.948101
v -0.110308 15.396399 -0.661601
v -0.147477 15.362100 -0.698001
v -0.200996 15.175300 -0.778301
v -0.320460 14.861400 -0.857201
v -0.379974 14.449200 -0.929101
v -0.288850 13.818900 -0.933201
v -0.108455 12.556900 -0.909001
v -0.109654 15.409299 -0.674301
v -0.139847 15.378200 -0.715001
v -0.198162 15.189700 -0.792001
v -0.322313 14.868600 -0.879001
v -0.388040 14.457100 -0.971101
v -0.298224 13.827700 -0.984601
v -0.108455 12.559999 -0.915201
v -0.207645 13.369599 -1.009901
v -0.138212 12.780499 -0.977701
v -0.346620 14.145900 -1.018201
v -0.127530 15.395000 -0.694701
v -0.168187 15.269799 -0.768401
v -0.258875 15.029099 -0.836901
v -0.366676 14.666200 -0.927001
v -0.315337 13.984600 -0.998701
v -0.125459 12.665899 -0.943401
v -0.257676 13.597500 -0.980801
v -0.171348 13.078500 -1.007301
v -0.370927 14.300900 -0.996301
v -0.103005 15.427699 -0.688301
v -0.126549 15.397201 -0.734401
v -0.179523 15.204900 -0.817001
v -0.297134 14.875000 -0.912201
v -0.368965 14.464100 -1.028001
v -0.276315 13.831500 -1.040601
v -0.105076 12.563499 -0.924101
v -0.196200 13.379499 -1.049401
v -0.133089 12.800400 -1.001201
v -0.329943 14.144199 -1.070501
v -0.117611 15.414199 -0.712001
v -0.153581 15.288199 -0.787901
v -0.234895 15.038300 -0.861801
v -0.344331 14.672199 -0.972101
v -0.309124 13.985300 -1.058701
v -0.244596 13.604600 -1.029801
v -0.169277 13.093499 -1.040501
v -0.119900 12.679700 -0.958501
v -0.353923 14.304700 -1.054801
v -0.099735 15.433799 -0.692101
v -0.121753 15.403100 -0.739101
v -0.171675 15.208300 -0.823001
v -0.286779 14.876400 -0.921201
v -0.358283 14.463599 -1.042001
v -0.267922 13.830500 -1.055101
v -0.104422 12.564600 -0.926401
v -0.191622 13.381599 -1.060001
v -0.132108 12.806700 -1.007501
v -0.319261 14.143399 -1.084801
v -0.113578 15.420199 -0.716401
v -0.147477 15.293600 -0.793401
v -0.226720 15.041599 -0.870401
v -0.333976 14.673100 -0.984901
v -0.299423 13.984400 -1.073101
v -0.237075 13.605700 -1.042301
v -0.165244 13.097400 -1.047601
v -0.117829 12.683599 -0.962501
v -0.346184 14.306100 -1.073301
v -0.087309 15.448699 -0.704101
v -0.103441 15.415500 -0.752801
v -0.138539 15.216399 -0.840001
v -0.238056 14.874499 -0.940301
v -0.307380 14.460600 -1.078501
v -0.240018 13.828199 -1.101501
v -0.099844 12.567900 -0.933701
v -0.172438 13.388400 -1.088901
v -0.122734 12.824500 -1.027401
v -0.283618 14.141600 -1.131801
v -0.098318 15.434199 -0.727801
v -0.124478 15.306900 -0.807701
v -0.188788 15.046499 -0.891901
v -0.279694 14.669499 -1.012201
v -0.267813 13.982200 -1.120801
v -0.208190 13.609699 -1.077801
v -0.150638 13.108999 -1.073301
v -0.109218 12.695499 -0.975001
v -0.303347 14.304299 -1.120101
v -0.091996 15.444600 -0.700701
v -0.110635 15.412799 -0.747101
v -0.150202 15.214200 -0.835701
v -0.255060 14.875400 -0.933901
v -0.324711 14.461699 -1.065901
v -0.252117 13.828199 -1.087601
v -0.101261 12.566700 -0.931801
v -0.178433 13.386300 -1.079701
v -0.124696 12.818000 -1.021501
v -0.295390 14.142200 -1.115501
v -0.103986 15.430299 -0.724301
v -0.132871 15.302999 -0.803301
v -0.203503 15.046000 -0.887101
v -0.299096 14.671100 -1.003601
v -0.277950 13.983100 -1.104001
v -0.215602 13.608999 -1.064801
v -0.156524 13.104799 -1.066101
v -0.111180 12.692200 -0.970301
v -0.316972 14.305099 -1.103301
v -0.026378 15.461200 -0.703901
v -0.045889 15.439700 -0.764301
v -0.059514 15.255600 -0.891101
v -0.101697 14.899199 -1.023401
v -0.152164 14.478000 -1.194101
v -0.139302 13.854099 -1.226801
v -0.110853 12.748699 -1.049901
v -0.115867 13.203400 -1.208301
v -0.152927 14.165199 -1.255501
v -0.039131 15.450299 -0.733801
v -0.057879 15.345699 -0.844301
v -0.076954 15.077399 -0.955501
v -0.127203 14.691500 -1.108701
v -0.153254 14.009900 -1.251901
v -0.116303 12.971499 -1.148501
v -0.140828 13.529300 -1.202001
v -0.156960 14.322700 -1.241401
v -0.088399 13.199800 -1.215201
v -0.102133 14.167100 -1.286701
v -0.011009 15.465800 -0.702201
v -0.024089 15.440099 -0.763501
v -0.026814 15.262400 -0.905601
v -0.054282 14.908400 -1.046701
v -0.082077 14.479300 -1.215301
v -0.098863 13.853900 -1.257601
v -0.102133 12.727500 -1.040601
v -0.030956 15.350599 -0.850901
v -0.041311 15.086499 -0.972701
v -0.065291 14.697599 -1.132201
v -0.107256 14.011499 -1.287001
v -0.096247 13.525300 -1.216001
v -0.099517 12.959100 -1.150701
v -0.019511 15.453700 -0.733101
v -0.094394 14.325200 -1.271301
v -0.096138 13.199900 -1.214201
v -0.122516 14.168300 -1.282601
v -0.042183 15.350599 -0.849901
v -0.055481 15.085299 -0.969601
v -0.088835 14.697900 -1.129901
v -0.125786 14.013200 -1.281201
v -0.111071 13.527900 -1.212101
v -0.105621 12.960299 -1.150201
v -0.027359 15.453200 -0.733401
v -0.116848 14.325999 -1.264501
v -0.016786 15.465199 -0.702701
v -0.033027 15.441600 -0.764301
v -0.037387 15.263200 -0.904301
v -0.072594 14.907599 -1.045001
v -0.106275 14.479400 -1.209601
v -0.115104 13.856400 -1.253801
v -0.105294 12.728900 -1.041001
v -0.061694 13.200299 -1.217001
v -0.029648 14.162200 -1.287701
v 0.003706 15.348800 -0.851101
v 0.002398 15.089299 -0.979301
v 0.004469 14.697599 -1.136801
v -0.042837 14.006100 -1.292701
v -0.047633 13.523499 -1.223501
v -0.078807 12.957200 -1.147901
v 0.003815 15.453500 -0.731501
v -0.009047 14.319699 -1.268501
v 0.005777 15.467299 -0.700401
v 0.002725 15.435899 -0.760301
v 0.007412 15.257600 -0.901501
v 0.002289 14.909699 -1.049901
v 0.000109 14.476999 -1.216601
v -0.046979 13.848400 -1.254201
v -0.090034 12.722799 -1.037501
v 0.018530 15.467799 -0.698801
v 0.023108 15.434800 -0.756301
v 0.031392 15.256800 -0.900401
v 0.038150 14.905000 -1.036601
v 0.038150 14.476299 -1.206201
v -0.011336 13.844299 -1.243801
v -0.084257 12.720500 -1.035101
v -0.046216 13.201900 -1.213901
v 0.005995 14.159100 -1.275201
v 0.028776 15.345699 -0.847701
v 0.033899 15.088599 -0.977801
v 0.045562 14.691999 -1.116201
v -0.003488 14.002500 -1.279101
v -0.016350 13.524099 -1.219701
v -0.067471 12.957200 -1.142301
v 0.021473 15.453099 -0.728401
v 0.023544 14.315800 -1.248401
v 0.038150 15.465301 -0.697301
v 0.054827 15.441100 -0.749501
v 0.073684 15.240900 -0.878301
v 0.097010 14.891000 -0.998501
v 0.120118 14.460099 -1.166701
v 0.060277 13.804299 -1.205701
v -0.065400 12.717600 -1.022501
v -0.003706 13.206699 -1.181201
v 0.071940 14.134700 -1.242501
v 0.049268 15.453900 -0.723001
v 0.071831 15.338400 -0.830601
v 0.086764 15.071000 -0.942701
v 0.127312 14.678599 -1.079801
v 0.064092 13.971000 -1.233401
v -0.039240 12.956400 -1.116601
v 0.042292 13.514000 -1.181301
v 0.102024 14.295099 -1.217601
v 0.097337 13.192900 -1.079701
v 0.134179 14.093699 -1.142001
v 0.055590 15.451299 -0.686001
v 0.068234 15.417600 -0.734801
v 0.083494 15.211900 -0.841501
v 0.137231 14.870899 -0.937501
v 0.171893 14.441500 -1.110001
v 0.111834 13.742200 -1.107001
v 0.075864 12.762600 -0.996801
v 0.064310 15.435199 -0.711401
v 0.082404 15.298400 -0.796701
v 0.105294 15.040299 -0.886301
v 0.167424 14.655000 -1.020601
v 0.126549 13.915600 -1.133301
v 0.085565 12.973499 -1.047101
v 0.107147 13.486500 -1.110501
v 0.157832 14.265200 -1.137801
v 0.064746 15.456100 -0.687601
v 0.084148 15.425099 -0.736901
v 0.108564 15.213400 -0.840101
v 0.166988 14.870500 -0.930901
v 0.199361 14.439000 -1.101401
v 0.148022 13.735700 -1.109601
v 0.079461 12.726999 -0.993201
v 0.112597 13.178100 -1.082001
v 0.165680 14.090699 -1.144701
v 0.076627 15.441800 -0.713501
v 0.103005 15.304999 -0.797801
v 0.133089 15.042600 -0.888401
v 0.196745 14.657200 -1.023801
v 0.160012 13.910900 -1.131501
v 0.094394 12.947000 -1.052401
v 0.133634 13.475100 -1.123301
v 0.183883 14.264100 -1.136501
v 0.206882 13.256300 -1.056201
v 0.289831 14.084499 -1.074801
v 0.097228 15.420400 -0.665701
v 0.123388 15.374999 -0.707601
v 0.171021 15.189799 -0.810701
v 0.257349 14.863999 -0.898601
v 0.322640 14.429999 -1.036701
v 0.259420 13.723499 -1.055701
v 0.183992 12.890699 -1.010101
v 0.109981 15.398099 -0.687801
v 0.147477 15.274400 -0.779001
v 0.210697 15.028500 -0.858801
v 0.300077 14.647799 -0.969501
v 0.279585 13.903399 -1.065301
v 0.202849 13.064899 -1.029901
v 0.235767 13.504700 -1.075601
v 0.306726 14.255099 -1.064801
v 0.226066 13.187400 -0.996701
v 0.331687 14.077300 -1.021501
v 0.111507 15.418599 -0.669601
v 0.149439 15.370999 -0.702901
v 0.206010 15.176900 -0.787701
v 0.286779 14.856800 -0.866401
v 0.352288 14.419499 -0.969901
v 0.288850 13.714000 -1.009401
v 0.197944 12.726200 -0.930901
v 0.133089 15.397099 -0.684501
v 0.179087 15.265599 -0.762001
v 0.246667 15.019000 -0.829701
v 0.329616 14.638100 -0.916101
v 0.315010 13.895700 -1.005001
v 0.200996 12.950299 -0.974001
v 0.261273 13.467000 -1.014001
v 0.348473 14.246200 -1.003201
v 0.108891 15.401401 -0.658401
v 0.148240 15.353399 -0.688601
v 0.208626 15.160500 -0.765501
v 0.278931 14.848499 -0.838201
v 0.350326 14.413000 -0.918101
v 0.274462 13.703600 -0.954601
v 0.197835 12.707600 -0.902301
v 0.223123 13.162700 -0.956901
v 0.309560 14.070700 -0.962101
v 0.130582 15.378800 -0.671201
v 0.177670 15.245700 -0.743601
v 0.246013 15.006400 -0.802601
v 0.326782 14.630799 -0.873001
v 0.288632 13.889500 -0.945201
v 0.206773 12.927400 -0.944701
v 0.250155 13.448999 -0.965301
v 0.339644 14.240000 -0.949701
v 0.093522 15.368800 -0.643401
v 0.125350 15.319099 -0.667301
v 0.184864 15.137600 -0.747001
v 0.249065 14.838500 -0.802401
v 0.317626 14.407900 -0.848901
v 0.261600 13.665400 -0.881701
v 0.128293 12.782499 -0.829101
v 0.172765 13.182699 -0.842501
v 0.310977 14.052700 -0.891901
v 0.109763 15.344399 -0.654401
v 0.154453 15.214499 -0.718701
v 0.217782 14.990000 -0.776201
v 0.282637 14.620700 -0.817101
v 0.288523 13.864699 -0.876101
v 0.148240 12.981000 -0.848001
v 0.209607 13.438100 -0.871801
v 0.322967 14.228399 -0.879801
v 0.097228 15.359200 -0.636301
v 0.131563 15.308800 -0.658401
v 0.194238 15.132299 -0.738801
v 0.253861 14.836100 -0.788501
v 0.314792 14.406899 -0.819601
v 0.243833 13.654699 -0.849101
v 0.124587 12.727799 -0.817201
v 0.169059 13.167700 -0.828801
v 0.299968 14.048400 -0.855701
v 0.115213 15.334599 -0.646601
v 0.162301 15.206300 -0.711401
v 0.224540 14.985900 -0.765801
v 0.286125 14.618999 -0.795101
v 0.278386 13.856800 -0.842701
v 0.142027 12.943399 -0.838901
v 0.202958 13.421800 -0.845501
v 0.310759 14.226000 -0.845901
v 0.207427 15.531600 1.288099
v 0.266941 15.666499 1.170999
v 0.336156 15.799899 1.002599
v 0.342914 15.873700 0.808699
v 0.336483 15.926499 0.618699
v 0.333758 15.941400 0.413899
v 0.333104 15.916800 0.169499
v 0.300949 15.848800 -0.058801
v 0.217128 15.740300 -0.261601
v 0.145624 15.596601 -0.409501
v 0.553502 14.424200 0.119699
v 0.493225 14.479799 -0.039701
v 0.352179 14.582800 -0.252401
v 0.255605 14.823100 -0.423401
v 0.136359 15.172199 -0.492401
v 0.179632 15.212199 -0.474501
v 0.372671 14.954000 -0.406601
v 0.548270 14.763599 -0.245601
v 0.662393 14.670799 -0.015401
v 0.695856 14.577200 0.218499
v 0.718310 14.785900 0.811999
v 0.746323 14.786600 0.731599
v 0.747631 14.794399 0.672199
v 0.778696 14.816700 0.594299
v 0.790250 14.878099 0.505599
v 0.789596 14.872299 0.330999
v 0.770739 14.883300 0.093799
v 0.634380 14.941000 -0.205001
v 0.424446 15.070700 -0.395101
v 0.200887 15.254200 -0.465701
v 0.221706 15.304500 -0.466901
v 0.447663 15.168500 -0.386901
v 0.654545 15.071099 -0.171201
v 0.769758 15.014800 0.111599
v 0.791013 14.971399 0.336199
v 0.781966 14.954499 0.515099
v 0.761583 14.962199 0.632799
v 0.735968 14.972799 0.740899
v 0.712751 14.981700 0.847099
v 0.679288 14.987300 0.945399
v 0.635579 15.165500 1.047599
v 0.677544 15.166800 0.930399
v 0.706211 15.150200 0.804199
v 0.749484 15.134000 0.662799
v 0.780222 15.119800 0.494399
v 0.794610 15.160000 0.306199
v 0.762673 15.203500 0.092499
v 0.669260 15.238299 -0.154401
v 0.464994 15.280399 -0.372201
v 0.229009 15.357900 -0.465101
v 0.206228 15.528800 -0.425601
v 0.221270 15.435500 -0.451401
v 0.452568 15.455899 -0.339301
v 0.373325 15.636899 -0.311801
v 0.524181 15.725200 -0.103401
v 0.657597 15.485700 -0.142001
v 0.734006 15.480500 0.088399
v 0.593396 15.764699 0.120699
v 0.606040 15.766601 0.354799
v 0.744906 15.446300 0.325699
v 0.765616 15.431300 0.522699
v 0.625006 15.736499 0.548099
v 0.621300 15.703399 0.729499
v 0.723760 15.437999 0.693599
v 0.664682 15.436200 0.869999
v 0.572686 15.669000 0.932899
v 0.462378 15.592200 1.106199
v 0.596884 15.434699 1.026299
v 0.504343 15.400399 1.175499
v 0.360136 15.494500 1.248299
v 0.112488 15.538499 1.294799
v 0.126331 15.690700 1.195799
v 0.158922 15.846999 1.033899
v 0.160448 15.938699 0.836599
v 0.161974 15.994100 0.653399
v 0.160339 16.010000 0.452899
v 0.157614 15.986199 0.208699
v 0.142572 15.906699 -0.018801
v 0.107474 15.775199 -0.237201
v 0.074556 15.615600 -0.402101
v 0.337682 14.099500 -0.024401
v 0.273917 14.247999 -0.108001
v 0.177779 14.456100 -0.258301
v 0.133852 14.716000 -0.409901
v 0.088072 15.133500 -0.498501
v 0.156633 13.965500 -0.111701
v 0.093849 14.121599 -0.162001
v 0.072376 14.406600 -0.273501
v 0.069651 14.695900 -0.411201
v 0.052211 15.118600 -0.501601
v -0.190859 15.540999 1.286399
v -0.276860 15.677300 1.167099
v -0.343023 15.793200 0.995099
v -0.360572 15.859900 0.808199
v -0.355013 15.900599 0.620999
v -0.354032 15.914001 0.409499
v -0.350217 15.890100 0.163999
v -0.299532 15.833600 -0.055501
v -0.204048 15.726600 -0.250601
v -0.136468 15.588500 -0.400001
v -0.534645 14.427099 0.091199
v -0.465866 14.487700 -0.068001
v -0.334412 14.589000 -0.263801
v -0.248956 14.820300 -0.409301
v -0.137013 15.166100 -0.482701
v -0.182575 15.204000 -0.462901
v -0.370273 14.946400 -0.386501
v -0.529522 14.766999 -0.248801
v -0.633726 14.675699 -0.047301
v -0.694003 14.583600 0.199999
v -0.712751 14.761300 0.841999
v -0.733570 14.738899 0.752299
v -0.747195 14.723900 0.695799
v -0.768559 14.763000 0.627099
v -0.781748 14.821400 0.545099
v -0.771611 14.825000 0.364399
v -0.776843 14.880799 0.109499
v -0.637432 14.939600 -0.196101
v -0.430659 15.058499 -0.370501
v -0.204048 15.245000 -0.454501
v -0.224322 15.291800 -0.455301
v -0.456383 15.146000 -0.361801
v -0.670023 15.051300 -0.143501
v -0.789923 14.990600 0.163999
v -0.796245 14.944200 0.395499
v -0.794174 14.915700 0.570699
v -0.767033 14.913600 0.686399
v -0.720490 14.937400 0.789099
v -0.730082 14.948999 0.850999
v -0.676999 14.979400 0.956499
v -0.630129 15.172199 1.058399
v -0.676454 15.180200 0.924099
v -0.699017 15.158600 0.830999
v -0.738039 15.144000 0.708299
v -0.788179 15.128500 0.572999
v -0.815429 15.162000 0.394599
v -0.789705 15.206599 0.159199
v -0.686918 15.236899 -0.105201
v -0.473605 15.274300 -0.341201
v -0.230317 15.354000 -0.451201
v -0.200233 15.519401 -0.415201
v -0.220180 15.427899 -0.440101
v -0.448753 15.451100 -0.317301
v -0.357411 15.619300 -0.295801
v -0.516006 15.711801 -0.100801
v -0.659014 15.480599 -0.119501
v -0.744470 15.476300 0.131199
v -0.601898 15.739900 0.109999
v -0.629039 15.724999 0.345799
v -0.763436 15.446900 0.368799
v -0.763872 15.423900 0.547599
v -0.650294 15.719100 0.546199
v -0.601789 15.696300 0.728899
v -0.722452 15.429799 0.710899
v -0.661194 15.433000 0.877899
v -0.535517 15.666400 0.927399
v -0.464449 15.609599 1.088799
v -0.616177 15.429999 0.998599
v -0.494533 15.412999 1.182099
v -0.318825 15.522399 1.254099
v -0.087091 15.545800 1.296899
v -0.153254 15.701499 1.192599
v -0.183883 15.844800 1.038999
v -0.192494 15.939900 0.857199
v -0.182684 15.996200 0.665499
v -0.177561 16.012001 0.449899
v -0.170585 15.988700 0.196899
v -0.142790 15.904399 -0.022801
v -0.095157 15.767699 -0.231701
v -0.065291 15.611199 -0.396601
v -0.354577 14.127800 -0.016301
v -0.269448 14.251300 -0.108301
v -0.173637 14.459100 -0.258401
v -0.129492 14.716900 -0.400901
v -0.086655 15.129499 -0.491301
v -0.173201 13.965899 -0.117301
v -0.093304 14.122700 -0.160501
v -0.071831 14.407700 -0.271101
v -0.068125 14.696600 -0.404801
v -0.050358 15.116300 -0.496901
v -0.000872 15.551700 1.302699
v -0.004469 15.704400 1.200199
v 0.000763 15.841599 1.045499
v -0.003379 15.945300 0.859599
v -0.001962 16.006500 0.673999
v -0.003597 16.020102 0.475999
v -0.002834 16.000601 0.204899
v 0.000654 15.916101 -0.014601
v 0.005559 15.778199 -0.230501
v 0.004251 15.618400 -0.397201
v -0.062675 13.936399 -0.157101
v -0.000218 14.098400 -0.170101
v -0.000109 14.398800 -0.278801
v 0.000109 14.695300 -0.412301
v 0.000872 15.114400 -0.498401
v 0.228573 15.590699 1.235699
v 0.725613 14.791200 0.767099
v 0.691823 14.986400 0.893899
v 0.653019 15.163500 0.995099
v 0.410276 15.529099 1.179299
v 0.567345 15.417300 1.121999
v 0.118374 15.603601 1.254099
v 0.000000 15.614600 1.265199
v -0.231734 15.604800 1.238899
v -0.721689 14.762099 0.803299
v -0.722016 14.967000 0.922499
v -0.655090 15.180900 0.992299
v -0.384116 15.562800 1.193899
v -0.566037 15.420300 1.101599
v -0.112597 15.613599 1.262899
v 0.082077 15.501399 -0.620901
v 0.075864 15.272699 -0.569501
v 0.095593 15.301100 -0.565401
v 0.105076 15.329300 -0.571201
v 0.126113 15.359200 -0.582701
v 0.143226 15.386600 -0.596201
v 0.113469 15.471299 -0.606601
v 0.139520 15.429999 -0.600201
v 0.040221 15.516700 -0.618501
v 0.054827 15.245100 -0.571901
v 0.032809 15.234400 -0.570501
v -0.100934 15.506900 -0.613401
v -0.076627 15.268600 -0.565701
v -0.096792 15.301200 -0.565801
v -0.106493 15.331200 -0.572101
v -0.118265 15.361199 -0.579901
v -0.119246 15.394099 -0.590301
v -0.130691 15.472100 -0.601501
v -0.118047 15.429299 -0.591401
v -0.043273 15.518701 -0.613401
v -0.054827 15.238400 -0.570401
v -0.031719 15.229000 -0.570901
v -0.000654 15.520600 -0.613801
v 0.000763 15.226999 -0.573901
v -0.154344 15.338500 -0.517001
v -0.156851 15.380500 -0.521001
v 0.108346 15.553199 -0.515501
v 0.144316 15.500300 -0.513001
v 0.154889 15.382100 -0.527501
v 0.151837 15.346000 -0.523801
v -0.141482 15.495000 -0.505801
v -0.103768 15.549100 -0.509801
v -0.049050 15.571200 -0.506901
v -0.150202 15.428800 -0.514201
v 0.150093 15.433999 -0.521301
v 0.053519 15.573600 -0.509901
v 0.041202 15.240100 -0.524201
v 0.000545 15.237100 -0.524501
v -0.040330 15.238199 -0.521501
v 0.135705 15.309799 -0.519701
v 0.123061 15.286500 -0.518301
v -0.125023 15.281500 -0.512701
v -0.138212 15.304199 -0.513801
v -0.068670 15.246300 -0.519901
v -0.098536 15.263300 -0.516701
v 0.097555 15.268499 -0.521901
v 0.068997 15.249800 -0.524101
v 0.001744 15.574000 -0.508801
v 0.094830 15.369100 -0.786901
v 0.101915 15.223599 -0.592601
v 0.126331 15.246699 -0.613201
v 0.137013 15.273000 -0.633901
v 0.148567 15.269500 -0.686901
v 0.151728 15.328000 -0.677101
v 0.130255 15.390599 -0.730201
v 0.152491 15.384299 -0.702801
v 0.048178 15.434499 -0.775001
v 0.068997 15.205999 -0.575501
v 0.036733 15.197400 -0.565201
v -0.092214 15.437800 -0.757701
v -0.106493 15.220500 -0.587401
v -0.129056 15.244100 -0.605801
v -0.139411 15.270100 -0.626801
v -0.149003 15.293799 -0.647101
v -0.145951 15.331500 -0.676101
v -0.137340 15.402101 -0.708201
v -0.148349 15.360200 -0.692401
v -0.043709 15.451600 -0.769901
v -0.074120 15.199300 -0.572501
v -0.038695 15.190599 -0.569701
v -0.000436 15.453500 -0.772701
v -0.000327 15.190599 -0.568301
v 0.461833 15.371800 -0.360901
v 0.671331 15.366000 -0.159701
v 0.749375 15.340600 0.084999
v 0.771284 15.314000 0.302599
v 0.688771 15.292000 0.847799
v 0.645389 15.301100 1.003799
v 0.224867 15.398099 -0.457701
v 0.738366 15.288500 0.684699
v 0.790468 15.284500 0.498699
v 0.568980 15.302600 1.126899
v 0.613452 15.315700 1.072399
v 0.146714 15.408700 -0.600001
v 0.153145 15.408599 -0.524401
v 0.150747 15.360799 -0.694801
v 0.214294 15.481799 -0.439001
v 0.417143 15.543700 -0.321501
v 0.602334 15.608399 -0.120501
v 0.675364 15.630700 0.099799
v 0.686046 15.606700 0.339099
v 0.703595 15.587899 0.534899
v 0.698581 15.578200 0.721199
v 0.550232 15.512900 1.071299
v 0.659559 15.560700 0.907599
v 0.429242 15.463201 1.217199
v 0.496386 15.483100 1.151099
v 0.126549 15.452199 -0.602101
v 0.148131 15.466800 -0.517301
v 0.144861 15.389300 -0.713701
v 0.300731 15.693099 -0.287301
v 0.419759 15.791800 -0.084701
v 0.467610 15.846700 0.143899
v 0.181158 15.564099 -0.417401
v 0.487557 15.837800 0.581699
v 0.491917 15.791900 0.768899
v 0.269666 15.520499 1.271299
v 0.378884 15.633800 1.140299
v 0.476003 15.859399 0.382999
v 0.462705 15.734200 0.968199
v 0.344985 15.565400 1.212599
v 0.099081 15.485499 -0.616201
v 0.130255 15.527299 -0.514601
v 0.108891 15.364400 -0.778601
v -0.285580 15.677100 -0.274701
v -0.415072 15.775599 -0.080501
v -0.484614 15.815400 0.135599
v -0.173310 15.555100 -0.407001
v -0.513608 15.812499 0.579499
v -0.511428 15.792699 0.763699
v -0.265415 15.531899 1.266699
v -0.382590 15.649199 1.136299
v -0.503144 15.822799 0.374299
v -0.473714 15.748000 0.960199
v -0.316645 15.583100 1.217399
v -0.123061 15.489699 -0.607701
v -0.126331 15.522500 -0.507901
v -0.116957 15.419200 -0.728601
v -0.211133 15.473100 -0.428201
v -0.407660 15.535300 -0.307701
v -0.595358 15.601300 -0.116201
v -0.676890 15.620599 0.102999
v -0.698908 15.589700 0.343499
v -0.721798 15.586499 0.535199
v -0.676999 15.579700 0.710699
v -0.559170 15.538600 1.040599
v -0.623807 15.563100 0.901599
v -0.401447 15.486600 1.221699
v -0.478401 15.513299 1.158599
v -0.124914 15.450900 -0.596401
v -0.146823 15.461400 -0.510101
v -0.148785 15.380000 -0.697001
v -0.463795 15.362000 -0.333201
v -0.682013 15.354300 -0.117901
v -0.768995 15.336499 0.148799
v -0.795809 15.307199 0.383199
v -0.694003 15.278399 0.844499
v -0.655744 15.278100 0.963699
v -0.225630 15.389699 -0.446701
v -0.737167 15.289100 0.705999
v -0.777170 15.277499 0.562199
v -0.569416 15.290700 1.129799
v -0.626750 15.284800 1.040899
v -0.116739 15.411201 -0.590901
v -0.153690 15.403600 -0.518701
v -0.145079 15.346200 -0.685101
v -0.658796 15.063700 1.003899
v -0.684302 15.076200 0.888199
v -0.747086 15.033299 0.702999
v -0.716239 15.051499 0.813699
v -0.782838 15.010200 0.580299
v -0.808998 15.046100 0.401099
v -0.230317 15.322400 -0.456101
v -0.467392 15.210999 -0.350101
v -0.681795 15.141500 -0.114101
v -0.790250 15.097000 0.170099
v -0.724959 15.084000 0.974899
v -0.119900 15.378499 -0.586301
v -0.157178 15.360600 -0.519401
v -0.149657 15.314899 -0.663701
v -0.718855 14.783000 0.023099
v -0.192821 15.222199 -0.458101
v -0.404390 15.000700 -0.377701
v -0.589472 14.852500 -0.225201
v -0.738366 14.692800 0.291699
v -0.101370 15.314099 -0.569201
v -0.131345 15.290999 -0.512901
v -0.135269 15.258300 -0.616501
v -0.548924 14.576099 -0.065701
v -0.309778 14.885699 -0.400501
v -0.160666 15.184999 -0.472401
v -0.609855 14.522099 0.123099
v -0.426299 14.669399 -0.258901
v -0.086873 15.284699 -0.565501
v -0.112379 15.272200 -0.514601
v -0.117502 15.230800 -0.595301
v -0.251245 14.523999 -0.260301
v -0.185954 14.762500 -0.406201
v -0.470553 14.301900 0.040999
v -0.364278 14.381400 -0.082501
v -0.111834 15.147300 -0.487601
v -0.066599 15.252999 -0.568101
v -0.084366 15.254700 -0.518301
v -0.094503 15.210600 -0.581001
v 0.262472 14.521399 -0.251601
v 0.193475 14.764400 -0.417701
v 0.472406 14.287499 0.057399
v 0.383789 14.378900 -0.066001
v 0.113033 15.152900 -0.496001
v 0.066163 15.257800 -0.571801
v 0.084257 15.259200 -0.523101
v 0.088181 15.214499 -0.586601
v 0.577155 14.568800 -0.033601
v 0.315664 14.890400 -0.417201
v 0.158704 15.192400 -0.483101
v 0.625660 14.513800 0.156399
v 0.448208 14.662900 -0.248001
v 0.085783 15.286699 -0.567501
v 0.110744 15.277300 -0.520101
v 0.114014 15.233299 -0.601301
v 0.731717 14.780399 0.040799
v 0.189769 15.230599 -0.469701
v 0.401992 15.011000 -0.400401
v 0.599391 14.852300 -0.227101
v 0.744906 14.704300 0.287899
v 0.099735 15.313900 -0.566101
v 0.129056 15.296300 -0.518501
v 0.132544 15.261300 -0.623801
v 0.330488 15.927699 0.293499
v 0.677544 14.633599 0.090899
v 0.533337 14.448800 0.034599
v 0.773682 14.872000 0.228899
v 0.784909 14.994599 0.230099
v 0.781094 15.184000 0.198199
v 0.597320 15.763799 0.239599
v 0.739456 15.458200 0.209599
v 0.159031 15.996900 0.332299
v 0.304110 14.171000 -0.070501
v 0.128729 14.036300 -0.144101
v -0.003597 16.010300 0.340199
v -0.030411 14.023399 -0.160201
v -0.351743 15.902200 0.286999
v -0.662502 14.642699 0.062899
v -0.509466 14.454000 0.007499
v -0.772919 14.843699 0.252699
v -0.790032 14.960099 0.290699
v -0.801913 15.183100 0.278599
v -0.612907 15.733800 0.228999
v -0.752972 15.457099 0.251999
v -0.174509 16.000301 0.323099
v -0.311522 14.188800 -0.067201
v -0.133961 14.042200 -0.139901
v 0.761256 15.327200 0.193099
v 0.678198 15.619300 0.220199
v 0.468700 15.851899 0.265799
v -0.492462 15.818900 0.255499
v -0.686482 15.606400 0.223299
v -0.782838 15.324900 0.263299
v -0.798643 15.066999 0.289099
v -0.748285 14.743700 0.165499
v -0.585766 14.546700 0.026299
v -0.423901 14.341100 -0.011201
v 0.430659 14.335299 -0.001801
v 0.609201 14.539200 0.059199
v 0.753953 14.748300 0.173999
v -0.064964 15.218100 -0.569101
v -0.093740 15.243000 -0.573401
v 0.062457 15.225300 -0.571001
v 0.034553 15.216900 -0.563701
v -0.137340 15.395200 -0.640701
v -0.145951 15.437800 -0.657901
v 0.043927 15.468900 -0.709501
v 0.087636 15.446900 -0.710301
v -0.136686 15.327000 -0.613801
v -0.137231 15.363500 -0.632101
v 0.160666 15.395200 -0.650301
v 0.151292 15.354799 -0.636101
v 0.113905 15.273499 -0.586901
v 0.090470 15.246400 -0.578001
v -0.126222 15.300400 -0.597701
v -0.000109 15.209399 -0.566501
v -0.035316 15.210099 -0.567001
v 0.124042 15.300699 -0.601101
v -0.098318 15.472301 -0.686201
v 0.002180 15.481999 -0.702101
v -0.042728 15.484399 -0.692301
v 0.141482 15.427499 -0.675701
v 0.139411 15.327499 -0.619001
v -0.116194 15.272400 -0.583201
v 0.159358 15.376300 -0.643501
v 0.156633 15.414199 -0.658701
v 0.114777 15.434499 -0.695201
v -0.129601 15.456901 -0.672301
v -0.142463 15.415099 -0.647201
v -0.135705 15.379300 -0.637101
v -0.138539 15.346300 -0.626101
v -0.121862 15.285999 -0.590801
v -0.104967 15.257000 -0.577301
v -0.081641 15.230499 -0.571001
v 0.078262 15.235000 -0.576101
v 0.102242 15.259000 -0.581301
v 0.119682 15.287200 -0.594201
v -0.101915 15.231400 -0.578701
v 0.035970 15.206900 -0.563401
v -0.155652 15.423299 -0.684601
v 0.095702 15.423999 -0.739901
v -0.147695 15.347700 -0.654401
v 0.156960 15.341000 -0.655501
v 0.097773 15.234600 -0.583701
v -0.037278 15.200100 -0.567301
v -0.100280 15.462399 -0.725301
v -0.045126 15.476501 -0.734701
v 0.148458 15.312699 -0.635601
v -0.125895 15.258400 -0.592301
v 0.160666 15.368400 -0.668501
v 0.156306 15.404099 -0.687701
v 0.116630 15.416600 -0.726201
v -0.134615 15.444200 -0.703901
v -0.156197 15.397599 -0.670601
v -0.147150 15.362300 -0.660901
v -0.149984 15.331500 -0.643701
v -0.132435 15.272200 -0.601801
v -0.113687 15.243299 -0.584601
v -0.089380 15.220400 -0.574601
v 0.084366 15.224600 -0.580001
v 0.110526 15.245500 -0.589901
v 0.130146 15.274300 -0.607401
v -0.070196 15.208699 -0.569001
v 0.066599 15.215199 -0.573201
v -0.150093 15.376300 -0.665601
v 0.050467 15.458200 -0.745701
v -0.148349 15.310699 -0.628501
v 0.161211 15.389499 -0.678601
v 0.123497 15.260300 -0.598101
v -0.137340 15.285200 -0.610301
v -0.000327 15.199699 -0.566501
v 0.135160 15.286900 -0.615801
v 0.002180 15.475400 -0.740701
v 0.140719 15.412499 -0.705701
v 0.775862 14.829200 0.190899
v 0.718964 14.894400 -0.040101
v 0.582169 15.010099 -0.268601
v 0.481126 15.078899 -0.355201
v 0.361880 15.179700 -0.424201
v 0.265742 15.253699 -0.458001
v 0.779132 14.787499 0.304499
v 0.754389 14.868299 0.040499
v 0.688771 14.928400 -0.110101
v 0.632636 14.972199 -0.220801
v 0.528105 15.047700 -0.314001
v 0.418560 15.132899 -0.406701
v 0.312721 15.218300 -0.440201
v 0.204920 15.289200 -0.458001
v 0.762673 14.728399 0.147499
v 0.724523 14.666599 0.128899
v 0.703377 14.814899 -0.062601
v 0.665009 14.758400 -0.074901
v 0.560478 14.953899 -0.291501
v 0.523091 14.910200 -0.302801
v 0.464449 15.042900 -0.379201
v 0.434038 15.010400 -0.387601
v 0.351416 15.140900 -0.436001
v 0.321005 15.120999 -0.437201
v 0.253861 15.224100 -0.467801
v 0.237184 15.212600 -0.465201
v 0.724959 14.620199 0.253899
v 0.749593 14.667299 0.273599
v 0.710135 14.717500 0.021499
v 0.738257 14.776299 0.016099
v 0.633726 14.788899 -0.146301
v 0.671331 14.847700 -0.132801
v 0.566037 14.867900 -0.265801
v 0.608874 14.913099 -0.248101
v 0.480145 14.961499 -0.340501
v 0.513281 14.994499 -0.331401
v 0.362752 15.072599 -0.423301
v 0.403845 15.096200 -0.419401
v 0.278386 15.172999 -0.451601
v 0.306726 15.183900 -0.450601
v 0.197617 15.268499 -0.461501
v 0.200451 15.279300 -0.467401
v 0.752645 14.829300 0.744399
v 0.741854 14.940400 0.804499
v 0.725068 15.017699 0.825299
v 0.783383 14.888400 0.590499
v 0.783710 14.962199 0.604299
v 0.773573 15.012799 0.605199
v 0.796136 14.952000 0.400499
v 0.804093 14.989300 0.404299
v 0.797880 15.035900 0.402799
v 0.792648 14.966100 0.193799
v 0.801586 15.016299 0.193599
v 0.794392 15.053200 0.199199
v 0.737494 14.989100 0.009199
v 0.751882 15.041100 0.024399
v 0.746432 15.061199 0.032299
v 0.685392 15.031099 -0.116601
v 0.700434 15.067500 -0.099801
v 0.695747 15.089399 -0.089501
v 0.609310 15.089299 -0.237601
v 0.629584 15.119100 -0.226701
v 0.627840 15.139299 -0.217301
v 0.509902 15.153500 -0.337401
v 0.525489 15.180200 -0.333901
v 0.523963 15.197700 -0.324301
v 0.400357 15.221800 -0.411301
v 0.418778 15.246099 -0.411301
v 0.420740 15.257400 -0.401901
v 0.278168 15.279099 -0.456101
v 0.299096 15.304299 -0.455401
v 0.298660 15.315000 -0.448201
v 0.220071 15.311700 -0.458101
v 0.220398 15.327700 -0.467301
v 0.221706 15.335500 -0.459701
v 0.342805 15.247399 -0.433001
v 0.360681 15.273900 -0.432701
v 0.360463 15.285999 -0.424101
v 0.663919 15.058800 -0.176301
v 0.676018 15.090899 -0.163101
v 0.671876 15.110600 -0.153201
v 0.707301 15.010699 -0.062901
v 0.725068 15.051399 -0.040501
v 0.721798 15.072700 -0.027101
v 0.795482 14.956300 0.285899
v 0.808017 14.997299 0.295899
v 0.801041 15.034800 0.297599
v 0.764090 14.855300 0.673899
v 0.767033 14.955999 0.695099
v 0.749920 15.023399 0.711799
v 0.774990 14.977500 0.091299
v 0.785999 15.025300 0.103199
v 0.781094 15.055699 0.115899
v 0.727248 14.806900 0.815799
v 0.715040 14.908600 0.885599
v 0.689316 14.993000 0.948299
v 0.795918 14.931900 0.465399
v 0.801913 14.982400 0.495899
v 0.791885 15.026700 0.497899
v 0.562004 15.122499 -0.289601
v 0.579008 15.148000 -0.284801
v 0.579989 15.165600 -0.272901
v 0.459762 15.191199 -0.388801
v 0.474150 15.215899 -0.384301
v 0.475458 15.233200 -0.371401
v 0.687027 15.234799 0.897799
v 0.685610 15.310499 0.913399
v 0.654981 15.362700 0.940199
v 0.746759 15.187400 0.707499
v 0.752863 15.280100 0.703199
v 0.735314 15.372500 0.707899
v 0.788615 15.186399 0.519899
v 0.804093 15.279799 0.518199
v 0.786871 15.367000 0.498499
v 0.795809 15.223400 0.305399
v 0.794610 15.278100 0.292999
v 0.768777 15.375699 0.289999
v 0.774336 15.249499 0.119599
v 0.775862 15.296100 0.124999
v 0.760166 15.361800 0.131899
v 0.719509 15.277599 -0.023101
v 0.728774 15.310599 -0.021101
v 0.723106 15.356199 -0.015301
v 0.682231 15.310699 -0.152801
v 0.689861 15.331500 -0.156601
v 0.683539 15.362199 -0.154901
v 0.545763 15.315100 -0.298201
v 0.550995 15.343499 -0.298201
v 0.540531 15.368499 -0.290301
v 0.358392 15.344500 -0.423101
v 0.366785 15.362700 -0.426301
v 0.371036 15.386899 -0.413501
v 0.246340 15.379699 -0.442301
v 0.243288 15.394599 -0.448201
v 0.239800 15.404201 -0.440401
v 0.699453 15.296400 -0.092001
v 0.707192 15.325000 -0.096001
v 0.700979 15.358000 -0.095301
v 0.746977 15.264000 0.037399
v 0.757332 15.304000 0.048199
v 0.745451 15.360099 0.054999
v 0.799842 15.191600 0.407399
v 0.802022 15.273900 0.399799
v 0.775426 15.378100 0.387499
v 0.723324 15.198299 0.781799
v 0.726267 15.305200 0.784299
v 0.691278 15.387099 0.838499
v 0.785236 15.238000 0.198199
v 0.787525 15.283199 0.200399
v 0.764853 15.370200 0.206099
v 0.644299 15.192300 1.032099
v 0.636342 15.231999 1.059999
v 0.614215 15.266100 1.081799
v 0.768123 15.183200 0.605499
v 0.778369 15.272900 0.606099
v 0.768123 15.365100 0.600999
v 0.628167 15.313700 -0.221101
v 0.629039 15.342400 -0.228901
v 0.622281 15.366799 -0.219601
v 0.474259 15.326099 -0.370201
v 0.469245 15.354799 -0.380601
v 0.469899 15.377900 -0.365801
v 0.669260 15.286099 0.987899
v 0.677762 15.216300 0.947499
v 0.643645 15.329599 1.016799
v 0.674710 15.374900 0.890899
v 0.704358 15.320399 0.852299
v 0.703159 15.226200 0.844499
v 0.602661 15.672799 0.861099
v 0.649204 15.633899 0.836499
v 0.668170 15.588500 0.844599
v 0.500746 15.603900 1.076499
v 0.552521 15.585500 1.045199
v 0.590562 15.556899 1.012099
v 0.701415 15.605800 0.635399
v 0.687899 15.648700 0.632499
v 0.651275 15.696300 0.623799
v 0.698908 15.612899 0.428999
v 0.686809 15.652801 0.429599
v 0.657052 15.692199 0.430499
v 0.688226 15.623399 0.265499
v 0.672748 15.667300 0.262899
v 0.642882 15.704999 0.277299
v 0.666862 15.665599 0.116799
v 0.655308 15.699599 0.118399
v 0.623262 15.735499 0.122799
v 0.630129 15.637200 -0.045701
v 0.616722 15.664199 -0.058101
v 0.588164 15.684899 -0.064701
v 0.552521 15.579700 -0.191301
v 0.539005 15.606599 -0.201701
v 0.512191 15.629199 -0.196901
v 0.402646 15.510299 -0.356601
v 0.395343 15.529799 -0.362301
v 0.384443 15.549300 -0.351701
v 0.248411 15.473599 -0.417801
v 0.244487 15.474599 -0.425201
v 0.241544 15.476199 -0.419101
v 0.649095 15.654099 0.034799
v 0.632418 15.686099 0.024099
v 0.607675 15.707999 0.023399
v 0.671004 15.653199 0.178099
v 0.658687 15.688699 0.182299
v 0.626968 15.729600 0.193999
v 0.704249 15.607800 0.537599
v 0.688771 15.654099 0.530499
v 0.656180 15.698400 0.530099
v 0.649640 15.573800 0.927999
v 0.600917 15.625699 0.960399
v 0.551431 15.658599 0.979599
v 0.698254 15.605500 0.349099
v 0.683321 15.655299 0.350199
v 0.652692 15.698600 0.348499
v 0.513608 15.420499 1.175099
v 0.485704 15.446300 1.199799
v 0.442322 15.472800 1.213999
v 0.690624 15.606200 0.729199
v 0.670568 15.653100 0.737199
v 0.641029 15.691499 0.725999
v 0.612907 15.612500 -0.120601
v 0.596448 15.643600 -0.128001
v 0.567563 15.662601 -0.127001
v 0.488865 15.549500 -0.262201
v 0.478946 15.568599 -0.273001
v 0.459326 15.593200 -0.266701
v 0.449952 15.516700 1.171099
v 0.547834 15.491300 1.105199
v 0.511755 15.516200 1.139599
v 0.466629 15.562600 1.134299
v 0.562440 15.527200 1.065399
v 0.517750 15.550799 1.107399
v -0.018094 15.940600 0.888199
v 0.063329 15.956500 0.863599
v 0.143771 15.940200 0.863599
v 0.021582 15.777699 1.128999
v 0.091778 15.792100 1.116699
v 0.166988 15.799899 1.088799
v 0.089925 16.011000 0.650799
v 0.028994 16.023500 0.653199
v -0.034662 16.016800 0.646999
v 0.068670 16.025400 0.452999
v 0.020056 16.036600 0.470499
v -0.046434 16.027901 0.456499
v 0.067253 16.011801 0.300399
v 0.017985 16.023901 0.297699
v -0.045998 16.015301 0.299599
v 0.050467 15.972800 0.119199
v 0.012753 15.984900 0.119399
v -0.034226 15.981999 0.134499
v 0.052756 15.911700 -0.037801
v 0.016350 15.913899 -0.051701
v -0.020274 15.901999 -0.055401
v 0.066272 15.823400 -0.176601
v 0.035752 15.826699 -0.185901
v 0.000000 15.820800 -0.183301
v 0.064201 15.692800 -0.339301
v 0.043273 15.699100 -0.343401
v 0.015260 15.695699 -0.334701
v 0.042837 15.605300 -0.409601
v 0.040766 15.607900 -0.416501
v 0.037932 15.604199 -0.410901
v 0.049813 15.944299 0.042699
v 0.012753 15.951299 0.030299
v -0.026269 15.943200 0.031399
v 0.064964 16.004200 0.201699
v 0.019838 16.016602 0.202899
v -0.041856 16.008701 0.205399
v 0.079570 16.019001 0.551099
v 0.022999 16.031101 0.557599
v -0.041093 16.024101 0.546299
v 0.154235 15.902699 0.944499
v 0.071613 15.896699 0.981799
v -0.008938 15.875199 1.008499
v 0.063547 16.020300 0.379299
v 0.020819 16.030500 0.386499
v -0.048941 16.022202 0.378399
v 0.338881 15.522000 1.246999
v 0.281438 15.537799 1.277999
v 0.230099 15.552400 1.280699
v 0.111507 15.982400 0.744699
v 0.045235 15.996100 0.752499
v -0.031065 15.991599 0.749499
v 0.062239 15.870200 -0.103201
v 0.027359 15.877200 -0.109501
v -0.006976 15.869000 -0.109101
v 0.064419 15.771600 -0.254401
v 0.042946 15.773601 -0.263401
v 0.009047 15.769200 -0.255601
v 0.135269 15.625499 1.247399
v 0.217019 15.658000 1.204199
v 0.165244 15.642400 1.237899
v 0.079352 15.698699 1.207099
v 0.180722 15.718699 1.158199
v 0.112706 15.718900 1.193099
v -0.435891 15.797999 0.889999
v -0.382263 15.844600 0.870799
v -0.307380 15.872699 0.872199
v -0.325583 15.699300 1.126699
v -0.271410 15.742700 1.116899
v -0.214512 15.780299 1.097099
v -0.348255 15.913800 0.634999
v -0.403845 15.888700 0.642099
v -0.451478 15.852300 0.632299
v -0.351743 15.926000 0.435499
v -0.399158 15.906400 0.442199
v -0.450933 15.864699 0.429199
v -0.338881 15.920899 0.282299
v -0.391201 15.900701 0.278799
v -0.441450 15.862199 0.276899
v -0.309124 15.905700 0.119099
v -0.373979 15.882100 0.112599
v -0.423574 15.851199 0.118799
v -0.258984 15.870400 -0.031501
v -0.324275 15.843999 -0.054101
v -0.373979 15.814399 -0.054101
v -0.187480 15.788400 -0.188301
v -0.254515 15.777499 -0.186601
v -0.298987 15.749799 -0.187601
v -0.112706 15.659999 -0.338901
v -0.153908 15.651999 -0.347801
v -0.191840 15.628100 -0.342101
v -0.081968 15.584800 -0.394501
v -0.113033 15.586200 -0.390101
v -0.141809 15.572400 -0.380601
v -0.286343 15.886699 0.039799
v -0.350326 15.861699 0.026299
v -0.395561 15.836600 0.034399
v -0.326346 15.917899 0.192999
v -0.382808 15.895900 0.191899
v -0.431858 15.859599 0.191899
v -0.346729 15.922999 0.538999
v -0.400030 15.900100 0.537499
v -0.450715 15.861699 0.523299
v -0.280893 15.848800 0.957399
v -0.349236 15.812999 0.992699
v -0.401883 15.754199 1.018299
v -0.346402 15.926000 0.360699
v -0.395561 15.906899 0.362999
v -0.451042 15.864699 0.356499
v 0.186608 15.550000 1.289099
v 0.107474 15.556399 1.306199
v 0.013516 15.565499 1.304699
v -0.337900 15.896199 0.749099
v -0.398504 15.870599 0.749999
v -0.454203 15.834599 0.742399
v -0.229227 15.838700 -0.099601
v -0.292556 15.814799 -0.117601
v -0.323512 15.782199 -0.131301
v -0.154671 15.739800 -0.262701
v -0.210152 15.731799 -0.269201
v -0.246231 15.705501 -0.273601
v -0.152709 15.617700 1.263099
v -0.064528 15.694999 1.217999
v -0.099081 15.661799 1.249999
v -0.235658 15.647799 1.216099
v -0.150638 15.733100 1.171599
v -0.205683 15.695100 1.201099
v -0.078371 15.588599 1.287999
v 0.069978 15.631400 1.254799
v 0.011554 15.622300 1.280099
v -0.632309 15.578200 0.881699
v -0.609201 15.631200 0.859799
v -0.565819 15.679200 0.863399
v -0.555900 15.555600 1.046899
v -0.531048 15.608399 1.038599
v -0.492462 15.657500 1.021799
v -0.667952 15.660199 0.637299
v -0.701197 15.610499 0.647599
v -0.717329 15.553599 0.634699
v -0.697927 15.630599 0.416699
v -0.728883 15.581399 0.422799
v -0.738039 15.517900 0.410999
v -0.693894 15.616200 0.267599
v -0.728665 15.557200 0.260899
v -0.745015 15.499999 0.259099
v -0.690297 15.610200 0.098199
v -0.725286 15.543900 0.094299
v -0.742181 15.488599 0.103099
v -0.658687 15.552499 -0.059001
v -0.694657 15.486800 -0.074801
v -0.697709 15.422099 -0.073401
v -0.564075 15.469501 -0.213001
v -0.606258 15.414399 -0.208001
v -0.609855 15.369000 -0.204101
v -0.389675 15.383000 -0.384101
v -0.411366 15.341300 -0.388201
v -0.427280 15.314899 -0.372201
v -0.236530 15.337899 -0.437501
v -0.230317 15.293900 -0.449801
v -0.216583 15.268300 -0.441201
v -0.671113 15.581100 0.016399
v -0.705884 15.517600 0.005699
v -0.721253 15.460200 0.015599
v -0.694112 15.610799 0.173699
v -0.729973 15.549600 0.172699
v -0.746214 15.496699 0.171499
v -0.698363 15.649499 0.527899
v -0.732371 15.604300 0.526099
v -0.741200 15.535399 0.505199
v -0.531266 15.675599 0.954299
v -0.567236 15.628499 0.965599
v -0.596012 15.564599 0.975099
v -0.694112 15.623399 0.346699
v -0.726594 15.575299 0.342999
v -0.743489 15.509099 0.338399
v -0.122843 15.563199 1.295099
v -0.219744 15.551799 1.292699
v -0.310323 15.535899 1.259799
v -0.623807 15.667399 0.747499
v -0.657488 15.622699 0.756999
v -0.678416 15.563300 0.749599
v -0.643318 15.528199 -0.128401
v -0.674274 15.467799 -0.134401
v -0.679179 15.400800 -0.134001
v -0.502708 15.421100 -0.287901
v -0.529740 15.379699 -0.283201
v -0.538024 15.351900 -0.272001
v -0.447772 15.542600 1.172499
v -0.348037 15.621100 1.186899
v -0.393381 15.586299 1.189299
v -0.507831 15.544499 1.114699
v -0.447445 15.640800 1.092399
v -0.477638 15.593900 1.117899
v -0.383244 15.534600 1.220899
v -0.249392 15.607999 1.242699
v -0.312176 15.575799 1.243899
v -0.622499 14.565400 0.054099
v -0.546417 14.630199 -0.128401
v -0.448644 14.781899 -0.297901
v -0.345312 14.923699 -0.403001
v -0.254624 15.010300 -0.439601
v -0.137340 15.145300 -0.470901
v -0.632854 14.541900 0.124499
v -0.590671 14.600599 -0.044401
v -0.515570 14.667999 -0.188201
v -0.495623 14.714800 -0.254401
v -0.390111 14.860700 -0.357001
v -0.290049 14.968200 -0.424301
v -0.206882 15.048100 -0.459401
v -0.332232 15.290899 -0.420601
v -0.689970 14.648700 0.069399
v -0.741854 14.736700 0.109699
v -0.613125 14.703400 -0.131201
v -0.639721 14.774600 -0.110501
v -0.481562 14.839900 -0.309201
v -0.497585 14.884299 -0.298801
v -0.364278 14.948100 -0.406901
v -0.387822 14.971800 -0.392701
v -0.270102 15.022799 -0.443301
v -0.273808 15.035600 -0.435001
v -0.140283 15.144300 -0.475701
v -0.144534 15.151099 -0.468601
v -0.745887 14.688399 0.263399
v -0.719509 14.599299 0.210599
v -0.701415 14.761700 -0.014301
v -0.661303 14.677000 -0.037301
v -0.604950 14.792000 -0.179101
v -0.580861 14.734300 -0.196801
v -0.560587 14.835299 -0.254801
v -0.537370 14.774300 -0.264601
v -0.444720 14.925300 -0.342201
v -0.416925 14.891000 -0.362601
v -0.314574 15.000700 -0.419001
v -0.307053 14.984099 -0.428701
v -0.233805 15.068999 -0.450201
v -0.226066 15.059099 -0.461101
v -0.327763 15.317400 -0.431201
v -0.319152 15.363000 -0.422201
v -0.730954 15.106999 0.777899
v -0.822078 15.091300 0.389899
v -0.713514 15.114799 -0.059101
v -0.557971 15.140500 -0.279501
v -0.377031 15.185200 -0.400801
v -0.234132 15.240200 -0.435001
v -0.706429 15.119499 0.994599
v -0.801041 15.103700 0.554599
v -0.807472 15.103200 0.225299
v -0.753408 15.098200 0.043399
v -0.651275 15.116500 -0.171301
v -0.459435 15.171000 -0.369401
v -0.305418 15.201500 -0.427401
v -0.725504 15.201099 0.810099
v -0.701524 15.313499 0.842299
v -0.828400 15.195900 0.402699
v -0.808889 15.268100 0.407699
v -0.719509 15.158500 -0.066101
v -0.712860 15.196799 -0.056101
v -0.569525 15.158999 -0.278501
v -0.578245 15.183399 -0.258501
v -0.394035 15.206599 -0.403001
v -0.394035 15.218200 -0.394301
v -0.241217 15.241899 -0.438201
v -0.246776 15.248300 -0.431701
v -0.598083 15.308900 1.096299
v -0.641356 15.210600 1.057699
v -0.779132 15.297299 0.590899
v -0.799842 15.210500 0.574399
v -0.803330 15.237400 0.248099
v -0.816519 15.178800 0.234599
v -0.763763 15.200200 0.063999
v -0.763327 15.147699 0.045499
v -0.657488 15.183100 -0.163401
v -0.660649 15.153100 -0.170401
v -0.480908 15.203300 -0.351101
v -0.477420 15.187400 -0.366101
v -0.334739 15.232900 -0.420101
v -0.317299 15.216499 -0.432401
v -0.701960 15.112100 0.881899
v -0.658033 15.308700 0.973199
v -0.688335 15.203500 0.942199
v -0.765398 15.205899 0.689199
v -0.744143 15.309299 0.714099
v -0.765289 15.102500 0.661799
v -0.811505 15.090699 0.471799
v -0.815865 15.197700 0.485999
v -0.796790 15.276999 0.495099
vn -0.9134 -0.1781 0.3661
vn -0.8080 -0.0835 0.5833
vn -0.3026 -0.6039 0.7374
vn -0.0067 0.8843 -0.4669
vn 0.8602 0.0451 0.5079
vn -0.8473 0.5144 -0.1321
vn -0.8341 -0.3036 0.4606
vn 0.9714 -0.1815 0.1530
vn -0.8775 -0.0994 0.4691
vn 0.9907 0.1322 0.0311
vn -0.5984 0.4951 -0.6299
vn -0.3499 -0.6793 0.6451
vn 0.7355 0.5460 -0.4011
vn 0.5413 -0.6412 0.5439
vn 0.9906 0.1267 0.0514
vn -0.4326 0.7104 -0.5552
vn -0.1353 0.6711 -0.7289
vn 0.1160 0.8935 -0.4339
vn -0.9019 0.4295 0.0449
vn 0.8176 0.5069 -0.2731
vn 0.5858 -0.0691 0.8075
vn 0.8747 0.4404 -0.2022
vn -0.6281 -0.4849 0.6086
vn 0.0803 0.8799 -0.4683
vn 0.2006 0.4516 -0.8694
vn 0.2093 -0.7719 0.6003
vn 0.9032 -0.1373 0.4066
vn 0.6551 0.0216 0.7553
vn -0.5819 0.7805 -0.2285
vn 0.7694 -0.2386 0.5926
vn -0.0228 -0.7899 0.6128
vn -0.0108 -0.1145 0.9934
vn 0.5326 -0.0972 0.8407
vn -0.1874 -0.0443 0.9813
vn -0.9002 0.0049 0.4355
vn -0.5447 -0.2347 0.8051
vn -0.3759 0.2679 -0.8871
vn -0.1738 -0.3642 0.9150
vn 0.8932 0.1125 0.4353
vn -0.7811 -0.0129 0.6242
vn -0.7117 0.3372 -0.6163
vn 0.9283 -0.1740 0.3288
vn -0.9661 0.1874 -0.1777
vn 0.9877 0.1547 -0.0221
vn -0.4141 0.1931 -0.8895
vn -0.3295 -0.1772 0.9274
vn 0.8210 0.2348 -0.5204
vn 0.0168 0.0321 0.9993
vn 0.8702 0.4467 -0.2077
vn -0.0789 0.3534 -0.9321
vn 0.4998 0.3200 -0.8049
vn -0.2259 0.3257 -0.9181
vn -0.9701 0.2408 0.0286
vn 0.7748 0.4025 -0.4875
vn 0.8627 0.3128 -0.3974
vn -0.5228 -0.1441 0.8402
vn 0.8745 0.1810 0.4499
vn 0.8221 0.2167 -0.5265
vn 0.2045 0.3340 -0.9201
vn -0.0885 -0.0049 0.9961
vn -0.4466 0.1196 0.8867
vn -0.8625 0.1687 -0.4772
vn 0.7999 0.0811 0.5947
vn 0.7989 0.0389 0.6002
vn -0.8296 0.2893 -0.4776
vn 0.2040 0.0761 0.9760
vn 0.5344 -0.0776 0.8417
vn -0.3418 0.1286 0.9309
vn -0.8517 0.1936 0.4870
vn -0.4245 -0.0078 0.9054
vn -0.4195 0.3781 -0.8252
vn -0.0977 -0.1067 0.9895
vn 0.9300 0.0872 0.3572
vn -0.7675 0.1580 0.6213
vn -0.5744 0.4061 -0.7107
vn 0.9943 0.1051 -0.0200
vn -0.8929 0.3468 -0.2873
vn 0.7864 0.2748 -0.5532
vn -0.3614 0.1417 -0.9216
vn 0.9146 0.2047 -0.3487
vn -0.1991 0.0774 0.9769
vn 0.9805 -0.0021 0.1963
vn 0.0259 0.2575 -0.9659
vn 0.6072 0.2860 -0.7413
vn -0.3281 0.3692 -0.8695
vn -0.7775 0.1537 0.6098
vn 0.9087 0.1785 -0.3773
vn -0.5438 0.1160 0.8312
vn 0.8622 0.2639 -0.4325
vn 0.9650 0.0047 0.2622
vn 0.8593 0.2006 -0.4706
vn -0.2915 0.0993 0.9514
vn -0.2540 0.1136 0.9605
vn 0.9184 0.0737 0.3887
vn 0.1875 0.3295 -0.9254
vn -0.2628 -0.0594 0.9630
vn 0.8166 -0.1998 0.5415
vn -0.6824 0.3139 -0.6602
vn 0.2273 0.0305 0.9733
vn 0.7691 -0.0394 0.6380
vn -0.2208 0.0828 0.9718
vn -0.8600 0.0407 0.5087
vn -0.6733 0.0069 0.7393
vn -0.4511 0.3413 -0.8247
vn -0.2906 0.0104 0.9568
vn -0.7661 0.0737 0.6384
vn -0.7467 0.2318 -0.6234
vn 0.9407 0.0982 -0.3246
vn -0.9986 0.0377 0.0358
vn 0.7405 0.2213 -0.6345
vn -0.2903 0.2576 -0.9216
vn -0.0101 0.0490 0.9987
vn 0.9830 0.0351 -0.1801
vn 0.8801 0.0500 0.4721
vn 0.0720 0.3523 -0.9331
vn 0.8544 0.1527 -0.4966
vn -0.2880 0.3531 -0.8901
vn -0.8436 0.0101 0.5368
vn 0.9610 0.0944 -0.2600
vn 0.9622 0.0931 -0.2558
vn -0.5094 0.1178 0.8524
vn 0.9327 -0.0615 0.3554
vn 0.7359 0.2137 -0.6425
vn -0.0671 0.0703 0.9953
vn -0.7751 -0.2212 -0.5919
vn 0.9674 -0.1531 0.2017
vn 0.9383 -0.1882 0.2902
vn 0.1633 -0.1658 -0.9726
vn -0.4353 -0.1486 0.8879
vn 0.3905 -0.1772 0.9034
vn -0.8542 -0.1466 -0.4988
vn 0.0341 -0.1017 0.9942
vn 0.8406 -0.1520 0.5199
vn -0.9689 -0.1232 0.2146
vn -0.7561 -0.1271 0.6419
vn -0.9348 -0.0621 0.3497
vn -0.3187 -0.0309 0.9473
vn -0.8654 -0.2289 -0.4458
vn 0.9716 -0.0949 -0.2167
vn -0.9893 -0.1399 0.0407
vn 0.8382 -0.1216 -0.5316
vn -0.4884 0.0073 -0.8726
vn 0.8829 -0.1221 -0.4533
vn 0.3555 -0.1546 0.9218
vn 0.9557 -0.1318 0.2633
vn -0.0795 -0.1043 -0.9914
vn 0.8237 -0.1082 -0.5565
vn -0.4447 -0.1926 -0.8747
vn -0.8981 -0.1704 0.4055
vn 0.9614 -0.1439 -0.2344
vn -0.9696 -0.1387 0.2015
vn 0.8751 -0.1218 -0.4684
vn -0.7176 0.0014 0.6964
vn 0.7843 -0.1450 -0.6032
vn 0.3264 -0.1384 0.9350
vn -0.2256 -0.1511 0.9624
vn -0.5529 -0.3827 -0.7402
vn 0.9933 -0.0174 0.1147
vn 0.9120 -0.0648 0.4050
vn 0.2390 -0.1098 -0.9648
vn -0.7535 -0.2211 -0.6191
vn 0.5005 -0.1634 0.8502
vn 0.1125 -0.1551 -0.9815
vn 0.8867 -0.0010 0.4623
vn -0.2399 -0.1476 0.9595
vn -0.7854 -0.0733 -0.6146
vn -0.9834 -0.1517 0.0991
vn -0.9493 -0.0768 0.3047
vn -0.6339 -0.3685 -0.6800
vn 0.9856 -0.0750 -0.1515
vn -0.9970 -0.0524 0.0561
vn 0.8474 -0.1032 -0.5208
vn 0.6209 -0.0745 -0.7803
vn -0.1695 0.0130 -0.9854
vn -0.3347 -0.2268 0.9146
vn 0.6220 -0.1585 0.7668
vn 0.2733 -0.1089 -0.9557
vn 0.9809 -0.0573 -0.1856
vn -0.7636 -0.2626 -0.5898
vn -0.9288 -0.2458 -0.2772
vn 0.9864 -0.0772 0.1454
vn 0.9544 -0.0758 -0.2888
vn -0.3964 -0.1663 0.9029
vn 0.8237 -0.1304 -0.5518
vn 0.1795 -0.6484 0.7398
vn 0.8231 -0.1534 0.5468
vn -0.9417 -0.2623 0.2105
vn -0.7470 -0.2232 -0.6262
vn -0.9834 -0.1209 0.1353
vn -0.9313 -0.2345 0.2786
vn -0.7293 -0.2179 0.6486
vn -0.3032 -0.1680 -0.9380
vn -0.9533 -0.0667 0.2946
vn -0.9886 -0.0938 -0.1175
vn 0.1692 -0.1844 0.9682
vn -0.2829 -0.1890 0.9404
vn 0.3288 -0.1413 0.9338
vn -0.1390 -0.2266 0.9640
vn -0.5213 -0.2425 0.8182
vn 0.8973 -0.0668 0.4363
vn 0.2622 -0.1954 -0.9450
vn 0.8741 -0.1222 0.4702
vn 0.9485 -0.1000 0.3005
vn 0.5532 -0.1442 0.8205
vn 0.9903 -0.1363 -0.0277
vn 0.9831 -0.0953 0.1565
vn 0.9033 -0.0726 0.4229
vn -0.2082 -0.0057 -0.9781
vn 0.9039 -0.1225 -0.4098
vn 0.8277 -0.1216 -0.5478
vn -0.3232 -0.0869 -0.9423
vn 0.9782 -0.1107 -0.1759
vn -0.7907 -0.1456 -0.5947
vn -0.9857 -0.0510 0.1605
vn 0.9879 -0.1066 -0.1127
vn 0.9688 -0.1196 -0.2171
vn 0.8417 -0.1249 -0.5253
vn -0.9703 -0.1072 -0.2170
vn -0.7475 -0.0739 -0.6601
vn -0.9853 -0.1252 0.1161
vn -0.6822 -0.1824 0.7081
vn -0.1334 -0.0154 -0.9909
vn 0.2511 0.8097 -0.5304
vn -0.2595 0.0537 0.9642
vn 0.8553 -0.0825 0.5116
vn -0.7023 -0.0125 -0.7118
vn 0.9830 -0.0847 0.1630
vn 0.9471 -0.0712 0.3129
vn 0.1801 0.1371 -0.9741
vn 0.3142 -0.0088 0.9493
vn -0.7571 0.0678 -0.6497
vn -0.0962 0.0641 0.9933
vn 0.8463 -0.1014 0.5229
vn -0.9153 -0.1296 0.3813
vn -0.7704 -0.1316 0.6239
vn -0.8446 -0.0797 0.5294
vn -0.3198 -0.0921 0.9430
vn -0.8463 -0.0964 -0.5239
vn 0.9444 -0.0592 -0.3234
vn -0.9857 -0.1315 0.1059
vn 0.7857 -0.0338 -0.6176
vn -0.2980 0.0839 -0.9509
vn 0.9426 -0.0703 -0.3264
vn 0.1955 0.0403 0.9799
vn 0.9048 -0.0103 0.4257
vn 0.0997 0.0374 -0.9943
vn 0.8487 -0.0162 -0.5286
vn -0.3986 0.0684 -0.9146
vn -0.8797 -0.1581 0.4484
vn 0.9624 -0.0490 -0.2672
vn 0.9146 -0.0428 -0.4020
vn -0.6100 -0.0159 0.7922
vn 0.7551 0.0170 -0.6554
vn 0.1109 0.0539 0.9924
vn -0.7980 -0.3637 0.4806
vn -0.9021 -0.2878 0.3214
vn -0.9658 -0.0919 0.2424
vn -0.4484 -0.5300 0.7198
vn -0.4304 -0.6391 0.6374
vn -0.7406 -0.3994 0.5403
vn -0.5893 -0.4105 0.6959
vn -0.7697 -0.4114 0.4882
vn -0.4957 -0.6160 0.6122
vn -0.3171 0.8221 -0.4728
vn -0.0355 0.9067 -0.4202
vn 0.1502 0.8973 -0.4152
vn 0.9166 0.3681 0.1562
vn 0.9721 0.2283 0.0533
vn 0.9483 -0.1219 0.2931
vn -0.8792 0.4630 -0.1124
vn -0.7005 0.6672 -0.2533
vn -0.6455 0.6746 -0.3581
vn -0.7814 -0.3486 0.5175
vn -0.7079 -0.4912 0.5076
vn -0.7697 -0.4702 0.4319
vn 0.9870 0.1606 -0.0102
vn 0.9553 0.2668 -0.1275
vn 0.9992 -0.0361 0.0192
vn -0.9729 0.1262 0.1939
vn -0.9825 0.1792 0.0518
vn -0.9839 0.0279 0.1764
vn 0.9170 0.3705 -0.1480
vn 0.8598 0.4783 -0.1787
vn 0.9894 0.1432 -0.0223
vn -0.8254 0.2826 -0.4887
vn -0.9889 0.0996 -0.1100
vn -0.8424 0.4342 -0.3192
vn -0.2170 -0.7514 0.6232
vn -0.3062 -0.6860 0.6600
vn -0.4046 -0.6462 0.6471
vn 0.9636 0.2356 -0.1266
vn 0.8771 0.4083 -0.2528
vn 0.5656 0.7088 -0.4216
vn 0.8295 -0.3505 0.4348
vn 0.9055 -0.3037 0.2964
vn 0.6479 -0.6055 0.4621
vn 0.9930 0.1040 0.0568
vn 0.9926 0.0639 0.1035
vn 0.9905 0.1165 0.0733
vn -0.5141 0.6884 -0.5117
vn -0.5318 0.7331 -0.4240
vn -0.4639 0.7720 -0.4346
vn -0.3272 0.6538 -0.6822
vn -0.5147 0.6997 -0.4955
vn -0.3260 0.7710 -0.5470
vn 0.2602 0.8494 -0.4592
vn 0.2699 0.8694 -0.4140
vn 0.2053 0.8859 -0.4161
vn -0.9051 0.1996 0.3754
vn -0.9564 -0.0162 0.2915
vn -0.9662 0.2499 0.0630
vn 0.8944 0.4265 -0.1346
vn 0.9376 0.3439 -0.0517
vn 0.8883 0.4471 -0.1051
vn 0.7505 0.0363 0.6599
vn 0.8319 -0.0314 0.5541
vn 0.6608 -0.1800 0.7287
vn 0.9626 0.2661 -0.0516
vn 0.9798 0.1888 -0.0657
vn 0.8694 0.4425 -0.2197
vn -0.5340 -0.5632 0.6306
vn -0.5968 -0.5483 0.5859
vn -0.6521 -0.5110 0.5600
vn -0.0190 0.8453 -0.5339
vn 0.0961 0.8735 -0.4773
vn 0.2949 0.8432 -0.4495
vn -0.0730 0.4576 -0.8862
vn 0.0875 0.7103 -0.6984
vn 0.2265 0.7410 -0.6322
vn 0.3203 -0.7435 0.5871
vn 0.2364 -0.7799 0.5795
vn 0.1126 -0.7777 0.6185
vn 0.9035 -0.3321 0.2710
vn 0.7840 -0.5010 0.3665
vn 0.7573 -0.3312 0.5629
vn 0.8024 0.0318 0.5960
vn 0.7547 0.0361 0.6550
vn 0.6019 0.0021 0.7986
vn -0.7576 0.6309 -0.1676
vn -0.6724 0.7104 -0.2078
vn -0.5587 0.7885 -0.2570
vn 0.6154 -0.3195 0.7206
vn 0.7257 -0.4864 0.4867
vn 0.7954 -0.4118 0.4448
vn 0.1147 -0.7862 0.6072
vn 0.0149 -0.7621 0.6473
vn -0.1051 -0.7392 0.6652
vn -0.0592 -0.1649 0.9845
vn -0.0648 -0.5014 0.8628
vn 0.0174 -0.4845 0.8746
vn 0.5019 -0.0997 0.8592
vn 0.5613 -0.2398 0.7921
vn 0.5960 -0.2147 0.7738
vn -0.1017 -0.0198 0.9946
vn 0.1403 -0.4857 0.8628
vn 0.0579 -0.4856 0.8723
vn -0.7788 -0.0433 0.6258
vn -0.7600 -0.2457 0.6017
vn -0.8596 -0.1700 0.4818
vn -0.3332 -0.3182 0.8875
vn -0.4129 -0.4043 0.8161
vn -0.6224 -0.3172 0.7155
vn -0.4978 0.2583 -0.8279
vn -0.5220 0.4643 -0.7155
vn -0.2835 0.5118 -0.8110
vn -0.3067 -0.3506 0.8849
vn -0.4298 -0.4132 0.8028
vn -0.2958 -0.4422 0.8467
vn 0.9509 0.2457 -0.1884
vn 0.9568 0.2878 -0.0408
vn 0.8857 0.0048 0.4642
vn -0.6958 -0.0645 0.7153
vn -0.7555 -0.2508 0.6052
vn -0.8213 -0.1923 0.5371
vn -0.8142 0.4062 -0.4148
vn -0.5962 0.4520 -0.6635
vn -0.4886 0.2897 -0.8230
vn 0.9929 -0.0845 0.0836
vn 0.9702 0.0818 0.2279
vn 0.8617 -0.1235 0.4921
vn -0.9817 0.1805 -0.0605
vn -0.9640 -0.0398 0.2630
vn -0.9245 -0.1165 0.3630
vn 0.8464 0.2577 -0.4660
vn 0.9285 0.3205 -0.1875
vn 0.9809 0.1490 0.1254
vn -0.3700 0.2425 -0.8968
vn -0.6341 0.3449 -0.6921
vn -0.6418 0.3411 -0.6869
vn -0.2193 -0.1099 0.9694
vn -0.1201 -0.4829 0.8674
vn -0.2703 -0.4648 0.8431
vn 0.9571 0.1378 -0.2547
vn 0.9619 0.2373 -0.1357
vn 0.8186 0.3890 -0.4227
vn 0.2212 0.1531 0.9631
vn 0.6098 -0.2989 0.7340
vn 0.3969 -0.4362 0.8076
vn 0.8595 0.3482 -0.3741
vn 0.9655 0.2589 -0.0270
vn 0.9636 0.2667 0.0189
vn -0.0817 0.3861 -0.9188
vn -0.2701 0.4270 -0.8630
vn -0.2243 0.4204 -0.8792
vn 0.0230 0.2973 -0.9545
vn -0.1840 0.5346 -0.8248
vn 0.2718 0.5762 -0.7708
vn -0.1084 0.2998 -0.9478
vn 0.1392 0.5087 -0.8497
vn 0.0287 0.5247 -0.8508
vn -0.8867 0.0024 0.4623
vn -0.9612 0.0262 0.2747
vn -0.9552 0.2820 -0.0897
vn 0.7537 0.3857 -0.5322
vn 0.8647 0.3902 -0.3162
vn 0.8305 0.4198 -0.3661
vn 0.9401 0.2662 -0.2129
vn 0.9470 0.2929 -0.1318
vn 0.8568 0.4057 -0.3183
vn -0.4165 -0.1814 0.8908
vn -0.4358 -0.4196 0.7963
vn -0.5590 -0.3694 0.7423
vn 0.8215 -0.0803 0.5646
vn 0.6317 -0.2344 0.7390
vn 0.7453 0.1457 0.6506
vn 0.4626 0.3801 -0.8010
vn 0.1718 0.7345 -0.6565
vn 0.6039 0.5999 -0.5249
vn -0.2090 0.3589 -0.9097
vn -0.1642 0.4022 -0.9007
vn 0.2020 0.4055 -0.8915
vn 0.0056 0.0113 0.9999
vn 0.3110 -0.4694 0.8264
vn 0.2295 -0.4794 0.8471
vn -0.3823 0.1260 0.9154
vn -0.3329 0.0292 0.9425
vn -0.4018 0.0151 0.9156
vn -0.9291 0.0951 -0.3573
vn -0.9069 0.3119 -0.2832
vn -0.7638 0.4702 -0.4422
vn 0.9064 0.0817 0.4145
vn 0.8945 0.0675 0.4419
vn 0.7828 0.0432 0.6208
vn 0.8996 0.0357 0.4352
vn 0.8497 0.0992 0.5178
vn 0.7211 0.1092 0.6842
vn -0.8577 0.3001 -0.4175
vn -0.9172 0.2628 -0.2996
vn -0.8885 0.2690 -0.3717
vn 0.2237 0.0591 0.9729
vn 0.0897 0.0058 0.9960
vn 0.0645 0.0419 0.9970
vn 0.5428 -0.0764 0.8364
vn 0.5072 -0.0719 0.8588
vn 0.5046 -0.0663 0.8608
vn -0.2737 0.1209 0.9542
vn -0.2321 0.0420 0.9718
vn -0.3250 0.0433 0.9447
vn -0.7258 0.1338 0.6747
vn -0.7610 0.1146 0.6386
vn -0.8741 0.1945 0.4451
vn -0.1967 -0.0783 0.9773
vn -0.1615 -0.1691 0.9723
vn -0.3694 -0.0717 0.9265
vn -0.4966 0.3783 -0.7812
vn -0.4771 0.3745 -0.7951
vn -0.3971 0.3695 -0.8401
vn -0.1981 -0.0762 0.9772
vn -0.2329 -0.1453 0.9616
vn -0.1181 -0.1900 0.9746
vn 0.9659 0.2098 -0.1517
vn 0.9376 0.2895 -0.1926
vn 0.9265 0.1378 0.3503
vn -0.6820 0.1402 0.7178
vn -0.6678 0.0735 0.7407
vn -0.7578 0.1055 0.6439
vn -0.6174 0.4218 -0.6640
vn -0.4118 0.3783 -0.8290
vn -0.3725 0.3699 -0.8511
vn 0.9727 0.1355 -0.1884
vn 0.9960 0.0889 0.0074
vn 0.9842 0.0508 0.1694
vn -0.9147 0.3312 -0.2315
vn -0.8905 0.3394 -0.3031
vn -0.8220 0.3468 -0.4518
vn 0.5566 0.2865 -0.7798
vn 0.6845 0.2974 -0.6656
vn 0.8810 0.2781 -0.3827
vn -0.3432 0.1430 -0.9283
vn -0.2518 0.2038 -0.9461
vn -0.3259 0.1878 -0.9266
vn 0.9935 0.1138 -0.0086
vn 0.9940 0.1044 0.0311
vn 0.9167 0.2067 -0.3419
vn 0.1762 0.0371 0.9837
vn 0.1470 0.1119 0.9828
vn -0.1830 0.0870 0.9793
vn 0.9992 0.0363 0.0140
vn 0.9891 0.0436 -0.1403
vn 0.9978 0.0616 0.0232
vn 0.0840 0.2702 -0.9591
vn 0.0307 0.2752 -0.9609
vn 0.0013 0.2669 -0.9637
vn 0.2012 0.2627 -0.9437
vn 0.1508 0.3050 -0.9403
vn 0.5696 0.3532 -0.7422
vn -0.2097 0.3597 -0.9092
vn -0.2350 0.3530 -0.9056
vn -0.3755 0.3607 -0.8538
vn -0.7630 0.1374 0.6316
vn -0.9304 0.3102 0.1951
vn -0.9348 0.3025 0.1860
vn 0.8880 0.1964 -0.4158
vn 0.7554 0.2828 -0.5911
vn 0.8151 0.2600 -0.5177
vn -0.4337 0.1029 0.8952
vn -0.3931 0.0028 0.9195
vn -0.5053 0.0297 0.8624
vn 0.9472 0.2285 -0.2251
vn 0.9580 0.2435 -0.1513
vn 0.8783 0.2913 -0.3791
vn 0.9860 0.0707 -0.1513
vn 0.9847 0.1297 -0.1167
vn 0.9411 0.0458 0.3349
vn 0.6032 0.2768 -0.7480
vn 0.5891 0.3459 -0.7303
vn 0.8566 0.2392 -0.4572
vn -0.3744 0.1150 0.9201
vn -0.4433 0.1215 0.8881
vn -0.3870 0.1191 0.9143
vn -0.1568 0.1002 0.9825
vn -0.1264 0.0560 0.9904
vn -0.2285 0.0506 0.9722
vn 0.9138 0.1203 0.3880
vn 0.8024 0.1247 0.5837
vn 0.8078 0.0663 0.5857
vn -0.2182 0.3455 -0.9127
vn -0.1993 0.3557 -0.9131
vn 0.2133 0.3297 -0.9197
vn -0.2675 0.0644 0.9614
vn -0.4301 0.0711 0.9000
vn -0.4141 -0.0123 0.9102
vn 0.8889 -0.1945 0.4148
vn 0.9228 -0.1066 0.3703
vn 0.8459 -0.1148 0.5209
vn -0.7360 0.3161 -0.5986
vn -0.7948 0.3279 -0.5107
vn -0.7476 0.3255 -0.5789
vn 0.2356 0.0237 0.9716
vn 0.2443 0.1184 0.9624
vn 0.2296 0.1113 0.9669
vn 0.7346 -0.0605 0.6758
vn 0.6146 -0.0286 0.7883
vn 0.6398 -0.0052 0.7685
vn -0.1239 0.0774 0.9893
vn -0.2312 0.1118 0.9665
vn -0.3065 0.1114 0.9453
vn -0.7470 0.0639 0.6618
vn -0.7175 0.1339 0.6835
vn -0.8476 0.1332 0.5137
vn -0.4573 0.0127 0.8892
vn -0.3056 0.0279 0.9517
vn -0.5481 0.0566 0.8345
vn -0.5530 0.3258 -0.7669
vn -0.5036 0.3922 -0.7698
vn -0.4154 0.3901 -0.8217
vn -0.4331 0.0190 0.9012
vn -0.2829 0.0563 0.9575
vn -0.1742 0.0251 0.9844
vn -0.6606 0.0956 0.7446
vn -0.6683 0.1239 0.7335
vn -0.7671 0.1220 0.6298
vn -0.6265 0.3517 -0.6956
vn -0.4020 0.3781 -0.8339
vn -0.5105 0.2997 -0.8059
vn 0.8470 0.1662 -0.5050
vn 0.9204 0.1714 -0.3514
vn 0.9777 0.1174 -0.1740
vn -0.9954 0.0182 -0.0943
vn -0.9799 0.0985 -0.1735
vn -0.9834 0.0982 -0.1525
vn 0.4733 0.2985 -0.8287
vn 0.4775 0.3343 -0.8125
vn 0.7504 0.2795 -0.5990
vn -0.2638 0.2686 -0.9264
vn -0.3513 0.2580 -0.9000
vn -0.3661 0.2529 -0.8956
vn 0.2909 0.0401 0.9559
vn 0.2293 0.1023 0.9680
vn -0.1016 0.1029 0.9895
vn 0.9993 -0.0372 -0.0099
vn 0.9978 0.0623 -0.0212
vn 0.9499 0.1494 -0.2745
vn 0.9060 0.0617 0.4187
vn 0.9568 0.0544 0.2856
vn 0.9189 0.0538 0.3909
vn 0.1571 0.3602 -0.9196
vn 0.0971 0.3585 -0.9285
vn 0.0286 0.3591 -0.9329
vn 0.5140 0.2496 -0.8207
vn 0.3426 0.2952 -0.8919
vn 0.7539 0.2366 -0.6130
vn -0.2212 0.3429 -0.9130
vn -0.1902 0.3751 -0.9073
vn -0.2833 0.3793 -0.8809
vn -0.8155 0.0943 0.5710
vn -0.9691 0.1870 0.1608
vn -0.9878 0.0698 0.1392
vn 0.9715 0.0967 -0.2166
vn 0.9517 0.1203 -0.2824
vn 0.9452 0.1147 -0.3056
vn 0.9860 0.0526 -0.1581
vn 0.9761 0.1397 -0.1664
vn 0.9388 0.1671 -0.3010
vn -0.3817 0.1289 0.9152
vn -0.4257 0.1337 0.8949
vn -0.5395 0.1304 0.8318
vn 0.9593 -0.0681 0.2741
vn 0.9563 -0.1369 0.2582
vn 0.9186 -0.1365 0.3708
vn 0.4780 0.2902 -0.8290
vn 0.5486 0.2881 -0.7849
vn 0.8080 0.2235 -0.5451
vn 0.0172 0.0654 0.9977
vn -0.0768 0.1084 0.9911
vn -0.1674 0.1099 0.9797
vn -0.7660 -0.0746 -0.6386
vn -0.6723 -0.0514 -0.7385
vn -0.6808 -0.2189 -0.6990
vn 0.9748 -0.1333 -0.1788
vn 0.9716 -0.0786 -0.2234
vn 0.9809 -0.0783 0.1781
vn 0.9507 -0.1246 0.2841
vn 0.8705 -0.1169 0.4780
vn 0.8550 -0.1995 0.4788
vn -0.2773 -0.1546 -0.9483
vn -0.2841 0.0415 -0.9579
vn 0.1665 0.0419 -0.9852
vn -0.3159 -0.1478 0.9372
vn -0.3547 -0.1909 0.9153
vn -0.4534 -0.1757 0.8738
vn 0.3838 -0.1843 0.9049
vn 0.3278 -0.0885 0.9406
vn 0.3431 -0.0795 0.9359
vn -0.8790 -0.1720 -0.4446
vn -0.8577 -0.0316 -0.5132
vn -0.8250 -0.0034 -0.5652
vn 0.1979 -0.1241 0.9723
vn 0.1460 0.0328 0.9887
vn -0.0260 0.0482 0.9985
vn 0.8137 -0.1508 0.5614
vn 0.8144 -0.0484 0.5782
vn 0.8397 -0.0586 0.5399
vn -0.9278 -0.0884 0.3624
vn -0.8880 -0.0587 0.4561
vn -0.9490 -0.0955 0.3003
vn -0.5681 -0.0825 0.8188
vn -0.5688 -0.0435 0.8213
vn -0.7633 -0.0747 0.6417
vn -0.8615 -0.0248 0.5071
vn -0.8131 0.0113 0.5820
vn -0.8981 -0.0309 0.4386
vn -0.4348 -0.0470 0.8993
vn -0.4207 -0.0188 0.9070
vn -0.2959 0.0013 0.9552
vn -0.8653 -0.1351 -0.4828
vn -0.7369 -0.0984 -0.6688
vn -0.7466 -0.2203 -0.6277
vn 0.9131 -0.1193 -0.3900
vn 0.9131 -0.0347 -0.4063
vn 0.9725 -0.0387 -0.2297
vn -0.9765 -0.1397 -0.1641
vn -0.9852 -0.1302 -0.1115
vn -0.9875 -0.1316 0.0862
vn 0.6171 -0.1268 -0.7766
vn 0.6104 -0.0590 -0.7899
vn 0.8148 -0.0631 -0.5764
vn -0.5186 0.0034 -0.8550
vn -0.3967 -0.0334 -0.9173
vn -0.3787 -0.0214 -0.9253
vn 0.9729 -0.0951 -0.2106
vn 0.9885 -0.0317 -0.1482
vn 0.9353 -0.0435 -0.3512
vn 0.5983 -0.1643 0.7842
vn 0.4897 -0.0461 0.8707
vn 0.2605 -0.0171 0.9653
vn 0.9549 -0.1396 0.2619
vn 0.9397 -0.0747 0.3338
vn 0.9363 -0.0669 0.3448
vn 0.0259 -0.1224 -0.9921
vn 0.1194 -0.0941 -0.9884
vn 0.0141 -0.0715 -0.9973
vn 0.5021 -0.0847 -0.8607
vn 0.5421 -0.0657 -0.8377
vn 0.8330 -0.0719 -0.5486
vn -0.4037 -0.1973 -0.8934
vn -0.3876 -0.0199 -0.9216
vn -0.4440 -0.0212 -0.8958
vn -0.8959 -0.1051 0.4316
vn -0.9888 -0.1406 0.0509
vn -0.9760 -0.2149 0.0363
vn 0.9675 -0.1390 -0.2113
vn 0.9642 -0.1198 -0.2364
vn 0.9599 -0.1208 -0.2529
vn -0.9434 -0.1687 0.2856
vn -0.9139 -0.1718 0.3677
vn -0.9592 -0.1642 0.2300
vn 0.9420 -0.1185 -0.3139
vn 0.9478 -0.0526 -0.3147
vn 0.8891 -0.0604 -0.4537
vn -0.5428 0.0085 0.8398
vn -0.5108 0.0657 0.8572
vn -0.6793 0.0446 0.7325
vn 0.5380 -0.1669 -0.8262
vn 0.5648 0.0094 -0.8252
vn 0.7999 -0.0202 -0.5998
vn 0.4380 -0.1463 0.8870
vn 0.3618 -0.0058 0.9322
vn 0.2594 0.0152 0.9656
vn -0.2470 -0.1558 0.9564
vn -0.3538 -0.1985 0.9140
vn -0.3603 -0.1922 0.9128
vn -0.5676 -0.2235 -0.7924
vn -0.4606 -0.2186 -0.8603
vn -0.4451 -0.4010 -0.8007
vn 0.9992 -0.0357 -0.0193
vn 0.9886 -0.0828 -0.1261
vn 0.9932 -0.0745 0.0900
vn 0.9286 -0.1378 0.3445
vn 0.8753 -0.1587 0.4568
vn 0.8653 -0.0852 0.4939
vn -0.1391 -0.1107 -0.9841
vn -0.2131 -0.1859 -0.9592
vn 0.1853 -0.1884 -0.9645
vn -0.8885 -0.2602 -0.3779
vn -0.8693 -0.2766 -0.4097
vn -0.7407 -0.2563 -0.6211
vn 0.6901 -0.1264 0.7126
vn 0.7115 -0.1864 0.6775
vn 0.5804 -0.1998 0.7895
vn 0.1988 -0.0787 -0.9769
vn -0.8061 -0.1144 -0.5806
vn -0.6934 -0.1370 -0.7074
vn 0.9629 -0.0013 0.2698
vn 0.9617 -0.0678 0.2655
vn 0.9194 -0.0672 0.3876
vn -0.2221 -0.1486 0.9636
vn -0.2450 -0.2053 0.9475
vn -0.3024 -0.2000 0.9320
vn -0.8973 -0.0895 -0.4322
vn -0.9158 -0.1261 -0.3813
vn -0.7860 -0.1253 -0.6054
vn -0.9652 -0.1084 0.2380
vn -0.9690 -0.1250 0.2133
vn -0.9865 -0.1606 0.0326
vn -0.9082 -0.0211 0.4179
vn -0.7575 -0.0000 0.6529
vn -0.8339 -0.0343 0.5509
vn -0.8002 -0.3159 -0.5098
vn -0.7870 -0.2279 -0.5733
vn -0.6292 -0.2333 -0.7414
vn 0.9344 -0.0993 -0.3422
vn 0.9560 -0.0858 -0.2806
vn 0.9893 -0.0785 -0.1233
vn -0.9949 -0.0502 0.0874
vn -0.9971 -0.0688 0.0328
vn -0.9975 -0.0658 0.0243
vn 0.7190 -0.1106 -0.6861
vn 0.5819 -0.0891 -0.8084
vn 0.8151 -0.0901 -0.5722
vn 0.1125 -0.0710 -0.9911
vn -0.2555 -0.0663 -0.9645
vn 0.4102 -0.0882 -0.9077
vn -0.0730 -0.0362 -0.9967
vn 0.9935 -0.0802 -0.0809
vn 0.9216 -0.0773 -0.3803
vn -0.3874 -0.2606 0.8843
vn -0.5124 -0.2254 0.8286
vn -0.4530 -0.2334 0.8604
vn 0.9113 -0.1223 0.3932
vn 0.9010 -0.1263 0.4150
vn 0.7794 -0.1655 0.6042
vn -0.2143 -0.0792 -0.9736
vn -0.3882 -0.0450 -0.9205
vn -0.1345 -0.0624 -0.9889
vn 0.9298 -0.0661 -0.3622
vn 0.8009 -0.0883 -0.5923
vn 0.9465 -0.0859 -0.3111
vn -0.8279 -0.2408 -0.5065
vn -0.5268 -0.1919 -0.8280
vn -0.3952 -0.1618 -0.9042
vn -0.9790 -0.1927 -0.0670
vn -0.9707 -0.1861 -0.1522
vn -0.9092 -0.2089 -0.3601
vn 0.9759 -0.0816 -0.2021
vn 0.9840 -0.1280 -0.1238
vn 0.9900 -0.1327 0.0479
vn 0.8599 -0.0964 -0.5012
vn 0.9429 -0.0833 -0.3225
vn 0.9806 -0.0787 -0.1795
vn -0.4382 -0.1563 0.8852
vn -0.3446 -0.1800 0.9213
vn -0.3667 -0.1787 0.9130
vn 0.6141 -0.1665 -0.7715
vn 0.6503 -0.1187 -0.7504
vn 0.8269 -0.1023 -0.5530
vn -0.0352 -0.6617 0.7489
vn 0.0372 -0.8864 0.4614
vn 0.1194 -0.8642 0.4888
vn 0.8904 0.0689 0.4498
vn 0.9879 0.0055 0.1549
vn 0.9242 -0.2833 0.2561
vn -0.9001 -0.2791 0.3346
vn -0.9577 -0.2875 0.0084
vn -0.9582 -0.2792 -0.0626
vn -0.7684 -0.2550 -0.5870
vn -0.6547 -0.2587 -0.7103
vn -0.6051 -0.2100 -0.7679
vn -0.9693 -0.1330 0.2067
vn -0.9447 -0.1858 0.2703
vn -0.9726 -0.1769 0.1509
vn -0.8386 -0.2324 0.4927
vn -0.6511 -0.2416 0.7195
vn -0.8192 -0.2641 0.5090
vn -0.7086 -0.2075 0.6744
vn -0.5454 -0.2017 0.8135
vn -0.4651 -0.2082 0.8604
vn -0.3722 -0.1763 -0.9113
vn -0.4228 -0.2510 -0.8708
vn -0.4208 -0.2550 -0.8706
vn -0.9378 -0.0840 0.3367
vn -0.9519 -0.1082 0.2867
vn -0.9569 -0.1058 0.2704
vn -0.9808 -0.0826 -0.1764
vn -0.9768 -0.1330 -0.1679
vn -0.9876 -0.1564 -0.0147
vn 0.2483 -0.1748 0.9528
vn 0.4537 -0.2092 0.8662
vn 0.3200 -0.2217 0.9211
vn -0.2323 -0.1843 0.9550
vn 0.1826 -0.2747 0.9440
vn 0.0499 -0.2917 0.9552
vn 0.5071 -0.1250 0.8528
vn 0.6032 -0.1861 0.7756
vn 0.3825 -0.2182 0.8978
vn -0.0455 -0.2167 0.9752
vn 0.0441 -0.3019 0.9523
vn -0.0963 -0.2980 0.9497
vn -0.4031 -0.2444 0.8819
vn -0.5158 -0.2032 0.8322
vn -0.6651 -0.1752 0.7259
vn 0.9482 -0.0400 0.3153
vn 0.9725 -0.1086 0.2058
vn 0.9640 -0.1059 0.2438
vn -0.0713 -0.2033 -0.9765
vn -0.0997 -0.1628 -0.9816
vn 0.2965 -0.1464 -0.9437
vn 0.9227 -0.1370 0.3604
vn 0.8846 -0.2051 0.4188
vn 0.8279 -0.1989 0.5245
vn 0.9325 -0.1833 0.3113
vn 0.8652 -0.2006 0.4595
vn 0.8998 -0.1111 0.4219
vn 0.6444 -0.1480 0.7502
vn 0.4629 -0.2113 0.8609
vn 0.4542 -0.1979 0.8687
vn 0.9840 -0.1309 -0.1207
vn 0.9687 -0.1728 -0.1782
vn 0.9683 -0.1809 -0.1721
vn 0.9866 -0.1099 -0.1203
vn 0.9793 -0.1545 -0.1310
vn 0.9663 -0.1656 0.1971
vn 0.9337 -0.0840 0.3480
vn 0.8453 -0.1555 0.5111
vn 0.8564 -0.1472 0.4948
vn -0.5571 0.0569 -0.8285
vn -0.6287 0.1142 -0.7692
vn -0.4768 0.1054 -0.8726
vn 0.6390 -0.1059 -0.7619
vn 0.5491 -0.0450 -0.8345
vn 0.8699 -0.1177 -0.4790
vn 0.5303 -0.1284 -0.8380
vn 0.5899 -0.0740 -0.8041
vn 0.8462 -0.0853 -0.5260
vn -0.3949 -0.0832 -0.9149
vn -0.1663 -0.0812 -0.9827
vn -0.1833 -0.0457 -0.9820
vn 0.9400 -0.1153 -0.3212
vn 0.9476 -0.0913 -0.3060
vn 0.9279 -0.0953 -0.3605
vn -0.8871 -0.1402 -0.4397
vn -0.9182 -0.1040 -0.3823
vn -0.8641 -0.1232 -0.4881
vn -0.9825 -0.0516 0.1790
vn -0.9727 -0.0963 0.2114
vn -0.9817 -0.0899 0.1676
vn 0.9527 -0.1149 -0.2812
vn 0.9298 -0.1289 -0.3446
vn 0.9775 -0.1190 -0.1742
vn 0.9718 -0.1111 -0.2079
vn 0.9609 -0.1309 -0.2441
vn 0.8838 -0.1427 -0.4456
vn 0.6119 -0.1263 -0.7808
vn 0.5630 -0.1679 -0.8092
vn 0.8229 -0.1409 -0.5505
vn -0.9927 -0.1189 -0.0181
vn -0.9870 -0.1142 0.1130
vn -0.9852 -0.1197 -0.1226
vn -0.7450 -0.1244 -0.6553
vn -0.6097 -0.1181 -0.7838
vn -0.6463 -0.0669 -0.7602
vn -0.9461 -0.1406 0.2916
vn -0.9155 -0.1271 0.3818
vn -0.9739 -0.1136 0.1968
vn -0.5571 -0.1915 0.8080
vn -0.7079 -0.1572 0.6886
vn -0.7989 -0.1448 0.5838
vn -0.3126 -0.0354 -0.9492
vn -0.2012 -0.0970 -0.9747
vn -0.0600 -0.0912 -0.9940
vn 0.1840 0.8772 -0.4435
vn 0.0093 0.9094 -0.4157
vn 0.1209 0.8807 -0.4580
vn -0.2328 0.0453 0.9715
vn -0.3646 0.0381 0.9304
vn -0.4183 0.0248 0.9080
vn 0.9349 -0.0871 0.3439
vn 0.9265 -0.0393 0.3742
vn 0.8395 -0.0526 0.5408
vn -0.6443 0.1500 -0.7499
vn -0.5392 0.1849 -0.8216
vn -0.5996 0.0191 -0.8001
vn 0.9688 -0.0477 -0.2433
vn 0.9789 0.0035 -0.2041
vn 0.9791 -0.0582 0.1946
vn 0.9335 -0.0163 0.3582
vn 0.8335 -0.0177 0.5522
vn 0.8609 -0.0563 0.5056
vn -0.2655 0.1424 -0.9536
vn -0.2422 0.2801 -0.9289
vn 0.1795 0.2576 -0.9494
vn 0.2709 -0.0148 0.9625
vn 0.2477 -0.0396 0.9680
vn 0.2679 -0.0320 0.9629
vn -0.8034 0.0267 -0.5949
vn -0.7405 0.1723 -0.6496
vn -0.6913 0.2060 -0.6925
vn 0.0658 0.0600 0.9960
vn -0.0065 0.0427 0.9991
vn -0.1403 0.0450 0.9891
vn 0.8134 -0.1102 0.5712
vn 0.7886 -0.1198 0.6031
vn 0.8165 -0.1086 0.5670
vn -0.8343 -0.1067 0.5409
vn -0.7952 -0.0504 0.6042
vn -0.8900 -0.0717 0.4503
vn -0.5876 -0.1160 0.8008
vn -0.5887 -0.0944 0.8029
vn -0.7709 -0.1053 0.6282
vn -0.7550 -0.0449 0.6542
vn -0.7005 -0.0029 0.7136
vn -0.7967 -0.0303 0.6036
vn -0.4439 -0.1084 0.8895
vn -0.4456 -0.0727 0.8923
vn -0.3106 -0.0661 0.9482
vn -0.8270 0.0335 -0.5613
vn -0.6269 0.1258 -0.7689
vn -0.6909 -0.0324 -0.7222
vn 0.8644 -0.0246 -0.5021
vn 0.8274 0.0586 -0.5585
vn 0.9237 0.0026 -0.3831
vn -0.9899 -0.1238 -0.0698
vn -0.9965 -0.0727 -0.0416
vn -0.9894 -0.0841 0.1185
vn 0.5706 -0.0065 -0.8212
vn 0.5377 0.1286 -0.8332
vn 0.7716 0.0684 -0.6325
vn -0.2956 0.0797 -0.9520
vn -0.2406 0.1894 -0.9520
vn -0.2583 0.1935 -0.9465
vn 0.9880 -0.0857 -0.1288
vn 0.9954 -0.0585 -0.0760
vn 0.9697 -0.0153 -0.2439
vn 0.4222 0.0309 0.9060
vn 0.3872 0.0094 0.9220
vn 0.1249 0.0193 0.9920
vn 0.9140 -0.0239 0.4051
vn 0.8859 0.0167 0.4637
vn 0.8705 0.0204 0.4918
vn 0.1750 0.0311 -0.9841
vn 0.2023 0.1751 -0.9635
vn 0.1095 0.1855 -0.9765
vn 0.5640 0.0233 -0.8254
vn 0.6029 0.1109 -0.7901
vn 0.8795 0.0472 -0.4736
vn -0.3492 0.0647 -0.9348
vn -0.2898 0.2334 -0.9282
vn -0.3403 0.2343 -0.9107
vn -0.8628 -0.1147 0.4924
vn -0.9906 -0.0982 0.0948
vn -0.9826 -0.1780 0.0533
vn 0.9677 -0.0428 -0.2483
vn 0.9727 0.0326 -0.2297
vn 0.9639 0.0463 -0.2624
vn 0.9584 -0.0638 -0.2783
vn 0.9746 -0.0112 -0.2239
vn 0.9457 0.0103 -0.3250
vn -0.4580 0.0037 0.8889
vn -0.4020 0.0306 0.9151
vn -0.5398 0.0195 0.8416
vn 0.5061 0.0865 -0.8581
vn 0.4721 0.1927 -0.8602
vn 0.7214 0.1119 -0.6834
vn 0.2130 0.0453 0.9760
vn 0.1233 0.0336 0.9918
vn 0.0294 0.0377 0.9989
vn -0.8804 -0.2196 0.4204
vn -0.3936 0.8502 -0.3497
vn 0.7414 -0.3894 0.5466
vn -0.9953 -0.0880 -0.0417
vn 0.6709 -0.1121 -0.7330
vn -0.8278 0.0735 0.5562
vn 0.3818 0.1096 -0.9177
vn 0.9652 -0.0740 0.2507
vn -0.1049 0.4820 -0.8698
vn 0.9982 0.0155 0.0572
vn 0.7262 0.0058 0.6875
vn 0.6709 -0.0894 0.7362
vn -0.0727 0.0198 0.9972
vn 0.8316 0.4752 -0.2875
vn 0.8966 0.1038 0.4304
vn 0.4997 -0.0400 0.8653
vn -0.2347 0.8989 -0.3701
vn -0.0882 0.0015 0.9961
vn 0.8814 -0.1647 0.4426
vn -0.9717 -0.0757 0.2238
vn -0.1520 0.0752 0.9855
vn -0.4817 0.0086 -0.8763
vn 0.9101 0.0420 0.4124
vn 0.6791 0.0124 0.7339
vn -0.3825 0.6263 -0.6793
vn 0.0353 -0.0439 0.9984
vn 0.9852 0.0517 0.1634
vn 0.6204 0.0102 0.7842
vn -0.4064 -0.5472 0.7317
vn -0.8119 0.0563 0.5811
vn -0.7950 -0.0054 -0.6066
vn 0.7121 0.0949 -0.6957
vn -0.8297 -0.0598 0.5550
vn 0.9626 0.2670 -0.0453
vn 0.8009 -0.0422 0.5972
vn 0.9924 -0.0053 0.1229
vn -0.3392 -0.1390 0.9304
vn 0.4859 0.2392 -0.8406
vn -0.1809 -0.0063 0.9835
vn 0.9923 -0.0146 0.1228
vn 0.6231 -0.0892 0.7770
vn 0.8104 -0.0529 -0.5835
vn -0.5358 -0.0246 0.8440
vn -0.5564 -0.1848 -0.8101
vn 0.8799 0.1066 -0.4630
vn -0.2958 0.3502 -0.8888
vn 0.4201 0.0149 0.9073
vn 0.7035 0.1238 -0.6998
vn 0.5831 -0.0075 -0.8123
vn 0.9215 -0.0447 0.3857
vn -0.8657 -0.0724 0.4952
vn -0.6758 -0.1063 -0.7294
vn -0.8566 0.0293 -0.5152
vn 0.7846 0.2155 -0.5814
vn 0.9179 0.0006 0.3967
vn 0.9315 -0.0352 0.3620
vn -0.2029 -0.1221 0.9716
vn 0.6795 0.4129 -0.6064
vn -0.4655 -0.5603 0.6851
vn 0.7602 -0.0157 0.6495
vn -0.9979 0.0250 -0.0601
vn 0.8965 -0.0751 0.4367
vn -0.6157 -0.0576 0.7859
vn -0.9085 -0.1012 -0.4055
vn 0.9992 0.0399 0.0024
vn -0.1725 -0.1101 0.9788
vn 0.9916 0.0481 0.1198
vn 0.9555 -0.1677 0.2427
vn -0.2574 -0.1432 0.9556
vn -0.9993 0.0041 -0.0373
vn -0.9098 -0.0987 0.4032
vn 0.5091 0.0131 0.8606
vn 0.5674 -0.0157 0.8233
vn -0.4476 0.0324 0.8936
vn 0.4343 0.0341 0.9001
vn 0.8481 0.0613 -0.5263
vn 0.9514 0.0399 0.3054
vn 0.9279 -0.1198 0.3530
vn -0.4001 -0.0862 -0.9124
vn 0.2737 -0.1676 -0.9471
vn -0.9972 -0.0211 -0.0715
vn -0.9672 0.2055 0.1491
vn -0.4760 -0.6625 0.5783
vn 0.4938 -0.0006 0.8696
vn 0.7550 -0.1198 -0.6447
vn 0.5003 0.2796 -0.8195
vn 0.9536 -0.0852 0.2888
vn 0.8676 0.0442 0.4953
vn -0.9815 -0.0616 0.1813
vn -0.9668 -0.2127 -0.1416
vn -0.2012 0.0673 -0.9772
vn 0.7904 0.1708 -0.5883
vn 0.2856 0.8433 -0.4553
vn -0.0634 -0.6654 0.7437
vn 0.6295 0.1543 -0.7615
vn 0.9984 -0.0501 0.0242
vn 0.7961 0.1042 -0.5962
vn -0.8327 -0.0223 0.5533
vn -0.2913 0.8742 -0.3886
vn -0.8742 -0.0575 0.4821
vn 0.9805 -0.0356 0.1931
vn -0.9972 0.0595 -0.0447
vn 0.0485 0.2396 -0.9696
vn -0.9116 -0.2643 0.3149
vn 0.5402 -0.1105 -0.8342
vn -0.1753 0.1872 -0.9666
vn -0.3003 0.0492 -0.9526
vn 0.9895 -0.1073 0.0966
vn -0.5716 -0.0328 0.8199
vn 0.5880 0.2534 -0.7682
vn 0.3815 -0.1223 0.9162
vn 0.9008 -0.0720 0.4283
vn 0.8591 -0.1520 -0.4888
vn -0.3223 -0.1641 -0.9323
vn 0.5136 -0.1958 -0.8354
vn -0.5084 0.2904 -0.8107
vn 0.5494 -0.0738 0.8323
vn -0.2075 0.0024 0.9782
vn -0.5771 -0.6183 0.5335
vn -0.9235 -0.1086 0.3678
vn 0.9221 -0.1405 -0.3605
vn -0.9974 -0.0368 -0.0623
vn -0.4067 0.3110 -0.8590
vn 0.5762 0.2133 -0.7890
vn 0.8750 0.1128 -0.4708
vn 0.5229 0.1925 -0.8304
vn 0.8493 -0.3655 0.3809
vn -0.5942 0.6090 -0.5254
vn 0.4520 -0.0618 0.8899
vn 0.8238 0.5025 -0.2625
vn -0.1624 0.0452 0.9857
vn 0.4158 -0.5233 0.7438
vn -0.0571 -0.7574 0.6505
vn -0.5435 0.0922 0.8343
vn -0.4134 -0.0263 -0.9102
vn 0.5451 -0.1312 -0.8281
vn 0.6363 0.0505 0.7698
vn 0.8761 -0.1240 -0.4659
vn 0.7840 0.0875 -0.6146
vn 0.3993 -0.2039 -0.8939
vn -0.8317 -0.0531 -0.5527
vn -0.9524 -0.0913 0.2908
vn -0.9331 -0.0634 0.3541
vn 0.9942 -0.0221 0.1052
vn -0.8813 -0.0750 0.4666
vn -0.9957 -0.0605 -0.0701
vn 0.4334 -0.0974 -0.8959
vn -0.8397 0.0212 0.5426
vn 0.9959 -0.0562 0.0707
vn -0.0027 -0.2318 -0.9728
vn 0.5510 0.0284 0.8341
vn 0.6739 0.2295 -0.7023
vn 0.9898 -0.0354 0.1382
vn 0.9017 -0.2220 0.3711
vn 0.9317 0.1267 -0.3406
vn -0.5390 0.0095 0.8423
vn -0.1554 -0.1123 0.9815
vn 0.9381 -0.1057 0.3298
vn -0.3887 0.8394 -0.3799
vn 0.5106 0.2894 -0.8096
vn 0.3454 -0.5828 0.7356
vn 0.9780 -0.1915 0.0831
vn -0.4522 0.5418 -0.7085
vn -0.7301 0.1135 -0.6738
vn -0.9310 -0.2540 -0.2623
vn -0.6128 -0.4531 0.6475
vn -0.9296 0.0004 0.3685
vn -0.9440 -0.0933 0.3165
vn -0.9907 0.1360 -0.0035
vn 0.2211 -0.0137 -0.9752
vn 0.6209 0.0332 0.7832
vn 0.4850 0.1604 -0.8597
vn 0.8830 -0.1026 0.4579
vn 0.5121 0.2673 -0.8163
vn 0.1130 -0.0539 -0.9921
vn -0.5448 -0.0731 0.8354
vn -0.8805 -0.1948 0.4323
vn -0.8197 -0.1720 0.5464
vn -0.9140 -0.0560 0.4018
vn 0.9951 0.0203 0.0972
vn -0.1911 0.3327 -0.9235
vn 0.9150 -0.1872 0.3574
vn -0.0050 -0.0641 0.9979
vn -0.4721 -0.1251 0.8726
vn -0.5292 0.0353 0.8477
vn -0.9891 0.1464 0.0160
vn -0.9985 0.0507 -0.0203
vn 0.7458 0.1137 -0.6564
vn 0.1888 -0.1982 -0.9618
vn -0.7611 -0.1048 -0.6401
vn -0.6614 0.2460 -0.7085
vn 0.5526 0.5274 -0.6454
vn 0.9085 -0.0880 -0.4084
vn -0.2645 -0.0908 0.9601
vn -0.9949 -0.0639 -0.0774
vn -0.6368 -0.2655 -0.7239
vn -0.9389 -0.0558 0.3395
vn -0.5142 -0.0787 0.8540
vn -0.8540 -0.1471 -0.4991
vn 0.9990 -0.0304 0.0334
vn -0.8133 0.0236 0.5813
vn 0.2379 0.8820 -0.4068
vn -0.8505 -0.2032 0.4852
vn 0.9668 0.0042 0.2557
vn 0.6439 0.1433 -0.7515
vn 0.3497 -0.1817 -0.9191
vn 0.7305 -0.1249 0.6714
vn 0.9234 -0.0166 0.3834
vn -0.4297 0.1758 -0.8857
vn -0.9781 0.1397 0.1541
vn -0.2682 -0.2498 0.9304
vn -0.1927 -0.1474 0.9701
vn -0.2657 -0.1315 0.9550
vn 0.8370 -0.0910 0.5396
vn 0.9463 -0.0626 0.3170
vn 0.9372 -0.0952 0.3357
vn 0.9065 0.0040 0.4221
vn -0.3971 0.7339 -0.5511
vn 0.0881 -0.1371 -0.9866
vn -0.2880 -0.1424 -0.9470
vn 0.6274 -0.1841 -0.7566
vn -0.9840 -0.1287 -0.1232
vn -0.7721 0.0100 -0.6354
vn -0.8091 -0.0569 0.5849
vn -0.8867 0.0463 0.4600
vn 0.4685 0.0416 0.8825
vn 0.9325 -0.1566 -0.3255
vn 0.4630 -0.6498 0.6028
vn 0.3166 0.1931 -0.9287
vn 0.4652 0.0890 -0.8807
vn 0.3311 -0.1723 -0.9277
vn -0.4672 0.2023 -0.8607
vn -0.3672 0.0175 0.9300
vn -0.9978 -0.0642 -0.0180
vn -0.9936 0.1089 0.0293
vn -0.4910 -0.4173 0.7647
vn -0.9458 0.0198 0.3240
vn -0.8701 0.0296 0.4919
vn -0.4685 0.2679 -0.8418
vn 0.7846 0.1945 -0.5887
vn 0.8950 0.0312 0.4450
vn 0.5763 -0.0143 -0.8171
vn 0.9969 0.0402 0.0670
vn -0.2416 -0.1539 0.9581
vn 0.0786 -0.6312 0.7716
vn 0.7665 0.1207 0.6308
vn -0.7150 -0.0828 0.6942
vn 0.9395 -0.1585 0.3038
vn -0.7355 0.1523 0.6602
vn 0.9839 0.1167 0.1354
vn -0.2751 -0.0096 0.9614
vn 0.9250 0.3521 0.1428
vn -0.3310 0.6988 -0.6341
vn 0.0963 0.8908 -0.4441
vn -0.8720 0.4817 0.0871
vn 0.8389 0.5438 -0.0235
vn 0.1614 0.5081 -0.8461
vn -0.0253 -0.0301 0.9992
vn 0.0249 -0.0924 0.9954
vn 0.8396 0.1934 0.5076
vn -0.7481 0.1002 0.6560
vn 0.9316 -0.1043 0.3483
vn -0.9737 0.2269 -0.0189
vn 0.9767 0.1877 0.1039
vn -0.4162 -0.1573 0.8956
vn 0.8383 0.5312 -0.1225
vn -0.1219 0.4063 -0.9056
vn -0.2338 0.3976 -0.8873
vn -0.9343 0.3137 0.1694
vn 0.7920 0.4836 -0.3726
vn 0.1949 0.3023 -0.9331
vn -0.2175 0.0368 0.9754
vn -0.4048 0.0546 0.9128
vn 0.2816 0.0862 0.9557
vn 0.8788 0.0773 0.4710
vn -0.8305 0.1779 0.5278
vn 0.9698 0.1715 -0.1735
vn -0.8963 0.3463 -0.2768
vn 0.7730 0.3250 -0.5449
vn 0.9626 0.0002 0.2710
vn 0.1224 0.2585 -0.9582
vn -0.3451 0.3676 -0.8636
vn 0.9362 0.2206 -0.2736
vn 0.9263 0.0202 0.3761
vn -0.4175 0.0786 0.9053
vn -0.2080 0.1066 0.9723
vn 0.2084 0.3629 -0.9082
vn -0.1230 0.1086 0.9865
vn 0.2078 0.0333 0.9776
vn -0.7615 0.0660 0.6448
vn 0.9412 0.1347 -0.3099
vn -0.9992 0.0274 -0.0279
vn 0.6983 0.2705 -0.6628
vn 0.8266 0.0838 0.5565
vn 0.1165 0.3216 -0.9397
vn -0.3292 0.3789 -0.8649
vn 0.9840 0.1401 -0.1099
vn 0.0303 0.0671 0.9973
vn -0.7787 -0.2222 -0.5868
vn 0.9397 -0.0916 0.3295
vn 0.1391 -0.2226 -0.9649
vn -0.4748 -0.2121 0.8542
vn 0.4704 -0.0883 0.8780
vn -0.9141 0.0565 0.4015
vn 0.9432 -0.0687 -0.3250
vn -0.9987 -0.0508 0.0054
vn 0.8775 -0.1120 -0.4663
vn 0.9157 -0.1316 0.3797
vn -0.1650 -0.1032 -0.9809
vn -0.4431 -0.2117 -0.8711
vn 0.9617 -0.1504 -0.2293
vn -0.9711 -0.1456 0.1892
vn 0.3566 -0.0199 0.9340
vn -0.3974 -0.2156 0.8919
vn -0.6362 -0.2854 -0.7168
vn 0.9965 -0.0454 -0.0709
vn 0.2100 -0.0386 -0.9769
vn 0.8543 -0.0797 0.5136
vn 0.9866 -0.1500 -0.0642
vn -0.9858 -0.0198 0.1666
vn 0.9072 -0.1839 -0.3783
vn -0.1926 -0.1887 0.9630
vn 0.3074 -0.1890 0.9326
vn -0.1384 -0.2573 -0.9564
vn -0.9465 -0.1087 -0.3037
vn -0.9029 -0.2365 -0.3588
vn 0.6373 0.0130 0.7705
vn -0.1436 -0.1849 0.9722
vn -0.7239 -0.1078 -0.6814
vn -0.3927 -0.0290 -0.9192
vn -0.9963 0.0471 -0.0721
vn -0.9355 -0.0748 -0.3452
vn -0.2196 -0.1646 0.9616
vn 0.8957 0.0107 0.4446
vn 0.3466 -0.4054 -0.8459
vn 0.5849 -0.0060 0.8111
vn 0.9870 -0.1359 -0.0862
vn 0.9952 -0.0896 -0.0396
vn 0.7651 -0.1587 -0.6240
vn -0.1533 -0.1277 -0.9799
vn 0.9567 -0.1650 -0.2400
vn -0.9929 -0.1074 0.0506
vn -0.8017 -0.1663 -0.5741
vn -0.3378 -0.1843 -0.9230
vn 0.1348 0.8301 -0.5411
vn -0.1745 0.0855 0.9809
vn -0.6612 0.0072 -0.7502
vn 0.9856 -0.1686 -0.0120
vn 0.0972 0.1492 -0.9840
vn 0.2633 0.0037 0.9647
vn -0.8855 -0.0537 0.4616
vn 0.9561 -0.1202 -0.2674
vn -0.9863 -0.1404 0.0868
vn 0.7163 -0.0837 -0.6928
vn 0.8893 -0.0178 0.4569
vn 0.1371 0.0206 -0.9903
vn -0.4378 0.0163 -0.8989
vn 0.9924 -0.0464 -0.1137
vn 0.0105 0.0787 0.9968
vn -0.4087 0.0575 0.9109
vn -0.4288 0.1578 0.8895
vn -0.3262 0.7879 -0.5223
vn -0.0346 0.8932 -0.4483
vn 0.6589 0.2064 0.7234
vn -0.5743 -0.1927 0.7956
vn 0.9479 0.0504 0.3145
vn -0.7951 0.3877 0.4663
vn 0.9547 0.2263 0.1930
vn -0.8064 0.2311 -0.5444
vn -0.9592 -0.0875 -0.2690
vn -0.2490 -0.0471 0.9674
vn 0.9411 0.2827 0.1857
vn -0.4283 0.6932 -0.5796
vn -0.3793 0.4370 -0.8156
vn -0.5486 0.3870 -0.7412
vn 0.1993 0.8671 -0.4566
vn -0.8092 0.4923 0.3207
vn 0.8210 0.5577 0.1225
vn 0.1721 0.7105 -0.6823
vn -0.0472 -0.0763 0.9960
vn 0.0287 -0.5118 0.8586
vn -0.3620 -0.2267 0.9042
vn -0.5125 0.3321 -0.7918
vn 0.8847 0.0034 0.4662
vn -0.8226 -0.1906 0.5358
vn 0.8635 -0.1704 0.4748
vn 0.9804 0.1107 0.1629
vn -0.4242 0.3057 -0.8524
vn -0.3676 -0.4498 0.8140
vn 0.9581 0.2863 0.0015
vn -0.1887 0.4186 -0.8884
vn 0.0093 0.3398 -0.9405
vn -0.2144 0.5247 -0.8238
vn 0.0210 0.5239 -0.8515
vn -0.9519 0.2959 -0.0801
vn 0.8589 0.4170 -0.2972
vn 0.1673 0.4130 -0.8952
vn 0.0548 -0.5034 0.8623
vn -0.4498 0.0756 0.8899
vn 0.8464 0.1427 0.5131
vn 0.8048 0.0147 0.5934
vn 0.1160 0.0104 0.9932
vn -0.2811 -0.0447 0.9586
vn -0.2334 -0.1428 0.9618
vn -0.5345 0.3831 -0.7534
vn -0.5301 0.3727 -0.7617
vn 0.9077 0.1150 0.4035
vn -0.7919 0.1154 0.5997
vn 0.9947 0.0936 0.0427
vn -0.8371 0.3462 -0.4235
vn 0.9281 0.2557 -0.2707
vn -0.4235 0.1055 -0.8997
vn -0.3689 0.1496 -0.9173
vn 0.9837 0.1133 0.1398
vn 0.0125 0.2671 -0.9636
vn 0.2401 0.2897 -0.9265
vn 0.1739 0.3189 -0.9317
vn -0.3323 0.3559 -0.8734
vn -0.9258 0.2953 0.2359
vn -0.9206 0.2761 0.2763
vn 0.8551 0.2540 -0.4520
vn 0.8982 0.1352 0.4184
vn -0.3709 0.1029 0.9229
vn -0.2341 0.0277 0.9718
vn 0.1621 0.3537 -0.9212
vn -0.3034 0.1396 0.9426
vn 0.3172 0.1190 0.9409
vn -0.3871 -0.0105 0.9220
vn -0.3369 0.0300 0.9411
vn -0.6053 0.3450 -0.7173
vn -0.5613 0.3865 -0.7318
vn -0.8424 0.0996 0.5296
vn 0.9497 0.2488 -0.1899
vn -0.9884 0.0841 -0.1265
vn 0.6536 0.3817 -0.6536
vn -0.3774 0.2606 -0.8886
vn -0.3897 0.2368 -0.8900
vn 0.9053 0.0549 0.4211
vn 0.0320 0.4095 -0.9118
vn 0.5742 0.2903 -0.7655
vn 0.4020 0.3510 -0.8457
vn -0.2976 0.3972 -0.8681
vn -0.9644 0.1767 0.1966
vn -0.9959 0.0720 0.0548
vn 0.9657 0.1497 -0.2123
vn -0.1240 0.0895 0.9882
vn -0.7743 -0.0963 -0.6254
vn 0.9833 -0.1252 0.1325
vn 0.1545 0.0146 -0.9879
vn -0.5558 -0.1509 0.8175
vn 0.2935 0.0046 0.9559
vn -0.5940 0.0384 0.8035
vn -0.5720 0.0434 0.8191
vn -0.9327 0.0114 0.3606
vn 0.9431 -0.1179 -0.3111
vn -0.9920 -0.1071 0.0665
vn 0.7769 -0.1148 -0.6191
vn -0.4987 0.0325 -0.8662
vn -0.3690 -0.0994 -0.9241
vn 0.8712 0.0180 0.4907
vn 0.0799 -0.0585 -0.9951
vn 0.4531 -0.1016 -0.8857
vn 0.4156 -0.0712 -0.9067
vn -0.3906 -0.0166 -0.9204
vn -0.9815 -0.1858 -0.0461
vn -0.9904 -0.1374 0.0137
vn 0.9771 -0.1249 -0.1724
vn -0.9659 -0.0427 0.2555
vn 0.2220 0.1311 0.9662
vn -0.4720 -0.1566 0.8676
vn -0.5543 -0.3623 -0.7494
vn 0.9958 -0.0771 -0.0486
vn 0.1705 -0.0771 -0.9823
vn 0.7567 -0.1007 0.6459
vn -0.9549 -0.2258 0.1927
vn -0.9581 -0.1162 0.2617
vn 0.9758 -0.1551 -0.1540
vn -0.9413 -0.0696 -0.3303
vn 0.8636 -0.1674 -0.4756
vn 0.6683 -0.0341 -0.7431
vn 0.1565 -0.1232 -0.9800
vn -0.1391 -0.1616 0.9770
vn 0.6644 -0.0838 0.7427
vn -0.0930 -0.1180 -0.9886
vn 0.9418 -0.1237 -0.3126
vn 0.9064 -0.0998 -0.4104
vn -0.4956 -0.3531 -0.7935
vn -0.9618 -0.1774 -0.2083
vn 0.9516 -0.0962 -0.2919
vn -0.2293 -0.2527 0.9400
vn -0.9914 -0.1270 -0.0309
vn -0.9703 -0.1729 -0.1689
vn -0.7138 -0.1645 -0.6807
vn -0.9097 -0.1901 0.3691
vn -0.8009 -0.1198 0.5867
vn -0.4691 -0.2072 -0.8585
vn -0.9482 -0.1308 0.2895
vn -0.9987 -0.0423 0.0295
vn 0.1148 -0.1926 0.9745
vn 0.9479 -0.1402 0.2859
vn 0.3615 -0.2928 -0.8852
vn 0.5568 -0.1165 0.8224
vn 0.9593 -0.1791 -0.2182
vn 0.9737 -0.0867 0.2109
vn -0.4702 0.0320 -0.8820
vn -0.5574 0.1566 -0.8153
vn 0.6690 -0.1350 -0.7309
vn 0.6420 -0.0075 -0.7666
vn 0.8268 -0.0546 -0.5598
vn -0.1719 0.0590 -0.9833
vn 0.9434 -0.1376 -0.3016
vn -0.9920 -0.1181 -0.0446
vn -0.8307 -0.0849 -0.5502
vn -0.9655 -0.0951 0.2422
vn -0.9600 -0.1008 0.2613
vn -0.2120 -0.0789 -0.9741
vn 0.0678 0.8917 -0.4476
vn -0.2217 0.0448 0.9741
vn -0.5961 0.1683 -0.7851
vn 0.9737 -0.0747 0.2154
vn 0.1675 0.2533 -0.9528
vn 0.2140 -0.0218 0.9766
vn -0.6405 -0.1102 0.7600
vn -0.5422 -0.1350 0.8294
vn -0.7554 -0.0739 0.6511
vn 0.9219 -0.0388 -0.3856
vn -0.9971 -0.0733 -0.0206
vn 0.7652 0.1120 -0.6339
vn -0.2154 0.0912 -0.9723
vn -0.2962 0.1916 -0.9357
vn 0.8326 0.0375 0.5527
vn 0.1583 0.1934 -0.9683
vn 0.4504 0.0100 -0.8928
vn 0.5615 0.0898 -0.8226
vn -0.4689 0.2384 -0.8505
vn -0.9894 -0.0992 0.1056
vn -0.9842 -0.1715 0.0450
vn 0.9994 -0.0185 -0.0306
vn 0.0754 0.0645 0.9951
vn 0.1809 0.0683 0.9811
vn -0.0235 -0.0394 0.9989
vn -0.2910 0.0672 0.9544
vn -0.0569 0.0352 0.9978
vn 0.4281 -0.0557 0.9020
vn 0.0489 -0.2145 0.9755
vn 0.3983 -0.0604 0.9153
vn 0.2830 0.0580 0.9574
vn 0.3578 -0.0097 0.9337
vn 0.2668 -0.4718 0.8404
vn -0.2625 0.0846 0.9612
vn -0.1457 0.0977 0.9845
vn 0.3288 0.1104 0.9379
vn 0.1861 -0.1395 0.9726
vn 0.5225 -0.1182 0.8444
vn 0.0860 -0.0101 0.9962
vn 0.0310 -0.1619 0.9863
vn 0.0337 -0.5573 0.8297
vn 0.2096 0.0548 0.9763
vn 0.1437 -0.0177 0.9895
vn 0.2377 0.0268 0.9710
vn 0.1396 0.1165 0.9833
vn 0.4530 -0.1085 0.8849
vn 0.2609 -0.0102 0.9653
vn 0.8065 -0.1093 0.5811
vn 0.8586 -0.1019 0.5024
vn -0.1314 -0.3163 0.9395
vn -0.2185 -0.3483 0.9116
vn 0.8358 -0.0326 0.5480
vn 0.6397 -0.1747 0.7485
vn 0.2658 -0.0067 0.9640
vn 0.3531 -0.0254 0.9353
vn 0.7812 0.1075 0.6150
vn 0.8487 0.3277 0.4151
vn 0.8827 0.0550 0.4666
vn 0.9034 -0.1492 0.4019
vn 0.9751 -0.0707 0.2101
vn 0.9376 -0.0729 0.3401
vn 0.8813 -0.0501 0.4700
vn 0.7383 0.0876 0.6688
vn 0.8736 -0.0686 0.4818
vn 0.8834 0.1675 0.4377
vn 0.8966 -0.1124 0.4283
vn 0.9454 -0.0976 0.3109
vn 0.8882 -0.1738 0.4253
vn 0.9000 0.0647 0.4310
vn 0.5520 0.0068 0.8338
vn 0.7177 0.0203 0.6960
vn 0.7314 0.0480 0.6802
vn 0.8543 -0.1704 0.4910
vn 0.9900 -0.0871 0.1107
vn 0.6795 0.0515 0.7318
vn 0.8214 -0.0507 0.5681
vn 0.7832 -0.1084 0.6123
vn 0.7372 -0.1705 0.6538
vn 0.6168 0.0034 0.7871
vn 0.7409 0.1418 0.6565
vn 0.7856 -0.0692 0.6148
vn 0.9573 -0.1012 0.2707
vn 0.7348 0.1025 0.6705
vn 0.8277 -0.1275 0.5465
vn 0.7645 -0.0663 0.6412
vn -0.2091 -0.0145 0.9778
vn -0.1937 -0.0716 0.9784
vn -0.2223 -0.0365 0.9743
vn -0.2867 -0.4749 0.8320
vn -0.3127 0.1071 0.9438
vn -0.2937 0.0377 0.9552
vn -0.3862 -0.2087 0.8985
vn -0.3771 -0.1809 0.9083
vn -0.3598 0.1232 0.9248
vn -0.3395 0.1597 0.9270
vn -0.4263 0.1633 0.8897
vn -0.5100 0.1269 0.8507
vn -0.4204 -0.0366 0.9066
vn -0.5480 -0.2007 0.8121
vn -0.4262 0.0241 0.9043
vn -0.4062 0.0171 0.9136
vn -0.5280 0.0406 0.8483
vn -0.3194 -0.0691 0.9451
vn -0.5922 -0.0524 0.8041
vn -0.7537 -0.2540 0.6061
vn -0.6775 0.1743 0.7146
vn -0.5892 0.0510 0.8064
vn -0.7305 0.0539 0.6808
vn -0.7050 0.0993 0.7023
vn -0.8419 0.1237 0.5253
vn -0.8868 0.0616 0.4581
vn -0.9596 -0.1671 0.2266
vn -0.8918 -0.0334 0.4511
vn -0.5643 -0.1384 0.8139
vn -0.9522 -0.1281 0.2773
vn -0.8398 -0.0532 0.5402
vn -0.7836 0.0396 0.6200
vn -0.7346 -0.0190 0.6782
vn -0.8886 0.1093 0.4455
vn -0.8529 0.1942 0.4846
vn -0.8809 0.0068 0.4733
vn -0.9827 -0.0161 0.1847
vn -0.9811 -0.1330 0.1403
vn -0.9005 -0.0073 0.4347
vn -0.9028 -0.0848 0.4216
vn -0.7838 0.0826 0.6155
vn -0.8584 -0.1686 0.4844
vn -0.8874 0.2147 0.4080
vn -0.8837 0.1121 0.4545
vn -0.9473 -0.0908 0.3073
vn -0.9950 -0.0259 0.0966
vn -0.9306 -0.1239 0.3444
vn -0.8602 -0.0684 0.5053
vn -0.7055 0.3165 0.6341
vn -0.5186 0.2139 0.8278
vn -0.8262 0.0462 0.5615
vn -0.9642 0.0212 0.2644
vn -0.9683 -0.2444 -0.0513
vn -0.9831 -0.0760 -0.1666
vn -0.9893 -0.1418 -0.0336
vn -0.9727 -0.1129 0.2029
vn -0.8118 0.1346 0.5682
vn -0.7932 -0.0194 0.6087
vn -0.8856 -0.0364 0.4631
vn -0.9588 -0.1997 0.2020
vn -0.8381 -0.1799 0.5149
vn -0.7659 0.1402 0.6275
vn -0.8018 0.1202 0.5853
vn -0.8615 -0.0253 0.5071
vn -0.9441 -0.1442 0.2965
vn -0.7748 -0.1214 0.6205
vn -0.8148 0.5574 0.1594
vn -0.9497 0.3014 0.0855
vn -0.9061 -0.2467 -0.3437
vn -0.9661 -0.1645 -0.1991
vn -0.6961 0.5818 0.4207
vn -0.9565 0.2713 -0.1075
vn -0.9945 -0.0833 -0.0634
vn -0.9579 -0.0948 -0.2708
vn -0.9428 0.3185 0.0983
vn -0.9313 0.3556 0.0786
vn -0.9590 0.1600 0.2340
vn -0.9912 0.0635 0.1162
vn -0.9858 -0.1675 0.0112
vn -0.9902 -0.1137 0.0814
vn -0.9774 -0.1840 -0.1043
vn -0.9622 -0.1837 -0.2013
vn -0.9885 -0.1048 0.1095
vn -0.9811 -0.1888 0.0416
vn -0.8331 0.5448 -0.0957
vn -0.7201 0.4092 -0.5604
vn -0.6757 0.4349 -0.5952
vn -0.7633 0.2506 -0.5954
vn -0.8311 -0.2329 -0.5050
vn -0.8672 -0.0954 -0.4888
vn -0.8002 0.5818 0.1458
vn -0.8123 0.4037 -0.4208
vn -0.7034 0.3963 -0.5901
vn -0.6968 0.3521 -0.6248
vn -0.8107 -0.1456 -0.5671
vn -0.8701 0.0158 -0.4927
vn -0.8686 -0.1421 -0.4747
vn -0.8522 -0.1443 -0.5028
vn -0.8756 -0.1657 -0.4538
vn -0.8811 -0.0996 -0.4624
vn -0.7938 -0.2601 -0.5498
vn -0.8118 -0.2765 -0.5143
vn -0.8449 -0.1081 -0.5239
vn -0.7737 -0.1773 -0.6083
vn -0.7887 -0.2387 -0.5666
vn -0.7931 -0.1855 -0.5801
vn -0.7890 -0.0931 -0.6073
vn -0.7598 -0.3124 -0.5701
vn -0.6591 0.7406 -0.1305
vn -0.6201 0.6913 -0.3709
vn -0.6120 0.4515 -0.6493
vn -0.4623 0.3715 -0.8052
vn -0.3367 0.3679 -0.8668
vn -0.3096 0.3381 -0.8888
vn -0.3321 0.3697 -0.8677
vn -0.4572 0.3141 -0.8321
vn -0.8299 -0.1250 -0.5437
vn -0.7957 -0.2040 -0.5703
vn -0.6751 0.1566 -0.7209
vn -0.7933 -0.0561 -0.6063
vn -0.6329 0.7625 -0.1346
vn -0.8706 0.2320 -0.4339
vn -0.8284 0.2972 -0.4749
vn -0.6842 0.3314 -0.6497
vn -0.9164 -0.1487 -0.3716
vn 0.0958 -0.3781 -0.9208
vn -0.6762 -0.0370 -0.7358
vn -0.7911 0.0199 -0.6113
vn -0.6309 0.7759 -0.0061
vn -0.7591 0.4704 -0.4501
vn -0.8681 0.2459 -0.4312
vn -0.7186 0.3488 -0.6016
vn -0.8897 -0.0176 -0.4562
vn -0.5653 -0.1989 -0.8006
vn -0.8694 -0.0208 -0.4936
vn -0.7382 0.2201 -0.6377
vn -0.0703 0.5238 -0.8489
vn 0.0441 0.6892 -0.7232
vn -0.1581 0.3936 -0.9056
vn -0.1690 0.3591 -0.9179
vn -0.1516 0.3556 -0.9223
vn -0.0925 0.3791 -0.9207
vn -0.2824 -0.1871 -0.9409
vn -0.2463 0.0032 -0.9692
vn -0.2128 -0.0055 -0.9771
vn -0.2579 -0.1241 -0.9582
vn -0.1287 -0.4240 -0.8965
vn -0.1276 -0.2512 -0.9595
vn 0.0803 0.9171 -0.3906
vn -0.0551 0.9355 -0.3490
vn -0.2401 0.1125 -0.9642
vn -0.2367 0.3452 -0.9082
vn 0.3040 0.4824 -0.8215
vn 0.1668 0.3720 -0.9131
vn 0.2040 0.3201 -0.9251
vn 0.2226 -0.2245 -0.9487
vn 0.2054 -0.0298 -0.9782
vn 0.3090 -0.4185 -0.8540
vn 0.1774 0.8387 -0.5148
vn 0.1255 0.1211 -0.9847
vn 0.1973 0.7082 -0.6779
vn 0.1924 0.3935 -0.8990
vn 0.2978 0.3650 -0.8821
vn 0.1965 0.0080 -0.9805
vn 0.2978 -0.0935 -0.9500
vn 0.2754 -0.2779 -0.9203
vn 0.0903 0.9134 -0.3970
vn 0.0668 0.3027 -0.9507
vn 0.0755 0.8866 -0.4563
vn 0.7690 0.2937 -0.5678
vn 0.8500 0.1955 -0.4892
vn 0.6533 0.2528 -0.7136
vn 0.6916 -0.1476 -0.7070
vn 0.6959 -0.3297 -0.6380
vn 0.8016 -0.1156 -0.5865
vn 0.7154 -0.0200 -0.6984
vn 0.3241 0.9060 -0.2721
vn 0.5323 0.5942 -0.6030
vn 0.8391 0.2538 -0.4812
vn 0.7745 0.3137 -0.5493
vn 0.7631 -0.0664 -0.6428
vn 0.8038 -0.2567 -0.5367
vn 0.6876 -0.0979 -0.7195
vn 0.6446 0.1712 -0.7451
vn -0.4951 0.6571 -0.5684
vn -0.5018 0.6396 -0.5823
vn -0.0983 0.4661 -0.8792
vn -0.2675 0.4243 -0.8651
vn 0.0781 0.2975 -0.9515
vn 0.0778 0.2658 -0.9609
vn 0.1827 0.3857 -0.9044
vn 0.0769 0.3710 -0.9254
vn 0.0135 -0.1505 -0.9885
vn 0.0361 -0.0519 -0.9980
vn -0.6538 -0.1467 -0.7423
vn -0.4335 -0.1129 -0.8940
vn -0.5339 -0.0639 -0.8431
vn -0.2894 -0.0037 -0.9572
vn 0.1691 -0.0107 -0.9855
vn 0.2618 0.1332 -0.9559
vn 0.8812 0.3911 0.2653
vn 0.7831 0.4835 0.3911
vn 0.9415 0.3127 -0.1254
vn 0.9599 0.2793 -0.0246
vn 0.9292 0.2864 -0.2335
vn 0.9205 0.3012 -0.2488
vn 0.9829 0.1185 -0.1409
vn 0.9768 0.2104 -0.0391
vn 0.9728 -0.1451 -0.1805
vn 0.9742 -0.0941 -0.2051
vn 0.9679 -0.0624 -0.2433
vn 0.9670 -0.1255 -0.2218
vn 0.9803 -0.1367 -0.1425
vn 0.9822 -0.0985 -0.1599
vn 0.9610 -0.0711 -0.2674
vn 0.9639 0.0354 -0.2639
vn 0.8679 0.4902 0.0805
vn 0.8638 0.4552 0.2158
vn 0.7561 0.4621 -0.4634
vn 0.8784 0.3797 -0.2902
vn 0.8793 0.2559 -0.4016
vn 0.7424 0.2890 -0.6045
vn 0.9718 0.1794 -0.1527
vn 0.9711 0.1653 -0.1722
vn 0.9431 -0.1083 -0.3143
vn 0.9466 -0.1511 -0.2848
vn 0.9706 -0.1178 -0.2101
vn 0.9913 -0.1213 -0.0512
vn 0.9824 -0.1520 -0.1085
vn 0.9507 -0.2264 -0.2120
vn 0.9765 -0.0424 -0.2112
vn 0.9627 0.0694 -0.2614
vn 0.8755 -0.4102 -0.2554
vn 0.9566 0.0281 0.2899
vn 0.9567 -0.0113 0.2908
vn 0.5123 0.8567 0.0594
vn 0.9213 0.0266 0.3880
vn 0.9881 0.0477 0.1460
vn 0.9862 0.1111 -0.1227
vn 0.8690 0.4886 0.0775
vn 0.5623 -0.1734 -0.8085
vn 0.9843 0.0356 0.1731
vn 0.8083 0.5319 0.2525
vn 0.5124 0.7992 0.3142
vn 0.9680 0.0719 0.2406
vn 0.3010 -0.0184 -0.9534
vn 0.9892 0.0087 -0.1466
vn 0.9260 -0.0031 0.3775
vn 0.3779 0.8753 -0.3016
vn 0.2712 0.7953 -0.5422
vn 0.9734 -0.0161 0.2284
vn 0.6974 -0.0007 -0.7167
vn 0.9979 0.0040 0.0643
vn 0.9642 0.0458 0.2613
vn 0.5224 0.8285 0.2018
vn 0.6079 0.4376 -0.6625
vn 0.2909 -0.0413 -0.9559
vn 0.3658 0.0383 -0.9299
vn 0.9289 -0.0223 -0.3697
vn 0.4364 0.6381 0.6343
vn 0.2877 0.5618 0.7757
vn 0.7746 0.5435 -0.3235
vn 0.9185 0.0106 -0.3952
vn 0.7247 -0.0054 -0.6891
vn 0.7127 0.0227 -0.7011
vn 0.5603 -0.5583 -0.6118
vn 0.9823 0.0753 0.1716
vn 0.8634 0.5046 0.0016
vn 0.2052 0.6245 -0.7536
vn 0.9966 -0.0345 -0.0754
vn 0.9449 0.0243 -0.3266
vn 0.6727 0.4343 0.5990
vn 0.4225 -0.3885 -0.8188
vn 0.6906 -0.5311 -0.4908
vn 0.8881 0.4590 -0.0257
vn 0.4721 0.8759 -0.0991
vn 0.8104 -0.3034 -0.5013
vn 0.9991 0.0410 -0.0050
vn 0.3963 0.1507 -0.9057
vn 0.4064 0.2930 -0.8654
vn 0.2699 -0.0842 -0.9592
vn 0.9990 0.0370 0.0249
vn 0.8781 -0.1336 0.4594
vn 0.5757 0.4582 0.6773
vn 0.9740 0.0906 0.2075
vn 0.1640 0.8365 -0.5229
vn 0.0845 0.7011 -0.7080
vn 0.2698 0.9076 -0.3216
vn 0.3756 0.8914 0.2535
vn 0.3473 0.9313 -0.1102
vn 0.3759 0.9243 0.0662
vn 0.2727 0.6801 0.6805
vn 0.3315 0.8664 0.3735
vn 0.1538 0.5710 0.8064
vn 0.3443 -0.4450 -0.8267
vn 0.6293 -0.2251 -0.7438
vn 0.0898 -0.1885 -0.9780
vn 0.5572 -0.3677 -0.7445
vn 0.2614 -0.4324 -0.8630
vn 0.4221 -0.1367 -0.8962
vn 0.1124 -0.1989 -0.9735
vn 0.4172 -0.3466 -0.8402
vn 0.0196 0.8490 -0.5280
vn -0.0223 0.7212 -0.6924
vn 0.0732 0.9357 -0.3452
vn 0.0950 0.9489 0.3008
vn 0.0845 0.9933 -0.0785
vn 0.0780 0.9943 0.0730
vn 0.0587 0.7286 0.6824
vn 0.0520 0.8898 0.4534
vn 0.1070 0.5671 0.8167
vn 0.0656 -0.4190 -0.9056
vn 0.1803 -0.2206 -0.9586
vn -0.0088 -0.2054 -0.9786
vn 0.1388 -0.3442 -0.9286
vn -0.8453 -0.4296 -0.3177
vn -0.9539 0.0085 0.3000
vn -0.9292 -0.0793 0.3611
vn -0.5096 0.8597 0.0349
vn -0.9426 0.0884 0.3220
vn -0.9979 0.0620 0.0201
vn -0.9867 0.1360 -0.0895
vn -0.8453 0.4674 0.2588
vn -0.5361 -0.1691 -0.8270
vn -0.9633 0.1108 0.2444
vn -0.7923 0.5278 0.3061
vn -0.4265 0.8503 0.3085
vn -0.9615 0.0476 0.2707
vn -0.3354 -0.0286 -0.9416
vn -0.9982 -0.0409 -0.0446
vn -0.9392 0.2508 -0.2344
vn -0.3962 0.8674 -0.3011
vn -0.2797 0.7729 -0.5696
vn -0.9518 0.0519 0.3024
vn -0.6883 0.0216 -0.7251
vn -0.9969 -0.0132 0.0770
vn -0.9418 0.0386 0.3339
vn -0.4745 0.8695 0.1373
vn -0.5551 0.4665 -0.6886
vn -0.3250 -0.0558 -0.9441
vn -0.4059 0.0319 -0.9134
vn -0.9333 0.0074 -0.3589
vn -0.3843 0.6980 0.6042
vn -0.3043 0.4589 0.8348
vn -0.7594 0.5447 -0.3557
vn -0.9209 -0.0014 -0.3898
vn -0.7385 0.0692 -0.6707
vn -0.7241 0.0362 -0.6888
vn -0.5512 -0.5443 -0.6323
vn -0.9804 -0.1021 0.1687
vn -0.8556 0.5168 -0.0298
vn -0.2464 0.6286 -0.7377
vn -0.9920 -0.1253 -0.0174
vn -0.9415 0.0667 -0.3304
vn -0.7022 0.5405 0.4635
vn -0.4122 -0.3528 -0.8400
vn -0.6700 -0.5289 -0.5210
vn -0.8792 0.4683 -0.0881
vn -0.4999 0.8621 -0.0830
vn -0.7829 -0.3329 -0.5256
vn -0.9827 0.1133 0.1462
vn -0.4426 0.1417 -0.8854
vn -0.4091 0.3528 -0.8415
vn -0.3045 -0.0903 -0.9482
vn -0.9862 -0.1614 -0.0369
vn -0.9774 -0.0924 0.1902
vn -0.6009 0.5244 0.6033
vn -0.9782 0.1736 0.1140
vn -0.2266 0.7964 -0.5607
vn -0.1595 0.6951 -0.7010
vn -0.3683 0.8642 -0.3429
vn -0.4917 0.8482 0.1972
vn -0.4673 0.8792 -0.0929
vn -0.4943 0.8677 0.0523
vn -0.3416 0.6832 0.6454
vn -0.4365 0.8120 0.3873
vn -0.1632 0.4587 0.8735
vn -0.3062 -0.4269 -0.8509
vn -0.6096 -0.2273 -0.7594
vn -0.1290 -0.1907 -0.9731
vn -0.5373 -0.3830 -0.7515
vn -0.2708 -0.4151 -0.8685
vn -0.4248 -0.1401 -0.8944
vn -0.1626 -0.2000 -0.9662
vn -0.4193 -0.3446 -0.8399
vn -0.0549 0.8354 -0.5468
vn -0.0723 0.7186 -0.6917
vn -0.0518 0.9309 -0.3615
vn -0.0492 0.9540 0.2956
vn -0.0582 0.9949 -0.0821
vn -0.0585 0.9958 0.0703
vn -0.0278 0.7382 0.6740
vn -0.0165 0.8793 0.4760
vn -0.0392 0.5990 0.7998
vn -0.1280 -0.4111 -0.9026
vn -0.2765 -0.0301 -0.9606
vn -0.0790 -0.2055 -0.9755
vn -0.1658 -0.3406 -0.9255
vn 0.8627 0.0439 0.5038
vn 0.9593 0.0655 0.2747
vn 0.3222 0.5622 0.7617
vn 0.9780 0.0461 0.2034
vn 0.5204 0.5333 0.6669
vn 0.2200 0.5472 0.8076
vn 0.1232 0.5126 0.8497
vn -0.8781 0.0991 0.4680
vn -0.4791 -0.3605 0.8003
vn -0.3516 0.5522 0.7560
vn -0.7523 -0.2692 0.6013
vn -0.4883 0.3950 0.7782
vn -0.2379 0.5697 0.7867
vn -0.0522 0.4717 0.8802
vn -0.8698 -0.0533 -0.4905
vn 0.7981 0.4389 -0.4128
vn 0.8795 -0.3627 -0.3080
vn -0.6974 0.6654 -0.2663
vn -0.2543 0.8778 -0.4060
vn -0.9061 0.0839 -0.4146
vn 0.9914 -0.0374 -0.1255
vn 0.2699 0.8374 -0.4753
vn 0.1325 -0.9797 0.1504
vn -0.0260 -0.9815 0.1894
vn 0.7431 -0.3559 -0.5667
vn -0.7440 -0.3646 -0.5600
vn -0.6983 -0.6480 -0.3040
vn 0.6344 -0.7553 -0.1644
vn -0.3174 -0.9440 0.0903
vn -0.9845 -0.0104 -0.1750
vn 0.9405 0.2635 -0.2147
vn 0.3792 -0.9252 0.0113
vn 0.6953 -0.5104 -0.5061
vn -0.7155 -0.4076 -0.5674
vn -0.0559 0.8924 -0.4477
vn 0.6721 -0.6115 -0.4176
vn 0.0125 0.8881 -0.4595
vn -0.6622 -0.5474 -0.5117
vn -0.6836 0.0510 -0.7281
vn 0.6640 0.4780 -0.5749
vn 0.6116 -0.0875 -0.7863
vn -0.6140 0.6464 -0.4531
vn -0.2929 0.8768 -0.3814
vn -0.7111 0.2173 -0.6687
vn 0.6756 0.1725 -0.7169
vn 0.2325 0.8797 -0.4148
vn -0.0155 -0.1962 -0.9804
vn -0.0543 -0.2006 -0.9782
vn 0.4994 -0.1464 -0.8539
vn -0.5308 -0.2051 -0.8223
vn -0.2941 -0.2007 -0.9345
vn 0.2134 -0.1814 -0.9600
vn -0.1718 -0.1950 -0.9656
vn -0.7522 0.2819 -0.5956
vn 0.7032 0.2197 -0.6762
vn 0.1197 -0.1827 -0.9759
vn 0.4932 -0.2615 -0.8297
vn -0.5140 -0.2709 -0.8139
vn -0.0847 0.9296 -0.3588
vn 0.3986 -0.1416 -0.9061
vn 0.0064 0.9302 -0.3670
vn -0.4494 -0.1978 -0.8711
vn -0.5744 -0.2894 0.7657
vn 0.3367 -0.1470 0.9301
vn -0.8932 -0.0129 -0.4495
vn 0.5684 0.5612 -0.6017
vn -0.9880 0.0940 -0.1230
vn 0.9587 -0.1624 -0.2334
vn 0.6766 -0.3462 0.6499
vn -0.9468 -0.1978 0.2539
vn -0.0296 -0.2180 0.9755
vn 0.9275 -0.1952 0.3189
vn -0.7233 0.3258 -0.6088
vn -0.1293 -0.2620 0.9564
vn 0.2427 0.7689 -0.5914
vn -0.3222 0.7417 -0.5883
vn 0.5094 -0.2196 0.8320
vn -0.9794 -0.1957 0.0503
vn 0.8964 0.1463 -0.4184
vn 0.9911 -0.1296 0.0303
vn -0.7784 -0.2968 0.5531
vn 0.9355 -0.2594 0.2399
vn -0.9511 -0.1370 0.2769
vn -0.0626 0.8195 -0.5696
vn 0.6756 0.4445 -0.5882
vn -0.0463 -0.1916 0.9804
vn 0.9484 0.0929 0.3031
vn 0.9033 0.2584 0.3424
vn 0.9888 0.1396 -0.0530
vn 0.9264 0.1898 0.3252
vn 0.9629 0.1004 0.2505
vn 0.6707 0.2127 -0.7105
vn 0.9453 0.1303 -0.2989
vn 0.9782 0.1926 -0.0775
vn 0.3975 0.2451 -0.8842
vn 0.7026 0.0404 0.7104
vn 0.9691 0.2196 -0.1122
vn 0.6858 0.1782 -0.7056
vn 0.9376 -0.1710 -0.3027
vn 0.9561 0.2638 0.1277
vn 0.9637 0.0455 0.2630
vn 0.6093 0.3913 -0.6897
vn 0.8662 0.3980 -0.3023
vn 0.9335 0.3583 0.0180
vn 0.8730 0.0245 0.4870
vn 0.9311 0.3599 -0.0597
vn 0.3951 0.3189 -0.8615
vn 0.7844 0.3943 0.4788
vn 0.6061 0.2782 0.7452
vn 0.8978 0.2871 -0.3340
vn 0.7341 0.2474 -0.6324
vn 0.7543 0.3303 -0.5673
vn 0.5952 0.8014 0.0593
vn 0.5794 0.7631 0.2865
vn 0.4794 0.8261 -0.2962
vn 0.3674 0.7316 -0.5742
vn 0.6014 0.7814 0.1664
vn 0.5401 0.5859 0.6042
vn 0.4610 0.4757 0.7491
vn 0.2377 0.5419 -0.8062
vn 0.5608 0.8245 -0.0752
vn 0.5498 0.4313 0.7153
vn 0.6830 0.5756 -0.4498
vn 0.5846 0.6354 -0.5045
vn 0.5750 0.5313 -0.6222
vn -0.5865 0.8098 -0.0135
vn -0.7778 0.5478 0.3082
vn -0.4669 0.8311 -0.3022
vn -0.3533 0.7095 -0.6097
vn -0.6619 0.7286 0.1760
vn -0.6967 0.4627 0.5481
vn -0.3583 0.4924 0.7932
vn -0.2846 0.5472 -0.7871
vn -0.5881 0.8072 -0.0501
vn -0.5262 0.4781 0.7032
vn -0.8907 0.4163 -0.1827
vn -0.6828 0.5055 -0.5275
vn -0.7405 0.1156 -0.6620
vn -0.9327 0.2708 0.2381
vn -0.9203 0.2468 0.3035
vn -0.6085 0.3557 -0.7093
vn -0.8610 0.3965 -0.3186
vn -0.9104 0.4136 -0.0110
vn -0.8849 0.2401 0.3991
vn -0.9449 0.3253 -0.0365
vn -0.4257 0.3064 -0.8514
vn -0.7941 0.3143 0.5202
vn -0.6363 0.2715 0.7221
vn -0.9486 -0.0662 -0.3096
vn -0.7257 0.2479 -0.6418
vn -0.9834 -0.1708 -0.0611
vn -0.9398 0.1092 0.3239
vn -0.8993 0.1814 0.3979
vn -0.9797 0.1886 -0.0683
vn -0.9337 0.1478 0.3261
vn -0.9630 0.1024 0.2495
vn -0.6798 0.1675 -0.7140
vn -0.9404 0.1458 -0.3072
vn -0.9836 0.1645 0.0743
vn -0.4419 0.2246 -0.8685
vn -0.7862 0.1509 0.5992
vn -0.8843 0.1435 -0.4444
vn -0.7119 0.1737 -0.6805
vn -0.9964 0.0032 -0.0851
vn -0.9495 0.0181 0.3134
vn -0.9957 -0.0206 -0.0907
vn -0.9116 0.3884 -0.1348
vn -0.9893 -0.0415 0.1397
vn -0.9577 0.0870 0.2744
vn -0.4411 0.1008 -0.8918
vn -0.9318 -0.0243 -0.3621
vn -0.7433 0.0219 -0.6686
vn -0.9533 0.0377 0.2996
vn -0.7048 0.0919 0.7034
vn -0.8210 -0.2115 -0.5302
vn -0.5992 -0.1482 -0.7867
vn -0.9990 -0.0290 0.0337
vn -0.9526 -0.2618 -0.1551
vn -0.5941 -0.1045 -0.7976
vn -0.3293 -0.0267 -0.9439
vn -0.8616 -0.2031 -0.4652
vn -0.7130 -0.4353 -0.5496
vn -0.5214 -0.1731 -0.8355
vn -0.9200 -0.1615 0.3570
vn -0.6227 -0.5077 -0.5953
vn -0.4226 -0.3073 -0.8526
vn -0.7579 -0.5123 -0.4040
vn -0.3235 -0.0559 -0.9446
vn -0.6706 -0.6070 -0.4264
vn -0.4208 -0.1702 -0.8910
vn -0.6903 -0.2988 0.6589
vn -0.3179 -0.4240 -0.8480
vn -0.6212 -0.4313 -0.6542
vn -0.1629 -0.1646 -0.9728
vn -0.5206 -0.5179 -0.6788
vn -0.6473 -0.7507 -0.1322
vn -0.2508 -0.1997 -0.9472
vn -0.4450 -0.2358 0.8639
vn 0.3298 -0.4615 -0.8236
vn 0.6337 -0.4411 -0.6355
vn 0.1238 -0.1620 -0.9790
vn 0.5189 -0.5315 -0.6695
vn 0.7108 -0.6304 -0.3120
vn 0.2628 -0.1773 -0.9484
vn 0.5296 -0.3633 0.7665
vn 0.6356 -0.5234 -0.5675
vn 0.4288 -0.3439 -0.8354
vn 0.7775 -0.5171 -0.3578
vn 0.2877 -0.0487 -0.9565
vn 0.6684 -0.5426 -0.5087
vn 0.4267 -0.1706 -0.8882
vn 0.7870 -0.3376 0.5164
vn 0.9733 -0.1939 -0.1227
vn 0.6230 -0.0979 -0.7760
vn 0.2953 -0.0123 -0.9553
vn 0.8770 -0.1613 -0.4527
vn 0.7002 -0.4169 -0.5796
vn 0.5112 -0.1814 -0.8401
vn 0.9506 -0.1768 0.2550
vn 0.9151 -0.3586 -0.1842
vn 0.9866 0.1409 -0.0827
vn 0.9954 -0.0149 -0.0945
vn 0.8813 0.4707 -0.0427
vn 0.9924 -0.0534 -0.1108
vn 0.7838 -0.5405 -0.3057
vn 0.4626 0.8848 -0.0551
vn 0.3543 0.9317 -0.0796
vn 0.6765 -0.1988 -0.7091
vn 0.5341 -0.2196 -0.8164
vn 0.0631 0.9940 -0.0891
vn 0.1173 -0.1664 -0.9791
vn -0.9076 -0.3558 -0.2230
vn -0.9881 0.1248 -0.0904
vn -0.9907 -0.0996 -0.0926
vn -0.8757 0.4798 -0.0539
vn -0.9859 -0.1606 -0.0480
vn -0.7710 -0.5251 -0.3603
vn -0.4843 0.8717 -0.0747
vn -0.4666 0.8795 -0.0939
vn -0.6413 -0.1906 -0.7432
vn -0.5239 -0.1361 -0.8408
vn -0.0420 0.9957 -0.0820
vn -0.1735 -0.1128 -0.9783
vn 0.9813 0.1866 -0.0466
vn 0.9362 0.3510 -0.0164
vn 0.5521 0.8334 -0.0264
vn -0.5542 0.8316 -0.0347
vn -0.9145 0.4023 -0.0427
vn -0.9738 0.2162 -0.0709
vn -0.9923 -0.0498 -0.1131
vn -0.9734 -0.2283 -0.0208
vn -0.7700 -0.5204 -0.3692
vn -0.7650 -0.3189 -0.5595
vn 0.7748 -0.3656 -0.5158
vn 0.7982 -0.5158 -0.3112
vn 0.9788 -0.1926 -0.0701
vn -0.1486 -0.1170 0.9819
vn 0.0844 0.2218 0.9714
vn -0.9383 -0.0766 0.3373
vn 0.3427 0.8247 -0.4500
vn -0.9400 0.1497 0.3067
vn 0.9242 -0.1553 0.3490
vn 0.3084 -0.2061 0.9287
vn -0.8049 -0.0673 0.5896
vn 0.0469 0.2902 0.9558
vn 0.7455 -0.0792 0.6618
vn -0.5781 0.7390 -0.3460
vn 0.0119 0.1274 0.9918
vn 0.1218 0.8959 -0.4273
vn -0.2095 0.8886 -0.4080
vn 0.1780 0.0039 0.9840
vn -0.9199 -0.0325 0.3909
vn 0.8995 0.4094 0.1526
vn 0.8746 -0.2226 0.4307
vn -0.4678 -0.1405 0.8726
vn 0.7905 -0.2091 0.5757
vn -0.7489 -0.0194 0.6624
vn -0.0414 0.9156 -0.4001
vn 0.5966 0.7442 -0.3003
vn -0.1669 0.3662 0.9154
vn 0.9594 0.1785 0.2182
vn 0.7710 0.6343 -0.0565
vn 0.6128 0.7022 -0.3625
vn -0.8605 0.4952 -0.1196
vn -0.8935 -0.1399 0.4266
vn -0.9457 0.1637 0.2809
vn -0.9226 0.1021 0.3719
vn -0.7111 0.0168 0.7029
vn -0.3327 -0.1224 0.9351
vn -0.0137 -0.0293 0.9995
vn 0.1733 -0.1591 0.9719
vn 0.4694 -0.2461 0.8480
vn 0.8149 -0.0333 0.5786
vn -0.3572 -0.1181 0.9265
vn 0.2836 -0.0122 0.9589
vn -0.9269 0.1244 0.3541
vn 0.5224 0.8008 -0.2929
vn -0.9167 0.2533 0.3091
vn 0.9653 -0.1405 0.2203
vn 0.4967 -0.1746 0.8502
vn -0.8006 0.0624 0.5960
vn -0.0182 -0.0132 0.9997
vn 0.7833 0.0210 0.6213
vn -0.5326 0.8200 -0.2096
vn -0.0577 0.0111 0.9983
vn 0.2892 0.9379 -0.1916
vn -0.2514 0.9483 -0.1937
vn 0.3762 -0.0865 0.9225
vn -0.8922 -0.0112 0.4516
vn 0.9719 0.2278 -0.0591
vn 0.9078 -0.0562 0.4157
vn -0.5842 -0.0891 0.8067
vn 0.8223 -0.0414 0.5676
vn -0.7822 0.0826 0.6175
vn 0.0071 0.9843 -0.1764
vn 0.4892 0.7713 -0.4072
vn -0.0849 0.0100 0.9963
vn 0.9987 -0.0285 0.0420
vn 0.7429 0.6110 -0.2736
vn 0.5450 0.7341 -0.4050
vn -0.7679 0.6324 -0.1013
vn -0.8459 -0.0835 0.5268
vn -0.9320 0.1820 0.3134
vn -0.8802 0.2140 0.4237
vn -0.7516 0.0742 0.6555
vn -0.4881 -0.1056 0.8664
vn -0.2221 -0.0272 0.9746
vn 0.3536 -0.1831 0.9173
vn 0.6183 -0.1571 0.7701
vn 0.8122 0.0491 0.5813
vn 0.9119 -0.0730 -0.4038
vn 0.7038 -0.3608 -0.6120
vn 0.8665 -0.0791 -0.4929
vn 0.9834 -0.1780 -0.0361
vn 0.8784 -0.4537 -0.1500
vn 0.9791 -0.0837 -0.1853
vn 0.8458 -0.4303 -0.3155
vn 0.9056 -0.0524 -0.4209
vn 0.7505 -0.4013 -0.5251
vn 0.9004 -0.0642 -0.4303
vn 0.7641 -0.3882 -0.5153
vn 0.6942 0.0392 -0.7187
vn 0.5306 -0.2110 -0.8209
vn 0.6664 0.0516 -0.7438
vn 0.4912 -0.2280 -0.8407
vn 0.7109 0.0736 -0.6995
vn 0.5159 -0.2847 -0.8080
vn 0.6490 0.1005 -0.7541
vn 0.3324 -0.2227 -0.9165
vn 0.4106 0.1547 -0.8986
vn 0.1632 -0.1541 -0.9745
vn 0.4360 0.1700 -0.8838
vn 0.1300 -0.1783 -0.9754
vn 0.4320 0.1595 -0.8877
vn 0.0948 -0.2592 -0.9612
vn 0.2609 0.3326 -0.9063
vn -0.2342 -0.1606 -0.9588
vn 0.9514 -0.0789 0.2977
vn 0.9455 0.0865 0.3138
vn 0.9809 -0.0370 0.1911
vn 0.9589 0.1648 0.2310
vn 0.9802 -0.0564 0.1897
vn 0.9621 0.1935 0.1922
vn 0.9904 -0.0883 0.1063
vn 0.9608 0.1982 0.1940
vn 0.9882 -0.1527 -0.0112
vn 0.9828 0.1753 0.0581
vn 0.9674 -0.2532 0.0002
vn 0.9872 0.1547 0.0377
vn 0.9722 -0.2204 -0.0790
vn 0.9814 0.1897 -0.0286
vn 0.9671 -0.1747 -0.1851
vn 0.9659 0.2135 -0.1465
vn 0.9001 -0.1150 -0.4202
vn 0.8872 0.3182 -0.3340
vn 0.9007 -0.1466 -0.4089
vn 0.8872 0.3447 -0.3068
vn 0.8919 -0.1656 -0.4208
vn 0.9012 0.3240 -0.2880
vn 0.8960 -0.1765 -0.4076
vn 0.9193 0.3117 -0.2401
vn 0.7400 -0.1301 -0.6598
vn 0.8327 0.3358 -0.4403
vn 0.6553 -0.2382 -0.7169
vn 0.7879 0.3143 -0.5295
vn 0.5767 -0.2357 -0.7823
vn 0.7366 0.3615 -0.5716
vn 0.6006 -0.2311 -0.7654
vn 0.7702 0.3497 -0.5334
vn 0.3308 -0.1358 -0.9339
vn 0.5789 0.4592 -0.6738
vn 0.2670 -0.1852 -0.9457
vn 0.4997 0.5044 -0.7042
vn 0.2583 -0.1755 -0.9500
vn 0.5071 0.5007 -0.7015
vn 0.0138 -0.2089 -0.9778
vn 0.2805 0.5915 -0.7559
vn 0.9316 -0.0810 0.3543
vn 0.8339 0.1700 0.5251
vn 0.9478 -0.0358 0.3169
vn 0.9261 0.2416 0.2899
vn 0.9484 -0.0401 0.3146
vn 0.9415 0.1897 0.2786
vn 0.9690 -0.0821 0.2328
vn 0.9541 0.1442 0.2624
vn 0.9596 -0.1333 0.2478
vn 0.9563 0.1784 0.2316
vn 0.9944 -0.0978 0.0397
vn 0.9753 0.2145 -0.0526
vn 0.9982 -0.0155 -0.0574
vn 0.9670 0.2464 -0.0644
vn 0.9957 -0.0201 -0.0900
vn 0.9652 0.2545 -0.0608
vn 0.9884 -0.0287 -0.1494
vn 0.9633 0.2501 -0.0978
vn 0.9549 -0.0774 -0.2865
vn 0.9514 0.2375 -0.1962
vn 0.8952 -0.1683 -0.4126
vn 0.9217 0.2002 -0.3322
vn 0.9093 -0.2615 -0.3237
vn 0.9536 0.1650 -0.2518
vn 0.8928 -0.3267 -0.3101
vn 0.9465 0.1959 -0.2564
vn 0.7318 -0.2721 -0.6249
vn 0.7295 0.2963 -0.6165
vn 0.6627 -0.1705 -0.7292
vn 0.5957 0.4413 -0.6711
vn 0.6940 -0.1316 -0.7078
vn 0.6794 0.4219 -0.6004
vn 0.3661 -0.2834 -0.8864
vn 0.4097 0.4277 -0.8057
vn 0.0880 -0.2772 -0.9568
vn 0.2551 0.4990 -0.8282
vn 0.9800 -0.0097 0.1988
vn 0.8887 0.3500 0.2960
vn 0.9559 -0.0389 0.2910
vn 0.8884 0.2780 0.3653
vn 0.5788 0.5494 0.6026
vn 0.7546 0.2410 0.6103
vn 0.7435 0.3266 0.5835
vn 0.4490 0.5233 0.7243
vn 0.8140 0.4873 0.3162
vn 0.6573 0.6764 0.3324
vn 0.8924 0.3776 0.2470
vn 0.7074 0.6469 0.2849
vn 0.9318 0.3413 0.1238
vn 0.7764 0.6215 0.1047
vn 0.9496 0.3120 0.0292
vn 0.7957 0.6039 0.0466
vn 0.9527 0.3027 -0.0277
vn 0.8016 0.5973 -0.0267
vn 0.9567 0.2890 -0.0338
vn 0.8076 0.5897 -0.0068
vn 0.9497 0.3073 -0.0607
vn 0.7983 0.6014 -0.0329
vn 0.9408 0.3308 -0.0744
vn 0.7912 0.6110 0.0268
vn 0.9459 0.3246 0.0036
vn 0.7727 0.6336 0.0383
vn 0.9008 0.3498 -0.2573
vn 0.6761 0.6821 -0.2787
vn 0.8959 0.3495 -0.2742
vn 0.6182 0.7190 -0.3178
vn 0.8798 0.3385 -0.3337
vn 0.5459 0.7326 -0.4065
vn 0.7226 0.1676 -0.6707
vn 0.4148 0.6448 -0.6420
vn 0.7371 0.0655 -0.6726
vn 0.4454 0.5954 -0.6687
vn 0.7272 0.0314 -0.6857
vn 0.4515 0.5742 -0.6830
vn 0.4360 -0.3028 -0.8475
vn 0.0581 0.6427 -0.7639
vn 0.7460 0.3564 0.5625
vn 0.4382 0.5107 0.7397
vn 0.7401 0.3291 0.5865
vn 0.5280 0.5471 0.6496
vn -0.0249 0.7815 0.6234
vn 0.3985 0.6254 0.6708
vn 0.1676 0.8008 0.5751
vn 0.1154 0.4932 0.8622
vn 0.1530 0.8935 0.4222
vn -0.0557 0.8824 0.4673
vn 0.2065 0.9353 0.2874
vn -0.0732 0.9346 0.3481
vn 0.2141 0.9486 0.2330
vn -0.0940 0.9611 0.2597
vn 0.2089 0.9761 0.0605
vn -0.1174 0.9896 0.0826
vn 0.2260 0.9731 0.0456
vn -0.1303 0.9898 0.0581
vn 0.2082 0.9752 -0.0750
vn -0.1121 0.9912 -0.0709
vn 0.2307 0.9692 -0.0861
vn -0.1213 0.9894 -0.0798
vn 0.2517 0.9649 -0.0749
vn -0.1324 0.9882 -0.0768
vn 0.2574 0.8917 -0.3724
vn -0.1486 0.9248 -0.3503
vn 0.2843 0.8973 -0.3377
vn -0.1839 0.9173 -0.3532
vn 0.2462 0.8937 -0.3751
vn -0.2181 0.8799 -0.4221
vn 0.2467 0.8362 -0.4897
vn -0.2037 0.8096 -0.5505
vn 0.2515 0.8211 -0.5124
vn -0.1871 0.8127 -0.5518
vn 0.2693 0.8023 -0.5327
vn -0.2031 0.7921 -0.5756
vn 0.3335 0.6906 -0.6418
vn -0.2649 0.7006 -0.6626
vn 0.5231 0.4898 -0.6974
vn -0.4537 0.5333 -0.7139
vn 0.3098 0.6560 0.6882
vn 0.0230 0.5066 0.8619
vn 0.2582 0.6933 0.6728
vn -0.0519 0.6981 0.7141
vn -0.4180 0.6550 0.6295
vn 0.2190 0.6237 0.7503
vn -0.2299 0.8040 0.5485
vn -0.0211 0.3967 0.9177
vn -0.3185 0.8888 0.3297
vn -0.5692 0.7326 0.3733
vn -0.3575 0.8995 0.2511
vn -0.5654 0.7842 0.2557
vn -0.3839 0.9070 0.1730
vn -0.5838 0.8000 0.1384
vn -0.3984 0.9134 0.0832
vn -0.6140 0.7867 0.0635
vn -0.3860 0.9211 0.0511
vn -0.6215 0.7826 0.0363
vn -0.3734 0.9275 -0.0187
vn -0.6148 0.7886 -0.0115
vn -0.3587 0.9290 -0.0908
vn -0.5994 0.7950 -0.0933
vn -0.3573 0.9302 -0.0836
vn -0.5977 0.7959 -0.0968
vn -0.3321 0.9190 -0.2124
vn -0.5615 0.8075 -0.1807
vn -0.2958 0.9073 -0.2989
vn -0.5171 0.7941 -0.3193
vn -0.2781 0.9118 -0.3023
vn -0.4923 0.8058 -0.3292
vn -0.1830 0.8569 -0.4820
vn -0.4426 0.6979 -0.5631
vn -0.1539 0.8286 -0.5382
vn -0.4290 0.6812 -0.5932
vn -0.1063 0.8285 -0.5498
vn -0.4159 0.6807 -0.6030
vn -0.0008 0.6960 -0.7181
vn -0.3506 0.4964 -0.7942
vn -0.0009 0.5700 -0.8216
vn -0.3720 0.3047 -0.8768
vn -0.0833 0.7094 0.6999
vn -0.2569 0.4909 0.8324
vn -0.2256 0.7441 0.6288
vn -0.4157 0.5777 0.7025
vn 0.1076 0.7084 0.6975
vn -0.1047 0.4347 0.8945
vn -0.7629 0.4249 0.4874
vn -0.1706 0.6032 0.7791
vn -0.6112 0.6181 0.4943
vn -0.4089 0.3214 0.8541
vn -0.7203 0.6253 0.3002
vn -0.8143 0.4574 0.3574
vn -0.7255 0.6219 0.2948
vn -0.8703 0.3812 0.3118
vn -0.7634 0.5943 0.2529
vn -0.9188 0.2378 0.3152
vn -0.7968 0.5799 0.1701
vn -0.9701 0.1389 0.1992
vn -0.8201 0.5587 -0.1239
vn -0.9867 0.1498 -0.0639
vn -0.8358 0.5429 -0.0822
vn -0.9804 0.1968 0.0011
vn -0.8413 0.5355 -0.0744
vn -0.9650 0.2612 -0.0225
vn -0.8610 0.5078 -0.0290
vn -0.9588 0.2839 -0.0039
vn -0.8710 0.4866 -0.0680
vn -0.9544 0.2864 -0.0836
vn -0.8125 0.4747 -0.3383
vn -0.9337 0.2204 -0.2823
vn -0.8040 0.5047 -0.3143
vn -0.9613 0.1222 -0.2469
vn -0.7879 0.4840 -0.3808
vn -0.9448 0.0527 -0.3235
vn -0.5469 0.3529 -0.7592
vn -0.7145 0.0273 -0.6991
vn -0.5868 0.3474 -0.7314
vn -0.6999 -0.0336 -0.7134
vn -0.5584 0.3219 -0.7646
vn -0.6775 -0.0651 -0.7326
vn -0.1189 0.2326 -0.9653
vn -0.2453 -0.3733 -0.8947
vn -0.4620 0.6376 0.6164
vn -0.5985 0.3939 0.6975
vn -0.5761 0.6379 0.5110
vn -0.7145 0.4130 0.5648
vn -0.3547 0.6104 0.7082
vn -0.5021 0.3772 0.7782
vn -0.7896 -0.1787 -0.5871
vn -0.5482 -0.5593 -0.6218
vn -0.7461 -0.5735 -0.3382
vn -0.9305 -0.3028 -0.2062
vn -0.7229 -0.5705 -0.3897
vn -0.8758 -0.3414 -0.3412
vn -0.6398 -0.5726 -0.5127
vn -0.8276 -0.2080 -0.5213
vn -0.5579 -0.5767 -0.5968
vn -0.8501 -0.1876 -0.4921
vn -0.3019 -0.3538 -0.8852
vn -0.5642 -0.0521 -0.8240
vn -0.3515 -0.3998 -0.8465
vn -0.6181 -0.0368 -0.7853
vn -0.3029 -0.4034 -0.8634
vn -0.6125 -0.0726 -0.7871
vn -0.1352 -0.3142 -0.9397
vn -0.4240 0.1973 -0.8839
vn -0.0394 -0.3155 -0.9481
vn -0.5607 0.2660 -0.7842
vn -0.0952 -0.3542 -0.9303
vn -0.5744 0.3401 -0.7446
vn 0.1572 -0.2698 -0.9500
vn -0.5336 0.4127 -0.7382
vn -0.4917 -0.2325 -0.8392
vn -0.3881 0.2671 -0.8821
vn -0.9450 0.1859 -0.2689
vn -0.9567 -0.1209 -0.2648
vn -0.9410 0.3002 0.1562
vn -0.8982 0.1891 0.3968
vn -0.9521 -0.0623 0.2994
vn -0.9503 0.1503 0.2726
vn -0.9865 -0.0398 0.1586
vn -0.9677 0.2103 0.1391
vn -0.9941 -0.0752 -0.0780
vn -0.9634 0.2533 -0.0882
vn -0.9091 -0.1751 -0.3779
vn -0.9129 0.1778 -0.3675
vn -0.8566 -0.2001 -0.4757
vn -0.8449 0.2403 -0.4778
vn -0.7192 -0.2508 -0.6479
vn -0.7489 0.2316 -0.6209
vn -0.5621 -0.3856 -0.7317
vn -0.6919 0.3424 -0.6356
vn -0.3199 -0.2697 -0.9083
vn -0.4429 0.5524 -0.7062
vn -0.2655 -0.3855 -0.8837
vn -0.4060 0.3729 -0.8344
vn 0.0761 -0.3685 -0.9265
vn -0.2109 0.4864 -0.8479
vn -0.9620 -0.0361 0.2707
vn -0.9447 0.1511 0.2911
vn -0.9523 -0.0642 0.2982
vn -0.9429 0.1149 0.3126
vn -0.9880 -0.0676 0.1387
vn -0.9642 0.2340 0.1245
vt 0.148900 0.403300
vt 0.147700 0.405800
vt 0.145000 0.402200
vt 0.146300 0.399700
vt 0.097700 0.433300
vt 0.096600 0.433200
vt 0.094400 0.429400
vt 0.095500 0.429400
vt 0.099800 0.433300
vt 0.098800 0.433500
vt 0.096700 0.429400
vt 0.097900 0.429000
vt 0.079500 0.451000
vt 0.078700 0.452600
vt 0.075400 0.449400
vt 0.076200 0.448000
vt 0.931300 0.449800
vt 0.927700 0.447300
vt 0.929600 0.443200
vt 0.932900 0.445800
vt 0.083000 0.445600
vt 0.079800 0.442500
vt 0.082700 0.438300
vt 0.085900 0.441500
vt 0.151900 0.398500
vt 0.150000 0.400700
vt 0.147600 0.397100
vt 0.149900 0.395200
vt 0.482900 0.476700
vt 0.481300 0.477100
vt 0.481900 0.473200
vt 0.483600 0.473400
vt 0.147000 0.406800
vt 0.146400 0.407700
vt 0.143800 0.404300
vt 0.144400 0.403200
vt 0.809800 0.463600
vt 0.807200 0.462000
vt 0.808800 0.459000
vt 0.811200 0.461000
vt 0.936700 0.454800
vt 0.936100 0.454300
vt 0.938400 0.450000
vt 0.939200 0.450300
vt 0.158700 0.393500
vt 0.156000 0.394800
vt 0.154500 0.391800
vt 0.157600 0.390500
vt 0.480100 0.477200
vt 0.479200 0.477000
vt 0.479100 0.472500
vt 0.480400 0.472900
vt 0.167200 0.392400
vt 0.165200 0.391600
vt 0.165100 0.388400
vt 0.167500 0.388800
vt 0.170200 0.394500
vt 0.168900 0.393300
vt 0.169600 0.389300
vt 0.171000 0.390500
vt 0.812400 0.465400
vt 0.811500 0.464700
vt 0.812500 0.462500
vt 0.813600 0.462900
vt 0.934700 0.452800
vt 0.933700 0.451600
vt 0.935200 0.447900
vt 0.936500 0.448800
vt 0.078300 0.453700
vt 0.078000 0.454800
vt 0.073900 0.451400
vt 0.074600 0.450400
vt 0.091200 0.437400
vt 0.088700 0.433900
vt 0.882100 0.450200
vt 0.880900 0.448100
vt 0.883200 0.443400
vt 0.884600 0.445600
vt 0.884000 0.429200
vt 0.880400 0.427100
vt 0.884100 0.417000
vt 0.887800 0.418000
vt 0.806300 0.461400
vt 0.805800 0.460900
vt 0.807100 0.457600
vt 0.807800 0.458300
vt 0.154900 0.395600
vt 0.153800 0.396300
vt 0.152000 0.393300
vt 0.153300 0.392600
vt 0.485400 0.476500
vt 0.484200 0.476400
vt 0.484800 0.473500
vt 0.485700 0.473300
vt 0.491500 0.462800
vt 0.486300 0.462600
vt 0.485400 0.448900
vt 0.491300 0.448800
vt 0.164300 0.391700
vt 0.163400 0.391800
vt 0.163000 0.388600
vt 0.164000 0.388500
vt 0.872900 0.439700
vt 0.874500 0.435800
vt 0.876800 0.437300
vt 0.875000 0.441400
vt 0.890700 0.394500
vt 0.885700 0.393600
vt 0.887800 0.370000
vt 0.894000 0.370700
vt 0.495600 0.476800
vt 0.493900 0.476700
vt 0.494300 0.473100
vt 0.495900 0.472900
vt 0.926000 0.446500
vt 0.924300 0.445700
vt 0.925800 0.441400
vt 0.927700 0.442300
vt 0.162400 0.392000
vt 0.161400 0.392300
vt 0.160700 0.389100
vt 0.161800 0.388800
vt 0.871300 0.426700
vt 0.867800 0.426100
vt 0.869800 0.418600
vt 0.873800 0.419400
vt 0.929400 0.430400
vt 0.927500 0.429600
vt 0.929700 0.417500
vt 0.931700 0.418100
vt 0.161200 0.381200
vt 0.159800 0.380900
vt 0.158900 0.372800
vt 0.160600 0.373700
vt 0.141800 0.389300
vt 0.140300 0.391000
vt 0.135200 0.380000
vt 0.137000 0.378900
vt 0.092800 0.417100
vt 0.091500 0.417300
vt 0.088800 0.404600
vt 0.090400 0.404500
vt 0.070400 0.435300
vt 0.069000 0.436800
vt 0.063000 0.422100
vt 0.064700 0.421000
vt 0.095600 0.416400
vt 0.094200 0.416900
vt 0.092000 0.404400
vt 0.093700 0.404000
vt 0.934800 0.434000
vt 0.931400 0.431300
vt 0.934000 0.418800
vt 0.937200 0.421200
vt 0.146000 0.386000
vt 0.143300 0.387500
vt 0.138900 0.377900
vt 0.142000 0.376700
vt 0.076200 0.429800
vt 0.072600 0.416200
vt 0.078000 0.412800
vt 0.080300 0.425900
vt 0.478900 0.461700
vt 0.476400 0.460800
vt 0.474200 0.446200
vt 0.476600 0.446900
vt 0.139700 0.391800
vt 0.139300 0.392500
vt 0.133900 0.381200
vt 0.134400 0.380700
vt 0.811300 0.451800
vt 0.809100 0.449800
vt 0.810000 0.439500
vt 0.811900 0.440400
vt 0.943500 0.438700
vt 0.942700 0.438600
vt 0.944600 0.425900
vt 0.946200 0.426200
vt 0.155600 0.382100
vt 0.151500 0.383300
vt 0.148400 0.374600
vt 0.153700 0.373700
vt 0.475400 0.460400
vt 0.474800 0.459900
vt 0.471900 0.445500
vt 0.472900 0.445900
vt 0.168100 0.384000
vt 0.165000 0.382700
vt 0.165200 0.377100
vt 0.168900 0.379500
vt 0.172800 0.385200
vt 0.170500 0.385200
vt 0.171200 0.381600
vt 0.174200 0.380000
vt 0.815100 0.453500
vt 0.813100 0.453600
vt 0.813500 0.441200
vt 0.816400 0.441400
vt 0.940000 0.437700
vt 0.937800 0.436500
vt 0.940300 0.423500
vt 0.942400 0.424700
vt 0.068200 0.437500
vt 0.067400 0.438100
vt 0.060400 0.423900
vt 0.061600 0.423000
vt 0.085900 0.421700
vt 0.083000 0.408700
vt 0.888600 0.432900
vt 0.887100 0.431100
vt 0.890800 0.418800
vt 0.892500 0.420100
vt 0.808300 0.449200
vt 0.807800 0.448600
vt 0.808200 0.438400
vt 0.808900 0.438900
vt 0.150000 0.383900
vt 0.148600 0.384400
vt 0.145100 0.375400
vt 0.146700 0.375000
vt 0.877700 0.427200
vt 0.880900 0.418500
vt 0.483700 0.462800
vt 0.481100 0.462600
vt 0.478800 0.447500
vt 0.482300 0.448200
vt 0.492100 0.421500
vt 0.483700 0.421600
vt 0.482100 0.392600
vt 0.492800 0.392300
vt 0.163800 0.382100
vt 0.162500 0.381500
vt 0.162200 0.374600
vt 0.163700 0.375900
vt 0.150600 0.354800
vt 0.144200 0.355300
vt 0.140300 0.335900
vt 0.147700 0.335700
vt 0.498900 0.461800
vt 0.496400 0.462600
vt 0.496800 0.448800
vt 0.500200 0.447800
vt 0.881700 0.394400
vt 0.878100 0.395200
vt 0.878400 0.370200
vt 0.882900 0.370100
vt 0.895800 0.336700
vt 0.888600 0.336400
vt 0.891100 0.303600
vt 0.898900 0.303400
vt 0.504400 0.420800
vt 0.500100 0.421300
vt 0.503000 0.392200
vt 0.508300 0.392100
vt 0.873600 0.395300
vt 0.869200 0.395200
vt 0.868700 0.371700
vt 0.873500 0.371000
vt 0.934800 0.394900
vt 0.932500 0.394400
vt 0.935800 0.370400
vt 0.938500 0.370700
vt 0.158700 0.354700
vt 0.156900 0.354300
vt 0.155200 0.335500
vt 0.157300 0.335400
vt 0.129800 0.357800
vt 0.127300 0.358500
vt 0.118800 0.337100
vt 0.121900 0.336800
vt 0.087500 0.380500
vt 0.085800 0.380200
vt 0.082700 0.356100
vt 0.084400 0.356500
vt 0.057000 0.393800
vt 0.054800 0.395100
vt 0.046400 0.368100
vt 0.049100 0.366800
vt 0.091500 0.380700
vt 0.089200 0.380900
vt 0.086400 0.356900
vt 0.088800 0.356800
vt 0.941400 0.397000
vt 0.937300 0.395400
vt 0.941600 0.371100
vt 0.946100 0.372000
vt 0.136300 0.356400
vt 0.132300 0.357100
vt 0.125300 0.336400
vt 0.130300 0.336200
vt 0.067000 0.388900
vt 0.061300 0.362300
vt 0.068500 0.359600
vt 0.073300 0.385700
vt 0.472200 0.420600
vt 0.469700 0.420400
vt 0.465600 0.393100
vt 0.468400 0.392900
vt 0.126100 0.359300
vt 0.125100 0.359900
vt 0.116500 0.337900
vt 0.117500 0.337500
vt 0.811700 0.417500
vt 0.809500 0.417000
vt 0.808900 0.392200
vt 0.811600 0.392400
vt 0.952100 0.401400
vt 0.950300 0.400900
vt 0.955100 0.374600
vt 0.957200 0.375400
vt 0.468000 0.420300
vt 0.466700 0.420100
vt 0.462200 0.393300
vt 0.463700 0.393200
vt 0.167700 0.358000
vt 0.163600 0.356500
vt 0.163100 0.335300
vt 0.167500 0.335600
vt 0.174400 0.358100
vt 0.171200 0.359500
vt 0.171000 0.335800
vt 0.174000 0.335400
vt 0.817500 0.418400
vt 0.813800 0.418100
vt 0.814300 0.392500
vt 0.818700 0.393000
vt 0.947800 0.399800
vt 0.945300 0.398600
vt 0.950200 0.372900
vt 0.952600 0.373700
vt 0.053000 0.396200
vt 0.051300 0.397200
vt 0.042000 0.370400
vt 0.044100 0.369300
vt 0.078900 0.383000
vt 0.074900 0.358000
vt 0.897000 0.396200
vt 0.895000 0.395300
vt 0.899300 0.371400
vt 0.901900 0.372000
vt 0.142300 0.355500
vt 0.140300 0.355700
vt 0.135400 0.336000
vt 0.137800 0.335900
vt 0.808100 0.416600
vt 0.807000 0.416200
vt 0.805600 0.391900
vt 0.807000 0.392000
vt 0.951500 0.337700
vt 0.945000 0.336700
vt 0.949900 0.302700
vt 0.957500 0.303800
vt 0.479300 0.421200
vt 0.474600 0.420900
vt 0.471100 0.392800
vt 0.476800 0.392700
vt 0.149000 0.305300
vt 0.150000 0.275100
vt 0.157500 0.274800
vt 0.156400 0.305000
vt 0.162000 0.355800
vt 0.160400 0.355200
vt 0.159400 0.335300
vt 0.161300 0.335300
vt 0.882900 0.336900
vt 0.884800 0.304500
vt 0.494400 0.357800
vt 0.481500 0.357900
vt 0.482800 0.322400
vt 0.496600 0.322500
vt 0.149400 0.197500
vt 0.149400 0.172000
vt 0.155700 0.164300
vt 0.156400 0.191600
vt 0.899800 0.214500
vt 0.891700 0.214700
vt 0.889200 0.184600
vt 0.896700 0.184300
vt 0.512700 0.358100
vt 0.507000 0.358000
vt 0.510200 0.323100
vt 0.516300 0.323300
vt 0.872300 0.338400
vt 0.867000 0.339400
vt 0.867100 0.307400
vt 0.873000 0.306300
vt 0.941700 0.336400
vt 0.938600 0.336200
vt 0.943000 0.302200
vt 0.946400 0.302400
vt 0.158400 0.304900
vt 0.159500 0.274700
vt 0.120000 0.306400
vt 0.115500 0.306800
vt 0.113400 0.276300
vt 0.118800 0.276100
vt 0.085700 0.326200
vt 0.083200 0.325900
vt 0.081200 0.296300
vt 0.083900 0.296300
vt 0.039400 0.335700
vt 0.036300 0.336900
vt 0.028700 0.305000
vt 0.032000 0.304300
vt 0.090600 0.326200
vt 0.088100 0.326600
vt 0.086600 0.296400
vt 0.089500 0.295800
vt 0.130600 0.305900
vt 0.124700 0.306000
vt 0.124400 0.275800
vt 0.131000 0.275700
vt 0.053300 0.332200
vt 0.046300 0.302700
vt 0.055400 0.302100
vt 0.061800 0.330400
vt 0.467000 0.357700
vt 0.464100 0.357900
vt 0.466700 0.321400
vt 0.469200 0.321400
vt 0.113700 0.307200
vt 0.112100 0.307600
vt 0.108600 0.277300
vt 0.110900 0.276800
vt 0.815800 0.358300
vt 0.812100 0.358200
vt 0.817900 0.323700
vt 0.821800 0.323800
vt 0.967600 0.341400
vt 0.965400 0.340600
vt 0.973600 0.306400
vt 0.976200 0.307200
vt 0.168400 0.304900
vt 0.164000 0.304700
vt 0.165300 0.274600
vt 0.169900 0.274600
vt 0.462200 0.358000
vt 0.460600 0.358100
vt 0.461800 0.321500
vt 0.464000 0.321500
vt 0.175200 0.304900
vt 0.172100 0.305000
vt 0.174200 0.274600
vt 0.177500 0.274700
vt 0.824000 0.359300
vt 0.819400 0.358500
vt 0.825800 0.324000
vt 0.831100 0.324800
vt 0.961700 0.339600
vt 0.957800 0.338700
vt 0.965200 0.304900
vt 0.969700 0.305700
vt 0.034000 0.338000
vt 0.031700 0.339200
vt 0.023500 0.306800
vt 0.026100 0.305900
vt 0.071500 0.328400
vt 0.067100 0.299500
vt 0.906100 0.337500
vt 0.902500 0.337000
vt 0.906200 0.303300
vt 0.910600 0.303700
vt 0.809600 0.358100
vt 0.807600 0.358100
vt 0.811100 0.323400
vt 0.814100 0.323500
vt 0.139000 0.305600
vt 0.136500 0.305700
vt 0.137500 0.275500
vt 0.140100 0.275500
vt 0.877700 0.082100
vt 0.873900 0.078900
vt 0.866100 0.040200
vt 0.869200 0.046000
vt 0.475800 0.357700
vt 0.469800 0.357600
vt 0.471900 0.321400
vt 0.477400 0.321900
vt 0.162200 0.304800
vt 0.160400 0.304800
vt 0.161500 0.274600
vt 0.163400 0.274600
vt 0.023500 0.231400
vt 0.023800 0.207600
vt 0.027100 0.207400
vt 0.027000 0.231100
vt 0.965000 0.217900
vt 0.956700 0.216100
vt 0.956500 0.186100
vt 0.965700 0.188200
vt 0.884500 0.217300
vt 0.882300 0.187700
vt 0.497400 0.246600
vt 0.485700 0.245700
vt 0.486000 0.220100
vt 0.496400 0.221400
vt 0.148300 0.071300
vt 0.146100 0.073900
vt 0.147300 0.043000
vt 0.148900 0.041000
vt 0.872300 0.219000
vt 0.866900 0.218200
vt 0.865300 0.188600
vt 0.870600 0.189700
vt 0.514800 0.245200
vt 0.508800 0.247300
vt 0.506700 0.222300
vt 0.512400 0.219500
vt 0.158400 0.189800
vt 0.157300 0.161900
vt 0.952700 0.214600
vt 0.948900 0.213100
vt 0.948000 0.182200
vt 0.952300 0.184100
vt 0.116900 0.206400
vt 0.110900 0.206000
vt 0.110800 0.183600
vt 0.117100 0.184100
vt 0.081800 0.225000
vt 0.079000 0.224800
vt 0.077900 0.202100
vt 0.080800 0.202200
vt 0.130000 0.206500
vt 0.122900 0.206800
vt 0.123500 0.184500
vt 0.130800 0.183900
vt 0.087100 0.224500
vt 0.084800 0.225100
vt 0.083900 0.202400
vt 0.086000 0.201800
vt 0.038300 0.231600
vt 0.037900 0.208100
vt 0.047800 0.209000
vt 0.048400 0.232300
vt 0.468400 0.236100
vt 0.464100 0.233700
vt 0.465400 0.204200
vt 0.469500 0.207400
vt 0.108300 0.206100
vt 0.106100 0.206200
vt 0.106100 0.183800
vt 0.108300 0.183700
vt 0.826200 0.235500
vt 0.821500 0.235300
vt 0.822000 0.204300
vt 0.826500 0.204800
vt 0.984700 0.220500
vt 0.982100 0.220700
vt 0.981700 0.191200
vt 0.984500 0.190700
vt 0.461200 0.231900
vt 0.458900 0.230100
vt 0.460000 0.199500
vt 0.462500 0.201800
vt 0.169700 0.186600
vt 0.164400 0.185500
vt 0.162600 0.155900
vt 0.167900 0.157300
vt 0.179500 0.189200
vt 0.174700 0.187800
vt 0.173000 0.158700
vt 0.178100 0.160600
vt 0.836700 0.236500
vt 0.830800 0.235700
vt 0.830500 0.205300
vt 0.836700 0.206200
vt 0.977900 0.220200
vt 0.973500 0.219700
vt 0.974400 0.190300
vt 0.978100 0.190800
vt 0.017800 0.231900
vt 0.015700 0.232300
vt 0.016700 0.208000
vt 0.018600 0.207800
vt 0.063500 0.228300
vt 0.062500 0.205200
vt 0.912100 0.215300
vt 0.907200 0.214400
vt 0.903700 0.184100
vt 0.908600 0.185300
vt 0.126900 0.134400
vt 0.121300 0.133400
vt 0.118500 0.081300
vt 0.121500 0.084200
vt 0.818000 0.234600
vt 0.815500 0.234000
vt 0.815600 0.202600
vt 0.818300 0.203400
vt 0.139700 0.204700
vt 0.137100 0.206000
vt 0.138100 0.183200
vt 0.140600 0.181500
vt 0.479400 0.242200
vt 0.472400 0.238400
vt 0.473400 0.210600
vt 0.479900 0.215500
vt 0.162500 0.186800
vt 0.160500 0.188000
vt 0.159100 0.159500
vt 0.160800 0.157700
vt 0.153700 0.068100
vt 0.152900 0.066600
vt 0.152100 0.038600
vt 0.152700 0.041600
vt 0.067100 0.040800
vt 0.077400 0.019800
vt 0.078400 0.019400
vt 0.068800 0.039800
vt 0.946200 0.073200
vt 0.941000 0.070100
vt 0.930600 0.033400
vt 0.935100 0.036500
vt 0.871100 0.082700
vt 0.865000 0.046600
vt 0.494300 0.167400
vt 0.484500 0.167200
vt 0.486800 0.111900
vt 0.492100 0.111100
vt 0.042900 0.173900
vt 0.033900 0.173700
vt 0.039900 0.140400
vt 0.047100 0.139700
vt 0.866900 0.090900
vt 0.865400 0.095400
vt 0.863100 0.068000
vt 0.863600 0.060500
vt 0.495700 0.070500
vt 0.493300 0.067300
vt 0.486500 0.022700
vt 0.489000 0.029500
vt 0.939600 0.074100
vt 0.938100 0.078100
vt 0.931000 0.047800
vt 0.930800 0.040600
vt 0.151700 0.067600
vt 0.150500 0.068600
vt 0.150400 0.039100
vt 0.151200 0.038900
vt 0.055600 0.098400
vt 0.049700 0.100400
vt 0.060000 0.060100
vt 0.064500 0.057100
vt 0.084200 0.030100
vt 0.082600 0.031000
vt 0.085900 0.017100
vt 0.086900 0.017000
vt 0.086400 0.030300
vt 0.085800 0.029200
vt 0.087900 0.016900
vt 0.088300 0.018000
vt 0.072100 0.038200
vt 0.080100 0.019000
vt 0.475000 0.068000
vt 0.472500 0.068500
vt 0.477000 0.023400
vt 0.477800 0.022300
vt 0.116800 0.052000
vt 0.115900 0.054900
vt 0.118800 0.022000
vt 0.120000 0.019400
vt 0.818300 0.070200
vt 0.816500 0.068700
vt 0.814200 0.026600
vt 0.815200 0.028000
vt 0.968000 0.103400
vt 0.964900 0.097800
vt 0.957200 0.072800
vt 0.961100 0.081200
vt 0.471300 0.071900
vt 0.470100 0.075200
vt 0.474600 0.037000
vt 0.475900 0.030200
vt 0.148600 0.136800
vt 0.147800 0.101400
vt 0.150700 0.098000
vt 0.153200 0.131200
vt 0.169200 0.075000
vt 0.168100 0.069800
vt 0.166200 0.043500
vt 0.167200 0.050300
vt 0.822400 0.076000
vt 0.820200 0.071700
vt 0.816300 0.029400
vt 0.817800 0.036200
vt 0.958200 0.087100
vt 0.951500 0.076300
vt 0.939500 0.039600
vt 0.948300 0.056200
vt 0.063700 0.043900
vt 0.062000 0.046000
vt 0.073100 0.024600
vt 0.074700 0.022400
vt 0.078900 0.033800
vt 0.075200 0.036500
vt 0.081700 0.018600
vt 0.083800 0.017800
vt 0.884200 0.090600
vt 0.881400 0.085200
vt 0.872300 0.051700
vt 0.875400 0.060600
vt 0.815200 0.070700
vt 0.813800 0.072700
vt 0.813100 0.034800
vt 0.813700 0.030700
vt 0.145000 0.077800
vt 0.143900 0.081700
vt 0.145400 0.053700
vt 0.146300 0.048400
vt 0.480900 0.067700
vt 0.477300 0.067500
vt 0.478600 0.021200
vt 0.480100 0.021400
vt 0.867500 0.437900
vt 0.864300 0.437800
vt 0.865600 0.433500
vt 0.868800 0.433900
vt 0.878100 0.444800
vt 0.880300 0.440500
vt 0.062900 0.171200
vt 0.063400 0.136300
vt 0.072700 0.133600
vt 0.075200 0.168300
vt 0.030500 0.173900
vt 0.036700 0.140700
vt 0.116600 0.133500
vt 0.112000 0.133500
vt 0.114200 0.081300
vt 0.116400 0.081300
vt 0.078500 0.167900
vt 0.076700 0.132600
vt 0.083600 0.167100
vt 0.081700 0.167500
vt 0.080600 0.131800
vt 0.082200 0.131400
vt 0.025800 0.174000
vt 0.024500 0.174000
vt 0.031700 0.140800
vt 0.032600 0.140900
vt 0.122100 0.051900
vt 0.120500 0.049200
vt 0.122500 0.016900
vt 0.122600 0.019400
vt 0.110300 0.135100
vt 0.108600 0.136700
vt 0.112900 0.087500
vt 0.113500 0.084400
vt 0.166800 0.070000
vt 0.165500 0.070200
vt 0.164800 0.046100
vt 0.165500 0.044800
vt 0.157700 0.126100
vt 0.156500 0.127000
vt 0.153900 0.094600
vt 0.154900 0.094600
vt 0.167600 0.126200
vt 0.164400 0.125200
vt 0.166200 0.094400
vt 0.168100 0.095200
vt 0.154800 0.129100
vt 0.152300 0.096300
vt 0.142000 0.144400
vt 0.140100 0.146300
vt 0.142100 0.109500
vt 0.143400 0.107200
vt 0.173800 0.130200
vt 0.170800 0.127400
vt 0.169900 0.096100
vt 0.171200 0.099700
vt 0.488900 0.067700
vt 0.484400 0.067900
vt 0.481800 0.021600
vt 0.484100 0.022200
vt 0.890700 0.151200
vt 0.884400 0.151100
vt 0.881700 0.117500
vt 0.886300 0.118100
vt 0.878500 0.153200
vt 0.877000 0.118700
vt 0.869100 0.155500
vt 0.865400 0.155700
vt 0.867300 0.122600
vt 0.869900 0.121200
vt 0.900300 0.152900
vt 0.896600 0.151500
vt 0.890700 0.118700
vt 0.893200 0.120500
vt 0.961100 0.149300
vt 0.953400 0.146600
vt 0.951300 0.106700
vt 0.957400 0.109800
vt 0.949700 0.145900
vt 0.945900 0.145300
vt 0.945100 0.108200
vt 0.948200 0.107500
vt 0.980700 0.158000
vt 0.978300 0.157100
vt 0.972700 0.122600
vt 0.974500 0.125400
vt 0.973600 0.154600
vt 0.968800 0.151900
vt 0.963500 0.112900
vt 0.968100 0.117800
vt 0.823400 0.159100
vt 0.819200 0.158000
vt 0.819800 0.110200
vt 0.822100 0.111700
vt 0.832100 0.161600
vt 0.827400 0.160300
vt 0.824400 0.113300
vt 0.826900 0.115200
vt 0.816700 0.157600
vt 0.814800 0.157200
vt 0.815500 0.110300
vt 0.817700 0.110200
vt 0.509200 0.165400
vt 0.504100 0.167200
vt 0.497200 0.110300
vt 0.500500 0.110300
vt 0.119200 0.049200
vt 0.117800 0.049200
vt 0.121300 0.016900
vt 0.121900 0.016900
vt 0.468800 0.160600
vt 0.465000 0.159100
vt 0.470500 0.112600
vt 0.474300 0.112400
vt 0.463100 0.158000
vt 0.461500 0.156900
vt 0.466100 0.112600
vt 0.468300 0.112600
vt 0.478500 0.164700
vt 0.472400 0.162200
vt 0.477800 0.112200
vt 0.482500 0.112100
vt 0.068700 0.092800
vt 0.061400 0.096500
vt 0.068800 0.054100
vt 0.074000 0.049400
vt 0.046900 0.101300
vt 0.057700 0.061600
vt 0.079400 0.088000
vt 0.076100 0.089100
vt 0.079100 0.044600
vt 0.081300 0.043000
vt 0.083900 0.087200
vt 0.082600 0.086900
vt 0.083500 0.041500
vt 0.084200 0.042400
vt 0.042700 0.103300
vt 0.041300 0.104400
vt 0.052300 0.067500
vt 0.053900 0.065400
vt 0.490500 0.476700
vt 0.486800 0.476500
vt 0.487100 0.473000
vt 0.490800 0.473100
vt 0.150000 0.249200
vt 0.150000 0.223000
vt 0.157400 0.218900
vt 0.157500 0.247000
vt 0.901700 0.273700
vt 0.893400 0.273700
vt 0.892700 0.244300
vt 0.901400 0.244200
vt 0.026400 0.281000
vt 0.023800 0.256000
vt 0.027300 0.255600
vt 0.030000 0.280500
vt 0.961500 0.275600
vt 0.953900 0.274200
vt 0.956700 0.245600
vt 0.964500 0.247200
vt 0.886100 0.275200
vt 0.884900 0.246200
vt 0.497300 0.297400
vt 0.484100 0.297000
vt 0.485600 0.271400
vt 0.497700 0.272100
vt 0.873400 0.276900
vt 0.867600 0.277200
vt 0.866400 0.247500
vt 0.872000 0.247800
vt 0.516100 0.297800
vt 0.510200 0.298200
vt 0.509600 0.272700
vt 0.515600 0.271300
vt 0.159600 0.246300
vt 0.159300 0.217700
vt 0.950500 0.273400
vt 0.947200 0.272600
vt 0.949500 0.243200
vt 0.953100 0.244400
vt 0.117800 0.253100
vt 0.112100 0.253100
vt 0.111100 0.228900
vt 0.117000 0.229200
vt 0.083300 0.273000
vt 0.080300 0.273000
vt 0.079100 0.248300
vt 0.082000 0.248300
vt 0.130600 0.252700
vt 0.123800 0.252900
vt 0.123000 0.229400
vt 0.130100 0.229200
vt 0.088900 0.272200
vt 0.086300 0.272900
vt 0.084900 0.248400
vt 0.087400 0.247700
vt 0.041500 0.280500
vt 0.038600 0.255900
vt 0.048600 0.256300
vt 0.051500 0.280600
vt 0.469100 0.293500
vt 0.465900 0.292700
vt 0.465900 0.263500
vt 0.469700 0.265000
vt 0.109500 0.253400
vt 0.107200 0.253700
vt 0.106100 0.229200
vt 0.108400 0.229100
vt 0.824800 0.295600
vt 0.820200 0.295300
vt 0.822300 0.265900
vt 0.826700 0.266200
vt 0.981500 0.278800
vt 0.978900 0.278500
vt 0.981100 0.250000
vt 0.983700 0.250000
vt 0.463200 0.292200
vt 0.461100 0.291700
vt 0.460100 0.261100
vt 0.462700 0.262300
vt 0.170900 0.245100
vt 0.165900 0.244700
vt 0.165200 0.214900
vt 0.170200 0.215600
vt 0.179200 0.245900
vt 0.175500 0.245400
vt 0.174600 0.216400
vt 0.178800 0.217400
vt 0.834700 0.296500
vt 0.829300 0.295800
vt 0.831000 0.266400
vt 0.836900 0.267000
vt 0.974500 0.277900
vt 0.969600 0.277000
vt 0.972800 0.248800
vt 0.977100 0.249400
vt 0.020400 0.282000
vt 0.018000 0.282500
vt 0.015700 0.257100
vt 0.018100 0.256700
vt 0.064900 0.276900
vt 0.063500 0.252100
vt 0.914000 0.274100
vt 0.909300 0.273600
vt 0.909400 0.244200
vt 0.914500 0.244800
vt 0.816600 0.294800
vt 0.813900 0.294400
vt 0.815600 0.264800
vt 0.818400 0.265300
vt 0.139900 0.251900
vt 0.137300 0.252400
vt 0.137100 0.228900
vt 0.139800 0.228000
vt 0.478400 0.295600
vt 0.472300 0.294200
vt 0.473200 0.266500
vt 0.479700 0.269000
vt 0.163800 0.245200
vt 0.161800 0.245700
vt 0.161300 0.216500
vt 0.163200 0.215700
vt 0.152400 0.404200
vt 0.151500 0.406900
vt 0.150500 0.409600
vt 0.100600 0.437800
vt 0.099700 0.437600
vt 0.098800 0.437400
vt 0.100800 0.433100
vt 0.099100 0.428600
vt 0.102300 0.437600
vt 0.101400 0.437700
vt 0.080300 0.449600
vt 0.077000 0.446600
vt 0.084100 0.452600
vt 0.083600 0.454300
vt 0.082900 0.456200
vt 0.931700 0.455700
vt 0.929500 0.454100
vt 0.925900 0.451500
vt 0.086700 0.448900
vt 0.089400 0.444800
vt 0.155600 0.399400
vt 0.153900 0.401800
vt 0.483900 0.480800
vt 0.482800 0.481200
vt 0.481700 0.481500
vt 0.149600 0.410400
vt 0.148900 0.411300
vt 0.809900 0.467500
vt 0.808200 0.466600
vt 0.805900 0.465100
vt 0.937100 0.455100
vt 0.939800 0.450500
vt 0.933900 0.459700
vt 0.933500 0.459200
vt 0.933000 0.458500
vt 0.162100 0.395400
vt 0.159800 0.396600
vt 0.157500 0.397800
vt 0.480800 0.481800
vt 0.480000 0.482000
vt 0.168400 0.397100
vt 0.166800 0.395900
vt 0.165200 0.394800
vt 0.171000 0.395600
vt 0.172100 0.391600
vt 0.170000 0.399600
vt 0.169400 0.398400
vt 0.813400 0.466200
vt 0.815000 0.463300
vt 0.811300 0.469100
vt 0.810700 0.468300
vt 0.932200 0.457000
vt 0.082500 0.457500
vt 0.082300 0.458600
vt 0.094000 0.441300
vt 0.883100 0.452300
vt 0.885700 0.447800
vt 0.880500 0.456800
vt 0.879600 0.454900
vt 0.878400 0.452900
vt 0.804900 0.464700
vt 0.804200 0.464300
vt 0.156600 0.398600
vt 0.486600 0.481300
vt 0.485300 0.481100
vt 0.164500 0.394900
vt 0.163700 0.394900
vt 0.871200 0.443700
vt 0.873200 0.445600
vt 0.869400 0.441800
vt 0.871000 0.438100
vt 0.872500 0.434400
vt 0.497700 0.477000
vt 0.498000 0.472600
vt 0.496200 0.481600
vt 0.494400 0.481600
vt 0.492700 0.481500
vt 0.924500 0.450800
vt 0.923100 0.450100
vt 0.162900 0.395200
vt 0.875300 0.427300
vt 0.878000 0.420100
vt 0.071800 0.433800
vt 0.066400 0.419800
vt 0.096900 0.415800
vt 0.095100 0.403600
vt 0.944300 0.438800
vt 0.947400 0.426400
vt 0.175000 0.384800
vt 0.177300 0.378000
vt 0.817100 0.453400
vt 0.819100 0.441600
vt 0.889900 0.434600
vt 0.894100 0.421400
vt 0.501900 0.460800
vt 0.504000 0.446800
vt 0.509200 0.420200
vt 0.513900 0.392100
vt 0.059200 0.392500
vt 0.051900 0.365400
vt 0.093300 0.380500
vt 0.090700 0.356600
vt 0.953500 0.401800
vt 0.959000 0.376000
vt 0.177800 0.356700
vt 0.177100 0.335000
vt 0.820800 0.418700
vt 0.822500 0.393500
vt 0.898900 0.397100
vt 0.904200 0.372500
vt 0.141600 0.305600
vt 0.142700 0.275400
vt 0.877700 0.337400
vt 0.878800 0.305300
vt 0.142500 0.227100
vt 0.142400 0.203500
vt 0.143100 0.179900
vt 0.518600 0.358300
vt 0.522600 0.323500
vt 0.042600 0.334500
vt 0.035400 0.303600
vt 0.092500 0.325900
vt 0.091900 0.295300
vt 0.969500 0.342200
vt 0.978600 0.307800
vt 0.178400 0.304900
vt 0.180800 0.274800
vt 0.828000 0.360000
vt 0.835500 0.325400
vt 0.909500 0.338100
vt 0.914900 0.304000
vt 0.020500 0.256300
vt 0.020000 0.231600
vt 0.020700 0.207700
vt 0.877600 0.248100
vt 0.877800 0.219800
vt 0.875800 0.190800
vt 0.144700 0.104800
vt 0.521600 0.242800
vt 0.518900 0.216300
vt 0.522300 0.269900
vt 0.089000 0.223900
vt 0.087800 0.201200
vt 0.089500 0.247000
vt 0.987000 0.220200
vt 0.987000 0.190200
vt 0.986100 0.250000
vt 0.184200 0.190500
vt 0.183000 0.162300
vt 0.182900 0.218300
vt 0.841700 0.237300
vt 0.842000 0.207100
vt 0.842000 0.267700
vt 0.917000 0.216200
vt 0.913500 0.186400
vt 0.919500 0.245500
vt 0.132500 0.135300
vt 0.124400 0.087000
vt 0.154500 0.069700
vt 0.153300 0.044600
vt 0.155900 0.094700
vt 0.055400 0.063200
vt 0.065400 0.041700
vt 0.076500 0.020300
vt 0.872600 0.119900
vt 0.868300 0.086400
vt 0.863800 0.053000
vt 0.051300 0.174200
vt 0.054200 0.138900
vt 0.498100 0.073600
vt 0.491300 0.036300
vt 0.504300 0.110200
vt 0.086900 0.031300
vt 0.088600 0.019100
vt 0.085000 0.043400
vt 0.971200 0.108900
vt 0.965000 0.089600
vt 0.976700 0.128200
vt 0.143900 0.142400
vt 0.170300 0.080200
vt 0.168200 0.057100
vt 0.172500 0.103300
vt 0.825000 0.080300
vt 0.819500 0.042900
vt 0.829900 0.117100
vt 0.887100 0.095900
vt 0.878700 0.069400
vt 0.895700 0.122200
vt 0.866200 0.441900
vt 0.863100 0.442000
vt 0.875900 0.449300
vt 0.027200 0.174000
vt 0.033600 0.140900
vt 0.085300 0.166600
vt 0.083900 0.131100
vt 0.123600 0.054600
vt 0.122800 0.021800
vt 0.159000 0.125200
vt 0.176900 0.132900
vt 0.872800 0.155300
vt 0.904000 0.154400
vt 0.983400 0.159000
vt 0.836800 0.163000
vt 0.515000 0.163600
vt 0.044100 0.102200
vt 0.085100 0.087600
vt 0.489700 0.481600
vt 0.142600 0.251500
vt 0.022900 0.281400
vt 0.879100 0.276500
vt 0.522600 0.297300
vt 0.091000 0.271500
vt 0.983700 0.279000
vt 0.182900 0.246400
vt 0.839400 0.297100
vt 0.918800 0.274600
vt 0.144700 0.386000
vt 0.140700 0.374300
vt 0.149000 0.366200
vt 0.152100 0.375000
vt 0.061200 0.416500
vt 0.065800 0.407500
vt 0.068400 0.410700
vt 0.064400 0.419900
vt 0.170100 0.373400
vt 0.163800 0.370100
vt 0.163800 0.364400
vt 0.172700 0.366800
vt 0.073000 0.167800
vt 0.044900 0.173700
vt 0.048300 0.139700
vt 0.071700 0.132600
vt 0.825400 0.080300
vt 0.815500 0.072700
vt 0.815000 0.034800
vt 0.820600 0.042900
vt 0.138000 0.291600
vt 0.116100 0.294100
vt 0.112800 0.266400
vt 0.138800 0.264100
vt 0.472600 0.277600
vt 0.473000 0.255500
vt 0.496900 0.261000
vt 0.496600 0.280400
vt 0.876600 0.078900
vt 0.870000 0.040200
vt 0.880700 0.069400
vt 0.887800 0.095900
vt 0.949500 0.412500
vt 0.946000 0.409900
vt 0.948000 0.398800
vt 0.953100 0.401200
vt 0.961700 0.313800
vt 0.946700 0.311200
vt 0.949200 0.283800
vt 0.966500 0.286700
vt 0.874000 0.288700
vt 0.894200 0.285700
vt 0.893000 0.313000
vt 0.874800 0.315400
vt 0.180400 0.186800
vt 0.162600 0.182100
vt 0.160900 0.154500
vt 0.179300 0.160600
vt 0.164100 0.236100
vt 0.163700 0.263100
vt 0.156800 0.263300
vt 0.156600 0.238100
vt 0.822400 0.367900
vt 0.815800 0.362600
vt 0.816900 0.359500
vt 0.823900 0.365100
vt 0.895800 0.401300
vt 0.887700 0.393700
vt 0.890800 0.384100
vt 0.899300 0.388700
vt 0.167800 0.080200
vt 0.163500 0.070200
vt 0.162800 0.046100
vt 0.165800 0.057100
vt 0.497400 0.427400
vt 0.491300 0.426900
vt 0.491600 0.423300
vt 0.497700 0.422900
vt 0.156400 0.212600
vt 0.163400 0.209000
vt 0.871500 0.213700
vt 0.869600 0.187100
vt 0.889800 0.183400
vt 0.892500 0.210700
vt 0.116200 0.087500
vt 0.118900 0.054900
vt 0.125800 0.054600
vt 0.126500 0.087000
vt 0.162700 0.290600
vt 0.155900 0.290800
vt 0.517100 0.237800
vt 0.496500 0.240600
vt 0.495700 0.219100
vt 0.514800 0.214700
vt 0.891900 0.362600
vt 0.903000 0.366100
vt 0.877000 0.343000
vt 0.893200 0.341700
vt 0.492200 0.413200
vt 0.501000 0.411600
vt 0.155500 0.187600
vt 0.154700 0.162300
vt 0.887800 0.423400
vt 0.881700 0.412000
vt 0.883200 0.407800
vt 0.890000 0.418900
vt 0.164000 0.359000
vt 0.174800 0.360000
vt 0.159900 0.370800
vt 0.159100 0.362700
vt 0.135800 0.363300
vt 0.127900 0.342800
vt 0.141600 0.338400
vt 0.145900 0.357400
vt 0.040800 0.267500
vt 0.022400 0.270300
vt 0.021500 0.249000
vt 0.039500 0.247000
vt 0.815100 0.290700
vt 0.816900 0.273400
vt 0.838300 0.275700
vt 0.833100 0.292600
vt 0.481700 0.427300
vt 0.484900 0.426900
vt 0.484800 0.431500
vt 0.482400 0.432400
vt 0.873500 0.263800
vt 0.871800 0.239000
vt 0.893900 0.236300
vt 0.895300 0.261000
vt 0.969200 0.264200
vt 0.951600 0.260000
vt 0.952700 0.235800
vt 0.970900 0.241000
vt 0.158300 0.354800
vt 0.817700 0.342600
vt 0.816300 0.325700
vt 0.828400 0.328000
vt 0.827300 0.345600
vt 0.154900 0.319100
vt 0.162000 0.318900
vt 0.884800 0.403700
vt 0.892300 0.414300
vt 0.179300 0.212200
vt 0.968500 0.108900
vt 0.953100 0.076300
vt 0.943800 0.039600
vt 0.963700 0.089600
vt 0.137100 0.319800
vt 0.052400 0.067500
vt 0.060000 0.046000
vt 0.068000 0.038200
vt 0.062000 0.057100
vt 0.980100 0.266500
vt 0.981200 0.242500
vt 0.507100 0.375500
vt 0.492600 0.375800
vt 0.493100 0.352000
vt 0.511100 0.352700
vt 0.174600 0.318900
vt 0.175600 0.290900
vt 0.818200 0.259000
vt 0.840700 0.261800
vt 0.818700 0.243200
vt 0.817800 0.224100
vt 0.840900 0.227000
vt 0.842000 0.246000
vt 0.938600 0.403500
vt 0.939900 0.392200
vt 0.138500 0.243100
vt 0.111500 0.244900
vt 0.110400 0.222700
vt 0.138200 0.221800
vt 0.055000 0.098400
vt 0.043700 0.104400
vt 0.022300 0.227600
vt 0.023700 0.205900
vt 0.040400 0.205500
vt 0.040100 0.226300
vt 0.471000 0.325700
vt 0.472400 0.352900
vt 0.467000 0.353500
vt 0.465600 0.326300
vt 0.914400 0.286900
vt 0.910700 0.315100
vt 0.916800 0.262500
vt 0.916600 0.238000
vt 0.150000 0.068600
vt 0.144000 0.081700
vt 0.145300 0.053700
vt 0.149900 0.039100
vt 0.817500 0.351300
vt 0.825700 0.355900
vt 0.161100 0.377000
vt 0.155400 0.381000
vt 0.153700 0.378000
vt 0.160500 0.373900
vt 0.073400 0.279900
vt 0.073500 0.304400
vt 0.047800 0.309700
vt 0.043600 0.285600
vt 0.885600 0.151100
vt 0.869400 0.155600
vt 0.871100 0.122600
vt 0.883200 0.117500
vt 0.138900 0.179900
vt 0.140600 0.145400
vt 0.152500 0.130800
vt 0.030400 0.173900
vt 0.481600 0.422700
vt 0.485500 0.423500
vt 0.153500 0.069700
vt 0.152400 0.044600
vt 0.943400 0.360100
vt 0.945400 0.339400
vt 0.956700 0.341800
vt 0.953400 0.364000
vt 0.944800 0.413600
vt 0.937500 0.407800
vt 0.157600 0.125000
vt 0.150200 0.098000
vt 0.154800 0.094700
vt 0.074300 0.199900
vt 0.074500 0.220100
vt 0.110200 0.180900
vt 0.112400 0.136300
vt 0.133800 0.134800
vt 0.878700 0.385600
vt 0.877900 0.364000
vt 0.179400 0.237800
vt 0.156400 0.336900
vt 0.177700 0.263500
vt 0.970800 0.317300
vt 0.976900 0.289800
vt 0.941500 0.380800
vt 0.949900 0.386400
vt 0.936600 0.412100
vt 0.943300 0.417700
vt 0.493800 0.167400
vt 0.511400 0.163600
vt 0.476700 0.112400
vt 0.491900 0.111100
vt 0.472100 0.160600
vt 0.073900 0.260600
vt 0.073000 0.350300
vt 0.074600 0.371700
vt 0.060400 0.382300
vt 0.056600 0.357600
vt 0.972800 0.128200
vt 0.962500 0.112900
vt 0.902200 0.154400
vt 0.910400 0.185300
vt 0.121500 0.022000
vt 0.125100 0.021800
vt 0.074300 0.019000
vt 0.079700 0.017000
vt 0.077600 0.030100
vt 0.518300 0.300900
vt 0.496100 0.299100
vt 0.518200 0.281100
vt 0.963600 0.344900
vt 0.490700 0.431800
vt 0.164000 0.376500
vt 0.164000 0.373300
vt 0.959800 0.367200
vt 0.966700 0.151900
vt 0.948800 0.145300
vt 0.948100 0.108200
vt 0.466500 0.298900
vt 0.472800 0.298500
vt 0.120100 0.322200
vt 0.071300 0.414000
vt 0.067800 0.423800
vt 0.077300 0.131100
vt 0.073800 0.088000
vt 0.078300 0.087600
vt 0.481500 0.412200
vt 0.478000 0.410600
vt 0.071400 0.329600
vt 0.053000 0.334700
vt 0.955400 0.389400
vt 0.147100 0.389500
vt 0.817200 0.200500
vt 0.840600 0.204500
vt 0.515000 0.326800
vt 0.494400 0.325400
vt 0.517800 0.259800
vt 0.951600 0.209800
vt 0.970900 0.216000
vt 0.492000 0.400000
vt 0.479400 0.398300
vt 0.877000 0.392800
vt 0.978000 0.159000
vt 0.502400 0.110200
vt 0.465900 0.156900
vt 0.469800 0.112600
vt 0.044100 0.365600
vt 0.037700 0.342600
vt 0.162400 0.124900
vt 0.164100 0.094400
vt 0.169700 0.103300
vt 0.173700 0.132500
vt 0.162500 0.339000
vt 0.080100 0.399000
vt 0.078400 0.395200
vt 0.081200 0.394600
vt 0.082600 0.399000
vt 0.079700 0.031300
vt 0.081000 0.019100
vt 0.971100 0.189400
vt 0.980900 0.189400
vt 0.073900 0.240100
vt 0.050700 0.389800
vt 0.814400 0.309700
vt 0.829300 0.311300
vt 0.475700 0.375400
vt 0.169200 0.377400
vt 0.947500 0.417100
vt 0.945000 0.421800
vt 0.820700 0.370700
vt 0.814400 0.366000
vt 0.875200 0.400100
vt 0.477300 0.068000
vt 0.489200 0.067700
vt 0.473200 0.075200
vt 0.465700 0.276400
vt 0.816400 0.157200
vt 0.835700 0.163000
vt 0.079900 0.239000
vt 0.080100 0.259500
vt 0.078400 0.166500
vt 0.942700 0.078100
vt 0.937100 0.047800
vt 0.138100 0.201000
vt 0.110300 0.201600
vt 0.471800 0.231900
vt 0.463700 0.226800
vt 0.464600 0.199100
vt 0.472700 0.206500
vt 0.485100 0.022200
vt 0.491200 0.036300
vt 0.497000 0.073600
vt 0.175200 0.339500
vt 0.950500 0.181600
vt 0.168300 0.381300
vt 0.471000 0.375300
vt 0.475500 0.397300
vt 0.913900 0.212400
vt 0.496200 0.432000
vt 0.873100 0.408500
vt 0.874100 0.404300
vt 0.056000 0.403300
vt 0.063100 0.395200
vt 0.030800 0.316600
vt 0.025700 0.290200
vt 0.075300 0.043000
vt 0.081700 0.403300
vt 0.083700 0.403500
vt 0.079800 0.279100
vt 0.076400 0.383500
vt 0.869400 0.095400
vt 0.149300 0.393100
vt 0.078200 0.043400
vt 0.079900 0.199000
vt 0.142400 0.109500
vt 0.464800 0.252600
vt 0.817100 0.110300
vt 0.829700 0.117100
vt 0.036100 0.140800
vt 0.477000 0.037000
vt 0.479700 0.022300
vt 0.068800 0.024600
vt 0.080200 0.219200
vt 0.076300 0.329800
vt 0.077600 0.350400
vt 0.867500 0.068000
vt 0.078400 0.371000
vt 0.079600 0.382400
vt 0.895200 0.122200
vt 0.907100 0.344500
vt 0.079000 0.304300
vt 0.981300 0.216800
vt 0.502800 0.398600
vt 0.929500 0.448500
vt 0.931300 0.444500
vt 0.151000 0.399600
vt 0.148700 0.396100
vt 0.157300 0.394200
vt 0.156000 0.391200
vt 0.169500 0.393900
vt 0.170300 0.389900
vt 0.812000 0.465000
vt 0.813100 0.462700
vt 0.087200 0.440400
vt 0.084200 0.437200
vt 0.881500 0.449200
vt 0.883900 0.444500
vt 0.487600 0.462700
vt 0.486900 0.448900
vt 0.869600 0.426400
vt 0.871800 0.419000
vt 0.933100 0.432700
vt 0.935600 0.420000
vt 0.144600 0.386700
vt 0.140400 0.377300
vt 0.153500 0.382700
vt 0.151000 0.374200
vt 0.171700 0.385200
vt 0.172700 0.380800
vt 0.814100 0.453500
vt 0.814900 0.441300
vt 0.081700 0.424800
vt 0.079200 0.411800
vt 0.887900 0.432000
vt 0.891700 0.419500
vt 0.485800 0.421600
vt 0.484700 0.392500
vt 0.147400 0.355100
vt 0.144000 0.335800
vt 0.871400 0.395300
vt 0.871100 0.371300
vt 0.939400 0.396200
vt 0.943800 0.371500
vt 0.134300 0.356700
vt 0.127800 0.336300
vt 0.172800 0.358800
vt 0.172500 0.335600
vt 0.815600 0.418200
vt 0.816500 0.392800
vt 0.896000 0.395800
vt 0.900600 0.371700
vt 0.948200 0.337200
vt 0.953700 0.303300
vt 0.152700 0.305100
vt 0.153800 0.274900
vt 0.484800 0.357900
vt 0.486200 0.322400
vt 0.152900 0.194500
vt 0.152600 0.168200
vt 0.869600 0.338900
vt 0.870000 0.306800
vt 0.127700 0.305900
vt 0.127700 0.275700
vt 0.173700 0.305000
vt 0.175800 0.274600
vt 0.821700 0.358900
vt 0.828400 0.324400
vt 0.904300 0.337300
vt 0.908400 0.303500
vt 0.960800 0.217000
vt 0.961100 0.187100
vt 0.488600 0.245900
vt 0.488600 0.220400
vt 0.147200 0.072600
vt 0.148100 0.042000
vt 0.869600 0.218600
vt 0.868000 0.189100
vt 0.126500 0.206700
vt 0.127200 0.184200
vt 0.177100 0.188500
vt 0.175600 0.159600
vt 0.833700 0.236100
vt 0.833600 0.205700
vt 0.909700 0.214800
vt 0.906200 0.184700
vt 0.124100 0.133900
vt 0.120000 0.082700
vt 0.943600 0.071700
vt 0.932800 0.035000
vt 0.487000 0.167200
vt 0.488200 0.111700
vt 0.866200 0.093100
vt 0.863300 0.064300
vt 0.150900 0.134000
vt 0.149300 0.099700
vt 0.168600 0.072400
vt 0.166700 0.046900
vt 0.821300 0.073900
vt 0.817000 0.032800
vt 0.076100 0.035900
vt 0.082200 0.018400
vt 0.882800 0.087900
vt 0.873900 0.056200
vt 0.865900 0.437800
vt 0.867200 0.433700
vt 0.121300 0.050500
vt 0.122600 0.018100
vt 0.172300 0.128800
vt 0.170600 0.097900
vt 0.485500 0.067800
vt 0.482300 0.021800
vt 0.867300 0.155600
vt 0.868600 0.121900
vt 0.898500 0.152200
vt 0.892000 0.119600
vt 0.957300 0.147900
vt 0.954400 0.108300
vt 0.829800 0.160900
vt 0.825700 0.114300
vt 0.063200 0.095500
vt 0.070100 0.052900
vt 0.487700 0.476600
vt 0.488000 0.473100
vt 0.153700 0.248100
vt 0.153700 0.220900
vt 0.957700 0.274900
vt 0.960600 0.246400
vt 0.487400 0.297100
vt 0.488600 0.271600
vt 0.870500 0.277100
vt 0.869200 0.247700
vt 0.127200 0.252800
vt 0.126500 0.229300
vt 0.177400 0.245600
vt 0.176700 0.216900
vt 0.832000 0.296200
vt 0.834000 0.266700
vt 0.911700 0.273800
vt 0.911900 0.244500
vt 0.927700 0.452800
vt 0.153200 0.403000
vt 0.158600 0.397200
vt 0.168900 0.397800
vt 0.810300 0.467900
vt 0.935400 0.453600
vt 0.937500 0.449400
vt 0.932600 0.457800
vt 0.090600 0.443900
vt 0.879000 0.453900
vt 0.941300 0.438100
vt 0.943500 0.425300
vt 0.883700 0.394000
vt 0.885300 0.370100
vt 0.882500 0.417700
vt 0.949100 0.400300
vt 0.953900 0.374200
vt 0.081700 0.409700
vt 0.077500 0.383700
vt 0.073300 0.358400
vt 0.151500 0.335600
vt 0.963600 0.340100
vt 0.971600 0.306100
vt 0.069000 0.328900
vt 0.064200 0.300100
vt 0.146200 0.103100
vt 0.980000 0.220500
vt 0.979900 0.191000
vt 0.979100 0.249700
vt 0.059800 0.253200
vt 0.059700 0.229300
vt 0.058900 0.206200
vt 0.961600 0.092400
vt 0.952800 0.064500
vt 0.970400 0.120200
vt 0.864700 0.441900
vt 0.060000 0.171900
vt 0.061100 0.136900
vt 0.975900 0.155900
vt 0.056500 0.138200
vt 0.487400 0.481400
vt 0.976700 0.278200
vt 0.061500 0.277900
vt 0.166200 0.392000
vt 0.166300 0.388600
vt 0.166600 0.383300
vt 0.167100 0.378300
vt 0.165700 0.357200
vt 0.165300 0.335400
vt 0.166200 0.304800
vt 0.167600 0.274600
vt 0.167100 0.186100
vt 0.165200 0.156600
vt 0.166200 0.070100
vt 0.165200 0.045400
vt 0.166000 0.125700
vt 0.167100 0.094800
vt 0.168400 0.244900
vt 0.167700 0.215300
vt 0.166000 0.395400
vt 0.873300 0.427000
vt 0.875900 0.419700
vt 0.870700 0.434200
vt 0.875900 0.395300
vt 0.875900 0.370600
vt 0.875000 0.337900
vt 0.875900 0.305800
vt 0.875000 0.219400
vt 0.873200 0.190200
vt 0.874800 0.248000
vt 0.867600 0.088700
vt 0.863700 0.056800
vt 0.871200 0.120600
vt 0.869200 0.438000
vt 0.867800 0.441800
vt 0.871000 0.155400
vt 0.876300 0.276700
vt 0.875700 0.436500
vt 0.873900 0.440600
vt 0.879000 0.427100
vt 0.887900 0.304000
vt 0.885700 0.336700
vt 0.885700 0.186100
vt 0.888100 0.216000
vt 0.865500 0.043400
vt 0.872500 0.080800
vt 0.879300 0.118100
vt 0.881400 0.152100
vt 0.888800 0.245300
vt 0.889700 0.274400
vt 0.872200 0.444600
vt 0.882200 0.428100
vt 0.886000 0.417500
vt 0.888200 0.394100
vt 0.890900 0.370400
vt 0.892200 0.336600
vt 0.895000 0.303500
vt 0.895800 0.214600
vt 0.892900 0.184400
vt 0.875800 0.080500
vt 0.867600 0.043100
vt 0.876600 0.443100
vt 0.878600 0.438900
vt 0.887500 0.151200
vt 0.884000 0.117800
vt 0.897500 0.273700
vt 0.897100 0.244300
vt 0.874500 0.447400
vt 0.160000 0.392900
vt 0.159200 0.389800
vt 0.160900 0.396000
vt 0.157700 0.381500
vt 0.156300 0.373300
vt 0.153700 0.354500
vt 0.149400 0.069900
vt 0.149600 0.040100
vt 0.145300 0.305400
vt 0.146400 0.275300
vt 0.145900 0.200500
vt 0.146300 0.225000
vt 0.146200 0.176000
vt 0.146200 0.139600
vt 0.146300 0.250300
vt 0.152800 0.397400
vt 0.150900 0.394300
vt 0.154800 0.400600
vt 0.147300 0.385200
vt 0.143500 0.376100
vt 0.138300 0.356100
vt 0.132900 0.336100
vt 0.133600 0.305800
vt 0.134300 0.275600
vt 0.133500 0.206300
vt 0.134500 0.183500
vt 0.133600 0.229000
vt 0.129700 0.134800
vt 0.122900 0.085600
vt 0.122800 0.053200
vt 0.122700 0.020600
vt 0.133900 0.252500
vt 0.148300 0.404600
vt 0.145600 0.400900
vt 0.141000 0.390100
vt 0.136100 0.379500
vt 0.128500 0.358200
vt 0.120400 0.336900
vt 0.117800 0.306600
vt 0.116100 0.276200
vt 0.113900 0.206200
vt 0.114000 0.183900
vt 0.114300 0.133500
vt 0.115300 0.081300
vt 0.118500 0.049200
vt 0.121600 0.016900
vt 0.115000 0.253100
vt 0.114000 0.229100
vt 0.151000 0.408200
vt 0.095200 0.434300
vt 0.093900 0.435300
vt 0.091500 0.431700
vt 0.093000 0.430500
vt 0.097600 0.438400
vt 0.096400 0.439300
vt 0.090100 0.418400
vt 0.088700 0.419500
vt 0.085900 0.406700
vt 0.087400 0.405600
vt 0.081600 0.031700
vt 0.080700 0.032400
vt 0.084800 0.017500
vt 0.085400 0.017300
vt 0.077800 0.045800
vt 0.076500 0.047000
vt 0.074300 0.090000
vt 0.072400 0.091000
vt 0.070400 0.134200
vt 0.068000 0.134900
vt 0.082400 0.381600
vt 0.078800 0.357000
vt 0.080700 0.356600
vt 0.084100 0.380900
vt 0.077300 0.327100
vt 0.074200 0.297900
vt 0.077700 0.297100
vt 0.080200 0.326500
vt 0.071200 0.226600
vt 0.070200 0.203700
vt 0.074100 0.202900
vt 0.075100 0.225700
vt 0.069000 0.169700
vt 0.072100 0.169000
vt 0.072600 0.275000
vt 0.071300 0.250200
vt 0.075200 0.249300
vt 0.076400 0.274000
vt 0.089900 0.438400
vt 0.087200 0.435000
vt 0.084500 0.422700
vt 0.078000 0.034500
vt 0.083200 0.018000
vt 0.066900 0.093700
vt 0.072700 0.050500
vt 0.092900 0.442200
vt 0.074700 0.385000
vt 0.070100 0.359200
vt 0.064200 0.329900
vt 0.058300 0.301500
vt 0.052200 0.231300
vt 0.052300 0.255300
vt 0.051500 0.208000
vt 0.054200 0.173400
vt 0.054800 0.279700
vt 0.083800 0.444600
vt 0.080500 0.441400
vt 0.081300 0.440400
vt 0.084500 0.443500
vt 0.077300 0.428800
vt 0.074000 0.415300
vt 0.075300 0.414500
vt 0.078300 0.427900
vt 0.068600 0.388100
vt 0.063100 0.361600
vt 0.064900 0.360900
vt 0.070200 0.387300
vt 0.055400 0.331700
vt 0.048600 0.302600
vt 0.050900 0.302400
vt 0.057500 0.331300
vt 0.040800 0.231800
vt 0.040400 0.208300
vt 0.042900 0.208500
vt 0.043400 0.231900
vt 0.044000 0.280500
vt 0.041100 0.256000
vt 0.043600 0.256100
vt 0.046500 0.280500
vt 0.087400 0.447900
vt 0.088100 0.446900
vt 0.047100 0.174100
vt 0.045000 0.174000
vt 0.048900 0.139500
vt 0.050600 0.139300
vt 0.058500 0.097400
vt 0.057100 0.097900
vt 0.065600 0.056300
vt 0.066600 0.055600
vt 0.073600 0.037400
vt 0.072800 0.037800
vt 0.080500 0.018900
vt 0.080900 0.018800
vt 0.040700 0.173900
vt 0.038400 0.173800
vt 0.043500 0.140000
vt 0.045300 0.139800
vt 0.054100 0.098900
vt 0.052700 0.099400
vt 0.062300 0.058600
vt 0.063400 0.057800
vt 0.071200 0.038600
vt 0.070400 0.039000
vt 0.079200 0.019200
vt 0.079600 0.019100
vt 0.035200 0.207900
vt 0.032500 0.207800
vt 0.085400 0.450700
vt 0.081700 0.447600
vt 0.082300 0.446600
vt 0.086100 0.449800
vt 0.078400 0.444500
vt 0.079100 0.443500
vt 0.074000 0.431800
vt 0.075100 0.430800
vt 0.069500 0.418000
vt 0.071100 0.417100
vt 0.063100 0.390700
vt 0.065100 0.389800
vt 0.056600 0.363900
vt 0.059000 0.363100
vt 0.047900 0.333300
vt 0.050600 0.332700
vt 0.040900 0.303200
vt 0.043600 0.302900
vt 0.033000 0.255800
vt 0.032700 0.231400
vt 0.035500 0.231500
vt 0.035800 0.255800
vt 0.035700 0.280500
vt 0.038600 0.280500
vt 0.494700 0.476800
vt 0.495100 0.473000
vt 0.497700 0.462200
vt 0.498500 0.448300
vt 0.502300 0.421100
vt 0.505700 0.392100
vt 0.509800 0.358100
vt 0.513200 0.323200
vt 0.511800 0.246300
vt 0.509600 0.220900
vt 0.494500 0.068900
vt 0.487800 0.026100
vt 0.506600 0.166300
vt 0.498900 0.110300
vt 0.513200 0.298000
vt 0.512600 0.272000
vt 0.493600 0.481600
vt 0.495200 0.462700
vt 0.494000 0.462700
vt 0.494000 0.448800
vt 0.495400 0.448800
vt 0.493400 0.473100
vt 0.492600 0.473100
vt 0.498100 0.421400
vt 0.496100 0.421400
vt 0.497900 0.392300
vt 0.500500 0.392200
vt 0.503900 0.358000
vt 0.500700 0.357900
vt 0.503400 0.322800
vt 0.506800 0.323000
vt 0.506000 0.247200
vt 0.503100 0.247000
vt 0.501600 0.221900
vt 0.504200 0.222100
vt 0.506600 0.272600
vt 0.503700 0.272400
vt 0.501600 0.167200
vt 0.499200 0.167300
vt 0.494700 0.110700
vt 0.496000 0.110500
vt 0.492200 0.067400
vt 0.491100 0.067500
vt 0.485300 0.022500
vt 0.485900 0.022600
vt 0.493000 0.476700
vt 0.492200 0.476700
vt 0.492000 0.481500
vt 0.491200 0.481500
vt 0.507000 0.298000
vt 0.503800 0.297800
vt 0.490200 0.462800
vt 0.489800 0.448800
vt 0.490000 0.421500
vt 0.490100 0.392400
vt 0.491200 0.357800
vt 0.493100 0.322500
vt 0.494500 0.246400
vt 0.493800 0.221100
vt 0.491900 0.167300
vt 0.490800 0.111300
vt 0.487700 0.067700
vt 0.483500 0.022000
vt 0.489600 0.476600
vt 0.489900 0.473100
vt 0.494000 0.297300
vt 0.494700 0.271900
vt 0.489000 0.481500
vt 0.484800 0.476400
vt 0.485300 0.473400
vt 0.482400 0.462700
vt 0.480500 0.447800
vt 0.477000 0.421100
vt 0.474000 0.392700
vt 0.472800 0.357700
vt 0.474600 0.321600
vt 0.475900 0.240300
vt 0.476600 0.213100
vt 0.479100 0.067600
vt 0.479300 0.021300
vt 0.475400 0.163500
vt 0.480200 0.112100
vt 0.475300 0.294900
vt 0.476500 0.267800
vt 0.484600 0.481000
vt 0.812900 0.465800
vt 0.814300 0.463100
vt 0.811000 0.468700
vt 0.816100 0.453500
vt 0.817700 0.441500
vt 0.819100 0.418600
vt 0.820600 0.393300
vt 0.826000 0.359700
vt 0.833300 0.325100
vt 0.839200 0.236900
vt 0.839400 0.206600
vt 0.839500 0.267400
vt 0.823700 0.078200
vt 0.818600 0.039500
vt 0.828400 0.116200
vt 0.834500 0.162300
vt 0.837100 0.296800
vt 0.932500 0.450700
vt 0.934100 0.446800
vt 0.930600 0.454900
vt 0.936300 0.435300
vt 0.938800 0.422300
vt 0.943300 0.397800
vt 0.948100 0.372400
vt 0.954700 0.338200
vt 0.961400 0.304300
vt 0.969200 0.218800
vt 0.970000 0.189200
vt 0.968700 0.248000
vt 0.948800 0.074800
vt 0.937300 0.038000
vt 0.960500 0.111400
vt 0.965000 0.150600
vt 0.965600 0.276300
vt 0.882600 0.451200
vt 0.885200 0.446700
vt 0.880000 0.455800
vt 0.889200 0.433800
vt 0.893300 0.420800
vt 0.898000 0.396600
vt 0.903000 0.372200
vt 0.907800 0.337800
vt 0.912800 0.303800
vt 0.914600 0.215700
vt 0.911000 0.185800
vt 0.917000 0.245200
vt 0.885600 0.093200
vt 0.877100 0.065000
vt 0.894400 0.121300
vt 0.902200 0.153700
vt 0.916400 0.274300
vt 0.216100 0.491500
vt 0.217300 0.453800
vt 0.238500 0.456400
vt 0.236700 0.488800
vt 0.101500 0.716800
vt 0.086200 0.680500
vt 0.116300 0.653300
vt 0.130400 0.688600
vt 0.070800 0.628600
vt 0.071400 0.565200
vt 0.102100 0.560500
vt 0.103300 0.605500
vt 0.261700 0.771300
vt 0.276400 0.800500
vt 0.241000 0.823800
vt 0.226800 0.791800
vt 0.063700 0.764000
vt 0.052700 0.717700
vt 0.065200 0.704200
vt 0.079300 0.744900
vt 0.050000 0.649700
vt 0.052300 0.579800
vt 0.225800 0.638100
vt 0.219700 0.605900
vt 0.241900 0.598500
vt 0.247800 0.629400
vt 0.162300 0.750300
vt 0.193900 0.730200
vt 0.212600 0.761400
vt 0.179300 0.779300
vt 0.289000 0.490800
vt 0.290500 0.468400
vt 0.343000 0.490600
vt 0.341700 0.505900
vt 0.140100 0.587200
vt 0.150800 0.630700
vt 0.130600 0.777800
vt 0.144300 0.805600
vt 0.191300 0.809300
vt 0.203900 0.841400
vt 0.163200 0.860000
vt 0.153400 0.831900
vt 0.409000 0.537000
vt 0.407700 0.543000
vt 0.213300 0.562500
vt 0.235700 0.555400
vt 0.039900 0.660700
vt 0.338000 0.712400
vt 0.352800 0.733700
vt 0.314300 0.767200
vt 0.298600 0.742100
vt 0.384800 0.678700
vt 0.395600 0.696700
vt 0.162400 0.665600
vt 0.288200 0.546200
vt 0.288300 0.513300
vt 0.341600 0.521800
vt 0.343500 0.546900
vt 0.190900 0.569500
vt 0.197500 0.613300
vt 0.311000 0.666100
vt 0.365000 0.639300
vt 0.374300 0.660600
vt 0.324000 0.692600
vt 0.406800 0.550300
vt 0.406700 0.565600
vt 0.345500 0.575500
vt 0.408900 0.580600
vt 0.288900 0.585000
vt 0.126800 0.883200
vt 0.120400 0.859700
vt 0.094900 0.877800
vt 0.099300 0.898800
vt 0.072500 0.911700
vt 0.067600 0.894900
vt 0.268900 0.688700
vt 0.284000 0.718800
vt 0.234900 0.520500
vt 0.292900 0.613300
vt 0.350100 0.597300
vt 0.235900 0.421700
vt 0.234300 0.385300
vt 0.300100 0.404000
vt 0.294800 0.437200
vt 0.138200 0.560200
vt 0.249200 0.700200
vt 0.265600 0.731200
vt 0.422600 0.640400
vt 0.428900 0.651500
vt 0.211100 0.529500
vt 0.103600 0.809900
vt 0.113800 0.837000
vt 0.356200 0.449500
vt 0.349300 0.470500
vt 0.213900 0.418400
vt 0.211500 0.382600
vt 0.229500 0.711700
vt 0.247200 0.743600
vt 0.280200 0.756700
vt 0.295300 0.783800
vt 0.203800 0.646900
vt 0.411300 0.591400
vt 0.415500 0.615600
vt 0.417900 0.629100
vt 0.417300 0.522700
vt 0.413000 0.529900
vt 0.187300 0.538600
vt 0.041100 0.593800
vt 0.083400 0.832800
vt 0.090700 0.857600
vt 0.410600 0.714900
vt 0.371600 0.761800
vt 0.440600 0.663500
vt 0.334100 0.800300
vt 0.256900 0.859000
vt 0.219200 0.878900
vt 0.313900 0.817700
vt 0.293600 0.835100
vt 0.176600 0.896900
vt 0.135800 0.915800
vt 0.105600 0.927800
vt 0.076700 0.935800
vt 0.306700 0.374300
vt 0.314900 0.345500
vt 0.370800 0.411300
vt 0.363300 0.429800
vt 0.216600 0.345100
vt 0.230200 0.302900
vt 0.249600 0.308600
vt 0.239600 0.348200
vt 0.425000 0.508800
vt 0.421100 0.515900
vt 0.332200 0.320200
vt 0.381900 0.398900
vt 0.266600 0.252200
vt 0.279700 0.261900
vt 0.431600 0.502400
vt 0.427300 0.725300
vt 0.394900 0.779800
vt 0.452500 0.671400
vt 0.359400 0.824400
vt 0.273700 0.891100
vt 0.231200 0.912800
vt 0.337100 0.844300
vt 0.314900 0.864200
vt 0.186400 0.929500
vt 0.143100 0.942800
vt 0.109900 0.950100
vt 0.346800 0.308700
vt 0.396200 0.390800
vt 0.253500 0.242400
vt 0.278000 0.218800
vt 0.287600 0.231700
vt 0.442600 0.496900
vt 0.297300 0.244500
vt 0.773100 0.480500
vt 0.752200 0.480900
vt 0.745400 0.448900
vt 0.766100 0.443100
vt 0.918000 0.688900
vt 0.886200 0.665000
vt 0.895100 0.631200
vt 0.928000 0.654400
vt 0.938400 0.594400
vt 0.902800 0.575600
vt 0.897700 0.533700
vt 0.929100 0.534400
vt 0.771200 0.757200
vt 0.808700 0.773900
vt 0.798700 0.807500
vt 0.760000 0.790200
vt 0.960400 0.730000
vt 0.941900 0.712700
vt 0.951300 0.675300
vt 0.965600 0.687800
vt 0.961900 0.612800
vt 0.950000 0.546600
vt 0.784700 0.628000
vt 0.761700 0.622300
vt 0.762900 0.593700
vt 0.786200 0.598000
vt 0.863300 0.729600
vt 0.851000 0.759400
vt 0.818900 0.742800
vt 0.831200 0.711700
vt 0.700300 0.490800
vt 0.650200 0.513800
vt 0.646600 0.498800
vt 0.695500 0.468800
vt 0.900100 0.604900
vt 0.861200 0.587100
vt 0.863500 0.562100
vt 0.895500 0.752000
vt 0.885000 0.780000
vt 0.843000 0.787600
vt 0.879900 0.804400
vt 0.875500 0.830900
vt 0.835900 0.818400
vt 0.590100 0.560500
vt 0.587900 0.554800
vt 0.786600 0.573000
vt 0.763600 0.569400
vt 0.763300 0.543900
vt 0.786500 0.547600
vt 0.970700 0.657500
vt 0.958600 0.647500
vt 0.973000 0.622200
vt 0.684900 0.716200
vt 0.728700 0.735300
vt 0.716900 0.763500
vt 0.673500 0.739400
vt 0.633800 0.691100
vt 0.626000 0.710400
vt 0.851400 0.646500
vt 0.857900 0.613300
vt 0.708900 0.543200
vt 0.654500 0.552800
vt 0.652700 0.529600
vt 0.704400 0.513100
vt 0.809700 0.576600
vt 0.809700 0.551300
vt 0.934700 0.627700
vt 0.704600 0.667500
vt 0.695600 0.694700
vt 0.641600 0.672100
vt 0.648000 0.651200
vt 0.594700 0.581900
vt 0.592100 0.567600
vt 0.656000 0.569400
vt 0.595100 0.591000
vt 0.712400 0.565500
vt 0.916100 0.825000
vt 0.914100 0.849400
vt 0.943100 0.843200
vt 0.969100 0.858000
vt 0.968200 0.873000
vt 0.942400 0.864200
vt 0.749700 0.680500
vt 0.739200 0.709800
vt 0.758700 0.512200
vt 0.714800 0.613100
vt 0.656100 0.607600
vt 0.657300 0.585700
vt 0.715100 0.586700
vt 0.742700 0.414000
vt 0.686500 0.438300
vt 0.676200 0.406000
vt 0.738800 0.377300
vt 0.861500 0.538000
vt 0.771700 0.688200
vt 0.760700 0.718100
vt 0.590800 0.659300
vt 0.586400 0.671200
vt 0.783800 0.517600
vt 0.924600 0.774900
vt 0.918200 0.801600
vt 0.637300 0.479700
vt 0.627200 0.459700
vt 0.764100 0.407300
vt 0.761000 0.371200
vt 0.782100 0.726500
vt 0.793700 0.695900
vt 0.749900 0.746200
vt 0.738400 0.776800
vt 0.807700 0.633600
vt 0.809400 0.602300
vt 0.594400 0.609700
vt 0.594900 0.599200
vt 0.593700 0.647400
vt 0.594100 0.634000
vt 0.582800 0.548300
vt 0.577500 0.541800
vt 0.809000 0.523000
vt 0.963000 0.559200
vt 0.948400 0.796700
vt 0.943800 0.823400
vt 0.658700 0.770200
vt 0.613900 0.730500
vt 0.576700 0.684800
vt 0.700600 0.801300
vt 0.829600 0.856300
vt 0.788300 0.846300
vt 0.746900 0.829200
vt 0.723700 0.815200
vt 0.911500 0.879200
vt 0.871300 0.866000
vt 0.972200 0.895900
vt 0.942800 0.891500
vt 0.664800 0.376600
vt 0.616900 0.440700
vt 0.607000 0.423800
vt 0.652600 0.350100
vt 0.749900 0.333800
vt 0.727600 0.340300
vt 0.711900 0.303500
vt 0.730400 0.294900
vt 0.572500 0.535400
vt 0.567700 0.529200
vt 0.594100 0.413300
vt 0.631700 0.327700
vt 0.675100 0.261900
vt 0.686600 0.250200
vt 0.560100 0.523700
vt 0.639100 0.791900
vt 0.599200 0.743300
vt 0.566300 0.694300
vt 0.680500 0.830200
vt 0.819600 0.894700
vt 0.774300 0.881900
vt 0.705300 0.846100
vt 0.730000 0.862100
vt 0.909800 0.911400
vt 0.865700 0.904700
vt 0.943000 0.915200
vt 0.578700 0.407400
vt 0.615500 0.318400
vt 0.662700 0.233000
vt 0.670300 0.218800
vt 0.698200 0.238600
vt 0.548300 0.519900
vt 0.655000 0.247200
vt 0.049900 0.780500
vt 0.043100 0.731000
vt 0.030600 0.672100
vt 0.030600 0.594800
vt 0.062800 0.853300
vt 0.063700 0.877800
vt 0.079800 0.955700
vt 0.978200 0.743000
vt 0.977300 0.696600
vt 0.981200 0.666400
vt 0.983200 0.635900
vt 0.973500 0.558900
vt 0.972100 0.815300
vt 0.969000 0.842600
vt 0.973200 0.915200
vt 0.567500 0.598600
vt 0.566800 0.604000
vt 0.545900 0.605400
vt 0.546800 0.601200
vt 0.448300 0.620900
vt 0.444100 0.613100
vt 0.466900 0.599300
vt 0.470700 0.603500
vt 0.437200 0.580900
vt 0.434300 0.571100
vt 0.453700 0.570000
vt 0.457000 0.577400
vt 0.562500 0.644100
vt 0.558900 0.652500
vt 0.534300 0.635600
vt 0.537700 0.630600
vt 0.552300 0.663500
vt 0.529000 0.643900
vt 0.566600 0.610600
vt 0.566400 0.617600
vt 0.544900 0.615000
vt 0.545500 0.610100
vt 0.438700 0.588200
vt 0.459000 0.583400
vt 0.461500 0.638500
vt 0.453200 0.628700
vt 0.474900 0.608000
vt 0.481400 0.615400
vt 0.448300 0.532700
vt 0.456600 0.528000
vt 0.462200 0.537500
vt 0.456200 0.541300
vt 0.538900 0.553100
vt 0.548000 0.556500
vt 0.541400 0.566400
vt 0.534800 0.563400
vt 0.433600 0.555800
vt 0.434000 0.552500
vt 0.449300 0.555800
vt 0.449800 0.558600
vt 0.566200 0.577700
vt 0.567000 0.582000
vt 0.549200 0.588600
vt 0.549700 0.584900
vt 0.557000 0.564000
vt 0.559900 0.567400
vt 0.548400 0.574800
vt 0.546900 0.572100
vt 0.440600 0.541400
vt 0.443200 0.537600
vt 0.453000 0.544900
vt 0.451600 0.547600
vt 0.553800 0.560700
vt 0.545100 0.569600
vt 0.566200 0.626600
vt 0.565400 0.635800
vt 0.540800 0.625800
vt 0.543000 0.620500
vt 0.441800 0.604100
vt 0.440100 0.595300
vt 0.461000 0.589000
vt 0.463800 0.594400
vt 0.433400 0.560100
vt 0.450800 0.562000
vt 0.568100 0.592400
vt 0.547900 0.596500
vt 0.545100 0.671600
vt 0.523700 0.650500
vt 0.436000 0.548800
vt 0.438300 0.545100
vt 0.450500 0.550200
vt 0.449800 0.553000
vt 0.469900 0.645400
vt 0.487700 0.621100
vt 0.562800 0.570900
vt 0.565300 0.574500
vt 0.549800 0.581800
vt 0.549300 0.578300
vt 0.594200 0.620900
vt 0.413400 0.602200
vt 0.544800 0.573900
vt 0.545500 0.576400
vt 0.544500 0.576900
vt 0.544100 0.574600
vt 0.455100 0.546400
vt 0.458000 0.543000
vt 0.458600 0.543500
vt 0.455700 0.546900
vt 0.530800 0.613800
vt 0.527700 0.617900
vt 0.523400 0.615200
vt 0.526700 0.611600
vt 0.492700 0.603100
vt 0.486800 0.596400
vt 0.490700 0.592600
vt 0.496500 0.599000
vt 0.539500 0.599400
vt 0.537600 0.602800
vt 0.534900 0.601900
vt 0.537000 0.598800
vt 0.468300 0.578400
vt 0.465100 0.574200
vt 0.467800 0.573200
vt 0.471400 0.576700
vt 0.453500 0.554000
vt 0.453400 0.551300
vt 0.454300 0.551700
vt 0.454700 0.554300
vt 0.543800 0.588700
vt 0.541400 0.595300
vt 0.539300 0.594900
vt 0.542000 0.588700
vt 0.534200 0.565600
vt 0.540300 0.568500
vt 0.540000 0.569200
vt 0.534000 0.566300
vt 0.455100 0.559000
vt 0.454000 0.556600
vt 0.455500 0.556800
vt 0.456900 0.559100
vt 0.524400 0.621600
vt 0.520800 0.626100
vt 0.516300 0.622900
vt 0.519900 0.618700
vt 0.543600 0.571600
vt 0.543100 0.572300
vt 0.498600 0.608800
vt 0.502200 0.604700
vt 0.516000 0.633600
vt 0.511600 0.630100
vt 0.453900 0.548900
vt 0.454700 0.549300
vt 0.535800 0.606200
vt 0.533700 0.609700
vt 0.529900 0.608000
vt 0.532500 0.604900
vt 0.474900 0.585800
vt 0.471400 0.582100
vt 0.474800 0.579800
vt 0.478600 0.583000
vt 0.460800 0.568600
vt 0.463200 0.568100
vt 0.545700 0.579400
vt 0.545600 0.582400
vt 0.544200 0.582600
vt 0.544600 0.579700
vt 0.456900 0.562100
vt 0.458900 0.562200
vt 0.545000 0.585200
vt 0.543400 0.585200
vt 0.511100 0.640100
vt 0.506900 0.636600
vt 0.482500 0.592600
vt 0.478600 0.589400
vt 0.482500 0.586100
vt 0.486500 0.589000
vt 0.463600 0.539200
vt 0.464000 0.539800
vt 0.116600 0.749100
vt 0.144900 0.720500
vt 0.076800 0.804800
vt 0.093500 0.780900
vt 0.233200 0.667800
vt 0.254300 0.657600
vt 0.175000 0.697700
vt 0.298500 0.639100
vt 0.355500 0.617900
vt 0.212100 0.678100
vt 0.063300 0.828400
vt 0.876200 0.698300
vt 0.843600 0.679600
vt 0.907000 0.722200
vt 0.713200 0.639800
vt 0.654400 0.629900
vt 0.759200 0.650700
vt 0.781700 0.657800
vt 0.931900 0.747200
vt 0.804200 0.664800
vt 0.952000 0.768200
vt 0.971900 0.787600
vt 0.195500 0.494300
vt 0.196000 0.451300
vt 0.191800 0.415100
vt 0.188700 0.380000
vt 0.193600 0.341900
vt 0.210700 0.297200
vt 0.794100 0.480100
vt 0.786900 0.437400
vt 0.785600 0.400700
vt 0.783200 0.365100
vt 0.772300 0.327200
vt 0.748800 0.286200
vt 0.546500 0.575900
vt 0.545500 0.573300
vt 0.457400 0.542400
vt 0.454400 0.545900
vt 0.532100 0.620500
vt 0.534900 0.616000
vt 0.482800 0.600300
vt 0.489000 0.607200
vt 0.540400 0.603600
vt 0.541900 0.600000
vt 0.462400 0.575300
vt 0.465200 0.580000
vt 0.452400 0.551000
vt 0.452200 0.553600
vt 0.543600 0.595700
vt 0.545600 0.588700
vt 0.540700 0.567800
vt 0.534400 0.564900
vt 0.452400 0.556300
vt 0.453300 0.558800
vt 0.525300 0.629300
vt 0.528800 0.624600
vt 0.544100 0.571000
vt 0.495000 0.612900
vt 0.520300 0.637000
vt 0.453200 0.548500
vt 0.537400 0.611500
vt 0.539000 0.607500
vt 0.467900 0.584400
vt 0.471200 0.588700
vt 0.458500 0.569000
vt 0.547000 0.582200
vt 0.546900 0.579000
vt 0.454900 0.562100
vt 0.546500 0.585100
vt 0.515300 0.643600
vt 0.474700 0.592700
vt 0.478600 0.596300
vt 0.463100 0.538600
vt 0.517300 0.802700
vt 0.514700 0.814500
vt 0.484200 0.813400
vt 0.483500 0.799700
vt 0.514100 0.827800
vt 0.487700 0.830500
vt 0.428900 0.836000
vt 0.406200 0.839100
vt 0.403900 0.813900
vt 0.426200 0.811900
vt 0.404300 0.799300
vt 0.423700 0.797800
vt 0.448300 0.811700
vt 0.453100 0.832000
vt 0.443200 0.799300
vt 0.470500 0.830000
vt 0.467100 0.812900
vt 0.465900 0.799900
vt 0.529100 0.828000
vt 0.529400 0.815300
vt 0.531300 0.804500
vt 0.544100 0.816400
vt 0.544900 0.828100
vt 0.546200 0.807900
vt 0.558600 0.827700
vt 0.560100 0.818600
vt 0.561900 0.810100
vt 0.576800 0.821300
vt 0.577300 0.829700
vt 0.581100 0.813500
vt 0.592000 0.832500
vt 0.590300 0.824300
vt 0.593200 0.818200
vt 0.602600 0.827500
vt 0.604400 0.834700
vt 0.606000 0.823200
vt 0.616000 0.836600
vt 0.615500 0.830000
vt 0.616900 0.826600
vt 0.628900 0.835600
vt 0.628200 0.839100
vt 0.628600 0.832000
vt 0.236900 0.059500
vt 0.213200 0.067400
vt 0.206000 0.051000
vt 0.229500 0.045400
vt 0.199300 0.076000
vt 0.185400 0.055200
vt 0.244300 0.075100
vt 0.227300 0.086800
vt 0.215500 0.093600
vt 0.251900 0.091100
vt 0.239600 0.100700
vt 0.232500 0.107400
vt 0.264800 0.115100
vt 0.252900 0.119300
vt 0.246300 0.125200
vt 0.271200 0.128200
vt 0.265300 0.133300
vt 0.259100 0.139400
vt 0.288100 0.143700
vt 0.280300 0.148100
vt 0.274600 0.152800
vt 0.300200 0.154000
vt 0.293000 0.160400
vt 0.287100 0.164600
vt 0.313500 0.165600
vt 0.304600 0.171000
vt 0.299100 0.174500
vt 0.324100 0.176800
vt 0.314400 0.182400
vt 0.310900 0.184800
vt 0.333200 0.191100
vt 0.323900 0.194100
vt 0.319400 0.195900
vt 0.339700 0.203000
vt 0.331800 0.206000
vt 0.327700 0.208300
vt 0.345200 0.215200
vt 0.338700 0.218700
vt 0.335200 0.220800
vt 0.352700 0.229300
vt 0.345600 0.231300
vt 0.341900 0.233500
vt 0.358300 0.242700
vt 0.352500 0.244500
vt 0.348700 0.245800
vt 0.364600 0.256700
vt 0.359000 0.258900
vt 0.355500 0.260600
vt 0.370300 0.271700
vt 0.364700 0.273400
vt 0.360800 0.274800
vt 0.374800 0.284900
vt 0.368700 0.286100
vt 0.365900 0.287100
vt 0.379000 0.296900
vt 0.372700 0.298400
vt 0.370200 0.299900
vt 0.383500 0.310600
vt 0.377100 0.311600
vt 0.375000 0.313000
vt 0.386300 0.322400
vt 0.382800 0.325700
vt 0.379700 0.326700
vt 0.718500 0.055400
vt 0.707600 0.041300
vt 0.724000 0.031000
vt 0.730300 0.039700
vt 0.701200 0.030200
vt 0.718900 0.022500
vt 0.710100 0.073700
vt 0.711900 0.087600
vt 0.691600 0.079000
vt 0.692800 0.064500
vt 0.679500 0.060300
vt 0.684800 0.050900
vt 0.708800 0.102400
vt 0.691200 0.096200
vt 0.674300 0.087300
vt 0.702300 0.121000
vt 0.685500 0.114400
vt 0.667800 0.107400
vt 0.695100 0.137100
vt 0.677800 0.130500
vt 0.660000 0.126400
vt 0.685600 0.157700
vt 0.670500 0.152500
vt 0.650500 0.146000
vt 0.673100 0.173000
vt 0.662800 0.170800
vt 0.643800 0.163300
vt 0.664100 0.190900
vt 0.656100 0.186700
vt 0.638700 0.179100
vt 0.656500 0.204100
vt 0.647900 0.199600
vt 0.634900 0.193300
vt 0.647100 0.219000
vt 0.640300 0.213100
vt 0.629400 0.207700
vt 0.639400 0.230100
vt 0.633500 0.226200
vt 0.625300 0.221100
vt 0.631100 0.241100
vt 0.625400 0.238700
vt 0.619200 0.235500
vt 0.624100 0.251000
vt 0.620200 0.249000
vt 0.614200 0.246200
vt 0.617400 0.266200
vt 0.611600 0.264500
vt 0.606800 0.261600
vt 0.608300 0.285700
vt 0.603300 0.282800
vt 0.597800 0.280700
vt 0.597600 0.302300
vt 0.591600 0.301300
vt 0.587700 0.297500
vt 0.582700 0.322500
vt 0.580100 0.319600
vt 0.576100 0.315200
vt 0.567500 0.338400
vt 0.563300 0.336700
vt 0.560500 0.334800
vt 0.711500 0.063400
vt 0.698100 0.053700
vt 0.689900 0.041600
vt 0.059900 0.981800
vt 0.080000 0.982500
vt 0.075200 0.993700
vt 0.051700 0.991000
vt 0.043400 0.965900
vt 0.036200 0.974400
vt 0.019200 0.964000
vt 0.024600 0.956300
vt 0.066800 0.972200
vt 0.087000 0.968200
vt 0.024000 0.980700
vt 0.013400 0.972900
vt 0.103800 0.968200
vt 0.104700 0.978700
vt 0.099000 0.990500
vt 0.127500 0.968500
vt 0.126500 0.979300
vt 0.128000 0.989800
vt 0.146900 0.966800
vt 0.147500 0.976300
vt 0.148800 0.989100
vt 0.165800 0.966800
vt 0.167300 0.977200
vt 0.167400 0.988800
vt 0.187200 0.967500
vt 0.187100 0.976400
vt 0.187000 0.986600
vt 0.203200 0.965800
vt 0.202700 0.976400
vt 0.203100 0.987100
vt 0.219400 0.968900
vt 0.219800 0.978200
vt 0.217200 0.988200
vt 0.236100 0.974000
vt 0.235400 0.981800
vt 0.233400 0.992800
vt 0.248100 0.977200
vt 0.247700 0.984700
vt 0.247200 0.993700
vt 0.264600 0.975800
vt 0.266500 0.983200
vt 0.267500 0.990300
vt 0.281300 0.974400
vt 0.283500 0.981000
vt 0.285700 0.987700
vt 0.297300 0.972000
vt 0.298200 0.979200
vt 0.299400 0.985400
vt 0.316500 0.972700
vt 0.317500 0.978600
vt 0.317900 0.985100
vt 0.335800 0.973900
vt 0.337000 0.978100
vt 0.336400 0.984200
vt 0.361300 0.975300
vt 0.361200 0.979300
vt 0.359800 0.983800
vt 0.392600 0.982300
vt 0.393500 0.984700
vt 0.392900 0.986800
vt 0.053900 0.970800
vt 0.044200 0.979900
vt 0.035800 0.987600
vt 0.396600 0.922000
vt 0.426400 0.921700
vt 0.422100 0.938200
vt 0.394700 0.935900
vt 0.362400 0.902100
vt 0.356000 0.912600
vt 0.329700 0.892000
vt 0.329400 0.879500
vt 0.399300 0.907200
vt 0.431300 0.905300
vt 0.349600 0.922300
vt 0.332300 0.904500
vt 0.449400 0.904500
vt 0.451900 0.919700
vt 0.448500 0.934900
vt 0.475200 0.906700
vt 0.476500 0.919300
vt 0.478800 0.933500
vt 0.495000 0.908200
vt 0.498000 0.919500
vt 0.500700 0.931100
vt 0.516200 0.907100
vt 0.517600 0.917800
vt 0.521100 0.929400
vt 0.535400 0.906500
vt 0.535100 0.915900
vt 0.538600 0.927900
vt 0.548700 0.905500
vt 0.549700 0.913500
vt 0.552300 0.926400
vt 0.564200 0.902700
vt 0.565400 0.911800
vt 0.567300 0.923400
vt 0.581600 0.900600
vt 0.582000 0.909000
vt 0.583700 0.920200
vt 0.598900 0.900500
vt 0.598900 0.907600
vt 0.597900 0.916500
vt 0.614700 0.898100
vt 0.617400 0.904600
vt 0.619100 0.911600
vt 0.631600 0.895100
vt 0.634700 0.901100
vt 0.637700 0.907500
vt 0.646600 0.890800
vt 0.647800 0.897100
vt 0.649700 0.903000
vt 0.663600 0.887500
vt 0.665600 0.892700
vt 0.666900 0.898900
vt 0.682000 0.884800
vt 0.683700 0.888400
vt 0.684100 0.894400
vt 0.705000 0.881200
vt 0.705400 0.884900
vt 0.705400 0.890000
vt 0.727100 0.879500
vt 0.728100 0.881700
vt 0.728100 0.884000
vt 0.379200 0.907100
vt 0.376100 0.920600
vt 0.369600 0.934000
vt 0.404000 0.961700
vt 0.434100 0.966100
vt 0.428500 0.980700
vt 0.401800 0.974900
vt 0.344600 0.923100
vt 0.344500 0.934200
vt 0.324000 0.926700
vt 0.318000 0.913500
vt 0.406900 0.948900
vt 0.439100 0.951200
vt 0.345400 0.950500
vt 0.332200 0.940100
vt 0.457100 0.951700
vt 0.459500 0.966200
vt 0.455900 0.979500
vt 0.482600 0.952300
vt 0.483700 0.964300
vt 0.485700 0.976400
vt 0.504900 0.950100
vt 0.504600 0.961400
vt 0.507300 0.972100
vt 0.523200 0.947100
vt 0.524600 0.957700
vt 0.528200 0.969100
vt 0.543100 0.945600
vt 0.542800 0.955100
vt 0.546400 0.967100
vt 0.557400 0.943300
vt 0.557900 0.953100
vt 0.560600 0.965900
vt 0.572600 0.941200
vt 0.574200 0.951500
vt 0.576000 0.963300
vt 0.589700 0.937800
vt 0.590800 0.949100
vt 0.592400 0.960500
vt 0.604500 0.934800
vt 0.606400 0.947600
vt 0.606700 0.958600
vt 0.620800 0.931600
vt 0.624000 0.944000
vt 0.623700 0.953700
vt 0.635500 0.927500
vt 0.640200 0.940000
vt 0.641800 0.950600
vt 0.651100 0.924100
vt 0.654700 0.936200
vt 0.659500 0.943500
vt 0.672400 0.920000
vt 0.671100 0.932000
vt 0.673200 0.941300
vt 0.690900 0.917500
vt 0.690800 0.927400
vt 0.693800 0.935100
vt 0.714400 0.915200
vt 0.715000 0.922600
vt 0.716400 0.930600
vt 0.733200 0.913500
vt 0.732200 0.919900
vt 0.732000 0.926900
vt 0.387200 0.943400
vt 0.382300 0.956700
vt 0.362800 0.945000
vt 0.369300 0.935200
vt 0.376000 0.967000
vt 0.358700 0.958100
vt 0.374900 0.103900
vt 0.380300 0.119200
vt 0.366500 0.122200
vt 0.363400 0.106300
vt 0.380700 0.037200
vt 0.369700 0.046000
vt 0.368000 0.025700
vt 0.376500 0.010400
vt 0.387600 0.101900
vt 0.392200 0.116700
vt 0.358600 0.057800
vt 0.360800 0.042700
vt 0.396300 0.133900
vt 0.385000 0.139400
vt 0.372500 0.141100
vt 0.398600 0.159600
vt 0.387100 0.163800
vt 0.375000 0.169900
vt 0.402000 0.183900
vt 0.389800 0.187300
vt 0.378700 0.194500
vt 0.405800 0.205800
vt 0.395000 0.210800
vt 0.383000 0.219700
vt 0.409600 0.227900
vt 0.398400 0.231200
vt 0.386600 0.238500
vt 0.413300 0.241500
vt 0.402100 0.246500
vt 0.389900 0.252900
vt 0.416700 0.256700
vt 0.404500 0.263200
vt 0.393500 0.268300
vt 0.420200 0.274600
vt 0.407700 0.280000
vt 0.397100 0.284700
vt 0.424100 0.288600
vt 0.410300 0.294800
vt 0.399900 0.297900
vt 0.426200 0.306200
vt 0.413000 0.312700
vt 0.403000 0.315700
vt 0.428900 0.321600
vt 0.415300 0.329300
vt 0.404400 0.335100
vt 0.431700 0.336400
vt 0.418600 0.341400
vt 0.406800 0.347800
vt 0.435200 0.361700
vt 0.420500 0.363200
vt 0.411500 0.367800
vt 0.436400 0.383000
vt 0.425700 0.384900
vt 0.419400 0.386100
vt 0.446200 0.410400
vt 0.437200 0.413800
vt 0.430100 0.414100
vt 0.452300 0.425700
vt 0.458100 0.441300
vt 0.451500 0.449000
vt 0.444200 0.431500
vt 0.447600 0.454300
vt 0.439000 0.433900
vt 0.383600 0.085500
vt 0.371500 0.085300
vt 0.370200 0.064300
vt 0.380600 0.059200
vt 0.360000 0.089600
vt 0.359200 0.072900
vt 0.508500 0.762600
vt 0.507300 0.772100
vt 0.491200 0.771800
vt 0.491800 0.762000
vt 0.504800 0.782400
vt 0.489700 0.786000
vt 0.441800 0.786800
vt 0.429700 0.787400
vt 0.425300 0.766200
vt 0.442400 0.768700
vt 0.423900 0.746600
vt 0.443800 0.750700
vt 0.459700 0.769400
vt 0.458800 0.786000
vt 0.461300 0.754600
vt 0.476200 0.787400
vt 0.477200 0.771600
vt 0.478200 0.759500
vt 0.519700 0.779300
vt 0.522100 0.770100
vt 0.523200 0.763000
vt 0.537300 0.771200
vt 0.536800 0.777000
vt 0.535900 0.763800
vt 0.550500 0.774700
vt 0.550900 0.770000
vt 0.549700 0.764600
vt 0.562100 0.771600
vt 0.562400 0.774900
vt 0.562300 0.768400
vt 0.571400 0.773400
vt 0.570900 0.770500
vt 0.571300 0.768300
vt 0.580300 0.770200
vt 0.581500 0.773100
vt 0.579900 0.767900
vt 0.599600 0.767700
vt 0.599100 0.766300
vt 0.598500 0.763300
vt 0.545800 0.872100
vt 0.550100 0.882800
vt 0.512300 0.876800
vt 0.508900 0.865000
vt 0.551200 0.892900
vt 0.516000 0.891800
vt 0.385400 0.894600
vt 0.363000 0.895000
vt 0.347400 0.872800
vt 0.373200 0.874800
vt 0.336500 0.850200
vt 0.364200 0.851000
vt 0.429600 0.895000
vt 0.423700 0.874600
vt 0.446400 0.872800
vt 0.451600 0.893300
vt 0.416800 0.853600
vt 0.441300 0.855300
vt 0.469100 0.894600
vt 0.464500 0.874500
vt 0.460900 0.858600
vt 0.485600 0.893300
vt 0.480900 0.874000
vt 0.478600 0.859900
vt 0.573500 0.888000
vt 0.574300 0.879000
vt 0.572100 0.871700
vt 0.597000 0.879000
vt 0.599200 0.885900
vt 0.595900 0.872900
vt 0.624800 0.880500
vt 0.622700 0.876900
vt 0.618400 0.872300
vt 0.647300 0.869800
vt 0.650800 0.872800
vt 0.644600 0.866600
vt 0.667700 0.868400
vt 0.664500 0.864600
vt 0.663400 0.862000
vt 0.679600 0.860700
vt 0.681600 0.863600
vt 0.675200 0.857700
vt 0.694600 0.856100
vt 0.693000 0.854700
vt 0.690500 0.851600
vt 0.406300 0.894800
vt 0.399500 0.875500
vt 0.391000 0.851900
s 0
usemtl ponytail01
f 859/1/1 375/2/1 62/3/1 364/4/1
f 860/5/2 367/6/2 52/7/2 352/8/2
f 861/9/3 366/10/3 61/11/3 363/12/3
f 862/13/4 370/14/4 49/15/4 361/16/4
f 863/17/5 372/18/5 37/19/5 337/20/5
f 864/21/6 360/22/6 50/23/6 383/24/6
f 865/25/7 371/26/7 54/27/7 354/28/7
f 866/29/8 374/30/8 32/31/8 345/32/8
f 867/33/9 368/34/9 53/35/9 353/36/9
f 868/37/10 380/38/10 34/39/10 346/40/10
f 869/41/11 378/42/11 35/43/11 338/44/11
f 870/45/12 390/46/12 56/47/12 356/48/12
f 871/49/13 381/50/13 47/51/13 334/52/13
f 872/53/14 391/54/14 44/55/14 342/56/14
f 873/57/15 382/58/15 42/59/15 341/60/15
f 874/61/16 384/62/16 33/63/16 348/64/16
f 875/65/17 386/66/17 36/67/17 347/68/17
f 876/69/18 385/70/18 60/71/18 359/72/18
f 877/73/19 383/24/19 50/23/19 351/74/19
f 878/75/20 389/76/20 40/77/20 339/78/20
f 879/79/21 427/80/21 76/81/21 412/82/21
f 880/83/22 377/84/22 39/85/22 335/86/22
f 881/87/23 387/88/23 55/89/23 355/90/23
f 882/91/24 373/92/24 48/93/24 349/94/24
f 883/95/25 432/96/25 77/97/25 420/98/25
f 884/99/26 392/100/26 57/101/26 343/102/26
f 885/103/27 344/104/27 45/105/27 395/106/27
f 886/107/28 493/108/28 107/109/28 474/110/28
f 887/111/29 379/112/29 59/113/29 362/114/29
f 888/115/30 388/116/30 38/117/30 336/118/30
f 889/119/31 394/120/31 58/121/31 357/122/31
f 890/123/32 442/124/32 74/125/32 402/126/32
f 891/127/33 429/128/33 69/129/33 398/130/33
f 892/131/34 431/132/34 89/133/34 419/134/34
f 893/135/35 441/136/35 93/137/35 426/138/35
f 894/139/36 434/140/36 83/141/36 414/142/36
f 895/143/37 437/144/37 80/145/37 423/146/37
f 896/147/38 433/148/38 92/149/38 425/150/38
f 897/151/39 428/152/39 68/153/39 399/154/39
f 898/155/40 438/156/40 85/157/40 416/158/40
f 899/159/41 422/160/41 81/161/41 449/162/41
f 900/163/42 440/164/42 63/165/42 407/166/42
f 901/167/43 436/168/43 84/169/43 415/170/43
f 902/171/44 446/172/44 65/173/44 408/174/44
f 903/175/45 444/176/45 66/177/45 400/178/45
f 904/179/46 455/180/46 87/181/46 418/182/46
f 905/183/47 447/184/47 78/185/47 396/186/47
f 906/187/48 456/188/48 75/189/48 404/190/48
f 907/191/49 448/192/49 73/193/49 403/194/49
f 908/195/50 450/196/50 64/197/50 410/198/50
f 909/199/51 452/200/51 67/201/51 409/202/51
f 910/203/52 451/204/52 91/205/52 421/206/52
f 911/207/53 449/162/53 81/161/53 413/208/53
f 912/209/54 454/210/54 71/211/54 401/212/54
f 913/213/55 443/214/55 70/215/55 397/216/55
f 914/217/56 453/218/56 86/219/56 417/220/56
f 915/221/57 406/222/57 76/81/57 427/80/57
f 916/223/58 439/224/58 79/225/58 411/226/58
f 917/227/59 498/228/59 108/229/59 482/230/59
f 918/231/60 430/232/60 88/233/60 405/234/60
f 919/235/61 517/236/61 118/237/61 480/238/61
f 920/239/62 445/240/62 90/241/62 424/242/62
f 921/243/63 490/244/63 103/245/63 468/246/63
f 922/247/64 553/248/64 138/249/64 536/250/64
f 923/251/65 492/252/65 121/253/65 486/254/65
f 924/255/66 506/256/66 105/257/66 464/258/66
f 925/259/67 495/260/67 100/261/67 460/262/67
f 926/263/68 497/264/68 120/265/68 481/266/68
f 927/267/69 505/268/69 124/269/69 488/270/69
f 928/271/70 489/272/70 114/273/70 476/274/70
f 929/275/71 501/276/71 111/277/71 485/278/71
f 930/279/72 499/280/72 123/281/72 487/282/72
f 931/283/73 494/284/73 99/285/73 461/286/73
f 932/287/74 502/288/74 116/289/74 478/290/74
f 933/291/75 484/292/75 112/293/75 512/294/75
f 934/295/76 504/296/76 94/297/76 469/298/76
f 935/299/77 500/300/77 115/301/77 477/302/77
f 936/303/78 509/304/78 96/305/78 470/306/78
f 937/307/79 508/308/79 97/309/79 462/310/79
f 938/311/80 510/312/80 109/313/80 458/314/80
f 939/315/81 518/316/81 106/317/81 466/318/81
f 940/319/82 511/320/82 104/321/82 465/322/82
f 941/323/83 513/324/83 95/325/83 472/326/83
f 942/327/84 514/328/84 98/329/84 471/330/84
f 943/331/85 491/332/85 122/333/85 483/334/85
f 944/335/86 475/336/86 114/273/86 489/272/86
f 945/337/87 516/338/87 102/339/87 463/340/87
f 946/341/88 515/342/88 117/343/88 479/344/88
f 947/345/89 507/346/89 101/347/89 459/348/89
f 948/349/90 558/350/90 130/351/90 523/352/90
f 949/353/91 503/354/91 110/355/91 473/356/91
f 950/357/92 542/358/92 151/359/92 552/360/92
f 951/361/93 496/362/93 119/363/93 467/364/93
f 952/365/94 530/366/94 138/249/94 553/248/94
f 953/367/95 561/368/95 139/369/95 544/370/95
f 954/371/96 604/372/96 182/373/96 799/374/96
f 955/375/97 800/376/97 169/377/97 598/378/97
f 956/379/98 557/380/98 152/381/98 548/382/98
f 957/383/99 569/384/99 136/385/99 526/386/99
f 958/387/100 559/388/100 131/389/100 522/390/100
f 959/391/101 552/360/101 151/359/101 543/392/101
f 960/393/102 568/394/102 155/395/102 550/396/102
f 961/397/103 554/398/103 145/399/103 538/400/103
f 962/401/104 564/402/104 142/403/104 547/404/104
f 963/405/105 562/406/105 154/407/105 549/408/105
f 964/409/106 565/410/106 147/411/106 540/412/106
f 965/413/107 546/414/107 143/415/107 575/416/107
f 966/417/108 567/418/108 125/419/108 531/420/108
f 967/421/109 563/422/109 146/423/109 539/424/109
f 968/425/110 572/426/110 127/427/110 532/428/110
f 969/429/111 571/430/111 128/431/111 524/432/111
f 970/433/112 580/434/112 137/435/112 528/436/112
f 971/437/113 573/438/113 140/439/113 520/440/113
f 972/441/114 574/442/114 135/443/114 527/444/114
f 973/445/115 576/446/115 126/447/115 534/448/115
f 974/449/116 551/450/116 129/451/116 533/452/116
f 975/453/117 556/454/117 153/455/117 545/456/117
f 976/457/118 537/458/118 145/399/118 554/398/118
f 977/459/119 578/460/119 133/461/119 525/462/119
f 978/463/120 570/464/120 132/465/120 521/466/120
f 979/467/121 577/468/121 148/469/121 541/470/121
f 980/471/122 748/472/122 200/473/122 660/474/122
f 981/475/123 566/476/123 141/477/123 535/478/123
f 982/479/124 560/480/124 150/481/124 529/482/124
f 983/483/125 609/484/125 175/485/125 797/486/125
f 984/487/126 806/488/126 161/489/126 585/490/126
f 985/491/127 592/492/127 169/377/127 800/376/127
f 986/493/128 624/494/128 170/495/128 606/496/128
f 987/497/129 737/498/129 211/499/129 666/500/129
f 988/501/130 632/502/130 167/503/130 588/504/130
f 989/505/131 620/506/131 183/507/131 610/508/131
f 990/509/132 799/374/132 182/373/132 605/510/132
f 991/511/133 623/512/133 162/513/133 584/514/133
f 992/515/134 815/516/134 186/517/134 612/518/134
f 993/519/135 801/520/135 176/521/135 600/522/135
f 994/523/136 812/524/136 178/525/136 602/526/136
f 995/527/137 809/528/137 185/529/137 611/530/137
f 996/531/138 608/532/138 174/533/138 638/534/138
f 997/535/139 630/536/139 156/537/139 593/538/139
f 998/539/140 810/540/140 177/541/140 601/542/140
f 999/543/141 635/544/141 158/545/141 594/546/141
f 1000/547/142 634/548/142 159/549/142 586/550/142
f 1001/551/143 636/552/143 171/553/143 582/554/143
f 1002/555/144 643/556/144 168/557/144 590/558/144
f 1003/559/145 637/560/145 166/561/145 589/562/145
f 1004/563/146 639/564/146 157/565/146 596/566/146
f 1005/567/147 798/568/147 160/569/147 595/570/147
f 1006/571/148 803/572/148 184/573/148 607/574/148
f 1007/575/149 599/576/149 176/521/149 801/520/149
f 1008/577/150 641/578/150 164/579/150 587/580/150
f 1009/581/151 691/582/151 233/583/151 733/584/151
f 1010/585/152 817/586/152 163/587/152 583/588/152
f 1011/589/153 824/590/153 179/591/153 603/592/153
f 1012/593/154 813/594/154 172/595/154 597/596/154
f 1013/597/155 805/598/155 181/599/155 591/600/155
f 1014/601/156 676/602/156 212/603/156 653/604/156
f 1015/605/157 671/606/157 206/607/157 677/608/157
f 1016/609/158 758/610/158 192/611/158 647/612/158
f 1017/613/159 654/614/159 200/473/159 748/472/159
f 1018/615/160 775/616/160 261/617/160 781/618/160
f 1019/619/161 714/620/161 226/621/161 724/622/161
f 1020/623/162 695/624/162 198/625/162 650/626/162
f 1021/627/163 684/628/163 214/629/163 672/630/163
f 1022/631/164 686/632/164 193/633/164 646/634/164
f 1023/635/165 736/636/165 213/637/165 667/638/165
f 1024/639/166 784/640/166 265/641/166 794/642/166
f 1025/643/167 715/644/167 207/645/167 662/646/167
f 1026/647/168 716/648/168 216/649/168 673/650/168
f 1027/651/169 677/608/169 206/607/169 670/652/169
f 1028/653/170 693/654/170 187/655/170 655/656/170
f 1029/657/171 730/658/171 208/659/171 663/660/171
f 1030/661/172 698/662/172 189/663/172 656/664/172
f 1031/665/173 697/666/173 190/667/173 648/668/173
f 1032/669/174 699/670/174 202/671/174 644/672/174
f 1033/673/175 742/674/175 239/675/175 679/676/175
f 1034/677/176 700/678/176 197/679/176 651/680/176
f 1035/681/177 702/682/177 188/683/177 658/684/177
f 1036/685/178 757/686/178 191/687/178 657/688/178
f 1037/689/179 720/690/179 215/691/179 669/692/179
f 1038/693/180 701/694/180 205/695/180 661/696/180
f 1039/697/181 704/698/181 195/699/181 649/700/181
f 1040/701/182 768/702/182 194/703/182 645/704/182
f 1041/705/183 738/706/183 225/707/183 665/708/183
f 1042/709/184 776/710/184 203/711/184 659/712/184
f 1043/713/185 376/714/185 43/715/185 340/716/185
f 1044/717/186 395/106/186 45/105/186 350/718/186
f 1045/719/187 725/720/187 227/721/187 681/722/187
f 1046/723/188 721/724/188 226/621/188 714/620/188
f 1047/725/189 694/726/189 234/727/189 732/728/189
f 1048/729/190 681/722/190 227/721/190 722/730/190
f 1049/731/191 688/732/191 228/733/191 723/734/191
f 1050/735/192 707/736/192 232/737/192 726/738/192
f 1051/739/193 727/740/193 209/741/193 664/742/193
f 1052/743/194 709/744/194 236/745/194 731/746/194
f 1053/747/195 744/748/195 199/749/195 652/750/195
f 1054/751/196 735/752/196 238/753/196 739/754/196
f 1055/755/197 706/756/197 243/757/197 747/758/197
f 1056/759/198 679/676/198 239/675/198 740/760/198
f 1057/761/199 713/762/199 241/763/199 741/764/199
f 1058/765/200 743/766/200 242/767/200 746/768/200
f 1059/769/201 687/770/201 201/771/201 668/772/201
f 1060/773/202 680/774/202 245/775/202 753/776/202
f 1061/777/203 754/778/203 245/775/203 680/774/203
f 1062/779/204 750/780/204 247/781/204 755/782/204
f 1063/783/205 751/784/205 248/785/205 756/786/205
f 1064/787/206 685/788/206 251/789/206 762/790/206
f 1065/791/207 759/792/207 252/793/207 763/794/207
f 1066/795/208 761/796/208 254/797/208 764/798/208
f 1067/799/209 678/800/209 250/801/209 765/802/209
f 1068/803/210 766/804/210 255/805/210 770/806/210
f 1069/807/211 767/808/211 256/809/211 771/810/211
f 1070/811/212 711/812/212 257/813/212 772/814/212
f 1071/815/213 774/816/213 260/817/213 779/818/213
f 1072/819/214 728/820/214 217/821/214 674/822/214
f 1073/823/215 777/824/215 263/825/215 780/826/215
f 1074/827/216 778/828/216 264/829/216 782/830/216
f 1075/831/217 692/832/217 262/833/217 783/834/217
f 1076/835/218 786/836/218 267/837/218 795/838/218
f 1077/839/219 791/840/219 265/641/219 784/640/219
f 1078/841/220 787/842/220 268/843/220 792/844/220
f 1079/845/221 788/846/221 269/847/221 793/848/221
f 1080/849/222 790/850/222 271/851/222 796/852/222
f 1081/853/223 365/854/223 46/855/223 358/856/223
f 1082/857/224 828/858/224 274/859/224 615/860/224
f 1083/861/225 616/862/225 275/863/225 829/864/225
f 1084/865/226 830/866/226 272/867/226 613/868/226
f 1085/869/227 622/870/227 281/871/227 831/872/227
f 1086/873/228 832/874/228 275/863/228 616/862/228
f 1087/875/229 808/876/229 283/877/229 833/878/229
f 1088/879/230 816/880/230 291/881/230 834/882/230
f 1089/883/231 804/884/231 279/885/231 835/886/231
f 1090/887/232 615/860/232 274/859/232 836/888/232
f 1091/889/233 807/890/233 282/891/233 837/892/233
f 1092/893/234 631/894/234 290/895/234 838/896/234
f 1093/897/235 617/898/235 276/899/235 839/900/235
f 1094/901/236 628/902/236 287/903/236 840/904/236
f 1095/905/237 625/906/237 284/907/237 841/908/237
f 1096/909/238 842/910/238 297/911/238 822/912/238
f 1097/913/239 814/914/239 289/915/239 843/916/239
f 1098/917/240 626/918/240 285/919/240 844/920/240
f 1099/921/241 819/922/241 294/923/241 845/924/241
f 1100/925/242 818/926/242 293/927/242 846/928/242
f 1101/929/243 820/930/243 295/931/243 847/932/243
f 1102/933/244 827/934/244 302/935/244 848/936/244
f 1103/937/245 821/938/245 296/939/245 849/940/245
f 1104/941/246 823/942/246 298/943/246 850/944/246
f 1105/945/247 614/946/247 273/947/247 851/948/247
f 1106/949/248 619/950/248 278/951/248 852/952/248
f 1107/953/249 853/954/249 276/899/249 617/898/249
f 1108/955/250 825/956/250 300/957/250 854/958/250
f 1109/959/251 633/960/251 292/961/251 855/962/251
f 1110/963/252 640/964/252 299/965/252 856/966/252
f 1111/967/253 629/968/253 288/969/253 857/970/253
f 1112/971/254 621/972/254 280/973/254 858/974/254
f 371/26/255 859/1/255 364/4/255 54/27/255
f 23/975/256 333/976/256 859/1/256 371/26/256
f 333/976/257 31/977/257 375/2/257 859/1/257
f 366/10/258 860/5/258 352/8/258 61/11/258
f 30/978/259 321/979/259 860/5/259 366/10/259
f 321/979/260 21/980/260 367/6/260 860/5/260
f 368/981/261 861/9/261 363/12/261 53/982/261
f 22/983/262 332/984/262 861/9/262 368/981/262
f 332/984/263 30/978/263 366/10/263 861/9/263
f 393/985/264 862/13/264 361/16/264 51/986/264
f 20/987/265 330/988/265 862/13/265 393/985/265
f 330/988/266 18/989/266 370/14/266 862/13/266
f 386/66/267 863/17/267 337/20/267 36/67/267
f 5/990/268 306/991/268 863/17/268 386/66/268
f 306/991/269 6/992/269 372/18/269 863/17/269
f 329/993/270 864/21/270 383/24/270 19/994/270
f 20/987/271 393/985/271 864/21/271 329/993/271
f 393/985/272 51/986/272 360/22/272 864/21/272
f 387/88/273 865/25/273 354/28/273 55/89/273
f 24/995/274 323/996/274 865/25/274 387/88/274
f 323/996/275 23/975/275 371/26/275 865/25/275
f 373/92/276 866/29/276 345/32/276 48/93/276
f 17/997/277 314/998/277 866/29/277 373/92/277
f 314/998/278 1/999/278 374/30/278 866/29/278
f 375/2/279 867/33/279 353/36/279 62/3/279
f 31/977/280 322/1000/280 867/33/280 375/2/280
f 322/1000/281 22/1001/281 368/34/281 867/33/281
f 384/62/282 868/37/282 346/40/282 33/63/282
f 2/1002/283 315/1003/283 868/37/283 384/62/283
f 315/1003/284 3/1004/284 380/38/284 868/37/284
f 377/1005/285 869/41/285 338/44/285 39/1006/285
f 8/1007/286 307/1008/286 869/41/286 377/1005/286
f 307/1008/287 4/1009/287 378/42/287 869/41/287
f 394/120/288 870/45/288 356/48/288 58/121/288
f 27/1010/289 325/1011/289 870/45/289 394/120/289
f 325/1011/290 25/1012/290 390/46/290 870/45/290
f 374/30/291 871/49/291 334/52/291 32/31/291
f 1/999/292 303/1013/292 871/49/292 374/30/292
f 303/1013/293 16/1014/293 381/50/293 871/49/293
f 382/58/294 872/53/294 342/56/294 42/59/294
f 11/1015/295 311/1016/295 872/53/295 382/58/295
f 311/1016/296 13/1017/296 391/54/296 872/53/296
f 376/1018/297 873/57/297 341/60/297 43/1019/297
f 12/1020/298 310/1021/298 873/57/298 376/1018/298
f 310/1021/299 11/1015/299 382/58/299 873/57/299
f 381/1022/300 874/61/300 348/64/300 47/1023/300
f 16/1024/301 317/1025/301 874/61/301 381/1022/301
f 317/1025/302 2/1002/302 384/62/302 874/61/302
f 378/42/303 875/65/303 347/68/303 35/43/303
f 4/1009/304 316/1026/304 875/65/304 378/42/304
f 316/1026/305 5/990/305 386/66/305 875/65/305
f 370/14/306 876/69/306 359/72/306 49/15/306
f 18/989/307 328/1027/307 876/69/307 370/14/307
f 328/1027/308 29/1028/308 385/70/308 876/69/308
f 367/6/309 877/73/309 351/74/309 52/7/309
f 21/980/310 320/1029/310 877/73/310 367/6/310
f 320/1029/311 19/994/311 383/24/311 877/73/311
f 388/1030/312 878/75/312 339/78/312 38/1031/312
f 7/1032/313 308/1033/313 878/75/313 388/1030/313
f 308/1033/314 9/1034/314 389/76/314 878/75/314
f 454/210/315 879/79/315 412/82/315 71/211/315
f 40/77/316 350/718/316 879/79/316 454/210/316
f 350/718/317 45/105/317 427/80/317 879/79/317
f 380/38/318 880/83/318 335/86/318 34/39/318
f 3/1004/319 304/1035/319 880/83/319 380/38/319
f 304/1035/320 8/1036/320 377/84/320 880/83/320
f 390/46/321 881/87/321 355/90/321 56/47/321
f 25/1012/322 324/1037/322 881/87/322 390/46/322
f 324/1037/323 24/995/323 387/88/323 881/87/323
f 365/854/324 882/91/324 349/94/324 46/855/324
f 15/1038/325 318/1039/325 882/91/325 365/854/325
f 318/1039/326 17/997/326 373/92/326 882/91/326
f 445/240/327 883/95/327 420/98/327 90/241/327
f 59/113/328 358/856/328 883/95/328 445/240/328
f 358/856/329 46/855/329 432/96/329 883/95/329
f 391/54/330 884/99/330 343/102/330 44/55/330
f 13/1017/331 312/1040/331 884/99/331 391/54/331
f 312/1040/332 26/1041/332 392/100/332 884/99/332
f 313/1042/333 885/103/333 395/106/333 14/1043/333
f 10/1044/334 369/1045/334 885/103/334 313/1042/334
f 369/1045/335 41/1046/335 344/104/335 885/103/335
f 516/338/336 886/107/336 474/110/336 102/339/336
f 71/211/337 412/82/337 886/107/337 516/338/337
f 412/82/338 76/81/338 493/108/338 886/107/338
f 385/1047/339 887/111/339 362/114/339 60/1048/339
f 29/1049/340 331/1050/340 887/111/340 385/1047/340
f 331/1050/341 28/1051/341 379/112/341 887/111/341
f 372/18/342 888/115/342 336/118/342 37/19/342
f 6/992/343 305/1052/343 888/115/343 372/18/343
f 305/1052/344 7/1053/344 388/116/344 888/115/344
f 392/100/345 889/119/345 357/122/345 57/101/345
f 26/1041/346 326/1054/346 889/119/346 392/100/346
f 326/1054/347 27/1010/347 394/120/347 889/119/347
f 435/1055/348 890/123/348 402/126/348 72/1056/348
f 41/1046/349 340/716/349 890/123/349 435/1055/349
f 340/716/350 43/715/350 442/124/350 890/123/350
f 428/152/351 891/127/351 398/130/351 68/153/351
f 37/19/352 336/118/352 891/127/352 428/152/352
f 336/118/353 38/117/353 429/128/353 891/127/353
f 430/232/354 892/131/354 419/134/354 88/233/354
f 57/101/355 357/122/355 892/131/355 430/232/355
f 357/122/356 58/121/356 431/132/356 892/131/356
f 438/156/357 893/135/357 426/138/357 85/157/357
f 54/27/358 364/4/358 893/135/358 438/156/358
f 364/4/359 62/3/359 441/136/359 893/135/359
f 433/148/360 894/139/360 414/142/360 92/149/360
f 61/11/361 352/8/361 894/139/361 433/148/361
f 352/8/362 52/7/362 434/140/362 894/139/362
f 457/1057/363 895/143/363 423/146/363 82/1058/363
f 51/986/364 361/16/364 895/143/364 457/1057/364
f 361/16/365 49/15/365 437/144/365 895/143/365
f 436/1059/366 896/147/366 425/150/366 84/1060/366
f 53/982/367 363/12/367 896/147/367 436/1059/367
f 363/12/368 61/11/368 433/148/368 896/147/368
f 452/200/369 897/151/369 399/154/369 67/201/369
f 36/67/370 337/20/370 897/151/370 452/200/370
f 337/20/371 37/19/371 428/152/371 897/151/371
f 453/218/372 898/155/372 416/158/372 86/219/372
f 55/89/373 354/28/373 898/155/373 453/218/373
f 354/28/374 54/27/374 438/156/374 898/155/374
f 360/22/375 899/159/375 449/162/375 50/23/375
f 51/986/376 457/1057/376 899/159/376 360/22/376
f 457/1057/377 82/1058/377 422/160/377 899/159/377
f 439/224/378 900/163/378 407/166/378 79/225/378
f 48/93/379 345/32/379 900/163/379 439/224/379
f 345/32/380 32/31/380 440/164/380 900/163/380
f 441/136/381 901/167/381 415/170/381 93/137/381
f 62/3/382 353/36/382 901/167/382 441/136/382
f 353/36/383 53/35/383 436/168/383 901/167/383
f 450/196/384 902/171/384 408/174/384 64/197/384
f 33/63/385 346/40/385 902/171/385 450/196/385
f 346/40/386 34/39/386 446/172/386 902/171/386
f 443/1061/387 903/175/387 400/178/387 70/1062/387
f 39/1006/388 338/44/388 903/175/388 443/1061/388
f 338/44/389 35/43/389 444/176/389 903/175/389
f 431/132/390 904/179/390 418/182/390 89/133/390
f 58/121/391 356/48/391 904/179/391 431/132/391
f 356/48/392 56/47/392 455/180/392 904/179/392
f 440/164/393 905/183/393 396/186/393 63/165/393
f 32/31/394 334/52/394 905/183/394 440/164/394
f 334/52/395 47/51/395 447/184/395 905/183/395
f 448/192/396 906/187/396 404/190/396 73/193/396
f 42/59/397 342/56/397 906/187/397 448/192/397
f 342/56/398 44/55/398 456/188/398 906/187/398
f 442/1063/399 907/191/399 403/194/399 74/1064/399
f 43/1019/400 341/60/400 907/191/400 442/1063/400
f 341/60/401 42/59/401 448/192/401 907/191/401
f 447/1065/402 908/195/402 410/198/402 78/1066/402
f 47/1023/403 348/64/403 908/195/403 447/1065/403
f 348/64/404 33/63/404 450/196/404 908/195/404
f 444/176/405 909/199/405 409/202/405 66/177/405
f 35/43/406 347/68/406 909/199/406 444/176/406
f 347/68/407 36/67/407 452/200/407 909/199/407
f 437/144/408 910/203/408 421/206/408 80/145/408
f 49/15/409 359/72/409 910/203/409 437/144/409
f 359/72/410 60/71/410 451/204/410 910/203/410
f 434/140/411 911/207/411 413/208/411 83/141/411
f 52/7/412 351/74/412 911/207/412 434/140/412
f 351/74/413 50/23/413 449/162/413 911/207/413
f 429/1067/414 912/209/414 401/212/414 69/1068/414
f 38/1031/415 339/78/415 912/209/415 429/1067/415
f 339/78/416 40/77/416 454/210/416 912/209/416
f 446/172/417 913/213/417 397/216/417 65/173/417
f 34/39/418 335/86/418 913/213/418 446/172/418
f 335/86/419 39/85/419 443/214/419 913/213/419
f 455/180/420 914/217/420 417/220/420 87/181/420
f 56/47/421 355/90/421 914/217/421 455/180/421
f 355/90/422 55/89/422 453/218/422 914/217/422
f 344/104/423 915/221/423 427/80/423 45/105/423
f 41/1046/424 435/1055/424 915/221/424 344/104/424
f 435/1055/425 72/1056/425 406/222/425 915/221/425
f 432/96/426 916/223/426 411/226/426 77/97/426
f 46/855/427 349/94/427 916/223/427 432/96/427
f 349/94/428 48/93/428 439/224/428 916/223/428
f 492/252/429 917/227/429 482/230/429 121/253/429
f 90/241/430 420/98/430 917/227/430 492/252/430
f 420/98/431 77/97/431 498/228/431 917/227/431
f 456/188/432 918/231/432 405/234/432 75/189/432
f 44/55/433 343/102/433 918/231/433 456/188/433
f 343/102/434 57/101/434 430/232/434 918/231/434
f 497/264/435 919/235/435 480/238/435 120/265/435
f 89/133/436 418/182/436 919/235/436 497/264/436
f 418/182/437 87/181/437 517/236/437 919/235/437
f 451/1069/438 920/239/438 424/242/438 91/1070/438
f 60/1048/439 362/114/439 920/239/439 451/1069/439
f 362/114/440 59/113/440 445/240/440 920/239/440
f 493/108/441 921/243/441 468/246/441 107/109/441
f 76/81/442 406/222/442 921/243/442 493/108/442
f 406/222/443 72/1056/443 490/244/443 921/243/443
f 578/460/444 922/247/444 536/250/444 133/461/444
f 102/339/445 474/110/445 922/247/445 578/460/445
f 474/110/446 107/109/446 553/248/446 922/247/446
f 491/1071/447 923/251/447 486/254/447 122/1072/447
f 91/1070/448 424/242/448 923/251/448 491/1071/448
f 424/242/449 90/241/449 492/252/449 923/251/449
f 490/244/450 924/255/450 464/258/450 103/245/450
f 72/1056/451 402/126/451 924/255/451 490/244/451
f 402/126/452 74/125/452 506/256/452 924/255/452
f 494/284/453 925/259/453 460/262/453 99/285/453
f 68/153/454 398/130/454 925/259/454 494/284/454
f 398/130/455 69/129/455 495/260/455 925/259/455
f 496/362/456 926/263/456 481/266/456 119/363/456
f 88/233/457 419/134/457 926/263/457 496/362/457
f 419/134/458 89/133/458 497/264/458 926/263/458
f 502/288/459 927/267/459 488/270/459 116/289/459
f 85/157/460 426/138/460 927/267/460 502/288/460
f 426/138/461 93/137/461 505/268/461 927/267/461
f 499/280/462 928/271/462 476/274/462 123/281/462
f 92/149/463 414/142/463 928/271/463 499/280/463
f 414/142/464 83/141/464 489/272/464 928/271/464
f 519/1073/465 929/275/465 485/278/465 113/1074/465
f 82/1058/466 423/146/466 929/275/466 519/1073/466
f 423/146/467 80/145/467 501/276/467 929/275/467
f 500/1075/468 930/279/468 487/282/468 115/1076/468
f 84/1060/469 425/150/469 930/279/469 500/1075/469
f 425/150/470 92/149/470 499/280/470 930/279/470
f 514/328/471 931/283/471 461/286/471 98/329/471
f 67/201/472 399/154/472 931/283/472 514/328/472
f 399/154/473 68/153/473 494/284/473 931/283/473
f 515/342/474 932/287/474 478/290/474 117/343/474
f 86/219/475 416/158/475 932/287/475 515/342/475
f 416/158/476 85/157/476 502/288/476 932/287/476
f 422/160/477 933/291/477 512/294/477 81/161/477
f 82/1058/478 519/1073/478 933/291/478 422/160/478
f 519/1073/479 113/1074/479 484/292/479 933/291/479
f 503/354/480 934/295/480 469/298/480 110/355/480
f 79/225/481 407/166/481 934/295/481 503/354/481
f 407/166/482 63/165/482 504/296/482 934/295/482
f 505/268/483 935/299/483 477/302/483 124/269/483
f 93/137/484 415/170/484 935/299/484 505/268/484
f 415/170/485 84/169/485 500/300/485 935/299/485
f 513/324/486 936/303/486 470/306/486 95/325/486
f 64/197/487 408/174/487 936/303/487 513/324/487
f 408/174/488 65/173/488 509/304/488 936/303/488
f 507/1077/489 937/307/489 462/310/489 101/1078/489
f 70/1062/490 400/178/490 937/307/490 507/1077/490
f 400/178/491 66/177/491 508/308/491 937/307/491
f 504/296/492 938/311/492 458/314/492 94/297/492
f 63/165/493 396/186/493 938/311/493 504/296/493
f 396/186/494 78/185/494 510/312/494 938/311/494
f 511/320/495 939/315/495 466/318/495 104/321/495
f 73/193/496 404/190/496 939/315/496 511/320/496
f 404/190/497 75/189/497 518/316/497 939/315/497
f 506/1079/498 940/319/498 465/322/498 105/1080/498
f 74/1064/499 403/194/499 940/319/499 506/1079/499
f 403/194/500 73/193/500 511/320/500 940/319/500
f 510/1081/501 941/323/501 472/326/501 109/1082/501
f 78/1066/502 410/198/502 941/323/502 510/1081/502
f 410/198/503 64/197/503 513/324/503 941/323/503
f 508/308/504 942/327/504 471/330/504 97/309/504
f 66/177/505 409/202/505 942/327/505 508/308/505
f 409/202/506 67/201/506 514/328/506 942/327/506
f 501/276/507 943/331/507 483/334/507 111/277/507
f 80/145/508 421/206/508 943/331/508 501/276/508
f 421/206/509 91/205/509 491/332/509 943/331/509
f 413/208/510 944/335/510 489/272/510 83/141/510
f 81/161/511 512/294/511 944/335/511 413/208/511
f 512/294/512 112/293/512 475/336/512 944/335/512
f 495/1083/513 945/337/513 463/340/513 100/1084/513
f 69/1068/514 401/212/514 945/337/514 495/1083/514
f 401/212/515 71/211/515 516/338/515 945/337/515
f 517/236/516 946/341/516 479/344/516 118/237/516
f 87/181/517 417/220/517 946/341/517 517/236/517
f 417/220/518 86/219/518 515/342/518 946/341/518
f 509/304/519 947/345/519 459/348/519 96/305/519
f 65/173/520 397/216/520 947/345/520 509/304/520
f 397/216/521 70/215/521 507/346/521 947/345/521
f 551/450/522 948/349/522 523/352/522 129/451/522
f 98/329/523 461/286/523 948/349/523 551/450/523
f 461/286/524 99/285/524 558/350/524 948/349/524
f 498/228/525 949/353/525 473/356/525 108/229/525
f 77/97/526 411/226/526 949/353/526 498/228/526
f 411/226/527 79/225/527 503/354/527 949/353/527
f 480/238/528 950/357/528 552/360/528 120/265/528
f 118/237/529 579/1085/529 950/357/529 480/238/529
f 579/1085/530 149/1086/530 542/358/530 950/357/530
f 518/316/531 951/361/531 467/364/531 106/317/531
f 75/189/532 405/234/532 951/361/532 518/316/532
f 405/234/533 88/233/533 496/362/533 951/361/533
f 468/246/534 952/365/534 553/248/534 107/109/534
f 103/245/535 555/1087/535 952/365/535 468/246/535
f 555/1087/536 134/1088/536 530/366/536 952/365/536
f 557/380/537 953/367/537 544/370/537 152/381/537
f 121/253/538 482/230/538 953/367/538 557/380/538
f 482/230/539 108/229/539 561/368/539 953/367/539
f 828/858/540 954/371/540 799/374/540 274/859/540
f 301/1089/541 826/1090/541 954/371/541 828/858/541
f 826/1090/542 180/1091/542 604/372/542 954/371/542
f 641/578/543 955/375/543 598/378/543 164/579/543
f 300/957/544 829/864/544 955/375/544 641/578/544
f 829/864/545 275/863/545 800/376/545 955/375/545
f 556/1092/546 956/379/546 548/382/546 153/1093/546
f 122/1072/547 486/254/547 956/379/547 556/1092/547
f 486/254/548 121/253/548 557/380/548 956/379/548
f 555/1087/549 957/383/549 526/386/549 134/1088/549
f 103/245/550 464/258/550 957/383/550 555/1087/550
f 464/258/551 105/257/551 569/384/551 957/383/551
f 558/350/552 958/387/552 522/390/552 130/351/552
f 99/285/553 460/262/553 958/387/553 558/350/553
f 460/262/554 100/261/554 559/388/554 958/387/554
f 560/480/555 959/391/555 543/392/555 150/481/555
f 119/363/556 481/266/556 959/391/556 560/480/556
f 481/266/557 120/265/557 552/360/557 959/391/557
f 565/410/558 960/393/558 550/396/558 147/411/558
f 116/289/559 488/270/559 960/393/559 565/410/559
f 488/270/560 124/269/560 568/394/560 960/393/560
f 562/406/561 961/397/561 538/400/561 154/407/561
f 123/281/562 476/274/562 961/397/562 562/406/562
f 476/274/563 114/273/563 554/398/563 961/397/563
f 581/1094/564 962/401/564 547/404/564 144/1095/564
f 113/1074/565 485/278/565 962/401/565 581/1094/565
f 485/278/566 111/277/566 564/402/566 962/401/566
f 563/1096/567 963/405/567 549/408/567 146/1097/567
f 115/1076/568 487/282/568 963/405/568 563/1096/568
f 487/282/569 123/281/569 562/406/569 963/405/569
f 577/468/570 964/409/570 540/412/570 148/469/570
f 117/343/571 478/290/571 964/409/571 577/468/571
f 478/290/572 116/289/572 565/410/572 964/409/572
f 484/292/573 965/413/573 575/416/573 112/293/573
f 113/1074/574 581/1094/574 965/413/574 484/292/574
f 581/1094/575 144/1095/575 546/414/575 965/413/575
f 566/476/576 966/417/576 531/420/576 141/477/576
f 110/355/577 469/298/577 966/417/577 566/476/577
f 469/298/578 94/297/578 567/418/578 966/417/578
f 568/394/579 967/421/579 539/424/579 155/395/579
f 124/269/580 477/302/580 967/421/580 568/394/580
f 477/302/581 115/301/581 563/422/581 967/421/581
f 576/446/582 968/425/582 532/428/582 126/447/582
f 95/325/583 470/306/583 968/425/583 576/446/583
f 470/306/584 96/305/584 572/426/584 968/425/584
f 570/1098/585 969/429/585 524/432/585 132/1099/585
f 101/1078/586 462/310/586 969/429/586 570/1098/586
f 462/310/587 97/309/587 571/430/587 969/429/587
f 574/442/588 970/433/588 528/436/588 135/443/588
f 104/321/589 466/318/589 970/433/589 574/442/589
f 466/318/590 106/317/590 580/434/590 970/433/590
f 567/418/591 971/437/591 520/440/591 125/419/591
f 94/297/592 458/314/592 971/437/592 567/418/592
f 458/314/593 109/313/593 573/438/593 971/437/593
f 569/1100/594 972/441/594 527/444/594 136/1101/594
f 105/1080/595 465/322/595 972/441/595 569/1100/595
f 465/322/596 104/321/596 574/442/596 972/441/596
f 573/1102/597 973/445/597 534/448/597 140/1103/597
f 109/1082/598 472/326/598 973/445/598 573/1102/598
f 472/326/599 95/325/599 576/446/599 973/445/599
f 571/430/600 974/449/600 533/452/600 128/431/600
f 97/309/601 471/330/601 974/449/601 571/430/601
f 471/330/602 98/329/602 551/450/602 974/449/602
f 564/402/603 975/453/603 545/456/603 142/403/603
f 111/277/604 483/334/604 975/453/604 564/402/604
f 483/334/605 122/333/605 556/454/605 975/453/605
f 475/336/606 976/457/606 554/398/606 114/273/606
f 112/293/607 575/416/607 976/457/607 475/336/607
f 575/416/608 143/415/608 537/458/608 976/457/608
f 559/1104/609 977/459/609 525/462/609 131/1105/609
f 100/1084/610 463/340/610 977/459/610 559/1104/610
f 463/340/611 102/339/611 578/460/611 977/459/611
f 572/426/612 978/463/612 521/466/612 127/427/612
f 96/305/613 459/348/613 978/463/613 572/426/613
f 459/348/614 101/347/614 570/464/614 978/463/614
f 579/1085/615 979/467/615 541/470/615 149/1086/615
f 118/237/616 479/344/616 979/467/616 579/1085/616
f 479/344/617 117/343/617 577/468/617 979/467/617
f 704/698/618 980/471/618 660/474/618 195/699/618
f 248/785/619 753/776/619 980/471/619 704/698/619
f 753/776/620 245/775/620 748/472/620 980/471/620
f 561/368/621 981/475/621 535/478/621 139/369/621
f 108/229/622 473/356/622 981/475/622 561/368/622
f 473/356/623 110/355/623 566/476/623 981/475/623
f 580/434/624 982/479/624 529/482/624 137/435/624
f 106/317/625 467/364/625 982/479/625 580/434/625
f 467/364/626 119/363/626 560/480/626 982/479/626
f 830/866/627 983/483/627 797/486/627 272/867/627
f 286/1106/628 627/1107/628 983/483/628 830/866/628
f 627/1107/629 173/1108/629 609/484/629 983/483/629
f 798/568/630 984/487/630 585/490/630 160/569/630
f 273/947/631 831/872/631 984/487/631 798/568/631
f 831/872/632 281/871/632 806/488/632 984/487/632
f 832/874/633 985/491/633 800/376/633 275/863/633
f 277/1109/634 618/1110/634 985/491/634 832/874/634
f 618/1110/635 165/1111/635 592/492/635 985/491/635
f 620/506/636 986/493/636 606/496/636 183/507/636
f 279/885/637 833/878/637 986/493/637 620/506/637
f 833/878/638 283/877/638 624/494/638 986/493/638
f 736/636/639 987/497/639 666/500/639 213/637/639
f 239/675/640 742/674/640 987/497/640 736/636/640
f 742/674/641 240/1112/641 737/498/641 987/497/641
f 618/1110/642 988/501/642 588/504/642 165/1111/642
f 277/1109/643 834/882/643 988/501/643 618/1110/643
f 834/882/644 291/881/644 632/502/644 988/501/644
f 803/1113/645 989/505/645 610/508/645 184/1114/645
f 278/1115/646 835/886/646 989/505/646 803/1113/646
f 835/886/647 279/885/647 620/506/647 989/505/647
f 805/598/648 990/509/648 605/510/648 181/599/648
f 280/973/649 836/888/649 990/509/649 805/598/649
f 836/888/650 274/859/650 799/374/650 990/509/650
f 806/488/651 991/511/651 584/514/651 161/489/651
f 281/871/652 837/892/652 991/511/652 806/488/652
f 837/892/653 282/891/653 623/512/653 991/511/653
f 812/524/654 992/515/654 612/518/654 178/525/654
f 287/903/655 838/896/655 992/515/655 812/524/655
f 838/896/656 290/895/656 815/516/656 992/515/656
f 809/528/657 993/519/657 600/522/657 185/529/657
f 284/907/658 839/900/658 993/519/658 809/528/658
f 839/900/659 276/899/659 801/520/659 993/519/659
f 824/590/660 994/523/660 602/526/660 179/591/660
f 299/965/661 840/904/661 994/523/661 824/590/661
f 840/904/662 287/903/662 812/524/662 994/523/662
f 810/1116/663 995/527/663 611/530/663 177/1117/663
f 285/1118/664 841/908/664 995/527/664 810/1116/664
f 841/908/665 284/907/665 809/528/665 995/527/665
f 842/910/666 996/531/666 638/534/666 297/911/666
f 272/867/667 797/486/667 996/531/667 842/910/667
f 797/486/668 175/485/668 608/532/668 996/531/668
f 813/594/669 997/535/669 593/538/669 172/595/669
f 288/969/670 843/916/670 997/535/670 813/594/670
f 843/916/671 289/915/671 630/536/671 997/535/671
f 815/516/672 998/539/672 601/542/672 186/517/672
f 290/895/673 844/920/673 998/539/673 815/516/673
f 844/920/674 285/919/674 810/540/674 998/539/674
f 639/564/675 999/543/675 594/546/675 157/565/675
f 298/943/676 845/924/676 999/543/676 639/564/676
f 845/924/677 294/923/677 635/544/677 999/543/677
f 817/1119/678 1000/547/678 586/550/678 163/1120/678
f 292/1121/679 846/928/679 1000/547/679 817/1119/679
f 846/928/680 293/927/680 634/548/680 1000/547/680
f 630/536/681 1001/551/681 582/554/681 156/537/681
f 289/915/682 847/932/682 1001/551/682 630/536/682
f 847/932/683 295/931/683 636/552/683 1001/551/683
f 637/560/684 1002/555/684 590/558/684 166/561/684
f 296/939/685 848/936/685 1002/555/685 637/560/685
f 848/936/686 302/935/686 643/556/686 1002/555/686
f 632/1122/687 1003/559/687 589/562/687 167/1123/687
f 291/1124/688 849/940/688 1003/559/688 632/1122/688
f 849/940/689 296/939/689 637/560/689 1003/559/689
f 636/1125/690 1004/563/690 596/566/690 171/1126/690
f 295/1127/691 850/944/691 1004/563/691 636/1125/691
f 850/944/692 298/943/692 639/564/692 1004/563/692
f 634/548/693 1005/567/693 595/570/693 159/549/693
f 293/927/694 851/948/694 1005/567/694 634/548/694
f 851/948/695 273/947/695 798/568/695 1005/567/695
f 627/1107/696 1006/571/696 607/574/696 173/1108/696
f 286/1106/697 852/952/697 1006/571/697 627/1107/697
f 852/952/698 278/951/698 803/572/698 1006/571/698
f 853/954/699 1007/575/699 801/520/699 276/899/699
f 297/911/700 638/534/700 1007/575/700 853/954/700
f 638/534/701 174/533/701 599/576/701 1007/575/701
f 623/1128/702 1008/577/702 587/580/702 162/1129/702
f 282/1130/703 854/958/703 1008/577/703 623/1128/703
f 854/958/704 300/957/704 641/578/704 1008/577/704
f 703/1131/705 1009/581/705 733/584/705 235/1132/705
f 179/591/706 602/526/706 1009/581/706 703/1131/706
f 602/526/707 178/525/707 691/582/707 1009/581/707
f 635/544/708 1010/585/708 583/588/708 158/545/708
f 294/923/709 855/962/709 1010/585/709 635/544/709
f 855/962/710 292/961/710 817/586/710 1010/585/710
f 826/1090/711 1011/589/711 603/592/711 180/1091/711
f 301/1089/712 856/966/712 1011/589/712 826/1090/712
f 856/966/713 299/965/713 824/590/713 1011/589/713
f 624/494/714 1012/593/714 597/596/714 170/495/714
f 283/877/715 857/970/715 1012/593/715 624/494/715
f 857/970/716 288/969/716 813/594/716 1012/593/716
f 643/556/717 1013/597/717 591/600/717 168/557/717
f 302/935/718 858/974/718 1013/597/718 643/556/718
f 858/974/719 280/973/719 805/598/719 1013/597/719
f 734/1133/720 1014/601/720 653/604/720 218/1134/720
f 237/1135/721 739/754/721 1014/601/721 734/1133/721
f 739/754/722 238/753/722 676/602/722 1014/601/722
f 791/840/723 1015/605/723 677/608/723 265/641/723
f 266/1136/724 690/1137/724 1015/605/724 791/840/724
f 690/1137/725 204/1138/725 671/606/725 1015/605/725
f 757/686/726 1016/609/726 647/612/726 191/687/726
f 250/801/727 762/790/727 1016/609/727 757/686/727
f 762/790/728 251/789/728 758/610/728 1016/609/728
f 754/778/729 1017/613/729 748/472/729 245/775/729
f 246/1139/730 682/1140/730 1017/613/730 754/778/730
f 682/1140/731 196/1141/731 654/614/731 1017/613/731
f 774/816/732 1018/615/732 781/618/732 260/817/732
f 183/507/733 606/496/733 1018/615/733 774/816/733
f 606/496/734 170/495/734 775/616/734 1018/615/734
f 719/1142/735 1019/619/735 724/622/735 231/1143/735
f 174/533/736 608/532/736 1019/619/736 719/1142/736
f 608/532/737 175/485/737 714/620/737 1019/619/737
f 682/1140/738 1020/623/738 650/626/738 196/1141/738
f 246/1139/739 755/782/739 1020/623/739 682/1140/739
f 755/782/740 247/781/740 695/624/740 1020/623/740
f 773/1144/741 1021/627/741 672/630/741 219/1145/741
f 259/1146/742 779/818/742 1021/627/742 773/1144/742
f 779/818/743 260/817/743 684/628/743 1021/627/743
f 758/610/744 1022/631/744 646/634/744 192/611/744
f 251/789/745 763/794/745 1022/631/745 758/610/745
f 763/794/746 252/793/746 686/632/746 1022/631/746
f 676/602/747 1023/635/747 667/638/747 212/603/747
f 238/753/748 740/760/748 1023/635/748 676/602/748
f 740/760/749 239/675/749 736/636/749 1023/635/749
f 786/836/750 1024/639/750 794/642/750 267/837/750
f 231/1143/751 724/622/751 1024/639/751 786/836/751
f 724/622/752 226/621/752 784/640/752 1024/639/752
f 716/648/753 1025/643/753 662/646/753 216/649/753
f 269/847/754 792/844/754 1025/643/754 716/648/754
f 792/844/755 268/843/755 715/644/755 1025/643/755
f 717/1147/756 1026/647/756 673/650/756 221/1148/756
f 270/1149/757 793/848/757 1026/647/757 717/1147/757
f 793/848/758 269/847/758 716/648/758 1026/647/758
f 701/694/759 1027/651/759 670/652/759 205/695/759
f 267/837/760 794/642/760 1027/651/760 701/694/760
f 794/642/761 265/641/761 677/608/761 1027/651/761
f 776/710/762 1028/653/762 655/656/762 203/711/762
f 262/833/763 780/826/763 1028/653/763 776/710/763
f 780/826/764 263/825/764 693/654/764 1028/653/764
f 728/820/765 1029/657/765 663/660/765 217/821/765
f 234/727/766 731/746/766 1029/657/766 728/820/766
f 731/746/767 236/745/767 730/658/767 1029/657/767
f 702/682/768 1030/661/768 656/664/768 188/683/768
f 256/809/769 770/806/769 1030/661/769 702/682/769
f 770/806/770 255/805/770 698/662/770 1030/661/770
f 760/1150/771 1031/665/771 648/668/771 223/1151/771
f 253/1152/772 764/798/772 1031/665/772 760/1150/772
f 764/798/773 254/797/773 697/666/773 1031/665/773
f 693/654/774 1032/669/774 644/672/774 187/655/774
f 263/825/775 782/830/775 1032/669/775 693/654/775
f 782/830/776 264/829/776 699/670/776 1032/669/776
f 604/372/777 1033/673/777 679/676/777 182/373/777
f 180/1091/778 705/1153/778 1033/673/778 604/372/778
f 705/1153/779 240/1112/779 742/674/779 1033/673/779
f 710/1154/780 1034/677/780 651/680/780 222/1155/780
f 244/1156/781 746/768/781 1034/677/781 710/1154/781
f 746/768/782 242/767/782 700/678/782 1034/677/782
f 712/1157/783 1035/681/783 658/684/783 224/1158/783
f 258/1159/784 771/810/784 1035/681/784 712/1157/784
f 771/810/785 256/809/785 702/682/785 1035/681/785
f 697/666/786 1036/685/786 657/688/786 190/667/786
f 254/797/787 765/802/787 1036/685/787 697/666/787
f 765/802/788 250/801/788 757/686/788 1036/685/788
f 690/1137/789 1037/689/789 669/692/789 204/1138/789
f 266/1136/790 796/852/790 1037/689/790 690/1137/790
f 796/852/791 271/851/791 720/690/791 1037/689/791
f 715/644/792 1038/693/792 661/696/792 207/645/792
f 268/843/793 795/838/793 1038/693/793 715/644/793
f 795/838/794 267/837/794 701/694/794 1038/693/794
f 708/1160/795 1039/697/795 649/700/795 220/1161/795
f 249/1162/796 756/786/796 1039/697/796 708/1160/796
f 756/786/797 248/785/797 704/698/797 1039/697/797
f 698/662/798 1040/701/798 645/704/798 189/663/798
f 255/805/799 772/814/799 1040/701/799 698/662/799
f 772/814/800 257/813/800 768/702/800 1040/701/800
f 737/498/801 1041/705/801 665/708/801 211/499/801
f 240/1112/802 741/764/802 1041/705/802 737/498/802
f 741/764/803 241/763/803 738/706/803 1041/705/803
f 687/770/804 1042/709/804 659/712/804 201/771/804
f 261/617/805 783/834/805 1042/709/805 687/770/805
f 783/834/806 262/833/806 776/710/806 1042/709/806
f 369/1045/807 1043/713/807 340/716/807 41/1046/807
f 10/1044/808 309/1163/808 1043/713/808 369/1045/808
f 309/1163/809 12/1164/809 376/714/809 1043/713/809
f 389/76/810 1044/717/810 350/718/810 40/77/810
f 9/1034/811 319/1165/811 1044/717/811 389/76/811
f 319/1165/812 14/1043/812 395/106/812 1044/717/812
f 599/576/813 1045/719/813 681/722/813 176/521/813
f 174/533/814 719/1142/814 1045/719/814 599/576/814
f 719/1142/815 231/1143/815 725/720/815 1045/719/815
f 609/484/816 1046/723/816 714/620/816 175/485/816
f 173/1108/817 718/1166/817 1046/723/817 609/484/817
f 718/1166/818 230/1167/818 721/724/818 1046/723/818
f 691/582/819 1047/725/819 732/728/819 233/583/819
f 178/525/820 612/518/820 1047/725/820 691/582/820
f 612/518/821 186/517/821 694/726/821 1047/725/821
f 688/732/822 1048/729/822 722/730/822 228/733/822
f 185/529/823 600/522/823 1048/729/823 688/732/823
f 600/522/824 176/521/824 681/722/824 1048/729/824
f 689/1168/825 1049/731/825 723/734/825 229/1169/825
f 177/1117/826 611/530/826 1049/731/826 689/1168/826
f 611/530/827 185/529/827 688/732/827 1049/731/827
f 718/1166/828 1050/735/828 726/738/828 230/1167/828
f 173/1108/829 607/574/829 1050/735/829 718/1166/829
f 607/574/830 184/573/830 707/736/830 1050/735/830
f 729/1170/831 1051/739/831 664/742/831 210/1171/831
f 235/1132/832 733/584/832 1051/739/832 729/1170/832
f 733/584/833 233/583/833 727/740/833 1051/739/833
f 694/726/834 1052/743/834 731/746/834 234/727/834
f 186/517/835 601/542/835 1052/743/835 694/726/835
f 601/542/836 177/541/836 709/744/836 1052/743/836
f 700/678/837 1053/747/837 652/750/837 197/679/837
f 242/767/838 747/758/838 1053/747/838 700/678/838
f 747/758/839 243/757/839 744/748/839 1053/747/839
f 675/1172/840 1054/751/840 739/754/840 237/1135/840
f 168/557/841 591/600/841 1054/751/841 675/1172/841
f 591/600/842 181/599/842 735/752/842 1054/751/842
f 743/766/843 1055/755/843 747/758/843 242/767/843
f 166/561/844 590/558/844 1055/755/844 743/766/844
f 590/558/845 168/557/845 706/756/845 1055/755/845
f 735/752/846 1056/759/846 740/760/846 238/753/846
f 181/599/847 605/510/847 1056/759/847 735/752/847
f 605/510/848 182/373/848 679/676/848 1056/759/848
f 705/1153/849 1057/761/849 741/764/849 240/1112/849
f 180/1091/850 603/592/850 1057/761/850 705/1153/850
f 603/592/851 179/591/851 713/762/851 1057/761/851
f 745/1173/852 1058/765/852 746/768/852 244/1156/852
f 167/1123/853 589/562/853 1058/765/853 745/1173/853
f 589/562/854 166/561/854 743/766/854 1058/765/854
f 684/628/855 1059/769/855 668/772/855 214/629/855
f 260/817/856 781/618/856 1059/769/856 684/628/856
f 781/618/857 261/617/857 687/770/857 1059/769/857
f 751/784/858 1060/773/858 753/776/858 248/785/858
f 164/579/859 598/378/859 1060/773/859 751/784/859
f 598/378/860 169/377/860 680/774/860 1060/773/860
f 592/492/861 1061/777/861 680/774/861 169/377/861
f 165/1111/862 749/1174/862 1061/777/862 592/492/862
f 749/1174/863 246/1139/863 754/778/863 1061/777/863
f 749/1174/864 1062/779/864 755/782/864 246/1139/864
f 165/1111/865 588/504/865 1062/779/865 749/1174/865
f 588/504/866 167/503/866 750/780/866 1062/779/866
f 752/1175/867 1063/783/867 756/786/867 249/1162/867
f 162/1129/868 587/580/868 1063/783/868 752/1175/868
f 587/580/869 164/579/869 751/784/869 1063/783/869
f 678/800/870 1064/787/870 762/790/870 250/801/870
f 160/569/871 585/490/871 1064/787/871 678/800/871
f 585/490/872 161/489/872 685/788/872 1064/787/872
f 685/788/873 1065/791/873 763/794/873 251/789/873
f 161/489/874 584/514/874 1065/791/874 685/788/874
f 584/514/875 162/513/875 759/792/875 1065/791/875
f 696/1176/876 1066/795/876 764/798/876 253/1152/876
f 163/1120/877 586/550/877 1066/795/877 696/1176/877
f 586/550/878 159/549/878 761/796/878 1066/795/878
f 761/796/879 1067/799/879 765/802/879 254/797/879
f 159/549/880 595/570/880 1067/799/880 761/796/880
f 595/570/881 160/569/881 678/800/881 1067/799/881
f 767/808/882 1068/803/882 770/806/882 256/809/882
f 157/565/883 594/546/883 1068/803/883 767/808/883
f 594/546/884 158/545/884 766/804/884 1068/803/884
f 769/1177/885 1069/807/885 771/810/885 258/1159/885
f 171/1126/886 596/566/886 1069/807/886 769/1177/886
f 596/566/887 157/565/887 767/808/887 1069/807/887
f 766/804/888 1070/811/888 772/814/888 255/805/888
f 158/545/889 583/588/889 1070/811/889 766/804/889
f 583/588/890 163/587/890 711/812/890 1070/811/890
f 683/1178/891 1071/815/891 779/818/891 259/1146/891
f 184/1114/892 610/508/892 1071/815/892 683/1178/892
f 610/508/893 183/507/893 774/816/893 1071/815/893
f 727/740/894 1072/819/894 674/822/894 209/741/894
f 233/583/895 732/728/895 1072/819/895 727/740/895
f 732/728/896 234/727/896 728/820/896 1072/819/896
f 692/832/897 1073/823/897 780/826/897 262/833/897
f 172/595/898 593/538/898 1073/823/898 692/832/898
f 593/538/899 156/537/899 777/824/899 1073/823/899
f 777/824/900 1074/827/900 782/830/900 263/825/900
f 156/537/901 582/554/901 1074/827/901 777/824/901
f 582/554/902 171/553/902 778/828/902 1074/827/902
f 775/616/903 1075/831/903 783/834/903 261/617/903
f 170/495/904 597/596/904 1075/831/904 775/616/904
f 597/596/905 172/595/905 692/832/905 1075/831/905
f 787/842/906 1076/835/906 795/838/906 268/843/906
f 227/721/907 725/720/907 1076/835/907 787/842/907
f 725/720/908 231/1143/908 786/836/908 1076/835/908
f 721/724/909 1077/839/909 784/640/909 226/621/909
f 230/1167/910 785/1179/910 1077/839/910 721/724/910
f 785/1179/911 266/1136/911 791/840/911 1077/839/911
f 788/846/912 1078/841/912 792/844/912 269/847/912
f 228/733/913 722/730/913 1078/841/913 788/846/913
f 722/730/914 227/721/914 787/842/914 1078/841/914
f 789/1180/915 1079/845/915 793/848/915 270/1149/915
f 229/1169/916 723/734/916 1079/845/916 789/1180/916
f 723/734/917 228/733/917 788/846/917 1079/845/917
f 785/1179/918 1080/849/918 796/852/918 266/1136/918
f 230/1167/919 726/738/919 1080/849/919 785/1179/919
f 726/738/920 232/737/920 790/850/920 1080/849/920
f 379/112/921 1081/853/921 358/856/921 59/113/921
f 28/1051/922 327/1181/922 1081/853/922 379/112/922
f 327/1181/923 15/1038/923 365/854/923 1081/853/923
f 542/358/924 1082/857/924 615/860/924 151/359/924
f 149/1086/925 642/1182/925 1082/857/925 542/358/925
f 642/1182/926 301/1089/926 828/858/926 1082/857/926
f 825/956/927 1083/861/927 829/864/927 300/957/927
f 133/461/928 536/250/928 1083/861/928 825/956/928
f 536/250/929 138/249/929 616/862/929 1083/861/929
f 547/404/930 1084/865/930 613/868/930 144/1095/930
f 142/403/931 811/1183/931 1084/865/931 547/404/931
f 811/1183/932 286/1106/932 830/866/932 1084/865/932
f 614/946/933 1085/869/933 831/872/933 273/947/933
f 129/451/934 523/352/934 1085/869/934 614/946/934
f 523/352/935 130/351/935 622/870/935 1085/869/935
f 530/366/936 1086/873/936 616/862/936 138/249/936
f 134/1088/937 802/1184/937 1086/873/937 530/366/937
f 802/1184/938 277/1109/938 832/874/938 1086/873/938
f 804/884/939 1087/875/939 833/878/939 279/885/939
f 152/381/940 544/370/940 1087/875/940 804/884/940
f 544/370/941 139/369/941 808/876/941 1087/875/941
f 802/1184/942 1088/879/942 834/882/942 277/1109/942
f 134/1088/943 526/386/943 1088/879/943 802/1184/943
f 526/386/944 136/385/944 816/880/944 1088/879/944
f 619/1185/945 1089/883/945 835/886/945 278/1115/945
f 153/1093/946 548/382/946 1089/883/946 619/1185/946
f 548/382/947 152/381/947 804/884/947 1089/883/947
f 621/972/948 1090/887/948 836/888/948 280/973/948
f 150/481/949 543/392/949 1090/887/949 621/972/949
f 543/392/950 151/359/950 615/860/950 1090/887/950
f 622/870/951 1091/889/951 837/892/951 281/871/951
f 130/351/952 522/390/952 1091/889/952 622/870/952
f 522/390/953 131/389/953 807/890/953 1091/889/953
f 628/902/954 1092/893/954 838/896/954 287/903/954
f 147/411/955 550/396/955 1092/893/955 628/902/955
f 550/396/956 155/395/956 631/894/956 1092/893/956
f 625/906/957 1093/897/957 839/900/957 284/907/957
f 154/407/958 538/400/958 1093/897/958 625/906/958
f 538/400/959 145/399/959 617/898/959 1093/897/959
f 640/964/960 1094/901/960 840/904/960 299/965/960
f 148/469/961 540/412/961 1094/901/961 640/964/961
f 540/412/962 147/411/962 628/902/962 1094/901/962
f 626/1186/963 1095/905/963 841/908/963 285/1118/963
f 146/1097/964 549/408/964 1095/905/964 626/1186/964
f 549/408/965 154/407/965 625/906/965 1095/905/965
f 546/414/966 1096/909/966 822/912/966 143/415/966
f 144/1095/967 613/868/967 1096/909/967 546/414/967
f 613/868/968 272/867/968 842/910/968 1096/909/968
f 629/968/969 1097/913/969 843/916/969 288/969/969
f 141/477/970 531/420/970 1097/913/970 629/968/970
f 531/420/971 125/419/971 814/914/971 1097/913/971
f 631/894/972 1098/917/972 844/920/972 290/895/972
f 155/395/973 539/424/973 1098/917/973 631/894/973
f 539/424/974 146/423/974 626/918/974 1098/917/974
f 823/942/975 1099/921/975 845/924/975 298/943/975
f 126/447/976 532/428/976 1099/921/976 823/942/976
f 532/428/977 127/427/977 819/922/977 1099/921/977
f 633/1187/978 1100/925/978 846/928/978 292/1121/978
f 132/1099/979 524/432/979 1100/925/979 633/1187/979
f 524/432/980 128/431/980 818/926/980 1100/925/980
f 814/914/981 1101/929/981 847/932/981 289/915/981
f 125/419/982 520/440/982 1101/929/982 814/914/982
f 520/440/983 140/439/983 820/930/983 1101/929/983
f 821/938/984 1102/933/984 848/936/984 296/939/984
f 135/443/985 528/436/985 1102/933/985 821/938/985
f 528/436/986 137/435/986 827/934/986 1102/933/986
f 816/1188/987 1103/937/987 849/940/987 291/1124/987
f 136/1101/988 527/444/988 1103/937/988 816/1188/988
f 527/444/989 135/443/989 821/938/989 1103/937/989
f 820/1189/990 1104/941/990 850/944/990 295/1127/990
f 140/1103/991 534/448/991 1104/941/991 820/1189/991
f 534/448/992 126/447/992 823/942/992 1104/941/992
f 818/926/993 1105/945/993 851/948/993 293/927/993
f 128/431/994 533/452/994 1105/945/994 818/926/994
f 533/452/995 129/451/995 614/946/995 1105/945/995
f 811/1183/996 1106/949/996 852/952/996 286/1106/996
f 142/403/997 545/456/997 1106/949/997 811/1183/997
f 545/456/998 153/455/998 619/950/998 1106/949/998
f 537/458/999 1107/953/999 617/898/999 145/399/999
f 143/415/1000 822/912/1000 1107/953/1000 537/458/1000
f 822/912/1001 297/911/1001 853/954/1001 1107/953/1001
f 807/1190/1002 1108/955/1002 854/958/1002 282/1130/1002
f 131/1105/1003 525/462/1003 1108/955/1003 807/1190/1003
f 525/462/1004 133/461/1004 825/956/1004 1108/955/1004
f 819/922/1005 1109/959/1005 855/962/1005 294/923/1005
f 127/427/1006 521/466/1006 1109/959/1006 819/922/1006
f 521/466/1007 132/465/1007 633/960/1007 1109/959/1007
f 642/1182/1008 1110/963/1008 856/966/1008 301/1089/1008
f 149/1086/1009 541/470/1009 1110/963/1009 642/1182/1009
f 541/470/1010 148/469/1010 640/964/1010 1110/963/1010
f 808/876/1011 1111/967/1011 857/970/1011 283/877/1011
f 139/369/1012 535/478/1012 1111/967/1012 808/876/1012
f 535/478/1013 141/477/1013 629/968/1013 1111/967/1013
f 827/934/1014 1112/971/1014 858/974/1014 302/935/1014
f 137/435/1015 529/482/1015 1112/971/1015 827/934/1015
f 529/482/1016 150/481/1016 621/972/1016 1112/971/1016
f 1131/1191/1017 1256/1192/1017 1262/1193/1017 1132/1194/1017
f 1134/1195/1018 1237/1196/1018 1375/1197/1018 1242/1198/1018
f 1127/1199/1019 1128/1200/1019 1263/1201/1019 1257/1202/1019
f 1399/1203/1020 1394/1204/1020 1335/1205/1020 1334/1206/1020
f 1330/1207/1021 1349/1208/1021 1181/1209/1021 1196/1210/1021
f 1292/1211/1022 1288/1212/1022 1164/1213/1022 1165/1214/1022
f 1407/1215/1023 1373/1216/1023 1370/1217/1023 1404/1218/1023
f 1343/1219/1024 1184/1220/1024 1192/1221/1024 1326/1222/1024
f 1126/1223/1025 1124/1224/1025 1261/1225/1025 1258/1226/1025
f 1283/1227/1026 1287/1228/1026 1158/1229/1026 1157/1230/1026
f 1160/1231/1027 1162/1232/1027 1285/1233/1027 1289/1234/1027
f 1304/1235/1028 1308/1236/1028 1172/1237/1028 1171/1238/1028
f 1369/1239/1029 1161/1240/1029 1166/1241/1029 1299/1242/1029
f 1241/1243/1030 1240/1244/1030 1126/1245/1030 1130/1246/1030
f 1254/1247/1031 1253/1248/1031 1140/1249/1031 1136/1250/1031
f 1328/1251/1032 1341/1252/1032 1183/1253/1032 1194/1254/1032
f 1242/1255/1033 1403/1256/1033 1236/1257/1033 1134/1258/1033
f 1369/1239/1034 1299/1242/1034 1220/1259/1034 1229/1260/1034
f 1304/1261/1035 1171/1262/1035 1173/1263/1035 1361/1264/1035
f 1201/1265/1036 1337/1266/1036 1336/1267/1036 1200/1268/1036
f 1293/1269/1037 1284/1270/1037 1166/1241/1037 1161/1240/1037
f 1362/1271/1038 1389/1272/1038 1296/1273/1038 1178/1274/1038
f 1136/1250/1039 1140/1249/1039 1269/1275/1039 1270/1276/1039
f 1149/1277/1040 1289/1234/1040 1285/1233/1040 1151/1278/1040
f 1134/1258/1041 1236/1257/1041 1377/1279/1041 1260/1280/1041
f 1308/1236/1042 1360/1281/1042 1177/1282/1042 1172/1237/1042
f 1114/1283/1043 1118/1284/1043 1248/1285/1043 1245/1286/1043
f 1257/1202/1044 1263/1201/1044 1139/1287/1044 1138/1288/1044
f 1133/1289/1045 1132/1194/1045 1262/1193/1045 1255/1290/1045
f 1142/1291/1046 1272/1292/1046 1277/1293/1046 1143/1294/1046
f 1406/1295/1047 1301/1296/1047 1222/1297/1047 1372/1298/1047
f 1290/1299/1048 1159/1300/1048 1163/1301/1048 1291/1302/1048
f 1262/1193/1049 1256/1192/1049 1142/1291/1049 1143/1294/1049
f 1241/1303/1050 1376/1304/1050 1230/1305/1050 1119/1306/1050
f 1365/1307/1051 1225/1308/1051 1221/1309/1051 1300/1310/1051
f 1298/1311/1052 1363/1312/1052 1223/1313/1052 1219/1314/1052
f 1262/1193/1053 1143/1294/1053 1144/1315/1053 1255/1290/1053
f 1137/1316/1054 1274/1317/1054 1275/1318/1054 1141/1319/1054
f 1155/1320/1055 1284/1270/1055 1293/1269/1055 1150/1321/1055
f 1245/1286/1056 1248/1285/1056 1129/1322/1056 1125/1323/1056
f 1229/1260/1057 1308/1236/1057 1304/1235/1057 1225/1324/1057
f 1348/1325/1058 1346/1326/1058 1179/1327/1058 1195/1328/1058
f 1154/1329/1059 1292/1211/1059 1284/1270/1059 1155/1320/1059
f 1218/1330/1060 1333/1331/1060 1397/1332/1060 1358/1333/1060
f 1305/1334/1061 1298/1311/1061 1219/1314/1061 1226/1335/1061
f 1268/1336/1062 1381/1337/1062 1266/1338/1062 1156/1339/1062
f 1149/1340/1063 1150/1321/1063 1293/1269/1063 1289/1341/1063
f 1159/1300/1064 1305/1342/1064 1367/1343/1064 1163/1301/1064
f 1226/1344/1065 1366/1345/1065 1306/1346/1065 1227/1347/1065
f 1125/1348/1066 1254/1349/1066 1261/1225/1066 1124/1224/1066
f 1307/1350/1067 1303/1351/1067 1224/1352/1067 1228/1353/1067
f 1218/1330/1068 1358/1333/1068 1395/1354/1068 1356/1355/1068
f 1362/1356/1069 1178/1357/1069 1297/1358/1069 1391/1359/1069
f 1388/1360/1070 1264/1361/1070 1152/1362/1070 1291/1363/1070
f 1285/1233/1071 1162/1232/1071 1158/1364/1071 1287/1365/1071
f 1363/1366/1072 1300/1310/1072 1221/1309/1072 1223/1367/1072
f 1339/1368/1073 1340/1369/1073 1197/1370/1073 1188/1371/1073
f 1126/1245/1074 1258/1372/1074 1259/1373/1074 1130/1246/1074
f 1122/1374/1075 1121/1375/1075 1244/1376/1075 1247/1377/1075
f 1160/1231/1076 1365/1307/1076 1300/1310/1076 1162/1232/1076
f 1280/1378/1077 1386/1379/1077 1387/1380/1077 1282/1381/1077
f 1316/1382/1078 1344/1383/1078 1208/1384/1078 1207/1385/1078
f 1176/1386/1079 1331/1387/1079 1315/1388/1079 1177/1282/1079
f 1325/1389/1080 1394/1204/1080 1297/1358/1080 1178/1357/1080
f 1130/1390/1081 1234/1391/1081 1376/1304/1081 1241/1303/1081
f 1338/1392/1082 1339/1368/1082 1188/1371/1082 1190/1393/1082
f 1270/1394/1083 1147/1395/1083 1146/1396/1083 1276/1397/1083
f 1243/1398/1084 1245/1399/1084 1125/1348/1084 1124/1224/1084
f 1313/1400/1085 1315/1388/1085 1203/1401/1085 1202/1402/1085
f 1391/1359/1086 1297/1358/1086 1295/1403/1086 1390/1404/1086
f 1176/1386/1087 1175/1405/1087 1327/1406/1087 1323/1407/1087
f 1140/1249/1088 1138/1408/1088 1273/1409/1088 1269/1275/1088
f 1365/1410/1089 1369/1239/1089 1229/1260/1089 1225/1324/1089
f 1271/1411/1090 1277/1293/1090 1154/1329/1090 1155/1320/1090
f 1289/1341/1091 1293/1269/1091 1161/1240/1091 1160/1412/1091
f 1290/1413/1092 1283/1227/1092 1157/1230/1092 1159/1414/1092
f 1136/1415/1093 1270/1394/1093 1276/1397/1093 1135/1416/1093
f 1114/1417/1094 1245/1399/1094 1243/1398/1094 1113/1418/1094
f 1178/1274/1095 1296/1273/1095 1393/1419/1095 1317/1420/1095
f 1353/1421/1096 1354/1422/1096 1393/1419/1096 1401/1423/1096
f 1406/1295/1097 1405/1424/1097 1280/1378/1097 1282/1381/1097
f 1382/1425/1098 1250/1426/1098 1252/1427/1098 1383/1428/1098
f 1247/1377/1099 1244/1376/1099 1132/1194/1099 1133/1289/1099
f 1365/1410/1100 1160/1412/1100 1161/1240/1100 1369/1239/1100
f 1212/1429/1101 1210/1430/1101 1346/1326/1101 1348/1325/1101
f 1259/1373/1102 1258/1372/1102 1137/1316/1102 1141/1319/1102
f 1173/1263/1103 1316/1382/1103 1345/1431/1103 1169/1432/1103
f 1254/1349/1104 1136/1415/1104 1135/1416/1104 1261/1225/1104
f 1336/1267/1105 1337/1266/1105 1186/1433/1105 1187/1434/1105
f 1397/1332/1106 1312/1435/1106 1310/1436/1106 1396/1437/1106
f 1167/1438/1107 1281/1439/1107 1404/1218/1107 1301/1440/1107
f 1290/1413/1108 1148/1441/1108 1146/1396/1108 1283/1227/1108
f 1232/1442/1109 1230/1305/1109 1376/1304/1109 1403/1256/1109
f 1117/1443/1110 1122/1374/1110 1247/1377/1110 1246/1444/1110
f 1274/1445/1111 1276/1397/1111 1146/1396/1111 1148/1441/1111
f 1314/1446/1112 1347/1447/1112 1211/1448/1112 1210/1430/1112
f 1388/1360/1113 1291/1363/1113 1163/1449/1113 1279/1450/1113
f 1154/1329/1114 1153/1451/1114 1288/1212/1114 1292/1211/1114
f 1233/1452/1115 1123/1453/1115 1242/1198/1115 1375/1197/1115
f 1198/1454/1116 1334/1206/1116 1402/1455/1116 1355/1456/1116
f 1380/1457/1117 1234/1391/1117 1130/1390/1117 1259/1458/1117
f 1386/1379/1118 1265/1459/1118 1267/1460/1118 1387/1380/1118
f 1261/1225/1119 1135/1416/1119 1137/1461/1119 1258/1226/1119
f 1244/1376/1120 1238/1462/1120 1131/1191/1120 1132/1194/1120
f 1306/1346/1121 1366/1345/1121 1170/1463/1121 1174/1464/1121
f 1286/1465/1122 1385/1466/1122 1281/1439/1122 1167/1438/1122
f 1404/1218/1123 1370/1217/1123 1222/1467/1123 1301/1440/1123
f 1302/1468/1124 1359/1469/1124 1219/1314/1124 1223/1313/1124
f 1307/1350/1125 1228/1353/1125 1220/1259/1125 1299/1242/1125
f 1251/1470/1126 1377/1279/1126 1380/1457/1126 1249/1471/1126
f 1140/1249/1127 1253/1248/1127 1257/1472/1127 1138/1408/1127
f 1316/1382/1128 1173/1263/1128 1171/1262/1128 1344/1383/1128
f 1321/1473/1129 1314/1446/1129 1210/1430/1129 1212/1429/1129
f 1317/1420/1130 1393/1419/1130 1354/1422/1130 1215/1474/1130
f 1401/1423/1131 1352/1475/1131 1216/1476/1131 1353/1421/1131
f 1383/1428/1132 1268/1477/1132 1156/1478/1132 1267/1460/1132
f 1324/1479/1133 1205/1480/1133 1206/1481/1133 1342/1482/1133
f 1271/1411/1134 1278/1483/1134 1139/1287/1134 1144/1315/1134
f 1374/1484/1135 1235/1485/1135 1131/1486/1135 1238/1487/1135
f 1332/1488/1136 1396/1437/1136 1310/1436/1136 1193/1489/1136
f 1168/1490/1137 1314/1446/1137 1321/1473/1137 1170/1491/1137
f 1391/1359/1138 1390/1404/1138 1371/1492/1138 1372/1298/1138
f 1145/1493/1139 1268/1477/1139 1383/1428/1139 1252/1427/1139
f 1275/1318/1140 1274/1317/1140 1148/1494/1140 1152/1495/1140
f 1159/1414/1141 1157/1230/1141 1298/1311/1141 1305/1334/1141
f 1251/1470/1142 1249/1471/1142 1384/1496/1142 1381/1337/1142
f 1239/1497/1143 1246/1444/1143 1128/1200/1143 1127/1199/1143
f 1113/1418/1144 1243/1398/1144 1240/1498/1144 1115/1499/1144
f 1328/1251/1145 1206/1481/1145 1205/1480/1145 1341/1252/1145
f 1119/1500/1146 1115/1501/1146 1240/1244/1146 1241/1243/1146
f 1278/1483/1147 1271/1411/1147 1155/1320/1147 1150/1321/1147
f 1257/1472/1148 1253/1248/1148 1129/1322/1148 1127/1502/1148
f 1246/1444/1149 1247/1377/1149 1133/1289/1149 1128/1200/1149
f 1284/1270/1150 1292/1211/1150 1165/1214/1150 1166/1241/1150
f 1222/1467/1151 1370/1217/1151 1389/1272/1151 1362/1271/1151
f 1353/1421/1152 1398/1503/1152 1400/1504/1152 1354/1422/1152
f 1172/1237/1153 1324/1479/1153 1342/1482/1153 1171/1238/1153
f 1353/1421/1154 1216/1476/1154 1322/1505/1154 1398/1503/1154
f 1367/1506/1155 1407/1215/1155 1279/1450/1155 1163/1449/1155
f 1329/1507/1156 1350/1508/1156 1174/1464/1156 1170/1463/1156
f 1372/1298/1157 1222/1297/1157 1362/1356/1157 1391/1359/1157
f 1405/1424/1158 1371/1492/1158 1224/1509/1158 1303/1510/1158
f 1319/1511/1159 1399/1203/1159 1334/1206/1159 1198/1454/1159
f 1346/1326/1160 1318/1512/1160 1180/1513/1160 1179/1327/1160
f 1368/1514/1161 1364/1515/1161 1175/1405/1161 1176/1386/1161
f 1371/1492/1162 1405/1424/1162 1406/1295/1162 1372/1298/1162
f 1392/1516/1163 1306/1517/1163 1174/1518/1163 1294/1519/1163
f 1164/1213/1164 1303/1351/1164 1307/1350/1164 1165/1214/1164
f 1318/1512/1165 1346/1326/1165 1210/1430/1165 1211/1448/1165
f 1400/1504/1166 1311/1520/1166 1191/1521/1166 1351/1522/1166
f 1139/1287/1167 1278/1483/1167 1273/1523/1167 1138/1288/1167
f 1148/1494/1168 1290/1299/1168 1291/1302/1168 1152/1495/1168
f 1169/1524/1169 1347/1447/1169 1314/1446/1169 1168/1490/1169
f 1116/1525/1170 1117/1443/1170 1246/1444/1170 1239/1497/1170
f 1275/1526/1171 1384/1496/1171 1249/1471/1171 1141/1527/1171
f 1360/1281/1172 1220/1259/1172 1228/1353/1172 1368/1514/1172
f 1255/1290/1173 1144/1315/1173 1139/1287/1173 1263/1201/1173
f 1221/1309/1174 1361/1264/1174 1302/1528/1174 1223/1367/1174
f 1232/1442/1175 1403/1256/1175 1242/1255/1175 1123/1529/1175
f 1388/1360/1176 1385/1466/1176 1266/1338/1176 1264/1361/1176
f 1248/1285/1177 1118/1284/1177 1116/1530/1177 1239/1531/1177
f 1359/1469/1178 1302/1468/1178 1169/1524/1178 1168/1490/1178
f 1260/1532/1179 1379/1533/1179 1237/1196/1179 1134/1195/1179
f 1387/1380/1180 1286/1534/1180 1167/1535/1180 1282/1381/1180
f 1357/1536/1181 1358/1333/1181 1397/1332/1181 1396/1437/1181
f 1231/1537/1182 1374/1484/1182 1238/1487/1182 1120/1538/1182
f 1280/1378/1183 1405/1424/1183 1303/1510/1183 1164/1539/1183
f 1323/1407/1184 1327/1406/1184 1201/1265/1184 1200/1268/1184
f 1378/1540/1185 1235/1485/1185 1237/1196/1185 1379/1533/1185
f 1370/1217/1186 1373/1216/1186 1392/1516/1186 1389/1272/1186
f 1269/1275/1187 1273/1409/1187 1149/1277/1187 1151/1278/1187
f 1385/1466/1188 1388/1360/1188 1279/1450/1188 1281/1439/1188
f 1208/1384/1189 1320/1541/1189 1343/1219/1189 1207/1385/1189
f 1264/1361/1190 1266/1338/1190 1381/1337/1190 1384/1496/1190
f 1389/1272/1191 1392/1516/1191 1294/1519/1191 1296/1273/1191
f 1360/1281/1192 1368/1514/1192 1176/1386/1192 1177/1282/1192
f 1120/1542/1193 1238/1462/1193 1244/1376/1193 1121/1375/1193
f 1355/1456/1194 1402/1455/1194 1357/1536/1194 1217/1543/1194
f 1175/1544/1195 1295/1403/1195 1399/1203/1195 1319/1511/1195
f 1363/1312/1196 1298/1311/1196 1157/1230/1196 1158/1229/1196
f 1156/1339/1197 1266/1338/1197 1385/1466/1197 1286/1465/1197
f 1302/1528/1198 1361/1264/1198 1173/1263/1198 1169/1432/1198
f 1229/1260/1199 1220/1259/1199 1360/1281/1199 1308/1236/1199
f 1204/1545/1200 1203/1401/1200 1315/1388/1200 1331/1387/1200
f 1165/1214/1201 1307/1350/1201 1299/1242/1201 1166/1241/1201
f 1237/1196/1202 1235/1485/1202 1374/1484/1202 1375/1197/1202
f 1267/1460/1203 1265/1459/1203 1382/1425/1203 1383/1428/1203
f 1227/1546/1204 1373/1216/1204 1407/1215/1204 1367/1506/1204
f 1350/1508/1205 1329/1507/1205 1213/1547/1205 1214/1548/1205
f 1335/1205/1206 1199/1549/1206 1356/1355/1206 1395/1354/1206
f 1267/1460/1207 1156/1478/1207 1286/1534/1207 1387/1380/1207
f 1236/1257/1208 1234/1391/1208 1380/1457/1208 1377/1279/1208
f 1398/1503/1209 1322/1505/1209 1185/1550/1209 1309/1551/1209
f 1313/1400/1210 1172/1237/1210 1177/1282/1210 1315/1388/1210
f 1334/1206/1211 1335/1205/1211 1395/1354/1211 1402/1455/1211
f 1397/1332/1212 1333/1331/1212 1189/1552/1212 1312/1435/1212
f 1364/1553/1213 1390/1404/1213 1295/1403/1213 1175/1544/1213
f 1382/1425/1214 1265/1459/1214 1153/1554/1214 1272/1555/1214
f 1394/1204/1215 1325/1389/1215 1199/1549/1215 1335/1205/1215
f 1380/1457/1216 1259/1458/1216 1141/1527/1216 1249/1471/1216
f 1277/1293/1217 1272/1292/1217 1153/1451/1217 1154/1329/1217
f 1236/1257/1218 1403/1256/1218 1376/1304/1218 1234/1391/1218
f 1217/1543/1219 1357/1536/1219 1396/1437/1219 1332/1488/1219
f 1254/1247/1220 1125/1323/1220 1129/1322/1220 1253/1248/1220
f 1367/1343/1221 1305/1342/1221 1226/1344/1221 1227/1347/1221
f 1214/1548/1222 1213/1547/1222 1349/1208/1222 1330/1207/1222
f 1343/1219/1223 1320/1541/1223 1182/1556/1223 1184/1220/1223
f 1158/1364/1224 1162/1232/1224 1300/1310/1224 1363/1366/1224
f 1260/1532/1225 1145/1493/1225 1252/1427/1225 1379/1533/1225
f 1231/1537/1226 1233/1452/1226 1375/1197/1226 1374/1484/1226
f 1378/1540/1227 1250/1426/1227 1142/1557/1227 1256/1558/1227
f 1250/1426/1228 1382/1425/1228 1272/1555/1228 1142/1557/1228
f 1204/1545/1229 1340/1369/1229 1339/1368/1229 1203/1401/1229
f 1225/1308/1230 1304/1261/1230 1361/1264/1230 1221/1309/1230
f 1345/1431/1231 1316/1382/1231 1207/1385/1231 1209/1559/1231
f 1343/1219/1232 1326/1222/1232 1209/1559/1232 1207/1385/1232
f 1285/1233/1233 1287/1365/1233 1147/1560/1233 1151/1278/1233
f 1240/1498/1234 1243/1398/1234 1124/1224/1234 1126/1223/1234
f 1296/1273/1235 1294/1519/1235 1401/1423/1235 1393/1419/1235
f 1215/1474/1236 1354/1422/1236 1400/1504/1236 1351/1522/1236
f 1311/1520/1237 1400/1504/1237 1398/1503/1237 1309/1551/1237
f 1402/1455/1238 1395/1354/1238 1358/1333/1238 1357/1536/1238
f 1282/1381/1239 1167/1535/1239 1301/1296/1239 1406/1295/1239
f 1153/1554/1240 1265/1459/1240 1386/1379/1240 1288/1561/1240
f 1386/1379/1241 1280/1378/1241 1164/1539/1241 1288/1561/1241
f 1273/1523/1242 1278/1483/1242 1150/1321/1242 1149/1340/1242
f 1359/1469/1243 1168/1490/1243 1170/1491/1243 1366/1562/1243
f 1248/1285/1244 1239/1531/1244 1127/1502/1244 1129/1322/1244
f 1137/1461/1245 1135/1416/1245 1276/1397/1245 1274/1445/1245
f 1281/1439/1246 1279/1450/1246 1407/1215/1246 1404/1218/1246
f 1352/1475/1247 1401/1423/1247 1294/1519/1247 1174/1518/1247
f 1377/1279/1248 1251/1470/1248 1145/1563/1248 1260/1280/1248
f 1143/1294/1249 1277/1293/1249 1271/1411/1249 1144/1315/1249
f 1295/1403/1250 1297/1358/1250 1394/1204/1250 1399/1203/1250
f 1378/1540/1251 1379/1533/1251 1252/1427/1251 1250/1426/1251
f 1131/1486/1252 1235/1485/1252 1378/1540/1252 1256/1558/1252
f 1224/1509/1253 1371/1492/1253 1390/1404/1253 1364/1553/1253
f 1228/1353/1254 1224/1352/1254 1364/1515/1254 1368/1514/1254
f 1145/1563/1255 1251/1470/1255 1381/1337/1255 1268/1336/1255
f 1152/1362/1256 1264/1361/1256 1384/1496/1256 1275/1526/1256
f 1270/1276/1257 1269/1275/1257 1151/1278/1257 1147/1560/1257
f 1306/1517/1258 1392/1516/1258 1373/1216/1258 1227/1546/1258
f 1146/1396/1259 1147/1395/1259 1287/1228/1259 1283/1227/1259
f 1202/1402/1260 1203/1401/1260 1339/1368/1260 1338/1392/1260
f 1133/1289/1261 1255/1290/1261 1263/1201/1261 1128/1200/1261
f 2622/1564/1262 1658/18/1262 1435/19/1262 2614/1565/1262
f 2266/1566/1263 1657/26/1263 1447/27/1263 2258/1567/1263
f 1967/29/1264 1659/30/1264 1431/31/1264 1640/32/1264
f 1968/33/1265 1655/34/1265 1446/35/1265 1647/36/1265
f 1969/37/1266 1662/38/1266 1433/39/1266 1641/40/1266
f 2232/1568/1267 1672/46/1267 1449/47/1267 2224/1569/1267
f 2130/1570/1268 1664/58/1268 1440/59/1268 2122/1571/1268
f 2571/1572/1269 1666/62/1269 1432/63/1269 2563/1573/1269
f 1973/69/1270 1667/70/1270 1452/71/1270 1649/72/1270
f 2358/1574/1271 1665/24/1271 1444/23/1271 2349/1575/1271
f 2656/1576/1272 1671/76/1272 1438/77/1272 2648/1577/1272
f 2520/1578/1273 1697/96/1273 1465/97/1273 2513/1579/1273
f 1978/99/1274 1673/100/1274 1450/101/1274 1638/102/1274
f 2147/1580/1275 1703/124/1275 1464/125/1275 2140/1581/1275
f 2623/1582/1276 1693/152/1276 1458/153/1276 2615/1583/1276
f 2267/1584/1277 1701/156/1277 1470/157/1277 2259/1585/1277
f 1985/163/1278 1702/164/1278 1454/165/1278 1680/166/1278
f 1986/167/1279 1700/168/1279 1469/169/1279 1687/170/1279
f 1987/171/1280 1705/172/1280 1456/173/1280 1681/174/1280
f 2233/1586/1281 1714/180/1281 1472/181/1281 2225/1587/1281
f 2131/1588/1282 1707/192/1282 1463/193/1282 2123/1589/1282
f 2572/1590/1283 1709/196/1283 1455/197/1283 2564/1591/1283
f 1991/203/1284 1710/204/1284 1475/205/1284 1689/206/1284
f 2359/1592/1285 1708/162/1285 1467/161/1285 2350/1593/1285
f 2657/1594/1286 1713/210/1286 1461/211/1286 2649/1595/1286
f 2521/1596/1287 1739/228/1287 1488/229/1287 2514/1597/1287
f 1996/231/1288 1695/232/1288 1473/233/1288 1678/234/1288
f 2234/1598/1289 1754/236/1289 1495/237/1289 2226/1599/1289
f 2148/1600/1290 1744/256/1290 1487/257/1290 2141/1601/1290
f 2624/1602/1291 1735/284/1291 1481/285/1291 2616/1603/1291
f 2268/1604/1292 1742/288/1292 1493/289/1292 2260/1605/1292
f 2004/295/1293 1743/296/1293 1477/297/1293 1720/298/1293
f 2005/299/1294 1741/300/1294 1492/301/1294 1727/302/1294
f 2006/303/1295 1746/304/1295 1479/305/1295 1721/306/1295
f 2132/1606/1296 1748/320/1296 1486/321/1296 2124/1607/1296
f 2573/1608/1297 1750/324/1297 1478/325/1297 2565/1609/1297
f 2010/331/1298 1734/332/1298 1498/333/1298 1729/334/1298
f 2658/1610/1299 1753/338/1299 1484/339/1299 2650/1611/1299
f 2625/1612/1300 1777/350/1300 1504/351/1300 2617/1613/1300
f 2218/1614/1301 2212/1615/1301 1520/359/1301 1774/360/1301
f 2013/361/1302 1737/362/1302 1496/363/1302 1718/364/1302
f 2522/1616/1303 1780/368/1303 1511/369/1303 2515/1617/1303
f 2219/1618/1304 2213/1619/1304 1543/373/1304 1926/374/1304
f 2149/1620/1305 1785/384/1305 1510/385/1305 2142/1621/1305
f 2269/1622/1306 1783/410/1306 1516/411/1306 2261/1623/1306
f 2021/417/1307 1784/418/1307 1500/419/1307 1760/420/1307
f 2022/421/1308 1782/422/1308 1515/423/1308 1767/424/1308
f 2023/425/1309 1787/426/1309 1502/427/1309 1761/428/1309
f 2133/1624/1310 1789/442/1310 1509/443/1310 2125/1625/1310
f 2574/1626/1311 1791/446/1311 1501/447/1311 2566/1627/1311
f 2027/453/1312 1776/454/1312 1521/455/1312 1769/456/1312
f 2659/1628/1313 1793/460/1313 1507/461/1313 2651/1629/1313
f 2031/479/1314 1779/480/1314 1519/481/1314 1758/482/1314
f 2032/483/1315 1810/484/1315 1537/485/1315 1924/486/1315
f 2626/1630/1316 1930/488/1316 1527/489/1316 2618/1631/1316
f 2523/1632/1317 1821/494/1317 1534/495/1317 2516/1633/1317
f 2237/1634/1318 1891/498/1318 1561/499/1318 2229/1635/1318
f 2150/1636/1319 1826/502/1319 1533/503/1319 2143/1637/1319
f 2270/1638/1320 1935/524/1320 1539/525/1320 2262/1639/1320
f 2038/535/1321 1825/536/1321 1523/537/1321 1800/538/1321
f 2039/539/1322 1934/540/1322 1538/541/1322 1807/542/1322
f 2040/543/1323 1828/544/1323 1525/545/1323 1801/546/1323
f 2134/1640/1324 1830/560/1324 1532/561/1324 2126/1641/1324
f 2575/1642/1325 1832/564/1325 1524/565/1325 2567/1643/1325
f 2044/571/1326 1928/572/1326 1544/573/1326 1809/574/1326
f 2660/1644/1327 1834/578/1327 1530/579/1327 2652/1645/1327
f 2271/1646/1328 1861/582/1328 1573/583/1328 2264/1647/1328
f 2047/597/1329 1929/598/1329 1542/599/1329 1798/600/1329
f 2048/601/1330 1853/602/1330 1562/603/1330 1838/604/1330
f 2049/605/1331 1850/606/1331 1557/607/1331 1854/608/1331
f 2627/1648/1332 1902/610/1332 1550/611/1332 2619/1649/1332
f 2524/1650/1333 1910/616/1333 1590/617/1333 2518/1651/1333
f 2151/1652/1334 1863/624/1334 1554/625/1334 2144/1653/1334
f 2054/653/1335 1862/654/1335 1546/655/1335 1840/656/1335
f 2055/657/1336 1886/658/1336 1558/659/1336 1847/660/1336
f 2056/661/1337 1865/662/1337 1548/663/1337 1841/664/1337
f 2221/1654/1338 2206/1655/1338 1577/675/1338 1856/676/1338
f 2135/1656/1339 1866/678/1339 1553/679/1339 2127/1657/1339
f 2576/1658/1340 1868/682/1340 1547/683/1340 2568/1659/1340
f 2059/689/1341 1879/690/1341 1564/691/1341 1849/692/1341
f 2363/1660/1342 1867/694/1342 1556/695/1342 2354/1661/1342
f 2661/1662/1343 1870/698/1343 1551/699/1343 2653/1663/1343
f 2152/1664/1344 1660/714/1344 1441/715/1344 2139/1665/1344
f 2064/723/1345 1880/724/1345 1569/621/1345 1876/620/1345
f 2067/735/1346 1872/736/1346 1572/737/1346 1883/738/1346
f 2272/1666/1347 1884/740/1347 1559/741/1347 2263/1667/1347
f 2068/743/1348 1874/744/1348 1575/745/1348 1887/746/1348
f 2070/751/1349 1889/752/1349 1576/753/1349 1892/754/1349
f 2136/1668/1350 1893/766/1350 1579/767/1350 2128/1669/1350
f 2525/1670/1351 1859/770/1351 1555/771/1351 2517/1671/1351
f 2153/1672/1352 1896/780/1352 1581/781/1352 2145/1673/1352
f 2662/1674/1353 1897/784/1353 1582/785/1353 2654/1675/1353
f 2628/1676/1354 1858/788/1354 1585/789/1354 2620/1677/1354
f 2077/803/1355 1906/804/1355 1587/805/1355 1909/806/1355
f 2577/1678/1356 1907/808/1356 1588/809/1356 2569/1679/1356
f 2080/823/1357 1911/824/1357 1591/825/1357 1913/826/1357
f 2365/1680/1358 1917/836/1358 1593/837/1358 2356/1681/1358
f 2083/839/1359 1920/840/1359 1592/641/1359 1916/640/1359
f 2085/849/1360 1919/850/1360 1595/851/1360 1923/852/1360
f 2526/1682/1361 1653/854/1361 1442/855/1361 2512/1683/1361
f 2222/1684/1362 2207/1685/1362 1598/859/1362 1815/860/1362
f 2088/865/1363 1948/866/1363 1596/867/1363 1813/868/1363
f 2629/1686/1364 1819/870/1364 1602/871/1364 2621/1687/1364
f 2527/1688/1365 1932/876/1365 1604/877/1365 2519/1689/1365
f 2154/1690/1366 1937/880/1366 1609/881/1366 2146/1691/1366
f 2273/1692/1367 1824/902/1367 1607/903/1367 2265/1693/1367
f 2094/913/1368 1936/914/1368 1608/915/1368 1954/916/1368
f 2095/917/1369 1823/918/1369 1606/919/1369 1955/920/1369
f 2096/921/1370 1939/922/1370 1611/923/1370 1956/924/1370
f 2137/1694/1371 1941/938/1371 1613/939/1371 2129/1695/1371
f 2578/1696/1372 1943/942/1372 1615/943/1372 2570/1697/1372
f 2100/949/1373 1817/950/1373 1600/951/1373 1960/952/1373
f 2663/1698/1374 1945/956/1374 1617/957/1374 2655/1699/1374
f 2103/971/1375 1818/972/1375 1601/973/1375 1963/974/1375
f 1654/10/1376 1965/5/1376 1646/8/1376 1453/11/1376
f 1430/978/1377 1629/979/1377 1965/5/1377 1654/10/1377
f 1674/985/1378 1966/13/1378 1650/16/1378 1445/986/1378
f 1422/987/1379 1633/988/1379 1966/13/1379 1674/985/1379
f 2613/1700/1380 1412/992/1380 1658/18/1380 2622/1564/1380
f 2257/1701/1381 1424/975/1381 1657/26/1381 2266/1566/1381
f 1623/998/1382 1408/999/1382 1659/30/1382 1967/29/1382
f 1630/1000/1383 1423/1001/1383 1655/34/1383 1968/33/1383
f 1624/1003/1384 1410/1004/1384 1662/38/1384 1969/37/1384
f 1661/1005/1385 1970/41/1385 1636/44/1385 1437/1006/1385
f 1414/1007/1386 1619/1008/1386 1970/41/1386 1661/1005/1386
f 2223/1702/1387 1426/1012/1387 1672/46/1387 2232/1568/1387
f 2121/1703/1388 1417/1015/1388 1664/58/1388 2130/1570/1388
f 2562/1704/1389 1409/1002/1389 1666/62/1389 2571/1572/1389
f 2588/1705/1390 1972/65/1390 1642/68/1390 2582/1706/1390
f 2581/1707/1391 1625/1026/1391 1972/65/1391 2588/1705/1391
f 1632/1027/1392 1429/1028/1392 1667/70/1392 1973/69/1392
f 2348/1708/1393 1421/994/1393 1665/24/1393 2358/1574/1393
f 2647/1709/1394 1415/1034/1394 1671/76/1394 2656/1576/1394
f 2512/1683/1395 1442/855/1395 1697/96/1395 2520/1578/1395
f 1621/1040/1396 1427/1041/1396 1673/100/1396 1978/99/1396
f 2139/1665/1397 1441/715/1397 1703/124/1397 2147/1580/1397
f 1698/148/1398 1983/139/1398 1686/142/1398 1476/149/1398
f 1453/11/361 1646/8/361 1983/139/361 1698/148/361
f 1715/1057/1399 1984/143/1399 1690/146/1399 1468/1058/1399
f 1445/986/364 1650/16/364 1984/143/364 1715/1057/364
f 2614/1565/1400 1435/19/1400 1693/152/1400 2623/1582/1400
f 2258/1567/1401 1447/27/1401 1701/156/1401 2267/1584/1401
f 1640/32/1402 1431/31/1402 1702/164/1402 1985/163/1402
f 1647/36/383 1446/35/383 1700/168/383 1986/167/383
f 1641/40/1403 1433/39/1403 1705/172/1403 1987/171/1403
f 1704/1061/1404 1988/175/1404 1676/178/1404 1460/1062/1404
f 1437/1006/388 1636/44/388 1988/175/388 1704/1061/388
f 2224/1569/1405 1449/47/1405 1714/180/1405 2233/1586/1405
f 2122/1571/1406 1440/59/1406 1707/192/1406 2131/1588/1406
f 2563/1573/1407 1432/63/1407 1709/196/1407 2572/1590/1407
f 2589/1710/1408 1990/199/1408 1682/202/1408 2583/1711/1408
f 2582/1706/1409 1642/68/1409 1990/199/1409 2589/1710/1409
f 1649/72/1410 1452/71/1410 1710/204/1410 1991/203/1410
f 2349/1575/1411 1444/23/1411 1708/162/1411 2359/1592/1411
f 2648/1577/1412 1438/77/1412 1713/210/1412 2657/1594/1412
f 2513/1579/1413 1465/97/1413 1739/228/1413 2521/1596/1413
f 1638/102/1414 1450/101/1414 1695/232/1414 1996/231/1414
f 2225/1587/1415 1472/181/1415 1754/236/1415 2234/1598/1415
f 2183/1712/1416 1998/243/1416 1719/246/1416 2177/1713/1416
f 2176/1714/1417 1679/222/1417 1998/243/1417 2183/1712/1417
f 2140/1581/1418 1464/125/1418 1744/256/1418 2148/1600/1418
f 1740/280/1419 2002/271/1419 1726/274/1419 1499/281/1419
f 1476/149/1420 1686/142/1420 2002/271/1420 1740/280/1420
f 1755/1073/1421 2003/275/1421 1730/278/1421 1491/1074/1421
f 1468/1058/1422 1690/146/1422 2003/275/1422 1755/1073/1422
f 2615/1583/1423 1458/153/1423 1735/284/1423 2624/1602/1423
f 2259/1585/1424 1470/157/1424 1742/288/1424 2268/1604/1424
f 1680/166/1425 1454/165/1425 1743/296/1425 2004/295/1425
f 1687/170/1426 1469/169/1426 1741/300/1426 2005/299/1426
f 1681/174/1427 1456/173/1427 1746/304/1427 2006/303/1427
f 1745/1077/1428 2007/307/1428 1716/310/1428 1483/1078/1428
f 1460/1062/1429 1676/178/1429 2007/307/1429 1745/1077/1429
f 2123/1589/1430 1463/193/1430 1748/320/1430 2132/1606/1430
f 2564/1591/1431 1455/197/1431 1750/324/1431 2573/1608/1431
f 2590/1715/1432 2009/327/1432 1722/330/1432 2584/1716/1432
f 2583/1711/1433 1682/202/1433 2009/327/1433 2590/1715/1433
f 1689/206/1434 1475/205/1434 1734/332/1434 2010/331/1434
f 2343/1717/1435 2334/1718/1435 2011/335/1435 1685/208/1435
f 2334/1718/1436 2344/1719/1436 1725/336/1436 2011/335/1436
f 2649/1595/1437 1461/211/1437 1753/338/1437 2658/1610/1437
f 2616/1603/1438 1481/285/1438 1777/350/1438 2625/1612/1438
f 2211/1720/1439 2218/1614/1439 1774/360/1439 1497/265/1439
f 1678/234/1440 1473/233/1440 1737/362/1440 2013/361/1440
f 2514/1597/1441 1488/229/1441 1780/368/1441 2522/1616/1441
f 2207/1685/1442 2219/1618/1442 1926/374/1442 1598/859/1442
f 2141/1601/1443 1487/257/1443 1785/384/1443 2149/1620/1443
f 1781/406/1444 2019/397/1444 1766/400/1444 1522/407/1444
f 1499/281/1445 1726/274/1445 2019/397/1445 1781/406/1445
f 1795/1094/1446 2020/401/1446 1770/404/1446 1514/1095/1446
f 1491/1074/1447 1730/278/1447 2020/401/1447 1795/1094/1447
f 2260/1605/1448 1493/289/1448 1783/410/1448 2269/1622/1448
f 1720/298/1449 1477/297/1449 1784/418/1449 2021/417/1449
f 1727/302/1450 1492/301/1450 1782/422/1450 2022/421/1450
f 1721/306/1451 1479/305/1451 1787/426/1451 2023/425/1451
f 1786/1098/1452 2024/429/1452 1756/432/1452 1506/1099/1452
f 1483/1078/1453 1716/310/1453 2024/429/1453 1786/1098/1453
f 2124/1607/1454 1486/321/1454 1789/442/1454 2133/1624/1454
f 2565/1609/1455 1478/325/1455 1791/446/1455 2574/1626/1455
f 2591/1721/1456 2026/449/1456 1762/452/1456 2585/1722/1456
f 2584/1716/1457 1722/330/1457 2026/449/1457 2591/1721/1457
f 1729/334/1458 1498/333/1458 1776/454/1458 2027/453/1458
f 2344/1719/1459 2335/1723/1459 2028/457/1459 1725/336/1459
f 2335/1723/1460 2345/1724/1460 1765/458/1460 2028/457/1460
f 2650/1611/1461 1484/339/1461 1793/460/1461 2659/1628/1461
f 1718/364/1462 1496/363/1462 1779/480/1462 2031/479/1462
f 1948/866/1463 2032/483/1463 1924/486/1463 1596/867/1463
f 2621/1687/1464 1602/871/1464 1930/488/1464 2626/1630/1464
f 2519/1689/1465 1604/877/1465 1821/494/1465 2523/1632/1465
f 2230/1725/1466 1578/1112/1466 1891/498/1466 2237/1634/1466
f 2146/1691/1467 1609/881/1467 1826/502/1467 2150/1636/1467
f 1933/528/1468 2037/519/1468 1806/522/1468 1545/529/1468
f 1605/907/1469 1953/900/1469 2037/519/1469 1933/528/1469
f 2265/1693/1470 1607/903/1470 1935/524/1470 2270/1638/1470
f 1954/916/1471 1608/915/1471 1825/536/1471 2038/535/1471
f 1955/920/1472 1606/919/1472 1934/540/1472 2039/539/1472
f 1956/924/1473 1611/923/1473 1828/544/1473 2040/543/1473
f 1938/1119/1474 2041/547/1474 1796/550/1474 1529/1120/1474
f 1610/1121/1475 1957/928/1475 2041/547/1475 1938/1119/1475
f 2129/1695/1476 1613/939/1476 1830/560/1476 2134/1640/1476
f 2570/1697/1477 1615/943/1477 1832/564/1477 2575/1642/1477
f 2592/1726/1478 2043/567/1478 1802/570/1478 2586/1727/1478
f 2580/1728/1479 1959/948/1479 2043/567/1479 2592/1726/1479
f 1960/952/1480 1600/951/1480 1928/572/1480 2044/571/1480
f 2331/1729/1481 2336/1730/1481 2045/575/1481 1961/954/1481
f 2336/1730/1482 2346/1731/1482 1805/576/1482 2045/575/1482
f 2655/1699/1483 1617/957/1483 1834/578/1483 2660/1644/1483
f 2262/1639/1484 1539/525/1484 1861/582/1484 2271/1646/1484
f 1963/974/1485 1601/973/1485 1929/598/1485 2047/597/1485
f 1892/754/1486 1576/753/1486 1853/602/1486 2048/601/1486
f 1920/840/1487 2049/605/1487 1854/608/1487 1592/641/1487
f 2620/1677/1488 1585/789/1488 1902/610/1488 2627/1648/1488
f 2516/1633/1489 1534/495/1489 1910/616/1489 2524/1650/1489
f 2145/1673/1490 1581/781/1490 1863/624/1490 2151/1652/1490
f 1877/648/1491 2053/643/1491 1846/646/1491 1565/649/1491
f 1594/847/1492 1921/844/1492 2053/643/1492 1877/648/1492
f 1913/826/1493 1591/825/1493 1862/654/1493 2054/653/1493
f 1887/746/1494 1575/745/1494 1886/658/1494 2055/657/1494
f 1909/806/1495 1587/805/1495 1865/662/1495 2056/661/1495
f 1903/1150/1496 2057/665/1496 1836/668/1496 1567/1151/1496
f 1586/1152/1497 1904/798/1497 2057/665/1497 1903/1150/1497
f 2213/1619/1498 2221/1654/1498 1856/676/1498 1543/373/1498
f 2128/1669/1499 1579/767/1499 1866/678/1499 2135/1656/1499
f 2569/1679/1500 1588/809/1500 1868/682/1500 2576/1658/1500
f 2593/1732/1501 2058/685/1501 1842/688/1501 2587/1733/1501
f 2579/1734/1502 1905/802/1502 2058/685/1502 2593/1732/1502
f 1923/852/1503 1595/851/1503 1879/690/1503 2059/689/1503
f 2356/1681/1504 1593/837/1504 1867/694/1504 2363/1660/1504
f 2654/1675/1505 1582/785/1505 1870/698/1505 2661/1662/1505
f 2138/1735/1506 1418/1164/1506 1660/714/1506 2152/1664/1506
f 2346/1731/1507 2338/1736/1507 2063/719/1507 1805/576/1507
f 2338/1736/1508 2329/1737/1508 1882/720/1508 2063/719/1508
f 1810/484/1509 2064/723/1509 1876/620/1509 1537/485/1509
f 1860/732/1510 2066/729/1510 1881/730/1510 1570/733/1510
f 1545/529/1511 1806/522/1511 2066/729/1511 1860/732/1511
f 1809/574/1512 1544/573/1512 1872/736/1512 2067/735/1512
f 2264/1647/1513 1573/583/1513 1884/740/1513 2272/1666/1513
f 1807/542/1514 1538/541/1514 1874/744/1514 2068/743/1514
f 1798/600/1515 1542/599/1515 1889/752/1515 2070/751/1515
f 2126/1641/1516 1532/561/1516 1893/766/1516 2136/1668/1516
f 2518/1651/1517 1590/617/1517 1859/770/1517 2525/1670/1517
f 2143/1637/1518 1533/503/1518 1896/780/1518 2153/1672/1518
f 2652/1645/1519 1530/579/1519 1897/784/1519 2662/1674/1519
f 2618/1631/1520 1527/489/1520 1858/788/1520 2628/1676/1520
f 1864/1176/1521 2075/795/1521 1904/798/1521 1586/1152/1521
f 1529/1120/1522 1796/550/1522 2075/795/1522 1864/1176/1522
f 2594/1738/1523 2076/799/1523 1905/802/1523 2579/1734/1523
f 2586/1727/1524 1802/570/1524 2076/799/1524 2594/1738/1524
f 1801/546/1525 1525/545/1525 1906/804/1525 2077/803/1525
f 2567/1643/1526 1524/565/1526 1907/808/1526 2577/1678/1526
f 1800/538/1527 1523/537/1527 1911/824/1527 2080/823/1527
f 2355/1739/1528 1571/1143/1528 1917/836/1528 2365/1680/1528
f 1880/724/1529 2083/839/1529 1916/640/1529 1569/621/1529
f 1918/846/1530 2084/841/1530 1921/844/1530 1594/847/1530
f 1570/733/1531 1881/730/1531 2084/841/1531 1918/846/1531
f 1883/738/1532 1572/737/1532 1919/850/1532 2085/849/1532
f 2511/1740/1533 1419/1038/1533 1653/854/1533 2526/1682/1533
f 2212/1615/1534 2222/1684/1534 1815/860/1534 1520/359/1534
f 1770/404/1535 2088/865/1535 1813/868/1535 1514/1095/1535
f 2617/1613/1536 1504/351/1536 1819/870/1536 2629/1686/1536
f 2515/1617/1537 1511/369/1537 1932/876/1537 2527/1688/1537
f 2142/1621/1538 1510/385/1538 1937/880/1538 2154/1690/1538
f 1822/906/1539 2093/897/1539 1953/900/1539 1605/907/1539
f 1522/407/1540 1766/400/1540 2093/897/1540 1822/906/1540
f 2261/1623/1541 1516/411/1541 1824/902/1541 2273/1692/1541
f 1760/420/1542 1500/419/1542 1936/914/1542 2094/913/1542
f 1767/424/1543 1515/423/1543 1823/918/1543 2095/917/1543
f 1761/428/1544 1502/427/1544 1939/922/1544 2096/921/1544
f 1827/1187/1545 2097/925/1545 1957/928/1545 1610/1121/1545
f 1506/1099/1546 1756/432/1546 2097/925/1546 1827/1187/1546
f 2125/1625/1547 1509/443/1547 1941/938/1547 2137/1694/1547
f 2566/1627/1548 1501/447/1548 1943/942/1548 2578/1696/1548
f 2595/1741/1549 2099/945/1549 1959/948/1549 2580/1728/1549
f 2585/1722/1550 1762/452/1550 2099/945/1550 2595/1741/1550
f 1769/456/1551 1521/455/1551 1817/950/1551 2100/949/1551
f 2345/1724/1552 2340/1742/1552 2101/953/1552 1765/458/1552
f 2340/1742/1553 2331/1729/1553 1961/954/1553 2101/953/1553
f 2651/1629/1554 1507/461/1554 1945/956/1554 2663/1698/1554
f 1758/482/1555 1519/481/1555 1818/972/1555 2103/971/1555
f 1971/53/1556 2113/1743/1556 2105/1744/1556 1637/56/1556
f 1989/187/1557 2114/1745/1557 2106/1746/1557 1677/190/1557
f 2008/315/1558 2115/1747/1558 2107/1748/1558 1717/318/1558
f 2025/433/1559 2116/1749/1559 2108/1750/1559 1757/436/1559
f 2042/555/1560 2117/1751/1560 2109/1752/1560 1797/558/1560
f 2069/747/1561 2118/1753/1561 2110/1754/1561 1837/750/1561
f 2071/755/1562 2119/1755/1562 2111/1756/1562 1894/758/1562
f 2098/933/1563 2120/1757/1563 2112/1758/1563 1958/936/1563
f 1620/1016/1564 2104/1759/1564 2113/1743/1564 1971/53/1564
f 1637/56/1565 2105/1744/1565 2114/1745/1565 1989/187/1565
f 1677/190/1566 2106/1746/1566 2115/1747/1566 2008/315/1566
f 1717/318/1567 2107/1748/1567 2116/1749/1567 2025/433/1567
f 1958/936/1568 2112/1758/1568 2117/1751/1568 2042/555/1568
f 1894/758/1569 2111/1756/1569 2118/1753/1569 2069/747/1569
f 1797/558/1570 2109/1752/1570 2119/1755/1570 2071/755/1570
f 1757/436/1571 2108/1750/1571 2120/1757/1571 2098/933/1571
f 1699/1055/1572 2164/1760/1572 2157/1761/1572 1462/1056/1572
f 1439/1046/1573 2156/1762/1573 2164/1760/1573 1699/1055/1573
f 1733/244/1574 2165/1763/1574 2158/1764/1574 1485/245/1574
f 1462/1056/1575 2157/1761/1575 2165/1763/1575 1733/244/1575
f 1775/1087/1576 2166/1765/1576 2159/1766/1576 1508/1088/1576
f 1485/245/1577 2158/1764/1577 2166/1765/1577 1775/1087/1577
f 1816/1110/1578 2167/1767/1578 2160/1768/1578 1531/1111/1578
f 1599/1109/1579 2163/1769/1579 2167/1767/1579 1816/1110/1579
f 1857/1140/1580 2168/1770/1580 2161/1771/1580 1552/1141/1580
f 1580/1139/1581 2162/1772/1581 2168/1770/1581 1857/1140/1581
f 1656/1045/1582 2169/1773/1582 2156/1762/1582 1439/1046/1582
f 1416/1044/1583 2155/1774/1583 2169/1773/1583 1656/1045/1583
f 1895/1174/1584 2170/1775/1584 2162/1772/1584 1580/1139/1584
f 1531/1111/1585 2160/1768/1585 2170/1775/1585 1895/1174/1585
f 1927/1184/1586 2171/1776/1586 2163/1769/1586 1599/1109/1586
f 1508/1088/1587 2159/1766/1587 2171/1776/1587 1927/1184/1587
f 1979/103/1588 1639/104/1588 2175/1777/1588 2181/1778/1588
f 1993/221/1589 1679/222/1589 2176/1714/1589 2182/1779/1589
f 2014/365/1590 1759/366/1590 2178/1780/1590 2184/1781/1590
f 2033/491/1591 1799/492/1591 2179/1782/1591 2185/1783/1591
f 2050/613/1592 1839/614/1592 2180/1784/1592 2186/1785/1592
f 2074/777/1593 1900/778/1593 2172/1786/1593 2187/1787/1593
f 2089/873/1594 1949/874/1594 2173/1788/1594 2188/1789/1594
f 1622/1042/1595 1979/103/1595 2181/1778/1595 2174/1790/1595
f 1639/104/1596 1993/221/1596 2182/1779/1596 2175/1777/1596
f 1719/246/1597 2014/365/1597 2184/1781/1597 2177/1713/1597
f 1949/874/1598 2033/491/1598 2185/1783/1598 2173/1788/1598
f 1900/778/1599 2050/613/1599 2186/1785/1599 2172/1786/1599
f 1799/492/1600 2074/777/1600 2187/1787/1600 2179/1782/1600
f 1759/366/1601 2089/873/1601 2188/1789/1601 2178/1780/1601
f 1975/79/1602 2198/1791/1602 2191/1792/1602 1684/82/1602
f 1980/107/1603 2199/1793/1603 2192/1794/1603 1724/110/1603
f 1999/247/1604 2200/1795/1604 2193/1796/1604 1764/250/1604
f 2016/375/1605 2201/1797/1605 2194/1798/1605 1804/378/1605
f 2029/471/1606 2202/1799/1606 2195/1800/1606 1844/474/1606
f 2062/717/1607 2203/1801/1607 2190/1802/1607 1644/718/1607
f 2073/773/1608 2204/1803/1608 2196/1804/1608 1899/776/1608
f 2087/861/1609 2205/1805/1609 2197/1806/1609 1947/864/1609
f 1644/718/1610 2190/1802/1610 2198/1791/1610 1975/79/1610
f 1684/82/1611 2191/1792/1611 2199/1793/1611 1980/107/1611
f 1724/110/1612 2192/1794/1612 2200/1795/1612 1999/247/1612
f 1947/864/1613 2197/1806/1613 2201/1797/1613 2016/375/1613
f 1899/776/1614 2196/1804/1614 2202/1799/1614 2029/471/1614
f 1627/1165/1615 2189/1807/1615 2203/1801/1615 2062/717/1615
f 1804/378/1616 2194/1798/1616 2204/1803/1616 2073/773/1616
f 1764/250/1617 2193/1796/1617 2205/1805/1617 2087/861/1617
f 1675/120/1618 2215/1808/1618 2209/1809/1618 1451/121/1618
f 1428/1010/1619 2208/1810/1619 2215/1808/1619 1675/120/1619
f 1696/132/1620 2216/1811/1620 2210/1812/1620 1474/133/1620
f 1451/121/1621 2209/1809/1621 2216/1811/1621 1696/132/1621
f 1738/264/1622 2217/1813/1622 2211/1720/1622 1497/265/1622
f 1474/133/1623 2210/1812/1623 2217/1813/1623 1738/264/1623
f 1890/636/1624 2220/1814/1624 2214/1815/1624 1563/637/1624
f 1577/675/1625 2206/1655/1625 2220/1814/1625 1890/636/1625
f 1495/237/1626 1794/1085/1626 2235/1816/1626 2226/1599/1626
f 1794/1085/1627 1518/1086/1627 2227/1817/1627 2235/1816/1627
f 1618/1089/1628 1946/1090/1628 2236/1818/1628 2231/1819/1628
f 1946/1090/1629 1541/1091/1629 2228/1820/1629 2236/1818/1629
f 1541/1091/1630 1871/1153/1630 2238/1821/1630 2228/1820/1630
f 1871/1153/1631 1578/1112/1631 2230/1725/1631 2238/1821/1631
f 1518/1086/1632 1835/1182/1632 2239/1822/1632 2227/1817/1632
f 1835/1182/1633 1618/1089/1633 2231/1819/1633 2239/1822/1633
f 1669/88/1634 2249/1823/1634 2243/1824/1634 1448/89/1634
f 1425/995/1635 2242/1825/1635 2249/1823/1635 1669/88/1635
f 1712/218/1636 2250/1826/1636 2244/1827/1636 1471/219/1636
f 1448/89/1637 2243/1824/1637 2250/1826/1637 1712/218/1637
f 1752/342/1638 2251/1828/1638 2245/1829/1638 1494/343/1638
f 1471/219/1639 2244/1827/1639 2251/1828/1639 1752/342/1639
f 1792/468/1640 2252/1830/1640 2246/1831/1640 1517/469/1640
f 1494/343/1641 2245/1829/1641 2252/1830/1641 1792/468/1641
f 1944/590/1642 2253/1832/1642 2247/1833/1642 1540/591/1642
f 1616/965/1643 2241/1834/1643 2253/1832/1643 1944/590/1643
f 1869/1131/1644 2254/1835/1644 2240/1836/1644 1574/1132/1644
f 1540/591/1645 2247/1833/1645 2254/1835/1645 1869/1131/1645
f 1885/1170/1646 2255/1837/1646 2248/1838/1646 1560/1171/1646
f 1574/1132/1647 2240/1836/1647 2255/1837/1647 1885/1170/1647
f 1833/964/1648 2256/1839/1648 2241/1834/1648 1616/965/1648
f 1517/469/1649 2246/1831/1649 2256/1839/1649 1833/964/1649
f 1964/1/1650 2283/1840/1650 2275/1841/1650 1652/4/1650
f 1982/135/1651 2284/1842/1651 2276/1843/1651 1692/138/1651
f 2001/267/1652 2285/1844/1652 2277/1845/1652 1732/270/1652
f 2018/393/1653 2286/1846/1653 2278/1847/1653 1772/396/1653
f 2036/515/1654 2287/1848/1654 2279/1849/1654 1812/518/1654
f 2065/725/1655 2288/1850/1655 2281/1851/1655 1888/728/1655
f 2079/819/1656 2289/1852/1656 2280/1853/1656 1852/822/1656
f 2092/893/1657 2290/1854/1657 2282/1855/1657 1952/896/1657
f 1635/976/1658 2274/1856/1658 2283/1840/1658 1964/1/1658
f 1652/4/1659 2275/1841/1659 2284/1842/1659 1982/135/1659
f 1692/138/1660 2276/1843/1660 2285/1844/1660 2001/267/1660
f 1732/270/1661 2277/1845/1661 2286/1846/1661 2018/393/1661
f 1952/896/1662 2282/1855/1662 2287/1848/1662 2036/515/1662
f 1812/518/1663 2279/1849/1663 2288/1850/1663 2065/725/1663
f 1888/728/1664 2281/1851/1664 2289/1852/1664 2079/819/1664
f 1772/396/1665 2278/1847/1665 2290/1854/1665 2092/893/1665
f 2313/1857/1666 2301/1858/1666 2295/1859/1666 2323/1860/1666
f 2322/1861/1667 2294/1862/1667 2301/1858/1667 2313/1857/1667
f 2314/1863/1668 2302/1864/1668 2296/1865/1668 2324/1866/1668
f 2323/1860/1669 2295/1859/1669 2302/1864/1669 2314/1863/1669
f 2318/1867/1670 2306/1868/1670 2300/1869/1670 2328/1870/1670
f 2311/1871/1671 2292/1872/1671 2306/1868/1671 2318/1867/1671
f 2320/1873/1672 2308/1874/1672 2292/1872/1672 2311/1871/1672
f 2310/1875/1673 2291/1876/1673 2308/1874/1673 2320/1873/1673
f 2303/1877/1674 2297/1878/1674 2325/1879/1674 2315/1880/1674
f 2304/1881/1675 2298/1882/1675 2326/1883/1675 2316/1884/1675
f 2305/1885/1676 2299/1886/1676 2327/1887/1676 2317/1888/1676
f 2307/1889/1677 2291/1876/1677 2310/1875/1677 2319/1890/1677
f 2309/1891/1678 2293/1892/1678 2312/1893/1678 2321/1894/1678
f 2296/1865/1679 2303/1877/1679 2315/1880/1679 2324/1866/1679
f 2297/1878/1680 2304/1881/1680 2316/1884/1680 2325/1879/1680
f 2293/1892/1681 2305/1885/1681 2317/1888/1681 2312/1893/1681
f 2299/1886/1682 2307/1889/1682 2319/1890/1682 2327/1887/1682
f 2298/1882/1683 2309/1891/1683 2321/1894/1683 2326/1883/1683
f 1974/73/1684 2332/1895/1684 2342/1896/1684 1645/74/1684
f 1992/207/1685 2333/1897/1685 2343/1717/1685 1685/208/1685
f 2060/693/1686 2337/1898/1686 2347/1899/1686 1845/696/1686
f 2082/835/1687 2339/1900/1687 2330/1901/1687 1922/838/1687
f 1628/1029/1688 2341/1902/1688 2332/1895/1688 1974/73/1688
f 1645/74/1689 2342/1896/1689 2333/1897/1689 1992/207/1689
f 1922/838/1690 2330/1901/1690 2337/1898/1690 2060/693/1690
f 1882/720/1691 2329/1737/1691 2339/1900/1691 2082/835/1691
f 1467/161/1692 1749/294/1692 2360/1903/1692 2350/1593/1692
f 1749/294/1693 1490/293/1693 2351/1904/1693 2360/1903/1693
f 1490/293/1694 1790/416/1694 2361/1905/1694 2351/1904/1694
f 1790/416/1695 1513/415/1695 2352/1906/1695 2361/1905/1695
f 1614/911/1696 1831/534/1696 2362/1907/1696 2357/1908/1696
f 1831/534/1697 1536/533/1697 2353/1909/1697 2362/1907/1697
f 1536/533/1698 1878/1142/1698 2364/1910/1698 2353/1909/1698
f 1878/1142/1699 1571/1143/1699 2355/1739/1699 2364/1910/1699
f 1513/415/1700 1942/912/1700 2366/1911/1700 2352/1906/1700
f 1942/912/1701 1614/911/1701 2357/1908/1701 2366/1911/1701
f 2396/1912/1702 2387/1913/1702 2368/1914/1702 2377/1915/1702
f 2397/1916/1703 2388/1917/1703 2369/1918/1703 2378/1919/1703
f 2398/1920/1704 2389/1921/1704 2370/1922/1704 2379/1923/1704
f 2399/1924/1705 2390/1925/1705 2371/1926/1705 2380/1927/1705
f 2400/1928/1706 2391/1929/1706 2372/1930/1706 2381/1931/1706
f 2404/1932/1707 2395/1933/1707 2376/1934/1707 2385/1935/1707
f 2386/1936/1708 2396/1912/1708 2377/1915/1708 2367/1937/1708
f 2387/1913/1709 2397/1916/1709 2378/1919/1709 2368/1914/1709
f 2388/1917/1710 2398/1920/1710 2379/1923/1710 2369/1918/1710
f 2389/1921/1711 2399/1924/1711 2380/1927/1711 2370/1922/1711
f 2395/1933/1712 2400/1928/1712 2381/1931/1712 2376/1934/1712
f 2390/1925/1713 2404/1932/1713 2385/1935/1713 2371/1926/1713
f 2382/1938/1714 2401/1939/1714 2393/1940/1714 2374/1941/1714
f 2372/1930/1715 2391/1929/1715 2401/1939/1715 2382/1938/1715
f 2383/1942/1716 2402/1943/1716 2394/1944/1716 2375/1945/1716
f 2374/1941/1717 2393/1940/1717 2402/1943/1717 2383/1942/1717
f 2384/1946/1718 2403/1947/1718 2392/1948/1718 2373/1949/1718
f 2375/1945/1719 2394/1944/1719 2403/1947/1719 2384/1946/1719
f 2439/1950/1720 2420/1951/1720 2412/1952/1720 2431/1953/1720
f 2440/1954/1721 2421/1955/1721 2413/1956/1721 2432/1957/1721
f 2441/1958/1722 2422/1959/1722 2411/1960/1722 2430/1961/1722
f 2429/1962/1723 2410/1963/1723 2420/1951/1723 2439/1950/1723
f 2431/1953/1724 2412/1952/1724 2421/1955/1724 2440/1954/1724
f 2432/1957/1725 2413/1956/1725 2422/1959/1725 2441/1958/1725
f 2405/1964/1726 2415/1965/1726 2434/1966/1726 2424/1967/1726
f 2415/1965/1727 2406/1968/1727 2425/1969/1727 2434/1966/1727
f 2406/1968/1728 2416/1970/1728 2435/1971/1728 2425/1969/1728
f 2416/1970/1729 2407/1972/1729 2426/1973/1729 2435/1971/1729
f 2407/1972/1730 2417/1974/1730 2436/1975/1730 2426/1973/1730
f 2417/1974/1731 2408/1976/1731 2427/1977/1731 2436/1975/1731
f 2408/1976/1732 2418/1978/1732 2437/1979/1732 2427/1977/1732
f 2418/1978/1733 2409/1980/1733 2428/1981/1733 2437/1979/1733
f 2414/1982/1734 2419/1983/1734 2438/1984/1734 2433/1985/1734
f 2419/1983/1735 2410/1963/1735 2429/1962/1735 2438/1984/1735
f 2409/1980/1736 2423/1986/1736 2442/1987/1736 2428/1981/1736
f 2423/1986/1737 2414/1982/1737 2433/1985/1737 2442/1987/1737
f 1981/111/1738 2452/1988/1738 2444/1989/1738 1651/114/1738
f 1997/239/1739 2453/1990/1739 2445/1991/1739 1691/242/1739
f 2000/251/1740 2454/1992/1740 2446/1993/1740 1731/254/1740
f 2017/379/1741 2455/1994/1741 2447/1995/1741 1771/382/1741
f 2035/505/1742 2456/1996/1742 2448/1997/1742 1811/508/1742
f 2052/627/1743 2457/1998/1743 2449/1999/1743 1851/630/1743
f 2078/815/1744 2458/2000/1744 2450/2001/1744 1912/818/1744
f 2091/883/1745 2459/2002/1745 2451/2003/1745 1951/886/1745
f 1634/1050/1746 2443/2004/1746 2452/1988/1746 1981/111/1746
f 1651/114/1747 2444/1989/1747 2453/1990/1747 1997/239/1747
f 1691/242/1748 2445/1991/1748 2454/1992/1748 2000/251/1748
f 1731/254/1749 2446/1993/1749 2455/1994/1749 2017/379/1749
f 1951/886/1750 2451/2003/1750 2456/1996/1750 2035/505/1750
f 1912/818/1751 2450/2001/1751 2457/1998/1751 2052/627/1751
f 1811/508/1752 2448/1997/1752 2458/2000/1752 2078/815/1752
f 1771/382/1753 2447/1995/1753 2459/2002/1753 2091/883/1753
f 2479/2005/1754 2469/2006/1754 2464/2007/1754 2489/2008/1754
f 2488/2009/1755 2463/2010/1755 2469/2006/1755 2479/2005/1755
f 2480/2011/1756 2470/2012/1756 2465/2013/1756 2490/2014/1756
f 2489/2008/1757 2464/2007/1757 2470/2012/1757 2480/2011/1757
f 2481/2015/1758 2471/2016/1758 2466/2017/1758 2491/2018/1758
f 2490/2014/1759 2465/2013/1759 2471/2016/1759 2481/2015/1759
f 2482/2019/1760 2472/2020/1760 2467/2021/1760 2492/2022/1760
f 2478/2023/1761 2461/2024/1761 2472/2020/1761 2482/2019/1761
f 2483/2025/1762 2473/2026/1762 2460/2027/1762 2477/2028/1762
f 2492/2022/1763 2467/2021/1763 2473/2026/1763 2483/2025/1763
f 2484/2029/1764 2474/2030/1764 2468/2031/1764 2493/2032/1764
f 2477/2028/1765 2460/2027/1765 2474/2030/1765 2484/2029/1765
f 2485/2033/1766 2475/2034/1766 2463/2010/1766 2488/2009/1766
f 2487/2035/1767 2462/2036/1767 2475/2034/1767 2485/2033/1767
f 2486/2037/1768 2476/2038/1768 2461/2024/1768 2478/2023/1768
f 2491/2018/1769 2466/2017/1769 2476/2038/1769 2486/2037/1769
f 1977/95/1770 2496/2039/1770 2506/2040/1770 1688/98/1770
f 1995/227/1771 2497/2041/1771 2507/2042/1771 1728/230/1771
f 2015/367/1772 2498/2043/1772 2508/2044/1772 1768/370/1772
f 2034/493/1773 2499/2045/1773 2509/2046/1773 1808/496/1773
f 2051/615/1774 2500/2047/1774 2494/2048/1774 1914/618/1774
f 2072/769/1775 2501/2049/1775 2510/2050/1775 1848/772/1775
f 2086/853/1776 2502/2051/1776 2505/2052/1776 1648/856/1776
f 2090/875/1777 2503/2053/1777 2495/2054/1777 1950/878/1777
f 1648/856/1778 2505/2052/1778 2496/2039/1778 1977/95/1778
f 1688/98/1779 2506/2040/1779 2497/2041/1779 1995/227/1779
f 1728/230/1780 2507/2042/1780 2498/2043/1780 2015/367/1780
f 1950/878/1781 2495/2054/1781 2499/2045/1781 2034/493/1781
f 1808/496/1782 2509/2046/1782 2500/2047/1782 2051/615/1782
f 1914/618/1783 2494/2048/1783 2501/2049/1783 2072/769/1783
f 1631/1181/1784 2504/2055/1784 2502/2051/1784 2086/853/1784
f 1768/370/1785 2508/2044/1785 2503/2053/1785 2090/875/1785
f 1976/91/1786 2537/2056/1786 2529/2057/1786 1643/94/1786
f 1994/223/1787 2538/2058/1787 2530/2059/1787 1683/226/1787
f 2012/353/1788 2539/2060/1788 2531/2061/1788 1723/356/1788
f 2030/475/1789 2540/2062/1789 2532/2063/1789 1763/478/1789
f 2046/593/1790 2541/2064/1790 2533/2065/1790 1803/596/1790
f 2061/709/1791 2542/2066/1791 2534/2067/1791 1843/712/1791
f 2081/831/1792 2543/2068/1792 2535/2069/1792 1915/834/1792
f 2102/967/1793 2544/2070/1793 2536/2071/1793 1962/970/1793
f 1626/1039/1794 2528/2072/1794 2537/2056/1794 1976/91/1794
f 1643/94/1795 2529/2057/1795 2538/2058/1795 1994/223/1795
f 1683/226/1796 2530/2059/1796 2539/2060/1796 2012/353/1796
f 1723/356/1797 2531/2061/1797 2540/2062/1797 2030/475/1797
f 1962/970/1798 2536/2071/1798 2541/2064/1798 2046/593/1798
f 1915/834/1799 2535/2069/1799 2542/2066/1799 2061/709/1799
f 1803/596/1800 2533/2065/1800 2543/2068/1800 2081/831/1800
f 1763/478/1801 2532/2063/1801 2544/2070/1801 2102/967/1801
f 1663/1022/1802 2554/2073/1802 2548/2074/1802 1443/1023/1802
f 1420/1024/1803 2547/2075/1803 2554/2073/1803 1663/1022/1803
f 1706/1065/1804 2555/2076/1804 2549/2077/1804 1466/1066/1804
f 1443/1023/1805 2548/2074/1805 2555/2076/1805 1706/1065/1805
f 1747/1081/1806 2556/2078/1806 2550/2079/1806 1489/1082/1806
f 1466/1066/1807 2549/2077/1807 2556/2078/1807 1747/1081/1807
f 1788/1102/1808 2557/2080/1808 2551/2081/1808 1512/1103/1808
f 1489/1082/1809 2550/2079/1809 2557/2080/1809 1788/1102/1809
f 1829/1125/1810 2558/2082/1810 2552/2083/1810 1535/1126/1810
f 1612/1127/1811 2546/2084/1811 2558/2082/1811 1829/1125/1811
f 1875/1157/1812 2559/2085/1812 2553/2086/1812 1568/1158/1812
f 1589/1159/1813 2545/2087/1813 2559/2085/1813 1875/1157/1813
f 1908/1177/1814 2560/2088/1814 2545/2087/1814 1589/1159/1814
f 1535/1126/1815 2552/2083/1815 2560/2088/1815 1908/1177/1815
f 1940/1189/1816 2561/2089/1816 2546/2084/1816 1612/1127/1816
f 1512/1103/1817 2551/2081/1817 2561/2089/1817 1940/1189/1817
f 1668/66/1818 2605/2090/1818 2599/2091/1818 1434/67/1818
f 1411/990/1819 2598/2092/1819 2605/2090/1819 1668/66/1819
f 1711/200/1820 2606/2093/1820 2600/2094/1820 1457/201/1820
f 1434/67/1821 2599/2091/1821 2606/2093/1821 1711/200/1821
f 1751/328/1822 2607/2095/1822 2601/2096/1822 1480/329/1822
f 1457/201/1823 2600/2094/1823 2607/2095/1823 1751/328/1823
f 1773/450/1824 2608/2097/1824 2602/2098/1824 1503/451/1824
f 1480/329/1825 2601/2096/1825 2608/2097/1825 1773/450/1825
f 1925/568/1826 2609/2099/1826 2603/2100/1826 1526/569/1826
f 1597/947/1827 2597/2101/1827 2609/2099/1827 1925/568/1827
f 1901/686/1828 2610/2102/1828 2604/2103/1828 1549/687/1828
f 1584/801/1829 2596/2104/1829 2610/2102/1829 1901/686/1829
f 1855/800/1830 2611/2105/1830 2596/2104/1830 1584/801/1830
f 1526/569/1831 2603/2100/1831 2611/2105/1831 1855/800/1831
f 1814/946/1832 2612/2106/1832 2597/2101/1832 1597/947/1832
f 1503/451/1833 2602/2098/1833 2612/2106/1833 1814/946/1833
f 1670/1030/1834 2639/2107/1834 2631/2108/1834 1436/1031/1834
f 1413/1032/1835 2630/2109/1835 2639/2107/1835 1670/1030/1835
f 1694/1067/1836 2640/2110/1836 2632/2111/1836 1459/1068/1836
f 1436/1031/1837 2631/2108/1837 2640/2110/1837 1694/1067/1837
f 1736/1083/1838 2641/2112/1838 2633/2113/1838 1482/1084/1838
f 1459/1068/1839 2632/2111/1839 2641/2112/1839 1736/1083/1839
f 1778/1104/1840 2642/2114/1840 2634/2115/1840 1505/1105/1840
f 1482/1084/1841 2633/2113/1841 2642/2114/1841 1778/1104/1841
f 1820/1128/1842 2643/2116/1842 2635/2117/1842 1528/1129/1842
f 1603/1130/1843 2638/2118/1843 2643/2116/1843 1820/1128/1843
f 1873/1160/1844 2644/2119/1844 2636/2120/1844 1566/1161/1844
f 1583/1162/1845 2637/2121/1845 2644/2119/1845 1873/1160/1845
f 1898/1175/1846 2645/2122/1846 2637/2121/1846 1583/1162/1846
f 1528/1129/1847 2635/2117/1847 2645/2122/1847 1898/1175/1847
f 1931/1190/1848 2646/2123/1848 2638/2118/1848 1603/1130/1848
f 1505/1105/1849 2634/2115/1849 2646/2123/1849 1931/1190/1849
f 3128/2124/1850 3093/2125/1850 2682/2126/1850 3084/2127/1850
f 2950/2128/1851 2706/2129/1851 2707/2130/1851 2953/2131/1851
f 2701/2132/1852 2686/2133/1852 2687/2134/1852 2700/2135/1852
f 2982/2136/1853 2669/2137/1853 2668/2138/1853 2978/2139/1853
f 2956/2140/1854 2862/2141/1854 2705/2142/1854 2951/2143/1854
f 2702/2144/1855 2685/2145/1855 2686/2133/1855 2701/2132/1855
f 3116/2146/1856 3097/2147/1856 2710/2148/1856 2948/2149/1856
f 2966/2150/1857 2965/2151/1857 2725/2152/1857 2726/2153/1857
f 3087/2154/1858 2681/2155/1858 2680/2156/1858 3086/2157/1858
f 2707/2130/1859 2700/2135/1859 2699/2158/1859 2708/2159/1859
f 2968/2160/1860 2966/2150/1860 2726/2153/1860 2729/2161/1860
f 2979/2162/1861 2667/2163/1861 2666/2164/1861 2983/2165/1861
f 2951/2143/1862 2705/2142/1862 2706/2129/1862 2950/2128/1862
f 3086/2157/1863 2680/2156/1863 2679/2166/1863 3085/2167/1863
f 3097/2147/1864 3096/2168/1864 2697/2169/1864 2710/2148/1864
f 2862/2141/1865 2861/2170/1865 2702/2144/1865 2705/2142/1865
f 2975/2171/1866 2671/2172/1866 2670/2173/1866 2976/2174/1866
f 2974/2175/1867 2672/2176/1867 2671/2172/1867 2975/2171/1867
f 2953/2131/1868 2707/2130/1868 2708/2159/1868 2954/2177/1868
f 2696/2178/1869 2691/2179/1869 2692/2180/1869 2695/2181/1869
f 2708/2159/1870 2699/2158/1870 2698/2182/1870 2709/2183/1870
f 2706/2129/1871 2701/2132/1871 2700/2135/1871 2707/2130/1871
f 2978/2139/1872 2668/2138/1872 2667/2163/1872 2979/2162/1872
f 2962/2184/1873 2961/2185/1873 2717/2186/1873 2718/2187/1873
f 2695/2181/1874 2692/2180/1874 2693/2188/1874 2694/2189/1874
f 2712/2190/1875 2695/2181/1875 2694/2189/1875 2713/2191/1875
f 2710/2148/1876 2697/2169/1876 2696/2178/1876 2711/2192/1876
f 2983/2165/1877 2666/2164/1877 2665/2193/1877 2981/2194/1877
f 2984/2195/1878 2859/2196/1878 2664/2197/1878 2980/2198/1878
f 2963/2199/1879 2962/2184/1879 2718/2187/1879 2721/2200/1879
f 2697/2169/1880 2690/2201/1880 2691/2179/1880 2696/2178/1880
f 2711/2192/1881 2696/2178/1881 2695/2181/1881 2712/2190/1881
f 2947/2202/1882 2711/2192/1882 2712/2190/1882 2946/2203/1882
f 3076/2204/1883 2675/2205/1883 2676/2206/1883 3080/2207/1883
f 2700/2135/1884 2687/2134/1884 2688/2208/1884 2699/2158/1884
f 3117/2209/1885 2963/2199/1885 2721/2200/1885 3098/2210/1885
f 2977/2211/1886 2673/2212/1886 2672/2176/1886 2974/2175/1886
f 3096/2168/1887 3095/2213/1887 2690/2201/1887 2697/2169/1887
f 2948/2149/1888 2710/2148/1888 2711/2192/1888 2947/2202/1888
f 2967/2214/1889 2968/2160/1889 2729/2161/1889 2730/2215/1889
f 3080/2207/1890 2676/2206/1890 2677/2216/1890 3077/2217/1890
f 3127/2218/1891 3094/2219/1891 2675/2205/1891 3076/2204/1891
f 2965/2151/1892 2964/2220/1892 2722/2221/1892 2725/2152/1892
f 3118/2222/1893 3092/2223/1893 2669/2137/1893 2982/2136/1893
f 3084/2127/1894 2682/2126/1894 2681/2155/1894 3087/2154/1894
f 2954/2177/1895 2708/2159/1895 2709/2183/1895 2949/2224/1895
f 2946/2203/1896 2712/2190/1896 2713/2191/1896 2952/2225/1896
f 2961/2185/1897 2960/2226/1897 2714/2227/1897 2717/2186/1897
f 3077/2217/1898 2677/2216/1898 2678/2228/1898 3078/2229/1898
f 2699/2158/1899 2688/2208/1899 2689/2230/1899 2698/2182/1899
f 2861/2170/1900 2860/2231/1900 2685/2145/1900 2702/2144/1900
f 2970/2232/1901 2967/2214/1901 2730/2215/1901 2863/2233/1901
f 2705/2142/1902 2702/2144/1902 2701/2132/1902 2706/2129/1902
f 2672/2176/1903 2742/2234/1903 2741/2235/1903 2671/2172/1903
f 2673/2212/1904 2743/2236/1904 2742/2234/1904 2672/2176/1904
f 2671/2172/1905 2741/2235/1905 2740/2237/1905 2670/2173/1905
f 2668/2138/1906 2738/2238/1906 2737/2239/1906 2667/2163/1906
f 3092/2223/1907 3100/2240/1907 2739/2241/1907 2669/2137/1907
f 2669/2137/1908 2739/2241/1908 2738/2238/1908 2668/2138/1908
f 2666/2164/1909 2736/2242/1909 2735/2243/1909 2665/2193/1909
f 2667/2163/1910 2737/2239/1910 2736/2242/1910 2666/2164/1910
f 2859/2196/1911 2865/2244/1911 2734/2245/1911 2664/2197/1911
f 3068/2246/1912 2746/2247/1912 2747/2248/1912 3069/2249/1912
f 3126/2250/1913 3101/2251/1913 2745/2252/1913 3071/2253/1913
f 3069/2249/1914 2747/2248/1914 2748/2254/1914 3072/2255/1914
f 3071/2253/1915 2745/2252/1915 2746/2247/1915 3068/2246/1915
f 2746/2247/1916 2751/2256/1916 2752/2257/1916 2747/2248/1916
f 3101/2251/1917 3102/2258/1917 2750/2259/1917 2745/2252/1917
f 2747/2248/1918 2752/2257/1918 2753/2260/1918 2748/2254/1918
f 2745/2252/1919 2750/2259/1919 2751/2256/1919 2746/2247/1919
f 2741/2235/1920 2742/2234/1920 2852/2261/1920 2851/2262/1920
f 2742/2234/1921 2743/2236/1921 2853/2263/1921 2852/2261/1921
f 2740/2237/1922 2741/2235/1922 2851/2262/1922 2850/2264/1922
f 2737/2239/1923 2738/2238/1923 2848/2265/1923 2847/2266/1923
f 3100/2240/1924 2740/2237/1924 2850/2264/1924 3103/2267/1924
f 2738/2238/1925 2739/2241/1925 2849/2268/1925 2848/2265/1925
f 2735/2243/1926 2736/2242/1926 2846/2269/1926 2845/2270/1926
f 2736/2242/1927 2737/2239/1927 2847/2266/1927 2846/2269/1927
f 2865/2244/1928 2735/2243/1928 2845/2270/1928 2866/2271/1928
f 2752/2257/1929 2751/2256/1929 2856/2272/1929 2857/2273/1929
f 3102/2258/1930 2749/2274/1930 2854/2275/1930 3104/2276/1930
f 2753/2260/1931 2752/2257/1931 2857/2273/1931 2858/2277/1931
f 2751/2256/1932 2750/2259/1932 2855/2278/1932 2856/2272/1932
f 3123/2279/1933 3044/2280/1933 2772/2281/1933 3106/2282/1933
f 3020/2283/1934 3023/2284/1934 2797/2285/1934 2796/2286/1934
f 2791/2287/1935 2790/2288/1935 2777/2289/1935 2776/2290/1935
f 2996/2291/1936 2992/2292/1936 2758/2293/1936 2759/2294/1936
f 3026/2295/1937 3021/2296/1937 2795/2297/1937 2870/2298/1937
f 2792/2299/1938 2791/2287/1938 2776/2290/1938 2775/2300/1938
f 3121/2301/1939 3018/2302/1939 2800/2303/1939 3110/2304/1939
f 3008/2305/1940 2816/2306/1940 2815/2307/1940 3007/2308/1940
f 3047/2309/1941 3046/2310/1941 2770/2311/1941 2771/2312/1941
f 3032/2313/1942 3034/2314/1942 2789/2315/1942 2790/2288/1942
f 3010/2316/1943 2819/2317/1943 2816/2306/1943 3008/2305/1943
f 2993/2318/1944 2997/2319/1944 2756/2320/1944 2757/2321/1944
f 3021/2296/1945 3020/2283/1945 2796/2286/1945 2795/2297/1945
f 3046/2310/1946 3045/2322/1946 2769/2323/1946 2770/2311/1946
f 3122/2324/1947 3039/2325/1947 2787/2326/1947 3109/2327/1947
f 3040/2328/1948 3031/2329/1948 2792/2299/1948 2869/2330/1948
f 2989/2331/1949 2990/2332/1949 2760/2333/1949 2761/2334/1949
f 2988/2335/1950 2989/2331/1950 2761/2334/1950 2762/2336/1950
f 3023/2284/1951 3024/2337/1951 2798/2338/1951 2797/2285/1951
f 2786/2339/1952 2785/2340/1952 2782/2341/1952 2781/2342/1952
f 3034/2314/1953 3035/2343/1953 2788/2344/1953 2789/2315/1953
f 3033/2345/1954 3032/2313/1954 2790/2288/1954 2791/2287/1954
f 2992/2292/1955 2993/2318/1955 2757/2321/1955 2758/2293/1955
f 3004/2346/1956 2808/2347/1956 2807/2348/1956 3003/2349/1956
f 2785/2340/1957 2784/2350/1957 2783/2351/1957 2782/2341/1957
f 3037/2352/1958 3036/2353/1958 2784/2350/1958 2785/2340/1958
f 3039/2325/1959 3038/2354/1959 2786/2339/1959 2787/2326/1959
f 2997/2319/1960 2995/2355/1960 2755/2356/1960 2756/2320/1960
f 2998/2357/1961 2994/2358/1961 2754/2359/1961 2867/2360/1961
f 3005/2361/1962 2811/2362/1962 2808/2347/1962 3004/2346/1962
f 2787/2326/1963 2786/2339/1963 2781/2342/1963 2780/2363/1963
f 3038/2354/1964 3037/2352/1964 2785/2340/1964 2786/2339/1964
f 3017/2364/1965 3016/2365/1965 2802/2366/1965 2801/2367/1965
f 3052/2368/1966 3056/2369/1966 2766/2370/1966 2765/2371/1966
f 2790/2288/1967 2789/2315/1967 2778/2372/1967 2777/2289/1967
f 3120/2373/1968 3111/2374/1968 2811/2362/1968 3005/2361/1968
f 2991/2375/1969 2988/2335/1969 2762/2336/1969 2763/2376/1969
f 3109/2327/1970 2787/2326/1970 2780/2363/1970 3108/2377/1970
f 3018/2302/1971 3017/2364/1971 2801/2367/1971 2800/2303/1971
f 3009/2378/1972 2820/2379/1972 2819/2317/1972 3010/2316/1972
f 3056/2369/1973 3053/2380/1973 2767/2381/1973 2766/2370/1973
f 3124/2382/1974 3052/2368/1974 2765/2371/1974 3107/2383/1974
f 3007/2308/1975 2815/2307/1975 2812/2384/1975 3006/2385/1975
f 3119/2386/1976 2996/2291/1976 2759/2294/1976 3105/2387/1976
f 3044/2280/1977 3047/2309/1977 2771/2312/1977 2772/2281/1977
f 3024/2337/1978 3019/2388/1978 2799/2389/1978 2798/2338/1978
f 3016/2365/1979 3022/2390/1979 2803/2391/1979 2802/2366/1979
f 3003/2349/1980 2807/2348/1980 2804/2392/1980 3002/2393/1980
f 3053/2380/1981 3054/2394/1981 2768/2395/1981 2767/2381/1981
f 2789/2315/1982 2788/2344/1982 2779/2396/1982 2778/2372/1982
f 2869/2330/1983 2792/2299/1983 2775/2300/1983 2868/2397/1983
f 3012/2398/1984 2871/2399/1984 2820/2379/1984 3009/2378/1984
f 3031/2329/1985 3033/2345/1985 2791/2287/1985 2792/2299/1985
f 2762/2336/1986 2761/2334/1986 2831/2400/1986 2832/2401/1986
f 2763/2376/1987 2762/2336/1987 2832/2401/1987 2833/2402/1987
f 2761/2334/1988 2760/2333/1988 2830/2403/1988 2831/2400/1988
f 2758/2293/1989 2757/2321/1989 2827/2404/1989 2828/2405/1989
f 3105/2387/1990 2759/2294/1990 2829/2406/1990 3113/2407/1990
f 2759/2294/1991 2758/2293/1991 2828/2405/1991 2829/2406/1991
f 2756/2320/1992 2755/2356/1992 2825/2408/1992 2826/2409/1992
f 2757/2321/1993 2756/2320/1993 2826/2409/1993 2827/2404/1993
f 2867/2360/1994 2754/2359/1994 2824/2410/1994 2873/2411/1994
f 3060/2412/1995 3061/2413/1995 2837/2414/1995 2836/2415/1995
f 3125/2416/1996 3063/2417/1996 2835/2418/1996 3114/2419/1996
f 3061/2413/1997 3064/2420/1997 2838/2421/1997 2837/2414/1997
f 3063/2417/1998 3060/2412/1998 2836/2415/1998 2835/2418/1998
f 2836/2415/1999 2837/2414/1999 2842/2422/1999 2841/2423/1999
f 3114/2419/2000 2835/2418/2000 2840/2424/2000 3115/2425/2000
f 2837/2414/2001 2838/2421/2001 2843/2426/2001 2842/2422/2001
f 2835/2418/2002 2836/2415/2002 2841/2423/2002 2840/2424/2002
f 2831/2400/2003 2851/2427/2003 2852/2428/2003 2832/2401/2003
f 2832/2401/2004 2852/2428/2004 2853/2429/2004 2833/2402/2004
f 2830/2403/2005 2850/2430/2005 2851/2427/2005 2831/2400/2005
f 2827/2404/2006 2847/2431/2006 2848/2432/2006 2828/2405/2006
f 3113/2407/2007 3103/2433/2007 2850/2430/2007 2830/2403/2007
f 2828/2405/2008 2848/2432/2008 2849/2434/2008 2829/2406/2008
f 2825/2408/2009 2845/2435/2009 2846/2436/2009 2826/2409/2009
f 2826/2409/2010 2846/2436/2010 2847/2431/2010 2827/2404/2010
f 2873/2411/2011 2866/2437/2011 2845/2435/2011 2825/2408/2011
f 2842/2422/2012 2857/2438/2012 2856/2439/2012 2841/2423/2012
f 3115/2425/2013 3104/2440/2013 2854/2441/2013 2839/2442/2013
f 2843/2426/2014 2858/2443/2014 2857/2438/2014 2842/2422/2014
f 2841/2423/2015 2856/2439/2015 2855/2444/2015 2840/2424/2015
f 2955/2445/2016 2704/2446/2016 2862/2141/2016 2956/2140/2016
f 2704/2446/2017 2703/2447/2017 2861/2170/2017 2862/2141/2017
f 2981/2194/2018 2665/2193/2018 2859/2196/2018 2984/2195/2018
f 2703/2447/2019 2684/2448/2019 2860/2231/2019 2861/2170/2019
f 2969/2449/2020 2970/2232/2020 2863/2233/2020 2733/2450/2020
f 2665/2193/2021 2735/2243/2021 2865/2244/2021 2859/2196/2021
f 2734/2245/2022 2865/2244/2022 2866/2271/2022 2844/2451/2022
f 3025/2452/2023 3026/2295/2023 2870/2298/2023 2794/2453/2023
f 3030/2454/2024 3040/2328/2024 2869/2330/2024 2793/2455/2024
f 2995/2355/2025 2998/2357/2025 2867/2360/2025 2755/2356/2025
f 2793/2455/2026 2869/2330/2026 2868/2397/2026 2774/2456/2026
f 3011/2457/2027 2823/2458/2027 2871/2399/2027 3012/2398/2027
f 2755/2356/2028 2867/2360/2028 2873/2411/2028 2825/2408/2028
f 2824/2410/2029 2844/2459/2029 2866/2437/2029 2873/2411/2029
f 3042/2460/2030 2899/2461/2030 2890/2462/2030 3041/2463/2030
f 2986/2464/2031 2901/2465/2031 2880/2466/2031 2985/2467/2031
f 2902/2468/2032 2903/2469/2032 2878/2470/2032 2879/2471/2032
f 3000/2472/2033 2905/2473/2033 2885/2474/2033 2999/2475/2033
f 2905/2473/2034 2906/2476/2034 2893/2477/2034 2885/2474/2034
f 3028/2478/2035 2907/2479/2035 2892/2480/2035 3027/2481/2035
f 2958/2482/2036 2902/2468/2036 2879/2471/2036 2957/2483/2036
f 2909/2484/2037 2900/2485/2037 2874/2486/2037 2882/2487/2037
f 2910/2488/2038 2911/2489/2038 2897/2490/2038 2884/2491/2038
f 2911/2492/2039 2912/2493/2039 2895/2494/2039 2897/2495/2039
f 3090/2496/2040 2914/2497/2040 2876/2498/2040 3089/2499/2040
f 3050/2500/2041 2916/2501/2041 2888/2502/2041 3049/2503/2041
f 3066/2504/2042 2918/2505/2042 2886/2506/2042 3065/2507/2042
f 3074/2508/2043 2920/2509/2043 2883/2510/2043 3073/2511/2043
f 2912/2493/2044 2917/2512/2044 2894/2513/2044 2895/2494/2044
f 3014/2514/2045 2904/2515/2045 2891/2516/2045 3013/2517/2045
f 2972/2518/2046 2908/2519/2046 2881/2520/2046 2971/2521/2046
f 2920/2509/2047 2910/2488/2047 2884/2491/2047 2883/2510/2047
f 2903/2469/2048 2913/2522/2048 2877/2523/2048 2878/2470/2048
f 2916/2501/2049 2898/2524/2049 2889/2525/2049 2888/2502/2049
f 2906/2476/2050 2921/2526/2050 2896/2527/2050 2893/2477/2050
f 3082/2528/2051 2919/2529/2051 2875/2530/2051 3081/2531/2051
f 2921/2532/2052 2909/2484/2052 2882/2487/2052 2896/2533/2052
f 3058/2534/2053 2915/2535/2053 2887/2536/2053 3057/2537/2053
f 3036/2353/2054 2803/2391/2054 2899/2461/2054 3042/2460/2054
f 2977/2211/2055 2714/2227/2055 2901/2465/2055 2986/2464/2055
f 2713/2191/2056 2694/2189/2056 2903/2469/2056 2902/2468/2056
f 2991/2375/2057 2763/2376/2057 2905/2473/2057 3000/2472/2057
f 2763/2376/2058 2833/2402/2058 2906/2476/2058 2905/2473/2058
f 3022/2390/2059 2805/2538/2059 2907/2479/2059 3028/2478/2059
f 2952/2225/2060 2713/2191/2060 2902/2468/2060 2958/2482/2060
f 2743/2236/2061 2673/2212/2061 2900/2485/2061 2909/2484/2061
f 2753/2260/2062 2858/2277/2062 2911/2489/2062 2910/2488/2062
f 2858/2443/2063 2843/2426/2063 2912/2493/2063 2911/2492/2063
f 3085/2167/2064 2679/2166/2064 2914/2497/2064 3090/2496/2064
f 3045/2322/2065 2783/2351/2065 2916/2501/2065 3050/2500/2065
f 3064/2420/2066 2768/2395/2066 2918/2505/2066 3066/2504/2066
f 3072/2255/2067 2748/2254/2067 2920/2509/2067 3074/2508/2067
f 2843/2426/2068 2838/2421/2068 2917/2512/2068 2912/2493/2068
f 3002/2393/2069 2804/2392/2069 2904/2515/2069 3014/2514/2069
f 2960/2226/2070 2715/2539/2070 2908/2519/2070 2972/2518/2070
f 2748/2254/2071 2753/2260/2071 2910/2488/2071 2920/2509/2071
f 2694/2189/2072 2693/2188/2072 2913/2522/2072 2903/2469/2072
f 2783/2351/2073 2784/2350/2073 2898/2524/2073 2916/2501/2073
f 2833/2402/2074 2853/2429/2074 2921/2526/2074 2906/2476/2074
f 3078/2229/2075 2678/2228/2075 2919/2529/2075 3082/2528/2075
f 2853/2263/2076 2743/2236/2076 2909/2484/2076 2921/2532/2076
f 3054/2394/2077 2769/2323/2077 2915/2535/2077 3058/2534/2077
f 3187/2540/2078 3166/2541/2078 2934/2542/2078 3067/2543/2078
f 3192/2544/2079 3167/2545/2079 2932/2546/2079 2931/2547/2079
f 3182/2548/2080 3168/2549/2080 2939/2550/2080 3015/2551/2080
f 3194/2552/2081 3169/2553/2081 2922/2554/2081 2930/2555/2081
f 3184/2556/2082 3170/2557/2082 2938/2558/2082 3043/2559/2082
f 3178/2560/2083 3171/2561/2083 2927/2562/2083 2959/2563/2083
f 3189/2564/2084 3172/2565/2084 2923/2566/2084 3083/2567/2084
f 3198/2568/2085 3195/2569/2085 2937/2570/2085 2936/2571/2085
f 3199/2572/2086 3173/2573/2086 2943/2574/2086 2945/2575/2086
f 3190/2576/2087 3197/2577/2087 2924/2578/2087 3091/2579/2087
f 3181/2580/2088 3174/2581/2088 2933/2582/2088 3001/2583/2088
f 3173/2573/2089 3191/2584/2089 2942/2585/2089 2943/2574/2089
f 3201/2586/2090 3194/2552/2090 2930/2555/2090 2944/2587/2090
f 3174/2581/2091 3175/2588/2091 2941/2589/2091 2933/2582/2091
f 3188/2590/2092 3192/2544/2092 2931/2547/2092 3075/2591/2092
f 3183/2592/2093 3193/2593/2093 2940/2594/2093 3029/2595/2093
f 3179/2596/2094 3196/2597/2094 2929/2598/2094 2973/2599/2094
f 3171/2561/2095 3176/2600/2095 2926/2601/2095 2927/2562/2095
f 3186/2602/2096 3177/2603/2096 2935/2604/2096 3059/2605/2096
f 3176/2600/2097 3200/2606/2097 2925/2607/2097 2926/2601/2097
f 3185/2608/2098 3198/2568/2098 2936/2571/2098 3051/2609/2098
f 3175/2588/2099 3201/2610/2099 2944/2611/2099 2941/2589/2099
f 3180/2612/2100 3202/2613/2100 2928/2614/2100 2987/2615/2100
f 3167/2545/2101 3199/2616/2101 2945/2617/2101 2932/2546/2101
f 2728/2618/2102 2950/2128/2102 2953/2131/2102 2727/2619/2102
f 2864/2620/2103 2956/2140/2103 2951/2143/2103 2731/2621/2103
f 3099/2622/2104 3116/2146/2104 2948/2149/2104 2720/2623/2104
f 2731/2621/2105 2951/2143/2105 2950/2128/2105 2728/2618/2105
f 2727/2619/2106 2953/2131/2106 2954/2177/2106 2724/2624/2106
f 2719/2625/2107 2947/2202/2107 2946/2203/2107 2716/2626/2107
f 2720/2623/2108 2948/2149/2108 2947/2202/2108 2719/2625/2108
f 2724/2624/2109 2954/2177/2109 2949/2224/2109 2723/2627/2109
f 2716/2626/2110 2946/2203/2110 2952/2225/2110 2715/2539/2110
f 2732/2628/2111 2955/2445/2111 2956/2140/2111 2864/2620/2111
f 2908/2519/2112 2958/2482/2112 2957/2483/2112 2881/2520/2112
f 2715/2539/2113 2952/2225/2113 2958/2482/2113 2908/2519/2113
f 3196/2597/2114 3178/2560/2114 2959/2563/2114 2929/2598/2114
f 2727/2619/2115 2724/2624/2115 2965/2151/2115 2966/2150/2115
f 2728/2618/2116 2727/2619/2116 2966/2150/2116 2968/2160/2116
f 2719/2625/2117 2716/2626/2117 2961/2185/2117 2962/2184/2117
f 2720/2623/2118 2719/2625/2118 2962/2184/2118 2963/2199/2118
f 3099/2622/2119 2720/2623/2119 2963/2199/2119 3117/2209/2119
f 2731/2621/2120 2728/2618/2120 2968/2160/2120 2967/2214/2120
f 2724/2624/2121 2723/2627/2121 2964/2220/2121 2965/2151/2121
f 2716/2626/2122 2715/2539/2122 2960/2226/2122 2961/2185/2122
f 2864/2620/2123 2731/2621/2123 2967/2214/2123 2970/2232/2123
f 2732/2628/2124 2864/2620/2124 2970/2232/2124 2969/2449/2124
f 2901/2465/2125 2972/2518/2125 2971/2521/2125 2880/2466/2125
f 2714/2227/2126 2960/2226/2126 2972/2518/2126 2901/2465/2126
f 3202/2613/2127 3179/2596/2127 2973/2599/2127 2928/2614/2127
f 2722/2221/2128 2982/2136/2128 2978/2139/2128 2725/2152/2128
f 2726/2153/2129 2979/2162/2129 2983/2165/2129 2729/2161/2129
f 2718/2187/2130 2975/2171/2130 2976/2174/2130 2721/2200/2130
f 2717/2186/2131 2974/2175/2131 2975/2171/2131 2718/2187/2131
f 2725/2152/2132 2978/2139/2132 2979/2162/2132 2726/2153/2132
f 2729/2161/2133 2983/2165/2133 2981/2194/2133 2730/2215/2133
f 2863/2233/2134 2984/2195/2134 2980/2198/2134 2733/2450/2134
f 2714/2227/2135 2977/2211/2135 2974/2175/2135 2717/2186/2135
f 3098/2210/2136 3118/2222/2136 2982/2136/2136 2722/2221/2136
f 2730/2215/2137 2981/2194/2137 2984/2195/2137 2863/2233/2137
f 2900/2485/2138 2986/2464/2138 2985/2467/2138 2874/2486/2138
f 2673/2212/2139 2977/2211/2139 2986/2464/2139 2900/2485/2139
f 3169/2553/2140 3180/2612/2140 2987/2615/2140 2922/2554/2140
f 2812/2384/2141 2815/2307/2141 2992/2292/2141 2996/2291/2141
f 2816/2306/2142 2819/2317/2142 2997/2319/2142 2993/2318/2142
f 2808/2347/2143 2811/2362/2143 2990/2332/2143 2989/2331/2143
f 2807/2348/2144 2808/2347/2144 2989/2331/2144 2988/2335/2144
f 2815/2307/2145 2816/2306/2145 2993/2318/2145 2992/2292/2145
f 2819/2317/2146 2820/2379/2146 2995/2355/2146 2997/2319/2146
f 2871/2399/2147 2823/2458/2147 2994/2358/2147 2998/2357/2147
f 2804/2392/2148 2807/2348/2148 2988/2335/2148 2991/2375/2148
f 3111/2374/2149 2812/2384/2149 2996/2291/2149 3119/2386/2149
f 2820/2379/2150 2871/2399/2150 2998/2357/2150 2995/2355/2150
f 2904/2515/2151 3000/2472/2151 2999/2475/2151 2891/2516/2151
f 2804/2392/2152 2991/2375/2152 3000/2472/2152 2904/2515/2152
f 3168/2549/2153 3181/2580/2153 3001/2583/2153 2939/2550/2153
f 2817/2629/2154 3008/2305/2154 3007/2308/2154 2814/2630/2154
f 2818/2631/2155 3010/2316/2155 3008/2305/2155 2817/2629/2155
f 2809/2632/2156 3004/2346/2156 3003/2349/2156 2806/2633/2156
f 2810/2634/2157 3005/2361/2157 3004/2346/2157 2809/2632/2157
f 3112/2635/2158 3120/2373/2158 3005/2361/2158 2810/2634/2158
f 2821/2636/2159 3009/2378/2159 3010/2316/2159 2818/2631/2159
f 2814/2630/2160 3007/2308/2160 3006/2385/2160 2813/2637/2160
f 2806/2633/2161 3003/2349/2161 3002/2393/2161 2805/2538/2161
f 2872/2638/2162 3012/2398/2162 3009/2378/2162 2821/2636/2162
f 2822/2639/2163 3011/2457/2163 3012/2398/2163 2872/2638/2163
f 2907/2479/2164 3014/2514/2164 3013/2517/2164 2892/2480/2164
f 2805/2538/2165 3002/2393/2165 3014/2514/2165 2907/2479/2165
f 3193/2593/2166 3182/2548/2166 3015/2551/2166 2940/2594/2166
f 2818/2631/2167 2817/2629/2167 3023/2284/2167 3020/2283/2167
f 2872/2638/2168 2821/2636/2168 3021/2296/2168 3026/2295/2168
f 3112/2635/2169 2810/2634/2169 3018/2302/2169 3121/2301/2169
f 2821/2636/2170 2818/2631/2170 3020/2283/2170 3021/2296/2170
f 2817/2629/2171 2814/2630/2171 3024/2337/2171 3023/2284/2171
f 2809/2632/2172 2806/2633/2172 3016/2365/2172 3017/2364/2172
f 2810/2634/2173 2809/2632/2173 3017/2364/2173 3018/2302/2173
f 2814/2630/2174 2813/2637/2174 3019/2388/2174 3024/2337/2174
f 2806/2633/2175 2805/2538/2175 3022/2390/2175 3016/2365/2175
f 2822/2639/2176 2872/2638/2176 3026/2295/2176 3025/2452/2176
f 2899/2461/2177 3028/2478/2177 3027/2481/2177 2890/2462/2177
f 2803/2391/2178 3022/2390/2178 3028/2478/2178 2899/2461/2178
f 3170/2557/2179 3183/2592/2179 3029/2595/2179 2938/2558/2179
f 2797/2285/2180 2798/2338/2180 3034/2314/2180 3032/2313/2180
f 3110/2304/2181 2800/2303/2181 3039/2325/2181 3122/2324/2181
f 2870/2298/2182 2795/2297/2182 3031/2329/2182 3040/2328/2182
f 2798/2338/2183 2799/2389/2183 3035/2343/2183 3034/2314/2183
f 2796/2286/2184 2797/2285/2184 3032/2313/2184 3033/2345/2184
f 2802/2366/2185 2803/2391/2185 3036/2353/2185 3037/2352/2185
f 2800/2303/2186 2801/2367/2186 3038/2354/2186 3039/2325/2186
f 2801/2367/2187 2802/2366/2187 3037/2352/2187 3038/2354/2187
f 2795/2297/2188 2796/2286/2188 3033/2345/2188 3031/2329/2188
f 2794/2453/2189 2870/2298/2189 3040/2328/2189 3030/2454/2189
f 2898/2524/2190 3042/2460/2190 3041/2463/2190 2889/2525/2190
f 2784/2350/2191 3036/2353/2191 3042/2460/2191 2898/2524/2191
f 3195/2569/2192 3184/2556/2192 3043/2559/2192 2937/2570/2192
f 3108/2377/2193 2780/2363/2193 3044/2280/2193 3123/2279/2193
f 2781/2342/2194 2782/2341/2194 3046/2310/2194 3047/2309/2194
f 2782/2341/2195 2783/2351/2195 3045/2322/2195 3046/2310/2195
f 2780/2363/2196 2781/2342/2196 3047/2309/2196 3044/2280/2196
f 2915/2535/2197 3050/2500/2197 3049/2503/2197 2887/2536/2197
f 2769/2323/2198 3045/2322/2198 3050/2500/2198 2915/2535/2198
f 3177/2603/2199 3185/2608/2199 3051/2609/2199 2935/2604/2199
f 2772/2281/2200 2771/2312/2200 3056/2369/2200 3052/2368/2200
f 2771/2312/2201 2770/2311/2201 3053/2380/2201 3056/2369/2201
f 3106/2282/2202 2772/2281/2202 3052/2368/2202 3124/2382/2202
f 2770/2311/2203 2769/2323/2203 3054/2394/2203 3053/2380/2203
f 2918/2505/2204 3058/2534/2204 3057/2537/2204 2886/2506/2204
f 2768/2395/2205 3054/2394/2205 3058/2534/2205 2918/2505/2205
f 3166/2541/2206 3186/2602/2206 3059/2605/2206 2934/2542/2206
f 2766/2370/2207 2767/2381/2207 3061/2413/2207 3060/2412/2207
f 3107/2383/2208 2765/2371/2208 3063/2417/2208 3125/2416/2208
f 2767/2381/2209 2768/2395/2209 3064/2420/2209 3061/2413/2209
f 2765/2371/2210 2766/2370/2210 3060/2412/2210 3063/2417/2210
f 2917/2512/2211 3066/2504/2211 3065/2507/2211 2894/2513/2211
f 2838/2421/2212 3064/2420/2212 3066/2504/2212 2917/2512/2212
f 3191/2584/2213 3187/2540/2213 3067/2543/2213 2942/2585/2213
f 2676/2206/2214 3068/2246/2214 3069/2249/2214 2677/2216/2214
f 3094/2219/2215 3126/2250/2215 3071/2253/2215 2675/2205/2215
f 2677/2216/2216 3069/2249/2216 3072/2255/2216 2678/2228/2216
f 2675/2205/2217 3071/2253/2217 3068/2246/2217 2676/2206/2217
f 2919/2529/2218 3074/2508/2218 3073/2511/2218 2875/2530/2218
f 2678/2228/2219 3072/2255/2219 3074/2508/2219 2919/2529/2219
f 3172/2565/2220 3188/2590/2220 3075/2591/2220 2923/2566/2220
f 2682/2126/2221 3076/2204/2221 3080/2207/2221 2681/2155/2221
f 2681/2155/2222 3080/2207/2222 3077/2217/2222 2680/2156/2222
f 3093/2125/2223 3127/2218/2223 3076/2204/2223 2682/2126/2223
f 2680/2156/2224 3077/2217/2224 3078/2229/2224 2679/2166/2224
f 2914/2497/2225 3082/2528/2225 3081/2531/2225 2876/2498/2225
f 2679/2166/2226 3078/2229/2226 3082/2528/2226 2914/2497/2226
f 3197/2577/2227 3189/2564/2227 3083/2567/2227 2924/2578/2227
f 3095/2213/2228 3128/2124/2228 3084/2127/2228 2690/2201/2228
f 2691/2179/2229 3087/2154/2229 3086/2157/2229 2692/2180/2229
f 2692/2180/2230 3086/2157/2230 3085/2167/2230 2693/2188/2230
f 2690/2201/2231 3084/2127/2231 3087/2154/2231 2691/2179/2231
f 2913/2522/2232 3090/2496/2232 3089/2499/2232 2877/2523/2232
f 2693/2188/2233 3085/2167/2233 3090/2496/2233 2913/2522/2233
f 3200/2606/2234 3190/2576/2234 3091/2579/2234 2925/2607/2234
f 3088/2640/2235 2683/2641/2235 3093/2125/2235 3128/2124/2235
f 2949/2224/2236 2709/2183/2236 3097/2147/2236 3116/2146/2236
f 2709/2183/2237 2698/2182/2237 3096/2168/2237 3097/2147/2237
f 2964/2220/2238 3117/2209/2238 3098/2210/2238 2722/2221/2238
f 2698/2182/2239 2689/2230/2239 3095/2213/2239 3096/2168/2239
f 3079/2642/2240 2674/2643/2240 3094/2219/2240 3127/2218/2240
f 2976/2174/2241 2670/2173/2241 3092/2223/2241 3118/2222/2241
f 2670/2173/2242 2740/2237/2242 3100/2240/2242 3092/2223/2242
f 3070/2644/2243 2744/2645/2243 3101/2251/2243 3126/2250/2243
f 2744/2645/2244 2749/2274/2244 3102/2258/2244 3101/2251/2244
f 2739/2241/2245 3100/2240/2245 3103/2267/2245 2849/2268/2245
f 2750/2259/2246 3102/2258/2246 3104/2276/2246 2855/2278/2246
f 3048/2646/2247 3123/2279/2247 3106/2282/2247 2773/2647/2247
f 3019/2388/2248 3121/2301/2248 3110/2304/2248 2799/2389/2248
f 3035/2343/2249 3122/2324/2249 3109/2327/2249 2788/2344/2249
f 3006/2385/2250 2812/2384/2250 3111/2374/2250 3120/2373/2250
f 2788/2344/2251 3109/2327/2251 3108/2377/2251 2779/2396/2251
f 3055/2648/2252 3124/2382/2252 3107/2383/2252 2764/2649/2252
f 2990/2332/2253 3119/2386/2253 3105/2387/2253 2760/2333/2253
f 2760/2333/2254 3105/2387/2254 3113/2407/2254 2830/2403/2254
f 3062/2650/2255 3125/2416/2255 3114/2419/2255 2834/2651/2255
f 2834/2651/2256 3114/2419/2256 3115/2425/2256 2839/2442/2256
f 2829/2406/2257 2849/2434/2257 3103/2433/2257 3113/2407/2257
f 2840/2424/2258 2855/2444/2258 3104/2440/2258 3115/2425/2258
f 2723/2627/2259 2949/2224/2259 3116/2146/2259 3099/2622/2259
f 2723/2627/2260 3099/2622/2260 3117/2209/2260 2964/2220/2260
f 2721/2200/2261 2976/2174/2261 3118/2222/2261 3098/2210/2261
f 2811/2362/2262 3111/2374/2262 3119/2386/2262 2990/2332/2262
f 2813/2637/2263 3006/2385/2263 3120/2373/2263 3112/2635/2263
f 2813/2637/2264 3112/2635/2264 3121/2301/2264 3019/2388/2264
f 2799/2389/2265 3110/2304/2265 3122/2324/2265 3035/2343/2265
f 2779/2396/2266 3108/2377/2266 3123/2279/2266 3048/2646/2266
f 2773/2647/2267 3106/2282/2267 3124/2382/2267 3055/2648/2267
f 2764/2649/2268 3107/2383/2268 3125/2416/2268 3062/2650/2268
f 2674/2643/2269 3070/2644/2269 3126/2250/2269 3094/2219/2269
f 2683/2641/2270 3079/2642/2270 3127/2218/2270 3093/2125/2270
f 2689/2230/2271 3088/2640/2271 3128/2124/2271 3095/2213/2271
f 3065/2507/2272 2886/2506/2272 3130/2652/2272 3162/2653/2272
f 2883/2510/2273 2884/2491/2273 3132/2654/2273 3131/2655/2273
f 3013/2517/2274 2891/2516/2274 3134/2656/2274 3157/2657/2274
f 2882/2487/2275 2874/2486/2275 3136/2658/2275 3135/2659/2275
f 3041/2463/2276 2890/2462/2276 3138/2660/2276 3159/2661/2276
f 2957/2483/2277 2879/2471/2277 3140/2662/2277 3153/2663/2277
f 3081/2531/2278 2875/2530/2278 3142/2664/2278 3164/2665/2278
f 2888/2502/2279 2889/2525/2279 3137/2666/2279 3143/2667/2279
f 2897/2495/2280 2895/2494/2280 3145/2668/2280 3144/2669/2280
f 3089/2499/2281 2876/2498/2281 3141/2670/2281 3165/2671/2281
f 2999/2475/2282 2885/2474/2282 3147/2672/2282 3156/2673/2282
f 2895/2494/2283 2894/2513/2283 3129/2674/2283 3145/2668/2283
f 2896/2533/2284 2882/2487/2284 3135/2659/2284 3148/2675/2284
f 2885/2474/2285 2893/2477/2285 3149/2676/2285 3147/2672/2285
f 3073/2511/2286 2883/2510/2286 3131/2655/2286 3163/2677/2286
f 3027/2481/2287 2892/2480/2287 3133/2678/2287 3158/2679/2287
f 2971/2521/2288 2881/2520/2288 3139/2680/2288 3154/2681/2288
f 2879/2471/2289 2878/2470/2289 3151/2682/2289 3140/2662/2289
f 3057/2537/2290 2887/2536/2290 3152/2683/2290 3161/2684/2290
f 2878/2470/2291 2877/2523/2291 3146/2685/2291 3151/2682/2291
f 3049/2503/2292 2888/2502/2292 3143/2667/2292 3160/2686/2292
f 2893/2477/2293 2896/2527/2293 3148/2687/2293 3149/2676/2293
f 2985/2467/2294 2880/2466/2294 3150/2688/2294 3155/2689/2294
f 2884/2491/2295 2897/2490/2295 3144/2690/2295 3132/2654/2295
f 2881/2520/2296 2957/2483/2296 3153/2663/2296 3139/2680/2296
f 2880/2466/2297 2971/2521/2297 3154/2681/2297 3150/2688/2297
f 2874/2486/2298 2985/2467/2298 3155/2689/2298 3136/2658/2298
f 2891/2516/2299 2999/2475/2299 3156/2673/2299 3134/2656/2299
f 2892/2480/2300 3013/2517/2300 3157/2657/2300 3133/2678/2300
f 2890/2462/2301 3027/2481/2301 3158/2679/2301 3138/2660/2301
f 2889/2525/2302 3041/2463/2302 3159/2661/2302 3137/2666/2302
f 2887/2536/2303 3049/2503/2303 3160/2686/2303 3152/2683/2303
f 2886/2506/2304 3057/2537/2304 3161/2684/2304 3130/2652/2304
f 2894/2513/2305 3065/2507/2305 3162/2653/2305 3129/2674/2305
f 2875/2530/2306 3073/2511/2306 3163/2677/2306 3142/2664/2306
f 2876/2498/2307 3081/2531/2307 3164/2665/2307 3141/2670/2307
f 2877/2523/2308 3089/2499/2308 3165/2671/2308 3146/2685/2308
f 3162/2653/2309 3130/2652/2309 3166/2541/2309 3187/2540/2309
f 3131/2655/2310 3132/2654/2310 3167/2545/2310 3192/2544/2310
f 3157/2657/2311 3134/2656/2311 3168/2549/2311 3182/2548/2311
f 3135/2659/2312 3136/2658/2312 3169/2553/2312 3194/2552/2312
f 3159/2661/2313 3138/2660/2313 3170/2557/2313 3184/2556/2313
f 3153/2663/2314 3140/2662/2314 3171/2561/2314 3178/2560/2314
f 3164/2665/2315 3142/2664/2315 3172/2565/2315 3189/2564/2315
f 3143/2667/2316 3137/2666/2316 3195/2569/2316 3198/2568/2316
f 3144/2669/2317 3145/2668/2317 3173/2573/2317 3199/2572/2317
f 3165/2671/2318 3141/2670/2318 3197/2577/2318 3190/2576/2318
f 3156/2673/2319 3147/2672/2319 3174/2581/2319 3181/2580/2319
f 3145/2668/2320 3129/2674/2320 3191/2584/2320 3173/2573/2320
f 3148/2675/2321 3135/2659/2321 3194/2552/2321 3201/2586/2321
f 3147/2672/2322 3149/2676/2322 3175/2588/2322 3174/2581/2322
f 3163/2677/2323 3131/2655/2323 3192/2544/2323 3188/2590/2323
f 3158/2679/2324 3133/2678/2324 3193/2593/2324 3183/2592/2324
f 3154/2681/2325 3139/2680/2325 3196/2597/2325 3179/2596/2325
f 3140/2662/2326 3151/2682/2326 3176/2600/2326 3171/2561/2326
f 3161/2684/2327 3152/2683/2327 3177/2603/2327 3186/2602/2327
f 3151/2682/2328 3146/2685/2328 3200/2606/2328 3176/2600/2328
f 3160/2686/2329 3143/2667/2329 3198/2568/2329 3185/2608/2329
f 3149/2676/2330 3148/2687/2330 3201/2610/2330 3175/2588/2330
f 3155/2689/2331 3150/2688/2331 3202/2613/2331 3180/2612/2331
f 3132/2654/2332 3144/2690/2332 3199/2616/2332 3167/2545/2332
f 3139/2680/2333 3153/2663/2333 3178/2560/2333 3196/2597/2333
f 3150/2688/2334 3154/2681/2334 3179/2596/2334 3202/2613/2334
f 3136/2658/2335 3155/2689/2335 3180/2612/2335 3169/2553/2335
f 3134/2656/2336 3156/2673/2336 3181/2580/2336 3168/2549/2336
f 3133/2678/2337 3157/2657/2337 3182/2548/2337 3193/2593/2337
f 3138/2660/2338 3158/2679/2338 3183/2592/2338 3170/2557/2338
f 3137/2666/2339 3159/2661/2339 3184/2556/2339 3195/2569/2339
f 3152/2683/2340 3160/2686/2340 3185/2608/2340 3177/2603/2340
f 3130/2652/2341 3161/2684/2341 3186/2602/2341 3166/2541/2341
f 3129/2674/2342 3162/2653/2342 3187/2540/2342 3191/2584/2342
f 3142/2664/2343 3163/2677/2343 3188/2590/2343 3172/2565/2343
f 3141/2670/2344 3164/2665/2344 3189/2564/2344 3197/2577/2344
f 3146/2685/2345 3165/2671/2345 3190/2576/2345 3200/2606/2345
f 1226/1335/2346 1219/1314/2346 1359/1469/2346 1366/1562/2346
f 3235/2691/2347 3236/2692/2347 3234/2693/2347 3233/2694/2347
f 3234/2693/2348 3236/2692/2348 3212/2695/2348 3211/2696/2348
f 3203/2697/2349 3209/2698/2349 3230/2699/2349 3217/2700/2349
f 3217/2700/2350 3230/2699/2350 3229/2701/2350 3218/2702/2350
f 3203/2697/2351 3217/2700/2351 3232/2703/2351 3210/2704/2351
f 3217/2700/2352 3218/2702/2352 3231/2705/2352 3232/2703/2352
f 3204/2706/2353 3210/2704/2353 3232/2703/2353 3219/2707/2353
f 3219/2707/2354 3232/2703/2354 3231/2705/2354 3220/2708/2354
f 3204/2706/2355 3219/2707/2355 3234/2693/2355 3211/2696/2355
f 3219/2707/2356 3220/2708/2356 3233/2694/2356 3234/2693/2356
f 3205/2709/2357 3212/2695/2357 3236/2692/2357 3221/2710/2357
f 3221/2710/2358 3236/2692/2358 3235/2691/2358 3222/2711/2358
f 3205/2709/2359 3221/2710/2359 3238/2712/2359 3213/2713/2359
f 3221/2710/2360 3222/2711/2360 3237/2714/2360 3238/2712/2360
f 3206/2715/2361 3213/2713/2361 3238/2712/2361 3223/2716/2361
f 3223/2716/2362 3238/2712/2362 3237/2714/2362 3224/2717/2362
f 3206/2715/2363 3223/2716/2363 3240/2718/2363 3214/2719/2363
f 3223/2716/2364 3224/2717/2364 3239/2720/2364 3240/2718/2364
f 3207/2721/2365 3214/2719/2365 3240/2718/2365 3225/2722/2365
f 3225/2722/2366 3240/2718/2366 3239/2720/2366 3226/2723/2366
f 3207/2721/2367 3225/2722/2367 3242/2724/2367 3215/2725/2367
f 3225/2722/2368 3226/2723/2368 3241/2726/2368 3242/2724/2368
f 3208/2727/2369 3215/2725/2369 3242/2724/2369 3227/2728/2369
f 3227/2728/2370 3242/2724/2370 3241/2726/2370 3228/2729/2370
f 3208/2727/2371 3227/2728/2371 3244/2730/2371 3216/2731/2371
f 3227/2728/2372 3228/2729/2372 3243/2732/2372 3244/2730/2372
f 3245/2733/2373 3246/2734/2373 3297/2735/2373 3296/2736/2373
f 3246/2734/2374 3247/2737/2374 3298/2738/2374 3297/2735/2374
f 3245/2733/2375 3290/2739/2375 3291/2740/2375 3246/2734/2375
f 3246/2734/2376 3291/2740/2376 3292/2741/2376 3247/2737/2376
f 3248/2742/2377 3249/2743/2377 3291/2740/2377 3290/2739/2377
f 3249/2743/2378 3250/2744/2378 3292/2741/2378 3291/2740/2378
f 3248/2742/2379 3299/2745/2379 3300/2746/2379 3249/2743/2379
f 3249/2743/2380 3300/2746/2380 3301/2747/2380 3250/2744/2380
f 3251/2748/2381 3252/2749/2381 3300/2746/2381 3299/2745/2381
f 3252/2749/2382 3253/2750/2382 3301/2747/2382 3300/2746/2382
f 3251/2748/2383 3287/2751/2383 3288/2752/2383 3252/2749/2383
f 3252/2749/2384 3288/2752/2384 3289/2753/2384 3253/2750/2384
f 3254/2754/2385 3255/2755/2385 3288/2752/2385 3287/2751/2385
f 3255/2755/2386 3256/2756/2386 3289/2753/2386 3288/2752/2386
f 3254/2754/2387 3293/2757/2387 3294/2758/2387 3255/2755/2387
f 3255/2755/2388 3294/2758/2388 3295/2759/2388 3256/2756/2388
f 3257/2760/2389 3258/2761/2389 3294/2758/2389 3293/2757/2389
f 3258/2761/2390 3259/2762/2390 3295/2759/2390 3294/2758/2390
f 3257/2760/2391 3284/2763/2391 3285/2764/2391 3258/2761/2391
f 3258/2761/2392 3285/2764/2392 3286/2765/2392 3259/2762/2392
f 3260/2766/2393 3261/2767/2393 3285/2764/2393 3284/2763/2393
f 3261/2767/2394 3262/2768/2394 3286/2765/2394 3285/2764/2394
f 3260/2766/2395 3281/2769/2395 3282/2770/2395 3261/2767/2395
f 3261/2767/2396 3282/2770/2396 3283/2771/2396 3262/2768/2396
f 3263/2772/2397 3264/2773/2397 3282/2770/2397 3281/2769/2397
f 3264/2773/2398 3265/2774/2398 3283/2771/2398 3282/2770/2398
f 3263/2772/2399 3302/2775/2399 3303/2776/2399 3264/2773/2399
f 3264/2773/2400 3303/2776/2400 3304/2777/2400 3265/2774/2400
f 3266/2778/2401 3267/2779/2401 3303/2776/2401 3302/2775/2401
f 3267/2779/2402 3268/2780/2402 3304/2777/2402 3303/2776/2402
f 3266/2778/2403 3305/2781/2403 3306/2782/2403 3267/2779/2403
f 3267/2779/2404 3306/2782/2404 3307/2783/2404 3268/2780/2404
f 3269/2784/2405 3270/2785/2405 3306/2782/2405 3305/2781/2405
f 3270/2785/2406 3271/2786/2406 3307/2783/2406 3306/2782/2406
f 3269/2784/2407 3278/2787/2407 3279/2788/2407 3270/2785/2407
f 3270/2785/2408 3279/2788/2408 3280/2789/2408 3271/2786/2408
f 3272/2790/2409 3273/2791/2409 3279/2788/2409 3278/2787/2409
f 3273/2791/2410 3274/2792/2410 3280/2789/2410 3279/2788/2410
f 3272/2790/2411 3275/2793/2411 3276/2794/2411 3273/2791/2411
f 3273/2791/2412 3276/2794/2412 3277/2795/2412 3274/2792/2412
f 3366/2796/2413 3365/2797/2413 3354/2798/2413 3353/2799/2413
f 3365/2797/2414 3367/2800/2414 3355/2801/2414 3354/2798/2414
f 3370/2802/2415 3347/2803/2415 3348/2804/2415 3369/2805/2415
f 3369/2805/2416 3348/2804/2416 3349/2806/2416 3368/2807/2416
f 3311/2808/2417 3312/2809/2417 3348/2804/2417 3347/2803/2417
f 3312/2809/2418 3313/2810/2418 3349/2806/2418 3348/2804/2418
f 3311/2808/2419 3356/2811/2419 3357/2812/2419 3312/2809/2419
f 3312/2809/2420 3357/2812/2420 3358/2813/2420 3313/2810/2420
f 3314/2814/2421 3315/2815/2421 3357/2812/2421 3356/2811/2421
f 3315/2815/2422 3316/2816/2422 3358/2813/2422 3357/2812/2422
f 3314/2814/2423 3344/2817/2423 3345/2818/2423 3315/2815/2423
f 3315/2815/2424 3345/2818/2424 3346/2819/2424 3316/2816/2424
f 3317/2820/2425 3318/2821/2425 3345/2818/2425 3344/2817/2425
f 3318/2821/2426 3319/2822/2426 3346/2819/2426 3345/2818/2426
f 3317/2820/2427 3350/2823/2427 3351/2824/2427 3318/2821/2427
f 3318/2821/2428 3351/2824/2428 3352/2825/2428 3319/2822/2428
f 3320/2826/2429 3321/2827/2429 3351/2824/2429 3350/2823/2429
f 3321/2827/2430 3322/2828/2430 3352/2825/2430 3351/2824/2430
f 3320/2826/2431 3341/2829/2431 3342/2830/2431 3321/2827/2431
f 3321/2827/2432 3342/2830/2432 3343/2831/2432 3322/2828/2432
f 3323/2832/2433 3324/2833/2433 3342/2830/2433 3341/2829/2433
f 3324/2833/2434 3325/2834/2434 3343/2831/2434 3342/2830/2434
f 3323/2832/2435 3338/2835/2435 3339/2836/2435 3324/2833/2435
f 3324/2833/2436 3339/2836/2436 3340/2837/2436 3325/2834/2436
f 3326/2838/2437 3327/2839/2437 3339/2836/2437 3338/2835/2437
f 3327/2839/2438 3328/2840/2438 3340/2837/2438 3339/2836/2438
f 3326/2838/2439 3359/2841/2439 3360/2842/2439 3327/2839/2439
f 3327/2839/2440 3360/2842/2440 3361/2843/2440 3328/2840/2440
f 3329/2844/2441 3330/2845/2441 3360/2842/2441 3359/2841/2441
f 3330/2845/2442 3331/2846/2442 3361/2843/2442 3360/2842/2442
f 3329/2844/2443 3362/2847/2443 3363/2848/2443 3330/2845/2443
f 3330/2845/2444 3363/2848/2444 3364/2849/2444 3331/2846/2444
f 3332/2850/2445 3333/2851/2445 3363/2848/2445 3362/2847/2445
f 3333/2851/2446 3334/2852/2446 3364/2849/2446 3363/2848/2446
f 3332/2850/2447 3335/2853/2447 3336/2854/2447 3333/2851/2447
f 3333/2851/2448 3336/2854/2448 3337/2855/2448 3334/2852/2448
f 3308/2856/2449 3309/2857/2449 3365/2797/2449 3366/2796/2449
f 3309/2857/2450 3310/2858/2450 3367/2800/2450 3365/2797/2450
f 3308/2856/2451 3370/2802/2451 3369/2805/2451 3309/2857/2451
f 3309/2857/2452 3369/2805/2452 3368/2807/2452 3310/2858/2452
f 3375/2859/2453 3411/2860/2453 3412/2861/2453 3374/2862/2453
f 3429/2863/2454 3430/2864/2454 3417/2865/2454 3416/2866/2454
f 3376/2867/2455 3410/2868/2455 3411/2860/2455 3375/2859/2455
f 3430/2864/2456 3428/2869/2456 3418/2870/2456 3417/2865/2456
f 3373/2871/2457 3372/2872/2457 3411/2860/2457 3410/2868/2457
f 3372/2872/2458 3371/2873/2458 3412/2861/2458 3411/2860/2458
f 3373/2871/2459 3419/2874/2459 3420/2875/2459 3372/2872/2459
f 3372/2872/2460 3420/2875/2460 3421/2876/2460 3371/2873/2460
f 3377/2877/2461 3378/2878/2461 3420/2875/2461 3419/2874/2461
f 3378/2878/2462 3379/2879/2462 3421/2876/2462 3420/2875/2462
f 3377/2877/2463 3407/2880/2463 3408/2881/2463 3378/2878/2463
f 3378/2878/2464 3408/2881/2464 3409/2882/2464 3379/2879/2464
f 3380/2883/2465 3381/2884/2465 3408/2881/2465 3407/2880/2465
f 3381/2884/2466 3382/2885/2466 3409/2882/2466 3408/2881/2466
f 3380/2883/2467 3413/2886/2467 3414/2887/2467 3381/2884/2467
f 3381/2884/2468 3414/2887/2468 3415/2888/2468 3382/2885/2468
f 3383/2889/2469 3384/2890/2469 3414/2887/2469 3413/2886/2469
f 3384/2890/2470 3385/2891/2470 3415/2888/2470 3414/2887/2470
f 3383/2889/2471 3404/2892/2471 3405/2893/2471 3384/2890/2471
f 3384/2890/2472 3405/2893/2472 3406/2894/2472 3385/2891/2472
f 3386/2895/2473 3387/2896/2473 3405/2893/2473 3404/2892/2473
f 3387/2896/2474 3388/2897/2474 3406/2894/2474 3405/2893/2474
f 3386/2895/2475 3401/2898/2475 3402/2899/2475 3387/2896/2475
f 3387/2896/2476 3402/2899/2476 3403/2900/2476 3388/2897/2476
f 3389/2901/2477 3390/2902/2477 3402/2899/2477 3401/2898/2477
f 3390/2902/2478 3391/2903/2478 3403/2900/2478 3402/2899/2478
f 3389/2901/2479 3422/2904/2479 3423/2905/2479 3390/2902/2479
f 3390/2902/2480 3423/2905/2480 3424/2906/2480 3391/2903/2480
f 3392/2907/2481 3393/2908/2481 3423/2905/2481 3422/2904/2481
f 3393/2908/2482 3394/2909/2482 3424/2906/2482 3423/2905/2482
f 3392/2907/2483 3425/2910/2483 3426/2911/2483 3393/2908/2483
f 3393/2908/2484 3426/2911/2484 3427/2912/2484 3394/2909/2484
f 3395/2913/2485 3396/2914/2485 3426/2911/2485 3425/2910/2485
f 3396/2914/2486 3397/2915/2486 3427/2912/2486 3426/2911/2486
f 3395/2913/2487 3398/2916/2487 3399/2917/2487 3396/2914/2487
f 3396/2914/2488 3399/2917/2488 3400/2918/2488 3397/2915/2488
f 3432/2919/2489 3433/2920/2489 3430/2864/2489 3429/2863/2489
f 3433/2920/2490 3431/2921/2490 3428/2869/2490 3430/2864/2490
f 3376/2867/2491 3375/2859/2491 3433/2920/2491 3432/2919/2491
f 3375/2859/2492 3374/2862/2492 3431/2921/2492 3433/2920/2492
f 3438/2922/2493 3474/2923/2493 3475/2924/2493 3437/2925/2493
f 3492/2926/2494 3493/2927/2494 3480/2928/2494 3479/2929/2494
f 3439/2930/2495 3473/2931/2495 3474/2923/2495 3438/2922/2495
f 3493/2927/2496 3491/2932/2496 3481/2933/2496 3480/2928/2496
f 3436/2934/2497 3435/2935/2497 3474/2923/2497 3473/2931/2497
f 3435/2935/2498 3434/2936/2498 3475/2924/2498 3474/2923/2498
f 3436/2934/2499 3482/2937/2499 3483/2938/2499 3435/2935/2499
f 3435/2935/2500 3483/2938/2500 3484/2939/2500 3434/2936/2500
f 3440/2940/2501 3441/2941/2501 3483/2938/2501 3482/2937/2501
f 3441/2941/2502 3442/2942/2502 3484/2939/2502 3483/2938/2502
f 3440/2940/2503 3470/2943/2503 3471/2944/2503 3441/2941/2503
f 3441/2941/2504 3471/2944/2504 3472/2945/2504 3442/2942/2504
f 3443/2946/2505 3444/2947/2505 3471/2944/2505 3470/2943/2505
f 3444/2947/2506 3445/2948/2506 3472/2945/2506 3471/2944/2506
f 3443/2946/2507 3476/2949/2507 3477/2950/2507 3444/2947/2507
f 3444/2947/2508 3477/2950/2508 3478/2951/2508 3445/2948/2508
f 3446/2952/2509 3447/2953/2509 3477/2950/2509 3476/2949/2509
f 3447/2953/2510 3448/2954/2510 3478/2951/2510 3477/2950/2510
f 3446/2952/2511 3467/2955/2511 3468/2956/2511 3447/2953/2511
f 3447/2953/2512 3468/2956/2512 3469/2957/2512 3448/2954/2512
f 3449/2958/2513 3450/2959/2513 3468/2956/2513 3467/2955/2513
f 3450/2959/2514 3451/2960/2514 3469/2957/2514 3468/2956/2514
f 3449/2958/2515 3464/2961/2515 3465/2962/2515 3450/2959/2515
f 3450/2959/2516 3465/2962/2516 3466/2963/2516 3451/2960/2516
f 3452/2964/2517 3453/2965/2517 3465/2962/2517 3464/2961/2517
f 3453/2965/2518 3454/2966/2518 3466/2963/2518 3465/2962/2518
f 3452/2964/2519 3485/2967/2519 3486/2968/2519 3453/2965/2519
f 3453/2965/2520 3486/2968/2520 3487/2969/2520 3454/2966/2520
f 3455/2970/2521 3456/2971/2521 3486/2968/2521 3485/2967/2521
f 3456/2971/2522 3457/2972/2522 3487/2969/2522 3486/2968/2522
f 3455/2970/2523 3488/2973/2523 3489/2974/2523 3456/2971/2523
f 3456/2971/2524 3489/2974/2524 3490/2975/2524 3457/2972/2524
f 3458/2976/2525 3459/2977/2525 3489/2974/2525 3488/2973/2525
f 3459/2977/2526 3460/2978/2526 3490/2975/2526 3489/2974/2526
f 3458/2976/2527 3461/2979/2527 3462/2980/2527 3459/2977/2527
f 3459/2977/2528 3462/2980/2528 3463/2981/2528 3460/2978/2528
f 3495/2982/2529 3496/2983/2529 3493/2927/2529 3492/2926/2529
f 3496/2983/2530 3494/2984/2530 3491/2932/2530 3493/2927/2530
f 3439/2930/2531 3438/2922/2531 3496/2983/2531 3495/2982/2531
f 3438/2922/2532 3437/2925/2532 3494/2984/2532 3496/2983/2532
f 3501/2985/2533 3537/2986/2533 3538/2987/2533 3500/2988/2533
f 3561/2989/2534 3562/2990/2534 3543/2991/2534 3542/2992/2534
f 3502/2993/2535 3536/2994/2535 3537/2986/2535 3501/2985/2535
f 3562/2990/2536 3560/2995/2536 3544/2996/2536 3543/2991/2536
f 3499/2997/2537 3498/2998/2537 3537/2986/2537 3536/2994/2537
f 3498/2998/2538 3497/2999/2538 3538/2987/2538 3537/2986/2538
f 3499/2997/2539 3545/3000/2539 3546/3001/2539 3498/2998/2539
f 3498/2998/2540 3546/3001/2540 3547/3002/2540 3497/2999/2540
f 3503/3003/2541 3504/3004/2541 3546/3001/2541 3545/3000/2541
f 3504/3004/2542 3505/3005/2542 3547/3002/2542 3546/3001/2542
f 3503/3003/2543 3533/3006/2543 3534/3007/2543 3504/3004/2543
f 3504/3004/2544 3534/3007/2544 3535/3008/2544 3505/3005/2544
f 3506/3009/2545 3507/3010/2545 3534/3007/2545 3533/3006/2545
f 3507/3010/2546 3508/3011/2546 3535/3008/2546 3534/3007/2546
f 3506/3009/2547 3539/3012/2547 3540/3013/2547 3507/3010/2547
f 3507/3010/2548 3540/3013/2548 3541/3014/2548 3508/3011/2548
f 3509/3015/2549 3510/3016/2549 3540/3013/2549 3539/3012/2549
f 3510/3016/2550 3511/3017/2550 3541/3014/2550 3540/3013/2550
f 3509/3015/2551 3530/3018/2551 3531/3019/2551 3510/3016/2551
f 3510/3016/2552 3531/3019/2552 3532/3020/2552 3511/3017/2552
f 3512/3021/2553 3513/3022/2553 3531/3019/2553 3530/3018/2553
f 3513/3022/2554 3514/3023/2554 3532/3020/2554 3531/3019/2554
f 3512/3021/2555 3527/3024/2555 3528/3025/2555 3513/3022/2555
f 3513/3022/2556 3528/3025/2556 3529/3026/2556 3514/3023/2556
f 3515/3027/2557 3516/3028/2557 3528/3025/2557 3527/3024/2557
f 3516/3028/2558 3517/3029/2558 3529/3026/2558 3528/3025/2558
f 3515/3027/2559 3548/3030/2559 3549/3031/2559 3516/3028/2559
f 3516/3028/2560 3549/3031/2560 3550/3032/2560 3517/3029/2560
f 3518/3033/2561 3519/3034/2561 3549/3031/2561 3548/3030/2561
f 3519/3034/2562 3520/3035/2562 3550/3032/2562 3549/3031/2562
f 3518/3033/2563 3551/3036/2563 3552/3037/2563 3519/3034/2563
f 3519/3034/2564 3552/3037/2564 3553/3038/2564 3520/3035/2564
f 3521/3039/2565 3522/3040/2565 3552/3037/2565 3551/3036/2565
f 3522/3040/2566 3523/3041/2566 3553/3038/2566 3552/3037/2566
f 3521/3039/2567 3524/3042/2567 3525/3043/2567 3522/3040/2567
f 3522/3040/2568 3525/3043/2568 3526/3044/2568 3523/3041/2568
f 3558/3045/2569 3559/3046/2569 3556/3047/2569 3555/3048/2569
f 3559/3046/2570 3557/3049/2570 3554/3050/2570 3556/3047/2570
f 3502/2993/2571 3501/2985/2571 3559/3046/2571 3558/3045/2571
f 3501/2985/2572 3500/2988/2572 3557/3049/2572 3559/3046/2572
f 3555/3048/2573 3556/3047/2573 3562/2990/2573 3561/2989/2573
f 3556/3047/2574 3554/3050/2574 3560/2995/2574 3562/2990/2574
f 3567/3051/2575 3603/3052/2575 3604/3053/2575 3566/3054/2575
f 3627/3055/2576 3628/3056/2576 3609/3057/2576 3608/3058/2576
f 3568/3059/2577 3602/3060/2577 3603/3052/2577 3567/3051/2577
f 3628/3056/2578 3626/3061/2578 3610/3062/2578 3609/3057/2578
f 3565/3063/2579 3564/3064/2579 3603/3052/2579 3602/3060/2579
f 3564/3064/2580 3563/3065/2580 3604/3053/2580 3603/3052/2580
f 3565/3063/2581 3611/3066/2581 3612/3067/2581 3564/3064/2581
f 3564/3064/2582 3612/3067/2582 3613/3068/2582 3563/3065/2582
f 3569/3069/2583 3570/3070/2583 3612/3067/2583 3611/3066/2583
f 3570/3070/2584 3571/3071/2584 3613/3068/2584 3612/3067/2584
f 3569/3069/2585 3599/3072/2585 3600/3073/2585 3570/3070/2585
f 3570/3070/2586 3600/3073/2586 3601/3074/2586 3571/3071/2586
f 3572/3075/2587 3573/3076/2587 3600/3073/2587 3599/3072/2587
f 3573/3076/2588 3574/3077/2588 3601/3074/2588 3600/3073/2588
f 3572/3075/2589 3605/3078/2589 3606/3079/2589 3573/3076/2589
f 3573/3076/2590 3606/3079/2590 3607/3080/2590 3574/3077/2590
f 3575/3081/2591 3576/3082/2591 3606/3079/2591 3605/3078/2591
f 3576/3082/2592 3577/3083/2592 3607/3080/2592 3606/3079/2592
f 3575/3081/2593 3596/3084/2593 3597/3085/2593 3576/3082/2593
f 3576/3082/2594 3597/3085/2594 3598/3086/2594 3577/3083/2594
f 3578/3087/2595 3579/3088/2595 3597/3085/2595 3596/3084/2595
f 3579/3088/2596 3580/3089/2596 3598/3086/2596 3597/3085/2596
f 3578/3087/2597 3593/3090/2597 3594/3091/2597 3579/3088/2597
f 3579/3088/2598 3594/3091/2598 3595/3092/2598 3580/3089/2598
f 3581/3093/2599 3582/3094/2599 3594/3091/2599 3593/3090/2599
f 3582/3094/2600 3583/3095/2600 3595/3092/2600 3594/3091/2600
f 3581/3093/2601 3614/3096/2601 3615/3097/2601 3582/3094/2601
f 3582/3094/2602 3615/3097/2602 3616/3098/2602 3583/3095/2602
f 3584/3099/2603 3585/3100/2603 3615/3097/2603 3614/3096/2603
f 3585/3100/2604 3586/3101/2604 3616/3098/2604 3615/3097/2604
f 3584/3099/2605 3617/3102/2605 3618/3103/2605 3585/3100/2605
f 3585/3100/2606 3618/3103/2606 3619/3104/2606 3586/3101/2606
f 3587/3105/2607 3588/3106/2607 3618/3103/2607 3617/3102/2607
f 3588/3106/2608 3589/3107/2608 3619/3104/2608 3618/3103/2608
f 3670/3108/2609 3590/3109/2609 3591/3110/2609 3669/3111/2609
f 3669/3111/2610 3591/3110/2610 3592/3112/2610 3642/3113/2610
f 3624/3114/2611 3625/3115/2611 3622/3116/2611 3621/3117/2611
f 3625/3115/2612 3623/3118/2612 3620/3119/2612 3622/3116/2612
f 3568/3059/2613 3567/3051/2613 3625/3115/2613 3624/3114/2613
f 3567/3051/2614 3566/3054/2614 3623/3118/2614 3625/3115/2614
f 3621/3117/2615 3622/3116/2615 3628/3056/2615 3627/3055/2615
f 3622/3116/2616 3620/3119/2616 3626/3061/2616 3628/3056/2616
f 3661/3120/2617 3662/3121/2617 3660/3122/2617 3659/3123/2617
f 3660/3122/2618 3662/3121/2618 3638/3124/2618 3637/3125/2618
f 3629/3126/2619 3635/3127/2619 3656/3128/2619 3643/3129/2619
f 3643/3129/2620 3656/3128/2620 3655/3130/2620 3644/3131/2620
f 3629/3126/2621 3643/3129/2621 3658/3132/2621 3636/3133/2621
f 3643/3129/2622 3644/3131/2622 3657/3134/2622 3658/3132/2622
f 3630/3135/2623 3636/3133/2623 3658/3132/2623 3645/3136/2623
f 3645/3136/2624 3658/3132/2624 3657/3134/2624 3646/3137/2624
f 3630/3135/2625 3645/3136/2625 3660/3122/2625 3637/3125/2625
f 3645/3136/2626 3646/3137/2626 3659/3123/2626 3660/3122/2626
f 3631/3138/2627 3638/3124/2627 3662/3121/2627 3647/3139/2627
f 3647/3139/2628 3662/3121/2628 3661/3120/2628 3648/3140/2628
f 3631/3138/2629 3647/3139/2629 3664/3141/2629 3639/3142/2629
f 3647/3139/2630 3648/3140/2630 3663/3143/2630 3664/3141/2630
f 3632/3144/2631 3639/3142/2631 3664/3141/2631 3649/3145/2631
f 3649/3145/2632 3664/3141/2632 3663/3143/2632 3650/3146/2632
f 3632/3144/2633 3649/3145/2633 3666/3147/2633 3640/3148/2633
f 3649/3145/2634 3650/3146/2634 3665/3149/2634 3666/3147/2634
f 3633/3150/2635 3640/3148/2635 3666/3147/2635 3651/3151/2635
f 3651/3151/2636 3666/3147/2636 3665/3149/2636 3652/3152/2636
f 3633/3150/2637 3651/3151/2637 3668/3153/2637 3641/3154/2637
f 3651/3151/2638 3652/3152/2638 3667/3155/2638 3668/3153/2638
f 3634/3156/2639 3641/3154/2639 3668/3153/2639 3653/3157/2639
f 3653/3157/2640 3668/3153/2640 3667/3155/2640 3654/3158/2640
f 3588/3106/2641 3669/3111/2641 3642/3113/2641 3589/3107/2641
f 3587/3105/2642 3670/3108/2642 3669/3111/2642 3588/3106/2642
f 3702/3159/2643 3703/3160/2643 3701/3161/2643 3700/3162/2643
f 3701/3161/2644 3703/3160/2644 3680/3163/2644 3679/3164/2644
f 3710/3165/2645 3677/3166/2645 3697/3167/2645 3712/3168/2645
f 3712/3168/2646 3697/3167/2646 3696/3169/2646 3711/3170/2646
f 3715/3171/2647 3713/3172/2647 3699/3173/2647 3678/3174/2647
f 3713/3172/2648 3714/3175/2648 3698/3176/2648 3699/3173/2648
f 3716/3177/2649 3678/3174/2649 3699/3173/2649 3717/3178/2649
f 3717/3178/2650 3699/3173/2650 3698/3176/2650 3718/3179/2650
f 3672/3180/2651 3686/3181/2651 3701/3161/2651 3679/3164/2651
f 3686/3181/2652 3687/3182/2652 3700/3162/2652 3701/3161/2652
f 3673/3183/2653 3680/3163/2653 3703/3160/2653 3688/3184/2653
f 3688/3184/2654 3703/3160/2654 3702/3159/2654 3689/3185/2654
f 3673/3183/2655 3688/3184/2655 3705/3186/2655 3681/3187/2655
f 3688/3184/2656 3689/3185/2656 3704/3188/2656 3705/3186/2656
f 3674/3189/2657 3681/3187/2657 3705/3186/2657 3690/3190/2657
f 3690/3190/2658 3705/3186/2658 3704/3188/2658 3691/3191/2658
f 3674/3189/2659 3690/3190/2659 3707/3192/2659 3682/3193/2659
f 3690/3190/2660 3691/3191/2660 3706/3194/2660 3707/3192/2660
f 3675/3195/2661 3682/3193/2661 3707/3192/2661 3692/3196/2661
f 3692/3196/2662 3707/3192/2662 3706/3194/2662 3693/3197/2662
f 3675/3195/2663 3692/3196/2663 3709/3198/2663 3683/3199/2663
f 3692/3196/2664 3693/3197/2664 3708/3200/2664 3709/3198/2664
f 3676/3201/2665 3683/3199/2665 3709/3198/2665 3694/3202/2665
f 3694/3202/2666 3709/3198/2666 3708/3200/2666 3695/3203/2666
f 3671/3204/2667 3710/3165/2667 3712/3168/2667 3684/3205/2667
f 3684/3205/2668 3712/3168/2668 3711/3170/2668 3685/3206/2668
f 3671/3204/2669 3684/3205/2669 3713/3172/2669 3715/3171/2669
f 3684/3205/2670 3685/3206/2670 3714/3175/2670 3713/3172/2670
f 3672/3180/2671 3716/3177/2671 3717/3178/2671 3686/3181/2671
f 3686/3181/2672 3717/3178/2672 3718/3179/2672 3687/3182/2672
