# Blender 5.0.1
# www.blender.org
mtllib hair.mtl
o pony_tail
v 0.041920 16.867710 -0.771785
v 0.069178 16.871471 -0.769391
v 0.086760 16.837416 -0.744197
v 0.095138 16.832169 -0.742601
v 0.115906 16.838705 -0.756053
v 0.110360 16.803856 -0.730403
v 0.095728 16.788412 -0.722195
v 0.091716 16.824842 -0.733937
v 0.103988 16.769701 -0.706577
v 0.076730 16.710003 -0.667361
v 0.030356 16.686045 -0.661091
v 0.029766 16.704163 -0.676139
v 0.012538 16.667730 -0.646271
v 0.096908 16.735050 -0.680813
v 0.018556 16.880678 -0.779765
v 0.048528 16.861671 -0.765743
v 0.038026 16.876423 -0.779081
v -0.069826 16.866720 -0.792305
v -0.132838 16.829397 -0.762209
v -0.097202 16.869591 -0.793901
v -0.124578 16.772175 -0.708173
v -0.107232 16.766432 -0.693581
v -0.100034 16.722576 -0.665651
v -0.069708 16.692579 -0.660065
v -0.055194 16.682877 -0.654137
v -0.001386 16.666740 -0.646727
v -0.016254 16.668522 -0.647867
v -0.035606 16.877115 -0.785009
v -0.052008 16.863848 -0.789113
v -0.113132 16.770393 -0.701219
v -0.107704 16.757326 -0.679787
v 0.042746 16.795639 -0.913829
v 0.084400 16.801876 -0.911435
v 0.096908 16.757820 -0.884303
v 0.112956 16.750593 -0.877577
v 0.149418 16.759701 -0.875069
v 0.146232 16.722971 -0.846341
v 0.122868 16.704756 -0.835397
v 0.103988 16.743761 -0.873017
v 0.136084 16.688620 -0.817727
v 0.096082 16.641693 -0.774407
v 0.046286 16.616549 -0.764261
v 0.044752 16.629616 -0.784325
v 0.014780 16.601995 -0.747389
v 0.112602 16.657335 -0.792077
v 0.016078 16.803261 -0.930473
v 0.046522 16.783165 -0.906989
v 0.044398 16.810785 -0.923405
v -0.089178 16.809004 -0.937883
v -0.157146 16.765047 -0.896615
v -0.108176 16.802469 -0.936287
v -0.169182 16.700499 -0.813737
v -0.136968 16.688025 -0.800513
v -0.113368 16.642385 -0.780791
v -0.089650 16.618132 -0.756053
v -0.070652 16.609221 -0.748301
v -0.002094 16.599123 -0.744311
v -0.019912 16.599024 -0.743057
v -0.057672 16.820091 -0.942215
v -0.071950 16.806925 -0.937199
v -0.152662 16.695847 -0.804275
v -0.132012 16.674858 -0.793445
v 0.063986 16.599520 -1.033643
v 0.121806 16.593975 -1.020191
v 0.137264 16.577145 -0.996935
v 0.164522 16.571304 -0.989411
v 0.198978 16.563978 -0.976985
v 0.205232 16.532694 -0.935261
v 0.177738 16.520220 -0.920669
v 0.143400 16.566057 -0.984851
v 0.197444 16.509331 -0.903341
v 0.139388 16.514973 -0.833915
v 0.078618 16.544079 -0.796979
v 0.079798 16.508341 -0.835283
v 0.028350 16.502995 -0.788885
v 0.162398 16.495867 -0.870737
v 0.034604 16.633873 -1.086881
v 0.067408 16.590015 -1.021331
v 0.068116 16.616053 -1.058381
v -0.103338 16.608133 -1.044359
v -0.215320 16.576551 -0.982115
v -0.131422 16.600706 -1.032503
v -0.200570 16.515667 -0.918845
v -0.155376 16.504776 -0.908357
v -0.149240 16.487154 -0.871991
v -0.118206 16.474382 -0.836765
v -0.094960 16.470423 -0.824225
v 0.005812 16.481115 -0.790139
v -0.017788 16.465374 -0.795725
v -0.060858 16.641792 -1.091327
v -0.080918 16.612785 -1.051199
v -0.176734 16.511211 -0.909839
v -0.160922 16.499331 -0.899123
v 0.105758 16.259157 -1.153571
v 0.176440 16.254307 -1.124843
v 0.206530 16.249950 -1.097483
v 0.243936 16.246286 -1.087793
v 0.277330 16.242228 -1.069895
v 0.271548 16.228468 -1.009931
v 0.237564 16.222132 -0.987359
v 0.215970 16.243219 -1.076279
v 0.248892 16.217875 -0.956009
v 0.165230 16.210449 -0.832091
v 0.083456 16.223320 -0.769505
v 0.096790 16.215696 -0.813395
v 0.013482 16.220547 -0.765287
v 0.197326 16.208469 -0.891827
v 0.044870 16.287966 -1.246481
v 0.111304 16.252029 -1.130771
v 0.097026 16.269949 -1.190279
v -0.190186 16.263216 -1.178423
v -0.350784 16.255098 -1.086083
v -0.230896 16.257475 -1.155965
v -0.316210 16.220547 -0.987359
v -0.258272 16.214310 -0.970715
v -0.231604 16.212429 -0.911891
v -0.181572 16.216190 -0.853409
v -0.149122 16.217875 -0.832205
v -0.015074 16.220745 -0.770189
v -0.046580 16.220943 -0.780563
v -0.108412 16.288065 -1.248875
v -0.153724 16.266285 -1.187999
v -0.287536 16.220943 -0.973109
v -0.260632 16.212925 -0.954299
v 0.109298 15.841377 -1.352957
v 0.182222 15.830784 -1.309067
v 0.225056 15.827121 -1.272587
v 0.272728 15.819992 -1.235423
v 0.308836 15.812369 -1.188455
v 0.308128 15.798906 -1.081067
v 0.278982 15.796134 -1.041509
v 0.236738 15.820389 -1.226189
v 0.292080 15.792966 -0.980747
v 0.200630 15.806132 -0.806783
v 0.094312 15.817913 -0.740663
v 0.118266 15.816132 -0.784667
v 0.026108 15.819003 -0.725957
v 0.242402 15.795045 -0.885329
v 0.028586 15.868107 -1.425575
v 0.111776 15.834743 -1.320353
v 0.090890 15.849792 -1.383053
v -0.270072 15.855633 -1.343837
v -0.425006 15.851772 -1.196435
v -0.313142 15.851475 -1.313285
v -0.358690 15.817717 -1.006967
v -0.291666 15.813854 -0.962621
v -0.244348 15.814053 -0.857057
v -0.177442 15.819992 -0.782501
v -0.142042 15.821082 -0.763577
v -0.002802 15.819399 -0.724931
v -0.033482 15.820290 -0.728351
v -0.168002 15.873948 -1.415657
v -0.230542 15.860286 -1.355351
v -0.329308 15.819992 -0.977327
v -0.289306 15.810786 -0.926939
v 0.061036 15.161840 -1.355693
v 0.140804 15.128280 -1.323431
v 0.173844 15.125507 -1.285127
v 0.215852 15.120558 -1.268597
v 0.248538 15.112934 -1.238501
v 0.242638 15.091749 -1.134989
v 0.211604 15.069968 -1.091783
v 0.187060 15.119469 -1.249103
v 0.218448 15.047892 -1.037063
v 0.143636 15.079176 -0.863555
v 0.062924 15.034725 -0.776915
v 0.081332 15.064623 -0.836879
v 0.003570 15.014430 -0.743513
v 0.171602 15.045120 -0.953045
v -0.011298 15.238467 -1.480409
v 0.069650 15.142040 -1.320809
v 0.047348 15.189363 -1.410071
v -0.206234 15.228962 -1.382141
v -0.315856 15.229359 -1.221857
v -0.234672 15.225201 -1.346801
v -0.265116 15.203222 -1.011527
v -0.210246 15.208173 -0.969461
v -0.192428 15.217380 -0.847025
v -0.154786 15.211935 -0.753887
v -0.127882 15.188472 -0.731543
v -0.019204 15.038586 -0.726869
v -0.043630 15.073137 -0.714671
v -0.150538 15.256287 -1.478813
v -0.182162 15.233715 -1.397189
v -0.236914 15.211143 -0.981089
v -0.212488 15.207282 -0.936401
v -0.031240 14.177583 -1.269053
v 0.084282 14.175999 -1.227215
v 0.088530 14.164416 -1.217297
v 0.154964 14.399639 -1.238501
v 0.157206 14.204016 -1.176371
v 0.155082 14.171940 -1.129289
v 0.149890 14.252625 -1.123247
v 0.094902 14.204808 -1.218437
v 0.092188 14.199265 -1.081181
v 0.072718 14.206887 -1.032275
v 0.025164 14.271731 -0.926825
v 0.063986 14.298561 -1.011299
v 0.016904 14.288166 -0.923063
v 0.081804 14.133132 -1.057355
v -0.047170 14.166495 -1.282505
v -0.022862 14.244803 -1.282277
v -0.035606 14.165999 -1.272587
v -0.053424 14.060169 -1.190165
v -0.067466 14.049872 -1.164515
v -0.059088 14.054626 -1.181387
v -0.068292 14.045021 -1.138865
v -0.091302 14.148081 -1.106375
v -0.088588 14.120658 -1.084601
v -0.087172 14.148872 -1.080953
v -0.080682 14.265395 -0.948941
v -0.056374 14.236587 -0.943013
v -0.065696 14.240447 -0.944723
v -0.068056 14.174613 -1.287863
v -0.050238 14.081751 -1.210685
v -0.066286 14.046012 -1.127123
v -0.089768 14.120063 -1.092809
v -0.049530 14.274900 -0.935603
v -0.078912 14.239260 -1.315907
v 0.098442 14.308758 -1.091441
v -0.067466 14.057892 -1.124615
v 0.031182 14.360535 -0.915311
v 0.148828 14.504481 -1.251269
v 0.079562 14.242824 -1.240211
v -0.090358 14.336279 -0.940847
v -0.137794 14.820786 -1.291055
v -0.162928 14.765346 -1.109909
v -0.147352 14.753862 -1.062713
v -0.135434 14.750298 -1.045841
v -0.114784 14.828409 -1.314083
v -0.171778 14.803362 -1.222085
v -0.104518 14.829795 -1.317275
v -0.109002 14.529429 -1.015745
v -0.114194 14.529824 -1.042649
v -0.100742 14.567246 -0.970145
v -0.116790 14.570612 -1.041395
v -0.025576 14.603184 -0.854207
v -0.036314 14.602887 -0.859907
v -0.054368 14.626152 -0.859451
v -0.088234 14.673375 -0.866063
v -0.104518 14.705153 -0.865721
v 0.043336 14.615360 -0.852953
v 0.023158 14.603184 -0.845657
v 0.053012 14.664662 -0.858653
v 0.119918 14.613084 -1.013807
v 0.101510 14.625261 -0.957947
v 0.080506 14.642288 -0.932411
v 0.138680 14.624469 -1.062599
v 0.141866 14.651198 -1.085741
v 0.181160 14.646645 -1.229495
v 0.180570 14.605361 -1.166567
v 0.171130 14.613975 -1.130543
v 0.152486 14.755248 -1.268939
v 0.164404 14.714262 -1.267913
v 0.118974 14.603184 -1.259249
v 0.104578 14.620311 -1.275437
v 0.124756 14.607243 -1.237817
v 0.082040 14.647536 -1.269053
v -0.114548 14.647437 -1.354895
v -0.092128 14.636051 -1.384079
v -0.038202 14.640308 -1.377353
v -0.004454 14.648129 -1.339961
v 0.004986 14.660703 -1.303595
v 0.008054 14.667138 -1.281251
v -0.073720 14.285097 -1.275551
v -0.062038 14.309945 -1.288547
v -0.092010 14.242131 -1.241579
v -0.095550 14.186889 -1.187087
v -0.090594 14.171346 -1.160981
v -0.085874 14.183226 -1.154483
v -0.056846 14.340635 -1.291967
v -0.282934 15.538338 -1.372223
v 0.286298 15.471018 -1.245797
v -0.030414 15.462801 -0.704639
v 0.232254 15.433299 -0.916907
v -0.319632 15.507252 -1.024295
v 0.194140 15.456564 -0.817157
v -0.215556 15.548635 -1.422611
v -0.167766 15.568533 -1.493405
v -0.000324 15.447852 -0.703955
v 0.292080 15.455177 -1.136813
v 0.264704 15.443595 -1.093493
v 0.000030 15.557940 -1.504007
v -0.289896 15.512895 -0.993287
v -0.256856 15.508637 -0.980291
v -0.247298 15.542792 -1.407677
v -0.220866 15.516459 -0.862985
v 0.060564 15.524973 -1.449059
v 0.077320 15.506360 -1.404599
v -0.255912 15.507648 -0.943469
v 0.118502 15.454584 -0.791165
v 0.214554 15.476958 -1.274525
v 0.247594 15.477750 -1.286153
v 0.198978 15.482898 -1.316249
v 0.083574 15.492303 -1.367435
v 0.095964 15.445080 -0.733253
v -0.378396 15.541506 -1.244201
v 0.157796 15.484778 -1.357061
v -0.165524 15.519726 -0.774977
v 0.280044 15.432803 -1.024523
v -0.132956 15.510716 -0.750809
v 0.027996 15.436862 -0.709655
v 0.043926 16.863848 -0.768593
v 0.088058 16.829199 -0.737357
v 0.102926 16.796232 -0.726413
v 0.117322 16.827021 -0.746021
v 0.092188 16.827614 -0.737813
v 0.098678 16.778809 -0.715355
v 0.052422 16.706736 -0.671921
v 0.029530 16.695055 -0.670211
v 0.023630 16.676739 -0.651059
v 0.005576 16.667236 -0.645929
v 0.088412 16.722477 -0.671921
v 0.040858 16.872662 -0.775319
v 0.080860 16.858603 -0.757535
v 0.106230 16.836922 -0.750239
v 0.058440 16.866720 -0.767567
v 0.028704 16.878502 -0.780221
v 0.103870 16.752178 -0.691643
v -0.134608 16.803062 -0.732911
v -0.119150 16.771286 -0.704297
v -0.107350 16.761978 -0.687197
v -0.085638 16.707430 -0.662231
v -0.062746 16.687828 -0.656759
v -0.036314 16.675749 -0.650375
v -0.008938 16.667336 -0.647297
v -0.009528 16.879095 -0.783527
v -0.060032 16.864840 -0.790937
v -0.118324 16.853060 -0.778511
v -0.084458 16.869097 -0.793445
v -0.044102 16.870481 -0.786491
v -0.109946 16.768414 -0.697685
v -0.105226 16.740099 -0.671237
v 0.042982 16.788807 -0.909497
v 0.099386 16.749901 -0.876779
v 0.134196 16.713766 -0.841211
v 0.154610 16.743959 -0.863555
v 0.107646 16.746733 -0.874499
v 0.128650 16.696045 -0.827189
v 0.067880 16.635258 -0.779993
v 0.045342 16.623575 -0.776117
v 0.032716 16.609716 -0.753203
v 0.006284 16.600410 -0.745337
v 0.105758 16.649910 -0.781589
v 0.045578 16.804052 -0.918959
v 0.092778 16.782373 -0.901403
v 0.133606 16.758217 -0.878147
v 0.064458 16.793262 -0.909383
v 0.032362 16.807518 -0.926711
v 0.128296 16.674759 -0.804161
v -0.174020 16.734852 -0.853865
v -0.161866 16.698221 -0.808037
v -0.134254 16.681393 -0.797663
v -0.102512 16.629812 -0.768137
v -0.080564 16.613478 -0.751265
v -0.045754 16.603479 -0.743855
v -0.010708 16.598825 -0.743285
v -0.022626 16.810686 -0.938225
v -0.079620 16.807220 -0.937085
v -0.136850 16.788509 -0.917933
v -0.099680 16.807617 -0.937541
v -0.065224 16.814350 -0.940163
v -0.143930 16.691689 -0.802793
v -0.123988 16.658623 -0.786377
v 0.015842 16.830191 -0.884759
v -0.132602 16.728813 -0.762893
v -0.147470 16.727823 -0.782159
v -0.121510 16.720991 -0.762893
v 0.086170 16.680304 -0.733253
v -0.080328 16.830486 -0.887951
v -0.106170 16.676245 -0.739865
v 0.127116 16.751980 -0.815333
v 0.040976 16.832565 -0.870965
v 0.040386 16.821280 -0.860705
v -0.120330 16.711884 -0.746933
v 0.036964 16.675552 -0.731429
v 0.096554 16.769997 -0.839273
v 0.101156 16.779104 -0.838703
v -0.049412 16.839098 -0.885215
v 0.090890 16.783562 -0.843833
v 0.048174 16.811577 -0.863783
v 0.037672 16.658028 -0.718319
v -0.146526 16.787817 -0.855689
v 0.077792 16.826921 -0.870737
v -0.064516 16.828407 -0.882593
v 0.132662 16.787720 -0.846683
v -0.079856 16.653770 -0.713531
v 0.108354 16.744753 -0.791507
v 0.119328 16.725149 -0.794357
v -0.063218 16.645554 -0.702815
v 0.013600 16.637535 -0.695405
v -0.001858 16.633575 -0.693239
v -0.104636 16.829100 -0.891029
v -0.018378 16.633278 -0.692441
v 0.103280 16.699509 -0.756509
v 0.064340 16.594568 -1.026461
v 0.139742 16.571106 -0.989525
v 0.189892 16.526161 -0.927281
v 0.208890 16.549623 -0.956237
v 0.152958 16.568335 -0.986219
v 0.186942 16.514973 -0.913601
v 0.107174 16.511705 -0.834599
v 0.080506 16.527843 -0.819437
v 0.057260 16.525467 -0.789455
v 0.017140 16.492105 -0.788771
v 0.152722 16.505173 -0.850901
v 0.067290 16.608330 -1.046867
v 0.131246 16.586252 -1.010501
v 0.184110 16.568829 -0.986561
v 0.093840 16.591995 -1.020533
v 0.055018 16.624962 -1.075709
v 0.182930 16.502895 -0.886469
v -0.219332 16.548435 -0.950081
v -0.189714 16.513290 -0.913145
v -0.157972 16.502598 -0.905849
v -0.135198 16.480818 -0.853409
v -0.107114 16.472403 -0.829811
v -0.056964 16.467651 -0.808379
v -0.006342 16.472998 -0.792191
v -0.014838 16.638624 -1.097141
v -0.091302 16.610113 -1.047095
v -0.180156 16.590807 -1.009703
v -0.117734 16.604668 -1.039001
v -0.071006 16.628824 -1.073201
v -0.163636 16.507845 -0.909383
v -0.156556 16.493193 -0.884303
v 0.138916 16.558533 -0.847367
v 0.177266 16.615656 -0.907559
v 0.153194 16.600014 -0.892967
v 0.002626 16.530416 -0.789911
v -0.017906 16.522100 -0.791963
v 0.034368 16.723467 -1.034441
v -0.166586 16.589718 -0.872447
v -0.186292 16.593975 -0.883619
v 0.117794 16.563780 -0.823883
v -0.147352 16.582788 -0.869255
v -0.101686 16.705252 -1.011185
v -0.130242 16.551208 -0.845201
v 0.073426 16.710201 -1.005029
v 0.061272 16.684856 -0.982343
v -0.146290 16.573185 -0.862985
v 0.063042 16.558434 -0.828899
v 0.126880 16.646544 -0.950537
v 0.137618 16.653177 -0.957491
v -0.067820 16.730793 -1.037747
v 0.120272 16.657038 -0.956351
v 0.068352 16.675652 -0.977669
v 0.062452 16.568434 -0.798575
v -0.189714 16.658127 -0.955667
v 0.113074 16.688620 -0.980063
v -0.085638 16.705252 -1.009703
v 0.180334 16.655157 -0.949511
v -0.103338 16.533188 -0.815333
v 0.170186 16.583679 -0.876323
v -0.082334 16.526854 -0.804845
v 0.021860 16.542397 -0.789455
v -0.126466 16.695251 -1.000925
v 0.106820 16.255098 -1.140575
v 0.210778 16.246088 -1.084715
v 0.252550 16.224903 -0.997277
v 0.281814 16.236387 -1.040825
v 0.228714 16.244604 -1.081523
v 0.242402 16.220251 -0.974363
v 0.126526 16.213024 -0.821261
v 0.092896 16.219358 -0.795497
v 0.049118 16.222527 -0.761069
v -0.000914 16.220745 -0.766997
v 0.185172 16.209757 -0.861503
v 0.102926 16.264702 -1.172495
v 0.193786 16.252920 -1.113215
v 0.263524 16.245298 -1.081979
v 0.141748 16.252821 -1.126781
v 0.075550 16.280540 -1.223795
v 0.227298 16.213320 -0.922151
v -0.346772 16.240744 -1.036265
v -0.303230 16.220844 -0.978467
v -0.259098 16.213717 -0.965699
v -0.208712 16.214409 -0.881339
v -0.165878 16.217182 -0.841667
v -0.099090 16.219557 -0.804617
v -0.030886 16.220943 -0.774749
v -0.032774 16.293114 -1.263581
v -0.171070 16.264305 -1.182413
v -0.302286 16.259455 -1.123247
v -0.211072 16.260643 -1.168049
v -0.131304 16.277670 -1.219919
v -0.269836 16.217182 -0.972197
v -0.248478 16.212925 -0.931499
v -0.258626 16.368452 -0.954983
v 0.151424 16.363207 -0.837791
v -0.116318 16.439140 -1.118687
v -0.085402 16.466860 -1.171925
v 0.180924 16.353802 -0.884417
v 0.242402 16.382313 -0.973793
v 0.213728 16.373404 -0.955553
v -0.003864 16.350336 -0.785465
v -0.030532 16.343603 -0.794129
v 0.041094 16.467751 -1.173293
v -0.229834 16.367266 -0.949397
v -0.203048 16.360533 -0.945065
v -0.146408 16.435377 -1.110479
v -0.189006 16.350237 -0.895475
v 0.083692 16.446070 -1.126895
v 0.085226 16.430527 -1.095203
v -0.211308 16.356771 -0.928877
v 0.087704 16.360235 -0.825935
v 0.181160 16.406271 -1.034327
v 0.204760 16.410231 -1.042307
v 0.174080 16.414885 -1.050059
v 0.089120 16.421715 -1.076849
v 0.089474 16.380730 -0.775547
v -0.284468 16.416271 -1.035239
v 0.149536 16.424784 -1.073771
v 0.243582 16.405380 -1.028057
v -0.147588 16.345980 -0.849761
v 0.227770 16.365780 -0.932183
v -0.119740 16.344990 -0.835055
v 0.020798 16.359543 -0.779651
v -0.180982 16.429239 -1.094177
v 0.109298 15.837913 -1.334945
v 0.230366 15.823062 -1.246025
v 0.292906 15.797421 -1.061231
v 0.318748 15.805836 -1.133735
v 0.253612 15.819992 -1.230293
v 0.284764 15.794550 -1.011641
v 0.158386 15.810984 -0.795383
v 0.107292 15.817023 -0.763577
v 0.061980 15.819003 -0.728237
v 0.011712 15.819399 -0.724817
v 0.225646 15.800886 -0.843605
v 0.101864 15.845733 -1.368689
v 0.206530 15.829497 -1.293791
v 0.294322 15.817023 -1.217525
v 0.143400 15.832466 -1.313285
v 0.063160 15.859890 -1.409159
v 0.272374 15.793757 -0.932525
v -0.414150 15.835238 -1.101929
v -0.345828 15.818805 -0.990209
v -0.289188 15.812369 -0.946205
v -0.213668 15.817320 -0.817385
v -0.160686 15.820785 -0.771785
v -0.089650 15.821082 -0.742715
v -0.018142 15.819992 -0.725729
v -0.070534 15.875135 -1.441307
v -0.249894 15.857811 -1.349081
v -0.381936 15.853950 -1.259135
v -0.292492 15.853851 -1.329929
v -0.199626 15.867414 -1.387043
v -0.308422 15.817023 -0.970943
v -0.270426 15.812469 -0.890801
v 0.302110 16.026407 -1.129289
v -0.040090 16.019676 -0.750581
v 0.221280 16.000372 -0.876323
v -0.345120 16.019381 -0.991691
v 0.181868 16.007202 -0.806897
v -0.194788 16.064621 -1.273385
v -0.140862 16.082937 -1.333007
v 0.293378 16.011755 -1.039685
v 0.262462 16.007301 -1.007651
v -0.010000 16.019182 -0.742601
v 0.041920 16.079372 -1.333577
v -0.309366 16.020864 -0.973793
v -0.281400 16.014330 -0.962051
v -0.232902 16.061058 -1.265519
v -0.242932 16.014132 -0.880541
v 0.104814 16.059969 -1.282277
v 0.118738 16.049376 -1.246253
v -0.286002 16.012846 -0.936971
v 0.103870 16.014925 -0.789341
v 0.231782 16.030863 -1.153343
v 0.260692 16.032051 -1.164401
v 0.227180 16.037695 -1.184807
v 0.120862 16.042645 -1.222541
v 0.085462 16.019775 -0.745451
v -0.402940 16.056503 -1.145933
v 0.184582 16.042149 -1.218779
v -0.179094 16.018785 -0.814877
v 0.275678 16.003836 -0.959543
v -0.143812 16.019676 -0.796637
v 0.018320 16.018686 -0.739979
v -0.278922 16.056208 -1.241237
v 0.063514 15.152139 -1.335971
v 0.179744 15.122834 -1.263923
v 0.226590 15.081255 -1.114241
v 0.255028 15.102243 -1.187657
v 0.200394 15.120261 -1.258451
v 0.214672 15.058980 -1.064879
v 0.112248 15.071752 -0.850787
v 0.072010 15.049871 -0.806897
v 0.036256 15.023835 -0.756167
v -0.007876 15.026409 -0.734165
v 0.160746 15.061554 -0.904595
v 0.056198 15.175404 -1.383737
v 0.159684 15.126597 -1.308155
v 0.235558 15.116302 -1.257767
v 0.102454 15.135308 -1.320581
v 0.022922 15.212727 -1.450085
v 0.199096 15.046011 -0.996023
v -0.308540 15.211836 -1.113899
v -0.253434 15.206885 -0.994997
v -0.209656 15.207876 -0.954071
v -0.177678 15.215201 -0.799145
v -0.142632 15.200352 -0.741119
v -0.086936 15.130458 -0.717749
v -0.031712 15.055515 -0.719459
v -0.082216 15.246684 -1.495799
v -0.193844 15.230943 -1.389551
v -0.283406 15.225201 -1.285811
v -0.221456 15.226785 -1.365839
v -0.166822 15.244803 -1.440623
v -0.222164 15.209856 -0.975617
v -0.205762 15.212133 -0.891257
v -0.303584 15.698421 -1.355693
v 0.301638 15.640604 -1.223453
v -0.031358 15.640703 -0.718319
v 0.246296 15.612588 -0.910181
v -0.342878 15.664958 -1.016087
v 0.175968 15.271830 -0.832319
v -0.227474 15.707529 -1.402433
v -0.164580 15.413400 -1.501727
v 0.001092 15.632685 -0.716381
v 0.303526 15.625557 -1.115153
v 0.242402 15.257771 -1.081751
v -0.003864 15.400331 -1.512101
v -0.311254 15.668721 -0.983825
v -0.277978 15.663375 -0.969347
v -0.234554 15.384194 -1.409159
v -0.235734 15.665751 -0.856829
v 0.077674 15.687234 -1.425575
v 0.073190 15.331823 -1.382369
v -0.277624 15.661098 -0.933551
v 0.105522 15.263613 -0.804389
v 0.227062 15.648327 -1.262555
v 0.236148 15.296579 -1.277831
v 0.193432 15.300837 -1.298009
v 0.082748 15.312816 -1.346345
v 0.084164 15.243813 -0.741575
v -0.354206 15.383799 -1.234853
v 0.154846 15.302124 -1.345205
v -0.173076 15.669215 -0.776117
v 0.255500 15.241634 -1.017683
v -0.138384 15.665256 -0.755483
v 0.017848 15.228864 -0.709085
v -0.026284 14.210352 -1.276577
v 0.092188 14.184315 -1.218209
v 0.153430 14.211540 -1.126553
v 0.156970 14.187779 -1.152887
v 0.152840 14.451020 -1.245227
v 0.096082 14.252724 -1.087337
v 0.069060 14.252131 -1.022243
v 0.028350 14.315886 -0.921011
v 0.021034 14.279948 -0.924887
v -0.052952 14.255693 -0.939365
v 0.077792 14.169563 -1.045157
v -0.033010 14.171642 -1.270991
v 0.086524 14.170059 -1.222427
v 0.156026 14.301927 -1.210799
v 0.082748 14.208470 -1.235309
v -0.040680 14.165901 -1.278173
v 0.087350 14.165802 -1.069439
v -0.068882 14.047199 -1.152089
v -0.067584 14.045517 -1.133051
v -0.090594 14.134023 -1.099649
v -0.087880 14.134617 -1.082891
v -0.085402 14.300640 -0.945293
v -0.073248 14.252921 -0.946433
v -0.060976 14.238566 -0.943811
v -0.056964 14.169960 -1.286495
v -0.051890 14.070861 -1.200539
v -0.063926 14.051951 -1.173521
v -0.056374 14.057397 -1.185947
v -0.074074 14.206095 -1.303367
v -0.067112 14.051951 -1.125755
v -0.089178 14.120360 -1.088705
v -0.012242 14.807024 -0.806783
v -0.048586 14.420628 -0.908471
v -0.063218 14.160258 -1.241807
v 0.212076 14.891075 -1.238957
v -0.049766 14.844447 -0.797663
v 0.137854 14.833261 -0.987131
v -0.210718 14.983641 -1.055987
v 0.079562 14.415578 -0.999557
v -0.160214 14.945823 -1.363673
v -0.082806 14.400828 -1.339847
v 0.201574 14.856624 -1.149353
v 0.154374 14.429834 -1.127921
v -0.041034 14.396868 -1.335857
v -0.188298 14.982353 -1.019735
v -0.170362 14.979186 -1.004915
v -0.052952 14.173524 -1.254917
v -0.143694 14.871474 -0.932525
v 0.027406 14.929092 -1.359455
v -0.015074 14.413402 -1.285925
v -0.153606 14.874345 -0.993287
v 0.068352 14.470029 -0.973565
v 0.166646 14.943051 -1.259705
v 0.161336 14.554080 -1.249445
v 0.102690 14.376474 -1.241807
v -0.006460 14.454090 -1.276463
v 0.031300 14.443794 -0.893081
v -0.078912 14.140359 -1.211825
v 0.093132 14.390433 -1.256057
v -0.130950 14.880779 -0.856715
v 0.107764 14.409342 -1.075025
v -0.108884 14.921666 -0.797435
v 0.012066 14.807421 -0.805871
v -0.150420 15.028191 -1.343267
v 0.116968 14.477850 -1.085855
v -0.155022 14.896916 -1.010159
v 0.042156 14.511114 -0.884759
v 0.154728 14.877215 -1.256969
v 0.078146 14.440229 -1.255943
v -0.132130 14.949782 -0.800627
v -0.191248 15.020271 -1.304165
v -0.082216 14.113431 -1.166225
v -0.078204 14.106996 -1.146161
v -0.076080 14.118776 -1.142399
v -0.165170 15.025023 -1.335857
v -0.244584 15.014628 -1.208861
v -0.049648 14.199659 -1.269623
v -0.127292 14.824251 -1.304051
v -0.157264 14.759307 -1.085285
v -0.141924 14.751981 -1.053935
v -0.159034 14.811480 -1.259591
v -0.173548 14.783661 -1.167821
v -0.109828 14.829103 -1.316021
v -0.096140 14.318757 -1.063055
v -0.099208 14.317865 -1.081295
v -0.092954 14.355585 -1.034327
v -0.102394 14.355486 -1.082321
v -0.115492 14.550119 -1.041623
v -0.111952 14.529627 -1.029083
v -0.104990 14.548140 -0.992717
v -0.039146 14.439835 -0.901061
v -0.028290 14.818014 -0.806327
v -0.060976 14.433597 -0.909269
v -0.083396 14.468741 -0.910067
v -0.093426 14.519628 -0.902543
v -0.031004 14.602986 -0.856943
v -0.045400 14.614569 -0.859223
v -0.096494 14.689314 -0.865607
v -0.071360 14.649615 -0.861617
v 0.048292 14.823459 -0.821375
v 0.017848 14.446169 -0.887837
v 0.058322 14.863256 -0.852155
v 0.049000 14.640012 -0.855233
v 0.033896 14.609222 -0.848507
v 0.092778 14.369246 -1.043903
v 0.111894 14.853654 -0.912233
v 0.074016 14.854149 -0.886811
v 0.172428 14.841576 -1.051997
v 0.172192 14.867811 -1.094633
v 0.131010 14.618528 -1.037975
v 0.112248 14.618925 -0.984167
v 0.091952 14.633676 -0.944153
v 0.141158 14.637636 -1.073657
v 0.165112 14.419440 -1.202021
v 0.160746 14.383700 -1.153115
v 0.182222 14.848902 -1.112987
v 0.150834 14.627834 -1.260047
v 0.188358 14.925428 -1.278629
v 0.184464 14.625557 -1.198145
v 0.176912 14.609618 -1.148327
v 0.158976 14.734557 -1.270763
v 0.175850 14.679710 -1.250357
v 0.149182 14.878601 -1.279655
v 0.122868 14.888206 -1.311347
v 0.108118 14.401224 -1.228355
v 0.075196 14.910875 -1.294361
v 0.112838 14.611301 -1.269167
v 0.093958 14.633478 -1.273841
v 0.122396 14.605065 -1.249103
v -0.100860 14.442903 -1.331069
v -0.132956 14.945328 -1.416683
v -0.015900 14.942457 -1.413947
v -0.019558 14.400233 -1.308725
v 0.033778 14.923745 -1.318187
v 0.038970 14.916915 -1.300517
v -0.103692 14.641101 -1.371881
v 0.001446 14.653872 -1.322633
v -0.065342 14.637042 -1.386815
v 0.006520 14.663871 -1.292423
v -0.020502 14.643081 -1.361963
v -0.107704 14.555862 -1.268825
v -0.090004 14.572593 -1.290941
v -0.133546 14.524181 -1.214675
v -0.131304 14.474385 -1.139321
v -0.119858 14.460327 -1.105463
v -0.109710 14.465376 -1.094405
v -0.079502 14.590611 -1.292765
v -0.068292 14.297372 -1.282505
v -0.094134 14.179069 -1.173749
v -0.088588 14.177285 -1.157675
v -0.084222 14.262722 -1.260161
v -0.095786 14.213322 -1.215701
v -0.059678 14.324994 -1.290827
v -0.267240 15.379344 -1.368347
v 0.274852 15.290541 -1.235537
v -0.037966 15.274205 -0.693467
v 0.205822 15.241535 -0.923633
v -0.294616 15.354396 -1.012439
v 0.204524 15.629517 -0.816359
v -0.206352 15.390926 -1.423409
v -0.171070 15.723072 -1.466501
v -0.008584 15.248268 -0.696089
v 0.272138 15.273611 -1.124273
v 0.276740 15.618627 -1.076165
v 0.014898 15.713073 -1.474937
v -0.264054 15.362118 -0.984737
v -0.233728 15.358851 -0.972539
v -0.262402 15.702678 -1.389893
v -0.208476 15.370038 -0.854207
v 0.059148 15.356871 -1.440395
v 0.094902 15.673572 -1.387727
v -0.235852 15.358455 -0.937541
v 0.125464 15.633378 -0.792533
v 0.207002 15.295094 -1.261871
v 0.259866 15.648426 -1.272473
v 0.215616 15.654366 -1.303937
v 0.100802 15.663969 -1.357973
v 0.101274 15.629814 -0.743399
v -0.410610 15.699213 -1.225277
v 0.171366 15.657929 -1.348169
v -0.162338 15.371919 -0.762893
v 0.294322 15.611896 -1.011755
v -0.132602 15.356574 -0.736103
v 0.031654 15.626843 -0.719915
v -0.083396 15.487254 -0.723221
v 0.261754 15.432508 -0.970829
v -0.266178 15.540614 -1.391375
v 0.299986 15.462603 -1.190165
v 0.218212 15.444981 -0.864581
v -0.086110 15.564276 -1.518713
v 0.155318 15.455475 -0.804845
v -0.192074 15.558831 -1.460459
v -0.015428 15.455475 -0.702929
v 0.277566 15.449336 -1.115381
v -0.242106 15.512102 -0.902087
v -0.306888 15.509826 -1.006967
v -0.196676 15.518637 -0.816701
v -0.271724 15.510816 -0.987473
v -0.340872 15.538437 -1.309865
v 0.070948 15.515667 -1.428083
v -0.254732 15.508242 -0.963305
v 0.181042 15.483689 -1.339505
v 0.230012 15.477354 -1.279997
v 0.078854 15.499233 -1.383851
v 0.064812 15.441119 -0.718091
v 0.107646 15.449931 -0.762665
v 0.117794 15.488640 -1.361165
v 0.270250 15.474483 -1.270649
v -0.231014 15.545664 -1.414745
v -0.370490 15.521012 -1.131569
v 0.272256 15.438051 -1.058723
v 0.206294 15.479730 -1.291625
v -0.150420 15.515271 -0.761297
v 0.033896 15.541704 -1.483031
v 0.014072 15.442407 -0.706007
v -0.114784 16.696638 -0.735989
v -0.140862 16.730001 -0.767567
v -0.126230 16.723269 -0.766997
v -0.093308 16.831970 -0.887723
v 0.136674 16.773758 -0.834485
v -0.129180 16.811676 -0.876437
v -0.093780 16.664661 -0.726527
v 0.042038 16.827219 -0.865949
v -0.120448 16.713963 -0.761639
v 0.088648 16.809696 -0.861161
v 0.097380 16.772671 -0.842009
v -0.041270 16.638823 -0.695633
v 0.043926 16.816330 -0.860021
v 0.028114 16.648821 -0.697799
v 0.036964 16.668919 -0.723791
v 0.062452 16.820684 -0.865721
v 0.118502 16.789698 -0.837221
v -0.071596 16.828804 -0.885215
v -0.155612 16.760693 -0.816131
v 0.113074 16.736635 -0.787631
v 0.157914 16.571007 -0.859907
v 0.093604 16.776531 -0.838133
v -0.071832 16.649712 -0.707717
v 0.030946 16.835833 -0.871649
v -0.019322 16.730299 -1.042307
v 0.005694 16.635159 -0.693809
v 0.096672 16.691391 -0.741575
v 0.207592 16.360039 -0.906191
v -0.057436 16.835932 -0.880541
v 0.117204 16.744852 -0.809063
v -0.010000 16.632784 -0.692555
v 0.087940 16.562592 -0.827987
v 0.164404 16.607538 -0.900149
v -0.007994 16.526161 -0.790595
v -0.139446 16.562197 -0.853181
v -0.177560 16.591797 -0.876893
v -0.115020 16.700994 -1.006853
v -0.155258 16.586153 -0.871193
v 0.187296 16.638031 -0.927851
v -0.117970 16.542297 -0.829469
v -0.163046 16.679611 -0.980747
v 0.070476 16.697233 -0.993401
v -0.146880 16.578333 -0.867659
v 0.121098 16.674858 -0.970031
v 0.131718 16.649712 -0.953729
v -0.050592 16.523487 -0.795953
v 0.065402 16.679810 -0.978011
v 0.044988 16.556751 -0.791165
v 0.063160 16.563978 -0.815903
v 0.090064 16.682283 -0.978809
v 0.161690 16.657335 -0.958631
v -0.093544 16.705252 -1.010159
v -0.199390 16.628527 -0.917135
v 0.161100 16.591896 -0.885671
v 0.123930 16.651493 -0.951905
v -0.093190 16.529922 -0.809405
v 0.129830 16.561008 -0.834257
v 0.058204 16.720892 -1.024979
v -0.024160 16.471710 -1.185833
v 0.012184 16.536457 -0.789227
v -0.075962 16.344397 -0.813053
v -0.077496 16.721090 -1.027373
v 0.169006 16.358652 -0.860705
v 0.253258 16.002253 -0.915995
v -0.101214 16.453396 -1.146731
v 0.115434 16.361721 -0.830609
v 0.225882 16.377264 -0.963077
v -0.017080 16.347069 -0.789227
v -0.201868 16.353504 -0.910409
v -0.244348 16.367563 -0.950423
v -0.164108 16.432507 -1.103069
v -0.213078 16.363306 -0.947687
v 0.251252 16.395184 -1.001153
v -0.170008 16.348257 -0.871535
v -0.241516 16.425379 -1.067045
v 0.085816 16.438545 -1.111619
v -0.206352 16.358950 -0.939593
v 0.163578 16.420528 -1.064195
v 0.191780 16.407955 -1.037633
v 0.085462 16.425774 -1.084715
v 0.053838 16.370434 -0.770303
v 0.090536 16.370235 -0.804959
v 0.117794 16.423101 -1.074683
v 0.226590 16.409241 -1.039457
v -0.130478 16.436962 -1.113785
v -0.283996 16.395084 -0.994769
v 0.219864 16.369938 -0.946775
v -0.133900 16.345387 -0.841325
v 0.177148 16.410131 -1.040483
v 0.307774 16.019676 -1.084259
v 0.067408 16.458445 -1.154711
v -0.093072 16.019875 -0.771557
v 0.008408 16.354990 -0.781931
v 0.205940 16.004232 -0.840299
v -0.049766 16.086304 -1.352843
v -0.086582 15.315984 -0.709769
v 0.235558 15.241239 -0.971285
v -0.169064 16.074226 -1.304849
v 0.138798 16.010866 -0.796751
v 0.276386 16.009380 -1.023041
v -0.025104 16.019577 -0.745907
v -0.267476 16.013836 -0.906761
v -0.328482 16.020073 -0.980177
v -0.256620 16.058979 -1.254689
v -0.292728 16.017399 -0.968093
v -0.214258 16.016806 -0.845999
v -0.354206 16.058781 -1.197119
v 0.113782 16.054722 -1.264949
v -0.283052 16.013439 -0.951335
v 0.210070 16.040764 -1.205213
v 0.245706 16.031260 -1.158473
v 0.052540 16.019775 -0.737015
v 0.118738 16.045614 -1.233029
v 0.096790 16.017302 -0.769847
v 0.151306 16.042149 -1.219691
v 0.285708 16.030565 -1.153115
v -0.213196 16.062641 -1.268825
v -0.393382 16.040665 -1.069211
v 0.268126 16.005716 -0.985079
v 0.229068 16.033833 -1.167137
v -0.161984 16.019381 -0.804503
v 0.101038 14.389048 -1.059521
v 0.078146 16.071156 -1.313627
v 0.004278 16.019083 -0.740663
v -0.251900 15.381620 -1.390349
v 0.284174 15.281631 -1.178765
v 0.195084 15.256088 -0.875411
v -0.086582 15.407063 -1.526807
v -0.072304 14.451119 -0.908813
v 0.140214 15.267572 -0.817841
v -0.185938 15.402113 -1.464335
v -0.023452 15.261237 -0.693239
v 0.256562 15.265889 -1.102385
v -0.225704 15.364197 -0.895475
v -0.281636 15.358059 -0.996707
v -0.189242 15.371522 -0.806555
v -0.247298 15.360633 -0.979151
v -0.319868 15.379542 -1.302455
v 0.068470 15.344298 -1.412579
v -0.233020 15.358752 -0.956237
v 0.177620 15.301232 -1.325141
v 0.220454 15.296084 -1.269623
v 0.076966 15.322419 -1.361735
v 0.054074 15.236289 -0.721169
v 0.095020 15.253911 -0.773267
v 0.116024 15.307470 -1.343039
v 0.259984 15.293412 -1.261073
v -0.220040 15.387462 -1.415885
v -0.344766 15.364494 -1.119257
v 0.248656 15.249851 -1.049375
v -0.139092 14.875929 -0.893537
v 0.200276 15.298064 -1.276577
v -0.149004 15.364395 -0.747959
v 0.032244 15.378551 -1.483145
v 0.004986 15.238566 -0.701675
v -0.043866 14.430131 -0.904937
v -0.058262 14.166693 -1.248761
v 0.164876 14.401521 -1.178537
v 0.086760 14.392413 -1.021331
v -0.074428 14.940476 -1.426145
v -0.224642 15.016608 -1.260275
v 0.074488 14.442803 -0.985877
v -0.092600 14.421519 -1.335743
v 0.158150 14.406471 -1.139549
v -0.054840 14.427063 -0.908813
v -0.123634 14.539230 -1.243289
v -0.080918 14.110164 -1.155965
v -0.077378 14.112837 -1.144109
v -0.072304 14.149764 -1.227785
v -0.016372 14.406471 -1.297667
v -0.100860 14.336576 -1.082549
v 0.098678 14.383106 -1.249787
v 0.157560 14.590413 -1.257311
v -0.013304 14.433696 -1.281137
v -0.079738 14.882363 -0.796067
v 0.037200 14.477256 -0.888179
v 0.086406 14.414589 -1.257881
v 0.166292 14.485671 -1.225961
v -0.051418 14.186295 -1.262669
v -0.082452 14.126103 -1.189481
v 0.112956 14.443398 -1.080269
v 0.105994 14.388651 -1.235423
v -0.088352 14.494184 -0.906419
v -0.028290 14.397659 -1.324115
v 0.059620 16.675848 -0.741461
v 0.114962 16.712675 -0.777941
v -0.238920 14.997204 -1.135217
v -0.179330 15.022350 -1.321607
v -0.149948 14.872761 -0.963533
v -0.201750 14.982651 -1.035923
v -0.178858 14.980868 -1.012211
v -0.157736 15.026508 -1.339733
v -0.094606 14.337171 -1.048691
v -0.153960 14.885730 -1.001723
v 0.024810 14.444982 -0.890117
v -0.020266 14.812470 -0.806327
v 0.031418 14.815043 -0.811799
v -0.039028 14.831082 -0.801653
v -0.121156 14.935625 -0.798233
v 0.054192 14.843259 -0.836309
v -0.061802 14.397560 -1.341785
v 0.157678 14.837319 -1.020647
v 0.126998 14.843457 -0.949055
v 0.093722 14.853753 -0.899009
v 0.173018 14.854247 -1.071833
v 0.213020 14.873652 -1.193129
v 0.192370 14.852861 -1.131113
v 0.177148 14.934239 -1.272245
v 0.205704 14.908005 -1.262441
v 0.139034 14.882858 -1.298807
v 0.098324 14.899095 -1.302797
v 0.153194 14.877810 -1.267343
v -0.148178 14.945130 -1.392743
v -0.097792 14.318261 -1.072175
v 0.032480 14.926122 -1.338935
v 0.036492 14.920479 -1.308383
v 0.011948 14.935230 -1.390919
v -0.136496 14.498244 -1.177739
v -0.099562 14.563980 -1.280681
v -0.127174 14.467257 -1.121651
v -0.115138 14.462900 -1.099421
v -0.084812 14.581503 -1.292309
v -0.018260 16.833555 -0.894335
v -0.086582 15.653475 -0.732797
v 0.276032 15.611994 -0.960797
v -0.284114 15.700698 -1.374275
v 0.313674 15.632882 -1.167593
v 0.229894 15.621201 -0.860135
v -0.079502 15.720993 -1.493063
v 0.164168 15.631398 -0.805187
v -0.199626 15.715647 -1.436633
v -0.015310 15.636942 -0.716039
v 0.289366 15.622092 -1.095659
v -0.260396 15.663572 -0.893765
v -0.329190 15.666841 -0.997961
v -0.207414 15.667631 -0.814193
v -0.292846 15.666147 -0.977099
v -0.368838 15.699905 -1.294019
v 0.088294 15.680403 -1.407563
v -0.276444 15.662286 -0.952589
v 0.196854 15.656742 -1.330043
v 0.242402 15.648327 -1.267115
v 0.096908 15.668622 -1.370627
v 0.069414 15.628724 -0.727439
v 0.114018 15.631596 -0.768479
v 0.133016 15.660899 -1.352045
v 0.285354 15.645159 -1.253549
v -0.244584 15.705054 -1.395821
v -0.399282 15.679511 -1.118915
v 0.285000 15.615162 -1.044245
v 0.221280 15.650999 -1.279769
v -0.156792 15.667434 -0.764489
v 0.050416 15.700797 -1.456127
v 0.016314 15.629814 -0.717293
v 0.081922 16.847317 -0.727097
v 0.066110 16.797619 -0.704525
v 0.062924 16.833654 -0.711593
v 0.015134 16.710102 -0.670439
v 0.002036 16.677631 -0.651287
v 0.065992 16.733170 -0.670667
v 0.030238 16.871077 -0.733823
v -0.088942 16.776730 -0.684233
v -0.060032 16.702875 -0.660065
v -0.019558 16.679115 -0.652085
v -0.046344 16.873056 -0.750581
v 0.104696 16.757029 -0.865379
v 0.085580 16.710894 -0.817727
v 0.071184 16.739506 -0.871877
v 0.027052 16.626745 -0.761411
v 0.004278 16.603479 -0.741005
v 0.078264 16.651197 -0.777029
v 0.034958 16.793758 -0.881453
v -0.109946 16.691589 -0.802223
v -0.074428 16.627932 -0.756281
v -0.021800 16.604172 -0.742601
v -0.060740 16.821280 -0.894221
v 0.143164 16.560711 -0.956579
v 0.126998 16.516853 -0.917363
v 0.101392 16.562889 -0.961937
v 0.053248 16.499132 -0.851813
v 0.014426 16.493887 -0.819323
v 0.115434 16.492401 -0.882593
v 0.044044 16.587046 -0.986789
v -0.123752 16.502203 -0.908243
v -0.095550 16.471809 -0.858653
v -0.020030 16.461809 -0.829811
v -0.067820 16.617735 -1.012439
v 0.166174 16.176888 -1.015745
v 0.163578 16.151346 -0.958289
v 0.134550 16.189461 -1.049033
v 0.075314 16.146891 -0.842921
v 0.017966 16.143427 -0.812141
v 0.134786 16.141150 -0.896615
v 0.073426 16.211836 -1.096685
v -0.175908 16.173027 -0.957377
v -0.115964 16.143030 -0.865835
v -0.042922 16.134912 -0.821489
v -0.103928 16.249653 -1.160753
v 0.181868 15.776037 -1.074227
v 0.177974 15.753762 -0.994997
v 0.152368 15.789401 -1.126895
v 0.080860 15.751386 -0.834485
v 0.016786 15.750990 -0.797891
v 0.143400 15.749406 -0.908357
v 0.085698 15.816231 -1.198715
v -0.193490 15.793362 -0.967523
v -0.125050 15.778214 -0.857171
v -0.050710 15.763959 -0.805643
v -0.115846 15.860781 -1.282619
v 0.118502 14.775246 -1.192217
v 0.089120 14.697827 -1.073543
v 0.089946 14.704164 -1.238729
v 0.021270 14.748119 -0.874955
v -0.023688 14.742675 -0.827417
v 0.072836 14.793561 -0.980975
v 0.026816 14.711291 -1.278971
v -0.155140 14.794056 -0.976187
v -0.110890 14.787423 -0.879857
v -0.066404 14.855040 -0.831065
v -0.125876 14.819796 -1.282049
v 0.063632 13.905729 -1.092467
v 0.061862 13.956912 -1.052111
v 0.063750 13.920578 -1.076735
v -0.016726 14.025023 -0.983597
v 0.007464 14.033142 -0.887609
v 0.002508 13.858407 -1.023839
v -0.025576 13.953347 -1.127237
v -0.076316 13.878900 -1.058381
v -0.073248 13.880781 -1.038431
v -0.057790 13.976811 -0.953045
v -0.044692 13.817024 -1.080269
v -0.045872 14.011362 -0.947915
v -0.067466 13.944438 -1.150721
v 0.015488 14.030766 -1.037747
v -0.053542 13.801581 -1.024181
v 0.018556 14.105511 -0.893195
v 0.057024 14.197482 -1.123589
v 0.052422 13.955724 -1.096229
v -0.077142 14.071950 -0.948143
v -0.136968 14.424984 -0.991007
v -0.112778 14.501807 -1.178195
v -0.084694 14.302719 -0.940619
v -0.096848 14.299354 -0.991349
v -0.029942 14.354299 -0.888407
v -0.050946 14.377761 -0.889775
v -0.083868 14.441814 -0.894449
v 0.007346 14.359247 -0.868685
v 0.026698 14.412807 -0.874499
v 0.031536 14.350239 -0.975275
v 0.008644 14.383899 -0.920213
v 0.049354 14.366079 -1.022927
v 0.083220 14.356475 -1.121309
v 0.079798 14.326380 -1.048463
v 0.070122 14.450229 -1.167023
v 0.074134 14.311332 -1.159157
v 0.045932 14.349051 -1.170785
v -0.097556 14.366574 -1.225847
v -0.004100 14.352220 -1.197689
v -0.082688 13.923648 -1.037405
v -0.085284 14.066505 -1.122107
v 0.198624 15.293214 -1.170329
v -0.050474 15.350238 -0.801311
v 0.148710 15.303411 -0.952475
v -0.105226 15.409935 -1.307813
v 0.185998 15.277573 -1.062827
v -0.173784 15.366077 -0.971627
v 0.080624 15.304698 -0.848051
v 0.171602 15.288957 -1.225505
v 0.100212 15.318063 -1.278515
v -0.114784 15.357563 -0.854549
v 0.013010 15.306875 -0.792419
v 0.023984 16.880978 -0.741575
v -0.098146 16.781483 -0.691529
v -0.013304 16.892460 -0.745793
v -0.097910 16.862661 -0.741689
v 0.035666 16.822269 -0.875411
v -0.128590 16.700005 -0.812369
v -0.019322 16.822071 -0.910181
v -0.109356 16.796232 -0.895361
v -0.100388 16.739407 -0.727667
v 0.021034 16.674067 -0.702359
v 0.068352 16.789005 -0.788771
v 0.034840 16.837019 -0.796979
v -0.056964 16.850584 -0.805301
v 0.096200 16.809795 -0.783071
v -0.068056 16.671295 -0.694151
v 0.076376 16.759306 -0.746135
v 0.003216 16.646149 -0.684005
v -0.021210 16.647238 -0.684689
v 0.072718 16.697826 -0.710111
v 0.043926 16.605261 -1.004231
v -0.149594 16.510815 -0.911207
v -0.017906 16.639713 -1.041395
v -0.142632 16.593084 -0.981773
v 0.097734 16.552593 -0.863099
v 0.108472 16.596647 -0.896273
v -0.020148 16.514280 -0.822401
v -0.117616 16.580809 -0.879857
v 0.040622 16.543781 -0.841895
v 0.088766 16.643276 -0.935945
v 0.044634 16.673473 -0.954983
v -0.071478 16.718220 -0.989525
v 0.129122 16.651890 -0.935147
v -0.084340 16.530416 -0.842693
v 0.009588 16.529922 -0.815903
v 0.045106 16.229952 -1.128035
v -0.202340 16.184116 -0.985649
v -0.035842 16.257772 -1.172837
v -0.195260 16.227774 -1.090415
v -0.093426 16.436169 -1.071719
v 0.126998 16.323210 -0.894677
v 0.149300 16.338259 -0.943241
v -0.034898 16.304203 -0.829811
v -0.159506 16.357861 -0.940049
v 0.068588 16.329645 -0.850559
v 0.120744 16.380531 -1.007765
v 0.062216 16.402905 -1.038203
v 0.155436 16.370434 -0.988613
v -0.107350 16.311825 -0.862871
v 0.018556 16.323805 -0.820805
v 0.049708 15.841179 -1.247393
v -0.218034 15.811380 -1.029083
v -0.038202 15.865533 -1.295957
v -0.208948 15.843258 -1.171241
v 0.177620 15.978195 -1.058723
v -0.047170 15.954434 -0.826163
v 0.139506 15.948891 -0.901631
v -0.113368 16.058781 -1.238501
v 0.173844 15.955523 -0.982913
v -0.185938 15.985025 -0.984053
v 0.078382 15.953742 -0.838019
v 0.145996 15.991857 -1.106147
v 0.080742 16.016806 -1.168391
v -0.120330 15.964730 -0.878945
v 0.017612 15.952455 -0.811115
v 0.000856 14.824944 -1.309979
v -0.187118 14.915826 -1.024979
v -0.069472 14.854940 -1.316135
v -0.186292 14.942259 -1.156877
v 0.193432 15.549822 -1.112645
v -0.052008 15.564672 -0.798917
v 0.143046 15.540318 -0.917021
v -0.113604 15.649218 -1.296755
v 0.153666 14.979087 -1.086995
v -0.190068 15.586848 -0.954527
v 0.068942 15.014034 -0.878375
v 0.164994 15.558633 -1.167251
v 0.076140 15.009380 -1.294703
v -0.124342 15.576948 -0.845087
v 0.008998 15.016212 -0.825707
v -0.032420 13.882662 -1.110935
v -0.053542 13.788414 -1.029311
v -0.050474 13.879495 -1.121537
v -0.051654 13.790889 -1.056899
v -0.025222 14.556752 -0.851585
v 0.095256 14.561009 -1.160183
v -0.058852 14.616449 -0.851357
v 0.044162 14.573583 -0.959429
v -0.113486 14.591304 -1.267115
v 0.064340 14.135013 -1.044017
v -0.150302 14.620707 -0.984167
v -0.002566 14.198967 -0.945065
v 0.081568 14.583779 -1.205783
v -0.022272 14.150358 -1.153571
v -0.096966 14.547150 -0.907559
v -0.005162 14.557545 -0.837563
v -0.126820 14.677830 -1.221173
v 0.030474 14.197186 -1.022129
v -0.121156 14.549625 -0.971285
v 0.024456 14.256981 -0.886013
v 0.077084 14.513588 -1.203389
v 0.047466 14.144714 -1.131911
v -0.094842 14.625162 -0.873929
v -0.064988 13.860684 -1.035011
v -0.060622 13.928004 -1.106489
v -0.150538 14.451912 -1.019621
v -0.148532 14.494779 -1.119941
v -0.079148 14.087394 -0.992945
v -0.086110 14.084226 -1.032161
v -0.038674 14.178276 -0.923405
v -0.055076 14.171543 -0.928877
v -0.079266 14.257575 -0.917135
v 0.007464 14.192829 -0.881795
v 0.022804 14.587146 -0.856145
v 0.011830 14.093136 -1.001723
v 0.011948 14.569226 -0.889547
v 0.060682 14.549625 -1.021559
v 0.070240 14.119470 -1.096115
v 0.090300 14.512401 -1.057013
v 0.058558 14.312916 -1.142399
v 0.069532 14.110164 -1.106945
v 0.034604 14.538239 -1.221173
v -0.086700 14.136696 -1.191989
v 0.005930 14.540616 -1.247279
v -0.021800 14.349447 -1.213649
v -0.066168 14.352813 -1.235993
v -0.122336 14.207382 -0.999329
v -0.095432 14.307866 -1.151177
v -0.088234 13.917510 -1.050515
v -0.095668 13.991958 -1.097939
v 0.166056 15.016212 -1.181957
v -0.051890 15.091155 -0.808721
v 0.125818 15.022548 -0.976643
v -0.101096 15.111548 -1.294931
v 0.181986 15.532596 -1.016999
v -0.169300 15.099867 -0.938225
v 0.079798 15.541902 -0.835739
v 0.141512 14.993838 -1.243859
v 0.093132 15.589125 -1.230407
v -0.113958 15.084027 -0.840641
v 0.015370 15.541704 -0.795497
v -0.029470 15.407955 -1.339049
v -0.197148 15.403797 -1.045157
v -0.190540 15.428843 -1.188341
v 0.060092 15.368850 -1.313855
v -0.114902 16.746733 -0.734279
v -0.106760 16.834049 -0.803933
v 0.032008 16.856623 -0.792305
v -0.021328 16.737427 -1.006625
v -0.140154 16.591303 -0.885671
v -0.129770 16.688719 -0.964559
v 0.047112 16.698320 -0.966725
v -0.031122 16.449633 -1.095545
v -0.190422 16.364988 -0.946205
v -0.188180 16.422112 -1.033985
v 0.043808 16.419338 -1.059293
v -0.038674 16.063831 -1.252067
v -0.212724 15.999380 -1.030451
v -0.205172 16.035814 -1.146731
v 0.047230 16.037891 -1.208177
v -0.033718 15.111945 -1.332095
v -0.190540 15.165009 -1.009019
v -0.181100 15.177780 -1.161893
v 0.042510 15.074919 -1.316477
v -0.075726 14.601798 -1.281479
v -0.170834 14.713668 -1.145477
v -0.130596 14.264109 -1.111049
v -0.067702 13.850685 -1.044929
v -0.068292 13.882563 -1.086083
v -0.024278 14.103927 -1.161551
v -0.170008 14.680008 -1.030109
v -0.057200 14.091848 -1.191191
v -0.016254 14.581205 -1.267343
v -0.135788 14.206689 -1.018709
v -0.018024 16.860582 -0.812825
v -0.035252 15.652682 -1.316591
v -0.213786 15.610410 -1.021217
v -0.204228 15.639516 -1.173521
v 0.054074 15.623478 -1.272815
v 0.039088 16.833853 -0.857513
v 0.065284 16.837515 -0.854663
v 0.081922 16.803459 -0.828785
v 0.110124 16.803955 -0.838589
v 0.104578 16.769503 -0.813053
v 0.089946 16.753563 -0.806897
v 0.086642 16.790787 -0.818297
v 0.097852 16.734457 -0.790823
v 0.072954 16.664165 -0.746363
v 0.028704 16.651394 -0.746135
v 0.027760 16.666344 -0.758903
v 0.016904 16.847019 -0.865721
v 0.045460 16.827812 -0.851243
v -0.128354 16.795242 -0.845999
v -0.094370 16.836031 -0.880655
v -0.102394 16.732378 -0.779993
v -0.095786 16.689014 -0.751949
v -0.066640 16.658524 -0.746933
v -0.052480 16.649019 -0.740663
v -0.001386 16.633675 -0.731657
v -0.015192 16.635357 -0.732911
v -0.050356 16.830288 -0.875981
v -0.108058 16.736238 -0.787517
v 0.053248 16.806330 -0.913259
v 0.089002 16.805836 -0.911435
v 0.097262 16.758217 -0.884189
v 0.149418 16.759701 -0.875069
v 0.146232 16.722971 -0.846341
v 0.122868 16.704557 -0.835169
v 0.103988 16.743761 -0.873017
v 0.136202 16.684263 -0.814991
v 0.096554 16.623081 -0.760043
v 0.046522 16.604864 -0.746021
v 0.044988 16.616053 -0.767453
v 0.025990 16.813559 -0.929903
v 0.055726 16.792667 -0.906419
v -0.157146 16.765047 -0.896615
v -0.108176 16.802469 -0.936287
v -0.136968 16.688025 -0.800513
v -0.113368 16.642385 -0.780791
v -0.089650 16.618132 -0.756053
v -0.070652 16.608727 -0.747731
v -0.001976 16.592489 -0.734051
v -0.019912 16.594273 -0.735647
v -0.071478 16.807419 -0.937199
v -0.152662 16.695847 -0.804275
v 0.073308 16.599321 -1.031819
v 0.121570 16.595955 -1.028627
v 0.144226 16.578432 -0.998417
v 0.208182 16.565760 -0.978467
v 0.214200 16.533882 -0.932411
v 0.185526 16.522497 -0.925001
v 0.140332 16.567345 -0.992261
v 0.205114 16.511410 -0.906989
v 0.140332 16.512794 -0.823541
v 0.078854 16.533684 -0.782501
v 0.080506 16.502203 -0.819665
v 0.036610 16.636942 -1.094747
v 0.067172 16.592291 -1.029767
v -0.224642 16.578531 -0.981203
v -0.136378 16.602884 -1.039685
v -0.164462 16.506262 -0.910295
v -0.157264 16.487551 -0.866747
v -0.120566 16.474482 -0.834827
v -0.094960 16.470423 -0.824225
v 0.002508 16.478739 -0.778169
v -0.020620 16.464781 -0.788885
v -0.083986 16.615162 -1.059293
v -0.179566 16.509430 -0.901517
v 0.120036 16.260445 -1.155395
v 0.188122 16.255594 -1.128377
v 0.225882 16.253317 -1.103525
v 0.296800 16.244604 -1.072061
v 0.284882 16.229359 -1.010729
v 0.257388 16.224606 -0.991349
v 0.225646 16.244802 -1.082891
v 0.267064 16.219954 -0.959543
v 0.171838 16.211241 -0.824339
v 0.093840 16.223715 -0.767567
v 0.101628 16.216587 -0.805301
v 0.051478 16.288363 -1.247507
v 0.122986 16.254900 -1.139435
v -0.359988 16.256979 -1.084601
v -0.235262 16.260544 -1.163033
v -0.267122 16.215994 -0.972653
v -0.237386 16.213221 -0.907901
v -0.188416 16.217279 -0.847253
v -0.150538 16.218172 -0.829697
v -0.017080 16.221537 -0.761525
v -0.048586 16.221241 -0.776117
v -0.154550 16.269354 -1.196435
v -0.290132 16.220745 -0.964331
v 0.160274 15.836526 -1.373249
v 0.225528 15.827022 -1.319783
v 0.274380 15.824943 -1.295159
v 0.362762 15.811874 -1.203959
v 0.358750 15.799401 -1.090529
v 0.330666 15.798015 -1.053251
v 0.286534 15.819201 -1.247963
v 0.331374 15.795539 -0.987815
v 0.222460 15.807420 -0.803021
v 0.112602 15.818904 -0.737813
v 0.136084 15.817320 -0.780221
v 0.057614 15.862464 -1.437545
v 0.159330 15.831576 -1.339391
v -0.429490 15.850188 -1.201451
v -0.311726 15.849495 -1.335173
v -0.294026 15.813459 -0.965585
v -0.247770 15.814448 -0.852497
v -0.175200 15.820488 -0.781133
v -0.141216 15.822269 -0.755597
v 0.004514 15.820190 -0.721397
v -0.029588 15.821379 -0.720257
v -0.220630 15.857414 -1.384421
v -0.329426 15.819498 -0.974363
v 0.090418 15.160752 -1.368347
v 0.171012 15.127487 -1.339733
v 0.215026 15.125805 -1.297667
v 0.296918 15.115410 -1.247279
v 0.276622 15.095115 -1.130429
v 0.271430 15.068384 -1.090529
v 0.222814 15.120755 -1.265291
v 0.257978 15.045219 -1.022129
v 0.177148 15.068682 -0.821489
v 0.078500 15.013341 -0.714101
v 0.101156 15.047693 -0.780677
v -0.002920 15.237476 -1.484399
v 0.092778 15.141446 -1.332893
v -0.333438 15.227576 -1.221287
v -0.243876 15.223418 -1.356833
v -0.231486 15.199263 -0.943241
v -0.214258 15.205698 -0.808493
v -0.171188 15.197877 -0.709427
v -0.139446 15.172235 -0.684461
v -0.027818 15.015023 -0.646043
v -0.056846 15.050169 -0.644333
v -0.185348 15.231438 -1.411439
v -0.256738 15.203520 -0.950309
v -0.071950 14.135310 -1.224935
v 0.077674 14.116896 -1.194953
v 0.091008 14.105016 -1.178195
v 0.200748 14.142141 -1.146389
v 0.206884 14.105214 -1.083005
v 0.118148 14.110559 -0.999443
v 0.105050 14.101848 -0.929333
v 0.055490 14.151347 -0.816473
v 0.095492 14.174415 -0.888179
v -0.098028 14.125607 -1.248647
v -0.127056 13.969484 -1.116749
v -0.115020 13.978197 -1.138979
v -0.148768 14.055614 -1.022015
v -0.143104 14.022549 -0.998303
v -0.134136 14.049675 -0.993059
v -0.091302 14.143824 -0.854321
v -0.056374 14.112837 -0.850673
v -0.068410 14.117094 -0.853067
v -0.108412 14.015421 -1.164515
v -0.122218 13.957406 -1.068185
v 0.130892 14.219262 -1.025093
v 0.184228 14.453099 -1.267799
v 0.070948 14.186493 -1.209431
v -0.178622 14.793363 -1.330499
v -0.206352 14.718717 -1.026461
v -0.232784 14.774652 -1.239185
v -0.133074 14.801877 -1.369145
v -0.162810 14.463693 -0.948827
v -0.152780 14.502996 -0.890345
v -0.173076 14.516064 -0.992375
v -0.060150 14.540318 -0.748415
v -0.086228 14.568533 -0.748529
v -0.133782 14.625360 -0.763691
v 0.053484 14.551506 -0.739295
v 0.120862 14.553387 -0.856373
v 0.094902 14.570514 -0.816017
v 0.172900 14.562199 -1.007765
v 0.178092 14.591600 -1.037747
v 0.232254 14.601798 -1.228355
v 0.232844 14.552397 -1.140005
v 0.180570 14.722776 -1.292423
v 0.147294 14.553585 -1.275323
v 0.120036 14.573187 -1.303025
v 0.086996 14.601896 -1.298579
v -0.051772 14.604570 -1.451453
v 0.000266 14.620311 -1.347713
v -0.134608 14.241140 -1.255943
v -0.160450 14.195007 -1.194155
v -0.151482 14.098085 -1.080725
v -0.106760 14.299947 -1.297895
v -0.287536 15.533289 -1.393427
v 0.340814 15.473988 -1.263695
v -0.021564 15.463988 -0.692441
v 0.230248 15.460722 -0.811115
v -0.210246 15.542792 -1.442789
v 0.014426 15.448644 -0.692327
v 0.325828 15.460029 -1.138865
v 0.324884 15.448248 -1.105121
v 0.019500 15.549723 -1.520081
v -0.288362 15.512696 -0.992831
v -0.260396 15.507747 -0.982229
v -0.220630 15.516755 -0.860363
v 0.109770 15.501015 -1.419533
v 0.148474 15.457751 -0.785693
v 0.255382 15.477551 -1.300061
v 0.247004 15.481709 -1.340645
v 0.116378 15.488046 -1.373021
v 0.117086 15.446763 -0.731885
v -0.382644 15.543684 -1.260389
v 0.190128 15.482006 -1.369601
v -0.167294 15.520221 -0.768821
v 0.318040 15.438843 -1.027487
v -0.130242 15.511707 -0.741461
v 0.087114 16.793560 -0.822287
v 0.022332 16.642683 -0.736673
v 0.005104 16.633080 -0.731315
v 0.084164 16.676937 -0.751379
v 0.038144 16.838705 -0.861047
v 0.076376 16.824547 -0.842465
v 0.100566 16.802172 -0.832775
v 0.027052 16.845930 -0.864923
v 0.098088 16.713270 -0.773723
v -0.129770 16.769600 -0.817043
v -0.113958 16.737129 -0.790367
v -0.102512 16.727922 -0.773609
v -0.010590 16.846029 -0.869369
v -0.058026 16.831079 -0.877805
v -0.081980 16.835535 -0.880199
v -0.042686 16.836823 -0.873245
v -0.100624 16.706242 -0.757991
v 0.107646 16.746733 -0.874499
v 0.032834 16.599817 -0.737243
v 0.006402 16.592985 -0.733937
v 0.105994 16.632883 -0.769961
v 0.056434 16.815241 -0.918389
v 0.095728 16.785341 -0.901175
v 0.133606 16.758217 -0.878147
v 0.043218 16.818705 -0.926141
v 0.128414 16.665058 -0.797891
v -0.174020 16.734852 -0.853865
v -0.161866 16.698221 -0.808037
v -0.134254 16.681393 -0.797663
v -0.016608 16.816231 -0.938453
v -0.079384 16.807518 -0.937085
v -0.099680 16.807617 -0.937541
v -0.063808 16.815536 -0.940277
v -0.123988 16.658623 -0.786377
v 0.022804 16.831873 -0.898667
v -0.130596 16.716438 -0.794585
v -0.120330 16.710695 -0.789113
v 0.084636 16.643970 -0.752975
v -0.104872 16.665453 -0.766883
v 0.126408 16.747028 -0.827189
v 0.046522 16.818804 -0.883961
v 0.036256 16.641296 -0.763919
v 0.096318 16.767027 -0.846911
v 0.090418 16.779404 -0.854663
v 0.053248 16.810686 -0.879743
v 0.037082 16.627338 -0.747731
v -0.145936 16.781483 -0.871535
v 0.079916 16.824150 -0.884417
v -0.064280 16.819201 -0.906647
v 0.132072 16.783363 -0.857513
v -0.078204 16.638723 -0.751151
v 0.106348 16.729307 -0.820007
v 0.118620 16.709410 -0.804047
v -0.061684 16.628626 -0.744311
v -0.001740 16.612391 -0.733481
v -0.104400 16.821972 -0.909497
v -0.017434 16.614073 -0.734735
v 0.149654 16.569721 -0.994199
v 0.057378 16.516459 -0.776915
v 0.014898 16.487551 -0.775889
v 0.160510 16.506262 -0.847937
v 0.074606 16.607935 -1.045157
v 0.140450 16.587639 -1.011755
v 0.185172 16.570513 -0.992945
v 0.062334 16.626348 -1.079585
v 0.189184 16.503094 -0.880085
v -0.228536 16.550217 -0.948713
v -0.192192 16.511805 -0.905735
v -0.166586 16.504480 -0.908471
v -0.013304 16.640902 -1.102613
v -0.094606 16.612488 -1.055075
v -0.122690 16.606647 -1.046297
v -0.079620 16.630308 -1.076621
v -0.163872 16.493788 -0.881339
v 0.177266 16.615656 -0.907559
v 0.153194 16.600014 -0.892967
v 0.002626 16.523586 -0.780335
v -0.017906 16.517548 -0.785693
v 0.035430 16.724358 -1.034327
v -0.166586 16.589718 -0.872447
v 0.117912 16.554871 -0.814877
v -0.147352 16.582788 -0.869255
v -0.130242 16.551208 -0.845201
v 0.061744 16.685352 -0.982229
v 0.063160 16.547346 -0.814307
v 0.126880 16.646544 -0.950537
v 0.120272 16.657038 -0.956351
v 0.068352 16.675652 -0.977669
v 0.062688 16.556850 -0.782615
v -0.189714 16.658127 -0.955667
v 0.113074 16.688620 -0.980063
v -0.085638 16.705252 -1.009703
v 0.180334 16.655157 -0.949511
v -0.103338 16.533188 -0.815333
v 0.170186 16.583679 -0.876323
v -0.082334 16.526854 -0.804845
v -0.126466 16.695251 -1.000925
v 0.238390 16.246286 -1.088249
v 0.047820 16.223221 -0.752405
v -0.002448 16.221537 -0.759587
v 0.199686 16.211241 -0.859223
v 0.113428 16.265394 -1.173977
v 0.211014 16.255594 -1.118117
v 0.278510 16.248564 -1.091327
v 0.083574 16.280937 -1.224935
v 0.236502 16.214014 -0.922835
v -0.354796 16.242426 -1.035011
v -0.305472 16.220745 -0.971285
v -0.268184 16.215399 -0.967523
v -0.026520 16.295887 -1.272701
v -0.171660 16.266781 -1.189025
v -0.214966 16.263613 -1.175231
v -0.130714 16.278364 -1.221629
v -0.256856 16.214211 -0.927281
v 0.152722 16.363504 -0.830951
v -0.119386 16.441416 -1.125413
v 0.250190 16.383204 -0.971741
v 0.222342 16.375383 -0.959429
v -0.007286 16.351028 -0.777029
v -0.034898 16.344297 -0.785921
v 0.043218 16.470423 -1.181615
v -0.231840 16.366373 -0.940733
v -0.211544 16.362909 -0.948143
v -0.195614 16.351028 -0.891029
v 0.094784 16.431417 -1.094747
v 0.089002 16.360929 -0.817271
v 0.180216 16.406767 -1.037747
v 0.180570 16.416567 -1.053023
v 0.089710 16.423002 -1.082777
v 0.097498 16.381025 -0.775433
v -0.287654 16.417063 -1.034669
v 0.149890 16.426270 -1.080953
v 0.251606 16.407063 -1.029083
v -0.151010 16.346376 -0.846797
v 0.236502 16.367464 -0.935261
v -0.124578 16.345486 -0.827189
v -0.184758 16.431219 -1.099649
v 0.302582 15.819696 -1.254689
v 0.072482 15.820091 -0.720257
v 0.019382 15.819893 -0.724247
v 0.250190 15.802470 -0.846911
v 0.151306 15.840486 -1.389323
v 0.254910 15.826725 -1.317845
v 0.350018 15.818111 -1.242149
v 0.102926 15.853455 -1.411439
v 0.303290 15.796232 -0.930473
v -0.422056 15.834348 -1.104665
v -0.347952 15.818111 -0.985079
v -0.293790 15.811874 -0.948485
v -0.036668 15.867414 -1.459661
v -0.240454 15.854445 -1.374617
v -0.289660 15.851276 -1.353413
v -0.189242 15.863156 -1.414175
v -0.268184 15.812568 -0.891371
v 0.347540 16.028982 -1.137725
v -0.038674 16.020864 -0.742601
v 0.198742 16.008589 -0.800171
v -0.187944 16.065216 -1.289345
v 0.335622 16.014032 -1.042535
v 0.294794 16.008984 -1.013237
v -0.005398 16.019875 -0.738953
v 0.064340 16.077690 -1.339277
v -0.310664 16.021162 -0.965927
v -0.287300 16.015024 -0.963647
v -0.245056 16.014925 -0.877007
v 0.158858 16.049376 -1.260617
v 0.117558 16.016211 -0.782045
v 0.266356 16.032349 -1.166681
v 0.270132 16.040665 -1.200425
v 0.155554 16.042446 -1.235765
v 0.096554 16.020567 -0.744995
v -0.411790 16.057297 -1.145705
v 0.221162 16.045021 -1.238159
v -0.182634 16.019875 -0.808721
v 0.302582 16.005518 -0.963305
v -0.141334 16.020170 -0.794813
v -0.276208 16.056503 -1.251725
v 0.238036 15.121647 -1.273385
v 0.038144 15.001263 -0.682751
v -0.016136 15.001857 -0.652427
v 0.201102 15.052149 -0.870623
v 0.083220 15.174612 -1.396163
v 0.201456 15.125607 -1.323659
v 0.281342 15.117984 -1.266773
v 0.037436 15.212034 -1.461941
v 0.215734 15.042942 -0.966725
v -0.322346 15.208865 -1.104209
v -0.272550 15.199560 -0.967637
v -0.229716 15.198470 -0.926255
v -0.078676 15.245099 -1.507085
v -0.196912 15.228962 -1.402433
v -0.229952 15.224903 -1.376441
v -0.166468 15.243813 -1.448147
v -0.220276 15.200946 -0.857741
v -0.304174 15.693867 -1.380659
v 0.360638 15.640703 -1.242947
v -0.025576 15.641694 -0.714443
v 0.217622 15.272820 -0.811913
v -0.220630 15.702183 -1.435265
v 0.010178 15.634171 -0.709655
v 0.356272 15.627537 -1.124729
v 0.295620 15.264108 -1.084373
v 0.008526 15.394392 -1.524413
v -0.308894 15.668028 -0.986333
v -0.281282 15.662087 -0.972311
v -0.232666 15.665751 -0.857741
v 0.096908 15.330933 -1.392401
v 0.136792 15.260940 -0.779081
v 0.276150 15.646940 -1.286609
v 0.232962 15.303114 -1.310321
v 0.109416 15.311826 -1.362419
v 0.111776 15.236883 -0.714215
v -0.356448 15.382610 -1.238045
v 0.183520 15.302520 -1.361507
v -0.177206 15.669513 -0.770417
v 0.293024 15.247871 -1.013579
v -0.136850 15.665850 -0.751493
v 0.189302 14.400036 -1.261757
v 0.048292 14.159168 -0.813851
v -0.052480 14.130855 -0.844289
v 0.110596 14.077494 -0.953045
v -0.073366 14.130063 -1.227215
v 0.088648 14.110956 -1.185719
v 0.191308 14.243219 -1.199741
v -0.084222 14.124816 -1.239185
v 0.114136 14.080365 -0.986675
v -0.127646 13.963643 -1.102727
v -0.124932 13.958001 -1.075139
v -0.148414 14.039082 -1.015061
v -0.110654 14.130459 -1.254233
v -0.107704 14.001164 -1.154255
v -0.111952 13.982058 -1.143767
v -0.134018 14.170653 -1.282277
v -0.144756 14.023143 -1.003661
v -0.058852 14.325489 -0.793103
v -0.123752 14.110065 -1.191419
v 0.271784 14.875236 -1.253777
v -0.083278 14.805441 -0.696773
v 0.111304 14.319845 -0.891143
v 0.259040 14.838111 -1.145705
v -0.076906 14.361129 -1.368803
v -0.239746 14.957801 -0.977327
v -0.203874 14.836527 -0.857969
v -0.037848 14.371127 -1.301201
v 0.090418 14.375583 -0.842123
v 0.201338 14.931072 -1.289117
v 0.113074 14.322518 -1.242491
v 0.052068 14.353109 -0.766883
v -0.144756 14.078880 -1.151519
v 0.095964 14.337666 -1.268597
v -0.189714 14.847713 -0.766313
v 0.144226 14.328755 -1.022243
v -0.154314 14.889294 -0.700421
v -0.162810 15.018093 -1.363445
v 0.152368 14.403600 -1.040027
v -0.215438 14.865633 -0.966611
v 0.078028 14.390532 -1.262327
v -0.219568 15.008292 -1.327649
v -0.140744 14.019084 -1.075253
v -0.285412 15.001163 -1.209887
v -0.104754 14.157486 -1.228355
v -0.167058 14.796036 -1.347713
v -0.217562 14.726339 -1.057013
v -0.240808 14.753565 -1.166225
v -0.139446 14.800886 -1.366067
v -0.133428 14.227281 -0.976301
v -0.130596 14.261634 -0.945977
v -0.151954 14.274108 -1.005029
v -0.174610 14.491908 -0.989867
v -0.167058 14.465871 -0.968321
v -0.054722 14.776433 -0.698939
v -0.076198 14.342813 -0.795497
v -0.112424 14.387264 -0.797321
v -0.052834 14.540418 -0.744995
v 0.045460 14.783363 -0.728465
v 0.038734 14.545467 -0.732569
v 0.131010 14.818608 -0.850331
v 0.084990 14.814846 -0.807695
v 0.209362 14.813658 -1.019507
v 0.216206 14.844942 -1.076963
v 0.161218 14.553387 -0.970259
v 0.139270 14.548239 -0.895361
v 0.205114 14.365583 -1.196549
v 0.212312 14.320737 -1.130429
v 0.182104 14.581602 -1.278173
v 0.192016 14.699411 -1.293563
v 0.222578 14.638724 -1.261757
v 0.192488 14.858208 -1.307585
v 0.149890 14.868702 -1.353071
v 0.093014 14.890878 -1.325141
v 0.139270 14.562891 -1.289801
v -0.010944 14.923053 -1.457267
v 0.052894 14.903153 -1.353413
v -0.143340 14.607936 -1.440281
v -0.006342 14.615360 -1.374275
v -0.085166 14.600907 -1.458749
v -0.021800 14.606649 -1.430135
v -0.159742 14.519430 -1.310207
v -0.197738 14.488641 -1.232915
v -0.180746 14.399837 -1.059635
v -0.117970 14.552693 -1.347827
v -0.127882 14.254902 -1.268825
v -0.158208 14.111550 -1.095317
v -0.154078 14.162139 -1.152317
v -0.111834 14.283611 -1.288319
v -0.273494 15.375680 -1.381343
v 0.328188 15.293907 -1.245911
v -0.033010 15.265593 -0.660863
v 0.233552 15.632190 -0.812939
v -0.207886 15.386868 -1.440737
v 0.001446 15.239456 -0.653681
v 0.293732 15.280839 -1.120283
v 0.334442 15.621003 -1.089389
v 0.041566 15.705153 -1.492151
v -0.267004 15.360732 -0.972197
v -0.238684 15.356376 -0.963647
v -0.215084 15.366870 -0.838931
v 0.136910 15.666245 -1.405397
v 0.150362 15.635754 -0.786035
v 0.247240 15.298559 -1.271333
v 0.270014 15.651594 -1.334261
v 0.143990 15.657434 -1.372451
v 0.125228 15.631794 -0.740321
v -0.418516 15.695747 -1.232801
v 0.209362 15.654069 -1.365041
v -0.167176 15.368355 -0.742487
v 0.326772 15.615657 -1.016657
v -0.130596 15.351723 -0.714785
v 0.283584 15.439437 -0.962963
v -0.270190 15.535269 -1.413947
v 0.261754 15.449534 -0.866405
v -0.064398 15.555960 -1.543907
v -0.186174 15.552495 -1.482689
v -0.246000 15.511707 -0.899693
v -0.304410 15.509628 -1.008791
v 0.104814 15.509232 -1.444955
v -0.256620 15.507747 -0.964787
v 0.222460 15.482699 -1.362533
v 0.271312 15.478146 -1.303709
v 0.083220 15.442110 -0.714899
v 0.316978 15.475671 -1.288775
v -0.227238 15.540219 -1.435265
v -0.379340 15.522696 -1.142285
v 0.053130 15.534872 -1.504121
v 0.030356 15.443496 -0.692555
v -0.113250 16.682283 -0.772583
v -0.139210 16.717428 -0.799487
v -0.092954 16.823061 -0.910523
v 0.049236 16.826130 -0.888293
v -0.119268 16.705252 -0.784325
v 0.089356 16.806528 -0.871649
v 0.097144 16.769503 -0.849761
v 0.027524 16.620707 -0.738497
v 0.117558 16.781483 -0.857285
v -0.071360 16.819893 -0.908357
v -0.154786 16.753860 -0.833117
v 0.157914 16.570513 -0.859679
v 0.038144 16.833952 -0.895817
v -0.019204 16.730497 -1.042307
v 0.005812 16.612785 -0.733139
v 0.095138 16.655256 -0.760271
v 0.213138 16.360334 -0.901289
v -0.056610 16.826527 -0.906761
v -0.139446 16.562197 -0.853181
v -0.177560 16.591797 -0.876893
v -0.115020 16.700994 -1.006853
v 0.071774 16.698519 -0.993287
v -0.146880 16.578333 -0.867659
v 0.121098 16.674858 -0.970031
v 0.131718 16.649712 -0.953729
v 0.045106 16.545761 -0.776003
v 0.161690 16.657335 -0.958631
v -0.093544 16.705252 -1.010159
v -0.199390 16.628527 -0.917135
v 0.129948 16.555662 -0.828785
v 0.060210 16.722874 -1.024865
v -0.023924 16.472006 -1.186631
v 0.012184 16.528437 -0.778055
v -0.077496 16.721090 -1.027373
v 0.170894 16.359049 -0.860135
v 0.276622 16.003736 -0.919073
v -0.102158 16.453691 -1.147187
v -0.210482 16.354891 -0.906533
v -0.246118 16.366869 -0.942899
v -0.168946 16.435278 -1.110251
v 0.093014 16.439140 -1.111049
v -0.214612 16.361326 -0.942329
v 0.171956 16.422705 -1.067729
v 0.190010 16.408648 -1.043105
v 0.051006 16.371027 -0.761639
v 0.228832 16.411121 -1.046867
v -0.134018 16.439535 -1.121651
v -0.292138 16.397064 -0.993287
v 0.075786 16.460127 -1.158587
v 0.004986 16.355682 -0.773495
v 0.232136 16.006411 -0.838931
v -0.028880 16.086897 -1.373249
v 0.256090 15.247476 -0.953843
v -0.164108 16.074720 -1.320923
v -0.272904 16.014627 -0.902543
v -0.330488 16.020269 -0.972197
v -0.254732 16.060366 -1.269053
v 0.155200 16.055019 -1.280111
v -0.288362 16.013933 -0.952589
v 0.250426 16.042347 -1.219577
v 0.280162 16.033239 -1.172837
v 0.058322 16.020765 -0.728807
v 0.326536 16.033932 -1.168163
v -0.206470 16.063929 -1.285925
v -0.402114 16.041456 -1.068527
v 0.137382 14.303214 -0.995225
v 0.112838 16.070957 -1.316477
v 0.009234 16.019775 -0.737015
v -0.258154 15.377661 -1.404143
v 0.238390 15.258564 -0.865265
v -0.077968 15.401223 -1.546985
v -0.184168 15.398153 -1.476533
v -0.225704 15.361128 -0.883163
v -0.287182 15.356871 -0.982457
v 0.087350 15.342714 -1.422041
v -0.240218 15.356079 -0.946433
v 0.217858 15.302321 -1.340873
v 0.259040 15.299550 -1.279541
v 0.072836 15.229061 -0.681383
v 0.306476 15.296283 -1.277603
v -0.222754 15.383304 -1.433897
v -0.345238 15.364197 -1.119029
v 0.044044 15.375186 -1.498193
v 0.016432 15.229557 -0.658583
v -0.054250 14.336972 -0.787289
v -0.117498 14.118281 -1.200881
v 0.122396 14.296977 -0.930131
v -0.077732 14.920876 -1.468781
v -0.144638 14.386969 -1.378265
v -0.143812 14.026409 -1.087793
v -0.039264 14.365782 -1.316249
v -0.149476 14.253219 -0.999443
v 0.110360 14.330339 -1.255487
v 0.192960 14.542695 -1.264265
v 0.207592 14.434289 -1.226417
v -0.108648 14.143724 -1.216613
v -0.146880 14.055416 -1.127009
v -0.059560 14.360633 -1.352045
v 0.114018 16.689014 -0.786605
v -0.290132 14.978690 -1.119143
v -0.201396 15.011360 -1.344749
v -0.213668 14.838408 -0.896387
v -0.250956 14.959683 -0.999329
v -0.171424 15.016410 -1.359683
v -0.215792 14.853357 -0.954641
v 0.041448 14.354594 -0.764375
v -0.045400 14.770494 -0.699509
v 0.025046 14.774158 -0.710681
v -0.101450 14.361525 -1.381571
v 0.181750 14.805936 -0.968321
v 0.159448 14.807717 -0.890231
v 0.213020 14.921370 -1.302341
v 0.255146 14.894343 -1.284785
v 0.175496 14.863554 -1.329701
v -0.173666 14.927113 -1.429109
v -0.138030 14.229459 -0.986105
v 0.047466 14.906916 -1.376441
v 0.024574 14.916122 -1.430933
v -0.205762 14.456961 -1.177169
v -0.150420 14.526855 -1.327991
v -0.186764 14.412411 -1.086767
v -0.124814 14.543388 -1.346915
v -0.014012 16.833258 -0.905279
v 0.303526 15.616250 -0.956807
v -0.280574 15.695451 -1.398101
v 0.271194 15.624369 -0.860477
v -0.045754 15.711390 -1.516205
v -0.194788 15.709509 -1.469351
v -0.257328 15.663375 -0.895247
v -0.326712 15.666048 -1.001267
v 0.131364 15.672582 -1.427057
v -0.281990 15.661098 -0.954869
v 0.249128 15.653177 -1.362191
v 0.291372 15.647139 -1.290143
v 0.082866 15.630111 -0.725843
v 0.336802 15.644861 -1.275551
v -0.237858 15.699608 -1.425347
v -0.403176 15.677432 -1.123817
v 0.084990 15.692283 -1.473455
v 0.026580 15.631596 -0.709085
v 0.017022 16.638130 -0.734051
v 0.023866 16.596846 -0.735875
v 0.042628 16.506954 -0.777827
v 0.030474 16.222132 -0.756167
v 0.053366 15.819796 -0.720941
v 0.019028 14.995224 -0.671123
v 0.045578 14.163227 -0.813053
v 0.031890 14.542397 -0.731429
v 0.064340 15.439833 -0.706805
v 0.020444 16.617043 -0.736217
v 0.033542 16.539524 -0.776459
v 0.035076 16.365484 -0.768023
v 0.040858 16.020269 -0.730289
v 0.052068 15.224112 -0.673859
v 0.036728 14.355288 -0.763577
v 0.013246 14.769801 -0.703841
v 0.062924 15.629121 -0.721625
v 0.028350 16.655355 -0.750239
v 0.046050 16.607637 -0.752975
v 0.081804 16.526754 -0.795155
v 0.098914 16.221735 -0.780563
v 0.121334 15.818706 -0.748757
v 0.085108 15.021459 -0.732455
v 0.057260 14.174217 -0.810431
v 0.054546 14.565068 -0.741689
v 0.124520 15.449534 -0.747047
v 0.036728 16.630804 -0.752861
v 0.062924 16.554871 -0.791507
v 0.099740 16.375681 -0.789797
v 0.102926 16.019281 -0.757421
v 0.121216 15.242922 -0.730973
v 0.056316 14.371920 -0.765287
v 0.049944 14.793561 -0.738497
v 0.131836 15.632784 -0.753773
v 0.038616 16.665850 -0.755711
v 0.056670 16.617437 -0.765971
v 0.094312 16.504875 -0.819665
v 0.116496 16.215200 -0.810659
v 0.157914 15.814746 -0.783185
v 0.118974 15.052941 -0.793103
v 0.098206 14.152636 -0.895589
v 0.102926 14.565663 -0.823427
v 0.169360 15.458544 -0.790709
v 0.075668 16.549030 -0.814535
v 0.102690 16.361523 -0.820691
v 0.135258 16.014132 -0.787745
v 0.157796 15.263711 -0.787631
v 0.094548 14.361723 -0.853067
v 0.047584 16.641792 -0.761411
v 0.098088 14.815439 -0.816359
v 0.171130 15.634863 -0.792989
v 0.061390 16.664562 -0.749783
v 0.082394 16.621002 -0.762209
v 0.124048 16.510122 -0.823541
v 0.151542 16.212429 -0.820919
v 0.201102 15.809895 -0.794471
v 0.159330 15.063237 -0.810089
v 0.101038 14.117391 -0.919985
v 0.116024 14.557248 -0.844175
v 0.208772 15.460029 -0.807125
v 0.103044 16.552692 -0.814763
v 0.135022 16.362909 -0.825821
v 0.176676 16.010370 -0.797663
v 0.197680 15.269751 -0.804161
v 0.104696 14.333706 -0.878603
v 0.071774 16.643080 -0.755939
v 0.120980 14.817321 -0.838475
v 0.213020 15.633080 -0.804731
v 0.146114 14.545962 -0.916109
v 0.275678 15.443792 -0.891485
v 0.088058 16.683372 -0.756281
v 0.109416 16.638525 -0.776003
v 0.166292 16.501310 -0.857627
v 0.206530 16.210648 -0.874499
v 0.261046 15.799599 -0.868457
v 0.212312 15.044328 -0.895133
v 0.110714 14.064624 -0.963077
v 0.098796 16.660900 -0.765971
v 0.134432 16.555861 -0.836879
v 0.179626 16.356672 -0.870965
v 0.241576 16.004530 -0.857171
v 0.245470 15.251930 -0.890231
v 0.126054 14.285988 -0.947801
v 0.166882 14.802866 -0.912689
v 0.282404 15.620211 -0.886241
v 0.094784 16.701786 -0.766655
v 0.120626 16.654266 -0.790253
v 0.178328 16.499529 -0.873245
v 0.222460 16.211637 -0.906419
v 0.282404 15.796728 -0.908813
v 0.202754 15.040565 -0.938795
v 0.112838 14.065713 -0.979379
v 0.154492 14.548635 -0.953273
v 0.262934 15.439833 -0.938111
v 0.148474 16.563286 -0.852269
v 0.201102 16.357267 -0.889205
v 0.259984 16.002846 -0.898211
v 0.239098 15.246783 -0.928079
v 0.133724 14.289651 -0.981431
v 0.108236 16.677828 -0.779195
v 0.165702 14.802768 -0.951449
v 0.286534 15.616548 -0.930815
v -0.098500 14.582196 -0.750353
v -0.049176 15.476067 -0.702245
v -0.024750 16.638922 -0.734165
v -0.032892 16.597639 -0.738497
v -0.041388 16.466066 -0.793559
v -0.076788 16.221142 -0.784439
v -0.056728 15.821478 -0.731429
v -0.080446 15.081552 -0.643763
v -0.073720 14.123430 -0.853067
v -0.028762 16.617537 -0.737243
v -0.034308 16.519825 -0.789797
v -0.057554 16.344694 -0.795383
v -0.063926 16.020567 -0.756851
v -0.057554 15.286878 -0.674429
v -0.084576 14.354100 -0.796979
v -0.102512 14.825735 -0.693923
v -0.055430 15.648426 -0.717293
v -0.043276 16.645355 -0.738383
v -0.058144 16.605162 -0.743513
v -0.077260 16.468939 -0.814079
v -0.123752 16.218666 -0.818069
v -0.114548 15.822269 -0.745223
v -0.119740 15.141347 -0.671807
v -0.085874 14.136794 -0.853409
v -0.122690 14.611203 -0.757079
v -0.102158 15.499431 -0.731657
v -0.050828 16.624765 -0.741575
v -0.066522 16.524477 -0.799373
v -0.102748 16.345287 -0.816131
v -0.114548 16.020073 -0.784553
v -0.109710 15.332022 -0.693125
v -0.103692 14.376474 -0.795041
v -0.138384 14.867217 -0.698141
v -0.112188 15.660207 -0.736217
v -0.153370 14.493392 -0.905051
v -0.180038 15.519429 -0.792077
v -0.074192 16.666443 -0.747389
v -0.096140 16.623972 -0.762095
v -0.131186 16.477650 -0.841097
v -0.201986 16.216290 -0.861161
v -0.191484 15.818805 -0.800399
v -0.186646 15.200450 -0.729833
v -0.137440 14.042645 -0.993857
v -0.085284 16.645256 -0.754685
v -0.110654 16.537643 -0.822401
v -0.162220 16.347366 -0.857627
v -0.199272 16.018686 -0.826391
v -0.177796 15.367860 -0.766655
v -0.195142 14.844348 -0.789455
v -0.133192 14.252823 -0.952589
v -0.191720 15.668721 -0.791963
v -0.088824 16.681393 -0.750239
v -0.107940 16.636545 -0.774179
v -0.150184 16.484383 -0.857399
v -0.227828 16.214409 -0.891371
v -0.229716 15.816032 -0.834485
v -0.202812 15.203619 -0.783071
v -0.142278 14.029082 -0.996593
v -0.158562 14.473394 -0.934919
v -0.211780 15.517647 -0.835397
v -0.098618 16.658722 -0.762551
v -0.124106 16.546753 -0.837335
v -0.187354 16.350138 -0.878147
v -0.233020 16.016508 -0.857969
v -0.205290 15.367364 -0.813167
v -0.203756 14.839299 -0.837221
v -0.134136 14.235300 -0.968777
v -0.218624 15.666841 -0.836195
v -0.101686 16.714754 -0.762095
v -0.128000 16.666740 -0.789911
v -0.165288 16.496758 -0.888977
v -0.262874 16.214111 -0.938681
v -0.278096 15.811578 -0.909383
v -0.222636 15.199163 -0.882251
v -0.145346 14.023341 -1.006055
v -0.169654 14.466861 -0.977783
v -0.252844 15.509529 -0.920783
v -0.116200 16.690599 -0.776459
v -0.142868 16.567642 -0.858083
v -0.215202 16.356573 -0.915767
v -0.280456 16.014032 -0.918731
v -0.231486 15.358455 -0.904709
v -0.215438 14.839398 -0.916907
v -0.140744 14.230548 -0.990893
v -0.268066 15.661989 -0.914627
v -0.236796 14.743170 -1.126097
v -0.153016 14.144615 -1.132937
v -0.344058 15.513390 -1.081067
v -0.124696 16.754059 -0.804503
v -0.171660 16.717627 -0.833801
v -0.218388 16.532398 -0.930017
v -0.333084 16.230942 -1.010843
v -0.392320 15.825240 -1.052909
v -0.310310 15.202233 -1.043333
v -0.127528 13.961070 -1.093379
v -0.150656 16.737228 -0.816701
v -0.192782 16.611300 -0.900377
v -0.277978 16.382710 -0.970373
v -0.376272 16.030468 -1.026119
v -0.328718 15.358256 -1.058951
v -0.149004 14.044230 -1.113557
v -0.277388 14.969978 -1.068071
v -0.202222 14.440724 -1.145363
v -0.377688 15.671691 -1.069325
v -0.232430 14.738219 -1.107173
v -0.155022 14.135112 -1.123931
v -0.330724 15.510122 -1.053821
v -0.148414 16.727526 -0.812255
v -0.189596 16.602589 -0.892055
v -0.272786 16.376274 -0.959771
v -0.364000 16.024923 -1.006739
v -0.311726 15.355782 -1.032275
v -0.148060 14.038092 -1.107743
v -0.271016 14.965326 -1.044245
v -0.198210 14.432508 -1.130429
v -0.359044 15.667929 -1.044587
v -0.121628 16.745642 -0.800057
v -0.170480 16.709112 -0.823769
v -0.212370 16.524378 -0.922493
v -0.325296 16.225794 -0.998759
v -0.374856 15.821676 -1.031819
v -0.299926 15.198966 -1.015403
v -0.126938 13.959882 -1.089503
v -0.236560 14.759009 -1.184237
v -0.155258 14.170356 -1.162577
v -0.376862 15.528339 -1.171925
v -0.152544 16.760790 -0.842693
v -0.196912 16.635952 -0.926825
v -0.293200 16.402609 -1.003205
v -0.404474 16.045515 -1.087793
v -0.347244 15.369147 -1.149125
v -0.146054 14.061456 -1.132481
v -0.289778 14.984333 -1.142057
v -0.202930 14.465277 -1.191077
v -0.410020 15.681788 -1.150835
v -0.129416 16.776035 -0.824225
v -0.169654 16.742079 -0.865721
v -0.227592 16.557148 -0.957263
v -0.356920 16.246386 -1.047209
v -0.421348 15.838307 -1.129175
v -0.322700 15.214312 -1.133849
v -0.127410 13.964931 -1.106261
v -0.128708 16.788807 -0.838703
v -0.161394 16.758018 -0.885101
v -0.224524 16.571404 -0.972881
v -0.358926 16.253515 -1.072061
v -0.430080 15.846129 -1.177055
v -0.332848 15.223022 -1.192445
v -0.127410 13.967999 -1.113329
v -0.234790 14.769504 -1.221287
v -0.159624 14.186295 -1.184579
v -0.385240 15.538041 -1.230749
v -0.148060 16.774651 -0.861959
v -0.192074 16.650702 -0.945977
v -0.290250 16.412409 -1.024067
v -0.406952 16.053139 -1.126781
v -0.351374 15.378354 -1.208519
v -0.145818 14.072841 -1.145477
v -0.288952 14.995125 -1.188113
v -0.195496 14.481315 -1.218323
v -0.411554 15.691490 -1.205783
v -0.121510 16.807022 -0.854663
v -0.146998 16.776829 -0.907217
v -0.204346 16.586451 -1.001381
v -0.331668 16.259851 -1.109909
v -0.409430 15.853059 -1.241921
v -0.309130 15.226785 -1.256285
v -0.123752 13.971464 -1.123475
v -0.222400 14.779305 -1.266317
v -0.154078 14.205996 -1.211369
v -0.367186 15.536358 -1.290371
v -0.137322 16.793657 -0.881681
v -0.176262 16.668919 -0.968207
v -0.264290 16.421516 -1.052453
v -0.382762 16.059078 -1.178195
v -0.344648 15.379047 -1.276919
v -0.274792 15.002154 -1.243973
v -0.193254 14.496164 -1.256171
v -0.139800 14.086503 -1.162691
v -0.393146 15.695253 -1.272473
v -0.117970 16.813061 -0.858995
v -0.141806 16.782669 -0.912575
v -0.195850 16.589817 -1.008221
v -0.320458 16.261236 -1.120169
v -0.397866 15.852563 -1.257881
v -0.300044 15.225795 -1.272815
v -0.123044 13.972554 -1.126097
v -0.217444 14.781384 -1.278401
v -0.153016 14.212233 -1.218551
v -0.355622 15.535565 -1.306673
v -0.132956 16.799599 -0.886697
v -0.169654 16.674265 -0.974477
v -0.255440 16.424784 -1.062257
v -0.371552 16.059969 -1.192787
v -0.334146 15.378156 -1.293335
v -0.266650 15.003242 -1.258223
v -0.188888 14.500026 -1.264265
v -0.137558 14.090364 -1.167251
v -0.384768 15.696639 -1.293563
v -0.104518 16.827812 -0.872675
v -0.121982 16.794945 -0.928193
v -0.159978 16.597836 -1.027601
v -0.267712 16.259356 -1.141943
v -0.342760 15.849594 -1.299491
v -0.269836 15.223517 -1.325711
v -0.118088 13.975821 -1.134419
v -0.196676 14.788116 -1.311347
v -0.142868 14.229856 -1.241237
v -0.317036 15.533784 -1.360253
v -0.116436 16.813457 -0.899693
v -0.144756 16.687431 -0.990779
v -0.214376 16.429634 -1.086767
v -0.312788 16.056404 -1.223909
v -0.299926 15.375978 -1.347713
v -0.235380 15.007202 -1.298693
v -0.173076 14.511509 -1.293563
v -0.128236 14.102144 -1.181501
v -0.338394 15.694857 -1.346915
v -0.109592 16.823755 -0.868799
v -0.129770 16.792271 -0.921695
v -0.172604 16.595659 -1.022699
v -0.286120 16.260246 -1.134647
v -0.361522 15.850682 -1.285127
v -0.282934 15.223517 -1.309865
v -0.119622 13.974633 -1.132253
v -0.203166 14.786037 -1.300859
v -0.144992 14.223420 -1.234511
v -0.329780 15.534378 -1.341671
v -0.122572 16.809597 -0.895703
v -0.153842 16.683571 -0.985763
v -0.230306 16.429140 -1.081295
v -0.333792 16.057989 -1.214105
v -0.310900 15.376869 -1.328561
v -0.243404 15.006510 -1.283873
v -0.179448 14.507351 -1.285355
v -0.130360 14.098878 -1.176143
v -0.353144 15.695648 -1.327763
v -0.038556 16.840189 -0.872447
v -0.059678 16.818903 -0.941303
v -0.074428 16.636644 -1.085855
v -0.120094 16.283808 -1.236677
v -0.174728 15.866819 -1.431275
v -0.160804 15.249158 -1.468553
v -0.130006 14.154812 -1.266887
v -0.135434 14.604966 -1.447463
v -0.175554 15.557147 -1.501271
v -0.052362 16.829397 -0.906533
v -0.072658 16.725843 -1.032503
v -0.093308 16.460226 -1.159271
v -0.147706 16.078186 -1.333919
v -0.175908 15.403401 -1.497167
v -0.135906 14.375384 -1.379291
v -0.162456 14.927607 -1.440281
v -0.179920 15.713073 -1.485197
v -0.105698 14.601401 -1.455329
v -0.120566 15.559029 -1.536839
v -0.021918 16.844744 -0.870509
v -0.036078 16.819298 -0.940391
v -0.039028 16.643375 -1.102385
v -0.068764 16.292915 -1.263239
v -0.098854 15.868107 -1.455443
v -0.117026 15.248961 -1.503665
v -0.120566 14.133825 -1.256285
v -0.043512 16.730694 -1.040027
v -0.054722 16.469234 -1.178879
v -0.080682 16.084225 -1.360709
v -0.126112 15.404984 -1.537181
v -0.114194 14.923647 -1.456241
v -0.117734 14.363109 -1.381799
v -0.031122 16.832764 -0.905735
v -0.112188 15.715549 -1.519283
v -0.114076 14.601501 -1.454189
v -0.142632 15.560217 -1.532165
v -0.055666 16.730694 -1.038887
v -0.070062 16.468046 -1.175345
v -0.106170 16.084522 -1.358087
v -0.146172 15.406668 -1.530569
v -0.130242 14.926221 -1.451795
v -0.124342 14.364297 -1.381229
v -0.039618 16.832270 -0.906077
v -0.136496 15.716339 -1.511531
v -0.028172 16.844149 -0.871079
v -0.045754 16.820784 -0.941303
v -0.050474 16.644169 -1.100903
v -0.088588 16.292124 -1.261301
v -0.125050 15.868206 -1.448945
v -0.134608 15.251435 -1.499333
v -0.123988 14.135211 -1.256741
v -0.076788 14.601896 -1.457381
v -0.042096 15.554178 -1.537979
v -0.005988 16.728912 -1.040255
v -0.007404 16.472006 -1.186403
v -0.005162 16.084225 -1.365953
v -0.056374 15.399639 -1.543679
v -0.061566 14.921865 -1.464791
v -0.095314 14.361228 -1.378607
v -0.005870 16.832565 -0.903911
v -0.019794 15.710102 -1.516091
v -0.003746 16.846228 -0.868457
v -0.007050 16.815140 -0.936743
v -0.001976 16.638624 -1.097711
v -0.007522 16.294203 -1.266887
v -0.009882 15.865829 -1.456925
v -0.060858 15.243516 -1.499789
v -0.107468 14.129171 -1.252751
v 0.010060 16.846722 -0.866633
v 0.015016 16.814053 -0.932183
v 0.023984 16.637833 -1.096457
v 0.031300 16.289551 -1.251725
v 0.031300 15.865136 -1.445069
v -0.022272 15.239456 -1.487933
v -0.101214 14.126895 -1.250015
v -0.060032 14.603480 -1.453847
v -0.003510 15.551108 -1.523729
v 0.021152 16.725843 -1.036379
v 0.026698 16.471313 -1.184693
v 0.039324 16.078680 -1.342469
v -0.013776 15.396074 -1.528175
v -0.027700 14.922459 -1.460459
v -0.083042 14.361228 -1.372223
v 0.013246 16.832169 -0.900377
v 0.015488 15.706242 -1.493177
v 0.031300 16.844248 -0.864923
v 0.049354 16.820290 -0.924431
v 0.069768 16.622091 -1.071263
v 0.095020 16.275690 -1.208291
v 0.120036 15.849098 -1.400039
v 0.055254 15.199857 -1.444499
v -0.080800 14.124024 -1.235651
v -0.014012 14.608232 -1.416569
v 0.067880 15.526953 -1.486451
v 0.043336 16.832962 -0.894221
v 0.067762 16.718616 -1.016885
v 0.083928 16.453890 -1.144679
v 0.127824 16.065414 -1.300973
v 0.059384 15.364890 -1.476077
v -0.052480 14.360436 -1.342925
v 0.035784 14.912460 -1.416683
v 0.100448 15.685748 -1.458065
v 0.095374 14.594571 -1.300859
v 0.135258 15.486362 -1.371881
v 0.050180 16.830387 -0.852041
v 0.063868 16.797024 -0.907673
v 0.080388 16.593382 -1.029311
v 0.138562 16.255791 -1.138751
v 0.176086 15.830685 -1.335401
v 0.111068 15.138378 -1.331981
v 0.072128 14.168574 -1.206353
v 0.059620 16.814447 -0.880997
v 0.079208 16.679016 -0.978239
v 0.103988 16.423496 -1.080383
v 0.171248 16.042049 -1.233485
v 0.126998 15.310044 -1.361963
v 0.082630 14.377364 -1.263695
v 0.105994 14.885235 -1.335971
v 0.160864 15.656148 -1.367093
v 0.060092 16.835138 -0.853865
v 0.081096 16.804449 -0.910067
v 0.107528 16.594866 -1.027715
v 0.170776 16.255396 -1.131227
v 0.205822 15.828210 -1.325597
v 0.150244 15.131943 -1.334945
v 0.076022 14.133329 -1.202249
v 0.111894 14.579919 -1.303481
v 0.169360 15.483393 -1.374959
v 0.072954 16.820982 -0.883391
v 0.101510 16.685551 -0.979493
v 0.134078 16.425774 -1.082777
v 0.202990 16.044228 -1.237133
v 0.163224 15.305391 -1.359911
v 0.092188 14.351130 -1.269737
v 0.134668 14.873949 -1.350563
v 0.189066 15.655059 -1.365611
v 0.213964 14.657337 -1.274069
v 0.303762 15.477255 -1.295273
v 0.095256 16.799797 -0.828899
v 0.123576 16.754850 -0.876665
v 0.175142 16.571503 -0.994199
v 0.268598 16.248960 -1.094405
v 0.339280 15.819300 -1.251839
v 0.270840 15.119864 -1.273499
v 0.189184 14.295392 -1.221515
v 0.109062 16.777719 -0.854093
v 0.149654 16.655256 -0.958061
v 0.218094 16.411816 -1.049033
v 0.314854 16.034922 -1.175231
v 0.292670 15.297966 -1.284443
v 0.209598 14.467851 -1.244087
v 0.245234 14.903253 -1.296185
v 0.322052 15.646149 -1.283873
v 0.234732 14.589126 -1.206239
v 0.349074 15.470127 -1.234511
v 0.110714 16.798014 -0.833345
v 0.151778 16.750891 -0.871307
v 0.213020 16.558731 -0.967979
v 0.300458 16.241833 -1.057697
v 0.371376 15.808905 -1.175687
v 0.302700 15.110460 -1.220717
v 0.204288 14.132538 -1.131227
v 0.134078 16.776730 -0.850331
v 0.183874 16.646544 -0.938681
v 0.257034 16.402411 -1.015859
v 0.346832 16.025320 -1.114355
v 0.331020 15.290342 -1.215701
v 0.207592 14.354397 -1.180361
v 0.272846 14.865931 -1.225961
v 0.367246 15.637338 -1.213649
v 0.107882 16.780987 -0.820577
v 0.150480 16.733465 -0.855005
v 0.215852 16.542496 -0.942671
v 0.291962 16.233614 -1.025549
v 0.369252 15.802470 -1.116635
v 0.287124 15.100164 -1.158245
v 0.204170 14.114123 -1.098623
v 0.231546 14.564672 -1.160867
v 0.325120 15.463593 -1.166795
v 0.131364 16.758614 -0.835169
v 0.182340 16.626844 -0.917705
v 0.256326 16.389936 -0.984965
v 0.343764 16.018091 -1.065221
v 0.302464 15.284204 -1.147529
v 0.213846 14.331726 -1.146959
v 0.260810 14.848109 -1.170443
v 0.357688 15.631200 -1.152659
v 0.091244 16.748713 -0.803477
v 0.125700 16.699509 -0.830723
v 0.190128 16.519825 -0.921581
v 0.259630 16.223715 -0.984737
v 0.333852 15.797421 -1.037747
v 0.273200 15.062346 -1.075139
v 0.128886 14.188274 -1.015175
v 0.177030 14.584473 -1.030451
v 0.326654 15.445773 -1.086767
v 0.108826 16.724556 -0.816017
v 0.157206 16.595955 -0.889319
v 0.225764 16.373701 -0.954869
v 0.295974 16.008093 -1.001495
v 0.302346 15.259652 -1.068755
v 0.150480 14.384790 -1.036721
v 0.216914 14.837319 -1.063853
v 0.339634 15.619716 -1.072973
v 0.095256 16.739208 -0.795383
v 0.132426 16.689312 -0.820577
v 0.200276 16.514578 -0.912233
v 0.264822 16.221338 -0.968891
v 0.330784 15.796431 -1.004345
v 0.253966 15.051752 -1.037975
v 0.124874 14.134122 -1.001609
v 0.173018 14.569623 -1.014833
v 0.314736 15.441516 -1.045499
v 0.114726 16.714853 -0.807125
v 0.165702 16.587837 -0.880997
v 0.233080 16.369642 -0.943013
v 0.299750 16.006411 -0.976415
v 0.291372 15.251832 -1.030679
v 0.143754 14.347566 -1.026347
v 0.209716 14.821181 -1.033871
v 0.326418 15.617340 -1.034327
v 0.214554 16.909883 1.398433
v 0.278982 17.043434 1.264939
v 0.353912 17.175501 1.072963
v 0.361228 17.248564 0.851917
v 0.354266 17.300835 0.635317
v 0.351316 17.315586 0.401845
v 0.350608 17.291233 0.123229
v 0.315798 17.223911 -0.137033
v 0.225056 17.116497 -0.368225
v 0.147648 16.974236 -0.536831
v 0.589204 15.813559 0.066457
v 0.523950 15.868602 -0.115259
v 0.371258 15.970572 -0.357737
v 0.266710 16.208469 -0.552677
v 0.137618 16.554077 -0.631337
v 0.184464 16.593678 -0.610931
v 0.393442 16.338060 -0.533525
v 0.583540 16.149565 -0.349985
v 0.707086 16.057692 -0.087557
v 0.743312 15.965028 0.179089
v 0.767620 16.171642 0.855679
v 0.797946 16.172335 0.764023
v 0.799362 16.180056 0.696307
v 0.832992 16.202133 0.607501
v 0.845500 16.262918 0.506383
v 0.844792 16.257177 0.307339
v 0.824378 16.268068 0.036931
v 0.676760 16.325191 -0.303701
v 0.449492 16.453594 -0.520415
v 0.207474 16.635258 -0.600899
v 0.230012 16.685055 -0.602267
v 0.474626 16.550415 -0.511067
v 0.698590 16.453989 -0.265169
v 0.823316 16.398252 0.057223
v 0.846326 16.355286 0.313267
v 0.836532 16.338554 0.517213
v 0.814466 16.346178 0.651391
v 0.786736 16.356672 0.774625
v 0.761602 16.365484 0.895693
v 0.725376 16.371027 1.007755
v 0.678058 16.547445 1.124263
v 0.723488 16.548733 0.990655
v 0.754522 16.532299 0.846787
v 0.801368 16.516260 0.685591
v 0.834644 16.502203 0.493615
v 0.850220 16.542000 0.279067
v 0.815646 16.585066 0.035449
v 0.714520 16.619516 -0.246017
v 0.493388 16.661196 -0.494309
v 0.237918 16.737921 -0.600215
v 0.213256 16.907112 -0.555185
v 0.229540 16.814745 -0.584597
v 0.479936 16.834940 -0.456803
v 0.394150 17.014130 -0.425453
v 0.557462 17.101547 -0.187877
v 0.701894 16.864443 -0.231881
v 0.784612 16.859295 0.030775
v 0.632392 17.140652 0.067597
v 0.646080 17.142534 0.334471
v 0.796412 16.825438 0.301297
v 0.818832 16.810587 0.525877
v 0.666612 17.112734 0.554833
v 0.662600 17.079966 0.761629
v 0.773520 16.817219 0.720703
v 0.709564 16.815439 0.921799
v 0.609972 17.045910 0.993505
v 0.490556 16.969879 1.191067
v 0.636168 16.813953 1.099981
v 0.535986 16.779995 1.270069
v 0.379872 16.873156 1.353060
v 0.111776 16.916714 1.406071
v 0.126762 17.067392 1.293211
v 0.162044 17.222130 1.108645
v 0.163696 17.312912 0.883723
v 0.165348 17.367758 0.674875
v 0.163578 17.383499 0.446305
v 0.160628 17.359938 0.167917
v 0.144344 17.281233 -0.091433
v 0.106348 17.151047 -0.340409
v 0.070712 16.993044 -0.528395
v 0.355564 15.492105 -0.097817
v 0.286534 15.639119 -0.193121
v 0.182458 15.845139 -0.364463
v 0.134904 16.102440 -0.537287
v 0.085344 16.515766 -0.638291
v 0.159566 15.359445 -0.197339
v 0.091598 15.513984 -0.254681
v 0.068352 15.796134 -0.381791
v 0.065402 16.082542 -0.538769
v 0.046522 16.501015 -0.641825
v -0.216618 16.919189 1.396495
v -0.309720 17.054127 1.260493
v -0.381346 17.168869 1.064413
v -0.400344 17.234901 0.851347
v -0.394326 17.275194 0.637939
v -0.393264 17.288460 0.396829
v -0.389134 17.264799 0.116959
v -0.334264 17.208864 -0.133271
v -0.230896 17.102934 -0.355685
v -0.157736 16.966215 -0.526001
v -0.588790 15.816428 0.033967
v -0.514332 15.876423 -0.147521
v -0.372024 15.976710 -0.370733
v -0.279512 16.205698 -0.536603
v -0.158326 16.548038 -0.620279
v -0.207650 16.585560 -0.597707
v -0.410846 16.330536 -0.510611
v -0.583244 16.152929 -0.353633
v -0.696052 16.062542 -0.123923
v -0.761306 15.971364 0.157999
v -0.781602 16.147287 0.889879
v -0.804140 16.125111 0.787621
v -0.818890 16.110262 0.723211
v -0.842018 16.148970 0.644893
v -0.856296 16.206787 0.551413
v -0.845322 16.210350 0.345415
v -0.850986 16.265593 0.054829
v -0.700064 16.323805 -0.293555
v -0.476218 16.441515 -0.492371
v -0.230896 16.626150 -0.588131
v -0.252844 16.672482 -0.589043
v -0.504066 16.528141 -0.482453
v -0.735346 16.434387 -0.233591
v -0.865146 16.374294 0.116959
v -0.871990 16.328358 0.380869
v -0.869748 16.300144 0.580597
v -0.840366 16.298065 0.712495
v -0.789980 16.321627 0.829573
v -0.800364 16.333111 0.900139
v -0.742898 16.363207 1.020409
v -0.692158 16.554077 1.136575
v -0.742308 16.561998 0.983473
v -0.766734 16.540615 0.877339
v -0.808978 16.526161 0.737461
v -0.863258 16.510815 0.583219
v -0.892758 16.543980 0.379843
v -0.864910 16.588135 0.111487
v -0.753636 16.618132 -0.189929
v -0.522710 16.655157 -0.458969
v -0.259334 16.734060 -0.584369
v -0.226766 16.897808 -0.543329
v -0.248360 16.807220 -0.571715
v -0.495806 16.830191 -0.431723
v -0.396922 16.996708 -0.407213
v -0.568612 17.088284 -0.184913
v -0.723428 16.859394 -0.206231
v -0.815940 16.855139 0.079567
v -0.661596 17.116100 0.055399
v -0.690978 17.101349 0.324211
v -0.836472 16.826033 0.350431
v -0.836944 16.803261 0.554263
v -0.713988 17.095509 0.552667
v -0.661478 17.072937 0.760945
v -0.792104 16.809101 0.740425
v -0.725788 16.812271 0.930805
v -0.589734 17.043337 0.987235
v -0.512798 16.987103 1.171231
v -0.677054 16.809299 1.068403
v -0.545366 16.792469 1.277593
v -0.355150 16.900776 1.359673
v -0.104282 16.923943 1.408465
v -0.175908 17.078085 1.289563
v -0.209066 17.219952 1.114459
v -0.218388 17.314102 0.907207
v -0.207768 17.369837 0.688669
v -0.202222 17.385481 0.442885
v -0.194670 17.362413 0.154465
v -0.164580 17.278955 -0.095993
v -0.113014 17.143621 -0.334139
v -0.080682 16.988688 -0.522125
v -0.393854 15.520123 -0.088583
v -0.301696 15.642387 -0.193463
v -0.197974 15.848109 -0.364577
v -0.150184 16.103331 -0.527027
v -0.103810 16.511805 -0.630083
v -0.197502 15.359840 -0.203723
v -0.111008 15.515073 -0.252971
v -0.087762 15.797223 -0.379055
v -0.083750 16.083235 -0.531473
v -0.064516 16.498737 -0.636467
v -0.010944 16.929783 1.415077
v -0.014838 17.080956 1.298227
v -0.009174 17.216784 1.121869
v -0.013658 17.319447 0.909943
v -0.012124 17.380033 0.698359
v -0.013894 17.393499 0.472639
v -0.013068 17.374193 0.163585
v -0.009292 17.290539 -0.086645
v -0.003982 17.154016 -0.332771
v -0.005398 16.995815 -0.522809
v -0.077850 15.330636 -0.249095
v -0.010236 15.491016 -0.263915
v -0.010118 15.788412 -0.387833
v -0.009882 16.081947 -0.540023
v -0.009056 16.496857 -0.638177
v 0.237446 16.968391 1.338697
v 0.775526 16.176888 0.804493
v 0.738946 16.370136 0.949045
v 0.696938 16.545465 1.064413
v 0.434152 16.907408 1.274401
v 0.604190 16.796728 1.209079
v 0.118148 16.981165 1.359673
v -0.010000 16.992054 1.372327
v -0.260868 16.982353 1.342345
v -0.791278 16.148079 0.845761
v -0.791632 16.350931 0.981649
v -0.719180 16.562691 1.061221
v -0.425832 16.940773 1.291045
v -0.622774 16.799698 1.185823
v -0.131894 16.991062 1.369705
v 0.078854 16.879986 -0.777827
v 0.072128 16.653572 -0.719231
v 0.093486 16.681690 -0.714557
v 0.103752 16.709608 -0.721169
v 0.126526 16.739208 -0.734279
v 0.145052 16.766335 -0.749669
v 0.112838 16.850187 -0.761525
v 0.141040 16.809299 -0.754229
v 0.033542 16.895134 -0.775091
v 0.049354 16.626249 -0.721967
v 0.025518 16.615656 -0.720371
v -0.119268 16.885431 -0.769277
v -0.092954 16.649513 -0.714899
v -0.114784 16.681789 -0.715013
v -0.125286 16.711489 -0.722195
v -0.138030 16.741188 -0.731087
v -0.139092 16.773758 -0.742943
v -0.151482 16.850981 -0.755711
v -0.137794 16.808607 -0.744197
v -0.056846 16.897114 -0.769277
v -0.069354 16.619616 -0.720257
v -0.044338 16.610312 -0.720827
v -0.010708 16.898994 -0.769733
v -0.009174 16.608330 -0.724247
v -0.177088 16.718716 -0.659381
v -0.179802 16.760296 -0.663941
v 0.107292 16.931267 -0.657671
v 0.146232 16.878899 -0.654821
v 0.157678 16.761879 -0.671351
v 0.154374 16.726141 -0.667133
v -0.163164 16.873650 -0.646613
v -0.122336 16.927210 -0.651173
v -0.063100 16.949089 -0.647867
v -0.172604 16.808113 -0.656189
v 0.152486 16.813259 -0.664283
v 0.047938 16.951464 -0.651287
v 0.034604 16.621300 -0.667589
v -0.009410 16.618330 -0.667931
v -0.053660 16.619417 -0.664511
v 0.136910 16.690302 -0.662459
v 0.123222 16.667236 -0.660863
v -0.145346 16.662285 -0.654479
v -0.159624 16.684757 -0.655733
v -0.084340 16.627438 -0.662687
v -0.116672 16.644268 -0.659039
v 0.095610 16.649414 -0.664967
v 0.064694 16.630903 -0.667475
v -0.008112 16.951860 -0.650033
v 0.092660 16.749010 -0.967067
v 0.100330 16.604963 -0.745565
v 0.126762 16.627832 -0.769049
v 0.138326 16.653870 -0.792647
v 0.150834 16.650406 -0.853067
v 0.154256 16.708321 -0.841895
v 0.131010 16.770294 -0.902429
v 0.155082 16.764057 -0.871193
v 0.042156 16.813755 -0.953501
v 0.064694 16.587540 -0.726071
v 0.029766 16.579027 -0.714329
v -0.109828 16.817022 -0.933779
v -0.125286 16.601896 -0.739637
v -0.149712 16.625259 -0.760613
v -0.160922 16.650999 -0.784553
v -0.171306 16.674461 -0.807695
v -0.168002 16.711786 -0.840755
v -0.158680 16.781681 -0.877349
v -0.170598 16.740198 -0.859337
v -0.057318 16.830685 -0.947687
v -0.090240 16.580908 -0.722651
v -0.051890 16.572294 -0.719459
v -0.010472 16.832565 -0.950879
v -0.010354 16.572294 -0.717863
v 0.489966 16.751682 -0.481427
v 0.716762 16.745941 -0.252059
v 0.801250 16.720795 0.026899
v 0.824968 16.694460 0.274963
v 0.735642 16.672680 0.896491
v 0.688678 16.681690 1.074331
v 0.233434 16.777719 -0.591779
v 0.789332 16.669216 0.710557
v 0.845736 16.665257 0.498517
v 0.605960 16.683174 1.214665
v 0.654104 16.696144 1.152535
v 0.148828 16.788214 -0.754001
v 0.155790 16.788113 -0.667817
v 0.153194 16.740791 -0.862073
v 0.221988 16.860582 -0.570461
v 0.441586 16.921864 -0.436511
v 0.642068 16.985916 -0.207371
v 0.721128 17.007994 0.043771
v 0.732692 16.984234 0.316573
v 0.751690 16.965620 0.539785
v 0.746262 16.956018 0.752167
v 0.585664 16.891373 1.151281
v 0.704018 16.938694 0.964663
v 0.454684 16.842169 1.317607
v 0.527372 16.861870 1.242253
v 0.126998 16.831278 -0.756395
v 0.150362 16.845732 -0.659723
v 0.146822 16.769009 -0.883619
v 0.315562 17.069769 -0.397523
v 0.444418 17.167482 -0.166559
v 0.496220 17.221832 0.094045
v 0.186116 16.942059 -0.545837
v 0.517814 17.213022 0.593137
v 0.522534 17.167582 0.806545
v 0.281932 16.898895 1.379281
v 0.400168 17.011063 1.229941
v 0.505306 17.234406 0.366619
v 0.490910 17.110458 1.033747
v 0.363470 16.943346 1.312363
v 0.097262 16.864244 -0.772469
v 0.131010 16.905626 -0.656645
v 0.107882 16.744356 -0.957605
v -0.319160 17.053928 -0.383159
v -0.459344 17.151443 -0.161771
v -0.534628 17.190845 0.084583
v -0.197620 16.933149 -0.533981
v -0.566016 17.187975 0.590629
v -0.563656 17.168371 0.800617
v -0.297330 16.910181 1.374037
v -0.424180 17.026308 1.225381
v -0.554688 17.198172 0.356701
v -0.522828 17.124121 1.024627
v -0.352790 16.960869 1.317835
v -0.143222 16.868402 -0.762779
v -0.146762 16.900875 -0.649007
v -0.136614 16.798609 -0.900605
v -0.238566 16.851969 -0.558149
v -0.451320 16.913548 -0.420779
v -0.654516 16.978888 -0.202469
v -0.742780 16.997993 0.047419
v -0.766616 16.967403 0.321589
v -0.791396 16.964233 0.540127
v -0.742898 16.957502 0.740197
v -0.615340 16.916815 1.116283
v -0.685314 16.941069 0.957823
v -0.444594 16.865335 1.322737
v -0.527902 16.891768 1.250803
v -0.145228 16.829992 -0.749897
v -0.168946 16.840387 -0.651515
v -0.171070 16.759800 -0.864581
v -0.512090 16.741982 -0.449849
v -0.748326 16.734358 -0.204407
v -0.842490 16.716734 0.099631
v -0.871518 16.687729 0.366847
v -0.761306 16.659216 0.892729
v -0.719888 16.658920 1.028617
v -0.254260 16.769403 -0.579239
v -0.808034 16.669809 0.734839
v -0.851340 16.658325 0.570907
v -0.626432 16.671394 1.217971
v -0.688500 16.665552 1.116625
v -0.136378 16.790689 -0.743627
v -0.176380 16.783165 -0.661319
v -0.167058 16.726339 -0.851015
v -0.723192 16.446663 1.074445
v -0.750804 16.459038 0.942547
v -0.818772 16.416567 0.731419
v -0.785378 16.434586 0.857617
v -0.857476 16.393698 0.591541
v -0.885796 16.429239 0.387253
v -0.259334 16.702776 -0.589955
v -0.515984 16.592489 -0.469115
v -0.748090 16.523685 -0.200075
v -0.865500 16.479631 0.123913
v -0.794818 16.466761 1.041385
v -0.139800 16.758314 -0.738383
v -0.180156 16.740595 -0.662117
v -0.172014 16.695351 -0.826619
v -0.788210 16.168770 -0.043667
v -0.218742 16.603579 -0.592235
v -0.447780 16.384295 -0.500579
v -0.648144 16.237576 -0.326729
v -0.809332 16.079472 0.262537
v -0.119740 16.694559 -0.718889
v -0.152190 16.671690 -0.654707
v -0.156438 16.639317 -0.772811
v -0.604248 15.963939 -0.144899
v -0.345356 16.270443 -0.526571
v -0.183932 16.566750 -0.608537
v -0.670210 15.910479 0.070333
v -0.471498 16.056305 -0.365147
v -0.104046 16.665453 -0.714671
v -0.131658 16.653078 -0.656645
v -0.137204 16.612093 -0.748643
v -0.281990 15.912359 -0.366743
v -0.211308 16.148476 -0.533069
v -0.519406 15.692481 -0.023261
v -0.404356 15.771186 -0.164051
v -0.131068 16.529427 -0.625865
v -0.082098 16.634069 -0.717635
v -0.101332 16.635754 -0.660863
v -0.112306 16.592094 -0.732341
v 0.274144 15.909785 -0.356825
v 0.199450 16.150356 -0.546179
v 0.501412 15.678225 -0.004565
v 0.405478 15.768711 -0.145241
v 0.112366 16.534971 -0.635441
v 0.061626 16.638823 -0.721853
v 0.081214 16.640209 -0.666335
v 0.085462 16.595955 -0.738725
v 0.614810 15.956712 -0.108305
v 0.331728 16.275097 -0.545609
v 0.161808 16.574076 -0.620735
v 0.667320 15.902262 0.108295
v 0.475216 16.049871 -0.352721
v 0.082866 16.667433 -0.716951
v 0.109888 16.658127 -0.662915
v 0.113428 16.614567 -0.755483
v 0.782134 16.166197 -0.023489
v 0.195438 16.611895 -0.605459
v 0.425184 16.394491 -0.526457
v 0.638882 16.237377 -0.328895
v 0.796412 16.090858 0.258205
v 0.097970 16.694361 -0.715355
v 0.129712 16.676937 -0.661091
v 0.133488 16.642288 -0.781133
v 0.347776 17.302023 0.264589
v 0.723488 16.020864 0.033625
v 0.567374 15.837913 -0.030557
v 0.827564 16.256880 0.190945
v 0.839718 16.378254 0.192313
v 0.835588 16.565760 0.155947
v 0.636640 17.139761 0.203143
v 0.790512 16.837217 0.168943
v 0.162162 17.370531 0.308821
v 0.319220 15.562890 -0.150371
v 0.129358 15.429537 -0.234275
v -0.013894 17.383797 0.317827
v -0.042922 15.416765 -0.252629
v -0.390786 17.276777 0.257179
v -0.727204 16.029873 0.001705
v -0.561532 15.843060 -0.061451
v -0.846738 16.228863 0.218077
v -0.865264 16.344099 0.261397
v -0.878126 16.564869 0.247603
v -0.673514 17.110062 0.191059
v -0.825144 16.836128 0.217279
v -0.198918 17.373898 0.298333
v -0.347244 15.580512 -0.146609
v -0.155022 15.435378 -0.229487
v 0.814112 16.707529 0.150133
v 0.724196 16.996708 0.181027
v 0.497400 17.226980 0.233011
v -0.543124 17.194311 0.221269
v -0.753164 16.983936 0.184561
v -0.857476 16.705252 0.230161
v -0.874586 16.449930 0.259573
v -0.820070 16.129864 0.118669
v -0.644132 15.934833 -0.040019
v -0.468902 15.731289 -0.082769
v 0.456218 15.725547 -0.072053
v 0.649502 15.927408 -0.002513
v 0.806206 16.134417 0.128359
v -0.080328 16.599520 -0.718775
v -0.111480 16.624170 -0.723677
v 0.057614 16.606647 -0.720941
v 0.027406 16.598331 -0.712619
v -0.158680 16.774849 -0.800399
v -0.168002 16.817022 -0.820007
v 0.037554 16.847811 -0.878831
v 0.084872 16.826033 -0.879743
v -0.157972 16.707331 -0.769733
v -0.158562 16.743465 -0.790595
v 0.163932 16.774849 -0.811343
v 0.153784 16.734852 -0.795155
v 0.113310 16.654366 -0.739067
v 0.087940 16.627537 -0.728921
v -0.146644 16.680996 -0.751379
v -0.010118 16.590906 -0.715811
v -0.048232 16.591599 -0.716381
v 0.124284 16.681293 -0.755255
v -0.116436 16.851177 -0.852269
v -0.007640 16.860781 -0.870395
v -0.056256 16.863155 -0.859223
v 0.143164 16.806824 -0.840299
v 0.140922 16.707825 -0.775661
v -0.135788 16.653276 -0.734849
v 0.162516 16.756138 -0.803591
v 0.159566 16.793657 -0.820919
v 0.114254 16.813755 -0.862529
v -0.150302 16.835932 -0.836423
v -0.164226 16.794548 -0.807809
v -0.156910 16.759108 -0.796295
v -0.159978 16.726439 -0.783755
v -0.141924 16.666740 -0.743513
v -0.123634 16.638031 -0.728123
v -0.098382 16.611795 -0.720941
v 0.074724 16.616251 -0.726755
v 0.100684 16.640011 -0.732683
v 0.119564 16.667929 -0.747389
v -0.120330 16.612686 -0.729719
v 0.028940 16.588430 -0.712277
v -0.178504 16.802666 -0.850445
v 0.093604 16.803360 -0.913487
v -0.169890 16.727823 -0.816017
v 0.159920 16.721189 -0.817271
v 0.095846 16.615854 -0.735419
v -0.050356 16.581699 -0.716723
v -0.118560 16.841375 -0.896843
v -0.058852 16.855335 -0.907559
v 0.150716 16.693172 -0.794585
v -0.146290 16.639416 -0.745223
v 0.163932 16.748316 -0.832091
v 0.159212 16.783659 -0.853979
v 0.116260 16.796036 -0.897869
v -0.155730 16.823359 -0.872447
v -0.179094 16.777224 -0.834485
v -0.169300 16.742277 -0.823427
v -0.172368 16.711786 -0.803819
v -0.153370 16.653078 -0.756053
v -0.133074 16.624468 -0.736445
v -0.106760 16.601797 -0.725045
v 0.081332 16.605955 -0.731201
v 0.109652 16.626646 -0.742487
v 0.130892 16.655157 -0.762437
v -0.085992 16.590212 -0.718661
v 0.062098 16.596647 -0.723449
v -0.172486 16.756138 -0.828785
v 0.044634 16.837217 -0.920099
v -0.170598 16.691193 -0.786491
v 0.164522 16.769205 -0.843605
v 0.123694 16.641296 -0.751835
v -0.158680 16.665949 -0.765743
v -0.010354 16.581303 -0.715811
v 0.136320 16.667631 -0.772013
v -0.007640 16.854246 -0.914399
v 0.142338 16.791975 -0.874499
v 0.829924 16.214508 0.147625
v 0.768328 16.279057 -0.115715
v 0.620238 16.393599 -0.376205
v 0.510852 16.461712 -0.474929
v 0.381760 16.561504 -0.553589
v 0.277684 16.634764 -0.592121
v 0.833464 16.173225 0.277129
v 0.806678 16.253218 -0.023831
v 0.735642 16.312717 -0.195515
v 0.674872 16.356077 -0.321713
v 0.561710 16.430824 -0.427961
v 0.443120 16.515171 -0.533639
v 0.328542 16.599718 -0.571829
v 0.211840 16.669909 -0.592121
v 0.815646 16.114716 0.098149
v 0.774346 16.053534 0.076945
v 0.751454 16.200352 -0.141365
v 0.709918 16.144417 -0.155387
v 0.596756 16.337961 -0.402311
v 0.556282 16.294699 -0.415193
v 0.492798 16.426071 -0.502289
v 0.459876 16.393896 -0.511865
v 0.370432 16.523090 -0.567041
v 0.337510 16.503389 -0.568409
v 0.264822 16.605459 -0.603293
v 0.246768 16.594074 -0.600329
v 0.774818 16.007597 0.219445
v 0.801486 16.054226 0.241903
v 0.758770 16.103926 -0.045491
v 0.789214 16.162138 -0.051647
v 0.676052 16.174610 -0.236783
v 0.716762 16.232824 -0.221393
v 0.602774 16.252821 -0.373013
v 0.649148 16.297569 -0.352835
v 0.509790 16.345486 -0.458171
v 0.545662 16.378155 -0.447797
v 0.382704 16.455475 -0.552563
v 0.427190 16.478838 -0.548117
v 0.291372 16.554871 -0.584825
v 0.322052 16.565662 -0.583685
v 0.203934 16.649414 -0.596111
v 0.207002 16.660107 -0.602837
v 0.804790 16.214607 0.778615
v 0.793108 16.324596 0.847129
v 0.774936 16.401123 0.870841
v 0.838066 16.273117 0.603169
v 0.838420 16.346178 0.618901
v 0.827446 16.396273 0.619927
v 0.851872 16.336081 0.386569
v 0.860486 16.373007 0.390901
v 0.853760 16.419142 0.389191
v 0.848096 16.350039 0.150931
v 0.857772 16.399736 0.150703
v 0.849984 16.436268 0.157087
v 0.788388 16.372808 -0.059513
v 0.803964 16.424290 -0.042185
v 0.798064 16.444187 -0.033179
v 0.731984 16.414389 -0.202925
v 0.748268 16.450426 -0.183773
v 0.743194 16.472105 -0.172031
v 0.649620 16.472006 -0.340865
v 0.671568 16.501509 -0.328439
v 0.669680 16.521507 -0.317723
v 0.542004 16.535564 -0.454637
v 0.558878 16.561998 -0.450647
v 0.557226 16.579323 -0.439703
v 0.423414 16.603182 -0.538883
v 0.443356 16.627239 -0.538883
v 0.445480 16.638426 -0.528167
v 0.291136 16.659908 -0.589955
v 0.313792 16.684856 -0.589157
v 0.313320 16.695450 -0.580949
v 0.228242 16.692183 -0.592235
v 0.228596 16.708023 -0.602723
v 0.230012 16.715746 -0.594059
v 0.361110 16.628527 -0.563621
v 0.380462 16.654762 -0.563279
v 0.380226 16.666740 -0.553475
v 0.708738 16.441813 -0.270983
v 0.721836 16.473591 -0.255935
v 0.717352 16.493093 -0.244649
v 0.755702 16.394194 -0.141707
v 0.774936 16.434486 -0.116171
v 0.771396 16.455574 -0.100895
v 0.851164 16.340338 0.255925
v 0.864734 16.380926 0.267325
v 0.857182 16.418053 0.269263
v 0.817180 16.240347 0.698245
v 0.820366 16.340040 0.722413
v 0.801840 16.406767 0.741451
v 0.828980 16.361326 0.034081
v 0.840898 16.408648 0.047647
v 0.835588 16.438744 0.062125
v 0.777296 16.192432 0.860011
v 0.764080 16.293114 0.939583
v 0.736232 16.376671 1.011061
v 0.851636 16.316181 0.460555
v 0.858126 16.366177 0.495325
v 0.847270 16.410034 0.497605
v 0.598408 16.504875 -0.400145
v 0.616816 16.530121 -0.394673
v 0.617878 16.547544 -0.381107
v 0.487724 16.572887 -0.513233
v 0.503300 16.597342 -0.508103
v 0.504716 16.614470 -0.493397
v 0.733754 16.616053 0.953491
v 0.732220 16.690994 0.971275
v 0.699062 16.742674 1.001827
v 0.798418 16.569126 0.736549
v 0.805026 16.660900 0.731647
v 0.786028 16.752377 0.737005
v 0.843730 16.568136 0.522685
v 0.860486 16.660603 0.520747
v 0.841842 16.746931 0.498289
v 0.851518 16.604767 0.278155
v 0.850220 16.658920 0.264019
v 0.822254 16.755543 0.260599
v 0.828272 16.630606 0.066343
v 0.829924 16.676739 0.072499
v 0.812932 16.741783 0.080365
v 0.768918 16.658424 -0.096335
v 0.778948 16.691093 -0.094055
v 0.772812 16.736238 -0.087443
v 0.728562 16.691193 -0.244193
v 0.736822 16.711786 -0.248525
v 0.729978 16.742178 -0.246587
v 0.580826 16.695549 -0.409949
v 0.586490 16.723665 -0.409949
v 0.575162 16.748415 -0.400943
v 0.377984 16.724655 -0.552335
v 0.387070 16.742674 -0.555983
v 0.391672 16.766630 -0.541391
v 0.256680 16.759502 -0.574223
v 0.253376 16.774254 -0.580949
v 0.249600 16.783760 -0.572057
v 0.747206 16.677036 -0.174881
v 0.755584 16.705351 -0.179441
v 0.748858 16.738020 -0.178643
v 0.798654 16.644960 -0.027365
v 0.809864 16.684561 -0.015053
v 0.797002 16.740099 -0.007301
v 0.855884 16.573284 0.394435
v 0.858244 16.654762 0.385771
v 0.829452 16.757919 0.371749
v 0.773048 16.579918 0.821251
v 0.776234 16.685749 0.824101
v 0.738356 16.766829 0.885889
v 0.840072 16.619221 0.155947
v 0.842550 16.663967 0.158455
v 0.818006 16.750099 0.164953
v 0.687498 16.573977 1.106593
v 0.678884 16.613279 1.138399
v 0.654930 16.647039 1.163251
v 0.821546 16.564968 0.620269
v 0.832638 16.653770 0.620953
v 0.821546 16.745050 0.615139
v 0.670034 16.694162 -0.322055
v 0.670978 16.722576 -0.330947
v 0.663662 16.746733 -0.320345
v 0.503418 16.706438 -0.492029
v 0.497990 16.734852 -0.503885
v 0.498698 16.757721 -0.487013
v 0.714520 16.666840 1.056205
v 0.723724 16.597738 1.010149
v 0.686790 16.709904 1.089151
v 0.720420 16.754751 0.945625
v 0.752516 16.700796 0.901621
v 0.751218 16.607538 0.892729
v 0.642422 17.049671 0.911653
v 0.692808 17.011160 0.883609
v 0.713340 16.966215 0.892843
v 0.532092 16.981461 1.157209
v 0.588142 16.963245 1.121527
v 0.629324 16.934931 1.083793
v 0.749330 16.983341 0.654355
v 0.734698 17.025812 0.651049
v 0.695050 17.072937 0.641131
v 0.746616 16.990370 0.419059
v 0.733518 17.029873 0.419743
v 0.701304 17.068876 0.420769
v 0.735052 17.000765 0.232669
v 0.718296 17.044228 0.229705
v 0.685964 17.081549 0.246121
v 0.711924 17.042543 0.063151
v 0.699416 17.076204 0.064975
v 0.664724 17.111744 0.069991
v 0.672158 17.014429 -0.122099
v 0.657644 17.041157 -0.136235
v 0.626728 17.061651 -0.143759
v 0.588142 16.957502 -0.288083
v 0.573510 16.984133 -0.299939
v 0.544482 17.006508 -0.294467
v 0.425892 16.888796 -0.476525
v 0.417986 16.908102 -0.483023
v 0.406186 16.927408 -0.470939
v 0.258922 16.852465 -0.546293
v 0.254674 16.853453 -0.554729
v 0.251488 16.855038 -0.547775
v 0.692690 17.031158 -0.030329
v 0.674636 17.062838 -0.042527
v 0.647850 17.084518 -0.043325
v 0.716408 17.030268 0.133033
v 0.703074 17.065413 0.137821
v 0.668736 17.105904 0.151159
v 0.752398 16.985323 0.542863
v 0.735642 17.031158 0.534769
v 0.700360 17.075016 0.534313
v 0.693280 16.951662 0.987919
v 0.640534 17.003042 1.024855
v 0.586962 17.035612 1.046743
v 0.745908 16.983046 0.327973
v 0.729742 17.032347 0.329227
v 0.696584 17.075214 0.327289
v 0.546016 16.799894 1.269613
v 0.515808 16.825438 1.297771
v 0.468844 16.851673 1.313959
v 0.737648 16.983738 0.761287
v 0.715936 17.030169 0.770407
v 0.683958 17.068184 0.757639
v 0.653514 16.989975 -0.207485
v 0.635696 17.020763 -0.215921
v 0.604426 17.039576 -0.214781
v 0.519230 16.927605 -0.368909
v 0.508492 16.946512 -0.381221
v 0.487252 16.970867 -0.374039
v 0.477104 16.895134 1.265053
v 0.583068 16.869987 1.189927
v 0.544010 16.894638 1.229143
v 0.495158 16.940575 1.223101
v 0.598880 16.905527 1.144555
v 0.550500 16.928892 1.192435
v -0.029588 17.314795 0.942547
v 0.058558 17.330536 0.914503
v 0.145642 17.314398 0.914503
v 0.013364 17.153522 1.217059
v 0.089356 17.167780 1.203037
v 0.170776 17.175501 1.171231
v 0.087350 17.384489 0.671911
v 0.021388 17.396864 0.674647
v -0.047524 17.390230 0.667579
v 0.064340 17.398745 0.446419
v 0.011712 17.409834 0.466369
v -0.060268 17.401220 0.450409
v 0.062806 17.385283 0.272455
v 0.009470 17.397261 0.269377
v -0.059796 17.388746 0.271543
v 0.044634 17.346672 0.065887
v 0.003806 17.358652 0.066115
v -0.047052 17.355780 0.083329
v 0.047112 17.286184 -0.113093
v 0.007700 17.288361 -0.128939
v -0.031948 17.276579 -0.133157
v 0.061744 17.198765 -0.271325
v 0.028704 17.202032 -0.281927
v -0.010000 17.196192 -0.278963
v 0.059502 17.069471 -0.456803
v 0.036846 17.075708 -0.461477
v 0.006520 17.072342 -0.451559
v 0.036374 16.982847 -0.536945
v 0.034132 16.985420 -0.544811
v 0.031064 16.981758 -0.538427
v 0.043926 17.318457 -0.021323
v 0.003806 17.325386 -0.035459
v -0.038438 17.317368 -0.034205
v 0.060328 17.377758 0.159937
v 0.011476 17.390036 0.161305
v -0.055312 17.382214 0.164155
v 0.076140 17.392410 0.558253
v 0.014898 17.404390 0.565663
v -0.054486 17.397459 0.552781
v 0.156970 17.277273 1.006729
v 0.067526 17.271332 1.049251
v -0.019676 17.250048 1.079689
v 0.058794 17.393696 0.362401
v 0.012538 17.403795 0.370609
v -0.062982 17.395578 0.361375
v 0.356862 16.900381 1.351579
v 0.294676 16.916021 1.386919
v 0.239098 16.930475 1.389997
v 0.110714 17.356176 0.778957
v 0.038970 17.369740 0.787849
v -0.043630 17.365284 0.784429
v 0.057378 17.245098 -0.187649
v 0.019618 17.252028 -0.194831
v -0.017552 17.243910 -0.194375
v 0.059738 17.147484 -0.360017
v 0.036492 17.149466 -0.370277
v -0.000206 17.145109 -0.361385
v 0.136438 17.002844 1.352035
v 0.224938 17.035021 1.302787
v 0.168888 17.019575 1.341205
v 0.075904 17.075312 1.306093
v 0.185644 17.095112 1.250347
v 0.112012 17.095310 1.290133
v -0.481882 17.173620 0.944599
v -0.423826 17.219753 0.922711
v -0.342760 17.247572 0.924307
v -0.362466 17.075907 1.214437
v -0.303820 17.118874 1.203265
v -0.242224 17.156096 1.180693
v -0.387010 17.288261 0.653899
v -0.447190 17.263412 0.661993
v -0.498756 17.227377 0.650821
v -0.390786 17.300341 0.426469
v -0.442116 17.280935 0.434107
v -0.498166 17.239653 0.419287
v -0.376862 17.295290 0.251821
v -0.433502 17.275293 0.247831
v -0.487900 17.237177 0.245665
v -0.344648 17.280243 0.065773
v -0.414858 17.256880 0.058363
v -0.468548 17.226288 0.065431
v -0.290368 17.245296 -0.105911
v -0.361050 17.219158 -0.131675
v -0.414858 17.189856 -0.131675
v -0.212960 17.164116 -0.284663
v -0.285530 17.153324 -0.282725
v -0.333674 17.125900 -0.283865
v -0.132012 17.036999 -0.456347
v -0.176616 17.029079 -0.466493
v -0.217680 17.005419 -0.459995
v -0.098736 16.962551 -0.519731
v -0.132366 16.963938 -0.514715
v -0.163518 16.950275 -0.503885
v -0.319986 17.261433 -0.024629
v -0.389252 17.236683 -0.040019
v -0.438222 17.211834 -0.030785
v -0.363292 17.292320 0.150019
v -0.424416 17.270540 0.148765
v -0.477516 17.234604 0.148765
v -0.385358 17.297369 0.544459
v -0.443060 17.274698 0.542749
v -0.497930 17.236683 0.526561
v -0.314086 17.223911 1.021435
v -0.388072 17.188469 1.061677
v -0.445066 17.130257 1.090861
v -0.385004 17.300341 0.341197
v -0.438222 17.281431 0.343819
v -0.498284 17.239653 0.336409
v 0.192016 16.928101 1.399573
v 0.106348 16.934435 1.419067
v 0.004632 16.943445 1.417357
v -0.375800 17.270838 0.783973
v -0.441408 17.245493 0.784999
v -0.501706 17.209854 0.776335
v -0.258154 17.213913 -0.183545
v -0.326712 17.190252 -0.204065
v -0.360224 17.157976 -0.219683
v -0.177442 17.116003 -0.369479
v -0.237504 17.108082 -0.376889
v -0.276562 17.082047 -0.381905
v -0.175318 16.995123 1.369933
v -0.079856 17.071650 1.318519
v -0.117262 17.038782 1.354999
v -0.265116 17.024921 1.316353
v -0.173076 17.109369 1.265623
v -0.232666 17.071749 1.299253
v -0.094842 16.966312 1.398319
v 0.065756 17.008686 1.360471
v 0.002508 16.999678 1.389313
v -0.694518 16.956018 0.935137
v -0.669502 17.008488 0.910171
v -0.622538 17.056007 0.914275
v -0.611800 16.933643 1.123465
v -0.584896 16.985916 1.114003
v -0.543124 17.034525 1.094851
v -0.733104 17.037197 0.656521
v -0.769094 16.987995 0.668263
v -0.786558 16.931664 0.653557
v -0.765554 17.007893 0.405037
v -0.799066 16.959185 0.411991
v -0.808978 16.896320 0.398539
v -0.761188 16.993639 0.235063
v -0.798830 16.935228 0.227425
v -0.816530 16.878599 0.225373
v -0.757294 16.987698 0.041947
v -0.795172 16.922062 0.037501
v -0.813462 16.867313 0.047533
v -0.723074 16.930574 -0.137261
v -0.762014 16.865532 -0.155273
v -0.765318 16.801479 -0.153677
v -0.620650 16.848406 -0.312821
v -0.666316 16.793856 -0.307121
v -0.670210 16.748911 -0.302675
v -0.431850 16.762772 -0.507875
v -0.455332 16.721487 -0.512549
v -0.472560 16.695351 -0.494309
v -0.266060 16.718121 -0.568751
v -0.259334 16.674561 -0.582773
v -0.244466 16.649218 -0.572969
v -0.736526 16.958889 -0.051305
v -0.774168 16.896025 -0.063503
v -0.790806 16.839199 -0.052217
v -0.761424 16.988291 0.128017
v -0.800246 16.927704 0.126877
v -0.817828 16.875334 0.125509
v -0.766026 17.026604 0.531805
v -0.802842 16.981857 0.529753
v -0.812400 16.913645 0.505927
v -0.585132 17.052443 1.017901
v -0.624072 17.005814 1.030783
v -0.655224 16.942553 1.041613
v -0.761424 17.000765 0.325237
v -0.796588 16.953146 0.321019
v -0.814878 16.887609 0.315775
v -0.142986 16.941168 1.406413
v -0.247888 16.929880 1.403677
v -0.345946 16.914141 1.366171
v -0.685314 17.044325 0.782149
v -0.721776 17.000072 0.792979
v -0.744432 16.941267 0.784543
v -0.706436 16.906517 -0.216377
v -0.739948 16.846722 -0.223217
v -0.745258 16.780392 -0.222761
v -0.554216 16.800489 -0.398207
v -0.583480 16.759502 -0.392849
v -0.592448 16.731981 -0.380081
v -0.494744 16.920774 1.266649
v -0.386774 16.998489 1.283065
v -0.435862 16.964037 1.285801
v -0.559762 16.922655 1.200757
v -0.494390 17.017992 1.175335
v -0.527076 16.971561 1.204405
v -0.424888 16.912855 1.321825
v -0.279984 16.985519 1.346677
v -0.347952 16.953642 1.348045
v -0.683898 15.953346 -0.008327
v -0.601534 16.017498 -0.216377
v -0.495688 16.167681 -0.409607
v -0.383824 16.308064 -0.529421
v -0.285648 16.393797 -0.571145
v -0.158680 16.527447 -0.606827
v -0.695108 15.930080 0.071929
v -0.649442 15.988194 -0.120617
v -0.568140 16.054920 -0.284549
v -0.546546 16.101252 -0.360017
v -0.432322 16.245693 -0.476981
v -0.323998 16.352118 -0.553703
v -0.233964 16.431219 -0.593717
v -0.369664 16.671591 -0.549485
v -0.756940 16.035814 0.009115
v -0.813108 16.122934 0.055057
v -0.673750 16.089966 -0.219569
v -0.702542 16.160454 -0.195971
v -0.531324 16.225101 -0.422489
v -0.548670 16.269056 -0.410633
v -0.404356 16.332220 -0.533867
v -0.429844 16.355682 -0.517679
v -0.302404 16.406172 -0.575363
v -0.306416 16.418844 -0.565901
v -0.161866 16.526457 -0.612299
v -0.166468 16.533188 -0.604205
v -0.817474 16.075115 0.230275
v -0.788918 15.986907 0.170083
v -0.769330 16.147684 -0.086303
v -0.725906 16.063831 -0.112523
v -0.664900 16.177681 -0.274175
v -0.638822 16.120558 -0.294353
v -0.616874 16.220547 -0.360473
v -0.591740 16.160158 -0.371645
v -0.491440 16.309647 -0.460109
v -0.461350 16.275690 -0.483365
v -0.350548 16.384295 -0.547661
v -0.342406 16.367859 -0.558719
v -0.263110 16.451910 -0.583229
v -0.254732 16.442108 -0.595655
v -0.364826 16.697826 -0.561569
v -0.355504 16.742971 -0.551309
v -0.801308 16.489531 0.816805
v -0.899956 16.473988 0.374485
v -0.782428 16.497252 -0.137375
v -0.614042 16.522696 -0.388631
v -0.418162 16.566948 -0.526913
v -0.263464 16.621399 -0.565901
v -0.774758 16.501905 1.063843
v -0.877182 16.486263 0.562243
v -0.884144 16.485769 0.186841
v -0.825616 16.480818 -0.020525
v -0.715050 16.498936 -0.265283
v -0.507370 16.552891 -0.491117
v -0.340636 16.583086 -0.557237
v -0.795408 16.582689 0.853513
v -0.769448 16.693966 0.890221
v -0.906800 16.577541 0.389077
v -0.885678 16.649019 0.394777
v -0.788918 16.540516 -0.145355
v -0.781720 16.578432 -0.133955
v -0.626550 16.541010 -0.387491
v -0.635990 16.565166 -0.364691
v -0.436570 16.588135 -0.529421
v -0.436570 16.599619 -0.519503
v -0.271134 16.623081 -0.569549
v -0.277152 16.629417 -0.562139
v -0.657466 16.689411 1.179781
v -0.704312 16.592094 1.135777
v -0.853464 16.677927 0.603625
v -0.875884 16.591995 0.584815
v -0.879660 16.618628 0.212833
v -0.893938 16.560612 0.197443
v -0.836826 16.581799 0.002959
v -0.836354 16.529823 -0.018131
v -0.721776 16.564869 -0.256277
v -0.725198 16.535170 -0.264257
v -0.530616 16.584867 -0.470255
v -0.526840 16.569126 -0.487355
v -0.372378 16.614172 -0.548915
v -0.353498 16.597935 -0.562937
v -0.769920 16.494579 0.935365
v -0.722366 16.689213 1.039447
v -0.755170 16.585066 1.004107
v -0.838596 16.587440 0.715687
v -0.815586 16.689808 0.744073
v -0.838478 16.485075 0.684451
v -0.888510 16.473392 0.467851
v -0.893230 16.579323 0.484039
v -0.872580 16.657829 0.494413
vn -0.9166 -0.1954 0.3489
vn -0.8212 -0.0928 0.5630
vn -0.2999 -0.6545 0.6940
vn -0.0063 0.9090 -0.4168
vn 0.8712 0.0499 0.4884
vn -0.8269 0.5489 -0.1224
vn -0.8352 -0.3325 0.4380
vn 0.9694 -0.1980 0.1450
vn -0.8863 -0.1098 0.4499
vn 0.9891 0.1443 0.0295
vn -0.5957 0.5390 -0.5955
vn -0.3415 -0.7251 0.5980
vn 0.7204 0.5847 -0.3731
vn 0.5279 -0.6838 0.5037
vn 0.9892 0.1384 0.0488
vn -0.4185 0.7515 -0.5101
vn -0.1330 0.7210 -0.6800
vn 0.1087 0.9159 -0.3863
vn -0.8862 0.4615 0.0419
vn 0.8006 0.5428 -0.2539
vn 0.6052 -0.0781 0.7923
vn 0.8603 0.4736 -0.1888
vn -0.6251 -0.5277 0.5752
vn 0.0756 0.9051 -0.4183
vn 0.2041 0.5025 -0.8401
vn 0.2012 -0.8118 0.5482
vn 0.9089 -0.1511 0.3886
vn 0.6742 0.0243 0.7381
vn -0.5513 0.8086 -0.2056
vn 0.7785 -0.2640 0.5694
vn -0.0219 -0.8292 0.5586
vn -0.0113 -0.1316 0.9912
vn 0.5516 -0.1101 0.8268
vn -0.1969 -0.0509 0.9791
vn -0.9087 0.0054 0.4174
vn -0.5597 -0.2637 0.7856
vn -0.3884 0.3027 -0.8704
vn -0.1789 -0.4099 0.8944
vn 0.9005 0.1240 0.4168
vn -0.7965 -0.0144 0.6044
vn -0.7171 0.3715 -0.5897
vn 0.9304 -0.1907 0.3129
vn -0.9643 0.2046 -0.1684
vn 0.9854 0.1688 -0.0209
vn -0.4295 0.2190 -0.8761
vn -0.3432 -0.2018 0.9173
vn 0.8276 0.2588 -0.4981
vn 0.0177 0.0369 0.9992
vn 0.8555 0.4802 -0.1939
vn -0.0814 0.3988 -0.9134
vn 0.5111 0.3578 -0.7815
vn -0.2333 0.3677 -0.9002
vn -0.9647 0.2619 0.0271
vn 0.7716 0.4383 -0.4610
vn 0.8611 0.3415 -0.3767
vn -0.5408 -0.1630 0.8252
vn 0.8805 0.1993 0.4301
vn 0.8296 0.2392 -0.5045
vn 0.2111 0.3770 -0.9018
vn -0.0932 -0.0057 0.9956
vn -0.4642 0.1360 0.8752
vn -0.8698 0.1861 -0.4570
vn 0.8136 0.0902 0.5744
vn 0.8133 0.0433 0.5803
vn -0.8321 0.3173 -0.4549
vn 0.2141 0.0874 0.9729
vn 0.5537 -0.0879 0.8281
vn -0.3567 0.1468 0.9226
vn -0.8586 0.2134 0.4662
vn -0.4427 -0.0089 0.8966
vn -0.4279 0.4217 -0.7994
vn -0.1026 -0.1226 0.9871
vn 0.9351 0.0959 0.3411
vn -0.7805 0.1757 0.6000
vn -0.5794 0.4479 -0.6809
vn 0.9932 0.1148 -0.0189
vn -0.8861 0.3763 -0.2707
vn 0.7925 0.3029 -0.5294
vn -0.3766 0.1615 -0.9122
vn 0.9163 0.2242 -0.3318
vn -0.2090 0.0889 0.9739
vn 0.9824 -0.0023 0.1868
vn 0.0270 0.2934 -0.9556
vn 0.6190 0.3189 -0.7177
vn -0.3362 0.4137 -0.8461
vn -0.7902 0.1708 0.5885
vn 0.9122 0.1960 -0.3597
vn -0.5624 0.1312 0.8164
vn 0.8642 0.2893 -0.4117
vn 0.9683 0.0052 0.2499
vn 0.8653 0.2209 -0.4500
vn -0.3051 0.1136 0.9455
vn -0.2660 0.1301 0.9552
vn 0.9248 0.0812 0.3716
vn 0.1937 0.3721 -0.9077
vn -0.2756 -0.0681 0.9589
vn 0.8253 -0.2208 0.5197
vn -0.6906 0.3473 -0.6344
vn 0.2387 0.0351 0.9705
vn 0.7848 -0.0440 0.6182
vn -0.2317 0.0950 0.9681
vn -0.8710 0.0450 0.4892
vn -0.6921 0.0078 0.7217
vn -0.4614 0.3817 -0.8009
vn -0.3047 0.0119 0.9524
vn -0.7815 0.0823 0.6184
vn -0.7573 0.2570 -0.6004
vn 0.9447 0.1079 -0.3096
vn -0.9986 0.0412 0.0340
vn 0.7519 0.2457 -0.6118
vn -0.3011 0.2921 -0.9077
vn -0.0106 0.0564 0.9984
vn 0.9845 0.0384 -0.1712
vn 0.8897 0.0553 0.4532
vn 0.0744 0.3976 -0.9145
vn 0.8630 0.1686 -0.4763
vn -0.2960 0.3969 -0.8688
vn -0.8558 0.0112 0.5172
vn 0.9634 0.1034 -0.2475
vn 0.9645 0.1020 -0.2435
vn -0.5278 0.1335 0.8388
vn 0.9382 -0.0676 0.3395
vn 0.7478 0.2375 -0.6200
vn -0.0706 0.0808 0.9942
vn -0.7849 -0.2449 -0.5692
vn 0.9671 -0.1674 0.1915
vn 0.9389 -0.2060 0.2758
vn 0.1709 -0.1897 -0.9668
vn -0.4521 -0.1688 0.8758
vn 0.4058 -0.2014 0.8915
vn -0.8630 -0.1620 -0.4786
vn 0.0359 -0.1169 0.9925
vn 0.8500 -0.1680 0.4992
vn -0.9696 -0.1349 0.2040
vn -0.7707 -0.1417 0.6213
vn -0.9401 -0.0682 0.3339
vn -0.3337 -0.0354 0.9420
vn -0.8694 -0.2515 -0.4253
vn 0.9730 -0.1039 -0.2061
vn -0.9875 -0.1527 0.0385
vn 0.8489 -0.1346 -0.5112
vn -0.5078 0.0083 -0.8615
vn 0.8907 -0.1347 -0.4343
vn 0.3704 -0.1762 0.9120
vn 0.9573 -0.1443 0.2505
vn -0.0835 -0.1198 -0.9893
vn 0.8356 -0.1200 -0.5361
vn -0.4606 -0.2181 -0.8604
vn -0.9028 -0.1873 0.3871
vn 0.9621 -0.1575 -0.2228
vn -0.9697 -0.1517 0.1914
vn 0.8834 -0.1344 -0.4490
vn -0.7354 0.0015 0.6777
vn 0.7970 -0.1612 -0.5820
vn 0.3407 -0.1580 0.9268
vn -0.2360 -0.1729 0.9562
vn -0.5600 -0.4239 -0.7119
vn 0.9939 -0.0190 0.1089
vn 0.9191 -0.0714 0.3875
vn 0.2504 -0.1258 -0.9599
vn -0.7643 -0.2452 -0.5964
vn 0.5178 -0.1849 0.8353
vn 0.1179 -0.1777 -0.9770
vn 0.8962 -0.0011 0.4437
vn -0.2510 -0.1688 0.9532
vn -0.8000 -0.0817 -0.5945
vn -0.9817 -0.1656 0.0940
vn -0.9531 -0.0843 0.2905
vn -0.6400 -0.4068 -0.6519
vn 0.9862 -0.0821 -0.1440
vn -0.9969 -0.0573 0.0533
vn 0.8580 -0.1142 -0.5008
vn 0.6400 -0.0840 -0.7638
vn -0.1782 0.0150 -0.9839
vn -0.3474 -0.2575 0.9017
vn 0.6391 -0.1781 0.7482
vn 0.2861 -0.1247 -0.9500
vn 0.9823 -0.0628 -0.1765
vn -0.7717 -0.2902 -0.5660
vn -0.9268 -0.2682 -0.2627
vn 0.9868 -0.0845 0.1381
vn 0.9578 -0.0832 -0.2752
vn -0.4121 -0.1891 0.8913
vn 0.8349 -0.1445 -0.5311
vn 0.1769 -0.6992 0.6927
vn 0.8335 -0.1698 0.5258
vn -0.9375 -0.2855 0.1990
vn -0.7580 -0.2477 -0.6034
vn -0.9829 -0.1321 0.1284
vn -0.9299 -0.2561 0.2642
vn -0.7412 -0.2421 0.6260
vn -0.3163 -0.1916 -0.9291
vn -0.9570 -0.0732 0.2809
vn -0.9885 -0.1025 -0.1116
vn 0.1769 -0.2109 0.9614
vn -0.2949 -0.2154 0.9309
vn 0.3432 -0.1613 0.9253
vn -0.1450 -0.2585 0.9551
vn -0.5360 -0.2727 0.7990
vn 0.9054 -0.0737 0.4180
vn 0.2734 -0.2228 -0.9358
vn 0.8824 -0.1348 0.4507
vn 0.9518 -0.1097 0.2864
vn 0.5712 -0.1628 0.8045
vn 0.9885 -0.1488 -0.0263
vn 0.9834 -0.1042 0.1487
vn 0.9108 -0.0800 0.4049
vn -0.2187 -0.0065 -0.9758
vn 0.9101 -0.1349 -0.3918
vn 0.8389 -0.1348 -0.5273
vn -0.3380 -0.0994 -0.9359
vn 0.9785 -0.1211 -0.1671
vn -0.8031 -0.1617 -0.5735
vn -0.9867 -0.0558 0.1526
vn 0.9874 -0.1165 -0.1070
vn 0.9697 -0.1310 -0.2064
vn 0.8520 -0.1383 -0.5049
vn -0.9714 -0.1173 -0.2063
vn -0.7636 -0.0825 -0.6404
vn -0.9845 -0.1368 0.1102
vn -0.6972 -0.2038 0.6873
vn -0.1403 -0.0177 -0.9899
vn 0.2393 0.8440 -0.4801
vn -0.2722 0.0616 0.9603
vn 0.8659 -0.0913 0.4919
vn -0.7205 -0.0140 -0.6934
vn 0.9836 -0.0927 0.1549
vn 0.9512 -0.0782 0.2984
vn 0.1887 0.1571 -0.9694
vn 0.3291 -0.0101 0.9442
vn -0.7730 0.0757 -0.6299
vn -0.1012 0.0737 0.9921
vn 0.8570 -0.1123 0.5029
vn -0.9204 -0.1425 0.3641
vn -0.7842 -0.1465 0.6030
vn -0.8559 -0.0883 0.5095
vn -0.3344 -0.1054 0.9365
vn -0.8572 -0.1067 -0.5038
vn 0.9490 -0.0651 -0.3086
vn -0.9845 -0.1436 0.1004
vn 0.8008 -0.0376 -0.5978
vn -0.3119 0.0960 -0.9452
vn 0.9471 -0.0773 -0.3114
vn 0.2054 0.0463 0.9776
vn 0.9130 -0.0113 0.4079
vn 0.1049 0.0431 -0.9935
vn 0.8606 -0.0180 -0.5090
vn -0.4158 0.0780 -0.9061
vn -0.8863 -0.1742 0.4290
vn 0.9656 -0.0538 -0.2546
vn 0.9218 -0.0472 -0.3847
vn -0.6297 -0.0179 0.7766
vn 0.7715 0.0190 -0.6359
vn 0.1166 0.0620 0.9912
vn -0.7967 -0.3971 0.4556
vn -0.8994 -0.3138 0.3043
vn -0.9678 -0.1007 0.2306
vn -0.4474 -0.5784 0.6821
vn -0.4221 -0.6853 0.5935
vn -0.7397 -0.4361 0.5125
vn -0.5937 -0.4521 0.6657
vn -0.7659 -0.4477 0.4614
vn -0.4866 -0.6614 0.5708
vn -0.3009 0.8531 -0.4261
vn -0.0332 0.9272 -0.3732
vn 0.1406 0.9187 -0.3692
vn 0.9057 0.3977 0.1466
vn 0.9673 0.2485 0.0504
vn 0.9509 -0.1336 0.2791
vn -0.8618 0.4963 -0.1046
vn -0.6738 0.7018 -0.2314
vn -0.6222 0.7110 -0.3277
vn -0.7824 -0.3817 0.4921
vn -0.7003 -0.5313 0.4768
vn -0.7602 -0.5079 0.4051
vn 0.9845 0.1752 -0.0097
vn 0.9494 0.2899 -0.1204
vn 0.9991 -0.0394 0.0182
vn -0.9732 0.1380 0.1842
vn -0.9795 0.1954 0.0490
vn -0.9854 0.0306 0.1678
vn 0.9058 0.4003 -0.1388
vn 0.8424 0.5125 -0.1663
vn 0.9875 0.1562 -0.0211
vn -0.8287 0.3102 -0.4659
vn -0.9886 0.1089 -0.1044
vn -0.8313 0.4685 -0.2992
vn -0.2096 -0.7934 0.5715
vn -0.2989 -0.7323 0.6119
vn -0.3966 -0.6927 0.6023
vn 0.9591 0.2565 -0.1197
vn 0.8658 0.4407 -0.2369
vn 0.5440 0.7455 -0.3851
vn 0.8273 -0.3822 0.4118
vn 0.9013 -0.3305 0.2801
vn 0.6320 -0.6459 0.4281
vn 0.9921 0.1136 0.0539
vn 0.9927 0.0698 0.0983
vn 0.9894 0.1273 0.0695
vn -0.4977 0.7287 -0.4704
vn -0.5099 0.7687 -0.3861
vn -0.4427 0.8056 -0.3938
vn -0.3212 0.7018 -0.6359
vn -0.4972 0.7391 -0.4545
vn -0.3127 0.8087 -0.4983
vn 0.2458 0.8774 -0.4119
vn 0.2538 0.8939 -0.3696
vn 0.1926 0.9086 -0.3706
vn -0.9079 0.2189 0.3576
vn -0.9604 -0.0178 0.2780
vn -0.9605 0.2717 0.0595
vn 0.8797 0.4586 -0.1257
vn 0.9270 0.3719 -0.0485
vn 0.8719 0.4799 -0.0980
vn 0.7669 0.0406 0.6404
vn 0.8446 -0.0348 0.5343
vn 0.6765 -0.2015 0.7084
vn 0.9561 0.2890 -0.0487
vn 0.9766 0.2058 -0.0622
vn 0.8552 0.4760 -0.2052
vn -0.5280 -0.6089 0.5921
vn -0.5894 -0.5921 0.5495
vn -0.6456 -0.5532 0.5264
vn -0.0180 0.8766 -0.4808
vn 0.0905 0.8997 -0.4269
vn 0.2788 0.8715 -0.4035
vn -0.0743 0.5096 -0.8572
vn 0.0854 0.7577 -0.6470
vn 0.2191 0.7840 -0.5808
vn 0.3090 -0.7843 0.5379
vn 0.2268 -0.8184 0.5281
vn 0.1084 -0.8180 0.5650
vn 0.8971 -0.3605 0.2556
vn 0.7703 -0.5383 0.3420
vn 0.7609 -0.3639 0.5372
vn 0.8166 0.0354 0.5761
vn 0.7711 0.0403 0.6355
vn 0.6217 0.0024 0.7833
vn -0.7306 0.6653 -0.1535
vn -0.6427 0.7425 -0.1886
vn -0.5290 0.8165 -0.2311
vn 0.6252 -0.3549 0.6951
vn 0.7174 -0.5259 0.4569
vn 0.7899 -0.4472 0.4195
vn 0.1102 -0.8254 0.5537
vn 0.0144 -0.8047 0.5935
vn -0.1019 -0.7838 0.6126
vn -0.0620 -0.1890 0.9800
vn -0.0655 -0.5550 0.8293
vn 0.0177 -0.5377 0.8429
vn 0.5206 -0.1131 0.8463
vn 0.5760 -0.2691 0.7719
vn 0.6114 -0.2409 0.7538
vn -0.1070 -0.0227 0.9940
vn 0.1422 -0.5384 0.8306
vn 0.0587 -0.5387 0.8404
vn -0.7940 -0.0483 0.6059
vn -0.7692 -0.2719 0.5783
vn -0.8671 -0.1875 0.4615
vn -0.3432 -0.3585 0.8682
vn -0.4199 -0.4497 0.7883
vn -0.6322 -0.3522 0.6901
vn -0.5118 0.2905 -0.8085
vn -0.5241 0.5098 -0.6822
vn -0.2854 0.5634 -0.7753
vn -0.3151 -0.3939 0.8635
vn -0.4364 -0.4587 0.7740
vn -0.3007 -0.4915 0.8173
vn 0.9469 0.2676 -0.1781
vn 0.9492 0.3122 -0.0385
vn 0.8953 0.0053 0.4455
vn -0.7137 -0.0724 0.6967
vn -0.7646 -0.2776 0.5817
vn -0.8301 -0.2125 0.5155
vn -0.8080 0.4408 -0.3909
vn -0.5972 0.4951 -0.6311
vn -0.5013 0.3251 -0.8019
vn 0.9926 -0.0924 0.0794
vn 0.9721 0.0896 0.2168
vn 0.8709 -0.1365 0.4722
vn -0.9788 0.1968 -0.0573
vn -0.9671 -0.0437 0.2506
vn -0.9293 -0.1281 0.3465
vn 0.8500 0.2830 -0.4444
vn 0.9209 0.3475 -0.1766
vn 0.9795 0.1627 0.1189
vn -0.3832 0.2746 -0.8819
vn -0.6417 0.3817 -0.6652
vn -0.6495 0.3775 -0.6601
vn -0.2299 -0.1260 0.9650
vn -0.1218 -0.5357 0.8356
vn -0.2741 -0.5154 0.8119
vn 0.9584 0.1509 -0.2422
vn 0.9575 0.2584 -0.1282
vn 0.8137 0.4228 -0.3990
vn 0.2314 0.1752 0.9570
vn 0.6209 -0.3328 0.7097
vn 0.4024 -0.4835 0.7774
vn 0.8552 0.3789 -0.3535
vn 0.9593 0.2813 -0.0254
vn 0.9570 0.2897 0.0178
vn -0.0840 0.4340 -0.8970
vn -0.2753 0.4759 -0.8353
vn -0.2290 0.4695 -0.8527
vn 0.0239 0.3375 -0.9410
vn -0.1850 0.5878 -0.7875
vn 0.2709 0.6280 -0.7295
vn -0.1125 0.3401 -0.9336
vn 0.1406 0.5619 -0.8151
vn 0.0289 0.5787 -0.8150
vn -0.8962 0.0026 0.4437
vn -0.9647 0.0287 0.2618
vn -0.9482 0.3061 -0.0845
vn 0.7532 0.4215 -0.5050
vn 0.8562 0.4225 -0.2973
vn 0.8218 0.4542 -0.3440
vn 0.9357 0.2897 -0.2013
vn 0.9399 0.3179 -0.1242
vn 0.8474 0.4388 -0.2990
vn -0.4323 -0.2058 0.8779
vn -0.4420 -0.4653 0.7669
vn -0.5669 -0.4096 0.7148
vn 0.8341 -0.0892 0.5444
vn 0.6457 -0.2620 0.7173
vn 0.7597 0.1624 0.6297
vn 0.4708 0.4230 -0.7742
vn 0.1666 0.7789 -0.6046
vn 0.5912 0.6422 -0.4880
vn -0.2151 0.4039 -0.8892
vn -0.1683 0.4508 -0.8766
vn 0.2068 0.4539 -0.8667
vn 0.0059 0.0130 0.9999
vn 0.3148 -0.5195 0.7943
vn 0.2325 -0.5310 0.8148
vn -0.3984 0.1436 0.9059
vn -0.3484 0.0334 0.9367
vn -0.4194 0.0172 0.9076
vn -0.9342 0.1046 -0.3411
vn -0.9019 0.3392 -0.2674
vn -0.7548 0.5081 -0.4149
vn 0.9135 0.0900 0.3967
vn 0.9028 0.0744 0.4235
vn 0.7979 0.0482 0.6009
vn 0.9080 0.0394 0.4171
vn 0.8603 0.1098 0.4979
vn 0.7374 0.1221 0.6644
vn -0.8575 0.3281 -0.3963
vn -0.9150 0.2867 -0.2839
vn -0.8883 0.2940 -0.3529
vn 0.2348 0.0678 0.9697
vn 0.0944 0.0067 0.9955
vn 0.0679 0.0483 0.9965
vn 0.5622 -0.0865 0.8225
vn 0.5263 -0.0815 0.8464
vn 0.5238 -0.0753 0.8485
vn -0.2864 0.1383 0.9481
vn -0.2436 0.0482 0.9687
vn -0.3402 0.0495 0.9390
vn -0.7413 0.1494 0.6544
vn -0.7757 0.1278 0.6181
vn -0.8794 0.2140 0.4252
vn -0.2065 -0.0899 0.9743
vn -0.1690 -0.1935 0.9664
vn -0.3858 -0.0819 0.9189
vn -0.5047 0.4204 -0.7540
vn -0.4855 0.4168 -0.7685
vn -0.4059 0.4130 -0.8153
vn -0.2080 -0.0875 0.9742
vn -0.2437 -0.1663 0.9555
vn -0.1236 -0.2174 0.9682
vn 0.9629 0.2287 -0.1436
vn 0.9317 0.3146 -0.1817
vn 0.9303 0.1513 0.3340
vn -0.6986 0.1570 0.6981
vn -0.6862 0.0826 0.7227
vn -0.7729 0.1176 0.6235
vn -0.6200 0.4632 -0.6332
vn -0.4202 0.4221 -0.8033
vn -0.3810 0.4138 -0.8268
vn 0.9727 0.1481 -0.1789
vn 0.9952 0.0971 0.0071
vn 0.9854 0.0556 0.1610
vn -0.9074 0.3593 -0.2181
vn -0.8845 0.3686 -0.2859
vn -0.8205 0.3786 -0.4282
vn 0.5692 0.3203 -0.7573
vn 0.6936 0.3296 -0.6405
vn 0.8807 0.3040 -0.3633
vn -0.3579 0.1631 -0.9194
vn -0.2625 0.2323 -0.9365
vn -0.3393 0.2138 -0.9161
vn 0.9922 0.1243 -0.0082
vn 0.9930 0.1141 0.0295
vn 0.9182 0.2264 -0.3252
vn 0.1852 0.0426 0.9818
vn 0.1543 0.1285 0.9796
vn -0.1921 0.0999 0.9763
vn 0.9991 0.0397 0.0133
vn 0.9899 0.0477 -0.1334
vn 0.9975 0.0674 0.0220
vn 0.0873 0.3074 -0.9476
vn 0.0319 0.3130 -0.9492
vn 0.0014 0.3038 -0.9527
vn 0.2091 0.2985 -0.9312
vn 0.1563 0.3456 -0.9253
vn 0.5783 0.3920 -0.7155
vn -0.2159 0.4048 -0.8886
vn -0.2419 0.3974 -0.8852
vn -0.3844 0.4039 -0.8301
vn -0.7769 0.1530 0.6107
vn -0.9235 0.3367 0.1838
vn -0.9281 0.3284 0.1754
vn 0.8922 0.2158 -0.3967
vn 0.7626 0.3122 -0.5666
vn 0.8205 0.2862 -0.4949
vn -0.4513 0.1171 0.8847
vn -0.4106 0.0032 0.9118
vn -0.5248 0.0338 0.8506
vn 0.9447 0.2492 -0.2132
vn 0.9536 0.2650 -0.1430
vn 0.8772 0.3181 -0.3595
vn 0.9866 0.0773 -0.1438
vn 0.9837 0.1417 -0.1107
vn 0.9462 0.0503 0.3198
vn 0.6156 0.3089 -0.7250
vn 0.5978 0.3839 -0.7038
vn 0.8606 0.2628 -0.4362
vn -0.3904 0.1311 0.9112
vn -0.4608 0.1381 0.8767
vn -0.4034 0.1357 0.9049
vn -0.1646 0.1151 0.9796
vn -0.1329 0.0644 0.9890
vn -0.2398 0.0581 0.9691
vn 0.9193 0.1323 0.3707
vn 0.8148 0.1385 0.5629
vn 0.8214 0.0737 0.5656
vn -0.2249 0.3894 -0.8932
vn -0.2052 0.4005 -0.8930
vn 0.2202 0.3722 -0.9016
vn -0.2805 0.0739 0.9570
vn -0.4480 0.0809 0.8903
vn -0.4320 -0.0141 0.9018
vn 0.8931 -0.2137 0.3958
vn 0.9280 -0.1172 0.3537
vn 0.8562 -0.1270 0.5007
vn -0.7418 0.3484 -0.5730
vn -0.7966 0.3594 -0.4861
vn -0.7522 0.3581 -0.5531
vn 0.2473 0.0272 0.9685
vn 0.2559 0.1356 0.9572
vn 0.2406 0.1275 0.9622
vn 0.7514 -0.0676 0.6564
vn 0.6342 -0.0322 0.7725
vn 0.6592 -0.0058 0.7519
vn -0.1302 0.0890 0.9875
vn -0.2422 0.1282 0.9617
vn -0.3205 0.1274 0.9387
vn -0.7633 0.0714 0.6421
vn -0.7332 0.1496 0.6633
vn -0.8572 0.1473 0.4934
vn -0.4762 0.0145 0.8792
vn -0.3202 0.0320 0.9468
vn -0.5676 0.0642 0.8208
vn -0.5635 0.3630 -0.7421
vn -0.5108 0.4350 -0.7415
vn -0.4232 0.4345 -0.7950
vn -0.4514 0.0216 0.8920
vn -0.2964 0.0646 0.9529
vn -0.1831 0.0289 0.9827
vn -0.6787 0.1074 0.7265
vn -0.6856 0.1390 0.7145
vn -0.7813 0.1359 0.6092
vn -0.6339 0.3891 -0.6684
vn -0.4104 0.4221 -0.8084
vn -0.5227 0.3356 -0.7837
vn 0.8554 0.1836 -0.4843
vn 0.9233 0.1880 -0.3348
vn 0.9779 0.1284 -0.1653
vn -0.9958 0.0199 -0.0896
vn -0.9804 0.1077 -0.1648
vn -0.9836 0.1074 -0.1448
vn 0.4856 0.3349 -0.8074
vn 0.4881 0.3737 -0.7887
vn 0.7580 0.3087 -0.5746
vn -0.2735 0.3046 -0.9124
vn -0.3636 0.2920 -0.8846
vn -0.3788 0.2862 -0.8801
vn 0.3049 0.0459 0.9513
vn 0.2403 0.1173 0.9636
vn -0.1067 0.1183 0.9872
vn 0.9991 -0.0407 -0.0094
vn 0.9975 0.0681 -0.0201
vn 0.9513 0.1636 -0.2611
vn 0.9136 0.0680 0.4009
vn 0.9604 0.0597 0.2722
vn 0.9256 0.0593 0.3739
vn 0.1619 0.4057 -0.8995
vn 0.1002 0.4043 -0.9091
vn 0.0295 0.4050 -0.9138
vn 0.5285 0.2806 -0.8012
vn 0.3536 0.3331 -0.8741
vn 0.7638 0.2621 -0.5898
vn -0.2280 0.3865 -0.8937
vn -0.1954 0.4215 -0.8855
vn -0.2904 0.4251 -0.8573
vn -0.8281 0.1047 0.5507
vn -0.9670 0.2041 0.1524
vn -0.9883 0.0764 0.1323
vn 0.9728 0.1058 -0.2059
vn 0.9541 0.1319 -0.2689
vn 0.9483 0.1259 -0.2912
vn 0.9870 0.0575 -0.1503
vn 0.9756 0.1526 -0.1579
vn 0.9405 0.1831 -0.2864
vn -0.3978 0.1469 0.9056
vn -0.4427 0.1520 0.8837
vn -0.5578 0.1474 0.8168
vn 0.9624 -0.0747 0.2611
vn 0.9577 -0.1499 0.2456
vn 0.9232 -0.1500 0.3539
vn 0.4907 0.3258 -0.8081
vn 0.5612 0.3222 -0.7624
vn 0.8160 0.2469 -0.5227
vn 0.0181 0.0753 0.9970
vn -0.0807 0.1246 0.9889
vn -0.1757 0.1261 0.9763
vn -0.7813 -0.0832 -0.6186
vn -0.6909 -0.0578 -0.7206
vn -0.6943 -0.2441 -0.6770
vn 0.9746 -0.1458 -0.1698
vn 0.9734 -0.0861 -0.2125
vn 0.9818 -0.0857 0.1693
vn 0.9530 -0.1366 0.2705
vn 0.8793 -0.1291 0.4585
vn 0.8613 -0.2198 0.4580
vn -0.2897 -0.1766 -0.9407
vn -0.2978 0.0475 -0.9535
vn 0.1750 0.0481 -0.9834
vn -0.3297 -0.1687 0.9289
vn -0.3688 -0.2171 0.9038
vn -0.4699 -0.1991 0.8600
vn 0.3987 -0.2094 0.8928
vn 0.3428 -0.1012 0.9340
vn 0.3587 -0.0909 0.9290
vn -0.8851 -0.1894 -0.4251
vn -0.8689 -0.0351 -0.4937
vn -0.8382 -0.0037 -0.5453
vn 0.2074 -0.1422 0.9679
vn 0.1536 0.0377 0.9874
vn -0.0274 0.0555 0.9981
vn 0.8247 -0.1671 0.5403
vn 0.8279 -0.0538 0.5582
vn 0.8517 -0.0650 0.5200
vn -0.9331 -0.0973 0.3462
vn -0.8969 -0.0649 0.4375
vn -0.9524 -0.1048 0.2862
vn -0.5873 -0.0933 0.8040
vn -0.5885 -0.0492 0.8070
vn -0.7788 -0.0834 0.6217
vn -0.8726 -0.0274 0.4878
vn -0.8270 0.0126 0.5621
vn -0.9067 -0.0341 0.4205
vn -0.4531 -0.0535 0.8899
vn -0.4387 -0.0214 0.8984
vn -0.3101 0.0015 0.9507
vn -0.8737 -0.1492 -0.4629
vn -0.7529 -0.1100 -0.6489
vn -0.7578 -0.2445 -0.6050
vn 0.9187 -0.1313 -0.3726
vn 0.9205 -0.0382 -0.3889
vn 0.9749 -0.0425 -0.2186
vn -0.9759 -0.1527 -0.1557
vn -0.9842 -0.1422 -0.1058
vn -0.9862 -0.1437 0.0818
vn 0.6352 -0.1427 -0.7591
vn 0.6298 -0.0666 -0.7739
vn 0.8280 -0.0701 -0.5563
vn -0.5383 0.0039 -0.8428
vn -0.4142 -0.0382 -0.9094
vn -0.3956 -0.0244 -0.9181
vn 0.9742 -0.1042 -0.2003
vn 0.9894 -0.0347 -0.1408
vn 0.9408 -0.0479 -0.3355
vn 0.6155 -0.1849 0.7662
vn 0.5089 -0.0524 0.8593
vn 0.2733 -0.0197 0.9617
vn 0.9563 -0.1529 0.2491
vn 0.9444 -0.0821 0.3185
vn 0.9414 -0.0736 0.3292
vn 0.0272 -0.1406 -0.9897
vn 0.1255 -0.1081 -0.9862
vn 0.0149 -0.0823 -0.9965
vn 0.5210 -0.0961 -0.8481
vn 0.5616 -0.0744 -0.8241
vn 0.8451 -0.0798 -0.5286
vn -0.4187 -0.2238 -0.8801
vn -0.4049 -0.0227 -0.9141
vn -0.4626 -0.0241 -0.8862
vn -0.9032 -0.1159 0.4132
vn -0.9870 -0.1535 0.0483
vn -0.9717 -0.2339 0.0343
vn 0.9678 -0.1520 -0.2007
vn 0.9655 -0.1312 -0.2248
vn 0.9616 -0.1323 -0.2406
vn -0.9445 -0.1847 0.2716
vn -0.9174 -0.1885 0.3505
vn -0.9592 -0.1796 0.2184
vn 0.9453 -0.1300 -0.2992
vn 0.9521 -0.0577 -0.3002
vn 0.8979 -0.0667 -0.4351
vn -0.5627 0.0096 0.8266
vn -0.5300 0.0746 0.8447
vn -0.6978 0.0501 0.7145
vn 0.5554 -0.1884 -0.8100
vn 0.5847 0.0106 -0.8112
vn 0.8144 -0.0225 -0.5799
vn 0.4549 -0.1662 0.8749
vn 0.3783 -0.0067 0.9256
vn 0.2722 0.0174 0.9621
vn -0.2582 -0.1782 0.9495
vn -0.3677 -0.2256 0.9022
vn -0.3746 -0.2185 0.9011
vn -0.5829 -0.2510 -0.7728
vn -0.4759 -0.2470 -0.8441
vn -0.4523 -0.4455 -0.7726
vn 0.9991 -0.0390 -0.0183
vn 0.9887 -0.0906 -0.1197
vn 0.9930 -0.0815 0.0855
vn 0.9323 -0.1513 0.3285
vn 0.8822 -0.1749 0.4372
vn 0.8753 -0.0942 0.4744
vn -0.1460 -0.1271 -0.9811
vn -0.2226 -0.2123 -0.9515
vn 0.1936 -0.2153 -0.9572
vn -0.8889 -0.2847 -0.3590
vn -0.8699 -0.3027 -0.3894
vn -0.7501 -0.2838 -0.5973
vn 0.7068 -0.1416 0.6931
vn 0.7255 -0.2079 0.6561
vn 0.5965 -0.2245 0.7705
vn 0.2087 -0.0903 -0.9738
vn -0.8187 -0.1270 -0.5600
vn -0.7097 -0.1534 -0.6876
vn 0.9664 -0.0014 0.2571
vn 0.9646 -0.0744 0.2529
vn 0.9258 -0.0740 0.3706
vn -0.2324 -0.1701 0.9576
vn -0.2555 -0.2340 0.9381
vn -0.3148 -0.2277 0.9214
vn -0.9049 -0.0987 -0.4139
vn -0.9210 -0.1386 -0.3641
vn -0.7992 -0.1394 -0.5846
vn -0.9668 -0.1187 0.2264
vn -0.9697 -0.1367 0.2027
vn -0.9841 -0.1751 0.0309
vn -0.9161 -0.0232 0.4003
vn -0.7738 -0.0000 0.6334
vn -0.8465 -0.0381 0.5310
vn -0.8026 -0.3464 -0.4856
vn -0.7959 -0.2520 -0.5505
vn -0.6433 -0.2608 -0.7199
vn 0.9389 -0.1091 -0.3265
vn 0.9590 -0.0941 -0.2673
vn 0.9894 -0.0859 -0.1171
vn -0.9950 -0.0549 0.0830
vn -0.9967 -0.0752 0.0311
vn -0.9971 -0.0719 0.0231
vn 0.7353 -0.1237 -0.6663
vn 0.6010 -0.1007 -0.7929
vn 0.8279 -0.1001 -0.5519
vn 0.1183 -0.0816 -0.9896
vn -0.2679 -0.0760 -0.9604
vn 0.4275 -0.1005 -0.8984
vn -0.0768 -0.0416 -0.9962
vn 0.9932 -0.0876 -0.0768
vn 0.9277 -0.0851 -0.3635
vn -0.4003 -0.2945 0.8678
vn -0.5278 -0.2539 0.8105
vn -0.4677 -0.2636 0.8437
vn 0.9169 -0.1346 0.3757
vn 0.9073 -0.1391 0.3968
vn 0.7916 -0.1838 0.5827
vn -0.2249 -0.0908 -0.9701
vn -0.4053 -0.0514 -0.9127
vn -0.1414 -0.0718 -0.9873
vn 0.9354 -0.0727 -0.3460
vn 0.8144 -0.0982 -0.5719
vn 0.9503 -0.0943 -0.2966
vn -0.8337 -0.2652 -0.4843
vn -0.5434 -0.2164 -0.8111
vn -0.4110 -0.1839 -0.8929
vn -0.9757 -0.2099 -0.0634
vn -0.9685 -0.2030 -0.1442
vn -0.9111 -0.2289 -0.3427
vn 0.9773 -0.0894 -0.1922
vn 0.9832 -0.1399 -0.1175
vn 0.9884 -0.1449 0.0455
vn 0.8699 -0.1067 -0.4815
vn 0.9471 -0.0915 -0.3076
vn 0.9816 -0.0861 -0.1706
vn -0.4549 -0.1774 0.8727
vn -0.3587 -0.2049 0.9107
vn -0.3814 -0.2032 0.9018
vn 0.6311 -0.1871 -0.7528
vn 0.6680 -0.1333 -0.7321
vn 0.8387 -0.1135 -0.5327
vn -0.0347 -0.7128 0.7005
vn 0.0349 -0.9107 0.4117
vn 0.1127 -0.8918 0.4381
vn 0.8990 0.0761 0.4313
vn 0.9891 0.0061 0.1473
vn 0.9199 -0.3084 0.2420
vn -0.8982 -0.3046 0.3171
vn -0.9501 -0.3119 0.0079
vn -0.9512 -0.3030 -0.0590
vn -0.7766 -0.2819 -0.5634
vn -0.6669 -0.2882 -0.6871
vn -0.6206 -0.2356 -0.7479
vn -0.9697 -0.1455 0.1964
vn -0.9449 -0.2033 0.2567
vn -0.9707 -0.1931 0.1430
vn -0.8442 -0.2559 0.4710
vn -0.6644 -0.2695 0.6971
vn -0.8241 -0.2905 0.4863
vn -0.7218 -0.2311 0.6523
vn -0.5617 -0.2272 0.7955
vn -0.4808 -0.2354 0.8447
vn -0.3871 -0.2005 -0.9000
vn -0.4366 -0.2834 -0.8539
vn -0.4344 -0.2879 -0.8535
vn -0.9425 -0.0923 0.3213
vn -0.9547 -0.1187 0.2730
vn -0.9593 -0.1159 0.2574
vn -0.9817 -0.0904 -0.1677
vn -0.9765 -0.1454 -0.1594
vn -0.9852 -0.1706 -0.0139
vn 0.2593 -0.1997 0.9449
vn 0.4693 -0.2366 0.8508
vn 0.3325 -0.2519 0.9088
vn -0.2426 -0.2105 0.9470
vn 0.1896 -0.3119 0.9310
vn 0.0518 -0.3313 0.9421
vn 0.5254 -0.1416 0.8390
vn 0.6196 -0.2090 0.7566
vn 0.3966 -0.2474 0.8840
vn -0.0476 -0.2476 0.9677
vn 0.0458 -0.3426 0.9384
vn -0.1000 -0.3382 0.9358
vn -0.4168 -0.2763 0.8660
vn -0.5320 -0.2291 0.8151
vn -0.6809 -0.1961 0.7056
vn 0.9527 -0.0439 0.3008
vn 0.9735 -0.1188 0.1956
vn 0.9658 -0.1160 0.2320
vn -0.0746 -0.2324 -0.9697
vn -0.1044 -0.1865 -0.9769
vn 0.3097 -0.1673 -0.9360
vn 0.9269 -0.1505 0.3438
vn 0.8886 -0.2253 0.3995
vn 0.8360 -0.2196 0.5029
vn 0.9338 -0.2007 0.2961
vn 0.8709 -0.2208 0.4392
vn 0.9067 -0.1224 0.4037
vn 0.6615 -0.1661 0.7313
vn 0.4785 -0.2388 0.8450
vn 0.4701 -0.2239 0.8538
vn 0.9831 -0.1430 -0.1145
vn 0.9674 -0.1887 -0.1690
vn 0.9666 -0.1975 -0.1631
vn 0.9862 -0.1201 -0.1142
vn 0.9778 -0.1687 -0.1243
vn 0.9655 -0.1810 0.1870
vn 0.9387 -0.0923 0.3322
vn 0.8543 -0.1718 0.4905
vn 0.8650 -0.1626 0.4746
vn -0.5767 0.0644 -0.8144
vn -0.6470 0.1285 -0.7516
vn -0.4952 0.1197 -0.8605
vn 0.6572 -0.1191 -0.7442
vn 0.5688 -0.0509 -0.8209
vn 0.8786 -0.1300 -0.4594
vn 0.5486 -0.1453 -0.8233
vn 0.6092 -0.0835 -0.7886
vn 0.8573 -0.0945 -0.5060
vn -0.4119 -0.0949 -0.9063
vn -0.1747 -0.0933 -0.9802
vn -0.1926 -0.0525 -0.9799
vn 0.9435 -0.1266 -0.3062
vn 0.9512 -0.1002 -0.2917
vn 0.9330 -0.1048 -0.3442
vn -0.8939 -0.1545 -0.4207
vn -0.9239 -0.1144 -0.3652
vn -0.8730 -0.1362 -0.4683
vn -0.9838 -0.0565 0.1702
vn -0.9739 -0.1054 0.2010
vn -0.9823 -0.0984 0.1593
vn 0.9552 -0.1259 -0.2677
vn 0.9338 -0.1416 -0.3286
vn 0.9776 -0.1302 -0.1655
vn 0.9727 -0.1216 -0.1976
vn 0.9621 -0.1433 -0.2321
vn 0.8907 -0.1572 -0.4265
vn 0.6300 -0.1422 -0.7634
vn 0.5803 -0.1893 -0.7921
vn 0.8337 -0.1561 -0.5296
vn -0.9914 -0.1299 -0.0172
vn -0.9864 -0.1248 0.1072
vn -0.9846 -0.1308 -0.1164
vn -0.7600 -0.1388 -0.6349
vn -0.6281 -0.1330 -0.7667
vn -0.6651 -0.0752 -0.7429
vn -0.9483 -0.1541 0.2775
vn -0.9206 -0.1398 0.3646
vn -0.9745 -0.1242 0.1870
vn -0.5737 -0.2156 0.7902
vn -0.7231 -0.1756 0.6680
vn -0.8109 -0.1608 0.5627
vn -0.3274 -0.0405 -0.9440
vn -0.2111 -0.1113 -0.9711
vn -0.0631 -0.1048 -0.9925
vn 0.1730 0.9018 -0.3960
vn 0.0087 0.9294 -0.3689
vn 0.1136 0.9055 -0.4089
vn -0.2444 0.0520 0.9683
vn -0.3811 0.0435 0.9235
vn -0.4363 0.0282 0.8994
vn 0.9397 -0.0957 0.3283
vn 0.9328 -0.0433 0.3578
vn 0.8516 -0.0583 0.5210
vn -0.6613 0.1684 -0.7310
vn -0.5561 0.2085 -0.8046
vn -0.6194 0.0216 -0.7848
vn 0.9714 -0.0523 -0.2317
vn 0.9810 0.0039 -0.1942
vn 0.9806 -0.0637 0.1851
vn 0.9394 -0.0180 0.3423
vn 0.8463 -0.0197 0.5324
vn 0.8716 -0.0624 0.4862
vn -0.2776 0.1628 -0.9468
vn -0.2511 0.3175 -0.9144
vn 0.1867 0.2930 -0.9377
vn 0.2842 -0.0169 0.9586
vn 0.2599 -0.0454 0.9646
vn 0.2810 -0.0367 0.9590
vn -0.8176 0.0297 -0.5750
vn -0.7541 0.1918 -0.6281
vn -0.7052 0.2298 -0.6708
vn 0.0693 0.0691 0.9952
vn -0.0068 0.0491 0.9988
vn -0.1476 0.0517 0.9877
vn 0.8257 -0.1223 0.5507
vn 0.8020 -0.1332 0.5824
vn 0.8288 -0.1206 0.5465
vn -0.8456 -0.1183 0.5206
vn -0.8096 -0.0562 0.5842
vn -0.8985 -0.0792 0.4317
vn -0.6062 -0.1309 0.7845
vn -0.6077 -0.1065 0.7870
vn -0.7854 -0.1173 0.6078
vn -0.7712 -0.0502 0.6346
vn -0.7187 -0.0032 0.6953
vn -0.8113 -0.0338 0.5837
vn -0.4617 -0.1233 0.8784
vn -0.4639 -0.0828 0.8820
vn -0.3252 -0.0757 0.9426
vn -0.8400 0.0372 -0.5414
vn -0.6448 0.1415 -0.7511
vn -0.7093 -0.0364 -0.7040
vn 0.8753 -0.0273 -0.4828
vn 0.8401 0.0650 -0.5385
vn 0.9304 0.0029 -0.3664
vn -0.9886 -0.1352 -0.0662
vn -0.9961 -0.0794 -0.0395
vn -0.9894 -0.0919 0.1125
vn 0.5905 -0.0073 -0.8070
vn 0.5561 0.1454 -0.8183
vn 0.7868 0.0763 -0.6125
vn -0.3095 0.0912 -0.9465
vn -0.2511 0.2162 -0.9435
vn -0.2694 0.2206 -0.9374
vn 0.9881 -0.0937 -0.1223
vn 0.9953 -0.0640 -0.0722
vn 0.9725 -0.0168 -0.2322
vn 0.4403 0.0353 0.8972
vn 0.4044 0.0107 0.9145
vn 0.1314 0.0222 0.9911
vn 0.9214 -0.0264 0.3878
vn 0.8953 0.0184 0.4450
vn 0.8810 0.0226 0.4726
vn 0.1840 0.0357 -0.9823
vn 0.2115 0.2002 -0.9566
vn 0.1146 0.2123 -0.9705
vn 0.5838 0.0263 -0.8114
vn 0.6214 0.1251 -0.7734
vn 0.8891 0.0521 -0.4547
vn -0.3650 0.0739 -0.9281
vn -0.3011 0.2652 -0.9160
vn -0.3530 0.2658 -0.8971
vn -0.8721 -0.1267 0.4727
vn -0.9901 -0.1074 0.0900
vn -0.9797 -0.1940 0.0504
vn 0.9705 -0.0469 -0.2364
vn 0.9751 0.0357 -0.2187
vn 0.9669 0.0508 -0.2499
vn 0.9616 -0.0700 -0.2652
vn 0.9769 -0.0123 -0.2131
vn 0.9506 0.0114 -0.3102
vn -0.4769 0.0042 0.8790
vn -0.4196 0.0349 0.9070
vn -0.5596 0.0221 0.8285
vn 0.5251 0.0981 -0.8454
vn 0.4884 0.2180 -0.8450
vn 0.7376 0.1251 -0.6636
vn 0.2237 0.0521 0.9733
vn 0.1297 0.0387 0.9908
vn 0.0310 0.0434 0.9986
vn -0.8839 -0.2411 0.4008
vn -0.3703 0.8748 -0.3125
vn 0.7412 -0.4258 0.5189
vn -0.9946 -0.0961 -0.0395
vn 0.6884 -0.1258 -0.7143
vn -0.8402 0.0816 0.5361
vn 0.3981 0.1250 -0.9088
vn 0.9677 -0.0811 0.2387
vn -0.1065 0.5349 -0.8382
vn 0.9984 0.0170 0.0543
vn 0.7436 0.0065 0.6686
vn 0.6889 -0.1003 0.7179
vn -0.0765 0.0228 0.9968
vn 0.8170 0.5105 -0.2682
vn 0.9039 0.1144 0.4121
vn 0.5191 -0.0455 0.8535
vn -0.2193 0.9187 -0.3285
vn -0.0928 0.0017 0.9957
vn 0.8877 -0.1813 0.4233
vn -0.9735 -0.0829 0.2129
vn -0.1597 0.0864 0.9834
vn -0.5010 0.0098 -0.8654
vn 0.9176 0.0463 0.3948
vn 0.6978 0.0139 0.7161
vn -0.3766 0.6744 -0.6351
vn 0.0371 -0.0505 0.9980
vn 0.9862 0.0566 0.1553
vn 0.6400 0.0115 0.7683
vn -0.4052 -0.5966 0.6928
vn -0.8255 0.0626 0.5610
vn -0.8097 -0.0060 -0.5868
vn 0.7289 0.1062 -0.6763
vn -0.8422 -0.0664 0.5350
vn 0.9561 0.2900 -0.0427
vn 0.8152 -0.0470 0.5773
vn 0.9931 -0.0058 0.1168
vn -0.3538 -0.1586 0.9218
vn 0.5007 0.2695 -0.8226
vn -0.1902 -0.0073 0.9817
vn 0.9930 -0.0160 0.1167
vn 0.6419 -0.1005 0.7601
vn 0.8241 -0.0588 -0.5634
vn -0.5556 -0.0279 0.8310
vn -0.5732 -0.2082 -0.7925
vn 0.8883 0.1177 -0.4439
vn -0.3041 0.3936 -0.8675
vn 0.4382 0.0170 0.8987
vn 0.7199 0.1386 -0.6801
vn 0.6030 -0.0085 -0.7977
vn 0.9282 -0.0492 0.3689
vn -0.8759 -0.0801 0.4758
vn -0.6934 -0.1192 -0.7106
vn -0.8679 0.0325 -0.4957
vn 0.7942 0.2386 -0.5588
vn 0.9251 0.0007 0.3797
vn 0.9375 -0.0387 0.3459
vn -0.2127 -0.1400 0.9671
vn 0.6805 0.4521 -0.5767
vn -0.4619 -0.6081 0.6456
vn 0.7765 -0.0176 0.6299
vn -0.9980 0.0273 -0.0570
vn 0.9045 -0.0829 0.4184
vn -0.6350 -0.0650 0.7697
vn -0.9150 -0.1115 -0.3878
vn 0.9990 0.0436 0.0023
vn -0.1810 -0.1263 0.9753
vn 0.9921 0.0526 0.1138
vn 0.9556 -0.1834 0.2305
vn -0.2691 -0.1638 0.9491
vn -0.9994 0.0044 -0.0354
vn -0.9162 -0.1087 0.3856
vn 0.5287 0.0149 0.8487
vn 0.5873 -0.0177 0.8092
vn -0.4662 0.0370 0.8839
vn 0.4526 0.0388 0.8909
vn 0.8595 0.0679 -0.5066
vn 0.9556 0.0438 0.2913
vn 0.9323 -0.1316 0.3368
vn -0.4172 -0.0983 -0.9035
vn 0.2857 -0.1913 -0.9390
vn -0.9974 -0.0230 -0.0679
vn -0.9643 0.2241 0.1412
vn -0.4639 -0.7060 0.5352
vn 0.5132 -0.0007 0.8583
vn 0.7697 -0.1336 -0.6242
vn 0.5135 0.3138 -0.7987
vn 0.9568 -0.0935 0.2752
vn 0.8781 0.0489 0.4760
vn -0.9827 -0.0674 0.1724
vn -0.9635 -0.2318 -0.1340
vn -0.2113 0.0772 -0.9744
vn 0.8018 0.1895 -0.5667
vn 0.2700 0.8718 -0.4087
vn -0.0624 -0.7162 0.6951
vn 0.6467 0.1734 -0.7428
vn 0.9982 -0.0548 0.0230
vn 0.8095 0.1159 -0.5756
vn -0.8455 -0.0247 0.5335
vn -0.2735 0.8973 -0.3464
vn -0.8841 -0.0635 0.4630
vn 0.9822 -0.0390 0.1837
vn -0.9970 0.0651 -0.0424
vn 0.0506 0.2734 -0.9606
vn -0.9098 -0.2885 0.2985
vn 0.5590 -0.1250 -0.8197
vn -0.1832 0.2140 -0.9595
vn -0.3146 0.0564 -0.9476
vn 0.9889 -0.1172 0.0916
vn -0.5914 -0.0371 0.8056
vn 0.6018 0.2836 -0.7466
vn 0.3976 -0.1394 0.9069
vn 0.9085 -0.0794 0.4102
vn 0.8673 -0.1678 -0.4686
vn -0.3360 -0.1871 -0.9231
vn 0.5300 -0.2209 -0.8187
vn -0.5211 0.3254 -0.7890
vn 0.5688 -0.0836 0.8182
vn -0.2180 0.0027 0.9759
vn -0.5640 -0.6608 0.4952
vn -0.9286 -0.1194 0.3512
vn 0.9263 -0.1543 -0.3439
vn -0.9974 -0.0402 -0.0592
vn -0.4180 0.3495 -0.8385
vn 0.5919 0.2396 -0.7696
vn 0.8836 0.1246 -0.4514
vn 0.5395 0.2172 -0.8135
vn 0.8443 -0.3973 0.3596
vn -0.5811 0.6513 -0.4880
vn 0.4705 -0.0703 0.8796
vn 0.8067 0.5381 -0.2441
vn -0.1707 0.0520 0.9839
vn 0.4160 -0.5725 0.7066
vn -0.0552 -0.8004 0.5969
vn -0.5626 0.1043 0.8201
vn -0.4312 -0.0300 -0.9017
vn 0.5634 -0.1483 -0.8128
vn 0.6555 0.0568 0.7531
vn 0.8842 -0.1369 -0.4466
vn 0.7983 0.0975 -0.5943
vn 0.4141 -0.2313 -0.8804
vn -0.8442 -0.0590 -0.5328
vn -0.9556 -0.1002 0.2771
vn -0.9385 -0.0697 0.3382
vn 0.9947 -0.0242 0.1000
vn -0.8904 -0.0828 0.4477
vn -0.9956 -0.0662 -0.0666
vn 0.4512 -0.1108 -0.8855
vn -0.8521 0.0235 0.5228
vn 0.9958 -0.0615 0.0671
vn -0.0028 -0.2646 -0.9644
vn 0.5708 0.0322 0.8205
vn 0.6871 0.2559 -0.6800
vn 0.9906 -0.0387 0.1313
vn 0.9034 -0.2432 0.3530
vn 0.9355 0.1391 -0.3247
vn -0.5588 0.0107 0.8293
vn -0.1631 -0.1288 0.9782
vn 0.9421 -0.1160 0.3145
vn -0.3666 0.8659 -0.3404
vn 0.5234 0.3244 -0.7880
vn 0.3431 -0.6331 0.6939
vn 0.9748 -0.2088 0.0787
vn -0.4504 0.5901 -0.6700
vn -0.7460 0.1268 -0.6537
vn -0.9282 -0.2769 -0.2483
vn -0.6131 -0.4957 0.6151
vn -0.9359 0.0004 0.3523
vn -0.9479 -0.1025 0.3018
vn -0.9889 0.1485 -0.0033
vn 0.2322 -0.0157 -0.9725
vn 0.6404 0.0375 0.7671
vn 0.5022 0.1816 -0.8454
vn 0.8913 -0.1133 0.4389
vn 0.5258 0.3001 -0.7959
vn 0.1189 -0.0620 -0.9910
vn -0.5642 -0.0828 0.8215
vn -0.8853 -0.2142 0.4127
vn -0.8295 -0.1903 0.5251
vn -0.9211 -0.0617 0.3845
vn 0.9955 0.0222 0.0923
vn -0.1973 0.3757 -0.9055
vn 0.9176 -0.2053 0.3404
vn -0.0053 -0.0738 0.9973
vn -0.4900 -0.1420 0.8601
vn -0.5489 0.0400 0.8349
vn -0.9870 0.1598 0.0151
vn -0.9983 0.0555 -0.0193
vn 0.7611 0.1268 -0.6362
vn 0.1972 -0.2264 -0.9539
vn -0.7760 -0.1169 -0.6197
vn -0.6742 0.2742 -0.6858
vn 0.5489 0.5728 -0.6088
vn 0.9154 -0.0969 -0.3908
vn -0.2771 -0.1040 0.9552
vn -0.9948 -0.0698 -0.0735
vn -0.6491 -0.2959 -0.7008
vn -0.9440 -0.0614 0.3241
vn -0.5333 -0.0893 0.8412
vn -0.8627 -0.1625 -0.4788
vn 0.9989 -0.0333 0.0317
vn -0.8271 0.0263 0.5614
vn 0.2232 0.9049 -0.3624
vn -0.8569 -0.2239 0.4643
vn 0.9699 0.0047 0.2436
vn 0.6612 0.1609 -0.7328
vn 0.3639 -0.2068 -0.9082
vn 0.7460 -0.1395 0.6511
vn 0.9301 -0.0182 0.3667
vn -0.4459 0.1995 -0.8726
vn -0.9774 0.1526 0.1463
vn -0.2785 -0.2837 0.9176
vn -0.2018 -0.1688 0.9648
vn -0.2780 -0.1505 0.9487
vn 0.8485 -0.1009 0.5195
vn 0.9507 -0.0688 0.3024
vn 0.9415 -0.1046 0.3202
vn 0.9146 0.0044 0.4044
vn -0.3828 0.7738 -0.5046
vn 0.0924 -0.1573 -0.9832
vn -0.3009 -0.1627 -0.9397
vn 0.6436 -0.2065 -0.7370
vn -0.9831 -0.1406 -0.1169
vn -0.7879 0.0111 -0.6157
vn -0.8228 -0.0633 0.5648
vn -0.8959 0.0512 0.4413
vn 0.4874 0.0474 0.8719
vn 0.9351 -0.1717 -0.3100
vn 0.4525 -0.6944 0.5595
vn 0.3296 0.2198 -0.9182
vn 0.4836 0.1012 -0.8694
vn 0.3449 -0.1963 -0.9179
vn -0.4831 0.2287 -0.8451
vn -0.3838 0.0200 0.9232
vn -0.9974 -0.0702 -0.0171
vn -0.9925 0.1189 0.0278
vn -0.4968 -0.4618 0.7348
vn -0.9507 0.0217 0.3093
vn -0.8806 0.0328 0.4728
vn -0.4821 0.3014 -0.8226
vn 0.7953 0.2156 -0.5666
vn 0.9037 0.0344 0.4267
vn 0.5962 -0.0162 -0.8027
vn 0.9970 0.0440 0.0636
vn -0.2527 -0.1759 0.9514
vn 0.0778 -0.6836 0.7257
vn 0.7808 0.1345 0.6101
vn -0.7320 -0.0927 0.6749
vn 0.9414 -0.1737 0.2890
vn -0.7500 0.1698 0.6393
vn 0.9835 0.1276 0.1286
vn -0.2885 -0.0110 0.9574
vn 0.9149 0.3808 0.1341
vn -0.3220 0.7436 -0.5859
vn 0.0904 0.9139 -0.3956
vn -0.8532 0.5153 0.0809
vn 0.8156 0.5782 -0.0217
vn 0.1630 0.5611 -0.8115
vn -0.0267 -0.0347 0.9990
vn 0.0262 -0.1062 0.9940
vn 0.8473 0.2134 0.4864
vn -0.7637 0.1118 0.6358
vn 0.9362 -0.1146 0.3324
vn -0.9689 0.2469 -0.0179
vn 0.9739 0.2046 0.0984
vn -0.4325 -0.1788 0.8838
vn 0.8166 0.5659 -0.1133
vn -0.1250 0.4554 -0.8815
vn -0.2395 0.4452 -0.8628
vn -0.9267 0.3403 0.1596
vn 0.7796 0.5205 -0.3483
vn 0.2018 0.3424 -0.9176
vn -0.2284 0.0422 0.9727
vn -0.4224 0.0623 0.9043
vn 0.2949 0.0988 0.9504
vn 0.8880 0.0854 0.4519
vn -0.8395 0.1967 0.5066
vn 0.9684 0.1873 -0.1645
vn -0.8893 0.3757 -0.2608
vn 0.7763 0.3569 -0.5196
vn 0.9661 0.0003 0.2583
vn 0.1274 0.2943 -0.9472
vn -0.3534 0.4118 -0.8400
vn 0.9352 0.2410 -0.2595
vn 0.9328 0.0223 0.3597
vn -0.4351 0.0896 0.8959
vn -0.2181 0.1223 0.9682
vn 0.2144 0.4083 -0.8873
vn -0.1292 0.1247 0.9838
vn 0.2182 0.0382 0.9752
vn -0.7772 0.0737 0.6249
vn 0.9439 0.1478 -0.2952
vn -0.9992 0.0299 -0.0265
vn 0.7086 0.3001 -0.6386
vn 0.8389 0.0930 0.5363
vn 0.1206 0.3639 -0.9236
vn -0.3369 0.4240 -0.8406
vn 0.9827 0.1530 -0.1043
vn 0.0318 0.0772 0.9965
vn -0.7883 -0.2460 -0.5640
vn 0.9440 -0.1006 0.3144
vn 0.1452 -0.2540 -0.9562
vn -0.4904 -0.2396 0.8379
vn 0.4889 -0.1003 0.8665
vn -0.9212 0.0622 0.3842
vn 0.9477 -0.0755 -0.3101
vn -0.9984 -0.0555 0.0051
vn 0.8859 -0.1236 -0.4471
vn 0.9207 -0.1447 0.3625
vn -0.1731 -0.1185 -0.9777
vn -0.4584 -0.2395 -0.8559
vn 0.9620 -0.1645 -0.2178
vn -0.9708 -0.1592 0.1796
vn 0.3729 -0.0227 0.9276
vn -0.4119 -0.2443 0.8779
vn -0.6475 -0.3176 -0.6928
vn 0.9965 -0.0496 -0.0673
vn 0.2206 -0.0443 -0.9744
vn 0.8651 -0.0882 0.4939
vn 0.9846 -0.1637 -0.0608
vn -0.9871 -0.0216 0.1584
vn 0.9106 -0.2019 -0.3606
vn -0.2013 -0.2156 0.9555
vn 0.3202 -0.2153 0.9226
vn -0.1441 -0.2929 -0.9452
vn -0.9498 -0.1193 -0.2894
vn -0.9037 -0.2589 -0.3411
vn 0.6567 0.0146 0.7540
vn -0.1502 -0.2115 0.9658
vn -0.7401 -0.1206 -0.6616
vn -0.4101 -0.0331 -0.9114
vn -0.9963 0.0515 -0.0684
vn -0.9405 -0.0822 -0.3296
vn -0.2296 -0.1882 0.9549
vn 0.9045 0.0118 0.4263
vn 0.3534 -0.4520 -0.8190
vn 0.6047 -0.0068 0.7964
vn 0.9856 -0.1483 -0.0817
vn 0.9945 -0.0979 -0.0375
vn 0.7782 -0.1765 -0.6027
vn -0.1608 -0.1465 -0.9761
vn 0.9568 -0.1804 -0.2279
vn -0.9919 -0.1174 0.0480
vn -0.8127 -0.1843 -0.5527
vn -0.3516 -0.2098 -0.9124
vn 0.1282 0.8630 -0.4886
vn -0.1833 0.0982 0.9782
vn -0.6802 0.0081 -0.7329
vn 0.9829 -0.1839 -0.0113
vn 0.1019 0.1711 -0.9800
vn 0.2762 0.0043 0.9611
vn -0.8946 -0.0594 0.4428
vn 0.9581 -0.1317 -0.2544
vn -0.9847 -0.1533 0.0823
vn 0.7332 -0.0937 -0.6735
vn 0.8986 -0.0197 0.4384
vn 0.1442 0.0237 -0.9893
vn -0.4563 0.0186 -0.8896
vn 0.9929 -0.0507 -0.1080
vn 0.0111 0.0905 0.9958
vn -0.4263 0.0656 0.9022
vn -0.4453 0.1793 0.8772
vn -0.3117 0.8235 -0.4740
vn -0.0324 0.9162 -0.3994
vn 0.6736 0.2307 0.7022
vn -0.5908 -0.2168 0.7772
vn 0.9523 0.0554 0.3000
vn -0.7920 0.4222 0.4411
vn 0.9517 0.2467 0.1827
vn -0.8140 0.2551 -0.5218
vn -0.9619 -0.0959 -0.2562
vn -0.2613 -0.0540 0.9638
vn 0.9354 0.3072 0.1753
vn -0.4158 0.7359 -0.5344
vn -0.3847 0.4847 -0.7855
vn -0.5554 0.4285 -0.7127
vn 0.1878 0.8932 -0.4085
vn -0.7945 0.5286 0.2990
vn 0.7976 0.5925 0.1130
vn 0.1677 0.7571 -0.6314
vn -0.0497 -0.0877 0.9949
vn 0.0291 -0.5656 0.8241
vn -0.3754 -0.2571 0.8905
vn -0.5231 0.3707 -0.7675
vn 0.8943 0.0037 0.4475
vn -0.8314 -0.2107 0.5142
vn 0.8707 -0.1878 0.4546
vn 0.9805 0.1210 0.1547
vn -0.4359 0.3435 -0.8319
vn -0.3724 -0.4982 0.7830
vn 0.9505 0.3106 0.0014
vn -0.1929 0.4679 -0.8625
vn 0.0096 0.3841 -0.9232
vn -0.2157 0.5775 -0.7874
vn 0.0212 0.5780 -0.8158
vn -0.9441 0.3210 -0.0754
vn 0.8482 0.4503 -0.2788
vn 0.1712 0.4623 -0.8701
vn 0.0554 -0.5570 0.8286
vn -0.4681 0.0860 0.8795
vn 0.8558 0.1578 0.4926
vn 0.8191 0.0164 0.5735
vn 0.1220 0.0120 0.9925
vn -0.2947 -0.0512 0.9542
vn -0.2442 -0.1634 0.9558
vn -0.5418 0.4247 -0.7253
vn -0.5382 0.4137 -0.7343
vn 0.9139 0.1266 0.3858
vn -0.8051 0.1283 0.5790
vn 0.9939 0.1022 0.0405
vn -0.8347 0.3775 -0.4010
vn 0.9255 0.2789 -0.2563
vn -0.4409 0.1201 -0.8895
vn -0.3843 0.1704 -0.9074
vn 0.9834 0.1239 0.1327
vn 0.0130 0.3041 -0.9526
vn 0.2487 0.3282 -0.9113
vn 0.1799 0.3608 -0.9151
vn -0.3410 0.3993 -0.8511
vn -0.9205 0.3210 0.2227
vn -0.9172 0.3008 0.2614
vn 0.8583 0.2788 -0.4308
vn 0.9043 0.1489 0.4000
vn -0.3871 0.1174 0.9146
vn -0.2458 0.0318 0.9688
vn 0.1671 0.3987 -0.9017
vn -0.3169 0.1595 0.9349
vn 0.3315 0.1360 0.9336
vn -0.4043 -0.0120 0.9145
vn -0.3526 0.0343 0.9352
vn -0.6138 0.3825 -0.6907
vn -0.5680 0.4277 -0.7032
vn -0.8534 0.1104 0.5095
vn 0.9457 0.2709 -0.1796
vn -0.9885 0.0920 -0.1201
vn 0.6580 0.4203 -0.6248
vn -0.3901 0.2946 -0.8724
vn -0.4034 0.2680 -0.8749
vn 0.9131 0.0606 0.4033
vn 0.0328 0.4591 -0.8878
vn 0.5864 0.3242 -0.7423
vn 0.4116 0.3930 -0.8223
vn -0.3042 0.4440 -0.8428
vn -0.9633 0.1930 0.1865
vn -0.9955 0.0787 0.0520
vn 0.9657 0.1637 -0.2016
vn -0.1303 0.1028 0.9861
vn -0.7889 -0.1073 -0.6051
vn 0.9826 -0.1368 0.1257
vn 0.1625 0.0168 -0.9866
vn -0.5737 -0.1703 0.8012
vn 0.3077 0.0053 0.9515
vn -0.6137 0.0434 0.7883
vn -0.5918 0.0491 0.8046
vn -0.9387 0.0125 0.3446
vn 0.9463 -0.1293 -0.2964
vn -0.9911 -0.1170 0.0631
vn 0.7909 -0.1277 -0.5985
vn -0.5181 0.0369 -0.8545
vn -0.3851 -0.1135 -0.9159
vn 0.8816 0.0200 0.4716
vn 0.0841 -0.0674 -0.9942
vn 0.4711 -0.1155 -0.8745
vn 0.4333 -0.0811 -0.8976
vn -0.4079 -0.0189 -0.9128
vn -0.9783 -0.2025 -0.0436
vn -0.9886 -0.1499 0.0130
vn 0.9770 -0.1365 -0.1637
vn -0.9688 -0.0468 0.2434
vn 0.2325 0.1501 0.9609
vn -0.4892 -0.1774 0.8539
vn -0.5626 -0.4021 -0.7223
vn 0.9954 -0.0842 -0.0461
vn 0.1791 -0.0886 -0.9798
vn 0.7719 -0.1123 0.6257
vn -0.9519 -0.2461 0.1824
vn -0.9601 -0.1273 0.2490
vn 0.9747 -0.1694 -0.1460
vn -0.9459 -0.0765 -0.3152
vn 0.8709 -0.1846 -0.4554
vn 0.6872 -0.0384 -0.7255
vn 0.1642 -0.1413 -0.9762
vn -0.1457 -0.1851 0.9719
vn 0.6827 -0.0941 0.7246
vn -0.0977 -0.1356 -0.9859
vn 0.9449 -0.1357 -0.2979
vn 0.9131 -0.1100 -0.3926
vn -0.5051 -0.3935 -0.7681
vn -0.9609 -0.1938 -0.1976
vn 0.9547 -0.1056 -0.2781
vn -0.2384 -0.2872 0.9277
vn -0.9899 -0.1387 -0.0293
vn -0.9689 -0.1888 -0.1601
vn -0.7286 -0.1836 -0.6599
vn -0.9126 -0.2085 0.3516
vn -0.8136 -0.1331 0.5660
vn -0.4849 -0.2342 -0.8426
vn -0.9505 -0.1434 0.2756
vn -0.9985 -0.0462 0.0280
vn 0.1201 -0.2203 0.9680
vn 0.9499 -0.1536 0.2721
vn 0.3729 -0.3302 -0.8671
vn 0.5755 -0.1316 0.8072
vn 0.9586 -0.1956 -0.2071
vn 0.9751 -0.0949 0.2005
vn -0.4892 0.0364 -0.8714
vn -0.5751 0.1767 -0.7988
vn 0.6860 -0.1514 -0.7117
vn 0.6614 -0.0085 -0.7500
vn 0.8396 -0.0606 -0.5399
vn -0.1806 0.0678 -0.9812
vn 0.9459 -0.1509 -0.2872
vn -0.9907 -0.1289 -0.0423
vn -0.8427 -0.0942 -0.5301
vn -0.9675 -0.1042 0.2305
vn -0.9623 -0.1105 0.2487
vn -0.2225 -0.0906 -0.9707
vn 0.0636 0.9148 -0.3988
vn -0.2328 0.0514 0.9712
vn -0.6132 0.1893 -0.7669
vn 0.9753 -0.0819 0.2049
vn 0.1743 0.2883 -0.9415
vn 0.2248 -0.0250 0.9741
vn -0.6586 -0.1239 0.7422
vn -0.5604 -0.1526 0.8140
vn -0.7712 -0.0826 0.6313
vn 0.9285 -0.0427 -0.3688
vn -0.9966 -0.0801 -0.0196
vn 0.7798 0.1248 -0.6135
vn -0.2260 0.1046 -0.9685
vn -0.3086 0.2183 -0.9258
vn 0.8452 0.0417 0.5328
vn 0.1654 0.2211 -0.9611
vn 0.4691 0.0114 -0.8831
vn 0.5807 0.1016 -0.8078
vn -0.4836 0.2688 -0.8330
vn -0.9890 -0.1084 0.1003
vn -0.9814 -0.1870 0.0426
vn 0.9994 -0.0202 -0.0291
vn 0.0793 0.0742 0.9941
vn 0.1901 0.0784 0.9786
vn -0.0248 -0.0454 0.9987
vn -0.3048 0.0769 0.9493
vn -0.0599 0.0405 0.9974
vn 0.4462 -0.0635 0.8927
vn 0.0511 -0.2452 0.9681
vn 0.4156 -0.0689 0.9069
vn 0.2965 0.0664 0.9527
vn 0.3742 -0.0111 0.9273
vn 0.2703 -0.5227 0.8085
vn -0.2750 0.0970 0.9565
vn -0.1530 0.1122 0.9818
vn 0.3436 0.1261 0.9306
vn 0.1950 -0.1598 0.9677
vn 0.5410 -0.1338 0.8303
vn 0.0905 -0.0117 0.9958
vn 0.0325 -0.1857 0.9821
vn 0.0338 -0.6115 0.7906
vn 0.2200 0.0629 0.9735
vn 0.1511 -0.0204 0.9883
vn 0.2495 0.0307 0.9679
vn 0.1465 0.1337 0.9801
vn 0.4709 -0.1234 0.8735
vn 0.2737 -0.0117 0.9617
vn 0.8192 -0.1214 0.5605
vn 0.8685 -0.1128 0.4826
vn -0.1360 -0.3581 0.9237
vn -0.2251 -0.3924 0.8918
vn 0.8483 -0.0362 0.5282
vn 0.6560 -0.1958 0.7289
vn 0.2788 -0.0077 0.9603
vn 0.3693 -0.0291 0.9289
vn 0.7952 0.1196 0.5945
vn 0.8470 0.3576 0.3934
vn 0.8921 0.0608 0.4478
vn 0.9087 -0.1641 0.3839
vn 0.9768 -0.0774 0.1998
vn 0.9424 -0.0801 0.3247
vn 0.8908 -0.0553 0.4511
vn 0.7545 0.0979 0.6490
vn 0.8833 -0.0758 0.4627
vn 0.8893 0.1844 0.4185
vn 0.9037 -0.1239 0.4099
vn 0.9490 -0.1071 0.2964
vn 0.8935 -0.1912 0.4063
vn 0.9080 0.0714 0.4129
vn 0.5719 0.0077 0.8203
vn 0.7354 0.0227 0.6773
vn 0.7485 0.0537 0.6610
vn 0.8621 -0.1880 0.4705
vn 0.9899 -0.0953 0.1051
vn 0.6979 0.0578 0.7138
vn 0.8345 -0.0563 0.5481
vn 0.7971 -0.1207 0.5917
vn 0.7510 -0.1899 0.6324
vn 0.6365 0.0038 0.7713
vn 0.7556 0.1581 0.6357
vn 0.8003 -0.0771 0.5947
vn 0.9598 -0.1110 0.2578
vn 0.7508 0.1145 0.6505
vn 0.8387 -0.1413 0.5259
vn 0.7801 -0.0739 0.6213
vn -0.2197 -0.0167 0.9754
vn -0.2034 -0.0823 0.9756
vn -0.2334 -0.0420 0.9715
vn -0.2902 -0.5256 0.7997
vn -0.3270 0.1225 0.9371
vn -0.3077 0.0432 0.9505
vn -0.4007 -0.2368 0.8851
vn -0.3920 -0.2056 0.8967
vn -0.3754 0.1406 0.9162
vn -0.3538 0.1820 0.9174
vn -0.4426 0.1854 0.8773
vn -0.5283 0.1437 0.8368
vn -0.4384 -0.0418 0.8978
vn -0.5643 -0.2259 0.7941
vn -0.4444 0.0275 0.8954
vn -0.4239 0.0196 0.9055
vn -0.5476 0.0460 0.8355
vn -0.3342 -0.0791 0.9392
vn -0.6118 -0.0592 0.7888
vn -0.7627 -0.2811 0.5824
vn -0.6930 0.1949 0.6941
vn -0.6088 0.0576 0.7912
vn -0.7475 0.0603 0.6616
vn -0.7219 0.1112 0.6830
vn -0.8522 0.1369 0.5050
vn -0.8957 0.0680 0.4394
vn -0.9594 -0.1826 0.2151
vn -0.9008 -0.0369 0.4327
vn -0.5825 -0.1562 0.7977
vn -0.9543 -0.1404 0.2639
vn -0.8519 -0.0590 0.5204
vn -0.7987 0.0441 0.6001
vn -0.7518 -0.0213 0.6591
vn -0.8963 0.1205 0.4267
vn -0.8597 0.2140 0.4639
vn -0.8907 0.0075 0.4545
vn -0.9843 -0.0177 0.1757
vn -0.9804 -0.1453 0.1332
vn -0.9090 -0.0081 0.4167
vn -0.9101 -0.0935 0.4036
vn -0.7983 0.0920 0.5952
vn -0.8660 -0.1860 0.4641
vn -0.8906 0.2356 0.3889
vn -0.8917 0.1237 0.4355
vn -0.9509 -0.0996 0.2929
vn -0.9954 -0.0283 0.0918
vn -0.9347 -0.1360 0.3284
vn -0.8708 -0.0757 0.4857
vn -0.7126 0.3495 0.6083
vn -0.5344 0.2410 0.8101
vn -0.8391 0.0513 0.5416
vn -0.9675 0.0233 0.2520
vn -0.9628 -0.2657 -0.0484
vn -0.9839 -0.0832 -0.1584
vn -0.9874 -0.1547 -0.0318
vn -0.9734 -0.1236 0.1928
vn -0.8235 0.1493 0.5474
vn -0.8080 -0.0216 0.5888
vn -0.8949 -0.0403 0.4444
vn -0.9570 -0.2179 0.1914
vn -0.8465 -0.1987 0.4939
vn -0.7796 0.1560 0.6066
vn -0.8145 0.1335 0.5646
vn -0.8725 -0.0280 0.4877
vn -0.9463 -0.1580 0.2822
vn -0.7887 -0.1351 0.5998
vn -0.7921 0.5924 0.1471
vn -0.9417 0.3268 0.0805
vn -0.9059 -0.2698 -0.3263
vn -0.9654 -0.1797 -0.1889
vn -0.6797 0.6212 0.3901
vn -0.9502 0.2947 -0.1014
vn -0.9940 -0.0911 -0.0602
vn -0.9606 -0.1040 -0.2579
vn -0.9340 0.3450 0.0924
vn -0.9203 0.3842 0.0738
vn -0.9592 0.1750 0.2223
vn -0.9915 0.0695 0.1104
vn -0.9831 -0.1826 0.0106
vn -0.9892 -0.1242 0.0772
vn -0.9747 -0.2006 -0.0988
vn -0.9609 -0.2006 -0.1909
vn -0.9880 -0.1145 0.1039
vn -0.9778 -0.2058 0.0394
vn -0.8102 0.5794 -0.0884
vn -0.7194 0.4471 -0.5316
vn -0.6749 0.4751 -0.5646
vn -0.7721 0.2772 -0.5719
vn -0.8371 -0.2566 -0.4831
vn -0.8767 -0.1055 -0.4692
vn -0.7757 0.6167 0.1342
vn -0.8065 0.4383 -0.3968
vn -0.7046 0.4341 -0.5614
vn -0.7018 0.3878 -0.5976
vn -0.8220 -0.1614 -0.5461
vn -0.8806 0.0175 -0.4736
vn -0.8766 -0.1568 -0.4549
vn -0.8612 -0.1595 -0.4825
vn -0.8822 -0.1825 -0.4341
vn -0.8896 -0.1100 -0.4434
vn -0.8004 -0.2867 -0.5264
vn -0.8163 -0.3040 -0.4911
vn -0.8555 -0.1197 -0.5038
vn -0.7856 -0.1968 -0.5866
vn -0.7968 -0.2638 -0.5436
vn -0.8038 -0.2055 -0.5583
vn -0.8030 -0.1036 -0.5870
vn -0.7647 -0.3439 -0.5449
vn -0.6268 0.7702 -0.1179
vn -0.5967 0.7274 -0.3389
vn -0.6124 0.4941 -0.6171
vn -0.4710 0.4139 -0.7790
vn -0.3449 0.4122 -0.8433
vn -0.3185 0.3803 -0.8683
vn -0.3403 0.4142 -0.8442
vn -0.4687 0.3521 -0.8101
vn -0.8409 -0.1385 -0.5231
vn -0.8053 -0.2258 -0.5481
vn -0.6913 0.1754 -0.7010
vn -0.8077 -0.0625 -0.5862
vn -0.6001 0.7906 -0.1212
vn -0.8741 0.2547 -0.4137
vn -0.8304 0.3258 -0.4520
vn -0.6911 0.3661 -0.6232
vn -0.9207 -0.1634 -0.3545
vn 0.0986 -0.4254 -0.8996
vn -0.6948 -0.0415 -0.7180
vn -0.8060 0.0222 -0.5914
vn -0.5967 0.8024 -0.0055
vn -0.7503 0.5085 -0.4225
vn -0.8709 0.2697 -0.4108
vn -0.7229 0.3837 -0.5746
vn -0.8989 -0.0194 -0.4377
vn -0.5815 -0.2237 -0.7821
vn -0.8800 -0.0230 -0.4745
vn -0.7497 0.2444 -0.6150
vn -0.0709 0.5778 -0.8131
vn 0.0432 0.7385 -0.6729
vn -0.1622 0.4417 -0.8824
vn -0.1741 0.4044 -0.8978
vn -0.1562 0.4008 -0.9027
vn -0.0952 0.4265 -0.8995
vn -0.2944 -0.2133 -0.9316
vn -0.2585 0.0037 -0.9660
vn -0.2236 -0.0063 -0.9747
vn -0.2699 -0.1420 -0.9524
vn -0.1316 -0.4741 -0.8706
vn -0.1328 -0.2861 -0.9489
vn 0.0749 0.9353 -0.3459
vn -0.0511 0.9501 -0.3078
vn -0.2515 0.1288 -0.9592
vn -0.2438 0.3888 -0.8885
vn 0.3072 0.5330 -0.7883
vn 0.1716 0.4184 -0.8919
vn 0.2109 0.3618 -0.9081
vn 0.2319 -0.2557 -0.9385
vn 0.2158 -0.0342 -0.9758
vn 0.3150 -0.4664 -0.8266
vn 0.1682 0.8699 -0.4637
vn 0.1317 0.1390 -0.9815
vn 0.1922 0.7547 -0.6273
vn 0.1973 0.4412 -0.8754
vn 0.3056 0.4095 -0.8596
vn 0.2065 0.0092 -0.9784
vn 0.3117 -0.1070 -0.9441
vn 0.2852 -0.3148 -0.9053
vn 0.0843 0.9322 -0.3519
vn 0.0693 0.3434 -0.9366
vn 0.0710 0.9106 -0.4071
vn 0.7747 0.3236 -0.5432
vn 0.8569 0.2156 -0.4683
vn 0.6659 0.2818 -0.6908
vn 0.7077 -0.1651 -0.6870
vn 0.7025 -0.3639 -0.6116
vn 0.8144 -0.1285 -0.5659
vn 0.7331 -0.0224 -0.6797
vn 0.3018 0.9225 -0.2406
vn 0.5236 0.6391 -0.5633
vn 0.8434 0.2789 -0.4593
vn 0.7785 0.3448 -0.5244
vn 0.7788 -0.0741 -0.6229
vn 0.8101 -0.2829 -0.5136
vn 0.7050 -0.1097 -0.7006
vn 0.6609 0.1919 -0.7255
vn -0.4826 0.7003 -0.5260
vn -0.4904 0.6836 -0.5405
vn -0.1000 0.5185 -0.8492
vn -0.2727 0.4731 -0.8378
vn 0.0810 0.3376 -0.9378
vn 0.0810 0.3025 -0.9497
vn 0.1875 0.4330 -0.8817
vn 0.0792 0.4179 -0.9051
vn 0.0142 -0.1727 -0.9849
vn 0.0380 -0.0597 -0.9975
vn -0.6708 -0.1645 -0.7232
vn -0.4510 -0.1285 -0.8832
vn -0.5533 -0.0724 -0.8298
vn -0.3034 -0.0042 -0.9529
vn 0.1778 -0.0124 -0.9840
vn 0.2738 0.1524 -0.9496
vn 0.8713 0.4229 0.2491
vn 0.7713 0.5208 0.3659
vn 0.9333 0.3390 -0.1181
vn 0.9527 0.3031 -0.0232
vn 0.9243 0.3115 -0.2206
vn 0.9152 0.3275 -0.2349
vn 0.9825 0.1295 -0.1338
vn 0.9727 0.2291 -0.0370
vn 0.9724 -0.1586 -0.1713
vn 0.9754 -0.1030 -0.1950
vn 0.9704 -0.0684 -0.2316
vn 0.9678 -0.1374 -0.2108
vn 0.9795 -0.1493 -0.1352
vn 0.9825 -0.1078 -0.1519
vn 0.9639 -0.0779 -0.2547
vn 0.9671 0.0388 -0.2514
vn 0.8484 0.5241 0.0748
vn 0.8487 0.4891 0.2014
vn 0.7484 0.5002 -0.4356
vn 0.8698 0.4111 -0.2729
vn 0.8807 0.2802 -0.3820
vn 0.7497 0.3191 -0.5797
vn 0.9699 0.1958 -0.1448
vn 0.9699 0.1805 -0.1633
vn 0.9466 -0.1189 -0.2996
vn 0.9483 -0.1656 -0.2709
vn 0.9713 -0.1290 -0.1997
vn 0.9900 -0.1324 -0.0486
vn 0.9808 -0.1659 -0.1029
vn 0.9480 -0.2468 -0.2008
vn 0.9785 -0.0465 -0.2010
vn 0.9655 0.0761 -0.2489
vn 0.8641 -0.4428 -0.2393
vn 0.9605 0.0309 0.2765
vn 0.9607 -0.0124 0.2773
vn 0.4791 0.8762 0.0527
vn 0.9281 0.0293 0.3712
vn 0.9889 0.0522 0.1388
vn 0.9857 0.1214 -0.1165
vn 0.8496 0.5224 0.0719
vn 0.5795 -0.1954 -0.7912
vn 0.9856 0.0390 0.1646
vn 0.7891 0.5679 0.2341
vn 0.4852 0.8275 0.2825
vn 0.9702 0.0788 0.2290
vn 0.3154 -0.0211 -0.9487
vn 0.9902 0.0096 -0.1393
vn 0.9325 -0.0034 0.3610
vn 0.3538 0.8961 -0.2681
vn 0.2592 0.8311 -0.4920
vn 0.9759 -0.0176 0.2174
vn 0.7157 -0.0008 -0.6984
vn 0.9981 0.0044 0.0611
vn 0.9672 0.0502 0.2489
vn 0.4913 0.8521 0.1803
vn 0.6096 0.4799 -0.6309
vn 0.3048 -0.0473 -0.9512
vn 0.3823 0.0438 -0.9230
vn 0.9351 -0.0246 -0.3534
vn 0.4279 0.6842 0.5906
vn 0.2873 0.6135 0.7356
vn 0.7568 0.5807 -0.3001
vn 0.9256 0.0117 -0.3782
vn 0.7422 -0.0061 -0.6702
vn 0.7305 0.0255 -0.6825
vn 0.5536 -0.6032 -0.5741
vn 0.9832 0.0824 0.1631
vn 0.8426 0.5385 0.0014
vn 0.2031 0.6759 -0.7084
vn 0.9967 -0.0378 -0.0716
vn 0.9498 0.0267 -0.3117
vn 0.6721 0.4745 0.5684
vn 0.4304 -0.4328 -0.7921
vn 0.6800 -0.5719 -0.4589
vn 0.8704 0.4918 -0.0239
vn 0.4404 0.8935 -0.0878
vn 0.8131 -0.3329 -0.4776
vn 0.9990 0.0448 -0.0048
vn 0.4123 0.1714 -0.8948
vn 0.4185 0.3299 -0.8462
vn 0.2828 -0.0965 -0.9543
vn 0.9989 0.0405 0.0236
vn 0.8858 -0.1474 0.4400
vn 0.5768 0.5020 0.6444
vn 0.9753 0.0992 0.1973
vn 0.1556 0.8681 -0.4713
vn 0.0826 0.7493 -0.6571
vn 0.2514 0.9251 -0.2847
vn 0.3503 0.9093 0.2246
vn 0.3212 0.9420 -0.0968
vn 0.3480 0.9357 0.0582
vn 0.2667 0.7275 0.6322
vn 0.3114 0.8899 0.3332
vn 0.1538 0.6244 0.7658
vn 0.3493 -0.4936 -0.7965
vn 0.6438 -0.2518 -0.7226
vn 0.0940 -0.2157 -0.9719
vn 0.5651 -0.4079 -0.7171
vn 0.2663 -0.4817 -0.8349
vn 0.4389 -0.1554 -0.8850
vn 0.1175 -0.2275 -0.9667
vn 0.4271 -0.3879 -0.8168
vn 0.0186 0.8797 -0.4751
vn -0.0218 0.7679 -0.6402
vn 0.0680 0.9501 -0.3044
vn 0.0879 0.9604 0.2644
vn 0.0774 0.9947 -0.0682
vn 0.0714 0.9954 0.0634
vn 0.0571 0.7745 0.6300
vn 0.0489 0.9134 0.4042
vn 0.1072 0.6209 0.7765
vn 0.0672 -0.4691 -0.8806
vn 0.1880 -0.2516 -0.9494
vn -0.0093 -0.2349 -0.9720
vn 0.1433 -0.3885 -0.9102
vn -0.8344 -0.4638 -0.2979
vn -0.9581 0.0093 0.2862
vn -0.9346 -0.0872 0.3449
vn -0.4764 0.8787 0.0310
vn -0.9467 0.0971 0.3071
vn -0.9975 0.0678 0.0190
vn -0.9853 0.1485 -0.0849
vn -0.8304 0.5021 0.2415
vn -0.5535 -0.1909 -0.8107
vn -0.9650 0.1214 0.2325
vn -0.7749 0.5645 0.2843
vn -0.4008 0.8738 0.2753
vn -0.9648 0.0522 0.2579
vn -0.3511 -0.0328 -0.9358
vn -0.9981 -0.0447 -0.0424
vn -0.9360 0.2733 -0.2218
vn -0.3713 0.8890 -0.2680
vn -0.2685 0.8113 -0.5193
vn -0.9558 0.0570 0.2884
vn -0.7068 0.0243 -0.7070
vn -0.9972 -0.0144 0.0732
vn -0.9469 0.0425 0.3188
vn -0.4432 0.8881 0.1218
vn -0.5562 0.5112 -0.6553
vn -0.3401 -0.0638 -0.9382
vn -0.4236 0.0364 -0.9051
vn -0.9393 0.0081 -0.3430
vn -0.3734 0.7415 0.5574
vn -0.3085 0.5088 0.8037
vn -0.7427 0.5825 -0.3304
vn -0.9279 -0.0016 -0.3729
vn -0.7550 0.0774 -0.6512
vn -0.7415 0.0405 -0.6698
vn -0.5461 -0.5897 -0.5949
vn -0.9807 -0.1117 0.1603
vn -0.8341 0.5509 -0.0276
vn -0.2435 0.6793 -0.6923
vn -0.9905 -0.1368 -0.0165
vn -0.9462 0.0733 -0.3153
vn -0.6898 0.5806 0.4324
vn -0.4218 -0.3948 -0.8162
vn -0.6608 -0.5704 -0.4879
vn -0.8612 0.5016 -0.0820
vn -0.4673 0.8810 -0.0736
vn -0.7851 -0.3650 -0.5005
vn -0.9825 0.1239 0.1388
vn -0.4598 0.1609 -0.8733
vn -0.4186 0.3948 -0.8178
vn -0.3187 -0.1034 -0.9422
vn -0.9838 -0.1760 -0.0350
vn -0.9783 -0.1012 0.1808
vn -0.5955 0.5683 0.5678
vn -0.9759 0.1894 0.1081
vn -0.2167 0.8329 -0.5092
vn -0.1559 0.7431 -0.6508
vn -0.3458 0.8871 -0.3057
vn -0.4611 0.8698 0.1756
vn -0.4357 0.8963 -0.0822
vn -0.4615 0.8859 0.0463
vn -0.3333 0.7289 0.5980
vn -0.4135 0.8412 0.3484
vn -0.1660 0.5102 0.8439
vn -0.3118 -0.4753 -0.8227
vn -0.6243 -0.2546 -0.7386
vn -0.1350 -0.2181 -0.9665
vn -0.5446 -0.4245 -0.7233
vn -0.2764 -0.4634 -0.8420
vn -0.4416 -0.1593 -0.8829
vn -0.1699 -0.2285 -0.9586
vn -0.4293 -0.3858 -0.8167
vn -0.0522 0.8682 -0.4935
vn -0.0704 0.7654 -0.6397
vn -0.0481 0.9465 -0.3192
vn -0.0455 0.9646 0.2596
vn -0.0533 0.9960 -0.0714
vn -0.0536 0.9967 0.0611
vn -0.0270 0.7833 0.6210
vn -0.0155 0.9049 0.4254
vn -0.0391 0.6526 0.7567
vn -0.1311 -0.4605 -0.8779
vn -0.2899 -0.0345 -0.9564
vn -0.0826 -0.2349 -0.9685
vn -0.1711 -0.3844 -0.9072
vn 0.8735 0.0486 0.4844
vn 0.9625 0.0719 0.2617
vn 0.3214 0.6132 0.7215
vn 0.9798 0.0505 0.1935
vn 0.5173 0.5797 0.6295
vn 0.2206 0.6000 0.7690
vn 0.1244 0.5661 0.8149
vn -0.8869 0.1094 0.4489
vn -0.4884 -0.4018 0.7747
vn -0.3510 0.6027 0.7166
vn -0.7605 -0.2976 0.5772
vn -0.4955 0.4383 0.7499
vn -0.2375 0.6221 0.7460
vn -0.0531 0.5244 0.8498
vn -0.8800 -0.0590 -0.4713
vn 0.7899 0.4750 -0.3879
vn 0.8724 -0.3934 -0.2901
vn -0.6712 0.7002 -0.2433
vn -0.2387 0.9011 -0.3620
vn -0.9132 0.0925 -0.3968
vn 0.9920 -0.0409 -0.1193
vn 0.2556 0.8672 -0.4274
vn 0.1217 -0.9839 0.1312
vn -0.0239 -0.9860 0.1652
vn 0.7456 -0.3905 -0.5399
vn -0.7458 -0.3997 -0.5330
vn -0.6741 -0.6840 -0.2787
vn 0.6024 -0.7843 -0.1482
vn -0.2930 -0.9528 0.0791
vn -0.9860 -0.0114 -0.1664
vn 0.9362 0.2869 -0.2029
vn 0.3509 -0.9363 0.0099
vn 0.6864 -0.5510 -0.4745
vn -0.7152 -0.4455 -0.5385
vn -0.0525 0.9155 -0.3989
vn 0.6540 -0.6507 -0.3859
vn 0.0117 0.9121 -0.4098
vn -0.6516 -0.5890 -0.4781
vn -0.7019 0.0573 -0.7100
vn 0.6600 0.5195 -0.5426
vn 0.6306 -0.0986 -0.7698
vn -0.5959 0.6860 -0.4176
vn -0.2748 0.8995 -0.3398
vn -0.7237 0.2419 -0.6463
vn 0.6912 0.1929 -0.6965
vn 0.2183 0.9031 -0.3698
vn -0.0163 -0.2246 -0.9743
vn -0.0568 -0.2295 -0.9717
vn 0.5172 -0.1658 -0.8397
vn -0.5469 -0.2311 -0.8047
vn -0.3063 -0.2285 -0.9241
vn 0.2230 -0.2073 -0.9525
vn -0.1796 -0.2229 -0.9582
vn -0.7596 0.3112 -0.5711
vn 0.7161 0.2446 -0.6538
vn 0.1252 -0.2090 -0.9699
vn 0.5072 -0.2941 -0.8101
vn -0.5275 -0.3040 -0.7933
vn -0.0788 0.9452 -0.3168
vn 0.4149 -0.1612 -0.8955
vn 0.0059 0.9460 -0.3241
vn -0.4652 -0.2239 -0.8564
vn -0.5866 -0.3232 0.7426
vn 0.3512 -0.1676 0.9212
vn -0.9022 -0.0143 -0.4311
vn 0.5611 0.6058 -0.5640
vn -0.9878 0.1027 -0.1168
vn 0.9588 -0.1776 -0.2217
vn 0.6828 -0.3820 0.6228
vn -0.9462 -0.2162 0.2409
vn -0.0310 -0.2491 0.9680
vn 0.9286 -0.2137 0.3032
vn -0.7291 0.3590 -0.5827
vn -0.1345 -0.2981 0.9450
vn 0.2334 0.8086 -0.5401
vn -0.3110 0.7827 -0.5391
vn 0.5250 -0.2475 0.8143
vn -0.9758 -0.2133 0.0476
vn 0.9023 0.1611 -0.3999
vn 0.9895 -0.1415 0.0287
vn -0.7835 -0.3267 0.5286
vn 0.9320 -0.2826 0.2270
vn -0.9529 -0.1501 0.2635
vn -0.0597 0.8546 -0.5159
vn 0.6740 0.4849 -0.5573
vn -0.0484 -0.2193 0.9744
vn 0.9519 0.1019 0.2889
vn 0.9026 0.2824 0.3249
vn 0.9870 0.1523 -0.0502
vn 0.9280 0.2079 0.3093
vn 0.9649 0.1100 0.2384
vn 0.6848 0.2375 -0.6889
vn 0.9479 0.1428 -0.2847
vn 0.9750 0.2099 -0.0733
vn 0.4111 0.2772 -0.8684
vn 0.7206 0.0453 0.6919
vn 0.9652 0.2391 -0.1061
vn 0.7009 0.1992 -0.6849
vn 0.9392 -0.1873 -0.2879
vn 0.9504 0.2867 0.1205
vn 0.9668 0.0500 0.2506
vn 0.6144 0.4315 -0.6605
vn 0.8568 0.4305 -0.2840
vn 0.9220 0.3869 0.0169
vn 0.8833 0.0271 0.4679
vn 0.9197 0.3887 -0.0560
vn 0.4060 0.3584 -0.8406
vn 0.7813 0.4295 0.4528
vn 0.6184 0.3103 0.7220
vn 0.8955 0.3131 -0.3164
vn 0.7443 0.2743 -0.6089
vn 0.7582 0.3631 -0.5415
vn 0.5611 0.8260 0.0531
vn 0.5509 0.7934 0.2587
vn 0.4519 0.8517 -0.2652
vn 0.3548 0.7726 -0.5265
vn 0.5691 0.8086 0.1495
vn 0.5319 0.6309 0.5649
vn 0.4635 0.5230 0.7152
vn 0.2385 0.5944 -0.7680
vn 0.5270 0.8472 -0.0671
vn 0.5537 0.4749 0.6840
vn 0.6681 0.6157 -0.4178
vn 0.5694 0.6768 -0.4666
vn 0.5701 0.5760 -0.5859
vn -0.5521 0.8337 -0.0121
vn -0.7592 0.5848 0.2857
vn -0.4400 0.8563 -0.2704
vn -0.3428 0.7529 -0.5618
vn -0.6308 0.7594 0.1593
vn -0.6925 0.5028 0.5173
vn -0.3609 0.5424 0.7587
vn -0.2849 0.5991 -0.7483
vn -0.5539 0.8314 -0.0448
vn -0.5272 0.5238 0.6691
vn -0.8773 0.4484 -0.1709
vn -0.6752 0.5466 -0.4953
vn -0.7560 0.1290 -0.6418
vn -0.9286 0.2949 0.2251
vn -0.9190 0.2695 0.2878
vn -0.6162 0.3939 -0.6821
vn -0.8522 0.4291 -0.2995
vn -0.8955 0.4449 -0.0103
vn -0.8869 0.2631 0.3798
vn -0.9353 0.3521 -0.0343
vn -0.4374 0.3443 -0.8307
vn -0.7970 0.3450 0.4958
vn -0.6483 0.3025 0.6987
vn -0.9526 -0.0727 -0.2953
vn -0.7362 0.2750 -0.6183
vn -0.9808 -0.1862 -0.0579
vn -0.9435 0.1199 0.3088
vn -0.9034 0.1993 0.3796
vn -0.9765 0.2056 -0.0647
vn -0.9366 0.1621 0.3107
vn -0.9649 0.1122 0.2374
vn -0.6955 0.1873 -0.6937
vn -0.9428 0.1598 -0.2925
vn -0.9812 0.1795 0.0704
vn -0.4568 0.2539 -0.8526
vn -0.7986 0.1676 0.5780
vn -0.8911 0.1581 -0.4253
vn -0.7264 0.1938 -0.6594
vn -0.9967 0.0035 -0.0808
vn -0.9540 0.0199 0.2990
vn -0.9960 -0.0226 -0.0861
vn -0.8992 0.4190 -0.1263
vn -0.9901 -0.0454 0.1328
vn -0.9605 0.0954 0.2614
vn -0.4589 0.1147 -0.8811
vn -0.9378 -0.0268 -0.3461
vn -0.7601 0.0245 -0.6493
vn -0.9574 0.0414 0.2857
vn -0.7220 0.1029 0.6842
vn -0.8289 -0.2335 -0.5083
vn -0.6169 -0.1668 -0.7691
vn -0.9990 -0.0317 0.0320
vn -0.9474 -0.2847 -0.1465
vn -0.6129 -0.1179 -0.7813
vn -0.3447 -0.0306 -0.9382
vn -0.8673 -0.2236 -0.4447
vn -0.7104 -0.4743 -0.5200
vn -0.5386 -0.1956 -0.8196
vn -0.9235 -0.1772 0.3403
vn -0.6179 -0.5509 -0.5610
vn -0.4343 -0.3453 -0.8320
vn -0.7448 -0.5505 -0.3771
vn -0.3385 -0.0640 -0.9388
vn -0.6531 -0.6464 -0.3944
vn -0.4369 -0.1932 -0.8785
vn -0.6992 -0.3309 0.6338
vn -0.3237 -0.4721 -0.8200
vn -0.6230 -0.4730 -0.6230
vn -0.1705 -0.1885 -0.9672
vn -0.5187 -0.5643 -0.6423
vn -0.6148 -0.7796 -0.1192
vn -0.2615 -0.2277 -0.9380
vn -0.4596 -0.2663 0.8473
vn 0.3340 -0.5110 -0.7920
vn 0.6342 -0.4827 -0.6040
vn 0.1297 -0.1856 -0.9740
vn 0.5160 -0.5780 -0.6322
vn 0.6877 -0.6670 -0.2866
vn 0.2743 -0.2024 -0.9401
vn 0.5382 -0.4038 0.7398
vn 0.6287 -0.5661 -0.5331
vn 0.4389 -0.3849 -0.8119
vn 0.7625 -0.5545 -0.3332
vn 0.3015 -0.0558 -0.9518
vn 0.6579 -0.5840 -0.4754
vn 0.4429 -0.1937 -0.8754
vn 0.7885 -0.3699 0.4914
vn 0.9705 -0.2114 -0.1162
vn 0.6417 -0.1102 -0.7590
vn 0.3095 -0.0141 -0.9508
vn 0.8836 -0.1777 -0.4331
vn 0.6998 -0.4556 -0.5501
vn 0.5281 -0.2049 -0.8241
vn 0.9508 -0.1934 0.2422
vn 0.9053 -0.3880 -0.1730
vn 0.9850 0.1538 -0.0784
vn 0.9958 -0.0163 -0.0898
vn 0.8628 0.5039 -0.0397
vn 0.9927 -0.0584 -0.1053
vn 0.7657 -0.5773 -0.2836
vn 0.4308 0.9011 -0.0487
vn 0.3277 0.9422 -0.0699
vn 0.6910 -0.2220 -0.6879
vn 0.5497 -0.2472 -0.7979
vn 0.0578 0.9953 -0.0775
vn 0.1229 -0.1906 -0.9740
vn -0.8987 -0.3852 -0.2097
vn -0.9869 0.1363 -0.0858
vn -0.9902 -0.1088 -0.0879
vn -0.8567 0.5133 -0.0501
vn -0.9835 -0.1752 -0.0455
vn -0.7556 -0.5627 -0.3353
vn -0.4520 0.8896 -0.0662
vn -0.4350 0.8966 -0.0831
vn -0.6569 -0.2136 -0.7231
vn -0.5420 -0.1540 -0.8261
vn -0.0384 0.9967 -0.0713
vn -0.1820 -0.1295 -0.9747
vn 0.9781 0.2033 -0.0441
vn 0.9251 0.3793 -0.0154
vn 0.5180 0.8550 -0.0235
vn -0.5202 0.8535 -0.0309
vn -0.9004 0.4332 -0.0399
vn -0.9696 0.2354 -0.0671
vn -0.9927 -0.0545 -0.1074
vn -0.9685 -0.2484 -0.0197
vn -0.7551 -0.5581 -0.3439
vn -0.7692 -0.3507 -0.5342
vn 0.7748 -0.3998 -0.4898
vn 0.7817 -0.5524 -0.2894
vn 0.9755 -0.2099 -0.0663
vn -0.1560 -0.1343 0.9786
vn 0.0882 0.2532 0.9634
vn -0.9430 -0.0842 0.3219
vn 0.3248 0.8547 -0.4051
vn -0.9423 0.1641 0.2919
vn 0.9275 -0.1704 0.3326
vn 0.3209 -0.2345 0.9176
vn -0.8186 -0.0748 0.5694
vn 0.0487 0.3296 0.9429
vn 0.7616 -0.0885 0.6420
vn -0.5524 0.7722 -0.3140
vn 0.0125 0.1463 0.9892
vn 0.1141 0.9179 -0.3801
vn -0.1964 0.9108 -0.3631
vn 0.1871 0.0045 0.9823
vn -0.9267 -0.0358 0.3740
vn 0.8861 0.4410 0.1427
vn 0.8783 -0.2445 0.4108
vn -0.4853 -0.1594 0.8597
vn 0.8002 -0.2314 0.5534
vn -0.7656 -0.0217 0.6430
vn -0.0386 0.9343 -0.3545
vn 0.5690 0.7761 -0.2720
vn -0.1718 0.4122 0.8948
vn 0.9587 0.1950 0.2071
vn 0.7424 0.6679 -0.0516
vn 0.5887 0.7376 -0.3307
vn -0.8412 0.5293 -0.1110
vn -0.8999 -0.1541 0.4080
vn -0.9469 0.1792 0.2670
vn -0.9280 0.1123 0.3553
vn -0.7290 0.0189 0.6842
vn -0.3474 -0.1397 0.9273
vn -0.0145 -0.0337 0.9993
vn 0.1814 -0.1822 0.9664
vn 0.4839 -0.2774 0.8300
vn 0.8286 -0.0371 0.5586
vn -0.3727 -0.1348 0.9181
vn 0.2973 -0.0140 0.9547
vn -0.9312 0.1366 0.3379
vn 0.4943 0.8285 -0.2632
vn -0.9152 0.2765 0.2930
vn 0.9657 -0.1537 0.2093
vn 0.5136 -0.1975 0.8350
vn -0.8146 0.0695 0.5759
vn -0.0192 -0.0152 0.9997
vn 0.7985 0.0234 0.6015
vn -0.5017 0.8445 -0.1875
vn -0.0607 0.0128 0.9981
vn 0.2676 0.9487 -0.1683
vn -0.2322 0.9577 -0.1699
vn 0.3926 -0.0987 0.9144
vn -0.9012 -0.0124 0.4332
vn 0.9672 0.2478 -0.0559
vn 0.9153 -0.0619 0.3980
vn -0.6033 -0.1007 0.7912
vn 0.8355 -0.0460 0.5476
vn -0.7968 0.0920 0.5973
vn 0.0066 0.9881 -0.1537
vn 0.4664 0.8041 -0.3687
vn -0.0894 0.0115 0.9959
vn 0.9987 -0.0312 0.0399
vn 0.7196 0.6472 -0.2517
vn 0.5222 0.7691 -0.3685
vn -0.7399 0.6663 -0.0927
vn -0.8571 -0.0925 0.5068
vn -0.9335 0.1994 0.2981
vn -0.8840 0.2350 0.4041
vn -0.7675 0.0829 0.6356
vn -0.5065 -0.1198 0.8539
vn -0.2332 -0.0312 0.9719
vn 0.3678 -0.2084 0.9063
vn 0.6355 -0.1766 0.7516
vn 0.8258 0.0546 0.5613
vn 0.9188 -0.0804 -0.3864
vn 0.7078 -0.3968 -0.5845
vn 0.8765 -0.0875 -0.4735
vn 0.9804 -0.1940 -0.0342
vn 0.8622 -0.4869 -0.1398
vn 0.9801 -0.0917 -0.1761
vn 0.8348 -0.4644 -0.2957
vn 0.9133 -0.0578 -0.4031
vn 0.7488 -0.4379 -0.4976
vn 0.9083 -0.0708 -0.4122
vn 0.7628 -0.4237 -0.4885
vn 0.7124 0.0440 -0.7004
vn 0.5466 -0.2377 -0.8030
vn 0.6851 0.0580 -0.7262
vn 0.5064 -0.2571 -0.8231
vn 0.7282 0.0824 -0.6804
vn 0.5288 -0.3191 -0.7865
vn 0.6672 0.1130 -0.7363
vn 0.3452 -0.2529 -0.9038
vn 0.4268 0.1758 -0.8871
vn 0.1710 -0.1765 -0.9693
vn 0.4523 0.1929 -0.8707
vn 0.1361 -0.2040 -0.9695
vn 0.4485 0.1811 -0.8752
vn 0.0987 -0.2951 -0.9504
vn 0.2689 0.3749 -0.8872
vn -0.2448 -0.1836 -0.9520
vn 0.9550 -0.0866 0.2838
vn 0.9494 0.0950 0.2992
vn 0.9825 -0.0405 0.1818
vn 0.9589 0.1802 0.2193
vn 0.9817 -0.0618 0.1804
vn 0.9603 0.2112 0.1822
vn 0.9902 -0.0965 0.1009
vn 0.9589 0.2163 0.1838
vn 0.9860 -0.1666 -0.0106
vn 0.9800 0.1911 0.0551
vn 0.9614 -0.2752 0.0002
vn 0.9850 0.1688 0.0358
vn 0.9679 -0.2400 -0.0747
vn 0.9780 0.2067 -0.0271
vn 0.9658 -0.1908 -0.1756
vn 0.9626 0.2327 -0.1386
vn 0.9068 -0.1266 -0.4020
vn 0.8833 0.3464 -0.3158
vn 0.9063 -0.1613 -0.3907
vn 0.8810 0.3743 -0.2893
vn 0.8973 -0.1821 -0.4021
vn 0.8956 0.3521 -0.2718
vn 0.9006 -0.1940 -0.3890
vn 0.9133 0.3386 -0.2265
vn 0.7551 -0.1452 -0.6393
vn 0.8314 0.3667 -0.4175
vn 0.6685 -0.2657 -0.6946
vn 0.7912 0.3451 -0.5049
vn 0.5914 -0.2643 -0.7618
vn 0.7390 0.3966 -0.5446
vn 0.6153 -0.2589 -0.7446
vn 0.7718 0.3831 -0.5075
vn 0.3453 -0.1549 -0.9256
vn 0.5798 0.5030 -0.6409
vn 0.2785 -0.2112 -0.9369
vn 0.4994 0.5513 -0.6683
vn 0.2697 -0.2004 -0.9419
vn 0.5069 0.5473 -0.6660
vn 0.0145 -0.2388 -0.9710
vn 0.2788 0.6429 -0.7135
vn 0.9368 -0.0890 0.3383
vn 0.8430 0.1879 0.5040
vn 0.9524 -0.0393 0.3024
vn 0.9246 0.2638 0.2749
vn 0.9529 -0.0441 0.3002
vn 0.9418 0.2075 0.2646
vn 0.9710 -0.0900 0.2215
vn 0.9554 0.1579 0.2495
vn 0.9608 -0.1460 0.2357
vn 0.9558 0.1950 0.2198
vn 0.9936 -0.1069 0.0377
vn 0.9711 0.2335 -0.0497
vn 0.9984 -0.0170 -0.0545
vn 0.9615 0.2679 -0.0608
vn 0.9961 -0.0219 -0.0855
vn 0.9593 0.2766 -0.0574
vn 0.9894 -0.0314 -0.1420
vn 0.9579 0.2720 -0.0923
vn 0.9583 -0.0849 -0.2730
vn 0.9479 0.2587 -0.1856
vn 0.9003 -0.1850 -0.3940
vn 0.9231 0.2193 -0.3160
vn 0.9079 -0.2855 -0.3069
vn 0.9540 0.1805 -0.2393
vn 0.8877 -0.3552 -0.2928
vn 0.9460 0.2141 -0.2433
vn 0.7407 -0.3012 -0.6006
vn 0.7369 0.3273 -0.5914
vn 0.6787 -0.1909 -0.7092
vn 0.5975 0.4841 -0.6392
vn 0.7105 -0.1473 -0.6881
vn 0.6796 0.4615 -0.5703
vn 0.3779 -0.3199 -0.8688
vn 0.4156 0.4744 -0.7761
vn 0.0915 -0.3152 -0.9446
vn 0.2575 0.5509 -0.7939
vn 0.9819 -0.0106 0.1891
vn 0.8820 0.3798 0.2790
vn 0.9598 -0.0427 0.2775
vn 0.8875 0.3037 0.3465
vn 0.5722 0.5938 0.5657
vn 0.7643 0.2669 0.5870
vn 0.7482 0.3594 0.5577
vn 0.4485 0.5716 0.6871
vn 0.7995 0.5234 0.2949
vn 0.6329 0.7121 0.3039
vn 0.8828 0.4084 0.2321
vn 0.6826 0.6826 0.2610
vn 0.9220 0.3693 0.1163
vn 0.7490 0.6556 0.0959
vn 0.9408 0.3379 0.0274
vn 0.7688 0.6381 0.0428
vn 0.9443 0.3281 -0.0261
vn 0.7750 0.6315 -0.0245
vn 0.9491 0.3134 -0.0318
vn 0.7815 0.6239 -0.0062
vn 0.9412 0.3330 -0.0572
vn 0.7715 0.6355 -0.0301
vn 0.9311 0.3580 -0.0699
vn 0.7638 0.6450 0.0246
vn 0.9362 0.3513 0.0034
vn 0.7441 0.6671 0.0350
vn 0.8930 0.3792 -0.2423
vn 0.6495 0.7166 -0.2542
vn 0.8886 0.3790 -0.2583
vn 0.5917 0.7526 -0.2889
vn 0.8748 0.3681 -0.3151
vn 0.5232 0.7677 -0.3700
vn 0.7370 0.1869 -0.6495
vn 0.4065 0.6911 -0.5976
vn 0.7537 0.0732 -0.6532
vn 0.4398 0.6429 -0.6271
vn 0.7446 0.0351 -0.6666
vn 0.4473 0.6221 -0.6426
vn 0.4479 -0.3402 -0.8268
vn 0.0575 0.6947 -0.7170
vn 0.7484 0.3910 0.5358
vn 0.4388 0.5592 0.7034
vn 0.7448 0.3622 0.5605
vn 0.5235 0.5932 0.6116
vn -0.0239 0.8218 0.5692
vn 0.3922 0.6731 0.6270
vn 0.1603 0.8375 0.5223
vn 0.1169 0.5463 0.8294
vn 0.1434 0.9156 0.3757
vn -0.0524 0.9073 0.4173
vn 0.1915 0.9483 0.2531
vn -0.0680 0.9493 0.3070
vn 0.1978 0.9587 0.2045
vn -0.0867 0.9699 0.2276
vn 0.1918 0.9800 0.0527
vn -0.1076 0.9916 0.0718
vn 0.2076 0.9774 0.0398
vn -0.1193 0.9916 0.0506
vn 0.1912 0.9794 -0.0654
vn -0.1027 0.9928 -0.0617
vn 0.2121 0.9743 -0.0751
vn -0.1112 0.9914 -0.0694
vn 0.2315 0.9706 -0.0654
vn -0.1214 0.9904 -0.0669
vn 0.2409 0.9124 -0.3309
vn -0.1383 0.9408 -0.3095
vn 0.2655 0.9164 -0.2995
vn -0.1713 0.9344 -0.3124
vn 0.2303 0.9143 -0.3332
vn -0.2048 0.9035 -0.3764
vn 0.2338 0.8666 -0.4408
vn -0.1944 0.8447 -0.4988
vn 0.2392 0.8537 -0.4627
vn -0.1785 0.8476 -0.4997
vn 0.2570 0.8372 -0.4827
vn -0.1945 0.8295 -0.5235
vn 0.3250 0.7359 -0.5940
vn -0.2581 0.7466 -0.6132
vn 0.5233 0.5358 -0.6626
vn -0.4525 0.5816 -0.6760
vn 0.3041 0.7042 0.6416
vn 0.0233 0.5604 0.8279
vn 0.2520 0.7400 0.6236
vn -0.0508 0.7466 0.6633
vn -0.4089 0.7006 0.5848
vn 0.2168 0.6750 0.7052
vn -0.2195 0.8394 0.4973
vn -0.0217 0.4455 0.8950
vn -0.2978 0.9087 0.2927
vn -0.5449 0.7668 0.3393
vn -0.3330 0.9164 0.2221
vn -0.5357 0.8125 0.2301
vn -0.3567 0.9217 0.1527
vn -0.5508 0.8254 0.1240
vn -0.3695 0.9264 0.0733
vn -0.5800 0.8126 0.0569
vn -0.3575 0.9328 0.0450
vn -0.5873 0.8087 0.0326
vn -0.3455 0.9383 -0.0164
vn -0.5805 0.8142 -0.0104
vn -0.3319 0.9399 -0.0797
vn -0.5657 0.8204 -0.0836
vn -0.3305 0.9409 -0.0734
vn -0.5640 0.8212 -0.0867
vn -0.3082 0.9327 -0.1872
vn -0.5295 0.8327 -0.1618
vn -0.2756 0.9242 -0.2644
vn -0.4901 0.8230 -0.2874
vn -0.2589 0.9282 -0.2672
vn -0.4659 0.8339 -0.2959
vn -0.1728 0.8850 -0.4323
vn -0.4290 0.7398 -0.5183
vn -0.1464 0.8616 -0.4860
vn -0.4174 0.7248 -0.5481
vn -0.1011 0.8620 -0.4968
vn -0.4049 0.7247 -0.5575
vn -0.0008 0.7448 -0.6673
vn -0.3530 0.5465 -0.7594
vn -0.0009 0.6242 -0.7813
vn -0.3831 0.3432 -0.8576
vn -0.0813 0.7569 0.6485
vn -0.2597 0.5425 0.7989
vn -0.2182 0.7868 0.5774
vn -0.4122 0.6265 0.6615
vn 0.1050 0.7558 0.6463
vn -0.1070 0.4855 0.8676
vn -0.7583 0.4619 0.4601
vn -0.1696 0.6558 0.7356
vn -0.5963 0.6594 0.4579
vn -0.4198 0.3608 0.8328
vn -0.6971 0.6618 0.2759
vn -0.8030 0.4932 0.3346
vn -0.7023 0.6583 0.2710
vn -0.8622 0.4130 0.2933
vn -0.7405 0.6304 0.2330
vn -0.9182 0.2598 0.2991
vn -0.7728 0.6150 0.1566
vn -0.9701 0.1519 0.1892
vn -0.7967 0.5935 -0.1143
vn -0.9847 0.1635 -0.0605
vn -0.8129 0.5774 -0.0760
vn -0.9767 0.2144 0.0010
vn -0.8188 0.5699 -0.0687
vn -0.9587 0.2837 -0.0212
vn -0.8401 0.5418 -0.0269
vn -0.9514 0.3081 -0.0037
vn -0.8516 0.5203 -0.0632
vn -0.9472 0.3108 -0.0788
vn -0.7995 0.5108 -0.3161
vn -0.9329 0.2409 -0.2678
vn -0.7884 0.5411 -0.2926
vn -0.9628 0.1338 -0.2348
vn -0.7757 0.5211 -0.3560
vn -0.9494 0.0579 -0.3087
vn -0.5560 0.3923 -0.7328
vn -0.7323 0.0306 -0.6803
vn -0.5955 0.3855 -0.7048
vn -0.7180 -0.0377 -0.6950
vn -0.5691 0.3587 -0.7399
vn -0.6958 -0.0732 -0.7145
vn -0.1241 0.2654 -0.9561
vn -0.2519 -0.4191 -0.8723
vn -0.4525 0.6830 0.5734
vn -0.6038 0.4346 0.6682
vn -0.5611 0.6795 0.4727
vn -0.7137 0.4512 0.5358
vn -0.3505 0.6597 0.6647
vn -0.5103 0.4192 0.7510
vn -0.8007 -0.1981 -0.5654
vn -0.5419 -0.6046 -0.5837
vn -0.7270 -0.6111 -0.3130
vn -0.9241 -0.3288 -0.1945
vn -0.7059 -0.6092 -0.3613
vn -0.8708 -0.3713 -0.3222
vn -0.6278 -0.6145 -0.4778
vn -0.8353 -0.2295 -0.4996
vn -0.5497 -0.6213 -0.5583
vn -0.8573 -0.2069 -0.4714
vn -0.3102 -0.3975 -0.8636
vn -0.5838 -0.0590 -0.8097
vn -0.3586 -0.4460 -0.8201
vn -0.6376 -0.0415 -0.7693
vn -0.3093 -0.4506 -0.8374
vn -0.6317 -0.0819 -0.7709
vn -0.1400 -0.3558 -0.9240
vn -0.4395 0.2237 -0.8700
vn -0.0409 -0.3575 -0.9330
vn -0.5742 0.2979 -0.7626
vn -0.0982 -0.3996 -0.9114
vn -0.5838 0.3780 -0.7186
vn 0.1634 -0.3066 -0.9377
vn -0.5391 0.4559 -0.7082
vn -0.5067 -0.2620 -0.8213
vn -0.4008 0.3016 -0.8651
vn -0.9452 0.2034 -0.2554
vn -0.9586 -0.1325 -0.2520
vn -0.9339 0.3257 0.1472
vn -0.9021 0.2076 0.3784
vn -0.9559 -0.0684 0.2855
vn -0.9517 0.1646 0.2592
vn -0.9876 -0.0436 0.1508
vn -0.9644 0.2292 0.1317
vn -0.9939 -0.0822 -0.0740
vn -0.9577 0.2754 -0.0833
vn -0.9128 -0.1922 -0.3603
vn -0.9161 0.1951 -0.3502
vn -0.8628 -0.2204 -0.4550
vn -0.8497 0.2642 -0.4563
vn -0.7299 -0.2783 -0.6244
vn -0.7594 0.2568 -0.5978
vn -0.5688 -0.4267 -0.7031
vn -0.6978 0.3776 -0.6087
vn -0.3311 -0.3052 -0.8929
vn -0.4405 0.6008 -0.6671
vn -0.2721 -0.4319 -0.8599
vn -0.4146 0.4164 -0.8092
vn 0.0784 -0.4152 -0.9064
vn -0.2135 0.5385 -0.8151
vn -0.9653 -0.0396 0.2580
vn -0.9465 0.1656 0.2770
vn -0.9561 -0.0705 0.2843
vn -0.9462 0.1261 0.2979
vn -0.9885 -0.0739 0.1318
vn -0.9598 0.2547 0.1177
vt 0.148900 0.403300
vt 0.147700 0.405800
vt 0.145000 0.402200
vt 0.146300 0.399700
vt 0.097700 0.433300
vt 0.096600 0.433200
vt 0.094400 0.429400
vt 0.095500 0.429400
vt 0.099800 0.433300
vt 0.098800 0.433500
vt 0.096700 0.429400
vt 0.097900 0.429000
vt 0.079500 0.451000
vt 0.078700 0.452600
vt 0.075400 0.449400
vt 0.076200 0.448000
vt 0.931300 0.449800
vt 0.927700 0.447300
vt 0.929600 0.443200
vt 0.932900 0.445800
vt 0.083000 0.445600
vt 0.079800 0.442500
vt 0.082700 0.438300
vt 0.085900 0.441500
vt 0.151900 0.398500
vt 0.150000 0.400700
vt 0.147600 0.397100
vt 0.149900 0.395200
vt 0.482900 0.476700
vt 0.481300 0.477100
vt 0.481900 0.473200
vt 0.483600 0.473400
vt 0.147000 0.406800
vt 0.146400 0.407700
vt 0.143800 0.404300
vt 0.144400 0.403200
vt 0.809800 0.463600
vt 0.807200 0.462000
vt 0.808800 0.459000
vt 0.811200 0.461000
vt 0.936700 0.454800
vt 0.936100 0.454300
vt 0.938400 0.450000
vt 0.939200 0.450300
vt 0.158700 0.393500
vt 0.156000 0.394800
vt 0.154500 0.391800
vt 0.157600 0.390500
vt 0.480100 0.477200
vt 0.479200 0.477000
vt 0.479100 0.472500
vt 0.480400 0.472900
vt 0.167200 0.392400
vt 0.165200 0.391600
vt 0.165100 0.388400
vt 0.167500 0.388800
vt 0.170200 0.394500
vt 0.168900 0.393300
vt 0.169600 0.389300
vt 0.171000 0.390500
vt 0.812400 0.465400
vt 0.811500 0.464700
vt 0.812500 0.462500
vt 0.813600 0.462900
vt 0.934700 0.452800
vt 0.933700 0.451600
vt 0.935200 0.447900
vt 0.936500 0.448800
vt 0.078300 0.453700
vt 0.078000 0.454800
vt 0.073900 0.451400
vt 0.074600 0.450400
vt 0.091200 0.437400
vt 0.088700 0.433900
vt 0.882100 0.450200
vt 0.880900 0.448100
vt 0.883200 0.443400
vt 0.884600 0.445600
vt 0.884000 0.429200
vt 0.880400 0.427100
vt 0.884100 0.417000
vt 0.887800 0.418000
vt 0.806300 0.461400
vt 0.805800 0.460900
vt 0.807100 0.457600
vt 0.807800 0.458300
vt 0.154900 0.395600
vt 0.153800 0.396300
vt 0.152000 0.393300
vt 0.153300 0.392600
vt 0.485400 0.476500
vt 0.484200 0.476400
vt 0.484800 0.473500
vt 0.485700 0.473300
vt 0.491500 0.462800
vt 0.486300 0.462600
vt 0.485400 0.448900
vt 0.491300 0.448800
vt 0.164300 0.391700
vt 0.163400 0.391800
vt 0.163000 0.388600
vt 0.164000 0.388500
vt 0.872900 0.439700
vt 0.874500 0.435800
vt 0.876800 0.437300
vt 0.875000 0.441400
vt 0.890700 0.394500
vt 0.885700 0.393600
vt 0.887800 0.370000
vt 0.894000 0.370700
vt 0.495600 0.476800
vt 0.493900 0.476700
vt 0.494300 0.473100
vt 0.495900 0.472900
vt 0.926000 0.446500
vt 0.924300 0.445700
vt 0.925800 0.441400
vt 0.927700 0.442300
vt 0.162400 0.392000
vt 0.161400 0.392300
vt 0.160700 0.389100
vt 0.161800 0.388800
vt 0.871300 0.426700
vt 0.867800 0.426100
vt 0.869800 0.418600
vt 0.873800 0.419400
vt 0.929400 0.430400
vt 0.927500 0.429600
vt 0.929700 0.417500
vt 0.931700 0.418100
vt 0.161200 0.381200
vt 0.159800 0.380900
vt 0.158900 0.372800
vt 0.160600 0.373700
vt 0.141800 0.389300
vt 0.140300 0.391000
vt 0.135200 0.380000
vt 0.137000 0.378900
vt 0.092800 0.417100
vt 0.091500 0.417300
vt 0.088800 0.404600
vt 0.090400 0.404500
vt 0.070400 0.435300
vt 0.069000 0.436800
vt 0.063000 0.422100
vt 0.064700 0.421000
vt 0.095600 0.416400
vt 0.094200 0.416900
vt 0.092000 0.404400
vt 0.093700 0.404000
vt 0.934800 0.434000
vt 0.931400 0.431300
vt 0.934000 0.418800
vt 0.937200 0.421200
vt 0.146000 0.386000
vt 0.143300 0.387500
vt 0.138900 0.377900
vt 0.142000 0.376700
vt 0.076200 0.429800
vt 0.072600 0.416200
vt 0.078000 0.412800
vt 0.080300 0.425900
vt 0.478900 0.461700
vt 0.476400 0.460800
vt 0.474200 0.446200
vt 0.476600 0.446900
vt 0.139700 0.391800
vt 0.139300 0.392500
vt 0.133900 0.381200
vt 0.134400 0.380700
vt 0.811300 0.451800
vt 0.809100 0.449800
vt 0.810000 0.439500
vt 0.811900 0.440400
vt 0.943500 0.438700
vt 0.942700 0.438600
vt 0.944600 0.425900
vt 0.946200 0.426200
vt 0.155600 0.382100
vt 0.151500 0.383300
vt 0.148400 0.374600
vt 0.153700 0.373700
vt 0.475400 0.460400
vt 0.474800 0.459900
vt 0.471900 0.445500
vt 0.472900 0.445900
vt 0.168100 0.384000
vt 0.165000 0.382700
vt 0.165200 0.377100
vt 0.168900 0.379500
vt 0.172800 0.385200
vt 0.170500 0.385200
vt 0.171200 0.381600
vt 0.174200 0.380000
vt 0.815100 0.453500
vt 0.813100 0.453600
vt 0.813500 0.441200
vt 0.816400 0.441400
vt 0.940000 0.437700
vt 0.937800 0.436500
vt 0.940300 0.423500
vt 0.942400 0.424700
vt 0.068200 0.437500
vt 0.067400 0.438100
vt 0.060400 0.423900
vt 0.061600 0.423000
vt 0.085900 0.421700
vt 0.083000 0.408700
vt 0.888600 0.432900
vt 0.887100 0.431100
vt 0.890800 0.418800
vt 0.892500 0.420100
vt 0.808300 0.449200
vt 0.807800 0.448600
vt 0.808200 0.438400
vt 0.808900 0.438900
vt 0.150000 0.383900
vt 0.148600 0.384400
vt 0.145100 0.375400
vt 0.146700 0.375000
vt 0.877700 0.427200
vt 0.880900 0.418500
vt 0.483700 0.462800
vt 0.481100 0.462600
vt 0.478800 0.447500
vt 0.482300 0.448200
vt 0.492100 0.421500
vt 0.483700 0.421600
vt 0.482100 0.392600
vt 0.492800 0.392300
vt 0.163800 0.382100
vt 0.162500 0.381500
vt 0.162200 0.374600
vt 0.163700 0.375900
vt 0.150600 0.354800
vt 0.144200 0.355300
vt 0.140300 0.335900
vt 0.147700 0.335700
vt 0.498900 0.461800
vt 0.496400 0.462600
vt 0.496800 0.448800
vt 0.500200 0.447800
vt 0.881700 0.394400
vt 0.878100 0.395200
vt 0.878400 0.370200
vt 0.882900 0.370100
vt 0.895800 0.336700
vt 0.888600 0.336400
vt 0.891100 0.303600
vt 0.898900 0.303400
vt 0.504400 0.420800
vt 0.500100 0.421300
vt 0.503000 0.392200
vt 0.508300 0.392100
vt 0.873600 0.395300
vt 0.869200 0.395200
vt 0.868700 0.371700
vt 0.873500 0.371000
vt 0.934800 0.394900
vt 0.932500 0.394400
vt 0.935800 0.370400
vt 0.938500 0.370700
vt 0.158700 0.354700
vt 0.156900 0.354300
vt 0.155200 0.335500
vt 0.157300 0.335400
vt 0.129800 0.357800
vt 0.127300 0.358500
vt 0.118800 0.337100
vt 0.121900 0.336800
vt 0.087500 0.380500
vt 0.085800 0.380200
vt 0.082700 0.356100
vt 0.084400 0.356500
vt 0.057000 0.393800
vt 0.054800 0.395100
vt 0.046400 0.368100
vt 0.049100 0.366800
vt 0.091500 0.380700
vt 0.089200 0.380900
vt 0.086400 0.356900
vt 0.088800 0.356800
vt 0.941400 0.397000
vt 0.937300 0.395400
vt 0.941600 0.371100
vt 0.946100 0.372000
vt 0.136300 0.356400
vt 0.132300 0.357100
vt 0.125300 0.336400
vt 0.130300 0.336200
vt 0.067000 0.388900
vt 0.061300 0.362300
vt 0.068500 0.359600
vt 0.073300 0.385700
vt 0.472200 0.420600
vt 0.469700 0.420400
vt 0.465600 0.393100
vt 0.468400 0.392900
vt 0.126100 0.359300
vt 0.125100 0.359900
vt 0.116500 0.337900
vt 0.117500 0.337500
vt 0.811700 0.417500
vt 0.809500 0.417000
vt 0.808900 0.392200
vt 0.811600 0.392400
vt 0.952100 0.401400
vt 0.950300 0.400900
vt 0.955100 0.374600
vt 0.957200 0.375400
vt 0.468000 0.420300
vt 0.466700 0.420100
vt 0.462200 0.393300
vt 0.463700 0.393200
vt 0.167700 0.358000
vt 0.163600 0.356500
vt 0.163100 0.335300
vt 0.167500 0.335600
vt 0.174400 0.358100
vt 0.171200 0.359500
vt 0.171000 0.335800
vt 0.174000 0.335400
vt 0.817500 0.418400
vt 0.813800 0.418100
vt 0.814300 0.392500
vt 0.818700 0.393000
vt 0.947800 0.399800
vt 0.945300 0.398600
vt 0.950200 0.372900
vt 0.952600 0.373700
vt 0.053000 0.396200
vt 0.051300 0.397200
vt 0.042000 0.370400
vt 0.044100 0.369300
vt 0.078900 0.383000
vt 0.074900 0.358000
vt 0.897000 0.396200
vt 0.895000 0.395300
vt 0.899300 0.371400
vt 0.901900 0.372000
vt 0.142300 0.355500
vt 0.140300 0.355700
vt 0.135400 0.336000
vt 0.137800 0.335900
vt 0.808100 0.416600
vt 0.807000 0.416200
vt 0.805600 0.391900
vt 0.807000 0.392000
vt 0.951500 0.337700
vt 0.945000 0.336700
vt 0.949900 0.302700
vt 0.957500 0.303800
vt 0.479300 0.421200
vt 0.474600 0.420900
vt 0.471100 0.392800
vt 0.476800 0.392700
vt 0.149000 0.305300
vt 0.150000 0.275100
vt 0.157500 0.274800
vt 0.156400 0.305000
vt 0.162000 0.355800
vt 0.160400 0.355200
vt 0.159400 0.335300
vt 0.161300 0.335300
vt 0.882900 0.336900
vt 0.884800 0.304500
vt 0.494400 0.357800
vt 0.481500 0.357900
vt 0.482800 0.322400
vt 0.496600 0.322500
vt 0.149400 0.197500
vt 0.149400 0.172000
vt 0.155700 0.164300
vt 0.156400 0.191600
vt 0.899800 0.214500
vt 0.891700 0.214700
vt 0.889200 0.184600
vt 0.896700 0.184300
vt 0.512700 0.358100
vt 0.507000 0.358000
vt 0.510200 0.323100
vt 0.516300 0.323300
vt 0.872300 0.338400
vt 0.867000 0.339400
vt 0.867100 0.307400
vt 0.873000 0.306300
vt 0.941700 0.336400
vt 0.938600 0.336200
vt 0.943000 0.302200
vt 0.946400 0.302400
vt 0.158400 0.304900
vt 0.159500 0.274700
vt 0.120000 0.306400
vt 0.115500 0.306800
vt 0.113400 0.276300
vt 0.118800 0.276100
vt 0.085700 0.326200
vt 0.083200 0.325900
vt 0.081200 0.296300
vt 0.083900 0.296300
vt 0.039400 0.335700
vt 0.036300 0.336900
vt 0.028700 0.305000
vt 0.032000 0.304300
vt 0.090600 0.326200
vt 0.088100 0.326600
vt 0.086600 0.296400
vt 0.089500 0.295800
vt 0.130600 0.305900
vt 0.124700 0.306000
vt 0.124400 0.275800
vt 0.131000 0.275700
vt 0.053300 0.332200
vt 0.046300 0.302700
vt 0.055400 0.302100
vt 0.061800 0.330400
vt 0.467000 0.357700
vt 0.464100 0.357900
vt 0.466700 0.321400
vt 0.469200 0.321400
vt 0.113700 0.307200
vt 0.112100 0.307600
vt 0.108600 0.277300
vt 0.110900 0.276800
vt 0.815800 0.358300
vt 0.812100 0.358200
vt 0.817900 0.323700
vt 0.821800 0.323800
vt 0.967600 0.341400
vt 0.965400 0.340600
vt 0.973600 0.306400
vt 0.976200 0.307200
vt 0.168400 0.304900
vt 0.164000 0.304700
vt 0.165300 0.274600
vt 0.169900 0.274600
vt 0.462200 0.358000
vt 0.460600 0.358100
vt 0.461800 0.321500
vt 0.464000 0.321500
vt 0.175200 0.304900
vt 0.172100 0.305000
vt 0.174200 0.274600
vt 0.177500 0.274700
vt 0.824000 0.359300
vt 0.819400 0.358500
vt 0.825800 0.324000
vt 0.831100 0.324800
vt 0.961700 0.339600
vt 0.957800 0.338700
vt 0.965200 0.304900
vt 0.969700 0.305700
vt 0.034000 0.338000
vt 0.031700 0.339200
vt 0.023500 0.306800
vt 0.026100 0.305900
vt 0.071500 0.328400
vt 0.067100 0.299500
vt 0.906100 0.337500
vt 0.902500 0.337000
vt 0.906200 0.303300
vt 0.910600 0.303700
vt 0.809600 0.358100
vt 0.807600 0.358100
vt 0.811100 0.323400
vt 0.814100 0.323500
vt 0.139000 0.305600
vt 0.136500 0.305700
vt 0.137500 0.275500
vt 0.140100 0.275500
vt 0.877700 0.082100
vt 0.873900 0.078900
vt 0.866100 0.040200
vt 0.869200 0.046000
vt 0.475800 0.357700
vt 0.469800 0.357600
vt 0.471900 0.321400
vt 0.477400 0.321900
vt 0.162200 0.304800
vt 0.160400 0.304800
vt 0.161500 0.274600
vt 0.163400 0.274600
vt 0.023500 0.231400
vt 0.023800 0.207600
vt 0.027100 0.207400
vt 0.027000 0.231100
vt 0.965000 0.217900
vt 0.956700 0.216100
vt 0.956500 0.186100
vt 0.965700 0.188200
vt 0.884500 0.217300
vt 0.882300 0.187700
vt 0.497400 0.246600
vt 0.485700 0.245700
vt 0.486000 0.220100
vt 0.496400 0.221400
vt 0.148300 0.071300
vt 0.146100 0.073900
vt 0.147300 0.043000
vt 0.148900 0.041000
vt 0.872300 0.219000
vt 0.866900 0.218200
vt 0.865300 0.188600
vt 0.870600 0.189700
vt 0.514800 0.245200
vt 0.508800 0.247300
vt 0.506700 0.222300
vt 0.512400 0.219500
vt 0.158400 0.189800
vt 0.157300 0.161900
vt 0.952700 0.214600
vt 0.948900 0.213100
vt 0.948000 0.182200
vt 0.952300 0.184100
vt 0.116900 0.206400
vt 0.110900 0.206000
vt 0.110800 0.183600
vt 0.117100 0.184100
vt 0.081800 0.225000
vt 0.079000 0.224800
vt 0.077900 0.202100
vt 0.080800 0.202200
vt 0.130000 0.206500
vt 0.122900 0.206800
vt 0.123500 0.184500
vt 0.130800 0.183900
vt 0.087100 0.224500
vt 0.084800 0.225100
vt 0.083900 0.202400
vt 0.086000 0.201800
vt 0.038300 0.231600
vt 0.037900 0.208100
vt 0.047800 0.209000
vt 0.048400 0.232300
vt 0.468400 0.236100
vt 0.464100 0.233700
vt 0.465400 0.204200
vt 0.469500 0.207400
vt 0.108300 0.206100
vt 0.106100 0.206200
vt 0.106100 0.183800
vt 0.108300 0.183700
vt 0.826200 0.235500
vt 0.821500 0.235300
vt 0.822000 0.204300
vt 0.826500 0.204800
vt 0.984700 0.220500
vt 0.982100 0.220700
vt 0.981700 0.191200
vt 0.984500 0.190700
vt 0.461200 0.231900
vt 0.458900 0.230100
vt 0.460000 0.199500
vt 0.462500 0.201800
vt 0.169700 0.186600
vt 0.164400 0.185500
vt 0.162600 0.155900
vt 0.167900 0.157300
vt 0.179500 0.189200
vt 0.174700 0.187800
vt 0.173000 0.158700
vt 0.178100 0.160600
vt 0.836700 0.236500
vt 0.830800 0.235700
vt 0.830500 0.205300
vt 0.836700 0.206200
vt 0.977900 0.220200
vt 0.973500 0.219700
vt 0.974400 0.190300
vt 0.978100 0.190800
vt 0.017800 0.231900
vt 0.015700 0.232300
vt 0.016700 0.208000
vt 0.018600 0.207800
vt 0.063500 0.228300
vt 0.062500 0.205200
vt 0.912100 0.215300
vt 0.907200 0.214400
vt 0.903700 0.184100
vt 0.908600 0.185300
vt 0.126900 0.134400
vt 0.121300 0.133400
vt 0.118500 0.081300
vt 0.121500 0.084200
vt 0.818000 0.234600
vt 0.815500 0.234000
vt 0.815600 0.202600
vt 0.818300 0.203400
vt 0.139700 0.204700
vt 0.137100 0.206000
vt 0.138100 0.183200
vt 0.140600 0.181500
vt 0.479400 0.242200
vt 0.472400 0.238400
vt 0.473400 0.210600
vt 0.479900 0.215500
vt 0.162500 0.186800
vt 0.160500 0.188000
vt 0.159100 0.159500
vt 0.160800 0.157700
vt 0.153700 0.068100
vt 0.152900 0.066600
vt 0.152100 0.038600
vt 0.152700 0.041600
vt 0.067100 0.040800
vt 0.077400 0.019800
vt 0.078400 0.019400
vt 0.068800 0.039800
vt 0.946200 0.073200
vt 0.941000 0.070100
vt 0.930600 0.033400
vt 0.935100 0.036500
vt 0.871100 0.082700
vt 0.865000 0.046600
vt 0.494300 0.167400
vt 0.484500 0.167200
vt 0.486800 0.111900
vt 0.492100 0.111100
vt 0.042900 0.173900
vt 0.033900 0.173700
vt 0.039900 0.140400
vt 0.047100 0.139700
vt 0.866900 0.090900
vt 0.865400 0.095400
vt 0.863100 0.068000
vt 0.863600 0.060500
vt 0.495700 0.070500
vt 0.493300 0.067300
vt 0.486500 0.022700
vt 0.489000 0.029500
vt 0.939600 0.074100
vt 0.938100 0.078100
vt 0.931000 0.047800
vt 0.930800 0.040600
vt 0.151700 0.067600
vt 0.150500 0.068600
vt 0.150400 0.039100
vt 0.151200 0.038900
vt 0.055600 0.098400
vt 0.049700 0.100400
vt 0.060000 0.060100
vt 0.064500 0.057100
vt 0.084200 0.030100
vt 0.082600 0.031000
vt 0.085900 0.017100
vt 0.086900 0.017000
vt 0.086400 0.030300
vt 0.085800 0.029200
vt 0.087900 0.016900
vt 0.088300 0.018000
vt 0.072100 0.038200
vt 0.080100 0.019000
vt 0.475000 0.068000
vt 0.472500 0.068500
vt 0.477000 0.023400
vt 0.477800 0.022300
vt 0.116800 0.052000
vt 0.115900 0.054900
vt 0.118800 0.022000
vt 0.120000 0.019400
vt 0.818300 0.070200
vt 0.816500 0.068700
vt 0.814200 0.026600
vt 0.815200 0.028000
vt 0.968000 0.103400
vt 0.964900 0.097800
vt 0.957200 0.072800
vt 0.961100 0.081200
vt 0.471300 0.071900
vt 0.470100 0.075200
vt 0.474600 0.037000
vt 0.475900 0.030200
vt 0.148600 0.136800
vt 0.147800 0.101400
vt 0.150700 0.098000
vt 0.153200 0.131200
vt 0.169200 0.075000
vt 0.168100 0.069800
vt 0.166200 0.043500
vt 0.167200 0.050300
vt 0.822400 0.076000
vt 0.820200 0.071700
vt 0.816300 0.029400
vt 0.817800 0.036200
vt 0.958200 0.087100
vt 0.951500 0.076300
vt 0.939500 0.039600
vt 0.948300 0.056200
vt 0.063700 0.043900
vt 0.062000 0.046000
vt 0.073100 0.024600
vt 0.074700 0.022400
vt 0.078900 0.033800
vt 0.075200 0.036500
vt 0.081700 0.018600
vt 0.083800 0.017800
vt 0.884200 0.090600
vt 0.881400 0.085200
vt 0.872300 0.051700
vt 0.875400 0.060600
vt 0.815200 0.070700
vt 0.813800 0.072700
vt 0.813100 0.034800
vt 0.813700 0.030700
vt 0.145000 0.077800
vt 0.143900 0.081700
vt 0.145400 0.053700
vt 0.146300 0.048400
vt 0.480900 0.067700
vt 0.477300 0.067500
vt 0.478600 0.021200
vt 0.480100 0.021400
vt 0.867500 0.437900
vt 0.864300 0.437800
vt 0.865600 0.433500
vt 0.868800 0.433900
vt 0.878100 0.444800
vt 0.880300 0.440500
vt 0.062900 0.171200
vt 0.063400 0.136300
vt 0.072700 0.133600
vt 0.075200 0.168300
vt 0.030500 0.173900
vt 0.036700 0.140700
vt 0.116600 0.133500
vt 0.112000 0.133500
vt 0.114200 0.081300
vt 0.116400 0.081300
vt 0.078500 0.167900
vt 0.076700 0.132600
vt 0.083600 0.167100
vt 0.081700 0.167500
vt 0.080600 0.131800
vt 0.082200 0.131400
vt 0.025800 0.174000
vt 0.024500 0.174000
vt 0.031700 0.140800
vt 0.032600 0.140900
vt 0.122100 0.051900
vt 0.120500 0.049200
vt 0.122500 0.016900
vt 0.122600 0.019400
vt 0.110300 0.135100
vt 0.108600 0.136700
vt 0.112900 0.087500
vt 0.113500 0.084400
vt 0.166800 0.070000
vt 0.165500 0.070200
vt 0.164800 0.046100
vt 0.165500 0.044800
vt 0.157700 0.126100
vt 0.156500 0.127000
vt 0.153900 0.094600
vt 0.154900 0.094600
vt 0.167600 0.126200
vt 0.164400 0.125200
vt 0.166200 0.094400
vt 0.168100 0.095200
vt 0.154800 0.129100
vt 0.152300 0.096300
vt 0.142000 0.144400
vt 0.140100 0.146300
vt 0.142100 0.109500
vt 0.143400 0.107200
vt 0.173800 0.130200
vt 0.170800 0.127400
vt 0.169900 0.096100
vt 0.171200 0.099700
vt 0.488900 0.067700
vt 0.484400 0.067900
vt 0.481800 0.021600
vt 0.484100 0.022200
vt 0.890700 0.151200
vt 0.884400 0.151100
vt 0.881700 0.117500
vt 0.886300 0.118100
vt 0.878500 0.153200
vt 0.877000 0.118700
vt 0.869100 0.155500
vt 0.865400 0.155700
vt 0.867300 0.122600
vt 0.869900 0.121200
vt 0.900300 0.152900
vt 0.896600 0.151500
vt 0.890700 0.118700
vt 0.893200 0.120500
vt 0.961100 0.149300
vt 0.953400 0.146600
vt 0.951300 0.106700
vt 0.957400 0.109800
vt 0.949700 0.145900
vt 0.945900 0.145300
vt 0.945100 0.108200
vt 0.948200 0.107500
vt 0.980700 0.158000
vt 0.978300 0.157100
vt 0.972700 0.122600
vt 0.974500 0.125400
vt 0.973600 0.154600
vt 0.968800 0.151900
vt 0.963500 0.112900
vt 0.968100 0.117800
vt 0.823400 0.159100
vt 0.819200 0.158000
vt 0.819800 0.110200
vt 0.822100 0.111700
vt 0.832100 0.161600
vt 0.827400 0.160300
vt 0.824400 0.113300
vt 0.826900 0.115200
vt 0.816700 0.157600
vt 0.814800 0.157200
vt 0.815500 0.110300
vt 0.817700 0.110200
vt 0.509200 0.165400
vt 0.504100 0.167200
vt 0.497200 0.110300
vt 0.500500 0.110300
vt 0.119200 0.049200
vt 0.117800 0.049200
vt 0.121300 0.016900
vt 0.121900 0.016900
vt 0.468800 0.160600
vt 0.465000 0.159100
vt 0.470500 0.112600
vt 0.474300 0.112400
vt 0.463100 0.158000
vt 0.461500 0.156900
vt 0.466100 0.112600
vt 0.468300 0.112600
vt 0.478500 0.164700
vt 0.472400 0.162200
vt 0.477800 0.112200
vt 0.482500 0.112100
vt 0.068700 0.092800
vt 0.061400 0.096500
vt 0.068800 0.054100
vt 0.074000 0.049400
vt 0.046900 0.101300
vt 0.057700 0.061600
vt 0.079400 0.088000
vt 0.076100 0.089100
vt 0.079100 0.044600
vt 0.081300 0.043000
vt 0.083900 0.087200
vt 0.082600 0.086900
vt 0.083500 0.041500
vt 0.084200 0.042400
vt 0.042700 0.103300
vt 0.041300 0.104400
vt 0.052300 0.067500
vt 0.053900 0.065400
vt 0.490500 0.476700
vt 0.486800 0.476500
vt 0.487100 0.473000
vt 0.490800 0.473100
vt 0.150000 0.249200
vt 0.150000 0.223000
vt 0.157400 0.218900
vt 0.157500 0.247000
vt 0.901700 0.273700
vt 0.893400 0.273700
vt 0.892700 0.244300
vt 0.901400 0.244200
vt 0.026400 0.281000
vt 0.023800 0.256000
vt 0.027300 0.255600
vt 0.030000 0.280500
vt 0.961500 0.275600
vt 0.953900 0.274200
vt 0.956700 0.245600
vt 0.964500 0.247200
vt 0.886100 0.275200
vt 0.884900 0.246200
vt 0.497300 0.297400
vt 0.484100 0.297000
vt 0.485600 0.271400
vt 0.497700 0.272100
vt 0.873400 0.276900
vt 0.867600 0.277200
vt 0.866400 0.247500
vt 0.872000 0.247800
vt 0.516100 0.297800
vt 0.510200 0.298200
vt 0.509600 0.272700
vt 0.515600 0.271300
vt 0.159600 0.246300
vt 0.159300 0.217700
vt 0.950500 0.273400
vt 0.947200 0.272600
vt 0.949500 0.243200
vt 0.953100 0.244400
vt 0.117800 0.253100
vt 0.112100 0.253100
vt 0.111100 0.228900
vt 0.117000 0.229200
vt 0.083300 0.273000
vt 0.080300 0.273000
vt 0.079100 0.248300
vt 0.082000 0.248300
vt 0.130600 0.252700
vt 0.123800 0.252900
vt 0.123000 0.229400
vt 0.130100 0.229200
vt 0.088900 0.272200
vt 0.086300 0.272900
vt 0.084900 0.248400
vt 0.087400 0.247700
vt 0.041500 0.280500
vt 0.038600 0.255900
vt 0.048600 0.256300
vt 0.051500 0.280600
vt 0.469100 0.293500
vt 0.465900 0.292700
vt 0.465900 0.263500
vt 0.469700 0.265000
vt 0.109500 0.253400
vt 0.107200 0.253700
vt 0.106100 0.229200
vt 0.108400 0.229100
vt 0.824800 0.295600
vt 0.820200 0.295300
vt 0.822300 0.265900
vt 0.826700 0.266200
vt 0.981500 0.278800
vt 0.978900 0.278500
vt 0.981100 0.250000
vt 0.983700 0.250000
vt 0.463200 0.292200
vt 0.461100 0.291700
vt 0.460100 0.261100
vt 0.462700 0.262300
vt 0.170900 0.245100
vt 0.165900 0.244700
vt 0.165200 0.214900
vt 0.170200 0.215600
vt 0.179200 0.245900
vt 0.175500 0.245400
vt 0.174600 0.216400
vt 0.178800 0.217400
vt 0.834700 0.296500
vt 0.829300 0.295800
vt 0.831000 0.266400
vt 0.836900 0.267000
vt 0.974500 0.277900
vt 0.969600 0.277000
vt 0.972800 0.248800
vt 0.977100 0.249400
vt 0.020400 0.282000
vt 0.018000 0.282500
vt 0.015700 0.257100
vt 0.018100 0.256700
vt 0.064900 0.276900
vt 0.063500 0.252100
vt 0.914000 0.274100
vt 0.909300 0.273600
vt 0.909400 0.244200
vt 0.914500 0.244800
vt 0.816600 0.294800
vt 0.813900 0.294400
vt 0.815600 0.264800
vt 0.818400 0.265300
vt 0.139900 0.251900
vt 0.137300 0.252400
vt 0.137100 0.228900
vt 0.139800 0.228000
vt 0.478400 0.295600
vt 0.472300 0.294200
vt 0.473200 0.266500
vt 0.479700 0.269000
vt 0.163800 0.245200
vt 0.161800 0.245700
vt 0.161300 0.216500
vt 0.163200 0.215700
vt 0.152400 0.404200
vt 0.151500 0.406900
vt 0.150500 0.409600
vt 0.100600 0.437800
vt 0.099700 0.437600
vt 0.098800 0.437400
vt 0.100800 0.433100
vt 0.099100 0.428600
vt 0.102300 0.437600
vt 0.101400 0.437700
vt 0.080300 0.449600
vt 0.077000 0.446600
vt 0.084100 0.452600
vt 0.083600 0.454300
vt 0.082900 0.456200
vt 0.931700 0.455700
vt 0.929500 0.454100
vt 0.925900 0.451500
vt 0.086700 0.448900
vt 0.089400 0.444800
vt 0.155600 0.399400
vt 0.153900 0.401800
vt 0.483900 0.480800
vt 0.482800 0.481200
vt 0.481700 0.481500
vt 0.149600 0.410400
vt 0.148900 0.411300
vt 0.809900 0.467500
vt 0.808200 0.466600
vt 0.805900 0.465100
vt 0.937100 0.455100
vt 0.939800 0.450500
vt 0.933900 0.459700
vt 0.933500 0.459200
vt 0.933000 0.458500
vt 0.162100 0.395400
vt 0.159800 0.396600
vt 0.157500 0.397800
vt 0.480800 0.481800
vt 0.480000 0.482000
vt 0.168400 0.397100
vt 0.166800 0.395900
vt 0.165200 0.394800
vt 0.171000 0.395600
vt 0.172100 0.391600
vt 0.170000 0.399600
vt 0.169400 0.398400
vt 0.813400 0.466200
vt 0.815000 0.463300
vt 0.811300 0.469100
vt 0.810700 0.468300
vt 0.932200 0.457000
vt 0.082500 0.457500
vt 0.082300 0.458600
vt 0.094000 0.441300
vt 0.883100 0.452300
vt 0.885700 0.447800
vt 0.880500 0.456800
vt 0.879600 0.454900
vt 0.878400 0.452900
vt 0.804900 0.464700
vt 0.804200 0.464300
vt 0.156600 0.398600
vt 0.486600 0.481300
vt 0.485300 0.481100
vt 0.164500 0.394900
vt 0.163700 0.394900
vt 0.871200 0.443700
vt 0.873200 0.445600
vt 0.869400 0.441800
vt 0.871000 0.438100
vt 0.872500 0.434400
vt 0.497700 0.477000
vt 0.498000 0.472600
vt 0.496200 0.481600
vt 0.494400 0.481600
vt 0.492700 0.481500
vt 0.924500 0.450800
vt 0.923100 0.450100
vt 0.162900 0.395200
vt 0.875300 0.427300
vt 0.878000 0.420100
vt 0.071800 0.433800
vt 0.066400 0.419800
vt 0.096900 0.415800
vt 0.095100 0.403600
vt 0.944300 0.438800
vt 0.947400 0.426400
vt 0.175000 0.384800
vt 0.177300 0.378000
vt 0.817100 0.453400
vt 0.819100 0.441600
vt 0.889900 0.434600
vt 0.894100 0.421400
vt 0.501900 0.460800
vt 0.504000 0.446800
vt 0.509200 0.420200
vt 0.513900 0.392100
vt 0.059200 0.392500
vt 0.051900 0.365400
vt 0.093300 0.380500
vt 0.090700 0.356600
vt 0.953500 0.401800
vt 0.959000 0.376000
vt 0.177800 0.356700
vt 0.177100 0.335000
vt 0.820800 0.418700
vt 0.822500 0.393500
vt 0.898900 0.397100
vt 0.904200 0.372500
vt 0.141600 0.305600
vt 0.142700 0.275400
vt 0.877700 0.337400
vt 0.878800 0.305300
vt 0.142500 0.227100
vt 0.142400 0.203500
vt 0.143100 0.179900
vt 0.518600 0.358300
vt 0.522600 0.323500
vt 0.042600 0.334500
vt 0.035400 0.303600
vt 0.092500 0.325900
vt 0.091900 0.295300
vt 0.969500 0.342200
vt 0.978600 0.307800
vt 0.178400 0.304900
vt 0.180800 0.274800
vt 0.828000 0.360000
vt 0.835500 0.325400
vt 0.909500 0.338100
vt 0.914900 0.304000
vt 0.020500 0.256300
vt 0.020000 0.231600
vt 0.020700 0.207700
vt 0.877600 0.248100
vt 0.877800 0.219800
vt 0.875800 0.190800
vt 0.144700 0.104800
vt 0.521600 0.242800
vt 0.518900 0.216300
vt 0.522300 0.269900
vt 0.089000 0.223900
vt 0.087800 0.201200
vt 0.089500 0.247000
vt 0.987000 0.220200
vt 0.987000 0.190200
vt 0.986100 0.250000
vt 0.184200 0.190500
vt 0.183000 0.162300
vt 0.182900 0.218300
vt 0.841700 0.237300
vt 0.842000 0.207100
vt 0.842000 0.267700
vt 0.917000 0.216200
vt 0.913500 0.186400
vt 0.919500 0.245500
vt 0.132500 0.135300
vt 0.124400 0.087000
vt 0.154500 0.069700
vt 0.153300 0.044600
vt 0.155900 0.094700
vt 0.055400 0.063200
vt 0.065400 0.041700
vt 0.076500 0.020300
vt 0.872600 0.119900
vt 0.868300 0.086400
vt 0.863800 0.053000
vt 0.051300 0.174200
vt 0.054200 0.138900
vt 0.498100 0.073600
vt 0.491300 0.036300
vt 0.504300 0.110200
vt 0.086900 0.031300
vt 0.088600 0.019100
vt 0.085000 0.043400
vt 0.971200 0.108900
vt 0.965000 0.089600
vt 0.976700 0.128200
vt 0.143900 0.142400
vt 0.170300 0.080200
vt 0.168200 0.057100
vt 0.172500 0.103300
vt 0.825000 0.080300
vt 0.819500 0.042900
vt 0.829900 0.117100
vt 0.887100 0.095900
vt 0.878700 0.069400
vt 0.895700 0.122200
vt 0.866200 0.441900
vt 0.863100 0.442000
vt 0.875900 0.449300
vt 0.027200 0.174000
vt 0.033600 0.140900
vt 0.085300 0.166600
vt 0.083900 0.131100
vt 0.123600 0.054600
vt 0.122800 0.021800
vt 0.159000 0.125200
vt 0.176900 0.132900
vt 0.872800 0.155300
vt 0.904000 0.154400
vt 0.983400 0.159000
vt 0.836800 0.163000
vt 0.515000 0.163600
vt 0.044100 0.102200
vt 0.085100 0.087600
vt 0.489700 0.481600
vt 0.142600 0.251500
vt 0.022900 0.281400
vt 0.879100 0.276500
vt 0.522600 0.297300
vt 0.091000 0.271500
vt 0.983700 0.279000
vt 0.182900 0.246400
vt 0.839400 0.297100
vt 0.918800 0.274600
vt 0.144700 0.386000
vt 0.140700 0.374300
vt 0.149000 0.366200
vt 0.152100 0.375000
vt 0.061200 0.416500
vt 0.065800 0.407500
vt 0.068400 0.410700
vt 0.064400 0.419900
vt 0.170100 0.373400
vt 0.163800 0.370100
vt 0.163800 0.364400
vt 0.172700 0.366800
vt 0.073000 0.167800
vt 0.044900 0.173700
vt 0.048300 0.139700
vt 0.071700 0.132600
vt 0.825400 0.080300
vt 0.815500 0.072700
vt 0.815000 0.034800
vt 0.820600 0.042900
vt 0.138000 0.291600
vt 0.116100 0.294100
vt 0.112800 0.266400
vt 0.138800 0.264100
vt 0.472600 0.277600
vt 0.473000 0.255500
vt 0.496900 0.261000
vt 0.496600 0.280400
vt 0.876600 0.078900
vt 0.870000 0.040200
vt 0.880700 0.069400
vt 0.887800 0.095900
vt 0.949500 0.412500
vt 0.946000 0.409900
vt 0.948000 0.398800
vt 0.953100 0.401200
vt 0.961700 0.313800
vt 0.946700 0.311200
vt 0.949200 0.283800
vt 0.966500 0.286700
vt 0.874000 0.288700
vt 0.894200 0.285700
vt 0.893000 0.313000
vt 0.874800 0.315400
vt 0.180400 0.186800
vt 0.162600 0.182100
vt 0.160900 0.154500
vt 0.179300 0.160600
vt 0.164100 0.236100
vt 0.163700 0.263100
vt 0.156800 0.263300
vt 0.156600 0.238100
vt 0.822400 0.367900
vt 0.815800 0.362600
vt 0.816900 0.359500
vt 0.823900 0.365100
vt 0.895800 0.401300
vt 0.887700 0.393700
vt 0.890800 0.384100
vt 0.899300 0.388700
vt 0.167800 0.080200
vt 0.163500 0.070200
vt 0.162800 0.046100
vt 0.165800 0.057100
vt 0.497400 0.427400
vt 0.491300 0.426900
vt 0.491600 0.423300
vt 0.497700 0.422900
vt 0.156400 0.212600
vt 0.163400 0.209000
vt 0.871500 0.213700
vt 0.869600 0.187100
vt 0.889800 0.183400
vt 0.892500 0.210700
vt 0.116200 0.087500
vt 0.118900 0.054900
vt 0.125800 0.054600
vt 0.126500 0.087000
vt 0.162700 0.290600
vt 0.155900 0.290800
vt 0.517100 0.237800
vt 0.496500 0.240600
vt 0.495700 0.219100
vt 0.514800 0.214700
vt 0.891900 0.362600
vt 0.903000 0.366100
vt 0.877000 0.343000
vt 0.893200 0.341700
vt 0.492200 0.413200
vt 0.501000 0.411600
vt 0.155500 0.187600
vt 0.154700 0.162300
vt 0.887800 0.423400
vt 0.881700 0.412000
vt 0.883200 0.407800
vt 0.890000 0.418900
vt 0.164000 0.359000
vt 0.174800 0.360000
vt 0.159900 0.370800
vt 0.159100 0.362700
vt 0.135800 0.363300
vt 0.127900 0.342800
vt 0.141600 0.338400
vt 0.145900 0.357400
vt 0.040800 0.267500
vt 0.022400 0.270300
vt 0.021500 0.249000
vt 0.039500 0.247000
vt 0.815100 0.290700
vt 0.816900 0.273400
vt 0.838300 0.275700
vt 0.833100 0.292600
vt 0.481700 0.427300
vt 0.484900 0.426900
vt 0.484800 0.431500
vt 0.482400 0.432400
vt 0.873500 0.263800
vt 0.871800 0.239000
vt 0.893900 0.236300
vt 0.895300 0.261000
vt 0.969200 0.264200
vt 0.951600 0.260000
vt 0.952700 0.235800
vt 0.970900 0.241000
vt 0.158300 0.354800
vt 0.817700 0.342600
vt 0.816300 0.325700
vt 0.828400 0.328000
vt 0.827300 0.345600
vt 0.154900 0.319100
vt 0.162000 0.318900
vt 0.884800 0.403700
vt 0.892300 0.414300
vt 0.179300 0.212200
vt 0.968500 0.108900
vt 0.953100 0.076300
vt 0.943800 0.039600
vt 0.963700 0.089600
vt 0.137100 0.319800
vt 0.052400 0.067500
vt 0.060000 0.046000
vt 0.068000 0.038200
vt 0.062000 0.057100
vt 0.980100 0.266500
vt 0.981200 0.242500
vt 0.507100 0.375500
vt 0.492600 0.375800
vt 0.493100 0.352000
vt 0.511100 0.352700
vt 0.174600 0.318900
vt 0.175600 0.290900
vt 0.818200 0.259000
vt 0.840700 0.261800
vt 0.818700 0.243200
vt 0.817800 0.224100
vt 0.840900 0.227000
vt 0.842000 0.246000
vt 0.938600 0.403500
vt 0.939900 0.392200
vt 0.138500 0.243100
vt 0.111500 0.244900
vt 0.110400 0.222700
vt 0.138200 0.221800
vt 0.055000 0.098400
vt 0.043700 0.104400
vt 0.022300 0.227600
vt 0.023700 0.205900
vt 0.040400 0.205500
vt 0.040100 0.226300
vt 0.471000 0.325700
vt 0.472400 0.352900
vt 0.467000 0.353500
vt 0.465600 0.326300
vt 0.914400 0.286900
vt 0.910700 0.315100
vt 0.916800 0.262500
vt 0.916600 0.238000
vt 0.150000 0.068600
vt 0.144000 0.081700
vt 0.145300 0.053700
vt 0.149900 0.039100
vt 0.817500 0.351300
vt 0.825700 0.355900
vt 0.161100 0.377000
vt 0.155400 0.381000
vt 0.153700 0.378000
vt 0.160500 0.373900
vt 0.073400 0.279900
vt 0.073500 0.304400
vt 0.047800 0.309700
vt 0.043600 0.285600
vt 0.885600 0.151100
vt 0.869400 0.155600
vt 0.871100 0.122600
vt 0.883200 0.117500
vt 0.138900 0.179900
vt 0.140600 0.145400
vt 0.152500 0.130800
vt 0.030400 0.173900
vt 0.481600 0.422700
vt 0.485500 0.423500
vt 0.153500 0.069700
vt 0.152400 0.044600
vt 0.943400 0.360100
vt 0.945400 0.339400
vt 0.956700 0.341800
vt 0.953400 0.364000
vt 0.944800 0.413600
vt 0.937500 0.407800
vt 0.157600 0.125000
vt 0.150200 0.098000
vt 0.154800 0.094700
vt 0.074300 0.199900
vt 0.074500 0.220100
vt 0.110200 0.180900
vt 0.112400 0.136300
vt 0.133800 0.134800
vt 0.878700 0.385600
vt 0.877900 0.364000
vt 0.179400 0.237800
vt 0.156400 0.336900
vt 0.177700 0.263500
vt 0.970800 0.317300
vt 0.976900 0.289800
vt 0.941500 0.380800
vt 0.949900 0.386400
vt 0.936600 0.412100
vt 0.943300 0.417700
vt 0.493800 0.167400
vt 0.511400 0.163600
vt 0.476700 0.112400
vt 0.491900 0.111100
vt 0.472100 0.160600
vt 0.073900 0.260600
vt 0.073000 0.350300
vt 0.074600 0.371700
vt 0.060400 0.382300
vt 0.056600 0.357600
vt 0.972800 0.128200
vt 0.962500 0.112900
vt 0.902200 0.154400
vt 0.910400 0.185300
vt 0.121500 0.022000
vt 0.125100 0.021800
vt 0.074300 0.019000
vt 0.079700 0.017000
vt 0.077600 0.030100
vt 0.518300 0.300900
vt 0.496100 0.299100
vt 0.518200 0.281100
vt 0.963600 0.344900
vt 0.490700 0.431800
vt 0.164000 0.376500
vt 0.164000 0.373300
vt 0.959800 0.367200
vt 0.966700 0.151900
vt 0.948800 0.145300
vt 0.948100 0.108200
vt 0.466500 0.298900
vt 0.472800 0.298500
vt 0.120100 0.322200
vt 0.071300 0.414000
vt 0.067800 0.423800
vt 0.077300 0.131100
vt 0.073800 0.088000
vt 0.078300 0.087600
vt 0.481500 0.412200
vt 0.478000 0.410600
vt 0.071400 0.329600
vt 0.053000 0.334700
vt 0.955400 0.389400
vt 0.147100 0.389500
vt 0.817200 0.200500
vt 0.840600 0.204500
vt 0.515000 0.326800
vt 0.494400 0.325400
vt 0.517800 0.259800
vt 0.951600 0.209800
vt 0.970900 0.216000
vt 0.492000 0.400000
vt 0.479400 0.398300
vt 0.877000 0.392800
vt 0.978000 0.159000
vt 0.502400 0.110200
vt 0.465900 0.156900
vt 0.469800 0.112600
vt 0.044100 0.365600
vt 0.037700 0.342600
vt 0.162400 0.124900
vt 0.164100 0.094400
vt 0.169700 0.103300
vt 0.173700 0.132500
vt 0.162500 0.339000
vt 0.080100 0.399000
vt 0.078400 0.395200
vt 0.081200 0.394600
vt 0.082600 0.399000
vt 0.079700 0.031300
vt 0.081000 0.019100
vt 0.971100 0.189400
vt 0.980900 0.189400
vt 0.073900 0.240100
vt 0.050700 0.389800
vt 0.814400 0.309700
vt 0.829300 0.311300
vt 0.475700 0.375400
vt 0.169200 0.377400
vt 0.947500 0.417100
vt 0.945000 0.421800
vt 0.820700 0.370700
vt 0.814400 0.366000
vt 0.875200 0.400100
vt 0.477300 0.068000
vt 0.489200 0.067700
vt 0.473200 0.075200
vt 0.465700 0.276400
vt 0.816400 0.157200
vt 0.835700 0.163000
vt 0.079900 0.239000
vt 0.080100 0.259500
vt 0.078400 0.166500
vt 0.942700 0.078100
vt 0.937100 0.047800
vt 0.138100 0.201000
vt 0.110300 0.201600
vt 0.471800 0.231900
vt 0.463700 0.226800
vt 0.464600 0.199100
vt 0.472700 0.206500
vt 0.485100 0.022200
vt 0.491200 0.036300
vt 0.497000 0.073600
vt 0.175200 0.339500
vt 0.950500 0.181600
vt 0.168300 0.381300
vt 0.471000 0.375300
vt 0.475500 0.397300
vt 0.913900 0.212400
vt 0.496200 0.432000
vt 0.873100 0.408500
vt 0.874100 0.404300
vt 0.056000 0.403300
vt 0.063100 0.395200
vt 0.030800 0.316600
vt 0.025700 0.290200
vt 0.075300 0.043000
vt 0.081700 0.403300
vt 0.083700 0.403500
vt 0.079800 0.279100
vt 0.076400 0.383500
vt 0.869400 0.095400
vt 0.149300 0.393100
vt 0.078200 0.043400
vt 0.079900 0.199000
vt 0.142400 0.109500
vt 0.464800 0.252600
vt 0.817100 0.110300
vt 0.829700 0.117100
vt 0.036100 0.140800
vt 0.477000 0.037000
vt 0.479700 0.022300
vt 0.068800 0.024600
vt 0.080200 0.219200
vt 0.076300 0.329800
vt 0.077600 0.350400
vt 0.867500 0.068000
vt 0.078400 0.371000
vt 0.079600 0.382400
vt 0.895200 0.122200
vt 0.907100 0.344500
vt 0.079000 0.304300
vt 0.981300 0.216800
vt 0.502800 0.398600
vt 0.929500 0.448500
vt 0.931300 0.444500
vt 0.151000 0.399600
vt 0.148700 0.396100
vt 0.157300 0.394200
vt 0.156000 0.391200
vt 0.169500 0.393900
vt 0.170300 0.389900
vt 0.812000 0.465000
vt 0.813100 0.462700
vt 0.087200 0.440400
vt 0.084200 0.437200
vt 0.881500 0.449200
vt 0.883900 0.444500
vt 0.487600 0.462700
vt 0.486900 0.448900
vt 0.869600 0.426400
vt 0.871800 0.419000
vt 0.933100 0.432700
vt 0.935600 0.420000
vt 0.144600 0.386700
vt 0.140400 0.377300
vt 0.153500 0.382700
vt 0.151000 0.374200
vt 0.171700 0.385200
vt 0.172700 0.380800
vt 0.814100 0.453500
vt 0.814900 0.441300
vt 0.081700 0.424800
vt 0.079200 0.411800
vt 0.887900 0.432000
vt 0.891700 0.419500
vt 0.485800 0.421600
vt 0.484700 0.392500
vt 0.147400 0.355100
vt 0.144000 0.335800
vt 0.871400 0.395300
vt 0.871100 0.371300
vt 0.939400 0.396200
vt 0.943800 0.371500
vt 0.134300 0.356700
vt 0.127800 0.336300
vt 0.172800 0.358800
vt 0.172500 0.335600
vt 0.815600 0.418200
vt 0.816500 0.392800
vt 0.896000 0.395800
vt 0.900600 0.371700
vt 0.948200 0.337200
vt 0.953700 0.303300
vt 0.152700 0.305100
vt 0.153800 0.274900
vt 0.484800 0.357900
vt 0.486200 0.322400
vt 0.152900 0.194500
vt 0.152600 0.168200
vt 0.869600 0.338900
vt 0.870000 0.306800
vt 0.127700 0.305900
vt 0.127700 0.275700
vt 0.173700 0.305000
vt 0.175800 0.274600
vt 0.821700 0.358900
vt 0.828400 0.324400
vt 0.904300 0.337300
vt 0.908400 0.303500
vt 0.960800 0.217000
vt 0.961100 0.187100
vt 0.488600 0.245900
vt 0.488600 0.220400
vt 0.147200 0.072600
vt 0.148100 0.042000
vt 0.869600 0.218600
vt 0.868000 0.189100
vt 0.126500 0.206700
vt 0.127200 0.184200
vt 0.177100 0.188500
vt 0.175600 0.159600
vt 0.833700 0.236100
vt 0.833600 0.205700
vt 0.909700 0.214800
vt 0.906200 0.184700
vt 0.124100 0.133900
vt 0.120000 0.082700
vt 0.943600 0.071700
vt 0.932800 0.035000
vt 0.487000 0.167200
vt 0.488200 0.111700
vt 0.866200 0.093100
vt 0.863300 0.064300
vt 0.150900 0.134000
vt 0.149300 0.099700
vt 0.168600 0.072400
vt 0.166700 0.046900
vt 0.821300 0.073900
vt 0.817000 0.032800
vt 0.076100 0.035900
vt 0.082200 0.018400
vt 0.882800 0.087900
vt 0.873900 0.056200
vt 0.865900 0.437800
vt 0.867200 0.433700
vt 0.121300 0.050500
vt 0.122600 0.018100
vt 0.172300 0.128800
vt 0.170600 0.097900
vt 0.485500 0.067800
vt 0.482300 0.021800
vt 0.867300 0.155600
vt 0.868600 0.121900
vt 0.898500 0.152200
vt 0.892000 0.119600
vt 0.957300 0.147900
vt 0.954400 0.108300
vt 0.829800 0.160900
vt 0.825700 0.114300
vt 0.063200 0.095500
vt 0.070100 0.052900
vt 0.487700 0.476600
vt 0.488000 0.473100
vt 0.153700 0.248100
vt 0.153700 0.220900
vt 0.957700 0.274900
vt 0.960600 0.246400
vt 0.487400 0.297100
vt 0.488600 0.271600
vt 0.870500 0.277100
vt 0.869200 0.247700
vt 0.127200 0.252800
vt 0.126500 0.229300
vt 0.177400 0.245600
vt 0.176700 0.216900
vt 0.832000 0.296200
vt 0.834000 0.266700
vt 0.911700 0.273800
vt 0.911900 0.244500
vt 0.927700 0.452800
vt 0.153200 0.403000
vt 0.158600 0.397200
vt 0.168900 0.397800
vt 0.810300 0.467900
vt 0.935400 0.453600
vt 0.937500 0.449400
vt 0.932600 0.457800
vt 0.090600 0.443900
vt 0.879000 0.453900
vt 0.941300 0.438100
vt 0.943500 0.425300
vt 0.883700 0.394000
vt 0.885300 0.370100
vt 0.882500 0.417700
vt 0.949100 0.400300
vt 0.953900 0.374200
vt 0.081700 0.409700
vt 0.077500 0.383700
vt 0.073300 0.358400
vt 0.151500 0.335600
vt 0.963600 0.340100
vt 0.971600 0.306100
vt 0.069000 0.328900
vt 0.064200 0.300100
vt 0.146200 0.103100
vt 0.980000 0.220500
vt 0.979900 0.191000
vt 0.979100 0.249700
vt 0.059800 0.253200
vt 0.059700 0.229300
vt 0.058900 0.206200
vt 0.961600 0.092400
vt 0.952800 0.064500
vt 0.970400 0.120200
vt 0.864700 0.441900
vt 0.060000 0.171900
vt 0.061100 0.136900
vt 0.975900 0.155900
vt 0.056500 0.138200
vt 0.487400 0.481400
vt 0.976700 0.278200
vt 0.061500 0.277900
vt 0.166200 0.392000
vt 0.166300 0.388600
vt 0.166600 0.383300
vt 0.167100 0.378300
vt 0.165700 0.357200
vt 0.165300 0.335400
vt 0.166200 0.304800
vt 0.167600 0.274600
vt 0.167100 0.186100
vt 0.165200 0.156600
vt 0.166200 0.070100
vt 0.165200 0.045400
vt 0.166000 0.125700
vt 0.167100 0.094800
vt 0.168400 0.244900
vt 0.167700 0.215300
vt 0.166000 0.395400
vt 0.873300 0.427000
vt 0.875900 0.419700
vt 0.870700 0.434200
vt 0.875900 0.395300
vt 0.875900 0.370600
vt 0.875000 0.337900
vt 0.875900 0.305800
vt 0.875000 0.219400
vt 0.873200 0.190200
vt 0.874800 0.248000
vt 0.867600 0.088700
vt 0.863700 0.056800
vt 0.871200 0.120600
vt 0.869200 0.438000
vt 0.867800 0.441800
vt 0.871000 0.155400
vt 0.876300 0.276700
vt 0.875700 0.436500
vt 0.873900 0.440600
vt 0.879000 0.427100
vt 0.887900 0.304000
vt 0.885700 0.336700
vt 0.885700 0.186100
vt 0.888100 0.216000
vt 0.865500 0.043400
vt 0.872500 0.080800
vt 0.879300 0.118100
vt 0.881400 0.152100
vt 0.888800 0.245300
vt 0.889700 0.274400
vt 0.872200 0.444600
vt 0.882200 0.428100
vt 0.886000 0.417500
vt 0.888200 0.394100
vt 0.890900 0.370400
vt 0.892200 0.336600
vt 0.895000 0.303500
vt 0.895800 0.214600
vt 0.892900 0.184400
vt 0.875800 0.080500
vt 0.867600 0.043100
vt 0.876600 0.443100
vt 0.878600 0.438900
vt 0.887500 0.151200
vt 0.884000 0.117800
vt 0.897500 0.273700
vt 0.897100 0.244300
vt 0.874500 0.447400
vt 0.160000 0.392900
vt 0.159200 0.389800
vt 0.160900 0.396000
vt 0.157700 0.381500
vt 0.156300 0.373300
vt 0.153700 0.354500
vt 0.149400 0.069900
vt 0.149600 0.040100
vt 0.145300 0.305400
vt 0.146400 0.275300
vt 0.145900 0.200500
vt 0.146300 0.225000
vt 0.146200 0.176000
vt 0.146200 0.139600
vt 0.146300 0.250300
vt 0.152800 0.397400
vt 0.150900 0.394300
vt 0.154800 0.400600
vt 0.147300 0.385200
vt 0.143500 0.376100
vt 0.138300 0.356100
vt 0.132900 0.336100
vt 0.133600 0.305800
vt 0.134300 0.275600
vt 0.133500 0.206300
vt 0.134500 0.183500
vt 0.133600 0.229000
vt 0.129700 0.134800
vt 0.122900 0.085600
vt 0.122800 0.053200
vt 0.122700 0.020600
vt 0.133900 0.252500
vt 0.148300 0.404600
vt 0.145600 0.400900
vt 0.141000 0.390100
vt 0.136100 0.379500
vt 0.128500 0.358200
vt 0.120400 0.336900
vt 0.117800 0.306600
vt 0.116100 0.276200
vt 0.113900 0.206200
vt 0.114000 0.183900
vt 0.114300 0.133500
vt 0.115300 0.081300
vt 0.118500 0.049200
vt 0.121600 0.016900
vt 0.115000 0.253100
vt 0.114000 0.229100
vt 0.151000 0.408200
vt 0.095200 0.434300
vt 0.093900 0.435300
vt 0.091500 0.431700
vt 0.093000 0.430500
vt 0.097600 0.438400
vt 0.096400 0.439300
vt 0.090100 0.418400
vt 0.088700 0.419500
vt 0.085900 0.406700
vt 0.087400 0.405600
vt 0.081600 0.031700
vt 0.080700 0.032400
vt 0.084800 0.017500
vt 0.085400 0.017300
vt 0.077800 0.045800
vt 0.076500 0.047000
vt 0.074300 0.090000
vt 0.072400 0.091000
vt 0.070400 0.134200
vt 0.068000 0.134900
vt 0.082400 0.381600
vt 0.078800 0.357000
vt 0.080700 0.356600
vt 0.084100 0.380900
vt 0.077300 0.327100
vt 0.074200 0.297900
vt 0.077700 0.297100
vt 0.080200 0.326500
vt 0.071200 0.226600
vt 0.070200 0.203700
vt 0.074100 0.202900
vt 0.075100 0.225700
vt 0.069000 0.169700
vt 0.072100 0.169000
vt 0.072600 0.275000
vt 0.071300 0.250200
vt 0.075200 0.249300
vt 0.076400 0.274000
vt 0.089900 0.438400
vt 0.087200 0.435000
vt 0.084500 0.422700
vt 0.078000 0.034500
vt 0.083200 0.018000
vt 0.066900 0.093700
vt 0.072700 0.050500
vt 0.092900 0.442200
vt 0.074700 0.385000
vt 0.070100 0.359200
vt 0.064200 0.329900
vt 0.058300 0.301500
vt 0.052200 0.231300
vt 0.052300 0.255300
vt 0.051500 0.208000
vt 0.054200 0.173400
vt 0.054800 0.279700
vt 0.083800 0.444600
vt 0.080500 0.441400
vt 0.081300 0.440400
vt 0.084500 0.443500
vt 0.077300 0.428800
vt 0.074000 0.415300
vt 0.075300 0.414500
vt 0.078300 0.427900
vt 0.068600 0.388100
vt 0.063100 0.361600
vt 0.064900 0.360900
vt 0.070200 0.387300
vt 0.055400 0.331700
vt 0.048600 0.302600
vt 0.050900 0.302400
vt 0.057500 0.331300
vt 0.040800 0.231800
vt 0.040400 0.208300
vt 0.042900 0.208500
vt 0.043400 0.231900
vt 0.044000 0.280500
vt 0.041100 0.256000
vt 0.043600 0.256100
vt 0.046500 0.280500
vt 0.087400 0.447900
vt 0.088100 0.446900
vt 0.047100 0.174100
vt 0.045000 0.174000
vt 0.048900 0.139500
vt 0.050600 0.139300
vt 0.058500 0.097400
vt 0.057100 0.097900
vt 0.065600 0.056300
vt 0.066600 0.055600
vt 0.073600 0.037400
vt 0.072800 0.037800
vt 0.080500 0.018900
vt 0.080900 0.018800
vt 0.040700 0.173900
vt 0.038400 0.173800
vt 0.043500 0.140000
vt 0.045300 0.139800
vt 0.054100 0.098900
vt 0.052700 0.099400
vt 0.062300 0.058600
vt 0.063400 0.057800
vt 0.071200 0.038600
vt 0.070400 0.039000
vt 0.079200 0.019200
vt 0.079600 0.019100
vt 0.035200 0.207900
vt 0.032500 0.207800
vt 0.085400 0.450700
vt 0.081700 0.447600
vt 0.082300 0.446600
vt 0.086100 0.449800
vt 0.078400 0.444500
vt 0.079100 0.443500
vt 0.074000 0.431800
vt 0.075100 0.430800
vt 0.069500 0.418000
vt 0.071100 0.417100
vt 0.063100 0.390700
vt 0.065100 0.389800
vt 0.056600 0.363900
vt 0.059000 0.363100
vt 0.047900 0.333300
vt 0.050600 0.332700
vt 0.040900 0.303200
vt 0.043600 0.302900
vt 0.033000 0.255800
vt 0.032700 0.231400
vt 0.035500 0.231500
vt 0.035800 0.255800
vt 0.035700 0.280500
vt 0.038600 0.280500
vt 0.494700 0.476800
vt 0.495100 0.473000
vt 0.497700 0.462200
vt 0.498500 0.448300
vt 0.502300 0.421100
vt 0.505700 0.392100
vt 0.509800 0.358100
vt 0.513200 0.323200
vt 0.511800 0.246300
vt 0.509600 0.220900
vt 0.494500 0.068900
vt 0.487800 0.026100
vt 0.506600 0.166300
vt 0.498900 0.110300
vt 0.513200 0.298000
vt 0.512600 0.272000
vt 0.493600 0.481600
vt 0.495200 0.462700
vt 0.494000 0.462700
vt 0.494000 0.448800
vt 0.495400 0.448800
vt 0.493400 0.473100
vt 0.492600 0.473100
vt 0.498100 0.421400
vt 0.496100 0.421400
vt 0.497900 0.392300
vt 0.500500 0.392200
vt 0.503900 0.358000
vt 0.500700 0.357900
vt 0.503400 0.322800
vt 0.506800 0.323000
vt 0.506000 0.247200
vt 0.503100 0.247000
vt 0.501600 0.221900
vt 0.504200 0.222100
vt 0.506600 0.272600
vt 0.503700 0.272400
vt 0.501600 0.167200
vt 0.499200 0.167300
vt 0.494700 0.110700
vt 0.496000 0.110500
vt 0.492200 0.067400
vt 0.491100 0.067500
vt 0.485300 0.022500
vt 0.485900 0.022600
vt 0.493000 0.476700
vt 0.492200 0.476700
vt 0.492000 0.481500
vt 0.491200 0.481500
vt 0.507000 0.298000
vt 0.503800 0.297800
vt 0.490200 0.462800
vt 0.489800 0.448800
vt 0.490000 0.421500
vt 0.490100 0.392400
vt 0.491200 0.357800
vt 0.493100 0.322500
vt 0.494500 0.246400
vt 0.493800 0.221100
vt 0.491900 0.167300
vt 0.490800 0.111300
vt 0.487700 0.067700
vt 0.483500 0.022000
vt 0.489600 0.476600
vt 0.489900 0.473100
vt 0.494000 0.297300
vt 0.494700 0.271900
vt 0.489000 0.481500
vt 0.484800 0.476400
vt 0.485300 0.473400
vt 0.482400 0.462700
vt 0.480500 0.447800
vt 0.477000 0.421100
vt 0.474000 0.392700
vt 0.472800 0.357700
vt 0.474600 0.321600
vt 0.475900 0.240300
vt 0.476600 0.213100
vt 0.479100 0.067600
vt 0.479300 0.021300
vt 0.475400 0.163500
vt 0.480200 0.112100
vt 0.475300 0.294900
vt 0.476500 0.267800
vt 0.484600 0.481000
vt 0.812900 0.465800
vt 0.814300 0.463100
vt 0.811000 0.468700
vt 0.816100 0.453500
vt 0.817700 0.441500
vt 0.819100 0.418600
vt 0.820600 0.393300
vt 0.826000 0.359700
vt 0.833300 0.325100
vt 0.839200 0.236900
vt 0.839400 0.206600
vt 0.839500 0.267400
vt 0.823700 0.078200
vt 0.818600 0.039500
vt 0.828400 0.116200
vt 0.834500 0.162300
vt 0.837100 0.296800
vt 0.932500 0.450700
vt 0.934100 0.446800
vt 0.930600 0.454900
vt 0.936300 0.435300
vt 0.938800 0.422300
vt 0.943300 0.397800
vt 0.948100 0.372400
vt 0.954700 0.338200
vt 0.961400 0.304300
vt 0.969200 0.218800
vt 0.970000 0.189200
vt 0.968700 0.248000
vt 0.948800 0.074800
vt 0.937300 0.038000
vt 0.960500 0.111400
vt 0.965000 0.150600
vt 0.965600 0.276300
vt 0.882600 0.451200
vt 0.885200 0.446700
vt 0.880000 0.455800
vt 0.889200 0.433800
vt 0.893300 0.420800
vt 0.898000 0.396600
vt 0.903000 0.372200
vt 0.907800 0.337800
vt 0.912800 0.303800
vt 0.914600 0.215700
vt 0.911000 0.185800
vt 0.917000 0.245200
vt 0.885600 0.093200
vt 0.877100 0.065000
vt 0.894400 0.121300
vt 0.902200 0.153700
vt 0.916400 0.274300
vt 0.216100 0.491500
vt 0.217300 0.453800
vt 0.238500 0.456400
vt 0.236700 0.488800
vt 0.101500 0.716800
vt 0.086200 0.680500
vt 0.116300 0.653300
vt 0.130400 0.688600
vt 0.070800 0.628600
vt 0.071400 0.565200
vt 0.102100 0.560500
vt 0.103300 0.605500
vt 0.261700 0.771300
vt 0.276400 0.800500
vt 0.241000 0.823800
vt 0.226800 0.791800
vt 0.063700 0.764000
vt 0.052700 0.717700
vt 0.065200 0.704200
vt 0.079300 0.744900
vt 0.050000 0.649700
vt 0.052300 0.579800
vt 0.225800 0.638100
vt 0.219700 0.605900
vt 0.241900 0.598500
vt 0.247800 0.629400
vt 0.162300 0.750300
vt 0.193900 0.730200
vt 0.212600 0.761400
vt 0.179300 0.779300
vt 0.289000 0.490800
vt 0.290500 0.468400
vt 0.343000 0.490600
vt 0.341700 0.505900
vt 0.140100 0.587200
vt 0.150800 0.630700
vt 0.130600 0.777800
vt 0.144300 0.805600
vt 0.191300 0.809300
vt 0.203900 0.841400
vt 0.163200 0.860000
vt 0.153400 0.831900
vt 0.409000 0.537000
vt 0.407700 0.543000
vt 0.213300 0.562500
vt 0.235700 0.555400
vt 0.039900 0.660700
vt 0.338000 0.712400
vt 0.352800 0.733700
vt 0.314300 0.767200
vt 0.298600 0.742100
vt 0.384800 0.678700
vt 0.395600 0.696700
vt 0.162400 0.665600
vt 0.288200 0.546200
vt 0.288300 0.513300
vt 0.341600 0.521800
vt 0.343500 0.546900
vt 0.190900 0.569500
vt 0.197500 0.613300
vt 0.311000 0.666100
vt 0.365000 0.639300
vt 0.374300 0.660600
vt 0.324000 0.692600
vt 0.406800 0.550300
vt 0.406700 0.565600
vt 0.345500 0.575500
vt 0.408900 0.580600
vt 0.288900 0.585000
vt 0.126800 0.883200
vt 0.120400 0.859700
vt 0.094900 0.877800
vt 0.099300 0.898800
vt 0.072500 0.911700
vt 0.067600 0.894900
vt 0.268900 0.688700
vt 0.284000 0.718800
vt 0.234900 0.520500
vt 0.292900 0.613300
vt 0.350100 0.597300
vt 0.235900 0.421700
vt 0.234300 0.385300
vt 0.300100 0.404000
vt 0.294800 0.437200
vt 0.138200 0.560200
vt 0.249200 0.700200
vt 0.265600 0.731200
vt 0.422600 0.640400
vt 0.428900 0.651500
vt 0.211100 0.529500
vt 0.103600 0.809900
vt 0.113800 0.837000
vt 0.356200 0.449500
vt 0.349300 0.470500
vt 0.213900 0.418400
vt 0.211500 0.382600
vt 0.229500 0.711700
vt 0.247200 0.743600
vt 0.280200 0.756700
vt 0.295300 0.783800
vt 0.203800 0.646900
vt 0.411300 0.591400
vt 0.415500 0.615600
vt 0.417900 0.629100
vt 0.417300 0.522700
vt 0.413000 0.529900
vt 0.187300 0.538600
vt 0.041100 0.593800
vt 0.083400 0.832800
vt 0.090700 0.857600
vt 0.410600 0.714900
vt 0.371600 0.761800
vt 0.440600 0.663500
vt 0.334100 0.800300
vt 0.256900 0.859000
vt 0.219200 0.878900
vt 0.313900 0.817700
vt 0.293600 0.835100
vt 0.176600 0.896900
vt 0.135800 0.915800
vt 0.105600 0.927800
vt 0.076700 0.935800
vt 0.306700 0.374300
vt 0.314900 0.345500
vt 0.370800 0.411300
vt 0.363300 0.429800
vt 0.216600 0.345100
vt 0.230200 0.302900
vt 0.249600 0.308600
vt 0.239600 0.348200
vt 0.425000 0.508800
vt 0.421100 0.515900
vt 0.332200 0.320200
vt 0.381900 0.398900
vt 0.266600 0.252200
vt 0.279700 0.261900
vt 0.431600 0.502400
vt 0.427300 0.725300
vt 0.394900 0.779800
vt 0.452500 0.671400
vt 0.359400 0.824400
vt 0.273700 0.891100
vt 0.231200 0.912800
vt 0.337100 0.844300
vt 0.314900 0.864200
vt 0.186400 0.929500
vt 0.143100 0.942800
vt 0.109900 0.950100
vt 0.346800 0.308700
vt 0.396200 0.390800
vt 0.253500 0.242400
vt 0.278000 0.218800
vt 0.287600 0.231700
vt 0.442600 0.496900
vt 0.297300 0.244500
vt 0.773100 0.480500
vt 0.752200 0.480900
vt 0.745400 0.448900
vt 0.766100 0.443100
vt 0.918000 0.688900
vt 0.886200 0.665000
vt 0.895100 0.631200
vt 0.928000 0.654400
vt 0.938400 0.594400
vt 0.902800 0.575600
vt 0.897700 0.533700
vt 0.929100 0.534400
vt 0.771200 0.757200
vt 0.808700 0.773900
vt 0.798700 0.807500
vt 0.760000 0.790200
vt 0.960400 0.730000
vt 0.941900 0.712700
vt 0.951300 0.675300
vt 0.965600 0.687800
vt 0.961900 0.612800
vt 0.950000 0.546600
vt 0.784700 0.628000
vt 0.761700 0.622300
vt 0.762900 0.593700
vt 0.786200 0.598000
vt 0.863300 0.729600
vt 0.851000 0.759400
vt 0.818900 0.742800
vt 0.831200 0.711700
vt 0.700300 0.490800
vt 0.650200 0.513800
vt 0.646600 0.498800
vt 0.695500 0.468800
vt 0.900100 0.604900
vt 0.861200 0.587100
vt 0.863500 0.562100
vt 0.895500 0.752000
vt 0.885000 0.780000
vt 0.843000 0.787600
vt 0.879900 0.804400
vt 0.875500 0.830900
vt 0.835900 0.818400
vt 0.590100 0.560500
vt 0.587900 0.554800
vt 0.786600 0.573000
vt 0.763600 0.569400
vt 0.763300 0.543900
vt 0.786500 0.547600
vt 0.970700 0.657500
vt 0.958600 0.647500
vt 0.973000 0.622200
vt 0.684900 0.716200
vt 0.728700 0.735300
vt 0.716900 0.763500
vt 0.673500 0.739400
vt 0.633800 0.691100
vt 0.626000 0.710400
vt 0.851400 0.646500
vt 0.857900 0.613300
vt 0.708900 0.543200
vt 0.654500 0.552800
vt 0.652700 0.529600
vt 0.704400 0.513100
vt 0.809700 0.576600
vt 0.809700 0.551300
vt 0.934700 0.627700
vt 0.704600 0.667500
vt 0.695600 0.694700
vt 0.641600 0.672100
vt 0.648000 0.651200
vt 0.594700 0.581900
vt 0.592100 0.567600
vt 0.656000 0.569400
vt 0.595100 0.591000
vt 0.712400 0.565500
vt 0.916100 0.825000
vt 0.914100 0.849400
vt 0.943100 0.843200
vt 0.969100 0.858000
vt 0.968200 0.873000
vt 0.942400 0.864200
vt 0.749700 0.680500
vt 0.739200 0.709800
vt 0.758700 0.512200
vt 0.714800 0.613100
vt 0.656100 0.607600
vt 0.657300 0.585700
vt 0.715100 0.586700
vt 0.742700 0.414000
vt 0.686500 0.438300
vt 0.676200 0.406000
vt 0.738800 0.377300
vt 0.861500 0.538000
vt 0.771700 0.688200
vt 0.760700 0.718100
vt 0.590800 0.659300
vt 0.586400 0.671200
vt 0.783800 0.517600
vt 0.924600 0.774900
vt 0.918200 0.801600
vt 0.637300 0.479700
vt 0.627200 0.459700
vt 0.764100 0.407300
vt 0.761000 0.371200
vt 0.782100 0.726500
vt 0.793700 0.695900
vt 0.749900 0.746200
vt 0.738400 0.776800
vt 0.807700 0.633600
vt 0.809400 0.602300
vt 0.594400 0.609700
vt 0.594900 0.599200
vt 0.593700 0.647400
vt 0.594100 0.634000
vt 0.582800 0.548300
vt 0.577500 0.541800
vt 0.809000 0.523000
vt 0.963000 0.559200
vt 0.948400 0.796700
vt 0.943800 0.823400
vt 0.658700 0.770200
vt 0.613900 0.730500
vt 0.576700 0.684800
vt 0.700600 0.801300
vt 0.829600 0.856300
vt 0.788300 0.846300
vt 0.746900 0.829200
vt 0.723700 0.815200
vt 0.911500 0.879200
vt 0.871300 0.866000
vt 0.972200 0.895900
vt 0.942800 0.891500
vt 0.664800 0.376600
vt 0.616900 0.440700
vt 0.607000 0.423800
vt 0.652600 0.350100
vt 0.749900 0.333800
vt 0.727600 0.340300
vt 0.711900 0.303500
vt 0.730400 0.294900
vt 0.572500 0.535400
vt 0.567700 0.529200
vt 0.594100 0.413300
vt 0.631700 0.327700
vt 0.675100 0.261900
vt 0.686600 0.250200
vt 0.560100 0.523700
vt 0.639100 0.791900
vt 0.599200 0.743300
vt 0.566300 0.694300
vt 0.680500 0.830200
vt 0.819600 0.894700
vt 0.774300 0.881900
vt 0.705300 0.846100
vt 0.730000 0.862100
vt 0.909800 0.911400
vt 0.865700 0.904700
vt 0.943000 0.915200
vt 0.578700 0.407400
vt 0.615500 0.318400
vt 0.662700 0.233000
vt 0.670300 0.218800
vt 0.698200 0.238600
vt 0.548300 0.519900
vt 0.655000 0.247200
vt 0.049900 0.780500
vt 0.043100 0.731000
vt 0.030600 0.672100
vt 0.030600 0.594800
vt 0.062800 0.853300
vt 0.063700 0.877800
vt 0.079800 0.955700
vt 0.978200 0.743000
vt 0.977300 0.696600
vt 0.981200 0.666400
vt 0.983200 0.635900
vt 0.973500 0.558900
vt 0.972100 0.815300
vt 0.969000 0.842600
vt 0.973200 0.915200
vt 0.567500 0.598600
vt 0.566800 0.604000
vt 0.545900 0.605400
vt 0.546800 0.601200
vt 0.448300 0.620900
vt 0.444100 0.613100
vt 0.466900 0.599300
vt 0.470700 0.603500
vt 0.437200 0.580900
vt 0.434300 0.571100
vt 0.453700 0.570000
vt 0.457000 0.577400
vt 0.562500 0.644100
vt 0.558900 0.652500
vt 0.534300 0.635600
vt 0.537700 0.630600
vt 0.552300 0.663500
vt 0.529000 0.643900
vt 0.566600 0.610600
vt 0.566400 0.617600
vt 0.544900 0.615000
vt 0.545500 0.610100
vt 0.438700 0.588200
vt 0.459000 0.583400
vt 0.461500 0.638500
vt 0.453200 0.628700
vt 0.474900 0.608000
vt 0.481400 0.615400
vt 0.448300 0.532700
vt 0.456600 0.528000
vt 0.462200 0.537500
vt 0.456200 0.541300
vt 0.538900 0.553100
vt 0.548000 0.556500
vt 0.541400 0.566400
vt 0.534800 0.563400
vt 0.433600 0.555800
vt 0.434000 0.552500
vt 0.449300 0.555800
vt 0.449800 0.558600
vt 0.566200 0.577700
vt 0.567000 0.582000
vt 0.549200 0.588600
vt 0.549700 0.584900
vt 0.557000 0.564000
vt 0.559900 0.567400
vt 0.548400 0.574800
vt 0.546900 0.572100
vt 0.440600 0.541400
vt 0.443200 0.537600
vt 0.453000 0.544900
vt 0.451600 0.547600
vt 0.553800 0.560700
vt 0.545100 0.569600
vt 0.566200 0.626600
vt 0.565400 0.635800
vt 0.540800 0.625800
vt 0.543000 0.620500
vt 0.441800 0.604100
vt 0.440100 0.595300
vt 0.461000 0.589000
vt 0.463800 0.594400
vt 0.433400 0.560100
vt 0.450800 0.562000
vt 0.568100 0.592400
vt 0.547900 0.596500
vt 0.545100 0.671600
vt 0.523700 0.650500
vt 0.436000 0.548800
vt 0.438300 0.545100
vt 0.450500 0.550200
vt 0.449800 0.553000
vt 0.469900 0.645400
vt 0.487700 0.621100
vt 0.562800 0.570900
vt 0.565300 0.574500
vt 0.549800 0.581800
vt 0.549300 0.578300
vt 0.594200 0.620900
vt 0.413400 0.602200
vt 0.544800 0.573900
vt 0.545500 0.576400
vt 0.544500 0.576900
vt 0.544100 0.574600
vt 0.455100 0.546400
vt 0.458000 0.543000
vt 0.458600 0.543500
vt 0.455700 0.546900
vt 0.530800 0.613800
vt 0.527700 0.617900
vt 0.523400 0.615200
vt 0.526700 0.611600
vt 0.492700 0.603100
vt 0.486800 0.596400
vt 0.490700 0.592600
vt 0.496500 0.599000
vt 0.539500 0.599400
vt 0.537600 0.602800
vt 0.534900 0.601900
vt 0.537000 0.598800
vt 0.468300 0.578400
vt 0.465100 0.574200
vt 0.467800 0.573200
vt 0.471400 0.576700
vt 0.453500 0.554000
vt 0.453400 0.551300
vt 0.454300 0.551700
vt 0.454700 0.554300
vt 0.543800 0.588700
vt 0.541400 0.595300
vt 0.539300 0.594900
vt 0.542000 0.588700
vt 0.534200 0.565600
vt 0.540300 0.568500
vt 0.540000 0.569200
vt 0.534000 0.566300
vt 0.455100 0.559000
vt 0.454000 0.556600
vt 0.455500 0.556800
vt 0.456900 0.559100
vt 0.524400 0.621600
vt 0.520800 0.626100
vt 0.516300 0.622900
vt 0.519900 0.618700
vt 0.543600 0.571600
vt 0.543100 0.572300
vt 0.498600 0.608800
vt 0.502200 0.604700
vt 0.516000 0.633600
vt 0.511600 0.630100
vt 0.453900 0.548900
vt 0.454700 0.549300
vt 0.535800 0.606200
vt 0.533700 0.609700
vt 0.529900 0.608000
vt 0.532500 0.604900
vt 0.474900 0.585800
vt 0.471400 0.582100
vt 0.474800 0.579800
vt 0.478600 0.583000
vt 0.460800 0.568600
vt 0.463200 0.568100
vt 0.545700 0.579400
vt 0.545600 0.582400
vt 0.544200 0.582600
vt 0.544600 0.579700
vt 0.456900 0.562100
vt 0.458900 0.562200
vt 0.545000 0.585200
vt 0.543400 0.585200
vt 0.511100 0.640100
vt 0.506900 0.636600
vt 0.482500 0.592600
vt 0.478600 0.589400
vt 0.482500 0.586100
vt 0.486500 0.589000
vt 0.463600 0.539200
vt 0.464000 0.539800
vt 0.116600 0.749100
vt 0.144900 0.720500
vt 0.076800 0.804800
vt 0.093500 0.780900
vt 0.233200 0.667800
vt 0.254300 0.657600
vt 0.175000 0.697700
vt 0.298500 0.639100
vt 0.355500 0.617900
vt 0.212100 0.678100
vt 0.063300 0.828400
vt 0.876200 0.698300
vt 0.843600 0.679600
vt 0.907000 0.722200
vt 0.713200 0.639800
vt 0.654400 0.629900
vt 0.759200 0.650700
vt 0.781700 0.657800
vt 0.931900 0.747200
vt 0.804200 0.664800
vt 0.952000 0.768200
vt 0.971900 0.787600
vt 0.195500 0.494300
vt 0.196000 0.451300
vt 0.191800 0.415100
vt 0.188700 0.380000
vt 0.193600 0.341900
vt 0.210700 0.297200
vt 0.794100 0.480100
vt 0.786900 0.437400
vt 0.785600 0.400700
vt 0.783200 0.365100
vt 0.772300 0.327200
vt 0.748800 0.286200
vt 0.546500 0.575900
vt 0.545500 0.573300
vt 0.457400 0.542400
vt 0.454400 0.545900
vt 0.532100 0.620500
vt 0.534900 0.616000
vt 0.482800 0.600300
vt 0.489000 0.607200
vt 0.540400 0.603600
vt 0.541900 0.600000
vt 0.462400 0.575300
vt 0.465200 0.580000
vt 0.452400 0.551000
vt 0.452200 0.553600
vt 0.543600 0.595700
vt 0.545600 0.588700
vt 0.540700 0.567800
vt 0.534400 0.564900
vt 0.452400 0.556300
vt 0.453300 0.558800
vt 0.525300 0.629300
vt 0.528800 0.624600
vt 0.544100 0.571000
vt 0.495000 0.612900
vt 0.520300 0.637000
vt 0.453200 0.548500
vt 0.537400 0.611500
vt 0.539000 0.607500
vt 0.467900 0.584400
vt 0.471200 0.588700
vt 0.458500 0.569000
vt 0.547000 0.582200
vt 0.546900 0.579000
vt 0.454900 0.562100
vt 0.546500 0.585100
vt 0.515300 0.643600
vt 0.474700 0.592700
vt 0.478600 0.596300
vt 0.463100 0.538600
vt 0.517300 0.802700
vt 0.514700 0.814500
vt 0.484200 0.813400
vt 0.483500 0.799700
vt 0.514100 0.827800
vt 0.487700 0.830500
vt 0.428900 0.836000
vt 0.406200 0.839100
vt 0.403900 0.813900
vt 0.426200 0.811900
vt 0.404300 0.799300
vt 0.423700 0.797800
vt 0.448300 0.811700
vt 0.453100 0.832000
vt 0.443200 0.799300
vt 0.470500 0.830000
vt 0.467100 0.812900
vt 0.465900 0.799900
vt 0.529100 0.828000
vt 0.529400 0.815300
vt 0.531300 0.804500
vt 0.544100 0.816400
vt 0.544900 0.828100
vt 0.546200 0.807900
vt 0.558600 0.827700
vt 0.560100 0.818600
vt 0.561900 0.810100
vt 0.576800 0.821300
vt 0.577300 0.829700
vt 0.581100 0.813500
vt 0.592000 0.832500
vt 0.590300 0.824300
vt 0.593200 0.818200
vt 0.602600 0.827500
vt 0.604400 0.834700
vt 0.606000 0.823200
vt 0.616000 0.836600
vt 0.615500 0.830000
vt 0.616900 0.826600
vt 0.628900 0.835600
vt 0.628200 0.839100
vt 0.628600 0.832000
vt 0.236900 0.059500
vt 0.213200 0.067400
vt 0.206000 0.051000
vt 0.229500 0.045400
vt 0.199300 0.076000
vt 0.185400 0.055200
vt 0.244300 0.075100
vt 0.227300 0.086800
vt 0.215500 0.093600
vt 0.251900 0.091100
vt 0.239600 0.100700
vt 0.232500 0.107400
vt 0.264800 0.115100
vt 0.252900 0.119300
vt 0.246300 0.125200
vt 0.271200 0.128200
vt 0.265300 0.133300
vt 0.259100 0.139400
vt 0.288100 0.143700
vt 0.280300 0.148100
vt 0.274600 0.152800
vt 0.300200 0.154000
vt 0.293000 0.160400
vt 0.287100 0.164600
vt 0.313500 0.165600
vt 0.304600 0.171000
vt 0.299100 0.174500
vt 0.324100 0.176800
vt 0.314400 0.182400
vt 0.310900 0.184800
vt 0.333200 0.191100
vt 0.323900 0.194100
vt 0.319400 0.195900
vt 0.339700 0.203000
vt 0.331800 0.206000
vt 0.327700 0.208300
vt 0.345200 0.215200
vt 0.338700 0.218700
vt 0.335200 0.220800
vt 0.352700 0.229300
vt 0.345600 0.231300
vt 0.341900 0.233500
vt 0.358300 0.242700
vt 0.352500 0.244500
vt 0.348700 0.245800
vt 0.364600 0.256700
vt 0.359000 0.258900
vt 0.355500 0.260600
vt 0.370300 0.271700
vt 0.364700 0.273400
vt 0.360800 0.274800
vt 0.374800 0.284900
vt 0.368700 0.286100
vt 0.365900 0.287100
vt 0.379000 0.296900
vt 0.372700 0.298400
vt 0.370200 0.299900
vt 0.383500 0.310600
vt 0.377100 0.311600
vt 0.375000 0.313000
vt 0.386300 0.322400
vt 0.382800 0.325700
vt 0.379700 0.326700
vt 0.718500 0.055400
vt 0.707600 0.041300
vt 0.724000 0.031000
vt 0.730300 0.039700
vt 0.701200 0.030200
vt 0.718900 0.022500
vt 0.710100 0.073700
vt 0.711900 0.087600
vt 0.691600 0.079000
vt 0.692800 0.064500
vt 0.679500 0.060300
vt 0.684800 0.050900
vt 0.708800 0.102400
vt 0.691200 0.096200
vt 0.674300 0.087300
vt 0.702300 0.121000
vt 0.685500 0.114400
vt 0.667800 0.107400
vt 0.695100 0.137100
vt 0.677800 0.130500
vt 0.660000 0.126400
vt 0.685600 0.157700
vt 0.670500 0.152500
vt 0.650500 0.146000
vt 0.673100 0.173000
vt 0.662800 0.170800
vt 0.643800 0.163300
vt 0.664100 0.190900
vt 0.656100 0.186700
vt 0.638700 0.179100
vt 0.656500 0.204100
vt 0.647900 0.199600
vt 0.634900 0.193300
vt 0.647100 0.219000
vt 0.640300 0.213100
vt 0.629400 0.207700
vt 0.639400 0.230100
vt 0.633500 0.226200
vt 0.625300 0.221100
vt 0.631100 0.241100
vt 0.625400 0.238700
vt 0.619200 0.235500
vt 0.624100 0.251000
vt 0.620200 0.249000
vt 0.614200 0.246200
vt 0.617400 0.266200
vt 0.611600 0.264500
vt 0.606800 0.261600
vt 0.608300 0.285700
vt 0.603300 0.282800
vt 0.597800 0.280700
vt 0.597600 0.302300
vt 0.591600 0.301300
vt 0.587700 0.297500
vt 0.582700 0.322500
vt 0.580100 0.319600
vt 0.576100 0.315200
vt 0.567500 0.338400
vt 0.563300 0.336700
vt 0.560500 0.334800
vt 0.711500 0.063400
vt 0.698100 0.053700
vt 0.689900 0.041600
vt 0.059900 0.981800
vt 0.080000 0.982500
vt 0.075200 0.993700
vt 0.051700 0.991000
vt 0.043400 0.965900
vt 0.036200 0.974400
vt 0.019200 0.964000
vt 0.024600 0.956300
vt 0.066800 0.972200
vt 0.087000 0.968200
vt 0.024000 0.980700
vt 0.013400 0.972900
vt 0.103800 0.968200
vt 0.104700 0.978700
vt 0.099000 0.990500
vt 0.127500 0.968500
vt 0.126500 0.979300
vt 0.128000 0.989800
vt 0.146900 0.966800
vt 0.147500 0.976300
vt 0.148800 0.989100
vt 0.165800 0.966800
vt 0.167300 0.977200
vt 0.167400 0.988800
vt 0.187200 0.967500
vt 0.187100 0.976400
vt 0.187000 0.986600
vt 0.203200 0.965800
vt 0.202700 0.976400
vt 0.203100 0.987100
vt 0.219400 0.968900
vt 0.219800 0.978200
vt 0.217200 0.988200
vt 0.236100 0.974000
vt 0.235400 0.981800
vt 0.233400 0.992800
vt 0.248100 0.977200
vt 0.247700 0.984700
vt 0.247200 0.993700
vt 0.264600 0.975800
vt 0.266500 0.983200
vt 0.267500 0.990300
vt 0.281300 0.974400
vt 0.283500 0.981000
vt 0.285700 0.987700
vt 0.297300 0.972000
vt 0.298200 0.979200
vt 0.299400 0.985400
vt 0.316500 0.972700
vt 0.317500 0.978600
vt 0.317900 0.985100
vt 0.335800 0.973900
vt 0.337000 0.978100
vt 0.336400 0.984200
vt 0.361300 0.975300
vt 0.361200 0.979300
vt 0.359800 0.983800
vt 0.392600 0.982300
vt 0.393500 0.984700
vt 0.392900 0.986800
vt 0.053900 0.970800
vt 0.044200 0.979900
vt 0.035800 0.987600
vt 0.396600 0.922000
vt 0.426400 0.921700
vt 0.422100 0.938200
vt 0.394700 0.935900
vt 0.362400 0.902100
vt 0.356000 0.912600
vt 0.329700 0.892000
vt 0.329400 0.879500
vt 0.399300 0.907200
vt 0.431300 0.905300
vt 0.349600 0.922300
vt 0.332300 0.904500
vt 0.449400 0.904500
vt 0.451900 0.919700
vt 0.448500 0.934900
vt 0.475200 0.906700
vt 0.476500 0.919300
vt 0.478800 0.933500
vt 0.495000 0.908200
vt 0.498000 0.919500
vt 0.500700 0.931100
vt 0.516200 0.907100
vt 0.517600 0.917800
vt 0.521100 0.929400
vt 0.535400 0.906500
vt 0.535100 0.915900
vt 0.538600 0.927900
vt 0.548700 0.905500
vt 0.549700 0.913500
vt 0.552300 0.926400
vt 0.564200 0.902700
vt 0.565400 0.911800
vt 0.567300 0.923400
vt 0.581600 0.900600
vt 0.582000 0.909000
vt 0.583700 0.920200
vt 0.598900 0.900500
vt 0.598900 0.907600
vt 0.597900 0.916500
vt 0.614700 0.898100
vt 0.617400 0.904600
vt 0.619100 0.911600
vt 0.631600 0.895100
vt 0.634700 0.901100
vt 0.637700 0.907500
vt 0.646600 0.890800
vt 0.647800 0.897100
vt 0.649700 0.903000
vt 0.663600 0.887500
vt 0.665600 0.892700
vt 0.666900 0.898900
vt 0.682000 0.884800
vt 0.683700 0.888400
vt 0.684100 0.894400
vt 0.705000 0.881200
vt 0.705400 0.884900
vt 0.705400 0.890000
vt 0.727100 0.879500
vt 0.728100 0.881700
vt 0.728100 0.884000
vt 0.379200 0.907100
vt 0.376100 0.920600
vt 0.369600 0.934000
vt 0.404000 0.961700
vt 0.434100 0.966100
vt 0.428500 0.980700
vt 0.401800 0.974900
vt 0.344600 0.923100
vt 0.344500 0.934200
vt 0.324000 0.926700
vt 0.318000 0.913500
vt 0.406900 0.948900
vt 0.439100 0.951200
vt 0.345400 0.950500
vt 0.332200 0.940100
vt 0.457100 0.951700
vt 0.459500 0.966200
vt 0.455900 0.979500
vt 0.482600 0.952300
vt 0.483700 0.964300
vt 0.485700 0.976400
vt 0.504900 0.950100
vt 0.504600 0.961400
vt 0.507300 0.972100
vt 0.523200 0.947100
vt 0.524600 0.957700
vt 0.528200 0.969100
vt 0.543100 0.945600
vt 0.542800 0.955100
vt 0.546400 0.967100
vt 0.557400 0.943300
vt 0.557900 0.953100
vt 0.560600 0.965900
vt 0.572600 0.941200
vt 0.574200 0.951500
vt 0.576000 0.963300
vt 0.589700 0.937800
vt 0.590800 0.949100
vt 0.592400 0.960500
vt 0.604500 0.934800
vt 0.606400 0.947600
vt 0.606700 0.958600
vt 0.620800 0.931600
vt 0.624000 0.944000
vt 0.623700 0.953700
vt 0.635500 0.927500
vt 0.640200 0.940000
vt 0.641800 0.950600
vt 0.651100 0.924100
vt 0.654700 0.936200
vt 0.659500 0.943500
vt 0.672400 0.920000
vt 0.671100 0.932000
vt 0.673200 0.941300
vt 0.690900 0.917500
vt 0.690800 0.927400
vt 0.693800 0.935100
vt 0.714400 0.915200
vt 0.715000 0.922600
vt 0.716400 0.930600
vt 0.733200 0.913500
vt 0.732200 0.919900
vt 0.732000 0.926900
vt 0.387200 0.943400
vt 0.382300 0.956700
vt 0.362800 0.945000
vt 0.369300 0.935200
vt 0.376000 0.967000
vt 0.358700 0.958100
vt 0.374900 0.103900
vt 0.380300 0.119200
vt 0.366500 0.122200
vt 0.363400 0.106300
vt 0.380700 0.037200
vt 0.369700 0.046000
vt 0.368000 0.025700
vt 0.376500 0.010400
vt 0.387600 0.101900
vt 0.392200 0.116700
vt 0.358600 0.057800
vt 0.360800 0.042700
vt 0.396300 0.133900
vt 0.385000 0.139400
vt 0.372500 0.141100
vt 0.398600 0.159600
vt 0.387100 0.163800
vt 0.375000 0.169900
vt 0.402000 0.183900
vt 0.389800 0.187300
vt 0.378700 0.194500
vt 0.405800 0.205800
vt 0.395000 0.210800
vt 0.383000 0.219700
vt 0.409600 0.227900
vt 0.398400 0.231200
vt 0.386600 0.238500
vt 0.413300 0.241500
vt 0.402100 0.246500
vt 0.389900 0.252900
vt 0.416700 0.256700
vt 0.404500 0.263200
vt 0.393500 0.268300
vt 0.420200 0.274600
vt 0.407700 0.280000
vt 0.397100 0.284700
vt 0.424100 0.288600
vt 0.410300 0.294800
vt 0.399900 0.297900
vt 0.426200 0.306200
vt 0.413000 0.312700
vt 0.403000 0.315700
vt 0.428900 0.321600
vt 0.415300 0.329300
vt 0.404400 0.335100
vt 0.431700 0.336400
vt 0.418600 0.341400
vt 0.406800 0.347800
vt 0.435200 0.361700
vt 0.420500 0.363200
vt 0.411500 0.367800
vt 0.436400 0.383000
vt 0.425700 0.384900
vt 0.419400 0.386100
vt 0.446200 0.410400
vt 0.437200 0.413800
vt 0.430100 0.414100
vt 0.452300 0.425700
vt 0.458100 0.441300
vt 0.451500 0.449000
vt 0.444200 0.431500
vt 0.447600 0.454300
vt 0.439000 0.433900
vt 0.383600 0.085500
vt 0.371500 0.085300
vt 0.370200 0.064300
vt 0.380600 0.059200
vt 0.360000 0.089600
vt 0.359200 0.072900
vt 0.508500 0.762600
vt 0.507300 0.772100
vt 0.491200 0.771800
vt 0.491800 0.762000
vt 0.504800 0.782400
vt 0.489700 0.786000
vt 0.441800 0.786800
vt 0.429700 0.787400
vt 0.425300 0.766200
vt 0.442400 0.768700
vt 0.423900 0.746600
vt 0.443800 0.750700
vt 0.459700 0.769400
vt 0.458800 0.786000
vt 0.461300 0.754600
vt 0.476200 0.787400
vt 0.477200 0.771600
vt 0.478200 0.759500
vt 0.519700 0.779300
vt 0.522100 0.770100
vt 0.523200 0.763000
vt 0.537300 0.771200
vt 0.536800 0.777000
vt 0.535900 0.763800
vt 0.550500 0.774700
vt 0.550900 0.770000
vt 0.549700 0.764600
vt 0.562100 0.771600
vt 0.562400 0.774900
vt 0.562300 0.768400
vt 0.571400 0.773400
vt 0.570900 0.770500
vt 0.571300 0.768300
vt 0.580300 0.770200
vt 0.581500 0.773100
vt 0.579900 0.767900
vt 0.599600 0.767700
vt 0.599100 0.766300
vt 0.598500 0.763300
vt 0.545800 0.872100
vt 0.550100 0.882800
vt 0.512300 0.876800
vt 0.508900 0.865000
vt 0.551200 0.892900
vt 0.516000 0.891800
vt 0.385400 0.894600
vt 0.363000 0.895000
vt 0.347400 0.872800
vt 0.373200 0.874800
vt 0.336500 0.850200
vt 0.364200 0.851000
vt 0.429600 0.895000
vt 0.423700 0.874600
vt 0.446400 0.872800
vt 0.451600 0.893300
vt 0.416800 0.853600
vt 0.441300 0.855300
vt 0.469100 0.894600
vt 0.464500 0.874500
vt 0.460900 0.858600
vt 0.485600 0.893300
vt 0.480900 0.874000
vt 0.478600 0.859900
vt 0.573500 0.888000
vt 0.574300 0.879000
vt 0.572100 0.871700
vt 0.597000 0.879000
vt 0.599200 0.885900
vt 0.595900 0.872900
vt 0.624800 0.880500
vt 0.622700 0.876900
vt 0.618400 0.872300
vt 0.647300 0.869800
vt 0.650800 0.872800
vt 0.644600 0.866600
vt 0.667700 0.868400
vt 0.664500 0.864600
vt 0.663400 0.862000
vt 0.679600 0.860700
vt 0.681600 0.863600
vt 0.675200 0.857700
vt 0.694600 0.856100
vt 0.693000 0.854700
vt 0.690500 0.851600
vt 0.406300 0.894800
vt 0.399500 0.875500
vt 0.391000 0.851900
s 0
usemtl ponytail01
f 859/1/1 375/2/1 62/3/1 364/4/1
f 860/5/2 367/6/2 52/7/2 352/8/2
f 861/9/3 366/10/3 61/11/3 363/12/3
f 862/13/4 370/14/4 49/15/4 361/16/4
f 863/17/5 372/18/5 37/19/5 337/20/5
f 864/21/6 360/22/6 50/23/6 383/24/6
f 865/25/7 371/26/7 54/27/7 354/28/7
f 866/29/8 374/30/8 32/31/8 345/32/8
f 867/33/9 368/34/9 53/35/9 353/36/9
f 868/37/10 380/38/10 34/39/10 346/40/10
f 869/41/11 378/42/11 35/43/11 338/44/11
f 870/45/12 390/46/12 56/47/12 356/48/12
f 871/49/13 381/50/13 47/51/13 334/52/13
f 872/53/14 391/54/14 44/55/14 342/56/14
f 873/57/15 382/58/15 42/59/15 341/60/15
f 874/61/16 384/62/16 33/63/16 348/64/16
f 875/65/17 386/66/17 36/67/17 347/68/17
f 876/69/18 385/70/18 60/71/18 359/72/18
f 877/73/19 383/24/19 50/23/19 351/74/19
f 878/75/20 389/76/20 40/77/20 339/78/20
f 879/79/21 427/80/21 76/81/21 412/82/21
f 880/83/22 377/84/22 39/85/22 335/86/22
f 881/87/23 387/88/23 55/89/23 355/90/23
f 882/91/24 373/92/24 48/93/24 349/94/24
f 883/95/25 432/96/25 77/97/25 420/98/25
f 884/99/26 392/100/26 57/101/26 343/102/26
f 885/103/27 344/104/27 45/105/27 395/106/27
f 886/107/28 493/108/28 107/109/28 474/110/28
f 887/111/29 379/112/29 59/113/29 362/114/29
f 888/115/30 388/116/30 38/117/30 336/118/30
f 889/119/31 394/120/31 58/121/31 357/122/31
f 890/123/32 442/124/32 74/125/32 402/126/32
f 891/127/33 429/128/33 69/129/33 398/130/33
f 892/131/34 431/132/34 89/133/34 419/134/34
f 893/135/35 441/136/35 93/137/35 426/138/35
f 894/139/36 434/140/36 83/141/36 414/142/36
f 895/143/37 437/144/37 80/145/37 423/146/37
f 896/147/38 433/148/38 92/149/38 425/150/38
f 897/151/39 428/152/39 68/153/39 399/154/39
f 898/155/40 438/156/40 85/157/40 416/158/40
f 899/159/41 422/160/41 81/161/41 449/162/41
f 900/163/42 440/164/42 63/165/42 407/166/42
f 901/167/43 436/168/43 84/169/43 415/170/43
f 902/171/44 446/172/44 65/173/44 408/174/44
f 903/175/45 444/176/45 66/177/45 400/178/45
f 904/179/46 455/180/46 87/181/46 418/182/46
f 905/183/47 447/184/47 78/185/47 396/186/47
f 906/187/48 456/188/48 75/189/48 404/190/48
f 907/191/49 448/192/49 73/193/49 403/194/49
f 908/195/50 450/196/50 64/197/50 410/198/50
f 909/199/51 452/200/51 67/201/51 409/202/51
f 910/203/52 451/204/52 91/205/52 421/206/52
f 911/207/53 449/162/53 81/161/53 413/208/53
f 912/209/54 454/210/54 71/211/54 401/212/54
f 913/213/55 443/214/55 70/215/55 397/216/55
f 914/217/56 453/218/56 86/219/56 417/220/56
f 915/221/57 406/222/57 76/81/57 427/80/57
f 916/223/58 439/224/58 79/225/58 411/226/58
f 917/227/59 498/228/59 108/229/59 482/230/59
f 918/231/60 430/232/60 88/233/60 405/234/60
f 919/235/61 517/236/61 118/237/61 480/238/61
f 920/239/62 445/240/62 90/241/62 424/242/62
f 921/243/63 490/244/63 103/245/63 468/246/63
f 922/247/64 553/248/64 138/249/64 536/250/64
f 923/251/65 492/252/65 121/253/65 486/254/65
f 924/255/66 506/256/66 105/257/66 464/258/66
f 925/259/67 495/260/67 100/261/67 460/262/67
f 926/263/68 497/264/68 120/265/68 481/266/68
f 927/267/69 505/268/69 124/269/69 488/270/69
f 928/271/70 489/272/70 114/273/70 476/274/70
f 929/275/71 501/276/71 111/277/71 485/278/71
f 930/279/72 499/280/72 123/281/72 487/282/72
f 931/283/73 494/284/73 99/285/73 461/286/73
f 932/287/74 502/288/74 116/289/74 478/290/74
f 933/291/75 484/292/75 112/293/75 512/294/75
f 934/295/76 504/296/76 94/297/76 469/298/76
f 935/299/77 500/300/77 115/301/77 477/302/77
f 936/303/78 509/304/78 96/305/78 470/306/78
f 937/307/79 508/308/79 97/309/79 462/310/79
f 938/311/80 510/312/80 109/313/80 458/314/80
f 939/315/81 518/316/81 106/317/81 466/318/81
f 940/319/82 511/320/82 104/321/82 465/322/82
f 941/323/83 513/324/83 95/325/83 472/326/83
f 942/327/84 514/328/84 98/329/84 471/330/84
f 943/331/85 491/332/85 122/333/85 483/334/85
f 944/335/86 475/336/86 114/273/86 489/272/86
f 945/337/87 516/338/87 102/339/87 463/340/87
f 946/341/88 515/342/88 117/343/88 479/344/88
f 947/345/89 507/346/89 101/347/89 459/348/89
f 948/349/90 558/350/90 130/351/90 523/352/90
f 949/353/91 503/354/91 110/355/91 473/356/91
f 950/357/92 542/358/92 151/359/92 552/360/92
f 951/361/93 496/362/93 119/363/93 467/364/93
f 952/365/94 530/366/94 138/249/94 553/248/94
f 953/367/95 561/368/95 139/369/95 544/370/95
f 954/371/96 604/372/96 182/373/96 799/374/96
f 955/375/97 800/376/97 169/377/97 598/378/97
f 956/379/98 557/380/98 152/381/98 548/382/98
f 957/383/99 569/384/99 136/385/99 526/386/99
f 958/387/100 559/388/100 131/389/100 522/390/100
f 959/391/101 552/360/101 151/359/101 543/392/101
f 960/393/102 568/394/102 155/395/102 550/396/102
f 961/397/103 554/398/103 145/399/103 538/400/103
f 962/401/104 564/402/104 142/403/104 547/404/104
f 963/405/105 562/406/105 154/407/105 549/408/105
f 964/409/106 565/410/106 147/411/106 540/412/106
f 965/413/107 546/414/107 143/415/107 575/416/107
f 966/417/108 567/418/108 125/419/108 531/420/108
f 967/421/109 563/422/109 146/423/109 539/424/109
f 968/425/110 572/426/110 127/427/110 532/428/110
f 969/429/111 571/430/111 128/431/111 524/432/111
f 970/433/112 580/434/112 137/435/112 528/436/112
f 971/437/113 573/438/113 140/439/113 520/440/113
f 972/441/114 574/442/114 135/443/114 527/444/114
f 973/445/115 576/446/115 126/447/115 534/448/115
f 974/449/116 551/450/116 129/451/116 533/452/116
f 975/453/117 556/454/117 153/455/117 545/456/117
f 976/457/118 537/458/118 145/399/118 554/398/118
f 977/459/119 578/460/119 133/461/119 525/462/119
f 978/463/120 570/464/120 132/465/120 521/466/120
f 979/467/121 577/468/121 148/469/121 541/470/121
f 980/471/122 748/472/122 200/473/122 660/474/122
f 981/475/123 566/476/123 141/477/123 535/478/123
f 982/479/124 560/480/124 150/481/124 529/482/124
f 983/483/125 609/484/125 175/485/125 797/486/125
f 984/487/126 806/488/126 161/489/126 585/490/126
f 985/491/127 592/492/127 169/377/127 800/376/127
f 986/493/128 624/494/128 170/495/128 606/496/128
f 987/497/129 737/498/129 211/499/129 666/500/129
f 988/501/130 632/502/130 167/503/130 588/504/130
f 989/505/131 620/506/131 183/507/131 610/508/131
f 990/509/132 799/374/132 182/373/132 605/510/132
f 991/511/133 623/512/133 162/513/133 584/514/133
f 992/515/134 815/516/134 186/517/134 612/518/134
f 993/519/135 801/520/135 176/521/135 600/522/135
f 994/523/136 812/524/136 178/525/136 602/526/136
f 995/527/137 809/528/137 185/529/137 611/530/137
f 996/531/138 608/532/138 174/533/138 638/534/138
f 997/535/139 630/536/139 156/537/139 593/538/139
f 998/539/140 810/540/140 177/541/140 601/542/140
f 999/543/141 635/544/141 158/545/141 594/546/141
f 1000/547/142 634/548/142 159/549/142 586/550/142
f 1001/551/143 636/552/143 171/553/143 582/554/143
f 1002/555/144 643/556/144 168/557/144 590/558/144
f 1003/559/145 637/560/145 166/561/145 589/562/145
f 1004/563/146 639/564/146 157/565/146 596/566/146
f 1005/567/147 798/568/147 160/569/147 595/570/147
f 1006/571/148 803/572/148 184/573/148 607/574/148
f 1007/575/149 599/576/149 176/521/149 801/520/149
f 1008/577/150 641/578/150 164/579/150 587/580/150
f 1009/581/151 691/582/151 233/583/151 733/584/151
f 1010/585/152 817/586/152 163/587/152 583/588/152
f 1011/589/153 824/590/153 179/591/153 603/592/153
f 1012/593/154 813/594/154 172/595/154 597/596/154
f 1013/597/155 805/598/155 181/599/155 591/600/155
f 1014/601/156 676/602/156 212/603/156 653/604/156
f 1015/605/157 671/606/157 206/607/157 677/608/157
f 1016/609/158 758/610/158 192/611/158 647/612/158
f 1017/613/159 654/614/159 200/473/159 748/472/159
f 1018/615/160 775/616/160 261/617/160 781/618/160
f 1019/619/161 714/620/161 226/621/161 724/622/161
f 1020/623/162 695/624/162 198/625/162 650/626/162
f 1021/627/163 684/628/163 214/629/163 672/630/163
f 1022/631/164 686/632/164 193/633/164 646/634/164
f 1023/635/165 736/636/165 213/637/165 667/638/165
f 1024/639/166 784/640/166 265/641/166 794/642/166
f 1025/643/167 715/644/167 207/645/167 662/646/167
f 1026/647/168 716/648/168 216/649/168 673/650/168
f 1027/651/169 677/608/169 206/607/169 670/652/169
f 1028/653/170 693/654/170 187/655/170 655/656/170
f 1029/657/171 730/658/171 208/659/171 663/660/171
f 1030/661/172 698/662/172 189/663/172 656/664/172
f 1031/665/173 697/666/173 190/667/173 648/668/173
f 1032/669/174 699/670/174 202/671/174 644/672/174
f 1033/673/175 742/674/175 239/675/175 679/676/175
f 1034/677/176 700/678/176 197/679/176 651/680/176
f 1035/681/177 702/682/177 188/683/177 658/684/177
f 1036/685/178 757/686/178 191/687/178 657/688/178
f 1037/689/179 720/690/179 215/691/179 669/692/179
f 1038/693/180 701/694/180 205/695/180 661/696/180
f 1039/697/181 704/698/181 195/699/181 649/700/181
f 1040/701/182 768/702/182 194/703/182 645/704/182
f 1041/705/183 738/706/183 225/707/183 665/708/183
f 1042/709/184 776/710/184 203/711/184 659/712/184
f 1043/713/185 376/714/185 43/715/185 340/716/185
f 1044/717/186 395/106/186 45/105/186 350/718/186
f 1045/719/187 725/720/187 227/721/187 681/722/187
f 1046/723/188 721/724/188 226/621/188 714/620/188
f 1047/725/189 694/726/189 234/727/189 732/728/189
f 1048/729/190 681/722/190 227/721/190 722/730/190
f 1049/731/191 688/732/191 228/733/191 723/734/191
f 1050/735/192 707/736/192 232/737/192 726/738/192
f 1051/739/193 727/740/193 209/741/193 664/742/193
f 1052/743/194 709/744/194 236/745/194 731/746/194
f 1053/747/195 744/748/195 199/749/195 652/750/195
f 1054/751/196 735/752/196 238/753/196 739/754/196
f 1055/755/197 706/756/197 243/757/197 747/758/197
f 1056/759/198 679/676/198 239/675/198 740/760/198
f 1057/761/199 713/762/199 241/763/199 741/764/199
f 1058/765/200 743/766/200 242/767/200 746/768/200
f 1059/769/201 687/770/201 201/771/201 668/772/201
f 1060/773/202 680/774/202 245/775/202 753/776/202
f 1061/777/203 754/778/203 245/775/203 680/774/203
f 1062/779/204 750/780/204 247/781/204 755/782/204
f 1063/783/205 751/784/205 248/785/205 756/786/205
f 1064/787/206 685/788/206 251/789/206 762/790/206
f 1065/791/207 759/792/207 252/793/207 763/794/207
f 1066/795/208 761/796/208 254/797/208 764/798/208
f 1067/799/209 678/800/209 250/801/209 765/802/209
f 1068/803/210 766/804/210 255/805/210 770/806/210
f 1069/807/211 767/808/211 256/809/211 771/810/211
f 1070/811/212 711/812/212 257/813/212 772/814/212
f 1071/815/213 774/816/213 260/817/213 779/818/213
f 1072/819/214 728/820/214 217/821/214 674/822/214
f 1073/823/215 777/824/215 263/825/215 780/826/215
f 1074/827/216 778/828/216 264/829/216 782/830/216
f 1075/831/217 692/832/217 262/833/217 783/834/217
f 1076/835/218 786/836/218 267/837/218 795/838/218
f 1077/839/219 791/840/219 265/641/219 784/640/219
f 1078/841/220 787/842/220 268/843/220 792/844/220
f 1079/845/221 788/846/221 269/847/221 793/848/221
f 1080/849/222 790/850/222 271/851/222 796/852/222
f 1081/853/223 365/854/223 46/855/223 358/856/223
f 1082/857/224 828/858/224 274/859/224 615/860/224
f 1083/861/225 616/862/225 275/863/225 829/864/225
f 1084/865/226 830/866/226 272/867/226 613/868/226
f 1085/869/227 622/870/227 281/871/227 831/872/227
f 1086/873/228 832/874/228 275/863/228 616/862/228
f 1087/875/229 808/876/229 283/877/229 833/878/229
f 1088/879/230 816/880/230 291/881/230 834/882/230
f 1089/883/231 804/884/231 279/885/231 835/886/231
f 1090/887/232 615/860/232 274/859/232 836/888/232
f 1091/889/233 807/890/233 282/891/233 837/892/233
f 1092/893/234 631/894/234 290/895/234 838/896/234
f 1093/897/235 617/898/235 276/899/235 839/900/235
f 1094/901/236 628/902/236 287/903/236 840/904/236
f 1095/905/237 625/906/237 284/907/237 841/908/237
f 1096/909/238 842/910/238 297/911/238 822/912/238
f 1097/913/239 814/914/239 289/915/239 843/916/239
f 1098/917/240 626/918/240 285/919/240 844/920/240
f 1099/921/241 819/922/241 294/923/241 845/924/241
f 1100/925/242 818/926/242 293/927/242 846/928/242
f 1101/929/243 820/930/243 295/931/243 847/932/243
f 1102/933/244 827/934/244 302/935/244 848/936/244
f 1103/937/245 821/938/245 296/939/245 849/940/245
f 1104/941/246 823/942/246 298/943/246 850/944/246
f 1105/945/247 614/946/247 273/947/247 851/948/247
f 1106/949/248 619/950/248 278/951/248 852/952/248
f 1107/953/249 853/954/249 276/899/249 617/898/249
f 1108/955/250 825/956/250 300/957/250 854/958/250
f 1109/959/251 633/960/251 292/961/251 855/962/251
f 1110/963/252 640/964/252 299/965/252 856/966/252
f 1111/967/253 629/968/253 288/969/253 857/970/253
f 1112/971/254 621/972/254 280/973/254 858/974/254
f 371/26/255 859/1/255 364/4/255 54/27/255
f 23/975/256 333/976/256 859/1/256 371/26/256
f 333/976/257 31/977/257 375/2/257 859/1/257
f 366/10/258 860/5/258 352/8/258 61/11/258
f 30/978/259 321/979/259 860/5/259 366/10/259
f 321/979/260 21/980/260 367/6/260 860/5/260
f 368/981/261 861/9/261 363/12/261 53/982/261
f 22/983/262 332/984/262 861/9/262 368/981/262
f 332/984/263 30/978/263 366/10/263 861/9/263
f 393/985/264 862/13/264 361/16/264 51/986/264
f 20/987/265 330/988/265 862/13/265 393/985/265
f 330/988/266 18/989/266 370/14/266 862/13/266
f 386/66/267 863/17/267 337/20/267 36/67/267
f 5/990/268 306/991/268 863/17/268 386/66/268
f 306/991/269 6/992/269 372/18/269 863/17/269
f 329/993/270 864/21/270 383/24/270 19/994/270
f 20/987/271 393/985/271 864/21/271 329/993/271
f 393/985/272 51/986/272 360/22/272 864/21/272
f 387/88/273 865/25/273 354/28/273 55/89/273
f 24/995/274 323/996/274 865/25/274 387/88/274
f 323/996/275 23/975/275 371/26/275 865/25/275
f 373/92/276 866/29/276 345/32/276 48/93/276
f 17/997/277 314/998/277 866/29/277 373/92/277
f 314/998/278 1/999/278 374/30/278 866/29/278
f 375/2/279 867/33/279 353/36/279 62/3/279
f 31/977/280 322/1000/280 867/33/280 375/2/280
f 322/1000/281 22/1001/281 368/34/281 867/33/281
f 384/62/282 868/37/282 346/40/282 33/63/282
f 2/1002/283 315/1003/283 868/37/283 384/62/283
f 315/1003/284 3/1004/284 380/38/284 868/37/284
f 377/1005/285 869/41/285 338/44/285 39/1006/285
f 8/1007/286 307/1008/286 869/41/286 377/1005/286
f 307/1008/287 4/1009/287 378/42/287 869/41/287
f 394/120/288 870/45/288 356/48/288 58/121/288
f 27/1010/289 325/1011/289 870/45/289 394/120/289
f 325/1011/290 25/1012/290 390/46/290 870/45/290
f 374/30/291 871/49/291 334/52/291 32/31/291
f 1/999/292 303/1013/292 871/49/292 374/30/292
f 303/1013/293 16/1014/293 381/50/293 871/49/293
f 382/58/294 872/53/294 342/56/294 42/59/294
f 11/1015/295 311/1016/295 872/53/295 382/58/295
f 311/1016/296 13/1017/296 391/54/296 872/53/296
f 376/1018/297 873/57/297 341/60/297 43/1019/297
f 12/1020/298 310/1021/298 873/57/298 376/1018/298
f 310/1021/299 11/1015/299 382/58/299 873/57/299
f 381/1022/300 874/61/300 348/64/300 47/1023/300
f 16/1024/301 317/1025/301 874/61/301 381/1022/301
f 317/1025/302 2/1002/302 384/62/302 874/61/302
f 378/42/303 875/65/303 347/68/303 35/43/303
f 4/1009/304 316/1026/304 875/65/304 378/42/304
f 316/1026/305 5/990/305 386/66/305 875/65/305
f 370/14/306 876/69/306 359/72/306 49/15/306
f 18/989/307 328/1027/307 876/69/307 370/14/307
f 328/1027/308 29/1028/308 385/70/308 876/69/308
f 367/6/309 877/73/309 351/74/309 52/7/309
f 21/980/310 320/1029/310 877/73/310 367/6/310
f 320/1029/311 19/994/311 383/24/311 877/73/311
f 388/1030/312 878/75/312 339/78/312 38/1031/312
f 7/1032/313 308/1033/313 878/75/313 388/1030/313
f 308/1033/314 9/1034/314 389/76/314 878/75/314
f 454/210/315 879/79/315 412/82/315 71/211/315
f 40/77/316 350/718/316 879/79/316 454/210/316
f 350/718/317 45/105/317 427/80/317 879/79/317
f 380/38/318 880/83/318 335/86/318 34/39/318
f 3/1004/319 304/1035/319 880/83/319 380/38/319
f 304/1035/320 8/1036/320 377/84/320 880/83/320
f 390/46/321 881/87/321 355/90/321 56/47/321
f 25/1012/322 324/1037/322 881/87/322 390/46/322
f 324/1037/323 24/995/323 387/88/323 881/87/323
f 365/854/324 882/91/324 349/94/324 46/855/324
f 15/1038/325 318/1039/325 882/91/325 365/854/325
f 318/1039/326 17/997/326 373/92/326 882/91/326
f 445/240/327 883/95/327 420/98/327 90/241/327
f 59/113/328 358/856/328 883/95/328 445/240/328
f 358/856/329 46/855/329 432/96/329 883/95/329
f 391/54/330 884/99/330 343/102/330 44/55/330
f 13/1017/331 312/1040/331 884/99/331 391/54/331
f 312/1040/332 26/1041/332 392/100/332 884/99/332
f 313/1042/333 885/103/333 395/106/333 14/1043/333
f 10/1044/334 369/1045/334 885/103/334 313/1042/334
f 369/1045/335 41/1046/335 344/104/335 885/103/335
f 516/338/336 886/107/336 474/110/336 102/339/336
f 71/211/337 412/82/337 886/107/337 516/338/337
f 412/82/338 76/81/338 493/108/338 886/107/338
f 385/1047/339 887/111/339 362/114/339 60/1048/339
f 29/1049/340 331/1050/340 887/111/340 385/1047/340
f 331/1050/341 28/1051/341 379/112/341 887/111/341
f 372/18/342 888/115/342 336/118/342 37/19/342
f 6/992/343 305/1052/343 888/115/343 372/18/343
f 305/1052/344 7/1053/344 388/116/344 888/115/344
f 392/100/345 889/119/345 357/122/345 57/101/345
f 26/1041/346 326/1054/346 889/119/346 392/100/346
f 326/1054/347 27/1010/347 394/120/347 889/119/347
f 435/1055/348 890/123/348 402/126/348 72/1056/348
f 41/1046/349 340/716/349 890/123/349 435/1055/349
f 340/716/350 43/715/350 442/124/350 890/123/350
f 428/152/351 891/127/351 398/130/351 68/153/351
f 37/19/352 336/118/352 891/127/352 428/152/352
f 336/118/353 38/117/353 429/128/353 891/127/353
f 430/232/354 892/131/354 419/134/354 88/233/354
f 57/101/355 357/122/355 892/131/355 430/232/355
f 357/122/356 58/121/356 431/132/356 892/131/356
f 438/156/357 893/135/357 426/138/357 85/157/357
f 54/27/358 364/4/358 893/135/358 438/156/358
f 364/4/359 62/3/359 441/136/359 893/135/359
f 433/148/360 894/139/360 414/142/360 92/149/360
f 61/11/361 352/8/361 894/139/361 433/148/361
f 352/8/362 52/7/362 434/140/362 894/139/362
f 457/1057/363 895/143/363 423/146/363 82/1058/363
f 51/986/364 361/16/364 895/143/364 457/1057/364
f 361/16/365 49/15/365 437/144/365 895/143/365
f 436/1059/366 896/147/366 425/150/366 84/1060/366
f 53/982/367 363/12/367 896/147/367 436/1059/367
f 363/12/368 61/11/368 433/148/368 896/147/368
f 452/200/369 897/151/369 399/154/369 67/201/369
f 36/67/370 337/20/370 897/151/370 452/200/370
f 337/20/371 37/19/371 428/152/371 897/151/371
f 453/218/372 898/155/372 416/158/372 86/219/372
f 55/89/373 354/28/373 898/155/373 453/218/373
f 354/28/374 54/27/374 438/156/374 898/155/374
f 360/22/375 899/159/375 449/162/375 50/23/375
f 51/986/376 457/1057/376 899/159/376 360/22/376
f 457/1057/377 82/1058/377 422/160/377 899/159/377
f 439/224/378 900/163/378 407/166/378 79/225/378
f 48/93/379 345/32/379 900/163/379 439/224/379
f 345/32/380 32/31/380 440/164/380 900/163/380
f 441/136/381 901/167/381 415/170/381 93/137/381
f 62/3/382 353/36/382 901/167/382 441/136/382
f 353/36/383 53/35/383 436/168/383 901/167/383
f 450/196/384 902/171/384 408/174/384 64/197/384
f 33/63/385 346/40/385 902/171/385 450/196/385
f 346/40/386 34/39/386 446/172/386 902/171/386
f 443/1061/387 903/175/387 400/178/387 70/1062/387
f 39/1006/388 338/44/388 903/175/388 443/1061/388
f 338/44/389 35/43/389 444/176/389 903/175/389
f 431/132/390 904/179/390 418/182/390 89/133/390
f 58/121/391 356/48/391 904/179/391 431/132/391
f 356/48/392 56/47/392 455/180/392 904/179/392
f 440/164/393 905/183/393 396/186/393 63/165/393
f 32/31/394 334/52/394 905/183/394 440/164/394
f 334/52/395 47/51/395 447/184/395 905/183/395
f 448/192/396 906/187/396 404/190/396 73/193/396
f 42/59/397 342/56/397 906/187/397 448/192/397
f 342/56/398 44/55/398 456/188/398 906/187/398
f 442/1063/399 907/191/399 403/194/399 74/1064/399
f 43/1019/400 341/60/400 907/191/400 442/1063/400
f 341/60/401 42/59/401 448/192/401 907/191/401
f 447/1065/402 908/195/402 410/198/402 78/1066/402
f 47/1023/403 348/64/403 908/195/403 447/1065/403
f 348/64/404 33/63/404 450/196/404 908/195/404
f 444/176/405 909/199/405 409/202/405 66/177/405
f 35/43/406 347/68/406 909/199/406 444/176/406
f 347/68/407 36/67/407 452/200/407 909/199/407
f 437/144/408 910/203/408 421/206/408 80/145/408
f 49/15/409 359/72/409 910/203/409 437/144/409
f 359/72/410 60/71/410 451/204/410 910/203/410
f 434/140/411 911/207/411 413/208/411 83/141/411
f 52/7/412 351/74/412 911/207/412 434/140/412
f 351/74/413 50/23/413 449/162/413 911/207/413
f 429/1067/414 912/209/414 401/212/414 69/1068/414
f 38/1031/415 339/78/415 912/209/415 429/1067/415
f 339/78/416 40/77/416 454/210/416 912/209/416
f 446/172/417 913/213/417 397/216/417 65/173/417
f 34/39/418 335/86/418 913/213/418 446/172/418
f 335/86/419 39/85/419 443/214/419 913/213/419
f 455/180/420 914/217/420 417/220/420 87/181/420
f 56/47/421 355/90/421 914/217/421 455/180/421
f 355/90/422 55/89/422 453/218/422 914/217/422
f 344/104/423 915/221/423 427/80/423 45/105/423
f 41/1046/424 435/1055/424 915/221/424 344/104/424
f 435/1055/425 72/1056/425 406/222/425 915/221/425
f 432/96/426 916/223/426 411/226/426 77/97/426
f 46/855/427 349/94/427 916/223/427 432/96/427
f 349/94/428 48/93/428 439/224/428 916/223/428
f 492/252/429 917/227/429 482/230/429 121/253/429
f 90/241/430 420/98/430 917/227/430 492/252/430
f 420/98/431 77/97/431 498/228/431 917/227/431
f 456/188/432 918/231/432 405/234/432 75/189/432
f 44/55/433 343/102/433 918/231/433 456/188/433
f 343/102/434 57/101/434 430/232/434 918/231/434
f 497/264/435 919/235/435 480/238/435 120/265/435
f 89/133/436 418/182/436 919/235/436 497/264/436
f 418/182/437 87/181/437 517/236/437 919/235/437
f 451/1069/438 920/239/438 424/242/438 91/1070/438
f 60/1048/439 362/114/439 920/239/439 451/1069/439
f 362/114/440 59/113/440 445/240/440 920/239/440
f 493/108/441 921/243/441 468/246/441 107/109/441
f 76/81/442 406/222/442 921/243/442 493/108/442
f 406/222/443 72/1056/443 490/244/443 921/243/443
f 578/460/444 922/247/444 536/250/444 133/461/444
f 102/339/445 474/110/445 922/247/445 578/460/445
f 474/110/446 107/109/446 553/248/446 922/247/446
f 491/1071/447 923/251/447 486/254/447 122/1072/447
f 91/1070/448 424/242/448 923/251/448 491/1071/448
f 424/242/449 90/241/449 492/252/449 923/251/449
f 490/244/450 924/255/450 464/258/450 103/245/450
f 72/1056/451 402/126/451 924/255/451 490/244/451
f 402/126/452 74/125/452 506/256/452 924/255/452
f 494/284/453 925/259/453 460/262/453 99/285/453
f 68/153/454 398/130/454 925/259/454 494/284/454
f 398/130/455 69/129/455 495/260/455 925/259/455
f 496/362/456 926/263/456 481/266/456 119/363/456
f 88/233/457 419/134/457 926/263/457 496/362/457
f 419/134/458 89/133/458 497/264/458 926/263/458
f 502/288/459 927/267/459 488/270/459 116/289/459
f 85/157/460 426/138/460 927/267/460 502/288/460
f 426/138/461 93/137/461 505/268/461 927/267/461
f 499/280/462 928/271/462 476/274/462 123/281/462
f 92/149/463 414/142/463 928/271/463 499/280/463
f 414/142/464 83/141/464 489/272/464 928/271/464
f 519/1073/465 929/275/465 485/278/465 113/1074/465
f 82/1058/466 423/146/466 929/275/466 519/1073/466
f 423/146/467 80/145/467 501/276/467 929/275/467
f 500/1075/468 930/279/468 487/282/468 115/1076/468
f 84/1060/469 425/150/469 930/279/469 500/1075/469
f 425/150/470 92/149/470 499/280/470 930/279/470
f 514/328/471 931/283/471 461/286/471 98/329/471
f 67/201/472 399/154/472 931/283/472 514/328/472
f 399/154/473 68/153/473 494/284/473 931/283/473
f 515/342/474 932/287/474 478/290/474 117/343/474
f 86/219/475 416/158/475 932/287/475 515/342/475
f 416/158/476 85/157/476 502/288/476 932/287/476
f 422/160/477 933/291/477 512/294/477 81/161/477
f 82/1058/478 519/1073/478 933/291/478 422/160/478
f 519/1073/479 113/1074/479 484/292/479 933/291/479
f 503/354/480 934/295/480 469/298/480 110/355/480
f 79/225/481 407/166/481 934/295/481 503/354/481
f 407/166/482 63/165/482 504/296/482 934/295/482
f 505/268/483 935/299/483 477/302/483 124/269/483
f 93/137/484 415/170/484 935/299/484 505/268/484
f 415/170/485 84/169/485 500/300/485 935/299/485
f 513/324/486 936/303/486 470/306/486 95/325/486
f 64/197/487 408/174/487 936/303/487 513/324/487
f 408/174/488 65/173/488 509/304/488 936/303/488
f 507/1077/489 937/307/489 462/310/489 101/1078/489
f 70/1062/490 400/178/490 937/307/490 507/1077/490
f 400/178/491 66/177/491 508/308/491 937/307/491
f 504/296/492 938/311/492 458/314/492 94/297/492
f 63/165/493 396/186/493 938/311/493 504/296/493
f 396/186/494 78/185/494 510/312/494 938/311/494
f 511/320/495 939/315/495 466/318/495 104/321/495
f 73/193/496 404/190/496 939/315/496 511/320/496
f 404/190/497 75/189/497 518/316/497 939/315/497
f 506/1079/498 940/319/498 465/322/498 105/1080/498
f 74/1064/499 403/194/499 940/319/499 506/1079/499
f 403/194/500 73/193/500 511/320/500 940/319/500
f 510/1081/501 941/323/501 472/326/501 109/1082/501
f 78/1066/502 410/198/502 941/323/502 510/1081/502
f 410/198/503 64/197/503 513/324/503 941/323/503
f 508/308/504 942/327/504 471/330/504 97/309/504
f 66/177/505 409/202/505 942/327/505 508/308/505
f 409/202/506 67/201/506 514/328/506 942/327/506
f 501/276/507 943/331/507 483/334/507 111/277/507
f 80/145/508 421/206/508 943/331/508 501/276/508
f 421/206/509 91/205/509 491/332/509 943/331/509
f 413/208/510 944/335/510 489/272/510 83/141/510
f 81/161/511 512/294/511 944/335/511 413/208/511
f 512/294/512 112/293/512 475/336/512 944/335/512
f 495/1083/513 945/337/513 463/340/513 100/1084/513
f 69/1068/514 401/212/514 945/337/514 495/1083/514
f 401/212/515 71/211/515 516/338/515 945/337/515
f 517/236/516 946/341/516 479/344/516 118/237/516
f 87/181/517 417/220/517 946/341/517 517/236/517
f 417/220/518 86/219/518 515/342/518 946/341/518
f 509/304/519 947/345/519 459/348/519 96/305/519
f 65/173/520 397/216/520 947/345/520 509/304/520
f 397/216/521 70/215/521 507/346/521 947/345/521
f 551/450/522 948/349/522 523/352/522 129/451/522
f 98/329/523 461/286/523 948/349/523 551/450/523
f 461/286/524 99/285/524 558/350/524 948/349/524
f 498/228/525 949/353/525 473/356/525 108/229/525
f 77/97/526 411/226/526 949/353/526 498/228/526
f 411/226/527 79/225/527 503/354/527 949/353/527
f 480/238/528 950/357/528 552/360/528 120/265/528
f 118/237/529 579/1085/529 950/357/529 480/238/529
f 579/1085/530 149/1086/530 542/358/530 950/357/530
f 518/316/531 951/361/531 467/364/531 106/317/531
f 75/189/532 405/234/532 951/361/532 518/316/532
f 405/234/533 88/233/533 496/362/533 951/361/533
f 468/246/534 952/365/534 553/248/534 107/109/534
f 103/245/535 555/1087/535 952/365/535 468/246/535
f 555/1087/536 134/1088/536 530/366/536 952/365/536
f 557/380/537 953/367/537 544/370/537 152/381/537
f 121/253/538 482/230/538 953/367/538 557/380/538
f 482/230/539 108/229/539 561/368/539 953/367/539
f 828/858/540 954/371/540 799/374/540 274/859/540
f 301/1089/541 826/1090/541 954/371/541 828/858/541
f 826/1090/542 180/1091/542 604/372/542 954/371/542
f 641/578/543 955/375/543 598/378/543 164/579/543
f 300/957/544 829/864/544 955/375/544 641/578/544
f 829/864/545 275/863/545 800/376/545 955/375/545
f 556/1092/546 956/379/546 548/382/546 153/1093/546
f 122/1072/547 486/254/547 956/379/547 556/1092/547
f 486/254/548 121/253/548 557/380/548 956/379/548
f 555/1087/549 957/383/549 526/386/549 134/1088/549
f 103/245/550 464/258/550 957/383/550 555/1087/550
f 464/258/551 105/257/551 569/384/551 957/383/551
f 558/350/552 958/387/552 522/390/552 130/351/552
f 99/285/553 460/262/553 958/387/553 558/350/553
f 460/262/554 100/261/554 559/388/554 958/387/554
f 560/480/555 959/391/555 543/392/555 150/481/555
f 119/363/556 481/266/556 959/391/556 560/480/556
f 481/266/557 120/265/557 552/360/557 959/391/557
f 565/410/558 960/393/558 550/396/558 147/411/558
f 116/289/559 488/270/559 960/393/559 565/410/559
f 488/270/560 124/269/560 568/394/560 960/393/560
f 562/406/561 961/397/561 538/400/561 154/407/561
f 123/281/562 476/274/562 961/397/562 562/406/562
f 476/274/563 114/273/563 554/398/563 961/397/563
f 581/1094/564 962/401/564 547/404/564 144/1095/564
f 113/1074/565 485/278/565 962/401/565 581/1094/565
f 485/278/566 111/277/566 564/402/566 962/401/566
f 563/1096/567 963/405/567 549/408/567 146/1097/567
f 115/1076/568 487/282/568 963/405/568 563/1096/568
f 487/282/569 123/281/569 562/406/569 963/405/569
f 577/468/570 964/409/570 540/412/570 148/469/570
f 117/343/571 478/290/571 964/409/571 577/468/571
f 478/290/572 116/289/572 565/410/572 964/409/572
f 484/292/573 965/413/573 575/416/573 112/293/573
f 113/1074/574 581/1094/574 965/413/574 484/292/574
f 581/1094/575 144/1095/575 546/414/575 965/413/575
f 566/476/576 966/417/576 531/420/576 141/477/576
f 110/355/577 469/298/577 966/417/577 566/476/577
f 469/298/578 94/297/578 567/418/578 966/417/578
f 568/394/579 967/421/579 539/424/579 155/395/579
f 124/269/580 477/302/580 967/421/580 568/394/580
f 477/302/581 115/301/581 563/422/581 967/421/581
f 576/446/582 968/425/582 532/428/582 126/447/582
f 95/325/583 470/306/583 968/425/583 576/446/583
f 470/306/584 96/305/584 572/426/584 968/425/584
f 570/1098/585 969/429/585 524/432/585 132/1099/585
f 101/1078/586 462/310/586 969/429/586 570/1098/586
f 462/310/587 97/309/587 571/430/587 969/429/587
f 574/442/588 970/433/588 528/436/588 135/443/588
f 104/321/589 466/318/589 970/433/589 574/442/589
f 466/318/590 106/317/590 580/434/590 970/433/590
f 567/418/591 971/437/591 520/440/591 125/419/591
f 94/297/592 458/314/592 971/437/592 567/418/592
f 458/314/593 109/313/593 573/438/593 971/437/593
f 569/1100/594 972/441/594 527/444/594 136/1101/594
f 105/1080/595 465/322/595 972/441/595 569/1100/595
f 465/322/596 104/321/596 574/442/596 972/441/596
f 573/1102/597 973/445/597 534/448/597 140/1103/597
f 109/1082/598 472/326/598 973/445/598 573/1102/598
f 472/326/599 95/325/599 576/446/599 973/445/599
f 571/430/600 974/449/600 533/452/600 128/431/600
f 97/309/601 471/330/601 974/449/601 571/430/601
f 471/330/602 98/329/602 551/450/602 974/449/602
f 564/402/603 975/453/603 545/456/603 142/403/603
f 111/277/604 483/334/604 975/453/604 564/402/604
f 483/334/605 122/333/605 556/454/605 975/453/605
f 475/336/606 976/457/606 554/398/606 114/273/606
f 112/293/607 575/416/607 976/457/607 475/336/607
f 575/416/608 143/415/608 537/458/608 976/457/608
f 559/1104/609 977/459/609 525/462/609 131/1105/609
f 100/1084/610 463/340/610 977/459/610 559/1104/610
f 463/340/611 102/339/611 578/460/611 977/459/611
f 572/426/612 978/463/612 521/466/612 127/427/612
f 96/305/613 459/348/613 978/463/613 572/426/613
f 459/348/614 101/347/614 570/464/614 978/463/614
f 579/1085/615 979/467/615 541/470/615 149/1086/615
f 118/237/616 479/344/616 979/467/616 579/1085/616
f 479/344/617 117/343/617 577/468/617 979/467/617
f 704/698/618 980/471/618 660/474/618 195/699/618
f 248/785/619 753/776/619 980/471/619 704/698/619
f 753/776/620 245/775/620 748/472/620 980/471/620
f 561/368/621 981/475/621 535/478/621 139/369/621
f 108/229/622 473/356/622 981/475/622 561/368/622
f 473/356/623 110/355/623 566/476/623 981/475/623
f 580/434/624 982/479/624 529/482/624 137/435/624
f 106/317/625 467/364/625 982/479/625 580/434/625
f 467/364/626 119/363/626 560/480/626 982/479/626
f 830/866/627 983/483/627 797/486/627 272/867/627
f 286/1106/628 627/1107/628 983/483/628 830/866/628
f 627/1107/629 173/1108/629 609/484/629 983/483/629
f 798/568/630 984/487/630 585/490/630 160/569/630
f 273/947/631 831/872/631 984/487/631 798/568/631
f 831/872/632 281/871/632 806/488/632 984/487/632
f 832/874/633 985/491/633 800/376/633 275/863/633
f 277/1109/634 618/1110/634 985/491/634 832/874/634
f 618/1110/635 165/1111/635 592/492/635 985/491/635
f 620/506/636 986/493/636 606/496/636 183/507/636
f 279/885/637 833/878/637 986/493/637 620/506/637
f 833/878/638 283/877/638 624/494/638 986/493/638
f 736/636/639 987/497/639 666/500/639 213/637/639
f 239/675/640 742/674/640 987/497/640 736/636/640
f 742/674/641 240/1112/641 737/498/641 987/497/641
f 618/1110/642 988/501/642 588/504/642 165/1111/642
f 277/1109/643 834/882/643 988/501/643 618/1110/643
f 834/882/644 291/881/644 632/502/644 988/501/644
f 803/1113/645 989/505/645 610/508/645 184/1114/645
f 278/1115/646 835/886/646 989/505/646 803/1113/646
f 835/886/647 279/885/647 620/506/647 989/505/647
f 805/598/648 990/509/648 605/510/648 181/599/648
f 280/973/649 836/888/649 990/509/649 805/598/649
f 836/888/650 274/859/650 799/374/650 990/509/650
f 806/488/651 991/511/651 584/514/651 161/489/651
f 281/871/652 837/892/652 991/511/652 806/488/652
f 837/892/653 282/891/653 623/512/653 991/511/653
f 812/524/654 992/515/654 612/518/654 178/525/654
f 287/903/655 838/896/655 992/515/655 812/524/655
f 838/896/656 290/895/656 815/516/656 992/515/656
f 809/528/657 993/519/657 600/522/657 185/529/657
f 284/907/658 839/900/658 993/519/658 809/528/658
f 839/900/659 276/899/659 801/520/659 993/519/659
f 824/590/660 994/523/660 602/526/660 179/591/660
f 299/965/661 840/904/661 994/523/661 824/590/661
f 840/904/662 287/903/662 812/524/662 994/523/662
f 810/1116/663 995/527/663 611/530/663 177/1117/663
f 285/1118/664 841/908/664 995/527/664 810/1116/664
f 841/908/665 284/907/665 809/528/665 995/527/665
f 842/910/666 996/531/666 638/534/666 297/911/666
f 272/867/667 797/486/667 996/531/667 842/910/667
f 797/486/668 175/485/668 608/532/668 996/531/668
f 813/594/669 997/535/669 593/538/669 172/595/669
f 288/969/670 843/916/670 997/535/670 813/594/670
f 843/916/671 289/915/671 630/536/671 997/535/671
f 815/516/672 998/539/672 601/542/672 186/517/672
f 290/895/673 844/920/673 998/539/673 815/516/673
f 844/920/674 285/919/674 810/540/674 998/539/674
f 639/564/675 999/543/675 594/546/675 157/565/675
f 298/943/676 845/924/676 999/543/676 639/564/676
f 845/924/677 294/923/677 635/544/677 999/543/677
f 817/1119/678 1000/547/678 586/550/678 163/1120/678
f 292/1121/679 846/928/679 1000/547/679 817/1119/679
f 846/928/680 293/927/680 634/548/680 1000/547/680
f 630/536/681 1001/551/681 582/554/681 156/537/681
f 289/915/682 847/932/682 1001/551/682 630/536/682
f 847/932/683 295/931/683 636/552/683 1001/551/683
f 637/560/684 1002/555/684 590/558/684 166/561/684
f 296/939/685 848/936/685 1002/555/685 637/560/685
f 848/936/686 302/935/686 643/556/686 1002/555/686
f 632/1122/687 1003/559/687 589/562/687 167/1123/687
f 291/1124/688 849/940/688 1003/559/688 632/1122/688
f 849/940/689 296/939/689 637/560/689 1003/559/689
f 636/1125/690 1004/563/690 596/566/690 171/1126/690
f 295/1127/691 850/944/691 1004/563/691 636/1125/691
f 850/944/692 298/943/692 639/564/692 1004/563/692
f 634/548/693 1005/567/693 595/570/693 159/549/693
f 293/927/694 851/948/694 1005/567/694 634/548/694
f 851/948/695 273/947/695 798/568/695 1005/567/695
f 627/1107/696 1006/571/696 607/574/696 173/1108/696
f 286/1106/697 852/952/697 1006/571/697 627/1107/697
f 852/952/698 278/951/698 803/572/698 1006/571/698
f 853/954/699 1007/575/699 801/520/699 276/899/699
f 297/911/700 638/534/700 1007/575/700 853/954/700
f 638/534/701 174/533/701 599/576/701 1007/575/701
f 623/1128/702 1008/577/702 587/580/702 162/1129/702
f 282/1130/703 854/958/703 1008/577/703 623/1128/703
f 854/958/704 300/957/704 641/578/704 1008/577/704
f 703/1131/705 1009/581/705 733/584/705 235/1132/705
f 179/591/706 602/526/706 1009/581/706 703/1131/706
f 602/526/707 178/525/707 691/582/707 1009/581/707
f 635/544/708 1010/585/708 583/588/708 158/545/708
f 294/923/709 855/962/709 1010/585/709 635/544/709
f 855/962/710 292/961/710 817/586/710 1010/585/710
f 826/1090/711 1011/589/711 603/592/711 180/1091/711
f 301/1089/712 856/966/712 1011/589/712 826/1090/712
f 856/966/713 299/965/713 824/590/713 1011/589/713
f 624/494/714 1012/593/714 597/596/714 170/495/714
f 283/877/715 857/970/715 1012/593/715 624/494/715
f 857/970/716 288/969/716 813/594/716 1012/593/716
f 643/556/717 1013/597/717 591/600/717 168/557/717
f 302/935/718 858/974/718 1013/597/718 643/556/718
f 858/974/719 280/973/719 805/598/719 1013/597/719
f 734/1133/720 1014/601/720 653/604/720 218/1134/720
f 237/1135/721 739/754/721 1014/601/721 734/1133/721
f 739/754/722 238/753/722 676/602/722 1014/601/722
f 791/840/723 1015/605/723 677/608/723 265/641/723
f 266/1136/724 690/1137/724 1015/605/724 791/840/724
f 690/1137/725 204/1138/725 671/606/725 1015/605/725
f 757/686/726 1016/609/726 647/612/726 191/687/726
f 250/801/727 762/790/727 1016/609/727 757/686/727
f 762/790/728 251/789/728 758/610/728 1016/609/728
f 754/778/729 1017/613/729 748/472/729 245/775/729
f 246/1139/730 682/1140/730 1017/613/730 754/778/730
f 682/1140/731 196/1141/731 654/614/731 1017/613/731
f 774/816/732 1018/615/732 781/618/732 260/817/732
f 183/507/733 606/496/733 1018/615/733 774/816/733
f 606/496/734 170/495/734 775/616/734 1018/615/734
f 719/1142/735 1019/619/735 724/622/735 231/1143/735
f 174/533/736 608/532/736 1019/619/736 719/1142/736
f 608/532/737 175/485/737 714/620/737 1019/619/737
f 682/1140/738 1020/623/738 650/626/738 196/1141/738
f 246/1139/739 755/782/739 1020/623/739 682/1140/739
f 755/782/740 247/781/740 695/624/740 1020/623/740
f 773/1144/741 1021/627/741 672/630/741 219/1145/741
f 259/1146/742 779/818/742 1021/627/742 773/1144/742
f 779/818/743 260/817/743 684/628/743 1021/627/743
f 758/610/744 1022/631/744 646/634/744 192/611/744
f 251/789/745 763/794/745 1022/631/745 758/610/745
f 763/794/746 252/793/746 686/632/746 1022/631/746
f 676/602/747 1023/635/747 667/638/747 212/603/747
f 238/753/748 740/760/748 1023/635/748 676/602/748
f 740/760/749 239/675/749 736/636/749 1023/635/749
f 786/836/750 1024/639/750 794/642/750 267/837/750
f 231/1143/751 724/622/751 1024/639/751 786/836/751
f 724/622/752 226/621/752 784/640/752 1024/639/752
f 716/648/753 1025/643/753 662/646/753 216/649/753
f 269/847/754 792/844/754 1025/643/754 716/648/754
f 792/844/755 268/843/755 715/644/755 1025/643/755
f 717/1147/756 1026/647/756 673/650/756 221/1148/756
f 270/1149/757 793/848/757 1026/647/757 717/1147/757
f 793/848/758 269/847/758 716/648/758 1026/647/758
f 701/694/759 1027/651/759 670/652/759 205/695/759
f 267/837/760 794/642/760 1027/651/760 701/694/760
f 794/642/761 265/641/761 677/608/761 1027/651/761
f 776/710/762 1028/653/762 655/656/762 203/711/762
f 262/833/763 780/826/763 1028/653/763 776/710/763
f 780/826/764 263/825/764 693/654/764 1028/653/764
f 728/820/765 1029/657/765 663/660/765 217/821/765
f 234/727/766 731/746/766 1029/657/766 728/820/766
f 731/746/767 236/745/767 730/658/767 1029/657/767
f 702/682/768 1030/661/768 656/664/768 188/683/768
f 256/809/769 770/806/769 1030/661/769 702/682/769
f 770/806/770 255/805/770 698/662/770 1030/661/770
f 760/1150/771 1031/665/771 648/668/771 223/1151/771
f 253/1152/772 764/798/772 1031/665/772 760/1150/772
f 764/798/773 254/797/773 697/666/773 1031/665/773
f 693/654/774 1032/669/774 644/672/774 187/655/774
f 263/825/775 782/830/775 1032/669/775 693/654/775
f 782/830/776 264/829/776 699/670/776 1032/669/776
f 604/372/777 1033/673/777 679/676/777 182/373/777
f 180/1091/778 705/1153/778 1033/673/778 604/372/778
f 705/1153/779 240/1112/779 742/674/779 1033/673/779
f 710/1154/780 1034/677/780 651/680/780 222/1155/780
f 244/1156/781 746/768/781 1034/677/781 710/1154/781
f 746/768/782 242/767/782 700/678/782 1034/677/782
f 712/1157/783 1035/681/783 658/684/783 224/1158/783
f 258/1159/784 771/810/784 1035/681/784 712/1157/784
f 771/810/785 256/809/785 702/682/785 1035/681/785
f 697/666/786 1036/685/786 657/688/786 190/667/786
f 254/797/787 765/802/787 1036/685/787 697/666/787
f 765/802/788 250/801/788 757/686/788 1036/685/788
f 690/1137/789 1037/689/789 669/692/789 204/1138/789
f 266/1136/790 796/852/790 1037/689/790 690/1137/790
f 796/852/791 271/851/791 720/690/791 1037/689/791
f 715/644/792 1038/693/792 661/696/792 207/645/792
f 268/843/793 795/838/793 1038/693/793 715/644/793
f 795/838/794 267/837/794 701/694/794 1038/693/794
f 708/1160/795 1039/697/795 649/700/795 220/1161/795
f 249/1162/796 756/786/796 1039/697/796 708/1160/796
f 756/786/797 248/785/797 704/698/797 1039/697/797
f 698/662/798 1040/701/798 645/704/798 189/663/798
f 255/805/799 772/814/799 1040/701/799 698/662/799
f 772/814/800 257/813/800 768/702/800 1040/701/800
f 737/498/801 1041/705/801 665/708/801 211/499/801
f 240/1112/802 741/764/802 1041/705/802 737/498/802
f 741/764/803 241/763/803 738/706/803 1041/705/803
f 687/770/804 1042/709/804 659/712/804 201/771/804
f 261/617/805 783/834/805 1042/709/805 687/770/805
f 783/834/806 262/833/806 776/710/806 1042/709/806
f 369/1045/807 1043/713/807 340/716/807 41/1046/807
f 10/1044/808 309/1163/808 1043/713/808 369/1045/808
f 309/1163/809 12/1164/809 376/714/809 1043/713/809
f 389/76/810 1044/717/810 350/718/810 40/77/810
f 9/1034/811 319/1165/811 1044/717/811 389/76/811
f 319/1165/812 14/1043/812 395/106/812 1044/717/812
f 599/576/813 1045/719/813 681/722/813 176/521/813
f 174/533/814 719/1142/814 1045/719/814 599/576/814
f 719/1142/815 231/1143/815 725/720/815 1045/719/815
f 609/484/816 1046/723/816 714/620/816 175/485/816
f 173/1108/817 718/1166/817 1046/723/817 609/484/817
f 718/1166/818 230/1167/818 721/724/818 1046/723/818
f 691/582/819 1047/725/819 732/728/819 233/583/819
f 178/525/820 612/518/820 1047/725/820 691/582/820
f 612/518/821 186/517/821 694/726/821 1047/725/821
f 688/732/822 1048/729/822 722/730/822 228/733/822
f 185/529/823 600/522/823 1048/729/823 688/732/823
f 600/522/824 176/521/824 681/722/824 1048/729/824
f 689/1168/825 1049/731/825 723/734/825 229/1169/825
f 177/1117/826 611/530/826 1049/731/826 689/1168/826
f 611/530/827 185/529/827 688/732/827 1049/731/827
f 718/1166/828 1050/735/828 726/738/828 230/1167/828
f 173/1108/829 607/574/829 1050/735/829 718/1166/829
f 607/574/830 184/573/830 707/736/830 1050/735/830
f 729/1170/831 1051/739/831 664/742/831 210/1171/831
f 235/1132/832 733/584/832 1051/739/832 729/1170/832
f 733/584/833 233/583/833 727/740/833 1051/739/833
f 694/726/834 1052/743/834 731/746/834 234/727/834
f 186/517/835 601/542/835 1052/743/835 694/726/835
f 601/542/836 177/541/836 709/744/836 1052/743/836
f 700/678/837 1053/747/837 652/750/837 197/679/837
f 242/767/838 747/758/838 1053/747/838 700/678/838
f 747/758/839 243/757/839 744/748/839 1053/747/839
f 675/1172/840 1054/751/840 739/754/840 237/1135/840
f 168/557/841 591/600/841 1054/751/841 675/1172/841
f 591/600/842 181/599/842 735/752/842 1054/751/842
f 743/766/843 1055/755/843 747/758/843 242/767/843
f 166/561/844 590/558/844 1055/755/844 743/766/844
f 590/558/845 168/557/845 706/756/845 1055/755/845
f 735/752/846 1056/759/846 740/760/846 238/753/846
f 181/599/847 605/510/847 1056/759/847 735/752/847
f 605/510/848 182/373/848 679/676/848 1056/759/848
f 705/1153/849 1057/761/849 741/764/849 240/1112/849
f 180/1091/850 603/592/850 1057/761/850 705/1153/850
f 603/592/851 179/591/851 713/762/851 1057/761/851
f 745/1173/852 1058/765/852 746/768/852 244/1156/852
f 167/1123/853 589/562/853 1058/765/853 745/1173/853
f 589/562/854 166/561/854 743/766/854 1058/765/854
f 684/628/855 1059/769/855 668/772/855 214/629/855
f 260/817/856 781/618/856 1059/769/856 684/628/856
f 781/618/857 261/617/857 687/770/857 1059/769/857
f 751/784/858 1060/773/858 753/776/858 248/785/858
f 164/579/859 598/378/859 1060/773/859 751/784/859
f 598/378/860 169/377/860 680/774/860 1060/773/860
f 592/492/861 1061/777/861 680/774/861 169/377/861
f 165/1111/862 749/1174/862 1061/777/862 592/492/862
f 749/1174/863 246/1139/863 754/778/863 1061/777/863
f 749/1174/864 1062/779/864 755/782/864 246/1139/864
f 165/1111/865 588/504/865 1062/779/865 749/1174/865
f 588/504/866 167/503/866 750/780/866 1062/779/866
f 752/1175/867 1063/783/867 756/786/867 249/1162/867
f 162/1129/868 587/580/868 1063/783/868 752/1175/868
f 587/580/869 164/579/869 751/784/869 1063/783/869
f 678/800/870 1064/787/870 762/790/870 250/801/870
f 160/569/871 585/490/871 1064/787/871 678/800/871
f 585/490/872 161/489/872 685/788/872 1064/787/872
f 685/788/873 1065/791/873 763/794/873 251/789/873
f 161/489/874 584/514/874 1065/791/874 685/788/874
f 584/514/875 162/513/875 759/792/875 1065/791/875
f 696/1176/876 1066/795/876 764/798/876 253/1152/876
f 163/1120/877 586/550/877 1066/795/877 696/1176/877
f 586/550/878 159/549/878 761/796/878 1066/795/878
f 761/796/879 1067/799/879 765/802/879 254/797/879
f 159/549/880 595/570/880 1067/799/880 761/796/880
f 595/570/881 160/569/881 678/800/881 1067/799/881
f 767/808/882 1068/803/882 770/806/882 256/809/882
f 157/565/883 594/546/883 1068/803/883 767/808/883
f 594/546/884 158/545/884 766/804/884 1068/803/884
f 769/1177/885 1069/807/885 771/810/885 258/1159/885
f 171/1126/886 596/566/886 1069/807/886 769/1177/886
f 596/566/887 157/565/887 767/808/887 1069/807/887
f 766/804/888 1070/811/888 772/814/888 255/805/888
f 158/545/889 583/588/889 1070/811/889 766/804/889
f 583/588/890 163/587/890 711/812/890 1070/811/890
f 683/1178/891 1071/815/891 779/818/891 259/1146/891
f 184/1114/892 610/508/892 1071/815/892 683/1178/892
f 610/508/893 183/507/893 774/816/893 1071/815/893
f 727/740/894 1072/819/894 674/822/894 209/741/894
f 233/583/895 732/728/895 1072/819/895 727/740/895
f 732/728/896 234/727/896 728/820/896 1072/819/896
f 692/832/897 1073/823/897 780/826/897 262/833/897
f 172/595/898 593/538/898 1073/823/898 692/832/898
f 593/538/899 156/537/899 777/824/899 1073/823/899
f 777/824/900 1074/827/900 782/830/900 263/825/900
f 156/537/901 582/554/901 1074/827/901 777/824/901
f 582/554/902 171/553/902 778/828/902 1074/827/902
f 775/616/903 1075/831/903 783/834/903 261/617/903
f 170/495/904 597/596/904 1075/831/904 775/616/904
f 597/596/905 172/595/905 692/832/905 1075/831/905
f 787/842/906 1076/835/906 795/838/906 268/843/906
f 227/721/907 725/720/907 1076/835/907 787/842/907
f 725/720/908 231/1143/908 786/836/908 1076/835/908
f 721/724/909 1077/839/909 784/640/909 226/621/909
f 230/1167/910 785/1179/910 1077/839/910 721/724/910
f 785/1179/911 266/1136/911 791/840/911 1077/839/911
f 788/846/912 1078/841/912 792/844/912 269/847/912
f 228/733/913 722/730/913 1078/841/913 788/846/913
f 722/730/914 227/721/914 787/842/914 1078/841/914
f 789/1180/915 1079/845/915 793/848/915 270/1149/915
f 229/1169/916 723/734/916 1079/845/916 789/1180/916
f 723/734/917 228/733/917 788/846/917 1079/845/917
f 785/1179/918 1080/849/918 796/852/918 266/1136/918
f 230/1167/919 726/738/919 1080/849/919 785/1179/919
f 726/738/920 232/737/920 790/850/920 1080/849/920
f 379/112/921 1081/853/921 358/856/921 59/113/921
f 28/1051/922 327/1181/922 1081/853/922 379/112/922
f 327/1181/923 15/1038/923 365/854/923 1081/853/923
f 542/358/924 1082/857/924 615/860/924 151/359/924
f 149/1086/925 642/1182/925 1082/857/925 542/358/925
f 642/1182/926 301/1089/926 828/858/926 1082/857/926
f 825/956/927 1083/861/927 829/864/927 300/957/927
f 133/461/928 536/250/928 1083/861/928 825/956/928
f 536/250/929 138/249/929 616/862/929 1083/861/929
f 547/404/930 1084/865/930 613/868/930 144/1095/930
f 142/403/931 811/1183/931 1084/865/931 547/404/931
f 811/1183/932 286/1106/932 830/866/932 1084/865/932
f 614/946/933 1085/869/933 831/872/933 273/947/933
f 129/451/934 523/352/934 1085/869/934 614/946/934
f 523/352/935 130/351/935 622/870/935 1085/869/935
f 530/366/936 1086/873/936 616/862/936 138/249/936
f 134/1088/937 802/1184/937 1086/873/937 530/366/937
f 802/1184/938 277/1109/938 832/874/938 1086/873/938
f 804/884/939 1087/875/939 833/878/939 279/885/939
f 152/381/940 544/370/940 1087/875/940 804/884/940
f 544/370/941 139/369/941 808/876/941 1087/875/941
f 802/1184/942 1088/879/942 834/882/942 277/1109/942
f 134/1088/943 526/386/943 1088/879/943 802/1184/943
f 526/386/944 136/385/944 816/880/944 1088/879/944
f 619/1185/945 1089/883/945 835/886/945 278/1115/945
f 153/1093/946 548/382/946 1089/883/946 619/1185/946
f 548/382/947 152/381/947 804/884/947 1089/883/947
f 621/972/948 1090/887/948 836/888/948 280/973/948
f 150/481/949 543/392/949 1090/887/949 621/972/949
f 543/392/950 151/359/950 615/860/950 1090/887/950
f 622/870/951 1091/889/951 837/892/951 281/871/951
f 130/351/952 522/390/952 1091/889/952 622/870/952
f 522/390/953 131/389/953 807/890/953 1091/889/953
f 628/902/954 1092/893/954 838/896/954 287/903/954
f 147/411/955 550/396/955 1092/893/955 628/902/955
f 550/396/956 155/395/956 631/894/956 1092/893/956
f 625/906/957 1093/897/957 839/900/957 284/907/957
f 154/407/958 538/400/958 1093/897/958 625/906/958
f 538/400/959 145/399/959 617/898/959 1093/897/959
f 640/964/960 1094/901/960 840/904/960 299/965/960
f 148/469/961 540/412/961 1094/901/961 640/964/961
f 540/412/962 147/411/962 628/902/962 1094/901/962
f 626/1186/963 1095/905/963 841/908/963 285/1118/963
f 146/1097/964 549/408/964 1095/905/964 626/1186/964
f 549/408/965 154/407/965 625/906/965 1095/905/965
f 546/414/966 1096/909/966 822/912/966 143/415/966
f 144/1095/967 613/868/967 1096/909/967 546/414/967
f 613/868/968 272/867/968 842/910/968 1096/909/968
f 629/968/969 1097/913/969 843/916/969 288/969/969
f 141/477/970 531/420/970 1097/913/970 629/968/970
f 531/420/971 125/419/971 814/914/971 1097/913/971
f 631/894/972 1098/917/972 844/920/972 290/895/972
f 155/395/973 539/424/973 1098/917/973 631/894/973
f 539/424/974 146/423/974 626/918/974 1098/917/974
f 823/942/975 1099/921/975 845/924/975 298/943/975
f 126/447/976 532/428/976 1099/921/976 823/942/976
f 532/428/977 127/427/977 819/922/977 1099/921/977
f 633/1187/978 1100/925/978 846/928/978 292/1121/978
f 132/1099/979 524/432/979 1100/925/979 633/1187/979
f 524/432/980 128/431/980 818/926/980 1100/925/980
f 814/914/981 1101/929/981 847/932/981 289/915/981
f 125/419/982 520/440/982 1101/929/982 814/914/982
f 520/440/983 140/439/983 820/930/983 1101/929/983
f 821/938/984 1102/933/984 848/936/984 296/939/984
f 135/443/985 528/436/985 1102/933/985 821/938/985
f 528/436/986 137/435/986 827/934/986 1102/933/986
f 816/1188/987 1103/937/987 849/940/987 291/1124/987
f 136/1101/988 527/444/988 1103/937/988 816/1188/988
f 527/444/989 135/443/989 821/938/989 1103/937/989
f 820/1189/990 1104/941/990 850/944/990 295/1127/990
f 140/1103/991 534/448/991 1104/941/991 820/1189/991
f 534/448/992 126/447/992 823/942/992 1104/941/992
f 818/926/993 1105/945/993 851/948/993 293/927/993
f 128/431/994 533/452/994 1105/945/994 818/926/994
f 533/452/995 129/451/995 614/946/995 1105/945/995
f 811/1183/996 1106/949/996 852/952/996 286/1106/996
f 142/403/997 545/456/997 1106/949/997 811/1183/997
f 545/456/998 153/455/998 619/950/998 1106/949/998
f 537/458/999 1107/953/999 617/898/999 145/399/999
f 143/415/1000 822/912/1000 1107/953/1000 537/458/1000
f 822/912/1001 297/911/1001 853/954/1001 1107/953/1001
f 807/1190/1002 1108/955/1002 854/958/1002 282/1130/1002
f 131/1105/1003 525/462/1003 1108/955/1003 807/1190/1003
f 525/462/1004 133/461/1004 825/956/1004 1108/955/1004
f 819/922/1005 1109/959/1005 855/962/1005 294/923/1005
f 127/427/1006 521/466/1006 1109/959/1006 819/922/1006
f 521/466/1007 132/465/1007 633/960/1007 1109/959/1007
f 642/1182/1008 1110/963/1008 856/966/1008 301/1089/1008
f 149/1086/1009 541/470/1009 1110/963/1009 642/1182/1009
f 541/470/1010 148/469/1010 640/964/1010 1110/963/1010
f 808/876/1011 1111/967/1011 857/970/1011 283/877/1011
f 139/369/1012 535/478/1012 1111/967/1012 808/876/1012
f 535/478/1013 141/477/1013 629/968/1013 1111/967/1013
f 827/934/1014 1112/971/1014 858/974/1014 302/935/1014
f 137/435/1015 529/482/1015 1112/971/1015 827/934/1015
f 529/482/1016 150/481/1016 621/972/1016 1112/971/1016
f 1131/1191/1017 1256/1192/1017 1262/1193/1017 1132/1194/1017
f 1134/1195/1018 1237/1196/1018 1375/1197/1018 1242/1198/1018
f 1127/1199/1019 1128/1200/1019 1263/1201/1019 1257/1202/1019
f 1399/1203/1020 1394/1204/1020 1335/1205/1020 1334/1206/1020
f 1330/1207/1021 1349/1208/1021 1181/1209/1021 1196/1210/1021
f 1292/1211/1022 1288/1212/1022 1164/1213/1022 1165/1214/1022
f 1407/1215/1023 1373/1216/1023 1370/1217/1023 1404/1218/1023
f 1343/1219/1024 1184/1220/1024 1192/1221/1024 1326/1222/1024
f 1126/1223/1025 1124/1224/1025 1261/1225/1025 1258/1226/1025
f 1283/1227/1026 1287/1228/1026 1158/1229/1026 1157/1230/1026
f 1160/1231/1027 1162/1232/1027 1285/1233/1027 1289/1234/1027
f 1304/1235/1028 1308/1236/1028 1172/1237/1028 1171/1238/1028
f 1369/1239/1029 1161/1240/1029 1166/1241/1029 1299/1242/1029
f 1241/1243/1030 1240/1244/1030 1126/1245/1030 1130/1246/1030
f 1254/1247/1031 1253/1248/1031 1140/1249/1031 1136/1250/1031
f 1328/1251/1032 1341/1252/1032 1183/1253/1032 1194/1254/1032
f 1242/1255/1033 1403/1256/1033 1236/1257/1033 1134/1258/1033
f 1369/1239/1034 1299/1242/1034 1220/1259/1034 1229/1260/1034
f 1304/1261/1035 1171/1262/1035 1173/1263/1035 1361/1264/1035
f 1201/1265/1036 1337/1266/1036 1336/1267/1036 1200/1268/1036
f 1293/1269/1037 1284/1270/1037 1166/1241/1037 1161/1240/1037
f 1362/1271/1038 1389/1272/1038 1296/1273/1038 1178/1274/1038
f 1136/1250/1039 1140/1249/1039 1269/1275/1039 1270/1276/1039
f 1149/1277/1040 1289/1234/1040 1285/1233/1040 1151/1278/1040
f 1134/1258/1041 1236/1257/1041 1377/1279/1041 1260/1280/1041
f 1308/1236/1042 1360/1281/1042 1177/1282/1042 1172/1237/1042
f 1114/1283/1043 1118/1284/1043 1248/1285/1043 1245/1286/1043
f 1257/1202/1044 1263/1201/1044 1139/1287/1044 1138/1288/1044
f 1133/1289/1045 1132/1194/1045 1262/1193/1045 1255/1290/1045
f 1142/1291/1046 1272/1292/1046 1277/1293/1046 1143/1294/1046
f 1406/1295/1047 1301/1296/1047 1222/1297/1047 1372/1298/1047
f 1290/1299/1048 1159/1300/1048 1163/1301/1048 1291/1302/1048
f 1262/1193/1049 1256/1192/1049 1142/1291/1049 1143/1294/1049
f 1241/1303/1050 1376/1304/1050 1230/1305/1050 1119/1306/1050
f 1365/1307/1051 1225/1308/1051 1221/1309/1051 1300/1310/1051
f 1298/1311/1052 1363/1312/1052 1223/1313/1052 1219/1314/1052
f 1262/1193/1053 1143/1294/1053 1144/1315/1053 1255/1290/1053
f 1137/1316/1054 1274/1317/1054 1275/1318/1054 1141/1319/1054
f 1155/1320/1055 1284/1270/1055 1293/1269/1055 1150/1321/1055
f 1245/1286/1056 1248/1285/1056 1129/1322/1056 1125/1323/1056
f 1229/1260/1057 1308/1236/1057 1304/1235/1057 1225/1324/1057
f 1348/1325/1058 1346/1326/1058 1179/1327/1058 1195/1328/1058
f 1154/1329/1059 1292/1211/1059 1284/1270/1059 1155/1320/1059
f 1218/1330/1060 1333/1331/1060 1397/1332/1060 1358/1333/1060
f 1305/1334/1061 1298/1311/1061 1219/1314/1061 1226/1335/1061
f 1268/1336/1062 1381/1337/1062 1266/1338/1062 1156/1339/1062
f 1149/1340/1063 1150/1321/1063 1293/1269/1063 1289/1341/1063
f 1159/1300/1064 1305/1342/1064 1367/1343/1064 1163/1301/1064
f 1226/1344/1065 1366/1345/1065 1306/1346/1065 1227/1347/1065
f 1125/1348/1066 1254/1349/1066 1261/1225/1066 1124/1224/1066
f 1307/1350/1067 1303/1351/1067 1224/1352/1067 1228/1353/1067
f 1218/1330/1068 1358/1333/1068 1395/1354/1068 1356/1355/1068
f 1362/1356/1069 1178/1357/1069 1297/1358/1069 1391/1359/1069
f 1388/1360/1070 1264/1361/1070 1152/1362/1070 1291/1363/1070
f 1285/1233/1071 1162/1232/1071 1158/1364/1071 1287/1365/1071
f 1363/1366/1072 1300/1310/1072 1221/1309/1072 1223/1367/1072
f 1339/1368/1073 1340/1369/1073 1197/1370/1073 1188/1371/1073
f 1126/1245/1074 1258/1372/1074 1259/1373/1074 1130/1246/1074
f 1122/1374/1075 1121/1375/1075 1244/1376/1075 1247/1377/1075
f 1160/1231/1076 1365/1307/1076 1300/1310/1076 1162/1232/1076
f 1280/1378/1077 1386/1379/1077 1387/1380/1077 1282/1381/1077
f 1316/1382/1078 1344/1383/1078 1208/1384/1078 1207/1385/1078
f 1176/1386/1079 1331/1387/1079 1315/1388/1079 1177/1282/1079
f 1325/1389/1080 1394/1204/1080 1297/1358/1080 1178/1357/1080
f 1130/1390/1081 1234/1391/1081 1376/1304/1081 1241/1303/1081
f 1338/1392/1082 1339/1368/1082 1188/1371/1082 1190/1393/1082
f 1270/1394/1083 1147/1395/1083 1146/1396/1083 1276/1397/1083
f 1243/1398/1084 1245/1399/1084 1125/1348/1084 1124/1224/1084
f 1313/1400/1085 1315/1388/1085 1203/1401/1085 1202/1402/1085
f 1391/1359/1086 1297/1358/1086 1295/1403/1086 1390/1404/1086
f 1176/1386/1087 1175/1405/1087 1327/1406/1087 1323/1407/1087
f 1140/1249/1088 1138/1408/1088 1273/1409/1088 1269/1275/1088
f 1365/1410/1089 1369/1239/1089 1229/1260/1089 1225/1324/1089
f 1271/1411/1090 1277/1293/1090 1154/1329/1090 1155/1320/1090
f 1289/1341/1091 1293/1269/1091 1161/1240/1091 1160/1412/1091
f 1290/1413/1092 1283/1227/1092 1157/1230/1092 1159/1414/1092
f 1136/1415/1093 1270/1394/1093 1276/1397/1093 1135/1416/1093
f 1114/1417/1094 1245/1399/1094 1243/1398/1094 1113/1418/1094
f 1178/1274/1095 1296/1273/1095 1393/1419/1095 1317/1420/1095
f 1353/1421/1096 1354/1422/1096 1393/1419/1096 1401/1423/1096
f 1406/1295/1097 1405/1424/1097 1280/1378/1097 1282/1381/1097
f 1382/1425/1098 1250/1426/1098 1252/1427/1098 1383/1428/1098
f 1247/1377/1099 1244/1376/1099 1132/1194/1099 1133/1289/1099
f 1365/1410/1100 1160/1412/1100 1161/1240/1100 1369/1239/1100
f 1212/1429/1101 1210/1430/1101 1346/1326/1101 1348/1325/1101
f 1259/1373/1102 1258/1372/1102 1137/1316/1102 1141/1319/1102
f 1173/1263/1103 1316/1382/1103 1345/1431/1103 1169/1432/1103
f 1254/1349/1104 1136/1415/1104 1135/1416/1104 1261/1225/1104
f 1336/1267/1105 1337/1266/1105 1186/1433/1105 1187/1434/1105
f 1397/1332/1106 1312/1435/1106 1310/1436/1106 1396/1437/1106
f 1167/1438/1107 1281/1439/1107 1404/1218/1107 1301/1440/1107
f 1290/1413/1108 1148/1441/1108 1146/1396/1108 1283/1227/1108
f 1232/1442/1109 1230/1305/1109 1376/1304/1109 1403/1256/1109
f 1117/1443/1110 1122/1374/1110 1247/1377/1110 1246/1444/1110
f 1274/1445/1111 1276/1397/1111 1146/1396/1111 1148/1441/1111
f 1314/1446/1112 1347/1447/1112 1211/1448/1112 1210/1430/1112
f 1388/1360/1113 1291/1363/1113 1163/1449/1113 1279/1450/1113
f 1154/1329/1114 1153/1451/1114 1288/1212/1114 1292/1211/1114
f 1233/1452/1115 1123/1453/1115 1242/1198/1115 1375/1197/1115
f 1198/1454/1116 1334/1206/1116 1402/1455/1116 1355/1456/1116
f 1380/1457/1117 1234/1391/1117 1130/1390/1117 1259/1458/1117
f 1386/1379/1118 1265/1459/1118 1267/1460/1118 1387/1380/1118
f 1261/1225/1119 1135/1416/1119 1137/1461/1119 1258/1226/1119
f 1244/1376/1120 1238/1462/1120 1131/1191/1120 1132/1194/1120
f 1306/1346/1121 1366/1345/1121 1170/1463/1121 1174/1464/1121
f 1286/1465/1122 1385/1466/1122 1281/1439/1122 1167/1438/1122
f 1404/1218/1123 1370/1217/1123 1222/1467/1123 1301/1440/1123
f 1302/1468/1124 1359/1469/1124 1219/1314/1124 1223/1313/1124
f 1307/1350/1125 1228/1353/1125 1220/1259/1125 1299/1242/1125
f 1251/1470/1126 1377/1279/1126 1380/1457/1126 1249/1471/1126
f 1140/1249/1127 1253/1248/1127 1257/1472/1127 1138/1408/1127
f 1316/1382/1128 1173/1263/1128 1171/1262/1128 1344/1383/1128
f 1321/1473/1129 1314/1446/1129 1210/1430/1129 1212/1429/1129
f 1317/1420/1130 1393/1419/1130 1354/1422/1130 1215/1474/1130
f 1401/1423/1131 1352/1475/1131 1216/1476/1131 1353/1421/1131
f 1383/1428/1132 1268/1477/1132 1156/1478/1132 1267/1460/1132
f 1324/1479/1133 1205/1480/1133 1206/1481/1133 1342/1482/1133
f 1271/1411/1134 1278/1483/1134 1139/1287/1134 1144/1315/1134
f 1374/1484/1135 1235/1485/1135 1131/1486/1135 1238/1487/1135
f 1332/1488/1136 1396/1437/1136 1310/1436/1136 1193/1489/1136
f 1168/1490/1137 1314/1446/1137 1321/1473/1137 1170/1491/1137
f 1391/1359/1138 1390/1404/1138 1371/1492/1138 1372/1298/1138
f 1145/1493/1139 1268/1477/1139 1383/1428/1139 1252/1427/1139
f 1275/1318/1140 1274/1317/1140 1148/1494/1140 1152/1495/1140
f 1159/1414/1141 1157/1230/1141 1298/1311/1141 1305/1334/1141
f 1251/1470/1142 1249/1471/1142 1384/1496/1142 1381/1337/1142
f 1239/1497/1143 1246/1444/1143 1128/1200/1143 1127/1199/1143
f 1113/1418/1144 1243/1398/1144 1240/1498/1144 1115/1499/1144
f 1328/1251/1145 1206/1481/1145 1205/1480/1145 1341/1252/1145
f 1119/1500/1146 1115/1501/1146 1240/1244/1146 1241/1243/1146
f 1278/1483/1147 1271/1411/1147 1155/1320/1147 1150/1321/1147
f 1257/1472/1148 1253/1248/1148 1129/1322/1148 1127/1502/1148
f 1246/1444/1149 1247/1377/1149 1133/1289/1149 1128/1200/1149
f 1284/1270/1150 1292/1211/1150 1165/1214/1150 1166/1241/1150
f 1222/1467/1151 1370/1217/1151 1389/1272/1151 1362/1271/1151
f 1353/1421/1152 1398/1503/1152 1400/1504/1152 1354/1422/1152
f 1172/1237/1153 1324/1479/1153 1342/1482/1153 1171/1238/1153
f 1353/1421/1154 1216/1476/1154 1322/1505/1154 1398/1503/1154
f 1367/1506/1155 1407/1215/1155 1279/1450/1155 1163/1449/1155
f 1329/1507/1156 1350/1508/1156 1174/1464/1156 1170/1463/1156
f 1372/1298/1157 1222/1297/1157 1362/1356/1157 1391/1359/1157
f 1405/1424/1158 1371/1492/1158 1224/1509/1158 1303/1510/1158
f 1319/1511/1159 1399/1203/1159 1334/1206/1159 1198/1454/1159
f 1346/1326/1160 1318/1512/1160 1180/1513/1160 1179/1327/1160
f 1368/1514/1161 1364/1515/1161 1175/1405/1161 1176/1386/1161
f 1371/1492/1162 1405/1424/1162 1406/1295/1162 1372/1298/1162
f 1392/1516/1163 1306/1517/1163 1174/1518/1163 1294/1519/1163
f 1164/1213/1164 1303/1351/1164 1307/1350/1164 1165/1214/1164
f 1318/1512/1165 1346/1326/1165 1210/1430/1165 1211/1448/1165
f 1400/1504/1166 1311/1520/1166 1191/1521/1166 1351/1522/1166
f 1139/1287/1167 1278/1483/1167 1273/1523/1167 1138/1288/1167
f 1148/1494/1168 1290/1299/1168 1291/1302/1168 1152/1495/1168
f 1169/1524/1169 1347/1447/1169 1314/1446/1169 1168/1490/1169
f 1116/1525/1170 1117/1443/1170 1246/1444/1170 1239/1497/1170
f 1275/1526/1171 1384/1496/1171 1249/1471/1171 1141/1527/1171
f 1360/1281/1172 1220/1259/1172 1228/1353/1172 1368/1514/1172
f 1255/1290/1173 1144/1315/1173 1139/1287/1173 1263/1201/1173
f 1221/1309/1174 1361/1264/1174 1302/1528/1174 1223/1367/1174
f 1232/1442/1175 1403/1256/1175 1242/1255/1175 1123/1529/1175
f 1388/1360/1176 1385/1466/1176 1266/1338/1176 1264/1361/1176
f 1248/1285/1177 1118/1284/1177 1116/1530/1177 1239/1531/1177
f 1359/1469/1178 1302/1468/1178 1169/1524/1178 1168/1490/1178
f 1260/1532/1179 1379/1533/1179 1237/1196/1179 1134/1195/1179
f 1387/1380/1180 1286/1534/1180 1167/1535/1180 1282/1381/1180
f 1357/1536/1181 1358/1333/1181 1397/1332/1181 1396/1437/1181
f 1231/1537/1182 1374/1484/1182 1238/1487/1182 1120/1538/1182
f 1280/1378/1183 1405/1424/1183 1303/1510/1183 1164/1539/1183
f 1323/1407/1184 1327/1406/1184 1201/1265/1184 1200/1268/1184
f 1378/1540/1185 1235/1485/1185 1237/1196/1185 1379/1533/1185
f 1370/1217/1186 1373/1216/1186 1392/1516/1186 1389/1272/1186
f 1269/1275/1187 1273/1409/1187 1149/1277/1187 1151/1278/1187
f 1385/1466/1188 1388/1360/1188 1279/1450/1188 1281/1439/1188
f 1208/1384/1189 1320/1541/1189 1343/1219/1189 1207/1385/1189
f 1264/1361/1190 1266/1338/1190 1381/1337/1190 1384/1496/1190
f 1389/1272/1191 1392/1516/1191 1294/1519/1191 1296/1273/1191
f 1360/1281/1192 1368/1514/1192 1176/1386/1192 1177/1282/1192
f 1120/1542/1193 1238/1462/1193 1244/1376/1193 1121/1375/1193
f 1355/1456/1194 1402/1455/1194 1357/1536/1194 1217/1543/1194
f 1175/1544/1195 1295/1403/1195 1399/1203/1195 1319/1511/1195
f 1363/1312/1196 1298/1311/1196 1157/1230/1196 1158/1229/1196
f 1156/1339/1197 1266/1338/1197 1385/1466/1197 1286/1465/1197
f 1302/1528/1198 1361/1264/1198 1173/1263/1198 1169/1432/1198
f 1229/1260/1199 1220/1259/1199 1360/1281/1199 1308/1236/1199
f 1204/1545/1200 1203/1401/1200 1315/1388/1200 1331/1387/1200
f 1165/1214/1201 1307/1350/1201 1299/1242/1201 1166/1241/1201
f 1237/1196/1202 1235/1485/1202 1374/1484/1202 1375/1197/1202
f 1267/1460/1203 1265/1459/1203 1382/1425/1203 1383/1428/1203
f 1227/1546/1204 1373/1216/1204 1407/1215/1204 1367/1506/1204
f 1350/1508/1205 1329/1507/1205 1213/1547/1205 1214/1548/1205
f 1335/1205/1206 1199/1549/1206 1356/1355/1206 1395/1354/1206
f 1267/1460/1207 1156/1478/1207 1286/1534/1207 1387/1380/1207
f 1236/1257/1208 1234/1391/1208 1380/1457/1208 1377/1279/1208
f 1398/1503/1209 1322/1505/1209 1185/1550/1209 1309/1551/1209
f 1313/1400/1210 1172/1237/1210 1177/1282/1210 1315/1388/1210
f 1334/1206/1211 1335/1205/1211 1395/1354/1211 1402/1455/1211
f 1397/1332/1212 1333/1331/1212 1189/1552/1212 1312/1435/1212
f 1364/1553/1213 1390/1404/1213 1295/1403/1213 1175/1544/1213
f 1382/1425/1214 1265/1459/1214 1153/1554/1214 1272/1555/1214
f 1394/1204/1215 1325/1389/1215 1199/1549/1215 1335/1205/1215
f 1380/1457/1216 1259/1458/1216 1141/1527/1216 1249/1471/1216
f 1277/1293/1217 1272/1292/1217 1153/1451/1217 1154/1329/1217
f 1236/1257/1218 1403/1256/1218 1376/1304/1218 1234/1391/1218
f 1217/1543/1219 1357/1536/1219 1396/1437/1219 1332/1488/1219
f 1254/1247/1220 1125/1323/1220 1129/1322/1220 1253/1248/1220
f 1367/1343/1221 1305/1342/1221 1226/1344/1221 1227/1347/1221
f 1214/1548/1222 1213/1547/1222 1349/1208/1222 1330/1207/1222
f 1343/1219/1223 1320/1541/1223 1182/1556/1223 1184/1220/1223
f 1158/1364/1224 1162/1232/1224 1300/1310/1224 1363/1366/1224
f 1260/1532/1225 1145/1493/1225 1252/1427/1225 1379/1533/1225
f 1231/1537/1226 1233/1452/1226 1375/1197/1226 1374/1484/1226
f 1378/1540/1227 1250/1426/1227 1142/1557/1227 1256/1558/1227
f 1250/1426/1228 1382/1425/1228 1272/1555/1228 1142/1557/1228
f 1204/1545/1229 1340/1369/1229 1339/1368/1229 1203/1401/1229
f 1225/1308/1230 1304/1261/1230 1361/1264/1230 1221/1309/1230
f 1345/1431/1231 1316/1382/1231 1207/1385/1231 1209/1559/1231
f 1343/1219/1232 1326/1222/1232 1209/1559/1232 1207/1385/1232
f 1285/1233/1233 1287/1365/1233 1147/1560/1233 1151/1278/1233
f 1240/1498/1234 1243/1398/1234 1124/1224/1234 1126/1223/1234
f 1296/1273/1235 1294/1519/1235 1401/1423/1235 1393/1419/1235
f 1215/1474/1236 1354/1422/1236 1400/1504/1236 1351/1522/1236
f 1311/1520/1237 1400/1504/1237 1398/1503/1237 1309/1551/1237
f 1402/1455/1238 1395/1354/1238 1358/1333/1238 1357/1536/1238
f 1282/1381/1239 1167/1535/1239 1301/1296/1239 1406/1295/1239
f 1153/1554/1240 1265/1459/1240 1386/1379/1240 1288/1561/1240
f 1386/1379/1241 1280/1378/1241 1164/1539/1241 1288/1561/1241
f 1273/1523/1242 1278/1483/1242 1150/1321/1242 1149/1340/1242
f 1359/1469/1243 1168/1490/1243 1170/1491/1243 1366/1562/1243
f 1248/1285/1244 1239/1531/1244 1127/1502/1244 1129/1322/1244
f 1137/1461/1245 1135/1416/1245 1276/1397/1245 1274/1445/1245
f 1281/1439/1246 1279/1450/1246 1407/1215/1246 1404/1218/1246
f 1352/1475/1247 1401/1423/1247 1294/1519/1247 1174/1518/1247
f 1377/1279/1248 1251/1470/1248 1145/1563/1248 1260/1280/1248
f 1143/1294/1249 1277/1293/1249 1271/1411/1249 1144/1315/1249
f 1295/1403/1250 1297/1358/1250 1394/1204/1250 1399/1203/1250
f 1378/1540/1251 1379/1533/1251 1252/1427/1251 1250/1426/1251
f 1131/1486/1252 1235/1485/1252 1378/1540/1252 1256/1558/1252
f 1224/1509/1253 1371/1492/1253 1390/1404/1253 1364/1553/1253
f 1228/1353/1254 1224/1352/1254 1364/1515/1254 1368/1514/1254
f 1145/1563/1255 1251/1470/1255 1381/1337/1255 1268/1336/1255
f 1152/1362/1256 1264/1361/1256 1384/1496/1256 1275/1526/1256
f 1270/1276/1257 1269/1275/1257 1151/1278/1257 1147/1560/1257
f 1306/1517/1258 1392/1516/1258 1373/1216/1258 1227/1546/1258
f 1146/1396/1259 1147/1395/1259 1287/1228/1259 1283/1227/1259
f 1202/1402/1260 1203/1401/1260 1339/1368/1260 1338/1392/1260
f 1133/1289/1261 1255/1290/1261 1263/1201/1261 1128/1200/1261
f 2622/1564/1262 1658/18/1262 1435/19/1262 2614/1565/1262
f 2266/1566/1263 1657/26/1263 1447/27/1263 2258/1567/1263
f 1967/29/1264 1659/30/1264 1431/31/1264 1640/32/1264
f 1968/33/1265 1655/34/1265 1446/35/1265 1647/36/1265
f 1969/37/1266 1662/38/1266 1433/39/1266 1641/40/1266
f 2232/1568/1267 1672/46/1267 1449/47/1267 2224/1569/1267
f 2130/1570/1268 1664/58/1268 1440/59/1268 2122/1571/1268
f 2571/1572/1269 1666/62/1269 1432/63/1269 2563/1573/1269
f 1973/69/1270 1667/70/1270 1452/71/1270 1649/72/1270
f 2358/1574/1271 1665/24/1271 1444/23/1271 2349/1575/1271
f 2656/1576/1272 1671/76/1272 1438/77/1272 2648/1577/1272
f 2520/1578/1273 1697/96/1273 1465/97/1273 2513/1579/1273
f 1978/99/1274 1673/100/1274 1450/101/1274 1638/102/1274
f 2147/1580/1275 1703/124/1275 1464/125/1275 2140/1581/1275
f 2623/1582/1276 1693/152/1276 1458/153/1276 2615/1583/1276
f 2267/1584/1277 1701/156/1277 1470/157/1277 2259/1585/1277
f 1985/163/1278 1702/164/1278 1454/165/1278 1680/166/1278
f 1986/167/1279 1700/168/1279 1469/169/1279 1687/170/1279
f 1987/171/1280 1705/172/1280 1456/173/1280 1681/174/1280
f 2233/1586/1281 1714/180/1281 1472/181/1281 2225/1587/1281
f 2131/1588/1282 1707/192/1282 1463/193/1282 2123/1589/1282
f 2572/1590/1283 1709/196/1283 1455/197/1283 2564/1591/1283
f 1991/203/1284 1710/204/1284 1475/205/1284 1689/206/1284
f 2359/1592/1285 1708/162/1285 1467/161/1285 2350/1593/1285
f 2657/1594/1286 1713/210/1286 1461/211/1286 2649/1595/1286
f 2521/1596/1287 1739/228/1287 1488/229/1287 2514/1597/1287
f 1996/231/1288 1695/232/1288 1473/233/1288 1678/234/1288
f 2234/1598/1289 1754/236/1289 1495/237/1289 2226/1599/1289
f 2148/1600/1290 1744/256/1290 1487/257/1290 2141/1601/1290
f 2624/1602/1291 1735/284/1291 1481/285/1291 2616/1603/1291
f 2268/1604/1292 1742/288/1292 1493/289/1292 2260/1605/1292
f 2004/295/1293 1743/296/1293 1477/297/1293 1720/298/1293
f 2005/299/1294 1741/300/1294 1492/301/1294 1727/302/1294
f 2006/303/1295 1746/304/1295 1479/305/1295 1721/306/1295
f 2132/1606/1296 1748/320/1296 1486/321/1296 2124/1607/1296
f 2573/1608/1297 1750/324/1297 1478/325/1297 2565/1609/1297
f 2010/331/1298 1734/332/1298 1498/333/1298 1729/334/1298
f 2658/1610/1299 1753/338/1299 1484/339/1299 2650/1611/1299
f 2625/1612/1300 1777/350/1300 1504/351/1300 2617/1613/1300
f 2218/1614/1301 2212/1615/1301 1520/359/1301 1774/360/1301
f 2013/361/1302 1737/362/1302 1496/363/1302 1718/364/1302
f 2522/1616/1303 1780/368/1303 1511/369/1303 2515/1617/1303
f 2219/1618/1304 2213/1619/1304 1543/373/1304 1926/374/1304
f 2149/1620/1305 1785/384/1305 1510/385/1305 2142/1621/1305
f 2269/1622/1306 1783/410/1306 1516/411/1306 2261/1623/1306
f 2021/417/1307 1784/418/1307 1500/419/1307 1760/420/1307
f 2022/421/1308 1782/422/1308 1515/423/1308 1767/424/1308
f 2023/425/1309 1787/426/1309 1502/427/1309 1761/428/1309
f 2133/1624/1310 1789/442/1310 1509/443/1310 2125/1625/1310
f 2574/1626/1311 1791/446/1311 1501/447/1311 2566/1627/1311
f 2027/453/1312 1776/454/1312 1521/455/1312 1769/456/1312
f 2659/1628/1313 1793/460/1313 1507/461/1313 2651/1629/1313
f 2031/479/1314 1779/480/1314 1519/481/1314 1758/482/1314
f 2032/483/1315 1810/484/1315 1537/485/1315 1924/486/1315
f 2626/1630/1316 1930/488/1316 1527/489/1316 2618/1631/1316
f 2523/1632/1317 1821/494/1317 1534/495/1317 2516/1633/1317
f 2237/1634/1318 1891/498/1318 1561/499/1318 2229/1635/1318
f 2150/1636/1319 1826/502/1319 1533/503/1319 2143/1637/1319
f 2270/1638/1320 1935/524/1320 1539/525/1320 2262/1639/1320
f 2038/535/1321 1825/536/1321 1523/537/1321 1800/538/1321
f 2039/539/1322 1934/540/1322 1538/541/1322 1807/542/1322
f 2040/543/1323 1828/544/1323 1525/545/1323 1801/546/1323
f 2134/1640/1324 1830/560/1324 1532/561/1324 2126/1641/1324
f 2575/1642/1325 1832/564/1325 1524/565/1325 2567/1643/1325
f 2044/571/1326 1928/572/1326 1544/573/1326 1809/574/1326
f 2660/1644/1327 1834/578/1327 1530/579/1327 2652/1645/1327
f 2271/1646/1328 1861/582/1328 1573/583/1328 2264/1647/1328
f 2047/597/1329 1929/598/1329 1542/599/1329 1798/600/1329
f 2048/601/1330 1853/602/1330 1562/603/1330 1838/604/1330
f 2049/605/1331 1850/606/1331 1557/607/1331 1854/608/1331
f 2627/1648/1332 1902/610/1332 1550/611/1332 2619/1649/1332
f 2524/1650/1333 1910/616/1333 1590/617/1333 2518/1651/1333
f 2151/1652/1334 1863/624/1334 1554/625/1334 2144/1653/1334
f 2054/653/1335 1862/654/1335 1546/655/1335 1840/656/1335
f 2055/657/1336 1886/658/1336 1558/659/1336 1847/660/1336
f 2056/661/1337 1865/662/1337 1548/663/1337 1841/664/1337
f 2221/1654/1338 2206/1655/1338 1577/675/1338 1856/676/1338
f 2135/1656/1339 1866/678/1339 1553/679/1339 2127/1657/1339
f 2576/1658/1340 1868/682/1340 1547/683/1340 2568/1659/1340
f 2059/689/1341 1879/690/1341 1564/691/1341 1849/692/1341
f 2363/1660/1342 1867/694/1342 1556/695/1342 2354/1661/1342
f 2661/1662/1343 1870/698/1343 1551/699/1343 2653/1663/1343
f 2152/1664/1344 1660/714/1344 1441/715/1344 2139/1665/1344
f 2064/723/1345 1880/724/1345 1569/621/1345 1876/620/1345
f 2067/735/1346 1872/736/1346 1572/737/1346 1883/738/1346
f 2272/1666/1347 1884/740/1347 1559/741/1347 2263/1667/1347
f 2068/743/1348 1874/744/1348 1575/745/1348 1887/746/1348
f 2070/751/1349 1889/752/1349 1576/753/1349 1892/754/1349
f 2136/1668/1350 1893/766/1350 1579/767/1350 2128/1669/1350
f 2525/1670/1351 1859/770/1351 1555/771/1351 2517/1671/1351
f 2153/1672/1352 1896/780/1352 1581/781/1352 2145/1673/1352
f 2662/1674/1353 1897/784/1353 1582/785/1353 2654/1675/1353
f 2628/1676/1354 1858/788/1354 1585/789/1354 2620/1677/1354
f 2077/803/1355 1906/804/1355 1587/805/1355 1909/806/1355
f 2577/1678/1356 1907/808/1356 1588/809/1356 2569/1679/1356
f 2080/823/1357 1911/824/1357 1591/825/1357 1913/826/1357
f 2365/1680/1358 1917/836/1358 1593/837/1358 2356/1681/1358
f 2083/839/1359 1920/840/1359 1592/641/1359 1916/640/1359
f 2085/849/1360 1919/850/1360 1595/851/1360 1923/852/1360
f 2526/1682/1361 1653/854/1361 1442/855/1361 2512/1683/1361
f 2222/1684/1362 2207/1685/1362 1598/859/1362 1815/860/1362
f 2088/865/1363 1948/866/1363 1596/867/1363 1813/868/1363
f 2629/1686/1364 1819/870/1364 1602/871/1364 2621/1687/1364
f 2527/1688/1365 1932/876/1365 1604/877/1365 2519/1689/1365
f 2154/1690/1366 1937/880/1366 1609/881/1366 2146/1691/1366
f 2273/1692/1367 1824/902/1367 1607/903/1367 2265/1693/1367
f 2094/913/1368 1936/914/1368 1608/915/1368 1954/916/1368
f 2095/917/1369 1823/918/1369 1606/919/1369 1955/920/1369
f 2096/921/1370 1939/922/1370 1611/923/1370 1956/924/1370
f 2137/1694/1371 1941/938/1371 1613/939/1371 2129/1695/1371
f 2578/1696/1372 1943/942/1372 1615/943/1372 2570/1697/1372
f 2100/949/1373 1817/950/1373 1600/951/1373 1960/952/1373
f 2663/1698/1374 1945/956/1374 1617/957/1374 2655/1699/1374
f 2103/971/1375 1818/972/1375 1601/973/1375 1963/974/1375
f 1654/10/1376 1965/5/1376 1646/8/1376 1453/11/1376
f 1430/978/1377 1629/979/1377 1965/5/1377 1654/10/1377
f 1674/985/1378 1966/13/1378 1650/16/1378 1445/986/1378
f 1422/987/1379 1633/988/1379 1966/13/1379 1674/985/1379
f 2613/1700/1380 1412/992/1380 1658/18/1380 2622/1564/1380
f 2257/1701/1381 1424/975/1381 1657/26/1381 2266/1566/1381
f 1623/998/1382 1408/999/1382 1659/30/1382 1967/29/1382
f 1630/1000/1383 1423/1001/1383 1655/34/1383 1968/33/1383
f 1624/1003/1384 1410/1004/1384 1662/38/1384 1969/37/1384
f 1661/1005/1385 1970/41/1385 1636/44/1385 1437/1006/1385
f 1414/1007/1386 1619/1008/1386 1970/41/1386 1661/1005/1386
f 2223/1702/1387 1426/1012/1387 1672/46/1387 2232/1568/1387
f 2121/1703/1388 1417/1015/1388 1664/58/1388 2130/1570/1388
f 2562/1704/1389 1409/1002/1389 1666/62/1389 2571/1572/1389
f 2588/1705/1390 1972/65/1390 1642/68/1390 2582/1706/1390
f 2581/1707/1391 1625/1026/1391 1972/65/1391 2588/1705/1391
f 1632/1027/1392 1429/1028/1392 1667/70/1392 1973/69/1392
f 2348/1708/1393 1421/994/1393 1665/24/1393 2358/1574/1393
f 2647/1709/1394 1415/1034/1394 1671/76/1394 2656/1576/1394
f 2512/1683/1395 1442/855/1395 1697/96/1395 2520/1578/1395
f 1621/1040/1396 1427/1041/1396 1673/100/1396 1978/99/1396
f 2139/1665/1397 1441/715/1397 1703/124/1397 2147/1580/1397
f 1698/148/1398 1983/139/1398 1686/142/1398 1476/149/1398
f 1453/11/361 1646/8/361 1983/139/361 1698/148/361
f 1715/1057/1399 1984/143/1399 1690/146/1399 1468/1058/1399
f 1445/986/364 1650/16/364 1984/143/364 1715/1057/364
f 2614/1565/1400 1435/19/1400 1693/152/1400 2623/1582/1400
f 2258/1567/1401 1447/27/1401 1701/156/1401 2267/1584/1401
f 1640/32/1402 1431/31/1402 1702/164/1402 1985/163/1402
f 1647/36/383 1446/35/383 1700/168/383 1986/167/383
f 1641/40/1403 1433/39/1403 1705/172/1403 1987/171/1403
f 1704/1061/1404 1988/175/1404 1676/178/1404 1460/1062/1404
f 1437/1006/388 1636/44/388 1988/175/388 1704/1061/388
f 2224/1569/1405 1449/47/1405 1714/180/1405 2233/1586/1405
f 2122/1571/1406 1440/59/1406 1707/192/1406 2131/1588/1406
f 2563/1573/1407 1432/63/1407 1709/196/1407 2572/1590/1407
f 2589/1710/1408 1990/199/1408 1682/202/1408 2583/1711/1408
f 2582/1706/1409 1642/68/1409 1990/199/1409 2589/1710/1409
f 1649/72/1410 1452/71/1410 1710/204/1410 1991/203/1410
f 2349/1575/1411 1444/23/1411 1708/162/1411 2359/1592/1411
f 2648/1577/1412 1438/77/1412 1713/210/1412 2657/1594/1412
f 2513/1579/1413 1465/97/1413 1739/228/1413 2521/1596/1413
f 1638/102/1414 1450/101/1414 1695/232/1414 1996/231/1414
f 2225/1587/1415 1472/181/1415 1754/236/1415 2234/1598/1415
f 2183/1712/1416 1998/243/1416 1719/246/1416 2177/1713/1416
f 2176/1714/1417 1679/222/1417 1998/243/1417 2183/1712/1417
f 2140/1581/1418 1464/125/1418 1744/256/1418 2148/1600/1418
f 1740/280/1419 2002/271/1419 1726/274/1419 1499/281/1419
f 1476/149/1420 1686/142/1420 2002/271/1420 1740/280/1420
f 1755/1073/1421 2003/275/1421 1730/278/1421 1491/1074/1421
f 1468/1058/1422 1690/146/1422 2003/275/1422 1755/1073/1422
f 2615/1583/1423 1458/153/1423 1735/284/1423 2624/1602/1423
f 2259/1585/1424 1470/157/1424 1742/288/1424 2268/1604/1424
f 1680/166/1425 1454/165/1425 1743/296/1425 2004/295/1425
f 1687/170/1426 1469/169/1426 1741/300/1426 2005/299/1426
f 1681/174/1427 1456/173/1427 1746/304/1427 2006/303/1427
f 1745/1077/1428 2007/307/1428 1716/310/1428 1483/1078/1428
f 1460/1062/1429 1676/178/1429 2007/307/1429 1745/1077/1429
f 2123/1589/1430 1463/193/1430 1748/320/1430 2132/1606/1430
f 2564/1591/1431 1455/197/1431 1750/324/1431 2573/1608/1431
f 2590/1715/1432 2009/327/1432 1722/330/1432 2584/1716/1432
f 2583/1711/1433 1682/202/1433 2009/327/1433 2590/1715/1433
f 1689/206/1434 1475/205/1434 1734/332/1434 2010/331/1434
f 2343/1717/1435 2334/1718/1435 2011/335/1435 1685/208/1435
f 2334/1718/1436 2344/1719/1436 1725/336/1436 2011/335/1436
f 2649/1595/1437 1461/211/1437 1753/338/1437 2658/1610/1437
f 2616/1603/1438 1481/285/1438 1777/350/1438 2625/1612/1438
f 2211/1720/1439 2218/1614/1439 1774/360/1439 1497/265/1439
f 1678/234/1440 1473/233/1440 1737/362/1440 2013/361/1440
f 2514/1597/1441 1488/229/1441 1780/368/1441 2522/1616/1441
f 2207/1685/1442 2219/1618/1442 1926/374/1442 1598/859/1442
f 2141/1601/1443 1487/257/1443 1785/384/1443 2149/1620/1443
f 1781/406/1444 2019/397/1444 1766/400/1444 1522/407/1444
f 1499/281/1445 1726/274/1445 2019/397/1445 1781/406/1445
f 1795/1094/1446 2020/401/1446 1770/404/1446 1514/1095/1446
f 1491/1074/1447 1730/278/1447 2020/401/1447 1795/1094/1447
f 2260/1605/1448 1493/289/1448 1783/410/1448 2269/1622/1448
f 1720/298/1449 1477/297/1449 1784/418/1449 2021/417/1449
f 1727/302/1450 1492/301/1450 1782/422/1450 2022/421/1450
f 1721/306/1451 1479/305/1451 1787/426/1451 2023/425/1451
f 1786/1098/1452 2024/429/1452 1756/432/1452 1506/1099/1452
f 1483/1078/1453 1716/310/1453 2024/429/1453 1786/1098/1453
f 2124/1607/1454 1486/321/1454 1789/442/1454 2133/1624/1454
f 2565/1609/1455 1478/325/1455 1791/446/1455 2574/1626/1455
f 2591/1721/1456 2026/449/1456 1762/452/1456 2585/1722/1456
f 2584/1716/1457 1722/330/1457 2026/449/1457 2591/1721/1457
f 1729/334/1458 1498/333/1458 1776/454/1458 2027/453/1458
f 2344/1719/1459 2335/1723/1459 2028/457/1459 1725/336/1459
f 2335/1723/1460 2345/1724/1460 1765/458/1460 2028/457/1460
f 2650/1611/1461 1484/339/1461 1793/460/1461 2659/1628/1461
f 1718/364/1462 1496/363/1462 1779/480/1462 2031/479/1462
f 1948/866/1463 2032/483/1463 1924/486/1463 1596/867/1463
f 2621/1687/1464 1602/871/1464 1930/488/1464 2626/1630/1464
f 2519/1689/1465 1604/877/1465 1821/494/1465 2523/1632/1465
f 2230/1725/1466 1578/1112/1466 1891/498/1466 2237/1634/1466
f 2146/1691/1467 1609/881/1467 1826/502/1467 2150/1636/1467
f 1933/528/1468 2037/519/1468 1806/522/1468 1545/529/1468
f 1605/907/1469 1953/900/1469 2037/519/1469 1933/528/1469
f 2265/1693/1470 1607/903/1470 1935/524/1470 2270/1638/1470
f 1954/916/1471 1608/915/1471 1825/536/1471 2038/535/1471
f 1955/920/1472 1606/919/1472 1934/540/1472 2039/539/1472
f 1956/924/1473 1611/923/1473 1828/544/1473 2040/543/1473
f 1938/1119/1474 2041/547/1474 1796/550/1474 1529/1120/1474
f 1610/1121/1475 1957/928/1475 2041/547/1475 1938/1119/1475
f 2129/1695/1476 1613/939/1476 1830/560/1476 2134/1640/1476
f 2570/1697/1477 1615/943/1477 1832/564/1477 2575/1642/1477
f 2592/1726/1478 2043/567/1478 1802/570/1478 2586/1727/1478
f 2580/1728/1479 1959/948/1479 2043/567/1479 2592/1726/1479
f 1960/952/1480 1600/951/1480 1928/572/1480 2044/571/1480
f 2331/1729/1481 2336/1730/1481 2045/575/1481 1961/954/1481
f 2336/1730/1482 2346/1731/1482 1805/576/1482 2045/575/1482
f 2655/1699/1483 1617/957/1483 1834/578/1483 2660/1644/1483
f 2262/1639/1484 1539/525/1484 1861/582/1484 2271/1646/1484
f 1963/974/1485 1601/973/1485 1929/598/1485 2047/597/1485
f 1892/754/1486 1576/753/1486 1853/602/1486 2048/601/1486
f 1920/840/1487 2049/605/1487 1854/608/1487 1592/641/1487
f 2620/1677/1488 1585/789/1488 1902/610/1488 2627/1648/1488
f 2516/1633/1489 1534/495/1489 1910/616/1489 2524/1650/1489
f 2145/1673/1490 1581/781/1490 1863/624/1490 2151/1652/1490
f 1877/648/1491 2053/643/1491 1846/646/1491 1565/649/1491
f 1594/847/1492 1921/844/1492 2053/643/1492 1877/648/1492
f 1913/826/1493 1591/825/1493 1862/654/1493 2054/653/1493
f 1887/746/1494 1575/745/1494 1886/658/1494 2055/657/1494
f 1909/806/1495 1587/805/1495 1865/662/1495 2056/661/1495
f 1903/1150/1496 2057/665/1496 1836/668/1496 1567/1151/1496
f 1586/1152/1497 1904/798/1497 2057/665/1497 1903/1150/1497
f 2213/1619/1498 2221/1654/1498 1856/676/1498 1543/373/1498
f 2128/1669/1499 1579/767/1499 1866/678/1499 2135/1656/1499
f 2569/1679/1500 1588/809/1500 1868/682/1500 2576/1658/1500
f 2593/1732/1501 2058/685/1501 1842/688/1501 2587/1733/1501
f 2579/1734/1502 1905/802/1502 2058/685/1502 2593/1732/1502
f 1923/852/1503 1595/851/1503 1879/690/1503 2059/689/1503
f 2356/1681/1504 1593/837/1504 1867/694/1504 2363/1660/1504
f 2654/1675/1505 1582/785/1505 1870/698/1505 2661/1662/1505
f 2138/1735/1506 1418/1164/1506 1660/714/1506 2152/1664/1506
f 2346/1731/1507 2338/1736/1507 2063/719/1507 1805/576/1507
f 2338/1736/1508 2329/1737/1508 1882/720/1508 2063/719/1508
f 1810/484/1509 2064/723/1509 1876/620/1509 1537/485/1509
f 1860/732/1510 2066/729/1510 1881/730/1510 1570/733/1510
f 1545/529/1511 1806/522/1511 2066/729/1511 1860/732/1511
f 1809/574/1512 1544/573/1512 1872/736/1512 2067/735/1512
f 2264/1647/1513 1573/583/1513 1884/740/1513 2272/1666/1513
f 1807/542/1514 1538/541/1514 1874/744/1514 2068/743/1514
f 1798/600/1515 1542/599/1515 1889/752/1515 2070/751/1515
f 2126/1641/1516 1532/561/1516 1893/766/1516 2136/1668/1516
f 2518/1651/1517 1590/617/1517 1859/770/1517 2525/1670/1517
f 2143/1637/1518 1533/503/1518 1896/780/1518 2153/1672/1518
f 2652/1645/1519 1530/579/1519 1897/784/1519 2662/1674/1519
f 2618/1631/1520 1527/489/1520 1858/788/1520 2628/1676/1520
f 1864/1176/1521 2075/795/1521 1904/798/1521 1586/1152/1521
f 1529/1120/1522 1796/550/1522 2075/795/1522 1864/1176/1522
f 2594/1738/1523 2076/799/1523 1905/802/1523 2579/1734/1523
f 2586/1727/1524 1802/570/1524 2076/799/1524 2594/1738/1524
f 1801/546/1525 1525/545/1525 1906/804/1525 2077/803/1525
f 2567/1643/1526 1524/565/1526 1907/808/1526 2577/1678/1526
f 1800/538/1527 1523/537/1527 1911/824/1527 2080/823/1527
f 2355/1739/1528 1571/1143/1528 1917/836/1528 2365/1680/1528
f 1880/724/1529 2083/839/1529 1916/640/1529 1569/621/1529
f 1918/846/1530 2084/841/1530 1921/844/1530 1594/847/1530
f 1570/733/1531 1881/730/1531 2084/841/1531 1918/846/1531
f 1883/738/1532 1572/737/1532 1919/850/1532 2085/849/1532
f 2511/1740/1533 1419/1038/1533 1653/854/1533 2526/1682/1533
f 2212/1615/1534 2222/1684/1534 1815/860/1534 1520/359/1534
f 1770/404/1535 2088/865/1535 1813/868/1535 1514/1095/1535
f 2617/1613/1536 1504/351/1536 1819/870/1536 2629/1686/1536
f 2515/1617/1537 1511/369/1537 1932/876/1537 2527/1688/1537
f 2142/1621/1538 1510/385/1538 1937/880/1538 2154/1690/1538
f 1822/906/1539 2093/897/1539 1953/900/1539 1605/907/1539
f 1522/407/1540 1766/400/1540 2093/897/1540 1822/906/1540
f 2261/1623/1541 1516/411/1541 1824/902/1541 2273/1692/1541
f 1760/420/1542 1500/419/1542 1936/914/1542 2094/913/1542
f 1767/424/1543 1515/423/1543 1823/918/1543 2095/917/1543
f 1761/428/1544 1502/427/1544 1939/922/1544 2096/921/1544
f 1827/1187/1545 2097/925/1545 1957/928/1545 1610/1121/1545
f 1506/1099/1546 1756/432/1546 2097/925/1546 1827/1187/1546
f 2125/1625/1547 1509/443/1547 1941/938/1547 2137/1694/1547
f 2566/1627/1548 1501/447/1548 1943/942/1548 2578/1696/1548
f 2595/1741/1549 2099/945/1549 1959/948/1549 2580/1728/1549
f 2585/1722/1550 1762/452/1550 2099/945/1550 2595/1741/1550
f 1769/456/1551 1521/455/1551 1817/950/1551 2100/949/1551
f 2345/1724/1552 2340/1742/1552 2101/953/1552 1765/458/1552
f 2340/1742/1553 2331/1729/1553 1961/954/1553 2101/953/1553
f 2651/1629/1554 1507/461/1554 1945/956/1554 2663/1698/1554
f 1758/482/1555 1519/481/1555 1818/972/1555 2103/971/1555
f 1971/53/1556 2113/1743/1556 2105/1744/1556 1637/56/1556
f 1989/187/1557 2114/1745/1557 2106/1746/1557 1677/190/1557
f 2008/315/1558 2115/1747/1558 2107/1748/1558 1717/318/1558
f 2025/433/1559 2116/1749/1559 2108/1750/1559 1757/436/1559
f 2042/555/1560 2117/1751/1560 2109/1752/1560 1797/558/1560
f 2069/747/1561 2118/1753/1561 2110/1754/1561 1837/750/1561
f 2071/755/1562 2119/1755/1562 2111/1756/1562 1894/758/1562
f 2098/933/1563 2120/1757/1563 2112/1758/1563 1958/936/1563
f 1620/1016/1564 2104/1759/1564 2113/1743/1564 1971/53/1564
f 1637/56/1565 2105/1744/1565 2114/1745/1565 1989/187/1565
f 1677/190/1566 2106/1746/1566 2115/1747/1566 2008/315/1566
f 1717/318/1567 2107/1748/1567 2116/1749/1567 2025/433/1567
f 1958/936/1568 2112/1758/1568 2117/1751/1568 2042/555/1568
f 1894/758/1569 2111/1756/1569 2118/1753/1569 2069/747/1569
f 1797/558/1570 2109/1752/1570 2119/1755/1570 2071/755/1570
f 1757/436/1571 2108/1750/1571 2120/1757/1571 2098/933/1571
f 1699/1055/1572 2164/1760/1572 2157/1761/1572 1462/1056/1572
f 1439/1046/1573 2156/1762/1573 2164/1760/1573 1699/1055/1573
f 1733/244/1574 2165/1763/1574 2158/1764/1574 1485/245/1574
f 1462/1056/1575 2157/1761/1575 2165/1763/1575 1733/244/1575
f 1775/1087/1576 2166/1765/1576 2159/1766/1576 1508/1088/1576
f 1485/245/1577 2158/1764/1577 2166/1765/1577 1775/1087/1577
f 1816/1110/1578 2167/1767/1578 2160/1768/1578 1531/1111/1578
f 1599/1109/1579 2163/1769/1579 2167/1767/1579 1816/1110/1579
f 1857/1140/1580 2168/1770/1580 2161/1771/1580 1552/1141/1580
f 1580/1139/1581 2162/1772/1581 2168/1770/1581 1857/1140/1581
f 1656/1045/1582 2169/1773/1582 2156/1762/1582 1439/1046/1582
f 1416/1044/1583 2155/1774/1583 2169/1773/1583 1656/1045/1583
f 1895/1174/1584 2170/1775/1584 2162/1772/1584 1580/1139/1584
f 1531/1111/1585 2160/1768/1585 2170/1775/1585 1895/1174/1585
f 1927/1184/1586 2171/1776/1586 2163/1769/1586 1599/1109/1586
f 1508/1088/1587 2159/1766/1587 2171/1776/1587 1927/1184/1587
f 1979/103/1588 1639/104/1588 2175/1777/1588 2181/1778/1588
f 1993/221/1589 1679/222/1589 2176/1714/1589 2182/1779/1589
f 2014/365/1590 1759/366/1590 2178/1780/1590 2184/1781/1590
f 2033/491/1591 1799/492/1591 2179/1782/1591 2185/1783/1591
f 2050/613/1592 1839/614/1592 2180/1784/1592 2186/1785/1592
f 2074/777/1593 1900/778/1593 2172/1786/1593 2187/1787/1593
f 2089/873/1594 1949/874/1594 2173/1788/1594 2188/1789/1594
f 1622/1042/1595 1979/103/1595 2181/1778/1595 2174/1790/1595
f 1639/104/1596 1993/221/1596 2182/1779/1596 2175/1777/1596
f 1719/246/1597 2014/365/1597 2184/1781/1597 2177/1713/1597
f 1949/874/1598 2033/491/1598 2185/1783/1598 2173/1788/1598
f 1900/778/1599 2050/613/1599 2186/1785/1599 2172/1786/1599
f 1799/492/1600 2074/777/1600 2187/1787/1600 2179/1782/1600
f 1759/366/1601 2089/873/1601 2188/1789/1601 2178/1780/1601
f 1975/79/1602 2198/1791/1602 2191/1792/1602 1684/82/1602
f 1980/107/1603 2199/1793/1603 2192/1794/1603 1724/110/1603
f 1999/247/1604 2200/1795/1604 2193/1796/1604 1764/250/1604
f 2016/375/1605 2201/1797/1605 2194/1798/1605 1804/378/1605
f 2029/471/1606 2202/1799/1606 2195/1800/1606 1844/474/1606
f 2062/717/1607 2203/1801/1607 2190/1802/1607 1644/718/1607
f 2073/773/1608 2204/1803/1608 2196/1804/1608 1899/776/1608
f 2087/861/1609 2205/1805/1609 2197/1806/1609 1947/864/1609
f 1644/718/1610 2190/1802/1610 2198/1791/1610 1975/79/1610
f 1684/82/1611 2191/1792/1611 2199/1793/1611 1980/107/1611
f 1724/110/1612 2192/1794/1612 2200/1795/1612 1999/247/1612
f 1947/864/1613 2197/1806/1613 2201/1797/1613 2016/375/1613
f 1899/776/1614 2196/1804/1614 2202/1799/1614 2029/471/1614
f 1627/1165/1615 2189/1807/1615 2203/1801/1615 2062/717/1615
f 1804/378/1616 2194/1798/1616 2204/1803/1616 2073/773/1616
f 1764/250/1617 2193/1796/1617 2205/1805/1617 2087/861/1617
f 1675/120/1618 2215/1808/1618 2209/1809/1618 1451/121/1618
f 1428/1010/1619 2208/1810/1619 2215/1808/1619 1675/120/1619
f 1696/132/1620 2216/1811/1620 2210/1812/1620 1474/133/1620
f 1451/121/1621 2209/1809/1621 2216/1811/1621 1696/132/1621
f 1738/264/1622 2217/1813/1622 2211/1720/1622 1497/265/1622
f 1474/133/1623 2210/1812/1623 2217/1813/1623 1738/264/1623
f 1890/636/1624 2220/1814/1624 2214/1815/1624 1563/637/1624
f 1577/675/1625 2206/1655/1625 2220/1814/1625 1890/636/1625
f 1495/237/1626 1794/1085/1626 2235/1816/1626 2226/1599/1626
f 1794/1085/1627 1518/1086/1627 2227/1817/1627 2235/1816/1627
f 1618/1089/1628 1946/1090/1628 2236/1818/1628 2231/1819/1628
f 1946/1090/1629 1541/1091/1629 2228/1820/1629 2236/1818/1629
f 1541/1091/1630 1871/1153/1630 2238/1821/1630 2228/1820/1630
f 1871/1153/1631 1578/1112/1631 2230/1725/1631 2238/1821/1631
f 1518/1086/1632 1835/1182/1632 2239/1822/1632 2227/1817/1632
f 1835/1182/1633 1618/1089/1633 2231/1819/1633 2239/1822/1633
f 1669/88/1634 2249/1823/1634 2243/1824/1634 1448/89/1634
f 1425/995/1635 2242/1825/1635 2249/1823/1635 1669/88/1635
f 1712/218/1636 2250/1826/1636 2244/1827/1636 1471/219/1636
f 1448/89/1637 2243/1824/1637 2250/1826/1637 1712/218/1637
f 1752/342/1638 2251/1828/1638 2245/1829/1638 1494/343/1638
f 1471/219/1639 2244/1827/1639 2251/1828/1639 1752/342/1639
f 1792/468/1640 2252/1830/1640 2246/1831/1640 1517/469/1640
f 1494/343/1641 2245/1829/1641 2252/1830/1641 1792/468/1641
f 1944/590/1642 2253/1832/1642 2247/1833/1642 1540/591/1642
f 1616/965/1643 2241/1834/1643 2253/1832/1643 1944/590/1643
f 1869/1131/1644 2254/1835/1644 2240/1836/1644 1574/1132/1644
f 1540/591/1645 2247/1833/1645 2254/1835/1645 1869/1131/1645
f 1885/1170/1646 2255/1837/1646 2248/1838/1646 1560/1171/1646
f 1574/1132/1647 2240/1836/1647 2255/1837/1647 1885/1170/1647
f 1833/964/1648 2256/1839/1648 2241/1834/1648 1616/965/1648
f 1517/469/1649 2246/1831/1649 2256/1839/1649 1833/964/1649
f 1964/1/1650 2283/1840/1650 2275/1841/1650 1652/4/1650
f 1982/135/1651 2284/1842/1651 2276/1843/1651 1692/138/1651
f 2001/267/1652 2285/1844/1652 2277/1845/1652 1732/270/1652
f 2018/393/1653 2286/1846/1653 2278/1847/1653 1772/396/1653
f 2036/515/1654 2287/1848/1654 2279/1849/1654 1812/518/1654
f 2065/725/1655 2288/1850/1655 2281/1851/1655 1888/728/1655
f 2079/819/1656 2289/1852/1656 2280/1853/1656 1852/822/1656
f 2092/893/1657 2290/1854/1657 2282/1855/1657 1952/896/1657
f 1635/976/1658 2274/1856/1658 2283/1840/1658 1964/1/1658
f 1652/4/1659 2275/1841/1659 2284/1842/1659 1982/135/1659
f 1692/138/1660 2276/1843/1660 2285/1844/1660 2001/267/1660
f 1732/270/1661 2277/1845/1661 2286/1846/1661 2018/393/1661
f 1952/896/1662 2282/1855/1662 2287/1848/1662 2036/515/1662
f 1812/518/1663 2279/1849/1663 2288/1850/1663 2065/725/1663
f 1888/728/1664 2281/1851/1664 2289/1852/1664 2079/819/1664
f 1772/396/1665 2278/1847/1665 2290/1854/1665 2092/893/1665
f 2313/1857/1666 2301/1858/1666 2295/1859/1666 2323/1860/1666
f 2322/1861/1667 2294/1862/1667 2301/1858/1667 2313/1857/1667
f 2314/1863/1668 2302/1864/1668 2296/1865/1668 2324/1866/1668
f 2323/1860/1669 2295/1859/1669 2302/1864/1669 2314/1863/1669
f 2318/1867/1670 2306/1868/1670 2300/1869/1670 2328/1870/1670
f 2311/1871/1671 2292/1872/1671 2306/1868/1671 2318/1867/1671
f 2320/1873/1672 2308/1874/1672 2292/1872/1672 2311/1871/1672
f 2310/1875/1673 2291/1876/1673 2308/1874/1673 2320/1873/1673
f 2303/1877/1674 2297/1878/1674 2325/1879/1674 2315/1880/1674
f 2304/1881/1675 2298/1882/1675 2326/1883/1675 2316/1884/1675
f 2305/1885/1676 2299/1886/1676 2327/1887/1676 2317/1888/1676
f 2307/1889/1677 2291/1876/1677 2310/1875/1677 2319/1890/1677
f 2309/1891/1678 2293/1892/1678 2312/1893/1678 2321/1894/1678
f 2296/1865/1679 2303/1877/1679 2315/1880/1679 2324/1866/1679
f 2297/1878/1680 2304/1881/1680 2316/1884/1680 2325/1879/1680
f 2293/1892/1681 2305/1885/1681 2317/1888/1681 2312/1893/1681
f 2299/1886/1682 2307/1889/1682 2319/1890/1682 2327/1887/1682
f 2298/1882/1683 2309/1891/1683 2321/1894/1683 2326/1883/1683
f 1974/73/1684 2332/1895/1684 2342/1896/1684 1645/74/1684
f 1992/207/1685 2333/1897/1685 2343/1717/1685 1685/208/1685
f 2060/693/1686 2337/1898/1686 2347/1899/1686 1845/696/1686
f 2082/835/1687 2339/1900/1687 2330/1901/1687 1922/838/1687
f 1628/1029/1688 2341/1902/1688 2332/1895/1688 1974/73/1688
f 1645/74/1689 2342/1896/1689 2333/1897/1689 1992/207/1689
f 1922/838/1690 2330/1901/1690 2337/1898/1690 2060/693/1690
f 1882/720/1691 2329/1737/1691 2339/1900/1691 2082/835/1691
f 1467/161/1692 1749/294/1692 2360/1903/1692 2350/1593/1692
f 1749/294/1693 1490/293/1693 2351/1904/1693 2360/1903/1693
f 1490/293/1694 1790/416/1694 2361/1905/1694 2351/1904/1694
f 1790/416/1695 1513/415/1695 2352/1906/1695 2361/1905/1695
f 1614/911/1696 1831/534/1696 2362/1907/1696 2357/1908/1696
f 1831/534/1697 1536/533/1697 2353/1909/1697 2362/1907/1697
f 1536/533/1698 1878/1142/1698 2364/1910/1698 2353/1909/1698
f 1878/1142/1699 1571/1143/1699 2355/1739/1699 2364/1910/1699
f 1513/415/1700 1942/912/1700 2366/1911/1700 2352/1906/1700
f 1942/912/1701 1614/911/1701 2357/1908/1701 2366/1911/1701
f 2396/1912/1702 2387/1913/1702 2368/1914/1702 2377/1915/1702
f 2397/1916/1703 2388/1917/1703 2369/1918/1703 2378/1919/1703
f 2398/1920/1704 2389/1921/1704 2370/1922/1704 2379/1923/1704
f 2399/1924/1705 2390/1925/1705 2371/1926/1705 2380/1927/1705
f 2400/1928/1706 2391/1929/1706 2372/1930/1706 2381/1931/1706
f 2404/1932/1707 2395/1933/1707 2376/1934/1707 2385/1935/1707
f 2386/1936/1708 2396/1912/1708 2377/1915/1708 2367/1937/1708
f 2387/1913/1709 2397/1916/1709 2378/1919/1709 2368/1914/1709
f 2388/1917/1710 2398/1920/1710 2379/1923/1710 2369/1918/1710
f 2389/1921/1711 2399/1924/1711 2380/1927/1711 2370/1922/1711
f 2395/1933/1712 2400/1928/1712 2381/1931/1712 2376/1934/1712
f 2390/1925/1713 2404/1932/1713 2385/1935/1713 2371/1926/1713
f 2382/1938/1714 2401/1939/1714 2393/1940/1714 2374/1941/1714
f 2372/1930/1715 2391/1929/1715 2401/1939/1715 2382/1938/1715
f 2383/1942/1716 2402/1943/1716 2394/1944/1716 2375/1945/1716
f 2374/1941/1717 2393/1940/1717 2402/1943/1717 2383/1942/1717
f 2384/1946/1718 2403/1947/1718 2392/1948/1718 2373/1949/1718
f 2375/1945/1719 2394/1944/1719 2403/1947/1719 2384/1946/1719
f 2439/1950/1720 2420/1951/1720 2412/1952/1720 2431/1953/1720
f 2440/1954/1721 2421/1955/1721 2413/1956/1721 2432/1957/1721
f 2441/1958/1722 2422/1959/1722 2411/1960/1722 2430/1961/1722
f 2429/1962/1723 2410/1963/1723 2420/1951/1723 2439/1950/1723
f 2431/1953/1724 2412/1952/1724 2421/1955/1724 2440/1954/1724
f 2432/1957/1725 2413/1956/1725 2422/1959/1725 2441/1958/1725
f 2405/1964/1726 2415/1965/1726 2434/1966/1726 2424/1967/1726
f 2415/1965/1727 2406/1968/1727 2425/1969/1727 2434/1966/1727
f 2406/1968/1728 2416/1970/1728 2435/1971/1728 2425/1969/1728
f 2416/1970/1729 2407/1972/1729 2426/1973/1729 2435/1971/1729
f 2407/1972/1730 2417/1974/1730 2436/1975/1730 2426/1973/1730
f 2417/1974/1731 2408/1976/1731 2427/1977/1731 2436/1975/1731
f 2408/1976/1732 2418/1978/1732 2437/1979/1732 2427/1977/1732
f 2418/1978/1733 2409/1980/1733 2428/1981/1733 2437/1979/1733
f 2414/1982/1734 2419/1983/1734 2438/1984/1734 2433/1985/1734
f 2419/1983/1735 2410/1963/1735 2429/1962/1735 2438/1984/1735
f 2409/1980/1736 2423/1986/1736 2442/1987/1736 2428/1981/1736
f 2423/1986/1737 2414/1982/1737 2433/1985/1737 2442/1987/1737
f 1981/111/1738 2452/1988/1738 2444/1989/1738 1651/114/1738
f 1997/239/1739 2453/1990/1739 2445/1991/1739 1691/242/1739
f 2000/251/1740 2454/1992/1740 2446/1993/1740 1731/254/1740
f 2017/379/1741 2455/1994/1741 2447/1995/1741 1771/382/1741
f 2035/505/1742 2456/1996/1742 2448/1997/1742 1811/508/1742
f 2052/627/1743 2457/1998/1743 2449/1999/1743 1851/630/1743
f 2078/815/1744 2458/2000/1744 2450/2001/1744 1912/818/1744
f 2091/883/1745 2459/2002/1745 2451/2003/1745 1951/886/1745
f 1634/1050/1746 2443/2004/1746 2452/1988/1746 1981/111/1746
f 1651/114/1747 2444/1989/1747 2453/1990/1747 1997/239/1747
f 1691/242/1748 2445/1991/1748 2454/1992/1748 2000/251/1748
f 1731/254/1749 2446/1993/1749 2455/1994/1749 2017/379/1749
f 1951/886/1750 2451/2003/1750 2456/1996/1750 2035/505/1750
f 1912/818/1751 2450/2001/1751 2457/1998/1751 2052/627/1751
f 1811/508/1752 2448/1997/1752 2458/2000/1752 2078/815/1752
f 1771/382/1753 2447/1995/1753 2459/2002/1753 2091/883/1753
f 2479/2005/1754 2469/2006/1754 2464/2007/1754 2489/2008/1754
f 2488/2009/1755 2463/2010/1755 2469/2006/1755 2479/2005/1755
f 2480/2011/1756 2470/2012/1756 2465/2013/1756 2490/2014/1756
f 2489/2008/1757 2464/2007/1757 2470/2012/1757 2480/2011/1757
f 2481/2015/1758 2471/2016/1758 2466/2017/1758 2491/2018/1758
f 2490/2014/1759 2465/2013/1759 2471/2016/1759 2481/2015/1759
f 2482/2019/1760 2472/2020/1760 2467/2021/1760 2492/2022/1760
f 2478/2023/1761 2461/2024/1761 2472/2020/1761 2482/2019/1761
f 2483/2025/1762 2473/2026/1762 2460/2027/1762 2477/2028/1762
f 2492/2022/1763 2467/2021/1763 2473/2026/1763 2483/2025/1763
f 2484/2029/1764 2474/2030/1764 2468/2031/1764 2493/2032/1764
f 2477/2028/1765 2460/2027/1765 2474/2030/1765 2484/2029/1765
f 2485/2033/1766 2475/2034/1766 2463/2010/1766 2488/2009/1766
f 2487/2035/1767 2462/2036/1767 2475/2034/1767 2485/2033/1767
f 2486/2037/1768 2476/2038/1768 2461/2024/1768 2478/2023/1768
f 2491/2018/1769 2466/2017/1769 2476/2038/1769 2486/2037/1769
f 1977/95/1770 2496/2039/1770 2506/2040/1770 1688/98/1770
f 1995/227/1771 2497/2041/1771 2507/2042/1771 1728/230/1771
f 2015/367/1772 2498/2043/1772 2508/2044/1772 1768/370/1772
f 2034/493/1773 2499/2045/1773 2509/2046/1773 1808/496/1773
f 2051/615/1774 2500/2047/1774 2494/2048/1774 1914/618/1774
f 2072/769/1775 2501/2049/1775 2510/2050/1775 1848/772/1775
f 2086/853/1776 2502/2051/1776 2505/2052/1776 1648/856/1776
f 2090/875/1777 2503/2053/1777 2495/2054/1777 1950/878/1777
f 1648/856/1778 2505/2052/1778 2496/2039/1778 1977/95/1778
f 1688/98/1779 2506/2040/1779 2497/2041/1779 1995/227/1779
f 1728/230/1780 2507/2042/1780 2498/2043/1780 2015/367/1780
f 1950/878/1781 2495/2054/1781 2499/2045/1781 2034/493/1781
f 1808/496/1782 2509/2046/1782 2500/2047/1782 2051/615/1782
f 1914/618/1783 2494/2048/1783 2501/2049/1783 2072/769/1783
f 1631/1181/1784 2504/2055/1784 2502/2051/1784 2086/853/1784
f 1768/370/1785 2508/2044/1785 2503/2053/1785 2090/875/1785
f 1976/91/1786 2537/2056/1786 2529/2057/1786 1643/94/1786
f 1994/223/1787 2538/2058/1787 2530/2059/1787 1683/226/1787
f 2012/353/1788 2539/2060/1788 2531/2061/1788 1723/356/1788
f 2030/475/1789 2540/2062/1789 2532/2063/1789 1763/478/1789
f 2046/593/1790 2541/2064/1790 2533/2065/1790 1803/596/1790
f 2061/709/1791 2542/2066/1791 2534/2067/1791 1843/712/1791
f 2081/831/1792 2543/2068/1792 2535/2069/1792 1915/834/1792
f 2102/967/1793 2544/2070/1793 2536/2071/1793 1962/970/1793
f 1626/1039/1794 2528/2072/1794 2537/2056/1794 1976/91/1794
f 1643/94/1795 2529/2057/1795 2538/2058/1795 1994/223/1795
f 1683/226/1796 2530/2059/1796 2539/2060/1796 2012/353/1796
f 1723/356/1797 2531/2061/1797 2540/2062/1797 2030/475/1797
f 1962/970/1798 2536/2071/1798 2541/2064/1798 2046/593/1798
f 1915/834/1799 2535/2069/1799 2542/2066/1799 2061/709/1799
f 1803/596/1800 2533/2065/1800 2543/2068/1800 2081/831/1800
f 1763/478/1801 2532/2063/1801 2544/2070/1801 2102/967/1801
f 1663/1022/1802 2554/2073/1802 2548/2074/1802 1443/1023/1802
f 1420/1024/1803 2547/2075/1803 2554/2073/1803 1663/1022/1803
f 1706/1065/1804 2555/2076/1804 2549/2077/1804 1466/1066/1804
f 1443/1023/1805 2548/2074/1805 2555/2076/1805 1706/1065/1805
f 1747/1081/1806 2556/2078/1806 2550/2079/1806 1489/1082/1806
f 1466/1066/1807 2549/2077/1807 2556/2078/1807 1747/1081/1807
f 1788/1102/1808 2557/2080/1808 2551/2081/1808 1512/1103/1808
f 1489/1082/1809 2550/2079/1809 2557/2080/1809 1788/1102/1809
f 1829/1125/1810 2558/2082/1810 2552/2083/1810 1535/1126/1810
f 1612/1127/1811 2546/2084/1811 2558/2082/1811 1829/1125/1811
f 1875/1157/1812 2559/2085/1812 2553/2086/1812 1568/1158/1812
f 1589/1159/1813 2545/2087/1813 2559/2085/1813 1875/1157/1813
f 1908/1177/1814 2560/2088/1814 2545/2087/1814 1589/1159/1814
f 1535/1126/1815 2552/2083/1815 2560/2088/1815 1908/1177/1815
f 1940/1189/1816 2561/2089/1816 2546/2084/1816 1612/1127/1816
f 1512/1103/1817 2551/2081/1817 2561/2089/1817 1940/1189/1817
f 1668/66/1818 2605/2090/1818 2599/2091/1818 1434/67/1818
f 1411/990/1819 2598/2092/1819 2605/2090/1819 1668/66/1819
f 1711/200/1820 2606/2093/1820 2600/2094/1820 1457/201/1820
f 1434/67/1821 2599/2091/1821 2606/2093/1821 1711/200/1821
f 1751/328/1822 2607/2095/1822 2601/2096/1822 1480/329/1822
f 1457/201/1823 2600/2094/1823 2607/2095/1823 1751/328/1823
f 1773/450/1824 2608/2097/1824 2602/2098/1824 1503/451/1824
f 1480/329/1825 2601/2096/1825 2608/2097/1825 1773/450/1825
f 1925/568/1826 2609/2099/1826 2603/2100/1826 1526/569/1826
f 1597/947/1827 2597/2101/1827 2609/2099/1827 1925/568/1827
f 1901/686/1828 2610/2102/1828 2604/2103/1828 1549/687/1828
f 1584/801/1829 2596/2104/1829 2610/2102/1829 1901/686/1829
f 1855/800/1830 2611/2105/1830 2596/2104/1830 1584/801/1830
f 1526/569/1831 2603/2100/1831 2611/2105/1831 1855/800/1831
f 1814/946/1832 2612/2106/1832 2597/2101/1832 1597/947/1832
f 1503/451/1833 2602/2098/1833 2612/2106/1833 1814/946/1833
f 1670/1030/1834 2639/2107/1834 2631/2108/1834 1436/1031/1834
f 1413/1032/1835 2630/2109/1835 2639/2107/1835 1670/1030/1835
f 1694/1067/1836 2640/2110/1836 2632/2111/1836 1459/1068/1836
f 1436/1031/1837 2631/2108/1837 2640/2110/1837 1694/1067/1837
f 1736/1083/1838 2641/2112/1838 2633/2113/1838 1482/1084/1838
f 1459/1068/1839 2632/2111/1839 2641/2112/1839 1736/1083/1839
f 1778/1104/1840 2642/2114/1840 2634/2115/1840 1505/1105/1840
f 1482/1084/1841 2633/2113/1841 2642/2114/1841 1778/1104/1841
f 1820/1128/1842 2643/2116/1842 2635/2117/1842 1528/1129/1842
f 1603/1130/1843 2638/2118/1843 2643/2116/1843 1820/1128/1843
f 1873/1160/1844 2644/2119/1844 2636/2120/1844 1566/1161/1844
f 1583/1162/1845 2637/2121/1845 2644/2119/1845 1873/1160/1845
f 1898/1175/1846 2645/2122/1846 2637/2121/1846 1583/1162/1846
f 1528/1129/1847 2635/2117/1847 2645/2122/1847 1898/1175/1847
f 1931/1190/1848 2646/2123/1848 2638/2118/1848 1603/1130/1848
f 1505/1105/1849 2634/2115/1849 2646/2123/1849 1931/1190/1849
f 3128/2124/1850 3093/2125/1850 2682/2126/1850 3084/2127/1850
f 2950/2128/1851 2706/2129/1851 2707/2130/1851 2953/2131/1851
f 2701/2132/1852 2686/2133/1852 2687/2134/1852 2700/2135/1852
f 2982/2136/1853 2669/2137/1853 2668/2138/1853 2978/2139/1853
f 2956/2140/1854 2862/2141/1854 2705/2142/1854 2951/2143/1854
f 2702/2144/1855 2685/2145/1855 2686/2133/1855 2701/2132/1855
f 3116/2146/1856 3097/2147/1856 2710/2148/1856 2948/2149/1856
f 2966/2150/1857 2965/2151/1857 2725/2152/1857 2726/2153/1857
f 3087/2154/1858 2681/2155/1858 2680/2156/1858 3086/2157/1858
f 2707/2130/1859 2700/2135/1859 2699/2158/1859 2708/2159/1859
f 2968/2160/1860 2966/2150/1860 2726/2153/1860 2729/2161/1860
f 2979/2162/1861 2667/2163/1861 2666/2164/1861 2983/2165/1861
f 2951/2143/1862 2705/2142/1862 2706/2129/1862 2950/2128/1862
f 3086/2157/1863 2680/2156/1863 2679/2166/1863 3085/2167/1863
f 3097/2147/1864 3096/2168/1864 2697/2169/1864 2710/2148/1864
f 2862/2141/1865 2861/2170/1865 2702/2144/1865 2705/2142/1865
f 2975/2171/1866 2671/2172/1866 2670/2173/1866 2976/2174/1866
f 2974/2175/1867 2672/2176/1867 2671/2172/1867 2975/2171/1867
f 2953/2131/1868 2707/2130/1868 2708/2159/1868 2954/2177/1868
f 2696/2178/1869 2691/2179/1869 2692/2180/1869 2695/2181/1869
f 2708/2159/1870 2699/2158/1870 2698/2182/1870 2709/2183/1870
f 2706/2129/1871 2701/2132/1871 2700/2135/1871 2707/2130/1871
f 2978/2139/1872 2668/2138/1872 2667/2163/1872 2979/2162/1872
f 2962/2184/1873 2961/2185/1873 2717/2186/1873 2718/2187/1873
f 2695/2181/1874 2692/2180/1874 2693/2188/1874 2694/2189/1874
f 2712/2190/1875 2695/2181/1875 2694/2189/1875 2713/2191/1875
f 2710/2148/1876 2697/2169/1876 2696/2178/1876 2711/2192/1876
f 2983/2165/1877 2666/2164/1877 2665/2193/1877 2981/2194/1877
f 2984/2195/1878 2859/2196/1878 2664/2197/1878 2980/2198/1878
f 2963/2199/1879 2962/2184/1879 2718/2187/1879 2721/2200/1879
f 2697/2169/1880 2690/2201/1880 2691/2179/1880 2696/2178/1880
f 2711/2192/1881 2696/2178/1881 2695/2181/1881 2712/2190/1881
f 2947/2202/1882 2711/2192/1882 2712/2190/1882 2946/2203/1882
f 3076/2204/1883 2675/2205/1883 2676/2206/1883 3080/2207/1883
f 2700/2135/1884 2687/2134/1884 2688/2208/1884 2699/2158/1884
f 3117/2209/1885 2963/2199/1885 2721/2200/1885 3098/2210/1885
f 2977/2211/1886 2673/2212/1886 2672/2176/1886 2974/2175/1886
f 3096/2168/1887 3095/2213/1887 2690/2201/1887 2697/2169/1887
f 2948/2149/1888 2710/2148/1888 2711/2192/1888 2947/2202/1888
f 2967/2214/1889 2968/2160/1889 2729/2161/1889 2730/2215/1889
f 3080/2207/1890 2676/2206/1890 2677/2216/1890 3077/2217/1890
f 3127/2218/1891 3094/2219/1891 2675/2205/1891 3076/2204/1891
f 2965/2151/1892 2964/2220/1892 2722/2221/1892 2725/2152/1892
f 3118/2222/1893 3092/2223/1893 2669/2137/1893 2982/2136/1893
f 3084/2127/1894 2682/2126/1894 2681/2155/1894 3087/2154/1894
f 2954/2177/1895 2708/2159/1895 2709/2183/1895 2949/2224/1895
f 2946/2203/1896 2712/2190/1896 2713/2191/1896 2952/2225/1896
f 2961/2185/1897 2960/2226/1897 2714/2227/1897 2717/2186/1897
f 3077/2217/1898 2677/2216/1898 2678/2228/1898 3078/2229/1898
f 2699/2158/1899 2688/2208/1899 2689/2230/1899 2698/2182/1899
f 2861/2170/1900 2860/2231/1900 2685/2145/1900 2702/2144/1900
f 2970/2232/1901 2967/2214/1901 2730/2215/1901 2863/2233/1901
f 2705/2142/1902 2702/2144/1902 2701/2132/1902 2706/2129/1902
f 2672/2176/1903 2742/2234/1903 2741/2235/1903 2671/2172/1903
f 2673/2212/1904 2743/2236/1904 2742/2234/1904 2672/2176/1904
f 2671/2172/1905 2741/2235/1905 2740/2237/1905 2670/2173/1905
f 2668/2138/1906 2738/2238/1906 2737/2239/1906 2667/2163/1906
f 3092/2223/1907 3100/2240/1907 2739/2241/1907 2669/2137/1907
f 2669/2137/1908 2739/2241/1908 2738/2238/1908 2668/2138/1908
f 2666/2164/1909 2736/2242/1909 2735/2243/1909 2665/2193/1909
f 2667/2163/1910 2737/2239/1910 2736/2242/1910 2666/2164/1910
f 2859/2196/1911 2865/2244/1911 2734/2245/1911 2664/2197/1911
f 3068/2246/1912 2746/2247/1912 2747/2248/1912 3069/2249/1912
f 3126/2250/1913 3101/2251/1913 2745/2252/1913 3071/2253/1913
f 3069/2249/1914 2747/2248/1914 2748/2254/1914 3072/2255/1914
f 3071/2253/1915 2745/2252/1915 2746/2247/1915 3068/2246/1915
f 2746/2247/1916 2751/2256/1916 2752/2257/1916 2747/2248/1916
f 3101/2251/1917 3102/2258/1917 2750/2259/1917 2745/2252/1917
f 2747/2248/1918 2752/2257/1918 2753/2260/1918 2748/2254/1918
f 2745/2252/1919 2750/2259/1919 2751/2256/1919 2746/2247/1919
f 2741/2235/1920 2742/2234/1920 2852/2261/1920 2851/2262/1920
f 2742/2234/1921 2743/2236/1921 2853/2263/1921 2852/2261/1921
f 2740/2237/1922 2741/2235/1922 2851/2262/1922 2850/2264/1922
f 2737/2239/1923 2738/2238/1923 2848/2265/1923 2847/2266/1923
f 3100/2240/1924 2740/2237/1924 2850/2264/1924 3103/2267/1924
f 2738/2238/1925 2739/2241/1925 2849/2268/1925 2848/2265/1925
f 2735/2243/1926 2736/2242/1926 2846/2269/1926 2845/2270/1926
f 2736/2242/1927 2737/2239/1927 2847/2266/1927 2846/2269/1927
f 2865/2244/1928 2735/2243/1928 2845/2270/1928 2866/2271/1928
f 2752/2257/1929 2751/2256/1929 2856/2272/1929 2857/2273/1929
f 3102/2258/1930 2749/2274/1930 2854/2275/1930 3104/2276/1930
f 2753/2260/1931 2752/2257/1931 2857/2273/1931 2858/2277/1931
f 2751/2256/1932 2750/2259/1932 2855/2278/1932 2856/2272/1932
f 3123/2279/1933 3044/2280/1933 2772/2281/1933 3106/2282/1933
f 3020/2283/1934 3023/2284/1934 2797/2285/1934 2796/2286/1934
f 2791/2287/1935 2790/2288/1935 2777/2289/1935 2776/2290/1935
f 2996/2291/1936 2992/2292/1936 2758/2293/1936 2759/2294/1936
f 3026/2295/1937 3021/2296/1937 2795/2297/1937 2870/2298/1937
f 2792/2299/1938 2791/2287/1938 2776/2290/1938 2775/2300/1938
f 3121/2301/1939 3018/2302/1939 2800/2303/1939 3110/2304/1939
f 3008/2305/1940 2816/2306/1940 2815/2307/1940 3007/2308/1940
f 3047/2309/1941 3046/2310/1941 2770/2311/1941 2771/2312/1941
f 3032/2313/1942 3034/2314/1942 2789/2315/1942 2790/2288/1942
f 3010/2316/1943 2819/2317/1943 2816/2306/1943 3008/2305/1943
f 2993/2318/1944 2997/2319/1944 2756/2320/1944 2757/2321/1944
f 3021/2296/1945 3020/2283/1945 2796/2286/1945 2795/2297/1945
f 3046/2310/1946 3045/2322/1946 2769/2323/1946 2770/2311/1946
f 3122/2324/1947 3039/2325/1947 2787/2326/1947 3109/2327/1947
f 3040/2328/1948 3031/2329/1948 2792/2299/1948 2869/2330/1948
f 2989/2331/1949 2990/2332/1949 2760/2333/1949 2761/2334/1949
f 2988/2335/1950 2989/2331/1950 2761/2334/1950 2762/2336/1950
f 3023/2284/1951 3024/2337/1951 2798/2338/1951 2797/2285/1951
f 2786/2339/1952 2785/2340/1952 2782/2341/1952 2781/2342/1952
f 3034/2314/1953 3035/2343/1953 2788/2344/1953 2789/2315/1953
f 3033/2345/1954 3032/2313/1954 2790/2288/1954 2791/2287/1954
f 2992/2292/1955 2993/2318/1955 2757/2321/1955 2758/2293/1955
f 3004/2346/1956 2808/2347/1956 2807/2348/1956 3003/2349/1956
f 2785/2340/1957 2784/2350/1957 2783/2351/1957 2782/2341/1957
f 3037/2352/1958 3036/2353/1958 2784/2350/1958 2785/2340/1958
f 3039/2325/1959 3038/2354/1959 2786/2339/1959 2787/2326/1959
f 2997/2319/1960 2995/2355/1960 2755/2356/1960 2756/2320/1960
f 2998/2357/1961 2994/2358/1961 2754/2359/1961 2867/2360/1961
f 3005/2361/1962 2811/2362/1962 2808/2347/1962 3004/2346/1962
f 2787/2326/1963 2786/2339/1963 2781/2342/1963 2780/2363/1963
f 3038/2354/1964 3037/2352/1964 2785/2340/1964 2786/2339/1964
f 3017/2364/1965 3016/2365/1965 2802/2366/1965 2801/2367/1965
f 3052/2368/1966 3056/2369/1966 2766/2370/1966 2765/2371/1966
f 2790/2288/1967 2789/2315/1967 2778/2372/1967 2777/2289/1967
f 3120/2373/1968 3111/2374/1968 2811/2362/1968 3005/2361/1968
f 2991/2375/1969 2988/2335/1969 2762/2336/1969 2763/2376/1969
f 3109/2327/1970 2787/2326/1970 2780/2363/1970 3108/2377/1970
f 3018/2302/1971 3017/2364/1971 2801/2367/1971 2800/2303/1971
f 3009/2378/1972 2820/2379/1972 2819/2317/1972 3010/2316/1972
f 3056/2369/1973 3053/2380/1973 2767/2381/1973 2766/2370/1973
f 3124/2382/1974 3052/2368/1974 2765/2371/1974 3107/2383/1974
f 3007/2308/1975 2815/2307/1975 2812/2384/1975 3006/2385/1975
f 3119/2386/1976 2996/2291/1976 2759/2294/1976 3105/2387/1976
f 3044/2280/1977 3047/2309/1977 2771/2312/1977 2772/2281/1977
f 3024/2337/1978 3019/2388/1978 2799/2389/1978 2798/2338/1978
f 3016/2365/1979 3022/2390/1979 2803/2391/1979 2802/2366/1979
f 3003/2349/1980 2807/2348/1980 2804/2392/1980 3002/2393/1980
f 3053/2380/1981 3054/2394/1981 2768/2395/1981 2767/2381/1981
f 2789/2315/1982 2788/2344/1982 2779/2396/1982 2778/2372/1982
f 2869/2330/1983 2792/2299/1983 2775/2300/1983 2868/2397/1983
f 3012/2398/1984 2871/2399/1984 2820/2379/1984 3009/2378/1984
f 3031/2329/1985 3033/2345/1985 2791/2287/1985 2792/2299/1985
f 2762/2336/1986 2761/2334/1986 2831/2400/1986 2832/2401/1986
f 2763/2376/1987 2762/2336/1987 2832/2401/1987 2833/2402/1987
f 2761/2334/1988 2760/2333/1988 2830/2403/1988 2831/2400/1988
f 2758/2293/1989 2757/2321/1989 2827/2404/1989 2828/2405/1989
f 3105/2387/1990 2759/2294/1990 2829/2406/1990 3113/2407/1990
f 2759/2294/1991 2758/2293/1991 2828/2405/1991 2829/2406/1991
f 2756/2320/1992 2755/2356/1992 2825/2408/1992 2826/2409/1992
f 2757/2321/1993 2756/2320/1993 2826/2409/1993 2827/2404/1993
f 2867/2360/1994 2754/2359/1994 2824/2410/1994 2873/2411/1994
f 3060/2412/1995 3061/2413/1995 2837/2414/1995 2836/2415/1995
f 3125/2416/1996 3063/2417/1996 2835/2418/1996 3114/2419/1996
f 3061/2413/1997 3064/2420/1997 2838/2421/1997 2837/2414/1997
f 3063/2417/1998 3060/2412/1998 2836/2415/1998 2835/2418/1998
f 2836/2415/1999 2837/2414/1999 2842/2422/1999 2841/2423/1999
f 3114/2419/2000 2835/2418/2000 2840/2424/2000 3115/2425/2000
f 2837/2414/2001 2838/2421/2001 2843/2426/2001 2842/2422/2001
f 2835/2418/2002 2836/2415/2002 2841/2423/2002 2840/2424/2002
f 2831/2400/2003 2851/2427/2003 2852/2428/2003 2832/2401/2003
f 2832/2401/2004 2852/2428/2004 2853/2429/2004 2833/2402/2004
f 2830/2403/2005 2850/2430/2005 2851/2427/2005 2831/2400/2005
f 2827/2404/2006 2847/2431/2006 2848/2432/2006 2828/2405/2006
f 3113/2407/2007 3103/2433/2007 2850/2430/2007 2830/2403/2007
f 2828/2405/2008 2848/2432/2008 2849/2434/2008 2829/2406/2008
f 2825/2408/2009 2845/2435/2009 2846/2436/2009 2826/2409/2009
f 2826/2409/2010 2846/2436/2010 2847/2431/2010 2827/2404/2010
f 2873/2411/2011 2866/2437/2011 2845/2435/2011 2825/2408/2011
f 2842/2422/2012 2857/2438/2012 2856/2439/2012 2841/2423/2012
f 3115/2425/2013 3104/2440/2013 2854/2441/2013 2839/2442/2013
f 2843/2426/2014 2858/2443/2014 2857/2438/2014 2842/2422/2014
f 2841/2423/2015 2856/2439/2015 2855/2444/2015 2840/2424/2015
f 2955/2445/2016 2704/2446/2016 2862/2141/2016 2956/2140/2016
f 2704/2446/2017 2703/2447/2017 2861/2170/2017 2862/2141/2017
f 2981/2194/2018 2665/2193/2018 2859/2196/2018 2984/2195/2018
f 2703/2447/2019 2684/2448/2019 2860/2231/2019 2861/2170/2019
f 2969/2449/2020 2970/2232/2020 2863/2233/2020 2733/2450/2020
f 2665/2193/2021 2735/2243/2021 2865/2244/2021 2859/2196/2021
f 2734/2245/2022 2865/2244/2022 2866/2271/2022 2844/2451/2022
f 3025/2452/2023 3026/2295/2023 2870/2298/2023 2794/2453/2023
f 3030/2454/2024 3040/2328/2024 2869/2330/2024 2793/2455/2024
f 2995/2355/2025 2998/2357/2025 2867/2360/2025 2755/2356/2025
f 2793/2455/2026 2869/2330/2026 2868/2397/2026 2774/2456/2026
f 3011/2457/2027 2823/2458/2027 2871/2399/2027 3012/2398/2027
f 2755/2356/2028 2867/2360/2028 2873/2411/2028 2825/2408/2028
f 2824/2410/2029 2844/2459/2029 2866/2437/2029 2873/2411/2029
f 3042/2460/2030 2899/2461/2030 2890/2462/2030 3041/2463/2030
f 2986/2464/2031 2901/2465/2031 2880/2466/2031 2985/2467/2031
f 2902/2468/2032 2903/2469/2032 2878/2470/2032 2879/2471/2032
f 3000/2472/2033 2905/2473/2033 2885/2474/2033 2999/2475/2033
f 2905/2473/2034 2906/2476/2034 2893/2477/2034 2885/2474/2034
f 3028/2478/2035 2907/2479/2035 2892/2480/2035 3027/2481/2035
f 2958/2482/2036 2902/2468/2036 2879/2471/2036 2957/2483/2036
f 2909/2484/2037 2900/2485/2037 2874/2486/2037 2882/2487/2037
f 2910/2488/2038 2911/2489/2038 2897/2490/2038 2884/2491/2038
f 2911/2492/2039 2912/2493/2039 2895/2494/2039 2897/2495/2039
f 3090/2496/2040 2914/2497/2040 2876/2498/2040 3089/2499/2040
f 3050/2500/2041 2916/2501/2041 2888/2502/2041 3049/2503/2041
f 3066/2504/2042 2918/2505/2042 2886/2506/2042 3065/2507/2042
f 3074/2508/2043 2920/2509/2043 2883/2510/2043 3073/2511/2043
f 2912/2493/2044 2917/2512/2044 2894/2513/2044 2895/2494/2044
f 3014/2514/2045 2904/2515/2045 2891/2516/2045 3013/2517/2045
f 2972/2518/2046 2908/2519/2046 2881/2520/2046 2971/2521/2046
f 2920/2509/2047 2910/2488/2047 2884/2491/2047 2883/2510/2047
f 2903/2469/2048 2913/2522/2048 2877/2523/2048 2878/2470/2048
f 2916/2501/2049 2898/2524/2049 2889/2525/2049 2888/2502/2049
f 2906/2476/2050 2921/2526/2050 2896/2527/2050 2893/2477/2050
f 3082/2528/2051 2919/2529/2051 2875/2530/2051 3081/2531/2051
f 2921/2532/2052 2909/2484/2052 2882/2487/2052 2896/2533/2052
f 3058/2534/2053 2915/2535/2053 2887/2536/2053 3057/2537/2053
f 3036/2353/2054 2803/2391/2054 2899/2461/2054 3042/2460/2054
f 2977/2211/2055 2714/2227/2055 2901/2465/2055 2986/2464/2055
f 2713/2191/2056 2694/2189/2056 2903/2469/2056 2902/2468/2056
f 2991/2375/2057 2763/2376/2057 2905/2473/2057 3000/2472/2057
f 2763/2376/2058 2833/2402/2058 2906/2476/2058 2905/2473/2058
f 3022/2390/2059 2805/2538/2059 2907/2479/2059 3028/2478/2059
f 2952/2225/2060 2713/2191/2060 2902/2468/2060 2958/2482/2060
f 2743/2236/2061 2673/2212/2061 2900/2485/2061 2909/2484/2061
f 2753/2260/2062 2858/2277/2062 2911/2489/2062 2910/2488/2062
f 2858/2443/2063 2843/2426/2063 2912/2493/2063 2911/2492/2063
f 3085/2167/2064 2679/2166/2064 2914/2497/2064 3090/2496/2064
f 3045/2322/2065 2783/2351/2065 2916/2501/2065 3050/2500/2065
f 3064/2420/2066 2768/2395/2066 2918/2505/2066 3066/2504/2066
f 3072/2255/2067 2748/2254/2067 2920/2509/2067 3074/2508/2067
f 2843/2426/2068 2838/2421/2068 2917/2512/2068 2912/2493/2068
f 3002/2393/2069 2804/2392/2069 2904/2515/2069 3014/2514/2069
f 2960/2226/2070 2715/2539/2070 2908/2519/2070 2972/2518/2070
f 2748/2254/2071 2753/2260/2071 2910/2488/2071 2920/2509/2071
f 2694/2189/2072 2693/2188/2072 2913/2522/2072 2903/2469/2072
f 2783/2351/2073 2784/2350/2073 2898/2524/2073 2916/2501/2073
f 2833/2402/2074 2853/2429/2074 2921/2526/2074 2906/2476/2074
f 3078/2229/2075 2678/2228/2075 2919/2529/2075 3082/2528/2075
f 2853/2263/2076 2743/2236/2076 2909/2484/2076 2921/2532/2076
f 3054/2394/2077 2769/2323/2077 2915/2535/2077 3058/2534/2077
f 3187/2540/2078 3166/2541/2078 2934/2542/2078 3067/2543/2078
f 3192/2544/2079 3167/2545/2079 2932/2546/2079 2931/2547/2079
f 3182/2548/2080 3168/2549/2080 2939/2550/2080 3015/2551/2080
f 3194/2552/2081 3169/2553/2081 2922/2554/2081 2930/2555/2081
f 3184/2556/2082 3170/2557/2082 2938/2558/2082 3043/2559/2082
f 3178/2560/2083 3171/2561/2083 2927/2562/2083 2959/2563/2083
f 3189/2564/2084 3172/2565/2084 2923/2566/2084 3083/2567/2084
f 3198/2568/2085 3195/2569/2085 2937/2570/2085 2936/2571/2085
f 3199/2572/2086 3173/2573/2086 2943/2574/2086 2945/2575/2086
f 3190/2576/2087 3197/2577/2087 2924/2578/2087 3091/2579/2087
f 3181/2580/2088 3174/2581/2088 2933/2582/2088 3001/2583/2088
f 3173/2573/2089 3191/2584/2089 2942/2585/2089 2943/2574/2089
f 3201/2586/2090 3194/2552/2090 2930/2555/2090 2944/2587/2090
f 3174/2581/2091 3175/2588/2091 2941/2589/2091 2933/2582/2091
f 3188/2590/2092 3192/2544/2092 2931/2547/2092 3075/2591/2092
f 3183/2592/2093 3193/2593/2093 2940/2594/2093 3029/2595/2093
f 3179/2596/2094 3196/2597/2094 2929/2598/2094 2973/2599/2094
f 3171/2561/2095 3176/2600/2095 2926/2601/2095 2927/2562/2095
f 3186/2602/2096 3177/2603/2096 2935/2604/2096 3059/2605/2096
f 3176/2600/2097 3200/2606/2097 2925/2607/2097 2926/2601/2097
f 3185/2608/2098 3198/2568/2098 2936/2571/2098 3051/2609/2098
f 3175/2588/2099 3201/2610/2099 2944/2611/2099 2941/2589/2099
f 3180/2612/2100 3202/2613/2100 2928/2614/2100 2987/2615/2100
f 3167/2545/2101 3199/2616/2101 2945/2617/2101 2932/2546/2101
f 2728/2618/2102 2950/2128/2102 2953/2131/2102 2727/2619/2102
f 2864/2620/2103 2956/2140/2103 2951/2143/2103 2731/2621/2103
f 3099/2622/2104 3116/2146/2104 2948/2149/2104 2720/2623/2104
f 2731/2621/2105 2951/2143/2105 2950/2128/2105 2728/2618/2105
f 2727/2619/2106 2953/2131/2106 2954/2177/2106 2724/2624/2106
f 2719/2625/2107 2947/2202/2107 2946/2203/2107 2716/2626/2107
f 2720/2623/2108 2948/2149/2108 2947/2202/2108 2719/2625/2108
f 2724/2624/2109 2954/2177/2109 2949/2224/2109 2723/2627/2109
f 2716/2626/2110 2946/2203/2110 2952/2225/2110 2715/2539/2110
f 2732/2628/2111 2955/2445/2111 2956/2140/2111 2864/2620/2111
f 2908/2519/2112 2958/2482/2112 2957/2483/2112 2881/2520/2112
f 2715/2539/2113 2952/2225/2113 2958/2482/2113 2908/2519/2113
f 3196/2597/2114 3178/2560/2114 2959/2563/2114 2929/2598/2114
f 2727/2619/2115 2724/2624/2115 2965/2151/2115 2966/2150/2115
f 2728/2618/2116 2727/2619/2116 2966/2150/2116 2968/2160/2116
f 2719/2625/2117 2716/2626/2117 2961/2185/2117 2962/2184/2117
f 2720/2623/2118 2719/2625/2118 2962/2184/2118 2963/2199/2118
f 3099/2622/2119 2720/2623/2119 2963/2199/2119 3117/2209/2119
f 2731/2621/2120 2728/2618/2120 2968/2160/2120 2967/2214/2120
f 2724/2624/2121 2723/2627/2121 2964/2220/2121 2965/2151/2121
f 2716/2626/2122 2715/2539/2122 2960/2226/2122 2961/2185/2122
f 2864/2620/2123 2731/2621/2123 2967/2214/2123 2970/2232/2123
f 2732/2628/2124 2864/2620/2124 2970/2232/2124 2969/2449/2124
f 2901/2465/2125 2972/2518/2125 2971/2521/2125 2880/2466/2125
f 2714/2227/2126 2960/2226/2126 2972/2518/2126 2901/2465/2126
f 3202/2613/2127 3179/2596/2127 2973/2599/2127 2928/2614/2127
f 2722/2221/2128 2982/2136/2128 2978/2139/2128 2725/2152/2128
f 2726/2153/2129 2979/2162/2129 2983/2165/2129 2729/2161/2129
f 2718/2187/2130 2975/2171/2130 2976/2174/2130 2721/2200/2130
f 2717/2186/2131 2974/2175/2131 2975/2171/2131 2718/2187/2131
f 2725/2152/2132 2978/2139/2132 2979/2162/2132 2726/2153/2132
f 2729/2161/2133 2983/2165/2133 2981/2194/2133 2730/2215/2133
f 2863/2233/2134 2984/2195/2134 2980/2198/2134 2733/2450/2134
f 2714/2227/2135 2977/2211/2135 2974/2175/2135 2717/2186/2135
f 3098/2210/2136 3118/2222/2136 2982/2136/2136 2722/2221/2136
f 2730/2215/2137 2981/2194/2137 2984/2195/2137 2863/2233/2137
f 2900/2485/2138 2986/2464/2138 2985/2467/2138 2874/2486/2138
f 2673/2212/2139 2977/2211/2139 2986/2464/2139 2900/2485/2139
f 3169/2553/2140 3180/2612/2140 2987/2615/2140 2922/2554/2140
f 2812/2384/2141 2815/2307/2141 2992/2292/2141 2996/2291/2141
f 2816/2306/2142 2819/2317/2142 2997/2319/2142 2993/2318/2142
f 2808/2347/2143 2811/2362/2143 2990/2332/2143 2989/2331/2143
f 2807/2348/2144 2808/2347/2144 2989/2331/2144 2988/2335/2144
f 2815/2307/2145 2816/2306/2145 2993/2318/2145 2992/2292/2145
f 2819/2317/2146 2820/2379/2146 2995/2355/2146 2997/2319/2146
f 2871/2399/2147 2823/2458/2147 2994/2358/2147 2998/2357/2147
f 2804/2392/2148 2807/2348/2148 2988/2335/2148 2991/2375/2148
f 3111/2374/2149 2812/2384/2149 2996/2291/2149 3119/2386/2149
f 2820/2379/2150 2871/2399/2150 2998/2357/2150 2995/2355/2150
f 2904/2515/2151 3000/2472/2151 2999/2475/2151 2891/2516/2151
f 2804/2392/2152 2991/2375/2152 3000/2472/2152 2904/2515/2152
f 3168/2549/2153 3181/2580/2153 3001/2583/2153 2939/2550/2153
f 2817/2629/2154 3008/2305/2154 3007/2308/2154 2814/2630/2154
f 2818/2631/2155 3010/2316/2155 3008/2305/2155 2817/2629/2155
f 2809/2632/2156 3004/2346/2156 3003/2349/2156 2806/2633/2156
f 2810/2634/2157 3005/2361/2157 3004/2346/2157 2809/2632/2157
f 3112/2635/2158 3120/2373/2158 3005/2361/2158 2810/2634/2158
f 2821/2636/2159 3009/2378/2159 3010/2316/2159 2818/2631/2159
f 2814/2630/2160 3007/2308/2160 3006/2385/2160 2813/2637/2160
f 2806/2633/2161 3003/2349/2161 3002/2393/2161 2805/2538/2161
f 2872/2638/2162 3012/2398/2162 3009/2378/2162 2821/2636/2162
f 2822/2639/2163 3011/2457/2163 3012/2398/2163 2872/2638/2163
f 2907/2479/2164 3014/2514/2164 3013/2517/2164 2892/2480/2164
f 2805/2538/2165 3002/2393/2165 3014/2514/2165 2907/2479/2165
f 3193/2593/2166 3182/2548/2166 3015/2551/2166 2940/2594/2166
f 2818/2631/2167 2817/2629/2167 3023/2284/2167 3020/2283/2167
f 2872/2638/2168 2821/2636/2168 3021/2296/2168 3026/2295/2168
f 3112/2635/2169 2810/2634/2169 3018/2302/2169 3121/2301/2169
f 2821/2636/2170 2818/2631/2170 3020/2283/2170 3021/2296/2170
f 2817/2629/2171 2814/2630/2171 3024/2337/2171 3023/2284/2171
f 2809/2632/2172 2806/2633/2172 3016/2365/2172 3017/2364/2172
f 2810/2634/2173 2809/2632/2173 3017/2364/2173 3018/2302/2173
f 2814/2630/2174 2813/2637/2174 3019/2388/2174 3024/2337/2174
f 2806/2633/2175 2805/2538/2175 3022/2390/2175 3016/2365/2175
f 2822/2639/2176 2872/2638/2176 3026/2295/2176 3025/2452/2176
f 2899/2461/2177 3028/2478/2177 3027/2481/2177 2890/2462/2177
f 2803/2391/2178 3022/2390/2178 3028/2478/2178 2899/2461/2178
f 3170/2557/2179 3183/2592/2179 3029/2595/2179 2938/2558/2179
f 2797/2285/2180 2798/2338/2180 3034/2314/2180 3032/2313/2180
f 3110/2304/2181 2800/2303/2181 3039/2325/2181 3122/2324/2181
f 2870/2298/2182 2795/2297/2182 3031/2329/2182 3040/2328/2182
f 2798/2338/2183 2799/2389/2183 3035/2343/2183 3034/2314/2183
f 2796/2286/2184 2797/2285/2184 3032/2313/2184 3033/2345/2184
f 2802/2366/2185 2803/2391/2185 3036/2353/2185 3037/2352/2185
f 2800/2303/2186 2801/2367/2186 3038/2354/2186 3039/2325/2186
f 2801/2367/2187 2802/2366/2187 3037/2352/2187 3038/2354/2187
f 2795/2297/2188 2796/2286/2188 3033/2345/2188 3031/2329/2188
f 2794/2453/2189 2870/2298/2189 3040/2328/2189 3030/2454/2189
f 2898/2524/2190 3042/2460/2190 3041/2463/2190 2889/2525/2190
f 2784/2350/2191 3036/2353/2191 3042/2460/2191 2898/2524/2191
f 3195/2569/2192 3184/2556/2192 3043/2559/2192 2937/2570/2192
f 3108/2377/2193 2780/2363/2193 3044/2280/2193 3123/2279/2193
f 2781/2342/2194 2782/2341/2194 3046/2310/2194 3047/2309/2194
f 2782/2341/2195 2783/2351/2195 3045/2322/2195 3046/2310/2195
f 2780/2363/2196 2781/2342/2196 3047/2309/2196 3044/2280/2196
f 2915/2535/2197 3050/2500/2197 3049/2503/2197 2887/2536/2197
f 2769/2323/2198 3045/2322/2198 3050/2500/2198 2915/2535/2198
f 3177/2603/2199 3185/2608/2199 3051/2609/2199 2935/2604/2199
f 2772/2281/2200 2771/2312/2200 3056/2369/2200 3052/2368/2200
f 2771/2312/2201 2770/2311/2201 3053/2380/2201 3056/2369/2201
f 3106/2282/2202 2772/2281/2202 3052/2368/2202 3124/2382/2202
f 2770/2311/2203 2769/2323/2203 3054/2394/2203 3053/2380/2203
f 2918/2505/2204 3058/2534/2204 3057/2537/2204 2886/2506/2204
f 2768/2395/2205 3054/2394/2205 3058/2534/2205 2918/2505/2205
f 3166/2541/2206 3186/2602/2206 3059/2605/2206 2934/2542/2206
f 2766/2370/2207 2767/2381/2207 3061/2413/2207 3060/2412/2207
f 3107/2383/2208 2765/2371/2208 3063/2417/2208 3125/2416/2208
f 2767/2381/2209 2768/2395/2209 3064/2420/2209 3061/2413/2209
f 2765/2371/2210 2766/2370/2210 3060/2412/2210 3063/2417/2210
f 2917/2512/2211 3066/2504/2211 3065/2507/2211 2894/2513/2211
f 2838/2421/2212 3064/2420/2212 3066/2504/2212 2917/2512/2212
f 3191/2584/2213 3187/2540/2213 3067/2543/2213 2942/2585/2213
f 2676/2206/2214 3068/2246/2214 3069/2249/2214 2677/2216/2214
f 3094/2219/2215 3126/2250/2215 3071/2253/2215 2675/2205/2215
f 2677/2216/2216 3069/2249/2216 3072/2255/2216 2678/2228/2216
f 2675/2205/2217 3071/2253/2217 3068/2246/2217 2676/2206/2217
f 2919/2529/2218 3074/2508/2218 3073/2511/2218 2875/2530/2218
f 2678/2228/2219 3072/2255/2219 3074/2508/2219 2919/2529/2219
f 3172/2565/2220 3188/2590/2220 3075/2591/2220 2923/2566/2220
f 2682/2126/2221 3076/2204/2221 3080/2207/2221 2681/2155/2221
f 2681/2155/2222 3080/2207/2222 3077/2217/2222 2680/2156/2222
f 3093/2125/2223 3127/2218/2223 3076/2204/2223 2682/2126/2223
f 2680/2156/2224 3077/2217/2224 3078/2229/2224 2679/2166/2224
f 2914/2497/2225 3082/2528/2225 3081/2531/2225 2876/2498/2225
f 2679/2166/2226 3078/2229/2226 3082/2528/2226 2914/2497/2226
f 3197/2577/2227 3189/2564/2227 3083/2567/2227 2924/2578/2227
f 3095/2213/2228 3128/2124/2228 3084/2127/2228 2690/2201/2228
f 2691/2179/2229 3087/2154/2229 3086/2157/2229 2692/2180/2229
f 2692/2180/2230 3086/2157/2230 3085/2167/2230 2693/2188/2230
f 2690/2201/2231 3084/2127/2231 3087/2154/2231 2691/2179/2231
f 2913/2522/2232 3090/2496/2232 3089/2499/2232 2877/2523/2232
f 2693/2188/2233 3085/2167/2233 3090/2496/2233 2913/2522/2233
f 3200/2606/2234 3190/2576/2234 3091/2579/2234 2925/2607/2234
f 3088/2640/2235 2683/2641/2235 3093/2125/2235 3128/2124/2235
f 2949/2224/2236 2709/2183/2236 3097/2147/2236 3116/2146/2236
f 2709/2183/2237 2698/2182/2237 3096/2168/2237 3097/2147/2237
f 2964/2220/2238 3117/2209/2238 3098/2210/2238 2722/2221/2238
f 2698/2182/2239 2689/2230/2239 3095/2213/2239 3096/2168/2239
f 3079/2642/2240 2674/2643/2240 3094/2219/2240 3127/2218/2240
f 2976/2174/2241 2670/2173/2241 3092/2223/2241 3118/2222/2241
f 2670/2173/2242 2740/2237/2242 3100/2240/2242 3092/2223/2242
f 3070/2644/2243 2744/2645/2243 3101/2251/2243 3126/2250/2243
f 2744/2645/2244 2749/2274/2244 3102/2258/2244 3101/2251/2244
f 2739/2241/2245 3100/2240/2245 3103/2267/2245 2849/2268/2245
f 2750/2259/2246 3102/2258/2246 3104/2276/2246 2855/2278/2246
f 3048/2646/2247 3123/2279/2247 3106/2282/2247 2773/2647/2247
f 3019/2388/2248 3121/2301/2248 3110/2304/2248 2799/2389/2248
f 3035/2343/2249 3122/2324/2249 3109/2327/2249 2788/2344/2249
f 3006/2385/2250 2812/2384/2250 3111/2374/2250 3120/2373/2250
f 2788/2344/2251 3109/2327/2251 3108/2377/2251 2779/2396/2251
f 3055/2648/2252 3124/2382/2252 3107/2383/2252 2764/2649/2252
f 2990/2332/2253 3119/2386/2253 3105/2387/2253 2760/2333/2253
f 2760/2333/2254 3105/2387/2254 3113/2407/2254 2830/2403/2254
f 3062/2650/2255 3125/2416/2255 3114/2419/2255 2834/2651/2255
f 2834/2651/2256 3114/2419/2256 3115/2425/2256 2839/2442/2256
f 2829/2406/2257 2849/2434/2257 3103/2433/2257 3113/2407/2257
f 2840/2424/2258 2855/2444/2258 3104/2440/2258 3115/2425/2258
f 2723/2627/2259 2949/2224/2259 3116/2146/2259 3099/2622/2259
f 2723/2627/2260 3099/2622/2260 3117/2209/2260 2964/2220/2260
f 2721/2200/2261 2976/2174/2261 3118/2222/2261 3098/2210/2261
f 2811/2362/2262 3111/2374/2262 3119/2386/2262 2990/2332/2262
f 2813/2637/2263 3006/2385/2263 3120/2373/2263 3112/2635/2263
f 2813/2637/2264 3112/2635/2264 3121/2301/2264 3019/2388/2264
f 2799/2389/2265 3110/2304/2265 3122/2324/2265 3035/2343/2265
f 2779/2396/2266 3108/2377/2266 3123/2279/2266 3048/2646/2266
f 2773/2647/2267 3106/2282/2267 3124/2382/2267 3055/2648/2267
f 2764/2649/2268 3107/2383/2268 3125/2416/2268 3062/2650/2268
f 2674/2643/2269 3070/2644/2269 3126/2250/2269 3094/2219/2269
f 2683/2641/2270 3079/2642/2270 3127/2218/2270 3093/2125/2270
f 2689/2230/2271 3088/2640/2271 3128/2124/2271 3095/2213/2271
f 3065/2507/2272 2886/2506/2272 3130/2652/2272 3162/2653/2272
f 2883/2510/2273 2884/2491/2273 3132/2654/2273 3131/2655/2273
f 3013/2517/2274 2891/2516/2274 3134/2656/2274 3157/2657/2274
f 2882/2487/2275 2874/2486/2275 3136/2658/2275 3135/2659/2275
f 3041/2463/2276 2890/2462/2276 3138/2660/2276 3159/2661/2276
f 2957/2483/2277 2879/2471/2277 3140/2662/2277 3153/2663/2277
f 3081/2531/2278 2875/2530/2278 3142/2664/2278 3164/2665/2278
f 2888/2502/2279 2889/2525/2279 3137/2666/2279 3143/2667/2279
f 2897/2495/2280 2895/2494/2280 3145/2668/2280 3144/2669/2280
f 3089/2499/2281 2876/2498/2281 3141/2670/2281 3165/2671/2281
f 2999/2475/2282 2885/2474/2282 3147/2672/2282 3156/2673/2282
f 2895/2494/2283 2894/2513/2283 3129/2674/2283 3145/2668/2283
f 2896/2533/2284 2882/2487/2284 3135/2659/2284 3148/2675/2284
f 2885/2474/2285 2893/2477/2285 3149/2676/2285 3147/2672/2285
f 3073/2511/2286 2883/2510/2286 3131/2655/2286 3163/2677/2286
f 3027/2481/2287 2892/2480/2287 3133/2678/2287 3158/2679/2287
f 2971/2521/2288 2881/2520/2288 3139/2680/2288 3154/2681/2288
f 2879/2471/2289 2878/2470/2289 3151/2682/2289 3140/2662/2289
f 3057/2537/2290 2887/2536/2290 3152/2683/2290 3161/2684/2290
f 2878/2470/2291 2877/2523/2291 3146/2685/2291 3151/2682/2291
f 3049/2503/2292 2888/2502/2292 3143/2667/2292 3160/2686/2292
f 2893/2477/2293 2896/2527/2293 3148/2687/2293 3149/2676/2293
f 2985/2467/2294 2880/2466/2294 3150/2688/2294 3155/2689/2294
f 2884/2491/2295 2897/2490/2295 3144/2690/2295 3132/2654/2295
f 2881/2520/2296 2957/2483/2296 3153/2663/2296 3139/2680/2296
f 2880/2466/2297 2971/2521/2297 3154/2681/2297 3150/2688/2297
f 2874/2486/2298 2985/2467/2298 3155/2689/2298 3136/2658/2298
f 2891/2516/2299 2999/2475/2299 3156/2673/2299 3134/2656/2299
f 2892/2480/2300 3013/2517/2300 3157/2657/2300 3133/2678/2300
f 2890/2462/2301 3027/2481/2301 3158/2679/2301 3138/2660/2301
f 2889/2525/2302 3041/2463/2302 3159/2661/2302 3137/2666/2302
f 2887/2536/2303 3049/2503/2303 3160/2686/2303 3152/2683/2303
f 2886/2506/2304 3057/2537/2304 3161/2684/2304 3130/2652/2304
f 2894/2513/2305 3065/2507/2305 3162/2653/2305 3129/2674/2305
f 2875/2530/2306 3073/2511/2306 3163/2677/2306 3142/2664/2306
f 2876/2498/2307 3081/2531/2307 3164/2665/2307 3141/2670/2307
f 2877/2523/2308 3089/2499/2308 3165/2671/2308 3146/2685/2308
f 3162/2653/2309 3130/2652/2309 3166/2541/2309 3187/2540/2309
f 3131/2655/2310 3132/2654/2310 3167/2545/2310 3192/2544/2310
f 3157/2657/2311 3134/2656/2311 3168/2549/2311 3182/2548/2311
f 3135/2659/2312 3136/2658/2312 3169/2553/2312 3194/2552/2312
f 3159/2661/2313 3138/2660/2313 3170/2557/2313 3184/2556/2313
f 3153/2663/2314 3140/2662/2314 3171/2561/2314 3178/2560/2314
f 3164/2665/2315 3142/2664/2315 3172/2565/2315 3189/2564/2315
f 3143/2667/2316 3137/2666/2316 3195/2569/2316 3198/2568/2316
f 3144/2669/2317 3145/2668/2317 3173/2573/2317 3199/2572/2317
f 3165/2671/2318 3141/2670/2318 3197/2577/2318 3190/2576/2318
f 3156/2673/2319 3147/2672/2319 3174/2581/2319 3181/2580/2319
f 3145/2668/2320 3129/2674/2320 3191/2584/2320 3173/2573/2320
f 3148/2675/2321 3135/2659/2321 3194/2552/2321 3201/2586/2321
f 3147/2672/2322 3149/2676/2322 3175/2588/2322 3174/2581/2322
f 3163/2677/2323 3131/2655/2323 3192/2544/2323 3188/2590/2323
f 3158/2679/2324 3133/2678/2324 3193/2593/2324 3183/2592/2324
f 3154/2681/2325 3139/2680/2325 3196/2597/2325 3179/2596/2325
f 3140/2662/2326 3151/2682/2326 3176/2600/2326 3171/2561/2326
f 3161/2684/2327 3152/2683/2327 3177/2603/2327 3186/2602/2327
f 3151/2682/2328 3146/2685/2328 3200/2606/2328 3176/2600/2328
f 3160/2686/2329 3143/2667/2329 3198/2568/2329 3185/2608/2329
f 3149/2676/2330 3148/2687/2330 3201/2610/2330 3175/2588/2330
f 3155/2689/2331 3150/2688/2331 3202/2613/2331 3180/2612/2331
f 3132/2654/2332 3144/2690/2332 3199/2616/2332 3167/2545/2332
f 3139/2680/2333 3153/2663/2333 3178/2560/2333 3196/2597/2333
f 3150/2688/2334 3154/2681/2334 3179/2596/2334 3202/2613/2334
f 3136/2658/2335 3155/2689/2335 3180/2612/2335 3169/2553/2335
f 3134/2656/2336 3156/2673/2336 3181/2580/2336 3168/2549/2336
f 3133/2678/2337 3157/2657/2337 3182/2548/2337 3193/2593/2337
f 3138/2660/2338 3158/2679/2338 3183/2592/2338 3170/2557/2338
f 3137/2666/2339 3159/2661/2339 3184/2556/2339 3195/2569/2339
f 3152/2683/2340 3160/2686/2340 3185/2608/2340 3177/2603/2340
f 3130/2652/2341 3161/2684/2341 3186/2602/2341 3166/2541/2341
f 3129/2674/2342 3162/2653/2342 3187/2540/2342 3191/2584/2342
f 3142/2664/2343 3163/2677/2343 3188/2590/2343 3172/2565/2343
f 3141/2670/2344 3164/2665/2344 3189/2564/2344 3197/2577/2344
f 3146/2685/2345 3165/2671/2345 3190/2576/2345 3200/2606/2345
f 1226/1335/2346 1219/1314/2346 1359/1469/2346 1366/1562/2346
f 3235/2691/2347 3236/2692/2347 3234/2693/2347 3233/2694/2347
f 3234/2693/2348 3236/2692/2348 3212/2695/2348 3211/2696/2348
f 3203/2697/2349 3209/2698/2349 3230/2699/2349 3217/2700/2349
f 3217/2700/2350 3230/2699/2350 3229/2701/2350 3218/2702/2350
f 3203/2697/2351 3217/2700/2351 3232/2703/2351 3210/2704/2351
f 3217/2700/2352 3218/2702/2352 3231/2705/2352 3232/2703/2352
f 3204/2706/2353 3210/2704/2353 3232/2703/2353 3219/2707/2353
f 3219/2707/2354 3232/2703/2354 3231/2705/2354 3220/2708/2354
f 3204/2706/2355 3219/2707/2355 3234/2693/2355 3211/2696/2355
f 3219/2707/2356 3220/2708/2356 3233/2694/2356 3234/2693/2356
f 3205/2709/2357 3212/2695/2357 3236/2692/2357 3221/2710/2357
f 3221/2710/2358 3236/2692/2358 3235/2691/2358 3222/2711/2358
f 3205/2709/2359 3221/2710/2359 3238/2712/2359 3213/2713/2359
f 3221/2710/2360 3222/2711/2360 3237/2714/2360 3238/2712/2360
f 3206/2715/2361 3213/2713/2361 3238/2712/2361 3223/2716/2361
f 3223/2716/2362 3238/2712/2362 3237/2714/2362 3224/2717/2362
f 3206/2715/2363 3223/2716/2363 3240/2718/2363 3214/2719/2363
f 3223/2716/2364 3224/2717/2364 3239/2720/2364 3240/2718/2364
f 3207/2721/2365 3214/2719/2365 3240/2718/2365 3225/2722/2365
f 3225/2722/2366 3240/2718/2366 3239/2720/2366 3226/2723/2366
f 3207/2721/2367 3225/2722/2367 3242/2724/2367 3215/2725/2367
f 3225/2722/2368 3226/2723/2368 3241/2726/2368 3242/2724/2368
f 3208/2727/2369 3215/2725/2369 3242/2724/2369 3227/2728/2369
f 3227/2728/2370 3242/2724/2370 3241/2726/2370 3228/2729/2370
f 3208/2727/2371 3227/2728/2371 3244/2730/2371 3216/2731/2371
f 3227/2728/2372 3228/2729/2372 3243/2732/2372 3244/2730/2372
f 3245/2733/2373 3246/2734/2373 3297/2735/2373 3296/2736/2373
f 3246/2734/2374 3247/2737/2374 3298/2738/2374 3297/2735/2374
f 3245/2733/2375 3290/2739/2375 3291/2740/2375 3246/2734/2375
f 3246/2734/2376 3291/2740/2376 3292/2741/2376 3247/2737/2376
f 3248/2742/2377 3249/2743/2377 3291/2740/2377 3290/2739/2377
f 3249/2743/2378 3250/2744/2378 3292/2741/2378 3291/2740/2378
f 3248/2742/2379 3299/2745/2379 3300/2746/2379 3249/2743/2379
f 3249/2743/2380 3300/2746/2380 3301/2747/2380 3250/2744/2380
f 3251/2748/2381 3252/2749/2381 3300/2746/2381 3299/2745/2381
f 3252/2749/2382 3253/2750/2382 3301/2747/2382 3300/2746/2382
f 3251/2748/2383 3287/2751/2383 3288/2752/2383 3252/2749/2383
f 3252/2749/2384 3288/2752/2384 3289/2753/2384 3253/2750/2384
f 3254/2754/2385 3255/2755/2385 3288/2752/2385 3287/2751/2385
f 3255/2755/2386 3256/2756/2386 3289/2753/2386 3288/2752/2386
f 3254/2754/2387 3293/2757/2387 3294/2758/2387 3255/2755/2387
f 3255/2755/2388 3294/2758/2388 3295/2759/2388 3256/2756/2388
f 3257/2760/2389 3258/2761/2389 3294/2758/2389 3293/2757/2389
f 3258/2761/2390 3259/2762/2390 3295/2759/2390 3294/2758/2390
f 3257/2760/2391 3284/2763/2391 3285/2764/2391 3258/2761/2391
f 3258/2761/2392 3285/2764/2392 3286/2765/2392 3259/2762/2392
f 3260/2766/2393 3261/2767/2393 3285/2764/2393 3284/2763/2393
f 3261/2767/2394 3262/2768/2394 3286/2765/2394 3285/2764/2394
f 3260/2766/2395 3281/2769/2395 3282/2770/2395 3261/2767/2395
f 3261/2767/2396 3282/2770/2396 3283/2771/2396 3262/2768/2396
f 3263/2772/2397 3264/2773/2397 3282/2770/2397 3281/2769/2397
f 3264/2773/2398 3265/2774/2398 3283/2771/2398 3282/2770/2398
f 3263/2772/2399 3302/2775/2399 3303/2776/2399 3264/2773/2399
f 3264/2773/2400 3303/2776/2400 3304/2777/2400 3265/2774/2400
f 3266/2778/2401 3267/2779/2401 3303/2776/2401 3302/2775/2401
f 3267/2779/2402 3268/2780/2402 3304/2777/2402 3303/2776/2402
f 3266/2778/2403 3305/2781/2403 3306/2782/2403 3267/2779/2403
f 3267/2779/2404 3306/2782/2404 3307/2783/2404 3268/2780/2404
f 3269/2784/2405 3270/2785/2405 3306/2782/2405 3305/2781/2405
f 3270/2785/2406 3271/2786/2406 3307/2783/2406 3306/2782/2406
f 3269/2784/2407 3278/2787/2407 3279/2788/2407 3270/2785/2407
f 3270/2785/2408 3279/2788/2408 3280/2789/2408 3271/2786/2408
f 3272/2790/2409 3273/2791/2409 3279/2788/2409 3278/2787/2409
f 3273/2791/2410 3274/2792/2410 3280/2789/2410 3279/2788/2410
f 3272/2790/2411 3275/2793/2411 3276/2794/2411 3273/2791/2411
f 3273/2791/2412 3276/2794/2412 3277/2795/2412 3274/2792/2412
f 3366/2796/2413 3365/2797/2413 3354/2798/2413 3353/2799/2413
f 3365/2797/2414 3367/2800/2414 3355/2801/2414 3354/2798/2414
f 3370/2802/2415 3347/2803/2415 3348/2804/2415 3369/2805/2415
f 3369/2805/2416 3348/2804/2416 3349/2806/2416 3368/2807/2416
f 3311/2808/2417 3312/2809/2417 3348/2804/2417 3347/2803/2417
f 3312/2809/2418 3313/2810/2418 3349/2806/2418 3348/2804/2418
f 3311/2808/2419 3356/2811/2419 3357/2812/2419 3312/2809/2419
f 3312/2809/2420 3357/2812/2420 3358/2813/2420 3313/2810/2420
f 3314/2814/2421 3315/2815/2421 3357/2812/2421 3356/2811/2421
f 3315/2815/2422 3316/2816/2422 3358/2813/2422 3357/2812/2422
f 3314/2814/2423 3344/2817/2423 3345/2818/2423 3315/2815/2423
f 3315/2815/2424 3345/2818/2424 3346/2819/2424 3316/2816/2424
f 3317/2820/2425 3318/2821/2425 3345/2818/2425 3344/2817/2425
f 3318/2821/2426 3319/2822/2426 3346/2819/2426 3345/2818/2426
f 3317/2820/2427 3350/2823/2427 3351/2824/2427 3318/2821/2427
f 3318/2821/2428 3351/2824/2428 3352/2825/2428 3319/2822/2428
f 3320/2826/2429 3321/2827/2429 3351/2824/2429 3350/2823/2429
f 3321/2827/2430 3322/2828/2430 3352/2825/2430 3351/2824/2430
f 3320/2826/2431 3341/2829/2431 3342/2830/2431 3321/2827/2431
f 3321/2827/2432 3342/2830/2432 3343/2831/2432 3322/2828/2432
f 3323/2832/2433 3324/2833/2433 3342/2830/2433 3341/2829/2433
f 3324/2833/2434 3325/2834/2434 3343/2831/2434 3342/2830/2434
f 3323/2832/2435 3338/2835/2435 3339/2836/2435 3324/2833/2435
f 3324/2833/2436 3339/2836/2436 3340/2837/2436 3325/2834/2436
f 3326/2838/2437 3327/2839/2437 3339/2836/2437 3338/2835/2437
f 3327/2839/2438 3328/2840/2438 3340/2837/2438 3339/2836/2438
f 3326/2838/2439 3359/2841/2439 3360/2842/2439 3327/2839/2439
f 3327/2839/2440 3360/2842/2440 3361/2843/2440 3328/2840/2440
f 3329/2844/2441 3330/2845/2441 3360/2842/2441 3359/2841/2441
f 3330/2845/2442 3331/2846/2442 3361/2843/2442 3360/2842/2442
f 3329/2844/2443 3362/2847/2443 3363/2848/2443 3330/2845/2443
f 3330/2845/2444 3363/2848/2444 3364/2849/2444 3331/2846/2444
f 3332/2850/2445 3333/2851/2445 3363/2848/2445 3362/2847/2445
f 3333/2851/2446 3334/2852/2446 3364/2849/2446 3363/2848/2446
f 3332/2850/2447 3335/2853/2447 3336/2854/2447 3333/2851/2447
f 3333/2851/2448 3336/2854/2448 3337/2855/2448 3334/2852/2448
f 3308/2856/2449 3309/2857/2449 3365/2797/2449 3366/2796/2449
f 3309/2857/2450 3310/2858/2450 3367/2800/2450 3365/2797/2450
f 3308/2856/2451 3370/2802/2451 3369/2805/2451 3309/2857/2451
f 3309/2857/2452 3369/2805/2452 3368/2807/2452 3310/2858/2452
f 3375/2859/2453 3411/2860/2453 3412/2861/2453 3374/2862/2453
f 3429/2863/2454 3430/2864/2454 3417/2865/2454 3416/2866/2454
f 3376/2867/2455 3410/2868/2455 3411/2860/2455 3375/2859/2455
f 3430/2864/2456 3428/2869/2456 3418/2870/2456 3417/2865/2456
f 3373/2871/2457 3372/2872/2457 3411/2860/2457 3410/2868/2457
f 3372/2872/2458 3371/2873/2458 3412/2861/2458 3411/2860/2458
f 3373/2871/2459 3419/2874/2459 3420/2875/2459 3372/2872/2459
f 3372/2872/2460 3420/2875/2460 3421/2876/2460 3371/2873/2460
f 3377/2877/2461 3378/2878/2461 3420/2875/2461 3419/2874/2461
f 3378/2878/2462 3379/2879/2462 3421/2876/2462 3420/2875/2462
f 3377/2877/2463 3407/2880/2463 3408/2881/2463 3378/2878/2463
f 3378/2878/2464 3408/2881/2464 3409/2882/2464 3379/2879/2464
f 3380/2883/2465 3381/2884/2465 3408/2881/2465 3407/2880/2465
f 3381/2884/2466 3382/2885/2466 3409/2882/2466 3408/2881/2466
f 3380/2883/2467 3413/2886/2467 3414/2887/2467 3381/2884/2467
f 3381/2884/2468 3414/2887/2468 3415/2888/2468 3382/2885/2468
f 3383/2889/2469 3384/2890/2469 3414/2887/2469 3413/2886/2469
f 3384/2890/2470 3385/2891/2470 3415/2888/2470 3414/2887/2470
f 3383/2889/2471 3404/2892/2471 3405/2893/2471 3384/2890/2471
f 3384/2890/2472 3405/2893/2472 3406/2894/2472 3385/2891/2472
f 3386/2895/2473 3387/2896/2473 3405/2893/2473 3404/2892/2473
f 3387/2896/2474 3388/2897/2474 3406/2894/2474 3405/2893/2474
f 3386/2895/2475 3401/2898/2475 3402/2899/2475 3387/2896/2475
f 3387/2896/2476 3402/2899/2476 3403/2900/2476 3388/2897/2476
f 3389/2901/2477 3390/2902/2477 3402/2899/2477 3401/2898/2477
f 3390/2902/2478 3391/2903/2478 3403/2900/2478 3402/2899/2478
f 3389/2901/2479 3422/2904/2479 3423/2905/2479 3390/2902/2479
f 3390/2902/2480 3423/2905/2480 3424/2906/2480 3391/2903/2480
f 3392/2907/2481 3393/2908/2481 3423/2905/2481 3422/2904/2481
f 3393/2908/2482 3394/2909/2482 3424/2906/2482 3423/2905/2482
f 3392/2907/2483 3425/2910/2483 3426/2911/2483 3393/2908/2483
f 3393/2908/2484 3426/2911/2484 3427/2912/2484 3394/2909/2484
f 3395/2913/2485 3396/2914/2485 3426/2911/2485 3425/2910/2485
f 3396/2914/2486 3397/2915/2486 3427/2912/2486 3426/2911/2486
f 3395/2913/2487 3398/2916/2487 3399/2917/2487 3396/2914/2487
f 3396/2914/2488 3399/2917/2488 3400/2918/2488 3397/2915/2488
f 3432/2919/2489 3433/2920/2489 3430/2864/2489 3429/2863/2489
f 3433/2920/2490 3431/2921/2490 3428/2869/2490 3430/2864/2490
f 3376/2867/2491 3375/2859/2491 3433/2920/2491 3432/2919/2491
f 3375/2859/2492 3374/2862/2492 3431/2921/2492 3433/2920/2492
f 3438/2922/2493 3474/2923/2493 3475/2924/2493 3437/2925/2493
f 3492/2926/2494 3493/2927/2494 3480/2928/2494 3479/2929/2494
f 3439/2930/2495 3473/2931/2495 3474/2923/2495 3438/2922/2495
f 3493/2927/2496 3491/2932/2496 3481/2933/2496 3480/2928/2496
f 3436/2934/2497 3435/2935/2497 3474/2923/2497 3473/2931/2497
f 3435/2935/2498 3434/2936/2498 3475/2924/2498 3474/2923/2498
f 3436/2934/2499 3482/2937/2499 3483/2938/2499 3435/2935/2499
f 3435/2935/2500 3483/2938/2500 3484/2939/2500 3434/2936/2500
f 3440/2940/2501 3441/2941/2501 3483/2938/2501 3482/2937/2501
f 3441/2941/2502 3442/2942/2502 3484/2939/2502 3483/2938/2502
f 3440/2940/2503 3470/2943/2503 3471/2944/2503 3441/2941/2503
f 3441/2941/2504 3471/2944/2504 3472/2945/2504 3442/2942/2504
f 3443/2946/2505 3444/2947/2505 3471/2944/2505 3470/2943/2505
f 3444/2947/2506 3445/2948/2506 3472/2945/2506 3471/2944/2506
f 3443/2946/2507 3476/2949/2507 3477/2950/2507 3444/2947/2507
f 3444/2947/2508 3477/2950/2508 3478/2951/2508 3445/2948/2508
f 3446/2952/2509 3447/2953/2509 3477/2950/2509 3476/2949/2509
f 3447/2953/2510 3448/2954/2510 3478/2951/2510 3477/2950/2510
f 3446/2952/2511 3467/2955/2511 3468/2956/2511 3447/2953/2511
f 3447/2953/2512 3468/2956/2512 3469/2957/2512 3448/2954/2512
f 3449/2958/2513 3450/2959/2513 3468/2956/2513 3467/2955/2513
f 3450/2959/2514 3451/2960/2514 3469/2957/2514 3468/2956/2514
f 3449/2958/2515 3464/2961/2515 3465/2962/2515 3450/2959/2515
f 3450/2959/2516 3465/2962/2516 3466/2963/2516 3451/2960/2516
f 3452/2964/2517 3453/2965/2517 3465/2962/2517 3464/2961/2517
f 3453/2965/2518 3454/2966/2518 3466/2963/2518 3465/2962/2518
f 3452/2964/2519 3485/2967/2519 3486/2968/2519 3453/2965/2519
f 3453/2965/2520 3486/2968/2520 3487/2969/2520 3454/2966/2520
f 3455/2970/2521 3456/2971/2521 3486/2968/2521 3485/2967/2521
f 3456/2971/2522 3457/2972/2522 3487/2969/2522 3486/2968/2522
f 3455/2970/2523 3488/2973/2523 3489/2974/2523 3456/2971/2523
f 3456/2971/2524 3489/2974/2524 3490/2975/2524 3457/2972/2524
f 3458/2976/2525 3459/2977/2525 3489/2974/2525 3488/2973/2525
f 3459/2977/2526 3460/2978/2526 3490/2975/2526 3489/2974/2526
f 3458/2976/2527 3461/2979/2527 3462/2980/2527 3459/2977/2527
f 3459/2977/2528 3462/2980/2528 3463/2981/2528 3460/2978/2528
f 3495/2982/2529 3496/2983/2529 3493/2927/2529 3492/2926/2529
f 3496/2983/2530 3494/2984/2530 3491/2932/2530 3493/2927/2530
f 3439/2930/2531 3438/2922/2531 3496/2983/2531 3495/2982/2531
f 3438/2922/2532 3437/2925/2532 3494/2984/2532 3496/2983/2532
f 3501/2985/2533 3537/2986/2533 3538/2987/2533 3500/2988/2533
f 3561/2989/2534 3562/2990/2534 3543/2991/2534 3542/2992/2534
f 3502/2993/2535 3536/2994/2535 3537/2986/2535 3501/2985/2535
f 3562/2990/2536 3560/2995/2536 3544/2996/2536 3543/2991/2536
f 3499/2997/2537 3498/2998/2537 3537/2986/2537 3536/2994/2537
f 3498/2998/2538 3497/2999/2538 3538/2987/2538 3537/2986/2538
f 3499/2997/2539 3545/3000/2539 3546/3001/2539 3498/2998/2539
f 3498/2998/2540 3546/3001/2540 3547/3002/2540 3497/2999/2540
f 3503/3003/2541 3504/3004/2541 3546/3001/2541 3545/3000/2541
f 3504/3004/2542 3505/3005/2542 3547/3002/2542 3546/3001/2542
f 3503/3003/2543 3533/3006/2543 3534/3007/2543 3504/3004/2543
f 3504/3004/2544 3534/3007/2544 3535/3008/2544 3505/3005/2544
f 3506/3009/2545 3507/3010/2545 3534/3007/2545 3533/3006/2545
f 3507/3010/2546 3508/3011/2546 3535/3008/2546 3534/3007/2546
f 3506/3009/2547 3539/3012/2547 3540/3013/2547 3507/3010/2547
f 3507/3010/2548 3540/3013/2548 3541/3014/2548 3508/3011/2548
f 3509/3015/2549 3510/3016/2549 3540/3013/2549 3539/3012/2549
f 3510/3016/2550 3511/3017/2550 3541/3014/2550 3540/3013/2550
f 3509/3015/2551 3530/3018/2551 3531/3019/2551 3510/3016/2551
f 3510/3016/2552 3531/3019/2552 3532/3020/2552 3511/3017/2552
f 3512/3021/2553 3513/3022/2553 3531/3019/2553 3530/3018/2553
f 3513/3022/2554 3514/3023/2554 3532/3020/2554 3531/3019/2554
f 3512/3021/2555 3527/3024/2555 3528/3025/2555 3513/3022/2555
f 3513/3022/2556 3528/3025/2556 3529/3026/2556 3514/3023/2556
f 3515/3027/2557 3516/3028/2557 3528/3025/2557 3527/3024/2557
f 3516/3028/2558 3517/3029/2558 3529/3026/2558 3528/3025/2558
f 3515/3027/2559 3548/3030/2559 3549/3031/2559 3516/3028/2559
f 3516/3028/2560 3549/3031/2560 3550/3032/2560 3517/3029/2560
f 3518/3033/2561 3519/3034/2561 3549/3031/2561 3548/3030/2561
f 3519/3034/2562 3520/3035/2562 3550/3032/2562 3549/3031/2562
f 3518/3033/2563 3551/3036/2563 3552/3037/2563 3519/3034/2563
f 3519/3034/2564 3552/3037/2564 3553/3038/2564 3520/3035/2564
f 3521/3039/2565 3522/3040/2565 3552/3037/2565 3551/3036/2565
f 3522/3040/2566 3523/3041/2566 3553/3038/2566 3552/3037/2566
f 3521/3039/2567 3524/3042/2567 3525/3043/2567 3522/3040/2567
f 3522/3040/2568 3525/3043/2568 3526/3044/2568 3523/3041/2568
f 3558/3045/2569 3559/3046/2569 3556/3047/2569 3555/3048/2569
f 3559/3046/2570 3557/3049/2570 3554/3050/2570 3556/3047/2570
f 3502/2993/2571 3501/2985/2571 3559/3046/2571 3558/3045/2571
f 3501/2985/2572 3500/2988/2572 3557/3049/2572 3559/3046/2572
f 3555/3048/2573 3556/3047/2573 3562/2990/2573 3561/2989/2573
f 3556/3047/2574 3554/3050/2574 3560/2995/2574 3562/2990/2574
f 3567/3051/2575 3603/3052/2575 3604/3053/2575 3566/3054/2575
f 3627/3055/2576 3628/3056/2576 3609/3057/2576 3608/3058/2576
f 3568/3059/2577 3602/3060/2577 3603/3052/2577 3567/3051/2577
f 3628/3056/2578 3626/3061/2578 3610/3062/2578 3609/3057/2578
f 3565/3063/2579 3564/3064/2579 3603/3052/2579 3602/3060/2579
f 3564/3064/2580 3563/3065/2580 3604/3053/2580 3603/3052/2580
f 3565/3063/2581 3611/3066/2581 3612/3067/2581 3564/3064/2581
f 3564/3064/2582 3612/3067/2582 3613/3068/2582 3563/3065/2582
f 3569/3069/2583 3570/3070/2583 3612/3067/2583 3611/3066/2583
f 3570/3070/2584 3571/3071/2584 3613/3068/2584 3612/3067/2584
f 3569/3069/2585 3599/3072/2585 3600/3073/2585 3570/3070/2585
f 3570/3070/2586 3600/3073/2586 3601/3074/2586 3571/3071/2586
f 3572/3075/2587 3573/3076/2587 3600/3073/2587 3599/3072/2587
f 3573/3076/2588 3574/3077/2588 3601/3074/2588 3600/3073/2588
f 3572/3075/2589 3605/3078/2589 3606/3079/2589 3573/3076/2589
f 3573/3076/2590 3606/3079/2590 3607/3080/2590 3574/3077/2590
f 3575/3081/2591 3576/3082/2591 3606/3079/2591 3605/3078/2591
f 3576/3082/2592 3577/3083/2592 3607/3080/2592 3606/3079/2592
f 3575/3081/2593 3596/3084/2593 3597/3085/2593 3576/3082/2593
f 3576/3082/2594 3597/3085/2594 3598/3086/2594 3577/3083/2594
f 3578/3087/2595 3579/3088/2595 3597/3085/2595 3596/3084/2595
f 3579/3088/2596 3580/3089/2596 3598/3086/2596 3597/3085/2596
f 3578/3087/2597 3593/3090/2597 3594/3091/2597 3579/3088/2597
f 3579/3088/2598 3594/3091/2598 3595/3092/2598 3580/3089/2598
f 3581/3093/2599 3582/3094/2599 3594/3091/2599 3593/3090/2599
f 3582/3094/2600 3583/3095/2600 3595/3092/2600 3594/3091/2600
f 3581/3093/2601 3614/3096/2601 3615/3097/2601 3582/3094/2601
f 3582/3094/2602 3615/3097/2602 3616/3098/2602 3583/3095/2602
f 3584/3099/2603 3585/3100/2603 3615/3097/2603 3614/3096/2603
f 3585/3100/2604 3586/3101/2604 3616/3098/2604 3615/3097/2604
f 3584/3099/2605 3617/3102/2605 3618/3103/2605 3585/3100/2605
f 3585/3100/2606 3618/3103/2606 3619/3104/2606 3586/3101/2606
f 3587/3105/2607 3588/3106/2607 3618/3103/2607 3617/3102/2607
f 3588/3106/2608 3589/3107/2608 3619/3104/2608 3618/3103/2608
f 3670/3108/2609 3590/3109/2609 3591/3110/2609 3669/3111/2609
f 3669/3111/2610 3591/3110/2610 3592/3112/2610 3642/3113/2610
f 3624/3114/2611 3625/3115/2611 3622/3116/2611 3621/3117/2611
f 3625/3115/2612 3623/3118/2612 3620/3119/2612 3622/3116/2612
f 3568/3059/2613 3567/3051/2613 3625/3115/2613 3624/3114/2613
f 3567/3051/2614 3566/3054/2614 3623/3118/2614 3625/3115/2614
f 3621/3117/2615 3622/3116/2615 3628/3056/2615 3627/3055/2615
f 3622/3116/2616 3620/3119/2616 3626/3061/2616 3628/3056/2616
f 3661/3120/2617 3662/3121/2617 3660/3122/2617 3659/3123/2617
f 3660/3122/2618 3662/3121/2618 3638/3124/2618 3637/3125/2618
f 3629/3126/2619 3635/3127/2619 3656/3128/2619 3643/3129/2619
f 3643/3129/2620 3656/3128/2620 3655/3130/2620 3644/3131/2620
f 3629/3126/2621 3643/3129/2621 3658/3132/2621 3636/3133/2621
f 3643/3129/2622 3644/3131/2622 3657/3134/2622 3658/3132/2622
f 3630/3135/2623 3636/3133/2623 3658/3132/2623 3645/3136/2623
f 3645/3136/2624 3658/3132/2624 3657/3134/2624 3646/3137/2624
f 3630/3135/2625 3645/3136/2625 3660/3122/2625 3637/3125/2625
f 3645/3136/2626 3646/3137/2626 3659/3123/2626 3660/3122/2626
f 3631/3138/2627 3638/3124/2627 3662/3121/2627 3647/3139/2627
f 3647/3139/2628 3662/3121/2628 3661/3120/2628 3648/3140/2628
f 3631/3138/2629 3647/3139/2629 3664/3141/2629 3639/3142/2629
f 3647/3139/2630 3648/3140/2630 3663/3143/2630 3664/3141/2630
f 3632/3144/2631 3639/3142/2631 3664/3141/2631 3649/3145/2631
f 3649/3145/2632 3664/3141/2632 3663/3143/2632 3650/3146/2632
f 3632/3144/2633 3649/3145/2633 3666/3147/2633 3640/3148/2633
f 3649/3145/2634 3650/3146/2634 3665/3149/2634 3666/3147/2634
f 3633/3150/2635 3640/3148/2635 3666/3147/2635 3651/3151/2635
f 3651/3151/2636 3666/3147/2636 3665/3149/2636 3652/3152/2636
f 3633/3150/2637 3651/3151/2637 3668/3153/2637 3641/3154/2637
f 3651/3151/2638 3652/3152/2638 3667/3155/2638 3668/3153/2638
f 3634/3156/2639 3641/3154/2639 3668/3153/2639 3653/3157/2639
f 3653/3157/2640 3668/3153/2640 3667/3155/2640 3654/3158/2640
f 3588/3106/2641 3669/3111/2641 3642/3113/2641 3589/3107/2641
f 3587/3105/2642 3670/3108/2642 3669/3111/2642 3588/3106/2642
f 3702/3159/2643 3703/3160/2643 3701/3161/2643 3700/3162/2643
f 3701/3161/2644 3703/3160/2644 3680/3163/2644 3679/3164/2644
f 3710/3165/2645 3677/3166/2645 3697/3167/2645 3712/3168/2645
f 3712/3168/2646 3697/3167/2646 3696/3169/2646 3711/3170/2646
f 3715/3171/2647 3713/3172/2647 3699/3173/2647 3678/3174/2647
f 3713/3172/2648 3714/3175/2648 3698/3176/2648 3699/3173/2648
f 3716/3177/2649 3678/3174/2649 3699/3173/2649 3717/3178/2649
f 3717/3178/2650 3699/3173/2650 3698/3176/2650 3718/3179/2650
f 3672/3180/2651 3686/3181/2651 3701/3161/2651 3679/3164/2651
f 3686/3181/2652 3687/3182/2652 3700/3162/2652 3701/3161/2652
f 3673/3183/2653 3680/3163/2653 3703/3160/2653 3688/3184/2653
f 3688/3184/2654 3703/3160/2654 3702/3159/2654 3689/3185/2654
f 3673/3183/2655 3688/3184/2655 3705/3186/2655 3681/3187/2655
f 3688/3184/2656 3689/3185/2656 3704/3188/2656 3705/3186/2656
f 3674/3189/2657 3681/3187/2657 3705/3186/2657 3690/3190/2657
f 3690/3190/2658 3705/3186/2658 3704/3188/2658 3691/3191/2658
f 3674/3189/2659 3690/3190/2659 3707/3192/2659 3682/3193/2659
f 3690/3190/2660 3691/3191/2660 3706/3194/2660 3707/3192/2660
f 3675/3195/2661 3682/3193/2661 3707/3192/2661 3692/3196/2661
f 3692/3196/2662 3707/3192/2662 3706/3194/2662 3693/3197/2662
f 3675/3195/2663 3692/3196/2663 3709/3198/2663 3683/3199/2663
f 3692/3196/2664 3693/3197/2664 3708/3200/2664 3709/3198/2664
f 3676/3201/2665 3683/3199/2665 3709/3198/2665 3694/3202/2665
f 3694/3202/2666 3709/3198/2666 3708/3200/2666 3695/3203/2666
f 3671/3204/2667 3710/3165/2667 3712/3168/2667 3684/3205/2667
f 3684/3205/2668 3712/3168/2668 3711/3170/2668 3685/3206/2668
f 3671/3204/2669 3684/3205/2669 3713/3172/2669 3715/3171/2669
f 3684/3205/2670 3685/3206/2670 3714/3175/2670 3713/3172/2670
f 3672/3180/2671 3716/3177/2671 3717/3178/2671 3686/3181/2671
f 3686/3181/2672 3717/3178/2672 3718/3179/2672 3687/3182/2672
