# Blender 5.0.1
# www.blender.org
mtllib tshirt_shorts.mtl
o tshirt_shorts
v 0.455700 8.208700 1.294499
v 0.122600 8.184500 1.337199
v 0.456000 8.384700 1.309299
v 0.126900 8.346900 1.343499
v 0.448100 7.976800 1.249999
v 0.125700 7.999800 1.303899
v 0.418600 7.754100 1.196599
v 0.127200 7.761900 1.220699
v 0.354600 7.544800 1.142799
v 0.126500 7.597400 1.114499
v 0.215900 7.393700 1.003899
v 0.059800 7.432300 0.996299
v 0.158800 7.273800 0.892099
v 0.029800 7.330300 0.862199
v 0.126000 7.155900 0.773699
v 0.024300 7.210000 0.750099
v 0.086900 7.057900 0.636499
v 0.012200 7.131900 0.627299
v 0.057800 6.971600 0.501299
v 0.000200 7.051700 0.501199
v 0.050000 6.903800 0.377999
v -0.003900 6.973000 0.381699
v 0.061700 6.893400 0.256099
v 0.001900 6.958600 0.263999
v 0.105300 6.915200 0.119899
v 0.022400 6.951800 0.148699
v 0.180800 6.974400 -0.052301
v 0.040500 7.024200 0.011099
v 0.261000 7.114600 -0.274401
v 0.044500 7.237500 -0.213101
v 0.284900 7.281400 -0.507901
v 0.030300 7.399800 -0.421901
v 0.303091 7.695731 -0.811602
v 0.023341 7.725254 -0.678098
v 0.327349 7.835425 -0.885632
v 0.023246 7.876103 -0.749416
v 0.338370 8.021778 -0.953412
v 0.028700 8.060200 -0.816301
v 0.353137 8.302277 -0.968425
v 0.051000 8.306800 -0.863401
v 0.373517 8.543041 -0.906925
v 0.073700 8.547800 -0.857201
v 0.391518 8.711763 -0.825764
v 0.078900 8.710700 -0.826801
v 0.673700 7.846500 1.258899
v 0.666100 7.687000 1.280099
v 0.961105 7.925435 1.246075
v 0.980400 7.774900 1.272499
v 1.125500 7.975400 1.245099
v 1.166100 7.826100 1.254099
v 1.398800 8.056600 1.231699
v 1.462600 7.875500 1.191999
v 1.776298 8.193230 0.250395
v 1.827257 8.004790 0.282033
v 1.687400 8.178700 -0.143901
v 1.722500 8.006900 -0.126601
v 1.513300 8.145900 -0.447701
v 1.557300 7.956800 -0.416601
v 0.558368 8.056010 -0.970583
v 0.556850 7.844709 -0.926710
v 0.682100 8.049400 1.250099
v 0.931563 8.130266 1.226406
v 1.081000 8.174200 1.212699
v 1.346700 8.261800 1.213499
v 0.670400 8.266800 1.272799
v 0.900600 8.342400 1.223299
v 1.048600 8.390200 1.201999
v 1.268300 8.452300 1.135399
v 0.672900 8.441000 1.290199
v 0.893800 8.512300 1.227499
v 1.030590 8.549352 1.183310
v 1.217096 8.608610 1.112965
v 1.713505 8.399123 0.223145
v 1.634200 8.364800 -0.140801
v 1.474700 8.330400 -0.454201
v 1.238700 8.167500 -0.697301
v 0.888663 8.157255 -0.907734
v 1.643072 8.591989 0.226509
v 1.593400 8.570400 -0.138601
v 1.437700 8.537100 -0.417701
v 1.188900 8.510300 -0.673401
v 0.872895 8.476572 -0.860837
v 1.596400 8.793233 0.246752
v 1.532300 8.756500 -0.094701
v 1.384974 8.721058 -0.362808
v 1.155558 8.682705 -0.618397
v 0.877344 8.670057 -0.782641
v 0.583374 8.221820 -0.979046
v 0.587453 8.519221 -0.921344
v 0.596223 8.709961 -0.832708
v 0.391600 7.296600 1.196299
v 0.654500 7.460400 1.343599
v 0.996500 7.572500 1.326399
v 1.206000 7.616600 1.265499
v 1.546100 7.731500 1.100599
v 0.280000 7.208800 1.063899
v 0.213700 7.147900 0.941199
v 0.168443 7.063653 0.819702
v 0.115200 6.960500 0.663299
v 0.078100 6.877900 0.500199
v 0.079900 6.841100 0.372000
v 0.104900 6.843200 0.248199
v 0.164526 6.859859 0.118424
v 0.297700 6.928300 -0.093301
v 0.486300 7.072200 -0.368301
v 0.520600 7.260300 -0.594501
v 0.530696 7.708477 -0.880598
v 0.806747 7.131033 -0.496433
v 0.831667 7.314130 -0.658872
v 1.321600 7.281600 -0.504401
v 1.306300 7.404700 -0.576101
v 1.624300 7.399200 -0.337201
v 1.626700 7.525000 -0.379301
v 1.580400 7.846100 -0.406901
v 1.835300 7.527900 -0.056101
v 1.819300 7.627400 -0.076901
v 1.753700 7.884900 -0.116601
v 1.891120 7.566999 0.348245
v 1.882421 7.657303 0.335909
v 1.855129 7.884141 0.300652
v 1.713700 7.659200 0.920299
v 1.789800 7.660100 0.720699
v 1.701100 7.602200 0.900099
v 1.811100 7.587100 0.725899
v 0.249500 8.185900 1.327799
v 0.259800 8.356000 1.337899
v 0.232000 7.974700 1.281599
v 0.211300 7.734800 1.172799
v 0.171900 7.574100 1.076999
v 0.125900 7.444800 0.966699
v 0.093000 7.328100 0.855899
v 0.073900 7.212300 0.732499
v 0.053000 7.124200 0.623399
v 0.029500 7.031100 0.493199
v 0.026200 6.954600 0.378899
v 0.028400 6.930000 0.263299
v 0.055800 6.945700 0.143699
v 0.096700 7.011300 -0.009201
v 0.134000 7.197000 -0.229801
v 0.138100 7.354300 -0.458801
v 0.143617 7.697120 -0.734455
v 0.160414 7.855376 -0.827419
v 0.179047 8.032745 -0.905001
v 0.202823 8.287109 -0.926897
v 0.235900 8.545900 -0.884601
v 0.267400 8.722700 -0.822501
v 0.453400 8.389400 1.316499
v 0.125400 8.350900 1.350599
v 0.388400 8.714600 -0.831201
v 0.099100 8.731200 -0.831601
v 0.670500 8.445700 1.297899
v 0.892900 8.517600 1.234899
v 1.030195 8.555800 1.184400
v 1.217465 8.615431 1.112646
v 1.595227 8.797423 0.246093
v 1.536200 8.762500 -0.099801
v 1.382761 8.723858 -0.364270
v 1.152463 8.685913 -0.619209
v 0.873089 8.671729 -0.783828
v 0.593656 8.708085 -0.833854
v 0.257200 8.360400 1.344999
v 0.261000 8.727200 -0.831501
v 0.449700 8.436900 1.314599
v 0.122800 8.394100 1.348199
v 0.385500 8.768300 -0.815901
v 0.109500 8.776300 -0.816501
v 0.666600 8.492100 1.298499
v 0.889400 8.562200 1.237199
v 1.028479 8.601911 1.191020
v 1.208986 8.658260 1.117137
v 1.590400 8.844000 0.255799
v 1.529100 8.811400 -0.088301
v 1.377014 8.769690 -0.350154
v 1.146067 8.736609 -0.601323
v 0.868007 8.721861 -0.763393
v 0.590010 8.756494 -0.809057
v 0.253100 8.404400 1.342799
v 0.258500 8.777100 -0.818101
v 0.445700 8.456500 1.308699
v 0.120800 8.411000 1.343899
v 0.382300 8.790600 -0.800901
v 0.120800 8.795900 -0.806201
v 0.662400 8.511400 1.293199
v 0.884600 8.579800 1.233499
v 1.024577 8.619835 1.192778
v 1.201296 8.677676 1.120879
v 1.579800 8.861300 0.259899
v 1.517200 8.830200 -0.080701
v 1.373843 8.787745 -0.345725
v 1.141418 8.760591 -0.594036
v 0.863428 8.749025 -0.753540
v 0.585359 8.782053 -0.796144
v 0.248500 8.419100 1.338199
v 0.256600 8.797700 -0.806601
v 0.451612 8.461464 1.290193
v 0.126229 8.423360 1.316688
v 0.404696 8.806545 -0.776335
v 0.171695 8.809452 -0.760713
v 0.672587 8.525243 1.247683
v 0.880477 8.588965 1.216393
v 1.022167 8.626986 1.193826
v 1.192412 8.687314 1.124615
v 1.574619 8.877847 0.257215
v 1.509514 8.840471 -0.071877
v 1.377047 8.795555 -0.338099
v 1.150274 8.777957 -0.579925
v 0.882209 8.769655 -0.736615
v 0.604357 8.816333 -0.773893
v 0.255037 8.429598 1.318432
v 0.292830 8.816730 -0.773207
v 0.409700 6.985200 1.199000
v 0.674300 7.121900 1.366499
v 1.017600 7.256800 1.402299
v 1.242000 7.316500 1.343599
v 0.299300 6.936000 1.062199
v 0.232700 6.885000 0.951599
v 0.197073 6.847447 0.848232
v 0.148259 6.784979 0.655641
v 0.128902 6.742327 0.499014
v 0.131803 6.713577 0.376576
v 0.142336 6.702596 0.248090
v 0.200498 6.712456 0.121324
v 1.833647 7.664122 0.573703
v 1.575785 8.877333 0.400229
v 1.799034 8.014853 0.473294
v 0.335583 6.751821 -0.067741
v 1.810564 8.013294 0.448242
v 1.645793 8.601091 0.355260
v 1.572225 8.876804 0.419649
v 1.636500 8.584400 0.435699
v 1.778397 8.018237 0.517736
v 0.542300 6.833900 -0.282701
v 1.743434 8.194785 0.484500
v 1.809335 7.883562 0.537249
v 1.582701 8.796371 0.458123
v 1.564277 8.873112 0.464821
v 1.692625 8.415157 0.443630
v 1.857500 7.667500 0.561699
v 1.853300 7.588600 0.565399
v 0.849200 6.911900 -0.341301
v 1.330400 7.064600 -0.415001
v 1.654500 7.145900 -0.299001
v 1.643458 8.594660 0.384343
v 1.893800 7.249100 -0.052701
v 1.735991 8.198121 0.499623
v 1.581223 8.805663 0.454848
v 1.570776 8.845969 0.460797
v 1.565489 8.864997 0.465381
v 1.955500 7.291100 0.352999
v 1.767200 7.313300 0.946499
v 1.863500 7.304400 0.743199
v 1.920700 7.302900 0.571899
v 1.591965 8.801257 0.406235
v 1.709069 8.413549 0.402400
v 1.831578 7.886509 0.485432
v 1.942500 7.300200 0.513699
v 1.590130 8.809151 0.406349
v 1.579268 8.849800 0.413975
v 1.574088 8.868484 0.418420
v 1.580271 8.797037 0.469498
v 1.947000 7.297000 0.498599
v 1.562195 8.873188 0.475894
v 1.863395 7.661727 0.507207
v 1.897400 7.300200 0.581799
v 1.762552 8.197750 0.438197
v 1.878300 7.585500 0.509399
v 1.492500 7.319400 1.232799
v 1.147700 6.987800 -0.396501
v 1.118500 7.092700 -0.468901
v 1.478100 7.471000 1.202899
v 1.595779 8.802460 0.385800
v 1.715006 8.409476 0.365055
v 1.841865 7.887330 0.461601
v 1.877200 7.469000 0.576599
v 1.594761 8.807247 0.385396
v 1.583211 8.850562 0.393404
v 1.578007 8.869249 0.397964
v 1.914900 7.456500 0.494899
v 1.873599 7.663991 0.483106
v 1.909500 7.464100 0.509099
v 1.768690 8.202536 0.420851
v 1.881500 7.582700 0.494799
v 1.900400 7.471600 0.567899
v 1.844700 7.466000 0.732199
v 1.742800 7.469500 0.925099
v 1.927700 7.445600 0.350899
v 1.844146 7.587162 0.579340
v 1.871600 7.411800 -0.047001
v 1.645200 7.285300 -0.315501
v 1.339700 7.179300 -0.462801
v 1.803715 7.883658 0.549767
v 1.626715 8.590149 0.455892
v 1.769819 8.023106 0.534294
v 1.685290 8.412914 0.465128
v 1.579555 8.802426 0.466894
v 1.568379 8.845634 0.473157
v 1.563197 8.864379 0.477542
v 0.830900 7.017200 -0.417001
v 1.640400 7.956200 0.934399
v 1.611300 8.129800 0.939399
v 1.567900 8.339000 0.923599
v 1.506800 8.511200 0.902199
v 1.488400 8.576300 0.884499
v 1.674800 7.821600 0.902599
v 1.405808 8.798243 0.877006
v 1.414671 8.767240 0.872336
v 1.423000 8.746700 0.869899
v 1.434900 8.700200 0.874899
v 0.076800 8.598400 -0.858201
v 0.123900 8.222200 1.338199
v 0.032300 7.533300 -0.545801
v 1.396200 8.263200 1.175499
v 1.044600 8.429300 1.194499
v 0.455900 8.251200 1.297699
v 1.709200 7.692100 0.894199
v 0.379157 8.592559 -0.888424
v 0.899000 8.384000 1.226199
v 1.622000 8.631000 0.444199
v 0.671700 8.306000 1.282199
v 1.252900 8.493300 1.121099
v 1.182100 8.555600 -0.658401
v 1.572400 7.761700 1.082499
v 1.424100 8.589400 -0.403801
v 0.873151 8.538384 -0.844333
v 1.580700 8.620000 -0.129701
v 1.630826 8.644404 0.228953
v 0.591695 8.583287 -0.896866
v 0.251200 8.224000 1.330399
v 0.244500 8.594500 -0.870001
v 1.632419 8.641846 0.387024
v 1.293900 8.464600 1.095099
v 1.634563 8.650231 0.356732
v 1.616466 8.637346 0.460297
v 1.443100 8.696400 0.867499
v 0.297500 7.455000 -0.637401
v 1.848100 7.699600 0.562299
v 0.509776 7.430688 -0.710259
v 1.623300 7.626800 -0.385601
v 1.804400 7.696400 -0.088201
v 1.878491 7.699399 0.325001
v 1.441800 8.079300 1.189999
v 1.784300 7.686900 0.718099
v 1.501500 7.893400 1.163599
v 0.137469 7.507355 -0.575049
v 1.858390 7.698752 0.503413
v 1.869741 7.705647 0.474809
v 1.828682 7.693196 0.573163
v 1.247638 8.702494 1.078062
v 1.286500 8.507200 1.098599
v 1.238256 8.690527 1.088979
v 1.239934 8.669697 1.088517
v 1.245905 8.626155 1.084889
v 1.247269 8.620597 1.083776
v 1.723100 7.756200 0.836399
v 1.785800 7.772000 0.716599
v 1.407216 8.059803 1.069317
v 1.382560 8.263558 1.045714
v 1.357041 8.650235 0.975922
v 1.341899 8.738873 0.973822
v 1.337523 8.725590 0.979414
v 1.342205 8.705099 0.977818
v 1.353124 8.652900 0.978501
v 1.388400 8.541800 0.984399
v 1.396200 8.480000 0.991099
v 1.457831 7.876394 1.078516
v 1.502620 7.751541 1.059785
v 1.689700 7.692700 0.870299
v 1.777500 7.701900 0.718199
v 1.823305 7.718541 0.574994
v 1.818828 7.704459 0.590930
v 1.716200 8.191600 0.550799
v 1.572904 8.794857 0.508804
v 1.554631 8.869966 0.518674
v 1.792300 7.882600 0.585399
v 1.617500 8.587500 0.499099
v 1.752534 8.025017 0.573188
v 1.679100 8.400400 0.522499
v 1.571974 8.799317 0.508337
v 1.560409 8.842732 0.516304
v 1.555756 8.859420 0.520268
v 1.607580 8.637954 0.495905
v 1.759700 7.880300 0.729099
v 1.604800 8.553400 0.671399
v 0.024768 7.621326 -0.613169
v 1.833700 7.790700 0.547799
v 1.816576 7.789611 0.561175
v 1.581800 8.612500 0.667099
v 1.666100 8.382400 0.708799
v 1.706000 8.186200 0.735599
v 1.731600 8.018600 0.745599
v 1.812100 7.781300 0.591099
v 0.134633 7.589165 -0.661512
v 1.499740 8.853455 0.696672
v 0.296155 7.566438 -0.720020
v 0.516186 7.557502 -0.792108
v 1.607000 7.728000 -0.400201
v 1.778400 7.784700 -0.104301
v 1.868288 7.790841 0.311898
v 1.844272 7.790906 0.497740
v 1.856503 7.795326 0.468152
v 1.528521 8.752865 0.670632
v 1.525726 8.760047 0.673904
v 1.514812 8.804148 0.678822
v 1.509052 8.822643 0.683756
v 0.536200 6.950900 -0.314201
v 1.105436 8.654980 1.159961
v 1.121226 8.577195 1.152835
v 1.316100 7.858900 1.210599
v 1.262200 8.014700 1.230099
v 1.215200 8.217100 1.209199
v 1.168300 8.424100 1.162499
v 0.324567 6.851222 -0.095446
v 1.449200 7.618600 1.179799
v 0.178582 6.805609 0.114320
v 0.118249 6.798333 0.243252
v 0.106600 6.797900 0.371799
v 0.105900 6.827300 0.497000
v 1.120783 8.583226 1.153068
v 1.115107 8.627706 1.155769
v 1.110178 8.646134 1.157944
v 0.133611 6.892840 0.660446
v 1.157600 8.462800 1.150699
v -0.051500 8.328800 1.364799
v -0.005200 8.110900 1.375299
v -0.106500 8.257000 1.367299
v -0.005200 8.340700 1.364399
v -0.051800 8.125700 1.373999
v 0.099300 8.228200 1.369199
v -0.005200 8.168300 1.367999
v -0.110400 8.229500 1.368399
v 0.020000 8.115600 1.374899
v -0.097800 8.279000 1.367099
v -0.098300 8.178000 1.370999
v 0.041100 8.328500 1.364799
v 0.068500 8.308500 1.365599
v -0.079000 8.308700 1.365699
v -0.079400 8.147200 1.372699
v 0.068900 8.146900 1.372599
v 0.041300 8.125400 1.374099
v 0.087300 8.278700 1.366899
v -0.005200 8.225700 1.365399
v -0.057500 8.227100 1.365099
v 0.047100 8.226900 1.364999
v 0.087800 8.177700 1.370899
v -0.088100 8.296200 1.366299
v -0.030500 8.115800 1.374999
v -0.005200 8.139600 1.369299
v -0.030400 8.337300 1.364499
v 0.078100 8.159900 1.371899
v 0.095600 8.255800 1.367899
v -0.005200 8.283200 1.362599
v -0.031400 8.226500 1.365199
v 0.056900 8.318200 1.365199
v 0.044600 8.172100 1.367499
v -0.055000 8.281800 1.362499
v -0.055300 8.172700 1.367199
v 0.044600 8.281500 1.362399
v 0.020000 8.337100 1.364499
v -0.005200 8.197000 1.366699
v 0.077600 8.295900 1.366099
v -0.083700 8.227700 1.364899
v 0.057200 8.136500 1.373299
v 0.020900 8.226300 1.365199
v -0.067400 8.318400 1.365299
v -0.053400 8.306300 1.361299
v -0.106600 8.201400 1.369799
v -0.067700 8.136900 1.373299
v -0.088600 8.160300 1.371999
v 0.096100 8.201100 1.369699
v -0.005200 8.311900 1.361199
v 0.073200 8.227500 1.364699
v 0.020900 8.197600 1.366599
v 0.072600 8.199600 1.365399
v -0.005200 8.254500 1.363999
v -0.057500 8.198400 1.366399
v 0.047000 8.198200 1.366299
v -0.031400 8.283900 1.362499
v 0.042900 8.306100 1.361199
v 0.067300 8.174900 1.366699
v 0.020900 8.168900 1.367899
v 0.020600 8.141300 1.369099
v -0.031400 8.169200 1.367899
v 0.043100 8.147700 1.368299
v -0.077400 8.280400 1.362399
v 0.066900 8.280200 1.362299
v -0.057500 8.255800 1.363699
v -0.077800 8.175300 1.366799
v -0.031000 8.311500 1.361099
v -0.053600 8.148100 1.368299
v 0.020900 8.283600 1.362399
v 0.047000 8.255600 1.363599
v -0.031400 8.197800 1.366599
v 0.060000 8.298800 1.362399
v -0.082600 8.256000 1.363499
v 0.060300 8.155900 1.368599
v -0.070500 8.299100 1.362499
v -0.070800 8.156300 1.368699
v -0.031400 8.255200 1.363899
v -0.083100 8.200000 1.365499
v 0.020900 8.255000 1.363799
v -0.031100 8.141500 1.369099
v 0.020600 8.311300 1.360999
v 0.072200 8.255800 1.363399
v -0.054300 8.334900 1.365399
v -0.005200 8.104000 1.376499
v -0.112600 8.258800 1.367999
v -0.005200 8.347600 1.364899
v -0.054600 8.119700 1.375099
v 0.105600 8.228300 1.369999
v -0.116700 8.229700 1.369199
v 0.021500 8.109000 1.376099
v -0.103300 8.282200 1.367699
v -0.103900 8.175100 1.371899
v 0.043800 8.334700 1.365299
v 0.073000 8.313500 1.366099
v -0.083400 8.313700 1.366299
v -0.083900 8.142500 1.373699
v 0.073400 8.142200 1.373599
v 0.044100 8.119400 1.375099
v 0.092900 8.281900 1.367499
v 0.093400 8.174800 1.371799
v -0.093100 8.300400 1.366899
v -0.032100 8.109400 1.375899
v -0.032000 8.344000 1.364999
v 0.083100 8.156000 1.372799
v 0.101600 8.257600 1.368599
v 0.060600 8.323800 1.365699
v 0.021500 8.343800 1.364999
v 0.082600 8.300200 1.366699
v 0.061000 8.131200 1.374299
v -0.071100 8.324000 1.365899
v -0.112800 8.200400 1.370399
v -0.071500 8.131500 1.374399
v -0.093600 8.156300 1.372999
v 0.102200 8.199600 1.370499
v -0.064800 8.358200 1.365299
v -0.005200 8.078100 1.378699
v -0.135400 8.265600 1.368699
v -0.005200 8.373000 1.365199
v -0.065100 8.097000 1.377099
v 0.129900 8.230000 1.369799
v -0.140300 8.230300 1.370199
v 0.027300 8.084200 1.378099
v -0.124600 8.294900 1.367499
v -0.124500 8.163900 1.373899
v 0.054300 8.358000 1.365199
v 0.089700 8.332200 1.366199
v -0.100100 8.332500 1.366399
v -0.100700 8.124700 1.375399
v 0.090200 8.124400 1.375299
v 0.054600 8.096700 1.377099
v 0.113800 8.293900 1.367899
v 0.114500 8.164000 1.373099
v -0.111800 8.316300 1.367199
v -0.037800 8.084500 1.377999
v -0.037700 8.369100 1.364999
v 0.101900 8.141200 1.374399
v 0.124900 8.265300 1.368399
v 0.074700 8.344700 1.365699
v 0.027200 8.368700 1.364999
v 0.101300 8.316100 1.366899
v 0.075100 8.111000 1.376099
v -0.085200 8.345000 1.365899
v -0.135000 8.193800 1.372499
v -0.085700 8.111400 1.376199
v -0.112500 8.141500 1.374499
v 0.124500 8.193500 1.372299
v -0.067200 8.363100 1.342399
v -0.005200 8.071700 1.356299
v -0.140600 8.266600 1.345999
v -0.005200 8.378500 1.342299
v -0.067600 8.091400 1.354699
v 0.135300 8.229700 1.347099
v -0.145800 8.229900 1.347399
v 0.028600 8.078000 1.355599
v -0.129500 8.297200 1.344699
v -0.129400 8.161000 1.351299
v 0.056700 8.362900 1.342299
v 0.093500 8.336100 1.343299
v -0.104000 8.336400 1.343499
v -0.104600 8.120200 1.352899
v 0.094000 8.119900 1.352699
v 0.057000 8.091000 1.354599
v 0.119000 8.296900 1.344499
v 0.118800 8.160600 1.351099
v -0.116100 8.319500 1.344299
v -0.039200 8.078400 1.355599
v -0.039000 8.374400 1.341999
v 0.106300 8.137300 1.351799
v 0.130200 8.266400 1.345599
v 0.077900 8.349100 1.342799
v 0.028500 8.374100 1.341999
v 0.105700 8.319300 1.344099
v 0.078400 8.106000 1.353599
v -0.088400 8.349400 1.342999
v -0.140400 8.192100 1.349799
v -0.088900 8.106300 1.353699
v -0.116400 8.137400 1.352399
v 0.129800 8.191800 1.349599
v 0.044600 8.172000 1.359299
v -0.055000 8.281600 1.354199
v -0.055300 8.172600 1.358899
v 0.044600 8.281400 1.354099
v 0.020900 8.197400 1.358299
v -0.057500 8.198300 1.358199
v 0.047000 8.198000 1.358099
v -0.031400 8.283700 1.354199
v 0.020900 8.168800 1.359599
v -0.031400 8.169000 1.359599
v -0.057500 8.255600 1.355499
v 0.020900 8.283500 1.354199
v 0.047000 8.255400 1.355399
v -0.031400 8.197600 1.358299
v -0.031400 8.255100 1.355599
v 0.020900 8.254800 1.355599
v -0.050400 8.325800 1.345199
v -0.005200 8.113400 1.355299
v -0.103500 8.254900 1.348399
v -0.005200 8.337500 1.344699
v -0.050600 8.127800 1.354099
v 0.096700 8.227700 1.349399
v -0.107200 8.228000 1.349599
v 0.019400 8.118000 1.354999
v -0.095500 8.277300 1.347299
v -0.096100 8.178900 1.351199
v 0.039900 8.325600 1.345099
v 0.066700 8.306100 1.345799
v -0.077200 8.306300 1.345999
v -0.077600 8.148800 1.352799
v 0.067100 8.148500 1.352799
v 0.040100 8.127500 1.354099
v 0.085000 8.277000 1.347099
v 0.085500 8.178500 1.351099
v -0.086000 8.294100 1.346599
v -0.029800 8.118200 1.354999
v -0.029800 8.334200 1.344799
v 0.076000 8.161200 1.351999
v 0.093100 8.254600 1.348099
v 0.055400 8.315500 1.345499
v 0.019400 8.334000 1.344799
v 0.075600 8.293800 1.346399
v 0.055700 8.138400 1.353399
v -0.065800 8.315800 1.345599
v -0.104200 8.201700 1.349999
v -0.066200 8.138700 1.353399
v -0.086500 8.161600 1.352099
v 0.093600 8.201400 1.349899
v -0.042100 8.255200 1.355699
v -0.048500 8.255400 1.355599
v -0.048500 8.197900 1.358599
v -0.041000 8.197700 1.358599
v 0.037200 8.254800 1.355999
v 0.036700 8.197800 1.358199
v -0.049100 8.226700 1.367999
v -0.049100 8.198100 1.369399
v -0.049100 8.255400 1.366699
v 0.029900 8.197500 1.358499
v 0.029600 8.254800 1.355899
v -0.041500 8.226800 1.368099
v 0.029700 8.226300 1.368099
v -0.041500 8.198100 1.369399
v -0.041500 8.255500 1.366699
v 0.029700 8.197600 1.369399
v 0.029700 8.255000 1.366699
v 0.036200 8.226200 1.367999
v 0.036200 8.197500 1.369299
v 0.036200 8.254900 1.366599
v 0.116500 8.182700 1.347399
v 0.120800 8.340500 1.352399
v 0.119500 7.996400 1.313399
v 0.120800 7.757200 1.229499
v 0.110200 7.597900 1.122499
v 0.041700 7.431700 1.003499
v 0.023400 7.322000 0.866399
v 0.017800 7.201900 0.753699
v 0.006400 7.123400 0.630499
v -0.005300 7.041900 0.504899
v -0.008400 6.963200 0.384999
v -0.002000 6.949200 0.267599
v 0.017200 6.943500 0.150999
v 0.033900 7.014800 0.009599
v 0.040000 7.233800 -0.216501
v 0.025100 7.399400 -0.428601
v 0.018400 7.727300 -0.681801
v 0.020200 7.873200 -0.753901
v 0.021800 8.056600 -0.824801
v 0.044500 8.305300 -0.871701
v 0.062400 8.547200 -0.865301
v 0.061700 8.714700 -0.833001
v 0.118200 8.350800 1.350799
v 0.076200 8.730500 -0.832401
v 0.115700 8.394000 1.348499
v 0.079600 8.775900 -0.817101
v 0.114800 8.411300 1.344099
v 0.080500 8.796500 -0.803801
v 0.120138 8.423903 1.316542
v 0.097300 8.797600 -0.748701
v 0.064100 8.595700 -0.866401
v 0.117900 8.221000 1.348399
v 0.023900 7.531200 -0.553301
v 0.021300 7.620700 -0.618201
v 1.521400 8.133000 -0.479001
v 1.566000 7.946900 -0.449201
v 1.261800 7.998200 -0.716501
v 1.274500 7.867700 -0.696801
v 0.867545 7.984213 -0.912025
v 0.867413 7.843294 -0.889617
v 0.572447 8.043728 -0.969640
v 0.575084 7.843503 -0.926888
v 1.459200 8.269600 -0.481301
v 1.249000 8.142600 -0.725301
v 0.883300 8.129400 -0.921801
v 0.607695 8.182627 -0.976376
v 0.528900 7.286200 -0.599501
v 0.551247 7.710348 -0.884770
v 0.836951 7.327196 -0.669624
v 0.864799 7.722775 -0.860587
v 1.308900 7.409400 -0.586701
v 1.290400 7.742200 -0.686201
v 1.613700 7.538200 -0.390801
v 1.588900 7.835400 -0.439601
v 0.539320 7.439719 -0.728435
v 0.862739 7.467617 -0.751488
v 1.313200 7.515100 -0.642801
v 1.620000 7.610800 -0.426601
v 0.538134 7.566391 -0.802456
v 0.873308 7.584466 -0.809491
v 1.298000 7.618500 -0.661601
v 1.614200 7.715700 -0.435401
v 0.181731 6.979114 0.843272
v 1.029527 8.674851 -0.712958
v 1.066637 8.162083 -0.820395
v 1.027272 8.789802 -0.659625
v 1.056709 8.489738 -0.770198
v 1.111526 7.353178 -0.628783
v 0.230400 7.033200 0.968399
v 1.093600 7.201100 -0.531601
v 0.288600 7.077700 1.071900
v 1.226200 7.450900 1.318199
v 1.009000 7.422100 1.377299
v 0.666300 7.292100 1.366599
v 1.023356 8.675914 -0.716383
v 1.016027 8.726208 -0.698197
v 1.009914 8.753141 -0.689196
v 1.097398 7.839537 -0.803430
v 1.113415 7.710960 -0.773687
v 0.406100 7.155800 1.213799
v 1.049083 8.547279 -0.755469
v 1.081957 7.988100 -0.825736
v 1.062900 8.140600 -0.830401
v 1.112366 7.365124 -0.634721
v 1.119200 7.485500 -0.697001
v 1.117753 7.589234 -0.736880
v 1.563245 8.873150 0.470309
v 1.272195 8.713652 1.050796
v 1.581514 8.796499 0.463906
v 1.739833 8.197333 0.491214
v 1.805327 7.883646 0.546170
v 1.629974 8.586838 0.445269
v 1.395100 8.256400 1.131199
v 1.580385 8.804056 0.460880
v 1.774148 8.020553 0.525895
v 1.688912 8.414048 0.454484
v 1.569578 8.845801 0.466977
v 1.276149 8.631833 1.051833
v 1.564338 8.864718 0.471450
v 1.619102 8.634148 0.452116
v 1.326200 8.465300 1.069399
v 1.442600 8.068800 1.140299
v 1.498400 7.883400 1.125999
v 1.558300 7.759500 1.071199
v 1.701500 7.692600 0.885599
v 1.781000 7.693900 0.718199
v 1.829441 7.706742 0.565890
v 1.264740 8.701395 1.059649
v 1.267146 8.680155 1.058427
v 1.273171 8.636351 1.054758
v 1.322200 8.521000 1.067999
v 1.823760 7.698542 0.582152
v 1.820415 7.789194 0.552627
v 0.414800 6.940500 1.190799
v 0.681100 7.076300 1.365399
v 1.026300 7.216100 1.398299
v 1.248600 7.271700 1.346799
v 0.291600 6.892500 1.067100
v 0.234900 6.840200 0.947599
v 0.202200 6.805600 0.852599
v 0.158168 6.745002 0.653738
v 0.137532 6.708013 0.499909
v 0.141801 6.678080 0.380249
v 0.153718 6.668611 0.249408
v 0.213177 6.671362 0.124630
v 0.345100 6.713300 -0.062301
v 0.551500 6.790600 -0.264001
v 0.855495 6.879683 -0.326752
v 1.335600 7.028400 -0.394301
v 1.655400 7.115300 -0.294401
v 1.895100 7.197300 -0.047601
v 1.962100 7.246400 0.353199
v 1.773000 7.270800 0.947199
v 1.870700 7.259000 0.744199
v 1.932600 7.255300 0.574299
v 1.951400 7.252600 0.514499
v 1.955800 7.251400 0.499299
v 1.909200 7.251400 0.584099
v 1.493000 7.281000 1.234999
v 1.152700 6.961300 -0.375701
v 0.409600 6.933800 1.196499
v 0.680100 7.067400 1.372900
v 1.028300 7.208500 1.405599
v 1.252000 7.261700 1.355099
v 0.283600 6.883900 1.072700
v 0.227100 6.830800 0.951699
v 0.193500 6.796700 0.854799
v 0.159548 6.737961 0.652234
v 0.138737 6.703248 0.500421
v 0.142898 6.674044 0.379701
v 0.153972 6.666315 0.250568
v 0.215384 6.663803 0.125495
v 0.338500 6.704800 -0.067101
v 0.547400 6.780900 -0.268001
v 0.855400 6.872400 -0.330101
v 1.338700 7.020000 -0.399701
v 1.660400 7.113300 -0.302101
v 1.903700 7.189700 -0.051201
v 1.971800 7.240400 0.352099
v 1.780200 7.261000 0.952899
v 1.879400 7.251100 0.747599
v 1.939400 7.244800 0.580799
v 1.960100 7.243900 0.517299
v 1.966100 7.240600 0.500799
v 1.916100 7.241700 0.590399
v 1.498400 7.272700 1.242599
v 1.154200 6.954300 -0.382001
v 0.412000 6.893200 1.190799
v 0.683500 7.026000 1.366400
v 1.032300 7.163800 1.398599
v 1.256000 7.215000 1.354499
v 0.285700 6.842600 1.066300
v 0.228100 6.789200 0.948799
v 0.194900 6.755500 0.852399
v 0.166400 6.702000 0.649700
v 0.147081 6.670105 0.501561
v 0.151973 6.641755 0.382564
v 0.164739 6.631727 0.253611
v 0.225587 6.629217 0.129236
v 0.344900 6.666100 -0.064001
v 0.551800 6.746500 -0.260000
v 0.859400 6.838600 -0.317201
v 1.344100 6.979800 -0.385401
v 1.660000 7.071700 -0.293001
v 1.902500 7.141800 -0.044801
v 1.974800 7.201000 0.352999
v 1.779800 7.219000 0.955199
v 1.880000 7.207200 0.746899
v 1.940600 7.204300 0.579599
v 1.960900 7.203000 0.516899
v 1.961300 7.200500 0.498899
v 1.916900 7.201400 0.588499
v 1.500500 7.231800 1.244499
v 1.156200 6.924100 -0.366001
v 0.430000 6.876800 1.167700
v 0.692800 7.011100 1.333899
v 1.034291 7.144836 1.373113
v 1.251500 7.194200 1.325699
v 0.313200 6.820100 1.039999
v 0.251100 6.775600 0.932599
v 0.216709 6.738652 0.844209
v 0.171872 6.683837 0.649075
v 0.152952 6.646764 0.501902
v 0.158027 6.620401 0.387169
v 0.173973 6.608079 0.251792
v 0.231945 6.608417 0.131033
v 0.364645 6.651696 -0.051138
v 0.569300 6.731200 -0.231501
v 0.857470 6.817775 -0.308914
v 1.337800 6.963200 -0.349701
v 1.642500 7.057800 -0.267601
v 1.879000 7.122600 -0.028501
v 1.949700 7.186600 0.355999
v 1.758900 7.204200 0.939399
v 1.857100 7.191000 0.736799
v 1.924500 7.188800 0.559499
v 1.933700 7.188800 0.506899
v 1.937700 7.186800 0.494899
v 1.899700 7.183400 0.570299
v 1.486300 7.215600 1.225599
v 1.155060 6.905275 -0.347315
v -0.460800 8.195000 1.294399
v -0.122600 8.184500 1.337599
v -0.463500 8.367300 1.308099
v -0.126900 8.346900 1.343899
v -0.449600 7.971700 1.250899
v -0.125700 7.999800 1.304199
v -0.418700 7.771200 1.196999
v -0.126900 7.772400 1.220699
v -0.355200 7.588700 1.143599
v -0.125900 7.630300 1.113099
v -0.215100 7.433000 1.004199
v -0.058500 7.451800 0.995299
v -0.160800 7.273300 0.889899
v -0.034600 7.323900 0.860699
v -0.133400 7.126700 0.770899
v -0.030700 7.201100 0.748499
v -0.105600 7.020900 0.637799
v -0.029700 7.124200 0.627299
v -0.088400 6.932300 0.510399
v -0.031700 7.043700 0.502299
v -0.085300 6.866200 0.394399
v -0.032000 6.963600 0.385599
v -0.084900 6.858500 0.274599
v -0.024200 6.950300 0.267899
v -0.106000 6.877200 0.130999
v -0.018700 6.944100 0.152099
v -0.152400 6.983100 -0.060601
v -0.012500 7.019300 0.011099
v -0.224900 7.226000 -0.330601
v -0.009000 7.239200 -0.218101
v -0.303300 7.325800 -0.585101
v -0.024500 7.407600 -0.429001
v -0.338659 7.711871 -0.838445
v -0.033510 7.726850 -0.688492
v -0.344734 7.826444 -0.886927
v -0.031546 7.873776 -0.755161
v -0.338519 7.984758 -0.945018
v -0.027300 8.058900 -0.812401
v -0.339129 8.292561 -0.969341
v -0.016400 8.305300 -0.860701
v -0.331926 8.540307 -0.902636
v -0.008100 8.548400 -0.853001
v -0.342965 8.720848 -0.820918
v -0.010700 8.708900 -0.823701
v -0.676600 7.833900 1.262099
v -0.666900 7.685200 1.285299
v -0.969877 7.898004 1.250771
v -0.988600 7.750300 1.282999
v -1.133700 7.942000 1.248399
v -1.175900 7.787900 1.263099
v -1.405800 8.024000 1.238099
v -1.466900 7.858200 1.199199
v -1.777772 8.189276 0.269522
v -1.828634 7.999300 0.290465
v -1.676500 8.193500 -0.138101
v -1.721104 7.997519 -0.127564
v -1.507000 8.148900 -0.446701
v -1.543300 7.969600 -0.416701
v -0.579441 8.017556 -0.968087
v -0.593364 7.839685 -0.925405
v -0.690300 8.025800 1.246599
v -0.943838 8.106374 1.229391
v -1.093000 8.153900 1.204499
v -1.353500 8.242300 1.216199
v -0.682200 8.243100 1.265999
v -0.915300 8.328600 1.210199
v -1.064200 8.388100 1.194299
v -1.271200 8.452200 1.135799
v -0.686500 8.419700 1.280099
v -0.909800 8.507300 1.215099
v -1.046390 8.559198 1.172020
v -1.216918 8.618400 1.112943
v -1.713378 8.403842 0.270460
v -1.622700 8.394700 -0.130801
v -1.458800 8.337200 -0.455901
v -1.218500 8.181400 -0.713401
v -0.873942 8.155555 -0.913398
v -1.644032 8.598829 0.303219
v -1.578400 8.590900 -0.115201
v -1.413700 8.553500 -0.420301
v -1.155272 8.503709 -0.687456
v -0.850733 8.499655 -0.866736
v -1.600457 8.795396 0.346417
v -1.536086 8.769603 -0.055495
v -1.366701 8.749168 -0.371172
v -1.121801 8.702187 -0.629560
v -0.843881 8.698188 -0.785172
v -0.593398 8.215228 -0.978491
v -0.565560 8.521603 -0.921686
v -0.558678 8.725204 -0.826397
v -0.391700 7.341500 1.197099
v -0.659500 7.457800 1.350899
v -1.014100 7.534600 1.340799
v -1.223600 7.569800 1.280699
v -1.550600 7.711700 1.108399
v -0.281800 7.244300 1.064199
v -0.218800 7.154500 0.939999
v -0.169559 7.032480 0.821106
v -0.130600 6.925400 0.666599
v -0.106628 6.846080 0.512215
v -0.110873 6.803360 0.393922
v -0.109896 6.799037 0.269722
v -0.167813 6.816796 0.132654
v -0.266600 6.949600 -0.103701
v -0.482100 7.141700 -0.483301
v -0.560600 7.350600 -0.678201
v -0.583323 7.734417 -0.892553
v -0.835618 7.244377 -0.595655
v -0.867363 7.433141 -0.732336
v -1.286197 7.365178 -0.530344
v -1.274630 7.500961 -0.599553
v -1.559203 7.406154 -0.338163
v -1.566200 7.551100 -0.381701
v -1.556300 7.863400 -0.408501
v -1.783744 7.433464 -0.048926
v -1.791200 7.559300 -0.072601
v -1.750896 7.855532 -0.115294
v -1.897450 7.486522 0.354661
v -1.888354 7.595060 0.344708
v -1.858436 7.870290 0.310967
v -1.712800 7.626400 0.930699
v -1.785900 7.615900 0.731099
v -1.697600 7.560500 0.909099
v -1.803900 7.526600 0.734899
v -0.249900 8.184500 1.328599
v -0.261200 8.351500 1.338499
v -0.232000 7.974700 1.282299
v -0.211000 7.753300 1.172599
v -0.171900 7.617100 1.075799
v -0.123800 7.475200 0.966999
v -0.096100 7.325100 0.853899
v -0.084600 7.136500 0.759399
v -0.072000 7.104700 0.623999
v -0.060300 7.008200 0.496299
v -0.062100 6.931700 0.386699
v -0.049700 6.905700 0.275899
v -0.053700 6.926100 0.150599
v -0.070500 7.004600 -0.011501
v -0.098300 7.238800 -0.256401
v -0.139500 7.393500 -0.498601
v -0.168202 7.712703 -0.760206
v -0.171503 7.849375 -0.831739
v -0.173019 8.010283 -0.894843
v -0.175890 8.285094 -0.913259
v -0.191230 8.534153 -0.877282
v -0.205768 8.721691 -0.810981
v -0.461000 8.372100 1.315199
v -0.125400 8.350900 1.350999
v -0.338773 8.720243 -0.821561
v -0.028600 8.733100 -0.826901
v -0.684200 8.424300 1.287999
v -0.908900 8.512700 1.222499
v -1.045451 8.565566 1.173413
v -1.217181 8.625017 1.112673
v -1.599257 8.800457 0.345935
v -1.534462 8.772868 -0.057232
v -1.364152 8.753449 -0.372483
v -1.118946 8.705480 -0.630380
v -0.839485 8.700418 -0.786169
v -0.555862 8.724607 -0.826909
v -0.258600 8.355800 1.345699
v -0.198600 8.725600 -0.818501
v -0.457700 8.419200 1.313099
v -0.122800 8.394100 1.348599
v -0.333800 8.765900 -0.800601
v -0.038200 8.770300 -0.816001
v -0.680500 8.471400 1.288399
v -0.905500 8.558600 1.224999
v -1.043508 8.611771 1.181265
v -1.209198 8.669181 1.116937
v -1.590200 8.843513 0.357852
v -1.526925 8.820932 -0.042114
v -1.359792 8.799049 -0.357893
v -1.114103 8.757952 -0.613846
v -0.832617 8.753768 -0.765090
v -0.550835 8.768770 -0.804896
v -0.254500 8.399700 1.343299
v -0.194900 8.771300 -0.805901
v -0.453800 8.438200 1.307299
v -0.120800 8.411000 1.344199
v -0.330348 8.786841 -0.788351
v -0.048800 8.791900 -0.802201
v -0.675900 8.492000 1.283299
v -0.900900 8.576400 1.221699
v -1.040647 8.628593 1.185121
v -1.201298 8.689967 1.120933
v -1.585752 8.862527 0.363481
v -1.522740 8.843588 -0.036558
v -1.353252 8.822657 -0.350928
v -1.108865 8.785007 -0.606016
v -0.825645 8.783152 -0.754068
v -0.546008 8.792503 -0.793218
v -0.250000 8.414700 1.338499
v -0.192800 8.789900 -0.795001
v -0.458761 8.444460 1.283654
v -0.126346 8.423137 1.316653
v -0.363671 8.816860 -0.768709
v -0.098711 8.793694 -0.749409
v -0.686500 8.506640 1.239063
v -0.896765 8.587931 1.214399
v -1.039581 8.629049 1.185683
v -1.224665 8.720891 1.099511
v -1.580247 8.876407 0.377791
v -1.517195 8.865025 -0.031358
v -1.351460 8.840754 -0.338500
v -1.111714 8.812699 -0.583871
v -0.841213 8.813032 -0.725340
v -0.566544 8.824677 -0.770983
v -0.256449 8.424664 1.317084
v -0.217607 8.813218 -0.772341
v -0.407100 7.008700 1.199100
v -0.683700 7.150800 1.369099
v -1.041200 7.246800 1.407399
v -1.258700 7.284000 1.340399
v -0.295900 6.930300 1.068699
v -0.232400 6.876700 0.960499
v -0.203061 6.822406 0.849759
v -0.153294 6.766221 0.655982
v -0.132233 6.729442 0.506269
v -0.134343 6.706550 0.390838
v -0.140902 6.691840 0.258992
v -0.202923 6.686100 0.135140
v -1.832576 7.637503 0.586523
v -1.558141 8.865301 0.503266
v -1.794505 8.020888 0.479511
v -0.319600 6.751100 -0.070701
v -1.806607 8.017464 0.454410
v -1.626392 8.599400 0.447737
v -1.554878 8.863721 0.521861
v -1.614100 8.579000 0.516199
v -1.773794 8.023902 0.524548
v -0.531500 6.834100 -0.308300
v -1.731615 8.201851 0.507373
v -1.822300 7.882600 0.543799
v -1.562799 8.781820 0.560241
v -1.547799 8.857783 0.564000
v -1.673696 8.412601 0.495715
v -1.853500 7.638400 0.573499
v -1.855100 7.519600 0.577699
v -0.860100 6.908100 -0.353901
v -1.277100 7.044900 -0.389401
v -1.575100 7.108800 -0.291901
v -1.622944 8.591777 0.468557
v -1.812800 7.154200 -0.038001
v -1.722838 8.207491 0.524105
v -1.561649 8.790581 0.557521
v -1.553135 8.828677 0.563695
v -1.548980 8.846672 0.567303
v -1.905862 7.252563 0.359166
v -1.743300 7.325900 0.936699
v -1.826300 7.302900 0.737699
v -1.878138 7.282090 0.572841
v -1.570982 8.789341 0.510854
v -1.689352 8.416247 0.451026
v -1.830499 7.879636 0.491739
v -1.897310 7.273624 0.517627
v -1.569532 8.796355 0.511389
v -1.560622 8.834672 0.519383
v -1.556419 8.852738 0.523162
v -1.560874 8.781286 0.570642
v -1.901563 7.270527 0.503695
v -1.546533 8.856582 0.572248
v -1.863849 7.628633 0.519176
v -1.872934 7.281860 0.587757
v -1.753342 8.204289 0.455353
v -1.874608 7.515034 0.526901
v -1.497800 7.315200 1.213799
v -1.114296 6.996348 -0.381344
v -1.100671 7.173707 -0.485144
v -1.490400 7.440400 1.200899
v -1.574503 8.791704 0.490462
v -1.698918 8.416307 0.425998
v -1.841327 7.877922 0.468316
v -1.865053 7.386868 0.588589
v -1.573656 8.795771 0.490808
v -1.564162 8.836657 0.499269
v -1.559916 8.854733 0.503259
v -1.894935 7.390189 0.504923
v -1.874355 7.624768 0.495183
v -1.889832 7.391422 0.518955
v -1.760248 8.207335 0.437350
v -1.880774 7.509795 0.513527
v -1.870400 7.388900 0.573999
v -1.823500 7.415800 0.735899
v -1.732700 7.448000 0.924299
v -1.900802 7.376598 0.357033
v -1.847589 7.514886 0.592303
v -1.800400 7.306100 -0.036101
v -1.567800 7.265800 -0.309401
v -1.289600 7.224400 -0.450501
v -1.801448 7.880016 0.556393
v -1.607916 8.586019 0.534046
v -1.765135 8.028946 0.541386
v -1.665731 8.413735 0.515310
v -1.560140 8.787076 0.568710
v -1.551109 8.827673 0.575083
v -1.546917 8.845498 0.578603
v -0.848900 7.077700 -0.477401
v -1.633800 7.948200 0.947099
v -1.589500 8.122700 0.953199
v -1.528300 8.331700 0.936099
v -1.458900 8.505600 0.915699
v -1.444800 8.566100 0.902799
v -1.670500 7.809400 0.913999
v -1.383900 8.788555 0.911121
v -1.394064 8.758662 0.903893
v -1.398749 8.740749 0.901865
v -1.404780 8.692729 0.905829
v -0.007100 8.596600 -0.854601
v -0.123900 8.222200 1.338599
v -0.040600 7.543000 -0.554701
v -1.400800 8.243000 1.178899
v -1.060800 8.429700 1.186799
v -0.461600 8.236800 1.297199
v -1.709200 7.664800 0.901999
v -0.337723 8.592386 -0.885902
v -0.914100 8.372800 1.212899
v -1.603600 8.627800 0.529099
v -0.684100 8.283200 1.273299
v -1.253500 8.494200 1.120299
v -1.147051 8.560362 -0.671501
v -1.578000 7.744500 1.089299
v -1.399200 8.608100 -0.405701
v -0.844534 8.564070 -0.845758
v -1.571000 8.637300 -0.100801
v -1.630319 8.653929 0.312275
v -0.563287 8.594720 -0.893123
v -0.251800 8.222100 1.331099
v -0.193422 8.585032 -0.860282
v -1.610646 8.636797 0.476409
v -1.291100 8.462300 1.095299
v -1.613908 8.644654 0.456117
v -1.594947 8.633843 0.542005
v -1.410560 8.687551 0.898872
v -0.336100 7.501700 -0.706601
v -1.847500 7.679400 0.574399
v -0.569984 7.499599 -0.769596
v -1.577000 7.650100 -0.389201
v -1.786200 7.638400 -0.086901
v -1.883234 7.647963 0.334699
v -1.446100 8.050300 1.194899
v -1.782200 7.662600 0.728499
v -1.502900 7.870500 1.169799
v -0.160375 7.527577 -0.614388
v -1.857051 7.675933 0.515800
v -1.869494 7.675897 0.487553
v -1.827235 7.671880 0.585178
v -1.242119 8.728434 1.079852
v -1.281900 8.505000 1.098399
v -1.236114 8.701724 1.090567
v -1.237728 8.679473 1.090267
v -1.243210 8.634101 1.087287
v -1.244517 8.628633 1.086229
v -1.726600 7.742200 0.847899
v -1.792700 7.750400 0.729699
v -1.403450 8.032512 1.076685
v -1.372907 8.248217 1.054922
v -1.335086 8.660051 0.991276
v -1.325673 8.759328 0.987292
v -1.323601 8.731715 0.994063
v -1.326714 8.708300 0.992218
v -1.331121 8.664666 0.993550
v -1.361036 8.537670 0.992602
v -1.370925 8.472702 0.997135
v -1.458109 7.857601 1.082054
v -1.505500 7.741875 1.059066
v -1.688800 7.665000 0.871799
v -1.777700 7.678200 0.729099
v -1.821723 7.699968 0.586193
v -1.817596 7.683229 0.602423
v -1.705350 8.200101 0.572547
v -1.549321 8.774367 0.608444
v -1.530368 8.850367 0.619863
v -1.802700 7.883000 0.598599
v -1.600235 8.578114 0.572080
v -1.761500 8.031600 0.585799
v -1.652150 8.400945 0.566795
v -1.548735 8.780192 0.607093
v -1.539000 8.821300 0.610899
v -1.533916 8.838941 0.615033
v -1.588781 8.630877 0.575529
v -1.770800 7.878300 0.742499
v -1.558000 8.538800 0.716499
v -0.033496 7.621950 -0.625626
v -1.840400 7.775400 0.560599
v -1.815081 7.773806 0.571042
v -1.544900 8.592300 0.721299
v -1.614200 8.374400 0.733299
v -1.675400 8.183900 0.748099
v -1.733400 8.019900 0.758199
v -1.819000 7.765000 0.604399
v -0.161883 7.614835 -0.689271
v -1.483441 8.826499 0.746012
v -0.342558 7.606066 -0.767448
v -0.575590 7.608760 -0.832471
v -1.569300 7.748100 -0.403501
v -1.772600 7.742100 -0.099501
v -1.871710 7.761407 0.321904
v -1.844476 7.774570 0.503967
v -1.856086 7.776397 0.476851
v -1.510000 8.731000 0.738699
v -1.507300 8.738000 0.741599
v -1.499100 8.782700 0.748999
v -1.495200 8.798300 0.752999
v -0.509400 6.994400 -0.404201
v -1.118087 8.657336 1.153584
v -1.127776 8.588331 1.138715
v -1.326600 7.830700 1.219099
v -1.272600 7.987100 1.233499
v -1.225200 8.201800 1.207699
v -1.180300 8.427200 1.160199
v -0.297800 6.873600 -0.093801
v -1.458400 7.598200 1.184899
v -0.179581 6.764832 0.127675
v -0.119294 6.751048 0.263928
v -0.117498 6.767765 0.394061
v -0.113888 6.799294 0.509908
v -1.127709 8.594543 1.139680
v -1.124148 8.639766 1.148134
v -1.120607 8.657156 1.152390
v -0.135708 6.858581 0.665624
v -1.168300 8.470100 1.148299
v -0.116500 8.182700 1.347799
v -0.120900 8.340500 1.352799
v -0.119500 7.996400 1.313799
v -0.120500 7.766100 1.229599
v -0.109500 7.624700 1.121399
v -0.040600 7.444800 1.002899
v -0.027800 7.318500 0.865499
v -0.023300 7.196300 0.752599
v -0.023100 7.119300 0.630399
v -0.025500 7.037700 0.505299
v -0.026300 6.957900 0.387199
v -0.019600 6.944800 0.269599
v -0.013100 6.938500 0.152999
v -0.004900 7.012200 0.009299
v -0.004200 7.235200 -0.220601
v -0.019900 7.405000 -0.434501
v -0.030953 7.728571 -0.687111
v -0.032665 7.872024 -0.755669
v -0.020500 8.055800 -0.821801
v -0.009800 8.304500 -0.869501
v 0.003200 8.548200 -0.863201
v 0.005900 8.708400 -0.830601
v -0.118200 8.350800 1.351199
v -0.000900 8.730200 -0.829801
v -0.115700 8.394000 1.348799
v -0.003700 8.770100 -0.817101
v -0.114800 8.411300 1.344399
v -0.004000 8.789900 -0.806301
v -0.120155 8.423875 1.316537
v -0.022200 8.791200 -0.745301
v 0.005600 8.596000 -0.864501
v -0.117900 8.221000 1.348799
v -0.032300 7.538000 -0.560001
v -0.033092 7.622353 -0.625423
v 0.000000 8.179800 1.348599
v 0.000000 8.337200 1.353299
v 0.000000 7.992900 1.315399
v 0.000200 7.759100 1.232399
v 0.000600 7.603000 1.127099
v 0.000400 7.435700 1.004399
v 0.002200 7.276500 0.893299
v -0.000600 7.142600 0.782799
v -0.008300 7.070600 0.652399
v -0.012100 7.013600 0.513199
v -0.017800 6.963500 0.384299
v -0.011300 6.977200 0.255299
v 0.002100 6.938000 0.149899
v 0.014100 7.099100 -0.028401
v 0.017400 7.240100 -0.220601
v 0.002600 7.405700 -0.431001
v -0.006700 7.729900 -0.680601
v -0.006700 7.873200 -0.750601
v 0.000700 8.057200 -0.822201
v 0.017500 8.307200 -0.870201
v 0.032300 8.548300 -0.862201
v 0.037900 8.718600 -0.829601
v 0.000000 8.348200 1.351999
v 0.038100 8.729600 -0.829601
v 0.000000 8.391200 1.350299
v 0.038300 8.774000 -0.814701
v 0.000000 8.408900 1.345899
v 0.039300 8.793100 -0.805701
v 0.002152 8.422631 1.310183
v 0.038300 8.793800 -0.748801
v 0.034400 8.596300 -0.863701
v 0.000000 8.217100 1.350499
v -0.004000 7.540500 -0.555201
v -0.006400 7.622400 -0.618101
v -1.515600 8.135900 -0.478101
v -1.551100 7.960600 -0.449201
v -1.245100 8.016700 -0.718801
v -1.262859 7.907197 -0.695449
v -0.879500 7.971500 -0.907601
v -0.887233 7.852588 -0.886096
v -0.594947 8.006562 -0.965884
v -0.607947 7.839065 -0.924983
v -1.446400 8.273200 -0.483601
v -1.230500 8.157400 -0.740301
v -0.875800 8.131400 -0.935201
v -0.628100 8.183000 -0.973901
v -0.572500 7.376500 -0.679901
v -0.596438 7.735034 -0.892542
v -0.870193 7.442480 -0.736516
v -0.883823 7.755901 -0.863192
v -1.273736 7.508660 -0.603706
v -1.267754 7.801136 -0.684860
v -1.553600 7.566600 -0.392001
v -1.564200 7.854700 -0.441301
v -0.594431 7.511308 -0.777935
v -0.882579 7.543472 -0.786216
v -1.273438 7.605093 -0.640445
v -1.569400 7.639500 -0.429401
v -0.594147 7.617066 -0.838468
v -0.892090 7.638187 -0.830242
v -1.270006 7.693132 -0.667297
v -1.575600 7.740300 -0.438701
v -0.183312 6.951631 0.845661
v -0.986239 8.703184 -0.720868
v -1.063963 8.153855 -0.822998
v -0.974585 8.814771 -0.666404
v -1.027952 8.493419 -0.789847
v -1.116560 7.477197 -0.685138
v -0.236300 7.035400 0.970199
v -1.092913 7.312119 -0.601395
v -0.288400 7.098000 1.076100
v -1.250400 7.426100 1.327099
v -1.031700 7.377500 1.393999
v -0.673400 7.309400 1.372999
v -0.983563 8.703674 -0.721799
v -0.978292 8.752788 -0.702855
v -0.970965 8.785900 -0.689721
v -1.096440 7.857116 -0.806680
v -1.108762 7.759761 -0.784031
v -0.407900 7.182700 1.214899
v -1.015800 8.562391 -0.769003
v -1.082595 7.979097 -0.826122
v -1.062000 8.131300 -0.834101
v -1.115911 7.483508 -0.688491
v -1.114797 7.567235 -0.728386
v -1.117769 7.659070 -0.763081
v -1.547303 8.856696 0.567302
v -1.263883 8.736957 1.055600
v -1.561842 8.781565 0.565402
v -1.727330 8.204782 0.515425
v -1.807500 7.880500 0.548499
v -1.610895 8.582671 0.525194
v -1.395800 8.238300 1.134699
v -1.560885 8.788877 0.563113
v -1.769465 8.026388 0.532989
v -1.669731 8.413195 0.505438
v -1.552104 8.828221 0.569436
v -1.270463 8.637694 1.057598
v -1.548009 8.846109 0.572836
v -1.597486 8.630382 0.535019
v -1.318600 8.458700 1.070099
v -1.444300 8.035600 1.144799
v -1.496900 7.859100 1.131299
v -1.564800 7.744900 1.077699
v -1.699100 7.664800 0.886899
v -1.780400 7.670500 0.728799
v -1.828600 7.688400 0.577599
v -1.259420 8.711696 1.064730
v -1.261718 8.688831 1.063731
v -1.267419 8.642708 1.060562
v -1.310500 8.517500 1.068699
v -1.822370 7.677573 0.593896
v -1.822200 7.774100 0.563299
v -0.409200 6.969500 1.196599
v -0.691200 7.114500 1.364299
v -1.051100 7.221100 1.400199
v -1.265500 7.252400 1.342199
v -0.295300 6.896100 1.066499
v -0.230400 6.836200 0.960099
v -0.206100 6.788900 0.856599
v -0.160953 6.734573 0.653882
v -0.139332 6.701189 0.506199
v -0.141441 6.680918 0.390537
v -0.151541 6.662217 0.258646
v -0.210581 6.661642 0.136878
v -0.329900 6.710600 -0.064201
v -0.540700 6.789700 -0.281401
v -0.864400 6.858500 -0.330501
v -1.279700 7.005400 -0.379201
v -1.578500 7.065700 -0.285201
v -1.814000 7.122500 -0.035401
v -1.907108 7.213225 0.360586
v -1.748600 7.294900 0.936499
v -1.830200 7.274300 0.737499
v -1.880830 7.252600 0.572309
v -1.897734 7.241013 0.516918
v -1.902141 7.235561 0.502529
v -1.876431 7.249246 0.586836
v -1.497400 7.283900 1.210299
v -1.116405 6.956798 -0.362436
v -0.403100 6.964400 1.203300
v -0.690500 7.110200 1.371299
v -1.053200 7.217700 1.406999
v -1.269000 7.247800 1.349699
v -0.288000 6.891500 1.071400
v -0.221300 6.831900 0.965599
v -0.197500 6.782400 0.859099
v -0.156500 6.730000 0.654099
v -0.139553 6.700304 0.506096
v -0.141435 6.680702 0.388955
v -0.151936 6.659843 0.259570
v -0.210633 6.661229 0.137068
v -0.323400 6.705500 -0.068701
v -0.536100 6.781900 -0.284800
v -0.863600 6.850600 -0.337901
v -1.281400 7.001100 -0.387501
v -1.583800 7.059900 -0.292201
v -1.821600 7.119300 -0.039901
v -1.907313 7.205975 0.360567
v -1.756500 7.289000 0.942099
v -1.838300 7.273300 0.740599
v -1.885900 7.242500 0.578499
v -1.903100 7.231900 0.518699
v -1.902498 7.227911 0.501515
v -1.875331 7.244371 0.590581
v -1.503000 7.279700 1.216899
v -1.117300 6.952200 -0.365201
v -0.404700 6.937300 1.199100
v -0.695200 7.078500 1.365000
v -1.057600 7.191200 1.397499
v -1.273100 7.218400 1.343899
v -0.289200 6.852500 1.067000
v -0.222300 6.791600 0.962599
v -0.198700 6.748800 0.856999
v -0.161400 6.700900 0.652800
v -0.145895 6.675011 0.505028
v -0.148387 6.655623 0.388857
v -0.160658 6.634751 0.259881
v -0.218355 6.636141 0.139125
v -0.329400 6.674400 -0.063501
v -0.542800 6.733700 -0.270101
v -0.863300 6.817900 -0.326201
v -1.277000 6.970700 -0.375701
v -1.579800 7.021100 -0.285701
v -1.824300 7.080900 -0.038901
v -1.908391 7.170911 0.361454
v -1.758100 7.260000 0.942699
v -1.836700 7.245700 0.739699
v -1.883600 7.208800 0.576899
v -1.900100 7.196800 0.517999
v -1.902514 7.192219 0.502215
v -1.875919 7.213690 0.589289
v -1.504700 7.250000 1.215599
v -1.118100 6.909200 -0.356001
v -0.421400 6.924700 1.176800
v -0.704765 7.070962 1.332996
v -1.060180 7.178997 1.369900
v -1.270046 7.206701 1.315731
v -0.311200 6.834000 1.046300
v -0.246400 6.778800 0.946099
v -0.220484 6.733949 0.848924
v -0.171759 6.687134 0.651310
v -0.150483 6.656699 0.503983
v -0.153910 6.636245 0.392429
v -0.169287 6.615790 0.255871
v -0.225198 6.615570 0.139763
v -0.355100 6.659700 -0.045401
v -0.559700 6.716000 -0.240001
v -0.864407 6.791993 -0.302993
v -1.271000 6.952000 -0.345901
v -1.563800 7.006100 -0.260301
v -1.800100 7.065900 -0.024301
v -1.907974 7.152153 0.362358
v -1.737200 7.247900 0.926999
v -1.825701 7.234766 0.735775
v -1.883938 7.194826 0.563297
v -1.898280 7.185381 0.516292
v -1.901649 7.181581 0.505283
v -1.879239 7.194448 0.578770
v -1.490500 7.233300 1.195799
v -1.113401 6.880684 -0.339194
v 0.959300 9.360100 -0.443501
v 0.776810 10.344935 -0.210925
v 0.592000 9.299400 -0.571901
v 0.493478 10.250366 -0.270148
v 0.705169 10.189058 1.350327
v 0.789811 9.406343 1.327884
v 0.231241 10.229779 1.496126
v 0.269584 9.353660 1.506480
v 1.186500 8.820100 -0.641201
v 0.763600 8.834200 -0.793901
v 0.848100 8.721000 1.295199
v 0.312600 8.587700 1.460699
v 0.793959 11.203072 -0.362771
v 0.977345 11.780034 -0.502395
v 0.543275 11.124623 -0.367636
v 0.651200 11.741800 -0.582501
v 0.785225 11.571657 1.646493
v 0.722031 10.957573 1.397494
v 0.226000 11.538500 1.536199
v 0.292686 10.944615 1.525812
v 1.236916 12.302692 -0.513843
v 1.395430 12.816305 -0.494249
v 0.750502 12.372433 -0.693096
v 0.769251 12.166276 1.356981
v 0.251130 12.128552 1.342664
v 1.388346 9.562024 0.550532
v 1.200600 9.445186 0.979797
v 1.224954 10.280881 0.554127
v 1.066728 10.199549 1.035592
v 1.566400 8.857700 0.567899
v 1.304900 8.805600 1.081299
v 1.285781 10.999025 0.638230
v 1.041245 10.979739 1.151603
v 1.367356 11.586852 0.793535
v 1.185616 11.632233 1.473743
v 1.201249 12.166045 1.161361
v 1.284300 9.453900 -0.197901
v 1.410097 9.521879 0.144092
v 1.020500 10.323000 -0.043901
v 1.169200 10.298800 0.189599
v 1.525700 8.818500 -0.293401
v 1.616000 8.846000 0.120499
v 1.090714 11.159516 -0.188086
v 1.249605 11.059264 0.187617
v 1.365608 11.666914 -0.167623
v 1.413904 11.543284 0.245330
v 1.728800 11.691600 -0.141401
v 1.701800 11.704900 0.201999
v 2.122920 12.799307 0.265602
v 1.903421 12.331114 0.714005
v 1.779500 12.085100 0.759699
v 1.705200 11.854200 0.571099
v 2.033407 12.650532 0.571642
v 1.817500 11.947400 -0.319901
v 2.003356 12.363399 -0.364065
v 2.487497 11.771071 -0.212294
v 2.293897 11.586348 -0.258380
v 2.579298 11.958534 0.528148
v 2.145169 11.497062 0.506458
v 2.268698 11.631430 0.656357
v 2.413433 11.792154 0.673624
v 2.667207 12.003177 0.250779
v 2.132905 12.730266 -0.145747
v 2.064884 11.405332 0.215452
v 2.101727 11.426413 -0.137072
v 2.639727 11.921355 -0.035134
v 0.908800 13.044700 0.627299
v 1.388801 12.984322 0.633235
v 1.011119 13.273779 0.255494
v 1.478851 13.216114 0.261379
v 0.238700 9.338600 -0.594401
v 0.269429 12.995946 0.855939
v 0.648400 13.131600 0.579599
v 0.786319 13.316240 0.251234
v 0.265100 13.432300 -0.409501
v 1.271614 12.551746 0.922459
v 0.800507 12.630213 1.013281
v 0.278795 12.636676 1.092806
v 0.831424 13.027262 -0.585129
v 0.716193 13.496210 -0.131260
v 0.190800 10.173300 -0.246101
v 0.318100 8.912600 -0.847501
v 0.266477 11.086886 -0.346168
v 0.273493 11.706379 -0.538265
v 0.256745 12.389506 -0.634223
v 0.268200 13.049100 -0.558701
v 0.978169 13.372187 -0.165073
v 1.493891 13.195544 -0.164189
v 1.446863 13.045074 -0.362068
v 0.767497 10.806445 -0.239200
v 0.537972 10.746881 -0.301859
v 0.741068 10.634208 1.420647
v 0.280838 10.633595 1.527627
v 1.091500 9.047000 -0.570001
v 0.685200 9.054200 -0.701901
v 0.831804 9.053403 1.306029
v 0.297200 8.962400 1.460099
v 1.140129 12.085540 -0.502810
v 0.699865 12.070371 -0.657535
v 0.735273 11.897316 1.503208
v 0.216855 11.826567 1.431828
v 0.918929 10.349082 -0.122865
v 1.157300 9.411800 -0.324101
v 0.892315 10.183455 1.231440
v 1.025618 9.433362 1.167321
v 0.639798 10.306472 -0.258500
v 0.779700 9.322800 -0.513701
v 0.488353 10.208019 1.442950
v 0.538703 9.381190 1.443460
v 0.826900 9.858800 -0.255701
v 0.510100 9.758400 -0.339801
v 0.730184 9.798597 1.310159
v 0.239839 9.811709 1.454086
v 1.406100 8.819500 -0.471201
v 1.093700 8.769700 1.225199
v 0.983500 8.815700 -0.731801
v 0.590200 8.641100 1.406399
v 1.261900 8.642000 -0.664901
v 0.811900 8.664900 -0.844501
v 0.863200 8.447800 1.282899
v 0.339300 8.333400 1.443099
v 0.949698 11.197269 -0.308787
v 1.227884 11.763002 -0.321949
v 0.895756 10.965446 1.288481
v 0.976642 11.628608 1.637309
v 0.667218 11.172215 -0.368432
v 0.799400 11.761600 -0.568601
v 0.530767 10.952745 1.483791
v 0.508169 11.519242 1.597515
v 0.877951 11.521587 -0.467629
v 0.618212 11.469050 -0.497752
v 0.741317 11.243533 1.465469
v 0.272755 11.258674 1.498147
v 1.717121 12.648722 -0.468372
v 1.586400 12.107700 -0.405001
v 1.012167 12.175809 1.296818
v 1.117529 12.940125 -0.554650
v 0.989829 12.342766 -0.634155
v 0.499062 12.156919 1.347969
v 1.335151 12.544919 -0.552580
v 0.787721 12.710801 -0.684801
v 0.780323 12.396788 1.200756
v 0.259989 12.367004 1.233812
v 1.423102 9.569428 0.344362
v 1.205049 10.291900 0.353818
v 1.608800 8.853500 0.337899
v 1.281443 11.034076 0.391999
v 1.406038 11.550556 0.514924
v 1.707610 12.879348 0.629237
v 1.261936 10.645152 0.591772
v 1.066188 10.626906 1.139236
v 1.503456 9.197861 0.552579
v 1.261800 9.116600 1.017899
v 1.424000 11.806600 0.714199
v 1.182191 11.927109 1.351082
v 0.737800 13.079500 0.614999
v 1.134669 9.828974 0.982256
v 1.274627 9.956988 0.544376
v 1.628200 8.612800 0.606799
v 1.346800 8.557100 1.099199
v 1.293383 11.331178 0.749955
v 1.140930 11.295475 1.333666
v 1.219547 12.335296 1.054976
v 0.295104 12.856695 0.950982
v 1.324297 9.522334 0.744869
v 1.195393 10.245365 0.762783
v 1.482700 8.842100 0.803199
v 1.224293 10.993731 0.879403
v 1.336199 11.630264 1.045033
v 1.458200 12.143100 0.932999
v 1.581700 12.441600 0.815699
v 1.813247 13.082044 0.260392
v 1.178313 10.686521 0.186079
v 0.984409 10.763528 -0.093631
v 1.531000 9.153100 0.130499
v 1.418000 9.086200 -0.261201
v 1.488400 11.701500 0.230999
v 1.529200 11.788400 -0.167101
v 0.868584 13.291911 0.252693
v 1.266276 9.967629 0.162083
v 1.121200 9.922900 -0.111501
v 1.664600 8.621400 0.135999
v 1.584000 8.617200 -0.301501
v 1.344452 11.340652 0.233800
v 1.212483 11.449946 -0.201367
v 1.369400 9.492400 -0.033801
v 1.109900 10.306300 0.050099
v 1.592400 8.831100 -0.092101
v 1.188580 11.110136 -0.009700
v 1.408864 11.582892 0.027885
v 1.755700 11.786100 -0.250301
v 1.881100 11.594100 -0.124701
v 1.731800 11.701400 0.018699
v 1.868887 11.601790 0.199228
v 1.704700 11.755900 0.397699
v 2.142442 12.793674 0.072585
v 2.081394 12.568397 -0.297461
v 2.082869 12.751224 0.440155
v 2.404001 12.401602 0.251681
v 1.829800 12.198100 0.731999
v 2.164068 12.095224 0.698463
v 1.975295 12.489253 0.663408
v 1.723700 11.936100 0.693699
v 2.006953 11.912582 0.682581
v 1.908283 11.729824 0.508456
v 2.315142 12.297523 0.535134
v 1.906100 12.156200 -0.358101
v 2.017700 11.794300 -0.252501
v 2.231758 12.070268 -0.257818
v 2.576159 11.850834 -0.138784
v -2.088457 11.339833 0.062471
v 2.386471 11.672912 -0.261893
v -2.723416 11.890223 0.106842
v 2.188663 11.492680 -0.221101
v 2.499010 11.890467 0.631989
v -2.412261 11.641374 0.673246
v 2.633283 11.999992 0.403852
v 2.101179 11.440700 0.379762
v -2.221163 11.474708 0.558745
v 2.203908 11.559959 0.605832
v -2.157902 11.389167 0.372576
v 2.346753 11.717111 0.678301
v -2.714959 11.900114 0.392399
v -2.553231 11.784844 0.639275
v 2.670680 11.975129 0.104805
v 2.048429 11.387185 0.033269
v -2.239818 11.462845 -0.227923
v -2.477278 11.639861 -0.252440
v 1.433652 13.135911 0.471984
v 0.968600 13.175000 0.436599
v 1.326988 12.784181 0.772324
v 0.839307 12.852091 0.808267
v 1.501673 13.233918 0.052971
v 1.015603 13.335753 0.046398
v 1.133900 13.012700 0.633099
v 1.214192 13.257561 0.260437
v 0.803497 13.441861 -0.155714
v 0.505880 13.050796 0.743378
v 0.244571 13.070072 0.800521
v 0.591900 13.178700 0.542399
v 0.720279 13.360060 0.256868
v 0.241294 13.518773 -0.312965
v 0.772716 13.405516 0.064242
v 0.738800 13.227400 0.417799
v 1.047643 12.595031 0.970822
v 0.550256 12.653687 1.048111
v 0.648331 13.539650 -0.092703
v 1.807677 13.004488 -0.151116
v 2.399574 12.325929 -0.082473
v -2.639898 11.800699 -0.115807
v 1.216452 13.299830 -0.167257
v 0.279600 13.294800 -0.485301
v 0.291200 9.112000 -0.742501
v 0.520888 13.478409 -0.331849
v 0.338400 8.736600 -0.918101
v 0.896967 13.294922 -0.424773
v 0.552400 13.064200 -0.580201
v 0.230829 10.699162 -0.274728
v 0.549000 8.861000 -0.827901
v 0.490735 11.720429 -0.582141
v 0.352777 10.201902 -0.263985
v 0.261249 12.050717 -0.614113
v 0.414800 9.314300 -0.597401
v 0.420999 11.100475 -0.368478
v 0.197400 9.715600 -0.355401
v 0.501922 12.388277 -0.693032
v 0.257732 11.400505 -0.442173
v 0.257281 12.741023 -0.616292
v 1.766145 12.866768 -0.343783
v 0.881248 10.798672 -0.176217
v 0.904129 10.630177 1.296236
v 1.298500 9.065000 -0.423101
v 1.059858 9.099196 1.173685
v 1.511500 11.890800 -0.327501
v 0.960780 11.920434 1.469162
v 1.175748 13.184287 -0.399742
v 0.660058 10.784279 -0.277850
v 0.539985 10.622059 1.499937
v 0.887600 9.051300 -0.642501
v 0.559236 8.992554 1.396939
v 0.914536 12.081358 -0.615834
v 0.483080 11.863617 1.506597
v 0.999100 9.899900 -0.186801
v 0.961477 9.804031 1.168852
v 0.670900 9.809800 -0.304901
v 0.489212 9.803165 1.409241
v 1.460000 8.623300 -0.500901
v 1.103700 8.504400 1.227899
v 1.038700 8.653300 -0.775501
v 0.598700 8.385400 1.381599
v 1.076933 11.506982 -0.363061
v 0.975558 11.285650 1.466722
v 0.743328 11.507460 -0.503977
v 0.526604 11.244858 1.477870
v 1.650582 12.371668 -0.460529
v 1.024565 12.377768 1.142578
v 1.061910 12.646755 -0.633884
v 0.509549 12.382186 1.235695
v 1.775535 13.021601 0.476943
v 1.235647 10.671305 0.372234
v 1.538412 9.191162 0.334958
v 1.456200 11.732000 0.470499
v 0.823600 13.198900 0.430299
v 1.291258 9.972842 0.342896
v 1.669100 8.623500 0.355099
v 1.357103 11.329236 0.478357
v 1.646687 12.678670 0.731602
v 1.225185 10.623862 0.839450
v 1.422500 9.163800 0.759799
v 1.382100 11.908200 0.939999
v 0.592732 12.906917 0.830754
v 1.230824 9.911459 0.740112
v 1.526600 8.591200 0.867699
v 1.236054 11.300866 0.936474
v 1.513100 12.273700 0.879599
v 1.821533 13.075456 0.064811
v 1.090728 10.722596 0.027761
v 1.499500 9.105200 -0.074901
v 1.509000 11.712000 0.019499
v 0.858438 13.364193 0.053668
v 1.210900 9.950300 0.009199
v 1.645100 8.611900 -0.086401
v 1.303536 11.381057 0.001489
v 1.926100 11.663700 -0.212201
v 1.867900 11.575200 0.025099
v 1.881506 11.657822 0.368174
v 2.326549 12.209783 -0.207425
v 2.420040 12.392039 0.091355
v 2.362408 12.365862 0.401956
v 2.248486 12.199212 0.639012
v 2.082176 12.002709 0.708619
v 1.936644 11.800264 0.601806
v 2.117532 11.927790 -0.270938
v -2.683980 11.847166 -0.036089
v -2.140978 11.389540 -0.142349
v -2.118337 11.360405 0.239151
v -2.733773 11.903588 0.250554
v -2.486011 11.721495 0.668844
v -2.302636 11.555776 0.638519
v -2.196491 11.436406 0.486542
v -2.645261 11.873018 0.539554
v -2.354035 11.539171 -0.261620
v -2.560472 11.727143 -0.194789
v 1.176292 13.151753 0.446622
v 1.082956 12.817445 0.794672
v 1.233027 13.295678 0.046048
v 0.459135 13.119508 0.685646
v 0.675929 13.262811 0.402918
v 0.704709 13.453581 0.083369
v 0.464496 13.554043 -0.270707
v 0.400897 10.717648 -0.301358
v 0.490800 9.073200 -0.730001
v 0.587300 8.702200 -0.883301
v 0.609100 13.353600 -0.419801
v 0.497564 12.062587 -0.664541
v 0.359500 9.724600 -0.355301
v 0.467331 11.428180 -0.476909
v 0.517065 12.743245 -0.688486
v 1.682100 12.242600 0.821399
v 1.571600 11.846800 0.639899
v 1.789900 12.273200 -0.406701
v 1.963490 12.890955 -0.151173
v 1.922586 12.739152 -0.328582
v 1.667600 11.858300 -0.280601
v 1.874595 12.523150 -0.421448
v 1.721300 12.043400 -0.361701
v 1.572300 11.948100 0.790099
v 1.633700 11.731900 0.017799
v 1.860622 12.794180 0.611953
v 1.630700 12.125500 0.850599
v 1.596300 11.716000 0.215999
v 1.811958 12.604592 0.699467
v 1.923507 12.916200 0.461177
v 1.739984 12.403129 0.750094
v 1.631300 11.726500 -0.155801
v 1.965836 12.971473 0.261942
v 1.583400 11.772900 0.431999
v 1.976342 12.963152 0.058835
v -0.885400 9.421000 -0.349201
v -0.761732 10.374572 -0.216785
v -0.534900 9.311000 -0.501801
v -0.487478 10.297626 -0.273309
v -0.737526 10.191945 1.330689
v -0.801211 9.361905 1.324612
v -0.309595 10.229456 1.487377
v -0.253811 9.325452 1.503291
v -1.148600 8.932100 -0.553301
v -0.686500 8.941700 -0.747301
v -0.830000 8.684400 1.277599
v -0.240400 8.605300 1.375499
v -0.882696 11.214253 -0.339166
v -1.053089 11.817660 -0.472262
v -0.592776 11.188728 -0.385241
v -0.691840 11.772144 -0.581454
v -0.794424 11.586477 1.645340
v -0.735841 10.994742 1.384031
v -0.249100 11.532300 1.541099
v -0.331359 10.992155 1.512160
v -1.283400 12.320500 -0.519101
v -1.389256 12.801591 -0.500803
v -0.769120 12.381021 -0.690333
v -0.788259 12.165919 1.355358
v -0.253520 12.128537 1.342954
v -1.345378 9.656755 0.582009
v -1.192800 9.484900 1.020899
v -1.225007 10.292663 0.557622
v -1.064057 10.202513 1.039773
v -1.560600 8.991900 0.645699
v -1.298300 8.849800 1.092699
v -1.283840 11.021667 0.665653
v -1.045381 11.013769 1.146586
v -1.384678 11.577578 0.684522
v -1.260511 11.652395 1.375683
v -1.229148 12.161218 1.137469
v -1.195500 9.593700 -0.144901
v -1.348529 9.713065 0.155023
v -1.003367 10.357630 -0.040902
v -1.147996 10.337976 0.194399
v -1.436600 8.973200 -0.256701
v -1.536711 9.021218 0.174848
v -1.143527 11.185579 -0.136458
v -1.260312 11.070365 0.228449
v -1.342450 11.655507 -0.200455
v -1.418458 11.557026 0.231908
v -1.623800 11.719900 -0.161801
v -1.602400 11.693400 0.197599
v -2.117812 12.810843 0.258482
v -1.837146 12.353791 0.729294
v -1.709500 12.100500 0.771099
v -1.631700 11.840300 0.576799
v -2.012199 12.668295 0.579414
v -1.733900 11.985100 -0.339501
v -1.938667 12.389620 -0.393312
v -2.543617 11.715157 -0.209130
v -2.338974 11.511971 -0.260018
v -2.633068 11.884806 0.539394
v -2.184513 11.462268 0.503632
v -2.312605 11.593951 0.658479
v -2.471025 11.732645 0.669346
v -2.712816 11.934632 0.263521
v -2.103283 12.745729 -0.160779
v -2.101224 11.364330 0.209427
v -2.122200 11.381300 -0.150701
v -2.675522 11.871828 -0.025904
v -0.914229 13.036481 0.618468
v -1.411139 12.966784 0.644328
v -1.017992 13.272446 0.256711
v -1.501723 13.209176 0.263482
v -0.206000 9.326700 -0.571101
v -0.267664 12.993422 0.858202
v -0.648817 13.127529 0.575612
v -0.785302 13.317363 0.250462
v -0.267900 13.435300 -0.414201
v -1.284106 12.550160 0.917378
v -0.802909 12.631078 1.012235
v -0.274883 12.636953 1.092869
v -0.829832 13.023071 -0.587243
v -0.720662 13.493236 -0.134239
v -0.176312 10.229166 -0.242138
v -0.265600 8.971000 -0.830301
v -0.259386 11.130053 -0.356815
v -0.266629 11.731234 -0.542959
v -0.259490 12.393080 -0.635171
v -0.264200 13.052600 -0.559501
v -0.986147 13.369205 -0.163893
v -1.510646 13.184422 -0.169409
v -1.452580 13.027929 -0.370536
v -0.759431 10.836606 -0.246918
v -0.543134 10.770731 -0.302783
v -0.762775 10.650253 1.403309
v -0.328932 10.659931 1.525935
v -1.014300 9.158700 -0.470101
v -0.619300 9.107000 -0.637601
v -0.813115 9.036193 1.312404
v -0.244656 8.942048 1.440964
v -1.198600 12.118900 -0.496401
v -0.746831 12.085496 -0.653913
v -0.761230 11.898981 1.501566
v -0.239328 11.817319 1.438273
v -0.907256 10.377774 -0.129511
v -1.069000 9.534400 -0.243201
v -0.000500 10.173200 -0.237701
v 0.007400 9.353800 -0.581801
v -0.907682 10.184037 1.221926
v -1.019127 9.422945 1.175133
v -0.029180 10.220635 1.495029
v 0.003498 9.341619 1.495689
v -0.620851 10.331730 -0.263648
v -0.712200 9.354700 -0.428101
v -0.536638 10.207290 1.424984
v -0.534951 9.326448 1.444437
v -0.775173 9.893846 -0.237623
v -0.465044 9.740950 -0.308672
v -0.746858 9.776551 1.304574
v -0.267951 9.805368 1.454945
v -1.348100 8.953600 -0.409701
v 0.018100 8.967500 -0.843901
v -1.083700 8.776900 1.202799
v 0.033700 8.580900 1.434399
v -0.910700 8.927800 -0.663301
v -0.539600 8.629400 1.332899
v -1.270100 8.717900 -0.589501
v -0.733500 8.740600 -0.822601
v -0.854200 8.378900 1.258599
v -0.241100 8.311900 1.361899
v -1.040195 11.218883 -0.262936
v -1.285100 11.707200 -0.336601
v 0.039600 11.084300 -0.330001
v 0.023158 11.705191 -0.487229
v -0.894991 11.005852 1.284711
v -1.107997 11.661997 1.595740
v -0.029053 10.962603 1.500688
v -0.024700 11.528500 1.532599
v -0.734438 11.200845 -0.370104
v -0.858949 11.810725 -0.556420
v -0.566663 10.988789 1.463023
v -0.520134 11.514962 1.600473
v -0.972457 11.514836 -0.427368
v -0.647835 11.489454 -0.505373
v -0.758067 11.299057 1.527386
v -0.281579 11.287060 1.495776
v -1.693734 12.634691 -0.476421
v -1.579200 12.163500 -0.415601
v 0.001800 13.036500 -0.535201
v 0.006600 12.383700 -0.557501
v -1.051746 12.174470 1.281908
v -0.000977 12.118566 1.315232
v -1.115968 12.927680 -0.560026
v -1.010609 12.354352 -0.628557
v -0.498263 12.158480 1.346971
v -1.335592 12.545485 -0.552530
v -0.786771 12.711484 -0.684843
v -0.789784 12.393402 1.201513
v -0.258895 12.367071 1.233725
v -1.372203 9.703578 0.367034
v -1.203154 10.323392 0.357282
v -1.552846 9.022867 0.417872
v -1.286483 11.042542 0.432500
v -1.412225 11.560442 0.485031
v -1.727380 12.860885 0.631430
v -1.261802 10.646206 0.598141
v -1.093443 10.631618 1.105959
v -1.440940 9.326567 0.614111
v -1.270900 9.171600 1.066799
v -1.414400 11.769300 0.699499
v -1.238274 11.945992 1.251195
v -0.742191 13.078165 0.612275
v -1.108428 9.849844 1.015160
v -1.263606 9.993742 0.551188
v -1.644800 8.670000 0.662899
v -1.314900 8.559300 1.079699
v -1.313772 11.359950 0.711940
v -1.172853 11.361055 1.369598
v -1.244622 12.336288 1.043897
v -0.285698 12.857299 0.951584
v -1.301600 9.600900 0.777299
v -1.194749 10.252700 0.768155
v -1.509900 8.906200 0.870999
v -1.218581 11.025299 0.886857
v -1.348871 11.610701 0.905779
v -1.447200 12.157200 0.930899
v -1.557962 12.471036 0.816177
v -1.838322 13.066072 0.259325
v -1.189609 10.716447 0.193873
v -1.014704 10.815284 -0.080740
v -1.455634 9.396315 0.157642
v -1.290500 9.284700 -0.202801
v -1.459562 11.672898 0.228217
v -1.477100 11.795200 -0.190201
v -0.871892 13.291474 0.252618
v -1.238357 10.039769 0.157781
v -1.082817 9.980744 -0.090058
v -1.623892 8.655767 0.178782
v -1.544500 8.707100 -0.265501
v -1.351035 11.363073 0.226005
v -1.216361 11.446685 -0.195174
v -1.277655 9.662388 -0.009283
v -1.079098 10.342052 0.061438
v -1.478700 9.008700 -0.053401
v -1.214229 11.136735 0.028126
v -1.399971 11.586759 -0.011440
v -1.659300 11.824500 -0.277101
v -1.814000 11.601900 -0.144701
v -1.636800 11.726800 0.007299
v -1.839500 11.597000 0.180899
v -1.615500 11.751800 0.393999
v -2.132375 12.808290 0.059742
v -2.034449 12.584993 -0.322880
v -2.075352 12.762051 0.440920
v -2.412978 12.389765 0.245358
v -1.757600 12.209300 0.743899
v -2.166589 12.077193 0.699429
v -1.926110 12.512346 0.679125
v -1.660500 11.939500 0.713099
v -1.999801 11.925017 0.685237
v -1.903165 11.734115 0.507780
v -2.319715 12.279922 0.545120
v -1.832700 12.192900 -0.367301
v -1.953500 11.790600 -0.257401
v -2.220958 12.053427 -0.258173
v -2.615809 11.797389 -0.139704
v 2.045272 11.384884 0.064143
v -2.442019 11.595807 -0.264255
v 2.679750 11.952458 0.093476
v -2.228600 11.454800 -0.231301
v -2.556701 11.813500 0.632274
v 2.347414 11.705764 0.677911
v -2.692009 11.921809 0.415572
v -2.141944 11.404346 0.375922
v 2.175956 11.525980 0.567478
v -2.234148 11.522618 0.601179
v 2.106978 11.432693 0.373714
v -2.395612 11.659638 0.674393
v 2.650227 11.985373 0.392265
v 2.491362 11.856008 0.640258
v -2.708427 11.916202 0.111634
v -2.073600 11.343800 0.020799
v 2.202643 11.508361 -0.228353
v 2.379604 11.673240 -0.261685
v -1.456325 13.128730 0.478370
v -0.975222 13.162412 0.433683
v -1.344492 12.769730 0.778468
v -0.843243 12.856743 0.803132
v -1.523230 13.224438 0.055031
v -1.023835 13.333915 0.049836
v -1.143494 12.999504 0.623276
v -1.228960 13.254965 0.264868
v -0.809310 13.439196 -0.158897
v -0.507922 13.049339 0.744134
v -0.245119 13.069260 0.801119
v -0.000972 12.969251 0.881360
v -0.590841 13.170861 0.537105
v -0.727780 13.357257 0.252052
v -0.243394 13.518035 -0.313301
v -0.774694 13.403354 0.065500
v -0.735500 13.220500 0.411499
v 0.001000 13.410300 -0.435901
v -1.052902 12.593242 0.970403
v -0.548303 12.653963 1.048198
v -0.000467 12.622083 1.102097
v -0.660150 13.532073 -0.100477
v -1.818612 12.990634 -0.163500
v -2.394791 12.308569 -0.098483
v 2.585144 11.857823 -0.126018
v -1.230420 13.296276 -0.167938
v -0.278500 13.294000 -0.488501
v -0.241500 9.144300 -0.712601
v -0.523304 13.470661 -0.337606
v -0.291300 8.765800 -0.932901
v -0.901858 13.286622 -0.432615
v -0.549100 13.066200 -0.582901
v -0.203730 10.723013 -0.269223
v -0.481700 8.954100 -0.801401
v -0.497595 11.745982 -0.589601
v -0.341949 10.264068 -0.267802
v -0.251525 12.059601 -0.611557
v -0.372200 9.299200 -0.555501
v -0.447666 11.158263 -0.383784
v -0.155000 9.736200 -0.334401
v -0.524099 12.395519 -0.697713
v -0.278836 11.458350 -0.466990
v -0.255831 12.743724 -0.615282
v -1.768027 12.851462 -0.355765
v 0.001400 13.266100 -0.492101
v -0.899990 10.849238 -0.178819
v 0.024853 10.685216 -0.234359
v -0.922195 10.638904 1.281141
v -0.028623 10.651283 1.505571
v -1.213800 9.226700 -0.334101
v 0.011600 9.153600 -0.724501
v -1.051400 9.116000 1.188499
v 0.021200 8.931100 1.449299
v -1.503100 11.911500 -0.340001
v 0.014164 12.047583 -0.539761
v -1.044521 11.931936 1.438643
v -0.013500 11.808700 1.419399
v -1.184409 13.171557 -0.405253
v -0.646843 10.794651 -0.283517
v -0.572771 10.662916 1.492485
v -0.812700 9.127500 -0.562301
v -0.532672 8.973510 1.397153
v -0.955704 12.112499 -0.603190
v -0.484371 11.868539 1.504444
v -0.964786 9.949367 -0.162205
v 0.013300 9.719900 -0.348401
v -0.962509 9.796020 1.169375
v -0.026768 9.797372 1.442866
v -0.628554 9.800386 -0.281332
v -0.522062 9.784039 1.400188
v -1.474000 8.743700 -0.468001
v 0.026400 8.752400 -0.927501
v -1.091200 8.480700 1.193899
v 0.040900 8.304000 1.406799
v -0.953000 8.722600 -0.745401
v -0.555000 8.316300 1.322599
v -1.145000 11.497800 -0.323101
v 0.028400 11.415400 -0.397801
v -0.996217 11.342004 1.505151
v -0.039448 11.264311 1.491944
v -0.804911 11.513721 -0.487295
v -0.526861 11.305840 1.498044
v -1.626078 12.396961 -0.473107
v 0.002300 12.733500 -0.565001
v -1.046929 12.371442 1.137645
v -0.006778 12.361672 1.220663
v -1.057099 12.638351 -0.636561
v -0.511447 12.382876 1.235671
v -1.802345 13.002035 0.478076
v -1.237673 10.680488 0.381697
v -1.474141 9.401010 0.392236
v -1.445424 11.684967 0.461003
v -0.825582 13.189135 0.425263
v -1.271325 10.025182 0.342297
v -1.692100 8.662900 0.449899
v -1.363682 11.360190 0.470675
v -1.639907 12.680207 0.732781
v 0.000716 12.836099 0.977741
v -1.227760 10.623359 0.829993
v -1.426400 9.253800 0.826199
v -1.395600 11.894600 0.930899
v -0.592107 12.908772 0.829619
v -1.223976 9.929277 0.750762
v -1.535200 8.599000 0.904399
v -1.267554 11.358832 0.916021
v -1.489600 12.300600 0.881399
v -1.842313 13.059412 0.048622
v -1.116153 10.766651 0.048044
v -1.369763 9.354410 -0.047028
v -1.465900 11.710000 0.008899
v -0.865385 13.362677 0.055059
v -1.170262 10.013717 0.010521
v -1.597200 8.670100 -0.057201
v -1.300514 11.389498 -0.014254
v -1.852700 11.685200 -0.228301
v -1.813200 11.567200 0.003399
v -1.872617 11.660766 0.354116
v -2.317380 12.189989 -0.213280
v -2.425532 12.378677 0.066483
v -2.369012 12.349642 0.412204
v -2.252820 12.179090 0.642492
v -2.078840 11.997563 0.708826
v -1.931184 11.809873 0.605669
v -2.100456 11.905502 -0.266266
v 2.637663 11.901405 -0.045784
v 2.103896 11.437593 -0.145155
v 2.071090 11.405585 0.237431
v 2.682648 11.979216 0.236397
v 2.403158 11.765956 0.676680
v 2.258538 11.614283 0.646062
v 2.145498 11.482583 0.491353
v 2.598102 11.939551 0.521294
v 2.302484 11.602622 -0.259309
v 2.499412 11.785949 -0.199501
v -1.187444 13.144705 0.456124
v -1.093686 12.817931 0.792243
v -1.248107 13.292626 0.049987
v 0.000673 13.037052 0.824417
v -0.460367 13.118704 0.685994
v -0.678736 13.261560 0.402180
v -0.719403 13.442801 0.080172
v -0.000300 13.501900 -0.335801
v -0.467697 13.543433 -0.277844
v -0.387641 10.744335 -0.303449
v -0.436000 9.118500 -0.689801
v -0.504800 8.750500 -0.890201
v -0.607900 13.340100 -0.428301
v -0.518559 12.069786 -0.665172
v -0.310700 9.740000 -0.319201
v -0.478905 11.478401 -0.498053
v -0.523262 12.751509 -0.688325
v -1.624300 12.265900 0.823299
v -1.509400 11.822500 0.634999
v -1.730344 12.299777 -0.420514
v -1.960763 12.880214 -0.168579
v -1.897143 12.737341 -0.344718
v -1.599700 11.882100 -0.304801
v -1.820713 12.530637 -0.441008
v -1.664100 12.083600 -0.378401
v -1.530700 11.937000 0.799999
v -1.550300 11.733300 0.015699
v -1.866491 12.780768 0.615439
v -1.580300 12.143100 0.845299
v -1.519200 11.709500 0.215699
v -1.783522 12.613564 0.709331
v -1.942356 12.897279 0.461076
v -1.689859 12.424710 0.765685
v -1.575000 11.810200 -0.162701
v -1.984131 12.954968 0.254880
v -1.503200 11.730800 0.427199
v -1.987003 12.950597 0.046776
v 0.212011 13.135303 0.750392
v 0.519229 13.230232 0.530602
v 0.639220 13.399950 0.283547
v 0.211531 13.536146 -0.305385
v 0.616053 13.569512 -0.061734
v 0.404190 13.175760 0.653655
v 0.597053 13.308514 0.415405
v 0.657218 13.473668 0.133663
v 0.409059 13.573379 -0.267944
v -0.213635 13.135573 0.749856
v -0.524525 13.225763 0.531234
v -0.671135 13.379876 0.281707
v -0.214496 13.533004 -0.306699
v -0.634387 13.547750 -0.075191
v 0.001315 13.105294 0.769627
v -0.405894 13.175369 0.652986
v -0.613160 13.294500 0.416586
v -0.680214 13.453314 0.127263
v -0.002225 13.512886 -0.323325
v -0.416693 13.559081 -0.276876
v 2.580856 12.069345 0.402194
v 2.594347 12.000711 -0.042174
v 2.529543 11.921648 -0.144776
v 2.219702 11.693556 0.665067
v 2.368483 11.855036 0.675629
v 2.023105 11.444919 0.212647
v 2.134836 11.529666 -0.212802
v 2.448704 11.950767 0.632818
v 2.339605 11.735390 -0.259924
v 2.525594 12.024757 0.526914
v 2.147020 11.605726 0.605848
v 2.051770 11.481791 0.373999
v 2.617917 12.079752 0.250044
v 2.094865 11.539781 0.508192
v 2.010576 11.427037 0.032741
v 2.057771 11.468234 -0.131809
v 2.241470 11.636763 -0.256079
v 2.294237 11.774220 0.683250
v 2.622323 12.054576 0.099844
v 2.440611 11.832479 -0.212883
v 2.001000 12.030700 -0.307201
v 1.800200 11.644000 -0.133601
v 1.907300 11.862300 -0.284401
v 1.785900 11.623700 0.019199
v 2.275533 12.523735 -0.114196
v 2.283533 12.591379 0.081428
v 2.264602 12.598583 0.259850
v 1.808700 11.809800 0.527799
v 2.207990 12.382138 -0.254511
v 1.831800 11.879800 0.630099
v 2.226883 12.558641 0.414625
v 2.181719 12.474678 0.551604
v 1.796000 11.735200 0.374699
v 1.894500 12.009200 0.693899
v 1.831500 11.717600 -0.229901
v 2.037185 12.221760 0.701493
v 2.109380 12.207523 -0.299240
v 1.785100 11.659700 0.196199
v 2.115158 12.347919 0.649766
v 1.960026 12.106136 0.727752
v -1.953700 12.038600 -0.312801
v -1.711000 11.671800 -0.155001
v -1.820400 11.892100 -0.298801
v -1.729600 11.672100 0.002899
v -2.256869 12.528167 -0.135240
v -2.280031 12.597362 0.069361
v -2.263156 12.601793 0.258093
v -1.767300 11.823000 0.530699
v -2.178994 12.387286 -0.271090
v -1.793200 11.901600 0.638499
v -2.219066 12.557704 0.427799
v -2.167163 12.480282 0.563134
v -1.742200 11.742400 0.368399
v -1.847900 12.031200 0.699699
v -1.734100 11.763800 -0.252601
v -1.997204 12.227126 0.705916
v -2.075464 12.213233 -0.313340
v -1.717300 11.667700 0.184099
v -2.083395 12.349938 0.657570
v -1.901803 12.112428 0.723245
v -2.625387 12.005163 0.412560
v -2.620835 11.952783 -0.039124
v -2.558819 11.874001 -0.142203
v -2.256414 11.662553 0.664843
v -2.416782 11.802234 0.670825
v -2.052234 11.412263 0.200002
v -2.151600 11.492200 -0.224501
v -2.496743 11.883556 0.633826
v -2.374165 11.660084 -0.261642
v -2.573590 11.956792 0.536088
v -2.172798 11.575157 0.601346
v -2.085382 11.448465 0.368983
v -2.655229 12.021654 0.259194
v -2.127254 11.509008 0.503603
v -2.028300 11.392300 0.017299
v -2.062600 11.420700 -0.141701
v -2.263545 11.573984 -0.256319
v -2.333798 11.729231 0.679400
v -2.653142 12.004313 0.104266
v -2.479639 11.782930 -0.211070
v -1.498617 12.476768 -0.514140
v -1.175549 9.887221 0.879981
v -1.064200 11.510700 -0.376201
v -0.982400 9.479400 -0.297401
v -1.125800 9.198000 -0.405501
v -1.177500 11.764600 -0.404001
v -1.682412 13.154950 0.259673
v -0.834594 10.847023 -0.216267
v -1.620230 12.938909 -0.367485
v -1.676024 13.086190 -0.165519
v -1.695194 13.147224 0.055542
v -1.436307 12.509010 0.871098
v -1.328173 11.916936 1.034877
v -1.139956 11.017569 1.040254
v -1.387100 12.042000 -0.418701
v -1.153867 10.617648 0.991044
v -1.260458 11.372084 1.178509
v -0.871535 9.926879 -0.203168
v -1.509317 12.725726 0.759332
v -1.377400 8.732800 -0.530301
v -1.423800 8.583700 0.993299
v -1.414900 8.875100 0.991399
v -1.388590 12.313956 0.958734
v -1.334967 11.637051 1.132886
v -1.557089 12.714685 -0.498824
v -1.370900 9.197500 0.956699
v -1.340500 12.159200 1.028099
v -1.145949 10.225209 0.901406
v -1.578879 12.918411 0.638602
v -1.260700 8.938400 -0.483901
v -1.454700 12.248200 -0.463301
v -1.650096 13.080404 0.497795
v -0.834572 10.381905 -0.177781
v -0.960138 11.218033 -0.315195
v -1.263900 9.542300 0.907399
v 1.503657 12.458071 -0.511054
v 1.185039 9.869845 0.864972
v 0.978055 11.517058 -0.424942
v 1.062900 9.378400 -0.388701
v 1.198500 9.059300 -0.501401
v 1.109799 11.782037 -0.420135
v 1.653395 13.165509 0.260190
v 0.826068 10.806425 -0.209837
v 1.616378 12.956249 -0.357865
v 1.661162 13.100077 -0.156999
v 1.668524 13.160187 0.060409
v 1.435015 12.495756 0.877578
v 1.299299 11.911065 1.124058
v 1.143731 10.984556 1.033693
v 1.337300 12.039600 -0.408401
v 1.155316 10.632082 0.990327
v 1.206067 11.291919 1.154973
v 0.914800 9.881100 -0.222001
v 1.498590 12.736901 0.758890
v 1.362100 8.632900 -0.583901
v 1.437100 8.576000 0.987299
v 1.401400 8.823000 0.952499
v 1.384061 12.294998 0.963229
v 1.293482 11.634942 1.314885
v 1.567528 12.730468 -0.493637
v 1.352200 9.136400 0.890099
v 1.322445 12.149558 1.032478
v 1.147953 10.221673 0.894723
v 1.555217 12.936316 0.633608
v 1.302600 8.819800 -0.563301
v 1.425900 12.213200 -0.449401
v 1.609001 13.102154 0.482186
v 0.850602 10.352602 -0.171779
v 0.874339 11.205723 -0.337887
v 1.268302 9.482900 0.863313
v 0.670748 11.891758 -0.616512
v 0.017750 11.857345 -0.518396
v 0.850575 11.908904 -0.590241
v 1.057991 11.926602 -0.503533
v 1.351758 11.761076 0.976650
v 0.209000 11.667500 1.507699
v 1.439526 11.657370 0.025303
v 0.268203 11.857699 -0.577515
v 1.388190 11.709843 0.770002
v 1.441837 11.623141 0.237727
v -0.022400 11.671300 1.506899
v 1.425500 11.737600 -0.160701
v 0.973456 11.779105 1.557380
v 0.493946 11.874153 -0.624825
v 0.504600 11.695073 1.585275
v 1.183370 11.793419 1.428564
v 1.431028 11.646975 0.501505
v 1.368400 11.861600 -0.316301
v 0.761451 11.744579 1.595183
v -0.720827 11.913298 -0.615063
v -0.907752 11.952112 -0.579484
v -1.115600 11.967200 -0.479401
v -1.368504 11.737282 0.875243
v -0.242000 11.674000 1.514999
v -1.436053 11.655247 0.003406
v -0.259275 11.880468 -0.579483
v -1.392608 11.688516 0.730626
v -1.440454 11.620799 0.231972
v -1.403100 11.731100 -0.198201
v -1.065722 11.787846 1.528187
v -0.510320 11.890717 -0.627870
v -0.502725 11.702755 1.583116
v -1.263995 11.795074 1.324161
v -1.430471 11.628027 0.479637
v -1.389000 11.836600 -0.333901
v -0.779550 11.753743 1.590200
v -1.321121 11.782225 1.079213
v -1.274900 11.910900 -0.408601
v 1.295473 11.790442 1.236282
v 1.212000 11.918800 -0.398901
v 1.274287 11.552105 -0.205002
v 0.250200 11.404100 1.505599
v 1.330481 11.456814 0.785381
v 1.380561 11.447608 0.246700
v 1.145631 11.631698 -0.349277
v 0.797589 11.405682 1.605125
v -0.031800 11.411700 1.498199
v 0.769100 11.634300 -0.536501
v 1.179385 11.462687 1.435884
v 0.922872 11.648636 -0.486246
v 0.524001 11.403021 1.552876
v 1.310048 11.467010 1.038020
v 1.376368 11.442324 0.508922
v 1.356000 11.482489 0.006514
v 0.636388 11.605910 -0.545715
v 0.025474 11.558150 -0.443673
v 0.266208 11.550557 -0.492076
v 0.479512 11.572625 -0.532493
v 1.005152 11.438398 1.568325
v -1.281049 11.554151 -0.201039
v -0.238500 11.425600 1.507999
v -1.354269 11.483527 0.711758
v -1.387653 11.469373 0.231473
v -1.211600 11.598800 -0.331801
v -0.804483 11.433674 1.618380
v -0.827480 11.662575 -0.521065
v -1.222517 11.501729 1.400112
v -1.010530 11.661232 -0.452848
v -0.513702 11.429638 1.559168
v -1.315472 11.482795 0.930138
v -1.386248 11.467542 0.484927
v -1.352329 11.492808 -0.014861
v -0.672976 11.632998 -0.549954
v -0.273700 11.595292 -0.507250
v -0.486703 11.610690 -0.546787
v -1.033804 11.454131 1.557264
v -1.312720 11.515049 1.191829
v -1.116600 11.633300 -0.391501
v 1.272023 11.471866 1.283883
v 1.039430 11.646213 -0.429153
v -0.036521 11.123812 1.494152
v 0.294214 11.117949 1.506706
v 1.036768 11.136760 1.156069
v 0.448441 11.271289 -0.415053
v 1.015997 11.354841 -0.344232
v 0.713445 11.138290 1.376270
v 1.210876 11.176408 0.908667
v 0.701620 11.343097 -0.436841
v 1.239929 11.248484 -0.002586
v 0.835806 11.365901 -0.420442
v 0.520454 11.115496 1.459496
v 1.316339 11.181994 0.433697
v 0.035500 11.253700 -0.370201
v 1.160116 11.316682 -0.187436
v 1.287997 11.180845 0.700809
v 0.880468 11.129597 1.289746
v 0.271035 11.248098 -0.392117
v 1.299242 11.207767 0.210558
v 0.580281 11.302721 -0.426703
v -0.327242 11.148799 1.496026
v -1.050729 11.178139 1.188857
v -0.464363 11.324857 -0.435315
v -1.093871 11.367731 -0.292400
v -0.715800 11.143823 1.382903
v -1.227272 11.212221 0.877289
v -0.769320 11.355854 -0.433907
v -1.254549 11.269984 0.008018
v -0.930500 11.366194 -0.390639
v -0.551415 11.151102 1.451640
v -1.326388 11.216484 0.454635
v -1.175387 11.322070 -0.164863
v -1.289487 11.221937 0.709211
v -0.883087 11.147123 1.288965
v -0.273333 11.301162 -0.411068
v -1.309926 11.236998 0.229890
v -0.620668 11.344254 -0.443198
v -1.149808 11.189385 1.008741
v -1.018571 11.370564 -0.349031
v 1.142158 11.169829 1.036678
v 0.923619 11.362574 -0.391366
v -0.005449 11.946558 1.369215
v 0.229054 11.954082 1.392871
v 2.236364 11.595325 0.630967
v 1.418700 12.035700 0.959099
v 0.976671 12.036146 1.404138
v 0.483658 12.005424 1.422894
v 1.969842 11.858236 0.651287
v 1.193744 12.042306 1.248425
v 1.748000 12.003200 0.743199
v 0.735184 12.016784 1.430883
v 1.594100 12.038800 0.832899
v -0.242615 11.957077 1.394195
v -2.274565 11.558949 0.629401
v 2.231289 11.581724 0.623814
v -1.423600 12.037800 0.959299
v -1.049419 12.044958 1.369562
v -0.486157 12.007826 1.421411
v -1.966532 11.872223 0.656109
v -2.281551 11.528358 0.619554
v -1.232492 12.057339 1.185821
v -1.684600 12.015800 0.763299
v -0.764887 12.019690 1.429872
v -1.557700 12.039400 0.845199
v 2.182620 11.651265 0.635451
v 1.857600 11.943100 0.674399
v -1.816500 11.965200 0.682199
v -2.213701 11.622184 0.634113
v -1.322600 12.039300 1.080999
v 1.311774 12.018571 1.059031
v 1.134468 10.922687 0.002801
v 0.899889 10.803842 1.290835
v 0.549661 10.793039 1.495333
v 1.054972 10.812765 1.152570
v 1.275426 10.823812 0.613091
v 0.415014 10.921212 -0.330596
v 0.725393 10.798433 1.418684
v 0.036900 10.897800 -0.272201
v 1.213217 10.882735 0.184183
v 0.661906 10.992453 -0.312043
v 0.254220 10.907182 -0.303157
v -0.030986 10.813760 1.505284
v 1.259327 10.858545 0.381371
v 1.028631 10.976672 -0.139040
v 0.545419 10.946931 -0.328016
v 0.911397 11.015207 -0.226027
v 0.778206 11.021733 -0.282895
v 0.291281 10.796430 1.528877
v 1.229393 10.812394 0.869588
v -1.170566 10.960759 0.040949
v -0.917982 10.826286 1.274926
v -0.572620 10.826112 1.483548
v -1.067613 10.829538 1.138092
v -1.274638 10.833022 0.631520
v -0.420573 10.960192 -0.337868
v -0.760284 10.824739 1.394637
v -1.225435 10.898448 0.210713
v -0.684692 11.011074 -0.310161
v -0.234376 10.937229 -0.302271
v -1.263096 10.864752 0.406750
v -1.071562 11.011412 -0.108105
v -0.568333 10.990706 -0.331642
v -0.956737 11.039829 -0.214296
v -0.811087 11.035476 -0.277791
v -0.332293 10.828074 1.523165
v -1.232100 10.825250 0.863765
v -1.156222 10.829228 1.026008
v -0.888872 11.040359 -0.253452
v 1.151754 10.814699 1.031982
v 0.844052 11.023194 -0.260779
v 1.241708 10.457357 0.573268
v 0.514069 10.506170 -0.283275
v 1.151540 10.494729 0.197676
v 0.986522 10.544916 -0.052633
v 0.769332 10.578829 -0.216407
v 0.265433 10.437629 1.513870
v 1.213172 10.476104 0.362335
v 0.899114 10.406468 1.277277
v 0.205188 10.441997 -0.255319
v 0.649526 10.552464 -0.261295
v 0.512511 10.425121 1.474455
v 0.006900 10.434300 -0.220201
v -0.033226 10.435222 1.503027
v 0.893726 10.576788 -0.139916
v 1.208388 10.429090 0.796289
v 0.374182 10.467730 -0.280851
v 1.076500 10.516900 0.054399
v 1.067363 10.413083 1.080213
v 0.727581 10.409478 1.392382
v -1.242215 10.462599 0.577348
v -0.519141 10.543043 -0.285102
v -1.156755 10.528075 0.197219
v -0.998785 10.596114 -0.045337
v -0.767606 10.615252 -0.219165
v -0.320965 10.451914 1.506985
v -1.216453 10.496686 0.365916
v -0.915130 10.408873 1.266915
v -0.187756 10.484044 -0.251569
v -0.637708 10.570483 -0.266190
v -0.553136 10.437805 1.462443
v -0.902450 10.618186 -0.133620
v -1.207734 10.432341 0.800415
v -0.365342 10.516544 -0.282989
v -1.082312 10.557053 0.064090
v -1.069103 10.409196 1.077475
v -0.751866 10.422630 1.376992
v -1.152433 10.411685 0.938885
v -0.832116 10.625150 -0.179769
v 1.151899 10.409953 0.939187
v 0.831298 10.582493 -0.179398
v 0.348300 9.955700 -0.296901
v 0.238057 10.015003 1.469282
v 0.483797 9.999928 1.414747
v 1.237840 10.135208 0.349844
v 1.085310 10.012419 1.015296
v 0.704868 9.985164 1.320856
v 1.241405 10.121636 0.544454
v 0.934166 9.988770 1.186675
v 1.066200 10.118800 -0.074101
v 0.003700 9.934800 -0.282101
v 0.788792 10.098912 -0.216213
v 0.493700 9.999800 -0.285201
v 1.155300 10.124600 0.030299
v 1.212006 10.130919 0.175859
v 0.187700 9.932900 -0.293001
v -0.029392 10.006806 1.473391
v 0.642800 10.057100 -0.256101
v 0.949200 10.120200 -0.144901
v 1.208126 10.080125 0.746472
v -0.320695 10.005836 -0.260345
v -0.294095 10.008734 1.464384
v -0.523072 9.984776 1.398499
v -1.228611 10.171389 0.348799
v -1.078245 10.015887 1.023336
v -0.729670 9.976908 1.307242
v -1.238185 10.140324 0.548318
v -0.938796 9.991744 1.181376
v -1.037886 10.169257 -0.065332
v -0.764690 10.135262 -0.223637
v -0.466960 10.024864 -0.258119
v -1.123976 10.177527 0.036917
v -1.187256 10.187020 0.174743
v -0.164600 9.977500 -0.271201
v -0.610627 10.075800 -0.253372
v -0.926805 10.168658 -0.143564
v -1.204544 10.092333 0.756322
v -1.152830 10.056152 0.887615
v -0.843388 10.156400 -0.191097
v 1.158270 10.049061 0.876946
v 0.871727 10.115163 -0.185604
v 1.349619 9.783935 0.342506
v 1.267925 9.733605 0.741829
v 0.378800 9.522800 -0.464601
v 0.508345 9.612471 1.428347
v 0.995291 9.626585 1.168089
v 0.758749 9.613572 1.322296
v 1.160465 9.650862 0.982928
v 0.543500 9.528000 -0.447801
v 0.012000 9.539400 -0.456801
v 1.068700 9.673300 -0.248201
v 1.320153 9.778709 0.551072
v 0.880900 9.623000 -0.338601
v 1.191100 9.713100 -0.150401
v 1.277800 9.750200 -0.008101
v -0.018908 9.580982 1.450335
v 0.211800 9.530900 -0.463101
v 1.329667 9.776810 0.154903
v 0.712800 9.576400 -0.396901
v 0.252433 9.607090 1.478716
v -1.318158 9.880685 0.352285
v -1.251081 9.777467 0.764133
v -0.332000 9.507000 -0.428401
v -0.528136 9.574422 1.426360
v -0.994083 9.609529 1.171486
v -0.772820 9.579337 1.318109
v -1.143479 9.671919 1.004367
v -0.491800 9.513300 -0.395401
v -1.007058 9.745361 -0.193584
v -1.296543 9.841338 0.566283
v -0.822694 9.655362 -0.284590
v -1.126808 9.794155 -0.115050
v -1.222627 9.842022 0.000579
v -0.175100 9.523100 -0.445301
v -1.287068 9.885772 0.152923
v -0.661400 9.569600 -0.335901
v -0.263577 9.591061 1.480994
v -1.201753 9.733505 0.889725
v -0.914135 9.710689 -0.240605
v 1.223593 9.693739 0.870701
v 0.978200 9.647700 -0.295801
v 2.473649 12.204224 0.398711
v 2.503556 12.154618 -0.057120
v 2.438106 12.060455 -0.167580
v 2.115841 11.804218 0.675201
v 2.275694 11.972142 0.684245
v 1.945939 11.519678 0.207007
v 2.036300 11.599800 -0.204101
v 2.353434 12.064075 0.625990
v 2.232003 11.830906 -0.260461
v 2.420120 12.145381 0.524272
v 2.036967 11.695952 0.601348
v 1.965929 11.568355 0.372936
v 2.518756 12.232110 0.249058
v 2.000389 11.635405 0.509952
v 1.941648 11.501529 0.031198
v 1.973800 11.527200 -0.120001
v 2.136097 11.719591 -0.250729
v 2.192617 11.884883 0.693327
v 2.529653 12.213895 0.092635
v 2.339890 11.945076 -0.228517
v 2.079025 11.751789 0.644868
v -2.496876 12.164248 0.411965
v -2.515119 12.121220 -0.064731
v -2.446437 12.024034 -0.171749
v -2.133586 11.793696 0.676987
v -2.307035 11.939042 0.678973
v -1.948300 11.498100 0.188799
v -2.001900 11.581200 -0.226401
v -2.379854 12.022410 0.623525
v -2.246879 11.787492 -0.258059
v -2.441332 12.103243 0.532041
v -2.050188 11.686262 0.604103
v -1.978563 11.549354 0.361637
v -2.542028 12.197525 0.252399
v -2.014424 11.619244 0.508567
v -1.922200 11.475700 0.008799
v -1.936000 11.503900 -0.144801
v -2.111200 11.679200 -0.248101
v -2.212598 11.860837 0.690895
v -2.546464 12.179558 0.085724
v -2.354466 11.913054 -0.227728
v -2.095466 11.744413 0.646862
vn 0.1611 -0.0761 0.9840
vn 0.1120 -0.1996 0.9735
vn 0.2301 -0.3708 0.8998
vn 0.3143 -0.5286 0.7886
vn 0.3424 -0.6544 0.6742
vn 0.2307 -0.7544 0.6145
vn 0.1474 -0.7061 0.6926
vn 0.0873 -0.8155 0.5721
vn -0.2238 -0.7927 0.5670
vn -0.4031 -0.7565 0.5150
vn -0.6313 -0.7682 0.1068
vn -0.5063 -0.8517 -0.1355
vn -0.3064 -0.8342 -0.4585
vn -0.4031 -0.6623 -0.6315
vn -0.4561 -0.7237 -0.5178
vn -0.4645 -0.4713 -0.7497
vn -0.4831 -0.3904 -0.7837
vn -0.5160 -0.2880 -0.8067
vn -0.4583 -0.0798 -0.8852
vn -0.2682 0.1226 -0.9555
vn -0.0271 0.3142 -0.9490
vn -0.3246 -0.0206 0.9456
vn -0.0085 0.1515 0.9884
vn 0.0199 0.1212 0.9924
vn 0.0886 -0.1423 0.9859
vn 0.9674 0.2467 0.0568
vn 0.9526 0.1959 -0.2328
vn 0.8547 0.1196 -0.5051
vn 0.9528 -0.0861 -0.2912
vn 0.9646 0.2174 0.1494
vn 0.9590 0.2146 0.1849
vn -0.0985 -0.2661 -0.9589
vn -0.0489 0.0836 0.9953
vn 0.0077 0.1293 0.9916
vn 0.0463 0.0720 0.9963
vn -0.0003 0.2995 0.9541
vn 0.1601 -0.0291 0.9867
vn 0.1024 0.0472 0.9936
vn 0.2652 -0.0300 0.9637
vn 0.2435 0.0574 0.9682
vn 0.3044 0.1203 0.9449
vn 0.4164 0.6108 -0.6735
vn 0.0215 -0.0540 -0.9983
vn 0.8512 0.2064 -0.4826
vn 0.9380 0.2637 -0.2251
vn 0.9454 0.2665 -0.1877
vn 0.8540 0.2060 -0.4778
vn 0.6687 0.1848 -0.7202
vn 0.4303 0.1507 -0.8900
vn 0.6549 0.3721 -0.6578
vn 0.3931 0.3629 -0.8449
vn 0.9354 0.3047 -0.1792
vn 0.7811 0.3926 -0.4856
vn -0.0225 0.3555 -0.9344
vn -0.0042 0.2164 -0.9763
vn -0.0663 -0.0465 -0.9967
vn 0.2505 0.2307 -0.9402
vn 0.2435 0.1667 -0.9555
vn 0.2238 0.4207 -0.8792
vn 0.9705 0.2399 -0.0249
vn 0.9394 0.3405 -0.0391
vn -0.0942 -0.0955 0.9910
vn 0.0901 -0.1465 0.9851
vn 0.0981 -0.0729 0.9925
vn 0.1530 0.1750 0.9726
vn -0.0438 0.2633 0.9637
vn -0.5119 0.1796 0.8400
vn 0.3051 0.0764 0.9492
vn -0.8967 -0.1791 0.4047
vn -0.8728 -0.1943 0.4477
vn -0.8327 -0.1299 0.5383
vn -0.7372 0.0050 0.6757
vn -0.8405 -0.5310 -0.1076
vn -0.9393 -0.3083 0.1506
vn -0.5184 -0.6865 -0.5100
vn -0.6858 -0.6338 -0.3578
vn -0.2548 -0.5088 -0.8223
vn -0.3355 -0.7247 -0.6019
vn 0.9941 0.1078 0.0108
vn -0.0844 -0.7141 -0.6949
vn 0.9543 0.2515 0.1612
vn 0.3089 -0.4996 -0.8093
vn 0.5155 0.4411 -0.7347
vn 0.5659 -0.3184 -0.7605
vn 0.8409 0.1524 -0.5193
vn 0.8364 -0.1000 -0.5389
vn 0.9617 0.1612 -0.2218
vn 0.9832 0.1015 -0.1517
vn 0.9501 0.2034 -0.2365
vn 0.9669 0.2424 0.0799
vn 0.9375 0.1919 0.2901
vn 0.8953 0.0085 0.4454
vn 0.9433 0.2181 0.2501
vn 0.8432 0.1531 -0.5153
vn -0.1532 -0.3240 -0.9336
vn 0.0675 -0.6013 -0.7961
vn 0.1733 -0.5757 -0.7991
vn -0.2020 -0.3597 -0.9109
vn 0.7006 -0.2152 0.6804
vn -0.4151 -0.6749 -0.6101
vn -0.9288 -0.1937 0.3158
vn 0.0535 -0.0521 0.9972
vn 0.1605 -0.2067 0.9652
vn 0.0342 -0.3340 0.9420
vn -0.2203 -0.3121 0.9242
vn -0.4270 -0.4271 0.7970
vn -0.6018 -0.4138 0.6831
vn -0.7354 -0.4015 0.5459
vn -0.8076 -0.3589 0.4679
vn -0.8452 -0.3498 0.4040
vn -0.8748 -0.3949 0.2807
vn -0.8354 -0.5487 0.0320
vn -0.6657 -0.6894 -0.2858
vn -0.5732 -0.6752 -0.4644
vn -0.5699 -0.5822 -0.5799
vn -0.5503 -0.6678 -0.5013
vn -0.3665 -0.5135 -0.7759
vn -0.3716 -0.4144 -0.8308
vn -0.3214 -0.3287 -0.8881
vn -0.2781 -0.0462 -0.9595
vn -0.2201 0.2210 -0.9501
vn -0.0557 0.4127 -0.9091
vn 0.4119 0.0345 -0.9106
vn 0.0222 -0.4925 -0.8700
vn 0.3944 -0.7242 0.5657
vn 0.2519 -0.7781 0.5754
vn -0.2174 -0.6850 0.6954
vn 0.2004 -0.7919 0.5768
vn 0.4025 -0.5066 0.7624
vn 0.0817 -0.8473 0.5247
vn -0.0230 -0.9919 -0.1247
vn 0.3825 0.0084 0.9239
vn 0.9359 -0.3260 -0.1337
vn -0.0900 -0.9106 -0.4034
vn 0.9718 0.2357 -0.0123
vn 0.8042 -0.4466 -0.3921
vn 0.6714 0.3447 -0.6561
vn 0.3473 -0.0720 0.9350
vn 0.0259 0.3668 -0.9299
vn 0.3869 -0.0132 0.9220
vn 0.2054 0.4232 -0.8824
vn 0.7966 0.0931 0.5973
vn 0.9842 0.1760 0.0168
vn 0.9693 0.1621 -0.1849
vn 0.0377 0.0555 0.9977
vn 0.0746 0.0198 0.9970
vn 0.8202 0.2503 -0.5143
vn -0.0017 0.2875 -0.9578
vn 0.1341 0.0558 0.9894
vn 0.6819 0.3060 -0.6644
vn 0.2714 -0.0086 0.9624
vn 0.0320 0.2684 -0.9628
vn 0.3681 0.3730 -0.8517
vn 0.7400 0.4621 -0.4888
vn -0.0105 0.4786 -0.8780
vn 0.0836 0.3108 0.9468
vn 0.6775 0.3117 -0.6662
vn 0.1724 0.2729 0.9465
vn 0.0598 0.5297 -0.8460
vn 0.3651 0.3699 -0.8543
vn 0.2646 0.1171 0.9572
vn 0.0499 0.5093 -0.8592
vn 0.3834 -0.0165 0.9234
vn 0.1918 0.4172 -0.8884
vn 0.7586 0.1790 0.6265
vn 0.9163 0.4003 0.0088
vn 0.8019 0.5638 -0.1976
vn 0.0217 0.2752 0.9611
vn -0.0002 0.2766 0.9610
vn 0.1918 0.4792 -0.8565
vn 0.7319 0.2066 0.6494
vn 0.9577 0.2878 -0.0055
vn 0.8614 0.4617 -0.2115
vn -0.0439 0.9027 0.4280
vn -0.2278 0.9482 0.2213
vn 0.6818 0.5775 -0.4490
vn -0.0500 0.9414 -0.3336
vn -0.1144 0.9335 0.3399
vn 0.6953 0.2490 -0.6742
vn -0.2162 0.9230 0.3182
vn 0.0660 0.8234 -0.5636
vn 0.3621 0.4390 -0.8223
vn -0.0311 0.6947 0.7186
vn 0.0111 0.6769 -0.7360
vn 0.3792 -0.0084 0.9253
vn 0.9578 0.1597 0.2390
vn -0.7517 -0.0857 0.6539
vn 0.3637 0.0690 0.9290
vn -0.1319 -0.4423 -0.8871
vn 0.9712 0.1246 0.2030
vn -0.9611 -0.2717 0.0498
vn -0.8435 -0.0863 0.5302
vn -0.0006 -0.5761 -0.8174
vn 0.9485 0.1973 0.2478
vn -0.6428 -0.2490 -0.7244
vn -0.9610 -0.2669 -0.0720
vn 0.7092 0.2020 0.6754
vn 0.7290 0.0516 -0.6825
vn 0.4316 -0.2213 -0.8745
vn 0.3927 0.2144 0.8943
vn -0.0940 0.0691 0.9932
vn -0.4993 -0.0548 0.8647
vn -0.9600 -0.1904 0.2055
vn 0.8878 0.2485 0.3873
vn 0.8873 0.2500 0.3876
vn 0.9504 0.2046 0.2345
vn 0.8581 0.3092 0.4100
vn 0.8888 0.2767 0.3654
vn 0.8833 0.2593 0.3906
vn 0.9699 0.2080 0.1263
vn 0.9618 0.0764 0.2628
vn 0.9752 0.1555 -0.1576
vn -0.9490 -0.1186 0.2920
vn -0.9256 -0.0741 0.3712
vn 0.2199 0.1792 0.9589
vn -0.7692 -0.2384 -0.5929
vn 0.9566 0.2197 0.1915
vn 0.9703 0.1544 0.1864
vn 0.9802 0.1881 0.0612
vn 0.8863 0.2519 0.3885
vn 0.9555 0.2139 0.2033
vn 0.9059 0.3341 0.2602
vn 0.8825 0.2602 0.3919
vn 0.9669 0.1733 0.1872
vn 0.9358 0.2828 0.2103
vn 0.9030 0.1628 0.3976
vn 0.9329 0.1634 0.3208
vn -0.8747 -0.2394 -0.4214
vn 0.8842 0.1648 0.4372
vn 0.1604 -0.4627 -0.8719
vn 0.5477 0.1858 0.8158
vn -0.0687 0.2204 0.9730
vn -0.9233 -0.1438 0.3562
vn 0.8950 0.2695 0.3555
vn 0.9629 0.2208 0.1548
vn 0.9295 0.3458 0.1280
vn 0.8830 0.2608 0.3902
vn 0.9619 0.1997 0.1869
vn 0.9623 0.2719 0.0017
vn 0.9930 0.1048 0.0542
vn 0.9931 0.1037 0.0544
vn -0.7661 -0.0048 0.6427
vn 0.3516 0.2718 0.8958
vn -0.5250 0.0665 0.8485
vn -0.8716 -0.3577 0.3353
vn -0.9253 -0.0433 0.3767
vn -0.7857 -0.2173 -0.5792
vn 0.4462 0.1039 0.8889
vn 0.6099 0.0719 0.7892
vn 0.8317 0.3040 0.4647
vn 0.9204 0.3046 0.2453
vn -0.2011 -0.5309 -0.8233
vn 0.9492 0.2475 0.1941
vn -0.5980 -0.4115 -0.6878
vn 0.0084 -0.5375 -0.8432
vn 0.6938 0.2694 0.6679
vn 0.6524 0.2966 0.6975
vn -0.4130 -0.5838 -0.6990
vn 0.1670 -0.0747 0.9831
vn -0.1141 0.1481 -0.9824
vn 0.2680 -0.1440 0.9526
vn 0.1566 0.0670 0.9854
vn 0.1609 0.3544 0.9212
vn 0.6583 0.3369 -0.6732
vn 0.4193 0.2540 -0.8716
vn 0.9568 0.2504 -0.1478
vn 0.8090 0.3192 -0.4936
vn -0.0206 0.4594 -0.8880
vn 0.2304 0.2938 -0.9277
vn 0.9733 0.2264 -0.0377
vn 0.1250 -0.1535 0.9802
vn 0.0681 -0.0500 0.9964
vn -0.1337 0.3342 -0.9330
vn 0.8891 0.1708 0.4246
vn 0.9515 0.2355 0.1981
vn 0.9675 0.2182 0.1274
vn 0.6044 0.2162 0.7668
vn -0.3294 -0.5470 -0.7696
vn -0.1717 -0.4816 -0.8594
vn -0.1016 -0.2926 -0.9508
vn 0.8621 0.2587 -0.4357
vn 0.8437 0.0352 -0.5357
vn 0.9770 0.1321 -0.1675
vn 0.1455 0.9595 -0.2413
vn 0.8813 0.3164 0.3511
vn -0.4710 -0.5192 -0.7131
vn 0.9679 0.1709 0.1843
vn 0.9890 0.1347 0.0616
vn 0.2812 0.1885 0.9409
vn 0.6345 -0.1222 0.7632
vn 0.6278 0.0717 0.7750
vn 0.7896 0.1449 0.5963
vn 0.5692 0.5200 0.6369
vn 0.6427 0.2680 0.7177
vn 0.5845 0.2437 0.7739
vn 0.6491 0.0720 0.7573
vn 0.6790 0.0447 0.7328
vn 0.6949 0.0097 0.7191
vn 0.5428 0.2583 0.7991
vn 0.5107 0.2247 0.8299
vn 0.4925 0.1627 0.8549
vn 0.5392 0.1302 0.8320
vn 0.7153 0.5763 -0.3954
vn 0.5952 0.2685 0.7574
vn 0.4476 0.8735 0.1915
vn 0.7333 0.0441 0.6785
vn 0.7224 0.0763 0.6873
vn 0.6943 0.1004 0.7127
vn 0.6748 0.0860 0.7329
vn 0.6598 0.3099 0.6846
vn 0.7096 -0.0930 0.6984
vn 0.9125 0.2140 0.3487
vn 0.9449 0.1499 -0.2912
vn 0.8024 0.2391 -0.5468
vn 0.6359 0.0440 0.7705
vn 0.7466 0.1201 0.6544
vn 0.8710 -0.1474 0.4686
vn 0.8884 0.3532 0.2933
vn 0.5803 0.3597 0.7306
vn 0.8999 0.2689 0.3434
vn 0.9549 0.1944 0.2244
vn 0.9357 0.2332 0.2648
vn 0.9564 0.2203 0.1918
vn 0.8917 0.2466 0.3797
vn 0.9732 0.1378 0.1840
vn 0.9568 0.1994 0.2118
vn 0.9270 0.3229 0.1907
vn 0.9640 0.1100 0.2419
vn 0.9332 0.3400 0.1163
vn 0.9779 0.1959 0.0735
vn 0.9775 0.1900 0.0915
vn 0.8769 0.1184 0.4658
vn 0.8230 0.3677 0.4330
vn 0.8660 0.1556 0.4753
vn 0.8635 0.2249 0.4515
vn 0.8760 0.1472 0.4593
vn 0.9587 0.2292 0.1687
vn 0.9549 0.2020 0.2176
vn -0.4088 -0.6263 -0.6639
vn -0.3051 -0.5366 -0.7868
vn 0.5964 -0.4631 -0.6557
vn -0.2808 -0.4985 -0.8201
vn -0.0628 -0.2057 -0.9766
vn 0.8452 0.1037 -0.5243
vn 0.9675 0.1635 -0.1931
vn -0.3997 -0.6085 -0.6855
vn 0.9267 0.2192 0.3053
vn 0.9017 0.1713 0.3969
vn 0.9852 0.1549 0.0740
vn 0.6002 0.1968 0.7753
vn 0.9495 0.1812 0.2561
vn 0.9661 -0.0078 0.2581
vn 0.9323 0.2620 0.2495
vn 0.8096 0.3598 0.4638
vn 0.9317 0.1941 0.3069
vn 0.9304 0.1972 0.3090
vn 0.9402 0.1541 0.3038
vn 0.9429 0.2940 0.1566
vn 0.8341 0.3382 0.4357
vn 0.9245 0.2209 0.3107
vn 0.8585 0.2166 0.4647
vn 0.8498 0.2159 0.4809
vn 0.8694 0.1192 0.4795
vn 0.8365 0.3531 0.4190
vn 0.1935 0.0262 0.9807
vn 0.0259 0.1375 0.9902
vn 0.1191 0.1554 0.9806
vn 0.3131 0.1037 0.9440
vn 0.4013 -0.0643 0.9137
vn -0.8720 -0.0197 0.4891
vn 0.4991 -0.1594 -0.8518
vn 0.7551 0.1010 -0.6478
vn -0.8807 -0.2045 -0.4273
vn 0.9462 0.2826 -0.1577
vn 0.3426 -0.0762 0.9364
vn 0.3681 -0.0654 0.9275
vn 0.3790 -0.0081 0.9254
vn 0.3790 -0.0078 0.9254
vn 0.9610 0.2722 0.0492
vn 0.2515 0.2775 0.9272
vn 0.2637 0.0432 0.9636
vn -0.1760 0.0336 0.9838
vn 0.0181 0.0378 0.9991
vn 0.0090 -0.1201 0.9927
vn -0.0043 0.0470 0.9989
vn -0.1988 -0.1455 0.9692
vn -0.0075 0.0467 0.9989
vn -0.2190 0.1750 0.9599
vn 0.1376 -0.1637 0.9769
vn 0.0197 0.0726 0.9972
vn -0.0025 0.0487 0.9988
vn -0.0198 0.0335 0.9992
vn -0.0034 0.0443 0.9990
vn -0.0585 -0.1483 0.9872
vn 0.0028 0.0452 0.9990
vn -0.2039 -0.0152 0.9789
vn 0.0047 0.0470 0.9989
vn 0.0313 0.0444 0.9985
vn 0.0218 0.0350 0.9991
vn -0.0151 0.2121 0.9771
vn -0.1986 0.1068 0.9742
vn 0.0038 0.0443 0.9990
vn -0.0036 0.0500 0.9987
vn -0.0522 0.2370 0.9701
vn 0.0567 -0.1441 0.9879
vn -0.0036 0.0497 0.9988
vn 0.2725 0.0452 0.9611
vn -0.0234 0.0208 0.9995
vn -0.0023 0.0453 0.9990
vn -0.1360 -0.1655 0.9768
vn 0.1444 0.0314 0.9890
vn -0.2219 -0.0839 0.9715
vn 0.1886 -0.0290 0.9816
vn -0.1353 0.2569 0.9569
vn -0.0070 0.0492 0.9988
vn -0.0049 0.0630 0.9980
vn 0.2267 -0.0859 0.9702
vn -0.1980 0.2338 0.9519
vn 0.2016 -0.1444 0.9688
vn 0.1990 0.2306 0.9525
vn 0.0233 0.0209 0.9995
vn 0.2187 0.1754 0.9599
vn 0.2726 0.0452 0.9611
vn 0.1392 0.2523 0.9576
vn 0.1982 0.1067 0.9743
vn -0.0044 0.0469 0.9989
vn 0.1563 0.0477 0.9866
vn 0.0066 0.0486 0.9988
vn -0.0237 0.0381 0.9990
vn 0.0068 0.0488 0.9988
vn 0.0492 0.2365 0.9704
vn 0.2633 0.0475 0.9635
vn -0.0229 0.0430 0.9988
vn 0.0079 0.0496 0.9987
vn 0.0189 0.2139 0.9767
vn -0.0081 -0.1219 0.9925
vn 0.0090 0.0475 0.9988
vn 0.0036 0.0498 0.9988
vn 0.0074 0.0468 0.9989
vn -0.1792 0.0307 0.9833
vn 0.1033 0.1134 0.9882
vn -0.0335 0.1608 0.9864
vn -0.0400 -0.0643 0.9971
vn 0.0779 -0.0532 0.9955
vn 0.0992 -0.0284 0.9947
vn -0.0141 -0.0718 0.9973
vn 0.0135 -0.0717 0.9973
vn -0.0587 -0.0526 0.9969
vn -0.1099 0.0903 0.9898
vn 0.0742 0.1442 0.9868
vn 0.1073 0.0594 0.9924
vn -0.0901 0.1189 0.9888
vn 0.1237 0.0228 0.9921
vn 0.1041 -0.0136 0.9945
vn 0.0650 0.1527 0.9861
vn 0.0712 -0.0626 0.9955
vn -0.0987 0.1080 0.9892
vn -0.0172 0.1732 0.9847
vn -0.0680 0.1411 0.9877
vn 0.0283 0.1494 0.9884
vn -0.1032 -0.0133 0.9946
vn -0.1243 0.0325 0.9917
vn 0.0979 0.1202 0.9879
vn -0.1129 0.0036 0.9936
vn 0.1005 -0.0270 0.9946
vn 0.0446 -0.0703 0.9965
vn -0.1256 0.0301 0.9916
vn 0.0966 0.0891 0.9913
vn -0.0918 -0.0240 0.9955
vn 0.0134 0.1544 0.9879
vn -0.0525 0.1442 0.9882
vn -0.0679 -0.0416 0.9968
vn 0.0137 0.0805 0.9967
vn -0.0082 0.0048 1.0000
vn 0.0158 0.0186 0.9997
vn -0.0296 0.0499 0.9983
vn 0.0594 0.0613 0.9963
vn -0.0254 0.0732 0.9970
vn -0.0001 0.0433 0.9991
vn -0.0495 0.0557 0.9972
vn -0.0097 0.0827 0.9965
vn 0.0012 0.0843 0.9964
vn 0.0254 0.0700 0.9972
vn 0.0013 0.0827 0.9966
vn 0.0423 0.0359 0.9985
vn -0.0332 0.0257 0.9991
vn -0.0154 0.0245 0.9996
vn -0.0167 0.0115 0.9998
vn -0.0303 0.0223 0.9993
vn 0.0338 0.0229 0.9992
vn -0.0157 0.0790 0.9967
vn 0.0642 0.0748 0.9951
vn 0.0205 0.0206 0.9996
vn 0.0207 0.0137 0.9997
vn 0.0213 0.0140 0.9997
vn -0.0049 0.0849 0.9964
vn 0.0117 0.0060 0.9999
vn 0.0452 0.0656 0.9968
vn -0.0274 0.0702 0.9972
vn 0.0046 0.0843 0.9964
vn 0.0157 0.0792 0.9967
vn 0.0009 -0.0061 1.0000
vn -0.0212 0.0140 0.9997
vn -0.0009 -0.0060 1.0000
vn -0.9189 -0.3125 0.2407
vn -0.9115 0.3427 0.2272
vn -0.5237 0.8201 0.2305
vn -0.6194 0.7500 0.2319
vn -0.1913 -0.9438 0.2694
vn -0.3600 0.9042 0.2299
vn -0.8566 -0.4567 0.2402
vn 0.8566 -0.4559 0.2417
vn -0.4086 -0.8738 0.2638
vn -0.6486 -0.7171 0.2553
vn 0.1286 0.9640 0.2326
vn 0.6185 0.7512 0.2307
vn -0.1183 0.9658 0.2306
vn -0.5614 -0.7861 0.2586
vn 0.3564 0.9051 0.2318
vn -0.8334 0.5033 0.2283
vn 0.9644 -0.1256 0.2328
vn -0.9637 -0.1238 0.2366
vn 0.7993 -0.5479 0.2468
vn 0.9627 0.1443 0.2289
vn 0.9217 -0.3100 0.2333
vn 0.5619 -0.7859 0.2581
vn 0.4093 -0.8732 0.2646
vn -0.8011 -0.5459 0.2454
vn 0.1821 -0.9453 0.2706
vn -0.9628 0.1443 0.2283
vn 0.8370 0.4917 0.2399
vn 0.9068 0.3486 0.2370
vn 0.5272 0.8178 0.2306
vn 0.7834 0.5772 0.2302
vn -0.7849 0.5755 0.2297
vn 0.6506 -0.7159 0.2533
vn 0.9964 0.0853 -0.0010
vn 0.0886 -0.9958 0.0241
vn -0.9958 0.0917 -0.0017
vn 0.0162 0.9996 -0.0213
vn -0.0882 -0.9960 0.0121
vn -0.0430 -0.9990 0.0144
vn -0.0664 0.9976 -0.0194
vn -0.9958 -0.0920 0.0017
vn -1.0000 -0.0000 -0.0000
vn 1.0000 -0.0000 -0.0000
vn 0.9954 -0.0956 0.0023
vn -0.1340 0.9909 -0.0119
vn 0.1474 0.9889 -0.0180
vn 0.0030 -0.9999 0.0157
vn 0.0112 -0.0683 -0.9976
vn 0.0192 -0.0383 -0.9991
vn -0.0214 -0.0278 -0.9994
vn 0.0253 -0.0245 -0.9994
vn 0.0266 -0.0282 -0.9992
vn -0.0119 -0.0627 -0.9980
vn -0.0232 -0.0636 -0.9977
vn 0.0114 -0.0626 -0.9980
vn 0.0263 -0.0282 -0.9993
vn -0.0148 -0.0672 -0.9976
vn 0.0399 -0.0515 -0.9979
vn -0.0389 -0.0414 -0.9984
vn 0.0360 -0.0389 -0.9986
vn -0.0346 -0.0320 -0.9989
vn -0.0539 -0.0513 -0.9972
vn -0.0211 -0.0424 -0.9989
vn -0.0277 -0.0261 -0.9993
vn -0.0277 -0.0238 -0.9993
vn 0.0183 -0.0273 -0.9995
vn -0.0132 -0.0211 -0.9997
vn 0.0520 -0.0481 -0.9975
vn -0.0400 -0.0512 -0.9979
vn -0.0463 -0.0565 -0.9973
vn -0.0191 -0.0668 -0.9976
vn -0.0219 -0.0639 -0.9977
vn 0.0220 -0.0638 -0.9977
vn -0.0314 -0.0271 -0.9991
vn 0.0186 -0.0434 -0.9989
vn 0.0431 -0.0607 -0.9972
vn 0.0161 -0.0670 -0.9976
vn 0.0202 -0.0642 -0.9977
vn 0.0129 -0.0211 -0.9997
vn -0.3294 0.0444 0.9432
vn -0.0069 0.0471 0.9989
vn -0.3292 0.0444 0.9432
vn 0.0362 0.9993 -0.0093
vn -0.0133 -0.9995 0.0272
vn -0.3078 0.0447 0.9504
vn -0.0072 0.0470 0.9989
vn 0.0072 0.9999 -0.0134
vn -0.0154 -0.9994 0.0310
vn 0.0161 0.0452 0.9988
vn -0.3127 0.0463 0.9487
vn 0.0039 0.9998 -0.0212
vn 0.0147 -0.9999 -0.0087
vn 0.0161 0.0487 0.9987
vn 0.0071 0.9999 -0.0136
vn 0.0420 -0.9991 -0.0040
vn 0.5655 -0.0448 -0.8235
vn 0.9240 -0.3709 0.0928
vn 0.8242 -0.2126 -0.5249
vn 0.4884 -0.7279 0.4813
vn 0.7083 -0.3953 -0.5848
vn -0.1064 0.9916 -0.0728
vn 0.8143 -0.5511 -0.1823
vn 0.8513 -0.0405 0.5232
vn 0.6795 -0.0380 -0.7327
vn 0.8243 -0.5100 0.2459
vn 0.0186 0.3158 -0.9486
vn 0.7080 -0.5325 -0.4638
vn 0.8453 -0.1722 0.5058
vn 0.8621 -0.0439 0.5049
vn 0.0649 0.9031 0.4244
vn -0.0206 0.5108 -0.8594
vn 0.8983 -0.3790 0.2222
vn 0.6954 -0.3159 -0.6454
vn 0.3141 -0.6341 0.7066
vn 0.6025 -0.1302 0.7875
vn 0.0341 0.0563 0.9978
vn 0.8981 -0.4032 0.1755
vn 0.7949 -0.1821 -0.5788
vn 0.7997 -0.4294 0.4197
vn 0.6633 -0.5127 -0.5451
vn 0.7592 -0.4780 -0.4418
vn 0.8548 -0.0790 0.5129
vn 0.4294 0.2442 -0.8695
vn 0.8653 -0.4548 0.2107
vn 0.6285 -0.3958 -0.6695
vn 0.0407 0.2496 0.9675
vn 0.5813 -0.4615 0.6701
vn 0.1464 -0.2507 -0.9569
vn 0.9652 -0.2504 0.0759
vn 0.0215 -0.3326 0.9428
vn -0.0715 0.9974 -0.0059
vn 0.0117 0.0467 0.9988
vn -0.0928 -0.1790 -0.9795
vn -0.6839 -0.5453 -0.4847
vn 0.9703 -0.2330 0.0651
vn 0.0100 -0.5586 0.8294
vn -0.0972 -0.0230 -0.9950
vn -0.0732 0.3205 -0.9444
vn -0.0784 0.0350 -0.9963
vn -0.1319 -0.7846 -0.6058
vn 0.8705 -0.4489 0.2016
vn -0.0058 -0.5860 0.8103
vn 0.0134 -0.0285 0.9995
vn -0.0368 0.4907 -0.8705
vn -0.0868 0.2687 -0.9593
vn -0.0625 -0.5072 -0.8596
vn -0.8245 -0.5643 -0.0425
vn 0.6167 -0.5540 0.5593
vn 0.0152 -0.0386 0.9991
vn -0.1481 -0.6772 -0.7207
vn 0.0096 0.2441 0.9697
vn -0.0958 0.0748 -0.9926
vn -0.0992 -0.4383 -0.8933
vn -0.6904 -0.7221 0.0447
vn 0.9446 -0.2338 0.2305
vn 0.0181 -0.1770 0.9840
vn -0.0923 -0.5969 -0.7970
vn -0.0221 0.9239 0.3819
vn 0.0054 0.1355 0.9908
vn -0.1184 -0.3565 -0.9267
vn -0.7078 -0.5397 -0.4558
vn 0.6603 0.0021 -0.7510
vn 0.3591 -0.1239 -0.9251
vn 0.1384 -0.1848 -0.9730
vn 0.0440 -0.4275 -0.9030
vn 0.4340 -0.1987 -0.8787
vn 0.6118 -0.0109 -0.7910
vn 0.6351 0.0382 -0.7715
vn 0.3274 -0.2003 -0.9234
vn 0.1025 -0.2785 -0.9549
vn -0.0572 -0.5772 -0.8146
vn 0.3050 -0.4535 -0.8374
vn 0.6087 -0.3918 -0.6899
vn -0.0069 -0.4764 -0.8792
vn 0.3503 -0.2291 -0.9082
vn 0.5881 -0.0477 -0.8074
vn 0.4086 0.3382 -0.8477
vn 0.5721 0.1403 -0.8081
vn 0.5439 0.3461 -0.7644
vn 0.1119 -0.6174 -0.7786
vn 0.3339 -0.6982 -0.6333
vn 0.2141 -0.3979 -0.8921
vn 0.9417 0.2654 0.2070
vn 0.7068 0.2888 0.6457
vn -0.9049 -0.4036 -0.1355
vn 0.2044 0.3239 0.9237
vn 0.5288 0.4112 -0.7425
vn 0.5445 0.3468 -0.7637
vn 0.5366 0.3579 -0.7641
vn 0.5324 0.3608 -0.7658
vn -0.8562 -0.5019 0.1227
vn 0.5407 0.3027 -0.7848
vn 0.5219 -0.0753 -0.8497
vn 0.2904 -0.2935 -0.9108
vn 0.4891 -0.0765 -0.8688
vn 0.1943 -0.4930 -0.8481
vn 0.2422 -0.4019 -0.8831
vn 0.6661 0.1489 -0.7309
vn 0.5050 0.0150 -0.8630
vn 0.4120 -0.0396 -0.9103
vn 0.1753 -0.0885 -0.9805
vn 0.8897 0.2479 0.3833
vn 0.9552 0.2049 0.2134
vn 0.9106 0.3195 0.2619
vn 0.8865 0.2584 0.3839
vn 0.9566 0.2197 0.1914
vn 0.9713 0.1481 0.1861
vn 0.8963 0.2709 0.3510
vn 0.9542 0.1853 0.2350
vn 0.0115 0.9511 -0.3087
vn 0.4264 0.4168 -0.8028
vn 0.3042 0.9335 0.1900
vn 0.7333 0.0440 0.6785
vn 0.7334 0.0440 0.6784
vn 0.5893 0.3263 0.7391
vn 0.8259 0.4584 0.3282
vn 0.9696 0.2400 -0.0473
vn 0.9473 0.3053 -0.0966
vn 0.6295 0.0565 0.7749
vn 0.8812 0.3749 0.2879
vn 0.9011 0.1714 0.3984
vn -0.0673 -0.4136 -0.9080
vn -0.5950 -0.3496 -0.7237
vn 0.9573 0.2004 0.2082
vn -0.0707 -0.0715 0.9949
vn 0.1250 -0.5334 -0.8366
vn 0.9269 0.2129 0.3092
vn -0.0127 -0.5175 -0.8556
vn -0.8581 -0.3006 -0.4163
vn 0.2315 0.0323 0.9723
vn 0.3726 -0.2987 -0.8786
vn -0.7546 -0.2758 -0.5955
vn 0.7179 0.0807 0.6914
vn -0.7439 -0.0031 0.6683
vn -0.9466 -0.1656 0.2766
vn -0.8908 0.0601 0.4504
vn 0.9837 0.0715 -0.1650
vn 0.9499 0.1845 0.2522
vn 0.7273 -0.0611 -0.6836
vn -0.9530 -0.2403 0.1844
vn -0.9662 -0.2556 0.0333
vn 0.8962 0.1407 0.4207
vn 0.3688 0.1355 0.9196
vn 0.9848 0.1684 0.0437
vn -0.9529 -0.2975 -0.0590
vn -0.9336 -0.0775 0.3498
vn -0.4790 -0.1522 0.8645
vn 0.4065 0.0937 0.9088
vn -0.7400 0.6724 0.0150
vn 0.2717 0.7023 0.6580
vn -0.9571 -0.2249 0.1825
vn 0.5527 0.8106 -0.1935
vn -0.8136 0.3384 -0.4728
vn -0.9067 0.4186 0.0517
vn -0.6198 0.6357 0.4601
vn -0.2709 0.5297 -0.8038
vn 0.6430 0.7658 0.0127
vn 0.6423 0.7167 0.2717
vn -0.3024 0.4404 -0.8453
vn -0.5964 0.7415 0.3073
vn -0.3196 0.6219 0.7149
vn 0.7095 0.6734 0.2076
vn 0.7054 0.6968 0.1298
vn -0.2790 0.5186 -0.8082
vn -0.9671 -0.2530 0.0283
vn 0.0087 0.6647 0.7470
vn 0.6961 0.7065 0.1281
vn 0.5176 0.7106 0.4766
vn -0.0238 0.7758 -0.6306
vn -0.9740 -0.2148 -0.0719
vn -0.7367 0.6743 0.0512
vn 0.2183 0.6236 0.7506
vn -0.6584 0.6042 -0.4489
vn 0.2089 0.8549 -0.4748
vn -0.8586 -0.2999 -0.4157
vn 0.9739 0.0092 0.2267
vn -0.0374 -0.4142 -0.9094
vn -0.9664 -0.2558 0.0249
vn 0.2202 -0.0617 0.9735
vn 0.9801 -0.0538 0.1909
vn 0.7183 0.0499 0.6940
vn 0.3405 -0.2393 -0.9093
vn -0.9548 -0.2893 -0.0683
vn -0.8836 -0.0847 0.4605
vn 0.3691 -0.0265 0.9290
vn -0.6337 -0.2068 -0.7454
vn 0.7293 -0.1294 -0.6719
vn -0.8587 -0.3010 -0.4148
vn -0.9386 -0.0491 0.3416
vn 0.4105 0.0421 0.9109
vn -0.9606 -0.2148 0.1762
vn 0.9848 0.0058 -0.1734
vn -0.8015 -0.2330 -0.5507
vn -0.9763 -0.1161 0.1826
vn -0.4801 -0.1622 0.8621
vn 0.0362 -0.3919 -0.9193
vn 0.9976 -0.0234 0.0650
vn 0.9009 0.0102 0.4338
vn -0.0937 -0.3022 -0.9486
vn -0.6641 -0.1448 0.7335
vn -0.0290 -0.1573 0.9871
vn 0.9510 0.0173 0.3087
vn 0.2894 -0.8080 0.5133
vn -0.9479 -0.2603 0.1835
vn 0.5749 -0.8179 0.0237
vn -0.5693 -0.6380 -0.5184
vn -0.7130 -0.6320 0.3035
vn 0.0902 -0.8483 0.5218
vn 0.2246 -0.8303 -0.5101
vn 0.4986 -0.8657 0.0437
vn 0.4463 -0.8540 0.2674
vn 0.0500 -0.7019 -0.7105
vn -0.1617 -0.8422 0.5143
vn 0.2642 -0.8096 0.5242
vn 0.4943 -0.8586 0.1361
vn 0.5663 -0.8061 0.1718
vn 0.0433 -0.5642 -0.8245
vn -0.9665 -0.2558 0.0187
vn 0.2928 -0.7778 0.5562
vn 0.4302 -0.8813 0.1953
vn 0.3658 -0.8467 0.3864
vn 0.3517 -0.8851 -0.3048
vn -0.9428 -0.3249 -0.0749
vn -0.2052 -0.8527 0.4804
vn 0.3243 -0.8336 0.4472
vn -0.1259 -0.8560 -0.5014
vn 0.4664 -0.8565 -0.2213
vn -0.8591 -0.3012 -0.4138
vn -0.3286 -0.8358 0.4398
vn -0.1592 -0.0762 0.9843
vn -0.1072 -0.2007 0.9738
vn -0.2355 -0.3930 0.8888
vn -0.3365 -0.5884 0.7352
vn -0.4402 -0.6188 0.6506
vn -0.3164 -0.6631 0.6783
vn 0.3112 -0.5148 0.7988
vn 0.6361 -0.6978 0.3293
vn 0.4822 -0.7087 0.5149
vn 0.6696 -0.6136 0.4184
vn 0.8068 -0.5663 0.1687
vn 0.7167 -0.6964 -0.0366
vn 0.3964 -0.8132 -0.4262
vn 0.3412 -0.6700 -0.6593
vn 0.3545 -0.7398 -0.5719
vn 0.4302 -0.4878 -0.7596
vn 0.4800 -0.3825 -0.7895
vn 0.5207 -0.2841 -0.8051
vn 0.4243 -0.1214 -0.8973
vn 0.2094 0.0894 -0.9737
vn -0.0166 0.3056 -0.9520
vn 0.3385 -0.0110 0.9409
vn 0.0167 0.1833 0.9829
vn -0.0257 0.1587 0.9870
vn -0.0864 -0.1325 0.9874
vn -0.9630 0.2552 0.0869
vn -0.9470 0.2148 -0.2389
vn -0.8507 0.1283 -0.5098
vn -0.8937 -0.2377 -0.3805
vn -0.9780 0.1098 0.1776
vn -0.9711 0.1345 0.1970
vn 0.0924 -0.2910 -0.9523
vn 0.0769 0.0917 0.9928
vn -0.0393 0.1595 0.9864
vn -0.0275 0.0926 0.9953
vn 0.0135 0.2783 0.9604
vn -0.1445 0.0116 0.9894
vn -0.1079 0.0774 0.9912
vn -0.2774 -0.0299 0.9603
vn -0.2144 0.0616 0.9748
vn -0.2498 0.1463 0.9572
vn -0.3314 0.6385 -0.6946
vn -0.0834 -0.0595 -0.9947
vn -0.8483 0.2198 -0.4817
vn -0.9363 0.2706 -0.2238
vn -0.9374 0.2952 -0.1849
vn -0.8448 0.2423 -0.4770
vn -0.6642 0.2154 -0.7158
vn -0.4129 0.1408 -0.8998
vn -0.6584 0.3187 -0.6819
vn -0.3767 0.3762 -0.8465
vn -0.9496 0.2706 -0.1582
vn -0.8128 0.3388 -0.4739
vn 0.0416 0.3410 -0.9392
vn 0.0138 0.2167 -0.9761
vn 0.0707 -0.0663 -0.9953
vn -0.2607 0.4325 -0.8631
vn -0.2280 0.1704 -0.9586
vn -0.1821 0.4293 -0.8846
vn -0.9687 0.1966 0.1514
vn -0.9368 0.3392 0.0855
vn 0.1008 -0.0855 0.9912
vn -0.1009 -0.1413 0.9848
vn -0.1302 -0.0677 0.9892
vn -0.1593 0.1951 0.9678
vn 0.0383 0.2666 0.9630
vn 0.4989 0.1820 0.8473
vn -0.3239 0.0944 0.9414
vn 0.9288 -0.1602 0.3342
vn 0.8693 -0.1648 0.4661
vn 0.8242 -0.1376 0.5493
vn 0.7373 0.0014 0.6756
vn 0.9235 -0.3829 0.0241
vn 0.9522 -0.2787 0.1248
vn 0.4909 -0.6793 -0.5455
vn 0.7785 -0.5559 -0.2914
vn 0.1880 -0.4816 -0.8560
vn 0.3724 -0.6992 -0.6103
vn -0.9998 0.0053 -0.0185
vn 0.0152 -0.6378 -0.7700
vn -0.9600 0.2226 0.1698
vn -0.4445 -0.4201 -0.7912
vn -0.5430 0.4409 -0.7147
vn -0.5924 -0.2919 -0.7509
vn -0.8306 0.0759 -0.5516
vn -0.7907 -0.1869 -0.5830
vn -0.9631 0.1227 -0.2397
vn -0.9689 -0.0285 -0.2458
vn -0.9524 0.1797 -0.2461
vn -0.9647 0.2443 0.0979
vn -0.9421 0.1203 0.3130
vn -0.8995 -0.0337 0.4357
vn -0.9400 0.1601 0.3013
vn -0.8367 0.0999 -0.5385
vn 0.1558 -0.0989 -0.9828
vn -0.3551 -0.5458 -0.7590
vn -0.2426 -0.4480 -0.8605
vn 0.1505 -0.3333 -0.9307
vn -0.7024 -0.2126 0.6793
vn 0.5151 -0.5889 -0.6227
vn 0.9509 -0.1843 0.2488
vn -0.0500 -0.0523 0.9974
vn -0.1515 -0.2104 0.9658
vn -0.0281 -0.3644 0.9308
vn 0.2235 -0.3557 0.9075
vn 0.4160 -0.4128 0.8103
vn 0.5711 -0.3821 0.7265
vn 0.5324 -0.4099 0.7406
vn 0.7406 -0.5462 0.3914
vn 0.9025 -0.2936 0.3153
vn 0.9306 -0.3069 0.1994
vn 0.8846 -0.4519 0.1151
vn 0.7469 -0.6445 -0.1634
vn 0.5850 -0.6716 -0.4547
vn 0.4793 -0.5953 -0.6449
vn 0.4737 -0.7323 -0.4893
vn 0.3568 -0.5312 -0.7684
vn 0.3564 -0.3919 -0.8482
vn 0.3233 -0.3400 -0.8831
vn 0.3102 -0.0677 -0.9483
vn 0.2619 0.1995 -0.9442
vn 0.1240 0.3997 -0.9082
vn -0.3728 0.3642 -0.8534
vn -0.0590 -0.3753 -0.9250
vn -0.4392 -0.7072 0.5541
vn -0.2537 -0.7810 0.5707
vn -0.0908 -0.4296 -0.8985
vn -0.1497 -0.8091 0.5683
vn -0.4418 -0.4916 0.7504
vn -0.0509 -0.8573 0.5123
vn -0.0313 -0.7815 0.6231
vn -0.3004 -0.0562 0.9521
vn -0.9461 0.2755 -0.1701
vn 0.0366 -0.9430 -0.3307
vn -0.9597 0.2179 0.1775
vn -0.8393 0.2746 -0.4692
vn -0.6688 0.2839 -0.6871
vn -0.3483 -0.0847 0.9335
vn 0.0272 0.4290 -0.9029
vn -0.3424 -0.0888 0.9353
vn -0.1564 0.4151 -0.8962
vn -0.7695 0.1033 0.6302
vn -0.9686 0.1700 0.1816
vn -0.9601 0.2244 -0.1671
vn -0.0376 0.0579 0.9976
vn -0.1095 0.0261 0.9936
vn -0.8454 0.2561 -0.4688
vn -0.0598 0.2683 -0.9615
vn -0.1425 0.0604 0.9879
vn -0.6691 0.2811 -0.6879
vn -0.2787 -0.0087 0.9604
vn -0.0209 0.3465 -0.9378
vn -0.3686 0.3758 -0.8503
vn -0.8273 0.3172 -0.4635
vn -0.0509 0.5150 -0.8557
vn -0.1082 0.3202 0.9412
vn -0.6491 0.3484 -0.6762
vn -0.1698 0.2493 0.9534
vn -0.0527 0.5101 -0.8585
vn -0.3623 0.4070 -0.8385
vn -0.2631 0.0412 0.9639
vn 0.0279 0.4679 -0.8833
vn -0.3801 -0.0852 0.9210
vn -0.1443 0.4158 -0.8979
vn -0.7682 0.0855 0.6345
vn -0.9660 0.1778 0.1875
vn -0.9564 0.2420 -0.1635
vn -0.0303 0.2827 0.9587
vn -0.0401 0.2732 0.9611
vn -0.1449 0.5763 -0.8043
vn -0.7472 0.1228 0.6531
vn -0.9661 0.1780 0.1873
vn -0.9147 0.3726 -0.1565
vn 0.0101 0.9123 0.4093
vn 0.2070 0.9474 0.2442
vn -0.8110 0.3572 -0.4634
vn 0.0790 0.9667 -0.2435
vn 0.0485 0.9436 0.3275
vn -0.6017 0.4724 -0.6441
vn 0.2514 0.8754 0.4130
vn -0.0277 0.6025 -0.7976
vn -0.3262 0.5649 -0.7580
vn -0.0344 0.5011 0.8647
vn 0.0325 0.5775 -0.8158
vn -0.1627 0.4589 0.8734
vn -0.9431 0.0603 0.3270
vn 0.7397 -0.0600 0.6703
vn -0.9379 0.0660 0.3404
vn 0.0173 -0.5549 -0.8317
vn -0.9598 0.0483 0.2766
vn 0.9646 -0.2610 0.0375
vn 0.8713 -0.0353 0.4896
vn -0.1372 -0.5359 -0.8330
vn -0.9494 0.0531 0.3094
vn 0.6603 -0.3761 -0.6501
vn 0.9525 -0.3046 0.0062
vn -0.7428 0.1214 0.6584
vn -0.7450 0.0138 -0.6669
vn -0.4068 -0.2137 -0.8881
vn -0.4552 0.1133 0.8831
vn 0.0886 0.0266 0.9957
vn 0.4927 -0.0655 0.8677
vn 0.9519 -0.2276 0.2052
vn -0.8898 0.2479 0.3833
vn -0.8879 0.2490 0.3868
vn -0.8482 0.1079 0.5186
vn -0.9143 0.2883 0.2846
vn -0.8920 0.2709 0.3618
vn -0.5501 0.2618 0.7930
vn -0.9771 0.1460 0.1551
vn -0.9622 0.0647 0.2645
vn -0.9664 0.0609 -0.2496
vn 0.9362 -0.1655 0.3099
vn 0.9311 -0.0583 0.3600
vn -0.2716 0.1113 0.9560
vn 0.7970 -0.2615 -0.5444
vn -0.9646 0.1851 0.1880
vn -0.9682 0.1619 0.1910
vn -0.9984 0.0480 0.0295
vn -0.8865 0.2508 0.3888
vn -0.9605 0.2140 0.1779
vn -0.9069 0.3015 0.2943
vn -0.9183 0.3030 0.2548
vn -0.9699 0.1581 0.1852
vn -0.8901 0.2784 0.3608
vn -0.9091 0.1511 0.3881
vn -0.9173 0.1125 0.3819
vn 0.8629 -0.2888 -0.4147
vn -0.9137 0.0762 0.3991
vn -0.1837 -0.4119 -0.8925
vn -0.9015 0.1021 0.4206
vn 0.0622 0.2328 0.9705
vn 0.9535 -0.0752 0.2917
vn -0.8937 0.2637 0.3629
vn -0.9561 0.2040 0.2106
vn -0.8981 0.3143 0.3076
vn -0.8836 0.2588 0.3902
vn -0.9695 0.1603 0.1851
vn -0.9560 0.2854 0.0676
vn -0.9918 0.1071 0.0703
vn -0.9932 0.0797 0.0848
vn 0.7658 0.0054 0.6430
vn -0.3899 0.2589 0.8837
vn 0.5239 0.0590 0.8497
vn 0.9746 -0.1117 0.1939
vn 0.9121 -0.0306 0.4089
vn 0.7975 -0.2882 -0.5301
vn -0.4867 0.0784 0.8700
vn -0.6869 0.0771 0.7227
vn -0.8700 0.2442 0.4284
vn -0.9347 0.0965 0.3420
vn 0.0803 -0.5379 -0.8392
vn -0.9284 0.0876 0.3611
vn 0.6747 -0.4189 -0.6076
vn -0.1700 -0.5932 -0.7869
vn -0.7452 0.1240 0.6552
vn -0.7097 0.1898 0.6785
vn 0.4526 -0.5599 -0.6940
vn -0.1635 -0.0712 0.9840
vn 0.0692 0.1540 -0.9856
vn -0.2826 -0.1153 0.9523
vn -0.1165 0.0617 0.9913
vn -0.1736 0.3569 0.9179
vn -0.6536 0.3216 -0.6851
vn -0.3878 0.3239 -0.8629
vn -0.9602 0.2347 -0.1512
vn -0.8157 0.3160 -0.4845
vn 0.0325 0.4532 -0.8908
vn -0.1977 0.3430 -0.9183
vn -0.9654 0.2310 0.1210
vn -0.1424 -0.1258 0.9818
vn -0.0644 -0.0491 0.9967
vn 0.1815 0.3189 -0.9303
vn -0.8617 0.0962 0.4981
vn -0.9623 0.1910 0.1938
vn -0.9470 0.2175 0.2364
vn -0.6233 0.2173 0.7512
vn 0.2390 -0.5103 -0.8261
vn 0.0521 -0.4220 -0.9051
vn -0.0149 -0.2992 -0.9541
vn -0.8548 0.2888 -0.4312
vn -0.8112 -0.0970 -0.5767
vn -0.9733 0.0328 -0.2271
vn -0.2615 0.9411 -0.2141
vn -0.9133 0.2073 0.3506
vn 0.5093 -0.4658 -0.7237
vn -0.9870 0.1146 0.1124
vn -0.9030 0.1628 0.3976
vn -0.9893 0.1238 0.0771
vn -0.1880 0.1637 0.9684
vn -0.6476 -0.0977 0.7557
vn -0.6628 0.0884 0.7436
vn -0.8002 0.1261 0.5863
vn -0.6166 0.5062 0.6029
vn -0.6963 0.3155 0.6447
vn -0.6778 0.0630 0.7325
vn -0.6541 0.0694 0.7532
vn -0.6816 0.0434 0.7305
vn -0.6943 0.0130 0.7195
vn -0.5851 0.2358 0.7760
vn -0.5391 0.2542 0.8029
vn -0.5039 0.1860 0.8435
vn -0.5253 0.1470 0.8381
vn -0.6751 0.6227 -0.3955
vn -0.6465 0.2249 0.7290
vn -0.3746 0.9088 0.1839
vn -0.7176 0.1177 0.6864
vn -0.7333 0.0440 0.6785
vn -0.7209 0.0671 0.6898
vn -0.6950 0.1203 0.7089
vn -0.7221 0.2299 0.6525
vn -0.6855 -0.1228 0.7176
vn -0.9486 0.2290 0.2186
vn -0.9113 0.1427 -0.3862
vn -0.7953 0.2555 -0.5497
vn -0.6250 0.0346 0.7799
vn -0.7987 0.1441 0.5842
vn -0.8459 -0.2234 0.4842
vn -0.9034 0.3092 0.2971
vn -0.5703 0.3031 0.7635
vn -0.9674 0.2530 0.0102
vn -0.9541 0.2072 0.2161
vn -0.9289 0.1947 0.3152
vn -0.9067 0.2576 0.3339
vn -0.9296 0.1730 0.3255
vn -0.9220 0.1656 0.3501
vn -0.9316 0.2842 0.2264
vn -0.9196 0.1842 0.3471
vn -0.9476 0.1843 0.2610
vn -0.9209 0.2699 0.2811
vn -0.9991 0.0355 0.0225
vn -0.9074 0.2972 0.2970
vn -0.9330 0.2843 0.2207
vn -0.9262 0.3307 0.1810
vn -0.8439 0.1326 0.5198
vn -0.8223 0.3543 0.4453
vn -0.8450 0.1278 0.5193
vn -0.8512 0.2954 0.4338
vn -0.8374 0.2588 0.4815
vn -0.9476 0.2547 0.1930
vn -0.9651 0.1437 0.2190
vn 0.3955 -0.6132 -0.6838
vn 0.2317 -0.4779 -0.8473
vn -0.6114 -0.1306 -0.7805
vn 0.0579 -0.4960 -0.8664
vn 0.0062 -0.2357 -0.9718
vn -0.8269 0.0123 -0.5622
vn -0.9698 0.0855 -0.2286
vn 0.4098 -0.5158 -0.7523
vn -0.9811 0.1626 0.1051
vn -0.9012 0.1656 0.4005
vn -0.9858 0.1400 0.0932
vn -0.1985 0.1732 0.9647
vn -0.9902 0.1269 -0.0580
vn -0.9637 -0.1068 0.2448
vn -0.9246 0.1842 0.3334
vn -0.8254 0.1301 0.5494
vn -0.9337 0.1529 0.3239
vn -0.9326 0.1748 0.3157
vn -0.8614 0.3527 0.3655
vn -0.9265 0.1888 0.3256
vn -0.8296 0.1933 0.5239
vn -0.9191 0.1941 0.3430
vn -0.8241 0.1059 0.5564
vn -0.8152 0.1064 0.5693
vn -0.7741 0.2898 0.5628
vn -0.8455 0.2358 0.4792
vn -0.1822 0.0574 0.9816
vn 0.0119 0.1588 0.9872
vn -0.0753 0.1361 0.9878
vn -0.2992 0.1589 0.9409
vn -0.4148 -0.0635 0.9077
vn 0.8918 -0.0092 0.4522
vn -0.5267 -0.2867 -0.8003
vn -0.7773 -0.0243 -0.6287
vn 0.9016 -0.1471 -0.4069
vn -0.9612 0.0639 -0.2682
vn -0.4164 -0.1353 0.8991
vn -0.4165 -0.1356 0.8990
vn -0.9952 0.0742 0.0642
vn -0.2152 0.2556 0.9425
vn -0.6421 -0.0004 -0.7666
vn -0.7401 -0.6718 0.0298
vn -0.8847 -0.1119 -0.4524
vn -0.5768 -0.6342 0.5148
vn -0.6185 -0.4894 -0.6148
vn 0.0370 0.9993 -0.0050
vn -0.6557 -0.6549 -0.3757
vn -0.8533 -0.0408 0.5199
vn -0.7255 0.0515 -0.6862
vn -0.6521 -0.6422 0.4029
vn -0.0473 0.2854 -0.9572
vn -0.7285 -0.5610 -0.3931
vn -0.8541 -0.1753 0.4897
vn -0.8621 -0.0439 0.5049
vn -0.0799 0.9044 0.4191
vn -0.0427 0.5020 -0.8638
vn -0.7172 -0.5744 0.3945
vn 0.4753 -0.3718 -0.7974
vn -0.5072 -0.6005 0.6182
vn -0.6042 -0.1252 0.7869
vn -0.0271 0.0570 0.9980
vn -0.7361 -0.6768 -0.0016
vn -0.8107 -0.0772 -0.5804
vn -0.6887 -0.5032 0.5220
vn -0.7070 -0.5218 -0.4773
vn -0.6618 -0.5365 -0.5236
vn -0.8559 -0.0788 0.5110
vn -0.4765 0.2371 -0.8466
vn -0.6973 -0.5958 0.3985
vn 0.6374 -0.3963 -0.6608
vn -0.0334 0.2517 0.9672
vn -0.6749 -0.4648 0.5731
vn -0.2253 -0.1710 -0.9592
vn -0.9498 -0.2564 0.1794
vn -0.0320 -0.3387 0.9403
vn -0.0565 0.9981 -0.0261
vn -0.0087 0.0478 0.9988
vn -0.0064 -0.1881 -0.9821
vn 0.7470 -0.5070 -0.4301
vn -0.9402 -0.2922 0.1753
vn -0.1021 -0.5826 0.8063
vn 0.0313 -0.0307 -0.9990
vn 0.0178 0.3116 -0.9500
vn 0.0039 0.0293 -0.9996
vn 0.1471 -0.7708 -0.6199
vn -0.6476 -0.6672 0.3679
vn -0.1570 -0.5842 0.7963
vn -0.0101 -0.0285 0.9995
vn -0.0064 0.4537 -0.8911
vn -0.0197 0.2785 -0.9602
vn 0.2408 -0.4892 -0.8383
vn 0.9214 -0.3855 0.0484
vn -0.6207 -0.5326 0.5754
vn -0.0118 -0.0385 0.9992
vn 0.1609 -0.6669 -0.7275
vn -0.0071 0.2440 0.9698
vn 0.0132 0.0270 -0.9995
vn 0.2236 -0.4230 -0.8781
vn 0.8364 -0.5174 0.1810
vn -0.8970 -0.2939 0.3301
vn -0.0148 -0.1771 0.9841
vn 0.1990 -0.5964 -0.7776
vn 0.0220 0.9242 0.3813
vn -0.0021 0.1352 0.9908
vn 0.1113 -0.3537 -0.9287
vn 0.8360 -0.4670 -0.2881
vn -0.6595 -0.0146 -0.7516
vn -0.3639 -0.1243 -0.9231
vn -0.1590 -0.1992 -0.9670
vn -0.0847 -0.3433 -0.9354
vn -0.5481 -0.1231 -0.8273
vn -0.6202 -0.0330 -0.7838
vn -0.6434 -0.0121 -0.7654
vn -0.3396 -0.2002 -0.9190
vn -0.1313 -0.2726 -0.9531
vn 0.0051 -0.5304 -0.8477
vn -0.5019 -0.3352 -0.7973
vn -0.5878 -0.3690 -0.7200
vn -0.0421 -0.4636 -0.8851
vn -0.5355 -0.2722 -0.7995
vn -0.5965 -0.1593 -0.7866
vn -0.3865 0.5306 -0.7544
vn -0.5798 0.1583 -0.7992
vn -0.5440 0.3487 -0.7632
vn -0.1864 -0.5403 -0.8205
vn -0.4846 -0.3710 -0.7922
vn -0.3564 -0.5274 -0.7712
vn -0.9545 0.1452 0.2603
vn -0.7357 0.2551 0.6274
vn 0.9819 -0.1891 0.0125
vn -0.2071 0.3349 0.9192
vn -0.5125 0.3967 -0.7615
vn -0.5175 0.3276 -0.7905
vn -0.4902 0.3763 -0.7862
vn -0.4427 0.5304 -0.7230
vn 0.9858 -0.1667 0.0198
vn -0.5743 0.3145 -0.7558
vn -0.5656 -0.0746 -0.8213
vn -0.3125 -0.2042 -0.9277
vn -0.5581 -0.0876 -0.8251
vn -0.2505 -0.4348 -0.8650
vn -0.2777 -0.3892 -0.8783
vn -0.6763 0.1335 -0.7244
vn -0.5224 -0.0230 -0.8524
vn -0.4247 -0.0698 -0.9026
vn -0.1594 -0.1178 -0.9802
vn -0.8898 0.2479 0.3832
vn -0.9572 0.1784 0.2281
vn -0.9169 0.2811 0.2833
vn -0.8289 0.2603 0.4951
vn -0.9646 0.1850 0.1880
vn -0.9631 0.1857 0.1950
vn -0.9728 0.1472 0.1791
vn -0.8936 0.2650 0.3622
vn -0.1081 0.9470 -0.3024
vn -0.8034 0.1710 0.5703
vn -0.4824 0.4849 -0.7295
vn -0.3018 0.9255 0.2289
vn -0.7160 0.1185 0.6880
vn -0.7332 0.0440 0.6785
vn -0.6498 0.2740 0.7090
vn -0.8662 0.4449 0.2276
vn -0.9682 0.2221 -0.1155
vn -0.9362 0.3062 -0.1726
vn -0.6870 0.1051 0.7190
vn -0.9197 0.2504 0.3023
vn -0.8865 0.1732 0.4291
vn -0.7466 0.1879 0.6382
vn 0.0239 -0.4743 -0.8800
vn 0.5910 -0.4092 -0.6952
vn -0.9543 0.1102 0.2779
vn 0.0442 -0.2018 0.9784
vn -0.0310 -0.3438 -0.9385
vn -0.9521 0.0417 0.3030
vn -0.0507 -0.4252 -0.9037
vn 0.8584 -0.3011 -0.4153
vn -0.2793 -0.0091 0.9602
vn -0.3324 -0.1658 -0.9284
vn 0.7915 -0.2872 -0.5395
vn -0.7422 0.0186 0.6699
vn 0.7384 -0.0581 0.6719
vn 0.9540 -0.1372 0.2666
vn 0.8609 0.0123 0.5086
vn -0.9723 0.0203 -0.2330
vn -0.9568 0.0061 0.2907
vn -0.7322 -0.0395 -0.6799
vn 0.9510 -0.2413 0.1934
vn 0.9665 -0.2548 0.0300
vn -0.9203 0.1396 0.3653
vn -0.9440 0.0866 0.3184
vn -0.9993 0.0246 0.0289
vn 0.9520 -0.3053 -0.0215
vn 0.9708 0.0072 0.2396
vn 0.4572 -0.1430 0.8778
vn -0.4784 0.0250 0.8778
vn 0.5801 0.7821 -0.2276
vn -0.1404 0.8781 0.4574
vn 0.7903 0.6122 -0.0275
vn -0.6969 0.6508 -0.3014
vn 0.5829 0.7987 -0.1494
vn 0.6529 0.7551 -0.0597
vn 0.5574 0.7873 0.2635
vn 0.2884 0.7120 -0.6402
vn -0.9989 0.0357 0.0290
vn -0.3652 0.9287 0.0648
vn 0.2466 0.6054 -0.7568
vn 0.5661 0.8236 0.0348
vn 0.2920 0.8223 0.4884
vn -0.8416 0.5191 0.1492
vn -0.6237 0.7810 0.0325
vn 0.3217 0.5959 -0.7358
vn 0.9744 -0.2236 0.0216
vn -0.0057 0.8737 0.4865
vn -0.9460 0.3237 0.0172
vn -0.3411 0.8740 0.3461
vn -0.0071 0.8360 -0.5486
vn 0.9893 -0.1342 -0.0576
vn 0.5375 0.8323 -0.1354
vn -0.7456 0.4942 0.4470
vn 0.6051 0.7238 -0.3316
vn -0.2338 0.8755 -0.4230
vn 0.8580 -0.3031 -0.4147
vn -0.9677 -0.0262 0.2509
vn 0.0073 -0.2662 -0.9639
vn 0.9665 -0.2556 0.0246
vn -0.2700 -0.2158 0.9384
vn -0.9970 -0.0420 0.0657
vn -0.7329 0.0331 0.6795
vn -0.3268 -0.2785 -0.9031
vn 0.9538 -0.2981 -0.0359
vn 0.8214 -0.0755 0.5654
vn -0.7943 -0.0483 0.6057
vn 0.6287 -0.2825 -0.7245
vn -0.7262 -0.0786 -0.6830
vn 0.8589 -0.3010 -0.4144
vn 0.9706 -0.0452 0.2366
vn -0.4941 -0.0557 0.8676
vn 0.9677 -0.2063 0.1449
vn -0.9752 0.0446 -0.2166
vn 0.8218 -0.2658 -0.5041
vn 0.9715 -0.1060 0.2119
vn 0.4124 -0.2028 0.8881
vn 0.0315 -0.2735 -0.9614
vn -0.9992 0.0162 0.0354
vn -0.9295 -0.0020 0.3687
vn 0.0849 -0.3152 -0.9452
vn 0.7110 -0.1203 0.6929
vn 0.0107 -0.2635 0.9646
vn -0.9544 -0.0831 0.2868
vn -0.3260 -0.8602 0.3920
vn 0.8837 -0.4269 0.1916
vn -0.7938 -0.6055 -0.0580
vn 0.5101 -0.7203 -0.4700
vn 0.5820 -0.7548 0.3025
vn -0.2031 -0.8820 0.4253
vn -0.2422 -0.7088 -0.6625
vn -0.9981 -0.0368 0.0495
vn -0.4588 -0.8515 0.2537
vn -0.0717 -0.7600 -0.6459
vn 0.0256 -0.8208 0.5706
vn -0.2444 -0.9045 0.3494
vn -0.9166 -0.2443 0.3164
vn -0.8549 -0.3843 0.3484
vn -0.1076 -0.5935 -0.7976
vn 0.9660 -0.2578 0.0200
vn -0.2131 -0.8987 0.3834
vn -0.9652 -0.1026 0.2404
vn -0.3876 -0.8650 0.3185
vn -0.2753 -0.8654 -0.4186
vn 0.9374 -0.3455 -0.0438
vn 0.1205 -0.8281 0.5475
vn -0.8799 -0.2120 0.4253
vn 0.1759 -0.8819 -0.4374
vn -0.4356 -0.8735 -0.2174
vn 0.8593 -0.3010 -0.4136
vn 0.2804 -0.8543 0.4377
vn 0.2703 0.4764 -0.8366
vn 0.1896 0.3767 -0.9067
vn 0.3261 0.3521 -0.8773
vn 0.4730 0.4394 -0.7637
vn 0.2205 0.2028 -0.9541
vn 0.3599 -0.0864 -0.9290
vn 0.5161 -0.1067 -0.8499
vn 0.3848 0.2327 -0.8932
vn 0.1682 0.5130 -0.8417
vn 0.0353 0.4524 -0.8911
vn 0.1119 0.4087 -0.9058
vn 0.2247 0.5049 -0.8334
vn 0.0277 0.2340 -0.9718
vn 0.0091 -0.0804 -0.9967
vn 0.2025 -0.0873 -0.9754
vn 0.1242 0.2162 -0.9684
vn 0.3562 -0.1521 0.9219
vn 0.3851 -0.0081 0.9228
vn 0.5132 0.0068 0.8582
vn 0.5771 -0.1090 0.8094
vn 0.3830 0.1247 0.9153
vn 0.3739 -0.0538 0.9259
vn 0.5291 0.0396 0.8477
vn 0.5271 0.1171 0.8417
vn -0.0549 -0.0368 0.9978
vn -0.0086 -0.1102 0.9939
vn 0.1944 -0.0472 0.9798
vn 0.1253 -0.1121 0.9858
vn -0.0786 0.0720 0.9943
vn -0.0302 -0.1166 0.9927
vn 0.2402 -0.1002 0.9655
vn 0.1845 0.1227 0.9751
vn 0.4080 0.3253 -0.8531
vn 0.3359 0.4295 -0.8383
vn 0.5785 0.4122 -0.7039
vn 0.6372 0.2828 -0.7169
vn 0.2026 0.3491 -0.9149
vn 0.1829 0.4434 -0.8775
vn 0.2685 0.4431 -0.8553
vn 0.2857 0.3435 -0.8946
vn 0.3508 0.0224 0.9362
vn 0.3835 -0.0476 0.9223
vn 0.2502 -0.0056 0.9682
vn 0.3770 0.0852 0.9223
vn -0.0652 -0.0222 0.9976
vn -0.1017 -0.0908 0.9907
vn 0.2226 -0.0655 0.9727
vn 0.2086 0.0269 0.9776
vn 0.3230 -0.1805 -0.9290
vn 0.2281 -0.3800 -0.8964
vn 0.4484 -0.3119 -0.8376
vn 0.4473 -0.2494 -0.8589
vn 0.3013 -0.2682 -0.9151
vn 0.4160 -0.2490 -0.8746
vn 0.1713 -0.4290 -0.8869
vn 0.5319 -0.2419 -0.8115
vn 0.0360 -0.1378 -0.9898
vn -0.0095 -0.3789 -0.9254
vn 0.0666 -0.3983 -0.9148
vn 0.2132 -0.1476 -0.9658
vn -0.0212 -0.3433 -0.9390
vn 0.0540 -0.2191 -0.9742
vn 0.1811 -0.2295 -0.9563
vn 0.0899 -0.3044 -0.9483
vn -0.0861 0.4574 0.8851
vn -0.0666 -0.5478 0.8340
vn 0.1675 -0.6280 0.7600
vn 0.0695 0.5279 0.8465
vn 0.2274 -0.4329 0.8723
vn 0.3813 0.0249 0.9241
vn 0.5977 0.0527 0.8000
vn 0.1977 -0.7436 0.6387
vn -0.0398 0.4840 0.8742
vn -0.0239 -0.0480 0.9986
vn -0.0568 -0.2661 0.9623
vn -0.2824 0.3996 0.8721
vn -0.0285 0.0358 0.9990
vn -0.0721 -0.0012 0.9974
vn 0.1176 0.0029 0.9931
vn 0.1382 -0.0281 0.9900
vn 0.4206 -0.2054 -0.8837
vn 0.3170 -0.1646 -0.9340
vn 0.1345 -0.2578 -0.9568
vn 0.1025 -0.3279 -0.9391
vn 0.3483 0.4160 -0.8400
vn 0.2277 -0.0371 -0.9730
vn 0.3084 0.1649 -0.9369
vn 0.3524 0.4246 -0.8340
vn 0.0135 -0.1027 -0.9946
vn 0.0086 0.0179 -0.9998
vn 0.2053 -0.0219 -0.9784
vn 0.2089 -0.1392 -0.9680
vn 0.0189 0.5068 0.8618
vn -0.0536 0.5120 0.8573
vn 0.0669 0.4998 0.8635
vn 0.2054 0.5634 0.8003
vn -0.0832 0.3882 0.9178
vn -0.0908 0.3233 0.9419
vn -0.2464 0.4114 0.8775
vn -0.0508 0.4316 0.9006
vn 0.9546 0.2722 0.1213
vn 0.9325 0.2231 0.2840
vn 0.8884 0.2709 0.3706
vn 0.9438 0.2914 0.1557
vn 0.9011 0.2007 0.3845
vn 0.7260 0.1215 0.6769
vn 0.6602 0.1445 0.7371
vn 0.8363 0.2450 0.4905
vn 0.9857 -0.0998 -0.1359
vn 0.9840 -0.1169 0.1342
vn 0.9625 0.1572 0.2209
vn 0.9657 0.2548 0.0508
vn 0.9124 -0.1319 0.3875
vn 0.7259 -0.1269 0.6760
vn 0.7357 0.0600 0.6747
vn 0.9199 0.1110 0.3762
vn 0.9673 0.1947 0.1624
vn 0.9104 0.2014 0.3614
vn 0.8966 0.2651 0.3547
vn 0.9498 0.2640 0.1678
vn 0.8399 0.2268 0.4931
vn 0.5560 0.2110 0.8040
vn 0.5004 0.0851 0.8616
vn 0.8061 0.2370 0.5422
vn 0.9654 -0.2018 0.1653
vn 0.9345 -0.1885 0.3020
vn 0.9851 -0.0695 0.1572
vn 0.9902 -0.0918 -0.1054
vn 0.8654 -0.4469 0.2265
vn 0.4212 -0.7827 0.4581
vn 0.6812 0.0131 0.7320
vn 0.9004 -0.0841 0.4268
vn 0.9537 -0.2245 0.2000
vn 0.9571 -0.1710 0.2338
vn 0.9014 -0.4093 0.1409
vn 0.9408 -0.2764 0.1964
vn 0.9542 0.0428 0.2960
vn 0.4167 0.4844 0.7692
vn 0.5555 -0.5276 0.6427
vn 0.8877 -0.4429 0.1261
vn 0.5731 0.1184 0.8109
vn 0.4896 0.4735 0.7321
vn 0.4518 0.4884 0.7465
vn 0.8312 -0.0657 0.5520
vn 0.4837 0.3400 -0.8065
vn 0.7453 0.3283 -0.5804
vn 0.8226 0.3495 -0.4485
vn 0.6522 0.3975 -0.6454
vn 0.8841 0.3162 -0.3441
vn 0.9440 0.3052 -0.1254
vn 0.9465 0.3027 -0.1118
vn 0.9166 0.3215 -0.2376
vn 0.6281 -0.1143 -0.7697
vn 0.7329 -0.1275 -0.6683
vn 0.7206 0.3131 -0.6186
vn 0.4821 0.2797 -0.8303
vn 0.8608 -0.1360 -0.4904
vn 0.9365 -0.1206 -0.3292
vn 0.9370 0.3189 -0.1427
vn 0.8775 0.3223 -0.3551
vn 0.7398 0.3955 -0.5443
vn 0.8641 0.3527 -0.3591
vn 0.9254 0.2459 -0.2883
vn 0.8094 0.2777 -0.5175
vn 0.9403 0.2957 -0.1684
vn 0.9718 0.2345 -0.0258
vn 0.9725 0.2330 0.0009
vn 0.9703 0.2163 -0.1083
vn 0.6550 -0.3376 -0.6760
vn 0.7971 -0.3656 -0.4806
vn 0.7030 -0.2622 -0.6611
vn 0.5289 -0.2699 -0.8046
vn 0.9014 -0.3422 -0.2651
vn 0.9582 -0.2740 -0.0827
vn 0.9522 -0.1403 -0.2714
vn 0.8609 -0.2025 -0.4668
vn 0.2071 -0.7714 -0.6017
vn 0.4727 -0.8151 -0.3348
vn 0.7728 -0.4306 -0.4662
vn 0.6346 -0.3338 -0.6970
vn 0.7512 -0.6590 -0.0371
vn 0.9189 -0.3760 0.1191
vn 0.9706 -0.2395 -0.0241
vn 0.9100 -0.3709 -0.1852
vn -0.1703 -0.9652 -0.1987
vn -0.1354 -0.7614 -0.6340
vn -0.3053 -0.6856 -0.6609
vn -0.5003 -0.8517 -0.1558
vn 0.2688 -0.9407 0.2071
vn 0.1431 -0.9888 -0.0435
vn -0.5398 -0.8287 0.1480
vn -0.5872 -0.7431 0.3210
vn 0.5870 0.8096 -0.0026
vn 0.5627 0.7620 0.3204
vn 0.7785 0.5313 0.3342
vn 0.8193 0.5706 0.0563
vn 0.3406 0.1773 0.9233
vn 0.3857 0.2203 0.8959
vn 0.1451 0.0619 0.9875
vn 0.2986 0.2360 0.9247
vn 0.3936 0.1344 0.9094
vn 0.5884 -0.3625 0.7227
vn -0.2091 -0.5325 0.8202
vn -0.0842 -0.2458 0.9657
vn 0.4806 -0.7487 0.4567
vn 0.3871 -0.8640 0.3218
vn -0.5485 -0.7161 0.4317
vn -0.3995 -0.6917 0.6016
vn 0.4395 0.5744 0.6906
vn 0.3098 0.3442 0.8863
vn 0.5304 0.3705 0.7625
vn 0.7129 0.4778 0.5133
vn 0.1459 -0.4031 -0.9034
vn 0.1913 -0.2449 -0.9505
vn 0.1289 -0.2149 -0.9681
vn 0.0257 -0.3394 -0.9403
vn 0.2432 -0.1111 -0.9636
vn 0.4295 0.3259 -0.8422
vn 0.3888 0.0394 -0.9205
vn 0.2234 -0.0917 -0.9704
vn 0.1866 0.0110 -0.9824
vn 0.4026 0.0928 -0.9106
vn -0.1100 -0.2499 -0.9620
vn -0.0202 -0.0984 -0.9949
vn 0.7181 0.4718 0.5116
vn 0.5936 0.3746 0.7123
vn -0.5777 -0.5562 0.5974
vn -0.6518 -0.6104 0.4500
vn -0.0835 -0.1792 0.9803
vn -0.3898 -0.4143 0.8224
vn 0.3803 0.2243 0.8973
vn 0.1238 -0.0074 0.9923
vn 0.8400 0.5421 0.0239
vn 0.7803 0.5266 0.3373
vn 0.5078 0.6200 -0.5981
vn 0.5580 0.7754 -0.2956
vn 0.8216 0.5129 -0.2490
vn 0.6841 0.3076 -0.6614
vn -0.7106 -0.6489 0.2721
vn -0.7194 -0.6876 0.0988
vn -0.6236 -0.7542 -0.2056
vn -0.3449 -0.6052 -0.7175
vn 0.6695 0.3131 -0.6736
vn 0.8229 0.4798 -0.3043
vn 0.1634 0.6802 0.7146
vn 0.1037 0.6401 0.7613
vn 0.0805 0.8007 0.5936
vn 0.1155 0.8058 0.5808
vn 0.1078 0.5821 0.8059
vn 0.2532 0.4212 0.8709
vn 0.2865 0.6128 0.7365
vn 0.0337 0.7627 0.6459
vn 0.1109 0.8649 0.4895
vn 0.0651 0.8656 0.4964
vn 0.1265 0.9638 0.2348
vn 0.1506 0.9397 0.3070
vn 0.0764 0.8966 0.4363
vn 0.4295 0.8449 0.3189
vn 0.4735 0.8808 0.0015
vn 0.1859 0.9715 0.1468
vn 0.0133 0.5642 -0.8255
vn -0.0129 0.5089 -0.8607
vn -0.0050 0.4892 -0.8721
vn 0.1108 0.5336 -0.8384
vn 0.0272 0.5766 0.8166
vn 0.2227 0.5890 0.7768
vn 0.2056 0.6689 0.7143
vn 0.0031 0.6210 0.7838
vn 0.2878 0.7474 0.5988
vn 0.2883 0.6810 0.6731
vn 0.2006 0.7833 0.5885
vn 0.2597 0.7555 0.6015
vn 0.4073 0.7272 0.5526
vn 0.2225 0.8360 0.5015
vn 0.3581 0.8689 0.3416
vn 0.5742 0.7480 0.3328
vn 0.0551 0.7101 -0.7020
vn 0.1023 0.5553 -0.8253
vn 0.0157 0.4249 -0.9051
vn 0.0083 0.7417 -0.6706
vn 0.3582 0.4938 0.7924
vn 0.4975 0.1827 0.8480
vn 0.3730 0.2754 0.8860
vn 0.2115 0.5415 0.8137
vn 0.2238 0.5943 0.7725
vn 0.1757 0.6239 0.7615
vn 0.1865 0.6347 0.7499
vn 0.1176 0.5830 0.8039
vn -0.0224 0.4405 0.8975
vn 0.0385 0.5155 0.8560
vn 0.1616 0.5838 0.7956
vn 0.0216 0.5220 0.8527
vn 0.0365 0.3059 -0.9514
vn 0.0669 0.4868 -0.8709
vn 0.2462 0.4645 -0.8507
vn 0.2038 0.2449 -0.9479
vn 0.6020 0.7764 0.1864
vn 0.5053 0.8373 0.2091
vn 0.4216 0.7410 -0.5227
vn 0.4213 0.7990 -0.4291
vn -0.0418 0.2834 -0.9581
vn -0.1808 -0.0494 -0.9823
vn -0.1437 -0.0629 -0.9876
vn -0.0368 0.2584 -0.9653
vn 0.0515 0.3696 -0.9278
vn 0.0521 0.5058 -0.8611
vn 0.1622 0.4631 -0.8713
vn 0.1703 0.3731 -0.9121
vn -0.1570 -0.1408 -0.9775
vn -0.1475 -0.2464 -0.9579
vn -0.0953 -0.3372 -0.9366
vn -0.1482 -0.1240 -0.9812
vn -0.1985 -0.3013 -0.9326
vn -0.2551 -0.1514 -0.9550
vn -0.1916 -0.1942 -0.9621
vn -0.1280 -0.3265 -0.9365
vn -0.2892 -0.0588 -0.9555
vn -0.2460 0.0131 -0.9692
vn -0.2510 0.0363 -0.9673
vn -0.2192 -0.0712 -0.9731
vn -0.1459 0.1425 -0.9790
vn -0.0479 0.2388 -0.9699
vn 0.0178 0.3984 -0.9170
vn -0.1719 0.2630 -0.9494
vn 0.2332 0.8852 -0.4024
vn 0.2871 0.9386 0.1914
vn 0.2394 0.9689 0.0621
vn 0.3200 0.8526 -0.4132
vn 0.5031 0.8201 -0.2727
vn 0.4589 0.6719 -0.5814
vn 0.3743 0.7527 -0.5416
vn 0.2912 0.9522 -0.0922
vn -0.3201 -0.9461 0.0483
vn -0.2167 -0.6714 -0.7087
vn -0.0661 -0.9656 0.2515
vn -0.2039 -0.9766 -0.0678
vn 0.7253 0.6877 0.0308
vn 0.6968 0.6370 0.3297
vn 0.2936 0.1484 0.9443
vn 0.4031 0.0963 0.9101
vn 0.5161 -0.0163 0.8564
vn 0.3718 -0.5472 0.7499
vn 0.2883 -0.8042 0.5198
vn 0.1324 -0.9019 0.4112
vn 0.5867 0.5057 0.6325
vn 0.4280 0.3045 0.8509
vn -0.0041 -0.3978 -0.9175
vn 0.1656 -0.2408 -0.9564
vn 0.2518 -0.1436 -0.9571
vn 0.4756 0.1835 -0.8603
vn 0.5791 0.5027 -0.6418
vn 0.6861 0.6825 -0.2519
vn -0.2327 0.5330 -0.8135
vn -0.1593 0.2348 -0.9589
vn -0.3604 0.2212 -0.9062
vn -0.3667 0.4538 -0.8122
vn -0.1929 0.0899 -0.9771
vn -0.3547 -0.0949 -0.9301
vn -0.5144 -0.1522 -0.8439
vn -0.4248 0.1240 -0.8968
vn -0.2298 0.6170 -0.7527
vn -0.1168 0.3990 -0.9095
vn -0.1383 0.3081 -0.9412
vn -0.2142 0.5827 -0.7839
vn -0.0287 0.1945 -0.9805
vn -0.0098 -0.0844 -0.9964
vn -0.1887 -0.0896 -0.9779
vn -0.0529 0.1403 -0.9887
vn -0.3974 -0.1397 0.9069
vn -0.3979 0.0138 0.9173
vn -0.5222 0.0223 0.8526
vn -0.5767 -0.0945 0.8115
vn -0.3960 0.1200 0.9104
vn -0.3614 -0.0763 0.9293
vn -0.5053 0.0369 0.8622
vn -0.5294 0.1137 0.8407
vn 0.0391 -0.0503 0.9980
vn 0.0042 -0.0961 0.9954
vn -0.2391 -0.0347 0.9704
vn -0.1578 -0.1209 0.9800
vn 0.0903 0.0798 0.9927
vn -0.0000 -0.1357 0.9908
vn -0.1837 -0.1475 0.9718
vn -0.2133 0.1203 0.9696
vn -0.3981 0.3897 -0.8304
vn -0.3226 0.5181 -0.7922
vn -0.4948 0.4627 -0.7356
vn -0.4826 0.4683 -0.7401
vn -0.2666 0.4015 -0.8762
vn -0.2459 0.5968 -0.7637
vn -0.2843 0.5726 -0.7690
vn -0.3379 0.4036 -0.8502
vn -0.2610 -0.1273 0.9569
vn -0.2046 -0.0332 0.9783
vn -0.2841 -0.0295 0.9583
vn -0.3747 -0.0008 0.9271
vn -0.1303 -0.1183 0.9844
vn -0.1871 -0.0729 0.9796
vn -0.1339 -0.0355 0.9904
vn -0.1601 -0.1841 0.9698
vn -0.3221 -0.1976 -0.9259
vn -0.2927 -0.3371 -0.8948
vn -0.5144 -0.3517 -0.7821
vn -0.4790 -0.2950 -0.8268
vn -0.3322 -0.2507 -0.9093
vn -0.4110 -0.2854 -0.8658
vn -0.2689 -0.3654 -0.8912
vn -0.4463 -0.3269 -0.8330
vn -0.0506 -0.1501 -0.9874
vn 0.0071 -0.3849 -0.9229
vn -0.1263 -0.3762 -0.9179
vn -0.2096 -0.1531 -0.9657
vn -0.0022 -0.3207 -0.9472
vn -0.0724 -0.2181 -0.9732
vn -0.2438 -0.2314 -0.9418
vn -0.1906 -0.2830 -0.9400
vn 0.0752 0.4655 0.8819
vn 0.1485 -0.4874 0.8605
vn -0.2182 -0.5441 0.8101
vn -0.1211 0.5325 0.8378
vn -0.0657 -0.5260 0.8480
vn -0.4275 0.0504 0.9026
vn -0.6067 0.0439 0.7937
vn -0.2606 -0.7464 0.6123
vn 0.0650 0.5019 0.8625
vn 0.0247 -0.0688 0.9973
vn 0.0855 -0.2852 0.9546
vn 0.2942 0.4132 0.8618
vn 0.0113 0.0071 0.9999
vn 0.0638 0.0103 0.9979
vn -0.1491 0.0335 0.9883
vn -0.0945 -0.1328 0.9866
vn -0.3680 -0.2140 -0.9048
vn -0.3003 -0.1351 -0.9442
vn -0.1679 -0.2562 -0.9519
vn -0.2106 -0.3093 -0.9273
vn -0.3316 0.3880 -0.8599
vn -0.2149 -0.0323 -0.9761
vn -0.3063 0.1576 -0.9388
vn -0.3509 0.4115 -0.8411
vn -0.0394 -0.1120 -0.9929
vn -0.0236 0.0211 -0.9995
vn -0.2054 -0.0254 -0.9783
vn -0.2399 -0.1448 -0.9599
vn -0.0231 0.5054 0.8626
vn 0.0476 0.5116 0.8579
vn -0.1327 0.5078 0.8512
vn -0.2246 0.5612 0.7966
vn 0.0860 0.3899 0.9168
vn 0.1024 0.3182 0.9425
vn 0.2525 0.4049 0.8788
vn 0.0505 0.4312 0.9009
vn -0.9574 0.2666 0.1110
vn -0.9397 0.2107 0.2692
vn -0.9159 0.3260 0.2341
vn -0.9270 0.3086 0.2131
vn -0.8945 0.1868 0.4062
vn -0.7108 0.1134 0.6942
vn -0.5304 0.1737 0.8298
vn -0.8276 0.3406 0.4462
vn -0.9867 -0.0966 -0.1305
vn -0.9835 -0.1220 0.1339
vn -0.9674 0.1383 0.2121
vn -0.9736 0.2262 0.0302
vn -0.9147 -0.1284 0.3832
vn -0.7403 -0.1139 0.6625
vn -0.7275 0.0703 0.6825
vn -0.9180 0.1013 0.3833
vn -0.9541 0.2750 0.1185
vn -0.9209 0.3018 0.2467
vn -0.9078 0.1882 0.3749
vn -0.9431 0.3164 0.1017
vn -0.8014 0.2186 0.5568
vn -0.4470 0.0945 0.8895
vn -0.4594 -0.0143 0.8881
vn -0.7005 0.0818 0.7089
vn -0.9602 -0.2212 0.1704
vn -0.9316 -0.2498 0.2642
vn -0.9849 -0.0708 0.1578
vn -0.9918 -0.0876 -0.0933
vn -0.8504 -0.4977 0.1704
vn -0.4347 -0.7668 0.4722
vn -0.6972 0.0061 0.7169
vn -0.9043 -0.0842 0.4185
vn -0.9634 -0.1880 0.1912
vn -0.9534 -0.2173 0.2094
vn -0.9223 -0.3398 0.1841
vn -0.9471 -0.2693 0.1747
vn -0.9210 -0.1220 0.3700
vn -0.6177 0.4525 0.6432
vn -0.6113 -0.4285 0.6654
vn -0.9335 -0.3553 0.0484
vn -0.6443 0.1064 0.7574
vn -0.5194 0.4496 0.7266
vn -0.6282 0.4018 0.6663
vn -0.7675 -0.2325 0.5974
vn -0.4658 0.2263 -0.8555
vn -0.6898 0.2517 -0.6788
vn -0.7572 0.3181 -0.5705
vn -0.5774 0.3967 -0.7136
vn -0.8506 0.2841 -0.4425
vn -0.9434 0.2995 -0.1421
vn -0.9451 0.3152 -0.0859
vn -0.8503 0.2956 -0.4354
vn -0.6305 -0.1550 -0.7606
vn -0.7490 -0.1640 -0.6420
vn -0.7016 0.2769 -0.6566
vn -0.5192 0.1941 -0.8323
vn -0.8507 -0.1669 -0.4984
vn -0.9426 -0.1266 -0.3088
vn -0.9351 0.3123 -0.1675
vn -0.8433 0.3238 -0.4290
vn -0.7082 0.4586 -0.5367
vn -0.8449 0.3638 -0.3922
vn -0.9143 0.3467 -0.2093
vn -0.8219 0.4525 -0.3460
vn -0.9130 0.2357 -0.3331
vn -0.9764 0.2029 -0.0735
vn -0.9445 0.2869 -0.1598
vn -0.9457 0.2762 -0.1715
vn -0.7138 -0.3964 -0.5773
vn -0.7874 -0.3842 -0.4821
vn -0.7347 -0.2646 -0.6246
vn -0.5891 -0.2953 -0.7522
vn -0.9034 -0.3471 -0.2516
vn -0.9586 -0.2753 -0.0732
vn -0.9618 -0.1335 -0.2390
vn -0.8806 -0.2002 -0.4294
vn -0.5135 -0.6879 -0.5130
vn -0.7375 -0.6119 -0.2860
vn -0.7679 -0.4388 -0.4668
vn -0.6889 -0.4723 -0.5498
vn -0.9077 -0.4149 -0.0623
vn -0.9562 -0.2865 0.0595
vn -0.9640 -0.2648 -0.0243
vn -0.9047 -0.3771 -0.1983
vn -0.2563 -0.8968 -0.3607
vn -0.1069 -0.8440 -0.5256
vn 0.3097 -0.6284 -0.7136
vn 0.6817 -0.7304 -0.0425
vn -0.5979 -0.7953 0.1003
vn -0.3787 -0.9201 -0.0998
vn 0.6465 -0.7589 0.0790
vn 0.4570 -0.8020 0.3848
vn 0.6523 0.0401 0.7569
vn 0.7222 0.2826 -0.6313
vn -0.6034 0.7974 -0.0111
vn -0.5861 0.7442 0.3204
vn -0.7771 0.5319 0.3364
vn -0.8247 0.5640 0.0422
vn -0.3241 0.1829 0.9282
vn -0.4147 0.1652 0.8948
vn -0.0956 0.0466 0.9943
vn -0.2745 0.2271 0.9344
vn -0.4824 0.0778 0.8725
vn -0.6616 -0.3473 0.6646
vn 0.1748 -0.5360 0.8259
vn 0.0725 -0.2345 0.9694
vn -0.6213 -0.6722 0.4027
vn -0.6495 -0.6943 0.3100
vn 0.4342 -0.7773 0.4552
vn 0.3402 -0.7071 0.6199
vn -0.4536 0.5613 0.6923
vn -0.3045 0.3484 0.8865
vn -0.4850 0.3492 0.8018
vn -0.7031 0.4774 0.5271
vn -0.1562 -0.3520 -0.9229
vn -0.2041 -0.2604 -0.9437
vn -0.1229 -0.2165 -0.9685
vn -0.0184 -0.3199 -0.9473
vn -0.2494 -0.1329 -0.9592
vn -0.4091 0.2965 -0.8630
vn -0.3832 0.0124 -0.9236
vn -0.2055 -0.1317 -0.9698
vn -0.1496 0.0142 -0.9886
vn -0.3672 0.0974 -0.9250
vn -0.2098 -0.2823 0.9361
vn -0.6074 0.2637 0.7494
vn 0.0791 -0.1639 -0.9833
vn 0.0031 -0.0802 -0.9968
vn 0.3247 -0.3643 0.8729
vn 0.5952 -0.6443 0.4802
vn -0.7055 0.4665 0.5334
vn -0.5751 0.3582 0.7355
vn -0.2111 0.2167 0.9532
vn 0.5990 -0.7798 0.1820
vn 0.5744 -0.5566 0.6002
vn 0.6566 -0.6142 0.4377
vn -0.5936 0.4998 -0.6307
vn -0.8272 0.5528 -0.1007
vn 0.0787 -0.1744 0.9815
vn 0.3699 -0.4008 0.8382
vn -0.0264 -0.3474 0.9373
vn -0.0574 0.0057 0.9983
vn -0.3770 0.2218 0.8992
vn -0.1266 -0.0122 0.9919
vn 0.3973 -0.8321 0.3870
vn 0.1523 -0.7363 0.6594
vn -0.8429 0.5381 -0.0038
vn -0.7770 0.5346 0.3324
vn -0.0419 0.0814 0.9958
vn 0.8078 0.5650 0.1680
vn -0.5098 0.5995 -0.6170
vn -0.5718 0.7581 -0.3136
vn -0.8099 0.5000 -0.3066
vn -0.6598 0.2791 -0.6977
vn 0.6700 -0.6590 0.3418
vn 0.6515 -0.7312 0.2023
vn 0.6977 0.1641 0.6973
vn 0.9137 -0.3637 0.1813
vn 0.6202 -0.7614 -0.1887
vn 0.3871 -0.5265 -0.7569
vn 0.3403 0.0744 0.9373
vn -0.8973 0.0253 0.4407
vn -0.9219 0.3814 0.0679
vn 0.7202 0.5051 0.4757
vn -0.6209 -0.6202 0.4794
vn 0.3050 -0.6753 0.6715
vn -0.7666 -0.5667 0.3019
vn 0.2675 0.0573 0.9619
vn -0.0061 0.0440 0.9990
vn 0.8776 0.3257 -0.3519
vn -0.5100 -0.8514 -0.1223
vn -0.4485 -0.3753 0.8112
vn 0.6321 0.7208 -0.2844
vn -0.8034 0.4773 -0.3560
vn 0.6560 -0.6783 0.3311
vn 0.6961 -0.4451 0.5634
vn -0.3165 -0.9393 -0.1326
vn -0.7508 0.4671 0.4669
vn -0.8061 0.5748 0.1406
vn -0.6715 0.0508 -0.7393
vn -0.6374 0.2986 -0.7103
vn -0.8158 0.4615 -0.3485
vn 0.8590 0.5032 -0.0938
vn 0.1077 -0.3803 0.9186
vn -0.1861 0.6888 0.7006
vn -0.1158 0.6747 0.7289
vn -0.0586 0.7823 0.6202
vn -0.1458 0.8077 0.5713
vn -0.0836 0.6070 0.7903
vn -0.2576 0.4116 0.8742
vn -0.3260 0.5727 0.7522
vn -0.0117 0.7336 0.6795
vn -0.1069 0.8375 0.5359
vn -0.0335 0.8543 0.5187
vn -0.1257 0.9641 0.2340
vn -0.1486 0.9397 0.3080
vn -0.0851 0.8948 0.4384
vn -0.4680 0.8238 0.3198
vn -0.5035 0.8639 -0.0096
vn -0.2008 0.9695 0.1405
vn -0.0853 0.5986 -0.7965
vn -0.0625 0.4884 -0.8704
vn -0.1088 0.4479 -0.8874
vn -0.1734 0.6253 -0.7608
vn -0.0255 0.5769 0.8164
vn -0.2215 0.5858 0.7796
vn -0.2058 0.6673 0.7158
vn -0.0026 0.6220 0.7830
vn -0.2974 0.7666 0.5691
vn -0.2868 0.6933 0.6611
vn -0.1986 0.8027 0.5624
vn -0.2833 0.7346 0.6166
vn -0.4494 0.6887 0.5690
vn -0.2135 0.8105 0.5454
vn -0.3441 0.8738 0.3437
vn -0.5745 0.7492 0.3296
vn -0.0653 0.7331 -0.6770
vn -0.1182 0.5451 -0.8300
vn -0.0018 0.4158 -0.9095
vn 0.0041 0.7552 -0.6555
vn -0.3608 0.4952 0.7903
vn -0.5325 0.1771 0.8277
vn -0.3756 0.2696 0.8867
vn -0.2145 0.5346 0.8174
vn -0.2308 0.5905 0.7734
vn -0.1758 0.6235 0.7618
vn -0.1866 0.6348 0.7498
vn -0.1192 0.5833 0.8035
vn 0.0235 0.4397 0.8979
vn -0.0373 0.5158 0.8559
vn -0.1597 0.5843 0.7957
vn -0.0203 0.5213 0.8531
vn -0.0449 0.3036 -0.9517
vn -0.0684 0.4850 -0.8718
vn -0.2497 0.4528 -0.8559
vn -0.2018 0.2409 -0.9494
vn -0.6025 0.7761 0.1861
vn -0.4884 0.8468 0.2106
vn -0.4181 0.7301 -0.5405
vn -0.4097 0.7975 -0.4430
vn -0.0235 0.2721 -0.9620
vn 0.1412 -0.0647 -0.9879
vn 0.1687 -0.0665 -0.9834
vn -0.0573 0.2315 -0.9711
vn -0.0011 0.4051 -0.9143
vn -0.0455 0.5517 -0.8328
vn -0.1608 0.5770 -0.8008
vn -0.1797 0.4346 -0.8825
vn 0.1031 -0.1586 -0.9819
vn 0.1353 -0.2460 -0.9598
vn 0.0927 -0.3500 -0.9322
vn 0.1690 -0.1283 -0.9772
vn 0.1677 -0.2914 -0.9418
vn 0.2267 -0.1420 -0.9636
vn 0.1827 -0.1867 -0.9653
vn 0.1343 -0.3098 -0.9413
vn 0.2682 -0.0532 -0.9619
vn 0.2377 0.0174 -0.9712
vn 0.2475 0.0385 -0.9681
vn 0.2110 -0.0787 -0.9743
vn 0.1463 0.1391 -0.9794
vn 0.0559 0.2367 -0.9700
vn -0.0161 0.3991 -0.9168
vn 0.1759 0.2554 -0.9507
vn -0.2230 0.8816 -0.4160
vn -0.2829 0.9413 0.1841
vn -0.2369 0.9699 0.0571
vn -0.3204 0.8448 -0.4286
vn -0.5078 0.8101 -0.2930
vn -0.4460 0.6625 -0.6018
vn -0.3771 0.7363 -0.5618
vn -0.3075 0.9464 -0.0988
vn 0.5790 -0.7953 -0.1797
vn 0.6292 -0.5645 -0.5342
vn -0.0748 -0.9786 0.1917
vn 0.1560 -0.9732 -0.1688
vn -0.7156 0.6983 0.0188
vn -0.6933 0.6425 0.3263
vn -0.2968 0.1339 0.9455
vn -0.3932 0.0307 0.9189
vn -0.5007 -0.0152 0.8655
vn -0.4400 -0.5176 0.7338
vn -0.3524 -0.7900 0.5017
vn -0.2950 -0.8739 0.3863
vn -0.5791 0.5067 0.6387
vn -0.4171 0.2965 0.8591
vn -0.0392 -0.3645 -0.9304
vn -0.2185 -0.2410 -0.9456
vn -0.2117 -0.2012 -0.9564
vn -0.4416 0.1757 -0.8798
vn -0.5701 0.4878 -0.6611
vn -0.6736 0.6787 -0.2925
vn -0.5522 0.7491 0.3661
vn 0.4074 0.6303 0.6608
vn 0.0102 0.6175 0.7865
vn -0.4351 0.5870 0.6827
vn -0.0838 0.4398 -0.8942
vn -0.4095 0.6620 0.6277
vn 0.2307 0.6535 0.7209
vn 0.3630 0.6860 0.6306
vn -0.0108 0.6164 0.7874
vn 0.6519 0.7345 0.1885
vn -0.5006 0.6332 0.5903
vn -0.0201 0.6057 -0.7955
vn 0.5685 0.7290 0.3813
vn 0.0891 0.4562 -0.8854
vn 0.3631 0.8722 -0.3279
vn -0.5685 0.7917 0.2237
vn -0.2885 0.9224 -0.2569
vn 0.0200 0.5920 -0.8057
vn 0.4887 0.6436 0.5891
vn -0.2311 0.6547 0.7197
vn 0.8192 0.4574 -0.3458
vn 0.6618 0.3478 -0.6641
vn -0.4534 -0.4280 -0.7818
vn -0.6702 -0.6505 -0.3573
vn -0.7033 -0.6997 0.1259
vn -0.6499 -0.7042 0.2859
vn 0.8003 0.5613 0.2111
vn 0.8466 0.5272 -0.0722
vn 0.0795 0.0068 0.9968
vn 0.2663 0.1842 0.9461
vn -0.2911 -0.3559 0.8880
vn -0.0704 -0.1725 0.9825
vn -0.5752 -0.6611 0.4818
vn -0.4757 -0.5892 0.6531
vn 0.5426 0.4484 0.7103
vn 0.6824 0.5446 0.4876
vn -0.0406 0.0021 -0.9992
vn -0.2216 -0.1526 -0.9631
vn 0.4347 0.2646 -0.8608
vn 0.2553 0.2037 -0.9452
vn 0.6847 0.3478 -0.6405
vn 0.8133 0.5440 -0.2067
vn 0.3120 -0.1622 -0.9361
vn 0.4687 0.0407 -0.8824
vn -0.0253 -0.3659 -0.9303
vn 0.1745 -0.2388 -0.9552
vn 0.6800 0.4699 0.5629
vn 0.4667 0.3372 0.8177
vn -0.1005 -0.8158 0.5696
vn -0.1327 -0.8737 0.4680
vn 0.1876 -0.1320 0.9733
vn 0.1440 -0.6137 0.7763
vn 0.2703 0.1967 0.9425
vn 0.1344 0.0941 0.9865
vn 0.8167 0.5735 0.0647
vn 0.7767 0.5382 0.3273
vn -0.2889 -0.9037 0.3161
vn -0.6659 -0.7456 0.0248
vn -0.7041 -0.7084 -0.0492
vn -0.3919 -0.6541 -0.6470
vn -0.6551 0.3452 -0.6720
vn -0.7988 0.5398 -0.2655
vn -0.2288 -0.2083 -0.9509
vn -0.4534 0.0272 -0.8909
vn -0.0280 -0.3653 -0.9305
vn -0.1714 -0.2254 -0.9591
vn -0.6714 0.4680 0.5747
vn -0.4455 0.3062 0.8413
vn -0.0902 -0.8145 0.5731
vn -0.0280 -0.8990 0.4371
vn -0.2466 -0.1138 0.9624
vn -0.2494 -0.5965 0.7629
vn -0.2784 0.1584 0.9473
vn -0.1553 0.0169 0.9877
vn -0.8183 0.5721 0.0561
vn -0.7781 0.5332 0.3319
vn 0.0819 -0.9382 0.3362
vn 0.3679 -0.9193 -0.1398
vn 0.4955 -0.8660 0.0669
vn 0.3070 -0.6556 -0.6899
vn -0.8040 0.4803 -0.3506
vn -0.6515 0.3973 -0.6463
vn 0.3496 -0.4531 -0.8201
vn 0.6218 -0.7233 -0.3002
vn 0.7157 -0.6766 0.1732
vn 0.6528 -0.6949 0.3016
vn -0.7899 0.5840 0.1870
vn -0.8403 0.5362 -0.0803
vn -0.0727 0.0142 0.9973
vn -0.2476 0.1818 0.9517
vn 0.3006 -0.3546 0.8854
vn 0.0707 -0.1416 0.9874
vn 0.5639 -0.6693 0.4838
vn 0.4984 -0.5964 0.6292
vn -0.5093 0.4374 0.7411
vn -0.6661 0.5607 0.4918
vn 0.0444 -0.0004 -0.9990
vn 0.1682 -0.1550 -0.9735
vn -0.4130 0.3198 -0.8528
vn -0.2208 0.2253 -0.9489
vn -0.3937 0.6772 -0.6216
vn -0.4516 0.8626 -0.2279
vn -0.2885 0.4092 0.8656
vn -0.4414 0.3406 0.8301
vn -0.3493 0.9359 0.0461
vn -0.2338 0.9070 0.3504
vn -0.1462 0.6520 0.7440
vn -0.1988 0.4868 0.8506
vn -0.8745 0.0819 0.4781
vn -0.6010 0.2579 0.7565
vn -0.8588 -0.3643 0.3602
vn -0.9421 0.1782 0.2841
vn -0.8340 -0.0423 0.5502
vn -0.6576 -0.6957 0.2890
vn -0.6380 0.0133 0.7700
vn -0.6738 0.1429 0.7250
vn -0.8665 0.1139 0.4859
vn -0.8579 -0.1444 0.4930
vn -0.7041 0.2917 0.6474
vn -0.8564 0.1566 0.4919
vn -0.1648 0.0958 -0.9817
vn -0.2415 0.4357 -0.8671
vn -0.2456 -0.2465 -0.9375
vn -0.1792 -0.2163 -0.9598
vn -0.4406 -0.2776 -0.8537
vn -0.2829 -0.2831 -0.9164
vn -0.3496 -0.2511 -0.9026
vn -0.4350 -0.3183 -0.8423
vn -0.4331 0.4043 -0.8056
vn -0.3794 0.4741 -0.7945
vn -0.3348 0.0794 -0.9390
vn -0.4590 -0.1217 -0.8800
vn -0.2464 0.4784 -0.8429
vn -0.2816 0.2288 -0.9319
vn 0.3988 0.6916 -0.6022
vn 0.4489 0.8680 -0.2124
vn 0.2797 0.4199 0.8634
vn 0.4437 0.3268 0.8345
vn 0.3406 0.9383 0.0604
vn 0.2114 0.9137 0.3470
vn 0.1385 0.6728 0.7267
vn 0.1754 0.5066 0.8442
vn 0.8527 0.2524 0.4574
vn 0.6222 0.2551 0.7401
vn 0.7926 -0.4847 0.3699
vn 0.8369 0.3217 0.4429
vn 0.8227 -0.0515 0.5662
vn 0.6456 -0.7023 0.2998
vn 0.7626 0.1853 0.6198
vn 0.7695 0.2335 0.5944
vn 0.8778 0.1269 0.4620
vn 0.8507 -0.1329 0.5086
vn 0.7930 0.2249 0.5662
vn 0.8589 0.1648 0.4849
vn 0.1708 0.0976 -0.9805
vn 0.2433 0.4522 -0.8581
vn 0.2882 -0.2595 -0.9218
vn 0.1577 -0.2537 -0.9543
vn 0.3991 -0.2443 -0.8837
vn 0.4236 -0.3405 -0.8394
vn 0.3750 -0.2220 -0.9000
vn 0.3244 -0.3317 -0.8859
vn 0.5726 0.3040 -0.7614
vn 0.4810 0.4243 -0.7672
vn 0.3050 0.2012 -0.9309
vn 0.4824 -0.0951 -0.8708
vn 0.3956 0.4668 -0.7909
vn 0.2745 0.3657 -0.8893
vn 0.5208 -0.2788 -0.8069
vn 0.8297 0.2038 0.5196
vn -0.3561 -0.2284 -0.9061
vn -0.9595 0.1265 0.2516
vn 0.1758 -0.2397 -0.9548
vn 0.1790 -0.2167 -0.9597
vn -0.9559 -0.2913 0.0371
vn -0.9152 -0.3909 -0.0976
vn -0.7926 -0.4888 -0.3645
vn -0.6850 -0.5380 -0.4912
vn -0.7180 0.3662 0.5919
vn -0.9903 0.0214 0.1372
vn -0.9742 -0.1253 0.1876
vn -0.9683 -0.1812 0.1718
vn 0.2340 0.1100 0.9660
vn 0.0394 0.1777 0.9833
vn -0.0964 0.4003 0.9113
vn 0.1332 0.1866 0.9734
vn -0.2160 -0.2489 -0.9441
vn -0.0805 -0.2541 -0.9638
vn -0.3885 -0.2897 -0.8747
vn -0.4147 -0.2495 -0.8751
vn -0.1779 -0.2564 -0.9501
vn -0.2085 -0.2280 -0.9511
vn 0.9582 -0.2817 0.0500
vn 0.9304 -0.3583 -0.0775
vn 0.8046 -0.4920 -0.3326
vn 0.4930 -0.5325 -0.6880
vn 0.5323 0.3233 0.7824
vn 0.9828 0.0330 0.1816
vn 0.9833 -0.0823 0.1621
vn 0.9692 -0.1728 0.1757
vn -0.2338 0.1133 0.9657
vn -0.0115 0.1950 0.9807
vn 0.0222 0.3775 0.9257
vn -0.1395 0.1669 0.9760
vn 0.1425 -0.2148 -0.9662
vn 0.0515 -0.2482 -0.9673
vn 0.4410 -0.3609 -0.8217
vn 0.3774 -0.2387 -0.8948
vn 0.4733 -0.2437 -0.8465
vn 0.8300 -0.1785 0.5285
vn -0.4086 -0.2445 -0.8794
vn -0.9343 -0.1020 0.3415
vn 0.1655 -0.2721 -0.9479
vn 0.1635 -0.2686 -0.9493
vn -0.9098 -0.3900 -0.1423
vn -0.9538 -0.3000 0.0153
vn -0.7180 -0.4721 -0.5115
vn -0.7946 -0.4350 -0.4236
vn -0.9784 -0.1988 0.0572
vn -0.7300 -0.2533 0.6348
vn -0.9520 -0.2649 0.1535
vn -0.9558 -0.2331 0.1794
vn 0.1945 -0.3394 0.9203
vn 0.0288 -0.2886 0.9570
vn -0.2313 -0.2133 0.9492
vn 0.1385 -0.2749 0.9515
vn -0.2125 -0.2566 -0.9429
vn -0.0465 -0.2658 -0.9629
vn -0.4097 -0.2921 -0.8642
vn -0.3658 -0.2501 -0.8964
vn -0.1606 -0.2882 -0.9440
vn -0.1942 -0.2758 -0.9414
vn 0.9131 -0.3890 -0.1224
vn 0.9550 -0.2956 0.0228
vn 0.6392 -0.2606 -0.7235
vn 0.8058 -0.4282 -0.4090
vn 0.9747 -0.1603 0.1556
vn 0.6087 -0.1910 0.7700
vn 0.9466 -0.2744 0.1693
vn 0.9691 -0.2146 0.1220
vn -0.1932 -0.3103 0.9308
vn -0.0188 -0.2517 0.9676
vn 0.1706 -0.2737 0.9466
vn -0.1431 -0.3016 0.9426
vn 0.1251 -0.2712 -0.9544
vn 0.0094 -0.2922 -0.9563
vn 0.5843 -0.2279 -0.7789
vn 0.3425 -0.2795 -0.8970
vn 0.2805 -0.3856 -0.8790
vn 0.7523 -0.0010 0.6588
vn -0.3584 -0.3657 -0.8590
vn -0.8285 -0.0553 0.5572
vn 0.0889 -0.2904 -0.9528
vn 0.0668 -0.2634 -0.9624
vn -0.9618 -0.2443 -0.1232
vn -0.9122 -0.2915 -0.2878
vn -0.8329 -0.3058 -0.4613
vn -0.7079 -0.3380 -0.6202
vn -0.6044 -0.1072 0.7894
vn -0.8765 0.0098 0.4813
vn -0.9488 -0.0623 0.3097
vn -0.9881 -0.1336 0.0759
vn -0.1987 0.0962 0.9753
vn 0.0290 0.0714 0.9970
vn -0.5074 0.0466 0.8605
vn -0.4038 0.0824 0.9111
vn -0.1084 -0.3818 -0.9179
vn -0.0244 -0.3248 -0.9455
vn -0.5326 -0.3591 -0.7664
vn -0.2427 -0.3977 -0.8848
vn -0.1024 -0.2579 -0.9607
vn -0.0811 -0.2512 -0.9645
vn 0.9599 -0.2435 -0.1389
vn 0.9015 -0.2831 -0.3275
vn 0.8075 -0.3169 -0.4976
vn 0.6074 -0.3412 -0.7174
vn 0.6662 0.0277 0.7453
vn 0.8841 -0.0049 0.4672
vn 0.9548 -0.0447 0.2938
vn 0.9916 -0.1235 0.0377
vn 0.1856 0.1306 0.9739
vn -0.0547 0.0753 0.9957
vn 0.4961 0.0844 0.8642
vn 0.3910 0.1420 0.9094
vn 0.0867 -0.3574 -0.9299
vn 0.0236 -0.2937 -0.9556
vn 0.3539 -0.3727 -0.8578
vn 0.1552 -0.3800 -0.9119
vn 0.7953 0.1987 0.5727
vn -0.7171 0.2480 0.6513
vn 0.3181 -0.3563 0.8785
vn -0.3710 -0.2869 0.8832
vn 0.3110 -0.3579 0.8805
vn -0.2974 -0.3577 0.8852
vn -0.4838 -0.1581 0.8608
vn -0.3006 -0.3538 0.8857
vn 0.2703 -0.3349 0.9027
vn 0.2523 -0.5229 0.8142
vn 0.0864 -0.3229 0.9425
vn -0.5978 -0.0222 0.8013
vn -0.7221 0.1070 0.6835
vn -0.6182 0.3978 0.6780
vn 0.1198 0.3683 0.9220
vn 0.1144 0.2930 0.9493
vn -0.1787 0.4863 0.8553
vn 0.0417 0.4520 0.8910
vn 0.4176 -0.3396 0.8428
vn -0.2712 -0.3333 0.9029
vn -0.1176 -0.3237 0.9388
vn 0.5027 -0.1603 0.8495
vn 0.6334 0.0374 0.7729
vn 0.5232 0.4491 0.7243
vn -0.1232 0.3680 0.9216
vn -0.1103 0.2940 0.9494
vn 0.1231 0.5056 0.8540
vn -0.0469 0.4489 0.8923
vn 0.2896 -0.4098 -0.8650
vn 0.7658 0.0480 0.6412
vn -0.2914 -0.4146 -0.8621
vn -0.7653 0.0399 0.6425
vn 0.1296 -0.2306 -0.9644
vn 0.0537 -0.2807 -0.9583
vn -0.9241 -0.2041 -0.3230
vn -0.9742 -0.1403 -0.1770
vn -0.6063 -0.4147 -0.6785
vn -0.7863 -0.3217 -0.5275
vn -0.8977 0.0266 0.4397
vn -0.6740 0.0467 0.7373
vn -0.9961 -0.0838 -0.0290
vn -0.9727 -0.0232 0.2310
vn -0.1836 0.0983 0.9781
vn 0.0521 0.0493 0.9974
vn -0.5648 0.0786 0.8215
vn -0.4212 0.1226 0.8986
vn -0.1715 -0.3069 -0.9362
vn -0.0681 -0.2514 -0.9655
vn -0.4725 -0.4410 -0.7630
vn -0.2570 -0.3775 -0.8896
vn -0.1342 -0.2113 -0.9681
vn -0.0949 -0.2606 -0.9608
vn 0.8933 -0.2317 -0.3853
vn 0.9665 -0.1524 -0.2064
vn 0.4938 -0.4124 -0.7655
vn 0.7446 -0.3301 -0.5802
vn 0.8943 0.0187 0.4471
vn 0.6727 0.0440 0.7386
vn 0.9947 -0.0865 -0.0552
vn 0.9771 -0.0350 0.2099
vn 0.1497 0.0553 0.9872
vn -0.0740 0.0265 0.9969
vn 0.5590 0.0737 0.8259
vn 0.4000 0.1212 0.9085
vn 0.1598 -0.2574 -0.9530
vn 0.0551 -0.2124 -0.9756
vn 0.3269 -0.4304 -0.8414
vn 0.2182 -0.3557 -0.9088
vn 0.4890 0.0036 -0.8723
vn 0.8593 -0.1200 0.4972
vn -0.4968 -0.0113 -0.8678
vn -0.8573 -0.1208 0.5004
vn 0.1569 -0.0371 -0.9869
vn 0.1008 0.0163 -0.9948
vn -0.9419 -0.0467 -0.3327
vn -0.8792 -0.0196 -0.4761
vn -0.7992 -0.0000 -0.6010
vn -0.6767 0.0001 -0.7362
vn -0.7632 -0.1429 0.6302
vn -0.9343 -0.1140 0.3377
vn -0.9860 -0.1045 0.1303
vn -0.9889 -0.0774 -0.1265
vn -0.2146 -0.1351 0.9673
vn -0.0093 -0.0634 0.9979
vn -0.5299 -0.1909 0.8263
vn -0.3907 -0.1897 0.9008
vn -0.1226 -0.0416 -0.9916
vn 0.0149 -0.0525 -0.9985
vn -0.5508 -0.0023 -0.8346
vn -0.3349 -0.0255 -0.9419
vn -0.1235 -0.0401 -0.9915
vn -0.1114 0.0201 -0.9936
vn 0.9589 0.0363 -0.2814
vn 0.9011 0.1258 -0.4149
vn 0.7537 0.1108 -0.6479
vn 0.6568 0.0433 -0.7528
vn 0.7497 -0.1465 0.6454
vn 0.9351 -0.1130 0.3360
vn 0.9866 -0.1003 0.1289
vn 0.9909 -0.0591 -0.1210
vn 0.1700 -0.1364 0.9760
vn -0.0201 -0.0594 0.9980
vn 0.5322 -0.1982 0.8231
vn 0.3548 -0.1916 0.9151
vn 0.1325 -0.0394 -0.9904
vn -0.0131 -0.0564 -0.9983
vn 0.5605 0.0099 -0.8281
vn 0.3427 -0.0178 -0.9393
vn 0.3977 0.0634 -0.9153
vn 0.8736 0.0187 0.4863
vn -0.4187 0.0499 -0.9067
vn -0.8675 0.0091 0.4974
vn 0.0549 0.0458 -0.9974
vn 0.0241 0.1490 -0.9885
vn -0.8582 0.2883 -0.4247
vn -0.9420 0.2244 -0.2497
vn -0.6283 0.1592 -0.7616
vn -0.7630 0.2541 -0.5944
vn -0.9331 0.0193 0.3592
vn -0.7551 -0.0083 0.6556
vn -0.9899 0.1291 -0.0579
vn -0.9847 0.0613 0.1632
vn -0.2571 -0.1238 0.9584
vn -0.0324 -0.1032 0.9941
vn -0.5247 -0.1028 0.8451
vn -0.4054 -0.1232 0.9058
vn -0.0678 -0.0519 -0.9963
vn 0.0036 -0.0423 -0.9991
vn -0.5178 0.0874 -0.8510
vn -0.2547 -0.0104 -0.9670
vn -0.0922 0.1626 -0.9824
vn -0.0496 0.1870 -0.9811
vn 0.8946 0.2606 -0.3630
vn 0.9572 0.2324 -0.1728
vn 0.5709 0.1963 -0.7972
vn 0.7259 0.2542 -0.6391
vn 0.9353 0.0282 0.3527
vn 0.7480 0.0053 0.6637
vn 0.9866 0.1559 -0.0489
vn 0.9835 0.0753 0.1646
vn 0.1990 -0.1255 0.9719
vn 0.0094 -0.1123 0.9936
vn 0.5161 -0.1045 0.8501
vn 0.3797 -0.1326 0.9155
vn 0.1268 0.0259 -0.9916
vn -0.0119 0.0962 -0.9953
vn 0.5188 0.1222 -0.8461
vn 0.2915 0.0144 -0.9565
vn 0.3241 0.4152 -0.8500
vn 0.8326 0.1562 0.5313
vn -0.2728 0.3139 -0.9094
vn -0.7660 0.2782 0.5795
vn -0.1563 0.5435 -0.8247
vn -0.1057 0.5526 -0.8267
vn -0.9449 0.3065 -0.1149
vn -0.8459 0.2895 -0.4478
vn -0.7085 0.2975 -0.6399
vn -0.4623 0.3074 -0.8317
vn -0.6610 0.1710 0.7307
vn -0.8607 0.2983 0.4126
vn -0.9160 0.2753 0.2918
vn -0.9452 0.2826 0.1635
vn -0.2051 0.0755 0.9758
vn 0.0736 0.1370 0.9878
vn -0.5433 0.0928 0.8344
vn -0.4012 0.0785 0.9126
vn -0.2007 0.4575 -0.8662
vn -0.1955 0.5149 -0.8346
vn -0.3425 0.3139 -0.8855
vn -0.1885 0.3658 -0.9114
vn 0.0414 0.5543 -0.8313
vn -0.0054 0.5611 -0.8277
vn 0.9422 0.3113 -0.1239
vn 0.8987 0.3227 -0.2971
vn 0.7769 0.3516 -0.5223
vn 0.5508 0.3696 -0.7484
vn 0.7272 0.1218 0.6755
vn 0.8817 0.2068 0.4240
vn 0.9052 0.2654 0.3318
vn 0.9385 0.3088 0.1547
vn 0.2036 0.1061 0.9733
vn -0.0819 0.1398 0.9868
vn 0.5466 0.0938 0.8321
vn 0.3979 0.0988 0.9121
vn 0.1693 0.4726 -0.8649
vn 0.1194 0.5201 -0.8457
vn 0.3830 0.3912 -0.8368
vn 0.2175 0.4360 -0.8733
vn -0.2743 -0.3523 0.8948
vn 0.8243 0.4594 -0.3309
vn 0.6644 0.3270 -0.6720
vn -0.4303 -0.4876 -0.7596
vn -0.6370 -0.7060 -0.3096
vn -0.7133 -0.6932 0.1039
vn -0.6814 -0.6770 0.2783
vn 0.7769 0.5625 0.2829
vn 0.8516 0.5233 -0.0316
vn 0.1009 0.0044 0.9949
vn 0.3038 0.2408 0.9218
vn -0.3199 -0.3807 0.8676
vn -0.0706 -0.1555 0.9853
vn -0.6277 -0.6230 0.4667
vn -0.5272 -0.5709 0.6294
vn 0.5181 0.4734 0.7124
vn 0.6533 0.5561 0.5138
vn -0.0432 -0.0246 -0.9988
vn -0.2088 -0.1902 -0.9593
vn 0.4159 0.1816 -0.8911
vn 0.2190 0.1442 -0.9650
vn 0.2796 -0.3537 0.8926
vn -0.8166 0.4599 -0.3488
vn -0.6531 0.3292 -0.6820
vn 0.3185 -0.5338 -0.7833
vn 0.5589 -0.7966 -0.2302
vn 0.6276 -0.7585 0.1752
vn 0.6474 -0.7009 0.2994
vn -0.7765 0.5664 0.2762
vn -0.8481 0.5274 -0.0517
vn -0.1021 0.0150 0.9947
vn -0.2922 0.2475 0.9238
vn 0.3077 -0.3757 0.8742
vn 0.0578 -0.1426 0.9881
vn 0.6162 -0.6359 0.4647
vn 0.5257 -0.5809 0.6214
vn -0.4902 0.4652 0.7371
vn -0.6404 0.5547 0.5312
vn 0.0523 -0.0122 -0.9986
vn 0.1164 -0.1491 -0.9820
vn -0.4107 0.2016 -0.8892
vn -0.1985 0.1454 -0.9693
vt 0.671000 0.253700
vt 0.667700 0.230400
vt 0.682200 0.227500
vt 0.684500 0.249700
vt 0.667200 0.254800
vt 0.670800 0.268600
vt 0.651600 0.273000
vt 0.645200 0.261900
vt 0.625100 0.279500
vt 0.616800 0.271100
vt 0.603400 0.285400
vt 0.596800 0.281700
vt 0.583400 0.300200
vt 0.578400 0.293400
vt 0.565900 0.310800
vt 0.562000 0.304600
vt 0.548200 0.320700
vt 0.544300 0.315900
vt 0.533500 0.329100
vt 0.530400 0.325500
vt 0.519500 0.338600
vt 0.515900 0.336600
vt 0.423700 0.363300
vt 0.422500 0.366900
vt 0.411100 0.355000
vt 0.413400 0.351200
vt 0.400800 0.345000
vt 0.403200 0.341000
vt 0.388700 0.336400
vt 0.390000 0.332000
vt 0.370700 0.327500
vt 0.371800 0.319800
vt 0.334700 0.318100
vt 0.338600 0.307300
vt 0.304200 0.313300
vt 0.307500 0.299100
vt 0.273000 0.293900
vt 0.270800 0.307500
vt 0.257000 0.305800
vt 0.258600 0.290200
vt 0.238200 0.302900
vt 0.239500 0.285100
vt 0.215800 0.299100
vt 0.219800 0.279300
vt 0.187600 0.291700
vt 0.192600 0.273500
vt 0.160900 0.283900
vt 0.165000 0.266100
vt 0.159700 0.264200
vt 0.155400 0.282600
vt 0.142500 0.279200
vt 0.145600 0.258800
vt 0.612600 0.245900
vt 0.588200 0.257900
vt 0.598300 0.214700
vt 0.617200 0.212600
vt 0.604500 0.177800
vt 0.621100 0.178300
vt 0.608700 0.157000
vt 0.624600 0.159900
vt 0.627400 0.145500
vt 0.611500 0.140400
vt 0.613500 0.125400
vt 0.630500 0.132900
vt 0.227100 0.034700
vt 0.248100 0.031200
vt 0.248900 0.047100
vt 0.228500 0.050900
vt 0.246500 0.091100
vt 0.228200 0.093000
vt 0.247700 0.126600
vt 0.228200 0.129800
vt 0.282100 0.125400
vt 0.293000 0.126700
vt 0.291400 0.128300
vt 0.282800 0.130000
vt 0.259200 0.125800
vt 0.271300 0.125700
vt 0.272300 0.129500
vt 0.260200 0.129300
vt 0.248700 0.130100
vt 0.222200 0.262900
vt 0.221700 0.240900
vt 0.241900 0.243700
vt 0.241500 0.266800
vt 0.649300 0.135100
vt 0.647900 0.147800
vt 0.646000 0.162200
vt 0.643700 0.179100
vt 0.639600 0.208800
vt 0.671800 0.135200
vt 0.671000 0.147100
vt 0.667400 0.178700
vt 0.663900 0.206200
vt 0.669500 0.161300
vt 0.668500 0.205300
vt 0.671900 0.178200
vt 0.685700 0.176200
vt 0.682800 0.202600
vt 0.673900 0.160900
vt 0.687700 0.159900
vt 0.675600 0.147100
vt 0.676900 0.135400
vt 0.691300 0.137700
vt 0.689300 0.149100
vt 0.217200 0.187400
vt 0.220100 0.166900
vt 0.223600 0.168100
vt 0.220500 0.188400
vt 0.205400 0.235300
vt 0.211200 0.232800
vt 0.223400 0.238000
vt 0.209000 0.130600
vt 0.208300 0.093800
vt 0.206000 0.054600
vt 0.186500 0.094300
vt 0.183700 0.055500
vt 0.187400 0.127500
vt 0.185500 0.164300
vt 0.215100 0.206500
vt 0.183800 0.201600
vt 0.185200 0.181100
vt 0.181600 0.126600
vt 0.180700 0.163200
vt 0.166500 0.161000
vt 0.166800 0.124200
vt 0.179400 0.180200
vt 0.177800 0.200300
vt 0.162800 0.195500
vt 0.165300 0.177900
vt 0.177800 0.055500
vt 0.181100 0.093700
vt 0.165600 0.091600
vt 0.161500 0.055100
vt 0.163300 0.249900
vt 0.169100 0.228200
vt 0.175200 0.229800
vt 0.168500 0.251400
vt 0.194500 0.257700
vt 0.218900 0.207900
vt 0.154900 0.224200
vt 0.176500 0.041600
vt 0.160000 0.040800
vt 0.204400 0.039100
vt 0.181900 0.041500
vt 0.637800 0.237200
vt 0.663300 0.231400
vt 0.581900 0.177800
vt 0.586100 0.153800
vt 0.571900 0.215800
vt 0.555900 0.250100
vt 0.586200 0.124900
vt 0.536900 0.307200
vt 0.522300 0.320600
vt 0.511600 0.314500
vt 0.525900 0.298400
vt 0.554000 0.295400
vt 0.537500 0.285000
vt 0.570100 0.281800
vt 0.545700 0.269600
vt 0.416800 0.345000
vt 0.405700 0.335300
vt 0.409500 0.327900
vt 0.420700 0.337700
vt 0.426800 0.357100
vt 0.430700 0.348200
vt 0.391700 0.323700
vt 0.373200 0.307000
vt 0.376000 0.291000
vt 0.397400 0.315000
vt 0.273800 0.274500
vt 0.257100 0.271200
vt 0.255900 0.246900
vt 0.273100 0.250400
vt 0.344400 0.289800
vt 0.312600 0.280200
vt 0.310900 0.252300
vt 0.344300 0.260600
vt 0.304000 0.218600
vt 0.330500 0.221800
vt 0.229700 0.133000
vt 0.321600 0.189800
vt 0.302400 0.188900
vt 0.299200 0.167500
vt 0.314400 0.164500
vt 0.214700 0.134400
vt 0.307100 0.125600
vt 0.259400 0.089800
vt 0.270200 0.088600
vt 0.287400 0.086200
vt 0.298600 0.084700
vt 0.262300 0.045100
vt 0.271900 0.044100
vt 0.286700 0.041800
vt 0.297200 0.040600
vt 0.262400 0.029600
vt 0.596400 0.041800
vt 0.599700 0.042000
vt 0.597400 0.059700
vt 0.594100 0.059500
vt 0.592100 0.083600
vt 0.585600 0.082600
vt 0.585200 0.058400
vt 0.587700 0.041500
vt 0.308100 0.251000
vt 0.302200 0.218000
vt 0.288400 0.252000
vt 0.287100 0.248300
vt 0.300900 0.188800
vt 0.599100 0.111300
vt 0.509300 0.333000
vt 0.499200 0.330400
vt 0.674400 0.267600
vt 0.685900 0.263800
vt 0.149100 0.245800
vt 0.161600 0.195700
vt 0.164300 0.178100
vt 0.140700 0.276600
vt 0.144300 0.259200
vt 0.686600 0.176500
vt 0.683800 0.202900
vt 0.683200 0.227700
vt 0.153800 0.224300
vt 0.685500 0.249900
vt 0.688500 0.160000
vt 0.686800 0.264100
vt 0.147900 0.246000
vt 0.692100 0.137600
vt 0.690100 0.149100
vt 0.164700 0.091900
vt 0.160700 0.055200
vt 0.159100 0.040700
vt 0.165800 0.124500
vt 0.165400 0.161300
vt 0.693400 0.159800
vt 0.691400 0.176100
vt 0.142000 0.245200
vt 0.147700 0.223400
vt 0.696900 0.137900
vt 0.695100 0.149200
vt 0.155900 0.194500
vt 0.711800 0.119600
vt 0.704500 0.118700
vt 0.709100 0.104400
vt 0.715900 0.106800
vt 0.155900 0.054600
vt 0.153900 0.040300
vt 0.159400 0.090800
vt 0.689600 0.249500
vt 0.691400 0.263400
vt 0.688800 0.202300
vt 0.688300 0.227100
vt 0.160700 0.123100
vt 0.135700 0.274500
vt 0.138800 0.258500
vt 0.159800 0.159700
vt 0.158300 0.176700
vt 0.158400 0.122700
vt 0.156900 0.090400
vt 0.133500 0.272800
vt 0.136200 0.258200
vt 0.690500 0.227100
vt 0.691300 0.249600
vt 0.157000 0.159200
vt 0.693500 0.176200
vt 0.691000 0.202200
vt 0.139100 0.244900
vt 0.152600 0.194100
vt 0.154900 0.176200
vt 0.695600 0.160000
vt 0.144400 0.223100
vt 0.699400 0.138200
vt 0.697400 0.149500
vt 0.701700 0.117900
vt 0.706700 0.103500
vt 0.153800 0.054300
vt 0.151700 0.040000
vt 0.693200 0.263200
vt 0.137400 0.218400
vt 0.145200 0.190500
vt 0.696000 0.117200
vt 0.701600 0.102800
vt 0.148100 0.054800
vt 0.145700 0.040600
vt 0.150700 0.090100
vt 0.698400 0.248300
vt 0.700200 0.260700
vt 0.698100 0.200600
vt 0.697900 0.226700
vt 0.152200 0.121600
vt 0.128000 0.265500
vt 0.129800 0.252700
vt 0.150300 0.156700
vt 0.700100 0.175400
vt 0.132400 0.239400
vt 0.147300 0.173300
vt 0.702000 0.160600
vt 0.706000 0.139200
vt 0.704000 0.150200
vt 0.310500 0.023200
vt 0.309800 0.016700
vt 0.329400 0.016300
vt 0.329400 0.023200
vt 0.539200 0.247000
vt 0.530000 0.266900
vt 0.513900 0.265500
vt 0.520500 0.247000
vt 0.573700 0.036600
vt 0.573700 0.039300
vt 0.554200 0.038500
vt 0.554200 0.035700
vt 0.360200 0.254600
vt 0.346300 0.219100
vt 0.361000 0.216800
vt 0.374800 0.252400
vt 0.571000 0.056700
vt 0.552900 0.056400
vt 0.433700 0.343000
vt 0.424100 0.332900
vt 0.431000 0.325400
vt 0.439300 0.335800
vt 0.524100 0.279600
vt 0.507300 0.278900
vt 0.335300 0.186600
vt 0.349300 0.182800
vt 0.311300 0.024900
vt 0.329700 0.024900
vt 0.384000 0.285100
vt 0.395600 0.281700
vt 0.413400 0.323200
vt 0.422000 0.315500
vt 0.570600 0.080800
vt 0.569900 0.123200
vt 0.553500 0.123400
vt 0.553400 0.080300
vt 0.320000 0.124200
vt 0.312100 0.083800
vt 0.329800 0.085100
vt 0.335700 0.124200
vt 0.326600 0.162000
vt 0.340500 0.162600
vt 0.567700 0.153500
vt 0.553200 0.152900
vt 0.564900 0.177500
vt 0.552900 0.214300
vt 0.534800 0.213900
vt 0.547500 0.177500
vt 0.503700 0.312600
vt 0.493200 0.328500
vt 0.484000 0.325600
vt 0.491900 0.310300
vt 0.656900 0.041200
vt 0.637000 0.040700
vt 0.636800 0.039400
vt 0.656800 0.039800
vt 0.227200 0.025900
vt 0.246800 0.022300
vt 0.247700 0.027900
vt 0.227400 0.031800
vt 0.704500 0.050900
vt 0.704500 0.049400
vt 0.720800 0.057500
vt 0.720700 0.058400
vt 0.680500 0.043700
vt 0.681000 0.042200
vt 0.699600 0.047200
vt 0.699600 0.048800
vt 0.203700 0.035800
vt 0.202800 0.030900
vt 0.621300 0.040100
vt 0.621300 0.038400
vt 0.282900 0.023700
vt 0.282900 0.016900
vt 0.286700 0.017000
vt 0.287200 0.023200
vt 0.295700 0.016400
vt 0.296000 0.022900
vt 0.311800 0.040500
vt 0.329400 0.040900
vt 0.516300 0.294100
vt 0.501800 0.290400
vt 0.402700 0.309800
vt 0.411800 0.303300
vt 0.722100 0.057700
vt 0.721600 0.058300
vt 0.726100 0.060100
vt 0.725800 0.060700
vt 0.728000 0.061300
vt 0.727700 0.061900
vt 0.733700 0.063000
vt 0.733400 0.063500
vt 0.177600 0.031500
vt 0.177300 0.037900
vt 0.159600 0.038100
vt 0.158900 0.032300
vt 0.182500 0.037900
vt 0.183000 0.032100
vt 0.262000 0.020000
vt 0.262300 0.026600
vt 0.158400 0.038300
vt 0.157700 0.032800
vt 0.153600 0.038000
vt 0.153000 0.032800
vt 0.151400 0.037800
vt 0.150700 0.032600
vt 0.145500 0.038400
vt 0.144500 0.033400
vt 0.282200 0.027100
vt 0.287000 0.026200
vt 0.296300 0.024500
vt 0.587800 0.038800
vt 0.680100 0.045100
vt 0.656900 0.042500
vt 0.282000 0.042800
vt 0.600400 0.038500
vt 0.596700 0.037500
vt 0.695600 0.116500
vt 0.701200 0.101700
vt 0.683300 0.114400
vt 0.687900 0.098800
vt 0.283500 0.309200
vt 0.285600 0.296300
vt 0.632600 0.127200
vt 0.649400 0.129300
vt 0.288800 0.276400
vt 0.256100 0.243800
vt 0.272200 0.247100
vt 0.242600 0.240600
vt 0.280100 0.087200
vt 0.604000 0.106900
vt 0.602400 0.108100
vt 0.595500 0.082200
vt 0.597400 0.081300
vt 0.272600 0.024700
vt 0.272600 0.018400
vt 0.272200 0.028400
vt 0.610700 0.040100
vt 0.601500 0.040800
vt 0.610600 0.038000
vt 0.615400 0.120500
vt 0.673800 0.130100
vt 0.678300 0.131000
vt 0.700100 0.134500
vt 0.706800 0.135600
vt 0.697600 0.134100
vt 0.692900 0.133700
vt 0.692200 0.133600
vt 0.653800 0.115600
vt 0.662400 0.094500
vt 0.680500 0.098500
vt 0.676600 0.113900
vt 0.634700 0.114100
vt 0.642400 0.091100
vt 0.618500 0.109600
vt 0.626600 0.088100
vt 0.615400 0.116700
vt 0.598200 0.059900
vt 0.707400 0.131100
vt 0.700700 0.130000
vt 0.698300 0.129500
vt 0.693800 0.129100
vt 0.693200 0.128700
vt 0.679900 0.126000
vt 0.613400 0.083400
vt 0.610200 0.103300
vt 0.599200 0.080300
vt 0.606000 0.074800
vt 0.650300 0.125100
vt 0.673800 0.125700
vt 0.632700 0.122400
vt 0.599200 0.060100
vt 0.607300 0.059600
vt 0.600300 0.043200
vt 0.601000 0.044600
vt 0.621300 0.041800
vt 0.637200 0.042100
vt 0.636900 0.047600
vt 0.620700 0.046800
vt 0.699700 0.050500
vt 0.704500 0.052300
vt 0.703500 0.056400
vt 0.698000 0.055300
vt 0.720300 0.059100
vt 0.721300 0.059000
vt 0.720000 0.063300
vt 0.719200 0.063000
vt 0.677300 0.051900
vt 0.655300 0.049100
vt 0.725600 0.061300
vt 0.724100 0.065600
vt 0.727400 0.062500
vt 0.726000 0.066700
vt 0.733100 0.064100
vt 0.731600 0.068700
vt 0.610900 0.042100
vt 0.609500 0.046300
vt 0.603000 0.042700
vt 0.670700 0.070300
vt 0.689700 0.072200
vt 0.650500 0.068000
vt 0.633400 0.066000
vt 0.619000 0.062200
vt 0.298000 0.167800
vt 0.696100 0.074000
vt 0.711000 0.079500
vt 0.711700 0.080100
vt 0.716200 0.082000
vt 0.718100 0.083100
vt 0.724600 0.086700
vt 0.789700 0.565800
vt 0.790800 0.565100
vt 0.791500 0.568000
vt 0.790400 0.568200
vt 0.793600 0.564400
vt 0.796300 0.563800
vt 0.797300 0.566400
vt 0.794400 0.567200
vt 0.786900 0.560400
vt 0.789400 0.560300
vt 0.790300 0.562400
vt 0.787500 0.563300
vt 0.785500 0.578200
vt 0.788300 0.577500
vt 0.789000 0.580400
vt 0.786200 0.580700
vt 0.782700 0.567300
vt 0.785500 0.566700
vt 0.786200 0.569300
vt 0.783600 0.570000
vt 0.795000 0.574500
vt 0.796800 0.573700
vt 0.796200 0.575200
vt 0.795200 0.576500
vt 0.778800 0.574200
vt 0.781700 0.573400
vt 0.782100 0.576100
vt 0.779800 0.576500
vt 0.791400 0.560500
vt 0.793400 0.560300
vt 0.794800 0.561700
vt 0.792500 0.562100
vt 0.781000 0.578100
vt 0.782900 0.578300
vt 0.783700 0.580500
vt 0.781800 0.579900
vt 0.777300 0.564100
vt 0.778900 0.563000
vt 0.779200 0.565300
vt 0.777100 0.566100
vt 0.784200 0.572700
vt 0.786900 0.572000
vt 0.787500 0.574600
vt 0.784800 0.575300
vt 0.777300 0.568600
vt 0.780200 0.567900
vt 0.780800 0.570700
vt 0.777900 0.571400
vt 0.781200 0.561900
vt 0.784000 0.561100
vt 0.784800 0.564000
vt 0.782000 0.564700
vt 0.791100 0.576700
vt 0.793400 0.575600
vt 0.793700 0.577900
vt 0.791700 0.579300
vt 0.788100 0.565900
vt 0.795100 0.570000
vt 0.797700 0.569300
vt 0.797400 0.571800
vt 0.795200 0.572500
vt 0.788900 0.568700
vt 0.783200 0.558100
vt 0.786100 0.557800
vt 0.788600 0.558100
vt 0.781700 0.567800
vt 0.782400 0.570300
vt 0.793100 0.573300
vt 0.775000 0.572200
vt 0.776100 0.574800
vt 0.777600 0.576800
vt 0.790600 0.558600
vt 0.779000 0.578300
vt 0.792100 0.559300
vt 0.780300 0.579200
vt 0.776100 0.563500
vt 0.777100 0.562200
vt 0.775500 0.564900
vt 0.774900 0.566900
vt 0.783000 0.572700
vt 0.778500 0.560700
vt 0.774700 0.569400
vt 0.789700 0.571400
vt 0.790300 0.573900
vt 0.780600 0.559300
vt 0.792100 0.570700
vt 0.791000 0.570700
vt 0.774300 0.566800
vt 0.774900 0.564700
vt 0.786100 0.557100
vt 0.788700 0.557400
vt 0.794200 0.578400
vt 0.792000 0.580000
vt 0.781500 0.580500
vt 0.779900 0.579800
vt 0.777100 0.577300
vt 0.775500 0.575100
vt 0.789200 0.581100
vt 0.786200 0.581400
vt 0.795700 0.576900
vt 0.795300 0.561300
vt 0.796900 0.563500
vt 0.775500 0.563100
vt 0.776600 0.561700
vt 0.774400 0.572400
vt 0.774000 0.569400
vt 0.792400 0.558700
vt 0.793800 0.559700
vt 0.778600 0.578800
vt 0.778100 0.560200
vt 0.783600 0.581100
vt 0.783100 0.557500
vt 0.790800 0.558000
vt 0.780300 0.558600
vt 0.798100 0.571900
vt 0.797400 0.574000
vt 0.798000 0.566300
vt 0.798400 0.569300
vt 0.796800 0.575600
vt 0.774500 0.560100
vt 0.776400 0.558200
vt 0.795800 0.580400
vt 0.793200 0.582300
vt 0.777000 0.580800
vt 0.775100 0.579000
vt 0.799200 0.562200
vt 0.800600 0.565600
vt 0.771800 0.573100
vt 0.771400 0.569500
vt 0.793700 0.556500
vt 0.795400 0.557700
vt 0.801000 0.569200
vt 0.797300 0.559600
vt 0.789300 0.554800
vt 0.791800 0.555600
vt 0.786000 0.554500
vt 0.772500 0.563700
vt 0.773300 0.561800
vt 0.782400 0.554900
vt 0.773200 0.576400
vt 0.800600 0.572400
vt 0.799800 0.575000
vt 0.797700 0.578500
vt 0.799000 0.576900
vt 0.778600 0.582000
vt 0.771700 0.566300
vt 0.783100 0.583700
vt 0.780500 0.582900
vt 0.779000 0.556300
vt 0.786300 0.584000
vt 0.789900 0.583700
vt 0.768500 0.569600
vt 0.768800 0.565700
vt 0.772900 0.580900
vt 0.770700 0.577700
vt 0.782500 0.586500
vt 0.779500 0.585600
vt 0.777300 0.584400
vt 0.777600 0.553700
vt 0.781700 0.552100
vt 0.786300 0.586900
vt 0.769800 0.562700
vt 0.797300 0.555500
vt 0.799600 0.557700
vt 0.774400 0.556000
vt 0.770900 0.560500
vt 0.772300 0.558400
vt 0.794500 0.584900
vt 0.790600 0.586400
vt 0.801300 0.578300
vt 0.799900 0.580300
vt 0.797800 0.582700
vt 0.775200 0.583000
vt 0.801800 0.560900
vt 0.803300 0.564900
vt 0.769100 0.573800
vt 0.795200 0.554100
vt 0.803900 0.569200
vt 0.789900 0.551900
vt 0.792900 0.552900
vt 0.785900 0.551500
vt 0.803500 0.573000
vt 0.802500 0.576100
vt 0.780300 0.565900
vt 0.780600 0.567100
vt 0.782800 0.575000
vt 0.784000 0.574800
vt 0.790000 0.564700
vt 0.789600 0.563600
vt 0.783800 0.573500
vt 0.783100 0.573600
vt 0.790800 0.573100
vt 0.792000 0.572700
vt 0.781100 0.567900
vt 0.781000 0.567100
vt 0.791700 0.571500
vt 0.791300 0.571600
vt 0.788400 0.563800
vt 0.788500 0.565100
vt 0.782400 0.573800
vt 0.781500 0.565500
vt 0.782000 0.566800
vt 0.790300 0.571800
vt 0.789200 0.565900
vt 0.789000 0.565000
vt 0.786000 0.594500
vt 0.780800 0.593300
vt 0.762100 0.564100
vt 0.763100 0.559900
vt 0.801800 0.549700
vt 0.804800 0.552900
vt 0.769600 0.550900
vt 0.773600 0.547200
vt 0.764500 0.556800
vt 0.766500 0.553900
vt 0.798500 0.591300
vt 0.792600 0.594500
vt 0.807600 0.582000
vt 0.805600 0.584800
vt 0.802500 0.587800
vt 0.770800 0.588700
vt 0.767900 0.585700
vt 0.808400 0.557000
vt 0.811500 0.562900
vt 0.761100 0.575900
vt 0.760900 0.569300
vt 0.799000 0.547700
vt 0.811500 0.569600
vt 0.791600 0.545100
vt 0.795800 0.546200
vt 0.786300 0.543800
vt 0.779500 0.543900
vt 0.764300 0.581700
vt 0.810200 0.574800
vt 0.809100 0.578900
vt 0.773600 0.590700
vt 0.776700 0.592200
vt 0.781700 0.570500
vt 0.782400 0.572900
vt 0.782700 0.573800
vt 0.781500 0.566900
vt 0.789700 0.568400
vt 0.790500 0.570900
vt 0.790800 0.571700
vt 0.789500 0.565000
vt 0.160700 0.285500
vt 0.155400 0.284300
vt 0.410100 0.355900
vt 0.400300 0.346200
vt 0.238000 0.304300
vt 0.215700 0.300400
vt 0.584600 0.302000
vt 0.566000 0.312200
vt 0.282900 0.310400
vt 0.270500 0.308800
vt 0.132400 0.277100
vt 0.126600 0.274200
vt 0.388700 0.337700
vt 0.370700 0.328900
vt 0.686000 0.265000
vt 0.674800 0.268800
vt 0.187400 0.292900
vt 0.548400 0.322100
vt 0.533900 0.330500
vt 0.140300 0.279200
vt 0.135100 0.277800
vt 0.334500 0.318800
vt 0.303600 0.314000
vt 0.651900 0.274300
vt 0.625500 0.280800
vt 0.671200 0.269900
vt 0.700400 0.261400
vt 0.693400 0.263800
vt 0.421400 0.367500
vt 0.256400 0.307200
vt 0.604600 0.287100
vt 0.687100 0.264900
vt 0.691500 0.264100
vt 0.141700 0.281100
vt 0.520000 0.339900
vt 0.549400 0.324100
vt 0.534800 0.332100
vt 0.655300 0.287300
vt 0.629500 0.293800
vt 0.131900 0.281700
vt 0.125600 0.280800
vt 0.694800 0.276400
vt 0.690600 0.277500
vt 0.215300 0.302800
vt 0.186700 0.295900
vt 0.370000 0.331300
vt 0.333300 0.321300
vt 0.520700 0.341100
vt 0.609000 0.298900
vt 0.159800 0.288700
vt 0.154500 0.287400
vt 0.139400 0.283300
vt 0.134300 0.282200
vt 0.302500 0.316300
vt 0.420400 0.368500
vt 0.409300 0.356800
vt 0.587000 0.306200
vt 0.689600 0.277800
vt 0.678200 0.281200
vt 0.140600 0.283500
vt 0.269800 0.311500
vt 0.255700 0.309500
vt 0.399700 0.347400
vt 0.567200 0.314900
vt 0.674600 0.282200
vt 0.281500 0.313100
vt 0.696700 0.275900
vt 0.237600 0.307100
vt 0.388100 0.339600
vt 0.703400 0.274000
vt 0.250600 0.168600
vt 0.237800 0.168700
vt 0.235800 0.189200
vt 0.250200 0.188900
vt 0.246100 0.212300
vt 0.232700 0.211000
vt 0.258000 0.213500
vt 0.272400 0.213600
vt 0.275600 0.188500
vt 0.263100 0.188300
vt 0.263200 0.168800
vt 0.275600 0.168900
vt 0.285600 0.215000
vt 0.286800 0.188400
vt 0.286200 0.168300
vt 0.365200 0.215800
vt 0.380300 0.251200
vt 0.399500 0.279700
vt 0.547800 0.056100
vt 0.549000 0.038300
vt 0.530200 0.213400
vt 0.543300 0.176700
vt 0.345000 0.161700
vt 0.353000 0.182100
vt 0.335000 0.016300
vt 0.334900 0.023300
vt 0.415600 0.300400
vt 0.425000 0.312700
vt 0.548500 0.152400
vt 0.339000 0.124100
vt 0.549400 0.123300
vt 0.548800 0.080000
vt 0.509100 0.265000
vt 0.515700 0.246900
vt 0.487500 0.309400
vt 0.497300 0.288900
vt 0.502400 0.278600
vt 0.334400 0.041100
vt 0.335400 0.085200
vt 0.335000 0.025100
vt 0.480300 0.324500
vt 0.433900 0.322400
vt 0.441700 0.332900
vt 0.548900 0.035800
vt 0.496000 0.288500
vt 0.501000 0.278100
vt 0.547100 0.152300
vt 0.548100 0.123200
vt 0.479400 0.324300
vt 0.486200 0.309000
vt 0.335600 0.041200
vt 0.336700 0.085200
vt 0.400800 0.279100
vt 0.416700 0.299700
vt 0.514500 0.246700
vt 0.529000 0.213200
vt 0.346100 0.161400
vt 0.354000 0.181700
vt 0.336600 0.025100
vt 0.547300 0.080000
vt 0.546500 0.056100
vt 0.366400 0.215500
vt 0.381600 0.251100
vt 0.507700 0.264700
vt 0.542200 0.176500
vt 0.336700 0.015800
vt 0.336500 0.023300
vt 0.547400 0.038400
vt 0.434500 0.321900
vt 0.442400 0.332300
vt 0.340200 0.124000
vt 0.425600 0.312200
vt 0.547400 0.035500
vt 0.542100 0.056000
vt 0.542300 0.037700
vt 0.357900 0.181300
vt 0.370700 0.214800
vt 0.437100 0.319300
vt 0.444900 0.329600
vt 0.537200 0.176100
vt 0.542100 0.151900
vt 0.341200 0.023400
vt 0.341200 0.025300
vt 0.543800 0.123100
vt 0.542900 0.079900
vt 0.345100 0.124000
vt 0.351000 0.160900
vt 0.428600 0.309600
vt 0.496400 0.277700
vt 0.503200 0.264600
vt 0.543200 0.035200
vt 0.385500 0.250000
vt 0.404800 0.277100
vt 0.342100 0.085300
vt 0.420100 0.297300
vt 0.491500 0.287900
vt 0.475800 0.323200
vt 0.482200 0.308300
vt 0.340100 0.041300
vt 0.509800 0.246500
vt 0.524500 0.213000
vt 0.341500 0.016000
vt 0.538200 0.151300
vt 0.540700 0.123200
vt 0.472100 0.321800
vt 0.478900 0.307500
vt 0.343300 0.041400
vt 0.345800 0.085200
vt 0.407900 0.275100
vt 0.423200 0.295100
vt 0.488100 0.287300
vt 0.506200 0.245700
vt 0.520600 0.212400
vt 0.355300 0.160600
vt 0.362400 0.181100
vt 0.344300 0.025500
vt 0.539800 0.079900
vt 0.539200 0.055800
vt 0.374900 0.213600
vt 0.389400 0.248100
vt 0.498500 0.264000
vt 0.533400 0.175400
vt 0.344500 0.017900
vt 0.344400 0.024000
vt 0.539100 0.036700
vt 0.440100 0.316700
vt 0.447500 0.326800
vt 0.348700 0.124100
vt 0.431700 0.307100
vt 0.493000 0.277300
vt 0.540500 0.034800
vt 0.649500 0.533700
vt 0.645100 0.546800
vt 0.622500 0.542500
vt 0.626000 0.528300
vt 0.650700 0.530000
vt 0.658600 0.508300
vt 0.669400 0.515200
vt 0.664400 0.534200
vt 0.668400 0.481800
vt 0.676900 0.489800
vt 0.678600 0.464500
vt 0.682600 0.470200
vt 0.690800 0.446300
vt 0.697600 0.449900
vt 0.702600 0.426900
vt 0.708800 0.430400
vt 0.714600 0.407500
vt 0.718900 0.412600
vt 0.724100 0.393700
vt 0.727400 0.398200
vt 0.735000 0.379200
vt 0.737000 0.384100
vt 0.054700 0.289200
vt 0.068300 0.298100
vt 0.063600 0.301500
vt 0.049800 0.290900
vt 0.077900 0.308500
vt 0.073400 0.312800
vt 0.084900 0.322600
vt 0.080600 0.325200
vt 0.093800 0.343200
vt 0.086000 0.344000
vt 0.102900 0.381900
vt 0.092100 0.380200
vt 0.113400 0.413600
vt 0.097900 0.410700
vt 0.118800 0.446400
vt 0.120800 0.459900
vt 0.103300 0.458100
vt 0.102700 0.444000
vt 0.122500 0.476300
vt 0.104400 0.476700
vt 0.124500 0.495400
vt 0.104900 0.499100
vt 0.125700 0.524600
vt 0.106300 0.528300
vt 0.128900 0.551900
vt 0.108900 0.556300
vt 0.129800 0.557700
vt 0.133200 0.573300
vt 0.111800 0.574600
vt 0.109300 0.561700
vt 0.643100 0.476900
vt 0.609700 0.477000
vt 0.612300 0.459300
vt 0.655300 0.456000
vt 0.574800 0.478200
vt 0.574800 0.461900
vt 0.556400 0.480600
vt 0.553800 0.464100
vt 0.541700 0.483600
vt 0.529300 0.486000
vt 0.522400 0.470100
vt 0.537000 0.467500
vt 0.368300 0.510900
vt 0.352300 0.506900
vt 0.356500 0.486900
vt 0.372400 0.490100
vt 0.308900 0.505700
vt 0.312200 0.485400
vt 0.272600 0.501300
vt 0.276900 0.483500
vt 0.278900 0.451000
vt 0.274500 0.450700
vt 0.276500 0.442000
vt 0.278100 0.440300
vt 0.278100 0.472800
vt 0.274600 0.472000
vt 0.274600 0.460700
vt 0.278400 0.461200
vt 0.273600 0.482400
vt 0.141900 0.492900
vt 0.141400 0.475200
vt 0.165700 0.477200
vt 0.165500 0.494200
vt 0.543300 0.505200
vt 0.530900 0.505800
vt 0.574400 0.501300
vt 0.557500 0.503400
vt 0.604800 0.498400
vt 0.540800 0.529900
vt 0.530100 0.530200
vt 0.601100 0.522500
vt 0.572600 0.526000
vt 0.554800 0.528600
vt 0.600000 0.527100
vt 0.596600 0.541700
vt 0.568900 0.545100
vt 0.571700 0.530700
vt 0.552300 0.547800
vt 0.554000 0.533200
vt 0.540700 0.535100
vt 0.542100 0.549600
vt 0.532000 0.551200
vt 0.530200 0.535600
vt 0.215600 0.506300
vt 0.214900 0.502900
vt 0.233200 0.503900
vt 0.233800 0.507500
vt 0.168700 0.493100
vt 0.172600 0.508700
vt 0.168800 0.513900
vt 0.306700 0.526900
vt 0.269500 0.520600
vt 0.349500 0.530200
vt 0.349600 0.553100
vt 0.305600 0.547700
vt 0.270100 0.543300
vt 0.232100 0.539800
vt 0.216300 0.539400
vt 0.197000 0.541000
vt 0.195500 0.507300
vt 0.270500 0.549300
vt 0.271500 0.564700
vt 0.233900 0.561600
vt 0.232700 0.545800
vt 0.216600 0.546300
vt 0.217300 0.562000
vt 0.200100 0.562900
vt 0.197400 0.547400
vt 0.349700 0.559400
vt 0.350600 0.575100
vt 0.308600 0.567700
vt 0.306300 0.552700
vt 0.145600 0.555600
vt 0.144700 0.550100
vt 0.168600 0.545400
vt 0.169100 0.552400
vt 0.143200 0.522800
vt 0.194700 0.503700
vt 0.171000 0.567700
vt 0.364300 0.561200
vt 0.365300 0.577100
vt 0.364800 0.533800
vt 0.364100 0.556100
vt 0.633900 0.499400
vt 0.627100 0.523900
vt 0.550600 0.440500
vt 0.574500 0.437900
vt 0.613600 0.432800
vt 0.648900 0.423600
vt 0.522200 0.442700
vt 0.706300 0.398600
vt 0.698000 0.387200
vt 0.713800 0.373100
vt 0.719300 0.383500
vt 0.694200 0.418600
vt 0.684500 0.402400
vt 0.679800 0.438700
vt 0.668900 0.413300
vt 0.075300 0.293100
vt 0.082300 0.288600
vt 0.091700 0.299600
vt 0.084000 0.304500
vt 0.062700 0.284200
vt 0.071200 0.279700
vt 0.094000 0.319300
vt 0.103100 0.312900
vt 0.121200 0.343200
vt 0.105800 0.344100
vt 0.140100 0.449200
vt 0.164500 0.452900
vt 0.165100 0.466300
vt 0.140600 0.462900
vt 0.119500 0.385300
vt 0.155300 0.388600
vt 0.164600 0.421200
vt 0.135600 0.413000
vt 0.195000 0.408300
vt 0.196000 0.433000
vt 0.269600 0.499500
vt 0.222600 0.418100
vt 0.244400 0.421700
vt 0.240200 0.437700
vt 0.221300 0.436700
vt 0.266400 0.514400
vt 0.280300 0.423900
vt 0.316600 0.458800
vt 0.314600 0.470800
vt 0.321300 0.425900
vt 0.319400 0.439300
vt 0.361400 0.461900
vt 0.359700 0.473000
vt 0.366100 0.431700
vt 0.364500 0.443500
vt 0.375200 0.474900
vt 0.441200 0.448900
vt 0.458600 0.445700
vt 0.458700 0.451100
vt 0.441200 0.452900
vt 0.458000 0.435200
vt 0.481400 0.438800
vt 0.482300 0.446300
vt 0.441400 0.435200
vt 0.196200 0.434200
vt 0.166100 0.424100
vt 0.167500 0.441500
vt 0.164500 0.439800
vt 0.221200 0.437700
vt 0.509100 0.454900
vt 0.731100 0.371000
vt 0.728800 0.361700
vt 0.663300 0.537800
vt 0.659100 0.549100
vt 0.147700 0.571000
vt 0.217000 0.562900
vt 0.199900 0.564100
vt 0.132500 0.574500
vt 0.113900 0.577100
vt 0.596800 0.542700
vt 0.569100 0.546100
vt 0.622700 0.543500
vt 0.170700 0.568800
vt 0.645300 0.547800
vt 0.552300 0.548700
vt 0.659400 0.550000
vt 0.147400 0.572200
vt 0.542100 0.550300
vt 0.531900 0.551900
vt 0.350400 0.575900
vt 0.308300 0.568500
vt 0.365500 0.577900
vt 0.271200 0.565600
vt 0.233600 0.562700
vt 0.568500 0.551100
vt 0.552000 0.553700
vt 0.171100 0.574400
vt 0.147500 0.577700
vt 0.542000 0.555500
vt 0.532100 0.556900
vt 0.200500 0.570100
vt 0.515400 0.570300
vt 0.505100 0.572200
vt 0.502100 0.566000
vt 0.514900 0.563500
vt 0.365500 0.582900
vt 0.350800 0.580400
vt 0.309200 0.573800
vt 0.658500 0.554500
vt 0.644700 0.551900
vt 0.621900 0.548700
vt 0.596000 0.547800
vt 0.272300 0.570800
vt 0.132600 0.579700
vt 0.115500 0.581200
vt 0.234700 0.568400
vt 0.217700 0.568900
vt 0.309500 0.576500
vt 0.272500 0.573200
vt 0.132700 0.582100
vt 0.117000 0.583800
vt 0.644800 0.553600
vt 0.621800 0.550800
vt 0.235000 0.571300
vt 0.595900 0.550200
vt 0.568400 0.553200
vt 0.147500 0.580400
vt 0.217900 0.572400
vt 0.200500 0.573300
vt 0.552100 0.555900
vt 0.171000 0.577400
vt 0.542200 0.557900
vt 0.532300 0.559500
vt 0.501600 0.564100
vt 0.514400 0.560600
vt 0.365500 0.585000
vt 0.350900 0.582500
vt 0.658300 0.556400
vt 0.203100 0.580800
vt 0.174600 0.584800
vt 0.513600 0.555500
vt 0.501600 0.558900
vt 0.364400 0.590500
vt 0.350100 0.588000
vt 0.309500 0.582700
vt 0.655500 0.563300
vt 0.643000 0.560600
vt 0.620800 0.558200
vt 0.593900 0.557500
vt 0.273400 0.579400
vt 0.138100 0.588600
vt 0.123700 0.589400
vt 0.237000 0.578200
vt 0.567800 0.560000
vt 0.152400 0.587500
vt 0.220300 0.580000
vt 0.552800 0.562300
vt 0.542900 0.564500
vt 0.532900 0.566100
vt 0.384200 0.420300
vt 0.384500 0.407100
vt 0.390900 0.408000
vt 0.390600 0.420200
vt 0.646400 0.404700
vt 0.647400 0.385100
vt 0.665800 0.376600
vt 0.666600 0.395600
vt 0.437400 0.421200
vt 0.437200 0.409400
vt 0.439600 0.409400
vt 0.439900 0.421000
vt 0.159700 0.369100
vt 0.163600 0.346600
vt 0.201900 0.361600
vt 0.198500 0.385500
vt 0.457200 0.410500
vt 0.457100 0.422800
vt 0.076000 0.276900
vt 0.082600 0.272700
vt 0.092200 0.281700
vt 0.086100 0.286100
vt 0.679000 0.370400
vt 0.679400 0.388300
vt 0.231000 0.375000
vt 0.226700 0.398100
vt 0.382600 0.420200
vt 0.382900 0.406800
vt 0.127000 0.335200
vt 0.133700 0.321800
vt 0.101700 0.291100
vt 0.096200 0.296100
vt 0.479800 0.426000
vt 0.479900 0.412800
vt 0.520600 0.412100
vt 0.520300 0.425500
vt 0.282900 0.408200
vt 0.284400 0.390400
vt 0.323000 0.394700
vt 0.322900 0.411400
vt 0.248200 0.404200
vt 0.249400 0.382200
vt 0.550000 0.409500
vt 0.549900 0.424600
vt 0.574300 0.420400
vt 0.574400 0.406700
vt 0.612600 0.398900
vt 0.612500 0.415900
vt 0.712400 0.365500
vt 0.711200 0.355100
vt 0.726300 0.348800
vt 0.727500 0.356400
vt 0.440600 0.513300
vt 0.439100 0.513100
vt 0.437500 0.493100
vt 0.438800 0.493400
vt 0.377300 0.512100
vt 0.371300 0.511000
vt 0.375600 0.491000
vt 0.381300 0.492300
vt 0.454300 0.557700
vt 0.461800 0.572700
vt 0.461000 0.572800
vt 0.452900 0.557700
vt 0.445400 0.535000
vt 0.452200 0.552800
vt 0.450500 0.552800
vt 0.443800 0.535200
vt 0.373400 0.535500
vt 0.368200 0.534600
vt 0.436400 0.476500
vt 0.438200 0.476500
vt 0.382400 0.452900
vt 0.383100 0.447500
vt 0.389300 0.448800
vt 0.389200 0.453500
vt 0.384000 0.434500
vt 0.390400 0.435100
vt 0.367300 0.404900
vt 0.366900 0.418800
vt 0.694000 0.377900
vt 0.690800 0.363800
vt 0.108200 0.308200
vt 0.114300 0.300800
vt 0.461700 0.573600
vt 0.461200 0.574000
vt 0.463800 0.577700
vt 0.463200 0.578000
vt 0.464700 0.579500
vt 0.464100 0.579800
vt 0.465700 0.585000
vt 0.465200 0.585300
vt 0.373900 0.561000
vt 0.373400 0.578500
vt 0.368100 0.577700
vt 0.367900 0.560800
vt 0.373300 0.555300
vt 0.367600 0.555600
vt 0.378200 0.475400
vt 0.384700 0.476200
vt 0.372900 0.579600
vt 0.367800 0.578700
vt 0.372500 0.584000
vt 0.367700 0.583200
vt 0.372400 0.586100
vt 0.367600 0.585300
vt 0.371100 0.591800
vt 0.366500 0.590800
vt 0.379000 0.452700
vt 0.380200 0.447000
vt 0.382400 0.433800
vt 0.438800 0.435800
vt 0.442200 0.513500
vt 0.446900 0.534700
vt 0.363300 0.449600
vt 0.437700 0.453800
vt 0.437000 0.449100
vt 0.513100 0.555000
vt 0.500600 0.558400
vt 0.511600 0.541300
vt 0.498100 0.544900
vt 0.117300 0.433600
vt 0.101600 0.431800
vt 0.525300 0.505800
vt 0.523800 0.488300
vt 0.139300 0.436300
vt 0.167300 0.453800
vt 0.168000 0.466500
vt 0.168900 0.476900
vt 0.318300 0.448100
vt 0.504600 0.459900
vt 0.479500 0.451700
vt 0.480600 0.450100
vt 0.505700 0.458400
vt 0.380800 0.463900
vt 0.387100 0.464200
vt 0.377100 0.463800
vt 0.438500 0.464600
vt 0.436500 0.464400
vt 0.439800 0.455000
vt 0.517600 0.471200
vt 0.525200 0.532000
vt 0.526300 0.536700
vt 0.529700 0.566600
vt 0.529100 0.560000
vt 0.528800 0.557400
vt 0.528500 0.552500
vt 0.528400 0.551800
vt 0.512000 0.510400
vt 0.511000 0.534100
vt 0.497900 0.538000
vt 0.493300 0.519100
vt 0.510700 0.490300
vt 0.489500 0.498600
vt 0.506700 0.474700
vt 0.486100 0.482400
vt 0.513500 0.471200
vt 0.458800 0.452000
vt 0.525700 0.567000
vt 0.525100 0.560600
vt 0.524800 0.558000
vt 0.524500 0.553200
vt 0.524000 0.552700
vt 0.521800 0.538000
vt 0.481700 0.468900
vt 0.473000 0.461200
vt 0.478400 0.453300
vt 0.501900 0.465900
vt 0.521200 0.506700
vt 0.521300 0.531600
vt 0.518800 0.488000
vt 0.458100 0.461200
vt 0.458900 0.452900
vt 0.442300 0.453600
vt 0.443600 0.454300
vt 0.439800 0.476500
vt 0.444800 0.476300
vt 0.445500 0.492900
vt 0.440000 0.493600
vt 0.453800 0.552800
vt 0.457900 0.551100
vt 0.459600 0.556700
vt 0.455800 0.557600
vt 0.462500 0.572300
vt 0.466100 0.571100
vt 0.466300 0.572000
vt 0.462300 0.573300
vt 0.448200 0.511600
vt 0.453000 0.532500
vt 0.468100 0.576200
vt 0.464300 0.577500
vt 0.469000 0.578000
vt 0.465200 0.579300
vt 0.470400 0.583600
vt 0.466200 0.584800
vt 0.440700 0.464600
vt 0.441600 0.456500
vt 0.444900 0.463400
vt 0.470400 0.526700
vt 0.473700 0.544600
vt 0.466700 0.506700
vt 0.463700 0.489400
vt 0.460100 0.474700
vt 0.239900 0.438900
vt 0.475600 0.550200
vt 0.480600 0.564500
vt 0.481100 0.565200
vt 0.482600 0.569800
vt 0.483200 0.571300
vt 0.485000 0.577900
vt 0.107500 0.561700
vt 0.107200 0.556400
vt 0.072600 0.313200
vt 0.062900 0.302400
vt 0.103600 0.499200
vt 0.103100 0.476700
vt 0.710000 0.430800
vt 0.699700 0.450700
vt 0.101400 0.444100
vt 0.100300 0.431800
vt 0.115200 0.590500
vt 0.112100 0.584100
vt 0.084800 0.344000
vt 0.079600 0.325300
vt 0.664500 0.538100
vt 0.660400 0.549200
vt 0.105000 0.528400
vt 0.728400 0.398700
vt 0.720000 0.413100
vt 0.111700 0.581600
vt 0.110800 0.577100
vt 0.097100 0.411100
vt 0.091400 0.380300
vt 0.678200 0.490200
vt 0.670700 0.515500
vt 0.665700 0.534600
vt 0.658900 0.556600
vt 0.656200 0.563500
vt 0.049300 0.291800
vt 0.101900 0.458200
vt 0.684600 0.471000
vt 0.660200 0.550300
vt 0.659300 0.554700
vt 0.109800 0.574700
vt 0.737900 0.384600
vt 0.729800 0.400100
vt 0.721700 0.414700
vt 0.691300 0.493500
vt 0.683800 0.519300
vt 0.108600 0.591200
vt 0.107500 0.585000
vt 0.672700 0.554300
vt 0.671400 0.558500
vt 0.102000 0.529000
vt 0.101100 0.499600
vt 0.088800 0.380700
vt 0.082500 0.344700
vt 0.738900 0.385700
vt 0.696800 0.473400
vt 0.104400 0.562300
vt 0.103900 0.556900
vt 0.107200 0.582700
vt 0.106500 0.577600
vt 0.094700 0.411000
vt 0.061900 0.303300
vt 0.048100 0.292800
vt 0.704100 0.451900
vt 0.676800 0.542000
vt 0.673100 0.553300
vt 0.106400 0.576400
vt 0.099400 0.458200
vt 0.098500 0.443800
vt 0.071500 0.314100
vt 0.712500 0.432400
vt 0.677900 0.538400
vt 0.097400 0.431900
vt 0.670800 0.560300
vt 0.100200 0.476900
vt 0.077800 0.326300
vt 0.668800 0.566900
vt 0.234600 0.490300
vt 0.236600 0.479400
vt 0.215600 0.487600
vt 0.195300 0.488600
vt 0.196000 0.477300
vt 0.216900 0.476200
vt 0.196800 0.456200
vt 0.195800 0.467800
vt 0.219000 0.456100
vt 0.237300 0.458300
vt 0.236900 0.469200
vt 0.218200 0.466400
vt 0.196700 0.445700
vt 0.238500 0.449300
vt 0.220000 0.447300
vt 0.165000 0.340400
vt 0.203100 0.355300
vt 0.136100 0.317700
vt 0.439600 0.406500
vt 0.457100 0.407400
vt 0.573400 0.403900
vt 0.612100 0.395000
vt 0.231700 0.369900
vt 0.250100 0.377600
vt 0.384500 0.403400
vt 0.390900 0.404600
vt 0.104500 0.288700
vt 0.116100 0.298700
vt 0.549500 0.406300
vt 0.285200 0.385600
vt 0.479600 0.409400
vt 0.520200 0.408700
vt 0.647500 0.381100
vt 0.665900 0.372900
vt 0.689500 0.360300
vt 0.710700 0.351500
vt 0.678800 0.366000
vt 0.323300 0.391300
vt 0.367600 0.400600
vt 0.382900 0.402800
vt 0.725700 0.345800
vt 0.085200 0.270900
vt 0.094700 0.279900
vt 0.437300 0.406400
vt 0.678200 0.365000
vt 0.689100 0.359100
vt 0.520100 0.407700
vt 0.549400 0.405300
vt 0.710400 0.350600
vt 0.725500 0.344900
vt 0.323400 0.390300
vt 0.367700 0.399400
vt 0.116800 0.298000
vt 0.136700 0.316800
vt 0.611900 0.394200
vt 0.647300 0.380000
vt 0.232100 0.369000
vt 0.250400 0.376500
vt 0.383100 0.401600
vt 0.457200 0.406500
vt 0.479700 0.408100
vt 0.165100 0.339200
vt 0.203400 0.354100
vt 0.665600 0.371900
vt 0.573200 0.403000
vt 0.384800 0.402000
vt 0.391600 0.403200
vt 0.439700 0.405400
vt 0.085700 0.270200
vt 0.095300 0.279400
vt 0.285300 0.384400
vt 0.105200 0.288200
vt 0.437200 0.405200
vt 0.439200 0.401400
vt 0.457100 0.403800
vt 0.203700 0.349700
vt 0.232700 0.363800
vt 0.088200 0.268500
vt 0.097700 0.277600
vt 0.548900 0.402000
vt 0.572800 0.399900
vt 0.383200 0.397700
vt 0.384900 0.398000
vt 0.479500 0.405000
vt 0.519900 0.404500
vt 0.250700 0.372600
vt 0.285800 0.379900
vt 0.107400 0.286300
vt 0.665600 0.367400
vt 0.678000 0.360800
vt 0.436600 0.402000
vt 0.138500 0.313500
vt 0.166900 0.333500
vt 0.323600 0.385800
vt 0.118800 0.295700
vt 0.688800 0.355300
vt 0.709900 0.347400
vt 0.725000 0.342000
vt 0.367900 0.395200
vt 0.611800 0.390800
vt 0.647300 0.376900
vt 0.391700 0.399300
vt 0.519800 0.401200
vt 0.547900 0.398400
vt 0.709200 0.344100
vt 0.723900 0.338600
vt 0.323900 0.382400
vt 0.368100 0.391600
vt 0.121200 0.292700
vt 0.140700 0.310100
vt 0.688300 0.352000
vt 0.611000 0.387100
vt 0.646600 0.373700
vt 0.233000 0.359000
vt 0.251200 0.368500
vt 0.383300 0.394400
vt 0.456800 0.400900
vt 0.479400 0.402000
vt 0.168800 0.329300
vt 0.204900 0.344800
vt 0.665000 0.363600
vt 0.572000 0.396200
vt 0.384700 0.394600
vt 0.390300 0.395900
vt 0.438200 0.397700
vt 0.091200 0.266500
vt 0.100700 0.275000
vt 0.286200 0.376200
vt 0.110000 0.283500
vt 0.677600 0.357500
vt 0.436400 0.399000
vt 0.089200 0.851500
vt 0.067900 0.856000
vt 0.065000 0.838700
vt 0.085300 0.835000
vt 0.108600 0.849600
vt 0.104900 0.834000
vt 0.125600 0.833500
vt 0.128800 0.848400
vt 0.110700 0.859000
vt 0.130000 0.857000
vt 0.130900 0.865300
vt 0.112600 0.868000
vt 0.091900 0.861500
vt 0.094500 0.871300
vt 0.071900 0.877200
vt 0.069800 0.866700
vt 0.151000 0.847300
vt 0.148100 0.833200
vt 0.199300 0.846800
vt 0.197500 0.834700
vt 0.221300 0.835900
vt 0.222800 0.846800
vt 0.199000 0.853600
vt 0.222400 0.852800
vt 0.221000 0.859000
vt 0.197700 0.860500
vt 0.151600 0.855600
vt 0.151600 0.863600
vt 0.082300 0.818700
vt 0.062700 0.822200
vt 0.061400 0.807600
vt 0.081200 0.804900
vt 0.101600 0.818300
vt 0.100100 0.804600
vt 0.119700 0.804800
vt 0.122000 0.818500
vt 0.144200 0.818900
vt 0.141300 0.805300
vt 0.193800 0.822300
vt 0.190800 0.809400
vt 0.215700 0.812300
vt 0.218100 0.824500
vt 0.681800 0.707200
vt 0.700000 0.707500
vt 0.700200 0.724700
vt 0.682700 0.725200
vt 0.641800 0.705300
vt 0.643600 0.725900
vt 0.624400 0.725700
vt 0.622600 0.703800
vt 0.622000 0.682000
vt 0.640700 0.684500
vt 0.680900 0.688200
vt 0.699700 0.689300
vt 0.606800 0.703400
vt 0.608300 0.725600
vt 0.590800 0.703200
vt 0.591700 0.725500
vt 0.565700 0.725400
vt 0.565700 0.703000
vt 0.566100 0.680400
vt 0.590400 0.680300
vt 0.606500 0.680900
vt 0.683500 0.745700
vt 0.701200 0.745000
vt 0.703200 0.770200
vt 0.684100 0.770100
vt 0.645900 0.747300
vt 0.646700 0.770700
vt 0.628700 0.770500
vt 0.627300 0.747600
vt 0.610500 0.747500
vt 0.611800 0.770100
vt 0.593000 0.747200
vt 0.593900 0.769400
vt 0.567600 0.768700
vt 0.566800 0.747000
vt 0.050800 0.860800
vt 0.034700 0.866300
vt 0.033300 0.846300
vt 0.048100 0.842900
vt 0.052600 0.872100
vt 0.054300 0.883200
vt 0.037500 0.887200
vt 0.036100 0.876700
vt 0.046000 0.825500
vt 0.032000 0.828100
vt 0.032200 0.811600
vt 0.044800 0.809700
vt 0.540800 0.703200
vt 0.540400 0.725500
vt 0.520700 0.725300
vt 0.519900 0.703100
vt 0.522100 0.682000
vt 0.542800 0.681200
vt 0.542400 0.746900
vt 0.543700 0.768800
vt 0.522200 0.768800
vt 0.522500 0.745400
vt 0.245300 0.847600
vt 0.242800 0.836500
vt 0.281600 0.850100
vt 0.279400 0.838800
vt 0.295200 0.840900
vt 0.296200 0.852200
vt 0.281100 0.858000
vt 0.295300 0.860900
vt 0.293200 0.870500
vt 0.279500 0.866400
vt 0.245200 0.854000
vt 0.244000 0.860600
vt 0.307100 0.855100
vt 0.306400 0.842100
vt 0.331100 0.863800
vt 0.329300 0.846000
vt 0.343600 0.849200
vt 0.345500 0.869500
vt 0.331300 0.879900
vt 0.345700 0.888200
vt 0.344200 0.906900
vt 0.330000 0.895500
vt 0.306400 0.865500
vt 0.304600 0.876700
vt 0.238700 0.825400
vt 0.236300 0.813800
vt 0.274900 0.828500
vt 0.271600 0.816600
vt 0.286800 0.817700
vt 0.291300 0.830500
vt 0.303600 0.831500
vt 0.299800 0.818500
vt 0.327400 0.832200
vt 0.325500 0.818100
vt 0.340500 0.817400
vt 0.342000 0.833000
vt 0.794000 0.708800
vt 0.805100 0.708900
vt 0.803100 0.726400
vt 0.790900 0.726100
vt 0.772000 0.708400
vt 0.767500 0.725400
vt 0.755800 0.725100
vt 0.759200 0.708200
vt 0.763800 0.692400
vt 0.777400 0.693700
vt 0.797000 0.694600
vt 0.807300 0.693800
vt 0.745200 0.707600
vt 0.743000 0.724700
vt 0.714600 0.707300
vt 0.714300 0.724500
vt 0.715300 0.689600
vt 0.748400 0.691100
vt 0.789000 0.745300
vt 0.801600 0.745500
vt 0.801400 0.766900
vt 0.788800 0.767800
vt 0.765500 0.744700
vt 0.765800 0.769400
vt 0.755400 0.769800
vt 0.754600 0.744600
vt 0.742600 0.744600
vt 0.743900 0.770100
vt 0.715000 0.744700
vt 0.717300 0.770300
vt 0.364600 0.875300
vt 0.364900 0.853600
vt 0.387400 0.857100
vt 0.383700 0.880300
vt 0.363400 0.892700
vt 0.380600 0.895300
vt 0.378400 0.908500
vt 0.362800 0.908500
vt 0.399700 0.896800
vt 0.417400 0.899600
vt 0.412800 0.911600
vt 0.396100 0.909300
vt 0.403500 0.883000
vt 0.409000 0.860100
vt 0.429000 0.864300
vt 0.422300 0.886200
vt 0.365400 0.835100
vt 0.365600 0.817300
vt 0.392000 0.817200
vt 0.390300 0.836400
vt 0.829000 0.706400
vt 0.849400 0.704000
vt 0.849500 0.724100
vt 0.828400 0.725600
vt 0.815700 0.708000
vt 0.814400 0.726200
vt 0.817600 0.691400
vt 0.830300 0.688100
vt 0.849400 0.684500
vt 0.827900 0.745300
vt 0.848900 0.744600
vt 0.848500 0.765600
vt 0.827700 0.765800
vt 0.813500 0.745500
vt 0.813300 0.766200
vt 0.615600 0.617400
vt 0.618200 0.600800
vt 0.632800 0.602100
vt 0.630100 0.618700
vt 0.627200 0.636000
vt 0.612500 0.634900
vt 0.599700 0.616100
vt 0.596600 0.633900
vt 0.571800 0.632400
vt 0.575100 0.614300
vt 0.577800 0.597600
vt 0.602200 0.599500
vt 0.610200 0.647000
vt 0.625200 0.648200
vt 0.608100 0.659500
vt 0.623300 0.660900
vt 0.592100 0.658500
vt 0.567800 0.658000
vt 0.594300 0.645900
vt 0.569700 0.644900
vt 0.679500 0.623900
vt 0.681100 0.606700
vt 0.699400 0.607500
vt 0.697700 0.625100
vt 0.697600 0.643900
vt 0.679000 0.642500
vt 0.645200 0.620500
vt 0.643200 0.638300
vt 0.647600 0.603800
vt 0.679200 0.655000
vt 0.698200 0.656800
vt 0.679600 0.667800
vt 0.698800 0.669800
vt 0.640800 0.663300
vt 0.641900 0.650600
vt 0.552100 0.613500
vt 0.555200 0.595900
vt 0.549000 0.632200
vt 0.529000 0.633600
vt 0.531800 0.612900
vt 0.535400 0.594600
vt 0.546800 0.645100
vt 0.544900 0.658600
vt 0.525500 0.657800
vt 0.527300 0.645700
vt 0.748800 0.629200
vt 0.748100 0.608600
vt 0.761500 0.610400
vt 0.763700 0.632100
vt 0.765900 0.652100
vt 0.750200 0.648400
vt 0.714800 0.625800
vt 0.714700 0.644400
vt 0.717000 0.607200
vt 0.750700 0.662300
vt 0.766600 0.665900
vt 0.750200 0.675200
vt 0.766200 0.677900
vt 0.715400 0.671100
vt 0.715200 0.657800
vt 0.797400 0.629500
vt 0.791200 0.607000
vt 0.800800 0.602600
vt 0.808100 0.623000
vt 0.817200 0.642800
vt 0.803000 0.650900
vt 0.776000 0.633500
vt 0.779100 0.654400
vt 0.772300 0.610700
vt 0.802100 0.667700
vt 0.813600 0.663500
vt 0.799700 0.681600
vt 0.810400 0.679200
vt 0.779300 0.680700
vt 0.779700 0.668800
vt 0.836600 0.656300
vt 0.840000 0.641600
vt 0.852300 0.637300
vt 0.851200 0.651700
vt 0.833200 0.670900
vt 0.850200 0.666400
vt 0.820900 0.675300
vt 0.824700 0.660100
vt 0.829600 0.643700
vt 0.115600 0.882100
vt 0.132100 0.878500
vt 0.134500 0.892500
vt 0.119200 0.896900
vt 0.098600 0.886400
vt 0.102900 0.902000
vt 0.079900 0.909600
vt 0.075600 0.893500
vt 0.122900 0.911500
vt 0.137200 0.907000
vt 0.140200 0.921800
vt 0.126800 0.926200
vt 0.107500 0.916900
vt 0.112200 0.931400
vt 0.089900 0.939700
vt 0.084900 0.924800
vt 0.193300 0.872300
vt 0.216400 0.870900
vt 0.211000 0.885000
vt 0.189500 0.885100
vt 0.150400 0.876300
vt 0.150600 0.889300
vt 0.186800 0.899500
vt 0.206100 0.900000
vt 0.202600 0.914700
vt 0.185500 0.914200
vt 0.151900 0.903500
vt 0.154000 0.918200
vt 0.057400 0.900200
vt 0.061100 0.916400
vt 0.044100 0.923100
vt 0.040500 0.905800
vt 0.065400 0.932100
vt 0.069600 0.947900
vt 0.051900 0.955700
vt 0.048200 0.939600
vt 0.272900 0.881300
vt 0.285500 0.887000
vt 0.275100 0.902900
vt 0.263100 0.896700
vt 0.239200 0.873000
vt 0.231600 0.887300
vt 0.253300 0.912100
vt 0.264400 0.918800
vt 0.254800 0.935900
vt 0.244800 0.928200
vt 0.224500 0.902200
vt 0.218700 0.917000
vt 0.317800 0.908000
vt 0.326500 0.914900
vt 0.311300 0.924300
vt 0.303100 0.918900
vt 0.296600 0.893700
vt 0.285000 0.908300
vt 0.290300 0.932300
vt 0.299200 0.937100
vt 0.288900 0.953000
vt 0.279500 0.949900
vt 0.273400 0.923600
vt 0.263200 0.941800
vt 0.332400 0.924700
vt 0.319500 0.931400
vt 0.347100 0.921400
vt 0.934500 0.208300
vt 0.925200 0.216800
vt 0.921800 0.206800
vt 0.931000 0.199800
vt 0.941200 0.192700
vt 0.945500 0.201000
vt 0.308900 0.941800
vt 0.300000 0.955700
vt 0.958100 0.194800
vt 0.952900 0.186400
vt 0.965300 0.181000
vt 0.971500 0.189400
vt 0.451000 0.940500
vt 0.437400 0.934800
vt 0.443300 0.922000
vt 0.457300 0.927800
vt 0.927300 0.594900
vt 0.934100 0.608200
vt 0.919200 0.615300
vt 0.913200 0.602100
vt 0.841700 0.245400
vt 0.829300 0.243000
vt 0.832200 0.225600
vt 0.843900 0.227500
vt 0.855700 0.227700
vt 0.854500 0.245900
vt 0.865400 0.616700
vt 0.881600 0.612100
vt 0.885800 0.626200
vt 0.867000 0.631600
vt 0.853000 0.621600
vt 0.796600 0.226600
vt 0.786900 0.222200
vt 0.792800 0.209400
vt 0.801400 0.213100
vt 0.811000 0.217500
vt 0.807000 0.232300
vt 0.843200 0.625100
vt 0.835600 0.625900
vt 0.827700 0.623400
vt 0.773700 0.213800
vt 0.769000 0.208300
vt 0.776000 0.196900
vt 0.780500 0.201800
vt 0.778900 0.217900
vt 0.785500 0.205500
vt 0.818800 0.611800
vt 0.810900 0.595600
vt 0.762800 0.198700
vt 0.755600 0.186700
vt 0.762100 0.178300
vt 0.769800 0.188600
vt 0.898400 0.608300
vt 0.903700 0.621500
vt 0.817700 0.238500
vt 0.821100 0.222100
vt 0.361700 0.921200
vt 0.375400 0.921800
vt 0.914100 0.224400
vt 0.903400 0.230600
vt 0.900700 0.217000
vt 0.910900 0.212800
vt 0.390300 0.923000
vt 0.406500 0.924700
vt 0.892700 0.235300
vt 0.881000 0.240500
vt 0.879700 0.223500
vt 0.890400 0.219900
vt 0.888500 0.206200
vt 0.897900 0.203700
vt 0.878500 0.208900
vt 0.907400 0.200300
vt 0.917400 0.195800
vt 0.824200 0.208600
vt 0.834500 0.211200
vt 0.814600 0.204900
vt 0.776900 0.179000
vt 0.783300 0.186000
vt 0.768900 0.169900
vt 0.791800 0.193200
vt 0.798400 0.197100
vt 0.787500 0.190000
vt 0.805800 0.200800
vt 0.845600 0.212600
vt 0.856700 0.212500
vt 0.422300 0.929200
vt 0.428400 0.916400
vt 0.868000 0.244300
vt 0.868000 0.226300
vt 0.948100 0.177900
vt 0.959800 0.172100
vt 0.936800 0.184300
vt 0.926600 0.190500
vt 0.867900 0.211200
vt 0.919600 0.688200
vt 0.923700 0.702600
vt 0.901700 0.716800
vt 0.898100 0.695700
vt 0.895100 0.675000
vt 0.915500 0.669300
vt 0.934200 0.663500
vt 0.938500 0.681000
vt 0.941700 0.693400
vt 0.911500 0.647900
vt 0.892500 0.654000
vt 0.907700 0.634100
vt 0.889300 0.639700
vt 0.924000 0.628200
vt 0.928700 0.642400
vt 0.955600 0.675000
vt 0.958200 0.687300
vt 0.951800 0.657500
vt 0.480200 0.866700
vt 0.474600 0.882300
vt 0.459400 0.877200
vt 0.465100 0.860700
vt 0.469500 0.848700
vt 0.484200 0.855800
vt 0.945600 0.635900
vt 0.940000 0.621300
vt 0.462500 0.915400
vt 0.448200 0.910000
vt 0.467700 0.901800
vt 0.453000 0.896900
vt 0.081500 0.791100
vt 0.061300 0.792700
vt 0.061300 0.772300
vt 0.081500 0.772600
vt 0.099900 0.790500
vt 0.100100 0.773000
vt 0.119100 0.773200
vt 0.118800 0.790200
vt 0.907200 0.743800
vt 0.904300 0.765700
vt 0.891000 0.765500
vt 0.893500 0.741900
vt 0.915600 0.723700
vt 0.923200 0.727400
vt 0.914800 0.745700
vt 0.911700 0.765700
vt 0.929500 0.709900
vt 0.934900 0.714400
vt 0.944800 0.700500
vt 0.948200 0.706000
vt 0.960400 0.695000
vt 0.962700 0.701600
vt 0.486300 0.848700
vt 0.472200 0.840800
vt 0.474900 0.834500
vt 0.487900 0.842500
vt 0.445700 0.796200
vt 0.454900 0.794700
vt 0.458500 0.811500
vt 0.450700 0.815200
vt 0.439600 0.821700
vt 0.434300 0.797300
vt 0.432600 0.776400
vt 0.444200 0.776300
vt 0.454000 0.776300
vt 0.870400 0.660700
vt 0.872000 0.680100
vt 0.868600 0.645800
vt 0.873600 0.700500
vt 0.874500 0.721300
vt 0.872200 0.743300
vt 0.871300 0.765500
vt 0.413400 0.838600
vt 0.416200 0.818200
vt 0.434600 0.842900
vt 0.460500 0.830200
vt 0.464800 0.825100
vt 0.456300 0.837800
vt 0.140100 0.790300
vt 0.140600 0.772800
vt 0.189100 0.793700
vt 0.188700 0.774000
vt 0.212700 0.775900
vt 0.213900 0.796800
vt 0.044200 0.793300
vt 0.029700 0.794000
vt 0.025700 0.772500
vt 0.043900 0.772200
vt 0.234600 0.799300
vt 0.233500 0.777400
vt 0.268700 0.801400
vt 0.267900 0.778600
vt 0.282500 0.778500
vt 0.282900 0.801300
vt 0.296200 0.801300
vt 0.295600 0.778600
vt 0.323000 0.800400
vt 0.321600 0.778200
vt 0.337000 0.777600
vt 0.338300 0.799600
vt 0.364800 0.798100
vt 0.364100 0.776700
vt 0.391600 0.776500
vt 0.392000 0.797100
vt 0.415400 0.796900
vt 0.414700 0.776500
vt 0.451400 0.852100
vt 0.445500 0.870700
vt 0.433500 0.904500
vt 0.438700 0.891400
vt 0.937600 0.216600
vt 0.949700 0.208700
vt 0.954600 0.215900
vt 0.942100 0.224600
vt 0.930800 0.235500
vt 0.927300 0.226100
vt 0.963200 0.202200
vt 0.977700 0.196500
vt 0.984600 0.204100
vt 0.968600 0.209500
vt 0.839500 0.264000
vt 0.853200 0.264600
vt 0.851900 0.282100
vt 0.837000 0.281300
vt 0.822200 0.278300
vt 0.826200 0.261300
vt 0.790900 0.240000
vt 0.802400 0.247500
vt 0.795100 0.261700
vt 0.782100 0.251900
vt 0.770800 0.245700
vt 0.780500 0.234500
vt 0.772200 0.229700
vt 0.761900 0.241100
vt 0.766900 0.225300
vt 0.755900 0.236900
vt 0.751100 0.230500
vt 0.762300 0.219400
vt 0.756200 0.208000
vt 0.747000 0.217000
vt 0.741500 0.200600
vt 0.749400 0.194000
vt 0.813800 0.255800
vt 0.808100 0.272200
vt 0.916200 0.235200
vt 0.920100 0.246000
vt 0.909900 0.255900
vt 0.905400 0.243400
vt 0.894700 0.250600
vt 0.898300 0.266200
vt 0.884400 0.275800
vt 0.882200 0.258000
vt 0.867800 0.262700
vt 0.868200 0.280600
vt 0.089700 0.694000
vt 0.084800 0.710600
vt 0.063400 0.706300
vt 0.066600 0.688600
vt 0.109200 0.696700
vt 0.129600 0.698600
vt 0.122700 0.712900
vt 0.103000 0.712100
vt 0.112200 0.686900
vt 0.114700 0.677500
vt 0.133400 0.680200
vt 0.132000 0.689200
vt 0.092900 0.683900
vt 0.069000 0.677800
vt 0.071600 0.667100
vt 0.096100 0.674100
vt 0.153300 0.700400
vt 0.148100 0.713900
vt 0.204300 0.702000
vt 0.229000 0.701700
vt 0.224600 0.712800
vt 0.200600 0.713900
vt 0.204800 0.694800
vt 0.204000 0.687700
vt 0.229800 0.688100
vt 0.230100 0.695000
vt 0.154400 0.691800
vt 0.154500 0.683400
vt 0.080500 0.727100
vt 0.078400 0.741500
vt 0.059200 0.737800
vt 0.060600 0.723100
vt 0.098900 0.728400
vt 0.119100 0.728700
vt 0.120000 0.743000
vt 0.098300 0.742800
vt 0.145100 0.727600
vt 0.145000 0.741700
vt 0.198200 0.723800
vt 0.222200 0.722100
vt 0.219800 0.735800
vt 0.196100 0.737700
vt 0.686700 0.831400
vt 0.687500 0.813900
vt 0.705400 0.813600
vt 0.705200 0.830200
vt 0.645500 0.833800
vt 0.625400 0.834900
vt 0.627100 0.813700
vt 0.647200 0.813900
vt 0.644400 0.853600
vt 0.625000 0.855700
vt 0.704500 0.847000
vt 0.685400 0.849100
vt 0.608800 0.834900
vt 0.609800 0.813000
vt 0.592100 0.835000
vt 0.567300 0.835200
vt 0.567100 0.812500
vt 0.592400 0.812600
vt 0.592500 0.857900
vt 0.568000 0.858300
vt 0.608800 0.856900
vt 0.687300 0.794000
vt 0.705200 0.794300
vt 0.648800 0.793000
vt 0.629400 0.792200
vt 0.611500 0.791500
vt 0.593300 0.790900
vt 0.567200 0.790500
vt 0.047100 0.681700
vt 0.045700 0.701800
vt 0.027400 0.699700
vt 0.028400 0.673100
vt 0.048200 0.670200
vt 0.049600 0.659200
vt 0.029100 0.663200
vt 0.029800 0.653400
vt 0.044300 0.719400
vt 0.043000 0.735300
vt 0.025200 0.734100
vt 0.026900 0.716600
vt 0.543600 0.835500
vt 0.543300 0.812600
vt 0.521300 0.836600
vt 0.519700 0.813600
vt 0.544300 0.858000
vt 0.522900 0.857500
vt 0.543500 0.790400
vt 0.520900 0.790800
vt 0.250400 0.697900
vt 0.247000 0.709300
vt 0.284600 0.692700
vt 0.298300 0.691500
vt 0.297400 0.705800
vt 0.283000 0.706000
vt 0.284900 0.685000
vt 0.284200 0.677800
vt 0.296700 0.675200
vt 0.298000 0.683000
vt 0.251200 0.691100
vt 0.250900 0.684300
vt 0.310900 0.690500
vt 0.310300 0.706000
vt 0.336600 0.684600
vt 0.350200 0.680000
vt 0.347900 0.700700
vt 0.335000 0.703000
vt 0.333300 0.670300
vt 0.328200 0.658300
vt 0.343400 0.649100
vt 0.348300 0.663400
vt 0.308700 0.680300
vt 0.306000 0.671100
vt 0.244900 0.720100
vt 0.241500 0.733300
vt 0.280600 0.718300
vt 0.294800 0.718000
vt 0.292100 0.731700
vt 0.277300 0.731500
vt 0.307100 0.718300
vt 0.304300 0.732300
vt 0.330900 0.717200
vt 0.344800 0.716500
vt 0.342100 0.733700
vt 0.327900 0.733400
vt 0.794900 0.825000
vt 0.791800 0.807000
vt 0.803400 0.806000
vt 0.805600 0.825000
vt 0.775700 0.825600
vt 0.764900 0.826400
vt 0.760200 0.810400
vt 0.770600 0.809400
vt 0.780300 0.840900
vt 0.769500 0.841300
vt 0.809200 0.842700
vt 0.798800 0.841900
vt 0.751200 0.827600
vt 0.747900 0.811500
vt 0.720000 0.829600
vt 0.719500 0.813200
vt 0.720700 0.845900
vt 0.755000 0.842800
vt 0.789900 0.788200
vt 0.802100 0.786900
vt 0.767800 0.790700
vt 0.757700 0.791600
vt 0.746200 0.792400
vt 0.719100 0.793900
vt 0.367300 0.675900
vt 0.366700 0.698400
vt 0.384300 0.674600
vt 0.387600 0.697300
vt 0.366400 0.660700
vt 0.364200 0.648700
vt 0.379300 0.649700
vt 0.381900 0.660900
vt 0.398700 0.659300
vt 0.394700 0.647800
vt 0.411300 0.643800
vt 0.416400 0.655300
vt 0.403000 0.672500
vt 0.409100 0.694400
vt 0.421600 0.668300
vt 0.428700 0.689500
vt 0.367100 0.716700
vt 0.367000 0.734100
vt 0.391000 0.717100
vt 0.392700 0.735600
vt 0.829000 0.826500
vt 0.828400 0.805900
vt 0.849500 0.806900
vt 0.849400 0.827700
vt 0.815900 0.825600
vt 0.814500 0.805700
vt 0.818700 0.844400
vt 0.849300 0.848200
vt 0.830600 0.846300
vt 0.827900 0.786000
vt 0.848900 0.786500
vt 0.813700 0.786200
vt 0.619500 0.921200
vt 0.634500 0.919600
vt 0.637900 0.936500
vt 0.622900 0.938400
vt 0.615800 0.903200
vt 0.631100 0.901500
vt 0.603300 0.923000
vt 0.578300 0.925200
vt 0.574300 0.906600
vt 0.599600 0.904800
vt 0.606700 0.940400
vt 0.582000 0.943100
vt 0.613300 0.890600
vt 0.628800 0.889000
vt 0.610900 0.877700
vt 0.626600 0.876200
vt 0.594600 0.879200
vt 0.569800 0.880100
vt 0.597000 0.892200
vt 0.571900 0.893500
vt 0.684300 0.913100
vt 0.702300 0.911200
vt 0.704600 0.928600
vt 0.686600 0.930100
vt 0.683400 0.894500
vt 0.701800 0.892400
vt 0.650000 0.917400
vt 0.647500 0.899100
vt 0.652900 0.934200
vt 0.683400 0.881800
vt 0.702300 0.879400
vt 0.683800 0.868900
vt 0.703100 0.866300
vt 0.644700 0.873800
vt 0.646000 0.886600
vt 0.554100 0.926500
vt 0.556700 0.945400
vt 0.550000 0.906800
vt 0.529300 0.929100
vt 0.525200 0.905900
vt 0.528300 0.948000
vt 0.547700 0.893400
vt 0.545800 0.879600
vt 0.523600 0.880400
vt 0.524100 0.893000
vt 0.755400 0.905100
vt 0.769100 0.903900
vt 0.767500 0.924800
vt 0.754800 0.924800
vt 0.756600 0.886100
vt 0.770900 0.884500
vt 0.719900 0.909100
vt 0.719900 0.890500
vt 0.721600 0.927000
vt 0.757200 0.871800
vt 0.771700 0.870100
vt 0.756900 0.858400
vt 0.771500 0.856700
vt 0.720700 0.863800
vt 0.720400 0.877000
vt 0.797700 0.905800
vt 0.806200 0.909200
vt 0.798900 0.929300
vt 0.793000 0.927100
vt 0.803100 0.886000
vt 0.816500 0.889500
vt 0.780100 0.903800
vt 0.782200 0.884200
vt 0.777700 0.925200
vt 0.804000 0.871200
vt 0.815500 0.872400
vt 0.802600 0.857800
vt 0.813200 0.858800
vt 0.782700 0.856600
vt 0.783100 0.869900
vt 0.837200 0.875700
vt 0.852000 0.879200
vt 0.853600 0.890700
vt 0.840600 0.887600
vt 0.833800 0.863100
vt 0.850300 0.866200
vt 0.822700 0.860700
vt 0.826100 0.873700
vt 0.829500 0.886700
vt 0.118200 0.664200
vt 0.135200 0.667800
vt 0.122300 0.649900
vt 0.138000 0.654800
vt 0.100900 0.659600
vt 0.076500 0.651300
vt 0.083100 0.634800
vt 0.106200 0.644100
vt 0.126900 0.635700
vt 0.141400 0.641000
vt 0.131900 0.621000
vt 0.145300 0.626400
vt 0.111700 0.629300
vt 0.089400 0.619200
vt 0.096000 0.604000
vt 0.117500 0.614600
vt 0.200100 0.675600
vt 0.225200 0.675600
vt 0.195300 0.663100
vt 0.217900 0.662500
vt 0.153900 0.671300
vt 0.154600 0.658800
vt 0.192300 0.649500
vt 0.211700 0.648900
vt 0.191000 0.635000
vt 0.207800 0.634400
vt 0.156500 0.645100
vt 0.159300 0.630500
vt 0.053000 0.642400
vt 0.059100 0.625000
vt 0.030800 0.634000
vt 0.034300 0.615900
vt 0.066100 0.608500
vt 0.074400 0.592400
vt 0.041700 0.599000
vt 0.050000 0.579600
vt 0.277400 0.666500
vt 0.289500 0.664300
vt 0.268800 0.652300
vt 0.280100 0.649400
vt 0.245800 0.672200
vt 0.237900 0.659300
vt 0.259500 0.636100
vt 0.270600 0.631800
vt 0.251600 0.619800
vt 0.262000 0.614400
vt 0.229100 0.645700
vt 0.223200 0.631100
vt 0.316700 0.649300
vt 0.324000 0.643400
vt 0.304100 0.635800
vt 0.309700 0.631800
vt 0.299500 0.659500
vt 0.289500 0.644700
vt 0.292800 0.620600
vt 0.297900 0.618200
vt 0.283400 0.603700
vt 0.289100 0.602100
vt 0.279500 0.627600
vt 0.270400 0.609900
vt 0.329000 0.634800
vt 0.315900 0.626300
vt 0.345200 0.639100
vt 0.784100 0.349600
vt 0.788500 0.338200
vt 0.798200 0.346800
vt 0.793400 0.359600
vt 0.772300 0.340200
vt 0.778100 0.329500
vt 0.304200 0.615900
vt 0.296700 0.601200
vt 0.758600 0.333300
vt 0.766000 0.322400
vt 0.745000 0.326800
vt 0.753600 0.316100
vt 0.920200 0.178400
vt 0.911600 0.181200
vt 0.908700 0.175900
vt 0.918000 0.172600
vt 0.876500 0.190200
vt 0.867500 0.192000
vt 0.866800 0.186700
vt 0.875600 0.185500
vt 0.448500 0.613200
vt 0.455300 0.625600
vt 0.441300 0.632000
vt 0.435100 0.619700
vt 0.926500 0.936300
vt 0.912400 0.929000
vt 0.918000 0.916100
vt 0.933300 0.923300
vt 0.880500 0.381900
vt 0.877700 0.361900
vt 0.889600 0.359600
vt 0.893200 0.379300
vt 0.867700 0.382500
vt 0.865700 0.362400
vt 0.866800 0.908500
vt 0.868700 0.895900
vt 0.886000 0.902700
vt 0.882300 0.915000
vt 0.854000 0.903600
vt 0.927300 0.363200
vt 0.919600 0.346200
vt 0.928800 0.343400
vt 0.937600 0.359400
vt 0.916100 0.368800
vt 0.910000 0.350600
vt 0.843400 0.901100
vt 0.834800 0.900900
vt 0.825700 0.904000
vt 0.950500 0.352100
vt 0.940900 0.337500
vt 0.945500 0.332600
vt 0.955100 0.346600
vt 0.945600 0.355900
vt 0.936100 0.340800
vt 0.814900 0.916900
vt 0.806000 0.933600
vt 0.961900 0.336300
vt 0.952200 0.324000
vt 0.960300 0.313500
vt 0.969200 0.323700
vt 0.898000 0.921900
vt 0.902900 0.909500
vt 0.905000 0.374900
vt 0.900500 0.355600
vt 0.361400 0.640000
vt 0.375500 0.639300
vt 0.804900 0.366100
vt 0.808900 0.351100
vt 0.820600 0.352100
vt 0.817200 0.369400
vt 0.389800 0.636700
vt 0.405400 0.632300
vt 0.828600 0.373800
vt 0.831000 0.355400
vt 0.841600 0.358700
vt 0.840600 0.378200
vt 0.832700 0.339400
vt 0.823000 0.336200
vt 0.842300 0.342100
vt 0.825800 0.316200
vt 0.818300 0.315100
vt 0.821700 0.307600
vt 0.829500 0.309400
vt 0.900100 0.316500
vt 0.891700 0.318600
vt 0.889000 0.311500
vt 0.897500 0.308900
vt 0.812900 0.335000
vt 0.803600 0.332000
vt 0.923500 0.305600
vt 0.919800 0.307900
vt 0.917800 0.300700
vt 0.921000 0.298700
vt 0.940900 0.289800
vt 0.933300 0.297800
vt 0.930000 0.291800
vt 0.935700 0.285600
vt 0.896700 0.339300
vt 0.886700 0.342400
vt 0.905600 0.335400
vt 0.907800 0.313200
vt 0.905400 0.305900
vt 0.791500 0.306700
vt 0.781300 0.298900
vt 0.783200 0.291900
vt 0.792800 0.298800
vt 0.944200 0.312100
vt 0.937700 0.319200
vt 0.952500 0.303200
vt 0.852900 0.322500
vt 0.843400 0.321100
vt 0.845100 0.314300
vt 0.853200 0.315200
vt 0.872800 0.321900
vt 0.862500 0.322600
vt 0.862100 0.315300
vt 0.871300 0.314600
vt 0.928800 0.326000
vt 0.922300 0.328700
vt 0.933300 0.323200
vt 0.913800 0.310500
vt 0.911500 0.303600
vt 0.914200 0.331500
vt 0.885600 0.188300
vt 0.883800 0.183300
vt 0.796800 0.174900
vt 0.793700 0.172600
vt 0.795800 0.167200
vt 0.798900 0.169700
vt 0.875600 0.344400
vt 0.864300 0.345000
vt 0.811600 0.185000
vt 0.806200 0.181500
vt 0.808000 0.176500
vt 0.814200 0.179300
vt 0.848000 0.193600
vt 0.837500 0.193000
vt 0.839000 0.184700
vt 0.848500 0.185800
vt 0.420500 0.626200
vt 0.426700 0.638100
vt 0.854100 0.381300
vt 0.853400 0.361300
vt 0.772600 0.312000
vt 0.761000 0.305500
vt 0.783900 0.319200
vt 0.828200 0.191400
vt 0.819400 0.189200
vt 0.823100 0.181400
vt 0.831100 0.183400
vt 0.930800 0.173300
vt 0.929700 0.166200
vt 0.794100 0.326300
vt 0.786900 0.166700
vt 0.790000 0.161200
vt 0.941500 0.166700
vt 0.939600 0.159900
vt 0.779200 0.158600
vt 0.784500 0.154200
vt 0.894100 0.186200
vt 0.891900 0.181100
vt 0.952200 0.159300
vt 0.947900 0.154200
vt 0.902700 0.183500
vt 0.899800 0.178400
vt 0.857600 0.193000
vt 0.857400 0.186500
vt 0.811100 0.314600
vt 0.801900 0.312200
vt 0.804300 0.303700
vt 0.813700 0.306500
vt 0.834900 0.319000
vt 0.837500 0.312000
vt 0.770900 0.290700
vt 0.775500 0.285600
vt 0.927200 0.303500
vt 0.924400 0.296900
vt 0.883000 0.320200
vt 0.880600 0.313200
vt 0.853100 0.344200
vt 0.800000 0.177300
vt 0.801800 0.172500
vt 0.919000 0.843400
vt 0.898200 0.835700
vt 0.901800 0.814400
vt 0.923200 0.829000
vt 0.914700 0.862100
vt 0.894800 0.856300
vt 0.937200 0.850400
vt 0.932500 0.867800
vt 0.940700 0.838100
vt 0.910300 0.883400
vt 0.891100 0.877300
vt 0.906600 0.897100
vt 0.888500 0.890800
vt 0.922700 0.903100
vt 0.927300 0.888800
vt 0.954200 0.856500
vt 0.957000 0.844300
vt 0.950200 0.873900
vt 0.479500 0.686300
vt 0.464500 0.692300
vt 0.458800 0.676000
vt 0.473700 0.670700
vt 0.483400 0.697200
vt 0.468800 0.704200
vt 0.944400 0.895500
vt 0.939000 0.910100
vt 0.460900 0.637900
vt 0.446700 0.643700
vt 0.466500 0.651400
vt 0.451900 0.656500
vt 0.079800 0.755200
vt 0.060000 0.753000
vt 0.099300 0.756600
vt 0.120200 0.757500
vt 0.906800 0.787400
vt 0.893500 0.788800
vt 0.915300 0.807700
vt 0.914600 0.785700
vt 0.922900 0.804000
vt 0.929000 0.821600
vt 0.934400 0.817000
vt 0.944100 0.830700
vt 0.947700 0.825600
vt 0.959500 0.836300
vt 0.961900 0.830800
vt 0.485600 0.704600
vt 0.471600 0.712000
vt 0.486700 0.710100
vt 0.473500 0.717000
vt 0.445500 0.756300
vt 0.449800 0.737500
vt 0.457500 0.740900
vt 0.454700 0.757700
vt 0.434100 0.755400
vt 0.438600 0.731300
vt 0.870200 0.870700
vt 0.871900 0.851300
vt 0.869400 0.884200
vt 0.873600 0.830600
vt 0.874500 0.809600
vt 0.872300 0.787600
vt 0.413800 0.715100
vt 0.416400 0.735000
vt 0.434200 0.710300
vt 0.459900 0.722400
vt 0.463200 0.726800
vt 0.455800 0.715000
vt 0.143700 0.756800
vt 0.193400 0.754100
vt 0.217000 0.752800
vt 0.043000 0.751500
vt 0.024500 0.749900
vt 0.238200 0.750700
vt 0.273500 0.749100
vt 0.288400 0.749500
vt 0.300600 0.750500
vt 0.324700 0.752500
vt 0.339300 0.753400
vt 0.365400 0.754600
vt 0.392300 0.755900
vt 0.415500 0.756100
vt 0.451200 0.700900
vt 0.445100 0.682800
vt 0.432000 0.649700
vt 0.437600 0.662500
vt 0.779500 0.358400
vt 0.774800 0.364500
vt 0.761200 0.355300
vt 0.766700 0.349000
vt 0.789900 0.368300
vt 0.787700 0.376100
vt 0.751700 0.342500
vt 0.745600 0.349700
vt 0.729900 0.342800
vt 0.737100 0.335400
vt 0.883300 0.401400
vt 0.885800 0.416000
vt 0.870900 0.417200
vt 0.869700 0.402300
vt 0.896700 0.398700
vt 0.900800 0.412600
vt 0.934900 0.379000
vt 0.942800 0.390600
vt 0.929100 0.398900
vt 0.922200 0.386500
vt 0.945800 0.373400
vt 0.954000 0.384200
vt 0.954100 0.368600
vt 0.962800 0.378600
vt 0.959400 0.364000
vt 0.964300 0.357700
vt 0.974600 0.366400
vt 0.969100 0.373600
vt 0.971200 0.345300
vt 0.980400 0.351800
vt 0.978200 0.330700
vt 0.986700 0.335300
vt 0.909300 0.393800
vt 0.914900 0.407000
vt 0.801800 0.377400
vt 0.799600 0.387600
vt 0.814200 0.385300
vt 0.810500 0.397300
vt 0.826300 0.391900
vt 0.823000 0.405700
vt 0.839900 0.397500
vt 0.838200 0.412700
vt 0.854900 0.401000
vt 0.854600 0.416300
vt 0.489700 0.714500
vt 0.477900 0.720300
vt 0.950900 0.713700
vt 0.939400 0.721200
vt 0.919000 0.765800
vt 0.921800 0.783200
vt 0.938900 0.810600
vt 0.949600 0.819100
vt 0.463400 0.744900
vt 0.460800 0.760000
vt 0.929200 0.799000
vt 0.929300 0.732500
vt 0.921900 0.748300
vt 0.471000 0.819600
vt 0.480000 0.829100
vt 0.961800 0.824900
vt 0.460300 0.776200
vt 0.491200 0.835800
vt 0.461300 0.792300
vt 0.464700 0.807100
vt 0.468700 0.731400
vt 0.963700 0.709600
vt 0.867600 0.198200
vt 0.857300 0.199400
vt 0.877200 0.196400
vt 0.922600 0.182300
vt 0.913600 0.186100
vt 0.932900 0.176900
vt 0.943700 0.170400
vt 0.954700 0.163900
vt 0.847100 0.199700
vt 0.836600 0.198900
vt 0.809900 0.190200
vt 0.803500 0.186600
vt 0.817900 0.194200
vt 0.793700 0.179900
vt 0.789900 0.176700
vt 0.797600 0.182700
vt 0.783400 0.170600
vt 0.775400 0.162300
vt 0.826900 0.197000
vt 0.904300 0.189200
vt 0.895400 0.192000
vt 0.886600 0.194300
vt 0.863200 0.329900
vt 0.853000 0.329500
vt 0.843100 0.328000
vt 0.808300 0.319900
vt 0.799100 0.316400
vt 0.789100 0.310500
vt 0.778500 0.303300
vt 0.767700 0.295800
vt 0.884000 0.327500
vt 0.873700 0.329200
vt 0.916600 0.316400
vt 0.909700 0.319200
vt 0.901800 0.322600
vt 0.931000 0.308000
vt 0.926800 0.311100
vt 0.922500 0.313700
vt 0.945200 0.293900
vt 0.937200 0.302000
vt 0.893200 0.325400
vt 0.825000 0.322800
vt 0.816400 0.321300
vt 0.834100 0.325700
vt 0.318400 0.858500
vt 0.318100 0.871200
vt 0.790000 0.682500
vt 0.791300 0.670100
vt 0.324100 0.688700
vt 0.320100 0.676700
vt 0.792500 0.857100
vt 0.793500 0.870300
vt 0.312500 0.751500
vt 0.315900 0.732800
vt 0.308700 0.778600
vt 0.287200 0.623600
vt 0.277700 0.606100
vt 0.298000 0.639800
vt 0.309000 0.654300
vt 0.315800 0.666000
vt 0.789300 0.841400
vt 0.792600 0.884600
vt 0.789600 0.904300
vt 0.786400 0.926000
vt 0.778000 0.789700
vt 0.780600 0.808500
vt 0.776500 0.768800
vt 0.785000 0.825300
vt 0.319100 0.718200
vt 0.323300 0.705300
vt 0.309800 0.801200
vt 0.312800 0.818900
vt 0.282200 0.928200
vt 0.271400 0.946600
vt 0.294900 0.914000
vt 0.308200 0.901200
vt 0.316900 0.884800
vt 0.787800 0.694500
vt 0.791200 0.654700
vt 0.787200 0.633000
vt 0.782300 0.609700
vt 0.776600 0.744900
vt 0.778900 0.725500
vt 0.783300 0.708400
vt 0.315200 0.832000
vt 0.317100 0.843500
vt 0.265100 0.848000
vt 0.265300 0.855200
vt 0.731500 0.672700
vt 0.731700 0.659100
vt 0.269400 0.694300
vt 0.270100 0.687200
vt 0.737800 0.861200
vt 0.738000 0.874600
vt 0.257100 0.749200
vt 0.260900 0.731700
vt 0.251900 0.778400
vt 0.245100 0.641100
vt 0.237600 0.626100
vt 0.255600 0.655200
vt 0.264000 0.668500
vt 0.269800 0.680400
vt 0.736500 0.844600
vt 0.737700 0.888600
vt 0.737300 0.907000
vt 0.738200 0.925600
vt 0.732000 0.793200
vt 0.732800 0.812400
vt 0.729900 0.770300
vt 0.734200 0.828800
vt 0.264700 0.718900
vt 0.267000 0.706700
vt 0.252600 0.800800
vt 0.254300 0.814600
vt 0.241000 0.905900
vt 0.233200 0.920900
vt 0.249900 0.890800
vt 0.259200 0.876100
vt 0.264400 0.862600
vt 0.730300 0.690000
vt 0.731400 0.645100
vt 0.731300 0.626400
vt 0.733500 0.606700
vt 0.728000 0.744700
vt 0.727500 0.724600
vt 0.728500 0.707300
vt 0.256800 0.825700
vt 0.261800 0.836500
vt 0.174900 0.847000
vt 0.174900 0.854900
vt 0.659900 0.665700
vt 0.660000 0.652900
vt 0.178200 0.701800
vt 0.178200 0.694000
vt 0.664000 0.871300
vt 0.664200 0.884200
vt 0.168400 0.755500
vt 0.170900 0.739900
vt 0.163800 0.772900
vt 0.172800 0.648100
vt 0.174100 0.633700
vt 0.172700 0.661900
vt 0.174500 0.674100
vt 0.177300 0.686300
vt 0.665000 0.851300
vt 0.664800 0.896800
vt 0.666400 0.915300
vt 0.668700 0.932100
vt 0.668500 0.793600
vt 0.667900 0.813900
vt 0.665400 0.770300
vt 0.666600 0.832500
vt 0.172600 0.725900
vt 0.175100 0.714500
vt 0.163400 0.791200
vt 0.164900 0.806600
vt 0.167900 0.900800
vt 0.168700 0.915400
vt 0.168300 0.886800
vt 0.170500 0.874800
vt 0.174000 0.862600
vt 0.661100 0.686700
vt 0.660300 0.640600
vt 0.661400 0.622300
vt 0.663200 0.605400
vt 0.665200 0.746400
vt 0.664000 0.725700
vt 0.662500 0.706600
vt 0.168300 0.820200
vt 0.172500 0.833700
s 0
usemtl female_casualsuit02
f 328/1/1 314/2/1 3/3/1 126/4/1
f 125/5/2 2/6/2 6/7/2 127/8/2
f 127/8/3 6/7/3 8/9/3 128/10/3
f 128/10/4 8/9/4 10/11/4 129/12/4
f 129/12/5 10/11/5 12/13/5 130/14/5
f 130/14/6 12/13/6 14/15/6 131/16/6
f 131/16/7 14/15/7 16/17/7 132/18/7
f 132/18/8 16/17/8 18/19/8 133/20/8
f 133/20/9 18/19/9 20/21/9 134/22/9
f 134/23/10 20/24/10 22/25/10 135/26/10
f 135/26/11 22/25/11 24/27/11 136/28/11
f 136/28/12 24/27/12 26/29/12 137/30/12
f 137/30/13 26/29/13 28/31/13 138/32/13
f 138/32/14 28/31/14 30/33/14 139/34/14
f 139/34/15 30/33/15 32/35/15 140/36/15
f 392/37/16 384/38/16 34/39/16 141/40/16
f 141/40/17 34/39/17 36/41/17 142/42/17
f 142/42/18 36/41/18 38/43/18 143/44/18
f 143/44/19 38/43/19 40/45/19 144/46/19
f 144/46/20 40/45/20 42/47/20 145/48/20
f 329/49/21 309/50/21 44/51/21 146/52/21
f 7/53/22 9/54/22 46/55/22 45/56/22
f 45/56/23 46/55/23 48/57/23 47/58/23
f 47/58/24 48/57/24 50/59/24 49/60/24
f 409/61/25 408/62/25 52/63/25 51/64/25
f 281/65/26 227/66/26 54/67/26 53/68/26
f 53/68/27 54/67/27 56/69/27 55/70/27
f 55/70/28 56/69/28 58/71/28 57/72/28
f 338/73/29 113/74/29 720/75/29 725/76/29
f 114/77/30 396/78/30 729/79/30 721/80/30
f 58/71/31 114/77/31 721/80/31 703/81/31
f 37/82/32 59/83/32 60/84/32 35/85/32
f 409/61/33 51/64/33 64/86/33 410/87/33
f 47/58/34 49/60/34 63/88/34 62/89/34
f 45/56/35 47/58/35 62/89/35 61/90/35
f 410/87/36 64/86/36 68/91/36 411/92/36
f 61/90/37 62/89/37 66/93/37 65/94/37
f 62/89/38 63/88/38 67/95/38 66/93/38
f 319/96/39 317/97/39 70/98/39 69/99/39
f 317/97/40 313/100/40 71/101/40 70/98/40
f 422/102/41 320/103/41 72/104/41 407/105/41
f 732/106/42 76/107/42 711/108/42 750/109/42
f 59/83/43 88/110/43 713/111/43 708/112/43
f 55/70/44 57/72/44 75/113/44 74/114/44
f 53/68/45 55/70/45 74/114/45 73/115/45
f 73/115/46 74/114/46 79/116/46 78/117/46
f 74/114/47 75/113/47 80/118/47 79/116/47
f 75/113/48 76/107/48 81/119/48 80/118/48
f 732/106/49 77/120/49 82/121/49 734/122/49
f 323/123/50 321/124/50 86/125/50 85/126/50
f 748/127/51 324/128/51 87/129/51 731/130/51
f 326/131/52 325/132/52 84/133/52 83/134/52
f 325/132/53 323/123/53 85/126/53 84/133/53
f 316/135/54 327/136/54 89/137/54 41/138/54
f 41/138/55 89/137/55 88/110/55 39/139/55
f 39/139/56 88/110/56 59/83/56 37/82/56
f 88/110/57 77/120/57 712/140/57 713/111/57
f 77/120/58 88/110/58 89/137/58 82/121/58
f 324/128/59 327/136/59 90/141/59 87/129/59
f 332/142/60 326/131/60 83/134/60 271/143/60
f 272/144/61 73/115/61 78/117/61 228/145/61
f 7/53/62 45/56/62 61/90/62 5/146/62
f 5/146/63 61/90/63 65/94/63 1/147/63
f 314/2/64 319/96/64 69/99/64 3/3/64
f 50/59/65 48/57/65 93/148/65 94/149/65
f 48/57/66 46/55/66 92/150/66 93/148/66
f 46/55/67 9/54/67 91/151/67 92/150/67
f 408/62/68 50/59/68 94/149/68 413/152/68
f 15/153/69 17/154/69 99/155/69 98/156/69
f 13/157/70 15/153/70 98/156/70 97/158/70
f 11/159/71 13/157/71 97/158/71 96/160/71
f 11/159/72 96/160/72 91/151/72 9/54/72
f 21/161/73 23/162/73 102/163/73 101/164/73
f 19/165/74 21/161/74 101/164/74 100/166/74
f 25/167/75 27/168/75 104/169/75 103/170/75
f 23/162/76 25/167/76 103/170/76 102/163/76
f 394/171/77 33/172/77 107/173/77 395/174/77
f 29/175/78 31/176/78 106/177/78 105/178/78
f 396/78/79 338/73/79 725/76/79 729/79/79
f 105/178/80 106/177/80 109/179/80 108/180/80
f 57/72/81 58/71/81 703/81/81 702/181/81
f 737/182/82 735/183/82 111/184/82 110/185/82
f 76/107/83 75/113/83 710/186/83 711/108/83
f 110/185/84 111/184/84 113/74/84 112/187/84
f 396/78/85 114/77/85 117/188/85 397/189/85
f 112/187/86 113/74/86 116/190/86 115/191/86
f 397/189/87 117/188/87 120/192/87 398/193/87
f 115/191/88 116/190/88 119/194/88 118/195/88
f 54/67/89 120/192/89 117/188/89 56/69/89
f 227/66/90 273/196/90 120/192/90 54/67/90
f 223/197/91 347/198/91 342/199/91 122/200/91
f 122/200/92 121/201/92 123/202/92 124/203/92
f 223/197/93 122/200/93 124/203/93 287/204/93
f 56/69/94 117/188/94 114/77/94 58/71/94
f 109/179/95 106/177/95 714/205/95 716/206/95
f 106/177/96 337/207/96 722/208/96 714/205/96
f 735/183/97 109/179/97 716/206/97 751/209/97
f 35/85/98 60/84/98 107/173/98 33/172/98
f 413/152/99 123/202/99 121/201/99 95/210/99
f 29/175/100 105/178/100 104/169/100 27/168/100
f 19/211/101 100/212/101 99/155/101 17/154/101
f 310/213/102 328/1/102 126/4/102 4/214/102
f 1/147/103 125/5/103 127/8/103 5/146/103
f 5/146/104 127/8/104 128/10/104 7/53/104
f 7/53/105 128/10/105 129/12/105 9/54/105
f 9/54/106 129/12/106 130/14/106 11/159/106
f 11/159/107 130/14/107 131/16/107 13/157/107
f 13/157/108 131/16/108 132/18/108 15/153/108
f 15/153/109 132/18/109 133/20/109 17/154/109
f 17/154/110 133/20/110 134/22/110 19/211/110
f 19/165/111 134/23/111 135/26/111 21/161/111
f 21/161/112 135/26/112 136/28/112 23/162/112
f 23/162/113 136/28/113 137/30/113 25/167/113
f 25/167/114 137/30/114 138/32/114 27/168/114
f 27/168/115 138/32/115 139/34/115 29/175/115
f 29/175/116 139/34/116 140/36/116 31/176/116
f 394/171/117 392/37/117 141/40/117 33/172/117
f 33/172/118 141/40/118 142/42/118 35/85/118
f 35/85/119 142/42/119 143/44/119 37/82/119
f 37/82/120 143/44/120 144/46/120 39/139/120
f 39/139/121 144/46/121 145/48/121 41/138/121
f 316/135/122 329/49/122 146/52/122 43/215/122
f 731/130/123 87/129/123 159/216/123 742/217/123
f 146/52/124 44/51/124 150/218/124 162/219/124
f 69/99/125 70/98/125 152/220/125 151/221/125
f 3/3/126 69/99/126 151/221/126 147/222/126
f 87/129/127 90/141/127 160/223/127 159/216/127
f 126/4/128 3/3/128 147/222/128 161/224/128
f 70/98/129 71/101/129 153/225/129 152/220/129
f 4/214/130 126/4/130 161/224/130 148/226/130
f 90/141/131 43/215/131 149/227/131 160/223/131
f 407/105/132 72/104/132 154/228/132 418/229/132
f 83/134/133 84/133/133 156/230/133 155/231/133
f 43/215/134 146/52/134 162/219/134 149/227/134
f 271/143/135 83/134/135 155/231/135 275/232/135
f 84/133/136 85/126/136 157/233/136 156/230/136
f 85/126/137 86/125/137 158/234/137 157/233/137
f 152/220/138 153/225/138 169/235/138 168/236/138
f 160/223/139 149/227/139 165/237/139 176/238/139
f 418/229/140 154/228/140 170/239/140 419/240/140
f 159/216/141 160/223/141 176/238/141 175/241/141
f 359/242/142 360/243/142 306/244/142 305/245/142
f 275/232/143 155/231/143 171/246/143 276/247/143
f 155/231/144 156/230/144 172/248/144 171/246/144
f 148/226/145 161/224/145 177/249/145 164/250/145
f 147/222/146 151/221/146 167/251/146 163/252/146
f 156/230/147 157/233/147 173/253/147 172/248/147
f 162/219/148 150/218/148 166/254/148 178/255/148
f 161/224/149 147/222/149 163/252/149 177/249/149
f 157/233/150 158/234/150 174/256/150 173/253/150
f 151/221/151 152/220/151 168/236/151 167/251/151
f 149/227/152 162/219/152 178/255/152 165/237/152
f 742/217/153 159/216/153 175/241/153 743/257/153
f 172/248/154 173/253/154 189/258/154 188/259/154
f 178/255/155 166/254/155 182/260/155 194/261/155
f 177/249/156 163/252/156 179/262/156 193/263/156
f 173/253/157 174/256/157 190/264/157 189/258/157
f 167/251/158 168/236/158 184/265/158 183/266/158
f 165/237/159 178/255/159 194/261/159 181/267/159
f 743/257/160 175/241/160 191/268/160 744/269/160
f 168/236/161 169/235/161 185/270/161 184/265/161
f 176/238/162 165/237/162 181/267/162 192/271/162
f 419/240/163 170/239/163 186/272/163 420/273/163
f 175/241/164 176/238/164 192/271/164 191/268/164
f 360/243/165 361/274/165 307/275/165 306/244/165
f 276/247/166 171/246/166 187/276/166 277/277/166
f 171/246/167 172/248/167 188/259/167 187/276/167
f 164/250/168 177/249/168 193/263/168 180/278/168
f 163/252/169 167/251/169 183/266/169 179/262/169
f 191/268/170 192/271/170 208/279/170 207/280/170
f 362/281/171 308/282/171 307/275/171 361/274/171
f 277/277/172 187/276/172 203/283/172 224/284/172
f 187/276/173 188/259/173 204/285/173 203/283/173
f 180/278/174 193/263/174 209/286/174 196/287/174
f 179/262/175 183/266/175 199/288/175 195/289/175
f 188/259/176 189/258/176 205/290/176 204/285/176
f 194/261/177 182/260/177 198/291/177 210/292/177
f 193/263/178 179/262/178 195/289/178 209/286/178
f 189/258/179 190/264/179 206/293/179 205/290/179
f 183/266/180 184/265/180 200/294/180 199/288/180
f 181/267/181 194/261/181 210/292/181 197/295/181
f 744/269/182 191/268/182 207/280/182 733/296/182
f 184/265/183 185/270/183 201/297/183 200/294/183
f 192/271/184 181/267/184 197/295/184 208/279/184
f 420/273/185 186/272/185 202/298/185 406/299/185
f 280/300/186 283/301/186 252/302/186 256/303/186
f 747/304/187 738/305/187 215/306/187 211/307/187
f 283/308/188 274/309/188 264/310/188 252/311/188
f 405/312/189 298/313/189 240/314/189 232/315/189
f 274/309/190 284/316/190 251/317/190 264/310/190
f 417/318/191 416/319/191 220/320/191 219/321/191
f 738/305/192 736/322/192 216/323/192 215/306/192
f 298/313/193 269/324/193 268/325/193 240/314/193
f 278/326/194 280/300/194 256/303/194 261/327/194
f 412/328/195 405/312/195 232/315/195 226/329/195
f 416/319/196 415/330/196 221/331/196 220/320/196
f 285/332/197 270/333/197 267/334/197 250/335/197
f 289/336/198 288/337/198 244/338/198 242/339/198
f 290/340/199 289/336/199 242/339/199 241/341/199
f 270/333/200 739/342/200 214/343/200 267/334/200
f 740/344/201 741/345/201 212/346/201 213/347/201
f 741/345/202 747/304/202 211/307/202 212/346/202
f 421/348/203 417/349/203 219/350/203 218/351/203
f 757/352/204 762/353/204 231/354/204 233/355/204
f 233/356/205 231/357/205 225/358/205 265/359/205
f 767/360/206 318/361/206 235/362/206 756/363/206
f 763/364/207 237/365/207 230/366/207 759/367/207
f 265/359/208 254/368/208 237/369/208 233/356/208
f 762/353/209 758/370/209 234/371/209 231/354/209
f 345/372/210 336/373/210 238/374/210 263/375/210
f 263/375/211 238/374/211 239/376/211 266/377/211
f 288/337/212 286/378/212 249/379/212 244/338/212
f 730/380/213 421/348/213 218/351/213 217/381/213
f 736/322/214 730/380/214 217/381/214 216/323/214
f 739/342/215 740/344/215 213/347/215 214/343/215
f 414/382/216 412/328/216 226/329/216 222/383/216
f 756/363/217 235/362/217 246/384/217 761/385/217
f 761/385/217 246/384/217 247/386/217 764/387/217
f 764/387/217 247/386/217 248/388/217 766/389/217
f 766/389/218 248/388/218 236/390/218 754/391/218
f 286/378/219 278/326/219 261/327/219 249/379/219
f 265/359/220 225/358/220 227/66/220 281/65/220
f 318/392/221 330/393/221 253/394/221 235/395/221
f 237/369/222 254/368/222 243/396/222 230/397/222
f 231/357/223 234/398/223 255/399/223 225/358/223
f 235/395/217 253/394/217 257/400/217 246/401/217
f 246/401/217 257/400/217 258/402/217 247/403/217
f 247/403/217 258/402/217 259/404/217 248/405/217
f 248/405/224 259/404/224 229/406/224 236/407/224
f 281/65/225 272/144/225 254/368/225 265/359/225
f 346/408/226 345/372/226 263/375/226 279/409/226
f 279/409/227 263/375/227 266/377/227 282/410/227
f 415/330/228 414/382/228 222/383/228 221/331/228
f 284/316/229 285/332/229 250/335/229 251/317/229
f 269/324/230 290/340/230 241/341/230 268/325/230
f 239/411/231 287/204/231 274/309/231 283/308/231
f 93/148/232 92/150/232 741/345/232 740/344/232
f 98/156/233 99/155/233 421/348/233 730/380/233
f 757/352/234 763/364/234 294/412/234 245/413/234
f 330/393/235 332/142/235 271/143/235 253/394/235
f 254/368/236 272/144/236 228/145/236 243/396/236
f 225/358/237 255/399/237 273/196/237 227/66/237
f 253/394/217 271/143/217 275/232/217 257/400/217
f 257/400/217 275/232/217 276/247/217 258/402/217
f 258/402/217 276/247/217 277/277/217 259/404/217
f 259/404/238 277/277/238 224/284/238 229/406/238
f 53/68/239 73/115/239 272/144/239 281/65/239
f 340/414/240 346/408/240 279/409/240 119/194/240
f 119/194/241 279/409/241 282/410/241 118/195/241
f 91/151/242 96/160/242 738/305/242 747/304/242
f 413/152/243 94/149/243 739/342/243 270/333/243
f 92/150/244 91/151/244 747/304/244 741/345/244
f 99/155/245 100/212/245 417/349/245 421/348/245
f 97/158/246 98/156/246 730/380/246 736/322/246
f 103/170/247 104/169/247 412/328/247 414/382/247
f 336/415/248 347/198/248 223/197/248 238/416/248
f 238/416/249 223/197/249 287/204/249 239/411/249
f 124/203/250 123/202/250 285/332/250 284/316/250
f 266/377/251 239/376/251 283/301/251 280/300/251
f 105/178/252 108/180/252 298/313/252 405/312/252
f 282/410/253 266/377/253 280/300/253 278/326/253
f 104/169/254 105/178/254 405/312/254 412/328/254
f 108/180/255 737/182/255 269/324/255 298/313/255
f 358/417/256 334/418/256 308/282/256 362/281/256
f 363/419/257 303/420/257 334/418/257 358/417/257
f 140/36/258 32/35/258 311/421/258 344/422/258
f 125/5/259 1/147/259 314/2/259 328/1/259
f 145/48/260 42/47/260 309/50/260 329/49/260
f 65/94/261 66/93/261 317/97/261 319/96/261
f 66/93/262 67/95/262 313/100/262 317/97/262
f 411/92/263 68/91/263 320/103/263 422/102/263
f 80/118/264 81/119/264 321/124/264 323/123/264
f 734/122/265 82/121/265 324/128/265 748/127/265
f 78/117/266 79/116/266 325/132/266 326/131/266
f 79/116/267 80/118/267 323/123/267 325/132/267
f 43/215/268 90/141/268 327/136/268 316/135/268
f 82/121/269 89/137/269 327/136/269 324/128/269
f 228/145/270 78/117/270 326/131/270 332/142/270
f 1/147/271 65/94/271 319/96/271 314/2/271
f 2/6/272 125/5/272 328/1/272 310/213/272
f 41/138/273 145/48/273 329/49/273 316/135/273
f 759/367/274 230/366/274 318/361/274 767/360/274
f 230/397/275 243/396/275 330/393/275 318/392/275
f 243/396/276 228/145/276 332/142/276 330/393/276
f 64/86/277 51/64/277 341/423/277 312/424/277
f 31/176/278 335/425/278 337/207/278 106/177/278
f 395/174/279 107/173/279 715/426/279 726/427/279
f 107/173/280 60/84/280 709/428/280 715/426/280
f 75/113/281 57/72/281 702/181/281 710/186/281
f 113/74/282 338/73/282 339/429/282 116/190/282
f 116/190/283 339/429/283 340/414/283 119/194/283
f 771/430/284 322/431/284 315/432/284 772/433/284
f 315/432/285 121/201/285 122/200/285 342/199/285
f 31/176/286 140/36/286 344/422/286 335/425/286
f 399/434/287 385/435/287 336/373/287 345/372/287
f 400/436/226 399/434/226 345/372/226 346/408/226
f 398/193/288 400/436/288 346/408/288 340/414/288
f 780/437/289 774/438/289 336/415/289 385/439/289
f 52/63/290 95/210/290 322/431/290 343/440/290
f 51/64/291 52/63/291 343/440/291 341/423/291
f 315/432/292 322/431/292 95/210/292 121/201/292
f 64/86/293 312/424/293 331/441/293 68/91/293
f 320/103/294 68/91/294 331/441/294 349/442/294
f 202/298/295 186/272/295 350/443/295 348/444/295
f 186/272/296 170/239/296 351/445/296 350/443/296
f 154/228/297 352/446/297 351/445/297 170/239/297
f 72/104/298 353/447/298 352/446/298 154/228/298
f 320/103/299 349/442/299 353/447/299 72/104/299
f 357/448/300 301/449/300 302/450/300 364/451/300
f 356/452/301 300/453/301 301/449/301 357/448/301
f 365/454/302 299/455/302 300/453/302 356/452/302
f 770/456/303 343/440/303 322/431/303 771/430/303
f 364/451/304 302/450/304 303/420/304 363/419/304
f 772/433/305 315/432/305 342/199/305 773/457/305
f 755/458/306 775/459/306 360/243/306 359/242/306
f 775/459/307 776/460/307 361/274/307 360/243/307
f 777/461/308 362/281/308 361/274/308 776/460/308
f 765/462/309 358/417/309 362/281/309 777/461/309
f 778/463/310 363/419/310 358/417/310 765/462/310
f 304/464/311 366/465/311 367/466/311 354/467/311
f 760/468/312 357/448/312 364/451/312 768/469/312
f 769/470/313 356/452/313 357/448/313 760/468/313
f 770/456/314 365/454/314 356/452/314 769/470/314
f 299/455/315 365/454/315 366/465/315 304/464/315
f 768/469/316 364/451/316 363/419/316 778/463/316
f 354/467/317 367/466/317 368/471/317 355/472/317
f 779/473/318 370/474/318 368/471/318 773/457/318
f 779/473/319 347/198/319 336/415/319 774/438/319
f 291/475/320 293/476/320 376/477/320 374/478/320
f 292/479/321 333/480/321 381/481/321 375/482/321
f 260/483/217 295/484/217 378/485/217 372/486/217
f 245/413/322 294/412/322 377/487/322 371/488/322
f 295/484/217 296/489/217 379/490/217 378/485/217
f 296/489/323 297/491/323 380/492/323 379/490/323
f 293/476/324 245/413/324 371/488/324 376/477/324
f 297/491/325 262/493/325 373/494/325 380/492/325
f 333/480/326 260/483/326 372/486/326 381/481/326
f 294/412/327 292/479/327 375/482/327 377/487/327
f 386/495/328 391/496/328 370/474/328 369/497/328
f 388/498/329 377/487/329 375/482/329 383/499/329
f 389/500/330 371/488/330 377/487/330 388/498/330
f 390/501/331 376/477/331 371/488/331 389/500/331
f 390/501/332 299/455/332 304/464/332 382/502/332
f 301/449/333 388/498/333 383/499/333 302/450/333
f 382/502/334 304/464/334 354/467/334 355/472/334
f 300/453/335 389/500/335 388/498/335 301/449/335
f 299/455/336 390/501/336 389/500/336 300/453/336
f 376/477/337 390/501/337 382/502/337 374/478/337
f 355/472/338 391/496/338 374/478/338 382/502/338
f 344/422/339 311/421/339 384/38/339 392/37/339
f 335/425/340 394/171/340 395/174/340 337/207/340
f 113/74/341 111/184/341 718/503/341 720/75/341
f 337/207/342 395/174/342 726/427/342 722/208/342
f 60/84/343 59/83/343 708/112/343 709/428/343
f 338/73/344 396/78/344 397/189/344 339/429/344
f 339/429/345 397/189/345 398/193/345 340/414/345
f 335/425/346 344/422/346 392/37/346 394/171/346
f 255/399/347 234/398/347 385/435/347 399/434/347
f 273/196/348 255/399/348 399/434/348 400/436/348
f 120/192/349 273/196/349 400/436/349 398/193/349
f 758/370/350 780/437/350 385/439/350 234/371/350
f 291/475/351 374/478/351 391/496/351 386/495/351
f 368/471/352 370/474/352 391/496/352 355/472/352
f 387/504/353 381/481/353 372/486/353 401/505/353
f 402/506/354 308/282/354 334/418/354 401/505/354
f 402/506/355 378/485/355 379/490/355 403/507/355
f 403/507/356 379/490/356 380/492/356 404/508/356
f 404/508/357 380/492/357 373/494/357 393/509/357
f 381/481/358 387/504/358 383/499/358 375/482/358
f 303/420/359 387/504/359 401/505/359 334/418/359
f 378/485/360 402/506/360 401/505/360 372/486/360
f 308/282/361 402/506/361 403/507/361 307/275/361
f 307/275/362 403/507/362 404/508/362 306/244/362
f 306/244/363 404/508/363 393/509/363 305/245/363
f 302/450/364 383/499/364 387/504/364 303/420/364
f 49/60/365 50/59/365 408/62/365 409/61/365
f 49/60/366 409/61/366 410/87/366 63/88/366
f 63/88/367 410/87/367 411/92/367 67/95/367
f 313/100/368 422/102/368 407/105/368 71/101/368
f 52/63/369 408/62/369 413/152/369 95/210/369
f 96/160/370 97/158/370 736/322/370 738/305/370
f 110/185/371 112/187/371 289/336/371 290/340/371
f 112/187/372 115/191/372 288/337/372 289/336/372
f 102/163/373 103/170/373 414/382/373 415/330/373
f 115/191/374 118/195/374 286/378/374 288/337/374
f 71/101/375 407/105/375 418/229/375 153/225/375
f 153/225/376 418/229/376 419/240/376 169/235/376
f 169/235/377 419/240/377 420/273/377 185/270/377
f 185/270/378 420/273/378 406/299/378 201/297/378
f 118/195/379 282/410/379 278/326/379 286/378/379
f 67/95/380 411/92/380 422/102/380 313/100/380
f 666/510/381 476/511/381 443/512/381 665/513/381
f 473/514/382 469/515/382 428/516/382 471/517/382
f 481/518/383 483/519/383 454/520/383 480/521/383
f 488/522/384 470/523/384 426/524/384 448/525/384
f 492/526/385 459/527/385 441/528/385 452/529/385
f 493/530/386 460/531/386 435/532/386 453/533/386
f 494/534/387 486/535/387 455/536/387 484/537/387
f 495/538/388 449/539/388 444/540/388 479/541/388
f 496/542/389 465/543/389 423/544/389 464/545/389
f 497/546/390 489/547/390 456/548/390 487/549/390
f 498/550/391 474/551/391 451/552/391 477/553/391
f 499/554/392 475/555/392 442/556/392 461/557/392
f 501/558/393 447/559/393 429/560/393 482/561/393
f 502/562/394 478/563/394 434/564/394 458/565/394
f 429/560/395 480/521/395 472/566/395 459/527/395
f 503/567/396 450/568/396 440/569/396 485/570/396
f 459/527/397 472/566/397 463/571/397 441/528/397
f 454/520/398 479/541/398 473/514/398 476/511/398
f 476/511/399 473/514/399 471/517/399 443/512/399
f 424/572/400 431/573/400 481/518/400 447/559/400
f 479/541/401 444/540/401 469/515/401 473/514/401
f 447/559/402 481/518/402 480/521/402 429/560/402
f 455/536/403 477/553/403 488/522/403 465/543/403
f 431/573/404 439/574/404 483/519/404 481/518/404
f 465/543/405 488/522/405 448/525/405 423/544/405
f 477/553/406 451/552/406 470/523/406 488/522/406
f 661/575/407 492/526/407 452/529/407 659/576/407
f 457/577/408 485/570/408 493/530/408 478/563/408
f 482/561/409 429/560/409 459/527/409 492/526/409
f 478/563/410 493/530/410 453/533/410 434/564/410
f 430/578/411 461/557/411 494/534/411 425/579/411
f 485/570/412 440/569/412 460/531/412 493/530/412
f 425/579/413 494/534/413 484/537/413 432/580/413
f 439/574/414 462/581/414 495/538/414 483/519/414
f 461/557/415 442/556/415 486/535/415 494/534/415
f 483/519/416 495/538/416 479/541/416 454/520/416
f 432/580/417 484/537/417 496/542/417 445/582/417
f 462/581/418 438/583/418 449/539/418 495/538/418
f 445/582/419 496/542/419 464/545/419 436/584/419
f 437/585/420 467/586/420 497/546/420 468/587/420
f 484/537/421 455/536/421 465/543/421 496/542/421
f 468/587/422 497/546/422 487/549/422 433/588/422
f 659/576/423 452/529/423 498/550/423 662/589/423
f 467/586/424 427/590/424 489/547/424 497/546/424
f 433/588/425 487/549/425 499/554/425 466/591/425
f 452/529/426 441/528/426 474/551/426 498/550/426
f 466/591/427 499/554/427 461/557/427 430/578/427
f 441/528/428 463/571/428 500/592/428 474/551/428
f 487/549/429 456/548/429 475/555/429 499/554/429
f 474/551/430 500/592/430 490/593/430 451/552/430
f 427/590/431 446/594/431 501/558/431 489/547/431
f 665/513/432 443/512/432 491/595/432 667/596/432
f 489/547/433 501/558/433 482/561/433 456/548/433
f 451/552/434 490/593/434 502/562/434 470/523/434
f 446/594/435 424/572/435 447/559/435 501/558/435
f 470/523/436 502/562/436 458/565/436 426/524/436
f 443/512/437 471/517/437 503/567/437 491/595/437
f 490/593/438 457/577/438 478/563/438 502/562/438
f 491/595/439 503/567/439 485/570/439 457/577/439
f 471/517/440 428/516/440 450/568/440 503/567/440
f 468/587/441 433/588/441 513/597/441 534/598/441
f 439/574/442 431/573/442 511/599/442 519/600/442
f 458/565/443 434/564/443 514/601/443 528/602/443
f 436/584/444 464/545/444 531/603/444 516/604/444
f 425/579/445 432/580/445 512/605/445 506/606/445
f 426/524/446 458/565/446 528/602/446 507/607/446
f 448/525/447 426/524/447 507/607/447 524/608/447
f 434/564/448 453/533/448 527/609/448 514/601/448
f 469/515/449 444/540/449 521/610/449 535/611/449
f 467/586/450 437/585/450 517/612/450 533/613/450
f 466/591/451 430/578/451 510/614/451 532/615/451
f 449/539/452 438/583/452 518/616/452 525/617/452
f 430/578/453 425/579/453 506/606/453 510/614/453
f 432/580/454 445/582/454 522/618/454 512/605/454
f 427/590/455 467/586/455 533/613/455 508/619/455
f 464/545/456 423/544/456 504/620/456 531/603/456
f 444/540/457 449/539/457 525/617/457 521/610/457
f 431/573/458 424/572/458 505/621/458 511/599/458
f 438/583/459 462/581/459 530/622/459 518/616/459
f 446/594/460 427/590/460 508/619/460 523/623/460
f 460/531/461 440/569/461 520/624/461 529/625/461
f 428/516/462 469/515/462 535/611/462 509/626/462
f 437/585/463 468/587/463 534/598/463 517/612/463
f 440/569/464 450/568/464 526/627/464 520/624/464
f 445/582/465 436/584/465 516/604/465 522/618/465
f 423/544/466 448/525/466 524/608/466 504/620/466
f 450/568/467 428/516/467 509/626/467 526/627/467
f 433/588/468 466/591/468 532/615/468 513/597/468
f 435/532/469 460/531/469 529/625/469 515/628/469
f 424/572/470 446/594/470 523/623/470 505/621/470
f 462/581/471 439/574/471 519/600/471 530/622/471
f 453/533/472 435/532/472 515/628/472 527/609/472
f 508/619/473 533/613/473 565/629/473 540/630/473
f 528/602/474 514/601/474 546/631/474 560/632/474
f 512/605/475 522/618/475 554/633/475 544/634/475
f 509/626/476 535/611/476 567/635/476 541/636/476
f 532/615/477 510/614/477 542/637/477 564/638/477
f 525/617/478 518/616/478 550/639/478 557/640/478
f 526/627/479 509/626/479 541/636/479 558/641/479
f 535/611/480 521/610/480 553/642/480 567/635/480
f 530/622/481 519/600/481 551/643/481 562/644/481
f 519/600/482 511/599/482 543/645/482 551/643/482
f 517/612/483 534/598/483 566/646/483 549/647/483
f 511/599/484 505/621/484 537/648/484 543/645/484
f 510/614/485 506/606/485 538/649/485 542/637/485
f 529/625/486 520/624/486 552/650/486 561/651/486
f 520/624/487 526/627/487 558/641/487 552/650/487
f 514/601/488 527/609/488 559/652/488 546/631/488
f 515/628/489 529/625/489 561/651/489 547/653/489
f 522/618/490 516/604/490 548/654/490 554/633/490
f 518/616/491 530/622/491 562/644/491 550/639/491
f 513/597/492 532/615/492 564/638/492 545/655/492
f 506/606/493 512/605/493 544/634/493 538/649/493
f 531/603/494 504/620/494 536/656/494 563/657/494
f 516/604/495 531/603/495 563/657/495 548/654/495
f 505/621/496 523/623/496 555/658/496 537/648/496
f 504/620/497 524/608/497 556/659/497 536/656/497
f 534/598/498 513/597/498 545/655/498 566/646/498
f 521/610/499 525/617/499 557/640/499 553/642/499
f 523/623/500 508/619/500 540/630/500 555/658/500
f 533/613/501 517/612/501 549/647/501 565/629/501
f 507/607/502 528/602/502 560/632/502 539/660/502
f 527/609/503 515/628/503 547/653/503 559/652/503
f 524/608/504 507/607/504 539/660/504 556/659/504
f 545/655/505 564/638/505 596/661/505 577/662/505
f 538/649/506 544/634/506 576/663/506 570/664/506
f 563/657/507 536/656/507 568/665/507 595/666/507
f 548/654/508 563/657/508 595/666/508 580/667/508
f 537/648/509 555/658/509 587/668/509 569/669/509
f 536/656/510 556/659/510 588/670/510 568/665/510
f 566/646/511 545/655/511 577/662/511 598/671/511
f 553/642/512 557/640/512 589/672/512 585/673/512
f 555/658/513 540/630/513 572/674/513 587/668/513
f 565/629/514 549/647/514 581/675/514 597/676/514
f 539/660/515 560/632/515 592/677/515 571/678/515
f 559/652/516 547/653/516 579/679/516 591/680/516
f 556/659/517 539/660/517 571/678/517 588/670/517
f 540/630/518 565/629/518 597/676/518 572/674/518
f 560/632/519 546/631/519 578/681/519 592/677/519
f 544/634/520 554/633/520 586/682/520 576/663/520
f 541/636/521 567/635/521 599/683/521 573/684/521
f 564/638/522 542/637/522 574/685/522 596/661/522
f 557/640/523 550/639/523 582/686/523 589/672/523
f 558/641/524 541/636/524 573/684/524 590/687/524
f 567/635/525 553/642/525 585/673/525 599/683/525
f 562/644/526 551/643/526 583/688/526 594/689/526
f 551/643/527 543/645/527 575/690/527 583/688/527
f 549/647/528 566/646/528 598/671/528 581/675/528
f 543/645/529 537/648/529 569/669/529 575/690/529
f 542/637/530 538/649/530 570/664/530 574/685/530
f 561/651/531 552/650/531 584/691/531 593/692/531
f 552/650/532 558/641/532 590/687/532 584/691/532
f 546/631/533 559/652/533 591/680/533 578/681/533
f 547/653/534 561/651/534 593/692/534 579/679/534
f 554/633/535 548/654/535 580/667/535 586/682/535
f 550/639/536 562/644/536 594/689/536 582/686/536
f 475/555/537 456/548/537 602/693/537 605/694/537
f 477/553/538 455/536/538 601/695/538 607/696/538
f 454/520/539 476/511/539 606/697/539 600/698/539
f 662/589/540 498/550/540 614/699/540 648/700/540
f 457/577/541 490/593/541 611/701/541 603/702/541
f 655/703/542 475/555/542 605/694/542 650/704/542
f 667/596/543 491/595/543 612/705/543 652/706/543
f 491/595/544 457/577/544 603/702/544 612/705/544
f 498/550/545 477/553/545 607/696/545 614/699/545
f 472/566/546 480/521/546 608/707/546 604/708/546
f 455/536/547 486/535/547 610/709/547 601/695/547
f 480/521/548 454/520/548 600/698/548 608/707/548
f 456/548/549 482/561/549 609/710/549 602/693/549
f 482/561/545 492/526/545 613/711/545 609/710/545
f 490/593/546 500/592/546 615/712/546 611/701/546
f 663/713/550 472/566/550 604/708/550 657/714/550
f 568/665/551 588/670/551 636/715/551 616/716/551
f 598/671/552 577/662/552 625/717/552 646/718/552
f 585/673/553 589/672/553 637/719/553 633/720/553
f 587/668/554 572/674/554 620/721/554 635/722/554
f 597/676/555 581/675/555 629/723/555 645/724/555
f 571/678/556 592/677/556 640/725/556 619/726/556
f 591/680/557 579/679/557 627/727/557 639/728/557
f 588/670/558 571/678/558 619/726/558 636/715/558
f 572/674/559 597/676/559 645/724/559 620/721/559
f 592/677/560 578/681/560 626/729/560 640/725/560
f 576/663/561 586/682/561 634/730/561 624/731/561
f 573/684/562 599/683/562 647/732/562 621/733/562
f 596/661/563 574/685/563 622/734/563 644/735/563
f 589/672/564 582/686/564 630/736/564 637/719/564
f 590/687/565 573/684/565 621/733/565 638/737/565
f 599/683/566 585/673/566 633/720/566 647/732/566
f 594/689/567 583/688/567 631/738/567 642/739/567
f 583/688/568 575/690/568 623/740/568 631/738/568
f 581/675/569 598/671/569 646/718/569 629/723/569
f 575/690/570 569/669/570 617/741/570 623/740/570
f 574/685/571 570/664/571 618/742/571 622/734/571
f 593/692/572 584/691/572 632/743/572 641/744/572
f 584/691/573 590/687/573 638/737/573 632/743/573
f 578/681/574 591/680/574 639/728/574 626/729/574
f 579/679/575 593/692/575 641/744/575 627/727/575
f 586/682/576 580/667/576 628/745/576 634/730/576
f 582/686/577 594/689/577 642/739/577 630/736/577
f 577/662/578 596/661/578 644/735/578 625/717/578
f 570/664/579 576/663/579 624/731/579 618/742/579
f 595/666/580 568/665/580 616/716/580 643/746/580
f 580/667/581 595/666/581 643/746/581 628/745/581
f 569/669/582 587/668/582 635/722/582 617/741/582
f 475/555/583 655/703/583 654/747/583 442/556/583
f 655/703/584 661/575/584 659/576/584 654/747/584
f 442/556/585 654/747/585 656/748/585 486/535/585
f 486/535/586 656/748/586 649/749/586 610/709/586
f 661/575/587 655/703/587 650/704/587 651/750/587
f 472/566/588 663/713/588 660/751/588 463/571/588
f 654/747/589 659/576/589 662/589/589 656/748/589
f 656/748/590 662/589/590 648/700/590 649/749/590
f 492/526/591 661/575/591 651/750/591 613/711/591
f 663/713/592 666/510/592 665/513/592 660/751/592
f 463/571/593 660/751/593 664/752/593 500/592/593
f 500/592/594 664/752/594 658/753/594 615/712/594
f 666/510/595 663/713/595 657/714/595 653/754/595
f 660/751/596 665/513/596 667/596/596 664/752/596
f 664/752/597 667/596/597 652/706/597 658/753/597
f 476/511/598 666/510/598 653/754/598 606/697/598
f 309/50/599 42/47/599 688/755/599 698/756/599
f 24/27/600 22/25/600 678/757/600 679/758/600
f 38/43/601 36/41/601 685/759/601 686/760/601
f 14/15/602 12/13/602 673/761/602 674/762/602
f 384/38/603 311/421/603 700/763/603 701/764/603
f 198/291/604 182/260/604 695/765/604 697/766/604
f 28/31/605 26/29/605 680/767/605 681/768/605
f 310/213/606 4/214/606 669/769/606 699/770/606
f 42/47/607 40/45/607 687/771/607 688/755/607
f 18/19/608 16/17/608 675/772/608 676/773/608
f 166/254/609 150/218/609 691/774/609 693/775/609
f 32/35/610 30/33/610 682/776/610 683/777/610
f 8/9/611 6/7/611 670/778/611 671/779/611
f 2/6/612 310/213/612 699/770/612 668/780/612
f 180/278/613 196/287/613 696/781/613 694/782/613
f 182/260/614 166/254/614 693/775/614 695/765/614
f 22/25/615 20/24/615 677/783/615 678/757/615
f 36/41/616 34/39/616 684/784/616 685/759/616
f 12/13/617 10/11/617 672/785/617 673/761/617
f 4/214/618 148/226/618 690/786/618 669/769/618
f 148/226/619 164/250/619 692/787/619 690/786/619
f 26/29/620 24/27/620 679/758/620 680/767/620
f 40/45/621 38/43/621 686/760/621 687/771/621
f 16/17/622 14/15/622 674/762/622 675/772/622
f 311/421/623 32/35/623 683/777/623 700/763/623
f 30/33/624 28/31/624 681/768/624 682/776/624
f 6/7/625 2/6/625 668/780/625 670/778/625
f 44/51/626 309/50/626 698/756/626 689/788/626
f 20/21/627 18/19/627 676/773/627 677/789/627
f 34/39/628 384/38/628 701/764/628 684/784/628
f 164/250/629 180/278/629 694/782/629 692/787/629
f 10/11/630 8/9/630 671/779/630 672/785/630
f 150/218/631 44/51/631 689/788/631 691/774/631
f 676/773/632 675/772/632 1352/790/632 1353/791/632
f 671/779/633 670/778/633 1347/792/633 1348/793/633
f 697/766/634 695/765/634 1372/794/634 1374/795/634
f 690/786/635 692/787/635 1369/796/635 1367/797/635
f 687/771/636 686/760/636 1363/798/636 1364/799/636
f 682/776/637 681/768/637 1358/800/637 1359/801/637
f 677/789/638 676/773/638 1353/791/638 1354/802/638
f 672/785/639 671/779/639 1348/793/639 1349/803/639
f 698/756/640 688/755/640 1365/804/640 1375/805/640
f 693/775/641 691/774/641 1368/806/641 1370/807/641
f 688/755/642 687/771/642 1364/799/642 1365/804/642
f 683/777/643 682/776/643 1359/801/643 1360/808/643
f 678/757/644 677/783/644 1354/809/644 1355/810/644
f 673/761/645 672/785/645 1349/803/645 1350/811/645
f 699/770/646 669/769/646 1346/812/646 1376/813/646
f 695/765/647 693/775/647 1370/807/647 1372/794/647
f 689/788/648 698/756/648 1375/805/648 1366/814/648
f 684/784/649 701/764/649 1378/815/649 1361/816/649
f 679/758/650 678/757/650 1355/810/650 1356/817/650
f 674/762/651 673/761/651 1350/811/651 1351/818/651
f 668/780/652 699/770/652 1376/813/652 1345/819/652
f 700/763/653 683/777/653 1360/808/653 1377/820/653
f 692/787/654 694/782/654 1371/821/654 1369/796/654
f 691/774/655 689/788/655 1366/814/655 1368/806/655
f 685/759/656 684/784/656 1361/816/656 1362/822/656
f 680/767/657 679/758/657 1356/817/657 1357/823/657
f 675/772/658 674/762/658 1351/818/658 1352/790/658
f 670/778/659 668/780/659 1345/819/659 1347/792/659
f 701/764/660 700/763/660 1377/820/660 1378/815/660
f 694/782/661 696/781/661 1373/824/661 1371/821/661
f 669/769/662 690/786/662 1367/797/662 1346/812/662
f 686/760/663 685/759/663 1362/822/663 1363/798/663
f 681/768/664 680/767/664 1357/823/664 1358/800/664
f 702/181/665 703/81/665 705/825/665 704/826/665
f 749/827/666 745/828/666 707/829/666 706/830/666
f 706/830/667 707/829/667 709/428/667 708/112/667
f 726/427/668 715/426/668 717/831/668 727/832/668
f 753/833/669 746/834/669 719/835/669 728/836/669
f 728/836/670 719/835/670 721/80/670 729/79/670
f 703/81/671 721/80/671 719/835/671 705/825/671
f 745/828/672 746/834/672 717/831/672 707/829/672
f 707/829/673 717/831/673 715/426/673 709/428/673
f 714/205/674 722/208/674 723/837/674 716/206/674
f 751/209/675 752/838/675 724/839/675 718/503/675
f 718/503/676 724/839/676 725/76/676 720/75/676
f 722/208/677 726/427/677 727/832/677 723/837/677
f 752/838/678 753/833/678 728/836/678 724/839/678
f 724/839/679 728/836/679 729/79/679 725/76/679
f 77/120/680 732/106/680 750/109/680 712/140/680
f 76/107/681 732/106/681 734/122/681 81/119/681
f 321/124/682 748/127/682 731/130/682 86/125/682
f 108/180/683 109/179/683 735/183/683 737/182/683
f 111/184/684 735/183/684 751/209/684 718/503/684
f 737/182/685 110/185/685 290/340/685 269/324/685
f 287/204/686 124/203/686 284/316/686 274/309/686
f 123/202/687 413/152/687 270/333/687 285/332/687
f 101/164/688 102/163/688 415/330/688 416/319/688
f 94/149/689 93/148/689 740/344/689 739/342/689
f 86/125/690 731/130/690 742/217/690 158/234/690
f 158/234/691 742/217/691 743/257/691 174/256/691
f 174/256/692 743/257/692 744/269/692 190/264/692
f 190/264/693 744/269/693 733/296/693 206/293/693
f 100/166/694 101/164/694 416/319/694 417/318/694
f 81/119/695 734/122/695 748/127/695 321/124/695
f 704/826/696 705/825/696 745/828/696 749/827/696
f 727/832/697 717/831/697 746/834/697 753/833/697
f 705/825/698 719/835/698 746/834/698 745/828/698
f 716/206/699 723/837/699 752/838/699 751/209/699
f 723/837/700 727/832/700 753/833/700 752/838/700
f 704/826/701 711/108/701 710/186/701 702/181/701
f 749/827/702 750/109/702 711/108/702 704/826/702
f 750/109/703 749/827/703 706/830/703 712/140/703
f 708/112/704 713/111/704 712/140/704 706/830/704
f 245/413/705 293/476/705 762/353/705 757/352/705
f 333/480/706 767/360/706 756/363/706 260/483/706
f 294/412/707 763/364/707 759/367/707 292/479/707
f 293/476/708 291/475/708 758/370/708 762/353/708
f 260/483/217 756/363/217 761/385/217 295/484/217
f 295/484/217 761/385/217 764/387/217 296/489/217
f 296/489/709 764/387/709 766/389/709 297/491/709
f 297/491/710 766/389/710 754/391/710 262/493/710
f 233/355/711 237/365/711 763/364/711 757/352/711
f 292/479/712 759/367/712 767/360/712 333/480/712
f 366/465/713 771/430/713 772/433/713 367/466/713
f 386/495/226 369/497/226 774/438/226 780/437/226
f 365/454/714 770/456/714 771/430/714 366/465/714
f 367/466/715 772/433/715 773/457/715 368/471/715
f 348/444/716 350/443/716 775/459/716 755/458/716
f 350/443/716 351/445/716 776/460/716 775/459/716
f 352/446/716 777/461/716 776/460/716 351/445/716
f 353/447/717 765/462/717 777/461/717 352/446/717
f 349/442/718 778/463/718 765/462/718 353/447/718
f 312/424/719 760/468/719 768/469/719 331/441/719
f 341/423/720 769/470/720 760/468/720 312/424/720
f 343/440/721 770/456/721 769/470/721 341/423/721
f 331/441/722 768/469/722 778/463/722 349/442/722
f 347/198/723 779/473/723 773/457/723 342/199/723
f 370/474/226 779/473/226 774/438/226 369/497/226
f 291/475/724 386/495/724 780/437/724 758/370/724
f 232/315/725 240/314/725 795/840/725 794/841/725
f 226/329/726 232/315/726 794/841/726 793/842/726
f 264/310/727 251/317/727 801/843/727 805/844/727
f 213/347/728 212/346/728 782/845/728 783/846/728
f 268/325/729 241/341/729 796/847/729 807/848/729
f 256/303/730 252/302/730 802/849/730 803/850/730
f 240/314/731 268/325/731 807/848/731 795/840/731
f 221/331/732 222/383/732 792/851/732 791/852/732
f 214/343/733 213/347/733 783/846/733 784/853/733
f 241/341/734 242/339/734 797/854/734 796/847/734
f 222/383/735 226/329/735 793/842/735 792/851/735
f 250/335/736 267/334/736 806/855/736 800/856/736
f 211/307/737 215/306/737 785/857/737 781/858/737
f 217/381/738 218/351/738 788/859/738 787/860/738
f 215/306/739 216/323/739 786/861/739 785/857/739
f 244/338/740 249/379/740 799/862/740 798/863/740
f 261/327/741 256/303/741 803/850/741 804/864/741
f 242/339/742 244/338/742 798/863/742 797/854/742
f 218/351/743 219/350/743 789/865/743 788/859/743
f 219/321/744 220/320/744 790/866/744 789/867/744
f 251/317/745 250/335/745 800/856/745 801/843/745
f 252/311/746 264/310/746 805/844/746 802/868/746
f 249/379/747 261/327/747 804/864/747 799/862/747
f 220/320/748 221/331/748 791/852/748 790/866/748
f 216/323/749 217/381/749 787/860/749 786/861/749
f 212/346/750 211/307/750 781/858/750 782/845/750
f 267/334/751 214/343/751 784/853/751 806/855/751
f 786/861/752 787/860/752 814/869/752 813/870/752
f 806/855/753 784/853/753 811/871/753 833/872/753
f 788/859/754 789/865/754 816/873/754 815/874/754
f 798/863/755 799/862/755 826/875/755 825/876/755
f 792/851/756 793/842/756 820/877/756 819/878/756
f 787/860/757 788/859/757 815/874/757 814/869/757
f 782/845/758 781/858/758 808/879/758 809/880/758
f 807/848/759 796/847/759 823/881/759 834/882/759
f 799/862/760 804/864/760 831/883/760 826/875/760
f 801/843/761 800/856/761 827/884/761 828/885/761
f 794/841/762 795/840/762 822/886/762 821/887/762
f 781/858/763 785/857/763 812/888/763 808/879/763
f 783/846/764 782/845/764 809/880/764 810/889/764
f 803/850/765 802/849/765 829/890/765 830/891/765
f 805/844/766 801/843/766 828/885/766 832/892/766
f 795/840/767 807/848/767 834/882/767 822/886/767
f 789/867/768 790/866/768 817/893/768 816/894/768
f 784/853/769 783/846/769 810/889/769 811/871/769
f 804/864/770 803/850/770 830/891/770 831/883/770
f 800/856/771 806/855/771 833/872/771 827/884/771
f 796/847/772 797/854/772 824/895/772 823/881/772
f 790/866/773 791/852/773 818/896/773 817/893/773
f 785/857/774 786/861/774 813/870/774 812/888/774
f 802/868/775 805/844/775 832/892/775 829/897/775
f 793/842/776 794/841/776 821/887/776 820/877/776
f 797/854/777 798/863/777 825/876/777 824/895/777
f 791/852/778 792/851/778 819/878/778 818/896/778
f 832/892/779 828/885/779 855/898/779 859/899/779
f 822/886/780 834/882/780 861/900/780 849/901/780
f 816/894/781 817/893/781 844/902/781 843/903/781
f 811/871/782 810/889/782 837/904/782 838/905/782
f 831/883/783 830/891/783 857/906/783 858/907/783
f 827/884/784 833/872/784 860/908/784 854/909/784
f 823/881/785 824/895/785 851/910/785 850/911/785
f 817/893/786 818/896/786 845/912/786 844/902/786
f 812/888/787 813/870/787 840/913/787 839/914/787
f 829/897/788 832/892/788 859/899/788 856/915/788
f 820/877/789 821/887/789 848/916/789 847/917/789
f 824/895/790 825/876/790 852/918/790 851/910/790
f 818/896/791 819/878/791 846/919/791 845/912/791
f 813/870/792 814/869/792 841/920/792 840/913/792
f 833/872/793 811/871/793 838/905/793 860/908/793
f 815/874/794 816/873/794 843/921/794 842/922/794
f 825/876/795 826/875/795 853/923/795 852/918/795
f 819/878/796 820/877/796 847/917/796 846/919/796
f 814/869/797 815/874/797 842/922/797 841/920/797
f 809/880/798 808/879/798 835/924/798 836/925/798
f 834/882/799 823/881/799 850/911/799 861/900/799
f 826/875/800 831/883/800 858/907/800 853/923/800
f 828/885/801 827/884/801 854/909/801 855/898/801
f 821/887/802 822/886/802 849/901/802 848/916/802
f 808/879/803 812/888/803 839/914/803 835/924/803
f 810/889/804 809/880/804 836/925/804 837/904/804
f 830/891/805 829/890/805 856/926/805 857/906/805
f 860/908/806 838/905/806 865/927/806 887/928/806
f 842/922/807 843/921/807 870/929/807 869/930/807
f 852/918/808 853/923/808 880/931/808 879/932/808
f 846/919/809 847/917/809 874/933/809 873/934/809
f 841/920/810 842/922/810 869/930/810 868/935/810
f 836/925/811 835/924/811 862/936/811 863/937/811
f 861/900/812 850/911/812 877/938/812 888/939/812
f 853/923/813 858/907/813 885/940/813 880/931/813
f 855/898/814 854/909/814 881/941/814 882/942/814
f 848/916/815 849/901/815 876/943/815 875/944/815
f 835/924/816 839/914/816 866/945/816 862/936/816
f 837/904/817 836/925/817 863/937/817 864/946/817
f 857/906/818 856/926/818 883/947/818 884/948/818
f 859/899/819 855/898/819 882/942/819 886/949/819
f 849/901/820 861/900/820 888/939/820 876/943/820
f 843/903/821 844/902/821 871/950/821 870/951/821
f 838/905/822 837/904/822 864/946/822 865/927/822
f 858/907/823 857/906/823 884/948/823 885/940/823
f 854/909/824 860/908/824 887/928/824 881/941/824
f 850/911/825 851/910/825 878/952/825 877/938/825
f 844/902/826 845/912/826 872/953/826 871/950/826
f 839/914/827 840/913/827 867/954/827 866/945/827
f 856/915/828 859/899/828 886/949/828 883/955/828
f 847/917/829 848/916/829 875/944/829 874/933/829
f 851/910/830 852/918/830 879/932/830 878/952/830
f 845/912/831 846/919/831 873/934/831 872/953/831
f 840/913/832 841/920/832 868/935/832 867/954/832
f 1216/956/833 1014/957/833 891/958/833 1202/959/833
f 1013/960/834 1015/961/834 894/962/834 890/963/834
f 1015/961/835 1016/964/835 896/965/835 894/962/835
f 1016/964/836 1017/966/836 898/967/836 896/965/836
f 1017/966/837 1018/968/837 900/969/837 898/967/837
f 1018/968/838 1019/970/838 902/971/838 900/969/838
f 1019/970/839 1020/972/839 904/973/839 902/971/839
f 1020/972/840 1021/974/840 906/975/840 904/973/840
f 1021/974/841 1022/976/841 908/977/841 906/975/841
f 1022/978/842 1023/979/842 910/980/842 908/981/842
f 1023/979/843 1024/982/843 912/983/843 910/980/843
f 1024/982/844 1025/984/844 914/985/844 912/983/844
f 1025/984/845 1026/986/845 916/987/845 914/985/845
f 1026/986/846 1027/988/846 918/989/846 916/987/846
f 1027/988/847 1028/990/847 920/991/847 918/989/847
f 1280/992/848 1029/993/848 922/994/848 1272/995/848
f 1029/993/849 1030/996/849 924/997/849 922/994/849
f 1030/996/850 1031/998/850 926/999/850 924/997/850
f 1031/998/851 1032/1000/851 928/1001/851 926/999/851
f 1032/1000/852 1033/1002/852 930/1003/852 928/1001/852
f 1217/1004/853 1034/1005/853 932/1006/853 1197/1007/853
f 895/1008/854 933/1009/854 934/1010/854 897/1011/854
f 933/1009/855 935/1012/855 936/1013/855 934/1010/855
f 935/1012/856 937/1014/856 938/1015/856 936/1013/856
f 1297/1016/857 939/1017/857 940/1018/857 1296/1019/857
f 1169/1020/858 941/1021/858 942/1022/858 1115/1023/858
f 941/1021/859 943/1024/859 944/1025/859 942/1022/859
f 943/1024/860 945/1026/860 946/1027/860 944/1025/860
f 1226/1028/861 1402/1029/861 1397/1030/861 1001/1031/861
f 1002/1032/862 1398/1033/862 1406/1034/862 1284/1035/862
f 946/1027/863 1380/1036/863 1398/1033/863 1002/1032/863
f 925/1037/864 923/1038/864 948/1039/864 947/1040/864
f 1297/1016/865 1298/1041/865 952/1042/865 939/1017/865
f 935/1012/866 950/1043/866 951/1044/866 937/1014/866
f 933/1009/867 949/1045/867 950/1043/867 935/1012/867
f 1298/1041/868 1299/1046/868 956/1047/868 952/1042/868
f 949/1045/869 953/1048/869 954/1049/869 950/1043/869
f 950/1043/870 954/1049/870 955/1050/870 951/1044/870
f 1207/1051/871 957/1052/871 958/1053/871 1205/1054/871
f 1205/1054/872 958/1053/872 959/1055/872 1201/1056/872
f 1310/1057/873 1295/1058/873 960/1059/873 1208/1060/873
f 1409/1061/874 1427/1062/874 1388/1063/874 964/1064/874
f 947/1040/875 1385/1065/875 1390/1066/875 976/1067/875
f 943/1024/876 962/1068/876 963/1069/876 945/1026/876
f 941/1021/877 961/1070/877 962/1068/877 943/1024/877
f 961/1070/878 966/1071/878 967/1072/878 962/1068/878
f 962/1068/879 967/1072/879 968/1073/879 963/1069/879
f 963/1069/880 968/1073/880 969/1074/880 964/1064/880
f 1409/1061/881 1411/1075/881 970/1076/881 965/1077/881
f 1211/1078/882 973/1079/882 974/1080/882 1209/1081/882
f 1425/1082/883 1408/1083/883 975/1084/883 1212/1085/883
f 1214/1086/884 971/1087/884 972/1088/884 1213/1089/884
f 1213/1089/885 972/1088/885 973/1079/885 1211/1078/885
f 1204/1090/886 929/1091/886 977/1092/886 1215/1093/886
f 929/1091/887 927/1094/887 976/1067/887 977/1092/887
f 927/1094/888 925/1037/888 947/1040/888 976/1067/888
f 976/1067/889 1390/1066/889 1389/1095/889 965/1077/889
f 965/1077/890 970/1076/890 977/1092/890 976/1067/890
f 1212/1085/891 975/1084/891 978/1096/891 1215/1093/891
f 1220/1097/892 1159/1098/892 971/1087/892 1214/1086/892
f 1160/1099/893 1116/1100/893 966/1071/893 961/1070/893
f 895/1008/894 893/1101/894 949/1045/894 933/1009/894
f 893/1101/895 889/1102/895 953/1048/895 949/1045/895
f 1202/959/896 891/958/896 957/1052/896 1207/1051/896
f 938/1015/897 982/1103/897 981/1104/897 936/1013/897
f 936/1013/898 981/1104/898 980/1105/898 934/1010/898
f 934/1010/899 980/1105/899 979/1106/899 897/1011/899
f 1296/1019/900 1301/1107/900 982/1103/900 938/1015/900
f 903/1108/901 986/1109/901 987/1110/901 905/1111/901
f 901/1112/902 985/1113/902 986/1109/902 903/1108/902
f 899/1114/903 984/1115/903 985/1113/903 901/1112/903
f 899/1114/904 897/1011/904 979/1106/904 984/1115/904
f 909/1116/905 989/1117/905 990/1118/905 911/1119/905
f 907/1120/906 988/1121/906 989/1117/906 909/1116/906
f 913/1122/907 991/1123/907 992/1124/907 915/1125/907
f 911/1119/908 990/1118/908 991/1123/908 913/1122/908
f 1282/1126/909 1283/1127/909 995/1128/909 921/1129/909
f 917/1130/910 993/1131/910 994/1132/910 919/1133/910
f 1284/1035/911 1406/1034/911 1402/1029/911 1226/1028/911
f 993/1131/912 996/1134/912 997/1135/912 994/1132/912
f 945/1026/913 1379/1136/913 1380/1036/913 946/1027/913
f 1414/1137/914 998/1138/914 999/1139/914 1412/1140/914
f 964/1064/915 1388/1063/915 1387/1141/915 963/1069/915
f 998/1138/916 1000/1142/916 1001/1031/916 999/1139/916
f 1284/1035/917 1285/1143/917 1005/1144/917 1002/1032/917
f 1000/1142/918 1003/1145/918 1004/1146/918 1001/1031/918
f 1285/1143/919 1286/1147/919 1008/1148/919 1005/1144/919
f 1003/1145/920 1006/1149/920 1007/1150/920 1004/1146/920
f 942/1022/921 944/1025/921 1005/1144/921 1008/1148/921
f 1115/1023/922 942/1022/922 1008/1148/922 1161/1151/922
f 1111/1152/923 1010/1153/923 1230/1154/923 1235/1155/923
f 1010/1153/924 1012/1156/924 1011/1157/924 1009/1158/924
f 1111/1152/925 1175/1159/925 1012/1156/925 1010/1153/925
f 944/1025/926 946/1027/926 1002/1032/926 1005/1144/926
f 997/1135/927 1393/1160/927 1391/1161/927 994/1132/927
f 994/1132/928 1391/1161/928 1399/1162/928 1225/1163/928
f 1412/1140/929 1428/1164/929 1393/1160/929 997/1135/929
f 923/1038/930 921/1129/930 995/1128/930 948/1039/930
f 1301/1107/931 983/1165/931 1009/1158/931 1011/1157/931
f 917/1130/932 915/1125/932 992/1124/932 993/1131/932
f 907/1166/933 905/1111/933 987/1110/933 988/1167/933
f 1198/1168/934 892/1169/934 1014/957/934 1216/956/934
f 889/1102/935 893/1101/935 1015/961/935 1013/960/935
f 893/1101/936 895/1008/936 1016/964/936 1015/961/936
f 895/1008/937 897/1011/937 1017/966/937 1016/964/937
f 897/1011/938 899/1114/938 1018/968/938 1017/966/938
f 899/1114/939 901/1112/939 1019/970/939 1018/968/939
f 901/1112/940 903/1108/940 1020/972/940 1019/970/940
f 903/1108/941 905/1111/941 1021/974/941 1020/972/941
f 905/1111/942 907/1166/942 1022/976/942 1021/974/942
f 907/1120/943 909/1116/943 1023/979/943 1022/978/943
f 909/1116/944 911/1119/944 1024/982/944 1023/979/944
f 911/1119/945 913/1122/945 1025/984/945 1024/982/945
f 913/1122/946 915/1125/946 1026/986/946 1025/984/946
f 915/1125/947 917/1130/947 1027/988/947 1026/986/947
f 917/1130/948 919/1133/948 1028/990/948 1027/988/948
f 1282/1126/949 921/1129/949 1029/993/949 1280/992/949
f 921/1129/950 923/1038/950 1030/996/950 1029/993/950
f 923/1038/951 925/1037/951 1031/998/951 1030/996/951
f 925/1037/952 927/1094/952 1032/1000/952 1031/998/952
f 927/1094/953 929/1091/953 1033/1002/953 1032/1000/953
f 1204/1090/954 931/1170/954 1034/1005/954 1217/1004/954
f 1408/1083/955 1419/1171/955 1047/1172/955 975/1084/955
f 1034/1005/956 1050/1173/956 1038/1174/956 932/1006/956
f 957/1052/957 1039/1175/957 1040/1176/957 958/1053/957
f 891/958/958 1035/1177/958 1039/1175/958 957/1052/958
f 975/1084/959 1047/1172/959 1048/1178/959 978/1096/959
f 1014/957/960 1049/1179/960 1035/1177/960 891/958/960
f 958/1053/961 1040/1176/961 1041/1180/961 959/1055/961
f 892/1169/962 1036/1181/962 1049/1179/962 1014/957/962
f 978/1096/963 1048/1178/963 1037/1182/963 931/1170/963
f 1295/1058/964 1306/1183/964 1042/1184/964 960/1059/964
f 971/1087/965 1043/1185/965 1044/1186/965 972/1088/965
f 931/1170/966 1037/1182/966 1050/1173/966 1034/1005/966
f 1159/1098/967 1163/1187/967 1043/1185/967 971/1087/967
f 972/1088/968 1044/1186/968 1045/1188/968 973/1079/968
f 973/1079/969 1045/1188/969 1046/1189/969 974/1080/969
f 1040/1176/970 1056/1190/970 1057/1191/970 1041/1180/970
f 1048/1178/971 1064/1192/971 1053/1193/971 1037/1182/971
f 1306/1183/972 1307/1194/972 1058/1195/972 1042/1184/972
f 1047/1172/973 1063/1196/973 1064/1192/973 1048/1178/973
f 1247/1197/974 1193/1198/974 1194/1199/974 1248/1200/974
f 1163/1187/975 1164/1201/975 1059/1202/975 1043/1185/975
f 1043/1185/976 1059/1202/976 1060/1203/976 1044/1186/976
f 1036/1181/977 1052/1204/977 1065/1205/977 1049/1179/977
f 1035/1177/978 1051/1206/978 1055/1207/978 1039/1175/978
f 1044/1186/979 1060/1203/979 1061/1208/979 1045/1188/979
f 1050/1173/980 1066/1209/980 1054/1210/980 1038/1174/980
f 1049/1179/981 1065/1205/981 1051/1206/981 1035/1177/981
f 1045/1188/982 1061/1208/982 1062/1211/982 1046/1189/982
f 1039/1175/983 1055/1207/983 1056/1190/983 1040/1176/983
f 1037/1182/984 1053/1193/984 1066/1209/984 1050/1173/984
f 1419/1171/985 1420/1212/985 1063/1196/985 1047/1172/985
f 1060/1203/986 1076/1213/986 1077/1214/986 1061/1208/986
f 1066/1209/987 1082/1215/987 1070/1216/987 1054/1210/987
f 1065/1205/988 1081/1217/988 1067/1218/988 1051/1206/988
f 1061/1208/989 1077/1214/989 1078/1219/989 1062/1211/989
f 1055/1207/990 1071/1220/990 1072/1221/990 1056/1190/990
f 1053/1193/991 1069/1222/991 1082/1215/991 1066/1209/991
f 1420/1212/992 1421/1223/992 1079/1224/992 1063/1196/992
f 1056/1190/993 1072/1221/993 1073/1225/993 1057/1191/993
f 1064/1192/994 1080/1226/994 1069/1222/994 1053/1193/994
f 1307/1194/995 1308/1227/995 1074/1228/995 1058/1195/995
f 1063/1196/996 1079/1224/996 1080/1226/996 1064/1192/996
f 1248/1200/997 1194/1199/997 1195/1229/997 1249/1230/997
f 1164/1201/998 1165/1231/998 1075/1232/998 1059/1202/998
f 1059/1202/999 1075/1232/999 1076/1213/999 1060/1203/999
f 1052/1204/1000 1068/1233/1000 1081/1217/1000 1065/1205/1000
f 1051/1206/1001 1067/1218/1001 1071/1220/1001 1055/1207/1001
f 1079/1224/1002 1095/1234/1002 1096/1235/1002 1080/1226/1002
f 1250/1236/1003 1249/1230/1003 1195/1229/1003 1196/1237/1003
f 1165/1231/1004 1112/1238/1004 1091/1239/1004 1075/1232/1004
f 1075/1232/1005 1091/1239/1005 1092/1240/1005 1076/1213/1005
f 1068/1233/1006 1084/1241/1006 1097/1242/1006 1081/1217/1006
f 1067/1218/1007 1083/1243/1007 1087/1244/1007 1071/1220/1007
f 1076/1213/1008 1092/1240/1008 1093/1245/1008 1077/1214/1008
f 1082/1215/1009 1098/1246/1009 1086/1247/1009 1070/1216/1009
f 1081/1217/1010 1097/1242/1010 1083/1243/1010 1067/1218/1010
f 1077/1214/1011 1093/1245/1011 1094/1248/1011 1078/1219/1011
f 1071/1220/1012 1087/1244/1012 1088/1249/1012 1072/1221/1012
f 1069/1222/1013 1085/1250/1013 1098/1246/1013 1082/1215/1013
f 1421/1223/1014 1410/1251/1014 1095/1234/1014 1079/1224/1014
f 1072/1221/1015 1088/1249/1015 1089/1252/1015 1073/1225/1015
f 1080/1226/1016 1096/1235/1016 1085/1250/1016 1069/1222/1016
f 1308/1227/1017 1294/1253/1017 1090/1254/1017 1074/1228/1017
f 1168/1255/1018 1144/1256/1018 1140/1257/1018 1171/1258/1018
f 1424/1259/1019 1099/1260/1019 1103/1261/1019 1415/1262/1019
f 1171/1263/1020 1140/1264/1020 1152/1265/1020 1162/1266/1020
f 1293/1267/1021 1120/1268/1021 1128/1269/1021 1186/1270/1021
f 1162/1266/1022 1152/1265/1022 1139/1271/1022 1172/1272/1022
f 1305/1273/1023 1107/1274/1023 1108/1275/1023 1304/1276/1023
f 1415/1262/1024 1103/1261/1024 1104/1277/1024 1413/1278/1024
f 1186/1270/1025 1128/1269/1025 1156/1279/1025 1157/1280/1025
f 1166/1281/1026 1149/1282/1026 1144/1256/1026 1168/1255/1026
f 1300/1283/1027 1114/1284/1027 1120/1268/1027 1293/1267/1027
f 1304/1276/1028 1108/1275/1028 1109/1285/1028 1303/1286/1028
f 1173/1287/1029 1138/1288/1029 1155/1289/1029 1158/1290/1029
f 1177/1291/1030 1130/1292/1030 1132/1293/1030 1176/1294/1030
f 1178/1295/1031 1129/1296/1031 1130/1292/1031 1177/1291/1031
f 1158/1290/1032 1155/1289/1032 1102/1297/1032 1416/1298/1032
f 1417/1299/1033 1101/1300/1033 1100/1301/1033 1418/1302/1033
f 1418/1302/1034 1100/1301/1034 1099/1260/1034 1424/1259/1034
f 1309/1303/1035 1106/1304/1035 1107/1305/1035 1305/1306/1035
f 1434/1307/1036 1121/1308/1036 1119/1309/1036 1439/1310/1036
f 1121/1311/1037 1153/1312/1037 1113/1313/1037 1119/1314/1037
f 1444/1315/1038 1433/1316/1038 1123/1317/1038 1206/1318/1038
f 1440/1319/1039 1436/1320/1039 1118/1321/1039 1125/1322/1039
f 1153/1312/1040 1121/1311/1040 1125/1323/1040 1142/1324/1040
f 1439/1310/1041 1119/1309/1041 1122/1325/1041 1435/1326/1041
f 1233/1327/1042 1151/1328/1042 1126/1329/1042 1224/1330/1042
f 1151/1328/1043 1154/1331/1043 1127/1332/1043 1126/1329/1043
f 1176/1294/1044 1132/1293/1044 1137/1333/1044 1174/1334/1044
f 1407/1335/1045 1105/1336/1045 1106/1304/1045 1309/1303/1045
f 1413/1278/1046 1104/1277/1046 1105/1336/1046 1407/1335/1046
f 1416/1298/1047 1102/1297/1047 1101/1300/1047 1417/1299/1047
f 1302/1337/1048 1110/1338/1048 1114/1284/1048 1300/1283/1048
f 1433/1316/1049 1438/1339/1049 1134/1340/1049 1123/1317/1049
f 1438/1339/1049 1441/1341/1049 1135/1342/1049 1134/1340/1049
f 1441/1341/1049 1443/1343/1049 1136/1344/1049 1135/1342/1049
f 1443/1343/1050 1431/1345/1050 1124/1346/1050 1136/1344/1050
f 1174/1334/1051 1137/1333/1051 1149/1282/1051 1166/1281/1051
f 1153/1312/1052 1169/1020/1052 1115/1023/1052 1113/1313/1052
f 1206/1347/1053 1123/1348/1053 1141/1349/1053 1218/1350/1053
f 1125/1323/1054 1118/1351/1054 1131/1352/1054 1142/1324/1054
f 1119/1314/1055 1113/1313/1055 1143/1353/1055 1122/1354/1055
f 1123/1348/1049 1134/1355/1049 1145/1356/1049 1141/1349/1049
f 1134/1355/1049 1135/1357/1049 1146/1358/1049 1145/1356/1049
f 1135/1357/1049 1136/1359/1049 1147/1360/1049 1146/1358/1049
f 1136/1359/1056 1124/1361/1056 1117/1362/1056 1147/1360/1056
f 1169/1020/1057 1153/1312/1057 1142/1324/1057 1160/1099/1057
f 1234/1363/1058 1167/1364/1058 1151/1328/1058 1233/1327/1058
f 1167/1364/1059 1170/1365/1059 1154/1331/1059 1151/1328/1059
f 1303/1286/1060 1109/1285/1060 1110/1338/1060 1302/1337/1060
f 1172/1272/1061 1139/1271/1061 1138/1288/1061 1173/1287/1061
f 1157/1280/1062 1156/1279/1062 1129/1296/1062 1178/1295/1062
f 1127/1366/1063 1171/1263/1063 1162/1266/1063 1175/1159/1063
f 981/1104/1064 1417/1299/1064 1418/1302/1064 980/1105/1064
f 986/1109/1065 1407/1335/1065 1309/1303/1065 987/1110/1065
f 1434/1307/1066 1133/1367/1066 1182/1368/1066 1440/1319/1066
f 1218/1350/1067 1141/1349/1067 1159/1098/1067 1220/1097/1067
f 1142/1324/1068 1131/1352/1068 1116/1100/1068 1160/1099/1068
f 1113/1313/1069 1115/1023/1069 1161/1151/1069 1143/1353/1069
f 1141/1349/1049 1145/1356/1049 1163/1187/1049 1159/1098/1049
f 1145/1356/1049 1146/1358/1049 1164/1201/1049 1163/1187/1049
f 1146/1358/1049 1147/1360/1049 1165/1231/1049 1164/1201/1049
f 1147/1360/1070 1117/1362/1070 1112/1238/1070 1165/1231/1070
f 941/1021/1071 1169/1020/1071 1160/1099/1071 961/1070/1071
f 1228/1369/1072 1007/1150/1072 1167/1364/1072 1234/1363/1072
f 1007/1150/1073 1006/1149/1073 1170/1365/1073 1167/1364/1073
f 979/1106/1074 1424/1259/1074 1415/1262/1074 984/1115/1074
f 1301/1107/1075 1158/1290/1075 1416/1298/1075 982/1103/1075
f 980/1105/1076 1418/1302/1076 1424/1259/1076 979/1106/1076
f 987/1110/1077 1309/1303/1077 1305/1306/1077 988/1167/1077
f 985/1113/1078 1413/1278/1078 1407/1335/1078 986/1109/1078
f 991/1123/1079 1302/1337/1079 1300/1283/1079 992/1124/1079
f 1224/1370/1080 1126/1371/1080 1111/1152/1080 1235/1155/1080
f 1126/1371/1081 1127/1366/1081 1175/1159/1081 1111/1152/1081
f 1012/1156/1082 1172/1272/1082 1173/1287/1082 1011/1157/1082
f 1154/1331/1083 1168/1255/1083 1171/1258/1083 1127/1332/1083
f 993/1131/1084 1293/1267/1084 1186/1270/1084 996/1134/1084
f 1170/1365/1085 1166/1281/1085 1168/1255/1085 1154/1331/1085
f 992/1124/1086 1300/1283/1086 1293/1267/1086 993/1131/1086
f 996/1134/1087 1186/1270/1087 1157/1280/1087 1414/1137/1087
f 1246/1372/1088 1250/1236/1088 1196/1237/1088 1222/1373/1088
f 1251/1374/1089 1246/1372/1089 1222/1373/1089 1191/1375/1089
f 1028/990/1090 1232/1376/1090 1199/1377/1090 920/991/1090
f 1013/960/1091 1216/956/1091 1202/959/1091 889/1102/1091
f 1033/1002/1092 1217/1004/1092 1197/1007/1092 930/1003/1092
f 953/1048/1093 1207/1051/1093 1205/1054/1093 954/1049/1093
f 954/1049/1094 1205/1054/1094 1201/1056/1094 955/1050/1094
f 1299/1046/1095 1310/1057/1095 1208/1060/1095 956/1047/1095
f 968/1073/1096 1211/1078/1096 1209/1081/1096 969/1074/1096
f 1411/1075/1097 1425/1082/1097 1212/1085/1097 970/1076/1097
f 966/1071/1098 1214/1086/1098 1213/1089/1098 967/1072/1098
f 967/1072/1099 1213/1089/1099 1211/1078/1099 968/1073/1099
f 931/1170/1100 1204/1090/1100 1215/1093/1100 978/1096/1100
f 970/1076/1101 1212/1085/1101 1215/1093/1101 977/1092/1101
f 1116/1100/1102 1220/1097/1102 1214/1086/1102 966/1071/1102
f 889/1102/1103 1202/959/1103 1207/1051/1103 953/1048/1103
f 890/963/1104 1198/1168/1104 1216/956/1104 1013/960/1104
f 929/1091/1105 1204/1090/1105 1217/1004/1105 1033/1002/1105
f 1436/1320/1106 1444/1315/1106 1206/1318/1106 1118/1321/1106
f 1118/1351/1107 1206/1347/1107 1218/1350/1107 1131/1352/1107
f 1131/1352/1108 1218/1350/1108 1220/1097/1108 1116/1100/1108
f 952/1042/1109 1200/1378/1109 1229/1379/1109 939/1017/1109
f 919/1133/1110 994/1132/1110 1225/1163/1110 1223/1380/1110
f 1283/1127/1111 1403/1381/1111 1392/1382/1111 995/1128/1111
f 995/1128/1112 1392/1382/1112 1386/1383/1112 948/1039/1112
f 963/1069/1113 1387/1141/1113 1379/1136/1113 945/1026/1113
f 1001/1031/1114 1004/1146/1114 1227/1384/1114 1226/1028/1114
f 1004/1146/1115 1007/1150/1115 1228/1369/1115 1227/1384/1115
f 1448/1385/1116 1449/1386/1116 1203/1387/1116 1210/1388/1116
f 1203/1387/1117 1230/1154/1117 1010/1153/1117 1009/1158/1117
f 919/1133/1118 1223/1380/1118 1232/1376/1118 1028/990/1118
f 1287/1389/1119 1233/1327/1119 1224/1330/1119 1273/1390/1119
f 1288/1391/1120 1234/1363/1120 1233/1327/1120 1287/1389/1120
f 1286/1147/1121 1228/1369/1121 1234/1363/1121 1288/1391/1121
f 1457/1392/1122 1273/1393/1122 1224/1370/1122 1451/1394/1122
f 940/1018/1123 1231/1395/1123 1210/1388/1123 983/1165/1123
f 939/1017/1124 1229/1379/1124 1231/1395/1124 940/1018/1124
f 1203/1387/1125 1009/1158/1125 983/1165/1125 1210/1388/1125
f 952/1042/1126 956/1047/1126 1219/1396/1126 1200/1378/1126
f 1208/1060/1127 1237/1397/1127 1219/1396/1127 956/1047/1127
f 1090/1254/1128 1236/1398/1128 1238/1399/1128 1074/1228/1128
f 1074/1228/1129 1238/1399/1129 1239/1400/1129 1058/1195/1129
f 1042/1184/1130 1058/1195/1130 1239/1400/1130 1240/1401/1130
f 960/1059/1131 1042/1184/1131 1240/1401/1131 1241/1402/1131
f 1208/1060/1132 960/1059/1132 1241/1402/1132 1237/1397/1132
f 1245/1403/1133 1252/1404/1133 1190/1405/1133 1189/1406/1133
f 1244/1407/1134 1245/1403/1134 1189/1406/1134 1188/1408/1134
f 1253/1409/1135 1244/1407/1135 1188/1408/1135 1187/1410/1135
f 1447/1411/1136 1448/1385/1136 1210/1388/1136 1231/1395/1136
f 1252/1404/1137 1251/1374/1137 1191/1375/1137 1190/1405/1137
f 1449/1386/1138 1450/1412/1138 1230/1154/1138 1203/1387/1138
f 1432/1413/1139 1247/1197/1139 1248/1200/1139 1452/1414/1139
f 1452/1414/1140 1248/1200/1140 1249/1230/1140 1453/1415/1140
f 1454/1416/1141 1453/1415/1141 1249/1230/1141 1250/1236/1141
f 1442/1417/1142 1454/1416/1142 1250/1236/1142 1246/1372/1142
f 1455/1418/1143 1442/1417/1143 1246/1372/1143 1251/1374/1143
f 1192/1419/1144 1242/1420/1144 1255/1421/1144 1254/1422/1144
f 1437/1423/1145 1445/1424/1145 1252/1404/1145 1245/1403/1145
f 1446/1425/1146 1437/1423/1146 1245/1403/1146 1244/1407/1146
f 1447/1411/1147 1446/1425/1147 1244/1407/1147 1253/1409/1147
f 1187/1410/1148 1192/1419/1148 1254/1422/1148 1253/1409/1148
f 1445/1424/1149 1455/1418/1149 1251/1374/1149 1252/1404/1149
f 1242/1420/1150 1243/1426/1150 1256/1427/1150 1255/1421/1150
f 1456/1428/1151 1450/1412/1151 1256/1427/1151 1258/1429/1151
f 1456/1428/1152 1451/1394/1152 1224/1370/1152 1235/1155/1152
f 1179/1430/1153 1262/1431/1153 1264/1432/1153 1181/1433/1153
f 1180/1434/1154 1263/1435/1154 1269/1436/1154 1221/1437/1154
f 1148/1438/1155 1260/1439/1155 1266/1440/1155 1183/1441/1155
f 1133/1367/1156 1259/1442/1156 1265/1443/1156 1182/1368/1156
f 1183/1441/1157 1266/1440/1157 1267/1444/1157 1184/1445/1157
f 1184/1445/1158 1267/1444/1158 1268/1446/1158 1185/1447/1158
f 1181/1433/1159 1264/1432/1159 1259/1442/1159 1133/1367/1159
f 1185/1447/1160 1268/1446/1160 1261/1448/1160 1150/1449/1160
f 1221/1437/1161 1269/1436/1161 1260/1439/1161 1148/1438/1161
f 1182/1368/1162 1265/1443/1162 1263/1435/1162 1180/1434/1162
f 1274/1450/1163 1257/1451/1163 1258/1429/1163 1279/1452/1163
f 1276/1453/1164 1271/1454/1164 1263/1435/1164 1265/1443/1164
f 1277/1455/1165 1276/1453/1165 1265/1443/1165 1259/1442/1165
f 1278/1456/1166 1277/1455/1166 1259/1442/1166 1264/1432/1166
f 1278/1456/1167 1270/1457/1167 1192/1419/1167 1187/1410/1167
f 1189/1406/1168 1190/1405/1168 1271/1454/1168 1276/1453/1168
f 1270/1457/1169 1243/1426/1169 1242/1420/1169 1192/1419/1169
f 1188/1408/1170 1189/1406/1170 1276/1453/1170 1277/1455/1170
f 1187/1410/1171 1188/1408/1171 1277/1455/1171 1278/1456/1171
f 1264/1432/1172 1262/1431/1172 1270/1457/1172 1278/1456/1172
f 1243/1426/1173 1270/1457/1173 1262/1431/1173 1279/1452/1173
f 1232/1376/1174 1280/992/1174 1272/995/1174 1199/1377/1174
f 1223/1380/1175 1225/1163/1175 1283/1127/1175 1282/1126/1175
f 1001/1031/1176 1397/1030/1176 1395/1458/1176 999/1139/1176
f 1225/1163/1177 1399/1162/1177 1403/1381/1177 1283/1127/1177
f 948/1039/1178 1386/1383/1178 1385/1065/1178 947/1040/1178
f 1226/1028/1179 1227/1384/1179 1285/1143/1179 1284/1035/1179
f 1227/1384/1180 1228/1369/1180 1286/1147/1180 1285/1143/1180
f 1223/1380/1181 1282/1126/1181 1280/992/1181 1232/1376/1181
f 1143/1353/1182 1287/1389/1182 1273/1390/1182 1122/1354/1182
f 1161/1151/1183 1288/1391/1183 1287/1389/1183 1143/1353/1183
f 1008/1148/1184 1286/1147/1184 1288/1391/1184 1161/1151/1184
f 1435/1326/1185 1122/1325/1185 1273/1393/1185 1457/1392/1185
f 1179/1430/1186 1274/1450/1186 1279/1452/1186 1262/1431/1186
f 1256/1427/1187 1243/1426/1187 1279/1452/1187 1258/1429/1187
f 1275/1459/1188 1289/1460/1188 1260/1439/1188 1269/1436/1188
f 1290/1461/1189 1289/1460/1189 1222/1373/1189 1196/1237/1189
f 1290/1461/1190 1291/1462/1190 1267/1444/1190 1266/1440/1190
f 1291/1462/1191 1292/1463/1191 1268/1446/1191 1267/1444/1191
f 1292/1463/1192 1281/1464/1192 1261/1448/1192 1268/1446/1192
f 1269/1436/1193 1263/1435/1193 1271/1454/1193 1275/1459/1193
f 1191/1375/1194 1222/1373/1194 1289/1460/1194 1275/1459/1194
f 1266/1440/1195 1260/1439/1195 1289/1460/1195 1290/1461/1195
f 1196/1237/1196 1195/1229/1196 1291/1462/1196 1290/1461/1196
f 1195/1229/1197 1194/1199/1197 1292/1463/1197 1291/1462/1197
f 1194/1199/1198 1193/1198/1198 1281/1464/1198 1292/1463/1198
f 1190/1405/1199 1191/1375/1199 1275/1459/1199 1271/1454/1199
f 937/1014/1200 1297/1016/1200 1296/1019/1200 938/1015/1200
f 937/1014/1201 951/1044/1201 1298/1041/1201 1297/1016/1201
f 951/1044/1202 955/1050/1202 1299/1046/1202 1298/1041/1202
f 1201/1056/1203 959/1055/1203 1295/1058/1203 1310/1057/1203
f 940/1018/1204 983/1165/1204 1301/1107/1204 1296/1019/1204
f 984/1115/1205 1415/1262/1205 1413/1278/1205 985/1113/1205
f 998/1138/1206 1178/1295/1206 1177/1291/1206 1000/1142/1206
f 1000/1142/1207 1177/1291/1207 1176/1294/1207 1003/1145/1207
f 990/1118/1208 1303/1286/1208 1302/1337/1208 991/1123/1208
f 1003/1145/1209 1176/1294/1209 1174/1334/1209 1006/1149/1209
f 959/1055/1210 1041/1180/1210 1306/1183/1210 1295/1058/1210
f 1041/1180/1210 1057/1191/1210 1307/1194/1210 1306/1183/1210
f 1057/1191/1210 1073/1225/1210 1308/1227/1210 1307/1194/1210
f 1073/1225/1211 1089/1252/1211 1294/1253/1211 1308/1227/1211
f 1006/1149/1212 1174/1334/1212 1166/1281/1212 1170/1365/1212
f 955/1050/1213 1201/1056/1213 1310/1057/1213 1299/1046/1213
f 1197/1007/1214 1341/1465/1214 1331/1466/1214 930/1003/1214
f 912/983/1215 1322/1467/1215 1321/1468/1215 910/980/1215
f 926/999/1216 1329/1469/1216 1328/1470/1216 924/997/1216
f 902/971/1217 1317/1471/1217 1316/1472/1217 900/969/1217
f 1272/995/1218 1344/1473/1218 1343/1474/1218 1199/1377/1218
f 1086/1247/1219 1340/1475/1219 1338/1476/1219 1070/1216/1219
f 916/987/1220 1324/1477/1220 1323/1478/1220 914/985/1220
f 1198/1168/1221 1342/1479/1221 1312/1480/1221 892/1169/1221
f 930/1003/1222 1331/1466/1222 1330/1481/1222 928/1001/1222
f 906/975/1223 1319/1482/1223 1318/1483/1223 904/973/1223
f 1054/1210/1224 1336/1484/1224 1334/1485/1224 1038/1174/1224
f 920/991/1225 1326/1486/1225 1325/1487/1225 918/989/1225
f 896/965/1226 1314/1488/1226 1313/1489/1226 894/962/1226
f 890/963/1227 1311/1490/1227 1342/1479/1227 1198/1168/1227
f 1068/1233/1228 1337/1491/1228 1339/1492/1228 1084/1241/1228
f 1070/1216/1229 1338/1476/1229 1336/1484/1229 1054/1210/1229
f 910/980/1230 1321/1468/1230 1320/1493/1230 908/981/1230
f 924/997/1231 1328/1470/1231 1327/1494/1231 922/994/1231
f 900/969/1232 1316/1472/1232 1315/1495/1232 898/967/1232
f 892/1169/1233 1312/1480/1233 1333/1496/1233 1036/1181/1233
f 1036/1181/1234 1333/1496/1234 1335/1497/1234 1052/1204/1234
f 914/985/1235 1323/1478/1235 1322/1467/1235 912/983/1235
f 928/1001/1236 1330/1481/1236 1329/1469/1236 926/999/1236
f 904/973/1237 1318/1483/1237 1317/1471/1237 902/971/1237
f 1199/1377/1238 1343/1474/1238 1326/1486/1238 920/991/1238
f 918/989/1239 1325/1487/1239 1324/1477/1239 916/987/1239
f 894/962/1240 1313/1489/1240 1311/1490/1240 890/963/1240
f 932/1006/1241 1332/1498/1241 1341/1465/1241 1197/1007/1241
f 908/977/1242 1320/1499/1242 1319/1482/1242 906/975/1242
f 922/994/1243 1327/1494/1243 1344/1473/1243 1272/995/1243
f 1052/1204/1244 1335/1497/1244 1337/1491/1244 1068/1233/1244
f 898/967/1245 1315/1495/1245 1314/1488/1245 896/965/1245
f 1038/1174/1246 1334/1485/1246 1332/1498/1246 932/1006/1246
f 1319/1482/1247 1353/1500/1247 1352/1501/1247 1318/1483/1247
f 1314/1488/1248 1348/1502/1248 1347/1503/1248 1313/1489/1248
f 1340/1475/1249 1374/1504/1249 1372/1505/1249 1338/1476/1249
f 1333/1496/1250 1367/1506/1250 1369/1507/1250 1335/1497/1250
f 1330/1481/1251 1364/1508/1251 1363/1509/1251 1329/1469/1251
f 1325/1487/1252 1359/1510/1252 1358/1511/1252 1324/1477/1252
f 1320/1499/1253 1354/1512/1253 1353/1500/1253 1319/1482/1253
f 1315/1495/1254 1349/1513/1254 1348/1502/1254 1314/1488/1254
f 1341/1465/1255 1375/1514/1255 1365/1515/1255 1331/1466/1255
f 1336/1484/1256 1370/1516/1256 1368/1517/1256 1334/1485/1256
f 1331/1466/1257 1365/1515/1257 1364/1508/1257 1330/1481/1257
f 1326/1486/1258 1360/1518/1258 1359/1510/1258 1325/1487/1258
f 1321/1468/1259 1355/1519/1259 1354/1520/1259 1320/1493/1259
f 1316/1472/1260 1350/1521/1260 1349/1513/1260 1315/1495/1260
f 1342/1479/1261 1376/1522/1261 1346/1523/1261 1312/1480/1261
f 1338/1476/1262 1372/1505/1262 1370/1516/1262 1336/1484/1262
f 1332/1498/1263 1366/1524/1263 1375/1514/1263 1341/1465/1263
f 1327/1494/1264 1361/1525/1264 1378/1526/1264 1344/1473/1264
f 1322/1467/1265 1356/1527/1265 1355/1519/1265 1321/1468/1265
f 1317/1471/1266 1351/1528/1266 1350/1521/1266 1316/1472/1266
f 1311/1490/1267 1345/1529/1267 1376/1522/1267 1342/1479/1267
f 1343/1474/1268 1377/1530/1268 1360/1518/1268 1326/1486/1268
f 1335/1497/1269 1369/1507/1269 1371/1531/1269 1337/1491/1269
f 1334/1485/1270 1368/1517/1270 1366/1524/1270 1332/1498/1270
f 1328/1470/1271 1362/1532/1271 1361/1525/1271 1327/1494/1271
f 1323/1478/1272 1357/1533/1272 1356/1527/1272 1322/1467/1272
f 1318/1483/1273 1352/1501/1273 1351/1528/1273 1317/1471/1273
f 1313/1489/1274 1347/1503/1274 1345/1529/1274 1311/1490/1274
f 1344/1473/1275 1378/1526/1275 1377/1530/1275 1343/1474/1275
f 1337/1491/1276 1371/1531/1276 1373/1534/1276 1339/1492/1276
f 1312/1480/1277 1346/1523/1277 1367/1506/1277 1333/1496/1277
f 1329/1469/1278 1363/1509/1278 1362/1532/1278 1328/1470/1278
f 1324/1477/1279 1358/1511/1279 1357/1533/1279 1323/1478/1279
f 1379/1136/1280 1381/1535/1280 1382/1536/1280 1380/1036/1280
f 1426/1537/1281 1383/1538/1281 1384/1539/1281 1422/1540/1281
f 1383/1538/1282 1385/1065/1282 1386/1383/1282 1384/1539/1282
f 1403/1381/1283 1404/1541/1283 1394/1542/1283 1392/1382/1283
f 1430/1543/1284 1405/1544/1284 1396/1545/1284 1423/1546/1284
f 1405/1544/1285 1406/1034/1285 1398/1033/1285 1396/1545/1285
f 1380/1036/1286 1382/1536/1286 1396/1545/1286 1398/1033/1286
f 1422/1540/1287 1384/1539/1287 1394/1542/1287 1423/1546/1287
f 1384/1539/1288 1386/1383/1288 1392/1382/1288 1394/1542/1288
f 1391/1161/1289 1393/1160/1289 1400/1547/1289 1399/1162/1289
f 1428/1164/1290 1395/1458/1290 1401/1548/1290 1429/1549/1290
f 1395/1458/1291 1397/1030/1291 1402/1029/1291 1401/1548/1291
f 1399/1162/1292 1400/1547/1292 1404/1541/1292 1403/1381/1292
f 1429/1549/1293 1401/1548/1293 1405/1544/1293 1430/1543/1293
f 1401/1548/1294 1402/1029/1294 1406/1034/1294 1405/1544/1294
f 965/1077/1295 1389/1095/1295 1427/1062/1295 1409/1061/1295
f 964/1064/1296 969/1074/1296 1411/1075/1296 1409/1061/1296
f 1209/1081/1297 974/1080/1297 1408/1083/1297 1425/1082/1297
f 996/1134/1298 1414/1137/1298 1412/1140/1298 997/1135/1298
f 999/1139/1299 1395/1458/1299 1428/1164/1299 1412/1140/1299
f 1414/1137/1300 1157/1280/1300 1178/1295/1300 998/1138/1300
f 1175/1159/1301 1162/1266/1301 1172/1272/1301 1012/1156/1301
f 1011/1157/1302 1173/1287/1302 1158/1290/1302 1301/1107/1302
f 989/1117/1303 1304/1276/1303 1303/1286/1303 990/1118/1303
f 982/1103/1304 1416/1298/1304 1417/1299/1304 981/1104/1304
f 974/1080/1305 1046/1189/1305 1419/1171/1305 1408/1083/1305
f 1046/1189/1306 1062/1211/1306 1420/1212/1306 1419/1171/1306
f 1062/1211/1307 1078/1219/1307 1421/1223/1307 1420/1212/1307
f 1078/1219/1308 1094/1248/1308 1410/1251/1308 1421/1223/1308
f 988/1121/1309 1305/1273/1309 1304/1276/1309 989/1117/1309
f 969/1074/1310 1209/1081/1310 1425/1082/1310 1411/1075/1310
f 1381/1535/1311 1426/1537/1311 1422/1540/1311 1382/1536/1311
f 1404/1541/1312 1430/1543/1312 1423/1546/1312 1394/1542/1312
f 1382/1536/1313 1422/1540/1313 1423/1546/1313 1396/1545/1313
f 1393/1160/1314 1428/1164/1314 1429/1549/1314 1400/1547/1314
f 1400/1547/1315 1429/1549/1315 1430/1543/1315 1404/1541/1315
f 1381/1535/1316 1379/1136/1316 1387/1141/1316 1388/1063/1316
f 1426/1537/1317 1381/1535/1317 1388/1063/1317 1427/1062/1317
f 1427/1062/1318 1389/1095/1318 1383/1538/1318 1426/1537/1318
f 1385/1065/1319 1383/1538/1319 1389/1095/1319 1390/1066/1319
f 1133/1367/1320 1434/1307/1320 1439/1310/1320 1181/1433/1320
f 1221/1437/1321 1148/1438/1321 1433/1316/1321 1444/1315/1321
f 1182/1368/1322 1180/1434/1322 1436/1320/1322 1440/1319/1322
f 1181/1433/1323 1439/1310/1323 1435/1326/1323 1179/1430/1323
f 1148/1438/1324 1183/1441/1324 1438/1339/1324 1433/1316/1324
f 1183/1441/1049 1184/1445/1049 1441/1341/1049 1438/1339/1049
f 1184/1445/1325 1185/1447/1325 1443/1343/1325 1441/1341/1325
f 1185/1447/1326 1150/1449/1326 1431/1345/1326 1443/1343/1326
f 1121/1308/1327 1434/1307/1327 1440/1319/1327 1125/1322/1327
f 1180/1434/1108 1221/1437/1108 1444/1315/1108 1436/1320/1108
f 1254/1422/1328 1255/1421/1328 1449/1386/1328 1448/1385/1328
f 1274/1450/1329 1457/1392/1329 1451/1394/1329 1257/1451/1329
f 1253/1409/1330 1254/1422/1330 1448/1385/1330 1447/1411/1330
f 1255/1421/1331 1256/1427/1331 1450/1412/1331 1449/1386/1331
f 1236/1398/1332 1432/1413/1332 1452/1414/1332 1238/1399/1332
f 1238/1399/1140 1452/1414/1140 1453/1415/1140 1239/1400/1140
f 1240/1401/1140 1239/1400/1140 1453/1415/1140 1454/1416/1140
f 1241/1402/1333 1240/1401/1333 1454/1416/1333 1442/1417/1333
f 1237/1397/1334 1241/1402/1334 1442/1417/1334 1455/1418/1334
f 1200/1378/1335 1219/1396/1335 1445/1424/1335 1437/1423/1335
f 1229/1379/1336 1200/1378/1336 1437/1423/1336 1446/1425/1336
f 1231/1395/1337 1229/1379/1337 1446/1425/1337 1447/1411/1337
f 1219/1396/1338 1237/1397/1338 1455/1418/1338 1445/1424/1338
f 1235/1155/1339 1230/1154/1339 1450/1412/1339 1456/1428/1339
f 1258/1429/1340 1257/1451/1340 1451/1394/1340 1456/1428/1340
f 1179/1430/1341 1435/1326/1341 1457/1392/1341 1274/1450/1341
f 1120/1268/1342 1471/1550/1342 1472/1551/1342 1128/1269/1342
f 1114/1284/1343 1470/1552/1343 1471/1550/1343 1120/1268/1343
f 1152/1265/1344 1482/1553/1344 1478/1554/1344 1139/1271/1344
f 1101/1300/1345 1460/1555/1345 1459/1556/1345 1100/1301/1345
f 1156/1279/1346 1484/1557/1346 1473/1558/1346 1129/1296/1346
f 1144/1256/1347 1480/1559/1347 1479/1560/1347 1140/1257/1347
f 1128/1269/1348 1472/1551/1348 1484/1557/1348 1156/1279/1348
f 1109/1285/1349 1468/1561/1349 1469/1562/1349 1110/1338/1349
f 1102/1297/1350 1461/1563/1350 1460/1555/1350 1101/1300/1350
f 1129/1296/1351 1473/1558/1351 1474/1564/1351 1130/1292/1351
f 1110/1338/1352 1469/1562/1352 1470/1552/1352 1114/1284/1352
f 1138/1288/1353 1477/1565/1353 1483/1566/1353 1155/1289/1353
f 1099/1260/1354 1458/1567/1354 1462/1568/1354 1103/1261/1354
f 1105/1336/1355 1464/1569/1355 1465/1570/1355 1106/1304/1355
f 1103/1261/1356 1462/1568/1356 1463/1571/1356 1104/1277/1356
f 1132/1293/1357 1475/1572/1357 1476/1573/1357 1137/1333/1357
f 1149/1282/1358 1481/1574/1358 1480/1559/1358 1144/1256/1358
f 1130/1292/1359 1474/1564/1359 1475/1572/1359 1132/1293/1359
f 1106/1304/1360 1465/1570/1360 1466/1575/1360 1107/1305/1360
f 1107/1274/1361 1466/1576/1361 1467/1577/1361 1108/1275/1361
f 1139/1271/1362 1478/1554/1362 1477/1565/1362 1138/1288/1362
f 1140/1264/1363 1479/1578/1363 1482/1553/1363 1152/1265/1363
f 1137/1333/1364 1476/1573/1364 1481/1574/1364 1149/1282/1364
f 1108/1275/1365 1467/1577/1365 1468/1561/1365 1109/1285/1365
f 1104/1277/1366 1463/1571/1366 1464/1569/1366 1105/1336/1366
f 1100/1301/1367 1459/1556/1367 1458/1567/1367 1099/1260/1367
f 1155/1289/1368 1483/1566/1368 1461/1563/1368 1102/1297/1368
f 1463/1571/1369 1490/1579/1369 1491/1580/1369 1464/1569/1369
f 1483/1566/1370 1510/1581/1370 1488/1582/1370 1461/1563/1370
f 1465/1570/1371 1492/1583/1371 1493/1584/1371 1466/1575/1371
f 1475/1572/1372 1502/1585/1372 1503/1586/1372 1476/1573/1372
f 1469/1562/1373 1496/1587/1373 1497/1588/1373 1470/1552/1373
f 1464/1569/1374 1491/1580/1374 1492/1583/1374 1465/1570/1374
f 1459/1556/1375 1486/1589/1375 1485/1590/1375 1458/1567/1375
f 1484/1557/1376 1511/1591/1376 1500/1592/1376 1473/1558/1376
f 1476/1573/1377 1503/1586/1377 1508/1593/1377 1481/1574/1377
f 1478/1554/1378 1505/1594/1378 1504/1595/1378 1477/1565/1378
f 1471/1550/1379 1498/1596/1379 1499/1597/1379 1472/1551/1379
f 1458/1567/1380 1485/1590/1380 1489/1598/1380 1462/1568/1380
f 1460/1555/1381 1487/1599/1381 1486/1589/1381 1459/1556/1381
f 1480/1559/1382 1507/1600/1382 1506/1601/1382 1479/1560/1382
f 1482/1553/1383 1509/1602/1383 1505/1594/1383 1478/1554/1383
f 1472/1551/1384 1499/1597/1384 1511/1591/1384 1484/1557/1384
f 1466/1576/1385 1493/1603/1385 1494/1604/1385 1467/1577/1385
f 1461/1563/1386 1488/1582/1386 1487/1599/1386 1460/1555/1386
f 1481/1574/1387 1508/1593/1387 1507/1600/1387 1480/1559/1387
f 1477/1565/1388 1504/1595/1388 1510/1581/1388 1483/1566/1388
f 1473/1558/1389 1500/1592/1389 1501/1605/1389 1474/1564/1389
f 1467/1577/1390 1494/1604/1390 1495/1606/1390 1468/1561/1390
f 1462/1568/1391 1489/1598/1391 1490/1579/1391 1463/1571/1391
f 1479/1578/1392 1506/1607/1392 1509/1602/1392 1482/1553/1392
f 1470/1552/1393 1497/1588/1393 1498/1596/1393 1471/1550/1393
f 1474/1564/1394 1501/1605/1394 1502/1585/1394 1475/1572/1394
f 1468/1561/1395 1495/1606/1395 1496/1587/1395 1469/1562/1395
f 1509/1602/1396 1536/1608/1396 1532/1609/1396 1505/1594/1396
f 1499/1597/1397 1526/1610/1397 1538/1611/1397 1511/1591/1397
f 1493/1603/1398 1520/1612/1398 1521/1613/1398 1494/1604/1398
f 1488/1582/1399 1515/1614/1399 1514/1615/1399 1487/1599/1399
f 1508/1593/1400 1535/1616/1400 1534/1617/1400 1507/1600/1400
f 1504/1595/1401 1531/1618/1401 1537/1619/1401 1510/1581/1401
f 1500/1592/1402 1527/1620/1402 1528/1621/1402 1501/1605/1402
f 1494/1604/1403 1521/1613/1403 1522/1622/1403 1495/1606/1403
f 1489/1598/1404 1516/1623/1404 1517/1624/1404 1490/1579/1404
f 1506/1607/1405 1533/1625/1405 1536/1608/1405 1509/1602/1405
f 1497/1588/1406 1524/1626/1406 1525/1627/1406 1498/1596/1406
f 1501/1605/1407 1528/1621/1407 1529/1628/1407 1502/1585/1407
f 1495/1606/1408 1522/1622/1408 1523/1629/1408 1496/1587/1408
f 1490/1579/1409 1517/1624/1409 1518/1630/1409 1491/1580/1409
f 1510/1581/1410 1537/1619/1410 1515/1614/1410 1488/1582/1410
f 1492/1583/1411 1519/1631/1411 1520/1632/1411 1493/1584/1411
f 1502/1585/1412 1529/1628/1412 1530/1633/1412 1503/1586/1412
f 1496/1587/1413 1523/1629/1413 1524/1626/1413 1497/1588/1413
f 1491/1580/1414 1518/1630/1414 1519/1631/1414 1492/1583/1414
f 1486/1589/1415 1513/1634/1415 1512/1635/1415 1485/1590/1415
f 1511/1591/1416 1538/1611/1416 1527/1620/1416 1500/1592/1416
f 1503/1586/1417 1530/1633/1417 1535/1616/1417 1508/1593/1417
f 1505/1594/1418 1532/1609/1418 1531/1618/1418 1504/1595/1418
f 1498/1596/1419 1525/1627/1419 1526/1610/1419 1499/1597/1419
f 1485/1590/1420 1512/1635/1420 1516/1623/1420 1489/1598/1420
f 1487/1599/1421 1514/1615/1421 1513/1634/1421 1486/1589/1421
f 1507/1600/1422 1534/1617/1422 1533/1636/1422 1506/1601/1422
f 1537/1619/1423 1564/1637/1423 1542/1638/1423 1515/1614/1423
f 1519/1631/1424 1546/1639/1424 1547/1640/1424 1520/1632/1424
f 1529/1628/1425 1556/1641/1425 1557/1642/1425 1530/1633/1425
f 1523/1629/1426 1550/1643/1426 1551/1644/1426 1524/1626/1426
f 1518/1630/1427 1545/1645/1427 1546/1639/1427 1519/1631/1427
f 1513/1634/1428 1540/1646/1428 1539/1647/1428 1512/1635/1428
f 1538/1611/1429 1565/1648/1429 1554/1649/1429 1527/1620/1429
f 1530/1633/1430 1557/1642/1430 1562/1650/1430 1535/1616/1430
f 1532/1609/1431 1559/1651/1431 1558/1652/1431 1531/1618/1431
f 1525/1627/1432 1552/1653/1432 1553/1654/1432 1526/1610/1432
f 1512/1635/1433 1539/1647/1433 1543/1655/1433 1516/1623/1433
f 1514/1615/1434 1541/1656/1434 1540/1646/1434 1513/1634/1434
f 1534/1617/1435 1561/1657/1435 1560/1658/1435 1533/1636/1435
f 1536/1608/1436 1563/1659/1436 1559/1651/1436 1532/1609/1436
f 1526/1610/1437 1553/1654/1437 1565/1648/1437 1538/1611/1437
f 1520/1612/1438 1547/1660/1438 1548/1661/1438 1521/1613/1438
f 1515/1614/1439 1542/1638/1439 1541/1656/1439 1514/1615/1439
f 1535/1616/1440 1562/1650/1440 1561/1657/1440 1534/1617/1440
f 1531/1618/1441 1558/1652/1441 1564/1637/1441 1537/1619/1441
f 1527/1620/1442 1554/1649/1442 1555/1662/1442 1528/1621/1442
f 1521/1613/1443 1548/1661/1443 1549/1663/1443 1522/1622/1443
f 1516/1623/1444 1543/1655/1444 1544/1664/1444 1517/1624/1444
f 1533/1625/1445 1560/1665/1445 1563/1659/1445 1536/1608/1445
f 1524/1626/1446 1551/1644/1446 1552/1653/1446 1525/1627/1446
f 1528/1621/1447 1555/1662/1447 1556/1641/1447 1529/1628/1447
f 1522/1622/1448 1549/1663/1448 1550/1643/1448 1523/1629/1448
f 1517/1624/1449 1544/1664/1449 1545/1645/1449 1518/1630/1449
f 1566/1666/1450 1659/1667/1450 1844/1668/1450 1672/1669/1450
f 2806/1670/1451 2812/1671/1451 1850/1672/1451 1675/1673/1451
f 2834/1674/1452 2508/1675/1452 1848/1676/1452 2804/1677/1452
f 2494/1678/1453 1668/1679/1453 1837/1680/1453 2495/1681/1453
f 2765/1682/1454 1675/1673/1454 1850/1672/1454 2771/1683/1454
f 2719/1684/1455 2724/1685/1455 1842/1686/1455 1655/1687/1455
f 2754/1688/1456 2498/1689/1456 1835/1690/1456 2728/1691/1456
f 2794/1692/1457 2772/1693/1457 1848/1676/1457 2508/1675/1457
f 1568/1694/1458 1660/1695/1458 1917/1696/1458 1828/1697/1458
f 2802/1698/1459 2797/1699/1459 1921/1700/1459 1676/1701/1459
f 2802/1698/1460 1676/1701/1460 1850/1672/1460 2812/1671/1460
f 1568/1694/1461 1672/1669/1461 1844/1668/1461 1660/1695/1461
f 2766/1702/1462 1676/1701/1462 1921/1700/1462 2755/1703/1462
f 2716/1704/1463 2730/1705/1463 1916/1706/1463 1656/1707/1463
f 2716/1704/1464 1656/1707/1464 1842/1686/1464 2724/1685/1464
f 2766/1702/1465 2771/1683/1465 1850/1672/1465 1676/1701/1465
f 2733/1708/1466 1657/1709/1466 1843/1710/1466 2725/1711/1466
f 2760/1712/1467 2757/1713/1467 1851/1714/1467 1677/1715/1467
f 2760/1712/1468 1677/1715/1468 1849/1716/1468 2762/1717/1468
f 2733/1708/1469 2722/1718/1469 1836/1719/1469 1657/1709/1469
f 2800/1720/1470 1677/1715/1470 1851/1714/1470 2798/1721/1470
f 1571/1722/1471 1674/1723/1471 1845/1724/1471 1661/1725/1471
f 1571/1722/1472 1661/1725/1472 1838/1726/1472 1670/1727/1472
f 2800/1720/1473 2799/1728/1473 1849/1716/1473 1677/1715/1473
f 2720/1729/1474 1658/1730/1474 2233/1731/1474 2727/1732/1474
f 2756/1733/1475 2770/1734/1475 2252/1735/1475 1678/1736/1475
f 2756/1733/1476 1678/1736/1476 1851/1714/1476 2757/1713/1476
f 2720/1729/1477 2725/1711/1477 1843/1710/1477 1658/1730/1477
f 2813/1737/1478 1678/1736/1478 2252/1735/1478 2809/1738/1478
f 1573/1739/1479 2052/1740/1479 2237/1741/1479 1662/1742/1479
f 1573/1739/1480 1662/1742/1480 1845/1724/1480 1674/1723/1480
f 2813/1737/1481 2798/1721/1481 1851/1714/1481 1678/1736/1481
f 1574/1743/1482 1683/1744/1482 1854/1745/1482 1681/1746/1482
f 1574/1743/1483 1681/1746/1483 1844/1668/1483 1659/1667/1483
f 2520/1747/1484 2495/1681/1484 1837/1680/1484 1679/1748/1484
f 2520/1747/1485 1679/1748/1485 1852/1749/1485 2510/1750/1485
f 1575/1751/1486 1684/1752/1486 1918/1753/1486 1824/1754/1486
f 1575/1751/1487 1824/1754/1487 1917/1696/1487 1660/1695/1487
f 1575/1751/1488 1660/1695/1488 1844/1668/1488 1681/1746/1488
f 1575/1751/1489 1681/1746/1489 1854/1745/1489 1684/1752/1489
f 1576/1755/1490 1661/1725/1490 1845/1724/1490 1682/1756/1490
f 1576/1755/1491 1682/1756/1491 1855/1757/1491 1685/1758/1491
f 1576/1755/1492 1685/1758/1492 1853/1759/1492 1680/1760/1492
f 1576/1755/1493 1680/1760/1493 1838/1726/1493 1661/1725/1493
f 1577/1761/1494 1662/1742/1494 2237/1741/1494 2064/1762/1494
f 1577/1761/1495 2064/1762/1495 2258/1763/1495 1686/1764/1495
f 1577/1761/1496 1686/1764/1496 1855/1757/1496 1682/1756/1496
f 1577/1761/1497 1682/1756/1497 1845/1724/1497 1662/1742/1497
f 2691/1765/1498 1655/1687/1498 1842/1686/1498 2684/1766/1498
f 2615/1767/1499 2613/1768/1499 1858/1769/1499 1695/1770/1499
f 2645/1771/1500 2493/1772/1500 1856/1773/1500 2610/1774/1500
f 2714/1775/1501 2690/1776/1501 1835/1690/1501 2498/1689/1501
f 2575/1777/1502 1695/1770/1502 1858/1769/1502 2573/1778/1502
f 2529/1779/1503 2528/1780/1503 1846/1781/1503 1663/1782/1503
f 2565/1783/1504 2505/1784/1504 1839/1785/1504 2543/1786/1504
f 2605/1787/1505 2570/1788/1505 1856/1773/1505 2493/1772/1505
f 2689/1789/1506 1656/1707/1506 1916/1706/1506 2680/1790/1506
f 2624/1791/1507 2609/1792/1507 1922/1793/1507 1696/1794/1507
f 2624/1791/1508 1696/1794/1508 1858/1769/1508 2613/1768/1508
f 2689/1789/1509 2684/1766/1509 1842/1686/1509 1656/1707/1509
f 2580/1795/1510 1696/1794/1510 1922/1793/1510 2583/1796/1510
f 2526/1797/1511 2539/1798/1511 1920/1799/1511 1664/1800/1511
f 2526/1797/1512 1664/1800/1512 1846/1781/1512 2528/1780/1512
f 2580/1795/1513 2573/1778/1513 1858/1769/1513 1696/1794/1513
f 2544/1801/1514 1665/1802/1514 1847/1803/1514 2540/1804/1514
f 2571/1805/1515 2576/1806/1515 1859/1807/1515 1697/1808/1515
f 2571/1805/1516 1697/1808/1516 1857/1809/1516 2584/1810/1516
f 2544/1801/1517 2538/1811/1517 1840/1812/1517 1665/1802/1517
f 2611/1813/1518 1697/1808/1518 1859/1807/1518 2616/1814/1518
f 2681/1815/1519 2677/1816/1519 1843/1710/1519 1657/1709/1519
f 2681/1815/1520 1657/1709/1520 1836/1719/1520 2676/1817/1520
f 2611/1813/1521 2621/1818/1521 1857/1809/1521 1697/1808/1521
f 2531/1819/1522 1666/1820/1522 2241/1821/1522 2536/1822/1522
f 2567/1823/1523 2572/1824/1523 2264/1825/1523 1698/1826/1523
f 2567/1823/1524 1698/1826/1524 1859/1807/1524 2576/1806/1524
f 2531/1819/1525 2540/1804/1525 1847/1803/1525 1666/1820/1525
f 2607/1827/1526 1698/1826/1526 2264/1825/1526 2606/1828/1526
f 2692/1829/1527 2686/1830/1527 2233/1731/1527 1658/1730/1527
f 2692/1829/1528 1658/1730/1528 1843/1710/1528 2677/1816/1528
f 2607/1827/1529 2616/1814/1529 1859/1807/1529 1698/1826/1529
f 1586/1831/1530 1663/1782/1530 1846/1781/1530 1703/1832/1530
f 1586/1831/1531 1703/1832/1531 1862/1833/1531 1705/1834/1531
f 2521/1835/1532 2491/1836/1532 1860/1837/1532 1700/1838/1532
f 2521/1835/1533 1700/1838/1533 1839/1785/1533 2505/1784/1533
f 2515/1839/1534 2499/1840/1534 1834/1841/1534 1699/1842/1534
f 2515/1839/1535 1699/1842/1535 1860/1837/1535 2491/1836/1535
f 1587/1843/1536 1705/1834/1536 1862/1833/1536 1702/1844/1536
f 1587/1843/1537 1702/1844/1537 1841/1845/1537 1654/1846/1537
f 1588/1847/1538 1664/1800/1538 1920/1799/1538 1831/1848/1538
f 1588/1847/1539 1831/1848/1539 1923/1849/1539 1706/1850/1539
f 1588/1847/1540 1706/1850/1540 1862/1833/1540 1703/1832/1540
f 1588/1847/1541 1703/1832/1541 1846/1781/1541 1664/1800/1541
f 1589/1851/1542 1707/1852/1542 1863/1853/1542 1704/1854/1542
f 2655/1855/1543 2651/1856/1543 1847/1803/1543 1665/1802/1543
f 2655/1855/1544 1665/1802/1544 1840/1812/1544 2650/1857/1544
f 1589/1851/1545 1701/1858/1545 1861/1859/1545 1707/1852/1545
f 1590/1860/1546 1708/1861/1546 2270/1862/1546 2092/1863/1546
f 2647/1864/1547 2646/1865/1547 2241/1821/1547 1666/1820/1547
f 2647/1864/1548 1666/1820/1548 1847/1803/1548 2651/1856/1548
f 1590/1860/1549 1704/1854/1549 1863/1853/1549 1708/1861/1549
f 2805/1866/1550 2795/1867/1550 1869/1868/1550 1723/1869/1550
f 2805/1866/1551 1723/1869/1551 1877/1870/1551 2796/1871/1551
f 1591/1872/1552 1730/1873/1552 1874/1874/1552 1717/1875/1552
f 1591/1872/1553 1717/1875/1553 1866/1876/1553 1709/1877/1553
f 2833/1878/1554 2796/1871/1554 1877/1870/1554 2492/1879/1554
f 2801/1880/1555 1722/1881/1555 1849/1716/1555 2799/1728/1555
f 1592/1882/1556 1670/1727/1556 1838/1726/1556 1718/1883/1556
f 2525/1884/1557 2516/1885/1557 1874/1874/1557 1730/1873/1557
f 2715/1886/1558 2721/1887/1558 1865/1888/1558 1715/1889/1558
f 2715/1886/1559 1715/1889/1559 1873/1890/1559 2729/1891/1559
f 2761/1892/1560 2773/1893/1560 1877/1870/1560 1723/1869/1560
f 2761/1892/1561 1723/1869/1561 1869/1868/1561 2758/1894/1561
f 2753/1895/1562 2729/1891/1562 1873/1890/1562 2506/1896/1562
f 2732/1897/1563 1716/1898/1563 1836/1719/1563 2722/1718/1563
f 2759/1899/1564 2762/1717/1564 1849/1716/1564 1722/1881/1564
f 2793/1900/1565 2492/1879/1565 1877/1870/1565 2773/1893/1565
f 1595/1901/1566 1711/1902/1566 1866/1876/1566 1717/1875/1566
f 1595/1901/1567 1717/1875/1567 1874/1874/1567 1732/1903/1567
f 1595/1901/1568 1732/1903/1568 1878/1904/1568 1724/1905/1568
f 1595/1901/1569 1724/1905/1569 1870/1906/1569 1711/1902/1569
f 2512/1907/1570 1732/1903/1570 1874/1874/1570 2516/1885/1570
f 1596/1908/1571 1718/1883/1571 1838/1726/1571 1680/1760/1571
f 1596/1908/1572 1680/1760/1572 1853/1759/1572 1725/1909/1572
f 2512/1907/1573 2511/1910/1573 1878/1904/1573 1732/1903/1573
f 2620/1911/1574 2617/1912/1574 1871/1913/1574 1726/1914/1574
f 2620/1911/1575 1726/1914/1575 1879/1915/1575 2612/1916/1575
f 2679/1917/1576 2693/1918/1576 1873/1890/1576 1715/1889/1576
f 2679/1917/1577 1715/1889/1577 1865/1888/1577 2687/1919/1577
f 2644/1920/1578 2612/1916/1578 1879/1915/1578 2507/1921/1578
f 2608/1922/1579 1727/1923/1579 1857/1809/1579 2621/1818/1579
f 2678/1924/1580 2676/1817/1580 1836/1719/1580 1716/1898/1580
f 2713/1925/1581 2506/1896/1581 1873/1890/1581 2693/1918/1581
f 2534/1926/1582 2542/1927/1582 1867/1928/1582 1719/1929/1582
f 2534/1926/1583 1719/1929/1583 1875/1930/1583 2530/1931/1583
f 2568/1932/1584 2577/1933/1584 1879/1915/1584 1726/1914/1584
f 2568/1932/1585 1726/1914/1585 1871/1913/1585 2578/1934/1585
f 2564/1935/1586 2530/1931/1586 1875/1930/1586 2503/1936/1586
f 2541/1937/1587 1720/1938/1587 1840/1812/1587 2538/1811/1587
f 2574/1939/1588 2584/1810/1588 1857/1809/1588 1727/1923/1588
f 2604/1940/1589 2507/1921/1589 1879/1915/1589 2577/1933/1589
f 2517/1941/1590 1735/1942/1590 1880/1943/1590 2513/1944/1590
f 1601/1945/1591 1728/1946/1591 1861/1859/1591 1701/1858/1591
f 2653/1947/1592 2650/1857/1592 1840/1812/1592 1720/1938/1592
f 2674/1948/1593 2503/1936/1593 1875/1930/1593 2649/1949/1593
f 2807/1950/1594 2804/1677/1594 1848/1676/1594 1746/1951/1594
f 2807/1950/1595 1746/1951/1595 1886/1952/1595 2808/1953/1595
f 1602/1954/1596 1751/1955/1596 1883/1956/1596 1741/1957/1596
f 1602/1954/1597 1741/1957/1597 1837/1680/1597 1668/1679/1597
f 2811/1958/1598 2808/1953/1598 1886/1952/1598 1745/1959/1598
f 2811/1958/1599 1745/1959/1599 1869/1960/1599 2795/1961/1599
f 1603/1962/1600 1709/1963/1600 1866/1964/1600 1740/1965/1600
f 1603/1962/1601 1740/1965/1601 1883/1956/1601 1751/1955/1601
f 2718/1966/1602 2728/1691/1602 1835/1690/1602 1739/1967/1602
f 2718/1966/1603 1739/1967/1603 1882/1968/1603 2731/1969/1603
f 2763/1970/1604 2767/1971/1604 1886/1952/1604 1746/1951/1604
f 2763/1970/1605 1746/1951/1605 1848/1676/1605 2772/1693/1605
f 2717/1972/1606 2731/1969/1606 1882/1968/1606 1738/1973/1606
f 2717/1972/1607 1738/1973/1607 1865/1974/1607 2721/1975/1607
f 2768/1976/1608 2758/1977/1608 1869/1960/1608 1745/1959/1608
f 2768/1976/1609 1745/1959/1609 1886/1952/1609 2767/1971/1609
f 1606/1978/1610 1679/1748/1610 1837/1680/1610 1741/1957/1610
f 1606/1978/1611 1741/1957/1611 1883/1956/1611 1753/1979/1611
f 1606/1978/1612 1753/1979/1612 1887/1980/1612 1748/1981/1612
f 1606/1978/1613 1748/1981/1613 1852/1749/1613 1679/1748/1613
f 1607/1982/1614 1753/1979/1614 1883/1956/1614 1740/1965/1614
f 1607/1982/1615 1740/1965/1615 1866/1964/1615 1711/1983/1615
f 1607/1982/1616 1711/1983/1616 1870/1984/1616 1747/1985/1616
f 1607/1982/1617 1747/1985/1617 1887/1980/1617 1753/1979/1617
f 2619/1986/1618 2610/1774/1618 1856/1773/1618 1750/1987/1618
f 2619/1986/1619 1750/1987/1619 1888/1988/1619 2614/1989/1619
f 2688/1990/1620 2675/1991/1620 1882/1968/1620 1739/1967/1620
f 2688/1990/1621 1739/1967/1621 1835/1690/1621 2690/1776/1621
f 2623/1992/1622 2614/1989/1622 1888/1988/1622 1749/1993/1622
f 2623/1992/1623 1749/1993/1623 1871/1994/1623 2617/1995/1623
f 2683/1996/1624 2687/1997/1624 1865/1974/1624 1738/1973/1624
f 2683/1996/1625 1738/1973/1625 1882/1968/1625 2675/1991/1625
f 2537/1998/1626 2543/1786/1626 1839/1785/1626 1743/1999/1626
f 2537/1998/1627 1743/1999/1627 1884/2000/1627 2532/2001/1627
f 2566/2002/1628 2579/2003/1628 1888/1988/1628 1750/1987/1628
f 2566/2002/1629 1750/1987/1629 1856/1773/1629 2570/1788/1629
f 2535/2004/1630 2532/2001/1630 1884/2000/1630 1742/2005/1630
f 2535/2004/1631 1742/2005/1631 1867/2006/1631 2542/2007/1631
f 2569/2008/1632 2578/2009/1632 1871/1994/1632 1749/1993/1632
f 2569/2008/1633 1749/1993/1633 1888/1988/1633 2579/2003/1633
f 1940/2010/1634 1933/2011/1634 1884/2000/1634 1743/1999/1634
f 1940/2010/1635 1743/1999/1635 1839/1785/1635 1929/2012/1635
f 2397/2013/1636 2410/2014/1636 1889/2015/1636 1757/2016/1636
f 2397/2013/1637 1757/2016/1637 1890/2017/1637 2399/2018/1637
f 1936/2019/1638 1942/2020/1638 1867/2006/1638 1742/2005/1638
f 1936/2019/1639 1742/2005/1639 1884/2000/1639 1933/2011/1639
f 2413/2021/1640 2399/2018/1640 1890/2017/1640 1759/2022/1640
f 2413/2021/1641 1759/2022/1641 1891/2023/1641 2408/2024/1641
f 1941/2025/1642 1943/2026/1642 1881/2027/1642 1737/2028/1642
f 1941/2029/1643 1737/2030/1643 1864/2031/1643 1938/2032/1643
f 2402/2033/1644 2406/2034/1644 1894/2035/1644 1764/2036/1644
f 2402/2033/1645 1764/2036/1645 1893/2037/1645 2401/2038/1645
f 1939/2039/1646 1937/2040/1646 1872/2041/1646 1736/2042/1646
f 1939/2039/1647 1736/2042/1647 1880/1943/1647 1924/2043/1647
f 2411/2044/1648 2415/2045/1648 1896/2046/1648 1766/2047/1648
f 2411/2044/1649 1766/2047/1649 1895/2048/1649 2414/2049/1649
f 1935/2050/1650 1924/2043/1650 1880/1943/1650 1735/1942/1650
f 2656/2051/1651 2649/1949/1651 1875/1930/1651 1932/2052/1651
f 2670/2053/1652 2405/2054/1652 1897/2055/1652 2652/2056/1652
f 2409/2057/1653 1769/2058/1653 1896/2046/1653 2415/2045/1653
f 1925/2059/1654 1932/2052/1654 1875/1930/1654 1719/1929/1654
f 1925/2059/1655 1719/1929/1655 1867/1928/1655 1942/2060/1655
f 2403/2061/1656 2408/2062/1656 1891/2063/1656 1770/2064/1656
f 2403/2061/1657 1770/2064/1657 1897/2055/1657 2405/2054/1657
f 1934/2065/1658 1938/2032/1658 1864/2031/1658 1714/2066/1658
f 1934/2065/1659 1714/2066/1659 1872/2041/1659 1937/2040/1659
f 2407/2067/1660 2414/2049/1660 1895/2048/1660 1771/2068/1660
f 2407/2067/1661 1771/2068/1661 1894/2035/1661 2406/2034/1661
f 1931/2069/1662 1929/2012/1662 1839/1785/1662 1700/1838/1662
f 1931/2069/1663 1700/1838/1663 1860/1837/1663 1926/2070/1663
f 2398/2071/1664 2396/2072/1664 1898/2073/1664 1773/2074/1664
f 2398/2071/1665 1773/2074/1665 1889/2015/1665 2410/2014/1665
f 1930/2075/1666 1926/2070/1666 1860/1837/1666 1699/1842/1666
f 1930/2075/1667 1699/1842/1667 1834/1841/1667 1928/2076/1667
f 2412/2077/1668 2404/2078/1668 1892/2079/1668 1774/2080/1668
f 2412/2077/1669 1774/2080/1669 1898/2073/1669 2396/2072/1669
f 2854/2081/1670 2843/2082/1670 1898/2073/1670 1774/2080/1670
f 2854/2081/1671 1774/2080/1671 1892/2079/1671 2837/2083/1671
f 2851/2084/1672 2841/2085/1672 1889/2015/1672 1773/2074/1672
f 2851/2084/1673 1773/2074/1673 1898/2073/1673 2843/2082/1673
f 2844/2086/1674 2835/2087/1674 1894/2035/1674 1771/2068/1674
f 2844/2086/1675 1771/2068/1675 1895/2048/1675 2842/2088/1675
f 2848/2089/1676 2845/2090/1676 1897/2055/1676 1770/2064/1676
f 2848/2089/1677 1770/2064/1677 1891/2063/1677 2846/2091/1677
f 2838/2092/1678 2852/2093/1678 1896/2046/1678 1769/2058/1678
f 2855/2094/1679 2652/2056/1679 1897/2055/1679 2845/2090/1679
f 2839/2095/1680 2842/2088/1680 1895/2048/1680 1766/2047/1680
f 2839/2095/1681 1766/2047/1681 1896/2046/1681 2852/2093/1681
f 2847/2096/1682 2853/2097/1682 1893/2037/1682 1764/2036/1682
f 2847/2096/1683 1764/2036/1683 1894/2035/1683 2835/2087/1683
f 1927/2098/1684 1928/2076/1684 1834/1841/1684 1813/2099/1684
f 1927/2098/1685 1813/2099/1685 1881/2027/1685 1943/2026/1685
f 2400/2100/1686 2401/2038/1686 1893/2037/1686 1814/2101/1686
f 2400/2100/1687 1814/2101/1687 1892/2079/1687 2404/2078/1687
f 2840/2102/1688 2846/2103/1688 1891/2023/1688 1759/2022/1688
f 2840/2102/1689 1759/2022/1689 1890/2017/1689 2849/2104/1689
f 2850/2105/1690 2849/2104/1690 1890/2017/1690 1757/2016/1690
f 2850/2105/1691 1757/2016/1691 1889/2015/1691 2841/2085/1691
f 2836/2106/1692 2837/2083/1692 1892/2079/1692 1814/2101/1692
f 2836/2106/1693 1814/2101/1693 1893/2037/1693 2853/2097/1693
f 1632/2107/1694 1721/2108/1694 1876/2109/1694 1797/2110/1694
f 1632/2107/1695 1797/2110/1695 1910/2111/1695 1800/2112/1695
f 1632/2107/1696 1800/2112/1696 1909/2113/1696 1795/2114/1696
f 1632/2107/1697 1795/2114/1697 1868/2115/1697 1721/2108/1697
f 1633/2116/1698 1800/2112/1698 1910/2111/1698 1796/2117/1698
f 2519/2118/1699 2509/2119/1699 1872/2041/1699 1714/2066/1699
f 2519/2118/1700 1714/2066/1700 1864/2031/1700 2522/2120/1700
f 1633/2116/1701 1794/2121/1701 1909/2113/1701 1800/2112/1701
f 1634/2122/1702 1744/2123/1702 1868/2115/1702 1795/2114/1702
f 1634/2122/1703 1795/2114/1703 1909/2113/1703 1801/2124/1703
f 1634/2125/1704 1801/2126/1704 1911/2127/1704 1799/2128/1704
f 1634/2125/1705 1799/2128/1705 1885/2129/1705 1744/2130/1705
f 1635/2131/1706 1801/2124/1706 1909/2113/1706 1794/2121/1706
f 2497/2132/1707 2522/2120/1707 1864/2031/1707 1737/2030/1707
f 2497/2133/1708 1737/2028/1708 1881/2027/1708 2501/2134/1708
f 1635/2135/1709 1798/2136/1709 1911/2127/1709 1801/2126/1709
f 1636/2137/1710 1818/2138/1710 2235/2139/1710 2048/2140/1710
f 2810/2141/1711 2803/2142/1711 2250/2143/1711 1830/2144/1711
f 2810/2141/1712 1830/2144/1712 1921/1700/1712 2797/1699/1712
f 1636/2137/1713 1828/1697/1713 1917/1696/1713 1818/2138/1713
f 1637/2145/1714 2196/2146/1714 2282/2147/1714 1729/2148/1714
f 1637/2145/1715 1729/2148/1715 1876/2109/1715 1803/2149/1715
f 1637/2145/1716 1803/2149/1716 1912/2150/1716 1804/2151/1716
f 1637/2145/1717 1804/2151/1717 2322/2152/1717 2196/2146/1717
f 1638/2153/1718 1805/2154/1718 1912/2150/1718 1803/2149/1718
f 1638/2153/1719 1803/2149/1719 1876/2109/1719 1721/2108/1719
f 1638/2153/1720 1721/2108/1720 1868/2115/1720 1809/2155/1720
f 1638/2153/1721 1809/2155/1721 1913/2156/1721 1805/2154/1721
f 1639/2157/1722 1806/2158/1722 1913/2156/1722 1809/2155/1722
f 1639/2157/1723 1809/2155/1723 1868/2115/1723 1744/2123/1723
f 1639/2159/1724 1744/2130/1724 1885/2129/1724 1808/2160/1724
f 1639/2159/1725 1808/2160/1725 1914/2161/1725 1806/2162/1725
f 1640/2163/1726 1807/2164/1726 1915/2165/1726 1819/2166/1726
f 1640/2163/1727 1819/2166/1727 1919/2167/1727 1817/2168/1727
f 1640/2163/1728 1817/2168/1728 2229/2169/1728 2202/2170/1728
f 1640/2163/1729 2202/2170/1729 2326/2171/1729 1807/2164/1729
f 1641/2172/1730 1810/2173/1730 1861/1859/1730 1728/1946/1730
f 2502/2174/1731 2513/1944/1731 1880/1943/1731 1736/2042/1731
f 2502/2174/1732 1736/2042/1732 1872/2041/1732 2509/2119/1732
f 1641/2172/1733 1796/2117/1733 1910/2111/1733 1810/2173/1733
f 1642/2175/1734 1707/1852/1734 1861/1859/1734 1810/2173/1734
f 1642/2175/1735 1810/2173/1735 1910/2111/1735 1797/2110/1735
f 1642/2175/1736 1797/2110/1736 1876/2109/1736 1811/2176/1736
f 1642/2175/1737 1811/2176/1737 1863/1853/1737 1707/1852/1737
f 1643/2177/1738 2205/2178/1738 2270/1862/1738 1708/1861/1738
f 1643/2177/1739 1708/1861/1739 1863/1853/1739 1811/2176/1739
f 1643/2177/1740 1811/2176/1740 1876/2109/1740 1729/2148/1740
f 1643/2177/1741 1729/2148/1741 2282/2147/1741 2205/2178/1741
f 1644/2179/1742 1706/1850/1742 1923/1849/1742 1822/2180/1742
f 1644/2179/1743 1822/2180/1743 1919/2167/1743 1821/2181/1743
f 1644/2179/1744 1821/2181/1744 1841/1845/1744 1702/1844/1744
f 1644/2179/1745 1702/1844/1745 1862/1833/1745 1706/1850/1745
f 1645/2182/1746 1812/2183/1746 1914/2161/1746 1808/2160/1746
f 1645/2182/1747 1808/2160/1747 1885/2129/1747 1802/2184/1747
f 1645/2182/1748 1802/2184/1748 1919/2167/1748 1819/2166/1748
f 1645/2182/1749 1819/2166/1749 1915/2165/1749 1812/2183/1749
f 2769/2185/1750 1830/2144/1750 2250/2143/1750 2764/2186/1750
f 2723/2187/1751 2726/2188/1751 2231/2189/1751 1823/2190/1751
f 2723/2187/1752 1823/2190/1752 1916/1706/1752 2730/1705/1752
f 2769/2185/1753 2755/1703/1753 1921/1700/1753 1830/2144/1753
f 1647/2191/1754 1820/2192/1754 2256/2193/1754 2062/2194/1754
f 1647/2191/1755 2062/2194/1755 2235/2139/1755 1818/2138/1755
f 1647/2191/1756 1818/2138/1756 1917/1696/1756 1824/1754/1756
f 1647/2191/1757 1824/1754/1757 1918/1753/1757 1820/2192/1757
f 2685/2195/1758 1823/2190/1758 2231/2189/1758 2682/2196/1758
f 2622/2197/1759 2618/2198/1759 2262/2199/1759 1832/2200/1759
f 2622/2197/1760 1832/2200/1760 1922/1793/1760 2609/1792/1760
f 2685/2195/1761 2680/1790/1761 1916/1706/1761 1823/2190/1761
f 2582/2201/1762 1832/2200/1762 2262/2199/1762 2581/2202/1762
f 2533/2203/1763 2527/2204/1763 2239/2205/1763 1827/2206/1763
f 2533/2203/1764 1827/2206/1764 1920/1799/1764 2539/1798/1764
f 2582/2201/1765 2583/1796/1765 1922/1793/1765 1832/2200/1765
f 1650/2207/1766 1827/2206/1766 2239/2205/1766 2090/2208/1766
f 1650/2207/1767 2090/2208/1767 2268/2209/1767 1833/2210/1767
f 1650/2207/1768 1833/2210/1768 1923/1849/1768 1831/1848/1768
f 1650/2207/1769 1831/1848/1769 1920/1799/1769 1827/2206/1769
f 1651/2211/1770 1833/2210/1770 2268/2209/1770 2089/2212/1770
f 1651/2211/1771 2089/2212/1771 2229/2169/1771 1817/2168/1771
f 1651/2211/1772 1817/2168/1772 1919/2167/1772 1822/2180/1772
f 1651/2211/1773 1822/2180/1773 1923/1849/1773 1833/2210/1773
f 1652/2213/1774 1821/2181/1774 1919/2167/1774 1802/2184/1774
f 1652/2213/1775 1802/2184/1775 1885/2129/1775 1799/2128/1775
f 1652/2213/1776 1799/2128/1776 1911/2127/1776 1816/2214/1776
f 1652/2213/1777 1816/2214/1777 1841/1845/1777 1821/2181/1777
f 2500/2215/1778 2501/2134/1778 1881/2027/1778 1813/2099/1778
f 2500/2215/1779 1813/2099/1779 1834/1841/1779 2499/1840/1779
f 1653/2216/1780 1654/1846/1780 1841/1845/1780 1816/2214/1780
f 1653/2216/1781 1816/2214/1781 1911/2127/1781 1798/2136/1781
f 1612/2217/1782 1758/2218/1782 1933/2219/1782 1940/2220/1782
f 1612/2217/1783 1940/2220/1783 1929/2221/1783 1756/2222/1783
f 1613/2223/1784 1760/2224/1784 1942/2225/1784 1936/2226/1784
f 1613/2223/1785 1936/2226/1785 1933/2219/1785 1758/2218/1785
f 1614/2227/1786 1761/2228/1786 1943/2229/1786 1941/2230/1786
f 1614/2227/1787 1941/2230/1787 1938/2231/1787 1763/2232/1787
f 1615/2233/1788 1767/2234/1788 1937/2235/1788 1939/2236/1788
f 1615/2233/1789 1939/2236/1789 1924/2237/1789 1765/2238/1789
f 1616/2239/1790 1765/2238/1790 1924/2237/1790 1935/2240/1790
f 2654/2241/1791 2656/2242/1791 1932/2243/1791 1768/2244/1791
f 1617/2245/1792 1768/2244/1792 1932/2243/1792 1925/2246/1792
f 1617/2245/1793 1925/2246/1793 1942/2247/1793 1760/2248/1793
f 1618/2249/1794 1763/2232/1794 1938/2231/1794 1934/2250/1794
f 1618/2249/1795 1934/2250/1795 1937/2235/1795 1767/2234/1795
f 1619/2251/1796 1756/2222/1796 1929/2221/1796 1931/2252/1796
f 1619/2251/1797 1931/2252/1797 1926/2253/1797 1772/2254/1797
f 1620/2255/1798 1772/2254/1798 1926/2253/1798 1930/2256/1798
f 1620/2255/1799 1930/2256/1799 1928/2257/1799 1762/2258/1799
f 1628/2259/1800 1762/2258/1800 1928/2257/1800 1927/2260/1800
f 1628/2259/1801 1927/2260/1801 1943/2229/1801 1761/2228/1801
f 1944/2261/1802 2054/2262/1802 2245/2263/1802 2037/2264/1802
f 2824/2265/1803 2057/2266/1803 2253/2267/1803 2829/2268/1803
f 2832/2269/1804 2822/2270/1804 2249/2271/1804 2473/2272/1804
f 2459/2273/1805 2460/2274/1805 2234/2275/1805 2046/2276/1805
f 2783/2277/1806 2788/2278/1806 2253/2267/1806 2057/2266/1806
f 2738/2279/1807 2033/2280/1807 2243/2281/1807 2743/2282/1807
f 2752/2283/1808 2745/2284/1808 2230/2285/1808 2463/2286/1808
f 2792/2287/1809 2473/2272/1809 2249/2271/1809 2789/2288/1809
f 1946/2289/1810 2222/2290/1810 2329/2291/1810 2038/2292/1810
f 2821/2293/1811 2058/2294/1811 2333/2295/1811 2816/2296/1811
f 2821/2293/1812 2829/2268/1812 2253/2267/1812 2058/2294/1812
f 1946/2289/1813 2038/2292/1813 2245/2263/1813 2054/2262/1813
f 2784/2297/1814 2774/2298/1814 2333/2295/1814 2058/2294/1814
f 2735/2299/1815 2034/2300/1815 2328/2301/1815 2747/2302/1815
f 2735/2299/1816 2743/2282/1816 2243/2281/1816 2034/2300/1816
f 2784/2297/1817 2058/2294/1817 2253/2267/1817 2788/2278/1817
f 2750/2303/1818 2744/2304/1818 2244/2305/1818 2035/2306/1818
f 2779/2307/1819 2059/2308/1819 2254/2309/1819 2776/2310/1819
f 2779/2307/1820 2781/2311/1820 2251/2312/1820 2059/2308/1820
f 2750/2303/1821 2035/2306/1821 2232/2313/1821 2741/2314/1821
f 2819/2315/1822 2817/2316/1822 2254/2309/1822 2059/2308/1822
f 1949/2317/1823 2039/2318/1823 2246/2319/1823 2056/2320/1823
f 1949/2317/1824 2050/2321/1824 2236/2322/1824 2039/2318/1824
f 2819/2315/1825 2059/2308/1825 2251/2312/1825 2818/2323/1825
f 2739/2324/1826 2727/1732/1826 2233/1731/1826 2036/2325/1826
f 2775/2326/1827 2060/2327/1827 2252/1735/1827 2770/1734/1827
f 2775/2326/1828 2776/2310/1828 2254/2309/1828 2060/2327/1828
f 2739/2324/1829 2036/2325/1829 2244/2305/1829 2744/2304/1829
f 2830/2328/1830 2809/1738/1830 2252/1735/1830 2060/2327/1830
f 1951/2329/1831 2040/2330/1831 2237/1741/1831 2052/1740/1831
f 1951/2329/1832 2056/2320/1832 2246/2319/1832 2040/2330/1832
f 2830/2328/1833 2060/2327/1833 2254/2309/1833 2817/2316/1833
f 1952/2331/1834 2065/2332/1834 2259/2333/1834 2067/2334/1834
f 1952/2331/1835 2037/2264/1835 2245/2263/1835 2065/2332/1835
f 2485/2335/1836 2061/2336/1836 2234/2275/1836 2460/2274/1836
f 2485/2335/1837 2475/2337/1837 2255/2338/1837 2061/2336/1837
f 1953/2339/1838 2218/2340/1838 2330/2341/1838 2068/2342/1838
f 1953/2339/1839 2038/2292/1839 2329/2291/1839 2218/2340/1839
f 1953/2339/1840 2065/2332/1840 2245/2263/1840 2038/2292/1840
f 1953/2339/1841 2068/2342/1841 2259/2333/1841 2065/2332/1841
f 1954/2343/1842 2066/2344/1842 2246/2319/1842 2039/2318/1842
f 1954/2343/1843 2069/2345/1843 2260/2346/1843 2066/2344/1843
f 1954/2343/1844 2063/2347/1844 2257/2348/1844 2069/2345/1844
f 1954/2343/1845 2039/2318/1845 2236/2322/1845 2063/2347/1845
f 1955/2349/1846 2064/1762/1846 2237/1741/1846 2040/2330/1846
f 1955/2349/1847 2070/2350/1847 2258/1763/1847 2064/1762/1847
f 1955/2349/1848 2066/2344/1848 2260/2346/1848 2070/2350/1848
f 1955/2349/1849 2040/2330/1849 2246/2319/1849 2066/2344/1849
f 2708/2351/1850 2702/2352/1850 2243/2281/1850 2033/2280/1850
f 2633/2353/1851 2083/2354/1851 2265/2355/1851 2631/2356/1851
f 2643/2357/1852 2628/2358/1852 2261/2359/1852 2458/2360/1852
f 2712/2361/1853 2463/2286/1853 2230/2285/1853 2707/2362/1853
f 2593/2363/1854 2591/2364/1854 2265/2355/1854 2083/2354/1854
f 2547/2365/1855 2041/2366/1855 2247/2367/1855 2546/2368/1855
f 2563/2369/1856 2560/2370/1856 2238/2371/1856 2470/2372/1856
f 2603/2373/1857 2458/2360/1857 2261/2359/1857 2589/2374/1857
f 2706/2375/1858 2699/2376/1858 2328/2301/1858 2034/2300/1858
f 2641/2377/1859 2084/2378/1859 2334/2379/1859 2627/2380/1859
f 2641/2377/1860 2631/2356/1860 2265/2355/1860 2084/2378/1860
f 2706/2375/1861 2034/2300/1861 2243/2281/1861 2702/2352/1861
f 2598/2381/1862 2600/2382/1862 2334/2379/1862 2084/2378/1862
f 2545/2383/1863 2042/2384/1863 2332/2385/1863 2556/2386/1863
f 2545/2383/1864 2546/2368/1864 2247/2367/1864 2042/2384/1864
f 2598/2381/1865 2084/2378/1865 2265/2355/1865 2591/2364/1865
f 2561/2387/1866 2557/2388/1866 2248/2389/1866 2043/2390/1866
f 2590/2391/1867 2085/2392/1867 2266/2393/1867 2594/2394/1867
f 2590/2391/1868 2601/2395/1868 2263/2396/1868 2085/2392/1868
f 2561/2387/1869 2043/2390/1869 2240/2397/1869 2555/2398/1869
f 2629/2399/1870 2634/2400/1870 2266/2393/1870 2085/2392/1870
f 2700/2401/1871 2035/2306/1871 2244/2305/1871 2696/2402/1871
f 2700/2401/1872 2695/2403/1872 2232/2313/1872 2035/2306/1872
f 2629/2399/1873 2085/2392/1873 2263/2396/1873 2638/2404/1873
f 2549/2405/1874 2536/1822/1874 2241/1821/1874 2044/2406/1874
f 2586/2407/1875 2086/2408/1875 2264/1825/1875 2572/1824/1875
f 2586/2407/1876 2594/2394/1876 2266/2393/1876 2086/2408/1876
f 2549/2405/1877 2044/2406/1877 2248/2389/1877 2557/2388/1877
f 2625/2409/1878 2606/1828/1878 2264/1825/1878 2086/2408/1878
f 2709/2410/1879 2036/2325/1879 2233/1731/1879 2686/1830/1879
f 2709/2410/1880 2696/2402/1880 2244/2305/1880 2036/2325/1880
f 2625/2409/1881 2086/2408/1881 2266/2393/1881 2634/2400/1881
f 1964/2411/1882 2094/2412/1882 2247/2367/1882 2041/2366/1882
f 1964/2411/1883 2096/2413/1883 2271/2414/1883 2094/2412/1883
f 2486/2415/1884 2088/2416/1884 2267/2417/1884 2456/2418/1884
f 2486/2415/1885 2470/2372/1885 2238/2371/1885 2088/2416/1885
f 2480/2419/1886 2087/2420/1886 2228/2421/1886 2464/2422/1886
f 2480/2419/1887 2456/2418/1887 2267/2417/1887 2087/2420/1887
f 1965/2423/1888 2093/2424/1888 2271/2414/1888 2096/2413/1888
f 1965/2423/1889 2032/2425/1889 2242/2426/1889 2093/2424/1889
f 1966/2427/1890 2225/2428/1890 2332/2385/1890 2042/2384/1890
f 1966/2427/1891 2097/2429/1891 2335/2430/1891 2225/2428/1891
f 1966/2427/1892 2094/2412/1892 2271/2414/1892 2097/2429/1892
f 1966/2427/1893 2042/2384/1893 2247/2367/1893 2094/2412/1893
f 1967/2431/1894 2095/2432/1894 2272/2433/1894 2098/2434/1894
f 2667/2435/1895 2043/2390/1895 2248/2389/1895 2662/2436/1895
f 2667/2435/1896 2661/2437/1896 2240/2397/1896 2043/2390/1896
f 1967/2431/1897 2098/2434/1897 2269/2438/1897 2091/2439/1897
f 1968/2440/1898 2092/1863/1898 2270/1862/1898 2099/2441/1898
f 2657/2442/1899 2044/2406/1899 2241/1821/1899 2646/1865/1899
f 2657/2442/1900 2662/2436/1900 2248/2389/1900 2044/2406/1900
f 1968/2440/1901 2099/2441/1901 2272/2433/1901 2095/2432/1901
f 2823/2443/1902 2114/2444/1902 2278/2445/1902 2814/2446/1902
f 2823/2443/1903 2815/2447/1903 2287/2448/1903 2114/2444/1903
f 1969/2449/1904 2108/2450/1904 2284/2451/1904 2121/2452/1904
f 1969/2449/1905 2100/2453/1905 2275/2454/1905 2108/2450/1905
f 2831/2455/1906 2457/2456/1906 2287/2448/1906 2815/2447/1906
f 2820/2457/1907 2818/2323/1907 2251/2312/1907 2113/2458/1907
f 1970/2459/1908 2109/2460/1908 2236/2322/1908 2050/2321/1908
f 2490/2461/1909 2121/2452/1909 2284/2451/1909 2481/2462/1909
f 2734/2463/1910 2106/2464/1910 2274/2465/1910 2740/2466/1910
f 2734/2463/1911 2746/2467/1911 2283/2468/1911 2106/2464/1911
f 2780/2469/1912 2114/2444/1912 2287/2448/1912 2790/2470/1912
f 2780/2469/1913 2777/2471/1913 2278/2445/1913 2114/2444/1913
f 2751/2472/1914 2471/2473/1914 2283/2468/1914 2746/2467/1914
f 2749/2474/1915 2741/2314/1915 2232/2313/1915 2107/2475/1915
f 2778/2476/1916 2113/2458/1916 2251/2312/1916 2781/2311/1916
f 2791/2477/1917 2790/2470/1917 2287/2448/1917 2457/2456/1917
f 1973/2478/1918 2108/2450/1918 2275/2454/1918 2102/2479/1918
f 1973/2478/1919 2123/2480/1919 2284/2451/1919 2108/2450/1919
f 1973/2478/1920 2115/2481/1920 2288/2482/1920 2123/2480/1920
f 1973/2478/1921 2102/2479/1921 2279/2483/1921 2115/2481/1921
f 2477/2484/1922 2481/2462/1922 2284/2451/1922 2123/2480/1922
f 1974/2485/1923 2063/2347/1923 2236/2322/1923 2109/2460/1923
f 1974/2485/1924 2116/2486/1924 2257/2348/1924 2063/2347/1924
f 2477/2484/1925 2123/2480/1925 2288/2482/1925 2476/2487/1925
f 2637/2488/1926 2117/2489/1926 2280/2490/1926 2635/2491/1926
f 2637/2488/1927 2630/2492/1927 2289/2493/1927 2117/2489/1927
f 2698/2494/1928 2106/2464/1928 2283/2468/1928 2710/2495/1928
f 2698/2494/1929 2704/2496/1929 2274/2465/1929 2106/2464/1929
f 2642/2497/1930 2472/2498/1930 2289/2493/1930 2630/2492/1930
f 2626/2499/1931 2638/2404/1931 2263/2396/1931 2118/2500/1931
f 2697/2501/1932 2107/2475/1932 2232/2313/1932 2695/2403/1932
f 2711/2502/1933 2710/2495/1933 2283/2468/1933 2471/2473/1933
f 2552/2503/1934 2110/2504/1934 2276/2505/1934 2559/2506/1934
f 2552/2503/1935 2548/2507/1935 2285/2508/1935 2110/2504/1935
f 2587/2509/1936 2117/2489/1936 2289/2493/1936 2595/2510/1936
f 2587/2509/1937 2596/2511/1937 2280/2490/1937 2117/2489/1937
f 2562/2512/1938 2468/2513/1938 2285/2508/1938 2548/2507/1938
f 2558/2514/1939 2555/2398/1939 2240/2397/1939 2111/2515/1939
f 2592/2516/1940 2118/2500/1940 2263/2396/1940 2601/2395/1940
f 2602/2517/1941 2595/2510/1941 2289/2493/1941 2472/2498/1941
f 2482/2518/1942 2478/2519/1942 2290/2520/1942 2126/2521/1942
f 1979/2522/1943 2091/2439/1943 2269/2438/1943 2119/2523/1943
f 2665/2524/1944 2111/2515/1944 2240/2397/1944 2661/2437/1944
f 2673/2525/1945 2660/2526/1945 2285/2508/1945 2468/2513/1945
f 2825/2527/1946 2137/2528/1946 2249/2271/1946 2822/2270/1946
f 2825/2527/1947 2826/2529/1947 2296/2530/1947 2137/2528/1947
f 1980/2531/1948 2132/2532/1948 2293/2533/1948 2142/2534/1948
f 1980/2531/1949 2046/2276/1949 2234/2275/1949 2132/2532/1949
f 2828/2535/1950 2136/2536/1950 2296/2530/1950 2826/2529/1950
f 2828/2535/1951 2814/2537/1951 2278/2538/1951 2136/2536/1951
f 1981/2539/1952 2131/2540/1952 2275/2541/1952 2100/2542/1952
f 1981/2539/1953 2142/2534/1953 2293/2533/1953 2131/2540/1953
f 2737/2543/1954 2130/2544/1954 2230/2285/1954 2745/2284/1954
f 2737/2543/1955 2748/2545/1955 2292/2546/1955 2130/2544/1955
f 2782/2547/1956 2137/2528/1956 2296/2530/1956 2785/2548/1956
f 2782/2547/1957 2789/2288/1957 2249/2271/1957 2137/2528/1957
f 2736/2549/1958 2129/2550/1958 2292/2546/1958 2748/2545/1958
f 2736/2549/1959 2740/2551/1959 2274/2552/1959 2129/2550/1959
f 2786/2553/1960 2136/2536/1960 2278/2538/1960 2777/2554/1960
f 2786/2553/1961 2785/2548/1961 2296/2530/1961 2136/2536/1961
f 1984/2555/1962 2132/2532/1962 2234/2275/1962 2061/2336/1962
f 1984/2555/1963 2144/2556/1963 2293/2533/1963 2132/2532/1963
f 1984/2555/1964 2139/2557/1964 2297/2558/1964 2144/2556/1964
f 1984/2555/1965 2061/2336/1965 2255/2338/1965 2139/2557/1965
f 1985/2559/1966 2131/2540/1966 2293/2533/1966 2144/2556/1966
f 1985/2559/1967 2102/2560/1967 2275/2541/1967 2131/2540/1967
f 1985/2559/1968 2138/2561/1968 2279/2562/1968 2102/2560/1968
f 1985/2559/1969 2144/2556/1969 2297/2558/1969 2138/2561/1969
f 2636/2563/1970 2141/2564/1970 2261/2359/1970 2628/2358/1970
f 2636/2563/1971 2632/2565/1971 2298/2566/1971 2141/2564/1971
f 2705/2567/1972 2130/2544/1972 2292/2546/1972 2694/2568/1972
f 2705/2567/1973 2707/2362/1973 2230/2285/1973 2130/2544/1973
f 2640/2569/1974 2140/2570/1974 2298/2566/1974 2632/2565/1974
f 2640/2569/1975 2635/2571/1975 2280/2572/1975 2140/2570/1975
f 2701/2573/1976 2129/2550/1976 2274/2552/1976 2704/2574/1976
f 2701/2573/1977 2694/2568/1977 2292/2546/1977 2129/2550/1977
f 2554/2575/1978 2134/2576/1978 2238/2371/1978 2560/2370/1978
f 2554/2575/1979 2550/2577/1979 2294/2578/1979 2134/2576/1979
f 2585/2579/1980 2141/2564/1980 2298/2566/1980 2597/2580/1980
f 2585/2579/1981 2589/2374/1981 2261/2359/1981 2141/2564/1981
f 2553/2581/1982 2133/2582/1982 2294/2578/1982 2550/2577/1982
f 2553/2581/1983 2559/2583/1983 2276/2584/1983 2133/2582/1983
f 2588/2585/1984 2140/2570/1984 2280/2572/1984 2596/2586/1984
f 2588/2585/1985 2597/2580/1985 2298/2566/1985 2140/2570/1985
f 2352/2587/1986 2134/2576/1986 2294/2578/1986 2345/2588/1986
f 2352/2587/1987 2341/2589/1987 2238/2371/1987 2134/2576/1987
f 2417/2590/1988 2148/2591/1988 2299/2592/1988 2430/2593/1988
f 2417/2590/1989 2419/2594/1989 2300/2595/1989 2148/2591/1989
f 2348/2596/1990 2133/2582/1990 2276/2584/1990 2354/2597/1990
f 2348/2596/1991 2345/2588/1991 2294/2578/1991 2133/2582/1991
f 2433/2598/1992 2150/2599/1992 2300/2595/1992 2419/2594/1992
f 2433/2598/1993 2428/2600/1993 2301/2601/1993 2150/2599/1993
f 1630/2602/1994 1779/2603/1994 2183/2604/1994 2310/2605/1994
f 1775/2606/1995 1631/2607/1995 2309/2608/1995 2209/2609/1995
f 2353/2610/1996 2128/2611/1996 2291/2612/1996 2355/2613/1996
f 2353/2614/1997 2350/2615/1997 2273/2616/1997 2128/2617/1997
f 2422/2618/1998 2155/2619/1998 2304/2620/1998 2426/2621/1998
f 2422/2618/1999 2421/2622/1999 2303/2623/1999 2155/2619/1999
f 2351/2624/2000 2127/2625/2000 2281/2626/2000 2349/2627/2000
f 2351/2624/2001 2336/2628/2001 2290/2520/2001 2127/2625/2001
f 2431/2629/2002 2157/2630/2002 2306/2631/2002 2435/2632/2002
f 2431/2629/2003 2434/2633/2003 2305/2634/2003 2157/2630/2003
f 2347/2635/2004 2126/2521/2004 2290/2520/2004 2336/2628/2004
f 2668/2636/2005 2344/2637/2005 2285/2508/2005 2660/2526/2005
f 2671/2638/2006 2663/2639/2006 2307/2640/2006 2425/2641/2006
f 2429/2642/2007 2435/2632/2007 2306/2631/2007 2160/2643/2007
f 2337/2644/2008 2110/2504/2008 2285/2508/2008 2344/2637/2008
f 2337/2644/2009 2354/2645/2009 2276/2505/2009 2110/2504/2009
f 2423/2646/2010 2161/2647/2010 2301/2648/2010 2428/2649/2010
f 2423/2646/2011 2425/2641/2011 2307/2640/2011 2161/2647/2011
f 2346/2650/2012 2105/2651/2012 2273/2616/2012 2350/2615/2012
f 2346/2650/2013 2349/2627/2013 2281/2626/2013 2105/2651/2013
f 2427/2652/2014 2162/2653/2014 2305/2634/2014 2434/2633/2014
f 2427/2652/2015 2426/2621/2015 2304/2620/2015 2162/2653/2015
f 2343/2654/2016 2088/2416/2016 2238/2371/2016 2341/2589/2016
f 2343/2654/2017 2338/2655/2017 2267/2417/2017 2088/2416/2017
f 2418/2656/2018 2164/2657/2018 2308/2658/2018 2416/2659/2018
f 2418/2656/2019 2430/2593/2019 2299/2592/2019 2164/2657/2019
f 2342/2660/2020 2087/2420/2020 2267/2417/2020 2338/2655/2020
f 2342/2660/2021 2340/2661/2021 2228/2421/2021 2087/2420/2021
f 2432/2662/2022 2165/2663/2022 2302/2664/2022 2424/2665/2022
f 2432/2662/2023 2416/2659/2023 2308/2658/2023 2165/2663/2023
f 2875/2666/2024 2165/2663/2024 2308/2658/2024 2864/2667/2024
f 2875/2666/2025 2858/2668/2025 2302/2664/2025 2165/2663/2025
f 2168/2669/2026 2000/2670/2026 1907/2671/2026 1793/2672/2026
f 2171/2673/2027 2001/2674/2027 1906/2675/2027 1789/2676/2027
f 2872/2677/2028 2164/2657/2028 2299/2592/2028 2862/2678/2028
f 2872/2677/2029 2864/2667/2029 2308/2658/2029 2164/2657/2029
f 2658/2679/2030 2003/2680/2030 1904/2681/2030 2664/2682/2030
f 2174/2683/2031 2002/2684/2031 1905/2685/2031 1786/2686/2031
f 2865/2687/2032 2162/2653/2032 2304/2620/2032 2856/2688/2032
f 2865/2687/2033 2863/2689/2033 2305/2634/2033 2162/2653/2033
f 2004/2690/2034 2171/2673/2034 1789/2676/2034 1903/2691/2034
f 2182/2692/2035 2007/2693/2035 1901/2694/2035 1776/2695/2035
f 2869/2696/2036 2161/2647/2036 2307/2640/2036 2866/2697/2036
f 2869/2696/2037 2867/2698/2037 2301/2648/2037 2161/2647/2037
f 2009/2699/2038 2166/2700/2038 1815/2701/2038 1899/2702/2038
f 2005/2703/2039 2181/2704/2039 1778/2705/2039 1902/2706/2039
f 2859/2707/2040 2160/2643/2040 2306/2631/2040 2873/2708/2040
f 2876/2709/2041 2866/2697/2041 2307/2640/2041 2663/2639/2041
f 2003/2680/2042 2178/2710/2042 1781/2711/2042 1904/2681/2042
f 2178/2710/2043 2004/2690/2043 1903/2691/2043 1781/2711/2043
f 2860/2712/2044 2157/2630/2044 2305/2634/2044 2863/2689/2044
f 2860/2712/2045 2873/2708/2045 2306/2631/2045 2157/2630/2045
f 1621/2713/2046 1775/2606/2046 2209/2609/2046 2318/2714/2046
f 2648/2715/2047 1785/2716/2047 2175/2717/2047 2659/2718/2047
f 2868/2719/2048 2155/2619/2048 2303/2623/2048 2874/2720/2048
f 2868/2719/2049 2856/2688/2049 2304/2620/2049 2155/2619/2049
f 1626/2721/2050 1787/2722/2050 2172/2723/2050 2313/2724/2050
f 1627/2725/2051 1782/2726/2051 2179/2727/2051 2312/2728/2051
f 2339/2729/2052 2207/2730/2052 2228/2421/2052 2340/2661/2052
f 2339/2729/2053 2355/2613/2053 2291/2612/2053 2207/2730/2053
f 2420/2731/2054 2208/2732/2054 2303/2623/2054 2421/2622/2054
f 2420/2731/2055 2424/2665/2055 2302/2664/2055 2208/2732/2055
f 2861/2733/2056 2150/2599/2056 2301/2601/2056 2867/2734/2056
f 2861/2733/2057 2870/2735/2057 2300/2595/2057 2150/2599/2057
f 1623/2736/2058 1780/2737/2058 2180/2738/2058 2316/2739/2058
f 1791/2740/2059 1630/2602/2059 2310/2605/2059 2167/2741/2059
f 2871/2742/2060 2148/2591/2060 2300/2595/2060 2870/2735/2060
f 2871/2742/2061 2862/2678/2061 2299/2592/2061 2148/2591/2061
f 1780/2737/2062 1626/2721/2062 2313/2724/2062 2180/2738/2062
f 1785/2716/2063 1624/2743/2063 2315/2744/2063 2175/2717/2063
f 1629/2745/2064 1791/2740/2064 2167/2741/2064 2311/2746/2064
f 1782/2726/2065 1623/2736/2065 2316/2739/2065 2179/2727/2065
f 1624/2743/2066 1783/2747/2066 2177/2748/2066 2315/2744/2066
f 1777/2749/2067 1621/2713/2067 2318/2714/2067 2184/2750/2067
f 1783/2751/2068 1629/2745/2068 2311/2746/2068 2177/2752/2068
f 1779/2603/2069 1622/2753/2069 2317/2754/2069 2183/2604/2069
f 1622/2753/2070 1777/2749/2070 2184/2750/2070 2317/2754/2070
f 1631/2607/2071 1790/2755/2071 2169/2756/2071 2309/2608/2071
f 2170/2757/2072 2008/2758/2072 1900/2759/2072 1792/2760/2072
f 2000/2670/2073 2170/2757/2073 1792/2760/2073 1907/2671/2073
f 1999/2761/2074 2168/2669/2074 1793/2672/2074 1908/2762/2074
f 2181/2704/2075 2009/2699/2075 1899/2702/2075 1778/2705/2075
f 2007/2693/2076 2174/2763/2076 1786/2764/2076 1901/2694/2076
f 2002/2684/2077 2176/2765/2077 1784/2766/2077 1905/2685/2077
f 2008/2758/2078 2182/2692/2078 1776/2695/2078 1900/2759/2078
f 2001/2674/2079 2173/2767/2079 1788/2768/2079 1906/2675/2079
f 2173/2767/2080 2005/2703/2080 1902/2706/2080 1788/2768/2080
f 2166/2700/2081 1999/2761/2081 1908/2762/2081 1815/2701/2081
f 2857/2769/2082 2208/2732/2082 2302/2664/2082 2858/2668/2082
f 2857/2769/2083 2874/2720/2083 2303/2623/2083 2208/2732/2083
f 1790/2755/2084 1627/2725/2084 2312/2728/2084 2169/2756/2084
f 1787/2722/2085 1625/2770/2085 2314/2771/2085 2172/2723/2085
f 2010/2772/2086 2188/2773/2086 2286/2774/2086 2112/2775/2086
f 2010/2772/2087 2191/2776/2087 2320/2777/2087 2188/2773/2087
f 2010/2772/2088 2186/2778/2088 2319/2779/2088 2191/2776/2088
f 2010/2772/2089 2112/2775/2089 2277/2780/2089 2186/2778/2089
f 2011/2781/2090 2187/2782/2090 2320/2777/2090 2191/2776/2090
f 2484/2783/2091 2105/2651/2091 2281/2626/2091 2474/2784/2091
f 2484/2783/2092 2487/2785/2092 2273/2616/2092 2105/2651/2092
f 2011/2781/2093 2191/2776/2093 2319/2779/2093 2185/2786/2093
f 2012/2787/2094 2186/2778/2094 2277/2780/2094 2135/2788/2094
f 2012/2787/2095 2192/2789/2095 2319/2779/2095 2186/2778/2095
f 2012/2790/2096 2190/2791/2096 2321/2792/2096 2192/2793/2096
f 2012/2790/2097 2135/2794/2097 2295/2795/2097 2190/2791/2097
f 2013/2796/2098 2185/2786/2098 2319/2779/2098 2192/2789/2098
f 2462/2797/2099 2128/2617/2099 2273/2616/2099 2487/2785/2099
f 2462/2798/2100 2466/2799/2100 2291/2612/2100 2128/2611/2100
f 2013/2800/2101 2192/2793/2101 2321/2792/2101 2189/2801/2101
f 2014/2802/2102 2048/2140/2102 2235/2139/2102 2212/2803/2102
f 2827/2804/2103 2224/2805/2103 2250/2143/2103 2803/2142/2103
f 2827/2804/2104 2816/2296/2104 2333/2295/2104 2224/2805/2104
f 2014/2802/2105 2212/2803/2105 2329/2291/2105 2222/2290/2105
f 2015/2806/2106 2120/2807/2106 2282/2147/2106 2196/2146/2106
f 2015/2806/2107 2194/2808/2107 2286/2774/2107 2120/2807/2107
f 2015/2806/2108 2195/2809/2108 2323/2810/2108 2194/2808/2108
f 2015/2806/2109 2196/2146/2109 2322/2152/2109 2195/2809/2109
f 2016/2811/2110 2194/2808/2110 2323/2810/2110 2197/2812/2110
f 2016/2811/2111 2112/2775/2111 2286/2774/2111 2194/2808/2111
f 2016/2811/2112 2201/2813/2112 2277/2780/2112 2112/2775/2112
f 2016/2811/2113 2197/2812/2113 2324/2814/2113 2201/2813/2113
f 2017/2815/2114 2201/2813/2114 2324/2814/2114 2198/2816/2114
f 2017/2815/2115 2135/2788/2115 2277/2780/2115 2201/2813/2115
f 2017/2817/2116 2200/2818/2116 2295/2795/2116 2135/2794/2116
f 2017/2817/2117 2198/2819/2117 2325/2820/2117 2200/2818/2117
f 2018/2821/2118 2213/2822/2118 2327/2823/2118 2199/2824/2118
f 2018/2821/2119 2211/2825/2119 2331/2826/2119 2213/2822/2119
f 2018/2821/2120 2202/2170/2120 2229/2169/2120 2211/2825/2120
f 2018/2821/2121 2199/2824/2121 2326/2171/2121 2202/2170/2121
f 2019/2827/2122 2119/2523/2122 2269/2438/2122 2203/2828/2122
f 2467/2829/2123 2127/2625/2123 2290/2520/2123 2478/2519/2123
f 2467/2829/2124 2474/2784/2124 2281/2626/2124 2127/2625/2124
f 2019/2827/2125 2203/2828/2125 2320/2777/2125 2187/2782/2125
f 2020/2830/2126 2203/2828/2126 2269/2438/2126 2098/2434/2126
f 2020/2830/2127 2188/2773/2127 2320/2777/2127 2203/2828/2127
f 2020/2830/2128 2204/2831/2128 2286/2774/2128 2188/2773/2128
f 2020/2830/2129 2098/2434/2129 2272/2433/2129 2204/2831/2129
f 2021/2832/2130 2099/2441/2130 2270/1862/2130 2205/2178/2130
f 2021/2832/2131 2204/2831/2131 2272/2433/2131 2099/2441/2131
f 2021/2832/2132 2120/2807/2132 2286/2774/2132 2204/2831/2132
f 2021/2832/2133 2205/2178/2133 2282/2147/2133 2120/2807/2133
f 2022/2833/2134 2216/2834/2134 2335/2430/2134 2097/2429/2134
f 2022/2833/2135 2215/2835/2135 2331/2826/2135 2216/2834/2135
f 2022/2833/2136 2093/2424/2136 2242/2426/2136 2215/2835/2136
f 2022/2833/2137 2097/2429/2137 2271/2414/2137 2093/2424/2137
f 2023/2836/2138 2200/2818/2138 2325/2820/2138 2206/2837/2138
f 2023/2836/2139 2193/2838/2139 2295/2795/2139 2200/2818/2139
f 2023/2836/2140 2213/2822/2140 2331/2826/2140 2193/2838/2140
f 2023/2836/2141 2206/2837/2141 2327/2823/2141 2213/2822/2141
f 2787/2839/2142 2764/2186/2142 2250/2143/2142 2224/2805/2142
f 2742/2840/2143 2217/2841/2143 2231/2189/2143 2726/2188/2143
f 2742/2840/2144 2747/2302/2144 2328/2301/2144 2217/2841/2144
f 2787/2839/2145 2224/2805/2145 2333/2295/2145 2774/2298/2145
f 2025/2842/2146 2062/2194/2146 2256/2193/2146 2214/2843/2146
f 2025/2842/2147 2212/2803/2147 2235/2139/2147 2062/2194/2147
f 2025/2842/2148 2218/2340/2148 2329/2291/2148 2212/2803/2148
f 2025/2842/2149 2214/2843/2149 2330/2341/2149 2218/2340/2149
f 2703/2844/2150 2682/2196/2150 2231/2189/2150 2217/2841/2150
f 2639/2845/2151 2226/2846/2151 2262/2199/2151 2618/2198/2151
f 2639/2845/2152 2627/2380/2152 2334/2379/2152 2226/2846/2152
f 2703/2844/2153 2217/2841/2153 2328/2301/2153 2699/2376/2153
f 2599/2847/2154 2581/2202/2154 2262/2199/2154 2226/2846/2154
f 2551/2848/2155 2221/2849/2155 2239/2205/2155 2527/2204/2155
f 2551/2848/2156 2556/2386/2156 2332/2385/2156 2221/2849/2156
f 2599/2847/2157 2226/2846/2157 2334/2379/2157 2600/2382/2157
f 2028/2850/2158 2090/2208/2158 2239/2205/2158 2221/2849/2158
f 2028/2850/2159 2227/2851/2159 2268/2209/2159 2090/2208/2159
f 2028/2850/2160 2225/2428/2160 2335/2430/2160 2227/2851/2160
f 2028/2850/2161 2221/2849/2161 2332/2385/2161 2225/2428/2161
f 2029/2852/2162 2089/2212/2162 2268/2209/2162 2227/2851/2162
f 2029/2852/2163 2211/2825/2163 2229/2169/2163 2089/2212/2163
f 2029/2852/2164 2216/2834/2164 2331/2826/2164 2211/2825/2164
f 2029/2852/2165 2227/2851/2165 2335/2430/2165 2216/2834/2165
f 2030/2853/2166 2193/2838/2166 2331/2826/2166 2215/2835/2166
f 2030/2853/2167 2190/2791/2167 2295/2795/2167 2193/2838/2167
f 2030/2853/2168 2210/2854/2168 2321/2792/2168 2190/2791/2168
f 2030/2853/2169 2215/2835/2169 2242/2426/2169 2210/2854/2169
f 2465/2855/2170 2207/2730/2170 2291/2612/2170 2466/2799/2170
f 2465/2855/2171 2464/2422/2171 2228/2421/2171 2207/2730/2171
f 2031/2856/2172 2210/2854/2172 2242/2426/2172 2032/2425/2172
f 2031/2856/2173 2189/2801/2173 2321/2792/2173 2210/2854/2173
f 1990/2857/2174 2352/2858/2174 2345/2859/2174 2149/2860/2174
f 1990/2857/2175 2147/2861/2175 2341/2862/2175 2352/2858/2175
f 1991/2863/2176 2348/2864/2176 2354/2865/2176 2151/2866/2176
f 1991/2863/2177 2149/2860/2177 2345/2859/2177 2348/2864/2177
f 1992/2867/2178 2353/2868/2178 2355/2869/2178 2152/2870/2178
f 1992/2867/2179 2154/2871/2179 2350/2872/2179 2353/2868/2179
f 1993/2873/2180 2351/2874/2180 2349/2875/2180 2158/2876/2180
f 1993/2873/2181 2156/2877/2181 2336/2878/2181 2351/2874/2181
f 1994/2879/2182 2347/2880/2182 2336/2878/2182 2156/2877/2182
f 2666/2881/2183 2159/2882/2183 2344/2883/2183 2668/2884/2183
f 1995/2885/2184 2337/2886/2184 2344/2883/2184 2159/2882/2184
f 1995/2885/2185 2151/2887/2185 2354/2888/2185 2337/2886/2185
f 1996/2889/2186 2346/2890/2186 2350/2872/2186 2154/2871/2186
f 1996/2889/2187 2158/2876/2187 2349/2875/2187 2346/2890/2187
f 1997/2891/2188 2343/2892/2188 2341/2862/2188 2147/2861/2188
f 1997/2891/2189 2163/2893/2189 2338/2894/2189 2343/2892/2189
f 1998/2895/2190 2342/2896/2190 2338/2894/2190 2163/2893/2190
f 1998/2895/2191 2153/2897/2191 2340/2898/2191 2342/2896/2191
f 2006/2899/2192 2339/2900/2192 2340/2898/2192 2153/2897/2192
f 2006/2899/2193 2152/2870/2193 2355/2869/2193 2339/2900/2193
f 2325/2820/2194 2198/2819/2194 2367/2901/2194 2373/2902/2194
f 1805/2154/2195 1913/2156/2195 2362/2903/2195 2357/2904/2195
f 2195/2809/2196 2322/2152/2196 2370/2905/2196 2365/2906/2196
f 2324/2814/2197 2197/2812/2197 2366/2907/2197 2372/2908/2197
f 2199/2824/2198 2327/2823/2198 2375/2909/2198 2368/2910/2198
f 2197/2812/2199 2323/2810/2199 2371/2911/2199 2366/2907/2199
f 1804/2151/2200 1912/2150/2200 2361/2912/2200 2356/2913/2200
f 1912/2150/2201 1805/2154/2201 2357/2904/2201 2361/2912/2201
f 2322/2152/2202 1804/2151/2202 2356/2913/2202 2370/2905/2202
f 1914/2161/2203 1812/2183/2203 2360/2914/2203 2363/2915/2203
f 2198/2816/2204 2324/2814/2204 2372/2908/2204 2367/2916/2204
f 2326/2171/2205 2199/2824/2205 2368/2910/2205 2374/2917/2205
f 1806/2162/2206 1914/2161/2206 2363/2915/2206 2358/2918/2206
f 1915/2165/2207 1807/2164/2207 2359/2919/2207 2364/2920/2207
f 1812/2183/2208 1915/2165/2208 2364/2920/2208 2360/2914/2208
f 2206/2837/2209 2325/2820/2209 2373/2902/2209 2369/2921/2209
f 2327/2823/2210 2206/2837/2210 2369/2921/2210 2375/2909/2210
f 1807/2164/2211 2326/2171/2211 2374/2917/2211 2359/2919/2211
f 1913/2156/2212 1806/2158/2212 2358/2922/2212 2362/2903/2212
f 2323/2810/2213 2195/2809/2213 2365/2906/2213 2371/2911/2213
f 1631/2607/2214 2377/2923/2214 2394/2924/2214 1790/2755/2214
f 1631/2607/2215 1775/2606/2215 2378/2925/2215 2377/2923/2215
f 1630/2602/2216 2391/2926/2216 2382/2927/2216 1779/2603/2216
f 1630/2602/2217 1791/2740/2217 2390/2928/2217 2391/2926/2217
f 1629/2745/2218 2381/2929/2218 2390/2928/2218 1791/2740/2218
f 1629/2745/2219 1783/2751/2219 2387/2930/2219 2381/2929/2219
f 1627/2725/2220 2388/2931/2220 2376/2932/2220 1782/2726/2220
f 1627/2725/2221 1790/2755/2221 2394/2924/2221 2388/2931/2221
f 1626/2721/2222 2380/2933/2222 2393/2934/2222 1787/2722/2222
f 1626/2721/2223 1780/2737/2223 2383/2935/2223 2380/2933/2223
f 2648/2715/2224 2669/2936/2224 2386/2937/2224 1785/2716/2224
f 1625/2770/2225 1787/2722/2225 2393/2934/2225 2379/2938/2225
f 1624/2743/2226 2389/2939/2226 2387/2940/2226 1783/2747/2226
f 1624/2743/2227 1785/2716/2227 2386/2937/2227 2389/2939/2227
f 1623/2736/2228 2385/2941/2228 2383/2935/2228 1780/2737/2228
f 1623/2736/2229 1782/2726/2229 2376/2932/2229 2385/2941/2229
f 1622/2753/2230 2392/2942/2230 2384/2943/2230 1777/2749/2230
f 1622/2753/2231 1779/2603/2231 2382/2927/2231 2392/2942/2231
f 1621/2713/2232 2395/2944/2232 2378/2925/2232 1775/2606/2232
f 1621/2713/2233 1777/2749/2233 2384/2943/2233 2395/2944/2233
f 1628/2259/2234 2400/2100/2234 2404/2078/2234 1762/2258/2234
f 1628/2259/2235 1761/2228/2235 2401/2038/2235 2400/2100/2235
f 1620/2255/2236 2412/2077/2236 2396/2072/2236 1772/2254/2236
f 1620/2255/2237 1762/2258/2237 2404/2078/2237 2412/2077/2237
f 1619/2251/2238 2398/2071/2238 2410/2014/2238 1756/2222/2238
f 1619/2251/2239 1772/2254/2239 2396/2072/2239 2398/2071/2239
f 1618/2249/2240 2407/2067/2240 2406/2034/2240 1763/2232/2240
f 1618/2249/2241 1767/2234/2241 2414/2049/2241 2407/2067/2241
f 1617/2245/2242 2403/2061/2242 2405/2054/2242 1768/2244/2242
f 1617/2245/2243 1760/2248/2243 2408/2062/2243 2403/2061/2243
f 1616/2239/2244 2409/2057/2244 2415/2045/2244 1765/2238/2244
f 2654/2241/2245 1768/2244/2245 2405/2054/2245 2670/2053/2245
f 1615/2233/2246 2411/2044/2246 2414/2049/2246 1767/2234/2246
f 1615/2233/2247 1765/2238/2247 2415/2045/2247 2411/2044/2247
f 1614/2227/2248 2402/2033/2248 2401/2038/2248 1761/2228/2248
f 1614/2227/2249 1763/2232/2249 2406/2034/2249 2402/2033/2249
f 1613/2223/2250 2413/2021/2250 2408/2024/2250 1760/2224/2250
f 1613/2223/2251 1758/2218/2251 2399/2018/2251 2413/2021/2251
f 1612/2217/2252 2397/2013/2252 2399/2018/2252 1758/2218/2252
f 1612/2217/2253 1756/2222/2253 2410/2014/2253 2397/2013/2253
f 2006/2899/2254 2153/2897/2254 2424/2665/2254 2420/2731/2254
f 2006/2899/2255 2420/2731/2255 2421/2622/2255 2152/2870/2255
f 1998/2895/2256 2163/2893/2256 2416/2659/2256 2432/2662/2256
f 1998/2895/2257 2432/2662/2257 2424/2665/2257 2153/2897/2257
f 1997/2891/2258 2147/2861/2258 2430/2593/2258 2418/2656/2258
f 1997/2891/2259 2418/2656/2259 2416/2659/2259 2163/2893/2259
f 1996/2889/2260 2154/2871/2260 2426/2621/2260 2427/2652/2260
f 1996/2889/2261 2427/2652/2261 2434/2633/2261 2158/2876/2261
f 1995/2885/2262 2159/2882/2262 2425/2641/2262 2423/2646/2262
f 1995/2885/2263 2423/2646/2263 2428/2649/2263 2151/2887/2263
f 1994/2879/2264 2156/2877/2264 2435/2632/2264 2429/2642/2264
f 2666/2881/2265 2671/2638/2265 2425/2641/2265 2159/2882/2265
f 1993/2873/2266 2158/2876/2266 2434/2633/2266 2431/2629/2266
f 1993/2873/2267 2431/2629/2267 2435/2632/2267 2156/2877/2267
f 1992/2867/2268 2152/2870/2268 2421/2622/2268 2422/2618/2268
f 1992/2867/2269 2422/2618/2269 2426/2621/2269 2154/2871/2269
f 1991/2863/2270 2151/2866/2270 2428/2600/2270 2433/2598/2270
f 1991/2863/2271 2433/2598/2271 2419/2594/2271 2149/2860/2271
f 1990/2857/2272 2149/2860/2272 2419/2594/2272 2417/2590/2272
f 1990/2857/2273 2417/2590/2273 2430/2593/2273 2147/2861/2273
f 2009/2699/2274 2181/2704/2274 2454/2945/2274 2437/2946/2274
f 2009/2699/2275 2437/2946/2275 2438/2947/2275 2166/2700/2275
f 2008/2758/2276 2170/2757/2276 2442/2948/2276 2451/2949/2276
f 2008/2758/2277 2451/2949/2277 2450/2950/2277 2182/2692/2277
f 2007/2693/2278 2182/2692/2278 2450/2950/2278 2441/2951/2278
f 2007/2693/2279 2441/2951/2279 2447/2952/2279 2174/2763/2279
f 2005/2703/2280 2173/2767/2280 2436/2953/2280 2448/2954/2280
f 2005/2703/2281 2448/2954/2281 2454/2945/2281 2181/2704/2281
f 2004/2690/2282 2178/2710/2282 2453/2955/2282 2440/2956/2282
f 2004/2690/2283 2440/2956/2283 2443/2957/2283 2171/2673/2283
f 2658/2679/2284 2176/2765/2284 2446/2958/2284 2672/2959/2284
f 2003/2680/2285 2439/2960/2285 2453/2955/2285 2178/2710/2285
f 2002/2684/2286 2174/2683/2286 2447/2961/2286 2449/2962/2286
f 2002/2684/2287 2449/2962/2287 2446/2958/2287 2176/2765/2287
f 2001/2674/2288 2171/2673/2288 2443/2957/2288 2445/2963/2288
f 2001/2674/2289 2445/2963/2289 2436/2953/2289 2173/2767/2289
f 2000/2670/2290 2168/2669/2290 2444/2964/2290 2452/2965/2290
f 2000/2670/2291 2452/2965/2291 2442/2948/2291 2170/2757/2291
f 1999/2761/2292 2166/2700/2292 2438/2947/2292 2455/2966/2292
f 1999/2761/2293 2455/2966/2293 2444/2964/2293 2168/2669/2293
f 2031/2856/2294 2032/2425/2294 2464/2422/2294 2465/2855/2294
f 2031/2856/2295 2465/2855/2295 2466/2799/2295 2189/2801/2295
f 2019/2827/2296 2187/2782/2296 2474/2784/2296 2467/2829/2296
f 2019/2827/2297 2467/2829/2297 2478/2519/2297 2119/2523/2297
f 2013/2800/2298 2189/2801/2298 2466/2799/2298 2462/2798/2298
f 2013/2796/2299 2462/2797/2299 2487/2785/2299 2185/2786/2299
f 2011/2781/2300 2185/2786/2300 2487/2785/2300 2484/2783/2300
f 2011/2781/2301 2484/2783/2301 2474/2784/2301 2187/2782/2301
f 2665/2524/2302 2673/2525/2302 2468/2513/2302 2111/2515/2302
f 1979/2522/2303 2119/2523/2303 2478/2519/2303 2482/2518/2303
f 2592/2516/2304 2602/2517/2304 2472/2498/2304 2118/2500/2304
f 2558/2514/2305 2111/2515/2305 2468/2513/2305 2562/2512/2305
f 2697/2501/2306 2711/2502/2306 2471/2473/2306 2107/2475/2306
f 2626/2499/2307 2118/2500/2307 2472/2498/2307 2642/2497/2307
f 1974/2485/2308 2477/2484/2308 2476/2487/2308 2116/2486/2308
f 1974/2485/2309 2109/2460/2309 2481/2462/2309 2477/2484/2309
f 2778/2476/2310 2791/2477/2310 2457/2456/2310 2113/2458/2310
f 2749/2474/2311 2107/2475/2311 2471/2473/2311 2751/2472/2311
f 1970/2459/2312 2490/2461/2312 2481/2462/2312 2109/2460/2312
f 2820/2457/2313 2113/2458/2313 2457/2456/2313 2831/2455/2313
f 1965/2423/2314 2096/2413/2314 2456/2418/2314 2480/2419/2314
f 1965/2423/2315 2480/2419/2315 2464/2422/2315 2032/2425/2315
f 1964/2411/2316 2041/2366/2316 2470/2372/2316 2486/2415/2316
f 1964/2411/2317 2486/2415/2317 2456/2418/2317 2096/2413/2317
f 2593/2363/2318 2083/2354/2318 2458/2360/2318 2603/2373/2318
f 2547/2365/2319 2563/2369/2319 2470/2372/2319 2041/2366/2319
f 2708/2351/2320 2033/2280/2320 2463/2286/2320 2712/2361/2320
f 2633/2353/2321 2643/2357/2321 2458/2360/2321 2083/2354/2321
f 1952/2331/2322 2067/2334/2322 2475/2337/2322 2485/2335/2322
f 1952/2331/2323 2485/2335/2323 2460/2274/2323 2037/2264/2323
f 2783/2277/2324 2057/2266/2324 2473/2272/2324 2792/2287/2324
f 2738/2279/2325 2752/2283/2325 2463/2286/2325 2033/2280/2325
f 1944/2261/2326 2037/2264/2326 2460/2274/2326 2459/2273/2326
f 2824/2265/2327 2832/2269/2327 2473/2272/2327 2057/2266/2327
f 1653/2216/2328 2500/2215/2328 2499/1840/2328 1654/1846/2328
f 1653/2216/2329 1798/2136/2329 2501/2134/2329 2500/2215/2329
f 1641/2172/2330 2502/2174/2330 2509/2119/2330 1796/2117/2330
f 1641/2172/2331 1728/1946/2331 2513/1944/2331 2502/2174/2331
f 1635/2135/2332 2497/2133/2332 2501/2134/2332 1798/2136/2332
f 1635/2131/2333 1794/2121/2333 2522/2120/2333 2497/2132/2333
f 1633/2116/2334 2519/2118/2334 2522/2120/2334 1794/2121/2334
f 1633/2116/2335 1796/2117/2335 2509/2119/2335 2519/2118/2335
f 2653/1947/2336 1720/1938/2336 2503/1936/2336 2674/1948/2336
f 1601/1945/2337 2517/1941/2337 2513/1944/2337 1728/1946/2337
f 2574/1939/2338 1727/1923/2338 2507/1921/2338 2604/1940/2338
f 2541/1937/2339 2564/1935/2339 2503/1936/2339 1720/1938/2339
f 2678/1924/2340 1716/1898/2340 2506/1896/2340 2713/1925/2340
f 2608/1922/2341 2644/1920/2341 2507/1921/2341 1727/1923/2341
f 1596/1908/2342 1725/1909/2342 2511/1910/2342 2512/1907/2342
f 1596/1908/2343 2512/1907/2343 2516/1885/2343 1718/1883/2343
f 2759/1899/2344 1722/1881/2344 2492/1879/2344 2793/1900/2344
f 2732/1897/2345 2753/1895/2345 2506/1896/2345 1716/1898/2345
f 1592/1882/2346 1718/1883/2346 2516/1885/2346 2525/1884/2346
f 2801/1880/2347 2833/1878/2347 2492/1879/2347 1722/1881/2347
f 1587/1843/2348 2515/1839/2348 2491/1836/2348 1705/1834/2348
f 1587/1843/2349 1654/1846/2349 2499/1840/2349 2515/1839/2349
f 1586/1831/2350 2521/1835/2350 2505/1784/2350 1663/1782/2350
f 1586/1831/2351 1705/1834/2351 2491/1836/2351 2521/1835/2351
f 2575/1777/2352 2605/1787/2352 2493/1772/2352 1695/1770/2352
f 2529/1779/2353 1663/1782/2353 2505/1784/2353 2565/1783/2353
f 2691/1765/2354 2714/1775/2354 2498/1689/2354 1655/1687/2354
f 2615/1767/2355 1695/1770/2355 2493/1772/2355 2645/1771/2355
f 1574/1743/2356 2520/1747/2356 2510/1750/2356 1683/1744/2356
f 1574/1743/2357 1659/1667/2357 2495/1681/2357 2520/1747/2357
f 2765/1682/2358 2794/1692/2358 2508/1675/2358 1675/1673/2358
f 2719/1684/2359 1655/1687/2359 2498/1689/2359 2754/1688/2359
f 1566/1666/2360 2494/1678/2360 2495/1681/2360 1659/1667/2360
f 2806/1670/2361 1675/1673/2361 2508/1675/2361 2834/1674/2361
f 1579/2967/2362 2529/1779/2362 2565/1783/2362 2496/2968/2362
f 1600/2969/2363 2514/2970/2363 2564/1935/2363 2541/1937/2363
f 1957/2971/2364 2461/2972/2364 2563/2369/2364 2547/2365/2364
f 1978/2973/2365 2558/2514/2365 2562/2512/2365 2479/2974/2365
f 2027/2975/2366 2219/2976/2366 2556/2386/2366 2551/2848/2366
f 2027/2975/2367 2551/2848/2367 2527/2204/2367 2074/2977/2367
f 1989/2978/2368 2104/2979/2368 2559/2583/2368 2553/2581/2368
f 1989/2978/2369 2553/2581/2369 2550/2577/2369 2146/2980/2369
f 1988/2981/2370 2146/2980/2370 2550/2577/2370 2554/2575/2370
f 1988/2981/2371 2554/2575/2371 2560/2370/2371 2072/2982/2371
f 1978/2973/2372 2076/2983/2372 2555/2398/2372 2558/2514/2372
f 2479/2974/2373 2562/2512/2373 2548/2507/2373 2125/2984/2373
f 1977/2985/2374 2125/2984/2374 2548/2507/2374 2552/2503/2374
f 1977/2985/2375 2552/2503/2375 2559/2506/2375 2104/2986/2375
f 1962/2987/2376 2549/2405/2376 2557/2388/2376 2082/2988/2376
f 1962/2987/2377 2078/2989/2377 2536/1822/2377 2549/2405/2377
f 1960/2990/2378 2561/2387/2378 2555/2398/2378 2076/2983/2378
f 1960/2990/2379 2082/2988/2379 2557/2388/2379 2561/2387/2379
f 1959/2991/2380 2080/2992/2380 2546/2368/2380 2545/2383/2380
f 1959/2991/2381 2545/2383/2381 2556/2386/2381 2219/2976/2381
f 2461/2972/2382 2072/2982/2382 2560/2370/2382 2563/2369/2382
f 1957/2971/2383 2547/2365/2383 2546/2368/2383 2080/2992/2383
f 1649/2993/2384 2533/2203/2384 2539/1798/2384 1825/2994/2384
f 1649/2993/2385 2074/2977/2385 2527/2204/2385 2533/2203/2385
f 1611/2995/2386 2535/2004/2386 2542/2007/2386 1713/2996/2386
f 1611/2995/2387 1755/2997/2387 2532/2001/2387 2535/2004/2387
f 1610/2998/2388 2537/1998/2388 2532/2001/2388 1755/2997/2388
f 1610/2998/2389 1688/2999/2389 2543/1786/2389 2537/1998/2389
f 1600/2969/2390 2541/1937/2390 2538/1811/2390 1690/3000/2390
f 2514/2970/2391 1734/3001/2391 2530/1931/2391 2564/1935/2391
f 1599/3002/2392 2534/1926/2392 2530/1931/2392 1734/3001/2392
f 1599/3002/2393 1713/3003/2393 2542/1927/2393 2534/1926/2393
f 1584/3004/2394 1694/3005/2394 2540/1804/2394 2531/1819/2394
f 1584/3004/2395 2531/1819/2395 2536/1822/2395 2078/2989/2395
f 1582/3006/2396 1690/3000/2396 2538/1811/2396 2544/1801/2396
f 1582/3006/2397 2544/1801/2397 2540/1804/2397 1694/3005/2397
f 1581/3007/2398 2526/1797/2398 2528/1780/2398 1692/3008/2398
f 1581/3007/2399 1825/2994/2399 2539/1798/2399 2526/1797/2399
f 2496/2968/2400 2565/1783/2400 2543/1786/2400 1688/2999/2400
f 1579/2967/2401 1692/3008/2401 2528/1780/2401 2529/1779/2401
f 1579/2967/2402 2496/2968/2402 2605/1787/2402 2575/1777/2402
f 1600/2969/2403 2574/1939/2403 2604/1940/2403 2514/2970/2403
f 1957/2971/2404 2593/2363/2404 2603/2373/2404 2461/2972/2404
f 1978/2973/2405 2479/2974/2405 2602/2517/2405 2592/2516/2405
f 2027/2975/2406 2599/2847/2406 2600/2382/2406 2219/2976/2406
f 2027/2975/2407 2074/2977/2407 2581/2202/2407 2599/2847/2407
f 1989/2978/2408 2146/2980/2408 2597/2580/2408 2588/2585/2408
f 1989/2978/2409 2588/2585/2409 2596/2586/2409 2104/2979/2409
f 1988/2981/2410 2072/2982/2410 2589/2374/2410 2585/2579/2410
f 1988/2981/2411 2585/2579/2411 2597/2580/2411 2146/2980/2411
f 2479/2974/2412 2125/2984/2412 2595/2510/2412 2602/2517/2412
f 1978/2973/2413 2592/2516/2413 2601/2395/2413 2076/2983/2413
f 1977/2985/2414 2104/2986/2414 2596/2511/2414 2587/2509/2414
f 1977/2985/2415 2587/2509/2415 2595/2510/2415 2125/2984/2415
f 1962/2987/2416 2082/2988/2416 2594/2394/2416 2586/2407/2416
f 1962/2987/2417 2586/2407/2417 2572/1824/2417 2078/2989/2417
f 1960/2990/2418 2076/2983/2418 2601/2395/2418 2590/2391/2418
f 1960/2990/2419 2590/2391/2419 2594/2394/2419 2082/2988/2419
f 1959/2991/2420 2598/2381/2420 2591/2364/2420 2080/2992/2420
f 1959/2991/2421 2219/2976/2421 2600/2382/2421 2598/2381/2421
f 2461/2972/2422 2603/2373/2422 2589/2374/2422 2072/2982/2422
f 1957/2971/2423 2080/2992/2423 2591/2364/2423 2593/2363/2423
f 1649/2993/2424 1825/2994/2424 2583/1796/2424 2582/2201/2424
f 1649/2993/2425 2582/2201/2425 2581/2202/2425 2074/2977/2425
f 1611/2995/2426 2569/2008/2426 2579/2003/2426 1755/2997/2426
f 1611/2995/2427 1713/2996/2427 2578/2009/2427 2569/2008/2427
f 1610/2998/2428 2566/2002/2428 2570/1788/2428 1688/2999/2428
f 1610/2998/2429 1755/2997/2429 2579/2003/2429 2566/2002/2429
f 2514/2970/2430 2604/1940/2430 2577/1933/2430 1734/3001/2430
f 1600/2969/2431 1690/3000/2431 2584/1810/2431 2574/1939/2431
f 1599/3002/2432 2568/1932/2432 2578/1934/2432 1713/3003/2432
f 1599/3002/2433 1734/3001/2433 2577/1933/2433 2568/1932/2433
f 1584/3004/2434 2567/1823/2434 2576/1806/2434 1694/3005/2434
f 1584/3004/2435 2078/2989/2435 2572/1824/2435 2567/1823/2435
f 1582/3006/2436 2571/1805/2436 2584/1810/2436 1690/3000/2436
f 1582/3006/2437 1694/3005/2437 2576/1806/2437 2571/1805/2437
f 1581/3007/2438 1692/3008/2438 2573/1778/2438 2580/1795/2438
f 1581/3007/2439 2580/1795/2439 2583/1796/2439 1825/2994/2439
f 2496/2968/2440 1688/2999/2440 2570/1788/2440 2605/1787/2440
f 1579/2967/2441 2575/1777/2441 2573/1778/2441 1692/3008/2441
f 1578/3009/2442 2615/1767/2442 2645/1771/2442 2524/3010/2442
f 1598/3011/2443 2504/3012/2443 2644/1920/2443 2608/1922/2443
f 1956/3013/2444 2489/3014/2444 2643/2357/2444 2633/2353/2444
f 1976/3015/2445 2626/2499/2445 2642/2497/2445 2469/3016/2445
f 2026/3017/2446 2223/3018/2446 2627/2380/2446 2639/2845/2446
f 2026/3017/2447 2639/2845/2447 2618/2198/2447 2073/3019/2447
f 1987/3020/2448 2103/3021/2448 2635/2571/2448 2640/2569/2448
f 1987/3020/2449 2640/2569/2449 2632/2565/2449 2145/3022/2449
f 1986/3023/2450 2145/3022/2450 2632/2565/2450 2636/2563/2450
f 1986/3023/2451 2636/2563/2451 2628/2358/2451 2071/3024/2451
f 1976/3015/2452 2075/3025/2452 2638/2404/2452 2626/2499/2452
f 2469/3016/2453 2642/2497/2453 2630/2492/2453 2124/3026/2453
f 1975/3027/2454 2124/3026/2454 2630/2492/2454 2637/2488/2454
f 1975/3027/2455 2637/2488/2455 2635/2491/2455 2103/3028/2455
f 1963/3029/2456 2625/2409/2456 2634/2400/2456 2081/3030/2456
f 1963/3029/2457 2077/3031/2457 2606/1828/2457 2625/2409/2457
f 1961/3032/2458 2629/2399/2458 2638/2404/2458 2075/3025/2458
f 1961/3032/2459 2081/3030/2459 2634/2400/2459 2629/2399/2459
f 1958/3033/2460 2079/3034/2460 2631/2356/2460 2641/2377/2460
f 1958/3033/2461 2641/2377/2461 2627/2380/2461 2223/3018/2461
f 2489/3014/2462 2071/3024/2462 2628/2358/2462 2643/2357/2462
f 1956/3013/2463 2633/2353/2463 2631/2356/2463 2079/3034/2463
f 1648/3035/2464 2622/2197/2464 2609/1792/2464 1829/3036/2464
f 1648/3035/2465 2073/3019/2465 2618/2198/2465 2622/2197/2465
f 1609/3037/2466 2623/1992/2466 2617/1995/2466 1712/3038/2466
f 1609/3037/2467 1754/3039/2467 2614/1989/2467 2623/1992/2467
f 1608/3040/2468 2619/1986/2468 2614/1989/2468 1754/3039/2468
f 1608/3040/2469 1687/3041/2469 2610/1774/2469 2619/1986/2469
f 1598/3011/2470 2608/1922/2470 2621/1818/2470 1689/3042/2470
f 2504/3012/2471 1733/3043/2471 2612/1916/2471 2644/1920/2471
f 1597/3044/2472 2620/1911/2472 2612/1916/2472 1733/3043/2472
f 1597/3044/2473 1712/3045/2473 2617/1912/2473 2620/1911/2473
f 1585/3046/2474 1693/3047/2474 2616/1814/2474 2607/1827/2474
f 1585/3046/2475 2607/1827/2475 2606/1828/2475 2077/3031/2475
f 1583/3048/2476 1689/3042/2476 2621/1818/2476 2611/1813/2476
f 1583/3048/2477 2611/1813/2477 2616/1814/2477 1693/3047/2477
f 1580/3049/2478 2624/1791/2478 2613/1768/2478 1691/3050/2478
f 1580/3049/2479 1829/3036/2479 2609/1792/2479 2624/1791/2479
f 2524/3010/2480 2645/1771/2480 2610/1774/2480 1687/3041/2480
f 1578/3009/2481 1691/3050/2481 2613/1768/2481 2615/1767/2481
f 1601/1945/2482 2653/1947/2482 2674/1948/2482 2517/1941/2482
f 1979/2522/2483 2482/2518/2483 2673/2525/2483 2665/2524/2483
f 2003/2680/2484 2658/2679/2484 2672/2959/2484 2439/2960/2484
f 1994/2879/2485 2429/2642/2485 2671/2638/2485 2666/2881/2485
f 1616/2239/2486 2654/2241/2486 2670/2053/2486 2409/2057/2486
f 1625/2770/2487 2379/2938/2487 2669/2936/2487 2648/2715/2487
f 1994/2879/2488 2666/2881/2488 2668/2884/2488 2347/2880/2488
f 1625/2770/2489 2648/2715/2489 2659/2718/2489 2314/2771/2489
f 2859/2707/2490 2876/2709/2490 2663/2639/2490 2160/2643/2490
f 2176/2765/2491 2658/2679/2491 2664/2682/2491 1784/2766/2491
f 2429/2642/2492 2160/2643/2492 2663/2639/2492 2671/2638/2492
f 2347/2635/2493 2668/2636/2493 2660/2526/2493 2126/2521/2493
f 2482/2518/2494 2126/2521/2494 2660/2526/2494 2673/2525/2494
f 1979/2522/2495 2665/2524/2495 2661/2437/2495 2091/2439/2495
f 1968/2440/2496 2095/2432/2496 2662/2436/2496 2657/2442/2496
f 1968/2440/2497 2657/2442/2497 2646/1865/2497 2092/1863/2497
f 1967/2431/2498 2091/2439/2498 2661/2437/2498 2667/2435/2498
f 1967/2431/2499 2667/2435/2499 2662/2436/2499 2095/2432/2499
f 1616/2239/2500 1935/2240/2500 2656/2242/2500 2654/2241/2500
f 2838/2092/2501 1769/2058/2501 2652/2056/2501 2855/2094/2501
f 2409/2057/2502 2670/2053/2502 2652/2056/2502 1769/2058/2502
f 1935/2050/2503 1735/1942/2503 2649/1949/2503 2656/2051/2503
f 2517/1941/2504 2674/1948/2504 2649/1949/2504 1735/1942/2504
f 1601/1945/2505 1701/1858/2505 2650/1857/2505 2653/1947/2505
f 1590/1860/2506 2647/1864/2506 2651/1856/2506 1704/1854/2506
f 1590/1860/2507 2092/1863/2507 2646/1865/2507 2647/1864/2507
f 1589/1851/2508 2655/1855/2508 2650/1857/2508 1701/1858/2508
f 1589/1851/2509 1704/1854/2509 2651/1856/2509 2655/1855/2509
f 1578/3009/2510 2524/3010/2510 2714/1775/2510 2691/1765/2510
f 1598/3011/2511 2678/1924/2511 2713/1925/2511 2504/3012/2511
f 1956/3013/2512 2708/2351/2512 2712/2361/2512 2489/3014/2512
f 1976/3015/2513 2469/3016/2513 2711/2502/2513 2697/2501/2513
f 2026/3017/2514 2703/2844/2514 2699/2376/2514 2223/3018/2514
f 2026/3017/2515 2073/3019/2515 2682/2196/2515 2703/2844/2515
f 1987/3020/2516 2145/3022/2516 2694/2568/2516 2701/2573/2516
f 1987/3020/2517 2701/2573/2517 2704/2574/2517 2103/3021/2517
f 1986/3023/2518 2071/3024/2518 2707/2362/2518 2705/2567/2518
f 1986/3023/2519 2705/2567/2519 2694/2568/2519 2145/3022/2519
f 2469/3016/2520 2124/3026/2520 2710/2495/2520 2711/2502/2520
f 1976/3015/2521 2697/2501/2521 2695/2403/2521 2075/3025/2521
f 1975/3027/2522 2103/3028/2522 2704/2496/2522 2698/2494/2522
f 1975/3027/2523 2698/2494/2523 2710/2495/2523 2124/3026/2523
f 1963/3029/2524 2081/3030/2524 2696/2402/2524 2709/2410/2524
f 1963/3029/2525 2709/2410/2525 2686/1830/2525 2077/3031/2525
f 1961/3032/2526 2075/3025/2526 2695/2403/2526 2700/2401/2526
f 1961/3032/2527 2700/2401/2527 2696/2402/2527 2081/3030/2527
f 1958/3033/2528 2706/2375/2528 2702/2352/2528 2079/3034/2528
f 1958/3033/2529 2223/3018/2529 2699/2376/2529 2706/2375/2529
f 2489/3014/2530 2712/2361/2530 2707/2362/2530 2071/3024/2530
f 1956/3013/2531 2079/3034/2531 2702/2352/2531 2708/2351/2531
f 1648/3035/2532 1829/3036/2532 2680/1790/2532 2685/2195/2532
f 1648/3035/2533 2685/2195/2533 2682/2196/2533 2073/3019/2533
f 1609/3037/2534 2683/1996/2534 2675/1991/2534 1754/3039/2534
f 1609/3037/2535 1712/3038/2535 2687/1997/2535 2683/1996/2535
f 1608/3040/2536 2688/1990/2536 2690/1776/2536 1687/3041/2536
f 1608/3040/2537 1754/3039/2537 2675/1991/2537 2688/1990/2537
f 2504/3012/2538 2713/1925/2538 2693/1918/2538 1733/3043/2538
f 1598/3011/2539 1689/3042/2539 2676/1817/2539 2678/1924/2539
f 1597/3044/2540 2679/1917/2540 2687/1919/2540 1712/3045/2540
f 1597/3044/2541 1733/3043/2541 2693/1918/2541 2679/1917/2541
f 1585/3046/2542 2692/1829/2542 2677/1816/2542 1693/3047/2542
f 1585/3046/2543 2077/3031/2543 2686/1830/2543 2692/1829/2543
f 1583/3048/2544 2681/1815/2544 2676/1817/2544 1689/3042/2544
f 1583/3048/2545 1693/3047/2545 2677/1816/2545 2681/1815/2545
f 1580/3049/2546 1691/3050/2546 2684/1766/2546 2689/1789/2546
f 1580/3049/2547 2689/1789/2547 2680/1790/2547 1829/3036/2547
f 2524/3010/2548 1687/3041/2548 2690/1776/2548 2714/1775/2548
f 1578/3009/2549 2691/1765/2549 2684/1766/2549 1691/3050/2549
f 1567/3051/2550 2719/1684/2550 2754/1688/2550 2523/3052/2550
f 1594/3053/2551 2518/3054/2551 2753/1895/2551 2732/1897/2551
f 1945/3055/2552 2488/3056/2552 2752/2283/2552 2738/2279/2552
f 1972/3057/2553 2749/2474/2553 2751/2472/2553 2483/3058/2553
f 2024/3059/2554 2220/3060/2554 2747/2302/2554 2742/2840/2554
f 2024/3059/2555 2742/2840/2555 2726/2188/2555 2047/3061/2555
f 1983/3062/2556 2101/3063/2556 2740/2551/2556 2736/2549/2556
f 1983/3062/2557 2736/2549/2557 2748/2545/2557 2143/3064/2557
f 1982/3065/2558 2143/3064/2558 2748/2545/2558 2737/2543/2558
f 1982/3065/2559 2737/2543/2559 2745/2284/2559 2045/3066/2559
f 1972/3057/2560 2049/3067/2560 2741/2314/2560 2749/2474/2560
f 2483/3058/2561 2751/2472/2561 2746/2467/2561 2122/3068/2561
f 1971/3069/2562 2122/3068/2562 2746/2467/2562 2734/2463/2562
f 1971/3069/2563 2734/2463/2563 2740/2466/2563 2101/3070/2563
f 1950/3071/2564 2739/2324/2564 2744/2304/2564 2055/3072/2564
f 1950/3071/2565 2051/3073/2565 2727/1732/2565 2739/2324/2565
f 1948/3074/2566 2750/2303/2566 2741/2314/2566 2049/3067/2566
f 1948/3074/2567 2055/3072/2567 2744/2304/2567 2750/2303/2567
f 1947/3075/2568 2053/3076/2568 2743/2282/2568 2735/2299/2568
f 1947/3075/2569 2735/2299/2569 2747/2302/2569 2220/3060/2569
f 2488/3056/2570 2045/3066/2570 2745/2284/2570 2752/2283/2570
f 1945/3055/2571 2738/2279/2571 2743/2282/2571 2053/3076/2571
f 1646/3077/2572 2723/2187/2572 2730/1705/2572 1826/3078/2572
f 1646/3077/2573 2047/3061/2573 2726/2188/2573 2723/2187/2573
f 1605/3079/2574 2717/1972/2574 2721/1975/2574 1710/3080/2574
f 1605/3079/2575 1752/3081/2575 2731/1969/2575 2717/1972/2575
f 1604/3082/2576 2718/1966/2576 2731/1969/2576 1752/3081/2576
f 1604/3082/2577 1667/3083/2577 2728/1691/2577 2718/1966/2577
f 1594/3053/2578 2732/1897/2578 2722/1718/2578 1669/3084/2578
f 2518/3054/2579 1731/3085/2579 2729/1891/2579 2753/1895/2579
f 1593/3086/2580 2715/1886/2580 2729/1891/2580 1731/3085/2580
f 1593/3086/2581 1710/3087/2581 2721/1887/2581 2715/1886/2581
f 1572/3088/2582 1673/3089/2582 2725/1711/2582 2720/1729/2582
f 1572/3088/2583 2720/1729/2583 2727/1732/2583 2051/3073/2583
f 1570/3090/2584 1669/3084/2584 2722/1718/2584 2733/1708/2584
f 1570/3090/2585 2733/1708/2585 2725/1711/2585 1673/3089/2585
f 1569/3091/2586 2716/1704/2586 2724/1685/2586 1671/3092/2586
f 1569/3091/2587 1826/3078/2587 2730/1705/2587 2716/1704/2587
f 2523/3052/2588 2754/1688/2588 2728/1691/2588 1667/3083/2588
f 1567/3051/2589 1671/3092/2589 2724/1685/2589 2719/1684/2589
f 1567/3051/2590 2523/3052/2590 2794/1692/2590 2765/1682/2590
f 1594/3053/2591 2759/1899/2591 2793/1900/2591 2518/3054/2591
f 1945/3055/2592 2783/2277/2592 2792/2287/2592 2488/3056/2592
f 1972/3057/2593 2483/3058/2593 2791/2477/2593 2778/2476/2593
f 2024/3059/2594 2787/2839/2594 2774/2298/2594 2220/3060/2594
f 2024/3059/2595 2047/3061/2595 2764/2186/2595 2787/2839/2595
f 1983/3062/2596 2143/3064/2596 2785/2548/2596 2786/2553/2596
f 1983/3062/2597 2786/2553/2597 2777/2554/2597 2101/3063/2597
f 1982/3065/2598 2045/3066/2598 2789/2288/2598 2782/2547/2598
f 1982/3065/2599 2782/2547/2599 2785/2548/2599 2143/3064/2599
f 2483/3058/2600 2122/3068/2600 2790/2470/2600 2791/2477/2600
f 1972/3057/2601 2778/2476/2601 2781/2311/2601 2049/3067/2601
f 1971/3069/2602 2101/3070/2602 2777/2471/2602 2780/2469/2602
f 1971/3069/2603 2780/2469/2603 2790/2470/2603 2122/3068/2603
f 1950/3071/2604 2055/3072/2604 2776/2310/2604 2775/2326/2604
f 1950/3071/2605 2775/2326/2605 2770/1734/2605 2051/3073/2605
f 1948/3074/2606 2049/3067/2606 2781/2311/2606 2779/2307/2606
f 1948/3074/2607 2779/2307/2607 2776/2310/2607 2055/3072/2607
f 1947/3075/2608 2784/2297/2608 2788/2278/2608 2053/3076/2608
f 1947/3075/2609 2220/3060/2609 2774/2298/2609 2784/2297/2609
f 2488/3056/2610 2792/2287/2610 2789/2288/2610 2045/3066/2610
f 1945/3055/2611 2053/3076/2611 2788/2278/2611 2783/2277/2611
f 1646/3077/2612 1826/3078/2612 2755/1703/2612 2769/2185/2612
f 1646/3077/2613 2769/2185/2613 2764/2186/2613 2047/3061/2613
f 1605/3079/2614 2768/1976/2614 2767/1971/2614 1752/3081/2614
f 1605/3079/2615 1710/3080/2615 2758/1977/2615 2768/1976/2615
f 1604/3082/2616 2763/1970/2616 2772/1693/2616 1667/3083/2616
f 1604/3082/2617 1752/3081/2617 2767/1971/2617 2763/1970/2617
f 2518/3054/2618 2793/1900/2618 2773/1893/2618 1731/3085/2618
f 1594/3053/2619 1669/3084/2619 2762/1717/2619 2759/1899/2619
f 1593/3086/2620 2761/1892/2620 2758/1894/2620 1710/3087/2620
f 1593/3086/2621 1731/3085/2621 2773/1893/2621 2761/1892/2621
f 1572/3088/2622 2756/1733/2622 2757/1713/2622 1673/3089/2622
f 1572/3088/2623 2051/3073/2623 2770/1734/2623 2756/1733/2623
f 1570/3090/2624 2760/1712/2624 2762/1717/2624 1669/3084/2624
f 1570/3090/2625 1673/3089/2625 2757/1713/2625 2760/1712/2625
f 1569/3091/2626 1671/3092/2626 2771/1683/2626 2766/1702/2626
f 1569/3091/2627 2766/1702/2627 2755/1703/2627 1826/3078/2627
f 2523/3052/2628 1667/3083/2628 2772/1693/2628 2794/1692/2628
f 1567/3051/2629 2765/1682/2629 2771/1683/2629 1671/3092/2629
f 1566/1666/2630 2806/1670/2630 2834/1674/2630 2494/1678/2630
f 1592/1882/2631 2525/1884/2631 2833/1878/2631 2801/1880/2631
f 1944/2261/2632 2459/2273/2632 2832/2269/2632 2824/2265/2632
f 1970/2459/2633 2820/2457/2633 2831/2455/2633 2490/2461/2633
f 2014/2802/2634 2222/2290/2634 2816/2296/2634 2827/2804/2634
f 2014/2802/2635 2827/2804/2635 2803/2142/2635 2048/2140/2635
f 1981/2539/2636 2100/2542/2636 2814/2537/2636 2828/2535/2636
f 1981/2539/2637 2828/2535/2637 2826/2529/2637 2142/2534/2637
f 1980/2531/2638 2142/2534/2638 2826/2529/2638 2825/2527/2638
f 1980/2531/2639 2825/2527/2639 2822/2270/2639 2046/2276/2639
f 1970/2459/2640 2050/2321/2640 2818/2323/2640 2820/2457/2640
f 2490/2461/2641 2831/2455/2641 2815/2447/2641 2121/2452/2641
f 1969/2449/2642 2121/2452/2642 2815/2447/2642 2823/2443/2642
f 1969/2449/2643 2823/2443/2643 2814/2446/2643 2100/2453/2643
f 1951/2329/2644 2830/2328/2644 2817/2316/2644 2056/2320/2644
f 1951/2329/2645 2052/1740/2645 2809/1738/2645 2830/2328/2645
f 1949/2317/2646 2819/2315/2646 2818/2323/2646 2050/2321/2646
f 1949/2317/2647 2056/2320/2647 2817/2316/2647 2819/2315/2647
f 1946/2289/2648 2054/2262/2648 2829/2268/2648 2821/2293/2648
f 1946/2289/2649 2821/2293/2649 2816/2296/2649 2222/2290/2649
f 2459/2273/2650 2046/2276/2650 2822/2270/2650 2832/2269/2650
f 1944/2261/2651 2824/2265/2651 2829/2268/2651 2054/2262/2651
f 1636/2137/2652 2810/2141/2652 2797/1699/2652 1828/1697/2652
f 1636/2137/2653 2048/2140/2653 2803/2142/2653 2810/2141/2653
f 1603/1962/2654 2811/1958/2654 2795/1961/2654 1709/1963/2654
f 1603/1962/2655 1751/1955/2655 2808/1953/2655 2811/1958/2655
f 1602/1954/2656 2807/1950/2656 2808/1953/2656 1751/1955/2656
f 1602/1954/2657 1668/1679/2657 2804/1677/2657 2807/1950/2657
f 1592/1882/2658 2801/1880/2658 2799/1728/2658 1670/1727/2658
f 2525/1884/2659 1730/1873/2659 2796/1871/2659 2833/1878/2659
f 1591/1872/2660 2805/1866/2660 2796/1871/2660 1730/1873/2660
f 1591/1872/2661 1709/1877/2661 2795/1867/2661 2805/1866/2661
f 1573/1739/2662 1674/1723/2662 2798/1721/2662 2813/1737/2662
f 1573/1739/2663 2813/1737/2663 2809/1738/2663 2052/1740/2663
f 1571/1722/2664 1670/1727/2664 2799/1728/2664 2800/1720/2664
f 1571/1722/2665 2800/1720/2665 2798/1721/2665 1674/1723/2665
f 1568/1694/2666 2802/1698/2666 2812/1671/2666 1672/1669/2666
f 1568/1694/2667 1828/1697/2667 2797/1699/2667 2802/1698/2667
f 2494/1678/2668 2834/1674/2668 2804/1677/2668 1668/1679/2668
f 1566/1666/2669 1672/1669/2669 2812/1671/2669 2806/1670/2669
f 2379/2938/2670 2838/2092/2670 2855/2094/2670 2669/2936/2670
f 2377/2923/2671 2836/2106/2671 2853/2097/2671 2394/2924/2671
f 2377/2923/2672 2378/2925/2672 2837/2083/2672 2836/2106/2672
f 2391/2926/2673 2850/2105/2673 2841/2085/2673 2382/2927/2673
f 2391/2926/2674 2390/2928/2674 2849/2104/2674 2850/2105/2674
f 2381/2929/2675 2840/2102/2675 2849/2104/2675 2390/2928/2675
f 2381/2929/2676 2387/2930/2676 2846/2103/2676 2840/2102/2676
f 2388/2931/2677 2847/2096/2677 2835/2087/2677 2376/2932/2677
f 2388/2931/2678 2394/2924/2678 2853/2097/2678 2847/2096/2678
f 2380/2933/2679 2839/2095/2679 2852/2093/2679 2393/2934/2679
f 2380/2933/2680 2383/2935/2680 2842/2088/2680 2839/2095/2680
f 2669/2936/2681 2855/2094/2681 2845/2090/2681 2386/2937/2681
f 2379/2938/2682 2393/2934/2682 2852/2093/2682 2838/2092/2682
f 2389/2939/2683 2848/2089/2683 2846/2091/2683 2387/2940/2683
f 2389/2939/2684 2386/2937/2684 2845/2090/2684 2848/2089/2684
f 2385/2941/2685 2844/2086/2685 2842/2088/2685 2383/2935/2685
f 2385/2941/2686 2376/2932/2686 2835/2087/2686 2844/2086/2686
f 2392/2942/2687 2851/2084/2687 2843/2082/2687 2384/2943/2687
f 2392/2942/2688 2382/2927/2688 2841/2085/2688 2851/2084/2688
f 2395/2944/2689 2854/2081/2689 2837/2083/2689 2378/2925/2689
f 2395/2944/2690 2384/2943/2690 2843/2082/2690 2854/2081/2690
f 2439/2960/2691 2672/2959/2691 2876/2709/2691 2859/2707/2691
f 2437/2946/2692 2454/2945/2692 2874/2720/2692 2857/2769/2692
f 2437/2946/2693 2857/2769/2693 2858/2668/2693 2438/2947/2693
f 2451/2949/2694 2442/2948/2694 2862/2678/2694 2871/2742/2694
f 2451/2949/2695 2871/2742/2695 2870/2735/2695 2450/2950/2695
f 2441/2951/2696 2450/2950/2696 2870/2735/2696 2861/2733/2696
f 2441/2951/2697 2861/2733/2697 2867/2734/2697 2447/2952/2697
f 2448/2954/2698 2436/2953/2698 2856/2688/2698 2868/2719/2698
f 2448/2954/2699 2868/2719/2699 2874/2720/2699 2454/2945/2699
f 2440/2956/2700 2453/2955/2700 2873/2708/2700 2860/2712/2700
f 2440/2956/2701 2860/2712/2701 2863/2689/2701 2443/2957/2701
f 2672/2959/2702 2446/2958/2702 2866/2697/2702 2876/2709/2702
f 2439/2960/2703 2859/2707/2703 2873/2708/2703 2453/2955/2703
f 2449/2962/2704 2447/2961/2704 2867/2698/2704 2869/2696/2704
f 2449/2962/2705 2869/2696/2705 2866/2697/2705 2446/2958/2705
f 2445/2963/2706 2443/2957/2706 2863/2689/2706 2865/2687/2706
f 2445/2963/2707 2865/2687/2707 2856/2688/2707 2436/2953/2707
f 2452/2965/2708 2444/2964/2708 2864/2667/2708 2872/2677/2708
f 2452/2965/2709 2872/2677/2709 2862/2678/2709 2442/2948/2709
f 2455/2966/2710 2438/2947/2710 2858/2668/2710 2875/2666/2710
f 2455/2966/2711 2875/2666/2711 2864/2667/2711 2444/2964/2711
