# Blender 5.0.1
# www.blender.org
mtllib blouse_skirt.mtl
o female_blouseskirt.001
v 0.860253 9.038864 1.445256
v 0.853385 9.333664 -0.389914
v 1.304552 9.114164 1.077831
v 1.529075 9.198364 0.448781
v 0.894694 8.900464 1.420531
v 1.556648 9.109164 0.401631
v 1.340912 9.003864 1.050001
v 0.878938 9.260864 -0.457764
v 0.294754 9.293464 -0.471564
v 0.320913 9.213864 -0.553099
v 1.502411 9.243364 0.472011
v 0.826721 9.111964 1.453651
v 0.488674 8.847164 1.554851
v 1.466253 9.251064 0.098146
v 0.845507 9.366564 -0.348859
v 0.533619 9.321864 -0.447529
v 0.136386 9.194064 -0.560229
v 1.478272 9.053564 0.748126
v 0.903986 9.140564 -0.550339
v 1.373939 8.861564 1.030221
v 1.126186 9.075464 1.277931
v 0.118105 9.272564 -0.483524
v 1.280716 9.173965 1.087376
v 0.473120 8.998964 1.576701
v 1.444437 9.157564 0.786766
v 1.204764 9.300864 -0.220404
v 1.225570 9.228364 -0.273304
v 1.168202 8.952864 1.251596
v 0.561798 9.245464 -0.527569
v 1.582908 8.981664 0.363566
v 0.925600 8.737464 1.406616
v 1.484938 9.166864 0.049041
v 0.288391 9.338664 -0.432234
v 0.349193 9.105865 -0.660854
v 0.462818 9.085964 1.577391
v 1.094775 9.141464 1.286556
v 1.428782 9.290964 0.123101
v 1.185574 9.337364 -0.180729
v 0.529074 9.361864 -0.407854
v 1.421813 9.210564 0.804476
v 0.496148 8.679264 1.526331
v 1.209006 8.801464 1.238141
v 1.502916 8.917164 0.722366
v 1.497563 9.045264 -0.005469
v 0.591088 9.130964 -0.634979
v 1.244154 9.107364 -0.340464
v 0.114166 9.318064 -0.446149
v 0.155778 9.090164 -0.664534
v 0.920954 8.901664 -0.693859
v 1.416359 8.615864 1.041721
v 1.608764 8.733564 0.346316
v 0.954587 8.495964 1.397876
v 0.366262 8.890364 -0.809089
v 0.501804 8.436764 1.497696
v 1.250113 8.556264 1.245271
v 1.536852 8.665364 0.736396
v 1.525742 8.801364 -0.063314
v 0.606844 8.901564 -0.788849
v 1.269404 8.865664 -0.447874
v 0.169312 8.883664 -0.809664
v 0.977009 8.571464 -0.858769
v 1.499785 8.295364 1.056211
v 1.682292 8.408564 0.351951
v 0.999936 8.172964 1.394196
v 0.409793 8.573964 -0.973194
v 0.526751 8.128264 1.482056
v 1.318187 8.238664 1.246996
v 1.632802 8.355664 0.766066
v 1.604724 8.487164 -0.116789
v 0.659162 8.572764 -0.961694
v 1.332933 8.537764 -0.567589
v 0.199410 8.572164 -0.972619
v 1.055183 8.138464 -0.955714
v 1.616541 7.946264 1.071046
v 1.783299 8.031071 0.382410
v 1.069626 7.804964 1.408226
v 0.454435 8.133864 -1.092679
v 0.558869 7.766064 1.498271
v 1.413531 7.875763 1.263326
v 1.747942 8.001264 0.773771
v 1.736738 8.099171 -0.114965
v 0.721984 8.130964 -1.070599
v 1.430095 8.138865 -0.636819
v 0.222135 8.136364 -1.094519
v 1.090129 7.700863 -0.864864
v 1.713703 7.566664 1.092896
v 1.850962 7.648464 0.374951
v 1.141740 7.417264 1.495856
v 0.460798 7.703763 -1.055994
v 0.571595 7.376964 1.574171
v 1.518571 7.494463 1.322206
v 1.842377 7.622464 0.774001
v 1.780060 7.690763 -0.101609
v 0.742184 7.696764 -0.994584
v 1.483827 7.706163 -0.570234
v 0.213146 7.705863 -1.077154
v 1.081645 7.323763 -0.680519
v 1.776020 7.207464 1.134871
v 1.932671 7.292563 0.419111
v 1.183655 7.063764 1.556576
v 0.443123 7.306464 -0.913969
v 0.575332 7.024564 1.627876
v 1.579575 7.134364 1.376141
v 1.887625 7.263363 0.802866
v 1.810461 7.317364 -0.013519
v 0.730064 7.311064 -0.822199
v 1.492311 7.324664 -0.427749
v 0.195976 7.299064 -0.965719
v 1.061041 6.934763 -0.551834
v 1.797634 6.833764 1.152236
v 1.954790 6.910163 0.432336
v 1.189614 6.717564 1.589121
v 0.399289 6.902264 -0.831054
v 0.579372 6.684464 1.636501
v 1.598765 6.773664 1.399831
v 1.911158 6.884264 0.809076
v 1.823187 6.928864 0.045706
v 0.687543 6.915364 -0.713409
v 1.489584 6.931263 -0.309414
v 0.170928 6.889463 -0.899594
v 1.070131 6.515064 -0.559424
v 1.813592 6.462264 1.162011
v 1.981454 6.504164 0.435901
v 1.184160 6.373164 1.592111
v 0.394239 6.501964 -0.857619
v 0.596037 6.344463 1.631441
v 1.595331 6.416163 1.410641
v 1.942973 6.490864 0.823911
v 1.848841 6.504263 0.061001
v 0.677544 6.512964 -0.745494
v 1.513319 6.508664 -0.290094
v 0.036194 6.495764 -0.953989
v 0.173453 6.493664 -0.911669
v 1.070232 6.089364 -0.596684
v 1.815410 6.076764 1.160401
v 1.985191 6.092264 0.439466
v 1.181433 6.005764 1.566811
v 0.419792 6.087764 -0.909369
v 0.620277 5.979064 1.622126
v 1.587958 6.040763 1.398106
v 1.954891 6.090464 0.823451
v 1.849548 6.083464 0.057436
v 0.692189 6.096263 -0.795404
v 1.507562 6.077564 -0.309644
v 0.072655 6.082563 -0.979404
v 0.207086 6.081664 -0.959509
v 1.074070 5.670164 -0.628769
v 1.824096 5.670363 1.150856
v 1.976000 5.688963 0.441191
v 1.208097 5.606463 1.539671
v 0.453930 5.667563 -0.930068
v 0.657041 5.584564 1.615111
v 1.594826 5.638564 1.380051
v 1.955295 5.688263 0.820001
v 1.824096 5.676564 0.048811
v 0.712187 5.677464 -0.825073
v 1.487160 5.661464 -0.338049
v 0.108207 5.661563 -0.993089
v 0.249708 5.657363 -0.976068
v 1.100431 5.330364 -0.642109
v 1.831671 5.321864 1.119691
v 1.976606 5.339064 0.424056
v 1.234155 5.257564 1.507931
v 0.494936 5.306064 -0.929839
v 0.677443 5.240963 1.595216
v 1.610885 5.290664 1.346931
v 1.963274 5.336763 0.794356
v 1.814703 5.336763 0.031561
v 0.762182 5.321164 -0.828294
v 1.490291 5.323864 -0.358289
v 0.124367 5.313364 -0.995618
v 0.281624 5.295264 -0.978024
v 1.114470 5.236864 -0.621409
v 1.821975 5.225964 1.092206
v 1.952972 5.246163 0.418536
v 1.225368 5.162864 1.475156
v 0.510086 5.208263 -0.906724
v 0.687846 5.145964 1.567271
v 1.601492 5.195564 1.316916
v 1.945902 5.241864 0.778946
v 1.795210 5.243964 0.034551
v 0.778948 5.226764 -0.803454
v 1.488170 5.231164 -0.341844
v 0.125478 5.201164 -0.981818
v 0.295259 5.195464 -0.959509
v -0.853717 9.038864 1.445256
v -0.846849 9.333664 -0.389914
v -1.298016 9.114164 1.077831
v -1.522539 9.198364 0.448781
v -0.888158 8.900464 1.420531
v -1.550112 9.109164 0.401631
v -1.334376 9.003864 1.050001
v -0.872402 9.260864 -0.457764
v -0.288218 9.293464 -0.471564
v -0.314377 9.213864 -0.553099
v -1.495875 9.243364 0.472011
v -0.820185 9.111964 1.453651
v -0.482138 8.847164 1.554851
v -1.459717 9.251064 0.098146
v -0.838971 9.366564 -0.348859
v -0.527083 9.321864 -0.447529
v 0.003268 8.977064 1.617641
v -0.129850 9.194064 -0.560229
v -1.471736 9.053564 0.748126
v -0.897450 9.140564 -0.550339
v -1.367403 8.861564 1.030221
v -1.119650 9.075464 1.277931
v -0.111569 9.272564 -0.483524
v 0.003268 9.259964 -0.491344
v -1.274180 9.173965 1.087376
v -0.466584 8.998964 1.576701
v -1.437901 9.157564 0.786766
v -1.198228 9.300864 -0.220404
v 0.003268 9.184164 -0.565864
v -1.219034 9.228364 -0.273304
v -1.161666 8.952864 1.251596
v -0.555262 9.245464 -0.527569
v -1.576372 8.981664 0.363566
v -0.919064 8.737464 1.406616
v 0.003268 8.825364 1.597631
v -1.478402 9.166864 0.049041
v -0.281855 9.338664 -0.432234
v -0.342657 9.105865 -0.660854
v 0.003268 9.058564 1.622356
v -0.456282 9.085964 1.577391
v -1.088239 9.141464 1.286556
v -1.422246 9.290964 0.123101
v -1.179038 9.337364 -0.180729
v -0.522538 9.361864 -0.407854
v -1.415277 9.210564 0.804476
v 0.003268 8.648864 1.564511
v -0.489612 8.679264 1.526331
v -1.202470 8.801464 1.238141
v -1.496380 8.917164 0.722366
v -1.491027 9.045264 -0.005469
v -0.584552 9.130964 -0.634979
v -1.237618 9.107364 -0.340464
v 0.003268 9.076264 -0.673044
v 0.003268 9.302164 -0.456384
v -0.107630 9.318064 -0.446149
v -0.149242 9.090164 -0.664534
v -0.914418 8.901664 -0.693859
v -1.409823 8.615864 1.041721
v -1.602228 8.733564 0.346316
v -0.948051 8.495964 1.397876
v -0.359726 8.890364 -0.809089
v 0.003268 8.401064 1.538061
v -0.495268 8.436764 1.497696
v -1.243577 8.556264 1.245271
v -1.530316 8.665364 0.736396
v -1.519206 8.801364 -0.063314
v -0.600308 8.901564 -0.788849
v -1.262868 8.865664 -0.447874
v 0.003571 8.871964 -0.820244
v -0.162776 8.883664 -0.809664
v -0.970473 8.571464 -0.858769
v -1.493249 8.295364 1.056211
v -1.675756 8.408564 0.351951
v -0.993400 8.172964 1.394196
v -0.403257 8.573964 -0.973194
v 0.003268 8.095964 1.515061
v -0.520215 8.128264 1.482056
v -1.311651 8.238664 1.246996
v -1.626266 8.355664 0.766066
v -1.598188 8.487164 -0.116789
v -0.652626 8.572764 -0.961694
v -1.326397 8.537764 -0.567589
v 0.002864 8.557464 -0.976644
v -0.192874 8.572164 -0.972619
v -1.048647 8.138464 -0.955714
v -1.610005 7.946264 1.071046
v -1.773068 8.025212 0.330592
v -1.063090 7.804964 1.408226
v -0.447899 8.133864 -1.092679
v 0.003268 7.746464 1.526676
v -0.552333 7.766064 1.498271
v -1.406995 7.875763 1.263326
v -1.741406 8.001264 0.773771
v -1.726507 8.093312 -0.166783
v -0.715448 8.130964 -1.070599
v -1.423559 8.138865 -0.636819
v 0.003268 8.130964 -1.080949
v -0.215599 8.136364 -1.094519
v -1.083593 7.700863 -0.864864
v -1.707167 7.566664 1.092896
v -1.864875 7.641564 0.361973
v -1.135204 7.417264 1.495856
v -0.454262 7.703763 -1.055994
v 0.003268 7.380864 1.567616
v -0.565059 7.376964 1.574171
v -1.512035 7.494463 1.322206
v -1.835841 7.622464 0.774001
v -1.793973 7.683864 -0.114587
v -0.735648 7.696764 -0.994584
v -1.477291 7.706163 -0.570234
v 0.003268 7.703164 -1.075429
v -0.206610 7.705863 -1.077154
v -1.075109 7.323763 -0.680519
v -1.769484 7.207464 1.134871
v -1.926135 7.292563 0.419111
v -1.177119 7.063764 1.556576
v -0.436587 7.306464 -0.913969
v 0.003268 7.047664 1.598436
v -0.568796 7.024564 1.627876
v -1.573039 7.134364 1.376141
v -1.881089 7.263363 0.802866
v -1.803925 7.317364 -0.013519
v -0.723528 7.311064 -0.822199
v -1.485775 7.324664 -0.427749
v 0.003268 7.295564 -0.996539
v -0.189440 7.299064 -0.965719
v -1.054505 6.934763 -0.551834
v -1.791098 6.833764 1.152236
v -1.948254 6.910163 0.432336
v -1.183078 6.717564 1.589121
v -0.392753 6.902264 -0.831054
v 0.003268 6.714764 1.603151
v -0.572836 6.684464 1.636501
v -1.592229 6.773664 1.399831
v -1.904622 6.884264 0.809076
v -1.816651 6.928864 0.045706
v -0.681007 6.915364 -0.713409
v -1.483048 6.931263 -0.309414
v 0.003268 6.891963 -0.953299
v -0.164392 6.889463 -0.899594
v -1.063595 6.515064 -0.559424
v -1.807056 6.462264 1.162011
v -1.974918 6.504164 0.435901
v -1.177624 6.373164 1.592111
v -0.387703 6.501964 -0.857619
v 0.003268 6.348063 1.597401
v -0.589501 6.344463 1.631441
v -1.588795 6.416163 1.410641
v -1.936437 6.490864 0.823911
v -1.842305 6.504263 0.061001
v -0.671008 6.512964 -0.745494
v -1.506783 6.508664 -0.290094
v -0.029658 6.495764 -0.953989
v -0.166917 6.493664 -0.911669
v -1.063696 6.089364 -0.596684
v -1.808874 6.076764 1.160401
v -1.978655 6.092264 0.439466
v -1.174897 6.005764 1.566811
v -0.413256 6.087764 -0.909369
v 0.003268 5.951563 1.588431
v -0.613741 5.979064 1.622126
v -1.581422 6.040763 1.398106
v -1.948355 6.090464 0.823451
v -1.843012 6.083464 0.057436
v -0.685653 6.096263 -0.795404
v -1.501026 6.077564 -0.309644
v -0.066119 6.082563 -0.979404
v -0.200550 6.081664 -0.959509
v -1.067534 5.670164 -0.628769
v -1.817560 5.670363 1.150856
v -1.969464 5.688963 0.441191
v -1.201561 5.606463 1.539671
v -0.447394 5.667563 -0.930068
v 0.003268 5.577464 1.579691
v -0.650505 5.584564 1.615111
v -1.588290 5.638564 1.380051
v -1.948759 5.688263 0.820001
v -1.817560 5.676564 0.048811
v -0.705651 5.677464 -0.825073
v -1.480624 5.661464 -0.338049
v -0.101671 5.661563 -0.993089
v -0.243172 5.657363 -0.976068
v -1.093895 5.330364 -0.642109
v -1.825135 5.321864 1.119691
v -1.970070 5.339064 0.424056
v -1.227619 5.257564 1.507931
v -0.488400 5.306064 -0.929839
v 0.003268 5.258364 1.570031
v -0.670907 5.240963 1.595216
v -1.604349 5.290664 1.346931
v -1.956738 5.336763 0.794356
v -1.808167 5.336763 0.031561
v -0.755646 5.321164 -0.828294
v -1.483755 5.323864 -0.358289
v -0.117831 5.313364 -0.995618
v -0.275088 5.295264 -0.978024
v -1.107934 5.236864 -0.621409
v -1.815439 5.225964 1.092206
v -1.946436 5.246163 0.418536
v -1.218832 5.162864 1.475156
v -0.503550 5.208263 -0.906724
v 0.003268 5.155563 1.548641
v -0.681310 5.145964 1.567271
v -1.594956 5.195564 1.316916
v -1.939366 5.241864 0.778946
v -1.788674 5.243964 0.034551
v -0.772412 5.226764 -0.803454
v -1.481634 5.231164 -0.341844
v -0.118942 5.201164 -0.981818
v -0.288723 5.195464 -0.959509
v 0.579877 13.157564 0.777796
v -0.570614 13.161264 0.706266
v 0.708450 13.300964 0.571256
v -0.657777 13.300664 0.523991
v 0.760667 13.446464 0.254431
v -0.711408 13.442864 0.225336
v 0.693199 13.536964 -0.118399
v -0.729102 13.494598 -0.149106
v 0.309702 13.458164 -0.342649
v -0.304782 13.437364 -0.359669
v 0.272130 13.575064 -0.258239
v -0.576169 13.647864 -0.048019
v 0.589775 13.658464 -0.042959
v -0.605459 13.572464 0.249371
v 0.630074 13.583564 0.264551
v -0.537991 13.452864 0.492596
v 0.564828 13.463364 0.511686
v -0.413963 13.365164 0.638876
v 0.427771 13.370064 0.666706
v -0.263372 13.568664 -0.260194
v -0.609499 13.456464 0.237411
v -0.586168 13.535064 -0.069409
v -0.270038 13.456764 -0.279859
v 0.277685 13.467164 -0.277904
v 0.603006 13.555864 -0.061359
v 0.640982 13.478164 0.260871
v 0.580988 13.353964 0.515941
v 0.392926 13.241764 0.706841
v -0.383966 13.241864 0.702471
v -0.554757 13.346464 0.496966
v 0.809955 9.725764 -0.281009
v -0.730295 9.687764 -0.319074
v 0.756425 10.654364 -0.232249
v -0.740698 10.597264 -0.226729
v 0.505137 9.716464 -0.342879
v -0.398207 9.700564 -0.346674
v 0.467363 10.638364 -0.302744
v -0.447192 10.605264 -0.299179
v 0.741982 10.523864 1.539326
v -0.725346 10.534364 1.548756
v 0.736528 9.785864 1.427546
v -0.734032 9.796464 1.438126
v 0.189916 10.562464 1.736436
v -0.135607 10.577164 1.707111
v 0.223145 9.820664 1.691586
v -0.158635 9.835064 1.672151
v 0.953880 9.022764 -0.665454
v -0.849172 8.921764 -0.745609
v 0.574221 8.951365 -0.842554
v -0.473149 8.884464 -0.871189
v 0.833589 9.022364 1.470556
v -0.855939 8.995564 1.466071
v 0.269807 8.943464 1.747131
v -0.171967 8.943664 1.665136
v 0.895805 11.324364 -0.392789
v -0.884421 11.267564 -0.369789
v 1.013167 11.820264 -0.519404
v -0.997945 11.780964 -0.513999
v 0.520792 11.326164 -0.470529
v -0.522134 11.294964 -0.456269
v 0.587856 11.889164 -0.672009
v -0.600712 11.850664 -0.661199
v 0.672090 11.829564 1.713781
v -0.624649 11.782764 1.720681
v 0.691078 11.133064 1.516671
v -0.637678 11.101864 1.547951
v 0.177089 11.818664 1.674336
v -0.140152 11.782264 1.663756
v 0.192239 11.197964 1.758401
v -0.141465 11.198565 1.706306
v 1.130630 12.418064 -0.635209
v -1.115610 12.396164 -0.635669
v 1.230923 12.983665 -0.531134
v -1.176210 12.963564 -0.559424
v 0.632397 12.494664 -0.756534
v -0.638082 12.457364 -0.756764
v 0.702693 13.076864 -0.597719
v -0.693632 13.046964 -0.619684
v 0.634215 12.308464 1.416276
v -0.589804 12.286064 1.445486
v 0.230114 12.294065 1.497006
v -0.190652 12.313764 1.436286
v 1.296371 9.824664 0.448436
v -1.325589 9.744164 0.431991
v 1.164061 9.820164 0.984566
v -1.171160 9.794264 0.961451
v 1.208905 10.569764 0.486961
v -1.202672 10.501664 0.513986
v 1.140225 10.530864 1.016881
v -1.133386 10.505064 1.009981
v 1.608663 9.129564 0.533306
v -1.604854 9.023264 0.474081
v 1.389594 9.090764 1.074956
v -1.419822 9.028364 1.016881
v 1.298391 11.193264 0.599661
v -1.278523 11.118864 0.614726
v 1.144467 11.156964 1.063686
v -1.110459 11.093164 1.120266
v 1.368788 11.610765 0.734211
v -1.362454 11.606364 0.717651
v 1.272636 11.739364 1.235496
v -1.267514 11.704064 1.327611
v 1.184059 12.254264 1.213761
v -1.152273 12.243164 1.237566
v 1.092250 9.734365 -0.133694
v -1.065110 9.662364 -0.188319
v 1.254961 9.774064 0.084231
v -1.265393 9.694764 0.056401
v 1.011147 10.656864 -0.041349
v -1.000470 10.561864 -0.024904
v 1.139518 10.603264 0.179796
v -1.139749 10.522564 0.216941
v 1.281827 9.079764 -0.335059
v -1.230649 8.984664 -0.443964
v 1.501805 9.120064 0.032251
v -1.497794 9.015164 -0.031229
v 1.159718 11.285564 -0.140479
v -1.131568 11.216564 -0.133234
v 1.275464 11.226664 0.190376
v -1.246607 11.150564 0.194746
v 1.315460 11.675964 -0.164169
v -1.288926 11.654864 -0.183374
v 1.399189 11.579865 0.239481
v -1.384775 11.567464 0.232006
v 1.607754 11.854364 -0.128404
v -1.656465 11.838464 -0.153359
v 1.474434 11.703465 0.234076
v -1.659293 11.785364 0.218896
v 1.725520 13.045964 -0.117479
v -1.746961 13.017064 -0.152094
v 1.737539 13.082364 0.303766
v -1.754738 13.067564 0.291231
v 1.571495 12.627864 0.874166
v -1.579301 12.596364 0.874856
v 1.473727 12.161264 0.867151
v -1.539103 12.169464 0.871291
v 1.455446 11.776164 0.641061
v -1.553142 11.856664 0.636921
v 1.660678 12.929564 0.664636
v -1.667171 12.925164 0.662796
v 1.590786 12.251864 -0.462709
v -1.552637 12.272964 -0.471104
v 1.685726 12.794364 -0.445689
v -1.651112 12.768764 -0.480419
v 2.087100 12.415964 -0.346674
v -2.054001 12.361564 -0.352769
v 1.886413 12.011264 -0.311944
v -1.914722 11.976964 -0.306769
v 2.037307 12.511765 0.697526
v -2.108642 12.504464 0.650491
v 1.869849 11.763764 0.500301
v -1.941689 11.754164 0.521116
v 1.874192 11.975364 0.693961
v -1.936033 11.956164 0.714661
v 1.915703 12.280064 0.795161
v -1.987745 12.260464 0.784466
v 2.171031 12.662964 0.367246
v -2.204794 12.613564 0.346201
v 2.215976 12.666664 -0.040199
v -2.212066 12.592064 -0.080564
v 1.877626 11.674564 0.173816
v -1.909571 11.652964 0.220046
v 1.845003 11.706964 -0.115984
v -1.886947 11.665864 -0.117824
v 2.181333 11.409764 -0.128864
v -2.240245 11.340164 -0.118054
v 2.127399 11.391064 0.142191
v -2.199340 11.328964 0.207396
v 2.557154 12.099164 0.039726
v -2.616874 11.995364 0.045361
v 2.538368 12.127764 0.400251
v -2.621015 12.029164 0.362301
v 2.287181 11.827564 0.753186
v -2.433761 11.816964 0.738006
v 2.183858 11.621664 0.646006
v -2.292563 11.598164 0.692811
v 2.140428 11.492264 0.431531
v -2.228731 11.445764 0.512261
v 2.415047 12.013664 0.684991
v -2.543043 11.960464 0.623926
v 2.293140 11.610765 -0.254214
v -2.360536 11.544564 -0.257089
v 2.442721 11.906564 -0.194414
v -2.511430 11.826164 -0.178774
v 2.882374 11.438564 -0.120354
v -2.947346 11.350864 -0.114949
v 2.747236 11.184864 -0.234664
v -2.771909 11.112364 -0.227994
v 2.784909 11.601064 0.665786
v -2.889574 11.530164 0.633816
v 2.466658 11.128964 0.421526
v -2.520217 11.141764 0.534686
v 2.531096 11.262564 0.649916
v -2.596977 11.264264 0.696606
v 2.626642 11.450864 0.749966
v -2.765142 11.432764 0.734441
v 2.898332 11.674764 0.373226
v -2.976535 11.570064 0.391741
v 2.913583 11.612764 0.093201
v -2.999664 11.509564 0.128046
v 2.455340 11.013447 0.139476
v -2.495876 10.999364 0.243851
v 2.570385 11.010864 -0.110464
v -2.588594 10.965264 -0.084934
v 3.046276 10.513878 0.143538
v -3.008830 10.441454 0.287069
v 2.880466 10.549625 0.442373
v -2.906921 10.570053 0.598949
v 3.344550 11.153164 0.312046
v -3.447700 11.066164 0.374721
v 3.268800 11.204264 0.542621
v -3.330742 11.115864 0.601041
v 3.032460 11.033064 0.753301
v -3.068142 11.072964 0.744216
v 2.994585 10.812664 0.741686
v -2.954012 10.978464 0.728461
v 2.923077 10.673164 0.632781
v -2.951563 10.695454 0.755809
v 3.141136 11.139364 0.718226
v -3.204088 11.091664 0.714316
v 3.259252 10.730986 -0.043286
v -3.266279 10.494554 0.010034
v 3.366063 11.004564 0.103896
v -3.537767 10.810754 0.194149
v 3.937700 10.425224 0.757093
v -3.995221 10.397664 0.788951
v 3.875623 10.130572 0.705718
v -3.864223 9.912428 0.820391
v 3.621492 10.568164 1.227676
v -3.658487 10.549464 1.229516
v 3.427976 10.164764 1.244006
v -3.504336 10.166553 1.399004
v 3.461306 10.279064 1.294606
v -3.509007 10.380164 1.333591
v 3.534632 10.445664 1.282071
v -3.581424 10.477664 1.300126
v 3.743298 10.640265 1.084616
v -3.737065 10.567464 1.151086
v 3.845308 10.600564 0.888196
v -3.875132 10.537364 0.995376
v 3.529641 9.974154 1.114080
v -3.469188 10.071254 1.298839
v 3.684935 9.957072 0.851883
v -3.563546 9.883429 1.082592
v 0.783493 13.100064 0.622546
v -0.784936 13.126564 0.638646
v 1.207390 13.062064 0.609666
v -1.193481 13.065864 0.611276
v 0.837528 13.277764 0.245116
v -0.822407 13.283564 0.229246
v 1.247083 13.218964 0.274556
v -1.238426 13.221164 0.251441
v 1.285665 13.262364 -0.147379
v -1.248627 13.261464 -0.193609
v 0.808178 13.415853 -0.138542
v -0.782282 13.403804 -0.168540
v 0.363737 13.077765 0.868531
v -0.366493 13.098864 0.892451
v 0.625226 13.177864 0.591611
v -0.610408 13.180164 0.578156
v 0.706935 13.357965 0.256846
v -0.679189 13.333364 0.230971
v 0.634925 13.442606 -0.119546
v -0.632830 13.400264 -0.147839
v 1.135377 12.733464 0.939256
v -1.121670 12.736264 0.940406
v 0.669060 12.749264 1.033211
v -0.678078 12.780064 1.063111
v 0.306773 12.798364 1.203756
v -0.317710 12.842264 1.191106
v 0.287078 13.326464 -0.355299
v -0.282461 13.311464 -0.359094
v 0.227286 12.474964 -0.671204
v -0.240445 12.460264 -0.675229
v 0.245567 13.041364 -0.557584
v -0.246202 13.028564 -0.563564
v 0.232740 11.885964 -0.617039
v -0.252363 11.869764 -0.618419
v 0.242133 11.320364 -0.435454
v -0.249535 11.308964 -0.431544
v 0.244153 8.920465 -0.873259
v -0.155504 8.895264 -0.865669
v 0.229003 9.690964 -0.354609
v -0.129648 9.674064 -0.355299
v 0.234760 10.618064 -0.276294
v -0.216306 10.608964 -0.273534
v 3.971996 9.762843 1.137401
v 3.780197 9.781943 1.386261
v 4.076295 10.293464 1.210541
v 3.978830 10.352464 1.379476
v 3.782789 10.187364 1.591191
v 3.710372 10.034164 1.598781
v 3.694414 9.947664 1.543581
v 3.852479 10.302464 1.522651
v 4.121274 9.917343 1.072311
v 4.152483 10.124343 1.113941
v 4.388924 9.809644 1.498156
v 4.335394 9.649843 1.416046
v 4.121947 10.041964 1.876506
v 3.897525 9.812464 1.805206
v 3.929037 9.890764 1.888236
v 4.027714 9.990764 1.919861
v 4.237086 10.045564 1.770131
v 4.318392 9.989064 1.633051
v 3.997997 9.610624 1.615338
v 4.186362 9.541824 1.396838
v 4.129320 9.502564 1.926646
v 4.061549 9.698964 2.065221
v 4.055185 9.815564 2.076491
v 4.130633 9.901664 2.056251
v 4.226987 9.922764 2.008871
v 4.331420 9.900564 1.921241
v 4.415554 9.834764 1.810726
v 4.505522 9.679424 1.721138
v 4.447043 9.496924 1.595558
v 4.268599 9.425064 1.610626
v -3.852641 9.672219 1.392382
v -3.755419 9.800253 1.595634
v -4.133086 10.229964 1.388101
v -4.010169 10.249764 1.530011
v -3.854965 10.129099 1.684077
v -3.780936 10.041994 1.677140
v -3.754391 9.905550 1.676142
v -3.942802 10.207364 1.644206
v -4.101128 9.722231 1.190245
v -4.220131 10.062590 1.200949
v -4.321800 9.772789 1.383848
v -4.212918 9.567610 1.387793
v -4.061509 9.970342 1.897350
v -3.875206 9.714094 1.837850
v -3.902802 9.860030 1.881301
v -3.974206 9.942046 1.912142
v -4.181158 10.004324 1.787464
v -4.293256 9.971724 1.624749
v -3.898207 9.619808 1.746094
v -4.005741 9.523026 1.546142
v -4.101612 9.443274 1.655329
v -4.285625 9.454012 1.528778
v -4.379782 9.559130 1.512766
v -4.377165 9.795291 1.736538
v -4.279406 9.893164 1.904735
v -4.170482 9.899267 2.013819
v -4.059121 9.850326 2.039464
v -3.968482 9.740633 2.006713
v -3.934653 9.595203 1.935796
v -3.976069 9.501547 1.823402
v 0.378786 13.141665 0.792286
v -0.373866 13.151364 0.802636
v 0.607147 13.254264 0.542046
v -0.584047 13.251264 0.524451
v 0.670272 13.393564 0.259031
v -0.637072 13.366464 0.231201
v 0.625428 13.472164 -0.093789
v -0.607479 13.443764 -0.106324
v 0.284654 13.379364 -0.311944
v -0.278825 13.363364 -0.315969
v -0.262463 13.541364 -0.258469
v 0.271019 13.548464 -0.256859
v -0.573543 13.620364 -0.050894
v 0.587856 13.632764 -0.044914
v -0.599500 13.543864 0.245346
v 0.625327 13.558264 0.262251
v -0.535365 13.427264 0.489491
v 0.561798 13.437564 0.507891
v -0.397803 13.338564 0.646466
v -0.267614 13.185264 0.857951
v 0.410096 13.341464 0.665786
v 0.258394 13.183864 0.840931
v 0.651082 13.230964 0.673146
v 0.718954 12.949064 0.876581
v 0.501804 13.082064 0.883481
v -0.524558 13.092264 0.770436
v -0.727669 12.983864 0.800451
v -0.615054 13.230064 0.627606
v 0.747234 13.371464 0.441881
v 0.842881 13.142164 0.623581
v -0.776452 13.159064 0.555731
v -0.692824 13.372364 0.391511
v 0.744406 13.508764 0.053756
v 0.887725 13.306864 0.242471
v -0.813923 13.310164 0.199346
v -0.706257 13.494764 0.044556
v 0.558162 13.526264 -0.243059
v 0.784705 13.413464 -0.180614
v -0.809195 13.355598 -0.219946
v -0.603963 13.477199 -0.287796
v 0.000945 13.385564 -0.399574
v 0.341820 13.343064 -0.412109
v -0.339930 13.312364 -0.441434
v 0.004177 13.519664 -0.309874
v -0.572432 13.412364 0.503981
v -0.467493 13.637264 -0.160719
v 0.477564 13.647764 -0.156809
v -0.603944 13.630164 0.088831
v 0.622802 13.640265 0.097801
v -0.577583 13.506664 0.392086
v 0.605632 13.518664 0.411521
v -0.484259 13.406764 0.569991
v -0.276098 13.535164 -0.291589
v -0.637981 13.539564 0.244426
v -0.605459 13.612064 -0.070789
v 0.505844 13.415064 0.589541
v 0.606642 13.420764 0.531696
v -0.333971 13.337264 0.708106
v -0.458706 13.307564 0.659921
v 0.472615 13.313164 0.701436
v 0.284149 13.550164 -0.284919
v 0.668959 13.548965 0.263746
v 0.335457 13.335064 0.743181
v 0.622499 13.627164 -0.063889
v -0.611216 13.515965 0.073536
v -0.588794 13.391665 0.388521
v -0.486683 13.525364 -0.179694
v 0.003167 13.407064 -0.324594
v 0.497259 13.542964 -0.175554
v 0.635528 13.537364 0.088486
v 0.619772 13.409264 0.413591
v 0.507864 13.301564 0.598856
v -0.488703 13.301564 0.586436
v 1.276979 13.170364 -0.373814
v -1.224993 13.165164 -0.417974
v 0.755254 13.342553 -0.372451
v -0.725924 13.337904 -0.409465
v 0.822681 11.043464 -0.294924
v -0.808671 10.958564 -0.264449
v 0.477766 10.982564 -0.360014
v -0.472947 10.952364 -0.353229
v 0.732387 10.893464 1.563476
v -0.703025 10.894064 1.576011
v 0.183957 10.897064 1.762656
v -0.129143 10.904664 1.709296
v 0.873686 9.311864 -0.437869
v -0.772513 9.204664 -0.540449
v 0.532609 9.247564 -0.579434
v -0.415680 9.195964 -0.617039
v 0.792482 9.427464 1.462736
v -0.806752 9.424264 1.465381
v 0.238396 9.425364 1.714701
v -0.154393 9.430964 1.699981
v 1.092755 12.112364 -0.566899
v -1.078442 12.083964 -0.564369
v 0.610682 12.185964 -0.734339
v -0.621013 12.148964 -0.727439
v 0.633306 12.087264 1.558416
v -0.594551 12.052564 1.564741
v 0.193653 12.060864 1.608096
v -0.143485 12.052664 1.529781
v 0.908834 10.664364 -0.140019
v -0.891794 10.583464 -0.132084
v 0.969131 9.730764 -0.215574
v -0.923306 9.671964 -0.261804
v 0.361414 10.633564 -0.297454
v -0.332961 10.615064 -0.293774
v 0.375049 9.715464 -0.348974
v -0.273876 9.687464 -0.354954
v 0.958425 10.512364 1.328531
v -0.952697 10.510464 1.326576
v 0.972969 9.800864 1.241131
v -0.981684 9.799264 1.233081
v -0.000368 10.563664 1.734366
v 0.070231 10.573664 1.704926
v 0.012055 9.810064 1.698946
v 0.065888 9.826864 1.673301
v 0.595027 10.637964 -0.286299
v -0.576371 10.601764 -0.283539
v 0.641487 9.721264 -0.321604
v -0.538799 9.705264 -0.341039
v 0.465949 10.552764 1.675601
v -0.435678 10.561464 1.677786
v 0.500087 9.801364 1.587166
v -0.470220 9.811664 1.601081
v 0.749254 10.211764 -0.228339
v -0.727871 10.180664 -0.231444
v 0.476049 10.239564 -0.278019
v -0.410731 10.218864 -0.277099
v 0.727943 10.145464 1.465036
v -0.721003 10.159064 1.475961
v 0.202844 10.190664 1.694691
v -0.154595 10.209564 1.686756
v 1.143659 9.049964 -0.508709
v -1.056929 8.963264 -0.598294
v 0.419691 8.938864 -0.863599
v -0.299025 8.881764 -0.879929
v 1.123661 9.063964 1.325541
v -1.168231 9.021764 1.284371
v 0.042759 8.941664 1.737471
v 0.089926 8.943064 1.675716
v 0.746527 8.985264 -0.776199
v -0.647778 8.894564 -0.837034
v 0.551799 8.985765 1.600161
v -0.535567 8.968464 1.594756
v 1.001552 8.819164 -0.782064
v -0.906843 8.724964 -0.842669
v 0.592401 8.731264 -0.977449
v -0.495369 8.663664 -0.991019
v 0.855708 8.718364 1.459286
v -0.877856 8.676264 1.425361
v 0.293340 8.636664 1.761391
v -0.202873 8.644164 1.609361
v 1.060132 11.310364 -0.279974
v -1.039961 11.246164 -0.261344
v 1.206279 11.765364 -0.335979
v -1.180755 11.732164 -0.345984
v 0.388179 11.320864 -0.461214
v -0.380734 11.298364 -0.452359
v 0.419691 11.892964 -0.663154
v -0.431941 11.865264 -0.659014
v 0.928933 11.113264 1.356361
v -0.888259 11.076264 1.390401
v 0.999330 11.826064 1.670196
v -0.954717 11.772764 1.707456
v -0.007135 11.203364 1.770706
v 0.083159 11.202964 1.700786
v 0.001551 11.794964 1.716311
v 0.047405 11.794464 1.628451
v 0.686735 11.323565 -0.454429
v -0.689794 11.283864 -0.434994
v 0.787634 11.867764 -0.634864
v -0.795238 11.825164 -0.620259
v 0.438578 11.178964 1.625346
v -0.378916 11.192864 1.670311
v 0.364444 11.789864 1.682271
v -0.279633 11.770664 1.662146
v 0.947113 11.561064 -0.471334
v -0.928861 11.513764 -0.463629
v 0.564020 11.603364 -0.583114
v -0.571523 11.565664 -0.569544
v 0.698754 11.385464 1.743451
v -0.638991 11.355664 1.706536
v 0.172645 11.529564 1.768291
v -0.145505 11.505764 1.720221
v 1.489281 12.891064 -0.472944
v -1.421135 12.874564 -0.501349
v 1.410804 12.324364 -0.526534
v -1.370837 12.347964 -0.535964
v 0.481705 13.076365 -0.581734
v -0.481027 13.050664 -0.596109
v 0.429892 12.490264 -0.733189
v -0.435880 12.462264 -0.735949
v 0.883180 12.305664 1.328416
v -0.862201 12.288064 1.379591
v 0.069524 12.285264 1.502641
v -0.000772 12.317064 1.403741
v 0.951456 13.047764 -0.584034
v -0.915630 13.007964 -0.614509
v 0.862778 12.470864 -0.727439
v -0.863817 12.434264 -0.725369
v 0.412419 12.296664 1.463771
v -0.362857 12.281164 1.425476
v 1.182140 12.726164 -0.627849
v -1.134396 12.695864 -0.641189
v 0.657748 12.792665 -0.721459
v -0.659191 12.756464 -0.733879
v 0.627650 12.531264 1.255276
v -0.609903 12.524264 1.271606
v 0.262838 12.521564 1.345091
v -0.251858 12.563064 1.314156
v 1.293038 9.802564 0.245461
v -1.316398 9.720164 0.226831
v 1.189210 10.583964 0.324466
v -1.176210 10.507964 0.348041
v 1.588968 9.130564 0.263401
v -1.583846 9.022264 0.215446
v 1.298189 11.204564 0.383461
v -1.274887 11.125864 0.394731
v 1.394543 11.572864 0.477301
v -1.385583 11.564064 0.468216
v 1.457062 13.022364 0.631516
v -1.453657 13.020764 0.632206
v 1.254456 10.906164 0.526636
v -1.239032 10.824265 0.553431
v 1.153355 10.883764 1.081971
v -1.143789 10.843764 1.082661
v 1.464637 9.465564 0.475116
v -1.502137 9.370264 0.439696
v 1.285160 9.459564 1.021251
v -1.318923 9.415064 0.986176
v 1.383938 11.723164 0.732831
v -1.385482 11.761364 0.710866
v 1.242134 11.975164 1.250331
v -1.226003 11.966264 1.288741
v 0.670474 13.130464 0.634046
v -0.664039 13.134964 0.624041
v 1.108612 10.167064 0.977091
v -1.122983 10.145264 0.958806
v 1.202946 10.185764 0.459821
v -1.211661 10.108064 0.463041
v 1.662092 8.892664 0.589656
v -1.658485 8.767964 0.511111
v 1.412723 8.818564 1.120151
v -1.466484 8.735664 1.028496
v 1.338084 11.428864 0.678206
v -1.315792 11.383764 0.677976
v 1.208400 11.381764 1.107271
v -1.149849 11.306564 1.161896
v 1.122146 12.511864 1.120036
v -1.112984 12.518264 1.119001
v 0.351415 12.991864 0.982151
v -0.348515 13.019864 0.994571
v 1.256981 9.836764 0.689706
v -1.276200 9.771864 0.673836
v 1.208602 10.557264 0.712016
v -1.199541 10.500364 0.711556
v 1.550083 9.118464 0.812411
v -1.562434 9.024564 0.742261
v 1.254355 11.184964 0.861171
v -1.242163 11.121564 0.859101
v 1.306370 11.659764 0.935576
v -1.295794 11.635564 0.934196
v 1.349194 12.169264 1.043676
v -1.351647 12.194164 1.028841
v 1.388988 12.694964 0.915796
v -1.385381 12.688764 0.916026
v 1.508370 13.167364 0.290886
v -1.520620 13.162864 0.272946
v 1.534933 13.163364 -0.134614
v -1.515267 13.138364 -0.177164
v 1.200825 10.951064 0.180371
v -1.187421 10.869964 0.211076
v 1.085382 11.033064 -0.090454
v -1.068544 10.938564 -0.055379
v 1.376060 9.418964 0.040991
v -1.398915 9.332164 -0.010644
v 1.182039 9.366864 -0.234319
v -1.146415 9.271364 -0.324824
v 1.422520 11.660264 0.252246
v -1.458101 11.694864 0.237066
v 1.411713 11.818564 -0.149104
v -1.399925 11.820864 -0.173599
v 0.757435 13.344864 0.256386
v -0.733224 13.317964 0.229936
v 1.152143 10.158964 0.136096
v -1.170352 10.079564 0.140926
v 1.012662 10.167364 -0.074239
v -1.016933 10.102864 -0.078724
v 1.581292 8.917064 0.048466
v -1.575160 8.788764 -0.021109
v 1.350608 8.886664 -0.386579
v -1.307207 8.785364 -0.498934
v 1.345457 11.439064 0.215446
v -1.313166 11.380464 0.201531
v 1.249406 11.506564 -0.151059
v -1.206914 11.450164 -0.167044
v 1.187089 9.748264 -0.039739
v -1.177321 9.676564 -0.090454
v 1.080130 10.631764 0.060311
v -1.081674 10.541764 0.094351
v 1.395553 9.100364 -0.155774
v -1.380836 9.006464 -0.255709
v 1.224661 11.254764 0.015691
v -1.199339 11.182964 0.024891
v 1.369899 11.620664 0.031561
v -1.347910 11.600664 0.010631
v 1.573313 12.011164 -0.292739
v -1.590512 12.017464 -0.316084
v 1.737539 11.818564 -0.126679
v -1.755142 11.793064 -0.130359
v 1.498876 11.748764 0.046971
v -1.691209 11.798464 0.012126
v 1.699462 11.733064 0.195321
v -1.799077 11.767164 0.210616
v 1.466758 11.689264 0.444986
v -1.603541 11.820364 0.453726
v 1.736226 13.087464 0.097111
v -1.753122 13.069064 0.068476
v 1.947215 12.905764 -0.090684
v -1.990977 12.862364 -0.136684
v 1.715925 12.946964 -0.305274
v -1.713025 12.911364 -0.346099
v 1.710471 13.029164 0.514791
v -1.723428 13.018364 0.510421
v 1.950043 12.924164 0.338036
v -1.971989 12.897964 0.320326
v 1.547962 12.400064 0.954321
v -1.556475 12.364364 0.941326
v 1.732792 12.492264 0.827131
v -1.759283 12.457964 0.819426
v 1.616339 12.798064 0.772621
v -1.619499 12.791264 0.770781
v 1.438983 11.929364 0.786191
v -1.535467 11.988864 0.784351
v 1.695624 12.124564 0.757556
v -1.731104 12.105264 0.761926
v 1.674212 11.810464 0.546761
v -1.780897 11.856565 0.533766
v 1.845407 12.763264 0.689821
v -1.868262 12.756364 0.678091
v 1.646639 12.568464 -0.518024
v -1.580614 12.569564 -0.529064
v 1.725924 12.158364 -0.402334
v -1.705450 12.164264 -0.404059
v 1.891766 12.651264 -0.410154
v -1.874726 12.614864 -0.444194
v 2.173253 12.563464 -0.244669
v -2.147628 12.493564 -0.269164
v 2.256275 12.141665 -0.255249
v -2.277918 12.071664 -0.248234
v 1.980545 12.224764 -0.365419
v -1.967545 12.186564 -0.359899
v 2.080131 11.801064 -0.259274
v -2.137326 11.739964 -0.260309
v 1.850255 11.818764 -0.222359
v -1.896239 11.778964 -0.231099
v 1.979535 12.407064 0.763536
v -2.042891 12.398664 0.734786
v 2.238802 12.248264 0.695571
v -2.343164 12.215364 0.625536
v 2.112855 12.606964 0.552971
v -2.159041 12.570064 0.526521
v 1.856820 11.706964 0.361381
v -1.935528 11.703264 0.407726
v 2.021854 11.643864 0.474426
v -2.075817 11.605664 0.517896
v 1.893180 11.854564 0.578271
v -1.943608 11.835864 0.620706
v 2.037206 11.801964 0.671536
v -2.123489 11.778464 0.705231
v 1.874899 12.125564 0.772736
v -1.953203 12.102264 0.781706
v 2.107704 12.041164 0.774231
v -2.223075 12.029164 0.759856
v 2.365961 12.376964 0.387601
v -2.424368 12.303564 0.356666
v 2.210825 12.685964 0.165651
v -2.223378 12.626864 0.135176
v 2.406967 12.367064 0.000051
v -2.428307 12.277064 -0.016739
v 1.855507 11.669065 0.014771
v -1.890078 11.633064 0.030756
v 1.994988 11.543464 0.160706
v -2.050062 11.499764 0.217861
v 2.001654 11.557864 -0.118284
v -2.061172 11.516464 -0.113224
v 2.225066 11.482464 -0.211204
v -2.292866 11.422164 -0.214309
v 2.371213 11.225864 -0.127139
v -2.424267 11.155764 -0.117249
v 2.148407 11.378464 -0.016854
v -2.208228 11.308064 0.017991
v 2.276576 11.227064 0.141616
v -2.351042 11.160364 0.209006
v 2.130530 11.443864 0.308711
v -2.214389 11.390164 0.390706
v 2.566042 12.133964 0.215101
v -2.633539 12.026264 0.201071
v 2.720067 11.859764 0.077446
v -2.805037 11.742664 0.086876
v 2.512209 12.021564 -0.105059
v -2.574353 11.931864 -0.081599
v 2.483323 12.088064 0.561596
v -2.582130 12.004864 0.518011
v 2.711886 11.901364 0.395076
v -2.802108 11.790864 0.363106
v 2.233449 11.726764 0.723401
v -2.364677 11.713464 0.743756
v 2.454538 11.622964 0.743411
v -2.609198 11.616864 0.738351
v 2.352326 11.929864 0.740076
v -2.490523 11.898164 0.700056
v 2.154871 11.541264 0.530776
v -2.249840 11.507264 0.609781
v 2.343034 11.437764 0.632666
v -2.451133 11.419564 0.689246
v 2.294150 11.309864 0.397491
v -2.376898 11.286264 0.513526
v 2.585434 11.790764 0.689361
v -2.721308 11.738264 0.626801
v 2.370203 11.762764 -0.249039
v -2.442144 11.693564 -0.246279
v 2.510997 11.407464 -0.254904
v -2.571020 11.328664 -0.251684
v 2.655427 11.681764 -0.156349
v -2.731610 11.582164 -0.149679
v 2.904190 11.538564 -0.018119
v -2.983706 11.443364 0.001891
v 3.124572 11.208364 -0.049744
v -3.191665 11.130964 -0.050664
v 2.834601 11.318564 -0.205109
v -2.875636 11.236564 -0.207869
v 3.018367 10.965487 -0.188876
v -2.973303 10.869164 -0.197979
v 2.648559 11.075264 -0.192804
v -2.667980 11.011664 -0.173484
v 2.701988 11.529664 0.732946
v -2.835842 11.489964 0.697066
v 2.957013 11.383764 0.671421
v -3.025621 11.323164 0.656126
v 2.859043 11.660264 0.532731
v -2.941185 11.563264 0.522266
v 2.456356 11.074564 0.304801
v -2.503552 11.079764 0.421066
v 2.673910 10.922664 0.483856
v -2.760976 10.887653 0.681174
v 2.490999 11.181464 0.529396
v -2.541932 11.192764 0.614726
v 2.733197 11.074564 0.666821
v -2.753022 11.145664 0.702011
v 2.563012 11.360964 0.722941
v -2.682423 11.354564 0.743756
v 2.799857 11.269364 0.744216
v -2.896240 11.277364 0.727886
v 3.081748 11.441864 0.415316
v -3.144094 11.349464 0.467756
v 2.911765 11.658364 0.224186
v -2.996533 11.550064 0.256846
v 3.120835 11.370564 0.153806
v -3.214794 11.282564 0.202796
v 2.501800 10.989347 -0.011979
v -2.524661 10.956264 0.055481
v 2.662794 10.797246 0.227106
v -2.726535 10.735554 0.423459
v 2.792986 10.780849 -0.054289
v -2.819152 10.662253 0.100309
v 3.146064 10.566578 0.035093
v -3.112052 10.441653 0.129174
v 3.402785 10.193454 0.519530
v -3.301629 10.156653 0.727289
v 2.944178 10.494254 0.316130
v -2.941867 10.477054 0.465894
v 3.235945 10.188815 0.837422
v -3.219516 10.278254 0.972814
v 2.898433 10.618764 0.548831
v -2.925202 10.650454 0.700609
v 3.314351 11.189764 0.421756
v -3.395483 11.104264 0.495356
v 3.592404 10.905664 0.568726
v -3.700200 10.785464 0.704311
v 3.363336 11.096564 0.212226
v -3.476485 11.007264 0.252821
v 3.206685 11.185864 0.648881
v -3.263274 11.107965 0.672571
v 3.495848 10.942264 0.786191
v -3.556174 10.837064 0.872096
v 3.007715 10.959664 0.748126
v -3.006431 11.036064 0.747781
v 3.311422 10.707664 1.020216
v -3.360335 10.740364 1.015386
v 3.085586 11.090364 0.745941
v -3.140256 11.091164 0.733521
v 2.952670 10.721064 0.695571
v -2.973379 10.802354 0.783064
v 3.242843 10.513165 1.032406
v -3.274485 10.623964 1.021251
v 3.182142 10.387964 0.960876
v -3.276682 10.374253 1.093909
v 3.396060 10.850864 0.952826
v -3.456386 10.814564 0.970766
v 3.350152 10.882886 0.006049
v -3.462825 10.660554 0.033609
v 3.610037 10.371453 0.335530
v -3.574834 10.200953 0.457039
v 3.628966 10.751264 0.381161
v -3.834707 10.520054 0.556974
v 3.869851 10.546865 0.807121
v -3.948155 10.487064 0.897166
v 4.102330 10.212725 1.008138
v -4.154700 10.219264 1.054026
v 3.945559 10.272854 0.718595
v -4.048548 10.082229 0.772206
v 4.045827 9.993544 0.957311
v -4.010821 9.815173 1.048097
v 3.781895 10.022073 0.766208
v -3.683735 9.858304 0.955301
v 3.574628 10.512564 1.259876
v -3.614552 10.517264 1.266776
v 3.783900 10.379364 1.433756
v -3.836853 10.339364 1.468601
v 3.677244 10.612064 1.168566
v -3.685555 10.562364 1.201686
v 3.424138 10.126964 1.193751
v -3.484843 10.137954 1.369909
v 3.609473 10.014064 1.444911
v -3.645622 10.027426 1.550650
v 3.441914 10.215264 1.279081
v -3.469415 10.321064 1.327496
v 3.629774 10.114064 1.498156
v -3.686565 10.155164 1.545306
v 3.499585 10.368864 1.294951
v -3.544963 10.430864 1.323586
v 3.701484 10.265564 1.489646
v -3.762012 10.253664 1.535186
v 3.912069 10.436564 1.291616
v -3.910785 10.363564 1.386721
v 3.804403 10.635964 0.981691
v -3.804432 10.560864 1.081051
v 4.009736 10.384864 1.115781
v -4.047640 10.334664 1.251826
v 3.588884 9.940972 0.968838
v -3.486459 9.994253 1.197294
v 3.694650 9.854544 1.301391
v -3.635849 9.918221 1.469160
v 3.882106 9.834944 1.052416
v -3.734470 9.768482 1.265448
v 1.227287 13.154964 0.454416
v -1.217014 13.159164 0.445331
v 0.819853 13.207864 0.442571
v -0.811701 13.224764 0.439696
v 1.177797 12.930264 0.770551
v -1.167928 12.939664 0.776416
v 0.727337 12.951365 0.816551
v -0.738274 12.983964 0.839896
v 1.269606 13.259464 0.077216
v -1.247213 13.252964 0.039266
v 0.841568 13.340464 0.037081
v -0.821296 13.336564 0.018451
v 0.963273 13.081464 0.604606
v -0.953505 13.098164 0.616221
v 1.019732 13.330864 -0.163249
v -0.984613 13.323464 -0.208329
v 0.996401 13.246964 0.251556
v -0.983199 13.254364 0.235226
v 0.688986 13.464953 -0.096512
v -0.679593 13.369364 -0.182914
v 0.886412 12.737564 0.975711
v -0.884522 12.754464 0.994801
v 0.486351 12.774264 1.105776
v -0.487390 12.804664 1.115321
v 0.155374 12.780864 1.223306
v -0.151161 12.836764 1.189726
v 4.429694 9.750064 1.662491
v -4.382634 9.541704 1.541918
v 4.370508 9.577464 1.550136
v -4.296254 9.443598 1.550332
v 4.217290 9.935964 1.994726
v -4.189251 9.886024 2.026563
v 4.032158 9.712964 2.017841
v -3.948028 9.573843 1.955629
v 4.021250 9.821764 2.035436
v -3.983061 9.718721 2.030828
v 4.110534 9.907364 2.042451
v -4.076691 9.832499 2.061912
v 4.324856 9.913164 1.902381
v -4.295488 9.876980 1.911496
v 4.403131 9.855165 1.780366
v -4.385061 9.768576 1.744902
v 4.100333 9.533464 1.878576
v -3.992873 9.479668 1.839777
v 4.246177 9.460064 1.587971
v -4.122508 9.428616 1.677032
v 0.276776 13.242564 -0.428209
v -0.273674 13.227664 -0.433269
v 0.229811 12.180964 -0.666259
v -0.248626 12.165564 -0.668559
v -0.031173 12.463064 -0.617729
v 0.230215 12.773164 -0.639579
v -0.236708 12.759964 -0.644639
v -0.006832 13.007364 -0.526189
v 0.233447 11.608764 -0.536424
v -0.252060 11.593064 -0.534929
v -0.034607 11.878864 -0.575524
v 0.262737 10.979064 -0.335864
v -0.246202 10.968964 -0.331839
v -0.028749 11.333864 -0.401644
v 0.233043 8.702564 -0.990099
v -0.141869 8.670264 -0.982624
v 0.076897 8.897364 -0.864289
v 0.238497 9.256864 -0.613244
v -0.128032 9.237664 -0.610599
v 0.078715 9.671264 -0.356334
v 0.243143 10.211264 -0.269049
v -0.162271 10.206964 -0.269164
v 0.041446 10.615364 -0.254444
v 4.474616 9.716125 1.654208
v 4.402805 9.538724 1.516438
v 4.206181 9.951864 1.980581
v 4.007615 9.736264 1.986906
v 4.014180 9.849964 2.018416
v 4.099524 9.920864 2.032791
v 4.308898 9.934164 1.892261
v 4.388587 9.879464 1.770821
v 4.127176 9.490424 1.814288
v 4.276050 9.418924 1.537483
v 4.053503 9.822743 1.099451
v 4.046635 9.680643 1.234691
v 3.874329 9.737844 1.237106
v 3.869784 9.703843 1.487231
v 3.701282 9.903664 1.490796
v 4.037510 10.335064 1.287016
v 4.140429 10.204464 1.322666
v 4.156365 10.192425 1.171553
v 3.912574 10.339664 1.460666
v 4.048217 10.265664 1.483091
v 3.750368 10.114164 1.611431
v 3.876214 10.103064 1.728616
v 3.816624 10.251564 1.559566
v 3.702090 9.988664 1.580036
v 3.807231 9.956764 1.729996
v 3.791172 9.878064 1.666746
v 3.939945 10.216764 1.637306
v 4.149756 10.030044 1.072426
v 4.193287 9.827643 1.190646
v 4.221567 10.028343 1.228136
v 4.383975 9.886643 1.576701
v 4.377511 9.736043 1.447786
v 4.247726 9.588143 1.387066
v 4.074174 10.022264 1.908821
v 4.176891 10.051264 1.831081
v 3.901666 9.751264 1.733331
v 3.907019 9.853664 1.855001
v 3.969841 9.944364 1.917676
v 4.286375 10.020964 1.702741
v 4.092432 9.536525 1.467333
v 4.091243 9.613564 2.051076
v 4.190728 9.423164 1.706191
v 4.049933 9.769264 2.076606
v 4.079931 9.861964 2.071661
v 4.180224 9.916064 2.038541
v 4.276577 9.918764 1.970921
v 4.380911 9.872264 1.865006
v 4.438380 9.786764 1.754491
v 4.492594 9.596025 1.656968
v 4.383514 9.425624 1.585438
v -4.361266 9.633536 1.458618
v -4.257237 9.493271 1.473047
v -4.124774 9.924934 1.973703
v -3.910547 9.646922 1.892141
v -3.941053 9.788568 1.952620
v -4.022365 9.886421 1.986121
v -4.237578 9.928761 1.874439
v -4.346967 9.859180 1.702989
v -3.944647 9.552448 1.786727
v -4.062371 9.481901 1.609522
v -3.778708 9.754819 1.505534
v -3.937171 9.594384 1.476766
v -3.956617 9.673915 1.281865
v -3.753012 9.848751 1.655652
v -3.838400 9.706212 1.681737
v -4.196110 10.190964 1.304726
v -4.218263 10.101602 1.516709
v -4.068042 10.249764 1.453076
v -4.117633 10.114664 1.666746
v -3.972597 10.234164 1.593031
v -3.910078 10.164164 1.687331
v -3.922120 10.023967 1.807117
v -3.812714 10.086412 1.683026
v -3.852435 9.945042 1.787033
v -3.758182 9.982526 1.672267
v -3.826861 9.805795 1.765005
v -4.008663 10.082464 1.769273
v -4.157156 9.655576 1.294213
v -4.213264 9.859692 1.159112
v -4.274440 9.929966 1.305249
v -4.326478 9.897260 1.506945
v -4.299197 9.641846 1.354271
v -4.103405 9.535759 1.455769
v -4.019058 9.966390 1.907738
v -4.121912 9.997015 1.845284
v -3.882165 9.657754 1.807080
v -3.880936 9.791471 1.857937
v -3.934367 9.907110 1.902812
v -4.239355 10.000487 1.714998
v -3.930882 9.592646 1.656416
v -4.192286 9.439219 1.579373
v -4.026659 9.472554 1.743102
v -4.352222 9.483990 1.502318
v -4.401265 9.686993 1.621291
v -4.329195 9.857813 1.829873
v -4.226102 9.905338 1.967520
v -4.113737 9.881615 2.034731
v -4.009386 9.803351 2.029899
v -3.942088 9.667065 1.974447
v -3.946345 9.538895 1.887393
v 0.196279 13.036964 0.964786
v 0.528670 13.109365 0.731221
v 0.677645 13.268164 0.439236
v 0.698653 13.420664 0.058586
v 0.484536 13.372606 -0.353686
v 0.001551 13.271664 -0.385774
v -0.506378 13.370564 -0.289864
v -0.676967 13.391964 0.036736
v -0.652727 13.253964 0.415431
v -0.524356 13.124164 0.731221
v -0.204590 13.083864 1.011016
v 0.221428 13.072464 0.932701
v -0.215801 13.112164 0.966281
v 0.523216 13.195964 0.646466
v -0.509105 13.203465 0.639106
v 0.649365 13.317664 0.424286
v -0.617074 13.299064 0.396111
v 0.663000 13.454764 0.076066
v -0.636365 13.426164 0.055711
v 0.507460 13.450264 -0.222474
v -0.495773 13.424964 -0.231674
v 0.002157 13.318564 -0.352654
v 0.003975 13.492764 -0.306654
v -0.467594 13.609864 -0.160144
v 0.477867 13.621764 -0.156349
v -0.599096 13.601964 0.085956
v 0.618863 13.614564 0.096536
v -0.573442 13.478664 0.388406
v 0.601895 13.492564 0.408531
v -0.479007 13.382264 0.568496
v 0.499784 13.388764 0.585631
v -0.321952 13.293365 0.746861
v 0.316671 13.293664 0.764226
v 0.629872 12.929764 0.943281
v -0.666766 12.963064 0.826786
v 0.784907 13.050664 0.748356
v -0.747465 13.070764 0.695686
v 0.881362 13.226764 0.466606
v -0.802611 13.241364 0.387716
v 0.856920 13.374564 0.007986
v -0.798672 13.357864 -0.000294
v 0.628155 13.411664 -0.314129
v -0.672441 13.342999 -0.376461
v -0.002085 13.268264 -0.467769
v 0.003268 13.484764 -0.339314
v 0.547961 13.366264 0.616221
v -0.391743 13.260064 0.727081
v 0.387977 13.261264 0.786996
v -0.492743 13.599764 -0.192919
v 0.503723 13.616464 -0.182914
v -0.635860 13.595064 0.077216
v 0.660071 13.606164 0.086186
v -0.611923 13.472164 0.394271
v 0.648153 13.480264 0.422676
v -0.521427 13.358464 0.587701
v 1.519985 13.057764 -0.336439
v -1.474059 13.036264 -0.371514
v 0.521932 13.360953 -0.347097
v -0.508701 13.272364 -0.430164
v 0.992563 11.058264 -0.202349
v -0.976735 10.960964 -0.161984
v 0.379695 10.981864 -0.356219
v -0.364372 10.962264 -0.350814
v 0.954082 10.875964 1.377751
v -0.941587 10.863864 1.381086
v -0.004206 10.892365 1.764841
v 0.081442 10.899764 1.709296
v 1.048921 9.343764 -0.346329
v -0.984512 9.248364 -0.431544
v 0.390098 9.262364 -0.594499
v -0.268018 9.210264 -0.619684
v 1.054779 9.449764 1.282186
v -1.078745 9.434264 1.273446
v 0.012257 9.405964 1.709411
v 0.081745 9.416164 1.694116
v 1.357274 12.025064 -0.355759
v -1.338820 12.025564 -0.373584
v 0.422923 12.187464 -0.718814
v -0.432345 12.159564 -0.717664
v 0.925802 12.083864 1.533231
v -0.889774 12.039664 1.540246
v 0.020640 12.056164 1.610741
v 0.046698 12.059564 1.507011
v 1.000340 13.256164 -0.404864
v -0.955424 13.242164 -0.460869
v 0.621691 10.996664 -0.343569
v -0.615054 10.950864 -0.330804
v 0.457970 10.909364 1.693886
v -0.426689 10.913664 1.684226
v 0.686836 9.273664 -0.516529
v -0.570614 9.189264 -0.600249
v 0.536750 9.421564 1.617526
v -0.513145 9.424364 1.623506
v 0.834195 12.159764 -0.696849
v -0.838668 12.122164 -0.687764
v 0.382422 12.056564 1.531506
v -0.340940 12.031964 1.536336
v 0.895805 10.190064 -0.157729
v -0.888865 10.136065 -0.163479
v 0.357576 10.233564 -0.277329
v -0.296197 10.216064 -0.275604
v 0.948426 10.145164 1.262176
v -0.949061 10.147164 1.253091
v -0.001277 10.188164 1.703201
v 0.071241 10.201164 1.688366
v 0.601895 10.229064 -0.267899
v -0.553646 10.216264 -0.268934
v 0.480897 10.170364 1.622586
v -0.452646 10.185364 1.628106
v 1.203350 8.858564 -0.600824
v -1.123589 8.765265 -0.685464
v 0.413934 8.710064 -0.995504
v -0.319023 8.660964 -0.993779
v 1.139821 8.770664 1.329566
v -1.224185 8.703364 1.262981
v 0.078513 8.679364 1.735516
v 0.038315 8.667564 1.689516
v 0.783493 8.770864 -0.909599
v -0.686057 8.684164 -0.945709
v 0.583917 8.672664 1.625576
v -0.538597 8.653364 1.520351
v 1.120328 11.535764 -0.322064
v -1.089855 11.481764 -0.326779
v 0.411106 11.609864 -0.572994
v -0.417397 11.582164 -0.565519
v 1.017813 11.335464 1.611891
v -0.937547 11.275864 1.575091
v -0.008448 11.512564 1.763116
v 0.052657 11.511864 1.698371
v 0.738043 11.585364 -0.557009
v -0.743526 11.540964 -0.540564
v 0.358687 11.501764 1.768521
v -0.287410 11.473264 1.733331
v 1.445346 12.651564 -0.559769
v -1.384674 12.645864 -0.571154
v 0.445446 12.793864 -0.700184
v -0.448707 12.766665 -0.709729
v 0.860758 12.524364 1.186506
v -0.833315 12.506564 1.172821
v 0.109217 12.508964 1.362226
v -0.072785 12.560664 1.287361
v 0.894795 12.773264 -0.699379
v -0.886037 12.734264 -0.710419
v 0.430094 12.531064 1.306221
v -0.431840 12.560064 1.322091
v 1.487160 13.113264 0.482016
v -1.491027 13.111764 0.476956
v 1.237892 10.924964 0.344246
v -1.220650 10.839564 0.369201
v 1.442821 9.447564 0.235456
v -1.469817 9.353464 0.199001
v 1.413935 11.658164 0.487651
v -1.413156 11.690164 0.478911
v 0.726125 13.245764 0.452806
v -0.706863 13.231164 0.430381
v 1.187392 10.169765 0.280996
v -1.205197 10.088964 0.282491
v 1.652295 8.909964 0.308826
v -1.641416 8.779264 0.244426
v 1.354648 11.424564 0.434521
v -1.332154 11.370064 0.430381
v 1.422722 12.890164 0.769631
v -1.417499 12.887964 0.770091
v 0.191128 12.979164 1.015501
v -0.172573 13.033764 1.033441
v 1.241427 10.891964 0.772621
v -1.228528 10.825264 0.774346
v 1.406360 9.467564 0.738466
v -1.452243 9.386964 0.700056
v 1.344346 11.874964 0.995376
v -1.313065 11.878664 0.912001
v 0.554728 12.997864 0.863241
v -0.556272 13.016364 0.859791
v 1.185170 10.192264 0.682576
v -1.188835 10.127264 0.670616
v 1.586544 8.863464 0.866346
v -1.602430 8.754464 0.774576
v 1.261829 11.427364 0.859561
v -1.228629 11.352464 0.872786
v 1.385554 12.454165 1.038616
v -1.387300 12.454064 1.030221
v 1.523217 13.187064 0.088716
v -1.529710 13.172565 0.054101
v 1.149315 10.986964 0.036851
v -1.139345 10.905164 0.075031
v 1.291119 9.388464 -0.108049
v -1.278220 9.307064 -0.191539
v 1.405249 11.712264 0.049271
v -1.433053 11.726464 0.022706
v 0.749355 13.404064 0.044556
v -0.729992 13.371064 0.020406
v 1.084978 10.156464 0.019256
v -1.101066 10.084764 0.018336
v 1.475141 8.906364 -0.174059
v -1.462646 8.792864 -0.274799
v 1.305158 11.471364 0.020866
v -1.269837 11.412364 0.004651
v 1.694816 11.956764 -0.263874
v -1.720398 11.957164 -0.272499
v 1.721985 11.752564 0.022016
v -1.771605 11.746164 0.022936
v 1.697240 11.717064 0.386566
v -1.785442 11.803164 0.408646
v 1.927217 12.802864 -0.285724
v -1.958960 12.755064 -0.328849
v 1.955396 12.937364 0.125746
v -1.982190 12.908264 0.082736
v 1.909340 12.865264 0.541126
v -1.930175 12.843964 0.533651
v 1.792382 12.639864 0.773426
v -1.810591 12.631964 0.764801
v 1.696634 12.296664 0.848176
v -1.730599 12.256464 0.831846
v 1.667445 11.939464 0.633471
v -1.762010 11.956564 0.648766
v 1.813491 12.432964 -0.462364
v -1.768373 12.424764 -0.470989
v 2.355154 12.276564 -0.170494
v -2.364475 12.195064 -0.170034
v 2.152043 11.972664 -0.282849
v -2.199845 11.915064 -0.274914
v 2.028722 11.634664 -0.210284
v -2.094603 11.590564 -0.217299
v 2.175374 12.154564 0.757096
v -2.281958 12.132064 0.712476
v 2.311724 12.329264 0.557801
v -2.380736 12.267664 0.518701
v 2.010542 11.592564 0.335736
v -2.066424 11.552364 0.402091
v 2.025793 11.703564 0.561596
v -2.094098 11.679364 0.616221
v 2.063466 11.920864 0.743066
v -2.171666 11.912164 0.760661
v 2.398382 12.392464 0.191296
v -2.444669 12.310364 0.173126
v 1.992463 11.532664 0.003271
v -2.042689 11.475064 0.027306
v 2.316976 11.207664 -0.011104
v -2.373969 11.130564 0.019601
v 2.430298 11.293664 -0.211204
v -2.487392 11.221164 -0.203729
v 2.281020 11.269864 0.289161
v -2.361142 11.229164 0.393581
v 2.695019 11.786264 -0.052734
v -2.777969 11.678364 -0.039969
v 2.726329 11.898864 0.227981
v -2.812410 11.778764 0.226141
v 2.661285 11.868464 0.563206
v -2.771808 11.777064 0.503866
v 2.391615 11.530364 0.711901
v -2.533852 11.524064 0.743641
v 2.517057 11.711664 0.738006
v -2.666465 11.685464 0.703391
v 2.310411 11.359365 0.505476
v -2.398310 11.339564 0.602881
v 2.596645 11.552364 -0.234779
v -2.664344 11.460964 -0.234089
v 3.105025 11.097686 -0.143221
v -3.107734 11.003764 -0.174634
v 3.128309 11.301564 0.051916
v -3.217622 11.222564 0.076526
v 2.888229 10.838048 -0.147784
v -2.844932 10.790264 -0.116789
v 2.876415 11.327264 0.728346
v -2.965728 11.305364 0.702816
v 3.032359 11.432664 0.559526
v -3.088746 11.347464 0.574591
v 2.695524 10.982064 0.574591
v -2.769157 10.968453 0.731429
v 2.661386 10.863164 0.380816
v -2.741180 10.822853 0.582964
v 2.753195 11.196764 0.720871
v -2.824429 11.227264 0.735246
v 3.106796 11.417665 0.274096
v -3.186615 11.326464 0.335161
v 2.707436 10.774246 0.072891
v -2.753502 10.674953 0.249349
v 3.299776 10.164815 0.687002
v -3.234666 10.206953 0.854134
v 3.499341 10.256454 0.406715
v -3.406265 10.146053 0.585954
v 3.164871 10.345264 0.896476
v -3.249513 10.337753 1.058719
v 3.553418 10.939564 0.674526
v -3.630106 10.824164 0.795851
v 3.616341 10.847164 0.472241
v -3.750296 10.726064 0.603456
v 3.443328 10.907064 0.881986
v -3.495069 10.830164 0.937186
v 3.350408 10.781864 0.996986
v -3.404977 10.784264 0.995376
v 3.275567 10.622464 1.031141
v -3.319834 10.694064 1.021136
v 3.207897 10.438764 1.009521
v -3.232772 10.554964 1.010786
v 3.688918 10.534253 0.352320
v -3.766532 10.366653 0.444734
v 4.090210 10.284724 1.069318
v -4.102787 10.300164 1.176846
v 4.080773 10.114944 0.959381
v -4.216613 9.911328 1.015777
v 3.970178 9.901043 0.993191
v -3.845954 9.763631 1.150495
v 3.843288 10.419065 1.373956
v -3.863618 10.356464 1.436056
v 3.741783 10.328064 1.465496
v -3.797665 10.299164 1.507471
v 3.615331 9.972864 1.397991
v -3.638850 9.973505 1.530293
v 3.617149 10.059264 1.479411
v -3.651720 10.104864 1.539901
v 3.666639 10.193264 1.504481
v -3.716259 10.199664 1.541511
v 3.971356 10.422064 1.196281
v -3.975829 10.355764 1.326461
v 3.783227 9.812544 1.154651
v -3.657630 9.861547 1.378436
v 0.983978 13.181364 0.437281
v -0.972190 13.194364 0.435441
v 0.930650 12.939364 0.781131
v -0.931487 12.965664 0.800566
v 1.008521 13.300964 0.052951
v -0.986532 13.298965 0.023741
v 4.415453 9.668764 1.603841
v -4.353417 9.472746 1.525129
v 4.018927 9.775764 2.032331
v -3.955735 9.644939 1.997196
v 4.047510 9.869264 2.037736
v -4.025426 9.783225 2.053773
v 4.164771 9.926264 2.027616
v -4.132331 9.866140 2.053566
v 4.271224 9.931264 1.952751
v -4.244032 9.891809 1.976475
v 4.371518 9.887964 1.843041
v -4.342434 9.836809 1.836198
v 4.424037 9.807864 1.722061
v -4.403246 9.660548 1.637192
v 4.060034 9.634264 1.998291
v -3.960646 9.517620 1.904429
v 4.174366 9.455864 1.721026
v -4.046466 9.451646 1.761405
v 4.308292 9.506464 1.541396
v -4.211464 9.427668 1.602453
v -0.018750 12.753464 -0.585069
v -0.036223 11.613164 -0.502499
v 0.100632 8.677464 -0.981474
v 0.020438 10.182664 -0.269164
v -0.037435 12.174164 -0.617269
v 0.057000 9.243364 -0.609449
v 0.007510 10.986064 -0.298029
v 0.001248 13.194264 -0.444769
v 4.468455 9.785324 1.728038
v 4.456840 9.630724 1.584518
v 4.332913 9.466325 1.496888
v 4.255065 9.949864 1.941941
v 4.156893 9.940164 2.013126
v 4.030643 9.647564 1.940676
v 4.001353 9.809764 2.009331
v 4.050338 9.886664 2.031756
v 4.357277 9.908864 1.833841
v 4.198482 9.411325 1.610853
v 4.129354 9.727444 1.212956
v 3.954826 9.655144 1.330026
v 3.797131 9.826264 1.605451
v 4.208639 10.105844 1.283336
v 4.101645 10.246164 1.394196
v 3.990344 10.250764 1.570031
v 3.907524 10.165564 1.687676
v 3.845005 10.032864 1.744831
v 3.797636 9.917364 1.707111
v 4.221668 9.937344 1.192831
v -4.376551 9.762526 1.579869
v -4.335669 9.537458 1.443450
v -4.154994 9.475997 1.528426
v -4.180982 9.933215 1.933392
v -4.072409 9.912675 1.986246
v -3.919995 9.590865 1.849443
v -3.917380 9.718376 1.924297
v -3.977437 9.845171 1.974864
v -4.293891 9.907709 1.799026
v -3.989381 9.520802 1.703438
v -4.038169 9.609098 1.373681
v -3.864803 9.669807 1.590634
v -3.829838 9.749418 1.741578
v -4.262079 10.047746 1.416893
v -4.163918 10.119561 1.594471
v -4.060669 10.101964 1.726776
v -3.966324 10.055841 1.798282
v -3.883184 9.987574 1.802053
v -3.831471 9.882486 1.772709
v -4.254002 9.763268 1.261960
v 0.001753 11.658064 1.752996
v 0.050435 11.657764 1.675601
v 0.980039 11.690464 -0.495254
v -0.963403 11.647064 -0.488814
v 0.575837 11.746464 -0.627619
v -0.586067 11.708264 -0.615429
v 0.725014 11.608564 1.812221
v -0.706964 11.569864 1.814406
v 0.167292 11.672664 1.743451
v -0.142980 11.650364 1.709411
v 1.353234 11.520764 0.705921
v -1.339022 11.495464 0.697181
v 1.273848 11.565064 1.247111
v -1.258020 11.511964 1.310016
v 1.282433 11.592764 -0.157844
v -1.247819 11.553064 -0.175324
v 1.372525 11.509964 0.227176
v -1.349122 11.475364 0.216366
v 0.233043 11.747364 -0.576904
v -0.252161 11.731464 -0.576789
v 1.163556 11.650264 -0.329424
v -1.135406 11.606764 -0.336784
v 0.415449 11.751464 -0.618304
v -0.424871 11.723864 -0.612439
v 1.076898 11.589464 1.799571
v -1.049960 11.538664 1.778756
v 0.762586 11.726664 -0.595764
v -0.769180 11.683064 -0.580354
v 0.354243 11.665364 1.747821
v -0.267109 11.641064 1.713896
v 1.374343 11.501764 0.455566
v -1.358616 11.470364 0.448896
v 1.286574 11.546264 0.903031
v -1.266302 11.496664 0.908551
v 1.337478 11.546564 0.025811
v -1.308924 11.506664 0.007411
v -0.035314 11.746164 -0.539184
v 0.675827 10.646164 -0.259274
v 0.725923 9.723664 -0.302169
v 0.842679 11.573164 -0.514229
v 1.155880 11.364664 1.459171
v -0.706863 8.664364 1.474006
v -0.009155 11.353864 1.756906
v 0.067504 11.353064 1.688711
v 0.688553 8.751064 -0.943294
v 0.921459 11.442564 -0.432234
v -0.906742 11.390564 -0.416939
v 0.542406 11.464864 -0.526994
v -0.546778 11.430364 -0.513079
v 0.679867 11.256464 1.592456
v -0.605661 11.214764 1.584866
v 0.180624 11.352564 1.742071
v -0.142172 11.352564 1.713781
v 1.317783 11.312964 0.639221
v -1.297107 11.252264 0.646581
v 1.159516 11.266864 1.044596
v -1.111974 11.197064 1.116356
v 1.203956 11.396964 -0.145769
v -1.169241 11.333364 -0.150024
v 1.310309 11.333164 0.202911
v -1.279735 11.266364 0.198656
v 0.237891 11.464464 -0.485824
v -0.250848 11.451064 -0.483064
v 0.892573 8.795864 -0.846924
v 1.090230 11.423064 -0.301249
v -1.064908 11.363964 -0.294234
v 0.399693 11.465364 -0.517104
v -0.399116 11.440264 -0.508939
v 0.960243 11.222464 1.453306
v -0.866746 11.169765 1.421451
v -1.091370 11.262364 1.444336
v -0.836244 11.527364 -0.502269
v 0.712288 11.454664 -0.505949
v -0.716559 11.412564 -0.488124
v 0.389896 11.324064 1.653521
v -0.333567 11.325864 1.701246
v 1.326267 11.315664 0.409451
v -1.303268 11.248764 0.413016
v 1.273747 11.308164 0.899351
v -1.235497 11.237164 0.866116
v 1.264556 11.363964 0.018566
v -1.234386 11.298265 0.015116
v -0.032486 11.473364 -0.452014
v 0.848638 9.004764 -0.721574
v 0.791573 11.324064 -0.423839
v 0.900350 11.844064 -0.577134
v 0.996704 12.444964 -0.681209
v 1.091442 13.015864 -0.557814
v 1.073262 9.807264 1.109341
v 1.048618 10.521164 1.172361
v 1.253244 9.077564 1.198351
v 1.046396 11.136164 1.232621
v 1.177999 11.787164 1.549561
v 1.032761 12.278264 1.267581
v 1.085483 13.072564 0.607136
v 1.121742 13.233064 0.263056
v 1.152749 13.296564 -0.155544
v 1.010844 12.736064 0.958001
v 1.274151 8.793864 1.224341
v 0.993573 8.743164 1.397646
v 1.138912 13.213464 -0.389684
v 0.722085 11.020064 -0.319189
v 0.779453 9.292764 -0.477314
v 0.963475 12.136164 -0.631874
v 0.675625 10.220464 -0.248119
v 0.502511 8.720564 -0.986189
v -0.796652 8.704464 -0.894304
v 1.038417 12.749664 -0.664074
v 1.054476 10.880164 1.230091
v 1.170626 9.454364 1.147981
v 1.119722 12.033164 1.468831
v 1.035084 10.152464 1.117161
v -0.634345 9.696464 -0.330459
v -0.658585 10.599564 -0.255134
v 0.991553 12.518164 1.151776
v 1.105683 13.168365 0.445906
v 1.054274 12.934864 0.775841
v 1.139114 13.280264 0.065141
v 1.196381 11.580864 1.573021
v 0.871363 11.708564 -0.545509
v 1.088109 11.248464 1.314961
v 0.816924 11.448565 -0.469149
v -0.748778 8.908364 -0.790919
v -0.787461 11.275864 -0.402794
v -0.896642 11.802964 -0.567244
v -0.989764 12.415464 -0.680519
v -1.046122 12.985964 -0.587139
v -1.082179 9.792864 1.093816
v -1.042284 10.506564 1.167531
v -1.294683 9.025864 1.149361
v -1.006732 11.085564 1.265166
v -1.162070 11.745764 1.585671
v -1.006025 12.263964 1.304266
v -1.073190 13.082564 0.613806
v -1.109853 13.236864 0.242586
v -1.116620 13.292464 -0.201084
v -1.002894 12.745464 0.967431
v -1.348516 8.720264 1.147866
v 0.718651 8.696464 1.536336
v -1.090360 13.203764 -0.439479
v -0.711812 10.954664 -0.297684
v -0.671715 9.196564 -0.569314
v -0.958555 12.103064 -0.626354
v -0.640809 10.198464 -0.250189
v -1.045213 8.689564 1.345436
v -0.590612 8.673564 -0.967904
v -1.010166 12.715264 -0.675919
v -1.043294 10.854164 1.232046
v -1.199238 9.428764 1.127281
v -1.107227 12.010064 1.478951
v -1.036224 10.141665 1.103591
v -0.468402 9.702664 -0.342994
v -0.511731 10.603564 -0.291359
v -0.971584 12.511164 1.143036
v -1.093693 13.175964 0.439696
v -1.049758 12.952564 0.788261
v -1.116923 13.275864 0.031561
v -1.177624 11.528964 1.576701
v -0.866342 11.665064 -0.534699
v -1.007035 11.185764 1.291501
v -0.811701 11.401664 -0.452589
v -0.839577 10.519564 1.436746
v -0.860686 9.794264 1.331521
v -0.560211 8.889565 -0.854169
v -1.007540 9.009564 1.375681
v -0.605762 11.289464 -0.445689
v -0.697975 11.837964 -0.640959
v -0.794430 11.777964 1.719646
v -0.766049 11.089364 1.472626
v -0.750899 12.445764 -0.741239
v -0.804732 13.027564 -0.617039
v -0.726053 12.287764 1.415011
v -0.869473 13.113364 0.627951
v -0.903005 13.269164 0.232236
v -0.894925 13.348264 -0.205224
v -0.781704 12.768064 1.029991
v 0.573514 9.718864 -0.331954
v 0.531195 10.638264 -0.294579
v -0.852303 13.274264 -0.452244
v -0.544051 10.951664 -0.342189
v -0.822205 10.878264 1.478261
v -0.492945 9.192264 -0.608414
v -0.942294 9.425864 1.365101
v -0.729891 12.135464 -0.707889
v -0.747465 12.046564 1.559796
v -0.482138 10.217564 -0.273074
v -0.837355 10.150064 1.361536
v -0.657474 11.553364 -0.555399
v -0.804934 11.308664 1.663756
v -0.406691 8.662164 -0.991939
v 0.008419 11.921364 1.651911
v -0.772715 12.745564 -0.721689
v -0.722316 12.516764 1.222961
v -0.893612 13.211264 0.438776
v -0.835537 12.975964 0.821266
v -0.903813 13.317764 0.020981
v -0.886340 11.555364 1.807621
v -0.677573 11.695664 -0.598064
v -0.743122 11.192964 1.511956
v -0.631517 11.421564 -0.500659
v 0.851264 10.515664 1.433181
v 0.856415 9.790064 1.329566
v 0.660475 8.968964 -0.809319
v 0.976908 9.041264 1.403396
v 0.603612 11.324965 -0.462479
v 0.687745 11.878464 -0.653609
v 0.838538 11.828564 1.698946
v 0.811571 11.123664 1.441921
v 0.747739 12.482864 -0.742159
v 0.827125 13.062364 -0.590934
v 0.759253 12.309064 1.375106
v 0.873484 13.091564 0.613921
v 0.917217 13.262564 0.248336
v 0.919540 13.353164 -0.170034
v 0.777635 12.742864 1.004116
v 0.440194 9.716164 -0.346099
v 0.414540 10.635864 -0.300214
v 0.883584 13.278964 -0.408199
v 0.549678 10.989764 -0.351849
v 0.843083 10.884264 1.470441
v 0.610379 9.259964 -0.546889
v 0.920752 9.435664 1.367516
v 0.722388 12.172864 -0.715479
v 0.783594 12.087964 1.558301
v 0.538972 10.234264 -0.273074
v 0.840558 10.142464 1.361881
v 0.650981 11.594464 -0.570119
v 0.856112 11.336064 1.712746
v 0.776423 12.782964 -0.710304
v 0.743497 12.527664 1.218476
v 0.902168 13.194964 0.440041
v 0.829044 12.945564 0.798841
v 0.924893 13.320864 0.044786
v 0.902370 11.598964 1.806701
v 0.669161 11.736564 -0.611749
v 0.836215 11.208564 1.566121
v 0.627246 11.459864 -0.516644
v 0.605632 10.541864 1.609361
v 0.616338 9.791864 1.502296
v 0.496249 8.945364 -0.853134
v 0.690876 9.003664 1.531046
v 0.454435 11.323565 -0.465929
v 0.503723 11.891064 -0.667639
v 0.523115 11.805764 1.704006
v 0.570888 11.155864 1.581991
v 0.531195 12.492364 -0.744574
v 0.592199 13.079264 -0.588864
v 0.522509 12.303664 1.441921
v 0.727034 13.115364 0.628296
v 0.797431 13.311364 0.250521
v 0.753361 13.478800 -0.076177
v 0.577352 12.761765 1.067711
v -0.336092 9.693864 -0.350469
v -0.390127 10.610164 -0.296534
v 0.644483 13.393400 -0.317907
v 0.428680 10.982265 -0.358289
v 0.595734 10.901664 1.629026
v 0.461202 9.254664 -0.587139
v 0.661687 9.421165 1.534726
v 0.516752 12.186664 -0.726634
v 0.506753 12.073264 1.550481
v 0.416762 10.236564 -0.277674
v 0.604723 10.156364 1.544386
v 0.487361 11.606565 -0.578284
v 0.524327 11.451664 1.768521
v 0.046900 11.922464 1.558186
v 0.551496 12.793464 -0.710879
v 0.528771 12.531264 1.280231
v 0.772989 13.226864 0.447746
v 0.641184 12.974764 0.839781
v 0.795209 13.372564 0.040876
v 0.557152 11.621364 1.795661
v 0.495542 11.748964 -0.623249
v 0.543820 11.291264 1.642711
v 0.470898 11.465064 -0.522279
v -0.579704 10.545064 1.612351
v -0.601520 9.802164 1.517246
v -0.385582 8.883164 -0.875329
v -0.695450 8.981664 1.532196
v -0.451333 11.296764 -0.454314
v -0.516175 11.858064 -0.660509
v -0.487895 11.763865 1.704236
v -0.520114 11.142564 1.608096
v -0.536981 12.459864 -0.746529
v -0.587279 13.051164 -0.607149
v -0.476583 12.283964 1.435596
v -0.724942 13.131164 0.631631
v -0.777765 13.300964 0.229476
v -0.719258 13.402603 -0.158765
v -0.583441 12.792964 1.088296
v 1.052860 11.966364 -0.543094
v -1.038143 11.932464 -0.539069
v -0.606542 13.323804 -0.402220
v -0.418609 10.957264 -0.351849
v -0.565463 10.903764 1.630291
v -0.341748 9.202964 -0.618189
v -0.658787 9.420564 1.542201
v -0.526679 12.154264 -0.722724
v -0.468806 12.043365 1.553126
v -0.353464 10.217464 -0.276639
v -0.586471 10.170564 1.552436
v -0.494359 11.573864 -0.567704
v -0.481835 11.405764 1.726316
v -0.553747 12.761664 -0.721689
v -0.521629 12.543164 1.298401
v -0.759484 13.228264 0.435211
v -0.648485 13.001664 0.851166
v -0.775442 13.354164 0.019601
v -0.550111 11.579364 1.782436
v -0.505368 11.716164 -0.614394
v -0.481835 11.271064 1.657086
v -0.472846 11.435264 -0.511124
v 0.599269 12.037664 -0.703059
v -0.610812 11.999864 -0.694319
v 0.647749 11.959764 1.629256
v -0.603439 11.915764 1.632821
v 0.178402 11.917464 1.615341
v -0.141768 11.913364 1.588201
v 1.376161 11.667964 0.733176
v -1.373766 11.685164 0.713396
v 1.254355 11.854964 1.234806
v -1.240345 11.835364 1.299781
v 1.363435 11.746064 -0.156464
v -1.344375 11.736664 -0.178429
v 1.410703 11.620764 0.245576
v -1.421337 11.632164 0.234306
v 0.231225 12.033364 -0.641764
v -0.250444 12.017564 -0.643374
v 0.960748 11.953664 1.598091
v 0.421307 12.040264 -0.691214
v 1.281928 11.905164 -0.346099
v -1.259434 11.886964 -0.359899
v -0.432143 12.012364 -0.688569
v -0.918054 11.904464 1.617066
v 0.811066 12.013764 -0.666029
v -0.817054 11.973664 -0.654184
v 0.370807 11.918564 1.591191
v -0.324477 11.886464 1.587971
v 1.404340 11.615264 0.482591
v -1.399622 11.627064 0.473391
v 1.311117 11.766364 0.931666
v -1.305894 11.759064 0.924881
v 1.387675 11.667164 0.040416
v -1.390532 11.666264 0.016496
v -0.036021 12.026464 -0.596339
v 1.148608 11.909364 1.507471
v 0.932064 11.990164 -0.604619
v -1.136214 11.877864 1.533691
v -0.927750 11.953064 -0.596684
v -0.765948 11.910664 1.631556
v -0.713933 11.986764 -0.674424
v 0.808541 11.958764 1.626726
v 0.705117 12.025664 -0.684544
v 0.512914 11.942364 1.627991
v 0.510288 12.038864 -0.697194
v -0.483653 11.903164 1.633511
v -0.521427 12.006164 -0.691559
vn 0.9380 0.3218 -0.1289
vn 0.5137 0.1362 0.8471
vn 0.3189 0.0336 0.9472
vn 0.5302 -0.0105 0.8478
vn 0.0925 -0.1314 0.9870
vn 0.3883 0.6591 -0.6441
vn 0.1013 0.7461 -0.6581
vn 0.3358 0.7670 -0.5468
vn 0.7392 0.0936 0.6670
vn 0.8573 0.2435 0.4536
vn 0.7031 0.2107 0.6791
vn 0.8855 0.1541 0.4383
vn 0.9488 0.1894 0.2526
vn 0.7790 0.6239 -0.0625
vn 0.9019 0.3449 0.2601
vn 0.3263 -0.0947 0.9405
vn 0.0904 -0.1736 0.9807
vn 0.5113 0.0419 0.8584
vn 0.3004 -0.0870 0.9498
vn 0.9613 0.2144 -0.1732
vn 0.9628 0.1281 0.2380
vn 0.9022 0.1189 0.4146
vn 0.7509 0.1152 0.6503
vn 0.7663 0.3641 -0.5293
vn -0.0245 0.6983 -0.7154
vn 0.1538 0.6611 -0.7344
vn 0.4555 0.5472 -0.7022
vn 0.1067 0.7191 -0.6867
vn -0.0175 0.7163 -0.6975
vn -0.0185 0.6357 -0.7717
vn -0.0237 0.7053 -0.7085
vn -0.0198 0.6443 -0.7645
vn 0.0009 0.6800 -0.7332
vn -0.0414 0.7010 -0.7120
vn -0.0050 0.6945 -0.7195
vn -0.0456 0.7015 -0.7112
vn 0.0934 -0.0262 0.9953
vn 0.5800 0.7322 -0.3571
vn 0.7125 0.5000 -0.4922
vn 0.2482 -0.0569 0.9670
vn 0.2253 0.5335 -0.8153
vn 0.0365 0.5632 -0.8255
vn 0.8078 0.2676 -0.5252
vn 0.0858 -0.1103 0.9902
vn 0.0022 0.5798 -0.8147
vn 0.9046 0.1591 0.3953
vn 0.9729 0.1355 -0.1875
vn 0.4732 0.0652 0.8785
vn 0.5282 0.4290 -0.7328
vn -0.0237 0.5695 -0.8217
vn 0.7480 0.1518 0.6462
vn 0.9694 0.1146 0.2169
vn 0.1995 -0.0078 0.9799
vn 0.7091 0.1856 0.6802
vn 0.8221 0.3111 -0.4769
vn 0.0476 0.4679 -0.8825
vn 0.2640 0.4740 -0.8400
vn 0.0028 0.4545 -0.8907
vn 0.9473 0.2631 0.1826
vn 0.4257 0.0726 0.9020
vn 0.8651 0.2756 0.4191
vn 0.5784 0.4101 -0.7052
vn -0.0096 0.4611 -0.8873
vn 0.9613 0.2395 -0.1358
vn 0.0754 -0.0596 0.9954
vn -0.0344 0.2527 -0.9669
vn 0.9491 0.2871 0.1295
vn 0.3791 0.1237 0.9171
vn 0.8487 0.2938 0.4397
vn 0.6231 0.2774 -0.7313
vn 0.0032 0.2659 -0.9640
vn 0.9546 0.2873 -0.0790
vn 0.0548 0.0415 0.9976
vn 0.1722 0.0647 0.9829
vn 0.6492 0.2252 0.7266
vn 0.8355 0.2837 -0.4706
vn 0.0647 0.2576 -0.9641
vn 0.3037 0.2643 -0.9154
vn 0.6223 -0.0775 -0.7789
vn 0.0472 -0.0628 -0.9969
vn 0.9851 0.1374 -0.1032
vn 0.0171 0.1533 0.9880
vn 0.1346 0.2182 0.9666
vn 0.6601 0.2505 0.7082
vn 0.8544 0.0494 -0.5173
vn 0.1470 -0.1234 -0.9814
vn 0.3362 -0.1565 -0.9287
vn -0.0351 -0.0263 -0.9990
vn 0.9759 0.2071 0.0689
vn 0.3474 0.2521 0.9032
vn 0.8798 0.2343 0.4135
vn 0.1132 0.1661 0.9796
vn 0.7182 0.2115 0.6629
vn 0.8121 -0.1318 -0.5685
vn 0.2404 -0.3696 -0.8976
vn 0.3390 -0.4060 -0.8487
vn 0.0737 -0.2284 -0.9708
vn 0.9800 0.1822 0.0800
vn 0.3764 0.1996 0.9047
vn 0.9139 0.1731 0.3671
vn 0.5319 -0.3351 -0.7777
vn 0.1421 -0.3032 -0.9423
vn 0.9735 0.1137 -0.1984
vn -0.0284 0.1222 0.9921
vn 0.4044 0.0868 0.9104
vn 0.9433 0.0668 0.3251
vn 0.4878 -0.2760 -0.8282
vn 0.2483 -0.1948 -0.9489
vn 0.9553 0.0154 -0.2951
vn -0.0537 0.0195 0.9984
vn 0.0932 0.0610 0.9938
vn 0.7647 0.0782 0.6397
vn 0.7551 -0.1360 -0.6414
vn 0.3378 -0.2537 -0.9064
vn 0.3797 -0.2958 -0.8765
vn 0.2266 -0.1367 -0.9644
vn 0.9908 0.0625 0.1201
vn 0.2610 0.0460 -0.9642
vn 0.9439 0.0520 -0.3262
vn -0.0580 -0.0166 0.9982
vn 0.0723 -0.0018 0.9974
vn 0.7618 0.0314 0.6471
vn 0.7259 0.0142 -0.6876
vn 0.3701 0.0608 -0.9270
vn 0.4118 0.0435 -0.9102
vn 0.3006 0.0288 -0.9533
vn 0.9911 0.0750 0.1103
vn 0.4105 0.0127 0.9118
vn 0.9371 0.0695 0.3422
vn 0.5063 0.0077 -0.8623
vn 0.7273 0.0143 -0.6862
vn 0.3697 0.1304 -0.9199
vn 0.4450 0.0999 -0.8899
vn 0.2231 0.1050 -0.9691
vn 0.9958 0.0195 0.0891
vn 0.3973 -0.0521 0.9162
vn 0.9286 0.0153 0.3708
vn 0.5342 0.0524 -0.8437
vn 0.2275 0.1326 -0.9647
vn 0.9425 0.0050 -0.3341
vn -0.0554 -0.0257 0.9981
vn 0.0841 -0.0446 0.9955
vn 0.7386 -0.0179 0.6739
vn 0.3848 -0.0359 0.9223
vn 0.9267 0.0044 0.3758
vn 0.5621 0.0486 -0.8256
vn 0.2219 0.0631 -0.9730
vn 0.9371 -0.0371 -0.3470
vn -0.0537 -0.0230 0.9983
vn 0.1181 -0.0333 0.9924
vn 0.7155 -0.0101 0.6985
vn 0.7432 -0.0113 -0.6690
vn 0.3778 0.0798 -0.9224
vn 0.4707 0.0782 -0.8788
vn 0.1333 0.0477 -0.9899
vn 0.9977 -0.0110 0.0667
vn -0.0459 -0.0459 0.9979
vn 0.1472 -0.0637 0.9871
vn 0.7143 -0.0403 0.6987
vn 0.7606 0.0289 -0.6486
vn 0.3633 0.0499 -0.9303
vn 0.4780 0.0733 -0.8753
vn 0.1161 0.0141 -0.9931
vn 0.9989 0.0095 0.0454
vn 0.3909 -0.0619 0.9183
vn 0.9284 -0.0095 0.3714
vn 0.5815 0.0655 -0.8109
vn 0.2188 0.0244 -0.9755
vn 0.9285 0.0067 -0.3713
vn 0.3610 -0.1689 -0.9172
vn 0.4783 -0.1320 -0.8682
vn 0.1097 -0.1423 -0.9837
vn 0.9761 -0.2159 0.0253
vn 0.3933 -0.3225 0.8610
vn 0.9114 -0.2090 0.3546
vn 0.5880 -0.1219 -0.7996
vn 0.2350 -0.1675 -0.9575
vn 0.9054 -0.2052 -0.3716
vn -0.0361 -0.2436 0.9692
vn 0.1633 -0.2995 0.9400
vn 0.7074 -0.2676 0.6542
vn 0.7650 -0.1546 -0.6252
vn -0.9380 0.3218 -0.1289
vn -0.5137 0.1362 0.8471
vn -0.3189 0.0336 0.9472
vn -0.5302 -0.0105 0.8478
vn -0.0925 -0.1314 0.9870
vn -0.3883 0.6591 -0.6441
vn -0.1013 0.7461 -0.6581
vn -0.3358 0.7670 -0.5468
vn -0.7392 0.0936 0.6670
vn -0.8573 0.2435 0.4536
vn -0.7031 0.2107 0.6791
vn -0.8855 0.1541 0.4383
vn -0.9488 0.1894 0.2527
vn -0.7790 0.6239 -0.0625
vn -0.9019 0.3449 0.2601
vn -0.3263 -0.0947 0.9405
vn -0.0904 -0.1736 0.9807
vn -0.5113 0.0419 0.8584
vn -0.3004 -0.0870 0.9498
vn -0.9613 0.2144 -0.1732
vn -0.9628 0.1281 0.2380
vn -0.9022 0.1189 0.4146
vn -0.7509 0.1152 0.6503
vn -0.7663 0.3641 -0.5293
vn 0.0245 0.6983 -0.7154
vn -0.1538 0.6611 -0.7344
vn -0.4555 0.5472 -0.7022
vn -0.1067 0.7191 -0.6867
vn 0.0175 0.7163 -0.6975
vn 0.0185 0.6357 -0.7717
vn 0.0237 0.7053 -0.7085
vn 0.0198 0.6443 -0.7645
vn -0.0009 0.6800 -0.7332
vn 0.0414 0.7010 -0.7120
vn 0.0050 0.6945 -0.7195
vn 0.0456 0.7015 -0.7112
vn -0.0934 -0.0262 0.9953
vn -0.5800 0.7322 -0.3571
vn -0.7125 0.5000 -0.4922
vn -0.2482 -0.0569 0.9670
vn -0.2253 0.5335 -0.8153
vn -0.0365 0.5632 -0.8255
vn -0.8078 0.2676 -0.5252
vn -0.0858 -0.1103 0.9902
vn -0.0022 0.5798 -0.8147
vn -0.9047 0.1591 0.3953
vn -0.9729 0.1355 -0.1875
vn -0.4732 0.0652 0.8785
vn -0.5282 0.4290 -0.7328
vn 0.0237 0.5695 -0.8217
vn -0.7480 0.1518 0.6462
vn -0.9694 0.1146 0.2169
vn -0.1995 -0.0078 0.9799
vn -0.7091 0.1856 0.6802
vn -0.8221 0.3111 -0.4769
vn -0.0476 0.4679 -0.8825
vn -0.2640 0.4740 -0.8400
vn -0.0028 0.4545 -0.8907
vn -0.9473 0.2631 0.1826
vn -0.4257 0.0726 0.9020
vn -0.8651 0.2756 0.4191
vn -0.5784 0.4101 -0.7052
vn 0.0096 0.4611 -0.8873
vn -0.9613 0.2395 -0.1358
vn -0.0754 -0.0596 0.9954
vn 0.0345 0.2528 -0.9669
vn -0.9552 0.2729 0.1149
vn -0.3791 0.1237 0.9171
vn -0.8487 0.2938 0.4397
vn -0.6231 0.2774 -0.7313
vn -0.0032 0.2659 -0.9640
vn -0.9553 0.2846 -0.0795
vn -0.0548 0.0415 0.9976
vn -0.1722 0.0647 0.9829
vn -0.6492 0.2252 0.7266
vn -0.8216 0.3060 -0.4809
vn -0.0647 0.2576 -0.9641
vn -0.3037 0.2643 -0.9154
vn -0.6223 -0.0775 -0.7789
vn -0.0472 -0.0628 -0.9969
vn -0.9777 0.1862 -0.0968
vn -0.0171 0.1533 0.9880
vn -0.1346 0.2182 0.9666
vn -0.6601 0.2505 0.7082
vn -0.8317 0.0416 -0.5537
vn -0.1470 -0.1235 -0.9814
vn -0.3362 -0.1565 -0.9287
vn 0.0351 -0.0263 -0.9990
vn -0.9675 0.2397 0.0807
vn -0.3474 0.2521 0.9032
vn -0.8798 0.2343 0.4135
vn -0.1132 0.1661 0.9796
vn -0.7182 0.2115 0.6629
vn -0.7931 -0.1708 -0.5846
vn -0.2404 -0.3696 -0.8976
vn -0.3390 -0.4060 -0.8487
vn -0.0737 -0.2284 -0.9708
vn -0.9819 0.1600 0.1011
vn -0.3764 0.1996 0.9047
vn -0.9139 0.1731 0.3671
vn -0.5319 -0.3351 -0.7777
vn -0.1421 -0.3032 -0.9423
vn -0.9776 0.0522 -0.2038
vn 0.0284 0.1222 0.9921
vn -0.4044 0.0868 0.9104
vn -0.9433 0.0668 0.3251
vn -0.4878 -0.2760 -0.8282
vn -0.2483 -0.1948 -0.9489
vn -0.9553 0.0154 -0.2951
vn 0.0537 0.0195 0.9984
vn -0.0932 0.0610 0.9938
vn -0.7647 0.0782 0.6397
vn -0.7551 -0.1360 -0.6414
vn -0.3378 -0.2537 -0.9064
vn -0.3797 -0.2958 -0.8765
vn -0.2266 -0.1367 -0.9644
vn -0.9908 0.0625 0.1201
vn -0.2610 0.0460 -0.9642
vn -0.9439 0.0520 -0.3262
vn 0.0580 -0.0166 0.9982
vn -0.0723 -0.0018 0.9974
vn -0.7618 0.0314 0.6471
vn -0.7259 0.0142 -0.6876
vn -0.3701 0.0608 -0.9270
vn -0.4118 0.0435 -0.9102
vn -0.3006 0.0288 -0.9533
vn -0.9911 0.0750 0.1103
vn -0.4105 0.0127 0.9118
vn -0.9371 0.0695 0.3422
vn -0.5063 0.0077 -0.8623
vn -0.7273 0.0143 -0.6862
vn -0.3697 0.1304 -0.9199
vn -0.4450 0.0999 -0.8899
vn -0.2231 0.1050 -0.9691
vn -0.9958 0.0195 0.0891
vn -0.3973 -0.0521 0.9162
vn -0.9286 0.0153 0.3708
vn -0.5342 0.0524 -0.8437
vn -0.2275 0.1326 -0.9647
vn -0.9425 0.0050 -0.3341
vn 0.0554 -0.0257 0.9981
vn -0.0841 -0.0446 0.9955
vn -0.7386 -0.0179 0.6739
vn -0.3848 -0.0359 0.9223
vn -0.9267 0.0044 0.3758
vn -0.5621 0.0486 -0.8256
vn -0.2219 0.0631 -0.9730
vn -0.9371 -0.0371 -0.3470
vn 0.0537 -0.0230 0.9983
vn -0.1181 -0.0333 0.9924
vn -0.7155 -0.0101 0.6985
vn -0.7432 -0.0113 -0.6690
vn -0.3778 0.0798 -0.9224
vn -0.4707 0.0782 -0.8788
vn -0.1333 0.0477 -0.9899
vn -0.9977 -0.0110 0.0667
vn 0.0459 -0.0459 0.9979
vn -0.1472 -0.0637 0.9871
vn -0.7143 -0.0403 0.6987
vn -0.7606 0.0289 -0.6486
vn -0.3633 0.0499 -0.9303
vn -0.4780 0.0733 -0.8753
vn -0.1161 0.0141 -0.9931
vn -0.9989 0.0095 0.0454
vn -0.3909 -0.0619 0.9183
vn -0.9284 -0.0095 0.3714
vn -0.5815 0.0655 -0.8109
vn -0.2188 0.0244 -0.9755
vn -0.9285 0.0067 -0.3713
vn -0.3610 -0.1689 -0.9172
vn -0.4783 -0.1320 -0.8682
vn -0.1097 -0.1423 -0.9837
vn -0.9761 -0.2159 0.0253
vn -0.3933 -0.3225 0.8610
vn -0.9114 -0.2090 0.3546
vn -0.5880 -0.1219 -0.7996
vn -0.2350 -0.1675 -0.9575
vn -0.9054 -0.2052 -0.3716
vn 0.0361 -0.2436 0.9692
vn -0.1633 -0.2995 0.9400
vn -0.7074 -0.2676 0.6542
vn -0.7650 -0.1546 -0.6252
vn 0.3609 0.6048 0.7099
vn 0.3874 0.5960 0.7034
vn 0.4101 0.5966 0.6899
vn 0.3875 0.6007 0.6993
vn -0.4193 0.5423 0.7281
vn -0.3684 0.6411 0.6732
vn -0.1897 0.5757 0.7954
vn -0.3726 0.5114 0.7743
vn 0.4329 0.6016 0.6713
vn 0.4496 0.6034 0.6587
vn 0.5797 0.6407 0.5035
vn 0.5624 0.6315 0.5338
vn -0.6578 0.5583 0.5056
vn -0.6639 0.6019 0.4437
vn -0.5299 0.6304 0.5673
vn -0.5335 0.5566 0.6368
vn 0.6918 0.6402 0.3340
vn 0.7004 0.6561 0.2809
vn 0.7594 0.6414 0.1095
vn 0.7573 0.6355 0.1504
vn -0.8169 0.5558 0.1545
vn -0.8187 0.5647 0.1039
vn -0.7608 0.5796 0.2919
vn -0.7555 0.5546 0.3487
vn 0.7426 0.6617 -0.1036
vn 0.7485 0.6492 -0.1353
vn 0.4855 0.6540 -0.5801
vn 0.4754 0.6826 -0.5551
vn -0.4295 0.7657 -0.4788
vn -0.5523 0.6235 -0.5534
vn -0.8583 0.5089 0.0663
vn -0.7505 0.6606 0.0159
vn 0.1720 0.5872 -0.7909
vn 0.1551 0.5648 -0.8105
vn 0.0323 0.5124 -0.8582
vn 0.0366 0.5280 -0.8484
vn -0.0293 0.5488 -0.8354
vn -0.0089 0.5273 -0.8497
vn -0.1110 0.5766 -0.8094
vn -0.1218 0.6390 -0.7595
vn -0.4504 0.0381 0.8920
vn 0.0971 0.7156 -0.6917
vn -0.0094 0.6834 -0.7300
vn -0.2033 0.0888 0.9751
vn 0.7190 0.0040 0.6950
vn -0.4637 0.7259 -0.5080
vn -0.7383 0.6709 -0.0691
vn 0.9728 0.1095 0.2040
vn -0.9680 0.0958 0.2320
vn 0.6660 0.7434 -0.0615
vn 0.4218 0.7638 -0.4886
vn -0.7120 0.0020 0.7021
vn 0.9815 0.1782 0.0704
vn -0.7345 0.6439 0.2142
vn -0.6560 0.6340 0.4096
vn 0.9773 0.1878 -0.0984
vn -0.9817 0.1707 -0.0842
vn 0.5847 0.7082 0.3958
vn 0.6739 0.7103 0.2033
vn -0.9824 0.1607 0.0952
vn 0.9463 0.1554 -0.2835
vn -0.5656 0.6176 0.5465
vn -0.4601 0.5888 0.6645
vn 0.8506 0.1791 -0.4944
vn -0.8319 0.2205 -0.5093
vn 0.3460 0.6589 0.6679
vn 0.4573 0.6914 0.5594
vn -0.9424 0.1612 -0.2930
vn 0.7416 0.2358 -0.6280
vn -0.3834 0.5642 0.7313
vn -0.4123 0.5329 0.7389
vn 0.6795 -0.1936 -0.7077
vn -0.7156 0.1786 -0.6753
vn 0.3144 0.6500 0.6919
vn 0.3100 0.6553 0.6888
vn -0.7357 0.3681 -0.5685
vn 0.1957 0.0916 0.9764
vn -0.0118 0.6659 -0.7460
vn -0.1136 0.6959 -0.7091
vn 0.4467 0.0442 0.8936
vn -0.9280 0.2857 0.2390
vn -0.9684 0.1313 0.2120
vn -0.9915 0.1208 0.0480
vn -0.9585 0.2681 0.0970
vn -0.9495 0.2840 -0.1337
vn -0.9737 0.1684 -0.1535
vn -0.6883 0.2787 -0.6697
vn -0.6579 0.4002 -0.6380
vn -0.2456 0.4198 -0.8737
vn -0.3362 0.2714 -0.9018
vn -0.1245 0.2291 -0.9654
vn -0.0807 0.3355 -0.9386
vn 0.2420 0.4162 -0.8765
vn 0.0751 0.3336 -0.9397
vn 0.1229 0.2297 -0.9655
vn 0.3307 0.2804 -0.9011
vn 0.9309 0.3245 -0.1677
vn 0.6407 0.4104 -0.6489
vn 0.6724 0.3037 -0.6751
vn 0.9572 0.2263 -0.1803
vn 0.9104 0.3176 0.2652
vn 0.9463 0.3150 0.0729
vn 0.9794 0.1992 0.0335
vn 0.9517 0.2005 0.2324
vn 0.5886 0.3760 0.7157
vn 0.8147 0.3293 0.4774
vn 0.8586 0.2268 0.4598
vn 0.6857 0.1968 0.7008
vn 0.4692 0.4978 0.7294
vn 0.5018 0.4719 0.7249
vn 0.6069 0.1943 0.7707
vn 0.6639 0.1702 0.7282
vn -0.5122 0.5952 0.6191
vn -0.7052 0.2923 0.6460
vn -0.6071 0.2936 0.7384
vn -0.5046 0.5600 0.6571
vn -0.6404 0.4288 0.6371
vn -0.7236 0.2326 0.6499
vn -0.8933 0.2031 0.4011
vn -0.8638 0.3351 0.3763
vn 0.2441 0.3997 -0.8835
vn 0.2434 0.1249 -0.9619
vn 0.4085 0.1629 -0.8981
vn 0.3605 0.3718 -0.8554
vn -0.3562 0.1914 -0.9146
vn -0.1771 0.1428 -0.9738
vn -0.1885 0.4426 -0.8767
vn -0.3229 0.4057 -0.8551
vn 0.2897 -0.0316 -0.9566
vn 0.2974 -0.1796 -0.9377
vn 0.4974 -0.2289 -0.8368
vn 0.4784 0.0027 -0.8781
vn -0.5119 -0.1828 -0.8394
vn -0.3221 -0.1610 -0.9329
vn -0.2639 -0.0375 -0.9638
vn -0.4661 0.0285 -0.8843
vn 0.0901 0.4705 -0.8778
vn 0.0162 0.1343 -0.9908
vn 0.1194 0.1171 -0.9859
vn 0.2028 0.4186 -0.8852
vn -0.0413 0.1359 -0.9899
vn -0.0192 0.1433 -0.9895
vn -0.0417 0.4815 -0.8755
vn -0.0619 0.4569 -0.8873
vn -0.0251 -0.0532 -0.9983
vn -0.0423 -0.1638 -0.9856
vn 0.1273 -0.1658 -0.9779
vn 0.1034 -0.0469 -0.9935
vn -0.1357 -0.1516 -0.9791
vn 0.0474 -0.1556 -0.9867
vn 0.0345 -0.0448 -0.9984
vn -0.0863 -0.0483 -0.9951
vn 0.4249 -0.0373 0.9045
vn 0.4677 -0.1259 0.8749
vn 0.6806 -0.1523 0.7166
vn 0.6667 -0.0762 0.7415
vn -0.6851 -0.1501 0.7128
vn -0.4393 -0.1162 0.8908
vn -0.3873 -0.0190 0.9218
vn -0.6595 -0.0745 0.7480
vn 0.5564 -0.0642 0.8284
vn 0.5695 0.1301 0.8116
vn 0.5441 0.2039 0.8139
vn 0.6430 -0.0213 0.7655
vn -0.5722 0.2191 0.7903
vn -0.5127 0.1192 0.8502
vn -0.5116 -0.0494 0.8578
vn -0.6644 -0.0003 0.7473
vn 0.0011 -0.0851 0.9964
vn 0.0166 -0.0968 0.9952
vn 0.2260 -0.1132 0.9675
vn 0.2292 -0.0579 0.9716
vn -0.1394 -0.0862 0.9865
vn -0.0000 -0.0498 0.9988
vn 0.0050 -0.0102 0.9999
vn -0.0905 -0.0106 0.9958
vn 0.0384 -0.0081 0.9992
vn 0.0018 0.0420 0.9991
vn 0.3326 0.0871 0.9391
vn 0.3008 -0.0336 0.9531
vn -0.2175 0.0724 0.9734
vn 0.0132 0.0599 0.9981
vn -0.0076 -0.0395 0.9992
vn -0.2043 -0.0485 0.9777
vn 0.3199 0.5379 -0.7800
vn 0.2105 0.6697 -0.7122
vn 0.3865 0.5902 -0.7087
vn 0.5127 0.5059 -0.6937
vn -0.3375 0.5760 -0.7445
vn -0.2152 0.6382 -0.7392
vn -0.3010 0.4834 -0.8221
vn -0.4438 0.4899 -0.7503
vn 0.0514 0.5038 -0.8623
vn 0.0964 0.6484 -0.7552
vn 0.1558 0.6774 -0.7190
vn 0.1958 0.5370 -0.8206
vn -0.1087 0.6404 -0.7603
vn -0.0526 0.6266 -0.7776
vn -0.0258 0.4642 -0.8853
vn -0.1458 0.4759 -0.8673
vn 0.4985 0.0045 0.8669
vn 0.4883 0.0901 0.8680
vn 0.4427 0.0220 0.8964
vn 0.4795 0.1644 0.8620
vn -0.4557 -0.0052 0.8901
vn -0.3218 -0.1872 0.9281
vn -0.4263 -0.0110 0.9045
vn -0.5147 0.1181 0.8492
vn -0.0358 0.0614 0.9975
vn -0.0789 0.0133 0.9968
vn 0.4302 0.0961 0.8976
vn 0.3856 0.0347 0.9220
vn -0.2269 -0.1898 0.9552
vn -0.1753 -0.0466 0.9834
vn -0.0112 -0.0552 0.9984
vn -0.2003 -0.0575 0.9781
vn 0.2803 -0.3633 -0.8885
vn 0.2977 -0.3885 -0.8721
vn 0.5714 -0.3323 -0.7504
vn 0.4836 -0.3863 -0.7854
vn -0.5494 -0.3558 -0.7560
vn -0.2877 -0.4068 -0.8670
vn -0.2913 -0.3516 -0.8897
vn -0.4882 -0.3841 -0.7836
vn 0.3470 -0.2923 -0.8912
vn 0.3985 -0.2499 -0.8825
vn 0.5400 -0.3314 -0.7737
vn 0.6049 -0.2843 -0.7439
vn -0.5312 -0.3243 -0.7827
vn -0.4076 -0.2572 -0.8762
vn -0.3440 -0.2983 -0.8903
vn -0.5917 -0.2861 -0.7537
vn -0.0482 -0.2958 -0.9540
vn -0.0748 -0.3570 -0.9311
vn 0.0956 -0.3803 -0.9199
vn 0.1104 -0.3331 -0.9364
vn -0.0966 -0.3958 -0.9132
vn 0.0593 -0.3662 -0.9286
vn 0.0381 -0.2863 -0.9574
vn -0.1210 -0.3160 -0.9410
vn -0.0734 -0.2992 -0.9514
vn -0.0762 -0.1873 -0.9793
vn 0.1391 -0.2224 -0.9650
vn 0.1228 -0.2879 -0.9498
vn -0.1534 -0.2359 -0.9596
vn 0.0553 -0.1987 -0.9785
vn 0.0564 -0.3092 -0.9493
vn -0.1317 -0.2955 -0.9462
vn -0.2478 0.4443 0.8609
vn -0.1307 -0.0080 0.9914
vn 0.2507 -0.5021 0.8277
vn 0.1718 0.4813 0.8595
vn -0.2049 -0.6035 0.7706
vn 0.1499 -0.0848 0.9851
vn 0.2317 0.4091 0.8826
vn -0.1215 0.4931 0.8614
vn -0.1255 -0.5880 0.7991
vn 0.3845 0.2297 0.8941
vn 0.6158 0.1541 0.7727
vn 0.4085 -0.7645 0.4987
vn -0.6004 0.1484 0.7858
vn -0.4044 0.1358 0.9044
vn -0.0212 -0.3349 0.9420
vn -0.1845 -0.8316 0.5238
vn 0.1118 0.1597 0.9808
vn 0.0016 0.1202 0.9927
vn 0.0016 0.1469 0.9891
vn 0.2519 0.2011 0.9466
vn 0.0512 0.0925 0.9944
vn 0.1360 0.1136 0.9842
vn 0.1132 0.3669 0.9234
vn -0.0294 0.3587 0.9330
vn 0.0300 -0.0955 0.9950
vn 0.0374 -0.0030 0.9993
vn 0.3602 0.1250 0.9245
vn 0.1564 -0.3504 0.9235
vn -0.1131 0.0363 0.9929
vn 0.0127 0.0195 0.9997
vn 0.1149 -0.0445 0.9924
vn 0.0249 -0.1306 0.9911
vn 0.3597 -0.1545 -0.9202
vn 0.2876 0.0363 -0.9571
vn 0.2866 -0.0777 -0.9549
vn 0.3667 -0.3893 -0.8449
vn -0.3031 -0.0812 -0.9495
vn -0.3037 0.0095 -0.9527
vn -0.3693 -0.1676 -0.9141
vn -0.4022 -0.3547 -0.8441
vn 0.3671 0.5462 -0.7529
vn 0.3093 0.2781 -0.9094
vn 0.2603 0.3205 -0.9108
vn 0.2707 0.5879 -0.7623
vn -0.2690 0.2802 -0.9215
vn -0.3045 0.2339 -0.9233
vn -0.3799 0.4828 -0.7890
vn -0.2652 0.5002 -0.8243
vn -0.0975 -0.0494 -0.9940
vn -0.1061 0.1152 -0.9877
vn 0.1168 0.0866 -0.9894
vn 0.1336 -0.1025 -0.9857
vn -0.1237 0.0479 -0.9912
vn 0.1051 0.0886 -0.9905
vn 0.0822 -0.0669 -0.9944
vn -0.1457 -0.1227 -0.9817
vn -0.0798 0.3976 -0.9141
vn -0.0261 0.6473 -0.7618
vn 0.1295 0.6241 -0.7706
vn 0.1049 0.3707 -0.9228
vn -0.1055 0.5356 -0.8378
vn 0.0878 0.6031 -0.7928
vn 0.0923 0.3772 -0.9215
vn -0.1029 0.3276 -0.9392
vn 0.1677 0.5545 0.8151
vn -0.0242 0.3528 0.9354
vn 0.2125 0.6619 0.7189
vn 0.2711 0.5587 0.7838
vn -0.1759 0.5337 0.8272
vn 0.1248 0.4255 0.8963
vn -0.0882 0.3909 0.9162
vn -0.2714 0.6513 0.7086
vn 0.0241 0.5409 0.8408
vn 0.0051 0.4276 0.9039
vn 0.2714 0.3066 0.9123
vn 0.1523 0.5386 0.8287
vn -0.0631 0.3636 0.9294
vn 0.1239 0.3717 0.9200
vn 0.1398 0.4617 0.8760
vn -0.0462 0.3826 0.9228
vn 0.9607 0.2674 -0.0742
vn 0.9686 0.2227 0.1104
vn 0.8982 0.4086 0.1624
vn 0.9107 0.4035 -0.0883
vn -0.8956 0.4224 0.1397
vn -0.9566 0.2628 0.1263
vn -0.9510 0.3007 -0.0722
vn -0.9054 0.4067 -0.1215
vn 0.9425 0.1767 0.2836
vn 0.8264 0.0517 0.5607
vn 0.7443 0.2591 0.6155
vn 0.8691 0.3616 0.3375
vn -0.7640 0.2831 0.5797
vn -0.8377 0.0713 0.5415
vn -0.9458 0.1837 0.2678
vn -0.8630 0.3873 0.3244
vn 0.9851 -0.1269 -0.1157
vn 0.9927 -0.1191 0.0213
vn 0.9983 -0.0422 0.0397
vn 0.9947 -0.0006 -0.1027
vn -0.9979 -0.0099 0.0644
vn -0.9939 -0.1054 0.0323
vn -0.9851 -0.1094 -0.1329
vn -0.9935 0.0603 -0.0966
vn 0.9648 -0.1083 0.2396
vn 0.8460 -0.0798 0.5272
vn 0.8597 -0.1099 0.4989
vn 0.9694 -0.0947 0.2263
vn -0.8615 -0.1052 0.4967
vn -0.8455 -0.0775 0.5284
vn -0.9639 -0.1070 0.2438
vn -0.9736 -0.0559 0.2213
vn 0.9146 0.3948 -0.0877
vn 0.8894 0.4118 0.1985
vn 0.9428 0.2270 0.2440
vn 0.9703 0.2378 -0.0441
vn -0.9634 0.1958 0.1829
vn -0.9416 0.2993 0.1543
vn -0.9490 0.2949 -0.1119
vn -0.9757 0.2089 -0.0666
vn 0.8183 0.3622 0.4464
vn 0.7029 0.2227 0.6755
vn 0.6523 0.0811 0.7536
vn 0.8105 0.1954 0.5522
vn -0.6988 0.0969 0.7087
vn -0.7376 0.1935 0.6469
vn -0.8666 0.2841 0.4103
vn -0.8698 0.1701 0.4632
vn 0.9728 -0.2256 0.0522
vn 0.9644 -0.0335 0.2623
vn 0.9864 -0.1260 0.1053
vn 0.9839 -0.1702 -0.0542
vn -0.9884 -0.1137 0.1005
vn -0.9402 -0.0954 0.3269
vn -0.9795 -0.1945 0.0528
vn -0.9867 -0.1499 -0.0620
vn 0.9185 -0.1795 0.3522
vn 0.5434 -0.7621 0.3519
vn 0.7738 0.0762 0.6288
vn 0.9327 -0.0510 0.3571
vn -0.7762 0.0976 0.6229
vn -0.3245 -0.8756 0.3577
vn -0.9273 -0.2012 0.3157
vn -0.9340 -0.0457 0.3542
vn 0.9712 -0.1795 0.1566
vn 0.8470 -0.3625 0.3889
vn 0.8897 -0.2880 0.3542
vn 0.9708 -0.2244 0.0846
vn -0.8988 -0.2854 0.3327
vn -0.9357 -0.0629 0.3473
vn -0.9708 -0.1794 0.1593
vn -0.9661 -0.2423 0.0890
vn 0.9227 -0.1991 0.3302
vn 0.4295 0.4313 0.7934
vn 0.7438 -0.4653 0.4798
vn 0.9381 -0.3344 0.0897
vn -0.6038 -0.5762 0.5508
vn -0.3321 0.4727 0.8163
vn -0.9809 0.0461 0.1891
vn -0.9001 -0.4253 0.0946
vn 0.5411 0.1753 0.8225
vn 0.3328 0.4967 0.8016
vn 0.3847 0.6642 0.6410
vn 0.8578 0.0692 0.5094
vn -0.3622 0.5800 0.7297
vn -0.3124 0.6148 0.7242
vn -0.5538 0.1817 0.8126
vn -0.8987 0.0047 0.4386
vn 0.5666 0.2021 -0.7988
vn 0.7213 0.2469 -0.6471
vn 0.6647 0.3325 -0.6691
vn 0.5402 0.3553 -0.7628
vn -0.5995 0.3660 -0.7118
vn -0.6802 0.2746 -0.6797
vn -0.5191 0.2362 -0.8214
vn -0.4591 0.3819 -0.8021
vn 0.8224 0.2816 -0.4943
vn 0.9230 0.2858 -0.2578
vn 0.8782 0.3587 -0.3164
vn 0.7932 0.3297 -0.5120
vn -0.8651 0.3826 -0.3245
vn -0.9100 0.3019 -0.2841
vn -0.8183 0.2968 -0.4922
vn -0.7620 0.3666 -0.5338
vn 0.6930 -0.2405 -0.6796
vn 0.8147 -0.2133 -0.5393
vn 0.8133 0.0498 -0.5797
vn 0.6415 0.0326 -0.7664
vn -0.7989 0.1149 -0.5903
vn -0.8236 -0.1762 -0.5392
vn -0.6947 -0.1963 -0.6919
vn -0.6390 0.0815 -0.7649
vn 0.8901 -0.1789 -0.4191
vn 0.9471 -0.1427 -0.2873
vn 0.9591 0.0405 -0.2801
vn 0.8827 0.0597 -0.4661
vn -0.9624 0.1075 -0.2496
vn -0.9600 -0.1246 -0.2507
vn -0.9036 -0.1482 -0.4020
vn -0.8855 0.1248 -0.4476
vn 0.5855 0.4890 -0.6466
vn 0.7127 0.4015 -0.5752
vn 0.7698 0.3866 -0.5079
vn 0.6887 0.4442 -0.5731
vn -0.7294 0.3816 -0.5677
vn -0.6494 0.4071 -0.6423
vn -0.4924 0.4934 -0.7170
vn -0.5877 0.4519 -0.6711
vn 0.7885 0.3574 -0.5005
vn 0.8623 0.3699 -0.3458
vn 0.9171 0.2660 -0.2970
vn 0.8269 0.3337 -0.4525
vn -0.9298 0.2443 -0.2753
vn -0.8972 0.2968 -0.3271
vn -0.8021 0.3300 -0.4977
vn -0.8538 0.3173 -0.4128
vn 0.7336 -0.3197 -0.5997
vn 0.8623 -0.3470 -0.3688
vn 0.8339 -0.3030 -0.4613
vn 0.7075 -0.3537 -0.6118
vn -0.8338 -0.2924 -0.4683
vn -0.8606 -0.3197 -0.3964
vn -0.7326 -0.3222 -0.5996
vn -0.6978 -0.3526 -0.6234
vn 0.9157 -0.3072 -0.2591
vn 0.9597 -0.2703 -0.0770
vn 0.9578 -0.2160 -0.1896
vn 0.9039 -0.2565 -0.3422
vn -0.9625 -0.1894 -0.1945
vn -0.9633 -0.2457 -0.1079
vn -0.9212 -0.2868 -0.2628
vn -0.9121 -0.2347 -0.3361
vn 0.6561 -0.4290 -0.6209
vn 0.8594 -0.4470 -0.2481
vn 0.8665 -0.3548 -0.3512
vn 0.7275 -0.3192 -0.6073
vn -0.8523 -0.3564 -0.3829
vn -0.7814 -0.5024 -0.3700
vn -0.6480 -0.4178 -0.6369
vn -0.7268 -0.3243 -0.6054
vn 0.9407 -0.2967 -0.1644
vn 0.9666 -0.2549 0.0265
vn 0.9553 -0.2931 -0.0384
vn 0.9099 -0.3433 -0.2329
vn -0.9536 -0.2932 -0.0687
vn -0.9191 -0.3754 0.1197
vn -0.8317 -0.5229 -0.1870
vn -0.9098 -0.3386 -0.2400
vn 0.2448 -0.8739 -0.4199
vn 0.1804 -0.6808 -0.7099
vn -0.1797 -0.7258 -0.6641
vn -0.1108 -0.8601 -0.4980
vn 0.1009 -0.6772 -0.7288
vn -0.1257 -0.6592 -0.7414
vn -0.1660 -0.9138 -0.3706
vn 0.4476 -0.8784 -0.1675
vn 0.5751 -0.8180 -0.0089
vn 0.4470 -0.8698 -0.2088
vn 0.0491 -0.9841 -0.1705
vn 0.1096 -0.9914 -0.0718
vn 0.3051 -0.9522 0.0156
vn -0.3268 -0.9404 -0.0945
vn -0.4981 -0.8524 0.1594
vn 0.0839 -0.9854 0.1482
vn 0.4986 0.7541 -0.4274
vn 0.4759 0.8701 -0.1284
vn 0.5568 0.8146 -0.1625
vn 0.5276 0.7339 -0.4278
vn -0.5537 0.8135 -0.1777
vn -0.4480 0.8742 -0.1872
vn -0.4451 0.7509 -0.4879
vn -0.4919 0.7241 -0.4834
vn 0.3815 0.9218 0.0685
vn 0.3112 0.9083 0.2797
vn 0.5601 0.7719 0.3006
vn 0.5767 0.8159 0.0412
vn -0.5836 0.7620 0.2805
vn -0.3366 0.9042 0.2627
vn -0.3965 0.9175 0.0300
vn -0.5927 0.8048 0.0317
vn 0.2927 0.4926 0.8195
vn 0.4255 0.3390 0.8391
vn 0.5176 0.1292 0.8458
vn 0.3821 0.3012 0.8737
vn -0.4774 0.1021 0.8727
vn -0.4528 0.3042 0.8381
vn -0.3084 0.4686 0.8278
vn -0.3754 0.2861 0.8816
vn 0.6217 -0.2478 0.7430
vn 0.8643 -0.1804 0.4694
vn 0.4295 -0.4498 0.7830
vn 0.3300 -0.4251 0.8429
vn -0.3668 -0.4607 0.8082
vn -0.5831 -0.3506 0.7328
vn -0.5157 -0.1913 0.8351
vn -0.3445 -0.3663 0.8644
vn 0.8718 -0.3271 0.3646
vn 0.7282 -0.6242 0.2830
vn 0.2720 -0.8478 0.4553
vn 0.4460 -0.5460 0.7093
vn -0.0644 -0.9551 0.2893
vn -0.5666 -0.7656 0.3048
vn -0.5938 -0.5737 0.5641
vn -0.2951 -0.6948 0.6559
vn 0.2395 0.7889 0.5660
vn 0.2247 0.6282 0.7449
vn 0.3625 0.4675 0.8062
vn 0.4683 0.6392 0.6100
vn -0.3659 0.4604 0.8088
vn -0.2302 0.6195 0.7505
vn -0.2566 0.7928 0.5528
vn -0.4878 0.6457 0.5875
vn 0.1469 -0.5416 -0.8277
vn 0.2017 -0.1612 -0.9661
vn 0.1904 -0.2323 -0.9538
vn -0.0418 -0.5684 -0.8217
vn -0.1708 -0.2420 -0.9551
vn -0.2067 -0.1656 -0.9643
vn -0.1537 -0.4745 -0.8667
vn -0.0192 -0.5250 -0.8509
vn 0.2801 0.2655 -0.9225
vn 0.4019 0.5550 -0.7283
vn 0.4567 0.5260 -0.7174
vn 0.3496 0.1661 -0.9220
vn -0.4049 0.4786 -0.7791
vn -0.3414 0.5394 -0.7698
vn -0.2289 0.2061 -0.9514
vn -0.2674 0.0648 -0.9614
vn 0.3886 -0.0157 -0.9213
vn 0.5534 0.3479 -0.7568
vn 0.5927 0.1366 -0.7937
vn 0.3479 -0.0835 -0.9338
vn -0.5539 0.1302 -0.8224
vn -0.5885 0.1899 -0.7859
vn -0.3606 -0.1043 -0.9269
vn -0.3178 -0.0612 -0.9462
vn -0.0788 -0.4892 -0.8686
vn 0.2121 -0.2956 -0.9315
vn 0.0735 -0.2261 -0.9713
vn -0.1741 -0.3174 -0.9322
vn -0.0676 -0.1926 -0.9789
vn -0.1828 -0.2853 -0.9408
vn 0.1101 -0.4519 -0.8853
vn 0.1616 -0.2934 -0.9422
vn 0.6073 0.4948 0.6216
vn 0.4349 0.3366 0.8352
vn 0.4106 0.3022 0.8603
vn 0.6278 0.4678 0.6221
vn -0.5073 0.3659 0.7802
vn -0.4633 0.3549 0.8121
vn -0.6332 0.5277 0.5662
vn -0.6900 0.5034 0.5201
vn 0.0057 -0.5999 0.8001
vn -0.0527 -0.8931 0.4467
vn -0.5329 -0.7717 0.3472
vn -0.4825 -0.6062 0.6322
vn 0.7008 -0.6302 0.3341
vn 0.5002 -0.7921 0.3498
vn 0.3979 -0.7154 0.5743
vn 0.6158 -0.5879 0.5245
vn -0.0722 -0.4637 0.8830
vn -0.1231 -0.6099 0.7828
vn -0.5786 -0.5946 0.5582
vn -0.3410 -0.4321 0.8348
vn 0.4933 -0.5276 0.6915
vn 0.2817 -0.6103 0.7404
vn 0.0863 -0.4129 0.9067
vn 0.2411 -0.3414 0.9085
vn 0.2975 0.1588 0.9414
vn 0.2309 -0.0546 0.9714
vn -0.0682 -0.1706 0.9830
vn 0.1891 0.0948 0.9774
vn -0.0727 -0.0298 0.9969
vn -0.1813 -0.0055 0.9834
vn -0.3185 0.2009 0.9264
vn -0.3211 0.2191 0.9214
vn 0.7161 0.6842 0.1380
vn 0.7084 0.6073 0.3596
vn 0.7457 0.5385 0.3924
vn 0.8103 0.5507 0.2003
vn -0.7657 0.5532 0.3282
vn -0.7267 0.6114 0.3131
vn -0.7583 0.6467 0.0827
vn -0.8089 0.5777 0.1091
vn 0.6557 0.6241 -0.4249
vn 0.6888 0.7192 -0.0916
vn 0.8441 0.5353 -0.0311
vn 0.8001 0.4264 -0.4219
vn -0.8239 0.5470 -0.1481
vn -0.7725 0.6236 -0.1201
vn -0.7519 0.4812 -0.4506
vn -0.7641 0.4063 -0.5011
vn -0.1949 -0.9803 0.0306
vn -0.4172 -0.9080 -0.0388
vn -0.7175 -0.6905 0.0914
vn -0.6504 -0.7431 0.1576
vn 0.7205 -0.6810 0.1309
vn 0.7013 -0.6941 0.1627
vn 0.6271 -0.7557 0.1891
vn 0.7170 -0.6466 0.2605
vn -0.6000 -0.7462 -0.2883
vn -0.4948 -0.6433 -0.5842
vn -0.5419 -0.5633 -0.6238
vn -0.6909 -0.7022 -0.1720
vn 0.5121 -0.5984 -0.6161
vn 0.4994 -0.6114 -0.6138
vn 0.6790 -0.7195 -0.1459
vn 0.6682 -0.7113 -0.2180
vn -0.6554 -0.6985 -0.2872
vn -0.4721 -0.5653 -0.6765
vn -0.4743 -0.5061 -0.7204
vn -0.6438 -0.6588 -0.3891
vn 0.4889 -0.5013 -0.7140
vn 0.5120 -0.5570 -0.6539
vn 0.6790 -0.6692 -0.3018
vn 0.6748 -0.6545 -0.3410
vn -0.7278 -0.6452 0.2323
vn -0.7279 -0.6856 0.0082
vn -0.7229 -0.6872 -0.0719
vn -0.7240 -0.6548 0.2168
vn 0.7368 -0.6755 0.0285
vn 0.7270 -0.6821 0.0790
vn 0.7112 -0.6521 0.2627
vn 0.7143 -0.6431 0.2761
vn 0.8060 0.3828 -0.4514
vn 0.8575 0.5076 -0.0841
vn 0.8236 0.5437 -0.1616
vn 0.7601 0.4681 -0.4507
vn -0.8031 0.5636 -0.1934
vn -0.8315 0.5265 -0.1773
vn -0.7579 0.4152 -0.5032
vn -0.7394 0.4978 -0.4534
vn 0.8148 0.5572 0.1601
vn 0.7482 0.5379 0.3884
vn 0.7336 0.5752 0.3620
vn 0.8052 0.5841 0.1024
vn -0.7604 0.5976 0.2543
vn -0.7636 0.5686 0.3060
vn -0.8177 0.5695 0.0843
vn -0.8023 0.5961 0.0314
vn 0.1568 0.0418 0.9867
vn -0.1310 -0.2091 0.9691
vn -0.1797 -0.1970 0.9638
vn 0.0856 0.0393 0.9956
vn -0.0343 0.0309 0.9989
vn -0.0809 -0.0146 0.9966
vn -0.3173 0.2274 0.9207
vn -0.2756 0.2429 0.9301
vn -0.3789 -0.4200 0.8247
vn -0.5968 -0.5728 0.5619
vn -0.6108 -0.5822 0.5366
vn -0.4359 -0.4159 0.7981
vn 0.4919 -0.4585 0.7401
vn 0.4800 -0.4817 0.7332
vn 0.2263 -0.2882 0.9305
vn 0.2731 -0.2525 0.9283
vn -0.6588 -0.6199 0.4264
vn -0.7117 -0.6352 0.2999
vn -0.6978 -0.6431 0.3155
vn -0.6662 -0.6305 0.3984
vn 0.6841 -0.6246 0.3767
vn 0.6711 -0.6461 0.3635
vn 0.6118 -0.5880 0.5290
vn 0.6356 -0.5849 0.5039
vn 0.6388 0.4582 0.6180
vn 0.4198 0.2708 0.8663
vn 0.3596 0.2778 0.8908
vn 0.5998 0.4809 0.6395
vn -0.5371 0.4476 0.7149
vn -0.5261 0.4183 0.7404
vn -0.6898 0.5325 0.4906
vn -0.6890 0.5516 0.4702
vn -0.1795 -0.2261 -0.9574
vn 0.0261 -0.0687 -0.9973
vn 0.0725 0.0452 -0.9963
vn -0.2029 -0.2173 -0.9548
vn -0.0879 0.0458 -0.9951
vn -0.0414 -0.0301 -0.9987
vn 0.1825 -0.2278 -0.9565
vn 0.2075 -0.2379 -0.9489
vn 0.3061 0.0765 -0.9489
vn 0.5605 0.1848 -0.8073
vn 0.5807 0.3553 -0.7325
vn 0.3645 0.2603 -0.8941
vn -0.5882 0.4012 -0.7022
vn -0.5596 0.2417 -0.7927
vn -0.3276 0.1375 -0.9347
vn -0.4039 0.3000 -0.8642
vn 0.4629 0.3383 -0.8193
vn 0.6184 0.4575 -0.6390
vn 0.6662 0.4978 -0.5552
vn 0.5467 0.4062 -0.7322
vn -0.6439 0.5227 -0.5587
vn -0.6302 0.4678 -0.6197
vn -0.4732 0.3344 -0.8150
vn -0.5099 0.3692 -0.7770
vn -0.1543 -0.2429 -0.9577
vn 0.1703 0.0695 -0.9829
vn 0.2683 0.0956 -0.9586
vn -0.0696 -0.2690 -0.9606
vn -0.1621 0.0165 -0.9866
vn -0.1510 0.0293 -0.9881
vn 0.1908 -0.2897 -0.9379
vn 0.2426 -0.3653 -0.8987
vn 0.5975 0.5127 0.6165
vn 0.3645 0.3093 0.8783
vn 0.3947 0.3280 0.8583
vn 0.6099 0.5173 0.6004
vn -0.5195 0.4067 0.7515
vn -0.5357 0.4494 0.7148
vn -0.6757 0.5690 0.4687
vn -0.6493 0.5316 0.5439
vn -0.6756 -0.6094 0.4150
vn -0.7093 -0.6206 0.3342
vn -0.7185 -0.5842 0.3774
vn -0.6778 -0.5624 0.4737
vn 0.7754 -0.4741 0.4172
vn 0.6887 -0.6028 0.4030
vn 0.6393 -0.5714 0.5146
vn 0.7230 -0.3958 0.5662
vn -0.4665 -0.4228 0.7770
vn -0.6098 -0.5728 0.5478
vn -0.5836 -0.5115 0.6307
vn -0.3833 -0.3917 0.8365
vn 0.4032 -0.1280 0.9061
vn 0.5146 -0.4465 0.7320
vn 0.2856 -0.2375 0.9285
vn 0.2024 -0.2572 0.9449
vn 0.0704 0.0752 0.9947
vn -0.2111 -0.1627 0.9638
vn -0.1608 -0.1910 0.9683
vn 0.1310 0.0920 0.9871
vn -0.0841 0.0282 0.9961
vn -0.0537 0.0356 0.9979
vn -0.2976 0.2301 0.9266
vn -0.2846 0.2162 0.9339
vn 0.7828 0.6215 0.0319
vn 0.7342 0.6138 0.2902
vn 0.7427 0.6150 0.2649
vn 0.7796 0.6261 0.0158
vn -0.7288 0.6149 0.3013
vn -0.7513 0.6191 0.2288
vn -0.7808 0.6246 0.0133
vn -0.7637 0.6411 0.0754
vn 0.7198 0.5418 -0.4340
vn 0.7770 0.5993 -0.1926
vn 0.7758 0.6063 -0.1747
vn 0.7363 0.5587 -0.3819
vn -0.7579 0.6419 -0.1166
vn -0.7738 0.6058 -0.1853
vn -0.7283 0.5506 -0.4079
vn -0.7183 0.6066 -0.3407
vn -0.7405 -0.6338 0.2235
vn -0.7594 -0.6384 -0.1256
vn -0.6986 -0.7087 -0.0990
vn -0.7429 -0.6222 0.2468
vn 0.7823 -0.6203 0.0571
vn 0.7525 -0.6582 0.0240
vn 0.7307 -0.6178 0.2907
vn 0.7990 -0.5154 0.3097
vn -0.6477 -0.5915 -0.4803
vn -0.4429 -0.4874 -0.7525
vn -0.3817 -0.5401 -0.7500
vn -0.5587 -0.6854 -0.4670
vn 0.5160 -0.6554 -0.5515
vn 0.4710 -0.5178 -0.7142
vn 0.6729 -0.6478 -0.3571
vn 0.6553 -0.6998 -0.2844
vn -0.5100 -0.7685 -0.3864
vn -0.2688 -0.7130 -0.6476
vn -0.1430 -0.8193 -0.5553
vn -0.3956 -0.8455 -0.3586
vn 0.4341 -0.8589 -0.2717
vn 0.5155 -0.7408 -0.4306
vn 0.6540 -0.7403 -0.1555
vn 0.6376 -0.7678 -0.0636
vn -0.8065 -0.5022 0.3120
vn -0.7177 -0.6912 -0.0841
vn -0.6477 -0.7575 -0.0813
vn -0.8374 -0.4375 0.3276
vn 0.7950 -0.5682 0.2126
vn 0.7715 -0.6175 0.1533
vn 0.7753 -0.4825 0.4076
vn 0.8297 -0.3235 0.4548
vn 0.7480 0.6027 -0.2779
vn 0.7471 0.6578 -0.0957
vn 0.7145 0.6996 0.0005
vn 0.7805 0.5984 -0.1810
vn -0.6747 0.7273 0.1257
vn -0.7064 0.7078 -0.0049
vn -0.7267 0.6510 -0.2193
vn -0.7674 0.6377 -0.0669
vn 0.7303 0.6763 0.0969
vn 0.6599 0.6561 0.3661
vn 0.4379 0.7758 0.4542
vn 0.6102 0.7628 0.2142
vn -0.4069 0.7846 0.4679
vn -0.5931 0.6706 0.4456
vn -0.6729 0.7123 0.1995
vn -0.5495 0.7740 0.3146
vn 0.0698 0.1210 0.9902
vn -0.1755 -0.1054 0.9788
vn -0.5341 0.2335 0.8125
vn -0.3186 0.4208 0.8494
vn 0.2793 0.4387 0.8541
vn -0.0216 0.0919 0.9955
vn -0.1626 0.2421 0.9565
vn 0.0992 0.5847 0.8052
vn -0.3431 -0.1655 0.9246
vn -0.5905 -0.3059 0.7468
vn -0.7371 0.0616 0.6730
vn -0.6776 0.1065 0.7277
vn 0.5339 0.1968 0.8223
vn -0.0031 0.2316 0.9728
vn 0.2383 -0.1503 0.9595
vn 0.4833 0.2436 0.8409
vn -0.7223 -0.4301 0.5415
vn -0.7649 -0.4713 0.4391
vn -0.8565 -0.2863 0.4294
vn -0.8302 -0.1428 0.5388
vn 0.7868 -0.1479 0.5993
vn 0.7136 -0.4501 0.5368
vn 0.5007 -0.2608 0.8254
vn 0.6409 0.0986 0.7612
vn 0.4954 0.5483 0.6737
vn 0.2831 0.3508 0.8926
vn -0.0960 0.5765 0.8114
vn 0.1852 0.7157 0.6734
vn -0.0819 0.7011 0.7083
vn -0.3662 0.4522 0.8132
vn -0.4767 0.5771 0.6631
vn -0.2196 0.7627 0.6083
vn 0.1162 -0.4577 -0.8815
vn 0.5018 -0.0246 -0.8646
vn 0.6222 -0.1754 -0.7630
vn 0.2408 -0.6009 -0.7622
vn -0.4742 -0.5312 -0.7021
vn -0.3358 -0.2270 -0.9142
vn 0.2253 -0.6372 -0.7371
vn 0.0952 -0.8617 -0.4983
vn 0.7032 0.3849 -0.5978
vn 0.7334 0.5081 -0.4516
vn 0.8160 0.4507 -0.3619
vn 0.8137 0.2935 -0.5018
vn -0.8450 0.3989 -0.3562
vn -0.7398 0.4265 -0.5205
vn -0.6943 0.2816 -0.6623
vn -0.8240 0.1109 -0.5557
vn 0.8545 0.2408 -0.4603
vn 0.8442 0.4743 -0.2498
vn 0.8570 0.4723 -0.2061
vn 0.8834 0.1105 -0.4554
vn -0.8643 0.4551 -0.2144
vn -0.9061 0.3641 -0.2156
vn -0.7688 0.6387 0.0309
vn -0.7456 0.6659 0.0263
vn -0.8380 0.4942 -0.2315
vn -0.8208 0.1272 -0.5568
vn -0.7830 -0.1820 -0.5948
vn -0.8223 -0.3187 -0.4715
vn 0.3068 -0.6756 -0.6705
vn 0.6886 -0.2705 -0.6728
vn 0.7428 -0.2605 -0.6168
vn 0.3996 -0.6477 -0.6486
vn -0.1740 -0.8282 -0.5327
vn -0.1885 -0.8214 -0.5382
vn -0.3652 -0.5454 -0.7544
vn 0.1477 -0.8297 -0.5383
vn 0.0036 -0.9116 -0.4111
vn 0.0278 -0.8847 -0.4652
vn 0.1187 0.7389 0.6633
vn -0.1796 0.6075 0.7738
vn -0.2195 0.6289 0.7459
vn 0.0976 0.7672 0.6339
vn 0.0234 0.7371 0.6754
vn 0.0020 0.7050 0.7092
vn -0.2323 0.7632 0.6030
vn -0.1865 0.8034 0.5655
vn -0.8051 -0.1572 0.5719
vn -0.8210 -0.3851 0.4215
vn -0.7956 -0.4781 0.3722
vn -0.8061 -0.2179 0.5502
vn 0.7775 -0.1222 0.6169
vn 0.8033 -0.0122 0.5954
vn 0.7517 0.1222 0.6481
vn 0.6371 0.1861 0.7479
vn -0.6304 0.2282 0.7419
vn -0.7185 0.0909 0.6896
vn -0.7556 0.0148 0.6548
vn -0.6372 0.2546 0.7275
vn 0.5545 0.2955 0.7779
vn 0.6329 0.3100 0.7095
vn 0.5283 0.4175 0.7393
vn 0.4368 0.4168 0.7972
vn -0.3789 0.4689 0.7978
vn -0.5221 0.3432 0.7808
vn -0.5290 0.3882 0.7546
vn -0.3863 0.5140 0.7659
vn 0.3457 0.5140 0.7851
vn 0.3640 0.5392 0.7595
vn 0.1759 0.6412 0.7469
vn 0.1616 0.6582 0.7352
vn 0.5740 0.7649 0.2925
vn 0.3533 0.7844 0.5098
vn 0.3389 0.8003 0.4947
vn 0.5865 0.7584 0.2842
vn -0.3542 0.8199 0.4498
vn -0.4128 0.7728 0.4820
vn -0.5142 0.7612 0.3952
vn -0.4507 0.8133 0.3681
vn -0.4748 0.8133 0.3363
vn -0.4485 0.8177 0.3608
vn 0.8233 0.5536 -0.1250
vn 0.7369 0.6732 0.0613
vn 0.7534 0.6538 0.0705
vn 0.8037 0.5927 -0.0532
vn -0.5488 0.7920 0.2675
vn -0.6406 0.7244 0.2547
vn -0.7377 0.6694 0.0873
vn -0.6636 0.7366 0.1304
vn -0.6201 0.7614 0.1890
vn -0.7624 -0.5715 0.3035
vn -0.5554 -0.8285 -0.0710
vn -0.5309 -0.8459 -0.0510
vn -0.7342 -0.6427 0.2187
vn 0.7653 -0.5908 0.2553
vn 0.7966 -0.5492 0.2525
vn 0.8415 -0.2744 0.4653
vn 0.8184 -0.3602 0.4478
vn -0.3184 -0.8766 -0.3607
vn -0.0165 -0.8329 -0.5532
vn 0.1249 -0.8098 -0.5732
vn -0.2251 -0.9057 -0.3593
vn 0.3385 -0.9172 -0.2103
vn 0.4765 -0.8306 -0.2883
vn 0.7146 -0.6984 0.0397
vn 0.6884 -0.7059 0.1667
vn 0.3185 0.7335 0.6004
vn 0.1542 0.7563 0.6357
vn 0.1526 0.8391 0.5221
vn 0.3103 0.7638 0.5660
vn -0.2126 0.8549 0.4732
vn -0.2164 0.7789 0.5887
vn -0.1067 0.8543 0.5087
vn -0.0042 0.8957 0.4447
vn 0.0492 0.7715 0.6344
vn 0.0905 0.7369 0.6700
vn 0.0844 0.8471 0.5247
vn 0.0532 0.8550 0.5159
vn -0.0980 0.8551 0.5092
vn -0.1220 0.7421 0.6591
vn -0.1324 0.7919 0.5961
vn -0.1190 0.8702 0.4781
vn 0.5066 0.7517 0.4223
vn 0.1670 0.9259 0.3389
vn 0.1867 0.9438 0.2727
vn 0.6052 0.7692 0.2050
vn -0.1901 0.9583 0.2131
vn -0.1884 0.9407 0.2821
vn -0.1696 0.9108 0.3763
vn -0.3462 0.9105 0.2262
vn 0.0747 0.9384 0.3375
vn 0.1415 0.9387 0.3145
vn 0.2224 0.9608 0.1656
vn 0.1065 0.9615 0.2533
vn -0.2310 0.9675 0.1027
vn -0.1521 0.9454 0.2882
vn -0.1231 0.9470 0.2966
vn -0.1417 0.9704 0.1955
vn 0.3236 0.9459 -0.0239
vn 0.3958 0.8254 -0.4027
vn 0.2833 0.9042 -0.3197
vn 0.1947 0.9742 0.1141
vn -0.2706 0.8998 -0.3422
vn -0.4371 0.7847 -0.4395
vn -0.3499 0.9348 -0.0616
vn -0.1965 0.9768 0.0854
vn -0.1622 0.9480 -0.2738
vn 0.0562 0.8481 0.5268
vn 0.2104 0.9672 0.1424
vn 0.2073 0.9273 -0.3117
vn -0.2439 0.9636 0.1099
vn 0.2333 0.9552 0.1821
vn 0.5237 0.8519 -0.0026
vn -0.2502 0.9138 -0.3200
vn 0.4015 0.6570 0.6381
vn 0.2929 0.6479 0.7032
vn 0.1406 0.7378 0.6602
vn 0.3279 0.7453 0.5806
vn -0.3877 0.7544 0.5297
vn -0.4096 0.7209 0.5590
vn -0.3425 0.5803 0.7389
vn -0.3243 0.7905 0.5195
vn 0.4580 0.6038 0.6525
vn 0.2837 0.7638 0.5798
vn 0.2481 0.7867 0.5652
vn 0.6708 0.5186 0.5301
vn -0.2687 0.8429 0.4662
vn -0.3391 0.7834 0.5208
vn -0.4887 0.6732 0.5549
vn -0.6567 0.6202 0.4291
vn 0.7047 0.5956 0.3856
vn 0.2440 0.8517 0.4638
vn 0.3060 0.9158 0.2600
vn 0.7076 0.6800 0.1921
vn -0.3468 0.9052 0.2457
vn -0.2557 0.8743 0.4126
vn -0.6101 0.6982 0.3745
vn -0.6458 0.7287 0.2280
vn 0.7564 0.6371 -0.1482
vn -0.0764 0.9575 0.2782
vn -0.0008 0.9414 -0.3374
vn 0.4671 0.7110 -0.5256
vn -0.3164 0.8041 -0.5034
vn -0.4230 0.9019 -0.0877
vn -0.7188 0.6880 -0.1000
vn -0.4554 0.7118 -0.5347
vn 0.1695 0.6650 0.7274
vn 0.2619 0.5231 0.8111
vn 0.1337 0.6047 0.7852
vn 0.0844 0.6728 0.7350
vn -0.1602 0.5823 0.7970
vn -0.2778 0.5188 0.8085
vn -0.1893 0.5594 0.8070
vn -0.1852 0.6310 0.7534
vn 0.2147 0.6727 0.7081
vn 0.1943 0.6660 0.7202
vn 0.3643 0.6294 0.6864
vn 0.2923 0.5909 0.7520
vn -0.2259 0.7099 0.6671
vn -0.2795 0.6297 0.7248
vn -0.3684 0.5006 0.7834
vn -0.2966 0.5735 0.7636
vn 0.0634 0.4457 0.8929
vn 0.3411 0.4695 0.8144
vn 0.4056 0.6286 0.6636
vn 0.0439 0.7339 0.6778
vn -0.4275 0.6362 0.6422
vn -0.2205 0.4826 0.8476
vn 0.0837 0.3867 0.9184
vn -0.0966 0.6753 0.7312
vn -0.0959 0.8025 -0.5889
vn -0.0532 0.5591 -0.8274
vn -0.0519 0.6342 -0.7714
vn -0.0242 0.6078 -0.7937
vn 0.0309 0.6376 -0.7698
vn 0.0707 0.7616 -0.6442
vn -0.0605 0.6929 -0.7185
vn 0.0027 0.6109 -0.7917
vn -0.2886 0.1110 -0.9510
vn -0.2764 -0.0290 -0.9606
vn -0.1910 -0.0079 -0.9816
vn -0.2135 0.1116 -0.9706
vn 0.2509 -0.0180 -0.9678
vn 0.2784 -0.0422 -0.9595
vn 0.2956 0.0939 -0.9507
vn 0.2638 0.0957 -0.9598
vn -0.0997 0.6060 -0.7892
vn -0.2145 0.3518 -0.9112
vn -0.1903 0.2650 -0.9453
vn -0.0997 0.4827 -0.8701
vn 0.2153 0.2517 -0.9436
vn 0.2216 0.3389 -0.9143
vn 0.1330 0.5821 -0.8021
vn 0.0950 0.4824 -0.8708
vn -0.2481 -0.1684 -0.9540
vn -0.1990 -0.2843 -0.9378
vn -0.1286 -0.2708 -0.9540
vn -0.1682 -0.1514 -0.9741
vn 0.1751 -0.2742 -0.9456
vn 0.1993 -0.2912 -0.9357
vn 0.2510 -0.1764 -0.9518
vn 0.2284 -0.1503 -0.9619
vn -0.1827 -0.3363 -0.9239
vn -0.1620 -0.2868 -0.9442
vn -0.1402 -0.2907 -0.9465
vn -0.1254 -0.3358 -0.9336
vn 0.1517 -0.2722 -0.9502
vn 0.1701 -0.2766 -0.9458
vn 0.1894 -0.3390 -0.9215
vn 0.1682 -0.3339 -0.9275
vn 0.0219 0.6261 -0.7794
vn -0.0250 0.4871 -0.8730
vn -0.1262 0.4648 -0.8764
vn -0.0919 0.5975 -0.7966
vn -0.0044 0.4654 -0.8851
vn 0.0377 0.4590 -0.8876
vn -0.0228 0.6102 -0.7919
vn -0.0063 0.5952 -0.8035
vn -0.0369 0.1495 -0.9881
vn 0.0213 0.4944 -0.8690
vn -0.0564 0.5103 -0.8582
vn -0.0164 0.1644 -0.9863
vn -0.0035 0.5071 -0.8619
vn 0.0024 0.4947 -0.8691
vn 0.0342 0.1557 -0.9872
vn 0.0088 0.1645 -0.9863
vn -0.1549 -0.1527 -0.9761
vn -0.1158 -0.0343 -0.9927
vn -0.0529 0.0097 -0.9986
vn -0.1319 -0.1394 -0.9814
vn 0.0439 0.0141 -0.9989
vn 0.1049 -0.0161 -0.9944
vn 0.1633 -0.1450 -0.9759
vn 0.1079 -0.1281 -0.9859
vn -0.2653 -0.8488 -0.4574
vn 0.1375 -0.7143 -0.6862
vn 0.1861 -0.6821 -0.7072
vn -0.2813 -0.8267 -0.4873
vn -0.7366 -0.6480 0.1938
vn -0.5697 -0.8138 -0.1150
vn -0.6080 -0.7851 -0.1178
vn -0.7494 -0.6353 0.1864
vn 0.7892 0.6129 0.0398
vn 0.7701 0.6351 0.0598
vn 0.7770 0.6271 0.0543
vn 0.8094 0.5860 0.0387
vn 0.6133 0.7463 0.2585
vn 0.3764 0.8042 0.4599
vn 0.3811 0.8250 0.4173
vn 0.6207 0.7492 0.2313
vn -0.3833 0.5507 0.7415
vn -0.5285 0.4219 0.7367
vn -0.5927 0.4353 0.6777
vn -0.4190 0.6038 0.6781
vn -0.6653 0.2368 0.7081
vn -0.7929 -0.0614 0.6063
vn -0.8246 -0.0995 0.5570
vn -0.7129 0.2391 0.6593
vn -0.8167 -0.2731 0.5084
vn -0.7878 -0.5143 0.3389
vn -0.7966 -0.5040 0.3337
vn -0.8305 -0.3018 0.4683
vn 0.1150 0.7851 0.6086
vn -0.2217 0.6547 0.7227
vn -0.2178 0.7142 0.6652
vn 0.1182 0.8236 0.5547
vn 0.4295 -0.5662 -0.7035
vn 0.7580 -0.1996 -0.6210
vn 0.7696 -0.1905 -0.6095
vn 0.4831 -0.5077 -0.7133
vn 0.9018 0.0851 -0.4236
vn 0.9207 0.2825 -0.2693
vn 0.9221 0.2712 -0.2761
vn 0.8973 0.1581 -0.4121
vn 0.8924 0.1586 -0.4225
vn 0.8968 0.3443 -0.2779
vn 0.8954 0.3521 -0.2725
vn 0.9007 0.1441 -0.4098
vn 0.5270 -0.4641 -0.7120
vn 0.7710 -0.1712 -0.6134
vn 0.8014 -0.1023 -0.5893
vn 0.5331 -0.3471 -0.7716
vn 0.1845 0.8473 0.4980
vn -0.0764 0.7923 0.6053
vn 0.1207 0.8106 0.5731
vn 0.3291 0.8148 0.4773
vn -0.8173 -0.3504 0.4575
vn -0.7886 -0.4971 0.3620
vn -0.8484 -0.4138 0.3300
vn -0.8643 -0.2504 0.4363
vn -0.7298 0.2213 0.6469
vn -0.8124 -0.0872 0.5765
vn -0.8331 0.0755 0.5480
vn -0.7189 0.3205 0.6168
vn -0.3439 0.6560 0.6719
vn -0.5394 0.4941 0.6819
vn -0.4692 0.5973 0.6505
vn -0.1737 0.7446 0.6445
vn 0.6144 0.7664 0.1876
vn 0.3980 0.8394 0.3700
vn 0.5107 0.7727 0.3770
vn 0.6701 0.7018 0.2418
vn 0.8163 0.5740 -0.0645
vn 0.7497 0.6611 0.0313
vn 0.7856 0.6118 0.0922
vn 0.8045 0.5939 0.0029
vn -0.7188 -0.6594 0.2202
vn -0.6023 -0.7976 -0.0333
vn -0.7051 -0.7087 -0.0236
vn -0.7704 -0.6202 0.1477
vn -0.2768 -0.8403 -0.4661
vn 0.2550 -0.6399 -0.7250
vn 0.1844 -0.6356 -0.7497
vn -0.3382 -0.8119 -0.4759
vn 0.8141 0.5419 -0.2087
vn -0.8066 -0.5656 0.1717
vn -0.6689 -0.7403 0.0674
vn 0.8033 0.5942 0.0410
vn 0.8331 0.2513 -0.4928
vn -0.8490 -0.2186 0.4810
vn -0.8465 -0.3842 0.3686
vn 0.8450 0.3748 -0.3814
vn 0.7917 -0.0452 -0.6093
vn 0.6594 -0.3757 -0.6512
vn -0.6221 0.3861 0.6811
vn -0.7806 0.0992 0.6171
vn 0.4006 -0.6713 -0.6237
vn 0.0652 -0.7940 -0.6044
vn -0.0030 0.7469 0.6650
vn -0.3342 0.5941 0.7317
vn -0.2102 -0.8109 -0.5461
vn -0.4094 -0.7973 -0.4435
vn 0.4254 0.7626 0.4873
vn 0.2288 0.7791 0.5837
vn -0.5609 -0.7579 -0.3332
vn -0.6688 -0.7074 -0.2289
vn 0.6843 0.6786 0.2669
vn 0.5723 0.7279 0.3777
vn -0.7925 -0.6037 -0.0861
vn -0.8778 -0.4752 0.0602
vn 0.8601 0.4080 0.3063
vn 0.7977 0.5929 0.1103
vn -0.7365 -0.3221 0.5948
vn 0.9187 0.1289 -0.3733
vn 0.9401 0.3217 0.1131
vn -0.8092 -0.5154 0.2820
vn -0.6374 -0.1536 0.7551
vn -0.3464 0.1842 0.9198
vn 0.6449 -0.4752 -0.5986
vn 0.8568 -0.1044 -0.5049
vn 0.7303 0.4751 0.4908
vn 0.1913 -0.9740 0.1212
vn 0.1707 -0.9533 -0.2493
vn 0.1630 0.5919 0.7894
vn 0.3505 -0.8793 -0.3226
vn 0.6971 -0.7116 0.0880
vn 0.7079 -0.7055 0.0348
vn 0.3318 -0.8614 -0.3846
vn 0.7604 -0.6281 0.1651
vn 0.8304 -0.4211 0.3648
vn 0.8466 -0.4573 0.2724
vn 0.7622 -0.6422 0.0810
vn -0.6495 0.7249 0.2295
vn -0.5184 0.7892 0.3294
vn -0.8445 0.5350 0.0219
vn -0.9131 0.4058 -0.0386
vn -0.7529 0.6272 0.1993
vn -0.5879 0.7360 0.3356
vn -0.3387 0.8394 0.4250
vn -0.4550 0.7956 0.4001
vn -0.4827 0.7678 0.4213
vn -0.3966 0.7800 0.4841
vn 0.4926 0.4877 0.7207
vn 0.3543 0.6135 0.7057
vn 0.3563 0.5891 0.7253
vn 0.5225 0.4821 0.7033
vn 0.6376 0.2669 0.7226
vn 0.5781 0.3827 0.7206
vn 0.6633 0.3136 0.6795
vn 0.7364 0.1605 0.6572
vn 0.8079 -0.1507 0.5698
vn 0.7085 0.1114 0.6969
vn 0.7781 0.0269 0.6275
vn 0.8466 -0.2029 0.4920
vn 0.1340 0.7511 0.6465
vn -0.1508 0.8299 0.5371
vn -0.2576 0.7578 0.5995
vn -0.0092 0.7137 0.7004
vn -0.2153 -0.7777 -0.5906
vn -0.8177 -0.3232 -0.4764
vn 0.0503 -0.8463 -0.5303
vn 0.0888 -0.8112 -0.5780
vn -0.1422 -0.7178 -0.6815
vn -0.7190 -0.2941 -0.6297
vn -0.9594 0.2263 -0.1685
vn -0.9428 0.1438 -0.3008
vn -0.9248 0.0869 -0.3703
vn -0.9190 0.0087 -0.3941
vn -0.9549 0.2507 -0.1589
vn -0.9418 0.3170 -0.1117
vn -0.6162 -0.3548 -0.7032
vn -0.5716 -0.4705 -0.6722
vn -0.0375 -0.7157 -0.6974
vn 0.0017 -0.7755 -0.6313
vn 0.1443 -0.7860 -0.6012
vn 0.1484 -0.8204 -0.5521
vn 0.0115 0.8383 0.5452
vn -0.0214 0.7670 0.6413
vn -0.1848 0.7785 0.5998
vn -0.1234 0.8665 0.4836
vn 0.9138 -0.3071 0.2658
vn 0.9088 -0.2431 0.3391
vn 0.8660 -0.0319 0.4990
vn 0.8944 -0.0790 0.4403
vn 0.8407 0.0762 0.5361
vn 0.8208 0.1068 0.5612
vn 0.7433 0.2668 0.6134
vn 0.7446 0.2224 0.6293
vn 0.5625 0.4360 0.7025
vn 0.5632 0.4874 0.6672
vn 0.3154 0.6602 0.6817
vn 0.3193 0.6566 0.6833
vn -0.5136 0.7703 0.3779
vn -0.5448 0.7748 0.3208
vn -0.3871 0.8287 0.4043
vn -0.3766 0.7776 0.5034
vn -0.6598 0.6866 0.3055
vn -0.7185 0.6600 0.2196
vn -0.8363 0.5333 0.1269
vn -0.8812 0.4687 0.0624
vn 0.7554 -0.6444 -0.1190
vn 0.7787 -0.6265 -0.0342
vn 0.8789 -0.4591 0.1294
vn 0.8564 -0.5151 0.0363
vn 0.3186 -0.8649 -0.3880
vn 0.3458 -0.8120 -0.4703
vn 0.7258 -0.6872 -0.0321
vn 0.6585 -0.7484 -0.0791
vn 0.4819 -0.8430 -0.2391
vn 0.6410 -0.7414 -0.1988
vn 0.5886 -0.7843 -0.1958
vn 0.3876 -0.8854 -0.2565
vn 0.1650 -0.9207 -0.3538
vn 0.1705 -0.8979 -0.4058
vn 0.3667 -0.8519 -0.3739
vn 0.6162 -0.7569 -0.2177
vn 0.6839 -0.7014 -0.2009
vn -0.0302 -0.8560 -0.5160
vn -0.0627 -0.8957 -0.4403
vn -0.5479 -0.7182 -0.4290
vn -0.6041 -0.6043 -0.5195
vn -0.9400 -0.1216 -0.3189
vn -0.9597 -0.1935 -0.2037
vn -0.9949 0.0407 -0.0928
vn -0.9810 0.1470 -0.1268
vn -0.9205 0.3881 0.0441
vn -0.9617 0.2699 0.0473
vn -0.8913 0.4346 0.1295
vn -0.8010 0.5806 0.1460
vn -0.5517 0.7832 0.2868
vn -0.4293 0.8619 0.2698
vn -0.6573 0.7292 0.1904
vn -0.7478 0.6450 0.1574
vn -0.0268 0.7551 0.6551
vn 0.0490 0.8186 0.5722
vn -0.1974 0.8937 0.4030
vn -0.3219 0.8220 0.4698
vn 0.5508 0.4367 0.7113
vn 0.5321 0.4235 0.7331
vn 0.6338 0.3264 0.7013
vn 0.6495 0.3421 0.6790
vn 0.6659 0.3547 0.6564
vn 0.5710 0.4508 0.6861
vn 0.3288 0.6527 0.6826
vn 0.2752 0.6160 0.7381
vn 0.7657 0.1849 0.6160
vn 0.7862 0.1332 0.6035
vn 0.8753 -0.0617 0.4796
vn 0.8889 -0.0524 0.4551
vn 0.8569 0.0841 0.5086
vn 0.7485 0.2511 0.6138
vn 0.9229 -0.2410 0.3002
vn 0.9056 -0.2947 0.3050
vn 0.8500 -0.5219 0.0722
vn 0.8811 -0.4663 0.0789
vn 0.9108 -0.4048 0.0808
vn 0.9356 -0.1785 0.3045
vn 0.9217 -0.0941 0.3763
vn 0.7697 -0.6283 -0.1133
vn 0.7301 -0.6731 -0.1180
vn 0.8045 -0.5827 -0.1151
vn 0.2120 -0.2889 -0.9336
vn 0.1896 -0.2718 -0.9435
vn -0.1369 -0.2686 -0.9535
vn -0.2133 -0.2809 -0.9357
vn -0.9137 -0.3446 -0.2153
vn -0.9488 -0.3148 -0.0265
vn 0.9136 -0.3486 -0.2095
vn 0.9493 -0.3144 -0.0045
vn -0.7180 -0.3201 -0.6181
vn -0.8569 -0.3596 -0.3692
vn 0.7225 -0.3159 -0.6150
vn 0.8656 -0.3614 -0.3465
vn -0.9905 -0.1243 0.0587
vn -0.6854 0.2623 0.6793
vn 0.9941 -0.0702 0.0824
vn 0.7319 0.3585 0.5795
vn -0.9587 -0.2590 0.1174
vn -0.9147 -0.2521 0.3158
vn 0.9613 -0.2496 0.1168
vn 0.9036 -0.2590 0.3411
vn 0.1528 0.3228 0.9340
vn -0.0174 0.3484 0.9372
vn 0.0135 0.4448 0.8955
vn 0.1021 0.3454 0.9329
vn 0.1578 0.3561 0.9210
vn -0.1415 0.3772 0.9153
vn 0.1104 0.4770 0.8720
vn -0.1364 0.4409 0.8871
vn -0.1514 -0.2990 -0.9422
vn 0.0478 -0.3079 -0.9502
vn 0.1389 -0.2921 -0.9462
vn -0.0627 -0.2971 -0.9528
vn -0.6018 -0.2844 -0.7463
vn -0.3744 -0.3022 -0.8766
vn 0.6130 -0.2824 -0.7379
vn 0.3724 -0.2975 -0.8791
vn 0.1647 -0.3330 -0.9284
vn 0.2787 -0.3683 -0.8870
vn 0.1802 -0.3390 -0.9234
vn -0.1304 -0.3351 -0.9331
vn -0.1701 -0.3367 -0.9261
vn -0.9157 -0.2775 -0.2905
vn -0.9614 -0.2343 -0.1441
vn 0.9593 -0.2565 -0.1183
vn 0.9097 -0.2943 -0.2929
vn -0.7331 -0.3225 -0.5988
vn -0.8524 -0.3149 -0.4174
vn 0.8547 -0.3303 -0.4005
vn 0.7420 -0.3162 -0.5911
vn -0.8939 0.0146 0.4481
vn -0.7026 -0.1303 0.6995
vn 0.6363 -0.6011 0.4835
vn 0.8436 -0.1665 0.5105
vn -0.9835 -0.1810 0.0041
vn -0.9758 -0.0785 0.2040
vn 0.9660 -0.2048 0.1580
vn 0.9788 -0.2046 0.0118
vn -0.1030 -0.1162 0.9879
vn 0.0700 0.0189 0.9974
vn 0.4413 0.0534 0.8958
vn 0.0709 0.1012 0.9923
vn -0.5500 -0.1681 0.8181
vn -0.2731 -0.2003 0.9409
vn 0.4425 -0.7265 0.5257
vn 0.1284 -0.2679 0.9548
vn 0.0435 -0.3692 -0.9283
vn -0.0912 -0.3969 -0.9133
vn 0.0876 -0.3818 -0.9201
vn -0.0607 -0.3595 -0.9312
vn -0.2670 -0.4068 -0.8736
vn -0.5172 -0.3597 -0.7766
vn 0.5348 -0.3333 -0.7765
vn 0.2729 -0.3879 -0.8804
vn -0.2741 -0.3933 -0.8776
vn 0.8936 -0.3183 0.3164
vn 0.3789 -0.2745 -0.8838
vn 0.9649 0.0729 0.2522
vn 0.0920 0.6495 0.7548
vn 0.1716 0.6316 0.7560
vn 0.2000 0.9782 0.0555
vn 0.2855 0.8911 -0.3527
vn 0.1112 0.9678 0.2260
vn 0.0768 0.9372 0.3401
vn 0.0604 0.8540 0.5168
vn 0.0544 0.7681 0.6381
vn 0.6945 0.4477 0.5632
vn 0.3045 0.4226 0.8536
vn 0.9183 -0.3549 0.1754
vn 0.9064 0.1885 0.3779
vn 0.8472 0.0429 0.5296
vn 0.8309 -0.5400 0.1347
vn 0.6185 0.1478 0.7718
vn 0.6710 0.2650 0.6925
vn 0.8711 -0.1156 0.4772
vn 0.8439 -0.1130 0.5245
vn 0.7312 0.2891 0.6178
vn 0.8390 0.1132 0.5323
vn 0.2751 0.5815 -0.7656
vn 0.2631 0.3038 -0.9157
vn 0.2832 -0.0047 -0.9591
vn 0.3440 -0.2148 -0.9141
vn 0.3983 -0.2515 -0.8821
vn 0.3535 -0.2690 -0.8959
vn 0.3037 -0.3685 -0.8786
vn 0.2819 -0.3746 -0.8833
vn 0.2261 0.6510 -0.7246
vn 0.3368 0.5309 -0.7776
vn 0.2984 -0.1941 -0.9345
vn 0.2903 -0.0191 -0.9567
vn 0.2543 0.1327 -0.9580
vn 0.2559 0.3841 -0.8871
vn -0.0908 -0.3985 -0.9127
vn -0.8376 -0.0670 0.5421
vn -0.3838 -0.2786 -0.8804
vn -0.9423 -0.0078 0.3346
vn -0.1835 0.6056 0.7743
vn -0.1587 0.6000 0.7841
vn -0.1980 0.9787 0.0532
vn -0.2721 0.8831 -0.3824
vn -0.1348 0.9765 0.1684
vn -0.1044 0.9459 0.3073
vn -0.1127 0.8648 0.4894
vn -0.1338 0.7818 0.6091
vn -0.2842 0.4836 0.8279
vn -0.6717 0.4663 0.5757
vn -0.8775 0.2472 0.4109
vn -0.8609 -0.4702 0.1944
vn -0.7247 -0.6657 0.1781
vn -0.8212 0.0356 0.5695
vn -0.7307 0.2248 0.6447
vn -0.7086 0.1308 0.6933
vn -0.8401 -0.1197 0.5291
vn -0.8579 -0.0996 0.5040
vn -0.8388 0.1074 0.5338
vn -0.7612 0.3155 0.5666
vn -0.2689 0.5055 -0.8198
vn -0.2699 0.2551 -0.9285
vn -0.3595 -0.2214 -0.9065
vn -0.3002 -0.0211 -0.9536
vn -0.3529 -0.2744 -0.8945
vn -0.4103 -0.2563 -0.8752
vn -0.2936 -0.3655 -0.8833
vn -0.2934 -0.3925 -0.8717
vn -0.2987 0.4887 -0.8197
vn -0.2119 0.6210 -0.7547
vn -0.2673 -0.0103 -0.9636
vn -0.3228 -0.1591 -0.9330
vn -0.1823 0.4290 -0.8847
vn -0.1832 0.1629 -0.9695
vn 0.0865 -0.3857 -0.9185
vn -0.4595 -0.1890 0.8678
vn -0.1455 -0.3105 -0.9394
vn -0.0426 0.3992 0.9159
vn -0.3417 0.5290 0.7768
vn -0.2473 0.6679 0.7020
vn -0.3346 0.8857 -0.3218
vn -0.3768 0.9103 0.1716
vn -0.1594 0.9487 0.2732
vn -0.1866 0.9552 0.2298
vn -0.1870 0.7827 0.5936
vn -0.1718 0.8700 0.4621
vn -0.2572 0.5903 0.7651
vn -0.1133 0.4877 0.8656
vn -0.1080 0.3440 -0.9327
vn -0.0586 0.5652 -0.8228
vn -0.1434 -0.1085 -0.9837
vn -0.1273 0.0610 -0.9900
vn -0.0857 -0.7413 0.6657
vn -0.5752 0.2300 0.7851
vn -0.0336 0.4587 0.8879
vn -0.0381 -0.4885 0.8717
vn -0.1242 -0.3082 -0.9432
vn -0.1503 -0.2283 -0.9619
vn -0.1197 -0.3062 -0.9444
vn -0.0929 -0.3977 -0.9128
vn -0.5479 0.0853 0.8322
vn -0.4739 -0.0534 0.8790
vn -0.1507 0.4802 -0.8641
vn -0.1130 0.6409 -0.7592
vn -0.6715 -0.0359 0.7401
vn -0.6084 0.1901 0.7705
vn -0.6655 -0.0346 0.7456
vn -0.6852 -0.1478 0.7132
vn -0.0854 -0.0593 -0.9946
vn -0.1332 -0.1587 -0.9783
vn -0.0785 0.4679 -0.8803
vn -0.0531 0.1323 -0.9898
vn -0.0564 -0.3663 -0.9288
vn 0.1170 -0.6917 0.7126
vn 0.1354 -0.3007 -0.9441
vn 0.0666 0.4294 0.9007
vn 0.1964 0.6815 0.7049
vn 0.2367 0.6688 0.7048
vn 0.3621 0.8681 -0.3394
vn 0.4022 0.8920 0.2061
vn 0.1822 0.9419 0.2821
vn 0.1593 0.9266 0.3408
vn 0.1383 0.8390 0.5262
vn 0.1436 0.7624 0.6310
vn 0.2589 0.5728 0.7778
vn 0.1167 0.5925 0.7971
vn 0.1056 0.3787 -0.9195
vn 0.1058 0.6282 -0.7708
vn 0.1348 -0.0882 -0.9869
vn 0.1170 0.1000 -0.9881
vn -0.1118 -0.7455 0.6571
vn 0.5851 0.2120 0.7827
vn 0.0079 0.4778 0.8784
vn 0.0453 -0.3232 0.9452
vn 0.1204 -0.2986 -0.9467
vn 0.1409 -0.2170 -0.9659
vn 0.1110 -0.3221 -0.9402
vn 0.0937 -0.3842 -0.9185
vn 0.5022 0.1080 0.8580
vn 0.4163 0.0011 0.9092
vn 0.1970 0.5279 -0.8261
vn 0.1665 0.6719 -0.7217
vn 0.6535 -0.0516 0.7551
vn 0.5985 0.1811 0.7804
vn 0.6685 -0.0457 0.7423
vn 0.6728 -0.1620 0.7219
vn 0.1004 -0.0551 -0.9934
vn 0.1263 -0.1663 -0.9780
vn 0.2149 0.4393 -0.8722
vn 0.1218 0.1248 -0.9847
vn 0.0424 -0.3767 -0.9254
vn 0.2965 -0.4109 0.8621
vn -0.0586 -0.2933 -0.9542
vn -0.0897 0.4070 0.9090
vn 0.2663 0.6427 0.7184
vn 0.3515 0.6342 0.6887
vn 0.7385 0.6413 0.2081
vn 0.3144 0.8632 -0.3950
vn 0.6043 0.7631 0.2290
vn 0.5146 0.7785 0.3595
vn 0.3155 0.7770 0.5447
vn 0.3203 0.7145 0.6220
vn 0.0268 0.4844 0.8744
vn 0.1791 0.5731 0.7997
vn -0.0582 0.6552 -0.7532
vn -0.0758 0.4044 -0.9115
vn -0.1081 0.1215 -0.9867
vn -0.0996 -0.0590 -0.9933
vn 0.4638 0.2250 0.8569
vn -0.0495 -0.6904 0.7217
vn -0.0296 -0.2329 0.9721
vn -0.0894 0.4905 0.8668
vn -0.0746 -0.1960 -0.9778
vn -0.0666 -0.2941 -0.9534
vn -0.0682 -0.3629 -0.9293
vn -0.0447 -0.2991 -0.9532
vn 0.4379 0.0270 0.8986
vn 0.4325 0.0415 0.9007
vn 0.0959 0.6618 -0.7435
vn 0.0469 0.5172 -0.8546
vn 0.4990 0.1485 0.8538
vn 0.5294 -0.0781 0.8448
vn 0.4778 -0.1666 0.8625
vn 0.4412 -0.0421 0.8964
vn -0.0367 -0.1634 -0.9859
vn -0.0227 -0.0594 -0.9980
vn 0.0196 0.1276 -0.9916
vn 0.0937 0.4585 -0.8837
vn 0.0359 -0.2091 -0.9772
vn -0.4089 -0.1979 0.8908
vn 0.0381 -0.3042 -0.9518
vn 0.1636 0.3410 0.9257
vn -0.3152 0.5558 0.7692
vn -0.2489 0.6866 0.6831
vn 0.1042 0.9623 -0.2511
vn -0.1691 0.9515 0.2572
vn -0.3544 0.9073 0.2262
vn -0.1878 0.9327 0.3078
vn -0.0190 0.8952 0.4452
vn -0.1371 0.8130 0.5659
vn -0.1142 0.5160 0.8490
vn 0.1011 0.4450 0.8898
vn 0.0911 0.3746 -0.9227
vn 0.0960 0.5960 -0.7972
vn 0.0793 -0.0824 -0.9934
vn 0.1044 0.0853 -0.9909
vn -0.0509 -0.5728 0.8181
vn -0.4341 0.2063 0.8769
vn 0.0805 0.4655 0.8814
vn 0.1037 -0.3563 0.9286
vn 0.0484 -0.3047 -0.9512
vn 0.0529 -0.2085 -0.9766
vn 0.0407 -0.2837 -0.9580
vn 0.0556 -0.3729 -0.9262
vn -0.4188 0.0317 0.9075
vn -0.3334 -0.1277 0.9341
vn -0.0178 0.4731 -0.8808
vn -0.0477 0.6333 -0.7725
vn -0.4991 -0.0671 0.8640
vn -0.4817 0.1430 0.8646
vn -0.3816 -0.0387 0.9235
vn -0.4318 -0.1558 0.8884
vn 0.0287 -0.0511 -0.9983
vn 0.0490 -0.1517 -0.9872
vn -0.0330 0.4758 -0.8789
vn -0.0185 0.1358 -0.9906
vn 0.1134 0.4921 0.8631
vn -0.0614 -0.1964 -0.9786
vn -0.1063 0.5025 0.8580
vn 0.1492 -0.2168 -0.9648
vn 0.0484 0.5225 0.8513
vn -0.1628 -0.2287 -0.9598
vn -0.0223 0.5549 0.8316
vn -0.4078 -0.2549 -0.8768
vn -0.8990 0.2824 0.3347
vn 0.3988 -0.2519 -0.8818
vn 0.9313 0.2365 0.2769
vn 0.2074 -0.1501 -0.9667
vn 0.2319 -0.1781 -0.9563
vn -0.1548 -0.1522 -0.9762
vn -0.2361 -0.1712 -0.9565
vn -0.8419 -0.4987 -0.2061
vn -0.9284 -0.3699 0.0342
vn 0.9682 -0.2499 0.0159
vn 0.9416 -0.2849 -0.1794
vn -0.6614 -0.3990 -0.6351
vn -0.7854 -0.4954 -0.3710
vn 0.8447 -0.4314 -0.3167
vn 0.6677 -0.4005 -0.6276
vn -0.9910 0.0818 0.1056
vn -0.4255 0.5058 0.7504
vn 0.5186 0.4682 0.7154
vn 0.9894 0.0630 0.1309
vn -0.9754 -0.1753 0.1336
vn -0.9454 -0.0789 0.3162
vn 0.9444 -0.0601 0.3232
vn 0.9755 -0.1739 0.1347
vn -0.0656 0.5084 0.8586
vn 0.1225 0.4875 0.8645
vn 0.0755 0.5473 0.8335
vn 0.1702 0.4688 0.8668
vn -0.0905 0.5724 0.8150
vn 0.2128 0.5080 0.8347
vn 0.1667 0.5150 0.8408
vn -0.2288 0.5164 0.8252
vn 0.0408 -0.2002 -0.9789
vn -0.1648 -0.2379 -0.9572
vn 0.1496 -0.2248 -0.9629
vn -0.0629 -0.1896 -0.9799
vn -0.4050 -0.2579 -0.8772
vn -0.5738 -0.3187 -0.7544
vn 0.5828 -0.3233 -0.7455
vn 0.3985 -0.2523 -0.8818
vt 0.572900 0.759300
vt 0.595900 0.765200
vt 0.592800 0.771600
vt 0.569600 0.766300
vt 0.476400 0.757200
vt 0.500800 0.758600
vt 0.498700 0.764200
vt 0.474100 0.763600
vt 0.443000 0.762700
vt 0.443500 0.755700
vt 0.478900 0.745800
vt 0.504100 0.748500
vt 0.405200 0.754900
vt 0.405000 0.742500
vt 0.444400 0.743300
vt 0.647600 0.786700
vt 0.645100 0.793600
vt 0.619500 0.781100
vt 0.622200 0.775100
vt 0.667400 0.804400
vt 0.665500 0.808100
vt 0.643300 0.797000
vt 0.617900 0.784900
vt 0.524400 0.751800
vt 0.521200 0.760700
vt 0.545400 0.763700
vt 0.543600 0.768000
vt 0.519600 0.765800
vt 0.548700 0.755300
vt 0.591600 0.775500
vt 0.567800 0.770200
vt 0.404800 0.727900
vt 0.444700 0.729500
vt 0.480600 0.732500
vt 0.506700 0.736200
vt 0.575800 0.749700
vt 0.599800 0.756500
vt 0.551100 0.744600
vt 0.526900 0.740400
vt 0.626300 0.766100
vt 0.700300 0.809000
vt 0.709800 0.813300
vt 0.705900 0.820300
vt 0.697600 0.816900
vt 0.651900 0.776800
vt 0.673700 0.785800
vt 0.669800 0.796500
vt 0.687100 0.803300
vt 0.684700 0.811500
vt 0.695600 0.820900
vt 0.703900 0.823900
vt 0.704300 0.798700
vt 0.715300 0.803300
vt 0.682900 0.815600
vt 0.690700 0.792600
vt 0.405400 0.761500
vt 0.444700 0.709700
vt 0.481800 0.713200
vt 0.660700 0.759500
vt 0.682300 0.768200
vt 0.698600 0.775100
vt 0.604700 0.738800
vt 0.633700 0.749000
vt 0.404800 0.707500
vt 0.712100 0.781500
vt 0.724200 0.786200
vt 0.527700 0.720600
vt 0.551500 0.724900
vt 0.578000 0.731100
vt 0.508000 0.716400
vt 0.445800 0.684400
vt 0.484000 0.687500
vt 0.510800 0.691100
vt 0.530300 0.695000
vt 0.609200 0.715700
vt 0.641200 0.725700
vt 0.690500 0.743300
vt 0.706900 0.750400
vt 0.669200 0.735600
vt 0.721300 0.756500
vt 0.735700 0.761400
vt 0.553200 0.700200
vt 0.580100 0.706400
vt 0.404800 0.682100
vt 0.732000 0.724000
vt 0.748100 0.729000
vt 0.557900 0.673400
vt 0.584100 0.679900
vt 0.487400 0.658900
vt 0.515300 0.662900
vt 0.535400 0.667900
vt 0.646100 0.698300
vt 0.675500 0.706300
vt 0.715800 0.718400
vt 0.612900 0.688600
vt 0.404800 0.653500
vt 0.447300 0.655500
vt 0.697800 0.712500
vt 0.647900 0.669100
vt 0.678800 0.676700
vt 0.723700 0.687900
vt 0.741900 0.692400
vt 0.586300 0.652400
vt 0.614100 0.660200
vt 0.404800 0.625000
vt 0.447400 0.625900
vt 0.490200 0.629300
vt 0.520000 0.634300
vt 0.540300 0.639900
vt 0.703600 0.682400
vt 0.757700 0.696100
vt 0.562500 0.646000
vt 0.447200 0.600300
vt 0.491800 0.603200
vt 0.522700 0.608300
vt 0.542900 0.614200
vt 0.614300 0.633200
vt 0.648000 0.640900
vt 0.708400 0.652400
vt 0.730700 0.657000
vt 0.681100 0.647600
vt 0.749900 0.660700
vt 0.764900 0.663600
vt 0.564200 0.620100
vt 0.587000 0.626100
vt 0.404800 0.599800
vt 0.492100 0.578000
vt 0.523600 0.583000
vt 0.544500 0.588400
vt 0.566900 0.593800
vt 0.649500 0.610700
vt 0.685200 0.617300
vt 0.739500 0.625800
vt 0.758200 0.628800
vt 0.590100 0.598900
vt 0.616100 0.604600
vt 0.404800 0.575300
vt 0.447500 0.575300
vt 0.715800 0.621900
vt 0.771300 0.631500
vt 0.746900 0.594900
vt 0.764600 0.597800
vt 0.593500 0.569700
vt 0.619200 0.573200
vt 0.404800 0.549800
vt 0.449000 0.549900
vt 0.492400 0.552900
vt 0.524100 0.557300
vt 0.546200 0.562000
vt 0.652900 0.578700
vt 0.723300 0.591300
vt 0.690700 0.585500
vt 0.775700 0.600000
vt 0.569200 0.565900
vt 0.623600 0.541900
vt 0.658900 0.546000
vt 0.729400 0.558600
vt 0.752100 0.562100
vt 0.697200 0.552700
vt 0.769200 0.564800
vt 0.779800 0.567000
vt 0.572000 0.536600
vt 0.596700 0.539300
vt 0.493600 0.525500
vt 0.525600 0.529600
vt 0.548100 0.533700
vt 0.404800 0.522000
vt 0.451500 0.522300
vt 0.497500 0.495200
vt 0.528300 0.499300
vt 0.551000 0.503200
vt 0.574800 0.506300
vt 0.665400 0.514100
vt 0.702900 0.520100
vt 0.755700 0.528500
vt 0.772300 0.530600
vt 0.599800 0.508700
vt 0.628500 0.510900
vt 0.404800 0.491900
vt 0.455100 0.492000
vt 0.734100 0.525600
vt 0.783500 0.533000
vt 0.404800 0.466100
vt 0.457700 0.465200
vt 0.501500 0.468300
vt 0.532200 0.472700
vt 0.554800 0.476600
vt 0.632600 0.484600
vt 0.669300 0.487600
vt 0.735100 0.496900
vt 0.757400 0.499400
vt 0.705400 0.493000
vt 0.774800 0.501400
vt 0.787100 0.505000
vt 0.578800 0.479500
vt 0.603400 0.482000
vt 0.734300 0.489000
vt 0.757000 0.491300
vt 0.704800 0.485200
vt 0.774800 0.493100
vt 0.788400 0.495900
vt 0.580100 0.471900
vt 0.604800 0.474600
vt 0.501900 0.460600
vt 0.533100 0.465000
vt 0.556300 0.468800
vt 0.669500 0.480200
vt 0.634000 0.477200
vt 0.404800 0.457400
vt 0.459000 0.457400
vt 0.236700 0.759300
vt 0.240100 0.766300
vt 0.216800 0.771600
vt 0.213700 0.765200
vt 0.333200 0.757200
vt 0.335500 0.763600
vt 0.310900 0.764200
vt 0.308800 0.758500
vt 0.366100 0.755700
vt 0.366600 0.762700
vt 0.330800 0.745800
vt 0.305600 0.748500
vt 0.365200 0.743200
vt 0.404600 0.742500
vt 0.404400 0.754900
vt 0.162000 0.786700
vt 0.187500 0.775000
vt 0.190100 0.781100
vt 0.164500 0.793600
vt 0.166300 0.797000
vt 0.144100 0.808100
vt 0.142200 0.804400
vt 0.191700 0.784900
vt 0.285200 0.751800
vt 0.288400 0.760700
vt 0.290000 0.765800
vt 0.266000 0.768000
vt 0.264200 0.763700
vt 0.261000 0.755300
vt 0.241800 0.770200
vt 0.218000 0.775500
vt 0.364900 0.729500
vt 0.302900 0.736200
vt 0.329000 0.732500
vt 0.209800 0.756400
vt 0.233800 0.749700
vt 0.258500 0.744600
vt 0.282700 0.740400
vt 0.183300 0.766100
vt 0.109300 0.809000
vt 0.112000 0.816800
vt 0.103700 0.820300
vt 0.099800 0.813300
vt 0.139800 0.796400
vt 0.135900 0.785700
vt 0.157700 0.776700
vt 0.122500 0.803200
vt 0.124900 0.811500
vt 0.114000 0.820800
vt 0.105700 0.823900
vt 0.105400 0.798700
vt 0.094300 0.803200
vt 0.126800 0.815600
vt 0.118900 0.792600
vt 0.404300 0.761500
vt 0.327800 0.713200
vt 0.365000 0.709700
vt 0.127300 0.768100
vt 0.148900 0.759500
vt 0.111000 0.775100
vt 0.175900 0.749000
vt 0.204900 0.738800
vt 0.085400 0.786200
vt 0.097500 0.781400
vt 0.258200 0.724900
vt 0.281900 0.720600
vt 0.231600 0.731100
vt 0.301600 0.716400
vt 0.325700 0.687500
vt 0.363800 0.684400
vt 0.279300 0.695000
vt 0.298900 0.691100
vt 0.168400 0.725700
vt 0.200400 0.715700
vt 0.102700 0.750400
vt 0.119100 0.743300
vt 0.140500 0.735500
vt 0.073900 0.761400
vt 0.088300 0.756500
vt 0.229500 0.706400
vt 0.256400 0.700200
vt 0.061500 0.729000
vt 0.077600 0.723900
vt 0.225600 0.679900
vt 0.251800 0.673400
vt 0.294300 0.662900
vt 0.322200 0.658800
vt 0.274200 0.667900
vt 0.134200 0.706300
vt 0.163600 0.698300
vt 0.093900 0.718400
vt 0.196700 0.688600
vt 0.362300 0.655500
vt 0.111800 0.712500
vt 0.130800 0.676600
vt 0.161800 0.669100
vt 0.067700 0.692400
vt 0.086000 0.687900
vt 0.195500 0.660200
vt 0.223300 0.652400
vt 0.362300 0.625900
vt 0.319500 0.629300
vt 0.269300 0.639900
vt 0.289600 0.634300
vt 0.106000 0.682300
vt 0.051900 0.696100
vt 0.247100 0.646000
vt 0.317800 0.603200
vt 0.362400 0.600300
vt 0.266700 0.614200
vt 0.286900 0.608300
vt 0.161600 0.640900
vt 0.195300 0.633100
vt 0.078900 0.657000
vt 0.101200 0.652300
vt 0.128600 0.647600
vt 0.044700 0.663600
vt 0.059700 0.660600
vt 0.222600 0.626100
vt 0.245500 0.620100
vt 0.286000 0.583000
vt 0.317600 0.578000
vt 0.242700 0.593800
vt 0.265100 0.588400
vt 0.124400 0.617300
vt 0.160200 0.610700
vt 0.051400 0.628800
vt 0.070100 0.625700
vt 0.193500 0.604600
vt 0.219500 0.598900
vt 0.362100 0.575300
vt 0.093800 0.621900
vt 0.038400 0.631500
vt 0.045000 0.597800
vt 0.062800 0.594800
vt 0.190400 0.573100
vt 0.216100 0.569700
vt 0.360600 0.549900
vt 0.317300 0.552800
vt 0.263500 0.562000
vt 0.285500 0.557300
vt 0.156700 0.578700
vt 0.086300 0.591200
vt 0.118900 0.585500
vt 0.033900 0.600000
vt 0.240400 0.565900
vt 0.150800 0.546000
vt 0.186100 0.541800
vt 0.057600 0.562000
vt 0.080300 0.558600
vt 0.112400 0.552700
vt 0.029800 0.567000
vt 0.040500 0.564800
vt 0.212900 0.539300
vt 0.237600 0.536600
vt 0.284100 0.529600
vt 0.316000 0.525500
vt 0.261500 0.533700
vt 0.358200 0.522300
vt 0.281300 0.499300
vt 0.312200 0.495200
vt 0.234800 0.506300
vt 0.258600 0.503200
vt 0.106700 0.520100
vt 0.144200 0.514100
vt 0.037300 0.530600
vt 0.053900 0.528500
vt 0.181100 0.510900
vt 0.209900 0.508700
vt 0.354500 0.492000
vt 0.075500 0.525600
vt 0.026100 0.533000
vt 0.351900 0.465200
vt 0.308200 0.468300
vt 0.254900 0.476600
vt 0.277500 0.472700
vt 0.140400 0.487600
vt 0.177000 0.484600
vt 0.052200 0.499400
vt 0.074600 0.496800
vt 0.104300 0.493000
vt 0.022500 0.505000
vt 0.034800 0.501400
vt 0.206200 0.482000
vt 0.230900 0.479500
vt 0.052600 0.491300
vt 0.075300 0.488900
vt 0.104900 0.485200
vt 0.021200 0.495900
vt 0.034800 0.493100
vt 0.204800 0.474600
vt 0.229500 0.471800
vt 0.276600 0.465000
vt 0.307700 0.460600
vt 0.253300 0.468800
vt 0.140100 0.480100
vt 0.175600 0.477200
vt 0.350600 0.457400
vt 0.944500 0.240500
vt 0.951100 0.227600
vt 0.958000 0.233100
vt 0.951300 0.247900
vt 0.943200 0.260000
vt 0.936100 0.257300
vt 0.929700 0.247700
vt 0.938000 0.233200
vt 0.944600 0.221900
vt 0.966700 0.038800
vt 0.972000 0.051400
vt 0.965700 0.055400
vt 0.961400 0.044200
vt 0.955900 0.029800
vt 0.960300 0.022200
vt 0.965000 0.021500
vt 0.971700 0.033700
vt 0.978100 0.047800
vt 0.932300 0.226100
vt 0.939000 0.216200
vt 0.923800 0.238600
vt 0.917800 0.228500
vt 0.926800 0.217800
vt 0.933700 0.209300
vt 0.955100 0.050600
vt 0.959500 0.060100
vt 0.953000 0.065800
vt 0.948100 0.057900
vt 0.941500 0.047600
vt 0.949300 0.038500
vt 0.920500 0.206600
vt 0.927900 0.199900
vt 0.910600 0.215300
vt 0.903900 0.201500
vt 0.914700 0.194900
vt 0.922600 0.190000
vt 0.940200 0.066200
vt 0.945600 0.073200
vt 0.938600 0.080900
vt 0.932300 0.074700
vt 0.923900 0.066200
vt 0.932800 0.056900
vt 0.910500 0.184400
vt 0.918700 0.181100
vt 0.899700 0.189100
vt 0.897800 0.175000
vt 0.908400 0.172400
vt 0.916500 0.170400
vt 0.924800 0.082700
vt 0.932400 0.088000
vt 0.926900 0.097200
vt 0.918300 0.092900
vt 0.907200 0.087200
vt 0.914700 0.075600
vt 0.907900 0.153700
vt 0.916200 0.153500
vt 0.897200 0.154100
vt 0.898200 0.129600
vt 0.909200 0.131500
vt 0.917800 0.133000
vt 0.913000 0.109900
vt 0.921800 0.113000
vt 0.901700 0.105900
vt 0.919300 0.153400
vt 0.921300 0.153200
vt 0.921500 0.169200
vt 0.919700 0.169600
vt 0.921000 0.133600
vt 0.923100 0.133900
vt 0.935200 0.090000
vt 0.936900 0.091100
vt 0.932000 0.099900
vt 0.930300 0.098900
vt 0.941000 0.083300
vt 0.942600 0.084300
vt 0.921900 0.179800
vt 0.923600 0.179200
vt 0.927400 0.187700
vt 0.925700 0.188200
vt 0.947700 0.076000
vt 0.949500 0.076800
vt 0.954900 0.068900
vt 0.956800 0.069700
vt 0.930700 0.197300
vt 0.932500 0.197000
vt 0.938200 0.205600
vt 0.936300 0.206000
vt 0.961300 0.063800
vt 0.963000 0.064700
vt 0.967600 0.059800
vt 0.969300 0.060800
vt 0.941600 0.212300
vt 0.943500 0.211700
vt 0.949200 0.216800
vt 0.947300 0.217500
vt 0.974200 0.056300
vt 0.976700 0.057100
vt 0.980800 0.053000
vt 0.984500 0.053600
vt 0.953900 0.222600
vt 0.956400 0.222100
vt 0.964200 0.227300
vt 0.960800 0.227600
vt 0.925200 0.114200
vt 0.927100 0.114900
vt 0.796900 0.876900
vt 0.803300 0.879500
vt 0.802900 0.890800
vt 0.796600 0.887400
vt 0.790800 0.884500
vt 0.790900 0.874300
vt 0.791700 0.863900
vt 0.797700 0.866000
vt 0.804400 0.868000
vt 0.800100 0.856600
vt 0.807200 0.858200
vt 0.793800 0.854900
vt 0.796700 0.845300
vt 0.803200 0.846700
vt 0.810600 0.847900
vt 0.806600 0.831100
vt 0.814000 0.832000
vt 0.800100 0.830200
vt 0.802200 0.811500
vt 0.808700 0.811900
vt 0.816100 0.812300
vt 0.807600 0.792500
vt 0.805000 0.776400
vt 0.812000 0.775900
vt 0.814800 0.792400
vt 0.801300 0.792700
vt 0.799000 0.777200
vt 0.802700 0.765800
vt 0.800800 0.755800
vt 0.807100 0.754000
vt 0.809300 0.764700
vt 0.796800 0.767100
vt 0.795200 0.757600
vt 0.800400 0.744300
vt 0.800400 0.733400
vt 0.806600 0.730100
vt 0.806500 0.741800
vt 0.794900 0.746700
vt 0.795000 0.736300
vt 0.800100 0.725300
vt 0.798600 0.717200
vt 0.804600 0.711400
vt 0.806400 0.720900
vt 0.794800 0.728500
vt 0.793700 0.721200
vt 0.795300 0.706400
vt 0.791100 0.694200
vt 0.795800 0.684600
vt 0.799900 0.698600
vt 0.791400 0.712900
vt 0.788300 0.703900
vt 0.791200 0.913700
vt 0.795800 0.921800
vt 0.790400 0.935700
vt 0.787700 0.925600
vt 0.784900 0.914900
vt 0.787500 0.906900
vt 0.789500 0.899200
vt 0.794200 0.903200
vt 0.800000 0.909000
vt 0.795800 0.895300
vt 0.802100 0.899700
vt 0.790500 0.892200
vt 0.355800 0.131800
vt 0.354500 0.108100
vt 0.362700 0.107600
vt 0.364100 0.131300
vt 0.364400 0.156100
vt 0.355900 0.156400
vt 0.347500 0.132200
vt 0.347500 0.156600
vt 0.330500 0.157300
vt 0.331200 0.133000
vt 0.329900 0.110100
vt 0.346400 0.108600
vt 0.467000 0.130700
vt 0.484300 0.129500
vt 0.484800 0.155100
vt 0.468000 0.155100
vt 0.458500 0.131100
vt 0.459300 0.155200
vt 0.450600 0.155300
vt 0.450000 0.131500
vt 0.451600 0.105900
vt 0.460100 0.105900
vt 0.468600 0.105900
vt 0.485800 0.106100
vt 0.354000 0.180500
vt 0.363000 0.179800
vt 0.360100 0.202700
vt 0.350600 0.203400
vt 0.345000 0.181200
vt 0.341100 0.204200
vt 0.322200 0.205100
vt 0.327000 0.182000
vt 0.471200 0.179200
vt 0.489400 0.179000
vt 0.494100 0.200500
vt 0.475500 0.200500
vt 0.462000 0.178800
vt 0.465900 0.200300
vt 0.456400 0.200000
vt 0.452800 0.178400
vt 0.380100 0.131100
vt 0.379500 0.107500
vt 0.384500 0.107600
vt 0.384800 0.131100
vt 0.385100 0.155300
vt 0.380400 0.155400
vt 0.369700 0.131200
vt 0.370100 0.155800
vt 0.368500 0.107500
vt 0.444400 0.131300
vt 0.445000 0.155100
vt 0.434100 0.130900
vt 0.434800 0.155000
vt 0.430200 0.155200
vt 0.429500 0.130700
vt 0.429600 0.106200
vt 0.434600 0.106100
vt 0.445600 0.105900
vt 0.379900 0.179000
vt 0.384800 0.178800
vt 0.383700 0.201900
vt 0.378400 0.202000
vt 0.368900 0.179500
vt 0.366600 0.202400
vt 0.446800 0.178400
vt 0.449800 0.200100
vt 0.436000 0.178400
vt 0.437900 0.200400
vt 0.432500 0.200600
vt 0.431100 0.178400
vt 0.160300 0.129500
vt 0.159300 0.151000
vt 0.150700 0.151100
vt 0.151700 0.129600
vt 0.152700 0.107900
vt 0.161500 0.107900
vt 0.177900 0.129300
vt 0.179700 0.107900
vt 0.189000 0.107900
vt 0.187000 0.129200
vt 0.185000 0.150800
vt 0.176400 0.150900
vt 0.907600 0.562500
vt 0.898300 0.562400
vt 0.895400 0.541000
vt 0.904900 0.541100
vt 0.925600 0.562400
vt 0.923600 0.540800
vt 0.932700 0.540500
vt 0.934400 0.562300
vt 0.935900 0.583500
vt 0.927400 0.583600
vt 0.910000 0.583600
vt 0.901000 0.583500
vt 0.162800 0.086500
vt 0.153700 0.086300
vt 0.154500 0.064400
vt 0.163900 0.064800
vt 0.181300 0.086800
vt 0.182600 0.065400
vt 0.192000 0.065700
vt 0.190600 0.086900
vt 0.901700 0.519200
vt 0.891900 0.519100
vt 0.888500 0.496600
vt 0.898400 0.496700
vt 0.921000 0.519000
vt 0.918200 0.496600
vt 0.928200 0.496400
vt 0.930600 0.518700
vt 0.135100 0.129700
vt 0.133800 0.150700
vt 0.116200 0.149900
vt 0.118300 0.129600
vt 0.119300 0.108100
vt 0.135700 0.108000
vt 0.952400 0.561700
vt 0.951300 0.539900
vt 0.970600 0.539200
vt 0.970800 0.560900
vt 0.973800 0.582100
vt 0.954300 0.582900
vt 0.136400 0.086300
vt 0.119800 0.086300
vt 0.118700 0.064000
vt 0.136600 0.064100
vt 0.950200 0.518100
vt 0.948900 0.495700
vt 0.969600 0.495100
vt 0.970700 0.517400
vt 0.353000 0.087200
vt 0.351500 0.067900
vt 0.359700 0.066100
vt 0.361200 0.086100
vt 0.344900 0.088200
vt 0.328100 0.090900
vt 0.326100 0.074500
vt 0.343300 0.069800
vt 0.470500 0.085100
vt 0.488200 0.086300
vt 0.461800 0.084600
vt 0.453200 0.084200
vt 0.454900 0.063700
vt 0.463800 0.064800
vt 0.472700 0.065900
vt 0.490900 0.068500
vt 0.379000 0.084800
vt 0.378800 0.063900
vt 0.384700 0.063500
vt 0.384500 0.084600
vt 0.367400 0.085500
vt 0.366200 0.065200
vt 0.446800 0.084000
vt 0.434900 0.084000
vt 0.429500 0.084100
vt 0.429000 0.062800
vt 0.435000 0.062800
vt 0.448000 0.063200
vt 0.164500 0.042200
vt 0.154900 0.041500
vt 0.155200 0.018100
vt 0.164900 0.019200
vt 0.183400 0.043400
vt 0.184000 0.021200
vt 0.193300 0.022200
vt 0.192800 0.044000
vt 0.895800 0.473300
vt 0.885900 0.473400
vt 0.884100 0.450200
vt 0.894000 0.449800
vt 0.916200 0.473000
vt 0.914800 0.449000
vt 0.925600 0.448600
vt 0.926700 0.472800
vt 0.137700 0.039600
vt 0.121000 0.038200
vt 0.124100 0.022100
vt 0.137200 0.016800
vt 0.948800 0.471500
vt 0.947600 0.448000
vt 0.964100 0.453400
vt 0.970900 0.469500
vt 0.347200 0.225400
vt 0.356900 0.225100
vt 0.345500 0.236000
vt 0.355400 0.236100
vt 0.353800 0.247200
vt 0.343900 0.246500
vt 0.335700 0.235800
vt 0.333900 0.245800
vt 0.314100 0.243600
vt 0.316100 0.234500
vt 0.337500 0.225700
vt 0.318100 0.225500
vt 0.480600 0.231200
vt 0.499100 0.229200
vt 0.500700 0.238600
vt 0.482300 0.241200
vt 0.471100 0.231700
vt 0.472700 0.242100
vt 0.463000 0.243100
vt 0.461500 0.232300
vt 0.469400 0.221300
vt 0.459900 0.221600
vt 0.479000 0.221100
vt 0.497400 0.219900
vt 0.342300 0.256600
vt 0.352600 0.257800
vt 0.339800 0.277000
vt 0.350600 0.278900
vt 0.349700 0.289300
vt 0.338800 0.287300
vt 0.328900 0.275100
vt 0.327900 0.285400
vt 0.302600 0.278000
vt 0.305800 0.269100
vt 0.331900 0.255400
vt 0.311500 0.251900
vt 0.486900 0.271400
vt 0.508900 0.265800
vt 0.512000 0.275500
vt 0.488100 0.281900
vt 0.476500 0.273400
vt 0.477500 0.284000
vt 0.466900 0.286100
vt 0.466100 0.275300
vt 0.474100 0.252400
vt 0.464200 0.253800
vt 0.484000 0.251000
vt 0.503300 0.247400
vt 0.376300 0.225000
vt 0.382200 0.224900
vt 0.375400 0.236300
vt 0.381500 0.236300
vt 0.380800 0.247700
vt 0.374500 0.247700
vt 0.362400 0.236300
vt 0.361000 0.247500
vt 0.363700 0.225100
vt 0.454400 0.232800
vt 0.455800 0.243700
vt 0.441200 0.233600
vt 0.442200 0.244700
vt 0.435800 0.245100
vt 0.435000 0.234000
vt 0.440200 0.222500
vt 0.434300 0.222800
vt 0.453000 0.221900
vt 0.374100 0.258800
vt 0.380600 0.258800
vt 0.373300 0.280500
vt 0.380100 0.280600
vt 0.379900 0.291300
vt 0.372900 0.291200
vt 0.358500 0.279600
vt 0.357800 0.290200
vt 0.360100 0.258300
vt 0.458200 0.276300
vt 0.458800 0.287100
vt 0.443400 0.277800
vt 0.443600 0.288700
vt 0.436500 0.289200
vt 0.436400 0.278300
vt 0.442700 0.255800
vt 0.436100 0.256300
vt 0.456700 0.254600
vt 0.154300 0.220900
vt 0.153800 0.230200
vt 0.146000 0.230300
vt 0.146300 0.220900
vt 0.155600 0.201800
vt 0.147200 0.201600
vt 0.147700 0.191700
vt 0.156300 0.192000
vt 0.171900 0.202200
vt 0.172800 0.192700
vt 0.180800 0.193000
vt 0.179800 0.202400
vt 0.169900 0.220900
vt 0.177500 0.220900
vt 0.176400 0.230100
vt 0.169000 0.230100
vt 0.915100 0.633200
vt 0.907000 0.633400
vt 0.905900 0.624100
vt 0.914100 0.623900
vt 0.931100 0.633100
vt 0.930300 0.623500
vt 0.938400 0.623400
vt 0.939100 0.633000
vt 0.932700 0.651800
vt 0.940400 0.652000
vt 0.941000 0.661300
vt 0.933400 0.661000
vt 0.916900 0.651700
vt 0.917800 0.660700
vt 0.909700 0.660700
vt 0.908900 0.651700
vt 0.157100 0.182000
vt 0.148500 0.181800
vt 0.157800 0.172000
vt 0.149200 0.171800
vt 0.174700 0.172300
vt 0.183000 0.172500
vt 0.173800 0.182500
vt 0.181900 0.182800
vt 0.912100 0.604200
vt 0.903600 0.604300
vt 0.928700 0.604000
vt 0.936900 0.603900
vt 0.929500 0.613800
vt 0.937600 0.613600
vt 0.913100 0.614100
vt 0.904800 0.614200
vt 0.130800 0.220800
vt 0.130900 0.230200
vt 0.115500 0.230200
vt 0.115000 0.220700
vt 0.130800 0.201400
vt 0.114100 0.201200
vt 0.113700 0.191300
vt 0.130900 0.191500
vt 0.955700 0.633000
vt 0.955000 0.623200
vt 0.972900 0.622800
vt 0.973200 0.632800
vt 0.956700 0.652300
vt 0.973700 0.652600
vt 0.973800 0.662400
vt 0.957000 0.661800
vt 0.132200 0.181600
vt 0.114600 0.181400
vt 0.133500 0.171700
vt 0.115400 0.171600
vt 0.955100 0.603400
vt 0.975300 0.602700
vt 0.955100 0.613300
vt 0.974100 0.612800
vt 0.338600 0.310300
vt 0.348600 0.311600
vt 0.347400 0.333300
vt 0.338500 0.332600
vt 0.328600 0.309100
vt 0.329600 0.331900
vt 0.312000 0.329400
vt 0.309300 0.306000
vt 0.487600 0.306200
vt 0.506300 0.303200
vt 0.504100 0.326800
vt 0.486600 0.329100
vt 0.477800 0.307400
vt 0.477700 0.329800
vt 0.468800 0.330400
vt 0.467900 0.308700
vt 0.328000 0.349700
vt 0.324600 0.364600
vt 0.305500 0.359600
vt 0.309800 0.346000
vt 0.336900 0.351200
vt 0.345800 0.352600
vt 0.343000 0.369400
vt 0.333800 0.367000
vt 0.479200 0.348600
vt 0.470200 0.350000
vt 0.488200 0.347200
vt 0.506500 0.343800
vt 0.511000 0.357900
vt 0.491400 0.362400
vt 0.481900 0.364700
vt 0.472400 0.366900
vt 0.372000 0.312700
vt 0.379300 0.312800
vt 0.377600 0.334400
vt 0.370200 0.334200
vt 0.356700 0.312100
vt 0.355100 0.333700
vt 0.459900 0.309400
vt 0.461100 0.331000
vt 0.444400 0.310500
vt 0.446000 0.332100
vt 0.438600 0.332600
vt 0.437000 0.310900
vt 0.367200 0.355500
vt 0.374300 0.356200
vt 0.368700 0.377500
vt 0.362500 0.375300
vt 0.353000 0.353800
vt 0.349700 0.371200
vt 0.462900 0.351200
vt 0.465600 0.368900
vt 0.448500 0.353400
vt 0.452600 0.373300
vt 0.446400 0.375800
vt 0.441400 0.354300
vt 0.153400 0.247800
vt 0.155300 0.265700
vt 0.148000 0.265600
vt 0.146100 0.247700
vt 0.168700 0.247700
vt 0.176600 0.247600
vt 0.178600 0.266200
vt 0.170500 0.266000
vt 0.918500 0.678600
vt 0.910400 0.678700
vt 0.934200 0.678700
vt 0.941800 0.678900
vt 0.940800 0.697000
vt 0.933200 0.696900
vt 0.917700 0.697100
vt 0.909700 0.697300
vt 0.131800 0.247400
vt 0.134400 0.265000
vt 0.121100 0.264400
vt 0.117800 0.247100
vt 0.957600 0.679700
vt 0.974000 0.680700
vt 0.972300 0.698800
vt 0.956300 0.697700
vt 0.244100 0.085600
vt 0.256500 0.084900
vt 0.256800 0.106900
vt 0.244500 0.107300
vt 0.229700 0.107700
vt 0.229500 0.086300
vt 0.228500 0.065200
vt 0.242800 0.064700
vt 0.255300 0.064000
vt 0.837200 0.517000
vt 0.836500 0.494600
vt 0.851000 0.495000
vt 0.851700 0.517300
vt 0.853600 0.539800
vt 0.838700 0.539800
vt 0.826400 0.539800
vt 0.824700 0.517000
vt 0.824000 0.494800
vt 0.210600 0.086800
vt 0.209800 0.107900
vt 0.200600 0.086900
vt 0.199400 0.107900
vt 0.201400 0.065700
vt 0.210900 0.065700
vt 0.881500 0.518700
vt 0.878800 0.496200
vt 0.884600 0.540600
vt 0.871200 0.518300
vt 0.873800 0.540200
vt 0.869000 0.495900
vt 0.244200 0.129700
vt 0.256200 0.129800
vt 0.255100 0.152200
vt 0.242600 0.152100
vt 0.227300 0.151700
vt 0.229300 0.129600
vt 0.840700 0.561600
vt 0.855600 0.561500
vt 0.858600 0.582800
vt 0.843200 0.582600
vt 0.830600 0.582800
vt 0.828600 0.561900
vt 0.208900 0.129300
vt 0.206700 0.151200
vt 0.197900 0.129300
vt 0.195800 0.151000
vt 0.887400 0.562100
vt 0.890300 0.583300
vt 0.876400 0.561900
vt 0.879500 0.583100
vt 0.240300 0.044900
vt 0.253000 0.045000
vt 0.226600 0.044700
vt 0.224000 0.024500
vt 0.237200 0.025800
vt 0.250100 0.027000
vt 0.837400 0.473500
vt 0.839000 0.452900
vt 0.852200 0.451500
vt 0.851200 0.473100
vt 0.824800 0.474100
vt 0.826400 0.454700
vt 0.210400 0.044500
vt 0.201600 0.044300
vt 0.201400 0.022800
vt 0.209500 0.023400
vt 0.876800 0.473300
vt 0.875600 0.450400
vt 0.867700 0.473200
vt 0.867100 0.450700
vt 0.237700 0.183200
vt 0.252700 0.181800
vt 0.251900 0.190500
vt 0.235900 0.192600
vt 0.218400 0.194200
vt 0.220700 0.184100
vt 0.239400 0.173700
vt 0.222900 0.174000
vt 0.253500 0.173100
vt 0.847100 0.603200
vt 0.863500 0.603900
vt 0.848900 0.612900
vt 0.865800 0.614100
vt 0.868000 0.624300
vt 0.850800 0.622600
vt 0.834600 0.620900
vt 0.833700 0.611800
vt 0.832700 0.602700
vt 0.201200 0.183700
vt 0.199300 0.193900
vt 0.191500 0.183200
vt 0.190100 0.193500
vt 0.193000 0.172900
vt 0.203000 0.173400
vt 0.893600 0.604200
vt 0.895100 0.614300
vt 0.896600 0.624300
vt 0.885500 0.614300
vt 0.887300 0.624500
vt 0.883600 0.604200
vt 0.234500 0.211200
vt 0.250800 0.206700
vt 0.251000 0.210600
vt 0.235300 0.215900
vt 0.217900 0.225300
vt 0.217000 0.217600
vt 0.234800 0.199600
vt 0.217300 0.202100
vt 0.251300 0.196600
vt 0.851700 0.631400
vt 0.868900 0.633700
vt 0.852100 0.647000
vt 0.868700 0.652900
vt 0.867600 0.662500
vt 0.851400 0.653800
vt 0.836500 0.648700
vt 0.836400 0.642700
vt 0.835500 0.628800
vt 0.196600 0.219600
vt 0.196100 0.227900
vt 0.187100 0.220300
vt 0.186200 0.229000
vt 0.189000 0.202500
vt 0.198200 0.202600
vt 0.897600 0.633700
vt 0.899200 0.652100
vt 0.899900 0.661200
vt 0.889600 0.652600
vt 0.890100 0.661800
vt 0.888200 0.633900
vt 0.195700 0.246600
vt 0.214600 0.246000
vt 0.215100 0.265800
vt 0.197200 0.266100
vt 0.186200 0.247100
vt 0.187900 0.266100
vt 0.900800 0.679400
vt 0.900400 0.698100
vt 0.891200 0.680200
vt 0.891100 0.698800
vt 0.873100 0.699000
vt 0.872500 0.681000
vt 0.318200 0.133300
vt 0.317600 0.156700
vt 0.306200 0.156000
vt 0.306600 0.133600
vt 0.304400 0.113000
vt 0.316600 0.111400
vt 0.497400 0.129300
vt 0.499800 0.106500
vt 0.512200 0.107900
vt 0.509300 0.129600
vt 0.509900 0.152500
vt 0.498200 0.153900
vt 0.268500 0.084000
vt 0.280300 0.083400
vt 0.280200 0.106400
vt 0.268600 0.106600
vt 0.267600 0.062900
vt 0.279800 0.062100
vt 0.812600 0.516700
vt 0.811700 0.494600
vt 0.814400 0.539900
vt 0.802600 0.540500
vt 0.800700 0.517100
vt 0.799500 0.494900
vt 0.313500 0.181000
vt 0.308200 0.203400
vt 0.295900 0.200500
vt 0.301700 0.178800
vt 0.502600 0.177000
vt 0.514700 0.174200
vt 0.520500 0.194600
vt 0.508000 0.198200
vt 0.267700 0.129900
vt 0.279300 0.129900
vt 0.279000 0.152400
vt 0.267000 0.152400
vt 0.816700 0.562300
vt 0.818200 0.583500
vt 0.805800 0.584300
vt 0.804700 0.562900
vt 0.313600 0.093500
vt 0.300500 0.095900
vt 0.296100 0.080700
vt 0.310600 0.078000
vt 0.503000 0.087700
vt 0.506700 0.070700
vt 0.521600 0.072800
vt 0.516500 0.089400
vt 0.265700 0.044600
vt 0.278700 0.044200
vt 0.263300 0.027700
vt 0.277400 0.028000
vt 0.812200 0.474800
vt 0.813500 0.456500
vt 0.799200 0.475800
vt 0.799600 0.458500
vt 0.301300 0.231500
vt 0.299100 0.240000
vt 0.285300 0.234700
vt 0.288000 0.227000
vt 0.303500 0.223100
vt 0.290600 0.219400
vt 0.511600 0.217200
vt 0.524900 0.213400
vt 0.513400 0.225900
vt 0.527100 0.221600
vt 0.529200 0.229800
vt 0.515200 0.234600
vt 0.266500 0.180900
vt 0.279800 0.180200
vt 0.280100 0.188400
vt 0.266300 0.189200
vt 0.266700 0.172600
vt 0.279500 0.172100
vt 0.818700 0.603000
vt 0.819000 0.611800
vt 0.819300 0.620600
vt 0.804800 0.620900
vt 0.805100 0.612300
vt 0.805400 0.603700
vt 0.291000 0.258000
vt 0.288500 0.262600
vt 0.276100 0.252800
vt 0.278100 0.249300
vt 0.296300 0.246700
vt 0.282700 0.240200
vt 0.517600 0.242500
vt 0.531600 0.236400
vt 0.523300 0.256000
vt 0.536400 0.247600
vt 0.538900 0.252200
vt 0.526500 0.261600
vt 0.265800 0.204900
vt 0.280200 0.204700
vt 0.280300 0.208900
vt 0.265700 0.208800
vt 0.266100 0.195100
vt 0.280100 0.194500
vt 0.820000 0.628000
vt 0.821000 0.641200
vt 0.821300 0.646900
vt 0.804900 0.645800
vt 0.804500 0.640500
vt 0.804500 0.628000
vt 0.590100 0.137400
vt 0.599500 0.152800
vt 0.596500 0.156000
vt 0.586700 0.141900
vt 0.568000 0.127500
vt 0.578300 0.119800
vt 0.588100 0.118000
vt 0.596700 0.135300
vt 0.604100 0.150200
vt 0.028200 0.410600
vt 0.029600 0.403200
vt 0.045900 0.413200
vt 0.043100 0.424400
vt 0.033600 0.435400
vt 0.022100 0.417000
vt 0.008500 0.407600
vt 0.012000 0.402600
vt 0.014200 0.396100
vt 0.905800 0.408700
vt 0.911100 0.396000
vt 0.916800 0.397700
vt 0.910300 0.409700
vt 0.906000 0.421900
vt 0.902500 0.421500
vt 0.898000 0.421000
vt 0.900100 0.408600
vt 0.903900 0.395900
vt 0.627600 0.298900
vt 0.634200 0.295400
vt 0.640900 0.308300
vt 0.635800 0.311300
vt 0.631800 0.314900
vt 0.622100 0.303400
vt 0.612100 0.293800
vt 0.617800 0.287500
vt 0.625900 0.283000
vt 0.552100 0.035800
vt 0.550000 0.048400
vt 0.533600 0.047800
vt 0.535700 0.033900
vt 0.538900 0.020600
vt 0.555200 0.023600
vt 0.572400 0.028200
vt 0.569100 0.039300
vt 0.566900 0.051000
vt 0.125800 0.453500
vt 0.123200 0.435900
vt 0.135100 0.432700
vt 0.138900 0.450800
vt 0.141000 0.467500
vt 0.127000 0.470100
vt 0.112400 0.471900
vt 0.112500 0.455400
vt 0.110600 0.437800
vt 0.943700 0.288600
vt 0.941400 0.278600
vt 0.954400 0.274800
vt 0.956800 0.285400
vt 0.958000 0.295800
vt 0.945300 0.298100
vt 0.931700 0.302400
vt 0.929900 0.293100
vt 0.927200 0.283500
vt 0.553700 0.193600
vt 0.570000 0.193700
vt 0.571000 0.204200
vt 0.555000 0.204200
vt 0.540900 0.205900
vt 0.539000 0.194500
vt 0.538000 0.182500
vt 0.552800 0.182100
vt 0.569600 0.182500
vt 0.944300 0.328500
vt 0.945600 0.316700
vt 0.958100 0.316100
vt 0.956100 0.330000
vt 0.953000 0.345600
vt 0.941200 0.342400
vt 0.928600 0.342400
vt 0.931400 0.330500
vt 0.932200 0.320700
vt 0.565500 0.236100
vt 0.581200 0.234000
vt 0.589200 0.246000
vt 0.573700 0.249500
vt 0.561100 0.255100
vt 0.552600 0.240800
vt 0.546400 0.227100
vt 0.559700 0.223600
vt 0.575300 0.222700
vt 0.935600 0.358200
vt 0.948800 0.362200
vt 0.943500 0.379500
vt 0.928700 0.372900
vt 0.915400 0.371800
vt 0.922600 0.356700
vt 0.583800 0.262100
vt 0.598700 0.257200
vt 0.608600 0.266400
vt 0.594700 0.271700
vt 0.583200 0.281800
vt 0.571300 0.268500
vt 0.920100 0.384100
vt 0.928000 0.387600
vt 0.909400 0.383900
vt 0.606100 0.278600
vt 0.617500 0.273600
vt 0.599700 0.286100
vt 0.945900 0.307000
vt 0.958800 0.305200
vt 0.932400 0.311300
vt 0.556500 0.213700
vt 0.572400 0.213200
vt 0.542800 0.216000
vt 0.564200 0.098300
vt 0.550400 0.101200
vt 0.537800 0.079700
vt 0.553000 0.077600
vt 0.569000 0.078800
vt 0.577500 0.098000
vt 0.062400 0.439400
vt 0.063700 0.425500
vt 0.082200 0.435300
vt 0.082400 0.451800
vt 0.079800 0.466800
vt 0.058700 0.453400
vt 0.549300 0.062000
vt 0.533300 0.062700
vt 0.566200 0.064000
vt 0.098300 0.455900
vt 0.097300 0.438100
vt 0.097000 0.471900
vt 0.589200 0.069700
vt 0.591000 0.084100
vt 0.590200 0.057000
vt 0.615700 0.063800
vt 0.614800 0.076000
vt 0.615900 0.089800
vt 0.093000 0.414200
vt 0.088300 0.385600
vt 0.099600 0.384900
vt 0.105600 0.413100
vt 0.078800 0.411700
vt 0.074700 0.384300
vt 0.596700 0.101500
vt 0.604400 0.118500
vt 0.619500 0.105400
vt 0.624100 0.120000
vt 0.061600 0.404900
vt 0.058600 0.380300
vt 0.045000 0.396100
vt 0.043500 0.374300
vt 0.913600 0.318800
vt 0.912700 0.309900
vt 0.913700 0.327300
vt 0.892300 0.334600
vt 0.892100 0.326200
vt 0.891200 0.317800
vt 0.595900 0.213400
vt 0.622200 0.212500
vt 0.624100 0.219900
vt 0.598200 0.221700
vt 0.594700 0.204600
vt 0.620700 0.205700
vt 0.896200 0.385000
vt 0.900300 0.374500
vt 0.893200 0.395500
vt 0.879900 0.396200
vt 0.881600 0.386800
vt 0.883500 0.377800
vt 0.632400 0.269400
vt 0.649400 0.265400
vt 0.654200 0.273600
vt 0.638500 0.278200
vt 0.626000 0.262000
vt 0.644500 0.257900
vt 0.905900 0.360900
vt 0.910600 0.347700
vt 0.886700 0.365900
vt 0.889800 0.354000
vt 0.618000 0.252600
vt 0.638000 0.247800
vt 0.609900 0.241500
vt 0.631600 0.237000
vt 0.912900 0.337000
vt 0.891600 0.343900
vt 0.603100 0.231200
vt 0.627300 0.227900
vt 0.910600 0.300700
vt 0.907700 0.291500
vt 0.889200 0.308700
vt 0.886700 0.299700
vt 0.594000 0.194600
vt 0.620200 0.195500
vt 0.593800 0.184100
vt 0.620400 0.186200
vt 0.592500 0.045900
vt 0.595800 0.035500
vt 0.620900 0.043500
vt 0.617800 0.053300
vt 0.117100 0.411100
vt 0.109800 0.382800
vt 0.120100 0.379700
vt 0.128200 0.407500
vt 0.890400 0.408100
vt 0.889000 0.420300
vt 0.876700 0.420600
vt 0.877700 0.408600
vt 0.645300 0.290200
vt 0.659900 0.285500
vt 0.664300 0.298000
vt 0.650700 0.302800
vt 0.610400 0.133200
vt 0.614700 0.147300
vt 0.627900 0.132500
vt 0.629300 0.145400
vt 0.030600 0.388800
vt 0.031600 0.369600
vt 0.016400 0.383400
vt 0.018200 0.366500
vt 0.646200 0.133300
vt 0.646200 0.145400
vt 0.644800 0.121800
vt 0.666400 0.123400
vt 0.666700 0.134000
vt 0.664200 0.144900
vt 0.033100 0.350200
vt 0.034500 0.331100
vt 0.044300 0.332100
vt 0.043900 0.352700
vt 0.020600 0.348800
vt 0.022700 0.331000
vt 0.863100 0.411700
vt 0.865100 0.398700
vt 0.863200 0.423500
vt 0.848100 0.424200
vt 0.849400 0.413100
vt 0.849000 0.402900
vt 0.675900 0.282900
vt 0.691900 0.281600
vt 0.694900 0.295000
vt 0.679500 0.295800
vt 0.671000 0.270200
vt 0.687700 0.267800
vt 0.640100 0.059300
vt 0.638900 0.069300
vt 0.642300 0.050000
vt 0.662400 0.055200
vt 0.661300 0.064800
vt 0.661200 0.074300
vt 0.104800 0.357900
vt 0.099200 0.335100
vt 0.107600 0.333900
vt 0.113900 0.355500
vt 0.094900 0.359200
vt 0.090300 0.335900
vt 0.870300 0.314200
vt 0.868300 0.305500
vt 0.871800 0.323200
vt 0.852900 0.326500
vt 0.851800 0.317600
vt 0.850600 0.308800
vt 0.644000 0.194800
vt 0.665300 0.194000
vt 0.666300 0.201600
vt 0.644700 0.204500
vt 0.643800 0.186300
vt 0.665000 0.185800
vt 0.871600 0.348800
vt 0.872400 0.339600
vt 0.870200 0.358300
vt 0.851100 0.363400
vt 0.851700 0.353100
vt 0.853000 0.344700
vt 0.650200 0.225600
vt 0.670800 0.222300
vt 0.674200 0.230600
vt 0.653900 0.234400
vt 0.647500 0.218200
vt 0.668600 0.215500
vt 0.868400 0.370100
vt 0.867100 0.381600
vt 0.849100 0.386600
vt 0.850300 0.373700
vt 0.658100 0.244800
vt 0.678000 0.241100
vt 0.681500 0.251500
vt 0.663000 0.253800
vt 0.866400 0.389900
vt 0.848400 0.395300
vt 0.667100 0.261500
vt 0.684500 0.258700
vt 0.872500 0.331400
vt 0.853100 0.336600
vt 0.645900 0.212100
vt 0.667300 0.208800
vt 0.642400 0.108400
vt 0.640200 0.093700
vt 0.663800 0.096900
vt 0.665200 0.110600
vt 0.056800 0.355800
vt 0.055500 0.333500
vt 0.068500 0.334700
vt 0.071200 0.358000
vt 0.639000 0.080800
vt 0.662300 0.085000
vt 0.083500 0.359300
vt 0.080000 0.335500
vt 0.685300 0.089600
vt 0.686600 0.100000
vt 0.683900 0.080100
vt 0.705300 0.083700
vt 0.706500 0.092200
vt 0.707500 0.101800
vt 0.075500 0.314600
vt 0.072900 0.294600
vt 0.081600 0.294000
vt 0.085100 0.314500
vt 0.065400 0.314500
vt 0.063600 0.295100
vt 0.687200 0.112200
vt 0.687400 0.124100
vt 0.707800 0.113100
vt 0.708000 0.124500
vt 0.054300 0.314300
vt 0.053100 0.295800
vt 0.044100 0.314000
vt 0.043100 0.296100
vt 0.833700 0.336500
vt 0.832900 0.328200
vt 0.833900 0.344800
vt 0.813300 0.347300
vt 0.813200 0.338800
vt 0.812400 0.329700
vt 0.689000 0.205100
vt 0.709100 0.200800
vt 0.710600 0.207300
vt 0.690500 0.211100
vt 0.687300 0.198600
vt 0.707700 0.193700
vt 0.831400 0.396800
vt 0.830400 0.388400
vt 0.831000 0.405800
vt 0.809400 0.406500
vt 0.809200 0.398200
vt 0.809500 0.389800
vt 0.700800 0.256100
vt 0.719100 0.252600
vt 0.720600 0.261800
vt 0.703200 0.265700
vt 0.698900 0.247800
vt 0.718000 0.244800
vt 0.829500 0.374600
vt 0.832700 0.363800
vt 0.809700 0.377300
vt 0.813200 0.364600
vt 0.696500 0.237400
vt 0.716200 0.234400
vt 0.693900 0.227400
vt 0.714400 0.223500
vt 0.833100 0.354300
vt 0.814300 0.355300
vt 0.691900 0.218700
vt 0.712500 0.214800
vt 0.832100 0.318500
vt 0.831000 0.309500
vt 0.811900 0.319500
vt 0.811000 0.310100
vt 0.686100 0.189800
vt 0.706200 0.185400
vt 0.685000 0.181200
vt 0.704800 0.177200
vt 0.683100 0.071300
vt 0.683400 0.062400
vt 0.705000 0.066800
vt 0.704800 0.075400
vt 0.093600 0.314200
vt 0.089500 0.293400
vt 0.097300 0.292800
vt 0.101700 0.313100
vt 0.830300 0.417500
vt 0.830000 0.430000
vt 0.810200 0.430700
vt 0.809800 0.418600
vt 0.706800 0.280000
vt 0.723500 0.275800
vt 0.726500 0.289000
vt 0.710100 0.293800
vt 0.687400 0.134600
vt 0.686400 0.146100
vt 0.708300 0.134800
vt 0.709000 0.146300
vt 0.034700 0.313500
vt 0.033900 0.295700
vt 0.022900 0.313600
vt 0.023100 0.294600
vt 0.732800 0.135800
vt 0.735400 0.146700
vt 0.730800 0.125400
vt 0.757700 0.124400
vt 0.760400 0.134300
vt 0.764000 0.144300
vt 0.032600 0.272400
vt 0.033600 0.244600
vt 0.042700 0.245600
vt 0.042000 0.273200
vt 0.022600 0.270400
vt 0.024200 0.242400
vt 0.785800 0.415600
vt 0.784600 0.403500
vt 0.786700 0.427800
vt 0.760800 0.423100
vt 0.759300 0.411600
vt 0.757600 0.400000
vt 0.745100 0.267900
vt 0.770200 0.258800
vt 0.771800 0.270400
vt 0.747000 0.280100
vt 0.743300 0.255300
vt 0.769000 0.247300
vt 0.727800 0.074500
vt 0.727700 0.082600
vt 0.728600 0.066500
vt 0.754300 0.065400
vt 0.753100 0.073000
vt 0.752600 0.080700
vt 0.088700 0.270300
vt 0.088600 0.244400
vt 0.095600 0.243800
vt 0.096100 0.269600
vt 0.081100 0.270900
vt 0.081500 0.244800
vt 0.790000 0.324000
vt 0.789700 0.315300
vt 0.789800 0.334000
vt 0.765100 0.337700
vt 0.766200 0.329700
vt 0.766400 0.322100
vt 0.728800 0.183000
vt 0.754500 0.181800
vt 0.755900 0.189200
vt 0.730300 0.191000
vt 0.727500 0.174900
vt 0.753300 0.174400
vt 0.786700 0.357400
vt 0.788000 0.349500
vt 0.785200 0.366200
vt 0.758000 0.366700
vt 0.759600 0.359200
vt 0.761600 0.351700
vt 0.734400 0.211800
vt 0.760700 0.208400
vt 0.762600 0.215500
vt 0.736200 0.219900
vt 0.733000 0.204700
vt 0.759000 0.202100
vt 0.784100 0.377600
vt 0.783800 0.388300
vt 0.756000 0.385900
vt 0.756500 0.376400
vt 0.738700 0.229900
vt 0.765000 0.224400
vt 0.767200 0.233100
vt 0.741000 0.239400
vt 0.784100 0.395800
vt 0.756700 0.392700
vt 0.742300 0.246800
vt 0.768200 0.239700
vt 0.789000 0.341900
vt 0.763600 0.345000
vt 0.731700 0.198000
vt 0.757400 0.195900
vt 0.729500 0.113500
vt 0.728800 0.101400
vt 0.753600 0.099600
vt 0.755400 0.112300
vt 0.052700 0.273000
vt 0.053700 0.245900
vt 0.064900 0.245700
vt 0.063700 0.272400
vt 0.728100 0.091400
vt 0.752700 0.089600
vt 0.072900 0.271600
vt 0.073800 0.245300
vt 0.781400 0.088500
vt 0.782500 0.097400
vt 0.781100 0.080700
vt 0.803700 0.080700
vt 0.804400 0.087700
vt 0.805700 0.095700
vt 0.075200 0.217100
vt 0.076500 0.195400
vt 0.083600 0.194900
vt 0.082600 0.216700
vt 0.066900 0.217300
vt 0.068700 0.195700
vt 0.785000 0.109000
vt 0.787800 0.120500
vt 0.808300 0.106000
vt 0.811300 0.116700
vt 0.056400 0.217000
vt 0.058900 0.195200
vt 0.045900 0.216400
vt 0.049000 0.194200
vt 0.738100 0.347500
vt 0.739300 0.340900
vt 0.736600 0.354100
vt 0.716900 0.355000
vt 0.718400 0.348400
vt 0.719500 0.341800
vt 0.785900 0.193300
vt 0.807900 0.191000
vt 0.810100 0.196300
vt 0.787800 0.199000
vt 0.784000 0.187100
vt 0.805700 0.185100
vt 0.730400 0.390500
vt 0.730500 0.385200
vt 0.731100 0.396600
vt 0.711500 0.396000
vt 0.710900 0.389800
vt 0.711100 0.384600
vt 0.795800 0.231600
vt 0.817000 0.225300
vt 0.817400 0.232300
vt 0.796300 0.238700
vt 0.795200 0.225800
vt 0.816600 0.220100
vt 0.731700 0.377200
vt 0.733300 0.368600
vt 0.712200 0.377400
vt 0.713700 0.369500
vt 0.793600 0.218400
vt 0.815500 0.213700
vt 0.791600 0.210900
vt 0.814000 0.207200
vt 0.735000 0.361000
vt 0.715300 0.362100
vt 0.789700 0.204700
vt 0.812200 0.201600
vt 0.740200 0.333600
vt 0.740400 0.326500
vt 0.720200 0.334600
vt 0.720400 0.327800
vt 0.782300 0.180000
vt 0.803800 0.178300
vt 0.780900 0.173000
vt 0.802200 0.171500
vt 0.781200 0.073800
vt 0.781900 0.067100
vt 0.803100 0.068100
vt 0.803200 0.074400
vt 0.089100 0.216400
vt 0.089900 0.194700
vt 0.096300 0.194400
vt 0.095600 0.216000
vt 0.732400 0.408100
vt 0.734200 0.419700
vt 0.713300 0.419600
vt 0.712700 0.407500
vt 0.797400 0.250100
vt 0.818400 0.244100
vt 0.819900 0.256200
vt 0.798900 0.261800
vt 0.790200 0.129500
vt 0.792600 0.139100
vt 0.813500 0.125800
vt 0.815500 0.135800
vt 0.037300 0.215400
vt 0.040700 0.193100
vt 0.028300 0.213400
vt 0.031600 0.191400
vt 0.175000 0.321200
vt 0.171100 0.322100
vt 0.160900 0.306200
vt 0.167200 0.305500
vt 0.185100 0.319700
vt 0.180500 0.304700
vt 0.187600 0.304600
vt 0.191500 0.319100
vt 0.194700 0.331500
vt 0.189100 0.332800
vt 0.180200 0.335000
vt 0.177000 0.335800
vt 0.906000 0.751100
vt 0.902400 0.764300
vt 0.896600 0.763200
vt 0.899500 0.750600
vt 0.902800 0.736000
vt 0.910000 0.736000
vt 0.916400 0.752500
vt 0.923500 0.736600
vt 0.929900 0.737200
vt 0.920300 0.753400
vt 0.914900 0.767000
vt 0.911500 0.766200
vt 0.200200 0.317400
vt 0.196500 0.303700
vt 0.209000 0.315800
vt 0.205400 0.302800
vt 0.222800 0.299300
vt 0.226800 0.311000
vt 0.230100 0.321300
vt 0.212000 0.326900
vt 0.203400 0.329200
vt 0.881000 0.747700
vt 0.878100 0.758900
vt 0.859000 0.753600
vt 0.862300 0.743200
vt 0.866200 0.731600
vt 0.884300 0.734700
vt 0.890300 0.749100
vt 0.893600 0.735400
vt 0.887300 0.761000
vt 0.184500 0.348900
vt 0.181600 0.349800
vt 0.192700 0.346100
vt 0.197900 0.344300
vt 0.200900 0.357200
vt 0.195700 0.359200
vt 0.187400 0.362500
vt 0.184400 0.363600
vt 0.899000 0.777500
vt 0.896100 0.790600
vt 0.890600 0.788800
vt 0.893400 0.776000
vt 0.907500 0.779900
vt 0.910500 0.780800
vt 0.907800 0.794100
vt 0.904700 0.793300
vt 0.206600 0.341500
vt 0.215200 0.338700
vt 0.233700 0.332500
vt 0.236800 0.344600
vt 0.218200 0.351000
vt 0.209600 0.354100
vt 0.875000 0.770900
vt 0.872200 0.783400
vt 0.852500 0.777600
vt 0.855200 0.765100
vt 0.884200 0.773400
vt 0.881400 0.786100
vt 0.319700 0.377700
vt 0.314200 0.389800
vt 0.295400 0.383800
vt 0.300500 0.372000
vt 0.328900 0.380400
vt 0.338000 0.383000
vt 0.331900 0.395300
vt 0.323100 0.392600
vt 0.486200 0.378500
vt 0.476600 0.380900
vt 0.495800 0.376000
vt 0.515800 0.371000
vt 0.520400 0.383600
vt 0.500500 0.388700
vt 0.491200 0.391100
vt 0.481800 0.393600
vt 0.353600 0.388400
vt 0.357100 0.390000
vt 0.348800 0.400800
vt 0.345800 0.399700
vt 0.344100 0.384900
vt 0.337300 0.396900
vt 0.470400 0.382900
vt 0.476200 0.395200
vt 0.460700 0.386500
vt 0.467600 0.397900
vt 0.464600 0.399100
vt 0.457100 0.388200
vt 0.147300 0.312100
vt 0.160000 0.317900
vt 0.160100 0.326200
vt 0.148500 0.319100
vt 0.136000 0.311300
vt 0.134700 0.307000
vt 0.134100 0.300500
vt 0.145600 0.302100
vt 0.943900 0.742200
vt 0.943000 0.749400
vt 0.932000 0.757300
vt 0.931500 0.749000
vt 0.946100 0.732700
vt 0.959500 0.732200
vt 0.957100 0.738500
vt 0.956100 0.741800
vt 0.168300 0.326800
vt 0.166800 0.333200
vt 0.173700 0.338000
vt 0.171100 0.341400
vt 0.923700 0.758100
vt 0.918600 0.769200
vt 0.925600 0.764500
vt 0.921400 0.772500
vt 0.178100 0.351000
vt 0.174800 0.352700
vt 0.180600 0.364100
vt 0.177000 0.364700
vt 0.914400 0.781800
vt 0.912000 0.794400
vt 0.917900 0.783400
vt 0.915900 0.794900
vt 0.360100 0.393300
vt 0.362000 0.397300
vt 0.354700 0.405500
vt 0.351900 0.403000
vt 0.370900 0.385900
vt 0.371600 0.390800
vt 0.454000 0.391700
vt 0.443800 0.384400
vt 0.461200 0.401400
vt 0.458200 0.403900
vt 0.451800 0.395800
vt 0.442900 0.389500
vt 0.191800 0.285800
vt 0.182700 0.286000
vt 0.200900 0.285500
vt 0.218400 0.283900
vt 0.888200 0.717700
vt 0.870300 0.716400
vt 0.897400 0.717500
vt 0.906700 0.717300
vt 0.175000 0.285900
vt 0.160400 0.285500
vt 0.153400 0.285200
vt 0.929300 0.716600
vt 0.936400 0.716500
vt 0.914400 0.717100
vt 0.139700 0.284800
vt 0.126000 0.284500
vt 0.951400 0.716500
vt 0.967400 0.716900
vt 0.387500 0.381300
vt 0.387700 0.386100
vt 0.388300 0.373100
vt 0.407700 0.371600
vt 0.407600 0.379300
vt 0.407500 0.383900
vt 0.427500 0.380500
vt 0.427000 0.372100
vt 0.427200 0.385400
vt 0.393800 0.312700
vt 0.392800 0.334300
vt 0.394000 0.291100
vt 0.408100 0.290700
vt 0.408000 0.312400
vt 0.407900 0.333900
vt 0.422400 0.311800
vt 0.422200 0.290000
vt 0.423100 0.333400
vt 0.390500 0.355800
vt 0.407800 0.355000
vt 0.425000 0.354900
vt 0.394000 0.280300
vt 0.394200 0.258300
vt 0.394300 0.247100
vt 0.408100 0.246600
vt 0.408100 0.257800
vt 0.408100 0.279800
vt 0.422200 0.257100
vt 0.422100 0.245900
vt 0.422200 0.279200
vt 0.394600 0.235800
vt 0.394900 0.224400
vt 0.395600 0.201500
vt 0.408100 0.201400
vt 0.408100 0.224100
vt 0.408100 0.235400
vt 0.421400 0.223500
vt 0.420600 0.201000
vt 0.421800 0.234700
vt 0.395700 0.084400
vt 0.395700 0.107300
vt 0.396000 0.063400
vt 0.406800 0.063500
vt 0.407000 0.084400
vt 0.407300 0.107100
vt 0.418300 0.084400
vt 0.417700 0.063200
vt 0.418700 0.106600
vt 0.395900 0.130800
vt 0.396100 0.155000
vt 0.407600 0.130700
vt 0.407900 0.155300
vt 0.419100 0.130900
vt 0.419500 0.155400
vt 0.396000 0.178500
vt 0.408000 0.178600
vt 0.419900 0.178500
vt 0.820500 0.124200
vt 0.822300 0.134400
vt 0.818500 0.115100
vt 0.824500 0.114600
vt 0.826500 0.123700
vt 0.828400 0.133800
vt 0.706400 0.407700
vt 0.705600 0.396000
vt 0.707000 0.420100
vt 0.701400 0.420100
vt 0.700700 0.407600
vt 0.700100 0.395700
vt 0.810300 0.074600
vt 0.810900 0.080900
vt 0.810000 0.068200
vt 0.816800 0.067500
vt 0.817000 0.074100
vt 0.817500 0.080500
vt 0.713800 0.334500
vt 0.714000 0.327700
vt 0.713000 0.341700
vt 0.706800 0.341900
vt 0.707500 0.335000
vt 0.707900 0.328200
vt 0.708900 0.362200
vt 0.710500 0.355000
vt 0.707300 0.369700
vt 0.701800 0.369100
vt 0.703200 0.361600
vt 0.704600 0.354600
vt 0.706000 0.377700
vt 0.705300 0.384700
vt 0.699900 0.384200
vt 0.700700 0.377100
vt 0.705200 0.389600
vt 0.699800 0.389200
vt 0.711900 0.348300
vt 0.705800 0.348300
vt 0.815500 0.104800
vt 0.812800 0.095000
vt 0.819100 0.094700
vt 0.821600 0.104400
vt 0.811500 0.087600
vt 0.818000 0.087200
vt 0.838400 0.086300
vt 0.839400 0.093600
vt 0.837800 0.079800
vt 0.858700 0.079900
vt 0.859400 0.085900
vt 0.860300 0.092600
vt 0.841200 0.103100
vt 0.843300 0.112900
vt 0.861300 0.101400
vt 0.862600 0.110800
vt 0.688200 0.348100
vt 0.688500 0.342000
vt 0.687600 0.354100
vt 0.670400 0.353300
vt 0.670300 0.347300
vt 0.670100 0.341200
vt 0.684200 0.388300
vt 0.684600 0.383000
vt 0.683800 0.395300
vt 0.667600 0.395300
vt 0.668400 0.387900
vt 0.668900 0.382300
vt 0.685100 0.375800
vt 0.685900 0.367900
vt 0.669200 0.375000
vt 0.669600 0.367100
vt 0.686800 0.360800
vt 0.670000 0.360000
vt 0.688600 0.335200
vt 0.688600 0.328400
vt 0.669600 0.334300
vt 0.669200 0.327600
vt 0.837500 0.073500
vt 0.837400 0.067100
vt 0.858100 0.067700
vt 0.858400 0.074000
vt 0.683600 0.407200
vt 0.683700 0.419600
vt 0.665700 0.419300
vt 0.666600 0.407200
vt 0.845500 0.121700
vt 0.847700 0.131400
vt 0.864600 0.119000
vt 0.867000 0.128200
vt 0.660700 0.406900
vt 0.655200 0.405700
vt 0.656400 0.394600
vt 0.662000 0.395500
vt 0.659300 0.418500
vt 0.653700 0.416800
vt 0.662900 0.388200
vt 0.657000 0.387700
vt 0.657100 0.382400
vt 0.663400 0.382500
vt 0.663600 0.375400
vt 0.657200 0.375600
vt 0.657200 0.368100
vt 0.663900 0.367600
vt 0.663900 0.360300
vt 0.657200 0.360900
vt 0.657100 0.354000
vt 0.663800 0.353300
vt 0.663700 0.346900
vt 0.657200 0.347600
vt 0.657300 0.341300
vt 0.663400 0.340400
vt 0.663000 0.333500
vt 0.657000 0.334600
vt 0.656600 0.328300
vt 0.662600 0.326900
vt 0.865700 0.074500
vt 0.865400 0.068400
vt 0.872000 0.067700
vt 0.872600 0.073600
vt 0.873200 0.079100
vt 0.866200 0.080100
vt 0.866700 0.085900
vt 0.873400 0.084600
vt 0.873800 0.090600
vt 0.867500 0.092000
vt 0.868700 0.100300
vt 0.875000 0.098800
vt 0.876500 0.107800
vt 0.870100 0.109600
vt 0.871600 0.118100
vt 0.877800 0.116400
vt 0.879900 0.125400
vt 0.873800 0.127000
vt 0.041600 0.186500
vt 0.049900 0.187800
vt 0.032400 0.184700
vt 0.032400 0.179200
vt 0.041700 0.181200
vt 0.049900 0.182600
vt 0.825000 0.242300
vt 0.826300 0.254800
vt 0.824000 0.230200
vt 0.829600 0.228900
vt 0.830400 0.240900
vt 0.831400 0.253400
vt 0.090100 0.187700
vt 0.096600 0.187400
vt 0.083800 0.188100
vt 0.083700 0.182700
vt 0.090300 0.182100
vt 0.096900 0.181400
vt 0.810500 0.177700
vt 0.812500 0.184500
vt 0.808800 0.170700
vt 0.814600 0.170200
vt 0.816500 0.177300
vt 0.818600 0.184100
vt 0.819300 0.200500
vt 0.821100 0.206000
vt 0.817100 0.195300
vt 0.823000 0.194300
vt 0.825100 0.199500
vt 0.826800 0.205000
vt 0.822500 0.212200
vt 0.823500 0.218200
vt 0.828200 0.211100
vt 0.829200 0.217100
vt 0.823900 0.223300
vt 0.829600 0.222000
vt 0.814800 0.190200
vt 0.820800 0.189500
vt 0.059600 0.189000
vt 0.069200 0.189500
vt 0.059500 0.183800
vt 0.068800 0.184300
vt 0.076800 0.189000
vt 0.076500 0.183700
vt 0.075900 0.165600
vt 0.075000 0.146100
vt 0.082800 0.145900
vt 0.083300 0.164900
vt 0.068300 0.165800
vt 0.067500 0.145900
vt 0.059500 0.165500
vt 0.059600 0.146000
vt 0.050600 0.164900
vt 0.051500 0.145900
vt 0.838300 0.187600
vt 0.854300 0.186900
vt 0.855100 0.191100
vt 0.839800 0.192200
vt 0.836600 0.182500
vt 0.853500 0.182300
vt 0.845500 0.218600
vt 0.859600 0.214900
vt 0.860700 0.220600
vt 0.846000 0.225100
vt 0.844800 0.213900
vt 0.858700 0.210600
vt 0.843900 0.208300
vt 0.857800 0.205600
vt 0.842700 0.202500
vt 0.856900 0.200500
vt 0.841400 0.197200
vt 0.856000 0.195700
vt 0.834700 0.176000
vt 0.852500 0.176100
vt 0.832900 0.168800
vt 0.851300 0.168800
vt 0.090300 0.163900
vt 0.090400 0.145000
vt 0.097700 0.143900
vt 0.097200 0.162600
vt 0.847000 0.236300
vt 0.862900 0.230600
vt 0.865600 0.242200
vt 0.848300 0.248600
vt 0.042700 0.163700
vt 0.043800 0.145100
vt 0.033700 0.161500
vt 0.035000 0.143500
vt 0.043700 0.137900
vt 0.034600 0.136900
vt 0.035800 0.131900
vt 0.044600 0.132100
vt 0.052400 0.132200
vt 0.051800 0.138400
vt 0.059800 0.138800
vt 0.060300 0.132700
vt 0.067900 0.133000
vt 0.067300 0.138900
vt 0.074500 0.138800
vt 0.074900 0.132500
vt 0.082200 0.131800
vt 0.082700 0.138600
vt 0.090800 0.138400
vt 0.089500 0.131900
vt 0.096600 0.132300
vt 0.098400 0.138100
vt 0.857900 0.176700
vt 0.863400 0.174600
vt 0.863500 0.180700
vt 0.858300 0.182800
vt 0.857300 0.169400
vt 0.863500 0.167500
vt 0.858800 0.187100
vt 0.863800 0.185300
vt 0.864400 0.189400
vt 0.859300 0.191000
vt 0.860000 0.195300
vt 0.865000 0.193900
vt 0.865800 0.198800
vt 0.860800 0.199900
vt 0.861900 0.204900
vt 0.866900 0.204200
vt 0.867900 0.209300
vt 0.862900 0.209700
vt 0.863800 0.213500
vt 0.868700 0.213300
vt 0.870300 0.218500
vt 0.865300 0.218600
vt 0.868100 0.227800
vt 0.873300 0.227500
vt 0.876700 0.237800
vt 0.871500 0.238800
vt 0.422300 0.268300
vt 0.436300 0.267400
vt 0.408100 0.268900
vt 0.394100 0.269500
vt 0.380300 0.269900
vt 0.820700 0.635500
vt 0.804100 0.635100
vt 0.836400 0.636700
vt 0.265800 0.201000
vt 0.280200 0.200600
vt 0.250700 0.202800
vt 0.520000 0.250400
vt 0.505800 0.256200
vt 0.533900 0.243000
vt 0.293500 0.253400
vt 0.308900 0.260100
vt 0.280100 0.245800
vt 0.889100 0.643400
vt 0.869700 0.643200
vt 0.898600 0.643000
vt 0.908000 0.642700
vt 0.197100 0.211300
vt 0.216100 0.209900
vt 0.187900 0.211500
vt 0.178700 0.211700
vt 0.852700 0.640200
vt 0.233800 0.206500
vt 0.956300 0.642800
vt 0.973600 0.642800
vt 0.939800 0.642700
vt 0.130700 0.211300
vt 0.146600 0.211500
vt 0.114400 0.211100
vt 0.931900 0.642600
vt 0.916100 0.642600
vt 0.170900 0.211700
vt 0.154800 0.211600
vt 0.457600 0.265500
vt 0.465300 0.264600
vt 0.443100 0.266900
vt 0.359200 0.269100
vt 0.351400 0.268500
vt 0.373600 0.269800
vt 0.485800 0.260900
vt 0.475600 0.262700
vt 0.329900 0.264900
vt 0.340700 0.266700
vt 0.446200 0.222200
vt 0.447400 0.233200
vt 0.370500 0.225000
vt 0.369300 0.236400
vt 0.920600 0.604100
vt 0.921400 0.613900
vt 0.449900 0.266500
vt 0.449300 0.255400
vt 0.924100 0.642500
vt 0.923200 0.633100
vt 0.922100 0.716800
vt 0.925700 0.696800
vt 0.917200 0.736000
vt 0.464200 0.384800
vt 0.458800 0.370800
vt 0.470600 0.396700
vt 0.904500 0.779100
vt 0.908200 0.765400
vt 0.901600 0.792400
vt 0.912500 0.751700
vt 0.926600 0.678500
vt 0.925800 0.660800
vt 0.455600 0.352500
vt 0.453300 0.331600
vt 0.451800 0.310100
vt 0.450800 0.288200
vt 0.922200 0.623700
vt 0.918900 0.583600
vt 0.925000 0.651600
vt 0.448600 0.244300
vt 0.450300 0.277300
vt 0.443300 0.200200
vt 0.905600 0.473200
vt 0.908300 0.496700
vt 0.904000 0.449500
vt 0.440300 0.083900
vt 0.441100 0.062800
vt 0.439600 0.106000
vt 0.911400 0.519300
vt 0.914500 0.541100
vt 0.916900 0.562600
vt 0.440800 0.178400
vt 0.439400 0.154900
vt 0.438700 0.131100
vt 0.166500 0.172100
vt 0.165700 0.182200
vt 0.366900 0.269800
vt 0.367500 0.258800
vt 0.163100 0.211700
vt 0.164000 0.202000
vt 0.167400 0.285700
vt 0.173400 0.304800
vt 0.162500 0.265900
vt 0.350100 0.386800
vt 0.356300 0.373100
vt 0.342800 0.398600
vt 0.187400 0.347900
vt 0.190400 0.361300
vt 0.183500 0.334100
vt 0.178800 0.320400
vt 0.160700 0.247900
vt 0.161500 0.230100
vt 0.360200 0.354900
vt 0.362800 0.334100
vt 0.364800 0.312600
vt 0.365900 0.291100
vt 0.164900 0.192300
vt 0.167900 0.151000
vt 0.162300 0.220900
vt 0.368200 0.247700
vt 0.366400 0.280400
vt 0.373000 0.202100
vt 0.174000 0.042800
vt 0.173200 0.065100
vt 0.174600 0.020200
vt 0.373500 0.085000
vt 0.372800 0.064200
vt 0.374400 0.107400
vt 0.171900 0.086600
vt 0.170400 0.107900
vt 0.168800 0.129400
vt 0.374900 0.179200
vt 0.375700 0.155600
vt 0.375400 0.131100
s 0
usemtl female_elegantsuit01
f 6/1/1 32/2/1 14/3/1 4/4/1
f 1/5/2 21/6/2 36/7/2 12/8/2
f 1/5/3 12/8/3 35/9/3 24/10/3
f 5/11/4 28/12/4 21/6/4 1/5/4
f 24/10/5 202/13/5 220/14/5 13/15/5
f 8/16/6 2/17/6 26/18/6 27/19/6
f 2/17/7 16/20/7 39/21/7 15/22/7
f 2/17/8 15/22/8 38/23/8 26/18/8
f 7/24/9 3/25/9 21/6/9 28/12/9
f 3/25/10 25/26/10 40/27/10 23/28/10
f 3/25/11 23/28/11 36/7/11 21/6/11
f 7/24/12 18/29/12 25/26/12 3/25/12
f 6/1/13 4/4/13 25/26/13 18/29/13
f 4/4/14 14/3/14 37/30/14 11/31/14
f 4/4/15 11/31/15 40/27/15 25/26/15
f 5/11/16 1/5/16 24/10/16 13/15/16
f 13/15/17 220/14/17 231/32/17 41/33/17
f 5/11/18 31/34/18 42/35/18 28/12/18
f 5/11/19 13/15/19 41/33/19 31/34/19
f 6/1/20 30/36/20 44/37/20 32/2/20
f 6/1/21 18/29/21 43/38/21 30/36/21
f 7/24/22 20/39/22 43/38/22 18/29/22
f 7/24/23 28/12/23 42/35/23 20/39/23
f 44/37/24 46/40/24 27/19/24 32/2/24
f 17/41/25 214/42/25 209/43/25 22/44/25
f 8/16/26 19/45/26 45/46/26 29/47/26
f 8/16/27 27/19/27 46/40/27 19/45/27
f 8/16/28 29/47/28 16/20/28 2/17/28
f 10/48/29 9/49/29 16/20/29 29/47/29
f 47/50/30 22/44/30 209/43/30 239/51/30
f 48/52/31 238/53/31 214/42/31 17/41/31
f 9/49/32 22/44/32 47/50/32 33/54/32
f 9/49/33 33/54/33 39/21/33 16/20/33
f 10/48/34 17/41/34 22/44/34 9/49/34
f 10/48/35 29/47/35 45/46/35 34/55/35
f 10/48/36 34/55/36 48/52/36 17/41/36
f 224/56/37 202/13/37 24/10/37 35/9/37
f 37/30/38 14/3/38 26/18/38 38/23/38
f 14/3/39 32/2/39 27/19/39 26/18/39
f 31/34/40 41/33/40 54/57/40 52/58/40
f 45/46/41 19/45/41 49/59/41 58/60/41
f 34/55/42 45/46/42 58/60/42 53/61/42
f 46/40/43 44/37/43 57/62/43 59/63/43
f 41/33/44 231/32/44 247/64/44 54/57/44
f 238/53/45 48/52/45 60/65/45 254/66/45
f 43/38/46 20/39/46 50/67/46 56/68/46
f 44/37/47 30/36/47 51/69/47 57/62/47
f 42/35/48 31/34/48 52/58/48 55/70/48
f 19/45/49 46/40/49 59/63/49 49/59/49
f 48/52/50 34/55/50 53/61/50 60/65/50
f 20/39/51 42/35/51 55/70/51 50/67/51
f 30/36/52 43/38/52 56/68/52 51/69/52
f 52/58/53 54/57/53 66/71/53 64/72/53
f 50/67/54 55/70/54 67/73/54 62/74/54
f 59/63/55 57/62/55 69/75/55 71/76/55
f 53/61/56 58/60/56 70/77/56 65/78/56
f 58/60/57 49/59/57 61/79/57 70/77/57
f 254/66/58 60/65/58 72/80/58 268/81/58
f 51/69/59 56/68/59 68/82/59 63/83/59
f 55/70/60 52/58/60 64/72/60 67/73/60
f 56/68/61 50/67/61 62/74/61 68/82/61
f 49/59/62 59/63/62 71/76/62 61/79/62
f 60/65/63 53/61/63 65/78/63 72/80/63
f 57/62/64 51/69/64 63/83/64 69/75/64
f 54/57/65 247/64/65 261/84/65 66/71/65
f 268/81/66 72/80/66 84/85/66 282/86/66
f 63/83/67 68/82/67 80/87/67 75/88/67
f 67/73/68 64/72/68 76/89/68 79/90/68
f 68/82/69 62/74/69 74/91/69 80/87/69
f 61/79/70 71/76/70 83/92/70 73/93/70
f 72/80/71 65/78/71 77/94/71 84/85/71
f 69/75/72 63/83/72 75/88/72 81/95/72
f 66/71/73 261/84/73 275/96/73 78/97/73
f 64/72/74 66/71/74 78/97/74 76/89/74
f 62/74/75 67/73/75 79/90/75 74/91/75
f 71/76/76 69/75/76 81/95/76 83/92/76
f 65/78/77 70/77/77 82/98/77 77/94/77
f 70/77/78 61/79/78 73/93/78 82/98/78
f 73/93/79 83/92/79 95/99/79 85/100/79
f 84/85/80 77/94/80 89/101/80 96/102/80
f 81/95/81 75/88/81 87/103/81 93/104/81
f 78/97/82 275/96/82 289/105/82 90/106/82
f 76/89/83 78/97/83 90/106/83 88/107/83
f 74/91/84 79/90/84 91/108/84 86/109/84
f 83/92/85 81/95/85 93/104/85 95/99/85
f 77/94/86 82/98/86 94/110/86 89/101/86
f 82/98/87 73/93/87 85/100/87 94/110/87
f 282/86/88 84/85/88 96/102/88 296/111/88
f 75/88/89 80/87/89 92/112/89 87/103/89
f 79/90/90 76/89/90 88/107/90 91/108/90
f 80/87/91 74/91/91 86/109/91 92/112/91
f 88/107/92 90/106/92 102/113/92 100/114/92
f 86/109/93 91/108/93 103/115/93 98/116/93
f 95/99/94 93/104/94 105/117/94 107/118/94
f 89/101/95 94/110/95 106/119/95 101/120/95
f 94/110/96 85/100/96 97/121/96 106/119/96
f 296/111/97 96/102/97 108/122/97 310/123/97
f 87/103/98 92/112/98 104/124/98 99/125/98
f 91/108/99 88/107/99 100/114/99 103/115/99
f 92/112/100 86/109/100 98/116/100 104/124/100
f 85/100/101 95/99/101 107/118/101 97/121/101
f 96/102/102 89/101/102 101/120/102 108/122/102
f 93/104/103 87/103/103 99/125/103 105/117/103
f 90/106/104 289/105/104 303/126/104 102/113/104
f 103/115/105 100/114/105 112/127/105 115/128/105
f 104/124/106 98/116/106 110/129/106 116/130/106
f 97/121/107 107/118/107 119/131/107 109/132/107
f 108/122/108 101/120/108 113/133/108 120/134/108
f 105/117/109 99/125/109 111/135/109 117/136/109
f 102/113/110 303/126/110 317/137/110 114/138/110
f 100/114/111 102/113/111 114/138/111 112/127/111
f 98/116/112 103/115/112 115/128/112 110/129/112
f 107/118/113 105/117/113 117/136/113 119/131/113
f 101/120/114 106/119/114 118/139/114 113/133/114
f 106/119/115 97/121/115 109/132/115 118/139/115
f 310/123/116 108/122/116 120/134/116 324/140/116
f 99/125/117 104/124/117 116/130/117 111/135/117
f 120/134/118 113/133/118 125/141/118 133/142/118
f 117/136/119 111/135/119 123/143/119 129/144/119
f 114/138/120 317/137/120 331/145/120 126/146/120
f 112/127/121 114/138/121 126/146/121 124/147/121
f 110/129/122 115/128/122 127/148/122 122/149/122
f 119/131/123 117/136/123 129/144/123 131/150/123
f 113/133/124 118/139/124 130/151/124 125/141/124
f 118/139/125 109/132/125 121/152/125 130/151/125
f 324/140/126 120/134/126 133/142/126 132/153/126
f 111/135/127 116/130/127 128/154/127 123/143/127
f 115/128/128 112/127/128 124/147/128 127/148/128
f 116/130/129 110/129/129 122/149/129 128/154/129
f 109/132/130 119/131/130 131/150/130 121/152/130
f 131/150/131 129/144/131 142/155/131 144/156/131
f 125/141/132 130/151/132 143/157/132 138/158/132
f 130/151/133 121/152/133 134/159/133 143/157/133
f 132/153/134 133/142/134 146/160/134 145/161/134
f 123/143/135 128/154/135 141/162/135 136/163/135
f 127/148/136 124/147/136 137/164/136 140/165/136
f 128/154/137 122/149/137 135/166/137 141/162/137
f 121/152/138 131/150/138 144/156/138 134/159/138
f 133/142/139 125/141/139 138/158/139 146/160/139
f 129/144/140 123/143/140 136/163/140 142/155/140
f 126/146/141 331/145/141 345/167/141 139/168/141
f 124/147/142 126/146/142 139/168/142 137/164/142
f 122/149/143 127/148/143 140/165/143 135/166/143
f 140/165/144 137/164/144 150/169/144 153/170/144
f 141/162/145 135/166/145 148/171/145 154/172/145
f 134/159/146 144/156/146 157/173/146 147/174/146
f 146/160/147 138/158/147 151/175/147 159/176/147
f 142/155/148 136/163/148 149/177/148 155/178/148
f 139/168/149 345/167/149 359/179/149 152/180/149
f 137/164/150 139/168/150 152/180/150 150/169/150
f 135/166/151 140/165/151 153/170/151 148/171/151
f 144/156/152 142/155/152 155/178/152 157/173/152
f 138/158/153 143/157/153 156/181/153 151/175/153
f 143/157/154 134/159/154 147/174/154 156/181/154
f 145/161/155 146/160/155 159/176/155 158/182/155
f 136/163/156 141/162/156 154/172/156 149/177/156
f 152/180/157 359/179/157 373/183/157 165/184/157
f 150/169/158 152/180/158 165/184/158 163/185/158
f 148/171/159 153/170/159 166/186/159 161/187/159
f 157/173/160 155/178/160 168/188/160 170/189/160
f 151/175/161 156/181/161 169/190/161 164/191/161
f 156/181/162 147/174/162 160/192/162 169/190/162
f 158/182/163 159/176/163 172/193/163 171/194/163
f 149/177/164 154/172/164 167/195/164 162/196/164
f 153/170/165 150/169/165 163/185/165 166/186/165
f 154/172/166 148/171/166 161/187/166 167/195/166
f 147/174/167 157/173/167 170/189/167 160/192/167
f 159/176/168 151/175/168 164/191/168 172/193/168
f 155/178/169 149/177/169 162/196/169 168/188/169
f 164/191/170 169/190/170 182/197/170 177/198/170
f 169/190/171 160/192/171 173/199/171 182/197/171
f 171/194/172 172/193/172 185/200/172 184/201/172
f 162/196/173 167/195/173 180/202/173 175/203/173
f 166/186/174 163/185/174 176/204/174 179/205/174
f 167/195/175 161/187/175 174/206/175 180/202/175
f 160/192/176 170/189/176 183/207/176 173/199/176
f 172/193/177 164/191/177 177/198/177 185/200/177
f 168/188/178 162/196/178 175/203/178 181/208/178
f 165/184/179 373/183/179 387/209/179 178/210/179
f 163/185/180 165/184/180 178/210/180 176/204/180
f 161/187/181 166/186/181 179/205/181 174/206/181
f 170/189/182 168/188/182 181/208/182 183/207/182
f 191/211/183 189/212/183 199/213/183 221/214/183
f 186/215/184 197/216/184 226/217/184 207/218/184
f 186/215/185 211/219/185 225/220/185 197/216/185
f 190/221/186 186/215/186 207/218/186 216/222/186
f 211/219/187 198/223/187 220/224/187 202/225/187
f 193/226/188 215/227/188 213/228/188 187/229/188
f 187/229/189 200/230/189 229/231/189 201/232/189
f 187/229/190 213/228/190 228/233/190 200/230/190
f 192/234/191 216/222/191 207/218/191 188/235/191
f 188/235/192 210/236/192 230/237/192 212/238/192
f 188/235/193 207/218/193 226/217/193 210/236/193
f 192/234/194 188/235/194 212/238/194 204/239/194
f 191/211/195 204/239/195 212/238/195 189/212/195
f 189/212/196 196/240/196 227/241/196 199/213/196
f 189/212/197 212/238/197 230/237/197 196/240/197
f 190/221/198 198/223/198 211/219/198 186/215/198
f 198/223/199 232/242/199 231/32/199 220/224/199
f 190/221/200 216/222/200 233/243/200 219/244/200
f 190/221/201 219/244/201 232/242/201 198/223/201
f 191/211/202 221/214/202 235/245/202 218/246/202
f 191/211/203 218/246/203 234/247/203 204/239/203
f 192/234/204 204/239/204 234/247/204 206/248/204
f 192/234/205 206/248/205 233/243/205 216/222/205
f 235/245/206 221/214/206 215/227/206 237/249/206
f 203/250/207 208/251/207 209/252/207 214/253/207
f 193/226/208 217/254/208 236/255/208 205/256/208
f 193/226/209 205/256/209 237/249/209 215/227/209
f 193/226/210 187/229/210 201/232/210 217/254/210
f 195/257/211 217/254/211 201/232/211 194/258/211
f 240/259/212 239/260/212 209/252/212 208/251/212
f 241/261/213 203/250/213 214/253/213 238/262/213
f 194/258/214 222/263/214 240/259/214 208/251/214
f 194/258/215 201/232/215 229/231/215 222/263/215
f 195/257/216 194/258/216 208/251/216 203/250/216
f 195/257/217 223/264/217 236/255/217 217/254/217
f 195/257/218 203/250/218 241/261/218 223/264/218
f 224/265/219 225/220/219 211/219/219 202/225/219
f 227/241/220 228/233/220 213/228/220 199/213/220
f 199/213/221 213/228/221 215/227/221 221/214/221
f 219/244/222 245/266/222 248/267/222 232/242/222
f 236/255/223 252/268/223 242/269/223 205/256/223
f 223/264/224 246/270/224 252/268/224 236/255/224
f 237/249/225 253/271/225 251/272/225 235/245/225
f 232/242/226 248/267/226 247/64/226 231/32/226
f 238/262/227 254/273/227 255/274/227 241/261/227
f 234/247/228 250/275/228 243/276/228 206/248/228
f 235/245/229 251/272/229 244/277/229 218/246/229
f 233/243/230 249/278/230 245/266/230 219/244/230
f 205/256/231 242/269/231 253/271/231 237/249/231
f 241/261/232 255/274/232 246/270/232 223/264/232
f 206/248/233 243/276/233 249/278/233 233/243/233
f 218/246/234 244/277/234 250/275/234 234/247/234
f 245/266/235 259/279/235 262/280/235 248/267/235
f 243/276/236 257/281/236 263/282/236 249/278/236
f 253/271/237 267/283/237 265/284/237 251/272/237
f 246/270/238 260/285/238 266/286/238 252/268/238
f 252/268/239 266/286/239 256/287/239 242/269/239
f 254/273/240 268/288/240 269/289/240 255/274/240
f 244/277/241 258/290/241 264/291/241 250/275/241
f 249/278/242 263/282/242 259/279/242 245/266/242
f 250/275/243 264/291/243 257/281/243 243/276/243
f 242/269/244 256/287/244 267/283/244 253/271/244
f 255/274/245 269/289/245 260/285/245 246/270/245
f 251/272/246 265/284/246 258/290/246 244/277/246
f 248/267/247 262/280/247 261/84/247 247/64/247
f 268/288/248 282/292/248 283/293/248 269/289/248
f 258/290/249 272/294/249 278/295/249 264/291/249
f 263/282/250 277/296/250 273/297/250 259/279/250
f 264/291/251 278/295/251 271/298/251 257/281/251
f 256/287/252 270/299/252 281/300/252 267/283/252
f 269/289/253 283/293/253 274/301/253 260/285/253
f 265/284/254 279/302/254 272/294/254 258/290/254
f 262/280/255 276/303/255 275/96/255 261/84/255
f 259/279/256 273/297/256 276/303/256 262/280/256
f 257/281/257 271/298/257 277/296/257 263/282/257
f 267/283/258 281/300/258 279/302/258 265/284/258
f 260/285/259 274/301/259 280/304/259 266/286/259
f 266/286/260 280/304/260 270/299/260 256/287/260
f 270/299/261 284/305/261 295/306/261 281/300/261
f 283/293/262 297/307/262 288/308/262 274/301/262
f 279/302/263 293/309/263 286/310/263 272/294/263
f 276/303/264 290/311/264 289/105/264 275/96/264
f 273/297/265 287/312/265 290/311/265 276/303/265
f 271/298/266 285/313/266 291/314/266 277/296/266
f 281/300/267 295/306/267 293/309/267 279/302/267
f 274/301/268 288/308/268 294/315/268 280/304/268
f 280/304/269 294/315/269 284/305/269 270/299/269
f 282/292/270 296/316/270 297/307/270 283/293/270
f 272/294/271 286/310/271 292/317/271 278/295/271
f 277/296/272 291/314/272 287/312/272 273/297/272
f 278/295/273 292/317/273 285/313/273 271/298/273
f 287/312/274 301/318/274 304/319/274 290/311/274
f 285/313/275 299/320/275 305/321/275 291/314/275
f 295/306/276 309/322/276 307/323/276 293/309/276
f 288/308/277 302/324/277 308/325/277 294/315/277
f 294/315/278 308/325/278 298/326/278 284/305/278
f 296/316/279 310/327/279 311/328/279 297/307/279
f 286/310/280 300/329/280 306/330/280 292/317/280
f 291/314/281 305/321/281 301/318/281 287/312/281
f 292/317/282 306/330/282 299/320/282 285/313/282
f 284/305/283 298/326/283 309/322/283 295/306/283
f 297/307/284 311/328/284 302/324/284 288/308/284
f 293/309/285 307/323/285 300/329/285 286/310/285
f 290/311/286 304/319/286 303/126/286 289/105/286
f 305/321/287 319/331/287 315/332/287 301/318/287
f 306/330/288 320/333/288 313/334/288 299/320/288
f 298/326/289 312/335/289 323/336/289 309/322/289
f 311/328/290 325/337/290 316/338/290 302/324/290
f 307/323/291 321/339/291 314/340/291 300/329/291
f 304/319/292 318/341/292 317/137/292 303/126/292
f 301/318/293 315/332/293 318/341/293 304/319/293
f 299/320/294 313/334/294 319/331/294 305/321/294
f 309/322/295 323/336/295 321/339/295 307/323/295
f 302/324/296 316/338/296 322/342/296 308/325/296
f 308/325/297 322/342/297 312/335/297 298/326/297
f 310/327/298 324/343/298 325/337/298 311/328/298
f 300/329/299 314/340/299 320/333/299 306/330/299
f 325/337/300 339/344/300 330/345/300 316/338/300
f 321/339/301 335/346/301 328/347/301 314/340/301
f 318/341/302 332/348/302 331/145/302 317/137/302
f 315/332/303 329/349/303 332/348/303 318/341/303
f 313/334/304 327/350/304 333/351/304 319/331/304
f 323/336/305 337/352/305 335/346/305 321/339/305
f 316/338/306 330/345/306 336/353/306 322/342/306
f 322/342/307 336/353/307 326/354/307 312/335/307
f 324/343/308 338/355/308 339/344/308 325/337/308
f 314/340/309 328/347/309 334/356/309 320/333/309
f 319/331/310 333/351/310 329/349/310 315/332/310
f 320/333/311 334/356/311 327/350/311 313/334/311
f 312/335/312 326/354/312 337/352/312 323/336/312
f 337/352/313 351/357/313 349/358/313 335/346/313
f 330/345/314 344/359/314 350/360/314 336/353/314
f 336/353/315 350/360/315 340/361/315 326/354/315
f 338/355/316 352/362/316 353/363/316 339/344/316
f 328/347/317 342/364/317 348/365/317 334/356/317
f 333/351/318 347/366/318 343/367/318 329/349/318
f 334/356/319 348/365/319 341/368/319 327/350/319
f 326/354/320 340/361/320 351/357/320 337/352/320
f 339/344/321 353/363/321 344/359/321 330/345/321
f 335/346/322 349/358/322 342/364/322 328/347/322
f 332/348/323 346/369/323 345/167/323 331/145/323
f 329/349/324 343/367/324 346/369/324 332/348/324
f 327/350/325 341/368/325 347/366/325 333/351/325
f 347/366/326 361/370/326 357/371/326 343/367/326
f 348/365/327 362/372/327 355/373/327 341/368/327
f 340/361/328 354/374/328 365/375/328 351/357/328
f 353/363/329 367/376/329 358/377/329 344/359/329
f 349/358/330 363/378/330 356/379/330 342/364/330
f 346/369/331 360/380/331 359/179/331 345/167/331
f 343/367/332 357/371/332 360/380/332 346/369/332
f 341/368/333 355/373/333 361/370/333 347/366/333
f 351/357/334 365/375/334 363/378/334 349/358/334
f 344/359/335 358/377/335 364/381/335 350/360/335
f 350/360/336 364/381/336 354/374/336 340/361/336
f 352/362/337 366/382/337 367/376/337 353/363/337
f 342/364/338 356/379/338 362/372/338 348/365/338
f 360/380/339 374/383/339 373/183/339 359/179/339
f 357/371/340 371/384/340 374/383/340 360/380/340
f 355/373/341 369/385/341 375/386/341 361/370/341
f 365/375/342 379/387/342 377/388/342 363/378/342
f 358/377/343 372/389/343 378/390/343 364/381/343
f 364/381/344 378/390/344 368/391/344 354/374/344
f 366/382/345 380/392/345 381/393/345 367/376/345
f 356/379/346 370/394/346 376/395/346 362/372/346
f 361/370/347 375/386/347 371/384/347 357/371/347
f 362/372/348 376/395/348 369/385/348 355/373/348
f 354/374/349 368/391/349 379/387/349 365/375/349
f 367/376/350 381/393/350 372/389/350 358/377/350
f 363/378/351 377/388/351 370/394/351 356/379/351
f 372/389/352 386/396/352 392/397/352 378/390/352
f 378/390/353 392/397/353 382/398/353 368/391/353
f 380/392/354 394/399/354 395/400/354 381/393/354
f 370/394/355 384/401/355 390/402/355 376/395/355
f 375/386/356 389/403/356 385/404/356 371/384/356
f 376/395/357 390/402/357 383/405/357 369/385/357
f 368/391/358 382/398/358 393/406/358 379/387/358
f 381/393/359 395/400/359 386/396/359 372/389/359
f 377/388/360 391/407/360 384/401/360 370/394/360
f 374/383/361 388/408/361 387/209/361 373/183/361
f 371/384/362 385/404/362 388/408/362 374/383/362
f 369/385/363 383/405/363 389/403/363 375/386/363
f 379/387/364 393/406/364 391/407/364 377/388/364
f 396/409/365 801/410/365 1505/411/365 766/412/365
f 396/409/366 766/412/366 1491/413/366 765/414/366
f 396/409/367 765/414/367 1493/415/367 764/416/367
f 396/409/368 764/416/368 1503/417/368 801/410/368
f 397/418/369 800/419/369 1512/420/369 769/421/369
f 397/418/370 769/421/370 1494/422/370 768/423/370
f 397/418/371 768/423/371 1492/424/371 767/425/371
f 397/418/372 767/425/372 1504/426/372 800/419/372
f 398/427/373 798/428/373 1503/417/373 764/416/373
f 398/427/374 764/416/374 1493/415/374 771/429/374
f 398/427/375 771/429/375 1495/430/375 770/431/375
f 398/427/376 770/431/376 1511/432/376 798/428/376
f 399/433/377 786/434/377 1510/435/377 773/436/377
f 399/433/378 773/436/378 1496/437/378 772/438/378
f 399/433/379 772/438/379 1494/422/379 769/421/379
f 399/433/380 769/421/380 1512/420/380 786/434/380
f 400/439/381 803/440/381 1511/432/381 770/431/381
f 400/439/382 770/431/382 1495/430/382 775/441/382
f 400/439/383 775/441/383 1497/442/383 774/443/383
f 400/439/384 774/443/384 1509/444/384 803/440/384
f 401/445/385 795/446/385 1508/447/385 777/448/385
f 401/445/386 777/448/386 1498/449/386 776/450/386
f 401/445/387 776/450/387 1496/437/387 773/436/387
f 401/445/388 773/436/388 1510/435/388 795/446/388
f 402/451/389 805/452/389 1509/444/389 774/443/389
f 402/451/390 774/443/390 1497/442/390 779/453/390
f 402/451/391 779/453/391 1499/454/391 778/455/391
f 402/451/392 778/455/392 1507/456/392 805/452/392
f 403/457/393 796/458/393 1506/459/393 781/460/393
f 403/457/394 781/460/394 1500/461/394 780/462/394
f 403/457/395 780/462/395 1498/449/395 777/448/395
f 403/457/396 777/448/396 1508/447/396 796/458/396
f 404/463/397 802/464/397 1507/456/397 778/455/397
f 404/463/398 778/455/398 1499/454/398 783/465/398
f 404/463/399 783/465/399 1501/466/399 782/467/399
f 404/463/400 782/467/400 1502/468/400 802/464/400
f 405/469/401 794/470/401 1502/468/401 782/467/401
f 405/469/402 782/467/402 1501/466/402 784/471/402
f 405/469/403 784/471/403 1500/461/403 781/460/403
f 405/469/404 781/460/404 1506/459/404 794/470/404
f 406/472/405 753/473/405 1482/474/405 788/475/405
f 406/472/406 788/475/406 1507/456/406 802/464/406
f 406/472/407 802/464/407 1502/468/407 785/476/407
f 406/472/408 785/476/408 1480/477/408 753/473/408
f 407/478/409 754/479/409 1481/480/409 787/481/409
f 407/478/410 787/481/410 1506/459/410 796/458/410
f 407/478/411 796/458/411 1508/447/411 789/482/411
f 407/478/412 789/482/412 1483/483/412 754/479/412
f 408/484/413 755/485/413 1484/486/413 790/487/413
f 408/484/414 790/487/414 1509/444/414 805/452/414
f 408/484/415 805/452/415 1507/456/415 788/475/415
f 408/484/416 788/475/416 1482/474/416 755/485/416
f 409/488/417 756/489/417 1483/483/417 789/482/417
f 409/488/418 789/482/418 1508/447/418 795/446/418
f 409/488/419 795/446/419 1510/435/419 791/490/419
f 409/488/420 791/490/420 1485/491/420 756/489/420
f 410/492/421 757/493/421 1486/494/421 792/495/421
f 410/492/422 792/495/422 1511/432/422 803/440/422
f 410/492/423 803/440/423 1509/444/423 790/487/423
f 410/492/424 790/487/424 1484/486/424 757/493/424
f 411/496/425 758/497/425 1485/491/425 791/490/425
f 411/496/426 791/490/426 1510/435/426 786/434/426
f 411/496/427 786/434/427 1512/420/427 793/498/427
f 411/496/428 793/498/428 1487/499/428 758/497/428
f 412/500/429 759/501/429 1488/502/429 797/503/429
f 412/500/430 797/503/430 1503/417/430 798/428/430
f 412/500/431 798/428/431 1511/432/431 792/495/431
f 412/500/432 792/495/432 1486/494/432 759/501/432
f 413/504/433 760/505/433 1487/499/433 793/498/433
f 413/504/434 793/498/434 1512/420/434 800/419/434
f 413/504/435 800/419/435 1504/426/435 799/506/435
f 413/504/436 799/506/436 1489/507/436 760/505/436
f 414/508/437 762/509/437 1490/510/437 804/511/437
f 414/508/438 804/511/438 1505/411/438 801/410/438
f 414/508/439 801/410/439 1503/417/439 797/503/439
f 414/508/440 797/503/440 1488/502/440 762/509/440
f 415/512/441 752/513/441 1480/477/441 785/476/441
f 415/512/442 785/476/442 1502/468/442 794/470/442
f 415/512/443 794/470/443 1506/459/443 787/481/443
f 415/512/444 787/481/444 1481/480/444 752/513/444
f 416/514/445 747/515/445 1474/516/445 807/517/445
f 416/514/446 807/517/446 1485/518/446 756/519/446
f 416/514/447 756/519/447 1483/520/447 806/521/447
f 416/514/448 806/521/448 1476/522/448 747/515/448
f 417/523/449 749/524/449 1476/522/449 806/521/449
f 417/523/450 806/521/450 1483/520/450 754/525/450
f 417/523/451 754/525/451 1481/526/451 808/527/451
f 417/523/452 808/527/452 1478/528/452 749/524/452
f 418/529/453 751/530/453 1478/528/453 808/527/453
f 418/529/454 808/527/454 1481/526/454 752/531/454
f 418/529/455 752/531/455 1480/532/455 809/533/455
f 418/529/456 809/533/456 1479/534/456 751/530/456
f 419/535/457 810/536/457 1477/537/457 750/538/457
f 419/535/458 750/538/458 1479/534/458 809/533/458
f 419/535/459 809/533/459 1480/532/459 753/539/459
f 419/535/460 753/539/460 1482/540/460 810/536/460
f 420/541/461 811/542/461 1475/543/461 748/544/461
f 420/541/462 748/544/462 1477/537/462 810/536/462
f 420/541/463 810/536/463 1482/540/463 755/545/463
f 420/541/464 755/545/464 1484/546/464 811/542/464
f 421/547/465 812/548/465 1473/549/465 746/550/465
f 421/547/466 746/550/466 1475/543/466 811/542/466
f 421/547/467 811/542/467 1484/546/467 757/551/467
f 421/547/468 757/551/468 1486/552/468 812/548/468
f 422/553/469 813/554/469 1471/555/469 744/556/469
f 422/553/470 744/556/470 1473/549/470 812/548/470
f 422/553/471 812/548/471 1486/552/471 759/557/471
f 422/553/472 759/557/472 1488/558/472 813/554/472
f 423/559/473 763/560/473 1469/561/473 742/562/473
f 423/559/474 742/562/474 1471/555/474 813/554/474
f 423/559/475 813/554/475 1488/558/475 762/563/475
f 423/559/476 762/563/476 1490/564/476 763/560/476
f 424/565/477 743/566/477 1470/567/477 761/568/477
f 424/565/478 761/568/478 1489/569/478 760/570/478
f 424/565/479 760/570/479 1487/571/479 814/572/479
f 424/565/480 814/572/480 1472/573/480 743/566/480
f 425/574/481 745/575/481 1472/573/481 814/572/481
f 425/574/482 814/572/482 1487/571/482 758/576/482
f 425/574/483 758/576/483 1485/518/483 807/517/483
f 425/574/484 807/517/484 1474/516/484 745/575/484
f 1887/577/485 1951/578/485 1547/579/485 861/580/485
f 1887/577/486 861/580/486 1563/581/486 1953/582/486
f 426/583/487 867/584/487 1555/585/487 845/586/487
f 426/583/488 845/586/488 1525/587/488 827/588/488
f 427/589/489 846/590/489 1556/591/489 868/592/489
f 1961/593/490 1992/594/490 1564/595/490 862/596/490
f 1961/593/491 862/596/491 1548/597/491 1990/598/491
f 427/589/492 828/599/492 1526/600/492 846/590/492
f 1886/601/493 1953/582/493 1563/581/493 859/602/493
f 1886/601/494 859/602/494 1543/603/494 1950/604/494
f 428/605/495 819/606/495 1517/607/495 843/608/495
f 428/605/496 843/608/496 1555/585/496 867/584/496
f 429/609/497 844/610/497 1518/611/497 820/612/497
f 1962/613/498 1989/614/498 1544/615/498 860/616/498
f 1962/613/499 860/616/499 1564/595/499 1992/594/499
f 429/609/500 868/592/500 1556/591/500 844/610/500
f 2064/617/501 2106/618/501 1527/619/501 849/620/501
f 2064/617/502 849/620/502 1557/621/502 2110/622/502
f 2025/623/503 2073/624/503 1563/581/503 861/580/503
f 2025/623/504 861/580/504 1547/579/504 2069/625/504
f 2000/626/505 862/596/505 1564/595/505 2034/627/505
f 2101/628/506 2148/629/506 1558/630/506 850/631/506
f 2101/628/507 850/631/507 1528/632/507 2144/633/507
f 2000/626/508 2030/634/508 1548/597/508 862/596/508
f 2065/635/509 2110/622/509 1557/621/509 847/636/509
f 2065/635/510 847/636/510 1519/637/510 2104/638/510
f 2026/639/511 2067/640/511 1543/603/511 859/602/511
f 2026/639/512 859/602/512 1563/581/512 2073/624/512
f 2001/641/513 860/616/513 1544/615/513 2028/642/513
f 2102/643/514 2142/644/514 1520/645/514 848/646/514
f 2102/643/515 848/646/515 1558/630/515 2148/629/515
f 2001/641/516 2034/627/516 1564/595/516 860/616/516
f 2086/647/517 2105/648/517 1545/649/517 863/650/517
f 2086/647/518 863/650/518 1565/651/518 2111/652/518
f 2049/653/519 2074/654/519 1559/655/519 851/656/519
f 2049/653/520 851/656/520 1521/657/520 2068/658/520
f 2010/659/521 852/660/521 1560/661/521 2035/662/521
f 2124/663/522 2149/664/522 1566/665/522 864/666/522
f 2124/663/523 864/666/523 1546/667/523 2143/668/523
f 2010/659/524 2029/669/524 1522/670/524 852/660/524
f 2087/671/525 2111/652/525 1565/651/525 865/672/525
f 2087/671/526 865/672/526 1549/673/526 2107/674/526
f 2050/675/527 2070/676/527 1529/677/527 853/678/527
f 2050/675/528 853/678/528 1559/655/528 2074/654/528
f 2011/679/529 854/680/529 1530/681/529 2031/682/529
f 2125/683/530 2145/684/530 1550/685/530 866/686/530
f 2125/683/531 866/686/531 1566/665/531 2149/664/531
f 2011/679/532 2035/662/532 1560/661/532 854/680/532
f 438/687/533 825/688/533 1523/689/533 855/690/533
f 438/687/534 855/690/534 1561/691/534 873/692/534
f 438/687/535 873/692/535 1565/651/535 863/650/535
f 438/687/536 863/650/536 1545/649/536 825/688/536
f 439/693/537 864/666/537 1566/665/537 874/694/537
f 439/693/538 874/694/538 1562/695/538 856/696/538
f 439/693/539 856/696/539 1524/697/539 826/698/539
f 439/693/540 826/698/540 1546/667/540 864/666/540
f 440/699/541 873/692/541 1561/691/541 857/700/541
f 440/699/542 857/700/542 1531/701/542 833/702/542
f 440/699/543 833/702/543 1549/673/543 865/672/543
f 440/699/544 865/672/544 1565/651/544 873/692/544
f 441/703/545 866/686/545 1550/685/545 834/704/545
f 441/703/546 834/704/546 1532/705/546 858/706/546
f 441/703/547 858/706/547 1562/695/547 874/694/547
f 441/703/548 874/694/548 1566/665/548 866/686/548
f 1932/707/549 1912/708/549 1575/709/549 883/710/549
f 1932/707/550 883/710/550 1547/579/550 1951/578/550
f 442/711/551 827/588/551 1525/587/551 875/712/551
f 442/711/552 875/712/552 1567/713/552 887/714/552
f 443/715/553 876/716/553 1526/600/553 828/599/553
f 1971/717/554 1990/598/554 1548/597/554 884/718/554
f 1971/717/555 884/718/555 1576/719/555 1955/720/555
f 443/715/556 888/721/556 1568/722/556 876/716/556
f 2088/723/557 1954/724/557 1569/725/557 877/726/557
f 2088/723/558 877/726/558 1527/619/558 2106/618/558
f 2051/727/559 2069/625/559 1547/579/559 883/710/559
f 2051/727/560 883/710/560 1575/709/560 1893/728/560
f 2012/729/561 884/718/561 1548/597/561 2030/634/561
f 2126/730/562 2144/633/562 1528/632/562 878/731/562
f 2126/730/563 878/731/563 1570/732/563 2038/733/563
f 2012/729/564 1994/734/564 1576/719/564 884/718/564
f 2089/735/565 2107/674/565 1549/673/565 885/736/565
f 2089/735/566 885/736/566 1577/737/566 1987/738/566
f 2052/739/567 1948/740/567 1571/741/567 879/742/567
f 2052/739/568 879/742/568 1529/677/568 2070/676/568
f 2013/743/569 880/744/569 1572/745/569 1993/746/569
f 2127/747/570 1890/748/570 1578/749/570 886/750/570
f 2127/747/571 886/750/571 1550/685/571 2145/684/571
f 2013/743/572 2031/682/572 1530/681/572 880/744/572
f 448/751/573 833/702/573 1531/701/573 881/752/573
f 448/751/574 881/752/574 1573/753/574 893/754/574
f 448/751/575 893/754/575 1577/737/575 885/736/575
f 448/751/576 885/736/576 1549/673/576 833/702/576
f 449/755/577 886/750/577 1578/749/577 894/756/577
f 449/755/578 894/756/578 1574/757/578 882/758/578
f 449/755/579 882/758/579 1532/705/579 834/704/579
f 449/755/580 834/704/580 1550/685/580 886/750/580
f 1933/759/581 1950/604/581 1543/603/581 911/760/581
f 1970/761/582 1921/762/582 1587/763/582 1888/764/582
f 1894/765/583 919/766/583 1579/767/583 1913/768/583
f 450/769/584 895/770/584 1517/607/584 819/606/584
f 1895/771/585 1914/772/585 1580/773/585 920/774/585
f 2009/775/586 1920/776/586 1588/777/586 1922/778/586
f 1972/779/587 912/780/587 1544/615/587 1989/614/587
f 451/781/588 820/612/588 1518/611/588 896/782/588
f 1968/783/589 1888/764/589 1587/763/589 1875/784/589
f 2195/785/590 2183/786/590 1551/787/590 1952/788/590
f 2139/789/591 835/790/591 1533/791/591 2179/792/591
f 1851/793/592 1869/794/592 1579/767/592 919/766/592
f 2140/795/593 2180/796/593 1534/797/593 836/798/593
f 2197/799/594 1991/800/594 1552/801/594 2184/802/594
f 2007/803/595 1876/804/595 1588/777/595 1920/776/595
f 1852/805/596 920/774/596 1580/773/596 1870/806/596
f 2090/807/597 2104/638/597 1519/637/597 899/808/597
f 2123/809/598 1915/810/598 1581/811/598 2112/812/598
f 2085/813/599 2075/814/599 1587/763/599 1921/762/599
f 2053/815/600 911/760/600 1543/603/600 2067/640/600
f 2048/816/601 1922/778/601 1588/777/601 2036/817/601
f 2160/818/602 2150/819/602 1582/820/602 1916/821/602
f 2128/822/603 900/823/603 1520/645/603 2142/644/603
f 2014/824/604 2028/642/604 1544/615/604 912/780/604
f 2121/825/605 2112/812/605 1581/811/605 1871/826/605
f 2203/827/606 2178/828/606 1535/829/606 2108/830/606
f 2201/831/607 2071/832/607 1551/787/607 2183/786/607
f 2083/833/608 1875/784/608 1587/763/608 2075/814/608
f 2199/834/609 2184/802/609 1552/801/609 2032/835/609
f 2205/836/610 2146/837/610 1536/838/610 2181/839/610
f 2158/840/611 1872/841/611 1582/820/611 2150/819/611
f 2046/842/612 2036/817/612 1588/777/612 1876/804/612
f 2202/843/613 2109/844/613 1553/845/613 2185/846/613
f 2120/847/614 1877/848/614 1589/849/614 2113/850/614
f 2082/851/615 2076/852/615 1583/853/615 1873/854/615
f 2200/855/616 2177/856/616 1537/857/616 2072/858/616
f 2045/859/617 1874/860/617 1584/861/617 2037/862/617
f 2157/863/618 2151/864/618 1590/865/618 1878/866/618
f 2204/867/619 2186/868/619 1554/869/619 2147/870/619
f 2198/871/620 2033/872/620 1538/873/620 2182/874/620
f 2122/875/621 2113/850/621 1589/849/621 1923/876/621
f 2093/877/622 915/878/622 1545/649/622 2105/648/622
f 2056/879/623 2068/658/623 1521/657/623 903/880/623
f 2084/881/624 1917/882/624 1583/853/624 2076/852/624
f 2017/883/625 904/884/625 1522/670/625 2029/669/625
f 2131/885/626 2143/668/626 1546/667/626 916/886/626
f 2159/887/627 1924/888/627 1590/865/627 2151/864/627
f 2047/889/628 2037/862/628 1584/861/628 1918/890/628
f 2165/891/629 841/892/629 1539/893/629 2039/894/629
f 1857/895/630 1849/896/630 1585/897/630 925/898/630
f 1857/895/631 925/898/631 1589/849/631 1877/848/631
f 2165/891/632 2185/846/632 1553/845/632 841/892/632
f 1858/899/633 1878/866/633 1590/865/633 926/900/633
f 1858/899/634 926/900/634 1586/901/634 1850/902/634
f 2166/903/635 2114/904/635 1540/905/635 842/906/635
f 2166/903/636 842/906/636 1554/869/636 2186/868/636
f 1900/907/637 925/898/637 1585/897/637 1891/908/637
f 464/909/638 907/910/638 1523/689/638 825/688/638
f 464/909/639 825/688/639 1545/649/639 915/878/639
f 1900/907/640 1923/876/640 1589/849/640 925/898/640
f 465/911/641 916/886/641 1546/667/641 826/698/641
f 465/911/642 826/698/642 1524/697/642 908/912/642
f 1901/913/643 1892/914/643 1586/901/643 926/900/643
f 1901/913/644 926/900/644 1590/865/644 1924/888/644
f 1935/915/645 1952/788/645 1551/787/645 941/916/645
f 1935/915/646 941/916/646 1599/917/646 1956/918/646
f 466/919/647 945/920/647 1591/921/647 929/922/647
f 466/919/648 929/922/648 1533/791/648 835/790/648
f 467/923/649 930/924/649 1592/925/649 946/926/649
f 1974/927/650 1995/928/650 1600/929/650 942/930/650
f 1974/927/651 942/930/651 1552/801/651 1991/800/651
f 467/923/652 836/798/652 1534/797/652 930/924/652
f 468/931/653 815/932/653 1513/933/653 927/934/653
f 468/931/654 927/934/654 1591/921/654 945/920/654
f 1936/935/655 1956/918/655 1599/917/655 939/936/655
f 1936/935/656 939/936/656 1541/937/656 1949/938/656
f 1975/939/657 940/940/657 1600/929/657 1995/928/657
f 469/941/658 946/926/658 1592/925/658 928/942/658
f 469/941/659 928/942/659 1514/943/659 816/944/659
f 1975/939/660 1988/945/660 1542/946/660 940/940/660
f 2094/947/661 2108/830/661 1535/829/661 933/948/661
f 2094/947/662 933/948/662 1593/949/662 2115/950/662
f 2057/951/663 2077/952/663 1599/917/663 941/916/663
f 2057/951/664 941/916/664 1551/787/664 2071/832/664
f 2018/953/665 942/930/665 1600/929/665 2040/954/665
f 2132/955/666 2152/956/666 1594/957/666 934/958/666
f 2132/955/667 934/958/667 1536/838/667 2146/837/667
f 2018/953/668 2032/835/668 1552/801/668 942/930/668
f 2095/959/669 2115/950/669 1593/949/669 931/960/669
f 2095/959/670 931/960/670 1515/961/670 2103/962/670
f 2058/963/671 2066/964/671 1541/937/671 939/936/671
f 2058/963/672 939/936/672 1599/917/672 2077/952/672
f 2019/965/673 940/940/673 1542/946/673 2027/966/673
f 2133/967/674 2141/968/674 1516/969/674 932/970/674
f 2133/967/675 932/970/675 1594/957/675 2152/956/675
f 2019/965/676 2040/954/676 1600/929/676 940/940/676
f 2096/971/677 2116/972/677 1601/973/677 943/974/677
f 2096/971/678 943/974/678 1553/845/678 2109/844/678
f 2059/975/679 2072/858/679 1537/857/679 935/976/679
f 2059/975/680 935/976/680 1595/977/680 2078/978/680
f 2020/979/681 936/980/681 1538/873/681 2033/872/681
f 2134/981/682 2147/870/682 1554/869/682 944/982/682
f 2134/981/683 944/982/683 1602/983/683 2153/984/683
f 2020/979/684 2041/985/684 1596/986/684 936/980/684
f 476/987/685 951/988/685 1597/989/685 937/990/685
f 476/987/686 937/990/686 1539/893/686 841/892/686
f 476/987/687 841/892/687 1553/845/687 943/974/687
f 476/987/688 943/974/688 1601/973/688 951/988/688
f 477/991/689 944/982/689 1554/869/689 842/906/689
f 477/991/690 842/906/690 1540/905/690 938/992/690
f 477/991/691 938/992/691 1598/993/691 952/994/691
f 477/991/692 952/994/692 1602/983/692 944/982/692
f 478/995/693 953/996/693 1613/997/693 981/998/693
f 478/995/694 981/998/694 1631/999/694 995/1000/694
f 478/995/695 995/1000/695 1625/1001/695 969/1002/695
f 478/995/696 969/1002/696 1607/1003/696 953/996/696
f 479/1004/697 970/1005/697 1626/1006/697 996/1007/697
f 479/1004/698 996/1007/698 1632/1008/698 982/1009/698
f 479/1004/699 982/1009/699 1614/1010/699 954/1011/699
f 479/1004/700 954/1011/700 1608/1012/700 970/1005/700
f 480/1013/701 995/1000/701 1631/999/701 979/1014/701
f 1937/1015/702 1960/1016/702 1559/655/702 853/678/702
f 1937/1015/703 853/678/703 1529/677/703 1958/1017/703
f 480/1013/704 971/1018/704 1625/1001/704 995/1000/704
f 1976/1019/705 1997/1020/705 1530/681/705 854/680/705
f 1976/1019/706 854/680/706 1560/661/706 1999/1021/706
f 481/1022/707 980/1023/707 1632/1008/707 996/1007/707
f 481/1022/708 996/1007/708 1626/1006/708 972/1024/708
f 482/1025/709 955/1026/709 1605/1027/709 965/1028/709
f 482/1025/710 965/1028/710 1623/1029/710 997/1030/710
f 482/1025/711 997/1030/711 1631/999/711 981/998/711
f 482/1025/712 981/998/712 1613/997/712 955/1026/712
f 483/1031/713 982/1009/713 1632/1008/713 998/1032/713
f 483/1031/714 998/1032/714 1624/1033/714 966/1034/714
f 483/1031/715 966/1034/715 1606/1035/715 956/1036/715
f 483/1031/716 956/1036/716 1614/1010/716 982/1009/716
f 484/1037/717 997/1030/717 1623/1029/717 967/1038/717
f 1938/1039/718 1957/1040/718 1521/657/718 851/656/718
f 1938/1039/719 851/656/719 1559/655/719 1960/1016/719
f 484/1037/720 979/1014/720 1631/999/720 997/1030/720
f 1977/1041/721 1999/1021/721 1560/661/721 852/660/721
f 1977/1041/722 852/660/722 1522/670/722 1996/1042/722
f 485/1043/723 968/1044/723 1624/1033/723 998/1032/723
f 485/1043/724 998/1032/724 1632/1008/724 980/1023/724
f 486/1045/725 957/1046/725 1607/1003/725 969/1002/725
f 486/1045/726 969/1002/726 1625/1001/726 999/1047/726
f 486/1045/727 999/1047/727 1633/1048/727 983/1049/727
f 486/1045/728 983/1049/728 1615/1050/728 957/1046/728
f 487/1051/729 984/1052/729 1634/1053/729 1000/1054/729
f 487/1051/730 1000/1054/730 1626/1006/730 970/1005/730
f 487/1051/731 970/1005/731 1608/1012/731 958/1055/731
f 487/1051/732 958/1055/732 1616/1056/732 984/1052/732
f 488/1057/733 999/1047/733 1625/1001/733 971/1018/733
f 1939/1058/734 1958/1017/734 1529/677/734 879/742/734
f 1939/1058/735 879/742/735 1571/741/735 1947/1059/735
f 488/1057/736 985/1060/736 1633/1048/736 999/1047/736
f 1978/1061/737 1986/1062/737 1572/745/737 880/744/737
f 1978/1061/738 880/744/738 1530/681/738 1997/1020/738
f 489/1063/739 972/1024/739 1626/1006/739 1000/1054/739
f 489/1063/740 1000/1054/740 1634/1053/740 986/1064/740
f 1902/1065/741 1925/1066/741 1617/1067/741 987/1068/741
f 1902/1065/742 987/1068/742 1635/1069/742 1927/1070/742
f 490/1071/743 1001/1072/743 1623/1029/743 965/1028/743
f 490/1071/744 965/1028/744 1605/1027/744 959/1073/744
f 491/1074/745 966/1034/745 1624/1033/745 1002/1075/745
f 1903/1076/746 1928/1077/746 1636/1078/746 988/1079/746
f 1903/1076/747 988/1079/747 1618/1080/747 1926/1081/747
f 491/1074/748 960/1082/748 1606/1035/748 966/1034/748
f 1904/1083/749 1927/1070/749 1635/1069/749 989/1084/749
f 1969/1085/750 1889/1086/750 1583/853/750 1917/882/750
f 1940/1087/751 903/880/751 1521/657/751 1957/1040/751
f 492/1088/752 967/1038/752 1623/1029/752 1001/1072/752
f 1979/1089/753 1996/1042/753 1522/670/753 904/884/753
f 2008/1090/754 1918/890/754 1584/861/754 1919/1091/754
f 1905/1092/755 990/1093/755 1636/1078/755 1928/1077/755
f 493/1094/756 1002/1075/756 1624/1033/756 968/1044/756
f 2167/1095/757 2187/1096/757 1609/1097/757 973/1098/757
f 2167/1095/758 973/1098/758 1627/1099/758 2189/1100/758
f 1859/1101/759 1881/1102/759 1635/1069/759 987/1068/759
f 1859/1101/760 987/1068/760 1617/1067/760 1879/1103/760
f 1860/1104/761 988/1079/761 1636/1078/761 1882/1105/761
f 2168/1106/762 2190/1107/762 1628/1108/762 974/1109/762
f 2168/1106/763 974/1109/763 1610/1110/763 2188/1111/763
f 1860/1104/764 1880/1112/764 1618/1080/764 988/1079/764
f 2169/1113/765 2189/1100/765 1627/1099/765 975/1114/765
f 2194/1115/766 1959/1116/766 1537/857/766 2177/856/766
f 1967/1117/767 1873/854/767 1583/853/767 1889/1086/767
f 1861/1118/768 989/1084/768 1635/1069/768 1881/1102/768
f 2006/1119/769 1919/1091/769 1584/861/769 1874/860/769
f 2196/1120/770 2182/874/770 1538/873/770 1998/1121/770
f 2170/1122/771 976/1123/771 1628/1108/771 2190/1107/771
f 1862/1124/772 1882/1105/772 1636/1078/772 990/1093/772
f 498/1125/773 1005/1126/773 1637/1127/773 991/1128/773
f 1942/1129/774 1963/1130/774 1595/977/774 935/976/774
f 1942/1129/775 935/976/775 1537/857/775 1959/1116/775
f 498/1125/776 975/1114/776 1627/1099/776 1005/1126/776
f 1981/1131/777 1998/1121/777 1538/873/777 936/980/777
f 1981/1131/778 936/980/778 1596/986/778 2002/1132/778
f 499/1133/779 992/1134/779 1638/1135/779 1006/1136/779
f 499/1133/780 1006/1136/780 1628/1108/780 976/1123/780
f 500/1137/781 845/586/781 1555/585/781 1029/1138/781
f 500/1137/782 1029/1138/782 1649/1139/782 1039/1140/782
f 500/1137/783 1039/1140/783 1643/1141/783 1019/1142/783
f 500/1137/784 1019/1142/784 1525/587/784 845/586/784
f 501/1143/785 1020/1144/785 1644/1145/785 1040/1146/785
f 501/1143/786 1040/1146/786 1650/1147/786 1030/1148/786
f 501/1143/787 1030/1148/787 1556/591/787 846/590/787
f 501/1143/788 846/590/788 1526/600/788 1020/1144/788
f 502/1149/789 1039/1150/789 1649/1151/789 1027/1152/789
f 502/1149/790 1027/1152/790 1613/997/790 953/996/790
f 502/1149/791 953/996/791 1607/1003/791 1017/1153/791
f 502/1149/792 1017/1153/792 1643/1154/792 1039/1150/792
f 503/1155/793 1018/1156/793 1608/1012/793 954/1011/793
f 503/1155/794 954/1011/794 1614/1010/794 1028/1157/794
f 503/1155/795 1028/1157/795 1650/1158/795 1040/1159/795
f 503/1155/796 1040/1159/796 1644/1160/796 1018/1156/796
f 504/1161/797 843/608/797 1517/607/797 1015/1162/797
f 504/1161/798 1015/1162/798 1641/1163/798 1041/1164/798
f 504/1161/799 1041/1164/799 1649/1139/799 1029/1138/799
f 504/1161/800 1029/1138/800 1555/585/800 843/608/800
f 505/1165/801 1030/1148/801 1650/1147/801 1042/1166/801
f 505/1165/802 1042/1166/802 1642/1167/802 1016/1168/802
f 505/1165/803 1016/1168/803 1518/611/803 844/610/803
f 505/1165/804 844/610/804 1556/591/804 1030/1148/804
f 506/1169/805 1041/1170/805 1641/1171/805 1013/1172/805
f 506/1169/806 1013/1172/806 1605/1027/806 955/1026/806
f 506/1169/807 955/1026/807 1613/997/807 1027/1152/807
f 506/1169/808 1027/1152/808 1649/1151/808 1041/1170/808
f 507/1173/809 1028/1157/809 1614/1010/809 956/1036/809
f 507/1173/810 956/1036/810 1606/1035/810 1014/1174/810
f 507/1173/811 1014/1174/811 1642/1175/811 1042/1176/811
f 507/1173/812 1042/1176/812 1650/1158/812 1028/1157/812
f 508/1177/813 875/712/813 1525/587/813 1019/1142/813
f 508/1177/814 1019/1142/814 1643/1141/814 1043/1178/814
f 508/1177/815 1043/1178/815 1651/1179/815 1033/1180/815
f 508/1177/816 1033/1180/816 1567/713/816 875/712/816
f 509/1181/817 1034/1182/817 1652/1183/817 1044/1184/817
f 509/1181/818 1044/1184/818 1644/1145/818 1020/1144/818
f 509/1181/819 1020/1144/819 1526/600/819 876/716/819
f 509/1181/820 876/716/820 1568/722/820 1034/1182/820
f 510/1185/821 1043/1186/821 1643/1154/821 1017/1153/821
f 510/1185/822 1017/1153/822 1607/1003/822 957/1046/822
f 510/1185/823 957/1046/823 1615/1050/823 1031/1187/823
f 510/1185/824 1031/1187/824 1651/1188/824 1043/1186/824
f 511/1189/825 1032/1190/825 1616/1056/825 958/1055/825
f 511/1189/826 958/1055/826 1608/1012/826 1018/1156/826
f 511/1189/827 1018/1156/827 1644/1160/827 1044/1191/827
f 511/1189/828 1044/1191/828 1652/1192/828 1032/1190/828
f 1906/1193/829 1913/768/829 1579/767/829 1037/1194/829
f 1906/1193/830 1037/1194/830 1653/1195/830 1929/1196/830
f 512/1197/831 1045/1198/831 1641/1163/831 1015/1162/831
f 512/1197/832 1015/1162/832 1517/607/832 895/770/832
f 513/1199/833 1016/1168/833 1642/1167/833 1046/1200/833
f 1907/1201/834 1930/1202/834 1654/1203/834 1038/1204/834
f 1907/1201/835 1038/1204/835 1580/773/835 1914/772/835
f 513/1199/836 896/782/836 1518/611/836 1016/1168/836
f 1908/1205/837 1929/1206/837 1653/1207/837 1035/1208/837
f 1908/1205/838 1035/1208/838 1617/1067/838 1925/1066/838
f 514/1209/839 959/1073/839 1605/1027/839 1013/1172/839
f 514/1209/840 1013/1172/840 1641/1171/840 1045/1210/840
f 515/1211/841 1014/1174/841 1606/1035/841 960/1082/841
f 1909/1212/842 1926/1081/842 1618/1080/842 1036/1213/842
f 1909/1212/843 1036/1213/843 1654/1214/843 1930/1215/843
f 515/1211/844 1046/1216/844 1642/1175/844 1014/1174/844
f 2171/1217/845 2179/792/845 1533/791/845 1023/1218/845
f 2171/1217/846 1023/1218/846 1645/1219/846 2191/1220/846
f 1863/1221/847 1883/1222/847 1653/1195/847 1037/1194/847
f 1863/1221/848 1037/1194/848 1579/767/848 1869/794/848
f 1864/1223/849 1038/1204/849 1654/1203/849 1884/1224/849
f 2172/1225/850 2192/1226/850 1646/1227/850 1024/1228/850
f 2172/1225/851 1024/1228/851 1534/797/851 2180/796/851
f 1864/1223/852 1870/806/852 1580/773/852 1038/1204/852
f 2173/1229/853 2191/1230/853 1645/1231/853 1021/1232/853
f 2173/1229/854 1021/1232/854 1609/1097/854 2187/1096/854
f 1865/1233/855 1879/1103/855 1617/1067/855 1035/1208/855
f 1865/1233/856 1035/1208/856 1653/1207/856 1883/1234/856
f 1866/1235/857 1036/1213/857 1618/1080/857 1880/1112/857
f 2174/1236/858 2188/1111/858 1610/1110/858 1022/1237/858
f 2174/1236/859 1022/1237/859 1646/1238/859 2192/1239/859
f 1866/1235/860 1884/1240/860 1654/1214/860 1036/1213/860
f 520/1241/861 1053/1242/861 1645/1243/861 1023/1244/861
f 520/1241/862 1023/1244/862 1533/1245/862 1049/1246/862
f 520/1241/863 1049/1246/863 1655/1247/863 1051/1248/863
f 520/1241/864 1051/1248/864 1657/1249/864 1053/1242/864
f 521/1250/865 1052/1251/865 1656/1252/865 1050/1253/865
f 521/1250/866 1050/1253/866 1534/1254/866 1024/1255/866
f 521/1250/867 1024/1255/867 1646/1256/867 1054/1257/867
f 521/1250/868 1054/1257/868 1658/1258/868 1052/1251/868
f 522/1259/869 1057/1260/869 1609/1261/869 1021/1262/869
f 522/1259/870 1021/1262/870 1645/1263/870 1053/1264/870
f 522/1259/871 1053/1264/871 1657/1265/871 1055/1266/871
f 522/1259/872 1055/1266/872 1659/1267/872 1057/1260/872
f 523/1268/873 1056/1269/873 1658/1270/873 1054/1271/873
f 523/1268/874 1054/1271/874 1646/1272/874 1022/1273/874
f 523/1268/875 1022/1273/875 1610/1274/875 1058/1275/875
f 523/1268/876 1058/1275/876 1660/1276/876 1056/1269/876
f 524/1277/877 1063/1278/877 1513/1279/877 1011/1280/877
f 524/1277/878 1011/1280/878 1639/1281/878 1059/1282/878
f 524/1277/879 1059/1282/879 1663/1283/879 1061/1284/879
f 524/1277/880 1061/1284/880 1661/1285/880 1063/1278/880
f 525/1286/881 1062/1287/881 1664/1288/881 1060/1289/881
f 525/1286/882 1060/1289/882 1640/1290/882 1012/1291/882
f 525/1286/883 1012/1291/883 1514/1292/883 1064/1293/883
f 525/1286/884 1064/1293/884 1662/1294/884 1062/1287/884
f 526/1295/885 1059/1296/885 1639/1297/885 1009/1298/885
f 526/1295/886 1009/1298/886 1603/1299/886 1065/1300/886
f 526/1295/887 1065/1300/887 1665/1301/887 1067/1302/887
f 526/1295/888 1067/1302/888 1663/1303/888 1059/1296/888
f 527/1304/889 1068/1305/889 1666/1306/889 1066/1307/889
f 527/1304/890 1066/1307/890 1604/1308/890 1010/1309/890
f 527/1304/891 1010/1309/891 1640/1310/891 1060/1311/891
f 527/1304/892 1060/1311/892 1664/1312/892 1068/1305/892
f 528/1313/893 1073/1314/893 1619/1315/893 1007/1316/893
f 528/1313/894 1007/1316/894 1637/1317/894 1069/1318/894
f 528/1313/895 1069/1318/895 1669/1319/895 1071/1320/895
f 528/1313/896 1071/1320/896 1667/1321/896 1073/1314/896
f 529/1322/897 1072/1323/897 1670/1324/897 1070/1325/897
f 529/1322/898 1070/1325/898 1638/1326/898 1008/1327/898
f 529/1322/899 1008/1327/899 1620/1328/899 1074/1329/899
f 529/1322/900 1074/1329/900 1668/1330/900 1072/1323/900
f 530/1331/901 1069/1318/901 1637/1317/901 1005/1332/901
f 530/1331/902 1005/1332/902 1627/1333/902 1075/1334/902
f 530/1331/903 1075/1334/903 1671/1335/903 1077/1336/903
f 530/1331/904 1077/1336/904 1669/1319/904 1069/1318/904
f 531/1337/905 1078/1338/905 1672/1339/905 1076/1340/905
f 531/1337/906 1076/1340/906 1628/1341/906 1006/1342/906
f 531/1337/907 1006/1342/907 1638/1326/907 1070/1325/907
f 531/1337/908 1070/1325/908 1670/1324/908 1078/1338/908
f 532/1343/909 1075/1334/909 1627/1333/909 973/1344/909
f 532/1343/910 973/1344/910 1609/1261/910 1057/1260/910
f 532/1343/911 1057/1260/911 1659/1267/911 1079/1345/911
f 532/1343/912 1079/1345/912 1671/1335/912 1075/1334/912
f 533/1346/913 1080/1347/913 1660/1276/913 1058/1275/913
f 533/1346/914 1058/1275/914 1610/1274/914 974/1348/914
f 533/1346/915 974/1348/915 1628/1341/915 1076/1340/915
f 533/1346/916 1076/1340/916 1672/1339/916 1080/1347/916
f 534/1349/917 1065/1300/917 1603/1299/917 963/1350/917
f 534/1349/918 963/1350/918 1619/1315/918 1073/1314/918
f 534/1349/919 1073/1314/919 1667/1321/919 1081/1351/919
f 534/1349/920 1081/1351/920 1665/1301/920 1065/1300/920
f 535/1352/921 1082/1353/921 1668/1330/921 1074/1329/921
f 535/1352/922 1074/1329/922 1620/1328/922 964/1354/922
f 535/1352/923 964/1354/923 1604/1308/923 1066/1307/923
f 535/1352/924 1066/1307/924 1666/1306/924 1082/1353/924
f 536/1355/925 1049/1246/925 1533/1245/925 929/1356/925
f 536/1355/926 929/1356/926 1591/1357/926 1083/1358/926
f 536/1355/927 1083/1358/927 1673/1359/927 1085/1360/927
f 536/1355/928 1085/1360/928 1655/1247/928 1049/1246/928
f 537/1361/929 1086/1362/929 1674/1363/929 1084/1364/929
f 537/1361/930 1084/1364/930 1592/1365/930 930/1366/930
f 537/1361/931 930/1366/931 1534/1254/931 1050/1253/931
f 537/1361/932 1050/1253/932 1656/1252/932 1086/1362/932
f 538/1367/933 1083/1358/933 1591/1357/933 927/1368/933
f 538/1367/934 927/1368/934 1513/1279/934 1063/1278/934
f 538/1367/935 1063/1278/935 1661/1285/935 1087/1369/935
f 538/1367/936 1087/1369/936 1673/1359/936 1083/1358/936
f 539/1370/937 1088/1371/937 1662/1294/937 1064/1293/937
f 539/1370/938 1064/1293/938 1514/1292/938 928/1372/938
f 539/1370/939 928/1372/939 1592/1365/939 1084/1364/939
f 539/1370/940 1084/1364/940 1674/1363/940 1088/1371/940
f 540/1373/941 1093/1374/941 1673/1359/941 1087/1369/941
f 540/1373/942 1087/1369/942 1661/1285/942 1089/1375/942
f 540/1373/943 1089/1375/943 1675/1376/943 1091/1377/943
f 540/1373/944 1091/1377/944 1677/1378/944 1093/1374/944
f 541/1379/945 1092/1380/945 1676/1381/945 1090/1382/945
f 541/1379/946 1090/1382/946 1662/1294/946 1088/1371/946
f 541/1379/947 1088/1371/947 1674/1363/947 1094/1383/947
f 541/1379/948 1094/1383/948 1678/1384/948 1092/1380/948
f 542/1385/949 1097/1386/949 1655/1247/949 1085/1360/949
f 542/1385/950 1085/1360/950 1673/1359/950 1093/1374/950
f 542/1385/951 1093/1374/951 1677/1378/951 1095/1387/951
f 542/1385/952 1095/1387/952 1679/1388/952 1097/1386/952
f 543/1389/953 1096/1390/953 1678/1384/953 1094/1383/953
f 543/1389/954 1094/1383/954 1674/1363/954 1086/1362/954
f 543/1389/955 1086/1362/955 1656/1252/955 1098/1391/955
f 543/1389/956 1098/1391/956 1680/1392/956 1096/1390/956
f 544/1393/957 1103/1394/957 1665/1301/957 1081/1351/957
f 544/1393/958 1081/1351/958 1667/1321/958 1099/1395/958
f 544/1393/959 1099/1395/959 1681/1396/959 1101/1397/959
f 544/1393/960 1101/1397/960 1683/1398/960 1103/1394/960
f 545/1399/961 1102/1400/961 1682/1401/961 1100/1402/961
f 545/1399/962 1100/1402/962 1668/1330/962 1082/1353/962
f 545/1399/963 1082/1353/963 1666/1306/963 1104/1403/963
f 545/1399/964 1104/1403/964 1684/1404/964 1102/1400/964
f 546/1405/965 1109/1406/965 1671/1335/965 1079/1345/965
f 546/1405/966 1079/1345/966 1659/1267/966 1105/1407/966
f 546/1405/967 1105/1407/967 1685/1408/967 1107/1409/967
f 546/1405/968 1107/1409/968 1687/1410/968 1109/1406/968
f 547/1411/969 1108/1412/969 1686/1413/969 1106/1414/969
f 547/1411/970 1106/1414/970 1660/1276/970 1080/1347/970
f 547/1411/971 1080/1347/971 1672/1339/971 1110/1415/971
f 547/1411/972 1110/1415/972 1688/1416/972 1108/1412/972
f 548/1417/973 1113/1418/973 1669/1319/973 1077/1336/973
f 548/1417/974 1077/1336/974 1671/1335/974 1109/1406/974
f 548/1417/975 1109/1406/975 1687/1410/975 1111/1419/975
f 548/1417/976 1111/1419/976 1689/1420/976 1113/1418/976
f 549/1421/977 1112/1422/977 1688/1416/977 1110/1415/977
f 549/1421/978 1110/1415/978 1672/1339/978 1078/1338/978
f 549/1421/979 1078/1338/979 1670/1324/979 1114/1423/979
f 549/1421/980 1114/1423/980 1690/1424/980 1112/1422/980
f 550/1425/981 1099/1395/981 1667/1321/981 1071/1320/981
f 550/1425/982 1071/1320/982 1669/1319/982 1113/1418/982
f 550/1425/983 1113/1418/983 1689/1420/983 1115/1426/983
f 550/1425/984 1115/1426/984 1681/1396/984 1099/1395/984
f 551/1427/985 1116/1428/985 1690/1424/985 1114/1423/985
f 551/1427/986 1114/1423/986 1670/1324/986 1072/1323/986
f 551/1427/987 1072/1323/987 1668/1330/987 1100/1402/987
f 551/1427/988 1100/1402/988 1682/1401/988 1116/1428/988
f 552/1429/989 1119/1430/989 1663/1303/989 1067/1302/989
f 552/1429/990 1067/1302/990 1665/1301/990 1103/1394/990
f 552/1429/991 1103/1394/991 1683/1398/991 1117/1431/991
f 552/1429/992 1117/1431/992 1691/1432/992 1119/1430/992
f 553/1433/993 1118/1434/993 1684/1404/993 1104/1403/993
f 553/1433/994 1104/1403/994 1666/1306/994 1068/1305/994
f 553/1433/995 1068/1305/995 1664/1312/995 1120/1435/995
f 553/1433/996 1120/1435/996 1692/1436/996 1118/1434/996
f 554/1437/997 1089/1375/997 1661/1285/997 1061/1284/997
f 554/1437/998 1061/1284/998 1663/1283/998 1119/1438/998
f 554/1437/999 1119/1438/999 1691/1439/999 1121/1440/999
f 554/1437/1000 1121/1440/1000 1675/1376/1000 1089/1375/1000
f 555/1441/1001 1122/1442/1001 1692/1443/1001 1120/1444/1001
f 555/1441/1002 1120/1444/1002 1664/1288/1002 1062/1287/1002
f 555/1441/1003 1062/1287/1003 1662/1294/1003 1090/1382/1003
f 555/1441/1004 1090/1382/1004 1676/1381/1004 1122/1442/1004
f 556/1445/1005 1105/1407/1005 1659/1267/1005 1055/1266/1005
f 556/1445/1006 1055/1266/1006 1657/1265/1006 1123/1446/1006
f 556/1445/1007 1123/1446/1007 1693/1447/1007 1125/1448/1007
f 556/1445/1008 1125/1448/1008 1685/1408/1008 1105/1407/1008
f 557/1449/1009 1126/1450/1009 1694/1451/1009 1124/1452/1009
f 557/1449/1010 1124/1452/1010 1658/1270/1010 1056/1269/1010
f 557/1449/1011 1056/1269/1011 1660/1276/1011 1106/1414/1011
f 557/1449/1012 1106/1414/1012 1686/1413/1012 1126/1450/1012
f 558/1453/1013 1123/1454/1013 1657/1249/1013 1051/1248/1013
f 558/1453/1014 1051/1248/1014 1655/1247/1014 1097/1386/1014
f 558/1453/1015 1097/1386/1015 1679/1388/1015 1127/1455/1015
f 558/1453/1016 1127/1455/1016 1693/1456/1016 1123/1454/1016
f 559/1457/1017 1128/1458/1017 1680/1392/1017 1098/1391/1017
f 559/1457/1018 1098/1391/1018 1656/1252/1018 1052/1251/1018
f 559/1457/1019 1052/1251/1019 1658/1258/1019 1124/1459/1019
f 559/1457/1020 1124/1459/1020 1694/1460/1020 1128/1458/1020
f 560/1461/1021 1133/1462/1021 1693/1456/1021 1127/1455/1021
f 560/1461/1022 1127/1455/1022 1679/1388/1022 1129/1463/1022
f 560/1461/1023 1129/1463/1023 1697/1464/1023 1131/1465/1023
f 560/1461/1024 1131/1465/1024 1695/1466/1024 1133/1462/1024
f 561/1467/1025 1132/1468/1025 1698/1469/1025 1130/1470/1025
f 561/1467/1026 1130/1470/1026 1680/1392/1026 1128/1458/1026
f 561/1467/1027 1128/1458/1027 1694/1460/1027 1134/1471/1027
f 561/1467/1028 1134/1471/1028 1696/1472/1028 1132/1468/1028
f 562/1473/1029 1137/1474/1029 1685/1408/1029 1125/1448/1029
f 562/1473/1030 1125/1448/1030 1693/1447/1030 1133/1475/1030
f 562/1473/1031 1133/1475/1031 1695/1476/1031 1135/1477/1031
f 562/1473/1032 1135/1477/1032 1699/1478/1032 1137/1474/1032
f 563/1479/1033 1136/1480/1033 1696/1481/1033 1134/1482/1033
f 563/1479/1034 1134/1482/1034 1694/1451/1034 1126/1450/1034
f 563/1479/1035 1126/1450/1035 1686/1413/1035 1138/1483/1035
f 563/1479/1036 1138/1483/1036 1700/1484/1036 1136/1480/1036
f 564/1485/1037 1143/1486/1037 1675/1376/1037 1121/1440/1037
f 564/1485/1038 1121/1440/1038 1691/1439/1038 1139/1487/1038
f 564/1485/1039 1139/1487/1039 1703/1488/1039 1141/1489/1039
f 564/1485/1040 1141/1489/1040 1701/1490/1040 1143/1486/1040
f 565/1491/1041 1142/1492/1041 1704/1493/1041 1140/1494/1041
f 565/1491/1042 1140/1494/1042 1692/1443/1042 1122/1442/1042
f 565/1491/1043 1122/1442/1043 1676/1381/1043 1144/1495/1043
f 565/1491/1044 1144/1495/1044 1702/1496/1044 1142/1492/1044
f 566/1497/1045 1139/1498/1045 1691/1432/1045 1117/1431/1045
f 566/1497/1046 1117/1431/1046 1683/1398/1046 1145/1499/1046
f 566/1497/1047 1145/1499/1047 1705/1500/1047 1147/1501/1047
f 566/1497/1048 1147/1501/1048 1703/1502/1048 1139/1498/1048
f 567/1503/1049 1148/1504/1049 1706/1505/1049 1146/1506/1049
f 567/1503/1050 1146/1506/1050 1684/1404/1050 1118/1434/1050
f 567/1503/1051 1118/1434/1051 1692/1436/1051 1140/1507/1051
f 567/1503/1052 1140/1507/1052 1704/1508/1052 1148/1504/1052
f 568/1509/1053 1153/1510/1053 1681/1396/1053 1115/1426/1053
f 568/1509/1054 1115/1426/1054 1689/1420/1054 1149/1511/1054
f 568/1509/1055 1149/1511/1055 1707/1512/1055 1151/1513/1055
f 568/1509/1056 1151/1513/1056 1709/1514/1056 1153/1510/1056
f 569/1515/1057 1152/1516/1057 1708/1517/1057 1150/1518/1057
f 569/1515/1058 1150/1518/1058 1690/1424/1058 1116/1428/1058
f 569/1515/1059 1116/1428/1059 1682/1401/1059 1154/1519/1059
f 569/1515/1060 1154/1519/1060 1710/1520/1060 1152/1516/1060
f 570/1521/1061 1149/1511/1061 1689/1420/1061 1111/1419/1061
f 570/1521/1062 1111/1419/1062 1687/1410/1062 1155/1522/1062
f 570/1521/1063 1155/1522/1063 1711/1523/1063 1157/1524/1063
f 570/1521/1064 1157/1524/1064 1707/1512/1064 1149/1511/1064
f 571/1525/1065 1158/1526/1065 1712/1527/1065 1156/1528/1065
f 571/1525/1066 1156/1528/1066 1688/1416/1066 1112/1422/1066
f 571/1525/1067 1112/1422/1067 1690/1424/1067 1150/1518/1067
f 571/1525/1068 1150/1518/1068 1708/1517/1068 1158/1526/1068
f 572/1529/1069 1155/1522/1069 1687/1410/1069 1107/1409/1069
f 572/1529/1070 1107/1409/1070 1685/1408/1070 1137/1474/1070
f 572/1529/1071 1137/1474/1071 1699/1478/1071 1159/1530/1071
f 572/1529/1072 1159/1530/1072 1711/1523/1072 1155/1522/1072
f 573/1531/1073 1160/1532/1073 1700/1484/1073 1138/1483/1073
f 573/1531/1074 1138/1483/1074 1686/1413/1074 1108/1412/1074
f 573/1531/1075 1108/1412/1075 1688/1416/1075 1156/1528/1075
f 573/1531/1076 1156/1528/1076 1712/1527/1076 1160/1532/1076
f 574/1533/1077 1145/1499/1077 1683/1398/1077 1101/1397/1077
f 574/1533/1078 1101/1397/1078 1681/1396/1078 1153/1510/1078
f 574/1533/1079 1153/1510/1079 1709/1514/1079 1161/1534/1079
f 574/1533/1080 1161/1534/1080 1705/1500/1080 1145/1499/1080
f 575/1535/1081 1162/1536/1081 1710/1520/1081 1154/1519/1081
f 575/1535/1082 1154/1519/1082 1682/1401/1082 1102/1400/1082
f 575/1535/1083 1102/1400/1083 1684/1404/1083 1146/1506/1083
f 575/1535/1084 1146/1506/1084 1706/1505/1084 1162/1536/1084
f 576/1537/1085 1129/1463/1085 1679/1388/1085 1095/1387/1085
f 576/1537/1086 1095/1387/1086 1677/1378/1086 1163/1538/1086
f 576/1537/1087 1163/1538/1087 1713/1539/1087 1165/1540/1087
f 576/1537/1088 1165/1540/1088 1697/1464/1088 1129/1463/1088
f 577/1541/1089 1166/1542/1089 1714/1543/1089 1164/1544/1089
f 577/1541/1090 1164/1544/1090 1678/1384/1090 1096/1390/1090
f 577/1541/1091 1096/1390/1091 1680/1392/1091 1130/1470/1091
f 577/1541/1092 1130/1470/1092 1698/1469/1092 1166/1542/1092
f 578/1545/1093 1163/1538/1093 1677/1378/1093 1091/1377/1093
f 578/1545/1094 1091/1377/1094 1675/1376/1094 1143/1486/1094
f 578/1545/1095 1143/1486/1095 1701/1490/1095 1167/1546/1095
f 578/1545/1096 1167/1546/1096 1713/1539/1096 1163/1538/1096
f 579/1547/1097 1168/1548/1097 1702/1496/1097 1144/1495/1097
f 579/1547/1098 1144/1495/1098 1676/1381/1098 1092/1380/1098
f 579/1547/1099 1092/1380/1099 1678/1384/1099 1164/1544/1099
f 579/1547/1100 1164/1544/1100 1714/1543/1100 1168/1548/1100
f 580/1549/1101 1173/1550/1101 1713/1539/1101 1167/1546/1101
f 580/1549/1102 1167/1546/1102 1701/1490/1102 1169/1551/1102
f 580/1549/1103 1169/1551/1103 1717/1552/1103 1171/1553/1103
f 580/1549/1104 1171/1553/1104 1715/1554/1104 1173/1550/1104
f 581/1555/1105 1172/1556/1105 1718/1557/1105 1170/1558/1105
f 581/1555/1106 1170/1558/1106 1702/1496/1106 1168/1548/1106
f 581/1555/1107 1168/1548/1107 1714/1543/1107 1174/1559/1107
f 581/1555/1108 1174/1559/1108 1716/1560/1108 1172/1556/1108
f 582/1561/1109 1177/1562/1109 1697/1464/1109 1165/1540/1109
f 582/1561/1110 1165/1540/1110 1713/1539/1110 1173/1550/1110
f 582/1561/1111 1173/1550/1111 1715/1554/1111 1175/1563/1111
f 582/1561/1112 1175/1563/1112 1719/1564/1112 1177/1562/1112
f 583/1565/1113 1176/1566/1113 1716/1560/1113 1174/1559/1113
f 583/1565/1114 1174/1559/1114 1714/1543/1114 1166/1542/1114
f 583/1565/1115 1166/1542/1115 1698/1469/1115 1178/1567/1115
f 583/1565/1116 1178/1567/1116 1720/1568/1116 1176/1566/1116
f 584/1569/1117 1183/1570/1117 1705/1500/1117 1161/1534/1117
f 584/1569/1118 1161/1534/1118 1709/1514/1118 1179/1571/1118
f 584/1569/1119 1179/1571/1119 1721/1572/1119 1181/1573/1119
f 584/1569/1120 1181/1573/1120 1723/1574/1120 1183/1570/1120
f 585/1575/1121 1182/1576/1121 1722/1577/1121 1180/1578/1121
f 585/1575/1122 1180/1578/1122 1710/1520/1122 1162/1536/1122
f 585/1575/1123 1162/1536/1123 1706/1505/1123 1184/1579/1123
f 585/1575/1124 1184/1579/1124 1724/1580/1124 1182/1576/1124
f 586/1581/1125 1189/1582/1125 1711/1523/1125 1159/1530/1125
f 586/1581/1126 1159/1530/1126 1699/1478/1126 1185/1583/1126
f 586/1581/1127 1185/1583/1127 1727/1584/1127 1187/1585/1127
f 586/1581/1128 1187/1585/1128 1725/1586/1128 1189/1582/1128
f 587/1587/1129 1188/1588/1129 1728/1589/1129 1186/1590/1129
f 587/1587/1130 1186/1590/1130 1700/1484/1130 1160/1532/1130
f 587/1587/1131 1160/1532/1131 1712/1527/1131 1190/1591/1131
f 587/1587/1132 1190/1591/1132 1726/1592/1132 1188/1588/1132
f 588/1593/1133 1193/1594/1133 1707/1512/1133 1157/1524/1133
f 588/1593/1134 1157/1524/1134 1711/1523/1134 1189/1582/1134
f 588/1593/1135 1189/1582/1135 1725/1586/1135 1191/1595/1135
f 588/1593/1136 1191/1595/1136 1729/1596/1136 1193/1594/1136
f 589/1597/1137 1192/1598/1137 1726/1592/1137 1190/1591/1137
f 589/1597/1138 1190/1591/1138 1712/1527/1138 1158/1526/1138
f 589/1597/1139 1158/1526/1139 1708/1517/1139 1194/1599/1139
f 589/1597/1140 1194/1599/1140 1730/1600/1140 1192/1598/1140
f 590/1601/1141 1179/1571/1141 1709/1514/1141 1151/1513/1141
f 590/1601/1142 1151/1513/1142 1707/1512/1142 1193/1594/1142
f 590/1601/1143 1193/1594/1143 1729/1596/1143 1195/1602/1143
f 590/1601/1144 1195/1602/1144 1721/1572/1144 1179/1571/1144
f 591/1603/1145 1196/1604/1145 1730/1600/1145 1194/1599/1145
f 591/1603/1146 1194/1599/1146 1708/1517/1146 1152/1516/1146
f 591/1603/1147 1152/1516/1147 1710/1520/1147 1180/1578/1147
f 591/1603/1148 1180/1578/1148 1722/1577/1148 1196/1604/1148
f 592/1605/1149 1199/1606/1149 1703/1502/1149 1147/1501/1149
f 592/1605/1150 1147/1501/1150 1705/1500/1150 1183/1570/1150
f 592/1605/1151 1183/1570/1151 1723/1574/1151 1197/1607/1151
f 592/1605/1152 1197/1607/1152 1731/1608/1152 1199/1606/1152
f 593/1609/1153 1198/1610/1153 1724/1580/1153 1184/1579/1153
f 593/1609/1154 1184/1579/1154 1706/1505/1154 1148/1504/1154
f 593/1609/1155 1148/1504/1155 1704/1508/1155 1200/1611/1155
f 593/1609/1156 1200/1611/1156 1732/1612/1156 1198/1610/1156
f 594/1613/1157 1169/1551/1157 1701/1490/1157 1141/1489/1157
f 594/1613/1158 1141/1489/1158 1703/1488/1158 1199/1614/1158
f 594/1613/1159 1199/1614/1159 1731/1615/1159 1201/1616/1159
f 594/1613/1160 1201/1616/1160 1717/1552/1160 1169/1551/1160
f 595/1617/1161 1202/1618/1161 1732/1619/1161 1200/1620/1161
f 595/1617/1162 1200/1620/1162 1704/1493/1162 1142/1492/1162
f 595/1617/1163 1142/1492/1163 1702/1496/1163 1170/1558/1163
f 595/1617/1164 1170/1558/1164 1718/1557/1164 1202/1618/1164
f 596/1621/1165 1185/1583/1165 1699/1478/1165 1135/1477/1165
f 596/1621/1166 1135/1477/1166 1695/1476/1166 1203/1622/1166
f 596/1621/1167 1203/1622/1167 1733/1623/1167 1205/1624/1167
f 596/1621/1168 1205/1624/1168 1727/1584/1168 1185/1583/1168
f 597/1625/1169 1206/1626/1169 1734/1627/1169 1204/1628/1169
f 597/1625/1170 1204/1628/1170 1696/1481/1170 1136/1480/1170
f 597/1625/1171 1136/1480/1171 1700/1484/1171 1186/1590/1171
f 597/1625/1172 1186/1590/1172 1728/1589/1172 1206/1626/1172
f 598/1629/1173 1203/1630/1173 1695/1466/1173 1131/1465/1173
f 598/1629/1174 1131/1465/1174 1697/1464/1174 1177/1562/1174
f 598/1629/1175 1177/1562/1175 1719/1564/1175 1207/1631/1175
f 598/1629/1176 1207/1631/1176 1733/1632/1176 1203/1630/1176
f 599/1633/1177 1208/1634/1177 1720/1568/1177 1178/1567/1177
f 599/1633/1178 1178/1567/1178 1698/1469/1178 1132/1468/1178
f 599/1633/1179 1132/1468/1179 1696/1472/1179 1204/1635/1179
f 599/1633/1180 1204/1635/1180 1734/1636/1180 1208/1634/1180
f 600/1637/1181 1213/1638/1181 1733/1632/1181 1207/1631/1181
f 600/1637/1182 1207/1631/1182 1719/1564/1182 1209/1639/1182
f 600/1637/1183 1209/1639/1183 1737/1640/1183 1211/1641/1183
f 600/1637/1184 1211/1641/1184 1735/1642/1184 1213/1638/1184
f 601/1643/1185 1212/1644/1185 1738/1645/1185 1210/1646/1185
f 601/1643/1186 1210/1646/1186 1720/1568/1186 1208/1634/1186
f 601/1643/1187 1208/1634/1187 1734/1636/1187 1214/1647/1187
f 601/1643/1188 1214/1647/1188 1736/1648/1188 1212/1644/1188
f 602/1649/1189 1217/1650/1189 1727/1584/1189 1205/1624/1189
f 602/1649/1190 1205/1624/1190 1733/1623/1190 1213/1651/1190
f 602/1649/1191 1213/1651/1191 1735/1652/1191 1215/1653/1191
f 602/1649/1192 1215/1653/1192 1739/1654/1192 1217/1650/1192
f 603/1655/1193 1216/1656/1193 1736/1657/1193 1214/1658/1193
f 603/1655/1194 1214/1658/1194 1734/1627/1194 1206/1626/1194
f 603/1655/1195 1206/1626/1195 1728/1589/1195 1218/1659/1195
f 603/1655/1196 1218/1659/1196 1740/1660/1196 1216/1656/1196
f 604/1661/1197 1223/1662/1197 1717/1552/1197 1201/1616/1197
f 604/1661/1198 1201/1616/1198 1731/1615/1198 1219/1663/1198
f 604/1661/1199 1219/1663/1199 1741/1664/1199 1221/1665/1199
f 604/1661/1200 1221/1665/1200 1743/1666/1200 1223/1662/1200
f 605/1667/1201 1222/1668/1201 1742/1669/1201 1220/1670/1201
f 605/1667/1202 1220/1670/1202 1732/1619/1202 1202/1618/1202
f 605/1667/1203 1202/1618/1203 1718/1557/1203 1224/1671/1203
f 605/1667/1204 1224/1671/1204 1744/1672/1204 1222/1668/1204
f 606/1673/1205 1219/1674/1205 1731/1608/1205 1197/1607/1205
f 606/1673/1206 1197/1607/1206 1723/1574/1206 1225/1675/1206
f 606/1673/1207 1225/1675/1207 1745/1676/1207 1227/1677/1207
f 606/1673/1208 1227/1677/1208 1741/1678/1208 1219/1674/1208
f 607/1679/1209 1228/1680/1209 1746/1681/1209 1226/1682/1209
f 607/1679/1210 1226/1682/1210 1724/1580/1210 1198/1610/1210
f 607/1679/1211 1198/1610/1211 1732/1612/1211 1220/1683/1211
f 607/1679/1212 1220/1683/1212 1742/1684/1212 1228/1680/1212
f 608/1685/1213 1233/1686/1213 1721/1572/1213 1195/1602/1213
f 608/1685/1214 1195/1602/1214 1729/1596/1214 1229/1687/1214
f 608/1685/1215 1229/1687/1215 1749/1688/1215 1231/1689/1215
f 608/1685/1216 1231/1689/1216 1747/1690/1216 1233/1686/1216
f 609/1691/1217 1232/1692/1217 1750/1693/1217 1230/1694/1217
f 609/1691/1218 1230/1694/1218 1730/1600/1218 1196/1604/1218
f 609/1691/1219 1196/1604/1219 1722/1577/1219 1234/1695/1219
f 609/1691/1220 1234/1695/1220 1748/1696/1220 1232/1692/1220
f 610/1697/1221 1229/1687/1221 1729/1596/1221 1191/1595/1221
f 610/1697/1222 1191/1595/1222 1725/1586/1222 1235/1698/1222
f 610/1697/1223 1235/1698/1223 1751/1699/1223 1237/1700/1223
f 610/1697/1224 1237/1700/1224 1749/1688/1224 1229/1687/1224
f 611/1701/1225 1238/1702/1225 1752/1703/1225 1236/1704/1225
f 611/1701/1226 1236/1704/1226 1726/1592/1226 1192/1598/1226
f 611/1701/1227 1192/1598/1227 1730/1600/1227 1230/1694/1227
f 611/1701/1228 1230/1694/1228 1750/1693/1228 1238/1702/1228
f 612/1705/1229 1235/1698/1229 1725/1586/1229 1187/1585/1229
f 612/1705/1230 1187/1585/1230 1727/1584/1230 1217/1650/1230
f 612/1705/1231 1217/1650/1231 1739/1654/1231 1239/1706/1231
f 612/1705/1232 1239/1706/1232 1751/1699/1232 1235/1698/1232
f 613/1707/1233 1240/1708/1233 1740/1660/1233 1218/1659/1233
f 613/1707/1234 1218/1659/1234 1728/1589/1234 1188/1588/1234
f 613/1707/1235 1188/1588/1235 1726/1592/1235 1236/1704/1235
f 613/1707/1236 1236/1704/1236 1752/1703/1236 1240/1708/1236
f 614/1709/1237 1225/1675/1237 1723/1574/1237 1181/1573/1237
f 614/1709/1238 1181/1573/1238 1721/1572/1238 1233/1686/1238
f 614/1709/1239 1233/1686/1239 1747/1690/1239 1241/1710/1239
f 614/1709/1240 1241/1710/1240 1745/1676/1240 1225/1675/1240
f 615/1711/1241 1242/1712/1241 1748/1696/1241 1234/1695/1241
f 615/1711/1242 1234/1695/1242 1722/1577/1242 1182/1576/1242
f 615/1711/1243 1182/1576/1243 1724/1580/1243 1226/1682/1243
f 615/1711/1244 1226/1682/1244 1746/1681/1244 1242/1712/1244
f 616/1713/1245 1209/1639/1245 1719/1564/1245 1175/1563/1245
f 616/1713/1246 1175/1563/1246 1715/1554/1246 1243/1714/1246
f 616/1713/1247 1243/1714/1247 1753/1715/1247 1245/1716/1247
f 616/1713/1248 1245/1716/1248 1737/1640/1248 1209/1639/1248
f 617/1717/1249 1246/1718/1249 1754/1719/1249 1244/1720/1249
f 617/1717/1250 1244/1720/1250 1716/1560/1250 1176/1566/1250
f 617/1717/1251 1176/1566/1251 1720/1568/1251 1210/1646/1251
f 617/1717/1252 1210/1646/1252 1738/1645/1252 1246/1718/1252
f 618/1721/1253 1243/1714/1253 1715/1554/1253 1171/1553/1253
f 618/1721/1254 1171/1553/1254 1717/1552/1254 1223/1662/1254
f 618/1721/1255 1223/1662/1255 1743/1666/1255 1247/1722/1255
f 618/1721/1256 1247/1722/1256 1753/1715/1256 1243/1714/1256
f 619/1723/1257 1248/1724/1257 1744/1672/1257 1224/1671/1257
f 619/1723/1258 1224/1671/1258 1718/1557/1258 1172/1556/1258
f 619/1723/1259 1172/1556/1259 1716/1560/1259 1244/1720/1259
f 619/1723/1260 1244/1720/1260 1754/1719/1260 1248/1724/1260
f 620/1725/1261 1253/1726/1261 1753/1715/1261 1247/1722/1261
f 620/1725/1262 1247/1722/1262 1743/1666/1262 1249/1727/1262
f 620/1725/1263 1249/1727/1263 1755/1728/1263 1251/1729/1263
f 620/1725/1264 1251/1729/1264 1757/1730/1264 1253/1726/1264
s 1
f 621/1731/1265 1252/1732/1266 1756/1733/1267 1250/1734/1268
s 0
f 621/1731/1269 1250/1734/1269 1744/1672/1269 1248/1724/1269
f 621/1731/1270 1248/1724/1270 1754/1719/1270 1254/1735/1270
s 1
f 621/1731/1265 1254/1735/1271 1758/1736/1272 1252/1732/1266
s 0
f 622/1737/1273 1257/1738/1273 1737/1640/1273 1245/1716/1273
f 622/1737/1274 1245/1716/1274 1753/1715/1274 1253/1726/1274
f 622/1737/1275 1253/1726/1275 1757/1730/1275 1255/1739/1275
f 622/1737/1276 1255/1739/1276 1759/1740/1276 1257/1738/1276
s 1
f 623/1741/1277 1256/1742/1278 1758/1736/1272 1254/1735/1271
s 0
f 623/1741/1279 1254/1735/1279 1754/1719/1279 1246/1718/1279
f 623/1741/1280 1246/1718/1280 1738/1645/1280 1258/1743/1280
s 1
f 623/1741/1277 1258/1743/1281 1760/1744/1282 1256/1742/1278
s 0
f 624/1745/1283 1263/1746/1283 1745/1676/1283 1241/1710/1283
f 624/1745/1284 1241/1710/1284 1747/1690/1284 1259/1747/1284
f 624/1745/1285 1259/1747/1285 1763/1748/1285 1261/1749/1285
f 624/1745/1286 1261/1749/1286 1761/1750/1286 1263/1746/1286
f 625/1751/1287 1262/1752/1287 1764/1753/1287 1260/1754/1287
f 625/1751/1288 1260/1754/1288 1748/1696/1288 1242/1712/1288
f 625/1751/1289 1242/1712/1289 1746/1681/1289 1264/1755/1289
f 625/1751/1290 1264/1755/1290 1762/1756/1290 1262/1752/1290
f 626/1757/1291 1269/1758/1291 1751/1699/1291 1239/1706/1291
f 626/1757/1292 1239/1706/1292 1739/1654/1292 1265/1759/1292
f 626/1757/1293 1265/1759/1293 1765/1760/1293 1267/1761/1293
f 626/1757/1294 1267/1761/1294 1767/1762/1294 1269/1758/1294
f 627/1763/1295 1268/1764/1295 1766/1765/1295 1266/1766/1295
f 627/1763/1296 1266/1766/1296 1740/1660/1296 1240/1708/1296
f 627/1763/1297 1240/1708/1297 1752/1703/1297 1270/1767/1297
f 627/1763/1298 1270/1767/1298 1768/1768/1298 1268/1764/1298
f 628/1769/1299 1273/1770/1299 1749/1688/1299 1237/1700/1299
f 628/1769/1300 1237/1700/1300 1751/1699/1300 1269/1758/1300
f 628/1769/1301 1269/1758/1301 1767/1762/1301 1271/1771/1301
f 628/1769/1302 1271/1771/1302 1769/1772/1302 1273/1770/1302
f 629/1773/1303 1272/1774/1303 1768/1768/1303 1270/1767/1303
f 629/1773/1304 1270/1767/1304 1752/1703/1304 1238/1702/1304
f 629/1773/1305 1238/1702/1305 1750/1693/1305 1274/1775/1305
f 629/1773/1306 1274/1775/1306 1770/1776/1306 1272/1774/1306
f 630/1777/1307 1259/1747/1307 1747/1690/1307 1231/1689/1307
f 630/1777/1308 1231/1689/1308 1749/1688/1308 1273/1770/1308
f 630/1777/1309 1273/1770/1309 1769/1772/1309 1275/1778/1309
f 630/1777/1310 1275/1778/1310 1763/1748/1310 1259/1747/1310
f 631/1779/1311 1276/1780/1311 1770/1776/1311 1274/1775/1311
f 631/1779/1312 1274/1775/1312 1750/1693/1312 1232/1692/1312
f 631/1779/1313 1232/1692/1313 1748/1696/1313 1260/1754/1313
f 631/1779/1314 1260/1754/1314 1764/1753/1314 1276/1780/1314
f 632/1781/1315 1279/1782/1315 1741/1678/1315 1227/1677/1315
f 632/1781/1316 1227/1677/1316 1745/1676/1316 1263/1746/1316
f 632/1781/1317 1263/1746/1317 1761/1750/1317 1277/1783/1317
f 632/1781/1318 1277/1783/1318 1771/1784/1318 1279/1782/1318
f 633/1785/1319 1278/1786/1319 1762/1756/1319 1264/1755/1319
f 633/1785/1320 1264/1755/1320 1746/1681/1320 1228/1680/1320
f 633/1785/1321 1228/1680/1321 1742/1684/1321 1280/1787/1321
s 1
f 633/1785/1322 1280/1787/1322 1772/1788/1323 1278/1786/1324
s 0
f 634/1789/1325 1249/1727/1325 1743/1666/1325 1221/1665/1325
f 634/1789/1326 1221/1665/1326 1741/1664/1326 1279/1790/1326
f 634/1789/1327 1279/1790/1327 1771/1791/1327 1281/1792/1327
f 634/1789/1328 1281/1792/1328 1755/1728/1328 1249/1727/1328
f 635/1793/1329 1282/1794/1329 1772/1795/1329 1280/1796/1329
f 635/1793/1330 1280/1796/1330 1742/1669/1330 1222/1668/1330
f 635/1793/1331 1222/1668/1331 1744/1672/1331 1250/1734/1331
s 1
f 635/1793/1332 1250/1734/1268 1756/1733/1267 1282/1794/1333
s 0
f 636/1797/1334 1265/1759/1334 1739/1654/1334 1215/1653/1334
f 636/1797/1335 1215/1653/1335 1735/1652/1335 1283/1798/1335
f 636/1797/1336 1283/1798/1336 1773/1799/1336 1285/1800/1336
f 636/1797/1337 1285/1800/1337 1765/1760/1337 1265/1759/1337
f 637/1801/1338 1286/1802/1338 1774/1803/1338 1284/1804/1338
f 637/1801/1339 1284/1804/1339 1736/1657/1339 1216/1656/1339
f 637/1801/1340 1216/1656/1340 1740/1660/1340 1266/1766/1340
f 637/1801/1341 1266/1766/1341 1766/1765/1341 1286/1802/1341
f 638/1805/1342 1283/1806/1342 1735/1642/1342 1211/1641/1342
f 638/1805/1343 1211/1641/1343 1737/1640/1343 1257/1738/1343
f 638/1805/1344 1257/1738/1344 1759/1740/1344 1287/1807/1344
f 638/1805/1345 1287/1807/1345 1773/1808/1345 1283/1806/1345
f 639/1809/1346 1288/1810/1346 1760/1744/1346 1258/1743/1346
f 639/1809/1347 1258/1743/1347 1738/1645/1347 1212/1644/1347
f 639/1809/1348 1212/1644/1348 1736/1648/1348 1284/1811/1348
f 639/1809/1349 1284/1811/1349 1774/1812/1349 1288/1810/1349
f 2097/1813/1350 977/1814/1350 1629/1815/1350 2118/1816/1350
f 2060/1817/1351 2080/1818/1351 1777/1819/1351 1301/1820/1351
f 2060/1817/1352 1301/1820/1352 1775/1821/1352 2079/1822/1352
f 2097/1813/1353 2117/1823/1353 1611/1824/1353 977/1814/1353
f 2021/1825/1354 2042/1826/1354 1776/1827/1354 1302/1828/1354
f 2021/1825/1355 1302/1828/1355 1778/1829/1355 2043/1830/1355
f 2135/1831/1356 2155/1832/1356 1630/1833/1356 978/1834/1356
f 2135/1831/1357 978/1834/1357 1612/1835/1357 2154/1836/1357
f 1943/1837/1358 1301/1820/1358 1777/1819/1358 1965/1838/1358
f 642/1839/1359 1293/1840/1359 1619/1841/1359 963/1842/1359
f 642/1839/1360 963/1842/1360 1603/1843/1360 1289/1844/1360
f 1943/1837/1361 1964/1845/1361 1775/1821/1361 1301/1820/1361
f 643/1846/1362 1290/1847/1362 1604/1848/1362 964/1849/1362
f 643/1846/1363 964/1849/1363 1620/1850/1363 1294/1851/1363
f 1982/1852/1364 2004/1853/1364 1778/1829/1364 1302/1828/1364
f 1982/1852/1365 1302/1828/1365 1776/1827/1365 2003/1854/1365
f 2098/1855/1366 1025/1856/1366 1611/1824/1366 2117/1823/1366
f 2061/1857/1367 2079/1822/1367 1775/1821/1367 1305/1858/1367
f 2061/1857/1368 1305/1858/1368 1779/1859/1368 2081/1860/1368
f 2098/1855/1369 2119/1861/1369 1647/1862/1369 1025/1856/1369
f 2022/1863/1370 2044/1864/1370 1780/1865/1370 1306/1866/1370
f 2022/1863/1371 1306/1866/1371 1776/1827/1371 2042/1826/1371
f 2136/1867/1372 2154/1836/1372 1612/1835/1372 1026/1868/1372
f 2136/1867/1373 1026/1868/1373 1648/1869/1373 2156/1870/1373
f 1944/1871/1374 1305/1858/1374 1775/1821/1374 1964/1845/1374
f 646/1872/1375 1289/1844/1375 1603/1843/1375 1009/1873/1375
f 646/1872/1376 1009/1873/1376 1639/1874/1376 1297/1875/1376
f 1944/1871/1377 1966/1876/1377 1779/1859/1377 1305/1858/1377
f 647/1877/1378 1298/1878/1378 1640/1879/1378 1010/1880/1378
f 647/1877/1379 1010/1880/1379 1604/1848/1379 1290/1847/1379
f 1983/1881/1380 2003/1854/1380 1776/1827/1380 1306/1866/1380
f 1983/1881/1381 1306/1866/1381 1780/1865/1381 2005/1882/1381
f 648/1883/1382 1297/1884/1382 1639/1885/1382 1011/1886/1382
f 648/1883/1383 1011/1886/1383 1513/933/1383 815/932/1383
f 1945/1887/1384 1949/938/1384 1541/937/1384 1303/1888/1384
f 1945/1887/1385 1303/1888/1385 1779/1889/1385 1966/1890/1385
f 1984/1891/1386 1304/1892/1386 1542/946/1386 1988/945/1386
f 649/1893/1387 816/944/1387 1514/943/1387 1012/1894/1387
f 649/1893/1388 1012/1894/1388 1640/1895/1388 1298/1896/1388
f 1984/1891/1389 2005/1897/1389 1780/1898/1389 1304/1892/1389
f 2099/1899/1390 2103/962/1390 1515/961/1390 1307/1900/1390
f 2099/1899/1391 1307/1900/1391 1647/1901/1391 2119/1902/1391
f 2062/1903/1392 2081/1904/1392 1779/1889/1392 1303/1888/1392
f 2062/1903/1393 1303/1888/1393 1541/937/1393 2066/964/1393
f 2023/1905/1394 1304/1892/1394 1780/1898/1394 2044/1906/1394
f 2137/1907/1395 2156/1908/1395 1648/1909/1395 1308/1910/1395
f 2137/1907/1396 1308/1910/1396 1516/969/1396 2141/968/1396
f 2023/1905/1397 2027/966/1397 1542/946/1397 1304/1892/1397
f 652/1911/1398 1459/1912/1398 1471/1913/1398 742/1914/1398
f 652/1911/1399 742/1914/1399 1469/1915/1399 1458/1916/1399
f 652/1911/1400 1458/1916/1400 1621/1917/1400 993/1918/1400
f 652/1911/1401 993/1918/1401 1629/1815/1401 1459/1912/1401
f 653/1919/1402 743/1920/1402 1472/1921/1402 1467/1922/1402
f 653/1919/1403 1467/1922/1403 1630/1833/1403 994/1923/1403
f 653/1919/1404 994/1923/1404 1622/1924/1404 1468/1925/1404
f 653/1919/1405 1468/1925/1405 1470/1926/1405 743/1920/1405
f 654/1927/1406 744/1928/1406 1471/1913/1406 1459/1912/1406
f 654/1927/1407 1459/1912/1407 1629/1815/1407 977/1814/1407
f 654/1927/1408 977/1814/1408 1611/1824/1408 1460/1929/1408
f 654/1927/1409 1460/1929/1409 1473/1930/1409 744/1928/1409
f 655/1931/1410 1466/1932/1410 1612/1835/1410 978/1834/1410
f 655/1931/1411 978/1834/1411 1630/1833/1411 1467/1922/1411
f 655/1931/1412 1467/1922/1412 1472/1921/1412 745/1933/1412
f 655/1931/1413 745/1933/1413 1474/1934/1413 1466/1932/1413
f 656/1935/1414 746/1936/1414 1473/1930/1414 1460/1929/1414
f 656/1935/1415 1460/1929/1415 1611/1824/1415 1025/1856/1415
f 656/1935/1416 1025/1856/1416 1647/1862/1416 1461/1937/1416
f 656/1935/1417 1461/1937/1417 1475/1938/1417 746/1936/1417
f 657/1939/1418 1465/1940/1418 1648/1869/1418 1026/1868/1418
f 657/1939/1419 1026/1868/1419 1612/1835/1419 1466/1932/1419
f 657/1939/1420 1466/1932/1420 1474/1934/1420 747/1941/1420
f 657/1939/1421 747/1941/1421 1476/1942/1421 1465/1940/1421
f 658/1943/1422 748/1944/1422 1475/1945/1422 1461/1946/1422
f 658/1943/1423 1461/1946/1423 1647/1901/1423 1307/1900/1423
f 658/1943/1424 1307/1900/1424 1515/961/1424 1462/1947/1424
f 658/1943/1425 1462/1947/1425 1477/1948/1425 748/1944/1425
f 659/1949/1426 1464/1950/1426 1516/969/1426 1308/1910/1426
f 659/1949/1427 1308/1910/1427 1648/1909/1427 1465/1951/1427
f 659/1949/1428 1465/1951/1428 1476/1952/1428 749/1953/1428
f 659/1949/1429 749/1953/1429 1478/1954/1429 1464/1950/1429
f 1946/1955/1430 1309/1956/1430 1595/977/1430 1963/1130/1430
f 660/1957/1431 991/1128/1431 1637/1127/1431 1007/1958/1431
f 660/1957/1432 1007/1958/1432 1619/1841/1432 1293/1840/1432
f 1946/1955/1433 1965/1838/1433 1777/1819/1433 1309/1956/1433
f 661/1959/1434 1294/1851/1434 1620/1850/1434 1008/1960/1434
f 661/1959/1435 1008/1960/1435 1638/1135/1435 992/1134/1435
f 1985/1961/1436 2002/1132/1436 1596/986/1436 1310/1962/1436
f 1985/1961/1437 1310/1962/1437 1778/1829/1437 2004/1853/1437
f 2063/1963/1438 2078/978/1438 1595/977/1438 1309/1956/1438
f 2063/1963/1439 1309/1956/1439 1777/1819/1439 2080/1818/1439
f 2100/1964/1440 2118/1816/1440 1629/1815/1440 1311/1965/1440
f 2100/1964/1441 1311/1965/1441 1601/973/1441 2116/972/1441
f 2138/1966/1442 1312/1967/1442 1630/1833/1442 2155/1832/1442
f 2024/1968/1443 2043/1830/1443 1778/1829/1443 1310/1962/1443
f 2024/1968/1444 1310/1962/1444 1596/986/1444 2041/985/1444
f 2138/1966/1445 2153/984/1445 1602/983/1445 1312/1967/1445
f 664/1969/1446 1313/1970/1446 1597/989/1446 951/988/1446
f 664/1969/1447 951/988/1447 1601/973/1447 1311/1965/1447
f 664/1969/1448 1311/1965/1448 1629/1815/1448 993/1918/1448
f 664/1969/1449 993/1918/1449 1621/1917/1449 1313/1970/1449
f 665/1971/1450 994/1923/1450 1630/1833/1450 1312/1967/1450
f 665/1971/1451 1312/1967/1451 1602/983/1451 952/994/1451
f 665/1971/1452 952/994/1452 1598/993/1452 1314/1972/1452
f 665/1971/1453 1314/1972/1453 1622/1924/1453 994/1923/1453
f 666/1973/1454 750/1974/1454 1477/1948/1454 1462/1947/1454
f 666/1973/1455 1462/1947/1455 1515/961/1455 1335/1975/1455
f 666/1973/1456 1335/1975/1456 1808/1976/1456 1463/1977/1456
f 666/1973/1457 1463/1977/1457 1479/1978/1457 750/1974/1457
f 667/1979/1458 1463/1977/1458 1808/1976/1458 1336/1980/1458
f 667/1979/1459 1336/1980/1459 1516/969/1459 1464/1950/1459
f 667/1979/1460 1464/1950/1460 1478/1954/1460 751/1981/1460
f 667/1979/1461 751/1981/1461 1479/1978/1461 1463/1977/1461
f 668/1982/1462 1340/1983/1462 1593/949/1462 933/948/1462
f 668/1982/1463 933/948/1463 1535/829/1463 1337/1984/1463
f 668/1982/1464 1337/1984/1464 1805/1985/1464 1339/1986/1464
f 668/1982/1465 1339/1986/1465 1801/1987/1465 1340/1983/1465
f 669/1988/1466 1339/1986/1466 1805/1985/1466 1338/1989/1466
f 669/1988/1467 1338/1989/1467 1536/838/1467 934/958/1467
f 669/1988/1468 934/958/1468 1594/957/1468 1341/1990/1468
f 669/1988/1469 1341/1990/1469 1801/1987/1469 1339/1986/1469
f 670/1991/1470 1335/1975/1470 1515/961/1470 931/960/1470
f 670/1991/1471 931/960/1471 1593/949/1471 1340/1983/1471
f 670/1991/1472 1340/1983/1472 1801/1987/1472 1342/1992/1472
f 670/1991/1473 1342/1992/1473 1808/1976/1473 1335/1975/1473
f 671/1993/1474 1342/1992/1474 1801/1987/1474 1341/1990/1474
f 671/1993/1475 1341/1990/1475 1594/957/1475 932/970/1475
f 671/1993/1476 932/970/1476 1516/969/1476 1336/1980/1476
f 671/1993/1477 1336/1980/1477 1808/1976/1477 1342/1992/1477
f 2175/1994/1478 1337/1984/1478 1535/829/1478 2178/828/1478
f 1867/1995/1479 1871/826/1479 1581/811/1479 1343/1996/1479
f 1867/1995/1480 1343/1996/1480 1802/1997/1480 1885/1998/1480
f 2175/1994/1481 2193/1999/1481 1805/1985/1481 1337/1984/1481
f 1868/2000/1482 1885/1998/1482 1802/1997/1482 1344/2001/1482
f 1868/2000/1483 1344/2001/1483 1582/820/1483 1872/841/1483
f 2176/2002/1484 2181/839/1484 1536/838/1484 1338/1989/1484
f 2176/2002/1485 1338/1989/1485 1805/1985/1485 2193/1999/1485
f 1910/2003/1486 1343/1996/1486 1581/811/1486 1915/810/1486
f 674/2004/1487 899/808/1487 1519/637/1487 1346/2005/1487
f 674/2004/1488 1346/2005/1488 1807/2006/1488 1348/2007/1488
f 1910/2003/1489 1931/2008/1489 1802/1997/1489 1343/1996/1489
f 675/2009/1490 1348/2007/1490 1807/2006/1490 1347/2010/1490
f 675/2009/1491 1347/2010/1491 1520/645/1491 900/823/1491
f 1911/2011/1492 1916/821/1492 1582/820/1492 1344/2001/1492
f 1911/2011/1493 1344/2001/1493 1802/1997/1493 1931/2008/1493
f 676/2012/1494 1352/2013/1494 1527/619/1494 877/726/1494
f 676/2012/1495 877/726/1495 1569/725/1495 1349/2014/1495
f 676/2012/1496 1349/2014/1496 1803/2015/1496 1351/2016/1496
f 676/2012/1497 1351/2016/1497 1806/2017/1497 1352/2013/1497
f 677/2018/1498 1351/2016/1498 1803/2015/1498 1350/2019/1498
f 677/2018/1499 1350/2019/1499 1570/732/1499 878/731/1499
f 677/2018/1500 878/731/1500 1528/632/1500 1353/2020/1500
f 677/2018/1501 1353/2020/1501 1806/2017/1501 1351/2016/1501
f 678/2021/1502 1355/2022/1502 1557/621/1502 849/620/1502
f 678/2021/1503 849/620/1503 1527/619/1503 1352/2013/1503
f 678/2021/1504 1352/2013/1504 1806/2017/1504 1354/2023/1504
f 678/2021/1505 1354/2023/1505 1804/2024/1505 1355/2022/1505
f 679/2025/1506 1354/2023/1506 1806/2017/1506 1353/2020/1506
f 679/2025/1507 1353/2020/1507 1528/632/1507 850/631/1507
f 679/2025/1508 850/631/1508 1558/630/1508 1356/2026/1508
f 679/2025/1509 1356/2026/1509 1804/2024/1509 1354/2023/1509
f 680/2027/1510 1346/2005/1510 1519/637/1510 847/636/1510
f 680/2027/1511 847/636/1511 1557/621/1511 1355/2022/1511
f 680/2027/1512 1355/2022/1512 1804/2024/1512 1357/2028/1512
f 680/2027/1513 1357/2028/1513 1807/2006/1513 1346/2005/1513
f 681/2029/1514 1357/2028/1514 1804/2024/1514 1356/2026/1514
f 681/2029/1515 1356/2026/1515 1558/630/1515 848/646/1515
f 681/2029/1516 848/646/1516 1520/645/1516 1347/2010/1516
f 681/2029/1517 1347/2010/1517 1807/2006/1517 1357/2028/1517
f 682/2030/1518 1370/2031/1518 1773/1808/1518 1287/1807/1518
f 682/2030/1519 1287/1807/1519 1759/1740/1519 1368/2032/1519
f 682/2030/1520 1368/2032/1520 1819/2033/1520 1369/2034/1520
f 682/2030/1521 1369/2034/1521 1820/2035/1521 1370/2031/1521
f 683/2036/1522 1372/2037/1522 1765/1760/1522 1285/1800/1522
f 683/2036/1523 1285/1800/1523 1773/1799/1523 1370/2038/1523
f 683/2036/1524 1370/2038/1524 1820/2039/1524 1371/2040/1524
f 683/2036/1525 1371/2040/1525 1821/2041/1525 1372/2037/1525
f 684/2042/1526 1375/2043/1526 1755/1728/1526 1281/1792/1526
f 684/2042/1527 1281/1792/1527 1771/1791/1527 1373/2044/1527
f 684/2042/1528 1373/2044/1528 1823/2045/1528 1374/2046/1528
f 684/2042/1529 1374/2046/1529 1822/2047/1529 1375/2043/1529
f 685/2048/1530 1373/2049/1530 1771/1784/1530 1277/1783/1530
f 685/2048/1531 1277/1783/1531 1761/1750/1531 1376/2050/1531
f 685/2048/1532 1376/2050/1532 1824/2051/1532 1377/2052/1532
f 685/2048/1533 1377/2052/1533 1823/2053/1533 1373/2049/1533
f 686/2054/1534 1380/2055/1534 1763/1748/1534 1275/1778/1534
f 686/2054/1535 1275/1778/1535 1769/1772/1535 1378/2056/1535
f 686/2054/1536 1378/2056/1536 1826/2057/1536 1379/2058/1536
f 686/2054/1537 1379/2058/1537 1825/2059/1537 1380/2055/1537
f 687/2060/1538 1378/2056/1538 1769/1772/1538 1271/1771/1538
f 687/2060/1539 1271/1771/1539 1767/1762/1539 1381/2061/1539
f 687/2060/1540 1381/2061/1540 1827/2062/1540 1382/2063/1540
f 687/2060/1541 1382/2063/1541 1826/2057/1541 1378/2056/1541
f 688/2064/1542 1381/2061/1542 1767/1762/1542 1267/1761/1542
f 688/2064/1543 1267/1761/1543 1765/1760/1543 1372/2037/1543
f 688/2064/1544 1372/2037/1544 1821/2041/1544 1383/2065/1544
f 688/2064/1545 1383/2065/1545 1827/2062/1545 1381/2061/1545
f 689/2066/1546 1376/2050/1546 1761/1750/1546 1261/1749/1546
f 689/2066/1547 1261/1749/1547 1763/1748/1547 1380/2055/1547
f 689/2066/1548 1380/2055/1548 1825/2059/1548 1384/2067/1548
f 689/2066/1549 1384/2067/1549 1824/2051/1549 1376/2050/1549
f 690/2068/1550 1368/2032/1550 1759/1740/1550 1255/1739/1550
f 690/2068/1551 1255/1739/1551 1757/1730/1551 1385/2069/1551
f 690/2068/1552 1385/2069/1552 1828/2070/1552 1386/2071/1552
f 690/2068/1553 1386/2071/1553 1819/2033/1553 1368/2032/1553
f 691/2072/1554 1385/2069/1554 1757/1730/1554 1251/1729/1554
f 691/2072/1555 1251/1729/1555 1755/1728/1555 1375/2043/1555
f 691/2072/1556 1375/2043/1556 1822/2047/1556 1387/2073/1556
f 691/2072/1557 1387/2073/1557 1828/2070/1557 1385/2069/1557
f 692/2074/1558 1389/2075/1558 1828/2070/1558 1387/2073/1558
f 692/2074/1559 1387/2073/1559 1822/2047/1559 1388/2076/1559
f 692/2074/1560 1388/2076/1560 1809/2077/1560 1358/2078/1560
f 692/2074/1561 1358/2078/1561 1810/2079/1561 1389/2075/1561
f 693/2080/1562 1390/2081/1562 1819/2033/1562 1386/2071/1562
f 693/2080/1563 1386/2071/1563 1828/2070/1563 1389/2075/1563
f 693/2080/1564 1389/2075/1564 1810/2079/1564 1359/2082/1564
f 693/2080/1565 1359/2082/1565 1811/2083/1565 1390/2081/1565
f 694/2084/1566 1392/2085/1566 1824/2051/1566 1384/2067/1566
f 694/2084/1567 1384/2067/1567 1825/2059/1567 1391/2086/1567
f 694/2084/1568 1391/2086/1568 1813/2087/1568 1360/2088/1568
f 694/2084/1569 1360/2088/1569 1812/2089/1569 1392/2085/1569
f 695/2090/1570 1394/2091/1570 1827/2062/1570 1383/2065/1570
f 695/2090/1571 1383/2065/1571 1821/2041/1571 1393/2092/1571
f 695/2090/1572 1393/2092/1572 1814/2093/1572 1361/2094/1572
f 695/2090/1573 1361/2094/1573 1815/2095/1573 1394/2091/1573
f 696/2096/1574 1395/2097/1574 1826/2057/1574 1382/2063/1574
f 696/2096/1575 1382/2063/1575 1827/2062/1575 1394/2091/1575
f 696/2096/1576 1394/2091/1576 1815/2095/1576 1362/2098/1576
f 696/2096/1577 1362/2098/1577 1816/2099/1577 1395/2097/1577
f 697/2100/1578 1391/2086/1578 1825/2059/1578 1379/2058/1578
f 697/2100/1579 1379/2058/1579 1826/2057/1579 1395/2097/1579
f 697/2100/1580 1395/2097/1580 1816/2099/1580 1363/2101/1580
f 697/2100/1581 1363/2101/1581 1813/2087/1581 1391/2086/1581
f 698/2102/1582 1396/2103/1582 1823/2053/1582 1377/2052/1582
f 698/2102/1583 1377/2052/1583 1824/2051/1583 1392/2085/1583
f 698/2102/1584 1392/2085/1584 1812/2089/1584 1364/2104/1584
f 698/2102/1585 1364/2104/1585 1817/2105/1585 1396/2103/1585
f 699/2106/1586 1388/2076/1586 1822/2047/1586 1374/2046/1586
f 699/2106/1587 1374/2046/1587 1823/2045/1587 1396/2107/1587
f 699/2106/1588 1396/2107/1588 1817/2108/1588 1365/2109/1588
f 699/2106/1589 1365/2109/1589 1809/2077/1589 1388/2076/1589
f 700/2110/1590 1393/2092/1590 1821/2041/1590 1371/2040/1590
f 700/2110/1591 1371/2040/1591 1820/2039/1591 1397/2111/1591
f 700/2110/1592 1397/2111/1592 1818/2112/1592 1366/2113/1592
f 700/2110/1593 1366/2113/1593 1814/2093/1593 1393/2092/1593
f 701/2114/1594 1397/2115/1594 1820/2035/1594 1369/2034/1594
f 701/2114/1595 1369/2034/1595 1819/2033/1595 1390/2081/1595
f 701/2114/1596 1390/2081/1596 1811/2083/1596 1367/2116/1596
f 701/2114/1597 1367/2116/1597 1818/2117/1597 1397/2115/1597
f 702/2118/1598 1331/2119/1598 1795/2120/1598 1398/2121/1598
f 702/2118/1599 1398/2121/1599 1814/2093/1599 1366/2113/1599
f 702/2118/1600 1366/2113/1600 1818/2112/1600 1399/2122/1600
f 702/2118/1601 1399/2122/1601 1797/2123/1601 1331/2119/1601
f 703/2124/1602 1321/2125/1602 1783/2126/1602 1400/2127/1602
f 703/2124/1603 1400/2127/1603 1815/2095/1603 1361/2094/1603
f 703/2124/1604 1361/2094/1604 1814/2093/1604 1398/2121/1604
f 703/2124/1605 1398/2121/1605 1795/2120/1605 1321/2125/1605
f 704/2128/1606 1400/2127/1606 1783/2126/1606 1323/2129/1606
f 704/2128/1607 1323/2129/1607 1785/2130/1607 1401/2131/1607
f 704/2128/1608 1401/2131/1608 1816/2099/1608 1362/2098/1608
f 704/2128/1609 1362/2098/1609 1815/2095/1609 1400/2127/1609
f 705/2132/1610 1401/2131/1610 1785/2130/1610 1325/2133/1610
f 705/2132/1611 1325/2133/1611 1787/2134/1611 1402/2135/1611
f 705/2132/1612 1402/2135/1612 1813/2087/1612 1363/2101/1612
f 705/2132/1613 1363/2101/1613 1816/2099/1613 1401/2131/1613
f 706/2136/1614 1402/2135/1614 1787/2134/1614 1319/2137/1614
f 706/2136/1615 1319/2137/1615 1789/2138/1615 1403/2139/1615
f 706/2136/1616 1403/2139/1616 1812/2089/1616 1360/2088/1616
f 706/2136/1617 1360/2088/1617 1813/2087/1617 1402/2135/1617
f 707/2140/1618 1403/2139/1618 1789/2138/1618 1327/2141/1618
f 707/2140/1619 1327/2141/1619 1791/2142/1619 1404/2143/1619
f 707/2140/1620 1404/2143/1620 1817/2105/1620 1364/2104/1620
f 707/2140/1621 1364/2104/1621 1812/2089/1621 1403/2139/1621
f 708/2144/1622 1404/2145/1622 1791/2146/1622 1329/2147/1622
f 708/2144/1623 1329/2147/1623 1793/2148/1623 1405/2149/1623
f 708/2144/1624 1405/2149/1624 1809/2077/1624 1365/2109/1624
f 708/2144/1625 1365/2109/1625 1817/2108/1625 1404/2145/1625
f 709/2150/1626 1315/2151/1626 1781/2152/1626 1406/2153/1626
f 709/2150/1627 1406/2153/1627 1810/2079/1627 1358/2078/1627
f 709/2150/1628 1358/2078/1628 1809/2077/1628 1405/2149/1628
f 709/2150/1629 1405/2149/1629 1793/2148/1629 1315/2151/1629
f 710/2154/1630 1406/2153/1630 1781/2152/1630 1317/2155/1630
f 710/2154/1631 1317/2155/1631 1799/2156/1631 1407/2157/1631
f 710/2154/1632 1407/2157/1632 1811/2083/1632 1359/2082/1632
f 710/2154/1633 1359/2082/1633 1810/2079/1633 1406/2153/1633
f 711/2158/1634 1333/2159/1634 1797/2160/1634 1399/2161/1634
f 711/2158/1635 1399/2161/1635 1818/2117/1635 1367/2116/1635
f 711/2158/1636 1367/2116/1636 1811/2083/1636 1407/2157/1636
f 711/2158/1637 1407/2157/1637 1799/2156/1637 1333/2159/1637
f 712/2162/1638 1420/2163/1638 1760/1744/1638 1288/1810/1638
f 712/2162/1639 1288/1810/1639 1774/1812/1639 1418/2164/1639
f 712/2162/1640 1418/2164/1640 1840/2165/1640 1419/2166/1640
f 712/2162/1641 1419/2166/1641 1839/2167/1641 1420/2163/1641
f 713/2168/1642 1418/2169/1642 1774/1803/1642 1286/1802/1642
f 713/2168/1643 1286/1802/1643 1766/1765/1643 1421/2170/1643
f 713/2168/1644 1421/2170/1644 1841/2171/1644 1422/2172/1644
f 713/2168/1645 1422/2172/1645 1840/2173/1645 1418/2169/1645
s 1
f 714/2174/1646 1425/2175/1647 1772/1795/1323 1282/1794/1333
f 714/2174/1646 1282/1794/1333 1756/1733/1267 1423/2176/1648
f 714/2174/1646 1423/2176/1648 1842/2177/1649 1424/2178/1650
f 714/2174/1646 1424/2178/1650 1843/2179/1651 1425/2175/1647
s 0
f 715/2180/1652 1427/2181/1652 1762/1756/1652 1278/1786/1652
s 1
f 715/2180/1653 1278/1786/1324 1772/1788/1323 1425/2182/1647
f 715/2180/1653 1425/2182/1647 1843/2183/1651 1426/2184/1654
f 715/2180/1653 1426/2184/1654 1844/2185/1655 1427/2181/1655
s 0
f 716/2186/1656 1430/2187/1656 1770/1776/1656 1276/1780/1656
f 716/2186/1657 1276/1780/1657 1764/1753/1657 1428/2188/1657
f 716/2186/1658 1428/2188/1658 1845/2189/1658 1429/2190/1658
f 716/2186/1659 1429/2190/1659 1846/2191/1659 1430/2187/1659
f 717/2192/1660 1432/2193/1660 1768/1768/1660 1272/1774/1660
f 717/2192/1661 1272/1774/1661 1770/1776/1661 1430/2187/1661
f 717/2192/1662 1430/2187/1662 1846/2191/1662 1431/2194/1662
f 717/2192/1663 1431/2194/1663 1847/2195/1663 1432/2193/1663
f 718/2196/1664 1421/2170/1664 1766/1765/1664 1268/1764/1664
f 718/2196/1665 1268/1764/1665 1768/1768/1665 1432/2193/1665
f 718/2196/1666 1432/2193/1666 1847/2195/1666 1433/2197/1666
f 718/2196/1667 1433/2197/1667 1841/2171/1667 1421/2170/1667
f 719/2198/1668 1428/2188/1668 1764/1753/1668 1262/1752/1668
f 719/2198/1669 1262/1752/1669 1762/1756/1669 1427/2181/1669
f 719/2198/1670 1427/2181/1670 1844/2185/1670 1434/2199/1670
f 719/2198/1671 1434/2199/1671 1845/2189/1671 1428/2188/1671
s 1
f 720/2200/1672 1436/2201/1673 1758/1736/1272 1256/1742/1278
f 720/2200/1672 1256/1742/1278 1760/1744/1282 1420/2163/1674
f 720/2200/1672 1420/2163/1674 1839/2167/1675 1435/2202/1676
f 720/2200/1672 1435/2202/1676 1848/2203/1677 1436/2201/1673
f 721/2204/1678 1423/2176/1648 1756/1733/1267 1252/1732/1266
f 721/2204/1678 1252/1732/1266 1758/1736/1272 1436/2201/1673
f 721/2204/1678 1436/2201/1673 1848/2203/1677 1437/2205/1679
f 721/2204/1678 1437/2205/1679 1842/2177/1649 1423/2176/1648
f 722/2206/1680 1408/2207/1681 1829/2208/1682 1438/2209/1683
f 722/2206/1680 1438/2209/1683 1842/2177/1649 1437/2205/1679
f 722/2206/1680 1437/2205/1679 1848/2203/1677 1439/2210/1684
f 722/2206/1680 1439/2210/1684 1830/2211/1685 1408/2207/1681
f 723/2212/1686 1409/2213/1687 1830/2211/1685 1439/2210/1684
f 723/2212/1686 1439/2210/1684 1848/2203/1677 1435/2202/1676
f 723/2212/1686 1435/2202/1676 1839/2167/1675 1440/2214/1688
f 723/2212/1686 1440/2214/1688 1831/2215/1689 1409/2213/1687
s 0
f 724/2216/1690 1410/2217/1690 1833/2218/1690 1441/2219/1690
f 724/2216/1691 1441/2219/1691 1845/2189/1691 1434/2199/1691
f 724/2216/1692 1434/2199/1692 1844/2185/1692 1442/2220/1692
f 724/2216/1693 1442/2220/1693 1832/2221/1693 1410/2217/1693
f 725/2222/1694 1411/2223/1694 1834/2224/1694 1443/2225/1694
f 725/2222/1695 1443/2225/1695 1841/2171/1695 1433/2197/1695
f 725/2222/1696 1433/2197/1696 1847/2195/1696 1444/2226/1696
f 725/2222/1697 1444/2226/1697 1835/2227/1697 1411/2223/1697
f 726/2228/1698 1412/2229/1698 1835/2227/1698 1444/2226/1698
f 726/2228/1699 1444/2226/1699 1847/2195/1699 1431/2194/1699
f 726/2228/1700 1431/2194/1700 1846/2191/1700 1445/2230/1700
f 726/2228/1701 1445/2230/1701 1836/2231/1701 1412/2229/1701
f 727/2232/1702 1413/2233/1702 1836/2231/1702 1445/2230/1702
f 727/2232/1703 1445/2230/1703 1846/2191/1703 1429/2190/1703
f 727/2232/1704 1429/2190/1704 1845/2189/1704 1441/2219/1704
f 727/2232/1705 1441/2219/1705 1833/2218/1705 1413/2233/1705
s 1
f 728/2234/1706 1414/2235/1707 1832/2221/1708 1442/2220/1708
s 0
f 728/2234/1709 1442/2220/1709 1844/2185/1709 1426/2184/1709
s 1
f 728/2234/1706 1426/2184/1654 1843/2183/1651 1446/2236/1710
f 728/2234/1706 1446/2236/1710 1837/2237/1711 1414/2235/1707
f 729/2238/1712 1415/2239/1713 1837/2240/1711 1446/2241/1710
f 729/2238/1712 1446/2241/1710 1843/2179/1651 1424/2178/1650
f 729/2238/1712 1424/2178/1650 1842/2177/1649 1438/2209/1683
f 729/2238/1712 1438/2209/1683 1829/2208/1682 1415/2239/1713
s 0
f 730/2242/1714 1416/2243/1714 1838/2244/1714 1447/2245/1714
f 730/2242/1715 1447/2245/1715 1840/2173/1715 1422/2172/1715
f 730/2242/1716 1422/2172/1716 1841/2171/1716 1443/2225/1716
f 730/2242/1717 1443/2225/1717 1834/2224/1717 1416/2243/1717
f 731/2246/1718 1417/2247/1718 1831/2215/1718 1440/2214/1718
f 731/2246/1719 1440/2214/1719 1839/2167/1719 1419/2166/1719
f 731/2246/1720 1419/2166/1720 1840/2165/1720 1447/2248/1720
f 731/2246/1721 1447/2248/1721 1838/2249/1721 1417/2247/1721
s 1
f 732/2250/1722 1449/2251/1723 1798/2252/1724 1334/2253/1725
f 732/2250/1722 1334/2253/1725 1800/2254/1726 1448/2255/1727
s 0
f 732/2250/1728 1448/2255/1728 1831/2215/1728 1417/2247/1728
s 1
f 732/2250/1722 1417/2247/1729 1838/2249/1730 1449/2251/1723
f 733/2256/1731 1318/2257/1732 1782/2258/1733 1450/2259/1734
f 733/2256/1731 1450/2259/1734 1830/2211/1685 1409/2213/1687
f 733/2256/1731 1409/2213/1687 1831/2215/1689 1448/2255/1727
f 733/2256/1731 1448/2255/1727 1800/2254/1726 1318/2257/1732
f 734/2260/1735 1450/2259/1734 1782/2258/1733 1316/2261/1736
f 734/2260/1735 1316/2261/1736 1794/2262/1737 1451/2263/1738
f 734/2260/1735 1451/2263/1738 1829/2208/1682 1408/2207/1681
f 734/2260/1735 1408/2207/1681 1830/2211/1685 1450/2259/1734
f 735/2264/1739 1330/2265/1740 1792/2266/1741 1452/2267/1742
f 735/2264/1739 1452/2267/1742 1837/2240/1711 1415/2239/1713
f 735/2264/1739 1415/2239/1713 1829/2208/1682 1451/2263/1738
f 735/2264/1739 1451/2263/1738 1794/2262/1737 1330/2265/1740
s 0
f 736/2268/1743 1328/2269/1743 1790/2270/1743 1453/2271/1743
f 736/2268/1744 1453/2271/1744 1832/2221/1744 1414/2235/1744
s 1
f 736/2268/1745 1414/2235/1707 1837/2237/1711 1452/2272/1742
s 0
f 736/2268/1746 1452/2272/1746 1792/2273/1746 1328/2269/1746
f 737/2274/1747 1320/2275/1747 1788/2276/1747 1454/2277/1747
f 737/2274/1748 1454/2277/1748 1833/2218/1748 1410/2217/1748
f 737/2274/1749 1410/2217/1749 1832/2221/1749 1453/2271/1749
f 737/2274/1750 1453/2271/1750 1790/2270/1750 1320/2275/1750
s 1
f 738/2278/1751 1326/2279/1752 1786/2280/1753 1455/2281/1754
f 738/2278/1751 1455/2281/1754 1836/2231/1755 1413/2233/1756
s 0
f 738/2278/1757 1413/2233/1757 1833/2218/1757 1454/2277/1757
f 738/2278/1758 1454/2277/1758 1788/2276/1758 1326/2279/1758
s 1
f 739/2282/1759 1324/2283/1760 1784/2284/1761 1456/2285/1762
s 0
f 739/2282/1763 1456/2285/1763 1835/2227/1763 1412/2229/1763
s 1
f 739/2282/1759 1412/2229/1764 1836/2231/1755 1455/2281/1754
f 739/2282/1759 1455/2281/1754 1786/2280/1753 1324/2283/1760
f 740/2286/1765 1456/2285/1762 1784/2284/1761 1322/2287/1766
f 740/2286/1765 1322/2287/1766 1796/2288/1767 1457/2289/1768
f 740/2286/1765 1457/2289/1768 1834/2224/1769 1411/2223/1770
f 740/2286/1765 1411/2223/1770 1835/2227/1771 1456/2285/1762
f 741/2290/1772 1457/2289/1768 1796/2288/1767 1332/2291/1773
f 741/2290/1772 1332/2291/1773 1798/2292/1724 1449/2293/1723
f 741/2290/1772 1449/2293/1723 1838/2244/1730 1416/2243/1774
f 741/2290/1772 1416/2243/1774 1834/2224/1769 1457/2289/1768
s 0
f 673/2294/1775 1868/2000/1775 1872/841/1775 902/2295/1775
f 673/2294/1776 1345/2296/1776 1885/1998/1776 1868/2000/1776
f 672/2297/1777 1867/1995/1777 1885/1998/1777 1345/2296/1777
f 672/2297/1778 901/2298/1778 1871/826/1778 1867/1995/1778
f 519/2299/1779 1048/2300/1779 1884/1240/1779 1866/1235/1779
f 519/2299/1780 1866/1235/1780 1880/1112/1780 962/2301/1780
f 518/2302/1781 1865/1233/1781 1883/1234/1781 1047/2303/1781
f 518/2302/1782 961/2304/1782 1879/1103/1782 1865/1233/1782
f 517/2305/1783 898/2306/1783 1870/806/1783 1864/1223/1783
f 517/2305/1784 1864/1223/1784 1884/1224/1784 1048/2307/1784
f 516/2308/1785 1863/1221/1785 1869/794/1785 897/2309/1785
f 516/2308/1786 1047/2310/1786 1883/1222/1786 1863/1221/1786
f 497/2311/1787 1004/2312/1787 1882/1105/1787 1862/1124/1787
f 1980/2313/1788 2006/1119/1788 1874/860/1788 906/2314/1788
f 496/2315/1789 1861/1118/1789 1881/1102/1789 1003/2316/1789
f 1941/2317/1790 905/2318/1790 1873/854/1790 1967/1117/1790
f 495/2319/1791 962/2301/1791 1880/1112/1791 1860/1104/1791
f 495/2319/1792 1860/1104/1792 1882/1105/1792 1004/2312/1792
f 494/2320/1793 1859/1101/1793 1879/1103/1793 961/2304/1793
f 494/2320/1794 1003/2316/1794 1881/1102/1794 1859/1101/1794
f 463/2321/1795 1858/899/1795 1850/902/1795 910/2322/1795
f 463/2321/1796 918/2323/1796 1878/866/1796 1858/899/1796
f 462/2324/1797 1857/895/1797 1877/848/1797 917/2325/1797
f 462/2324/1798 909/2326/1798 1849/896/1798 1857/895/1798
f 2130/2327/1799 2157/863/1799 1878/866/1799 918/2323/1799
f 2016/2328/1800 906/2314/1800 1874/860/1800 2045/859/1800
f 2055/2329/1801 2082/851/1801 1873/854/1801 905/2318/1801
f 2092/2330/1802 917/2325/1802 1877/848/1802 2120/847/1802
f 2015/2331/1803 2046/842/1803 1876/804/1803 914/2332/1803
f 2129/2333/1804 902/2295/1804 1872/841/1804 2158/840/1804
f 2054/2334/1805 913/2335/1805 1875/784/1805 2083/833/1805
f 2091/2336/1806 2121/825/1806 1871/826/1806 901/2298/1806
f 453/2337/1807 1852/805/1807 1870/806/1807 898/2306/1807
f 1973/2338/1808 914/2332/1808 1876/804/1808 2007/803/1808
f 452/2339/1809 897/2309/1809 1869/794/1809 1851/793/1809
f 1934/2340/1810 1968/783/1810 1875/784/1810 913/2335/1810
f 675/2009/1811 1911/2011/1811 1931/2008/1811 1348/2007/1811
f 450/769/1812 1933/759/1812 1970/761/1812 1894/765/1812
f 675/2009/1813 900/823/1813 1916/821/1813 1911/2011/1813
f 674/2004/1814 1348/2007/1814 1931/2008/1814 1910/2003/1814
f 674/2004/1815 1910/2003/1815 1915/810/1815 899/808/1815
f 515/1211/1816 1909/1212/1816 1930/1215/1816 1046/1216/1816
f 515/1211/1817 960/1082/1817 1926/1081/1817 1909/1212/1817
f 514/1209/1818 1908/1205/1818 1925/1066/1818 959/1073/1818
f 514/1209/1819 1045/1210/1819 1929/1206/1819 1908/1205/1819
f 513/1199/1820 1907/1201/1820 1914/772/1820 896/782/1820
f 513/1199/1821 1046/1200/1821 1930/1202/1821 1907/1201/1821
f 512/1197/1822 1906/1193/1822 1929/1196/1822 1045/1198/1822
f 512/1197/1823 895/770/1823 1913/768/1823 1906/1193/1823
f 493/1094/1824 1905/1092/1824 1928/1077/1824 1002/1075/1824
f 1979/1089/1825 904/884/1825 1918/890/1825 2008/1090/1825
f 1940/1087/1826 1969/1085/1826 1917/882/1826 903/880/1826
f 492/1088/1827 1001/1072/1827 1927/1070/1827 1904/1083/1827
f 491/1074/1828 1903/1076/1828 1926/1081/1828 960/1082/1828
f 491/1074/1829 1002/1075/1829 1928/1077/1829 1903/1076/1829
f 490/1071/1830 1902/1065/1830 1927/1070/1830 1001/1072/1830
f 490/1071/1831 959/1073/1831 1925/1066/1831 1902/1065/1831
f 465/911/1832 1901/913/1832 1924/888/1832 916/886/1832
f 465/911/1833 908/912/1833 1892/914/1833 1901/913/1833
f 464/909/1834 915/878/1834 1923/876/1834 1900/907/1834
f 464/909/1835 1900/907/1835 1891/908/1835 907/910/1835
f 2017/883/1836 2047/889/1836 1918/890/1836 904/884/1836
f 2131/885/1837 916/886/1837 1924/888/1837 2159/887/1837
f 2056/879/1838 903/880/1838 1917/882/1838 2084/881/1838
f 2093/877/1839 2122/875/1839 1923/876/1839 915/878/1839
f 2128/822/1840 2160/818/1840 1916/821/1840 900/823/1840
f 2014/824/1841 912/780/1841 1922/778/1841 2048/816/1841
f 2053/815/1842 2085/813/1842 1921/762/1842 911/760/1842
f 2090/807/1843 899/808/1843 1915/810/1843 2123/809/1843
f 1972/779/1844 2009/775/1844 1922/778/1844 912/780/1844
f 451/781/1845 896/782/1845 1914/772/1845 1895/771/1845
f 450/769/1846 1894/765/1846 1913/768/1846 895/770/1846
f 1933/759/1847 911/760/1847 1921/762/1847 1970/761/1847
f 451/781/1848 1895/771/1848 2009/775/1848 1972/779/1848
f 492/1088/1849 1904/1083/1849 1969/1085/1849 1940/1087/1849
f 452/2339/1850 1851/793/1850 1968/783/1850 1934/2340/1850
f 496/2315/1851 1941/2317/1851 1967/1117/1851 1861/1118/1851
f 660/1957/1852 1293/1840/1852 1965/1838/1852 1946/1955/1852
f 660/1957/1853 1946/1955/1853 1963/1130/1853 991/1128/1853
f 648/1883/1854 1945/1887/1854 1966/1890/1854 1297/1884/1854
f 648/1883/1855 815/932/1855 1949/938/1855 1945/1887/1855
f 646/1872/1856 1297/1875/1856 1966/1876/1856 1944/1871/1856
f 646/1872/1857 1944/1871/1857 1964/1845/1857 1289/1844/1857
f 642/1839/1858 1289/1844/1858 1964/1845/1858 1943/1837/1858
f 642/1839/1859 1943/1837/1859 1965/1838/1859 1293/1840/1859
f 498/1125/1860 1942/1129/1860 1959/1116/1860 975/1114/1860
f 498/1125/1861 991/1128/1861 1963/1130/1861 1942/1129/1861
f 1861/1118/1862 1967/1117/1862 1889/1086/1862 989/1084/1862
f 2169/1113/1863 975/1114/1863 1959/1116/1863 2194/1115/1863
f 492/1088/1864 1940/1087/1864 1957/1040/1864 967/1038/1864
f 1904/1083/1865 989/1084/1865 1889/1086/1865 1969/1085/1865
f 488/1057/1866 1939/1058/1866 1947/1059/1866 985/1060/1866
f 488/1057/1867 971/1018/1867 1958/1017/1867 1939/1058/1867
f 484/1037/1868 1938/1039/1868 1960/1016/1868 979/1014/1868
f 484/1037/1869 967/1038/1869 1957/1040/1869 1938/1039/1869
f 480/1013/1870 1937/1015/1870 1958/1017/1870 971/1018/1870
f 480/1013/1871 979/1014/1871 1960/1016/1871 1937/1015/1871
f 468/931/1872 1936/935/1872 1949/938/1872 815/932/1872
f 468/931/1873 945/920/1873 1956/918/1873 1936/935/1873
f 466/919/1874 1935/915/1874 1956/918/1874 945/920/1874
f 466/919/1875 835/790/1875 1952/788/1875 1935/915/1875
f 2139/789/1876 2195/785/1876 1952/788/1876 835/790/1876
f 1851/793/1877 919/766/1877 1888/764/1877 1968/783/1877
f 1894/765/1878 1970/761/1878 1888/764/1878 919/766/1878
f 450/769/1879 819/606/1879 1950/604/1879 1933/759/1879
f 442/711/1880 1932/707/1880 1951/578/1880 827/588/1880
f 442/711/1881 887/714/1881 1912/708/1881 1932/707/1881
f 428/605/1882 1886/601/1882 1950/604/1882 819/606/1882
f 428/605/1883 867/584/1883 1953/582/1883 1886/601/1883
f 426/583/1884 1887/577/1884 1953/582/1884 867/584/1884
f 426/583/1885 827/588/1885 1951/578/1885 1887/577/1885
f 455/2341/1886 2014/824/1886 2048/816/1886 1897/2342/1886
f 493/1094/1887 1979/1089/1887 2008/1090/1887 1905/1092/1887
f 453/2337/1888 1973/2338/1888 2007/803/1888 1852/805/1888
f 497/2311/1889 1862/1124/1889 2006/1119/1889 1980/2313/1889
f 661/1959/1890 1985/1961/1890 2004/1853/1890 1294/1851/1890
f 661/1959/1891 992/1134/1891 2002/1132/1891 1985/1961/1891
f 649/1893/1892 1298/1896/1892 2005/1897/1892 1984/1891/1892
f 649/1893/1893 1984/1891/1893 1988/945/1893 816/944/1893
f 647/1877/1894 1983/1881/1894 2005/1882/1894 1298/1878/1894
f 647/1877/1895 1290/1847/1895 2003/1854/1895 1983/1881/1895
f 643/1846/1896 1982/1852/1896 2003/1854/1896 1290/1847/1896
f 643/1846/1897 1294/1851/1897 2004/1853/1897 1982/1852/1897
f 499/1133/1898 1981/1131/1898 2002/1132/1898 992/1134/1898
f 499/1133/1899 976/1123/1899 1998/1121/1899 1981/1131/1899
f 2170/1122/1900 2196/1120/1900 1998/1121/1900 976/1123/1900
f 1862/1124/1901 990/1093/1901 1919/1091/1901 2006/1119/1901
f 1905/1092/1902 2008/1090/1902 1919/1091/1902 990/1093/1902
f 493/1094/1903 968/1044/1903 1996/1042/1903 1979/1089/1903
f 489/1063/1904 1978/1061/1904 1997/1020/1904 972/1024/1904
f 489/1063/1905 986/1064/1905 1986/1062/1905 1978/1061/1905
f 485/1043/1906 1977/1041/1906 1996/1042/1906 968/1044/1906
f 485/1043/1907 980/1023/1907 1999/1021/1907 1977/1041/1907
f 481/1022/1908 1976/1019/1908 1999/1021/1908 980/1023/1908
f 481/1022/1909 972/1024/1909 1997/1020/1909 1976/1019/1909
f 469/941/1910 816/944/1910 1988/945/1910 1975/939/1910
f 469/941/1911 1975/939/1911 1995/928/1911 946/926/1911
f 467/923/1912 1974/927/1912 1991/800/1912 836/798/1912
f 467/923/1913 946/926/1913 1995/928/1913 1974/927/1913
f 1852/805/1914 2007/803/1914 1920/776/1914 920/774/1914
f 2140/795/1915 836/798/1915 1991/800/1915 2197/799/1915
f 451/781/1916 1972/779/1916 1989/614/1916 820/612/1916
f 1895/771/1917 920/774/1917 1920/776/1917 2009/775/1917
f 443/715/1918 1971/717/1918 1955/720/1918 888/721/1918
f 443/715/1919 828/599/1919 1990/598/1919 1971/717/1919
f 429/609/1920 1962/613/1920 1992/594/1920 868/592/1920
f 429/609/1921 820/612/1921 1989/614/1921 1962/613/1921
f 427/589/1922 1961/593/1922 1990/598/1922 828/599/1922
f 427/589/1923 868/592/1923 1992/594/1923 1961/593/1923
f 454/2343/1924 1896/2344/1924 2085/813/1924 2053/815/1924
f 461/2345/1925 1899/2346/1925 2047/889/1925 2017/883/1925
f 457/2347/1926 1854/2348/1926 2046/842/1926 2015/2331/1926
f 459/2349/1927 2016/2328/1927 2045/859/1927 1856/2350/1927
f 663/2351/1928 2024/1968/1928 2041/985/1928 950/2352/1928
f 663/2351/1929 1296/2353/1929 2043/1830/1929 2024/1968/1929
f 651/2354/1930 818/2355/1930 2027/966/1930 2023/1905/1930
f 651/2354/1931 2023/1905/1931 2044/1906/1931 1300/2356/1931
f 645/2357/1932 2022/1863/1932 2042/1826/1932 1292/2358/1932
f 645/2357/1933 1300/2359/1933 2044/1864/1933 2022/1863/1933
f 641/2360/1934 2021/1825/1934 2043/1830/1934 1296/2353/1934
f 641/2360/1935 1292/2358/1935 2042/1826/1935 2021/1825/1935
f 475/2361/1936 950/2352/1936 2041/985/1936 2020/979/1936
f 475/2361/1937 2020/979/1937 2033/872/1937 840/2362/1937
f 473/2363/1938 948/2364/1938 2040/954/1938 2019/965/1938
f 473/2363/1939 2019/965/1939 2027/966/1939 818/2355/1939
f 471/2365/1940 838/2366/1940 2032/835/1940 2018/953/1940
f 471/2365/1941 2018/953/1941 2040/954/1941 948/2364/1941
f 1899/2346/1942 924/2367/1942 2037/862/1942 2047/889/1942
f 461/2345/1943 2017/883/1943 2029/669/1943 824/2368/1943
f 2164/2369/1944 840/2362/1944 2033/872/1944 2198/871/1944
f 1856/2350/1945 2045/859/1945 2037/862/1945 924/2367/1945
f 1854/2348/1946 922/2370/1946 2036/817/1946 2046/842/1946
f 2162/2371/1947 2199/834/1947 2032/835/1947 838/2366/1947
f 455/2341/1948 822/2372/1948 2028/642/1948 2014/824/1948
f 1897/2342/1949 2048/816/1949 2036/817/1949 922/2370/1949
f 447/2373/1950 832/2374/1950 2031/682/1950 2013/743/1950
f 447/2373/1951 2013/743/1951 1993/746/1951 892/2375/1951
f 445/2376/1952 890/2377/1952 1994/734/1952 2012/729/1952
f 445/2376/1953 2012/729/1953 2030/634/1953 830/2378/1953
f 437/2379/1954 872/2380/1954 2035/662/1954 2011/679/1954
f 437/2379/1955 2011/679/1955 2031/682/1955 832/2374/1955
f 435/2381/1956 824/2368/1956 2029/669/1956 2010/659/1956
f 435/2381/1957 2010/659/1957 2035/662/1957 872/2380/1957
f 433/2382/1958 870/2383/1958 2034/627/1958 2001/641/1958
f 433/2382/1959 2001/641/1959 2028/642/1959 822/2372/1959
f 431/2384/1960 830/2378/1960 2030/634/1960 2000/626/1960
f 431/2384/1961 2000/626/1961 2034/627/1961 870/2383/1961
f 454/2343/1962 2090/807/1962 2123/809/1962 1896/2344/1962
f 460/2385/1963 2056/879/1963 2084/881/1963 1898/2386/1963
f 456/2387/1964 2054/2334/1964 2083/833/1964 1853/2388/1964
f 458/2389/1965 1855/2390/1965 2082/851/1965 2055/2329/1965
f 662/2391/1966 2063/1963/1966 2080/1818/1966 1295/2392/1966
f 662/2391/1967 949/2393/1967 2078/978/1967 2063/1963/1967
f 650/2394/1968 2062/1903/1968 2066/964/1968 817/2395/1968
f 650/2394/1969 1299/2396/1969 2081/1904/1969 2062/1903/1969
f 644/2397/1970 2061/1857/1970 2081/1860/1970 1299/2398/1970
f 644/2397/1971 1291/2399/1971 2079/1822/1971 2061/1857/1971
f 640/2400/1972 2060/1817/1972 2079/1822/1972 1291/2399/1972
f 640/2400/1973 1295/2392/1973 2080/1818/1973 2060/1817/1973
f 474/2401/1974 2059/975/1974 2078/978/1974 949/2393/1974
f 474/2401/1975 839/2402/1975 2072/858/1975 2059/975/1975
f 472/2403/1976 2058/963/1976 2077/952/1976 947/2404/1976
f 472/2403/1977 817/2395/1977 2066/964/1977 2058/963/1977
f 470/2405/1978 2057/951/1978 2071/832/1978 837/2406/1978
f 470/2405/1979 947/2404/1979 2077/952/1979 2057/951/1979
f 1898/2386/1980 2084/881/1980 2076/852/1980 923/2407/1980
f 460/2385/1981 823/2408/1981 2068/658/1981 2056/879/1981
f 2163/2409/1982 2200/855/1982 2072/858/1982 839/2402/1982
f 1855/2390/1983 923/2407/1983 2076/852/1983 2082/851/1983
f 1853/2388/1984 2083/833/1984 2075/814/1984 921/2410/1984
f 2161/2411/1985 837/2406/1985 2071/832/1985 2201/831/1985
f 454/2343/1986 2053/815/1986 2067/640/1986 821/2412/1986
f 1896/2344/1987 921/2410/1987 2075/814/1987 2085/813/1987
f 446/2413/1988 2052/739/1988 2070/676/1988 831/2414/1988
f 446/2413/1989 891/2415/1989 1948/740/1989 2052/739/1989
f 444/2416/1990 2051/727/1990 1893/728/1990 889/2417/1990
f 444/2416/1991 829/2418/1991 2069/625/1991 2051/727/1991
f 436/2419/1992 2050/675/1992 2074/654/1992 871/2420/1992
f 436/2419/1993 831/2414/1993 2070/676/1993 2050/675/1993
f 434/2421/1994 2049/653/1994 2068/658/1994 823/2408/1994
f 434/2421/1995 871/2420/1995 2074/654/1995 2049/653/1995
f 432/2422/1996 2026/639/1996 2073/624/1996 869/2423/1996
f 432/2422/1997 821/2412/1997 2067/640/1997 2026/639/1997
f 430/2424/1998 2025/623/1998 2069/625/1998 829/2418/1998
f 430/2424/1999 869/2423/1999 2073/624/1999 2025/623/1999
f 455/2341/2000 1897/2342/2000 2160/818/2000 2128/822/2000
f 460/2385/2001 1898/2386/2001 2122/875/2001 2093/877/2001
f 456/2387/2002 1853/2388/2002 2121/825/2002 2091/2336/2002
f 458/2389/2003 2092/2330/2003 2120/847/2003 1855/2390/2003
f 662/2391/2004 2100/1964/2004 2116/972/2004 949/2393/2004
f 662/2391/2005 1295/2392/2005 2118/1816/2005 2100/1964/2005
f 650/2394/2006 2099/1899/2006 2119/1902/2006 1299/2396/2006
f 650/2394/2007 817/2395/2007 2103/962/2007 2099/1899/2007
f 644/2397/2008 1299/2398/2008 2119/1861/2008 2098/1855/2008
f 644/2397/2009 2098/1855/2009 2117/1823/2009 1291/2399/2009
f 640/2400/2010 1291/2399/2010 2117/1823/2010 2097/1813/2010
f 640/2400/2011 2097/1813/2011 2118/1816/2011 1295/2392/2011
f 474/2401/2012 2096/971/2012 2109/844/2012 839/2402/2012
f 474/2401/2013 949/2393/2013 2116/972/2013 2096/971/2013
f 472/2403/2014 2095/959/2014 2103/962/2014 817/2395/2014
f 472/2403/2015 947/2404/2015 2115/950/2015 2095/959/2015
f 470/2405/2016 2094/947/2016 2115/950/2016 947/2404/2016
f 470/2405/2017 837/2406/2017 2108/830/2017 2094/947/2017
f 460/2385/2018 2093/877/2018 2105/648/2018 823/2408/2018
f 1898/2386/2019 923/2407/2019 2113/850/2019 2122/875/2019
f 1855/2390/2020 2120/847/2020 2113/850/2020 923/2407/2020
f 2163/2409/2021 839/2402/2021 2109/844/2021 2202/843/2021
f 2161/2411/2022 2203/827/2022 2108/830/2022 837/2406/2022
f 1853/2388/2023 921/2410/2023 2112/812/2023 2121/825/2023
f 1896/2344/2024 2123/809/2024 2112/812/2024 921/2410/2024
f 454/2343/2025 821/2412/2025 2104/638/2025 2090/807/2025
f 446/2413/2026 2089/735/2026 1987/738/2026 891/2415/2026
f 446/2413/2027 831/2414/2027 2107/674/2027 2089/735/2027
f 444/2416/2028 2088/723/2028 2106/618/2028 829/2418/2028
f 444/2416/2029 889/2417/2029 1954/724/2029 2088/723/2029
f 436/2419/2030 2087/671/2030 2107/674/2030 831/2414/2030
f 436/2419/2031 871/2420/2031 2111/652/2031 2087/671/2031
f 434/2421/2032 2086/647/2032 2111/652/2032 871/2420/2032
f 434/2421/2033 823/2408/2033 2105/648/2033 2086/647/2033
f 432/2422/2034 2065/635/2034 2104/638/2034 821/2412/2034
f 432/2422/2035 869/2423/2035 2110/622/2035 2065/635/2035
f 430/2424/2036 2064/617/2036 2110/622/2036 869/2423/2036
f 430/2424/2037 829/2418/2037 2106/618/2037 2064/617/2037
f 457/2347/2038 2162/2371/2038 2205/836/2038 2129/2333/2038
f 461/2345/2039 2131/885/2039 2159/887/2039 1899/2346/2039
f 457/2347/2040 2129/2333/2040 2158/840/2040 1854/2348/2040
f 459/2349/2041 1856/2350/2041 2157/863/2041 2130/2327/2041
f 663/2351/2042 950/2352/2042 2153/984/2042 2138/1966/2042
f 663/2351/2043 2138/1966/2043 2155/1832/2043 1296/2353/2043
f 651/2354/2044 2137/1907/2044 2141/968/2044 818/2355/2044
f 651/2354/2045 1300/2356/2045 2156/1908/2045 2137/1907/2045
f 645/2357/2046 2136/1867/2046 2156/1870/2046 1300/2359/2046
f 645/2357/2047 1292/2358/2047 2154/1836/2047 2136/1867/2047
f 641/2360/2048 2135/1831/2048 2154/1836/2048 1292/2358/2048
f 641/2360/2049 1296/2353/2049 2155/1832/2049 2135/1831/2049
f 475/2361/2050 2134/981/2050 2153/984/2050 950/2352/2050
f 475/2361/2051 840/2362/2051 2147/870/2051 2134/981/2051
f 473/2363/2052 2133/967/2052 2152/956/2052 948/2364/2052
f 473/2363/2053 818/2355/2053 2141/968/2053 2133/967/2053
f 471/2365/2054 2132/955/2054 2146/837/2054 838/2366/2054
f 471/2365/2055 948/2364/2055 2152/956/2055 2132/955/2055
f 1899/2346/2056 2159/887/2056 2151/864/2056 924/2367/2056
f 461/2345/2057 824/2368/2057 2143/668/2057 2131/885/2057
f 2164/2369/2058 2204/867/2058 2147/870/2058 840/2362/2058
f 1856/2350/2059 924/2367/2059 2151/864/2059 2157/863/2059
f 1854/2348/2060 2158/840/2060 2150/819/2060 922/2370/2060
f 2162/2371/2061 838/2366/2061 2146/837/2061 2205/836/2061
f 455/2341/2062 2128/822/2062 2142/644/2062 822/2372/2062
f 1897/2342/2063 922/2370/2063 2150/819/2063 2160/818/2063
f 447/2373/2064 2127/747/2064 2145/684/2064 832/2374/2064
f 447/2373/2065 892/2375/2065 1890/748/2065 2127/747/2065
f 445/2376/2066 2126/730/2066 2038/733/2066 890/2377/2066
f 445/2376/2067 830/2378/2067 2144/633/2067 2126/730/2067
f 437/2379/2068 2125/683/2068 2149/664/2068 872/2380/2068
f 437/2379/2069 832/2374/2069 2145/684/2069 2125/683/2069
f 435/2381/2070 2124/663/2070 2143/668/2070 824/2368/2070
f 435/2381/2071 872/2380/2071 2149/664/2071 2124/663/2071
f 433/2382/2072 2102/643/2072 2148/629/2072 870/2383/2072
f 433/2382/2073 822/2372/2073 2142/644/2073 2102/643/2073
f 431/2384/2074 2101/628/2074 2144/633/2074 830/2378/2074
f 431/2384/2075 870/2383/2075 2148/629/2075 2101/628/2075
f 459/2349/2076 2130/2327/2076 2204/867/2076 2164/2369/2076
f 456/2387/2077 2091/2336/2077 2203/827/2077 2161/2411/2077
f 458/2389/2078 2163/2409/2078 2202/843/2078 2092/2330/2078
f 456/2387/2079 2161/2411/2079 2201/831/2079 2054/2334/2079
f 458/2389/2080 2055/2329/2080 2200/855/2080 2163/2409/2080
f 457/2347/2081 2015/2331/2081 2199/834/2081 2162/2371/2081
f 459/2349/2082 2164/2369/2082 2198/871/2082 2016/2328/2082
f 453/2337/2083 2140/795/2083 2197/799/2083 1973/2338/2083
f 497/2311/2084 1980/2313/2084 2196/1120/2084 2170/1122/2084
f 452/2339/2085 1934/2340/2085 2195/785/2085 2139/789/2085
f 496/2315/2086 2169/1113/2086 2194/1115/2086 1941/2317/2086
f 673/2294/2087 2176/2002/2087 2193/1999/2087 1345/2296/2087
f 673/2294/2088 902/2295/2088 2181/839/2088 2176/2002/2088
f 672/2297/2089 1345/2296/2089 2193/1999/2089 2175/1994/2089
f 672/2297/2090 2175/1994/2090 2178/828/2090 901/2298/2090
f 519/2299/2091 2174/1236/2091 2192/1239/2091 1048/2300/2091
f 519/2299/2092 962/2301/2092 2188/1111/2092 2174/1236/2092
f 518/2302/2093 2173/1229/2093 2187/1096/2093 961/2304/2093
f 518/2302/2094 1047/2303/2094 2191/1230/2094 2173/1229/2094
f 517/2305/2095 2172/1225/2095 2180/796/2095 898/2306/2095
f 517/2305/2096 1048/2307/2096 2192/1226/2096 2172/1225/2096
f 516/2308/2097 2171/1217/2097 2191/1220/2097 1047/2310/2097
f 516/2308/2098 897/2309/2098 2179/792/2098 2171/1217/2098
f 497/2311/2099 2170/1122/2099 2190/1107/2099 1004/2312/2099
f 1980/2313/2100 906/2314/2100 2182/874/2100 2196/1120/2100
f 1941/2317/2101 2194/1115/2101 2177/856/2101 905/2318/2101
f 496/2315/2102 1003/2316/2102 2189/1100/2102 2169/1113/2102
f 495/2319/2103 2168/1106/2103 2188/1111/2103 962/2301/2103
f 495/2319/2104 1004/2312/2104 2190/1107/2104 2168/1106/2104
f 494/2320/2105 2167/1095/2105 2189/1100/2105 1003/2316/2105
f 494/2320/2106 961/2304/2106 2187/1096/2106 2167/1095/2106
f 463/2321/2107 2166/903/2107 2186/868/2107 918/2323/2107
f 463/2321/2108 910/2322/2108 2114/904/2108 2166/903/2108
f 462/2324/2109 917/2325/2109 2185/846/2109 2165/891/2109
f 462/2324/2110 2165/891/2110 2039/894/2110 909/2326/2110
f 2016/2328/2111 2198/871/2111 2182/874/2111 906/2314/2111
f 2130/2327/2112 918/2323/2112 2186/868/2112 2204/867/2112
f 2055/2329/2113 905/2318/2113 2177/856/2113 2200/855/2113
f 2092/2330/2114 2202/843/2114 2185/846/2114 917/2325/2114
f 2129/2333/2115 2205/836/2115 2181/839/2115 902/2295/2115
f 2015/2331/2116 914/2332/2116 2184/802/2116 2199/834/2116
f 2054/2334/2117 2201/831/2117 2183/786/2117 913/2335/2117
f 2091/2336/2118 901/2298/2118 2178/828/2118 2203/827/2118
f 1973/2338/2119 2197/799/2119 2184/802/2119 914/2332/2119
f 453/2337/2120 898/2306/2120 2180/796/2120 2140/795/2120
f 452/2339/2121 2139/789/2121 2179/792/2121 897/2309/2121
f 1934/2340/2122 913/2335/2122 2183/786/2122 2195/785/2122
