# Blender 5.0.1
# www.blender.org
mtllib hair.mtl
o short1
v 0.785040 16.445101 0.896262
v 0.711360 16.902102 1.120680
v 0.858960 16.512600 0.738062
v 0.789360 17.004900 0.783375
v 0.868200 16.535601 0.551499
v 0.780600 17.043100 0.510028
v 0.877320 16.528999 0.336008
v 0.809160 17.023001 0.276344
v 0.870840 16.487200 0.096109
v 0.850560 16.967901 0.008986
v 0.841920 16.469900 -0.129778
v 0.786840 16.885302 -0.195996
v 0.692040 16.425301 -0.323121
v 0.685320 16.755701 -0.397927
v -0.800280 16.460300 0.850384
v -0.716160 16.904001 1.096272
v -0.866520 16.503401 0.704162
v -0.806160 17.004200 0.783262
v -0.896160 16.524401 0.531498
v -0.784440 17.039900 0.509463
v -0.906600 16.530399 0.305498
v -0.808080 17.023001 0.271259
v -0.891120 16.502399 0.074187
v -0.797160 16.934801 0.018139
v -0.856320 16.464500 -0.108308
v -0.774120 16.842600 -0.171023
v -0.691320 16.424500 -0.307414
v -0.665880 16.648399 -0.358377
v -0.158880 17.013802 -0.582682
v -0.101640 16.887901 -0.637261
v -0.271320 16.980900 -0.597485
v -0.183840 16.897100 -0.625848
v -0.254880 16.620001 -0.646640
v -0.170640 16.672300 -0.675568
v -0.129120 16.595100 -0.673647
v -0.091080 16.683901 -0.673986
v -0.263640 17.217300 -0.447308
v -0.420480 17.109501 -0.422335
v -0.329040 17.355200 -0.281989
v -0.534480 17.298201 -0.241648
v -0.315720 17.353701 -0.143451
v -0.524880 17.340000 -0.093279
v -0.288480 17.385302 0.004240
v -0.516720 17.365400 0.038253
v -0.294360 17.393200 0.130009
v -0.521400 17.370901 0.154756
v -0.263640 17.427101 0.285384
v -0.492360 17.361801 0.330810
v -0.286920 17.453600 0.511497
v -0.534720 17.376001 0.525283
v -0.245400 17.399200 0.676703
v -0.511560 17.332602 0.688229
v -0.260160 17.383902 0.862588
v -0.509400 17.311901 0.819987
v -0.287760 17.322300 0.968469
v -0.512520 17.274601 0.966209
v -0.274800 17.272100 1.096159
v -0.484560 17.205502 1.082260
v -0.257520 17.263802 1.170965
v -0.490200 17.203001 1.154241
v -0.261000 17.258001 1.300915
v -0.481560 17.179800 1.241477
v -0.216960 17.181000 1.377755
v -0.494160 17.085501 1.344646
v -0.186480 16.959702 1.362387
v -0.429600 16.898201 1.310972
v -0.402720 16.507101 -0.539968
v -0.192240 16.462101 -0.631611
v -0.558840 16.363600 -0.446404
v -0.273120 16.278400 -0.574320
v -0.611520 16.205700 -0.345608
v -0.322920 16.130501 -0.485276
v -0.640560 16.062601 -0.222325
v -0.345720 15.961699 -0.363236
v -0.639600 15.934299 -0.115879
v -0.351360 15.824100 -0.252383
v -0.595680 15.699599 0.146620
v -0.335280 15.594800 -0.134072
v -0.343200 16.911901 -0.596807
v -0.196320 16.855101 -0.640425
v -0.087720 16.822802 -0.634549
v -0.572400 17.008501 -0.492621
v -0.698280 17.154800 -0.241422
v -0.658560 17.205301 -0.066272
v -0.678240 17.220201 0.076108
v -0.705240 17.224100 0.210126
v -0.688200 17.202101 0.359173
v -0.634560 17.184500 0.519633
v -0.760920 17.153301 0.692636
v -0.750240 17.124802 0.777612
v -0.718560 17.060801 0.911291
v -0.728880 17.027500 0.985532
v -0.199560 16.738701 -0.655341
v -0.079920 16.742500 -0.655115
v -0.540000 16.697500 -0.490474
v -0.363720 16.739300 -0.633419
v -0.687000 16.659401 -0.321200
v -0.831600 16.607700 -0.155429
v -0.886920 16.577200 0.048536
v -0.892080 16.558300 0.229788
v -0.846720 16.412901 0.680884
v -0.701040 16.926300 -0.266395
v -0.787920 16.951200 -0.061300
v -0.798840 16.960501 0.088086
v -0.822720 16.954901 0.231822
v -0.205560 16.809101 -0.646979
v -0.085080 16.785200 -0.643589
v -0.585480 16.869501 -0.511492
v -0.368520 16.842600 -0.612288
v -0.777960 16.873901 0.925981
v -0.809040 16.868401 0.831965
v -0.833880 16.932600 0.774561
v -0.837720 16.969501 0.656250
v -0.811200 16.984001 0.509689
v -0.837600 17.005800 0.350133
v -0.186720 16.701601 -0.664833
v -0.080040 16.716200 -0.662799
v -0.495840 16.618401 -0.525391
v -0.331440 16.680601 -0.648109
v -0.647160 16.516001 -0.364705
v -0.772680 16.442900 -0.196222
v -0.870600 16.337999 -0.024688
v -0.860400 16.242401 0.231709
v -0.724920 17.005701 1.035817
v -0.702840 16.986500 1.082147
v -0.689040 16.912901 1.152207
v -0.630240 16.786100 1.147122
v -0.771000 16.816900 1.019658
v -0.756480 16.752600 1.034687
v -0.686160 16.672201 1.080000
v -0.788280 16.285500 0.857277
v -0.780720 16.257601 0.932648
v -0.775320 16.823000 0.950050
v -0.813120 16.334801 0.754673
v -0.834840 16.172400 0.600993
v -0.790440 16.065401 0.752074
v -0.787200 16.086500 0.869368
v -0.815640 16.085001 0.654329
v -0.839160 16.610901 0.765973
v -0.710280 16.783201 -0.262892
v -0.828720 16.739500 -0.089211
v -0.863760 16.708000 0.086278
v -0.870600 16.707001 0.226850
v -0.206160 16.774200 -0.651047
v -0.081480 16.762600 -0.650256
v -0.573840 16.801500 -0.506633
v -0.372840 16.797201 -0.628447
v -0.729960 16.500101 1.003386
v -0.780360 16.532000 0.945756
v -0.803400 16.567801 0.869368
v -0.685800 15.759900 0.392621
v -0.637920 15.833400 0.019608
v -0.350160 15.714600 -0.215545
v -0.791160 16.016300 0.277135
v 0.157920 17.033501 -0.629577
v 0.083880 16.883902 -0.665963
v 0.279720 16.987900 -0.621667
v 0.191760 16.892000 -0.653194
v 0.281040 16.614700 -0.676020
v 0.171120 16.672100 -0.682122
v 0.145560 16.593000 -0.680653
v 0.091080 16.685801 -0.683930
v 0.229920 17.194700 -0.442675
v 0.423000 17.117201 -0.443805
v 0.295080 17.343300 -0.277130
v 0.506520 17.279701 -0.232382
v 0.300360 17.343801 -0.141982
v 0.538560 17.339001 -0.098816
v 0.288720 17.359901 0.003675
v 0.508320 17.370401 0.040061
v 0.308640 17.390902 0.129444
v 0.495000 17.365101 0.156790
v 0.277920 17.405701 0.286062
v 0.460800 17.399900 0.324143
v 0.304680 17.400301 0.501666
v 0.485400 17.359501 0.519294
v 0.276240 17.395401 0.658962
v 0.465120 17.370001 0.713428
v 0.267480 17.333401 0.857051
v 0.474240 17.317701 0.814450
v 0.292440 17.290001 0.965757
v 0.477240 17.262901 0.952988
v 0.279120 17.276100 1.115482
v 0.485400 17.191900 1.085424
v 0.256560 17.237001 1.206899
v 0.509760 17.205301 1.145540
v 0.237840 17.210100 1.320351
v 0.504360 17.142401 1.254020
v 0.215040 17.174601 1.380241
v 0.489000 17.081001 1.329843
v 0.191640 16.994801 1.345550
v 0.441000 16.921600 1.289050
v 0.429120 16.491899 -0.583473
v 0.196560 16.461800 -0.645849
v 0.584400 16.352501 -0.451263
v 0.279720 16.271500 -0.587541
v 0.640560 16.214600 -0.340071
v 0.329640 16.113501 -0.504825
v 0.645360 16.069000 -0.220856
v 0.345120 15.961900 -0.362445
v 0.652200 15.938100 -0.122659
v 0.353040 15.823600 -0.255208
v 0.606600 15.691999 0.123455
v 0.334560 15.594299 -0.141191
v 0.343920 16.926201 -0.631272
v 0.197280 16.858200 -0.644719
v 0.086760 16.828201 -0.662799
v 0.518160 17.029501 -0.503921
v 0.716400 17.137600 -0.252044
v 0.704760 17.219801 -0.079945
v 0.659640 17.221500 0.064582
v 0.660840 17.202900 0.214759
v 0.654960 17.177301 0.368552
v 0.660840 17.183401 0.519181
v 0.693120 17.156900 0.697382
v 0.712320 17.161901 0.799534
v 0.736440 17.073900 0.928693
v 0.736800 17.036201 0.991973
v 0.002400 17.042601 -0.561777
v 0.002400 16.901201 -0.640990
v 0.000240 16.596701 -0.683478
v 0.000600 16.673100 -0.685851
v 0.002040 16.828701 -0.648561
v -0.000960 17.217100 -0.421657
v -0.009600 17.398300 -0.295888
v -0.003000 17.430500 -0.158706
v 0.023760 17.472801 -0.029773
v 0.013200 17.522600 0.116223
v 0.002160 17.501400 0.261541
v 0.000960 17.497301 0.488332
v 0.000240 17.474100 0.657832
v 0.004800 17.424400 0.847107
v 0.000000 17.379400 0.989035
v 0.000000 17.327200 1.101357
v 0.005640 17.298801 1.188593
v -0.002160 17.248600 1.313458
v -0.000120 17.185801 1.375156
v 0.000000 17.004801 1.360918
v 0.004200 16.739601 -0.670031
v 0.199200 16.740101 -0.664155
v 0.081480 16.747801 -0.676359
v 0.612960 16.682899 -0.520306
v 0.351240 16.730400 -0.625622
v 0.678240 16.661699 -0.327189
v 0.808080 16.607100 -0.143564
v 0.856800 16.559500 0.049214
v 0.845040 16.521801 0.230240
v 0.835440 16.398100 0.671844
v 0.726000 16.948601 -0.293967
v 0.823920 16.968201 -0.070001
v 0.838920 16.973200 0.074526
v 0.827520 16.953901 0.225607
v 0.005400 16.791801 -0.654663
v 0.205320 16.809801 -0.645171
v 0.081960 16.790001 -0.670370
v 0.588720 16.901501 -0.510136
v 0.368880 16.850601 -0.636922
v 0.778680 16.880800 0.921461
v 0.804960 16.876101 0.825976
v 0.808560 16.932301 0.774109
v 0.803520 16.958000 0.658284
v 0.804120 16.982300 0.503700
v 0.818040 16.997101 0.350246
v 0.179880 16.704800 -0.678958
v 0.085920 16.720501 -0.680201
v 0.562200 16.595200 -0.556014
v 0.325320 16.675800 -0.641668
v 0.001200 16.712200 -0.688789
v 0.663960 16.512701 -0.380977
v 0.767040 16.434500 -0.199047
v 0.839400 16.330900 -0.006608
v 0.865080 16.237600 0.232952
v 0.728520 17.008001 1.036495
v 0.709200 16.987701 1.085876
v 0.694440 16.913301 1.161812
v 0.619920 16.768600 1.167914
v 0.761400 16.816502 1.015477
v 0.759720 16.746901 1.035930
v 0.685680 16.656900 1.098984
v 0.796800 16.281601 0.847220
v 0.783360 16.231400 0.932196
v 0.778560 16.822001 0.949033
v 0.814320 16.336201 0.740322
v 0.839160 16.134600 0.613649
v 0.801360 16.060600 0.776482
v 0.791520 16.080900 0.882250
v 0.810480 16.076500 0.659866
v 0.004920 16.768000 -0.664381
v 0.814680 16.621201 0.748458
v 0.728160 16.777100 -0.275548
v 0.837000 16.747801 -0.088081
v 0.861720 16.715099 0.076560
v 0.845880 16.696400 0.224251
v 0.204240 16.772900 -0.651273
v 0.081360 16.767601 -0.673647
v 0.620160 16.794901 -0.521775
v 0.369960 16.794001 -0.634097
v 0.748560 16.450300 0.998866
v 0.775200 16.523100 0.928693
v 0.791400 16.576099 0.840666
v 0.715440 15.780399 0.373637
v 0.640080 15.829599 0.007517
v 0.344400 15.718500 -0.199160
v 0.806040 16.011900 0.287531
v 0.000240 16.447701 -0.664494
v 0.000000 16.292801 -0.611949
v 0.000000 16.118401 -0.532623
v 0.000000 15.952100 -0.414538
v 0.000000 15.762000 -0.324025
v 0.006360 15.476700 -0.240292
v 0.001080 15.616500 -0.280068
v -0.349560 15.661300 -0.189442
v -0.756000 15.899400 0.333635
v -0.628200 15.769400 0.076221
v 0.000840 15.542200 -0.278599
v 0.346680 15.669800 -0.180741
v 0.737880 15.881800 0.347308
v 0.632640 15.773000 0.062661
v -0.270120 17.407001 0.573195
v -0.513480 17.338100 0.597716
v -0.700680 17.164600 0.614666
v 0.000600 17.493301 0.571500
v -0.873000 16.516500 0.509802
v -0.823440 16.936701 0.562008
v -0.875760 16.315599 0.502796
v -0.864120 16.675701 0.534436
v 0.291000 17.417400 0.566528
v 0.476160 17.373400 0.621672
v 0.676200 17.169800 0.610485
v 0.860760 16.489100 0.536018
v 0.819360 16.933401 0.565059
v 0.858840 16.282600 0.563929
v 0.853080 16.672501 0.538278
v -0.258720 17.404501 0.772414
v -0.515760 17.329500 0.757385
v -0.771720 17.147400 0.735689
v 0.003960 17.479200 0.753769
v -0.866040 16.479799 0.604157
v -0.840240 16.916000 0.690715
v -0.849840 16.261000 0.575003
v -0.856200 16.654301 0.643594
v 0.276360 17.377602 0.765747
v 0.474840 17.358200 0.766764
v 0.710880 17.160801 0.747328
v 0.849120 16.448999 0.609242
v 0.816480 16.908800 0.695461
v 0.838920 16.225599 0.600541
v 0.841800 16.657900 0.642012
v -0.271680 17.426901 0.400418
v -0.514320 17.372400 0.431832
v -0.673560 17.197701 0.437708
v 0.005640 17.503000 0.373298
v -0.878520 16.543600 0.390700
v -0.832920 16.951500 0.409910
v -0.858840 16.334301 0.389796
v -0.872640 16.689100 0.402339
v 0.310800 17.437302 0.378270
v 0.456960 17.366301 0.414995
v 0.655920 17.181501 0.444827
v 0.862560 16.523600 0.418950
v 0.817680 16.942801 0.416916
v 0.857400 16.334301 0.462003
v 0.839640 16.682400 0.409571
v -0.130560 16.949202 -0.615000
v -0.049200 16.892000 -0.635679
v -0.217560 16.996601 -0.592965
v -0.142440 16.890501 -0.631950
v -0.227760 16.941000 -0.617599
v -0.213600 16.646801 -0.666189
v -0.306240 16.947802 -0.600423
v -0.177840 16.685801 -0.670935
v -0.111360 16.639500 -0.677263
v -0.192840 16.605801 -0.664042
v -0.132000 16.677000 -0.674325
v -0.064320 16.596100 -0.681557
v -0.085560 16.701099 -0.668562
v -0.338520 17.161001 -0.427985
v -0.211680 17.125801 -0.519628
v -0.348120 17.046501 -0.509232
v -0.433080 17.328001 -0.269107
v -0.292920 17.280300 -0.354083
v -0.484440 17.217100 -0.326059
v -0.426000 17.353500 -0.119495
v -0.323760 17.356701 -0.221308
v -0.533520 17.324202 -0.172153
v -0.409560 17.377201 0.020399
v -0.302640 17.375900 -0.068645
v -0.522120 17.355200 -0.027174
v -0.417720 17.388000 0.141648
v -0.290280 17.388401 0.066503
v -0.518400 17.367001 0.099838
v -0.384720 17.399500 0.308888
v -0.277440 17.408100 0.206736
v -0.505800 17.364300 0.240184
v -0.423000 17.434000 0.522119
v -0.272040 17.435701 0.340302
v -0.523800 17.374102 0.481778
v -0.385080 17.378500 0.682014
v -0.281040 17.436001 0.529464
v -0.508680 17.327702 0.641334
v -0.387600 17.354301 0.844960
v -0.255480 17.409000 0.722807
v -0.512040 17.320101 0.787217
v -0.407520 17.304300 0.974684
v -0.263400 17.346601 0.918749
v -0.509640 17.291401 0.893098
v -0.371400 17.225201 1.097289
v -0.281400 17.299200 1.028133
v -0.497280 17.241400 1.020336
v -0.375000 17.236401 1.175485
v -0.264960 17.265800 1.139890
v -0.475440 17.185900 1.127234
v -0.377400 17.229301 1.281705
v -0.258600 17.265600 1.235036
v -0.489360 17.194901 1.196842
v -0.366000 17.136002 1.375608
v -0.240120 17.222601 1.336284
v -0.488280 17.136600 1.289163
v -0.325320 16.942902 1.335719
v -0.307200 16.481501 -0.600988
v -0.336240 16.561399 -0.610706
v -0.158520 16.528999 -0.654776
v -0.415800 16.322100 -0.495559
v -0.482880 16.434601 -0.487875
v -0.236280 16.364401 -0.608785
v -0.482520 16.163300 -0.420640
v -0.602280 16.281000 -0.405611
v -0.300000 16.202499 -0.539742
v -0.511560 16.004601 -0.301312
v -0.630240 16.126801 -0.286170
v -0.335400 16.040501 -0.420866
v -0.518880 15.880700 -0.192493
v -0.639840 15.995800 -0.169667
v -0.347880 15.895000 -0.307414
v -0.489960 15.653100 -0.002540
v -0.648000 15.886700 -0.052034
v -0.349200 15.625500 -0.162096
v -0.450600 16.563700 -0.535335
v -0.293760 16.651300 -0.649239
v -0.191520 16.876701 -0.633193
v -0.094560 16.857401 -0.636470
v -0.503280 17.053301 -0.456235
v -0.269400 16.881802 -0.620876
v -0.040800 16.825500 -0.638391
v -0.145200 16.839602 -0.636922
v -0.456960 16.956400 -0.532284
v -0.635760 17.072300 -0.365722
v -0.685560 17.179701 -0.164469
v -0.668160 17.212900 0.005370
v -0.689880 17.222000 0.143682
v -0.695880 17.212502 0.283802
v -0.642360 17.185600 0.471382
v -0.726480 17.156200 0.656476
v -0.771480 17.141300 0.759419
v -0.736680 17.094801 0.842700
v -0.730560 17.046600 0.950954
v -0.633600 17.246101 -0.246281
v -0.600840 17.287300 -0.084465
v -0.603600 17.308701 0.053847
v -0.615720 17.308201 0.181763
v -0.598320 17.289101 0.344031
v -0.579120 17.285000 0.523023
v -0.654360 17.258801 0.691054
v -0.643920 17.216702 0.799082
v -0.636000 17.179600 0.944174
v -0.624240 17.125601 1.031297
v -0.697800 17.049200 -0.259841
v -0.729840 17.079201 -0.066498
v -0.755400 17.092300 0.081193
v -0.776640 17.096100 0.220522
v -0.135240 17.225201 -0.448551
v -0.166200 17.388802 -0.295888
v -0.158880 17.410601 -0.152604
v -0.126120 17.447001 -0.015535
v -0.124560 17.466801 0.122438
v -0.125760 17.473900 0.274762
v -0.148080 17.476400 0.501779
v -0.126360 17.451601 0.669358
v -0.126240 17.419201 0.858520
v -0.143880 17.363001 0.984854
v -0.139320 17.311300 1.101696
v -0.137520 17.300301 1.180344
v -0.133440 17.259901 1.312667
v -0.109560 17.183800 1.379789
v -0.095040 16.991800 1.353121
v -0.077640 17.028700 -0.570591
v -0.042840 16.680901 -0.680766
v 0.000360 16.637199 -0.686529
v 0.001920 16.868801 -0.645510
v 0.002160 16.971701 -0.605282
v 0.018480 17.498600 0.045259
v 0.005520 17.510302 0.182667
v 0.001200 17.501101 0.429685
v 0.000120 17.457901 0.605626
v -0.000600 17.425701 0.799986
v -0.030480 16.739601 -0.656471
v -0.000240 17.136501 -0.509910
v -0.005880 17.324202 -0.358038
v -0.006000 17.427200 -0.243343
v 0.008160 17.450701 -0.093505
v 0.001920 17.408401 0.917506
v 0.000120 17.352400 1.043275
v 0.002760 17.309801 1.147687
v 0.001800 17.276600 1.255376
v -0.000360 17.218700 1.348601
v -0.199920 16.832500 -0.643589
v -0.086520 16.802900 -0.638730
v -0.581040 16.940601 -0.503921
v -0.357840 16.877501 -0.604491
v -0.605280 16.441200 -0.400978
v -0.722880 16.323900 -0.291142
v -0.779280 16.192801 -0.140061
v -0.765000 16.072401 0.020060
v -0.284760 16.739601 -0.645849
v -0.140880 16.741001 -0.652064
v -0.464760 16.720600 -0.574659
v -0.630480 16.678400 -0.417137
v -0.754320 16.632101 -0.236337
v -0.855480 16.592899 -0.052486
v -0.891360 16.565701 0.139049
v -0.874680 16.535500 0.445957
v -0.870840 16.503401 0.554098
v -0.859680 16.457800 0.641560
v -0.832560 16.374100 0.710151
v -0.758760 16.931601 0.946434
v -0.881520 16.542601 0.300187
v 0.001800 16.809101 -0.656923
v -0.773280 16.958700 0.884171
v -0.820080 17.016701 0.775691
v -0.831960 17.049200 0.667776
v -0.751200 17.054501 0.512288
v -0.791880 17.078402 0.357930
v -0.034920 16.788200 -0.639860
v -0.490320 16.855900 -0.565054
v -0.677280 16.908501 -0.409679
v -0.759960 16.936201 -0.164017
v -0.790440 16.950201 0.012489
v -0.814080 16.954802 0.159728
v -0.288960 16.828800 -0.631498
v -0.149160 16.796301 -0.644267
v -0.785760 16.847401 0.892420
v -0.819840 16.916901 0.811964
v -0.835200 16.897800 0.746876
v -0.828720 16.929001 0.626079
v -0.821160 16.943901 0.480422
v -0.836400 16.959501 0.312730
v 0.000840 16.693399 -0.687659
v -0.261000 16.692101 -0.658392
v -0.134400 16.708799 -0.661895
v -0.422280 16.650400 -0.599632
v -0.590640 16.568201 -0.460642
v -0.716520 16.478800 -0.285266
v -0.845880 16.384901 -0.123111
v -0.869160 16.293400 0.093284
v -0.035760 16.715799 -0.677602
v -0.717480 16.997000 1.059321
v -0.696240 16.949800 1.118307
v -0.539880 16.851700 1.231420
v -0.601320 17.002100 1.258992
v -0.591120 17.066700 1.167236
v -0.607200 17.085701 1.089831
v -0.726480 17.015902 1.012200
v -0.763320 16.798300 1.038303
v -0.658080 16.727200 1.113561
v -0.732960 16.821800 1.097515
v -0.753840 16.885101 1.041354
v -0.704400 16.615101 1.042597
v -0.768000 16.796501 0.989826
v -0.800520 16.315001 0.791850
v -0.779400 16.864300 0.950954
v -0.777120 16.718201 0.917054
v -0.777360 16.910200 1.001578
v -0.866760 16.331800 0.457257
v -0.867840 16.295700 0.539973
v -0.831480 16.228300 0.590032
v -0.833760 16.122900 0.622802
v -0.801240 16.073000 0.692297
v 0.005040 16.780901 -0.659635
v -0.822120 16.755301 0.806540
v -0.709200 16.858601 -0.265491
v -0.808920 16.843300 -0.074182
v -0.849240 16.842201 0.087973
v -0.860760 16.833101 0.225720
v -0.206040 16.791601 -0.649352
v -0.082080 16.773500 -0.647657
v -0.580440 16.836000 -0.510136
v -0.371760 16.822300 -0.621215
v -0.764400 16.664200 0.993442
v -0.032760 16.764601 -0.648787
v -0.293640 16.784401 -0.643363
v -0.145080 16.769600 -0.647431
v -0.820920 16.592701 0.814789
v -0.853920 16.638700 0.692636
v -0.860520 16.667101 0.585399
v -0.868320 16.685101 0.464489
v -0.871800 16.695400 0.305385
v -0.483840 16.804800 -0.571834
v -0.665520 16.793201 -0.402560
v -0.785040 16.760099 -0.182662
v -0.849000 16.724199 -0.002314
v -0.865080 16.708900 0.155660
v -0.792720 16.551800 0.904172
v -0.875280 16.342600 0.329115
v -0.719520 15.846000 0.359060
v -0.650280 15.733300 0.257812
v -0.612120 15.738700 0.109782
v -0.350520 15.769800 -0.229783
v -0.849000 16.141901 0.252049
v -0.518760 15.776400 -0.112376
v -0.718440 15.918400 0.136111
v 0.000000 16.368299 -0.642346
v 0.000000 16.199400 -0.580422
v 0.000000 16.031401 -0.474428
v 0.000000 15.863900 -0.364140
v 0.002400 15.506300 -0.265717
v 0.000480 15.685900 -0.292950
v -0.170040 15.660299 -0.259163
v -0.177000 15.781400 -0.301312
v -0.172320 15.512600 -0.221647
v -0.171360 15.949400 -0.403012
v -0.159480 16.118801 -0.531041
v -0.139560 16.280399 -0.603926
v -0.095640 16.454401 -0.649804
v 0.000240 16.522400 -0.677263
v 0.122040 16.958302 -0.656245
v 0.042840 16.894901 -0.657036
v 0.219240 17.011801 -0.631950
v 0.137160 16.891100 -0.661556
v 0.235560 16.941000 -0.643589
v 0.226440 16.642401 -0.678280
v 0.313200 16.956301 -0.628108
v 0.175560 16.689199 -0.680879
v 0.119040 16.639000 -0.683704
v 0.212520 16.604000 -0.678393
v 0.131280 16.679399 -0.684721
v 0.072240 16.595200 -0.681896
v 0.088320 16.705400 -0.682122
v 0.326760 17.159401 -0.447647
v 0.194280 17.114401 -0.534770
v 0.354960 17.056700 -0.531267
v 0.397920 17.306501 -0.256677
v 0.265320 17.281500 -0.361202
v 0.478440 17.222401 -0.354422
v 0.423480 17.335600 -0.119495
v 0.299280 17.342701 -0.222551
v 0.528600 17.318701 -0.168876
v 0.407040 17.356501 0.021981
v 0.294600 17.352100 -0.068419
v 0.522360 17.351400 -0.029547
v 0.410520 17.362501 0.143569
v 0.301920 17.388700 0.066277
v 0.505080 17.374201 0.100742
v 0.378240 17.407701 0.305611
v 0.292560 17.396101 0.204815
v 0.478560 17.384401 0.241201
v 0.396240 17.375000 0.510028
v 0.296040 17.422600 0.334991
v 0.479280 17.371700 0.470252
v 0.383880 17.388700 0.687664
v 0.297120 17.409500 0.542685
v 0.463560 17.365801 0.674895
v 0.379320 17.324301 0.835468
v 0.279360 17.397800 0.717609
v 0.468840 17.326801 0.784279
v 0.386160 17.271502 0.959203
v 0.279960 17.312601 0.909596
v 0.476520 17.292200 0.883945
v 0.380040 17.226501 1.102600
v 0.287040 17.288301 1.042710
v 0.469800 17.214701 1.010957
v 0.396600 17.235701 1.179101
v 0.268080 17.255301 1.160908
v 0.501480 17.202002 1.117968
v 0.375240 17.205301 1.293005
v 0.250800 17.230801 1.270744
v 0.508200 17.197300 1.190401
v 0.359880 17.131401 1.369506
v 0.226800 17.193800 1.344985
v 0.495240 17.135500 1.286903
v 0.321840 16.961000 1.319447
v 0.315000 16.477600 -0.623814
v 0.352680 16.554300 -0.632628
v 0.170280 16.526800 -0.665963
v 0.433080 16.311701 -0.511379
v 0.506280 16.425100 -0.515899
v 0.239280 16.364700 -0.618277
v 0.509160 16.152901 -0.437138
v 0.622680 16.282000 -0.399848
v 0.306480 16.185801 -0.555223
v 0.515280 16.007200 -0.303911
v 0.646440 16.135201 -0.281763
v 0.339000 16.031200 -0.431036
v 0.527400 15.882400 -0.197917
v 0.648360 16.000500 -0.171362
v 0.348600 15.895000 -0.308544
v 0.489240 15.651199 -0.019264
v 0.655680 15.885699 -0.064351
v 0.348840 15.639900 -0.169102
v 0.495240 16.544901 -0.569122
v 0.303120 16.643700 -0.662686
v 0.194520 16.877701 -0.648335
v 0.084960 16.856901 -0.664494
v 0.475920 17.078800 -0.486180
v 0.273600 16.892500 -0.643137
v 0.043920 16.828800 -0.659183
v 0.140520 16.844301 -0.654550
v 0.435120 16.981300 -0.578049
v 0.635640 17.092901 -0.396345
v 0.717360 17.177900 -0.172944
v 0.686640 17.222801 -0.010563
v 0.669840 17.219200 0.142439
v 0.655920 17.191700 0.291486
v 0.658560 17.181501 0.481778
v 0.668880 17.157200 0.655572
v 0.711360 17.161400 0.774222
v 0.731640 17.119400 0.864848
v 0.733680 17.055700 0.959655
v 0.621120 17.223200 -0.248654
v 0.625680 17.287901 -0.092601
v 0.584760 17.309900 0.051813
v 0.590640 17.305101 0.187526
v 0.567240 17.312201 0.343805
v 0.588360 17.280901 0.518164
v 0.598800 17.295200 0.713202
v 0.610200 17.261900 0.814450
v 0.632040 17.182400 0.943270
v 0.637800 17.129400 1.036608
v 0.727800 17.050301 -0.280068
v 0.783000 17.099201 -0.079945
v 0.772080 17.106501 0.072492
v 0.769800 17.085300 0.223234
v 0.118200 17.208401 -0.436234
v 0.139320 17.380501 -0.291933
v 0.138600 17.389700 -0.151248
v 0.154440 17.433901 -0.014631
v 0.154440 17.469801 0.121082
v 0.131400 17.465000 0.275101
v 0.151320 17.450401 0.497824
v 0.137520 17.442301 0.661222
v 0.129000 17.384800 0.853661
v 0.148080 17.350901 0.984402
v 0.138720 17.306400 1.110058
v 0.131520 17.273100 1.198085
v 0.118440 17.227800 1.316735
v 0.108720 17.180700 1.380919
v 0.096120 16.999601 1.353347
v 0.081480 17.039501 -0.598841
v 0.044160 16.681700 -0.685738
v 0.041280 16.746700 -0.681896
v 0.198960 16.834501 -0.644832
v 0.085920 16.809101 -0.665624
v 0.562920 16.968901 -0.513187
v 0.358680 16.885000 -0.634210
v 0.632160 16.431700 -0.420979
v 0.724920 16.325001 -0.282441
v 0.769680 16.192600 -0.132490
v 0.774840 16.063801 0.023789
v 0.276120 16.737301 -0.646866
v 0.139920 16.745501 -0.671048
v 0.499800 16.706200 -0.584942
v 0.665280 16.669500 -0.438381
v 0.753480 16.633301 -0.238936
v 0.835920 16.591000 -0.041864
v 0.845640 16.537399 0.135433
v 0.863400 16.509600 0.469235
v 0.856920 16.474701 0.568562
v 0.844080 16.431301 0.634441
v 0.828120 16.374701 0.701224
v 0.767400 16.942501 0.951180
v 0.855480 16.528601 0.309114
v 0.783240 16.971701 0.892985
v 0.786960 17.031500 0.778855
v 0.751560 17.034000 0.675121
v 0.756960 17.062201 0.510480
v 0.773760 17.063101 0.369456
v 0.042480 16.791700 -0.670257
v 0.496200 16.870800 -0.585055
v 0.676800 16.930300 -0.420753
v 0.788520 16.959301 -0.177464
v 0.837720 16.967501 -0.000167
v 0.827280 16.965200 0.148880
v 0.293160 16.831001 -0.646301
v 0.144960 16.799601 -0.657149
v 0.793440 16.855900 0.882024
v 0.804120 16.920000 0.813659
v 0.816600 16.896502 0.742695
v 0.820680 16.923700 0.623819
v 0.816960 16.941101 0.477371
v 0.828480 16.947701 0.309227
v 0.252960 16.691500 -0.664268
v 0.133680 16.714800 -0.680766
v 0.452640 16.631800 -0.607316
v 0.617520 16.556101 -0.479174
v 0.712320 16.472000 -0.289334
v 0.813120 16.378201 -0.108760
v 0.857880 16.281401 0.110347
v 0.040560 16.717899 -0.686077
v 0.720720 16.997700 1.062259
v 0.700680 16.949902 1.124409
v 0.541200 16.855400 1.230290
v 0.602160 17.000000 1.257184
v 0.609480 17.092100 1.160117
v 0.639120 17.121801 1.085763
v 0.734160 17.023001 1.014121
v 0.754200 16.793400 1.038077
v 0.651240 16.713800 1.132206
v 0.738240 16.821402 1.103391
v 0.751320 16.886702 1.042936
v 0.715320 16.599300 1.057852
v 0.771240 16.796701 0.986097
v 0.803880 16.313200 0.775578
v 0.770760 16.865101 0.948920
v 0.786480 16.723101 0.906997
v 0.760320 16.909601 1.001465
v 0.876960 16.317801 0.488445
v 0.847200 16.268801 0.579410
v 0.831720 16.210899 0.604044
v 0.830160 16.103701 0.623480
v 0.798960 16.068800 0.695574
v 0.808320 16.763300 0.790042
v 0.731280 16.866600 -0.286283
v 0.834000 16.864901 -0.081979
v 0.856440 16.851801 0.079837
v 0.847560 16.831100 0.226172
v 0.205080 16.791101 -0.647657
v 0.081600 16.778999 -0.672065
v 0.605880 16.845701 -0.517707
v 0.369960 16.822201 -0.636583
v 0.769560 16.666700 0.988696
v 0.041760 16.769400 -0.676359
v 0.291720 16.783001 -0.650143
v 0.145080 16.769501 -0.664155
v 0.803400 16.602501 0.790833
v 0.832560 16.645500 0.685517
v 0.849120 16.666401 0.581557
v 0.846600 16.681000 0.461212
v 0.829200 16.691500 0.299622
v 0.510120 16.801500 -0.590027
v 0.687720 16.784601 -0.417476
v 0.793560 16.762800 -0.185939
v 0.851640 16.733400 -0.003670
v 0.839400 16.707800 0.146733
v 0.783360 16.558100 0.876600
v 0.871320 16.341000 0.332844
v 0.725880 15.836400 0.359399
v 0.632880 15.732500 0.254987
v 0.630600 15.740499 0.087521
v 0.348360 15.771500 -0.223229
v 0.859080 16.126400 0.260411
v 0.515640 15.776100 -0.107517
v 0.722640 15.914599 0.129783
v 0.167880 15.649400 -0.262327
v 0.177960 15.781300 -0.301764
v 0.167040 15.510300 -0.230913
v 0.169560 15.951099 -0.396910
v 0.162240 16.110600 -0.538612
v 0.139680 16.278601 -0.610141
v 0.097800 16.454201 -0.658844
v -0.351720 15.689799 -0.205149
v -0.771720 15.956200 0.309114
v -0.631320 15.801200 0.047406
v 0.000960 15.578899 -0.280068
v 0.346800 15.695900 -0.191928
v 0.764280 15.945600 0.330584
v 0.631680 15.801600 0.035541
v -0.503040 15.716900 -0.064125
v -0.694920 15.834000 0.198713
v -0.168840 15.578300 -0.241535
v 0.513000 15.726000 -0.072261
v 0.690120 15.824400 0.197131
v 0.170640 15.583200 -0.256903
v -0.256800 17.401402 0.625853
v -0.515760 17.351400 0.556019
v -0.667920 17.174101 0.572178
v -0.000240 17.492800 0.526187
v -0.814920 16.981001 0.545171
v 0.285120 17.401201 0.599863
v 0.479040 17.364801 0.571726
v 0.676800 17.180601 0.563251
v 0.802200 16.979000 0.541894
v -0.409920 17.396801 0.595682
v -0.612000 17.263802 0.608677
v -0.132120 17.446201 0.571387
v -0.780840 17.049000 0.595682
v -0.840240 16.808800 0.547431
v 0.383640 17.390501 0.595795
v 0.590160 17.283901 0.614440
v 0.145320 17.450401 0.566980
v 0.768600 17.053101 0.590936
v 0.836160 16.805300 0.553081
v -0.261000 17.398500 0.818518
v -0.512280 17.328800 0.722468
v -0.764040 17.147902 0.709586
v -0.000120 17.462301 0.705518
v -0.844320 16.963600 0.681901
v 0.270000 17.344101 0.809591
v 0.474360 17.374802 0.742469
v 0.701760 17.158300 0.722355
v 0.796080 16.953001 0.687325
v -0.388080 17.370501 0.764391
v -0.658920 17.246000 0.747667
v -0.127800 17.433901 0.764730
v -0.825000 17.031301 0.720660
v -0.839160 16.792101 0.668793
v 0.384120 17.365700 0.765069
v 0.602520 17.279902 0.764278
v 0.137160 17.420601 0.761114
v 0.773520 17.035000 0.727666
v 0.838800 16.792000 0.669471
v -0.280560 17.444500 0.466297
v -0.500640 17.367800 0.381886
v -0.682680 17.196800 0.397706
v 0.001440 17.502300 0.318154
v -0.834720 16.997601 0.390474
v 0.304800 17.410301 0.431041
v 0.453960 17.376801 0.367761
v 0.659760 17.180500 0.406972
v 0.811920 16.988201 0.392395
v -0.405840 17.414501 0.414656
v -0.600720 17.290501 0.432510
v -0.131280 17.481600 0.383581
v -0.781320 17.072102 0.434205
v -0.857520 16.817501 0.406972
v 0.388560 17.396101 0.395672
v 0.576360 17.295200 0.432510
v 0.157680 17.478001 0.376575
v 0.756480 17.059500 0.437595
v 0.812760 16.811800 0.410362
v -0.064920 16.959400 -0.608107
v -0.181920 16.944401 -0.616469
v -0.237120 16.669399 -0.663703
v -0.161880 16.643000 -0.672291
v -0.133320 16.691401 -0.669127
v -0.282960 17.091702 -0.525730
v -0.390600 17.253500 -0.343348
v -0.433080 17.348301 -0.199838
v -0.417960 17.366800 -0.048757
v -0.414840 17.383301 0.082549
v -0.399960 17.392401 0.224251
v -0.416760 17.428301 0.473529
v -0.391080 17.371401 0.635006
v -0.385800 17.358200 0.804619
v -0.400320 17.335201 0.912647
v -0.397080 17.278101 1.030280
v -0.375720 17.234501 1.139890
v -0.388080 17.249500 1.224414
v -0.374400 17.185900 1.331199
v -0.248040 16.544201 -0.634323
v -0.375960 16.395300 -0.567540
v -0.456840 16.256599 -0.462789
v -0.494160 16.076200 -0.345721
v -0.509280 15.942699 -0.250462
v -0.504720 15.689600 -0.037909
v -0.402840 17.000801 -0.523357
v -0.248280 16.911400 -0.619633
v -0.143400 16.867201 -0.634323
v -0.481440 16.909300 -0.560195
v -0.573360 17.154701 -0.351032
v -0.620160 17.265301 -0.176108
v -0.601200 17.297701 -0.014970
v -0.611760 17.311701 0.121082
v -0.608880 17.300100 0.261202
v -0.598560 17.288900 0.389005
v -0.596640 17.273602 0.568675
v -0.657120 17.252300 0.719417
v -0.653280 17.212200 0.879651
v -0.632520 17.152601 0.985984
v -0.669600 16.986401 -0.396684
v -0.723840 17.067400 -0.166842
v -0.743640 17.083801 0.008421
v -0.770040 17.096001 0.151253
v -0.107400 17.127100 -0.515334
v -0.150720 17.308201 -0.360072
v -0.165240 17.406000 -0.235659
v -0.144000 17.433001 -0.085030
v -0.124560 17.456701 0.054525
v -0.123960 17.468700 0.194645
v -0.130560 17.480400 0.331036
v -0.141720 17.464800 0.527656
v -0.130200 17.450001 0.718287
v -0.136200 17.395700 0.922252
v -0.140640 17.335600 1.039998
v -0.137160 17.304600 1.144523
v -0.136800 17.287701 1.248935
v -0.123480 17.224100 1.345437
v -0.045360 16.863100 -0.637374
v -0.039480 16.697401 -0.679749
v -0.054240 16.639500 -0.683139
v -0.039600 16.804800 -0.644719
v -0.488040 16.827501 -0.569461
v -0.674400 16.852001 -0.408436
v -0.775320 16.850700 -0.173961
v -0.829080 16.839001 0.006500
v -0.849360 16.836401 0.157355
v -0.279840 16.858101 -0.626300
v -0.147720 16.817301 -0.640312
v -0.766200 16.944401 0.913551
v -0.789480 16.986900 0.825524
v -0.831240 17.041201 0.694670
v -0.764040 17.050501 0.556245
v -0.789000 17.074800 0.397028
v -0.788160 17.090500 0.286966
v -0.380640 16.606600 -0.607429
v -0.531000 16.503300 -0.464258
v -0.652800 16.384399 -0.334873
v -0.762360 16.255199 -0.221421
v -0.771720 16.130701 -0.062091
v -0.598560 17.050501 1.212323
v -0.598800 17.082901 1.126217
v -0.618000 17.103701 1.060451
v -0.739920 16.854401 1.066440
v -0.769560 16.697500 0.951745
v -0.762840 16.897001 1.021466
v -0.782880 16.922501 0.977396
v -0.033720 16.777401 -0.644154
v -0.292080 16.805801 -0.638617
v -0.148680 16.782001 -0.646527
v -0.797880 16.739300 0.859650
v -0.860640 16.825100 0.308210
v -0.744240 15.991700 0.072040
v -0.522000 15.831500 -0.148762
v -0.705000 15.877900 0.170237
v -0.174240 15.713300 -0.286848
v -0.169440 15.622300 -0.248654
v -0.172920 15.871500 -0.343913
v -0.167280 16.029800 -0.468665
v -0.150000 16.192801 -0.578162
v -0.117960 16.365801 -0.627091
v -0.081120 16.526701 -0.669353
v 0.062640 16.966002 -0.635340
v 0.179040 16.950001 -0.650482
v 0.239400 16.665600 -0.675116
v 0.172440 16.640501 -0.685060
v 0.132600 16.697800 -0.683252
v 0.270840 17.087801 -0.537821
v 0.366120 17.247400 -0.352501
v 0.410880 17.325401 -0.194075
v 0.417240 17.347601 -0.048418
v 0.409320 17.360800 0.082549
v 0.393720 17.394901 0.224138
v 0.391680 17.385900 0.447200
v 0.388920 17.404001 0.642351
v 0.381720 17.337700 0.797726
v 0.382800 17.298801 0.896149
v 0.380400 17.248501 1.028924
v 0.395880 17.248800 1.144975
v 0.389880 17.226501 1.240121
v 0.369600 17.171801 1.331764
v 0.266280 16.539200 -0.657149
v 0.384360 16.390699 -0.579518
v 0.482880 16.229300 -0.492169
v 0.513480 16.075201 -0.368660
v 0.515160 15.945000 -0.252609
v 0.514560 15.699400 -0.057006
v 0.393000 17.015400 -0.548443
v 0.254520 16.917801 -0.643363
v 0.138360 16.868000 -0.657827
v 0.468480 16.928301 -0.587428
v 0.561240 17.159700 -0.377135
v 0.616200 17.243301 -0.169893
v 0.605640 17.299301 -0.022993
v 0.590040 17.310801 0.121760
v 0.574560 17.307001 0.265496
v 0.573360 17.305300 0.389005
v 0.586560 17.280800 0.566754
v 0.604560 17.286701 0.738288
v 0.617280 17.215302 0.875244
v 0.630480 17.150501 0.985984
v 0.660240 17.016901 -0.415329
v 0.760320 17.083101 -0.179837
v 0.792720 17.106600 -0.003557
v 0.762240 17.087601 0.144812
v 0.105240 17.124300 -0.514430
v 0.130320 17.309200 -0.364592
v 0.139560 17.384501 -0.236450
v 0.150360 17.422501 -0.083222
v 0.154680 17.454201 0.053395
v 0.141120 17.465000 0.192950
v 0.143880 17.472700 0.327081
v 0.148920 17.450602 0.537487
v 0.136080 17.429501 0.710603
v 0.143400 17.378401 0.921235
v 0.144000 17.327900 1.046100
v 0.135600 17.289400 1.152659
v 0.125400 17.258902 1.265885
v 0.115440 17.207001 1.341708
v 0.043080 16.862900 -0.658505
v 0.042360 16.699200 -0.686303
v 0.058680 16.639601 -0.685512
v 0.043200 16.809801 -0.664494
v 0.508560 16.832602 -0.587089
v 0.684360 16.857801 -0.421883
v 0.799080 16.865400 -0.186278
v 0.853920 16.855301 -0.000845
v 0.853440 16.841702 0.150462
v 0.284640 16.865700 -0.645171
v 0.142800 16.821600 -0.655228
v 0.782400 16.957100 0.922365
v 0.794640 17.004801 0.838067
v 0.769440 17.036001 0.700207
v 0.762120 17.057800 0.549917
v 0.759360 17.058901 0.401661
v 0.762240 17.071301 0.293520
v 0.405120 16.592600 -0.622571
v 0.565800 16.489901 -0.502565
v 0.673560 16.376501 -0.348885
v 0.753120 16.255899 -0.210799
v 0.771600 16.127600 -0.055989
v 0.609600 17.050501 1.213792
v 0.627240 17.142601 1.133562
v 0.638280 17.124001 1.064180
v 0.741000 16.854900 1.070960
v 0.778560 16.706600 0.940784
v 0.757920 16.897701 1.023274
v 0.763440 16.926401 0.977170
v 0.042120 16.780701 -0.673308
v 0.293160 16.806900 -0.648900
v 0.144960 16.784500 -0.660426
v 0.797040 16.749001 0.841909
v 0.841560 16.820801 0.303125
v 0.753240 15.985700 0.070684
v 0.525360 15.832200 -0.149214
v 0.704520 15.871300 0.167412
v 0.173160 15.714499 -0.282441
v 0.169320 15.615700 -0.260293
v 0.172680 15.871799 -0.343800
v 0.168840 16.025400 -0.472620
v 0.151320 16.187000 -0.581552
v 0.119160 16.364401 -0.636018
v 0.085800 16.526001 -0.671500
v -0.509640 15.757400 -0.086273
v -0.677400 15.783700 0.226850
v -0.171360 15.543600 -0.237015
v 0.515280 15.752999 -0.091132
v 0.670320 15.785600 0.223460
v 0.174240 15.551800 -0.249784
v -0.417720 17.416700 0.554663
v -0.627360 17.253302 0.649470
v -0.122400 17.434301 0.622463
v -0.792240 17.046200 0.636023
v -0.837360 16.802500 0.604835
v 0.387720 17.384100 0.560426
v 0.603120 17.295200 0.664386
v 0.137640 17.438400 0.603705
v 0.767520 17.045900 0.632859
v 0.840600 16.801001 0.602462
v -0.386280 17.374001 0.724050
v -0.645000 17.223701 0.772979
v -0.128400 17.432001 0.812981
v -0.821160 17.024500 0.749588
v -0.841560 16.778500 0.723598
v 0.384960 17.380701 0.727666
v 0.608520 17.272501 0.789138
v 0.127560 17.393600 0.807783
v 0.784200 17.035601 0.754899
v 0.828120 16.779501 0.718174
v -0.394800 17.407001 0.361885
v -0.601800 17.293400 0.476919
v -0.138960 17.476200 0.449347
v -0.753480 17.056501 0.468105
v -0.847080 16.814600 0.471495
v 0.387960 17.411100 0.353749
v 0.581640 17.287500 0.474998
v 0.158760 17.475300 0.435900
v 0.758760 17.061401 0.475111
v 0.813000 16.809401 0.463698
v -0.115680 17.514200 0.463020
v -0.060360 17.481501 0.401548
v -0.157560 17.511600 0.436126
v -0.098160 17.479700 0.379287
v -0.181320 17.508202 0.519407
v -0.206040 17.506701 0.492965
v -0.238440 17.465801 0.531950
v -0.252480 17.465900 0.510254
v -0.190560 17.477901 0.328324
v -0.098520 17.508600 0.266626
v -0.195720 17.475901 0.311261
v -0.108240 17.504601 0.256456
v -0.290640 17.429001 0.357365
v -0.288360 17.430401 0.336573
v -0.385440 17.374601 0.353523
v -0.383640 17.376001 0.337816
v -0.438840 17.393101 0.265383
v -0.400560 17.391901 0.246060
v -0.398520 17.393400 0.256117
v -0.323280 17.408701 0.199165
v -0.361200 17.395901 0.225607
v -0.295920 17.421101 0.210239
v -0.346680 17.402300 0.241879
v -0.180120 17.456501 0.164248
v -0.059880 17.449400 0.130122
v -0.207120 17.442101 0.141761
v -0.079080 17.441502 0.111590
v -0.313200 17.421200 0.208883
v -0.335400 17.406301 0.194193
v -0.389160 17.386600 0.227528
v -0.400080 17.379900 0.220522
v -0.174360 17.474401 0.125263
v -0.079200 17.456600 0.122551
v -0.175920 17.475700 0.112833
v -0.083280 17.451101 0.097239
v -0.294240 17.452002 0.126280
v -0.291720 17.453402 0.120743
v -0.394320 17.418400 0.125263
v -0.405480 17.443100 0.120969
v -0.272520 17.430300 0.028648
v -0.176880 17.442701 0.066616
v -0.226560 17.440802 -0.023332
v -0.137280 17.440601 0.009890
v -0.342720 17.422800 -0.015422
v -0.292200 17.425501 -0.056441
v -0.439200 17.409901 -0.093053
v -0.415920 17.405001 -0.141643
v -0.224160 17.399700 -0.245151
v -0.230160 17.398500 -0.243004
v -0.187680 17.412901 -0.173057
v -0.198840 17.409500 -0.164808
v -0.135240 17.419500 -0.095426
v -0.158520 17.417501 -0.114184
v -0.152280 17.418600 -0.084804
v -0.171360 17.415201 -0.111246
v 0.051720 17.395901 -0.349450
v 0.119640 17.366400 -0.291933
v 0.083520 17.364101 -0.384819
v 0.135240 17.325401 -0.312273
v 0.005880 17.384201 -0.364592
v 0.025080 17.345901 -0.395441
v -0.062760 17.352501 -0.373745
v -0.055440 17.331600 -0.393633
v 0.131880 17.459900 -0.019490
v 0.190560 17.424900 0.058254
v 0.139560 17.454700 -0.037231
v 0.197040 17.419500 0.044920
v 0.059160 17.465900 -0.111698
v 0.064680 17.464500 -0.130117
v -0.019440 17.445801 -0.191589
v -0.015960 17.446201 -0.205940
v 0.309360 17.424900 0.713767
v 0.355920 17.409801 0.698286
v 0.303720 17.427401 0.697721
v 0.362280 17.411600 0.688681
v 0.254280 17.415600 0.719304
v 0.252360 17.428200 0.695348
v 0.216840 17.415901 0.713315
v 0.224760 17.417000 0.686421
v 0.158520 17.425501 0.701111
v 0.186240 17.415501 0.671392
v 0.186840 17.413900 0.644498
v 0.157320 17.422901 0.669132
v 0.225240 17.399601 0.671957
v 0.214200 17.400200 0.696139
v 0.259320 17.402201 0.685065
v 0.258360 17.405500 0.706648
v 0.362880 17.399000 0.701676
v 0.311760 17.397100 0.692975
v 0.357000 17.396502 0.708908
v 0.314400 17.404301 0.709247
v 0.174120 17.416401 0.698964
v 0.147000 17.411201 0.728796
v 0.216840 17.425701 0.719982
v 0.209040 17.410101 0.744842
v 0.251760 17.418301 0.731282
v 0.253680 17.402500 0.753204
v 0.360480 17.389301 0.724728
v 0.303840 17.408600 0.730265
v 0.354120 17.388000 0.734220
v 0.308760 17.404800 0.746198
v -0.308640 17.245401 -0.462789
v -0.294840 17.252800 -0.462563
v -0.346440 17.347601 -0.236111
v -0.289200 17.354401 -0.194301
v -0.330000 17.349701 -0.254078
v -0.281160 17.356100 -0.206618
v -0.415080 17.342501 -0.292046
v -0.394440 17.340401 -0.308431
v -0.451320 17.322201 -0.343574
v -0.435240 17.320501 -0.354987
v -0.480120 17.383400 0.077803
v -0.425760 17.371401 0.067633
v -0.495720 17.378302 0.047858
v -0.462840 17.366600 0.020286
v -0.506760 17.382101 0.081080
v -0.525840 17.382000 0.071814
v -0.563040 17.379101 0.083453
v -0.557640 17.377001 0.072492
v -0.555360 17.377901 0.053169
v -0.478800 17.355301 0.016218
v -0.566160 17.372700 0.015992
v -0.501480 17.343300 -0.020959
v -0.585360 17.358501 0.059497
v -0.583440 17.355701 0.029891
v -0.589080 17.339602 0.050570
v -0.587640 17.338501 0.025597
v -0.239520 17.441700 0.164135
v -0.155040 17.446800 0.162101
v -0.246840 17.435301 0.148767
v -0.157800 17.440500 0.141761
v -0.357840 17.439600 0.173175
v -0.353280 17.439001 0.157355
v -0.418920 17.418400 0.184249
v -0.418560 17.419401 0.169898
v -0.018480 17.508001 0.081645
v 0.041400 17.447601 0.056107
v -0.048600 17.510601 0.042321
v 0.039600 17.437500 0.009890
v -0.116400 17.509001 0.070119
v -0.120960 17.499802 0.048197
v -0.192840 17.460600 0.027518
v -0.187920 17.457500 0.007630
v -0.102120 17.491501 0.053734
v -0.038880 17.479601 0.058819
v -0.099720 17.483301 0.031360
v -0.038640 17.474300 0.040174
v -0.190920 17.474501 0.026727
v -0.187800 17.468000 0.010907
v -0.260760 17.435801 -0.015083
v -0.259440 17.433001 -0.024010
v -0.285000 17.422901 0.077238
v -0.194040 17.440300 0.105375
v -0.273960 17.428900 0.040739
v -0.173040 17.445002 0.067520
v -0.363360 17.420900 0.035541
v -0.353640 17.432301 -0.005817
v -0.441360 17.436800 -0.044124
v -0.430440 17.431000 -0.079154
v -0.328680 17.393801 0.102550
v -0.266040 17.422100 0.112042
v -0.318240 17.394300 0.071475
v -0.258000 17.425701 0.092380
v -0.382800 17.381701 0.067520
v -0.373680 17.380701 0.049666
v -0.426840 17.373701 0.016105
v -0.420960 17.375200 -0.010789
v -0.068160 17.477001 0.002997
v 0.014880 17.453300 0.002997
v -0.072360 17.455400 -0.044124
v 0.002160 17.452702 -0.038926
v -0.176040 17.465500 -0.050678
v -0.168000 17.460901 -0.069662
v -0.248040 17.431801 -0.088307
v -0.243120 17.431700 -0.095765
v 0.092280 17.476700 0.021303
v 0.132120 17.460600 0.084018
v 0.106920 17.465801 -0.000619
v 0.147360 17.450602 0.066277
v 0.026040 17.465000 -0.057006
v 0.030840 17.459801 -0.073391
v -0.048240 17.448700 -0.122772
v -0.047760 17.447300 -0.132264
v 0.030960 17.486700 0.052378
v 0.057600 17.480001 0.094979
v 0.043200 17.483101 0.046163
v 0.069360 17.476000 0.089555
v -0.004320 17.473900 -0.001071
v 0.002040 17.471100 -0.010902
v -0.040440 17.462502 -0.049209
v -0.037680 17.459400 -0.059944
v -0.478080 17.376600 0.172610
v -0.406080 17.378000 0.133738
v -0.479640 17.375601 0.159163
v -0.464640 17.374201 0.119500
v -0.538440 17.388700 0.193063
v -0.534480 17.392401 0.180746
v -0.568560 17.393600 0.192272
v -0.573000 17.397501 0.186735
v -0.474960 17.379002 0.283576
v -0.420000 17.373001 0.246964
v -0.481560 17.380800 0.271033
v -0.448440 17.373501 0.237359
v -0.531960 17.386600 0.295328
v -0.536520 17.388201 0.282672
v -0.573960 17.393200 0.273293
v -0.566880 17.395102 0.264027
v -0.197520 17.389502 -0.274757
v -0.203640 17.389301 -0.272949
v -0.180360 17.408401 -0.192832
v -0.189480 17.405300 -0.185261
v -0.138000 17.421301 -0.110568
v -0.154920 17.419601 -0.143225
v -0.153120 17.419300 -0.106726
v -0.171840 17.415300 -0.145146
v -0.165960 17.388700 -0.278373
v -0.172080 17.389200 -0.276565
v -0.130440 17.420900 -0.197126
v -0.150120 17.409201 -0.194527
v -0.086760 17.425600 -0.083335
v -0.112680 17.430300 -0.146276
v -0.106920 17.417200 -0.087177
v -0.141600 17.418701 -0.151135
v -0.245280 17.401300 -0.225828
v -0.250560 17.400002 -0.223681
v -0.208440 17.415001 -0.153621
v -0.219360 17.411001 -0.145259
v -0.146880 17.409201 -0.056441
v -0.166800 17.425701 -0.092601
v -0.156960 17.407600 -0.050452
v -0.191760 17.423500 -0.093844
v -0.386280 17.371401 -0.201985
v -0.392400 17.371201 -0.197465
v -0.324600 17.385302 -0.148084
v -0.334680 17.383400 -0.136219
v -0.226440 17.408600 -0.056893
v -0.257640 17.401300 -0.099381
v -0.235680 17.407001 -0.053729
v -0.284520 17.398901 -0.095991
v -0.437520 17.391602 0.257360
v -0.456240 17.370100 0.292164
v -0.397680 17.381802 0.295780
v -0.398520 17.382401 0.309453
v -0.236640 17.474501 0.232726
v -0.337080 17.419201 0.278491
v -0.242400 17.472700 0.244704
v -0.326040 17.427200 0.291260
v -0.448080 17.369301 0.279169
v -0.261120 17.451601 0.415334
v -0.176640 17.450300 0.380191
v -0.276240 17.435900 0.381999
v -0.193080 17.435501 0.360077
v -0.377520 17.431900 0.438047
v -0.376680 17.425400 0.396124
v -0.546120 17.377300 0.432397
v -0.526320 17.382900 0.411492
v -0.491040 17.401901 0.442906
v -0.474960 17.403200 0.407989
v -0.306000 17.375401 -0.273853
v -0.313200 17.374300 -0.271141
v -0.263040 17.389000 -0.204923
v -0.271800 17.385101 -0.194188
v -0.201120 17.398401 -0.111020
v -0.220200 17.396400 -0.142547
v -0.210720 17.396400 -0.107065
v -0.242400 17.395500 -0.145598
v -0.389280 17.350201 -0.279164
v -0.405000 17.352501 -0.271480
v -0.342720 17.358301 -0.216110
v -0.363840 17.360300 -0.206731
v -0.234960 17.361601 -0.102771
v -0.275400 17.361601 -0.141191
v -0.243120 17.362001 -0.091245
v -0.291000 17.362600 -0.128874
v -0.315000 17.299000 -0.403803
v -0.336120 17.292200 -0.403803
v -0.304440 17.320601 -0.292272
v -0.300960 17.316801 -0.331709
v -0.319200 17.320101 -0.291820
v -0.322800 17.314800 -0.331370
v -0.220080 17.229301 -0.505390
v -0.226200 17.239401 -0.504599
v -0.200520 17.283201 -0.434991
v -0.208200 17.296400 -0.434087
v -0.160440 17.353901 -0.306397
v -0.181800 17.340401 -0.357247
v -0.167040 17.355701 -0.304702
v -0.189960 17.348101 -0.355778
v -0.174480 17.318901 -0.485050
v -0.181680 17.320501 -0.486067
v -0.194760 17.334801 -0.419171
v -0.205440 17.337101 -0.420188
v -0.213840 17.344601 -0.293628
v -0.210600 17.344601 -0.345721
v -0.223680 17.343901 -0.294306
v -0.222960 17.345301 -0.346512
v 0.022800 17.227501 -0.455218
v 0.008280 17.267500 -0.438720
v 0.111120 17.221800 -0.447534
v 0.080280 17.294100 -0.421770
v 0.243960 17.212200 -0.409792
v 0.184440 17.241501 -0.454766
v 0.207240 17.273201 -0.349902
v 0.140280 17.298700 -0.416685
v -0.003600 17.249500 -0.427985
v -0.017640 17.289200 -0.401995
v 0.074640 17.277601 -0.416120
v 0.044760 17.349100 -0.401769
v 0.175080 17.279800 -0.357699
v 0.124200 17.317101 -0.409792
v 0.165120 17.319601 -0.318601
v 0.093960 17.360300 -0.386175
v 0.021360 17.439402 -0.305154
v 0.062160 17.383301 -0.271593
v 0.049320 17.415800 -0.348772
v 0.103920 17.351900 -0.310239
v -0.015600 17.421501 -0.326059
v 0.009000 17.394800 -0.356230
v -0.087960 17.385401 -0.369451
v -0.067080 17.381401 -0.377248
v -0.055080 17.453300 -0.254643
v 0.026880 17.388000 -0.191250
v 0.035400 17.443100 -0.297922
v 0.135840 17.363901 -0.202550
v -0.106680 17.433300 -0.303572
v -0.036480 17.421301 -0.335890
v -0.162240 17.375502 -0.351823
v -0.137400 17.382101 -0.364931
v -0.126720 17.178501 -0.496802
v -0.137280 17.186800 -0.487762
v -0.057960 17.212301 -0.467535
v -0.083640 17.258501 -0.472733
v 0.037440 17.178900 -0.442901
v -0.007080 17.220001 -0.454427
v 0.009840 17.219101 -0.416572
v -0.034080 17.277401 -0.452506
v -0.163440 17.204901 -0.471603
v -0.179280 17.214500 -0.463806
v -0.106680 17.251400 -0.434426
v -0.130920 17.278601 -0.444596
v 0.011880 17.280001 -0.378265
v -0.048120 17.260601 -0.421431
v -0.018480 17.316200 -0.340636
v -0.079080 17.306400 -0.424030
v -0.174960 17.236601 -0.462337
v -0.191400 17.245401 -0.456235
v -0.120120 17.277300 -0.425838
v -0.155520 17.308001 -0.432166
v -0.020400 17.305000 -0.355100
v -0.076560 17.310600 -0.394085
v -0.063120 17.331100 -0.336455
v -0.119760 17.343401 -0.402786
v -0.213120 17.278801 -0.409792
v -0.229320 17.289200 -0.404820
v -0.159480 17.308800 -0.368321
v -0.196560 17.348101 -0.380299
v -0.090600 17.344900 -0.331144
v -0.121080 17.324600 -0.341314
v -0.134280 17.342901 -0.305493
v -0.151920 17.357401 -0.349563
v -0.128280 17.428001 -0.290012
v -0.127680 17.429800 -0.250010
v -0.067560 17.456301 -0.242891
v -0.076680 17.452301 -0.199951
v 0.072000 17.441801 -0.135315
v -0.011520 17.444401 -0.198030
v 0.102840 17.443701 -0.067628
v -0.013680 17.445002 -0.150005
v 0.204480 17.385000 -0.191589
v 0.216480 17.346500 -0.166729
v 0.233520 17.384001 -0.212268
v 0.241920 17.340601 -0.186391
v 0.178320 17.399401 -0.222099
v 0.198960 17.398100 -0.247524
v 0.137160 17.408901 -0.280746
v 0.139080 17.405001 -0.296679
v 0.162840 17.400600 -0.173283
v 0.167640 17.380301 -0.130230
v 0.191640 17.398500 -0.197691
v 0.200040 17.369001 -0.146954
v 0.139320 17.408001 -0.207974
v 0.160920 17.401501 -0.229105
v 0.097800 17.420000 -0.268429
v 0.099600 17.416601 -0.284927
v 0.247920 17.390100 -0.223229
v 0.289920 17.337601 -0.189555
v 0.274320 17.378901 -0.253739
v 0.323880 17.328701 -0.218935
v 0.206400 17.388500 -0.248428
v 0.229440 17.388601 -0.284927
v 0.152040 17.391901 -0.289447
v 0.149280 17.397902 -0.297809
v 0.266760 17.378302 -0.273514
v 0.309840 17.323801 -0.238258
v 0.287400 17.377501 -0.289447
v 0.335520 17.315102 -0.262101
v 0.221760 17.389700 -0.294306
v 0.241680 17.382700 -0.317584
v 0.166320 17.374701 -0.318488
v 0.163440 17.369701 -0.333065
v 0.104880 17.425100 -0.135202
v 0.119400 17.401901 -0.104127
v 0.117480 17.412601 -0.135880
v 0.135840 17.395300 -0.111020
v 0.077640 17.439301 -0.163791
v 0.083520 17.434000 -0.172605
v 0.036600 17.442101 -0.223907
v 0.040200 17.444201 -0.227410
v -0.149400 17.395300 -0.327189
v -0.155040 17.393600 -0.323912
v -0.115440 17.431801 -0.261649
v -0.135120 17.419500 -0.258937
v -0.043440 17.425001 -0.131473
v -0.098280 17.443901 -0.212381
v -0.053400 17.422300 -0.131360
v -0.105480 17.433800 -0.196900
v -0.176400 17.375101 -0.345043
v -0.182640 17.376301 -0.343348
v -0.142560 17.410801 -0.280859
v -0.162240 17.399101 -0.278373
v -0.066480 17.415901 -0.162661
v -0.126240 17.428101 -0.232947
v -0.079800 17.410900 -0.151022
v -0.133440 17.418301 -0.217466
v -0.299040 17.423101 0.620994
v -0.200040 17.435600 0.629582
v -0.273120 17.440802 0.595682
v -0.182880 17.450901 0.597151
v -0.388920 17.420200 0.582235
v -0.355920 17.431700 0.562799
v -0.444120 17.430901 0.546075
v -0.415800 17.435200 0.532515
v -0.111720 17.428200 0.605400
v -0.103680 17.436800 0.578619
v -0.171840 17.460001 0.736141
v -0.132120 17.471500 0.743034
v -0.158760 17.467201 0.722920
v -0.132120 17.473200 0.727440
v -0.187080 17.454700 0.705179
v -0.170280 17.463400 0.705857
v -0.180360 17.424700 0.668454
v -0.141120 17.430101 0.653651
v -0.089880 17.480801 0.733429
v -0.102120 17.480900 0.715123
v -0.531360 17.342800 0.626870
v -0.484680 17.337900 0.594213
v -0.547920 17.344101 0.609581
v -0.500520 17.337601 0.579071
v -0.602040 17.351801 0.656928
v -0.608760 17.354500 0.643933
v -0.646200 17.362101 0.676025
v -0.647640 17.364000 0.667211
v -0.198000 17.455000 0.805184
v -0.137640 17.466900 0.829931
v -0.166560 17.468601 0.776934
v -0.130080 17.468401 0.807444
v -0.237480 17.440500 0.766312
v -0.185280 17.463202 0.744729
v -0.243480 17.400801 0.685856
v -0.198360 17.415800 0.660544
v -0.049560 17.468102 0.837841
v -0.044640 17.466400 0.822812
v -0.350520 17.356201 0.840214
v -0.294600 17.382101 0.847898
v -0.311520 17.389900 0.815015
v -0.285120 17.395700 0.823264
v -0.382560 17.345001 0.813546
v -0.322320 17.380301 0.796709
v -0.364200 17.354801 0.775013
v -0.315120 17.380800 0.768007
v -0.218280 17.440901 0.847898
v -0.213840 17.441200 0.832982
v -0.281280 17.420101 0.807783
v -0.239640 17.464602 0.821795
v -0.268680 17.429201 0.787104
v -0.234480 17.473301 0.801568
v -0.306000 17.383202 0.779081
v -0.277440 17.409700 0.760097
v -0.309840 17.373301 0.750718
v -0.268200 17.402300 0.729926
v -0.160080 17.473600 0.828236
v -0.155640 17.471800 0.813433
v -0.443760 17.373701 0.798969
v -0.371760 17.382000 0.787895
v -0.434400 17.377701 0.776482
v -0.374160 17.379200 0.764956
v -0.524880 17.357000 0.806540
v -0.508920 17.363001 0.786991
v -0.588960 17.330400 0.811060
v -0.576840 17.334501 0.798856
v -0.320280 17.390100 0.767555
v -0.326160 17.384401 0.747328
v -0.313680 17.439501 0.625853
v -0.266640 17.442501 0.623367
v -0.309600 17.445501 0.611954
v -0.268680 17.445601 0.604722
v -0.351600 17.433800 0.605739
v -0.341160 17.442701 0.595795
v -0.376440 17.445801 0.572517
v -0.368760 17.451700 0.567545
v -0.218520 17.420900 0.597377
v -0.224160 17.423000 0.581783
v -0.366600 17.396301 0.664047
v -0.314040 17.404600 0.670714
v -0.357240 17.403502 0.648792
v -0.310560 17.410501 0.653086
v -0.406080 17.391300 0.640430
v -0.394680 17.398300 0.629921
v -0.433200 17.401701 0.604496
v -0.424560 17.406301 0.599298
v -0.250560 17.404202 0.658058
v -0.250800 17.408401 0.644046
v -0.388560 17.399200 0.695913
v -0.337920 17.402300 0.684726
v -0.389160 17.403301 0.678963
v -0.343560 17.404100 0.666985
v -0.442080 17.389601 0.691732
v -0.437880 17.394501 0.678285
v -0.487800 17.395802 0.671392
v -0.483000 17.399500 0.663708
v -0.294000 17.387100 0.661787
v -0.300000 17.387701 0.648114
v -0.121800 17.481701 0.682805
v -0.066720 17.495600 0.684500
v -0.107280 17.488001 0.670036
v -0.068760 17.498800 0.665177
v -0.141720 17.480301 0.661787
v -0.117960 17.480200 0.653764
v -0.125760 17.425901 0.655911
v -0.097560 17.434401 0.647210
v -0.010800 17.506201 0.653086
v -0.012000 17.507502 0.633198
v -0.085440 17.511002 0.591614
v -0.042600 17.505501 0.594552
v -0.082080 17.515001 0.572630
v -0.050160 17.508801 0.576811
v -0.112560 17.505001 0.555341
v -0.098640 17.519001 0.550143
v -0.126000 17.463501 0.509915
v -0.109800 17.485701 0.510932
v -0.012600 17.499802 0.573647
v -0.013080 17.501902 0.558166
v -0.081120 17.525101 0.545623
v -0.049080 17.535501 0.533645
v -0.082320 17.530800 0.529916
v -0.053520 17.537201 0.519633
v -0.120000 17.514400 0.535001
v -0.107880 17.519300 0.524944
v -0.122520 17.468901 0.517373
v -0.125760 17.471001 0.488219
v -0.016320 17.538500 0.488784
v -0.019800 17.538900 0.482117
v -0.079680 17.519300 0.520989
v -0.048120 17.515902 0.508785
v -0.083880 17.523401 0.504943
v -0.054120 17.518002 0.495112
v -0.118680 17.515800 0.512627
v -0.105840 17.518002 0.492965
v -0.140280 17.462900 0.479405
v -0.127440 17.470600 0.465958
v -0.010440 17.514601 0.469574
v -0.021000 17.515100 0.460421
v -0.042960 17.503101 0.610598
v -0.010920 17.498400 0.598620
v -0.043080 17.505501 0.601784
v -0.017160 17.503000 0.593761
v -0.082800 17.494701 0.595117
v -0.069960 17.501202 0.589128
v -0.090600 17.447701 0.569240
v -0.073440 17.466002 0.563703
v 0.005880 17.493200 0.582461
v 0.004440 17.494200 0.577376
v 0.234120 17.426800 0.676929
v 0.285840 17.411800 0.685743
v 0.236520 17.418800 0.660318
v 0.294480 17.409601 0.679641
v 0.174240 17.447201 0.656815
v 0.183120 17.440401 0.636249
v 0.135720 17.455801 0.633537
v 0.150720 17.444801 0.615344
v 0.077640 17.441502 0.604948
v 0.111480 17.427000 0.593083
v 0.214320 17.438801 0.687325
v 0.270960 17.425301 0.700546
v 0.222480 17.432800 0.682692
v 0.282240 17.416801 0.692975
v 0.162840 17.451101 0.674330
v 0.173160 17.447601 0.660657
v 0.118080 17.458801 0.651278
v 0.131280 17.456001 0.638509
v 0.068640 17.437302 0.622011
v 0.083640 17.435701 0.606756
v 0.182160 17.442600 0.714897
v 0.223200 17.437801 0.721903
v 0.187800 17.447102 0.705970
v 0.227520 17.442202 0.715462
v 0.135120 17.456202 0.708230
v 0.142320 17.453800 0.693314
v 0.084960 17.464201 0.689585
v 0.096240 17.462200 0.675460
v 0.037560 17.451000 0.664047
v 0.049800 17.445400 0.652747
v 0.195840 17.458101 0.694444
v 0.254880 17.439100 0.701111
v 0.201360 17.458200 0.688342
v 0.257160 17.448400 0.697382
v 0.149280 17.462000 0.678624
v 0.157680 17.459200 0.668115
v 0.107760 17.462000 0.659301
v 0.115560 17.459600 0.647775
v 0.068520 17.438101 0.627661
v 0.074160 17.439501 0.613762
v -0.028320 17.493801 0.698173
v 0.009360 17.483700 0.656024
v -0.030240 17.495901 0.688229
v 0.007440 17.483601 0.651165
v -0.072360 17.484701 0.712637
v -0.058560 17.490601 0.697156
v -0.108480 17.474600 0.688229
v -0.104160 17.479500 0.679980
v -0.147120 17.428101 0.654781
v -0.122160 17.437000 0.642351
v 0.041520 17.466002 0.776369
v 0.095280 17.438601 0.763374
v 0.035400 17.472101 0.764052
v 0.093000 17.443401 0.755351
v 0.004920 17.466801 0.773431
v 0.011760 17.469900 0.753317
v -0.047880 17.467201 0.759645
v -0.026880 17.466501 0.738966
v -0.081720 17.444401 0.721677
v -0.069960 17.447701 0.704275
v 0.081360 17.451401 0.746198
v 0.137160 17.425100 0.751961
v 0.091080 17.452200 0.738627
v 0.142200 17.428801 0.742469
v 0.044160 17.471100 0.743712
v 0.053880 17.471401 0.730265
v 0.003120 17.459600 0.720773
v 0.015840 17.463701 0.710038
v -0.032160 17.454000 0.694105
v -0.019200 17.450500 0.686760
v 0.094560 17.469200 0.720773
v 0.111600 17.459400 0.712750
v 0.093360 17.460100 0.704840
v 0.112080 17.462000 0.708230
v 0.049560 17.476400 0.718965
v 0.054720 17.478300 0.703823
v 0.005400 17.463100 0.705631
v 0.014160 17.468801 0.692071
v -0.034320 17.455400 0.688003
v -0.023280 17.452900 0.677042
v 0.211800 17.423500 0.734785
v 0.258480 17.414301 0.737271
v 0.212040 17.428501 0.729700
v 0.256080 17.416000 0.733881
v 0.170400 17.429600 0.730717
v 0.175560 17.435301 0.722468
v 0.130080 17.432201 0.727101
v 0.132000 17.436100 0.716931
v 0.089400 17.440401 0.722581
v 0.102960 17.443100 0.713541
v 0.264480 17.381300 0.743712
v 0.214440 17.382601 0.746650
v 0.293400 17.395601 0.777612
v 0.268680 17.381001 0.803715
v 0.318720 17.390600 0.800664
v 0.300840 17.379501 0.829479
v 0.401040 17.374201 0.858633
v 0.354840 17.388300 0.832643
v 0.392040 17.376202 0.864509
v 0.347640 17.381201 0.852983
v 0.334440 17.358900 0.752300
v 0.292200 17.366001 0.756594
v 0.346560 17.372501 0.778290
v 0.331080 17.383902 0.799308
v 0.361800 17.381001 0.796144
v 0.353640 17.388300 0.820213
v 0.441960 17.356701 0.834790
v 0.395760 17.376501 0.811625
v 0.432720 17.360500 0.840892
v 0.391080 17.376400 0.835581
v 0.346200 17.359701 0.724276
v 0.329760 17.366100 0.755577
v 0.382080 17.364601 0.739079
v 0.382920 17.372801 0.776369
v 0.421560 17.385000 0.753091
v 0.418920 17.376400 0.780324
v 0.532080 17.358900 0.740209
v 0.460680 17.389400 0.750153
v 0.522480 17.362200 0.750831
v 0.463800 17.379101 0.767442
v 0.210000 17.345901 0.788008
v 0.181920 17.350901 0.793884
v 0.256920 17.372700 0.833095
v 0.245400 17.368101 0.852870
v 0.290040 17.364901 0.864622
v 0.274560 17.361000 0.883493
v 0.385800 17.347801 0.909596
v 0.329760 17.362501 0.891290
v 0.375240 17.344700 0.911630
v 0.320280 17.348801 0.905980
v 0.020280 17.426500 0.766312
v -0.014280 17.422100 0.781228
v 0.050760 17.456600 0.818292
v 0.025800 17.451801 0.834903
v 0.091440 17.433401 0.850836
v 0.069360 17.439001 0.871176
v 0.193080 17.359001 0.882250
v 0.146520 17.395000 0.874114
v 0.179400 17.364101 0.909144
v 0.115920 17.413900 0.900330
v 0.216840 17.336000 0.886883
v 0.184440 17.348501 0.915698
v 0.228120 17.336401 0.934117
v 0.193560 17.349401 0.962367
v 0.244560 17.331301 0.975927
v 0.212760 17.334200 0.993442
v 0.308160 17.307901 1.036721
v 0.279960 17.321201 1.012991
v 0.291600 17.304901 1.051072
v 0.250200 17.326700 1.024969
v 0.175200 17.353601 0.923156
v 0.123600 17.360401 0.944626
v 0.190800 17.348301 0.957508
v 0.140760 17.351000 0.981351
v 0.197400 17.347700 0.991634
v 0.157080 17.344400 1.012765
v 0.268920 17.335001 1.035026
v 0.236640 17.341301 1.016833
v 0.252480 17.329700 1.053445
v 0.196320 17.340200 1.038416
v -0.079920 17.417900 0.815919
v -0.100560 17.414900 0.824620
v -0.073560 17.439201 0.854226
v -0.099720 17.438601 0.869255
v -0.050520 17.436201 0.917619
v -0.068520 17.440500 0.936264
v 0.065640 17.371101 1.051749
v 0.002760 17.400600 0.993329
v 0.061920 17.375601 1.063163
v -0.004800 17.407701 1.010844
v -0.220920 17.368801 0.893098
v -0.226680 17.346701 0.911969
v -0.189960 17.373800 0.918184
v -0.198960 17.364401 0.938863
v -0.164520 17.411501 0.941123
v -0.172920 17.397202 0.961350
v -0.028800 17.444401 0.964401
v -0.118080 17.423401 0.957960
v -0.031080 17.435701 0.975136
v -0.122640 17.417501 0.979430
v -0.172200 17.405201 0.841570
v -0.171600 17.404301 0.862701
v -0.145560 17.438200 0.866769
v -0.150480 17.431301 0.880668
v -0.124800 17.440001 0.885301
v -0.128760 17.434700 0.896601
v -0.064800 17.452101 0.937507
v -0.099720 17.443701 0.906093
v -0.064800 17.449501 0.943044
v -0.105840 17.435001 0.916941
v -0.269640 17.375101 0.848802
v -0.274920 17.365700 0.860667
v -0.252960 17.386200 0.868351
v -0.257040 17.380201 0.875696
v -0.232200 17.397301 0.881459
v -0.236040 17.391401 0.890047
v -0.157080 17.420401 0.917506
v -0.203880 17.409700 0.891742
v -0.157080 17.419701 0.920783
v -0.206280 17.406601 0.901460
v 0.171840 17.490200 0.397141
v 0.224880 17.457201 0.404260
v 0.175680 17.494600 0.380982
v 0.236760 17.454000 0.398836
v 0.113400 17.510601 0.374315
v 0.124560 17.512402 0.354314
v 0.082440 17.512402 0.347082
v 0.097560 17.510601 0.330245
v 0.043920 17.478100 0.323578
v 0.062760 17.478701 0.304820
v 0.216000 17.470400 0.374428
v 0.307080 17.419100 0.379739
v 0.215160 17.476301 0.358834
v 0.277200 17.424700 0.364032
v 0.165960 17.487600 0.361546
v 0.174360 17.489401 0.347082
v 0.133320 17.485401 0.342788
v 0.144960 17.477901 0.329906
v 0.082560 17.479401 0.315668
v 0.102840 17.472500 0.303803
v 0.297480 17.433800 0.416125
v 0.361200 17.429501 0.430476
v 0.294840 17.428101 0.401887
v 0.345960 17.431101 0.415560
v 0.241200 17.452002 0.400983
v 0.246720 17.447201 0.389231
v 0.199680 17.475500 0.392056
v 0.211080 17.472000 0.379174
v 0.149040 17.506601 0.369004
v 0.168480 17.504601 0.359286
v 0.380160 17.418201 0.429798
v 0.415920 17.422501 0.423583
v 0.377280 17.420000 0.420871
v 0.412800 17.423801 0.418272
v 0.335400 17.416901 0.432849
v 0.336120 17.418800 0.422340
v 0.295560 17.418001 0.424826
v 0.300120 17.418901 0.416125
v 0.264000 17.419401 0.413300
v 0.268440 17.419500 0.407876
v 0.356400 17.413900 0.473303
v 0.407160 17.415100 0.467314
v 0.354120 17.414701 0.467992
v 0.404040 17.415600 0.463811
v 0.309720 17.418501 0.470139
v 0.311880 17.418600 0.463472
v 0.268560 17.426300 0.453980
v 0.274080 17.425100 0.446635
v 0.238680 17.432100 0.435900
v 0.243360 17.430801 0.430363
v 0.354960 17.412601 0.482230
v 0.404760 17.413900 0.482230
v 0.352680 17.413000 0.477936
v 0.402000 17.414101 0.478049
v 0.307680 17.419100 0.474772
v 0.308400 17.419001 0.472060
v 0.260280 17.428501 0.465845
v 0.263880 17.426800 0.463924
v 0.215760 17.425100 0.463359
v 0.219480 17.422701 0.462229
v 0.140520 17.507101 0.492061
v 0.180960 17.490801 0.491496
v 0.141480 17.504702 0.482230
v 0.178920 17.489901 0.484264
v 0.081960 17.513601 0.481552
v 0.089760 17.509800 0.468218
v 0.027600 17.508600 0.465619
v 0.040080 17.505501 0.443584
v -0.007560 17.495800 0.447878
v -0.001080 17.494501 0.426521
v 0.156480 17.505402 0.501327
v 0.193320 17.484901 0.498276
v 0.156960 17.504200 0.493643
v 0.192480 17.484301 0.492965
v 0.102000 17.519701 0.491948
v 0.105360 17.518600 0.483473
v 0.049800 17.522301 0.474207
v 0.053280 17.522301 0.465958
v 0.006000 17.515501 0.457822
v 0.008160 17.515600 0.451946
v 0.162720 17.492500 0.514096
v 0.199920 17.473900 0.514548
v 0.163920 17.498100 0.508785
v 0.200040 17.477400 0.507655
v 0.109320 17.500301 0.510254
v 0.112080 17.505701 0.504491
v 0.064200 17.492001 0.504491
v 0.066240 17.495300 0.493417
v 0.044640 17.462601 0.490140
v 0.044880 17.464300 0.480761
v 0.152160 17.496601 0.468331
v 0.189480 17.480400 0.470817
v 0.153240 17.494900 0.461664
v 0.189480 17.479200 0.466749
v 0.095880 17.508600 0.456918
v 0.099720 17.507101 0.446183
v 0.038400 17.513201 0.431493
v 0.047160 17.512300 0.414656
v 0.008880 17.496201 0.408780
v 0.018000 17.495701 0.393977
v 0.354960 17.446501 0.534662
v 0.390120 17.436100 0.538391
v 0.355920 17.442701 0.526526
v 0.389760 17.435101 0.533419
v 0.317400 17.436800 0.526978
v 0.321600 17.433500 0.516243
v 0.271800 17.424801 0.512175
v 0.275400 17.423300 0.505282
v 0.204600 17.440901 0.498841
v 0.215040 17.425701 0.492061
v 0.392520 17.443100 0.559974
v 0.426360 17.436800 0.564155
v 0.393840 17.440401 0.553081
v 0.426600 17.434900 0.560313
v 0.344400 17.437101 0.549239
v 0.347520 17.434900 0.539408
v 0.286320 17.431101 0.529351
v 0.289920 17.430801 0.517599
v 0.227520 17.428200 0.507090
v 0.229920 17.428501 0.498163
v 0.383880 17.445101 0.575907
v 0.418080 17.438900 0.579975
v 0.385080 17.444700 0.568901
v 0.418200 17.439800 0.575794
v 0.335040 17.441601 0.564833
v 0.337800 17.439600 0.556245
v 0.276240 17.435001 0.547205
v 0.279360 17.433601 0.539408
v 0.217680 17.429001 0.531046
v 0.220200 17.428501 0.525961
v 0.089520 17.484901 0.145942
v 0.019680 17.476200 0.112833
v 0.075960 17.502201 0.175548
v 0.001440 17.493401 0.146168
v 0.181920 17.480200 0.178260
v 0.178920 17.482401 0.191594
v 0.300120 17.471601 0.176904
v 0.297120 17.475601 0.184701
v 0.145080 17.473900 0.230918
v 0.113040 17.468601 0.208996
v 0.137640 17.478500 0.239054
v 0.107280 17.470501 0.217245
v 0.183480 17.465401 0.251145
v 0.178920 17.469301 0.259733
v 0.240960 17.445501 0.282785
v 0.237600 17.449902 0.288209
v 0.171480 17.484301 0.297023
v 0.143520 17.476000 0.264931
v 0.155640 17.494501 0.310809
v 0.124800 17.487701 0.268886
v 0.203880 17.481800 0.328776
v 0.188160 17.494400 0.340302
v 0.254040 17.442001 0.363467
v 0.250680 17.443201 0.368326
v 0.056400 17.505901 0.243122
v 0.013080 17.506001 0.228093
v 0.053400 17.506802 0.261654
v 0.001920 17.506901 0.237472
v 0.106200 17.494600 0.251936
v 0.100800 17.499601 0.267191
v 0.167760 17.470501 0.264253
v 0.167160 17.473001 0.269790
v 0.061200 17.501902 0.262219
v 0.021120 17.483501 0.247190
v 0.057600 17.508501 0.285271
v 0.028320 17.492300 0.267643
v 0.115080 17.495600 0.276344
v 0.105840 17.505402 0.290921
v 0.163800 17.477501 0.278830
v 0.167160 17.480801 0.285497
v -0.093960 17.524601 0.304255
v -0.080760 17.471401 0.269112
v -0.122280 17.523602 0.340754
v -0.143760 17.458700 0.322448
v -0.057240 17.519402 0.339511
v -0.088800 17.527901 0.366292
v -0.008760 17.484301 0.362224
v -0.018000 17.488401 0.372959
v 0.411120 17.429701 0.486411
v 0.431880 17.419001 0.453076
v 0.403200 17.431101 0.476354
v 0.427560 17.421600 0.451494
v 0.390000 17.433701 0.503474
v 0.382920 17.430401 0.491044
v 0.386040 17.414600 0.514887
v 0.366840 17.424000 0.501214
v 0.343800 17.391800 0.521780
v 0.343080 17.388802 0.515226
v 0.426360 17.421900 0.499971
v 0.446280 17.405901 0.471156
v 0.423120 17.422501 0.497711
v 0.443160 17.408300 0.471043
v 0.403320 17.426500 0.509576
v 0.401280 17.427601 0.506073
v 0.379800 17.430601 0.512853
v 0.380040 17.430000 0.509350
v 0.347040 17.404202 0.533419
v 0.346800 17.400801 0.525735
v 0.436080 17.403502 0.517260
v 0.464040 17.384300 0.504717
v 0.433320 17.409201 0.509802
v 0.459840 17.387701 0.502683
v 0.415200 17.408701 0.524040
v 0.412800 17.406900 0.516921
v 0.396000 17.387001 0.529125
v 0.397560 17.387501 0.521893
v 0.376920 17.378101 0.529464
v 0.376440 17.374001 0.522006
v 0.469800 17.382801 0.498276
v 0.504360 17.368900 0.487428
v 0.466440 17.387402 0.493191
v 0.498000 17.372801 0.485394
v 0.446040 17.397001 0.504491
v 0.444600 17.401901 0.499971
v 0.428760 17.415600 0.509124
v 0.428400 17.419300 0.504378
v 0.411720 17.421701 0.511384
v 0.411720 17.422501 0.504604
v 0.422280 17.415201 0.659188
v 0.464760 17.419800 0.660092
v 0.424080 17.418100 0.644498
v 0.465360 17.418901 0.645854
v 0.381120 17.410101 0.648227
v 0.383280 17.416801 0.630260
v 0.350880 17.403502 0.630260
v 0.356160 17.410900 0.613762
v 0.301680 17.403502 0.585851
v 0.320400 17.403000 0.574325
v 0.438720 17.420900 0.644611
v 0.482040 17.416901 0.645628
v 0.440520 17.419901 0.630034
v 0.482640 17.413000 0.631390
v 0.397680 17.417200 0.633424
v 0.399480 17.420801 0.615457
v 0.367200 17.416101 0.615344
v 0.362880 17.406301 0.590710
v 0.330720 17.408300 0.587885
v 0.328080 17.411800 0.567545
v 0.433560 17.412800 0.686308
v 0.473160 17.420200 0.670149
v 0.429840 17.414301 0.676590
v 0.471120 17.419901 0.661787
v 0.391080 17.401501 0.683144
v 0.390600 17.405001 0.671957
v 0.352440 17.398500 0.670488
v 0.357720 17.398901 0.659414
v 0.307440 17.396301 0.646532
v 0.321600 17.398100 0.635910
v -0.594000 17.313002 -0.196674
v -0.594840 17.313801 -0.186504
v -0.522840 17.346701 -0.192493
v -0.534360 17.347101 -0.175769
v -0.436080 17.333700 -0.192719
v -0.477000 17.350101 -0.188651
v -0.446400 17.331301 -0.173509
v -0.488040 17.354000 -0.175204
v -0.596160 17.323601 -0.082996
v -0.596040 17.324301 -0.075199
v -0.575520 17.349100 -0.082883
v -0.575640 17.351301 -0.073504
v -0.483120 17.335501 -0.108986
v -0.529200 17.349600 -0.089889
v -0.486720 17.335901 -0.094522
v -0.532560 17.353500 -0.077459
v -0.598200 17.326302 -0.040056
v -0.598320 17.327002 -0.032372
v -0.576480 17.356100 -0.049887
v -0.577800 17.355801 -0.031355
v -0.519240 17.337900 -0.077685
v -0.557640 17.356001 -0.064577
v -0.524280 17.340801 -0.055537
v -0.562680 17.363501 -0.046723
v -0.618360 17.310001 -0.112715
v -0.618120 17.311501 -0.105483
v -0.583680 17.329700 -0.117235
v -0.584280 17.330700 -0.101980
v -0.502800 17.321800 -0.155316
v -0.547440 17.334301 -0.138140
v -0.494400 17.325300 -0.144807
v -0.555720 17.345201 -0.115314
v -0.444600 17.349501 -0.265830
v -0.449040 17.347200 -0.264022
v -0.410280 17.355001 -0.194188
v -0.425160 17.356201 -0.193962
v -0.353760 17.357801 -0.102997
v -0.390120 17.360001 -0.146728
v -0.370560 17.353500 -0.096895
v -0.405240 17.358900 -0.145033
v -0.483840 17.337101 -0.298600
v -0.495000 17.335100 -0.294419
v -0.448920 17.348900 -0.240857
v -0.469680 17.346800 -0.235546
v -0.342960 17.350401 -0.105370
v -0.387000 17.353300 -0.156446
v -0.365400 17.349001 -0.106500
v -0.412440 17.353401 -0.156446
v 0.315000 17.394201 0.105714
v 0.300840 17.386101 0.082662
v 0.304560 17.399101 0.108539
v 0.281040 17.388802 0.079611
v 0.320400 17.408100 0.125941
v 0.307320 17.413200 0.127975
v 0.297600 17.407400 0.158485
v 0.286560 17.409300 0.161875
v 0.348960 17.388201 0.109556
v 0.331920 17.379400 0.086052
v 0.341280 17.394701 0.120969
v 0.308640 17.382401 0.094414
v 0.364320 17.405300 0.127410
v 0.357600 17.408300 0.135546
v 0.375000 17.421600 0.157355
v 0.370320 17.419901 0.161423
v 0.393360 17.402000 0.223686
v 0.385920 17.375301 0.196453
v 0.383520 17.401300 0.225268
v 0.372840 17.373701 0.198939
v 0.393360 17.420601 0.244478
v 0.383160 17.420601 0.243913
v 0.383520 17.432400 0.274762
v 0.373320 17.431601 0.277700
v 0.396120 17.388201 0.096561
v 0.375360 17.357201 0.073735
v 0.385440 17.387701 0.099499
v 0.363120 17.358200 0.078029
v 0.406200 17.417301 0.117692
v 0.392400 17.413700 0.118370
v 0.414960 17.435801 0.150914
v 0.404520 17.437201 0.151592
v 0.495600 17.373400 0.212612
v 0.447000 17.369001 0.193402
v 0.495720 17.376501 0.230353
v 0.444840 17.372801 0.213855
v 0.544800 17.373201 0.220296
v 0.545040 17.374802 0.237585
v 0.616080 17.331600 0.229110
v 0.629640 17.310101 0.243913
v 0.496320 17.370100 0.187639
v 0.445320 17.363300 0.172384
v 0.500040 17.376600 0.213516
v 0.445920 17.367601 0.193628
v 0.561960 17.356100 0.187300
v 0.570000 17.357801 0.216002
v 0.614520 17.309700 0.166960
v 0.645720 17.289501 0.204702
v 0.506880 17.364201 0.074865
v 0.439440 17.353401 0.045598
v 0.519360 17.369600 0.097352
v 0.434040 17.346201 0.070458
v 0.606720 17.341400 0.091476
v 0.614640 17.348301 0.113285
v 0.666840 17.308800 0.102211
v 0.671520 17.290201 0.132382
v 0.404880 17.375401 -0.059040
v 0.341880 17.338800 -0.099494
v 0.392520 17.377602 -0.033163
v 0.333600 17.339201 -0.071018
v 0.457560 17.383902 -0.030564
v 0.443280 17.391100 -0.015309
v 0.490560 17.389400 -0.011015
v 0.482400 17.397202 0.000963
v 0.442080 17.408800 0.345048
v 0.391680 17.388802 0.340980
v 0.443400 17.394901 0.379513
v 0.404040 17.388300 0.378722
v 0.468960 17.416300 0.334652
v 0.477840 17.409601 0.362111
v 0.478320 17.404400 0.292955
v 0.494640 17.406401 0.310809
v 0.399840 17.381901 -0.018134
v 0.336000 17.341200 -0.052373
v 0.387480 17.384001 0.007630
v 0.327840 17.345100 -0.026383
v 0.452760 17.397701 0.003449
v 0.443280 17.395700 0.021077
v 0.510120 17.387100 0.011698
v 0.491400 17.389400 0.025145
v 0.284760 17.066601 -0.681896
v 0.292200 17.023300 -0.681670
v 0.104160 16.982201 -0.678167
v 0.135600 16.922701 -0.686303
v -0.095040 16.825100 -0.613644
v -0.016680 16.905800 -0.639521
v 0.013560 16.804201 -0.633193
v 0.063480 16.860601 -0.648109
v 0.085680 17.047001 -0.649578
v 0.099360 17.015800 -0.675455
v -0.011760 16.978001 -0.636809
v 0.007680 16.938501 -0.655906
v -0.122640 16.829500 -0.624605
v -0.073680 16.903900 -0.640651
v -0.077520 16.827400 -0.628899
v -0.039720 16.884300 -0.638617
v 0.050400 17.105301 -0.648674
v 0.060960 17.083500 -0.664494
v -0.043320 17.056200 -0.617825
v -0.027120 17.015800 -0.631159
v -0.174360 16.946701 -0.607429
v -0.119400 17.000301 -0.594434
v -0.106680 16.884001 -0.634210
v -0.070920 16.946201 -0.642459
v -0.257280 17.027500 -0.600310
v -0.222840 17.021301 -0.602909
v -0.247800 16.931501 -0.661669
v -0.208080 16.927401 -0.638617
v -0.198240 16.787100 -0.640312
v -0.237840 16.867601 -0.650256
v -0.158640 16.815401 -0.631498
v -0.190080 16.876501 -0.634888
v 0.419160 16.946100 -0.688337
v 0.418080 16.908600 -0.682122
v 0.249000 16.911201 -0.673534
v 0.256560 16.863100 -0.663138
v 0.033720 16.835201 -0.647205
v 0.120360 16.881701 -0.673534
v 0.115680 16.792601 -0.664042
v 0.172200 16.819401 -0.666302
v 0.257520 16.594400 -0.698733
v 0.226560 16.590700 -0.701558
v 0.211560 16.695200 -0.698281
v 0.167520 16.684999 -0.700880
v 0.099000 16.819601 -0.649691
v 0.154560 16.779301 -0.665850
v 0.076320 16.768000 -0.663929
v 0.116400 16.742800 -0.694439
v -0.771600 17.108301 0.367083
v -0.737760 17.121300 0.323691
v -0.783960 17.082100 0.345387
v -0.737760 17.107700 0.259733
v -0.833040 17.069500 0.423583
v -0.831600 17.038601 0.408215
v -0.854280 16.992100 0.465393
v -0.854040 16.990000 0.457709
v -0.261360 16.695499 -0.667432
v -0.267960 16.708200 -0.666754
v -0.223080 16.702700 -0.688224
v -0.236280 16.719900 -0.686981
v -0.113400 16.757601 -0.648561
v -0.167400 16.723301 -0.667319
v -0.137640 16.766701 -0.645171
v -0.177600 16.737200 -0.663816
v -0.113640 16.635201 -0.701445
v -0.121200 16.644501 -0.698394
v -0.086760 16.660000 -0.699637
v -0.101520 16.671000 -0.692631
v -0.021120 16.744200 -0.649352
v -0.050040 16.700901 -0.681896
v -0.041520 16.749201 -0.644832
v -0.067080 16.708900 -0.670596
v 0.096600 16.656900 -0.703931
v 0.088080 16.658300 -0.703592
v 0.083280 16.701000 -0.697264
v 0.070440 16.695601 -0.700880
v 0.006000 16.772400 -0.650595
v 0.052800 16.737200 -0.689467
v -0.007080 16.762300 -0.651386
v 0.043800 16.733601 -0.688676
v -0.685920 17.094301 -0.374423
v -0.662280 17.040300 -0.379056
v -0.716040 17.080700 -0.320409
v -0.673560 17.001801 -0.330127
v -0.734880 17.138500 -0.300634
v -0.740040 17.108000 -0.281424
v -0.757080 17.133501 -0.235659
v -0.760680 17.125301 -0.233964
v -0.656760 16.984901 -0.437816
v -0.621960 16.939201 -0.447082
v -0.669480 16.965101 -0.410357
v -0.651000 16.936800 -0.409905
v -0.689880 17.014502 -0.393633
v -0.699120 16.984800 -0.390469
v -0.714600 17.016201 -0.340636
v -0.717600 17.006201 -0.339167
v -0.727680 17.162100 -0.110229
v -0.684360 17.120701 -0.132716
v -0.724800 17.156200 -0.098929
v -0.688200 17.123001 -0.110455
v -0.743520 17.185001 -0.077572
v -0.743400 17.164600 -0.068984
v -0.776160 17.162100 -0.013049
v -0.783240 17.149601 -0.008981
v -0.765240 17.168800 0.263010
v -0.741000 17.142500 0.233291
v -0.758040 17.156200 0.279169
v -0.738960 17.137100 0.260863
v -0.780480 17.179800 0.300639
v -0.777240 17.168600 0.307645
v -0.800760 17.185501 0.361320
v -0.798000 17.174700 0.353862
v -0.034680 17.272001 1.315379
v -0.197640 17.282200 1.294926
v -0.082200 17.191101 1.389959
v -0.235800 17.191101 1.370975
v -0.089640 17.168001 1.419000
v -0.213720 17.150200 1.407135
v -0.006240 17.006102 1.352669
v -0.072120 17.114101 1.438775
v -0.087840 17.007601 1.341143
v -0.170040 17.082201 1.429396
v -0.207240 17.276501 1.329052
v -0.351480 17.257000 1.296621
v -0.226440 17.199202 1.374704
v -0.393720 17.159401 1.377190
v -0.199440 17.153801 1.398998
v -0.357360 17.106501 1.396852
v -0.056400 17.027000 1.358771
v -0.144360 17.095901 1.418548
v -0.186600 16.987101 1.354251
v -0.285120 17.062901 1.419000
v -0.062160 17.227201 1.367133
v -0.231120 17.239201 1.331990
v -0.228840 17.234501 1.359336
v -0.387720 17.203100 1.354025
v -0.380640 17.218601 1.325549
v -0.457800 17.195400 1.324645
v -0.371520 17.162701 1.377529
v -0.522000 17.104700 1.327696
v -0.336840 17.120501 1.396174
v -0.484680 17.058001 1.368037
v -0.181800 16.997400 1.352669
v -0.281040 17.072701 1.412446
v -0.284040 16.975201 1.349618
v -0.369600 17.033201 1.393462
v -0.386280 17.192202 1.346567
v -0.497640 17.166901 1.312554
v 0.301920 17.223101 1.310972
v 0.268440 17.234301 1.316509
v 0.243600 17.172001 1.404084
v 0.156000 17.197701 1.379789
v 0.202320 17.107500 1.432447
v 0.113760 17.137001 1.441035
v 0.121200 17.008600 1.348827
v 0.151080 17.065500 1.394818
v 0.025320 17.015301 1.345437
v 0.081000 17.085701 1.401711
v 0.269040 17.194500 1.373122
v 0.217800 17.238901 1.345324
v 0.517800 16.900002 1.321142
v 0.585000 16.868700 1.275716
v 0.497760 16.973301 1.347245
v 0.569880 17.051201 1.296282
v 0.435000 16.974800 1.336284
v 0.441360 17.120600 1.331086
v 0.360000 16.967701 1.316735
v 0.376560 16.968000 1.346567
v 0.254880 16.994501 1.338883
v 0.344640 17.084900 1.402841
v 0.528120 16.947102 1.335267
v 0.598920 16.941601 1.291197
v 0.599880 17.003801 1.278767
v 0.520560 16.963600 1.338544
v 0.471600 16.973301 1.362274
v 0.533160 17.105101 1.340352
v -0.660720 16.861900 1.166784
v -0.615600 16.863100 1.190288
v -0.663000 16.970100 1.231872
v -0.581640 16.922600 1.243285
v -0.603960 17.045101 1.280688
v -0.537720 16.943800 1.271648
v -0.411000 17.005901 1.330182
v -0.510960 17.046501 1.344532
v -0.403080 16.982500 1.309842
v -0.493200 16.964001 1.309164
v -0.673800 16.918100 1.192774
v -0.603960 16.902700 1.219329
v -0.415440 16.896601 -0.633758
v -0.377760 16.911501 -0.642346
v -0.355080 16.833900 -0.654211
v -0.300240 16.863300 -0.672856
v -0.222960 16.736500 -0.642572
v -0.290880 16.792801 -0.655680
v -0.171000 16.777201 -0.642233
v -0.236160 16.818501 -0.647318
v -0.856920 16.990700 0.712524
v -0.735840 17.026501 0.606643
v -0.862080 16.974201 0.703936
v -0.746400 17.012501 0.585173
v -0.882480 16.952501 0.756142
v -0.886800 16.940601 0.752639
v -0.897720 16.890202 0.799195
v -0.897480 16.886900 0.798517
v -0.516840 17.279001 -0.294193
v -0.469680 17.263901 -0.282102
v -0.493800 17.260900 -0.304589
v -0.458400 17.249901 -0.286735
v -0.585000 17.273701 -0.335551
v -0.558120 17.261702 -0.351371
v -0.624360 17.237001 -0.385497
v -0.615840 17.230101 -0.397249
v 0.108000 16.496799 -0.694326
v 0.079800 16.507999 -0.712745
v 0.141960 16.574301 -0.699072
v 0.098640 16.590200 -0.713423
v 0.122760 16.715900 -0.668223
v 0.147120 16.647800 -0.698394
v 0.067800 16.727699 -0.667658
v 0.088680 16.644100 -0.700541
v 0.029400 16.504801 -0.734102
v 0.004440 16.497101 -0.718395
v 0.058680 16.574501 -0.732746
v 0.020040 16.584101 -0.719864
v 0.051240 16.698101 -0.673986
v 0.067440 16.641600 -0.690371
v 0.020520 16.673100 -0.671387
v 0.017520 16.635300 -0.675681
v 0.350400 16.786201 -0.685625
v 0.344520 16.781301 -0.683591
v 0.235920 16.807501 -0.659183
v 0.235680 16.797401 -0.661782
v 0.156840 16.792501 -0.643702
v 0.189240 16.802900 -0.645962
v 0.161160 16.786001 -0.645510
v 0.195240 16.793600 -0.649804
v 0.629520 17.250000 0.939202
v 0.536280 17.325800 0.929597
v 0.605280 17.242001 0.970277
v 0.520800 17.305801 0.951519
v 0.648600 17.211102 0.920105
v 0.630480 17.199001 0.957395
v 0.663360 17.150101 0.878521
v 0.635760 17.146101 0.950389
v 0.606240 17.279701 0.940671
v 0.551040 17.272701 0.965079
v 0.591000 17.211102 1.039772
v 0.518160 17.249401 1.028020
v 0.578040 17.194201 1.047682
v 0.506520 17.250301 1.037173
v 0.605880 17.188301 1.021014
v 0.600360 17.179300 1.039433
v 0.626640 17.140400 0.979882
v 0.600360 17.139801 1.022144
v 0.558000 17.234600 1.036947
v 0.551640 17.226101 1.045309
v -0.683760 17.235500 -0.155203
v -0.684360 17.163601 -0.159045
v -0.693480 17.226400 -0.130117
v -0.687120 17.168901 -0.140965
v -0.654960 17.287100 -0.101867
v -0.663120 17.276001 -0.088307
v -0.678000 17.302500 -0.031242
v -0.680280 17.298700 -0.031920
v 0.420000 17.192600 1.301706
v 0.360360 17.216702 1.322611
v 0.382680 17.137800 1.371540
v 0.313080 17.171200 1.388716
v 0.343560 17.097500 1.392671
v 0.273240 17.114700 1.409508
v 0.225480 16.997000 1.337527
v 0.303840 17.051500 1.382614
v 0.172800 17.005301 1.339109
v 0.240360 17.067400 1.390976
v 0.401160 17.160000 1.330408
v 0.336480 17.191101 1.354703
v 0.804000 17.035801 0.639526
v 0.827880 16.988001 0.747328
v 0.812160 17.014301 0.645289
v 0.829080 16.975801 0.757046
v 0.767520 17.048700 0.580766
v 0.773160 17.023901 0.583139
v 0.736320 17.043501 0.472625
v 0.745920 17.017200 0.513983
v 0.817920 17.017101 0.695687
v 0.825000 16.997900 0.696139
v 0.440880 16.629301 -0.672404
v 0.405360 16.624701 -0.687885
v 0.331320 16.708300 -0.679636
v 0.280200 16.689400 -0.693535
v 0.181080 16.754700 -0.650369
v 0.244560 16.732901 -0.660426
v 0.174720 16.743999 -0.656358
v 0.218760 16.718401 -0.664381
v 0.666240 17.271801 0.055655
v 0.625800 17.305901 0.150462
v 0.697320 17.244200 0.094753
v 0.632880 17.300800 0.166395
v 0.680640 17.210800 -0.005139
v 0.686640 17.170601 0.048310
v 0.675600 17.106501 -0.058023
v 0.678360 17.097500 0.020060
v 0.647280 17.284901 0.106957
v 0.670200 17.266401 0.140631
v 0.110160 17.283501 1.284756
v -0.014760 17.294500 1.275377
v 0.013680 17.204601 1.380128
v -0.096360 17.221300 1.363969
v 0.005880 17.176901 1.411203
v -0.101400 17.173201 1.394818
v 0.057720 17.022301 1.350635
v 0.017280 17.121000 1.429283
v -0.016920 17.003801 1.354364
v -0.087000 17.109701 1.412220
v 0.041520 17.237301 1.351652
v -0.053400 17.274801 1.297073
v 0.229680 17.248800 1.310633
v 0.083880 17.281401 1.293344
v 0.127800 17.177401 1.383179
v -0.000120 17.199701 1.368150
v 0.122880 17.154400 1.407135
v -0.002040 17.160200 1.396965
v 0.148320 17.014200 1.344872
v 0.131400 17.106300 1.421938
v 0.082560 17.031301 1.352217
v 0.024120 17.109901 1.410638
v 0.158040 17.211901 1.366003
v 0.038160 17.250502 1.332103
v -0.507360 17.161400 1.319899
v -0.574440 17.121801 1.274812
v -0.458400 17.097601 1.387134
v -0.585120 17.020102 1.299898
v -0.419880 17.066301 1.402502
v -0.545280 16.993000 1.309955
v -0.286200 16.978701 1.334702
v -0.374400 17.032801 1.404649
v -0.390120 16.924400 1.315605
v -0.483000 16.968601 1.326792
v -0.497640 17.127800 1.359223
v -0.597720 17.051701 1.299107
v 0.308040 17.151201 -0.500983
v 0.270240 17.186800 -0.498045
v 0.390000 17.158100 -0.451150
v 0.313080 17.224501 -0.456913
v 0.513480 17.209702 -0.319731
v 0.437280 17.191601 -0.431827
v 0.424080 17.252100 -0.306736
v 0.357840 17.240700 -0.428324
v 0.179040 17.253801 -0.408323
v 0.164880 17.293600 -0.391599
v 0.267120 17.247301 -0.400300
v 0.236520 17.320501 -0.374875
v 0.426000 17.229101 -0.329336
v 0.340440 17.266701 -0.406967
v 0.398640 17.272100 -0.283345
v 0.295800 17.323900 -0.369677
v 0.247680 17.165501 -0.498836
v 0.214200 17.197201 -0.493525
v 0.321120 17.182701 -0.458269
v 0.254160 17.236801 -0.451941
v 0.419280 17.215900 -0.380073
v 0.374040 17.214401 -0.436234
v 0.346080 17.259901 -0.344704
v 0.298080 17.254002 -0.424256
v 0.558960 16.878500 1.313006
v 0.549600 17.008101 1.342725
v 0.436560 17.045200 1.360579
v 0.362160 17.018002 1.381371
v 0.304560 16.979801 1.317526
v 0.570960 16.941200 1.327018
v 0.574440 16.979900 1.328600
v 0.506400 17.036100 1.378207
v -0.541080 17.142401 1.297412
v -0.518640 17.056801 1.358771
v -0.474360 17.029600 1.387360
v -0.411360 17.000200 1.380467
v -0.549360 17.094801 1.329391
v -0.333960 16.949800 1.334928
v -0.810720 16.679800 0.981125
v -0.870720 16.757900 0.751961
v -0.892200 16.780100 0.517373
v -0.887880 16.758900 0.290130
v -0.893280 16.719500 0.054412
v -0.857040 16.651501 -0.132490
v -0.726120 16.538000 -0.333743
v 0.796920 16.675900 1.011296
v 0.860280 16.759001 0.765521
v 0.883200 16.775301 0.529238
v 0.898440 16.763100 0.306967
v 0.870720 16.738001 0.059949
v 0.862320 16.680201 -0.161418
v 0.733920 16.594700 -0.361654
v 0.838440 16.885401 0.775691
v 0.835560 16.916500 0.522458
v 0.854280 16.892401 0.299735
v 0.878640 16.857700 0.040174
v 0.806160 16.775700 -0.181758
v 0.682320 16.666100 -0.387870
v 0.758040 16.784401 1.068587
v -0.868440 16.884701 0.767668
v -0.851640 16.915201 0.513192
v -0.869760 16.894402 0.282559
v -0.855960 16.836500 0.034976
v -0.816360 16.746700 -0.148423
v -0.696240 16.592400 -0.346738
v -0.762720 16.791801 1.035365
v 0.680640 17.140701 -0.294871
v 0.642720 17.215401 -0.233625
v 0.691080 17.152802 -0.266395
v 0.650640 17.217201 -0.217805
v 0.708480 17.081501 -0.307753
v 0.721800 17.091600 -0.278486
v 0.709200 17.003201 -0.302668
v 0.721440 17.015902 -0.270011
v 0.654960 17.185701 -0.269559
v 0.665400 17.189600 -0.249671
v 0.686640 17.165701 -0.253174
v 0.640680 17.228601 -0.210234
v 0.697080 17.172100 -0.225715
v 0.649800 17.218102 -0.208087
v 0.720360 17.112600 -0.266056
v 0.726480 17.126301 -0.237806
v 0.717240 17.012701 -0.280520
v 0.732720 17.043201 -0.232382
v 0.667920 17.194201 -0.237354
v 0.673320 17.201101 -0.215997
v 0.697080 17.174601 -0.221873
v 0.650160 17.222900 -0.197126
v 0.697320 17.184601 -0.203906
v 0.656040 17.223200 -0.187521
v 0.722640 17.135500 -0.233964
v 0.729120 17.138401 -0.214980
v 0.727920 17.049801 -0.241422
v 0.739800 17.063002 -0.202663
v 0.673800 17.204102 -0.210008
v 0.680160 17.204601 -0.194979
v 0.683880 17.200300 -0.188425
v 0.644160 17.251101 -0.147971
v 0.691800 17.213301 -0.147293
v 0.651000 17.261002 -0.116444
v 0.703920 17.183300 -0.193623
v 0.711000 17.189800 -0.158254
v 0.728760 17.104601 -0.199725
v 0.739800 17.106901 -0.148310
v 0.672960 17.218500 -0.171023
v 0.676920 17.232401 -0.135541
v 0.651000 17.272100 -0.048757
v 0.615120 17.297300 -0.001410
v 0.658440 17.260401 -0.016665
v 0.648240 17.323400 0.091137
v 0.669480 17.225601 -0.100624
v 0.680880 17.218901 -0.045141
v 0.740040 17.096201 -0.166277
v 0.682920 17.114401 -0.048531
v 0.635760 17.283401 -0.033954
v 0.642000 17.272501 -0.002766
v 0.680040 17.251001 0.030004
v 0.660720 17.316401 0.095770
v 0.679800 17.256201 0.040852
v 0.667200 17.313200 0.098821
v 0.715080 17.208500 -0.033163
v 0.717840 17.200401 -0.001862
v 0.756120 17.097700 -0.109551
v 0.767400 17.106100 -0.026609
v 0.672720 17.270802 0.051474
v 0.674760 17.270401 0.059045
v 0.684480 17.259501 0.066729
v 0.670320 17.313101 0.105601
v 0.697800 17.246000 0.088086
v 0.678360 17.303501 0.119839
v 0.715920 17.200001 0.004918
v 0.725520 17.177700 0.043903
v 0.762720 17.113001 -0.032711
v 0.760080 17.102501 0.048649
v 0.675960 17.301901 0.108539
v 0.680520 17.297901 0.116336
v 0.686760 17.263102 0.130687
v 0.634200 17.318100 0.238489
v 0.684720 17.260700 0.134642
v 0.633600 17.317701 0.240410
v 0.701040 17.224001 0.084809
v 0.723720 17.159901 0.145716
v 0.755400 17.107401 0.051135
v 0.745680 17.098200 0.124246
v 0.643560 17.298401 0.201877
v 0.655920 17.230301 0.216793
v 0.659400 17.222401 0.229449
v 0.622680 17.250801 0.379174
v 0.673320 17.196800 0.258490
v 0.624480 17.248901 0.389570
v 0.706920 17.177200 0.170350
v 0.725520 17.142401 0.230918
v 0.746640 17.095501 0.130461
v 0.743040 17.094200 0.210126
v 0.642360 17.235901 0.270355
v 0.647880 17.222301 0.305272
v 0.660000 17.200401 0.500875
v 0.630840 17.254101 0.674669
v 0.690840 17.171701 0.583252
v 0.640080 17.250900 0.744616
v 0.684360 17.165401 0.414882
v 0.720480 17.128801 0.536244
v 0.730680 17.091400 0.314877
v 0.722760 17.086401 0.462342
v 0.646320 17.225601 0.561330
v 0.666120 17.197201 0.625514
v -0.737400 17.173201 0.673087
v -0.727800 17.136301 0.601332
v -0.750600 17.164400 0.678398
v -0.731880 17.135101 0.608903
v -0.710280 17.212801 0.711168
v -0.716880 17.206301 0.720886
v -0.670080 17.228901 0.763939
v -0.682200 17.218500 0.764052
v -0.729840 17.193100 0.718174
v -0.706320 17.140202 0.617604
v -0.747480 17.174400 0.722355
v -0.721080 17.142700 0.652408
v -0.710520 17.197601 0.760323
v -0.727320 17.184000 0.757950
v -0.707280 17.150400 0.854226
v -0.711720 17.142601 0.857390
v -0.751920 17.169701 0.731282
v -0.717600 17.145802 0.650374
v -0.767640 17.150501 0.744277
v -0.729840 17.151402 0.673991
v -0.743160 17.158800 0.768346
v -0.761520 17.139601 0.771284
v -0.732480 17.098701 0.872193
v -0.735240 17.096001 0.869707
v -0.790800 17.118000 0.679415
v -0.717480 17.132700 0.630486
v -0.800880 17.099800 0.670601
v -0.730440 17.112801 0.625288
v -0.795360 17.106201 0.745181
v -0.805080 17.085501 0.752300
v -0.779880 17.055601 0.816032
v -0.780600 17.050600 0.818518
v -0.687240 17.162401 0.558731
v -0.645240 17.170301 0.491609
v -0.710520 17.163801 0.610372
v -0.655800 17.170101 0.559522
v -0.645360 17.229900 0.585851
v -0.684960 17.216900 0.655459
v -0.605520 17.278900 0.599637
v -0.633600 17.265501 0.663708
v -0.705240 17.185400 0.397254
v -0.687480 17.183001 0.374993
v -0.700440 17.161301 0.455223
v -0.661920 17.156500 0.475563
v -0.657480 17.237900 0.411718
v -0.654240 17.221901 0.458048
v -0.594840 17.308500 0.444714
v -0.601080 17.286201 0.503700
v -0.686040 17.241100 0.253744
v -0.715440 17.178301 0.232952
v -0.685680 17.221500 0.333748
v -0.698040 17.176701 0.343579
v -0.643800 17.279800 0.259281
v -0.653640 17.255001 0.334878
v -0.582120 17.320002 0.285723
v -0.580680 17.313101 0.331488
v 0.697920 17.180700 0.735802
v 0.650160 17.217701 0.840327
v 0.711840 17.169500 0.772075
v 0.656040 17.209600 0.909709
v 0.691440 17.165901 0.683257
v 0.739440 17.111801 0.714106
v 0.699720 17.128601 0.576585
v 0.710880 17.102400 0.622576
v 0.687840 17.196201 0.773431
v 0.687600 17.185400 0.836598
v -0.637560 17.165701 0.968695
v -0.679560 17.090601 0.959994
v -0.613560 17.142500 1.026551
v -0.657600 17.067701 1.027794
v -0.592080 17.201700 0.979430
v -0.555480 17.195601 1.027794
v -0.549720 17.217501 1.007002
v -0.527760 17.208302 1.038642
v -0.690480 17.221601 0.090233
v -0.699600 17.160601 0.062322
v -0.691440 17.209600 0.174305
v -0.718440 17.167400 0.177130
v -0.673920 17.252201 0.119500
v -0.682200 17.252602 0.174192
v -0.639960 17.295700 0.157129
v -0.642480 17.291700 0.187865
v -0.636240 17.223200 0.547205
v -0.656760 17.195301 0.481326
v -0.659400 17.218102 0.600767
v -0.648480 17.188801 0.581896
v -0.598560 17.284201 0.561443
v -0.623400 17.264900 0.635345
v -0.572520 17.350300 0.611728
v -0.597000 17.342701 0.643142
v -0.657240 17.239101 0.401887
v -0.666000 17.208401 0.364597
v -0.647760 17.218401 0.471269
v -0.661680 17.193300 0.473416
v -0.611280 17.289900 0.425052
v -0.610320 17.277500 0.492061
v -0.545760 17.377501 0.436465
v -0.568560 17.333601 0.514322
v -0.659160 17.267900 0.256456
v -0.689640 17.214201 0.227641
v -0.658320 17.250200 0.334539
v -0.671520 17.208302 0.336686
v -0.614400 17.304300 0.254987
v -0.624360 17.280701 0.331488
v -0.545520 17.390800 0.297249
v -0.533040 17.387001 0.301317
v -0.666360 17.256201 0.099499
v -0.678960 17.195501 0.063565
v -0.666240 17.245501 0.180294
v -0.696960 17.202301 0.178712
v -0.637920 17.293400 0.127523
v -0.642720 17.291401 0.184927
v -0.585600 17.338701 0.154304
v -0.588120 17.333200 0.181537
v 0.599280 17.283401 -0.150118
v 0.591600 17.313900 -0.087064
v 0.612960 17.270000 -0.108195
v 0.598080 17.313501 -0.055763
v 0.601320 17.229000 -0.210573
v 0.628440 17.234800 -0.156559
v 0.691560 17.099701 -0.286170
v 0.718200 17.125801 -0.198821
v 0.602520 17.295801 -0.118139
v 0.612720 17.299101 -0.090341
v 0.652320 17.268600 -0.091358
v 0.600840 17.311100 -0.047966
v 0.663120 17.261400 -0.065481
v 0.607080 17.306200 -0.028982
v 0.684720 17.229000 -0.124354
v 0.679200 17.218102 -0.093166
v 0.717720 17.103800 -0.225150
v 0.734520 17.118700 -0.145598
v 0.631320 17.288000 -0.071809
v 0.638640 17.283201 -0.046045
v 0.657240 17.266800 -0.046384
v 0.607320 17.304800 -0.003896
v 0.663120 17.256201 -0.019264
v 0.610680 17.299000 0.019382
v 0.682800 17.216600 -0.086725
v 0.678600 17.181101 -0.029773
v 0.733080 17.122900 -0.143790
v 0.676560 17.112101 -0.049322
v 0.636600 17.281500 -0.026496
v 0.639960 17.273602 0.000850
v 0.668400 17.261501 0.144812
v 0.611520 17.272902 0.272954
v 0.664920 17.231501 0.172836
v 0.614640 17.267900 0.283237
v 0.691680 17.205601 0.080515
v 0.697800 17.162500 0.139275
v 0.681960 17.101101 0.021868
v 0.729600 17.121201 0.123116
v 0.637800 17.260302 0.183006
v 0.643200 17.247400 0.215098
v 0.640800 17.225700 0.388553
v 0.608160 17.270000 0.568562
v 0.664800 17.192400 0.483586
v 0.611640 17.274601 0.645741
v 0.667440 17.192600 0.316007
v 0.676320 17.144701 0.429798
v 0.726720 17.110901 0.226624
v 0.711360 17.109501 0.370021
v 0.621360 17.249201 0.448556
v 0.651960 17.215601 0.537826
vn 0.9528 -0.1107 0.2825
vn 0.9968 -0.0342 0.0726
vn 0.9959 -0.0696 0.0584
vn 0.9967 -0.0516 -0.0629
vn 0.9958 -0.0547 -0.0739
vn 0.8288 -0.2302 -0.5099
vn -0.9516 -0.1337 0.2769
vn -0.9923 -0.0086 0.1236
vn -0.9988 0.0475 0.0119
vn -0.9990 0.0350 -0.0266
vn -0.9830 -0.0267 -0.1814
vn -0.8229 -0.1874 -0.5364
vn -0.0927 0.4064 -0.9090
vn -0.0267 0.4090 -0.9121
vn -0.1773 0.0430 -0.9832
vn -0.0524 0.0493 -0.9974
vn -0.0063 0.3306 -0.9437
vn -0.4605 0.5390 -0.7053
vn -0.3597 0.5527 -0.7518
vn -0.2122 0.9713 -0.1071
vn -0.1342 0.9815 -0.1365
vn -0.1704 0.9819 -0.0828
vn -0.2908 0.9565 0.0225
vn -0.4572 0.8753 -0.1574
vn -0.3475 0.9315 -0.1075
vn -0.3291 0.9310 0.1579
vn -0.3442 0.8931 0.2896
vn -0.2694 0.7538 0.5994
vn -0.2888 0.8962 -0.3368
vn -0.5137 0.7777 0.3625
vn -0.4498 0.6223 0.6406
vn -0.2708 -0.2150 -0.9383
vn -0.4426 -0.3413 -0.8292
vn -0.4605 -0.3431 -0.8187
vn -0.4377 -0.4482 -0.7795
vn -0.4293 -0.5601 -0.7085
vn -0.6138 -0.6643 -0.4265
vn -0.2218 0.6443 -0.7319
vn -0.1374 0.2291 -0.9637
vn -0.3737 0.2144 -0.9024
vn 0.0704 0.1864 -0.9800
vn -0.2517 0.3765 -0.8916
vn -0.3650 0.6464 -0.6700
vn -0.8067 0.5901 -0.0334
vn -0.8083 0.5741 -0.1303
vn -0.7688 0.6250 -0.1352
vn -0.6630 0.7304 0.1641
vn -0.7082 0.7001 0.0909
vn -0.8048 0.5098 -0.3039
vn -0.6998 0.7080 0.0951
vn -0.7533 0.6348 0.1721
vn -0.7923 0.5739 0.2073
vn -0.6951 0.3626 -0.6208
vn -0.9758 0.1810 -0.1224
vn -0.8540 0.4892 -0.1771
vn -0.8400 0.5115 -0.1808
vn 0.0961 0.6610 -0.7442
vn 0.0627 0.6276 -0.7760
vn -0.0987 0.9225 -0.3732
vn -0.1294 0.9513 -0.2799
vn -0.2368 0.9423 -0.2366
vn -0.3388 0.9394 0.0531
vn -0.1933 0.9784 -0.0736
vn -0.1479 0.9560 0.2535
vn -0.1210 0.9839 0.1312
vn -0.0471 0.9594 0.2780
vn -0.1152 0.8880 0.4452
vn -0.0753 0.9616 0.2641
vn 0.0303 0.9679 0.2495
vn 0.0366 0.7214 0.6916
vn 0.0529 -0.0953 0.9940
vn -0.5444 -0.3271 0.7724
vn -0.2026 0.0390 -0.9785
vn 0.0597 0.1475 -0.9873
vn -0.0381 0.1868 -0.9817
vn -0.6101 0.0566 -0.7903
vn -0.8446 -0.0840 -0.5288
vn -0.7751 -0.0582 -0.6292
vn -0.9645 0.0286 -0.2626
vn -0.9957 -0.0921 0.0115
vn -0.1541 -0.0062 -0.9880
vn -0.0452 -0.0496 -0.9977
vn -0.9195 -0.0176 0.3928
vn -0.0231 -0.0041 -0.9997
vn -0.5172 -0.0190 -0.8556
vn -0.7472 -0.0848 -0.6592
vn -0.8290 0.1589 -0.5362
vn -0.9537 0.2709 -0.1307
vn -0.9374 0.3401 -0.0744
vn -0.1400 0.1973 -0.9703
vn 0.0925 0.1482 -0.9846
vn -0.9226 0.1304 0.3630
vn -0.8310 0.1882 0.5234
vn -0.9886 0.1302 -0.0762
vn -0.7744 0.6237 -0.1065
vn -0.8513 0.5065 0.1370
vn -0.9394 0.3039 -0.1586
vn 0.0301 0.2762 -0.9606
vn -0.0545 0.2809 -0.9582
vn -0.5646 -0.3647 -0.7404
vn -0.4558 -0.3049 -0.8362
vn -0.7349 -0.1198 -0.6675
vn -0.8000 0.0364 -0.5988
vn -0.9005 -0.3979 -0.1753
vn -0.4457 -0.3181 0.8368
vn -0.7651 0.5432 0.3458
vn -0.6467 0.6990 0.3053
vn -0.6918 0.5669 0.4473
vn -0.7324 -0.1130 0.6714
vn -0.4910 -0.2552 0.8330
vn -0.8575 0.0758 0.5089
vn -0.9984 -0.0020 0.0559
vn -0.4756 -0.0462 -0.8785
vn -0.9546 -0.1073 0.2780
vn -0.8683 0.3867 0.3107
vn 0.0311 0.2936 -0.9554
vn -0.0809 0.1666 -0.9827
vn 0.0653 0.0942 -0.9934
vn -0.9214 0.0129 0.3884
vn -0.9966 0.0818 0.0033
vn -0.6647 -0.2144 -0.7156
vn -0.9097 -0.0992 -0.4033
vn -0.8300 0.1580 -0.5350
vn -0.9626 0.1775 -0.2047
vn -0.9863 0.1627 -0.0287
vn 0.1569 -0.3001 0.9409
vn -0.7110 -0.2311 0.6641
vn -0.3219 0.2097 -0.9233
vn 0.4685 0.0333 -0.8828
vn -0.9289 -0.2672 -0.2563
vn -0.5424 -0.3650 -0.7567
vn -0.8920 -0.4128 -0.1845
vn -0.1176 -0.3015 -0.9462
vn -0.1840 -0.1365 -0.9734
vn -0.0846 -0.5479 -0.8323
vn -0.0165 -0.5646 -0.8252
vn -0.0141 -0.3010 -0.9535
vn -0.1393 -0.2380 -0.9612
vn -0.1928 -0.2262 -0.9548
vn -0.3430 0.3932 -0.8531
vn 0.1979 0.2033 -0.9589
vn 0.1077 0.0620 -0.9922
vn -0.0239 -0.0179 -0.9996
vn 0.0721 0.0643 -0.9953
vn 0.3044 0.6503 -0.6960
vn 0.2451 0.8255 -0.5084
vn 0.0561 0.9751 -0.2144
vn -0.0475 0.9780 -0.2031
vn -0.0979 0.9937 0.0554
vn 0.1372 0.9805 -0.1410
vn 0.1291 0.9735 0.1887
vn 0.2939 0.9459 0.1374
vn 0.1482 0.9407 0.3051
vn 0.1139 0.9145 0.3883
vn 0.3596 0.9028 0.2360
vn 0.3548 0.9300 0.0959
vn 0.4565 0.7100 0.5362
vn 0.4251 0.5437 0.7236
vn 0.0030 -0.1148 0.9934
vn 0.0610 -0.2449 0.9676
vn 0.1739 -0.2938 -0.9399
vn 0.3994 -0.2921 -0.8690
vn 0.3981 -0.4388 -0.8056
vn 0.3975 -0.6274 -0.6696
vn 0.4154 -0.5390 -0.7327
vn 0.5989 -0.6133 -0.5149
vn 0.1389 0.6896 -0.7107
vn 0.0746 -0.0490 -0.9960
vn 0.1068 0.0931 -0.9899
vn 0.1941 -0.1330 -0.9719
vn 0.4411 0.4324 -0.7864
vn 0.3562 0.5888 -0.7256
vn 0.5796 0.7659 -0.2785
vn 0.6578 0.7461 0.1033
vn 0.7631 0.6420 -0.0739
vn 0.7952 0.5892 0.1434
vn 0.8340 0.5452 -0.0848
vn 0.7678 0.6332 -0.0975
vn 0.7954 0.5885 -0.1454
vn 0.6523 0.6767 0.3415
vn 0.6701 0.5950 0.4438
vn 0.5078 0.4141 -0.7555
vn 0.8968 0.3252 -0.3000
vn 0.7891 0.6143 0.0016
vn 0.7644 0.6386 0.0883
vn 0.0063 0.7106 -0.7036
vn -0.0187 0.5457 -0.8378
vn 0.2028 0.9347 -0.2919
vn 0.2403 0.8870 -0.3942
vn 0.3082 0.9086 -0.2819
vn 0.3215 0.9326 0.1641
vn 0.2428 0.9646 -0.1027
vn 0.2803 0.9576 0.0662
vn 0.2158 0.9456 0.2436
vn 0.2462 0.9597 0.1353
vn 0.1664 0.9034 0.3953
vn 0.1224 0.9255 0.3585
vn 0.1442 0.9525 0.2683
vn 0.1141 0.7583 0.6418
vn -0.2704 0.0448 -0.9617
vn 0.2370 -0.1771 -0.9552
vn 0.9674 0.0042 0.2532
vn 0.2880 0.1198 -0.9501
vn 0.8539 -0.0458 -0.5185
vn 0.9694 -0.0202 -0.2448
vn 0.9981 0.0602 -0.0138
vn 0.2277 0.2540 -0.9400
vn 0.0276 -0.0615 -0.9977
vn 0.0204 -0.0751 -0.9970
vn -0.0066 0.2726 -0.9621
vn 0.5476 0.2535 -0.7974
vn 0.7106 0.1830 -0.6794
vn 0.8525 0.0801 -0.5166
vn 0.9695 0.1304 -0.2076
vn 0.9767 0.1776 0.1208
vn -0.0148 0.0210 -0.9997
vn 0.1728 0.0790 -0.9818
vn 0.9828 0.0704 0.1709
vn 0.9864 0.1616 0.0315
vn 0.8762 0.4600 -0.1435
vn 0.8767 0.4809 0.0111
vn 0.8049 0.5054 0.3112
vn 0.8925 0.4407 0.0961
vn 0.3041 0.1640 -0.9384
vn -0.1727 0.3820 -0.9079
vn 0.3846 -0.2069 -0.8996
vn 0.5749 -0.3546 -0.7374
vn 0.8605 -0.0586 -0.5060
vn 0.8959 -0.0407 -0.4425
vn 0.9355 -0.2518 -0.2477
vn 0.1244 0.1486 -0.9810
vn 0.5446 -0.2373 0.8044
vn 0.8062 0.4100 0.4265
vn 0.8389 0.5232 0.1498
vn 0.7421 0.6165 0.2629
vn 0.9410 0.0114 0.3381
vn 0.9617 0.0302 0.2724
vn 0.9927 -0.0051 0.1204
vn 0.9768 0.0668 0.2035
vn 0.9363 0.1825 0.3001
vn 0.7932 -0.1510 0.5899
vn 0.0577 0.1982 -0.9785
vn -0.0177 0.1156 -0.9931
vn 0.1889 0.2082 -0.9597
vn 0.9744 -0.0287 0.2232
vn 0.9884 -0.0555 0.1416
vn 0.2722 -0.1311 -0.9533
vn 0.8873 -0.0422 -0.4592
vn 0.9823 -0.0272 -0.1854
vn 0.9994 0.0161 -0.0316
vn 0.9698 -0.0143 0.2435
vn 0.9327 -0.2413 -0.2682
vn 0.5046 -0.4912 -0.7100
vn 0.8433 -0.5293 -0.0932
vn 0.1328 -0.3332 -0.9335
vn 0.1166 -0.0262 -0.9928
vn 0.1045 -0.5214 -0.8469
vn -0.0346 -0.5855 -0.8100
vn -0.0262 -0.3104 -0.9502
vn 0.0564 -0.2499 -0.9666
vn 0.1077 -0.2030 -0.9732
vn -0.6567 -0.4251 -0.6229
vn -0.8620 -0.4979 -0.0950
vn -0.2302 -0.2299 -0.9456
vn 0.5789 -0.4213 -0.6981
vn 0.8949 -0.4140 -0.1666
vn 0.1723 -0.2684 -0.9478
vn -0.4808 0.7919 0.3764
vn -0.7143 0.6699 -0.2026
vn -0.2023 0.8467 0.4920
vn 0.9930 0.0364 0.1120
vn -0.9323 0.3430 -0.1144
vn 0.9514 0.0021 0.3079
vn -0.9834 0.1625 0.0811
vn 0.2213 0.9634 -0.1513
vn 0.8549 0.5170 -0.0437
vn 0.1909 0.8055 0.5609
vn 0.9202 0.3863 0.0627
vn 0.9956 0.0940 0.0054
vn -0.3221 0.9466 0.0126
vn -0.5461 0.6469 0.5322
vn -0.0832 0.8616 0.5007
vn 0.9788 0.0030 0.2048
vn -0.9860 0.1014 0.1327
vn 0.9453 -0.0760 0.3173
vn -0.9946 0.0999 0.0269
vn 0.0244 0.8897 0.4559
vn 0.7366 0.6763 -0.0034
vn 0.2125 0.7222 0.6583
vn 0.9535 0.2865 -0.0933
vn 0.9783 -0.0191 0.2062
vn -0.3775 0.9047 -0.1974
vn -0.8102 0.4574 0.3665
vn -0.1601 0.9862 0.0431
vn 0.9915 0.1162 -0.0583
vn -0.8236 0.4007 0.4014
vn 0.9640 -0.0221 -0.2651
vn -0.9836 0.1332 0.1219
vn 0.3682 0.8977 0.2419
vn 0.8153 0.5785 -0.0252
vn 0.1605 0.9861 0.0438
vn 0.8925 0.4508 -0.0151
vn 0.9717 0.2287 -0.0584
vn 0.0222 0.3677 -0.9297
vn 0.0336 0.4703 -0.8819
vn -0.0203 0.4989 -0.8664
vn 0.0091 0.4353 -0.9003
vn -0.0467 0.2858 -0.9571
vn -0.0486 0.1962 -0.9794
vn -0.2137 -0.2494 -0.9445
vn -0.1720 -0.0821 -0.9817
vn -0.1338 0.1753 -0.9754
vn -0.1341 -0.0637 -0.9889
vn -0.2244 -0.1639 -0.9606
vn -0.0520 -0.1263 -0.9906
vn -0.0036 0.3717 -0.9283
vn -0.0664 0.3782 -0.9233
vn -0.0511 0.3243 -0.9446
vn -0.3954 0.5295 -0.7506
vn -0.0863 0.4948 -0.8647
vn -0.3313 0.4881 -0.8075
vn -0.2508 0.6068 -0.7542
vn -0.4052 0.5884 -0.6997
vn -0.3552 0.5052 -0.7865
vn -0.0412 0.9991 -0.0100
vn -0.1868 0.9701 -0.1552
vn -0.3214 0.8989 -0.2977
vn -0.0907 0.9882 -0.1233
vn -0.0837 0.9708 -0.2246
vn -0.1641 0.9682 -0.1887
vn -0.0503 0.9955 -0.0800
vn -0.0636 0.9950 -0.0772
vn -0.1432 0.9872 -0.0695
vn -0.1935 0.9736 -0.1212
vn -0.0959 0.9904 -0.0991
vn -0.2035 0.9776 0.0532
vn -0.1395 0.9751 -0.1726
vn -0.1220 0.9578 -0.2604
vn -0.4193 0.8845 -0.2046
vn -0.1828 0.9830 -0.0167
vn -0.0966 0.9325 0.3481
vn -0.3601 0.8148 0.4544
vn -0.2849 0.9370 0.2021
vn -0.2907 0.9360 0.1984
vn -0.3098 0.9004 0.3054
vn -0.1033 0.9031 0.4169
vn -0.1752 0.9043 0.3892
vn -0.3777 0.8998 0.2183
vn -0.2498 0.8057 0.5370
vn -0.1356 0.9036 0.4062
vn -0.3062 0.8053 0.5076
vn -0.2484 0.9681 0.0319
vn -0.3529 0.9356 -0.0099
vn -0.3180 0.9394 0.1279
vn -0.2013 0.9525 0.2285
vn -0.1679 0.9744 -0.1495
vn -0.3556 0.9294 -0.0983
vn -0.2015 0.6325 0.7479
vn -0.2437 0.6756 0.6959
vn -0.5079 0.6527 0.5622
vn -0.0681 -0.1433 0.9873
vn -0.1390 -0.2250 0.9644
vn -0.4539 -0.2683 -0.8497
vn -0.2938 -0.1791 -0.9389
vn -0.2228 -0.2143 -0.9510
vn -0.5055 -0.2449 -0.8273
vn -0.5535 0.0721 -0.8297
vn -0.2904 -0.1126 -0.9502
vn -0.4749 -0.3820 -0.7928
vn -0.3821 -0.2270 -0.8958
vn -0.4971 -0.1668 -0.8515
vn -0.5514 -0.4483 -0.7036
vn -0.5251 -0.4753 -0.7059
vn -0.4348 -0.5195 -0.7356
vn -0.6016 -0.5104 -0.6144
vn -0.5985 -0.5105 -0.6174
vn -0.4152 -0.5810 -0.7000
vn -0.7244 -0.6085 -0.3241
vn -0.7242 -0.5739 -0.3823
vn -0.6561 -0.4804 -0.5821
vn -0.3433 0.5546 -0.7580
vn -0.3469 0.4480 -0.8240
vn -0.1203 0.5767 -0.8081
vn -0.2296 0.1689 -0.9585
vn -0.1875 0.2413 -0.9522
vn -0.0476 0.2100 -0.9765
vn -0.1670 0.0423 -0.9851
vn -0.0384 0.2241 -0.9738
vn -0.0801 0.0202 -0.9966
vn 0.0050 0.0113 -0.9999
vn -0.2329 0.4809 -0.8453
vn -0.3095 0.2017 -0.9292
vn -0.4624 0.1369 -0.8760
vn -0.5838 0.4648 -0.6657
vn -0.2680 0.6289 -0.7298
vn -0.1705 0.6250 -0.7618
vn -0.8012 0.5967 0.0459
vn -0.5654 0.8200 -0.0890
vn -0.4926 0.8416 -0.2216
vn -0.7834 0.6034 -0.1492
vn -0.5761 0.8093 -0.1149
vn -0.5862 0.7979 -0.1403
vn -0.7309 0.6746 -0.1036
vn -0.5384 0.8419 -0.0354
vn -0.5369 0.8407 -0.0710
vn -0.6725 0.7191 0.1748
vn -0.5267 0.8388 0.1382
vn -0.5098 0.8480 0.1450
vn -0.7600 0.6485 0.0439
vn -0.6528 0.7405 -0.1598
vn -0.6001 0.7935 -0.1011
vn -0.7501 0.5895 -0.2996
vn -0.6336 0.7651 0.1149
vn -0.7602 0.5820 0.2886
vn -0.6770 0.7355 -0.0260
vn -0.4866 0.8729 0.0367
vn -0.4599 0.8799 0.1193
vn -0.7943 0.4318 0.4273
vn -0.5457 0.7689 0.3331
vn -0.5375 0.8370 0.1026
vn -0.7231 0.5555 0.4106
vn -0.5606 0.6617 0.4979
vn -0.5684 0.6424 0.5140
vn -0.7170 0.1522 -0.6803
vn -0.9767 0.0728 -0.2021
vn -0.8563 0.2637 -0.4442
vn -0.8995 0.1454 -0.4121
vn -0.9232 0.3294 -0.1979
vn -0.9086 0.4174 0.0175
vn -0.9239 0.3665 -0.1103
vn -0.9356 0.3112 -0.1666
vn -0.8477 0.4976 -0.1838
vn -0.9374 0.2895 -0.1936
vn -0.9497 0.2959 -0.1028
vn -0.8540 0.4992 -0.1463
vn 0.0057 0.4874 -0.8732
vn 0.0328 0.4996 -0.8656
vn -0.0126 0.5880 -0.8087
vn -0.1176 0.7598 -0.6395
vn -0.1742 0.6157 -0.7685
vn -0.0479 0.6282 -0.7766
vn -0.2586 0.9566 -0.1346
vn -0.3178 0.9480 0.0190
vn -0.1309 0.9906 -0.0393
vn -0.3472 0.9122 -0.2176
vn -0.3534 0.9325 -0.0737
vn -0.1553 0.9626 -0.2218
vn -0.3744 0.9229 -0.0899
vn -0.3926 0.9124 -0.1156
vn -0.3309 0.9135 -0.2368
vn -0.3858 0.9207 -0.0585
vn -0.3515 0.9291 -0.1151
vn -0.2580 0.9661 0.0141
vn -0.3176 0.9338 -0.1645
vn -0.3267 0.9430 0.0626
vn -0.1600 0.9870 -0.0122
vn -0.1263 0.8090 0.5740
vn -0.1995 0.8403 0.5041
vn -0.2566 0.9409 0.2213
vn -0.3595 0.9237 -0.1324
vn -0.2507 0.9470 0.2009
vn -0.2143 0.9767 0.0064
vn -0.2798 0.8683 0.4096
vn -0.3173 0.8791 0.3556
vn -0.0928 0.9071 0.4106
vn -0.2762 0.8710 0.4062
vn -0.2669 0.8903 0.3690
vn -0.1112 0.9181 0.3805
vn -0.2858 0.9411 0.1810
vn -0.2949 0.9479 0.1204
vn -0.0207 0.9804 0.1961
vn -0.2419 0.9672 0.0781
vn -0.1192 0.9576 0.2624
vn 0.0642 0.9072 0.4159
vn -0.0724 0.6730 0.7361
vn -0.0499 0.6662 0.7441
vn 0.0142 0.6412 0.7673
vn -0.0074 -0.1093 0.9940
vn -0.0476 -0.0200 -0.9987
vn 0.0051 0.0162 -0.9999
vn -0.1477 0.0917 -0.9848
vn -0.0946 0.0656 -0.9934
vn -0.7011 -0.1252 -0.7020
vn -0.7684 -0.0017 -0.6399
vn -0.8730 -0.0148 -0.4875
vn -0.9972 -0.0675 -0.0325
vn -0.1610 0.1646 -0.9731
vn -0.1666 0.2273 -0.9595
vn -0.2527 0.2878 -0.9238
vn -0.2347 0.0523 -0.9707
vn -0.1121 -0.0233 -0.9934
vn -0.1155 0.1077 -0.9874
vn -0.0807 0.0514 -0.9954
vn -0.9429 -0.1011 0.3174
vn -0.9915 0.1020 0.0810
vn -0.1128 0.2427 -0.9635
vn -0.2697 0.3241 -0.9067
vn -0.2798 -0.2623 -0.9235
vn -0.3545 0.2534 -0.9001
vn -0.4183 0.1526 -0.8954
vn -0.5620 -0.1223 -0.8181
vn -0.7328 -0.1873 -0.6541
vn -0.9598 -0.0729 -0.2711
vn -0.9784 0.0381 -0.2034
vn -0.7776 0.0735 -0.6245
vn -0.9218 0.1818 -0.3423
vn -0.9332 0.2099 -0.2916
vn -0.9581 0.1968 -0.2082
vn -0.9717 0.1424 -0.1886
vn -0.9123 0.3592 -0.1967
vn -0.9934 0.1149 -0.0063
vn -0.9882 0.0999 -0.1161
vn -0.9472 0.2937 -0.1285
vn -0.1938 0.2517 -0.9482
vn -0.1879 0.2926 -0.9376
vn -0.1546 0.2253 -0.9619
vn 0.1033 0.1299 -0.9861
vn 0.0784 0.1737 -0.9817
vn 0.0627 0.2216 -0.9731
vn -0.9643 0.1928 0.1814
vn -0.9465 0.2229 0.2334
vn -0.9211 0.3787 0.0907
vn -0.8700 0.1688 0.4633
vn -0.8474 0.3496 0.3995
vn -0.7709 0.3934 0.5010
vn -0.9288 0.0552 0.3666
vn -0.8814 0.4673 0.0690
vn -0.8405 0.5293 0.1158
vn -0.8867 0.4617 -0.0232
vn -0.7252 0.5870 -0.3599
vn -0.7293 0.6352 -0.2544
vn -0.8332 0.3422 0.4345
vn -0.7459 0.6420 0.1774
vn -0.7516 0.6412 0.1548
vn -0.9007 0.4009 -0.1674
vn -0.7761 0.6199 0.1163
vn -0.8340 0.5490 0.0545
vn -0.1083 0.2064 -0.9724
vn -0.1294 0.5048 -0.8535
vn -0.3456 -0.2651 -0.9002
vn -0.2595 -0.2743 -0.9260
vn -0.5094 -0.4026 -0.7606
vn -0.4951 -0.1881 -0.8483
vn -0.5785 0.0110 -0.8156
vn -0.6442 -0.2631 -0.7181
vn -0.7644 0.0043 -0.6448
vn -0.7057 -0.1211 -0.6981
vn -0.7435 0.0558 -0.6664
vn -0.6622 -0.3283 -0.6736
vn -0.7185 -0.4519 -0.5288
vn -0.8866 -0.2745 -0.3723
vn -0.7678 -0.4797 -0.4247
vn -0.8175 -0.4522 -0.3567
vn -0.9128 -0.3878 -0.1281
vn -0.2278 0.6211 -0.7499
vn -0.6432 -0.2845 0.7109
vn -0.8300 0.3595 0.4264
vn -0.7332 0.5171 0.4417
vn -0.7427 0.6096 0.2770
vn -0.6988 0.5394 0.4698
vn -0.7740 0.5367 0.3360
vn -0.7502 0.6374 0.1757
vn -0.6531 0.5947 0.4687
vn -0.5998 0.7996 -0.0293
vn -0.5788 0.6545 0.4864
vn -0.8903 0.0028 0.4554
vn -0.8959 0.1920 0.4006
vn -0.8545 0.1820 0.4866
vn -0.9846 -0.0429 0.1696
vn -0.9557 0.0674 0.2864
vn -0.9898 0.0985 0.1026
vn -0.8184 0.1782 0.5464
vn -0.8223 0.2174 0.5259
vn -0.8722 0.4612 -0.1631
vn -0.9087 0.2565 -0.3294
vn -0.9831 -0.1140 0.1430
vn -0.9493 -0.1130 0.2933
vn -0.9839 -0.0763 0.1616
vn 0.0437 0.3553 -0.9337
vn -0.3620 0.3542 -0.8623
vn -0.3821 0.3057 -0.8721
vn -0.1475 0.2546 -0.9558
vn -0.1428 0.3623 -0.9210
vn -0.1024 0.2356 -0.9664
vn 0.0763 0.1438 -0.9867
vn 0.0327 0.2405 -0.9701
vn -0.0126 0.1464 -0.9891
vn -0.9221 0.0033 0.3869
vn -0.9682 0.2385 -0.0754
vn -0.6321 -0.2302 -0.7399
vn -0.7700 0.1141 -0.6278
vn -0.9705 0.1256 -0.2058
vn -0.9830 0.1820 -0.0233
vn -0.9599 -0.0921 0.2647
vn -0.9973 -0.0727 0.0109
vn -0.8478 -0.3981 -0.3505
vn -0.8413 -0.4879 -0.2328
vn -0.8856 -0.4396 -0.1499
vn -0.6898 -0.5518 -0.4687
vn -0.6298 -0.5427 -0.5558
vn -0.4735 -0.4678 -0.7463
vn -0.8580 -0.4490 -0.2494
vn -0.8815 -0.3729 -0.2897
vn -0.9045 -0.3557 -0.2355
vn -0.1384 -0.3165 -0.9384
vn -0.3540 -0.3508 -0.8670
vn -0.3497 -0.2809 -0.8938
vn -0.2197 -0.1045 -0.9699
vn -0.3552 -0.2930 -0.8877
vn -0.3160 -0.2953 -0.9016
vn -0.1417 -0.3891 -0.9102
vn -0.2934 -0.4856 -0.8235
vn -0.2287 -0.6021 -0.7650
vn -0.0323 -0.6172 -0.7862
vn -0.2380 -0.5811 -0.7782
vn -0.2624 -0.5378 -0.8012
vn -0.0001 -0.5222 -0.8528
vn -0.2551 -0.5135 -0.8193
vn -0.2307 -0.2901 -0.9288
vn -0.0681 -0.3069 -0.9493
vn -0.1771 -0.2589 -0.9495
vn -0.1698 -0.1765 -0.9695
vn -0.1554 -0.1702 -0.9731
vn -0.0697 -0.1188 -0.9905
vn -0.1361 -0.1999 -0.9703
vn -0.3529 0.4887 -0.7979
vn -0.2747 0.4598 -0.8445
vn -0.2226 0.2896 -0.9309
vn 0.1411 0.0771 -0.9870
vn 0.0924 0.0991 -0.9908
vn 0.0945 0.2642 -0.9598
vn 0.1993 0.2087 -0.9575
vn 0.3148 0.3005 -0.9003
vn 0.1933 0.1753 -0.9653
vn 0.1045 0.0964 -0.9898
vn 0.0770 -0.0250 -0.9967
vn 0.0181 -0.1025 -0.9946
vn -0.0085 0.0856 -0.9963
vn 0.0014 0.1361 -0.9907
vn 0.0719 0.1219 -0.9899
vn 0.3207 0.6255 -0.7113
vn 0.2179 0.6986 -0.6816
vn 0.2160 0.6940 -0.6868
vn 0.2070 0.6207 -0.7562
vn 0.2379 0.6381 -0.7323
vn 0.3381 0.7235 -0.6019
vn 0.2273 0.8595 -0.4578
vn 0.2804 0.9413 -0.1881
vn 0.1254 0.9886 -0.0831
vn -0.0014 0.9852 -0.1715
vn 0.0740 0.9884 -0.1326
vn 0.0501 0.9926 -0.1107
vn -0.1248 0.9899 -0.0671
vn 0.1734 0.9454 -0.2758
vn 0.2659 0.9628 -0.0472
vn 0.0947 0.9552 -0.2802
vn 0.1730 0.9652 -0.1962
vn 0.0216 0.9910 -0.1324
vn 0.2771 0.9606 -0.0229
vn 0.2911 0.8985 0.3285
vn 0.2475 0.9585 0.1419
vn 0.3240 0.9455 -0.0322
vn 0.1093 0.9934 0.0344
vn -0.0465 0.9803 0.1919
vn 0.1160 0.6313 0.7668
vn 0.1002 0.7698 0.6303
vn 0.1076 0.9550 0.2763
vn 0.1276 0.9254 0.3569
vn 0.1562 0.9217 0.3549
vn 0.1868 0.9148 0.3581
vn 0.2610 0.8314 0.4906
vn 0.3105 0.9332 0.1808
vn 0.4327 0.8722 0.2281
vn 0.2313 0.8532 -0.4675
vn 0.2346 0.9716 -0.0294
vn 0.0879 0.9234 0.3737
vn 0.3043 0.9362 0.1759
vn 0.0464 0.9908 0.1268
vn 0.1142 0.9084 0.4022
vn 0.4525 0.7336 0.5070
vn 0.1642 0.7542 0.6357
vn 0.2185 0.7234 0.6549
vn 0.0962 -0.2093 -0.9731
vn 0.2088 -0.2754 -0.9384
vn 0.3318 -0.2670 -0.9048
vn 0.2518 -0.2152 -0.9436
vn 0.4312 -0.2249 -0.8738
vn 0.4634 -0.3319 -0.8216
vn 0.4072 -0.0931 -0.9086
vn 0.4899 -0.1168 -0.8639
vn 0.6313 -0.3561 -0.6889
vn 0.3972 -0.5906 -0.7024
vn 0.6401 -0.4569 -0.6176
vn 0.6191 -0.5350 -0.5749
vn 0.4045 -0.5714 -0.7141
vn 0.6084 -0.4762 -0.6349
vn 0.5970 -0.4643 -0.6542
vn 0.5987 -0.3118 -0.7378
vn 0.7651 -0.3659 -0.5299
vn 0.6803 -0.6310 -0.3728
vn 0.1973 0.6273 -0.7534
vn 0.1910 0.6095 -0.7695
vn 0.3409 0.5753 -0.7435
vn 0.1690 -0.0357 -0.9850
vn 0.1428 0.2454 -0.9588
vn 0.1178 0.1578 -0.9804
vn 0.1026 0.1887 -0.9767
vn 0.1577 -0.0815 -0.9841
vn 0.1192 -0.0971 -0.9881
vn 0.1747 -0.2027 -0.9635
vn 0.5612 0.2057 -0.8017
vn 0.3463 0.1463 -0.9266
vn 0.3146 0.2793 -0.9072
vn 0.1470 0.6673 -0.7301
vn 0.3705 0.7790 -0.5058
vn 0.5247 0.6633 -0.5336
vn 0.4809 0.7877 -0.3852
vn 0.5460 0.7378 -0.3970
vn 0.5666 0.7388 -0.3649
vn 0.5186 0.8549 -0.0112
vn 0.5781 0.8155 -0.0274
vn 0.7007 0.6901 0.1810
vn 0.6133 0.7889 -0.0380
vn 0.5302 0.8358 0.1428
vn 0.7644 0.6279 0.1465
vn 0.5807 0.8140 0.0100
vn 0.6322 0.7748 -0.0011
vn 0.8187 0.5690 0.0773
vn 0.5195 0.8082 0.2772
vn 0.4863 0.8585 0.1627
vn 0.8143 0.5759 0.0728
vn 0.6115 0.7912 0.0086
vn 0.6102 0.7861 -0.0987
vn 0.7725 0.6345 0.0270
vn 0.5223 0.8484 -0.0867
vn 0.5092 0.7741 0.3760
vn 0.7648 0.6421 -0.0520
vn 0.4030 0.8127 0.4208
vn 0.4604 0.8268 0.3232
vn 0.6687 0.6785 0.3042
vn 0.3883 0.7039 0.5947
vn 0.4116 0.8809 0.2337
vn 0.7048 0.6681 0.2384
vn 0.7957 0.3229 -0.5124
vn 0.8989 0.1139 -0.4230
vn 0.6569 0.1919 -0.7291
vn 0.8529 0.4860 -0.1907
vn 0.9275 0.2377 -0.2885
vn 0.8988 0.1267 -0.4196
vn 0.7004 0.6767 0.2270
vn 0.9193 0.3795 0.1045
vn 0.9422 0.2916 -0.1649
vn 0.7732 0.6285 0.0849
vn 0.9003 0.4353 -0.0071
vn 0.8669 0.4521 0.2099
vn -0.0078 0.7205 -0.6934
vn -0.1285 0.7493 -0.6497
vn -0.1255 0.6110 -0.7817
vn 0.0712 0.6768 -0.7327
vn 0.2024 0.7212 -0.6625
vn 0.0936 0.6152 -0.7828
vn 0.2812 0.9583 -0.0513
vn 0.2655 0.9634 -0.0368
vn 0.2461 0.9684 -0.0398
vn 0.2536 0.9281 -0.2727
vn 0.4679 0.8764 -0.1136
vn 0.3604 0.8916 -0.2741
vn 0.3307 0.9109 -0.2470
vn 0.4358 0.8887 -0.1425
vn 0.4464 0.8215 -0.3547
vn 0.2877 0.9547 0.0761
vn 0.3949 0.9187 0.0049
vn 0.4294 0.8993 0.0833
vn 0.1851 0.9788 -0.0879
vn 0.2815 0.9165 -0.2843
vn 0.3436 0.8831 -0.3195
vn 0.2780 0.9606 0.0064
vn 0.2448 0.9649 -0.0947
vn 0.2907 0.9538 -0.0752
vn 0.3237 0.9415 -0.0932
vn 0.2347 0.9311 0.2792
vn 0.2661 0.9599 0.0883
vn 0.1846 0.9077 0.3769
vn 0.4189 0.8572 0.2996
vn 0.3922 0.9122 0.1188
vn 0.1334 0.9236 0.3593
vn 0.2299 0.9396 0.2538
vn 0.3370 0.9227 0.1874
vn 0.1511 0.9419 0.2999
vn 0.2201 0.8993 0.3779
vn 0.1895 0.8908 0.4130
vn 0.1098 0.8690 0.4825
vn 0.1458 0.8672 0.4761
vn 0.2360 0.9568 0.1696
vn 0.0586 0.7391 0.6711
vn 0.0684 0.8437 0.5325
vn 0.0869 0.7858 0.6123
vn 0.3297 -0.3162 0.8895
vn 0.0320 -0.1730 0.9844
vn -0.3222 0.0889 -0.9425
vn -0.1778 -0.0040 -0.9841
vn -0.1142 -0.0209 -0.9932
vn 0.1185 0.1997 -0.9727
vn 0.1621 0.2984 -0.9406
vn 0.9476 -0.1168 -0.2974
vn 0.7908 -0.1630 -0.5900
vn 0.8304 0.0383 -0.5558
vn 0.9280 -0.0360 -0.3709
vn 0.9993 -0.0044 -0.0375
vn 0.0533 -0.0220 -0.9983
vn 0.1020 0.0757 -0.9919
vn 0.0598 0.0408 -0.9974
vn 0.0103 0.0077 -0.9999
vn 0.0333 0.0108 -0.9994
vn 0.0214 -0.0641 -0.9977
vn 0.9963 0.0769 0.0394
vn -0.2829 0.0716 -0.9565
vn -0.2044 0.3314 -0.9211
vn -0.0510 0.2105 -0.9763
vn 0.5407 0.1750 -0.8228
vn 0.3173 0.0156 -0.9482
vn 0.3452 0.0934 -0.9339
vn 0.9350 0.0629 -0.3490
vn 0.9536 -0.0265 -0.3000
vn 0.8022 0.1125 -0.5864
vn 0.9392 0.1317 -0.3171
vn 0.9324 -0.0012 -0.3615
vn 0.8136 -0.0699 -0.5772
vn 0.9895 0.1423 -0.0257
vn 0.9970 0.0134 -0.0763
vn 0.9791 0.0105 -0.2029
vn 0.9808 0.1845 0.0628
vn 0.9982 -0.0582 -0.0123
vn 0.9843 -0.0363 0.1725
vn -0.0086 0.0403 -0.9992
vn 0.1137 0.1153 -0.9868
vn 0.1123 0.0855 -0.9900
vn 0.1642 0.1509 -0.9748
vn 0.1435 0.0875 -0.9858
vn 0.1691 0.0312 -0.9851
vn 0.9075 0.3440 0.2412
vn 0.9153 0.2489 0.3167
vn 0.9128 -0.0493 0.4055
vn 0.8755 0.4773 0.0754
vn 0.8848 0.3644 0.2904
vn 0.9741 0.0575 0.2189
vn 0.7650 0.4727 -0.4374
vn 0.8460 0.4826 -0.2268
vn 0.9183 0.3467 -0.1912
vn 0.7873 0.5987 -0.1475
vn 0.8053 0.5907 0.0501
vn 0.9088 0.4172 -0.0078
vn 0.7303 0.6744 0.1089
vn 0.7728 0.6321 0.0566
vn 0.8358 0.4594 0.3006
vn 0.7262 0.6647 0.1756
vn 0.7202 0.6918 0.0525
vn 0.8479 0.4976 -0.1831
vn 0.0604 0.2255 -0.9724
vn 0.1223 0.3037 -0.9449
vn 0.3794 -0.2549 -0.8894
vn 0.3787 -0.0995 -0.9202
vn 0.3533 0.1261 -0.9270
vn 0.7812 -0.1867 -0.5957
vn 0.5957 -0.2089 -0.7755
vn 0.4793 -0.3191 -0.8176
vn 0.8393 0.0465 -0.5416
vn 0.7738 -0.1906 -0.6040
vn 0.7627 -0.1375 -0.6320
vn 0.9283 -0.1754 -0.3278
vn 0.7725 -0.4198 -0.4764
vn 0.7631 -0.3175 -0.5630
vn 0.9395 -0.2800 -0.1973
vn 0.8285 -0.3760 -0.4150
vn 0.7896 -0.4055 -0.4605
vn 0.4786 -0.2838 0.8309
vn 0.6839 0.6039 0.4095
vn 0.6846 0.4077 0.6043
vn 0.8146 0.3205 0.4834
vn 0.4658 0.8832 -0.0544
vn 0.6337 0.4238 0.6472
vn 0.7335 0.1869 0.6535
vn 0.3791 0.9085 -0.1755
vn 0.4813 0.8698 -0.1088
vn 0.7867 0.5410 0.2975
vn 0.6843 -0.2371 0.6895
vn 0.8900 0.1654 0.4249
vn 0.9183 0.2139 0.3331
vn 0.9755 0.1066 0.1927
vn 0.5034 -0.0698 -0.8612
vn 0.9789 -0.0548 0.1970
vn 0.9793 -0.0144 0.2021
vn 0.9305 0.2122 0.2985
vn 0.8789 0.1644 0.4478
vn 0.9487 0.0103 0.3162
vn 0.9884 0.1169 0.0974
vn 0.9709 0.0352 0.2368
vn 0.9482 0.1964 0.2496
vn 0.9619 -0.0980 0.2553
vn 0.9506 -0.0668 0.3031
vn 0.9887 0.0677 -0.1340
vn -0.3174 0.2965 -0.9008
vn -0.3450 0.3329 -0.8776
vn 0.0230 0.2101 -0.9774
vn -0.0382 0.1181 -0.9923
vn 0.1305 0.0453 -0.9904
vn 0.1845 -0.0285 -0.9824
vn 0.1499 0.1944 -0.9694
vn 0.1688 0.1822 -0.9687
vn 0.1765 0.1642 -0.9705
vn 0.9800 -0.0366 0.1954
vn 0.9905 0.1304 0.0445
vn 0.9492 -0.2306 -0.2142
vn 0.8356 -0.0623 -0.5458
vn 0.7818 -0.0210 -0.6232
vn 0.9694 -0.0755 -0.2336
vn 0.9784 -0.0204 0.2056
vn 0.8901 -0.0652 0.4511
vn 0.8714 -0.4651 -0.1560
vn 0.8300 -0.5170 -0.2093
vn 0.8499 -0.3972 -0.3463
vn 0.4506 -0.5709 -0.6863
vn 0.5971 -0.5750 -0.5593
vn 0.6292 -0.6185 -0.4708
vn 0.9071 -0.3952 -0.1451
vn 0.8915 -0.3629 -0.2712
vn 0.8392 -0.5028 -0.2071
vn 0.3661 -0.3931 -0.8434
vn 0.4167 -0.3469 -0.8402
vn 0.1237 -0.2405 -0.9627
vn 0.3910 -0.1234 -0.9121
vn 0.4522 -0.2066 -0.8677
vn 0.1366 -0.0670 -0.9884
vn 0.2125 -0.5709 -0.7931
vn 0.2828 -0.4742 -0.8338
vn 0.1407 -0.3855 -0.9119
vn 0.1863 -0.6190 -0.7630
vn 0.1866 -0.6919 -0.6974
vn 0.0294 -0.6615 -0.7494
vn 0.1484 -0.2924 -0.9447
vn 0.1614 -0.4979 -0.8521
vn -0.0519 -0.5015 -0.8636
vn 0.1434 -0.2115 -0.9668
vn 0.1417 -0.2543 -0.9567
vn 0.0067 -0.3286 -0.9444
vn 0.0704 -0.1650 -0.9838
vn 0.0478 -0.1104 -0.9927
vn 0.0408 -0.1709 -0.9844
vn -0.7356 -0.4536 -0.5032
vn -0.6850 -0.6174 -0.3867
vn -0.6046 -0.5689 -0.5575
vn -0.8291 -0.5131 -0.2221
vn -0.7975 -0.5594 -0.2260
vn -0.8877 -0.4473 -0.1092
vn -0.2226 -0.5520 -0.8036
vn -0.5603 -0.5520 -0.6176
vn -0.4531 -0.3556 -0.8175
vn 0.5491 -0.3642 -0.7522
vn 0.7014 -0.5322 -0.4741
vn 0.7411 -0.4383 -0.5086
vn 0.8359 -0.4792 -0.2677
vn 0.8440 -0.5350 -0.0371
vn 0.8975 -0.4032 -0.1787
vn 0.4856 -0.2137 -0.8476
vn 0.5737 -0.4928 -0.6542
vn 0.1882 -0.5255 -0.8297
vn -0.0060 0.8656 0.5008
vn -0.0412 0.8178 0.5741
vn -0.3927 0.6904 0.6076
vn -0.6156 0.6035 -0.5067
vn -0.4842 0.8349 -0.2617
vn -0.5517 0.8231 0.1348
vn -0.2461 0.9453 0.2141
vn -0.3212 0.9393 -0.1206
vn -0.2075 0.9242 -0.3205
vn -0.9964 0.0470 0.0709
vn -0.6841 0.2225 -0.6946
vn -0.5820 0.5065 -0.6362
vn -0.7834 0.5554 -0.2790
vn -0.9927 -0.0068 0.1201
vn -0.9949 0.1006 -0.0081
vn 0.2000 0.9739 -0.1074
vn 0.2841 0.9485 -0.1399
vn 0.3109 0.9347 -0.1723
vn 0.5320 0.8461 -0.0322
vn 0.4687 0.8829 -0.0277
vn 0.8433 0.5050 -0.1837
vn 0.1815 0.9673 -0.1772
vn 0.2825 0.9585 0.0374
vn 0.2189 0.8898 0.4005
vn 0.7681 0.6043 0.2117
vn 0.8304 0.5571 -0.0009
vn 0.8685 0.4280 0.2499
vn 0.9883 0.1491 -0.0333
vn -0.2574 0.9637 0.0713
vn -0.2029 0.9755 -0.0847
vn -0.3364 0.9371 0.0935
vn -0.5388 0.6010 0.5903
vn -0.5861 0.7748 0.2371
vn -0.4898 0.6789 0.5469
vn -0.2280 0.9708 0.0743
vn -0.2292 0.9287 0.2916
vn 0.0183 0.9887 0.1490
vn -0.9942 0.0165 0.1065
vn -0.9911 0.1313 -0.0217
vn -0.7374 0.3621 0.5702
vn -0.9085 0.3841 0.1645
vn -0.9449 -0.1463 0.2929
vn -0.9995 0.0164 0.0285
vn 0.1367 0.9903 0.0254
vn 0.1014 0.9935 0.0521
vn 0.1079 0.9177 0.3824
vn 0.3385 0.6940 0.6355
vn 0.3527 0.8951 0.2728
vn 0.7209 0.6859 0.0993
vn 0.2679 0.9597 0.0846
vn 0.3282 0.9239 0.1968
vn 0.2450 0.7855 0.5683
vn 0.8526 0.4880 -0.1866
vn 0.8644 0.5020 -0.0286
vn 0.9741 0.2232 -0.0349
vn 0.9841 0.1127 0.1375
vn -0.1585 0.9874 -0.0037
vn -0.2535 0.9495 -0.1850
vn -0.3648 0.9130 -0.1828
vn -0.8660 0.3855 0.3185
vn -0.8083 0.5701 0.1474
vn -0.6973 0.7079 -0.1126
vn -0.3044 0.9442 -0.1258
vn -0.2007 0.9717 -0.1244
vn -0.1543 0.9878 0.0190
vn -0.9968 0.0339 0.0728
vn -0.8142 0.5596 -0.1546
vn -0.7491 0.6543 0.1036
vn -0.5630 0.4657 0.6828
vn -0.9970 -0.0676 -0.0390
vn -0.9687 0.1781 0.1731
vn 0.2270 0.9536 0.1977
vn 0.0936 0.9688 -0.2294
vn 0.3063 0.9505 -0.0519
vn 0.5773 0.8037 -0.1440
vn 0.6188 0.7821 0.0733
vn 0.8059 0.5895 -0.0556
vn 0.2116 0.9477 0.2390
vn 0.3475 0.9017 0.2572
vn 0.3245 0.9107 0.2556
vn -0.4854 -0.0125 -0.8742
vn 0.7662 0.6392 -0.0669
vn 0.7745 0.6319 -0.0286
vn 0.8788 0.4649 -0.1079
vn 0.9994 -0.0340 0.0030
vn 0.0036 0.2682 -0.9633
vn 0.9814 0.1461 0.1243
vn 0.9829 0.0221 0.1825
vn 0.9946 0.0544 0.0886
vn 0.9867 0.1468 -0.0692
vn 0.9990 0.0337 0.0302
vn 0.9451 0.3258 0.0249
vn 0.9884 0.0625 -0.1385
vn 0.9676 0.1976 -0.1573
vn 0.9976 0.0686 -0.0128
vn 0.9855 0.0480 0.1626
vn 0.9847 0.1598 0.0702
vn 0.9095 0.3750 0.1793
vn 0.9967 0.0292 0.0753
vn 0.9878 0.0197 0.1543
vn 0.9778 -0.0443 0.2049
vn 0.9861 0.0742 0.1488
vn 0.9795 0.0106 0.2010
vn 0.9651 -0.0322 0.2601
vn 0.9672 -0.0028 0.2540
vn 0.9998 -0.0158 -0.0113
vn 0.9832 -0.0174 0.1815
vn 0.9435 0.1391 0.3007
vn 0.9835 -0.0334 0.1779
vn 0.9626 -0.0119 0.2706
vn 0.9391 -0.1011 0.3285
vn 0.9996 -0.0099 0.0281
vn 0.9896 0.0332 0.1398
vn 0.9885 -0.0279 0.1487
vn 0.9802 -0.0087 0.1978
vn 0.9466 0.0696 0.3147
vn -0.9752 -0.1965 0.1014
vn -0.9941 -0.0004 0.1081
vn -0.9552 -0.1331 0.2645
vn -0.9724 -0.0924 -0.2145
vn -0.9754 0.2181 -0.0310
vn -0.9983 -0.0405 0.0414
vn -0.9830 0.1776 0.0472
vn -0.9947 0.1007 0.0187
vn -0.9986 0.0515 0.0130
vn -0.9907 -0.0542 0.1248
vn -0.9862 0.1600 0.0418
vn -0.9826 0.1619 0.0912
vn -0.9977 0.0419 0.0527
vn -0.9974 -0.0135 -0.0711
vn -0.9742 -0.0658 0.2160
vn -0.9945 0.0390 0.0969
vn -0.9893 0.1380 0.0466
vn -0.9944 0.0463 -0.0946
vn -0.9629 0.0242 0.2689
vn -0.9729 0.0435 0.2271
vn -0.9762 -0.0422 0.2129
vn -0.9960 -0.0885 0.0127
vn -0.9331 -0.1201 0.3390
vn -0.9846 -0.0655 0.1618
vn -0.9782 -0.0517 0.2010
vn -0.9515 -0.0969 0.2921
vn -0.9387 0.0495 0.3412
vn -0.9695 0.0546 0.2388
vn -0.9852 -0.0222 0.1701
vn -0.9666 -0.0158 0.2559
vn 0.1628 0.9238 -0.3465
vn -0.0765 0.9969 0.0188
vn -0.5075 0.7702 0.3862
vn -0.3301 0.9436 -0.0275
vn -0.4355 0.9000 0.0188
vn -0.4968 0.8678 0.0110
vn -0.0506 0.9856 -0.1614
vn -0.1992 0.9660 -0.1645
vn -0.3727 0.9256 -0.0655
vn -0.0773 0.9099 -0.4076
vn -0.3420 0.9032 -0.2593
vn -0.4423 0.8752 -0.1961
vn 0.2052 0.9688 -0.1386
vn -0.1796 0.9742 0.1370
vn -0.0714 0.3308 0.9410
vn -0.0733 0.9971 0.0194
vn -0.1544 0.9878 -0.0200
vn -0.0824 0.9923 -0.0922
vn -0.2759 0.9607 -0.0302
vn -0.2213 0.9750 0.0221
vn -0.1124 0.9936 -0.0133
vn 0.6142 0.7084 -0.3477
vn -0.0875 0.3993 -0.9126
vn 0.0913 0.3828 -0.9193
vn 0.5505 0.8342 -0.0336
vn 0.2235 0.9700 -0.0955
vn -0.1639 0.9836 -0.0750
vn 0.3135 0.9351 0.1655
vn -0.0635 0.9296 0.3630
vn -0.2121 0.9496 0.2308
vn 0.1076 0.9903 -0.0880
vn 0.3204 0.9438 0.0806
vn -0.0692 0.9923 -0.1027
vn 0.0819 0.9594 -0.2698
vn 0.0782 0.9796 -0.1851
vn -0.1653 0.9523 0.2566
vn 0.0182 0.8291 0.5588
vn 0.0948 0.8909 0.4441
vn 0.3575 0.9116 0.2031
vn -0.2786 0.6957 -0.6621
vn -0.1356 0.9907 0.0147
vn -0.0569 0.9965 -0.0614
vn -0.1230 0.9484 -0.2921
vn 0.1602 0.9594 -0.2321
vn -0.0149 0.9928 -0.1185
vn -0.0919 0.9947 -0.0462
vn 0.1870 0.9352 -0.3006
vn -0.6135 0.7896 -0.0130
vn -0.9676 0.2404 -0.0767
vn -0.0726 0.9460 -0.3160
vn -0.0102 0.9759 -0.2179
vn -0.3135 0.9488 -0.0384
vn 0.5787 0.7648 -0.2830
vn -0.0548 0.9956 -0.0763
vn -0.4031 0.8770 -0.2615
vn 0.1904 0.9360 -0.2959
vn -0.0708 0.9274 -0.3672
vn -0.2568 0.8886 -0.3800
vn -0.1883 0.9803 0.0599
vn -0.0985 0.9764 0.1920
vn 0.0172 0.9968 0.0777
vn -0.4196 0.9042 -0.0797
vn -0.1859 0.9789 -0.0843
vn -0.1137 0.9931 -0.0270
vn 0.1678 0.9486 -0.2684
vn 0.1130 0.9259 -0.3604
vn -0.2656 0.9184 -0.2933
vn 0.4864 0.8690 -0.0914
vn 0.1956 0.9356 -0.2939
vn 0.0162 0.9697 -0.2439
vn 0.2908 0.9565 -0.0250
vn 0.0901 0.9566 -0.2770
vn 0.0388 0.9649 -0.2597
vn -0.0527 0.9969 -0.0583
vn 0.2844 0.9504 0.1261
vn 0.1615 0.9096 0.3829
vn 0.1026 0.9929 -0.0594
vn 0.1465 0.9869 0.0684
vn 0.0892 0.9819 0.1671
vn -0.2916 0.9461 -0.1408
vn -0.2897 0.9532 -0.0861
vn -0.1919 0.9812 0.0176
vn -0.4144 0.8990 -0.1415
vn -0.4292 0.9012 -0.0611
vn -0.4022 0.8848 0.2353
vn -0.3178 0.9481 -0.0118
vn -0.1864 0.9786 -0.0871
vn -0.0446 0.9141 0.4030
vn -0.1724 0.9840 -0.0442
vn -0.1663 0.9778 -0.1272
vn -0.1215 0.9904 -0.0653
vn -0.1879 0.9755 -0.1144
vn -0.5371 0.8409 -0.0663
vn -0.5169 0.8499 -0.1024
vn -0.1369 0.8930 -0.4287
vn -0.1748 0.9529 -0.2479
vn -0.3781 0.9166 -0.1298
vn -0.2465 0.9618 -0.1194
vn -0.2920 0.9564 0.0089
vn -0.1652 0.9850 -0.0504
vn -0.0901 0.9956 0.0241
vn 0.0443 0.9872 -0.1532
vn 0.0388 0.9966 -0.0721
vn 0.0308 0.9991 -0.0280
vn -0.1971 0.9532 -0.2291
vn -0.0702 0.9910 -0.1140
vn 0.7027 0.4560 -0.5462
vn 0.6431 0.5481 -0.5348
vn 0.4478 0.8169 -0.3636
vn 0.2278 0.9604 -0.1607
vn 0.1355 0.9867 -0.0900
vn -0.0009 0.9999 0.0134
vn 0.7199 0.6053 -0.3396
vn 0.0386 0.3322 -0.9424
vn -0.1071 0.3014 -0.9475
vn 0.6892 0.6664 -0.2845
vn -0.0144 0.6811 -0.7321
vn -0.1479 0.6046 -0.7827
vn 0.7223 0.6721 0.1628
vn -0.1530 0.7624 -0.6287
vn 0.0090 0.7828 -0.6223
vn 0.2711 0.8462 0.4587
vn -0.0489 0.9255 -0.3757
vn -0.2209 0.8004 -0.5573
vn 0.7777 0.5320 -0.3349
vn 0.2853 0.1150 -0.9515
vn 0.1846 0.1907 -0.9641
vn 0.4879 0.6251 -0.6092
vn 0.2776 0.0421 -0.9598
vn 0.2640 0.2270 -0.9374
vn 0.4891 0.7795 -0.3914
vn 0.4065 0.2989 -0.8634
vn 0.2473 0.3193 -0.9148
vn 0.2869 0.8918 -0.3499
vn 0.5036 0.2418 -0.8294
vn 0.3804 0.2837 -0.8802
vn 0.0428 0.9986 -0.0321
vn 0.1187 0.9916 0.0517
vn -0.4016 0.9157 -0.0169
vn 0.5454 0.5354 0.6449
vn 0.2300 0.9523 0.2004
vn 0.1842 0.9826 -0.0231
vn 0.4316 0.8205 0.3749
vn 0.1768 0.9842 0.0098
vn 0.3124 0.9484 -0.0552
vn 0.5805 0.7417 0.3361
vn 0.1347 0.9888 -0.0643
vn 0.0334 0.9882 0.1496
vn 0.5504 0.6850 0.4773
vn 0.1832 0.9831 -0.0061
vn -0.0953 0.9358 -0.3395
vn 0.5759 0.7846 0.2297
vn 0.6321 0.7532 -0.1818
vn 0.2402 0.9684 -0.0666
vn -0.5092 0.8392 -0.1910
vn -0.6105 0.7890 0.0695
vn -0.2920 0.8714 0.3941
vn -0.3973 0.8871 -0.2350
vn -0.6256 0.7802 -0.0023
vn -0.2326 0.9169 0.3244
vn -0.1296 0.8994 0.4174
vn -0.2026 0.9206 0.3340
vn -0.0697 0.9440 0.3225
vn 0.2248 0.8666 0.4454
vn -0.2780 0.9461 0.1661
vn -0.4428 0.8933 0.0774
vn -0.3351 0.6984 -0.6323
vn -0.1924 0.9738 0.1211
vn 0.0845 0.9950 -0.0537
vn 0.1523 0.9882 0.0134
vn 0.2777 0.9557 0.0976
vn -0.1961 0.9708 0.1381
vn -0.3740 0.9262 0.0470
vn -0.4839 0.7955 -0.3648
vn 0.0051 1.0000 -0.0036
vn -0.3957 0.8268 0.3998
vn -0.5322 0.8382 0.1192
vn -0.4977 0.8655 -0.0566
vn -0.5787 0.8114 0.0815
vn -0.7526 0.6573 -0.0407
vn -0.7438 0.6381 -0.1990
vn -0.6857 0.6783 -0.2638
vn -0.0667 0.9823 0.1752
vn -0.0713 0.9973 0.0154
vn -0.1826 0.9756 0.1222
vn -0.3902 0.9192 -0.0527
vn -0.1887 0.9698 -0.1548
vn -0.0042 0.9631 0.2692
vn -0.2997 0.8804 0.3676
vn -0.2594 0.8245 0.5030
vn 0.4457 0.8945 0.0359
vn -0.1778 0.9361 0.3036
vn -0.2777 0.9183 0.2822
vn -0.1930 0.8907 0.4115
vn 0.0738 0.9478 0.3102
vn 0.0004 0.9859 0.1675
vn -0.1830 0.9483 0.2591
vn -0.0265 0.9298 0.3670
vn 0.3198 0.9464 -0.0462
vn -0.2448 0.9515 0.1865
vn -0.2000 0.9768 -0.0769
vn -0.3073 0.0065 -0.9516
vn -0.1007 0.9874 0.1218
vn 0.1356 0.9746 0.1782
vn -0.4486 0.8402 0.3048
vn -0.7496 0.5888 -0.3025
vn 0.2397 0.9658 0.0989
vn -0.1643 0.9494 0.2675
vn -0.3646 0.9053 0.2179
vn -0.9412 0.2974 -0.1601
vn 0.0372 0.9955 0.0868
vn 0.1891 0.9722 0.1378
vn -0.1847 0.9745 0.1272
vn -0.7297 0.5545 -0.4001
vn 0.1008 0.9941 0.0400
vn 0.2347 0.9051 0.3545
vn -0.2963 0.9093 0.2921
vn -0.6280 0.4722 -0.6186
vn 0.4484 0.8812 0.1498
vn 0.2747 0.9200 -0.2795
vn 0.4147 0.8817 -0.2251
vn 0.3126 0.9215 -0.2306
vn 0.0491 0.7995 -0.5987
vn 0.3056 0.8188 -0.4859
vn 0.3109 0.9349 -0.1714
vn 0.2070 0.9771 -0.0487
vn -0.1878 0.9237 -0.3340
vn 0.0014 0.8650 0.5017
vn 0.1749 0.9681 0.1795
vn 0.1805 0.9830 -0.0341
vn -0.1038 0.9225 -0.3719
vn 0.0748 0.6905 0.7195
vn 0.0886 0.9922 -0.0871
vn 0.0850 0.9819 -0.1693
vn -0.3304 0.9200 -0.2107
vn 0.3260 0.9444 0.0428
vn -0.1102 0.9617 0.2509
vn -0.3284 0.9288 0.1718
vn -0.6034 0.6956 -0.3901
vn 0.4742 0.8425 0.2555
vn -0.0837 0.9592 0.2701
vn -0.0420 0.9987 0.0302
vn -0.3101 0.9287 -0.2034
vn 0.3289 0.8034 0.4964
vn 0.3798 0.8365 0.3950
vn -0.2214 0.9748 -0.0280
vn -0.1413 0.9756 -0.1682
vn 0.1678 0.9378 -0.3038
vn 0.2914 0.9394 -0.1804
vn -0.2889 0.9508 0.1116
vn -0.2590 0.9623 -0.0835
vn 0.1465 0.7938 0.5903
vn 0.0359 0.7723 0.6343
vn -0.0139 0.8889 0.4579
vn 0.1465 0.8933 0.4249
vn -0.1688 0.9855 0.0168
vn -0.1604 0.9359 0.3136
vn -0.1702 0.9492 0.2646
vn 0.0999 0.9633 0.2491
vn 0.0795 0.8824 -0.4637
vn 0.0509 0.9317 -0.3597
vn 0.2545 0.9641 -0.0764
vn 0.3613 0.9310 0.0529
vn -0.0404 0.9754 -0.2168
vn -0.3025 0.9532 -0.0025
vn -0.0042 0.9205 0.3908
vn 0.3805 0.8722 0.3072
vn -0.1497 0.9576 -0.2460
vn 0.0114 0.9749 0.2223
vn -0.0831 0.9066 0.4137
vn -0.0272 0.7214 0.6920
vn -0.3027 0.9018 -0.3083
vn 0.2068 0.9478 0.2428
vn 0.4901 0.8660 0.0988
vn 0.5955 0.7912 0.1390
vn 0.2964 0.9519 -0.0776
vn 0.3052 0.9454 0.1141
vn 0.1690 0.9829 0.0728
vn 0.2324 0.9179 0.3217
vn 0.1509 0.9796 0.1331
vn 0.0407 0.9946 0.0950
vn 0.0303 0.9868 0.1589
vn 0.0813 0.9597 0.2689
vn -0.2873 0.8521 -0.4374
vn 0.0683 0.9975 -0.0200
vn 0.4599 0.8868 0.0456
vn 0.5181 0.8444 -0.1366
vn -0.5934 0.7228 0.3543
vn -0.8072 0.5903 -0.0013
vn -0.3965 0.8685 0.2975
vn -0.2011 0.9076 0.3686
vn -0.7946 0.6060 0.0369
vn -0.3544 0.8845 0.3034
vn -0.3821 0.8497 0.3632
vn -0.5053 0.7870 0.3539
vn -0.7051 0.6798 0.2015
vn -0.5876 0.7607 0.2758
vn -0.4892 0.8371 0.2449
vn -0.3267 0.9217 0.2091
vn 0.4451 0.8156 0.3697
vn 0.2155 0.9436 0.2512
vn -0.0000 1.0000 -0.0000
vn -0.4268 0.7934 -0.4340
vn 0.5519 0.7958 -0.2492
vn 0.2293 0.9275 0.2954
vn -0.0678 0.9656 -0.2510
vn 0.1108 0.9145 -0.3892
vn 0.0528 0.9839 -0.1707
vn 0.3917 0.8674 -0.3070
vn 0.5173 0.8531 0.0678
vn 0.4102 0.8399 0.3554
vn -0.0797 0.9665 0.2438
vn -0.0186 0.9818 0.1889
vn -0.0108 0.9899 0.1412
vn 0.0079 0.9971 0.0756
vn -0.0055 0.9887 0.1498
vn 0.0886 0.9933 0.0739
vn 0.1715 0.9851 0.0166
vn 0.2025 0.9788 -0.0298
vn -0.0242 0.9962 0.0839
vn 0.1334 0.9910 0.0132
vn 0.2125 0.9613 -0.1755
vn -0.0111 0.5838 -0.8118
vn 0.3667 0.9088 -0.1990
vn 0.1471 0.9680 -0.2036
vn -0.0107 0.9803 -0.1973
vn -0.2123 0.9586 -0.1898
vn 0.4778 0.8682 -0.1337
vn 0.2728 0.9594 -0.0720
vn 0.0724 0.9967 -0.0361
vn -0.1343 0.9898 -0.0469
vn 0.3899 0.7175 0.5771
vn 0.0474 0.7001 0.7125
vn -0.2538 0.8869 0.3861
vn -0.8356 0.5479 0.0408
vn 0.4071 0.8913 -0.1998
vn 0.2395 0.9647 -0.1094
vn 0.1077 0.9935 -0.0372
vn -0.3458 0.9082 -0.2357
vn 0.2849 0.9043 -0.3180
vn -0.1443 0.9125 -0.3827
vn -0.1381 0.9385 -0.3166
vn 0.2394 0.7276 -0.6429
vn 0.2219 0.9075 -0.3566
vn -0.0412 0.9558 -0.2911
vn -0.0406 0.9910 -0.1274
vn -0.0397 0.9991 -0.0114
vn 0.1525 0.9863 0.0623
vn -0.0477 0.9853 -0.1639
vn -0.0410 0.9753 -0.2170
vn -0.0507 0.9846 -0.1673
vn 0.0848 0.8912 -0.4456
vn 0.1995 0.9189 -0.3404
vn 0.0533 0.9622 -0.2672
vn 0.0390 0.9392 -0.3412
vn 0.3237 0.9168 -0.2339
vn 0.4302 0.8622 -0.2676
vn 0.3183 0.8470 -0.4257
vn 0.3559 0.8704 -0.3403
vn 0.6116 0.7898 0.0470
vn 0.0237 0.9983 -0.0523
vn 0.2026 0.9719 -0.1195
vn 0.3814 0.8992 -0.2145
vn -0.3123 0.9034 -0.2939
vn 0.1529 0.9239 -0.3506
vn 0.3160 0.8442 -0.4330
vn -0.6850 0.3397 -0.6445
vn 0.0632 0.9963 -0.0583
vn 0.4745 0.8495 0.2307
vn 0.3532 0.9342 -0.0503
vn 0.0098 0.9958 -0.0907
vn -0.3683 0.7521 0.5466
vn -0.4034 0.6798 0.6124
vn 0.4649 0.8741 -0.1410
vn 0.2370 0.9691 0.0688
vn 0.1483 0.9884 0.0327
vn -0.7005 0.6719 -0.2405
vn 0.6350 0.7346 0.2390
vn 0.1383 0.9679 0.2097
vn -0.7680 0.6403 -0.0133
vn -0.4743 0.8464 -0.2422
vn 0.4528 0.8168 0.3574
vn 0.5662 0.7098 0.4190
vn 0.7209 0.5723 0.3910
vn 0.2732 0.8989 0.3425
vn -0.0659 0.9958 0.0635
vn -0.1547 0.9528 0.2613
vn -0.3641 0.8869 0.2842
vn -0.1784 0.9800 0.0884
vn 0.1293 0.9793 -0.1559
vn -0.0570 0.9957 0.0734
vn -0.1423 0.9807 -0.1343
vn 0.0744 0.9859 -0.1497
vn -0.1191 0.9875 0.1035
vn -0.2596 0.9262 0.2735
vn -0.1714 0.9760 0.1340
vn -0.0630 0.9970 0.0446
vn -0.4202 0.8772 -0.2322
vn -0.0985 0.9723 -0.2121
vn 0.4215 0.8757 0.2355
vn -0.7819 0.6148 -0.1037
vn -0.0630 0.9585 -0.2781
vn 0.2986 0.9514 -0.0750
vn -0.8138 0.5786 -0.0536
vn -0.4137 0.8766 -0.2459
vn 0.4385 0.8905 -0.1211
vn -0.4922 0.8643 -0.1039
vn -0.4335 0.8264 -0.3593
vn 0.1053 0.9128 -0.3947
vn -0.0646 0.9951 -0.0753
vn -0.0018 0.9969 -0.0789
vn -0.1224 0.9768 0.1755
vn -0.1601 0.9804 -0.1148
vn -0.0470 0.9984 -0.0330
vn -0.0293 0.9947 0.0982
vn 0.2193 0.8588 -0.4629
vn 0.2085 0.7783 -0.5923
vn 0.3246 0.9049 0.2753
vn 0.0210 0.9136 -0.4060
vn -0.2166 0.8058 -0.5512
vn -0.2623 0.9026 -0.3412
vn -0.1906 0.7209 -0.6663
vn -0.0602 0.7194 -0.6919
vn -0.0778 0.9315 -0.3554
vn -0.2099 0.6705 -0.7116
vn -0.2151 0.6164 -0.7575
vn -0.1060 0.8552 -0.5073
vn -0.0160 0.9838 -0.1786
vn 0.0393 0.9903 -0.1332
vn 0.5233 0.8065 0.2751
vn -0.0740 0.9735 -0.2163
vn 0.2335 0.9529 -0.1935
vn 0.6346 0.7551 -0.1646
vn -0.2434 0.9672 0.0731
vn 0.2630 0.8916 -0.3687
vn 0.6074 0.7938 0.0314
vn -0.4166 0.8867 -0.2006
vn -0.0820 0.9587 -0.2722
vn 0.0718 0.8975 -0.4351
vn -0.2878 0.9273 0.2395
vn -0.1816 0.9238 0.3372
vn 0.3021 0.9508 -0.0694
vn -0.4145 0.8705 -0.2652
vn -0.2108 0.9715 -0.1084
vn 0.1433 0.9823 0.1206
vn -0.1861 -0.1162 -0.9756
vn -0.2762 -0.1426 -0.9505
vn -0.0327 0.0644 -0.9974
vn -0.0688 -0.1481 -0.9866
vn -0.2179 0.0838 -0.9724
vn -0.4108 0.3445 -0.8441
vn -0.3069 0.2778 -0.9103
vn -0.3957 0.2941 -0.8700
vn -0.4454 0.2157 -0.8690
vn 0.2525 0.0356 -0.9669
vn 0.4030 -0.0225 -0.9149
vn 0.2948 0.4645 -0.8351
vn -0.1468 -0.0972 -0.9844
vn 0.0583 -0.1268 -0.9902
vn -0.0527 -0.1941 -0.9796
vn -0.0915 0.4858 -0.8693
vn 0.1438 0.3619 -0.9210
vn 0.0646 0.0405 -0.9971
vn -0.6893 0.6899 -0.2211
vn -0.7941 0.4304 -0.4291
vn -0.9540 0.1376 -0.2665
vn 0.0878 0.4044 -0.9104
vn 0.2449 0.3237 -0.9139
vn -0.4427 -0.2376 -0.8646
vn -0.1145 0.6174 -0.7783
vn -0.1466 0.5480 -0.8235
vn -0.1635 0.2877 -0.9437
vn -0.3080 0.4964 -0.8116
vn 0.0134 0.2698 -0.9628
vn 0.1206 0.1588 -0.9799
vn -0.7981 -0.3436 -0.4949
vn -0.8658 -0.1157 -0.4868
vn -0.9337 0.0181 -0.3577
vn -0.6871 -0.4245 -0.5897
vn -0.7427 -0.0817 -0.6646
vn -0.8820 0.2235 -0.4148
vn -0.7007 -0.7070 -0.0959
vn -0.8853 -0.3405 -0.3168
vn -0.8626 -0.0121 -0.5058
vn -0.7694 -0.6313 -0.0973
vn -0.7984 -0.5616 -0.2171
vn -0.9143 -0.2427 -0.3242
vn -0.0648 0.7316 0.6787
vn -0.1233 0.6942 0.7091
vn -0.1485 0.2549 0.9555
vn 0.0292 -0.6778 0.7347
vn -0.2037 0.7247 0.6583
vn -0.0942 0.3552 0.9300
vn -0.0828 0.2880 0.9540
vn 0.1334 -0.5421 0.8297
vn -0.1092 0.6089 0.7857
vn -0.1037 0.4398 0.8921
vn -0.2587 0.3601 0.8964
vn -0.3533 0.3015 0.8856
vn -0.2163 0.0509 0.9750
vn 0.0785 -0.5417 0.8369
vn -0.3984 0.4449 0.8021
vn 0.3615 0.7645 0.5337
vn 0.0937 0.5374 0.8381
vn -0.1017 -0.5769 0.8104
vn -0.0789 -0.5915 0.8024
vn 0.0625 0.6721 0.7378
vn 0.1002 -0.2660 0.9587
vn 0.4005 -0.4489 0.7988
vn 0.3037 -0.3935 0.8677
vn -0.3546 -0.7321 0.5816
vn 0.1918 -0.0720 0.9788
vn 0.2490 -0.2504 0.9356
vn -0.3881 -0.1678 0.9062
vn -0.4016 -0.4607 0.7915
vn -0.3480 -0.3312 0.8771
vn -0.4978 -0.4119 0.7632
vn 0.0098 -0.4637 0.8860
vn -0.3993 -0.4936 0.7726
vn 0.1062 -0.0404 -0.9935
vn 0.0261 -0.2334 -0.9720
vn -0.3064 0.0557 -0.9503
vn -0.5954 0.6984 -0.3972
vn -0.9030 0.3837 -0.1934
vn -0.9678 0.2483 0.0418
vn 0.4268 0.7153 -0.5533
vn 0.2731 0.8482 -0.4538
vn -0.0097 0.8189 -0.5738
vn 0.0409 0.3939 -0.9182
vn 0.1720 0.1107 -0.9789
vn 0.3637 -0.1515 -0.9191
vn -0.2693 0.1702 -0.9479
vn -0.2215 0.5834 -0.7814
vn -0.4044 0.1152 -0.9073
vn -0.1590 0.2387 -0.9580
vn -0.2906 0.2227 -0.9306
vn -0.1914 0.1148 -0.9748
vn 0.2757 0.5859 0.7621
vn 0.8007 0.2146 0.5593
vn 0.9225 -0.0024 0.3860
vn 0.4010 0.5595 0.7254
vn 0.2394 0.7764 0.5830
vn 0.6996 0.1986 0.6864
vn 0.8879 -0.0905 0.4510
vn 0.2657 0.3685 0.8908
vn -0.9603 -0.0111 -0.2786
vn -0.8224 0.5622 -0.0866
vn -0.8805 0.2986 -0.3682
vn 0.2906 0.1707 0.9415
vn 0.0879 -0.3537 0.9312
vn 0.4740 0.4455 0.7595
vn -0.0557 -0.5963 0.8009
vn 0.4873 0.6174 0.6175
vn 0.9674 0.2533 -0.0054
vn 0.8501 0.1655 -0.4999
vn 0.9494 0.0145 -0.3139
vn 0.9353 0.3311 -0.1253
vn 0.0035 0.3632 -0.9317
vn -0.0593 0.5734 -0.8171
vn 0.2331 0.2978 -0.9257
vn 0.6590 0.7510 -0.0412
vn 0.9510 0.2083 -0.2284
vn 0.9960 -0.0380 -0.0805
vn 0.6337 0.7733 0.0196
vn 0.0025 0.8009 0.5988
vn -0.0765 0.6385 0.7658
vn -0.1684 0.2472 0.9542
vn 0.0281 -0.5442 0.8385
vn -0.0284 0.7520 0.6586
vn 0.0791 0.7595 0.6457
vn -0.0044 0.6454 0.7638
vn -0.0790 0.2513 0.9647
vn -0.0944 -0.6441 0.7591
vn -0.0308 0.5468 0.8367
vn -0.6525 0.4935 0.5751
vn -0.4109 0.0994 0.9063
vn -0.1506 -0.3300 0.9319
vn 0.1922 -0.5746 0.7955
vn -0.5330 0.1524 0.8323
vn 0.4172 0.8346 -0.3597
vn 0.2744 0.3539 -0.8941
vn 0.4170 0.4471 -0.7913
vn 0.6204 0.7145 -0.3233
vn -0.0781 0.3952 -0.9153
vn 0.0940 0.3804 -0.9200
vn 0.3868 0.8674 -0.3130
vn 0.2009 0.4739 -0.8574
vn 0.3318 0.4971 -0.8017
vn 0.7565 -0.2738 0.5939
vn 0.7689 0.1455 0.6226
vn 0.4479 0.0902 0.8895
vn -0.1896 -0.5742 0.7965
vn 0.8459 0.0201 0.5330
vn 0.7577 0.3090 0.5749
vn -0.0827 0.4360 0.8961
vn -0.7054 0.4507 0.5471
vn -0.5648 -0.3397 0.7521
vn -0.3303 -0.6411 0.6928
vn -0.1241 -0.6650 0.7365
vn -0.6009 -0.0277 0.7988
vn -0.9339 0.0957 0.3444
vn -0.9867 0.1602 0.0267
vn -0.9771 0.2123 0.0100
vn -0.9763 0.2081 -0.0589
vn -0.9088 0.2829 -0.3067
vn -0.7464 0.2314 -0.6240
vn 0.9399 0.1556 0.3040
vn 0.9661 0.2500 0.0638
vn 0.9452 0.3232 0.0458
vn 0.9897 0.1415 -0.0233
vn 0.9581 0.1721 -0.2291
vn 0.7357 0.3066 -0.6039
vn 0.9040 0.2845 0.3192
vn 0.9204 0.3897 0.0309
vn 0.9274 0.3693 0.0603
vn 0.9503 0.3040 0.0668
vn 0.9293 0.1289 -0.3462
vn 0.8723 0.0119 -0.4887
vn -0.8764 0.2831 0.3895
vn -0.8834 0.4687 -0.0057
vn -0.8894 0.4551 0.0426
vn -0.8786 0.4450 -0.1732
vn -0.8628 0.3816 -0.3315
vn -0.7442 0.2130 -0.6331
vn 0.5505 0.7327 -0.4000
vn 0.7435 0.4619 -0.4835
vn 0.9278 -0.0306 -0.3717
vn 0.6153 0.6299 -0.4740
vn 0.5971 0.7615 -0.2522
vn 0.7156 0.5616 -0.4153
vn 0.9571 0.0306 -0.2883
vn 0.6500 0.6529 -0.3888
vn 0.5143 0.8100 -0.2818
vn 0.7357 0.5866 -0.3386
vn 0.9427 0.0836 -0.3231
vn 0.6505 0.6765 -0.3454
vn 0.5615 0.7471 -0.3559
vn 0.6199 0.7226 -0.3058
vn 0.9265 0.3022 -0.2241
vn 0.6255 0.7008 -0.3430
vn 0.6407 0.7104 -0.2911
vn 0.8712 0.4835 -0.0859
vn 0.9458 0.2243 0.2347
vn 0.6591 0.7420 0.1225
vn 0.7340 0.5462 -0.4036
vn 0.7992 0.6011 -0.0064
vn 0.8879 0.4466 -0.1103
vn 0.8040 0.5516 -0.2223
vn 0.8762 0.4151 -0.2449
vn 0.8850 0.4614 -0.0624
vn 0.8972 0.4365 0.0671
vn 0.8604 0.4339 -0.2672
vn 0.9679 0.2027 0.1487
vn 0.9376 0.3436 0.0540
vn 0.9256 0.3625 0.1088
vn 0.8821 0.2379 0.4066
vn 0.8213 0.5672 0.0614
vn 0.7608 0.6315 0.1496
vn 0.9160 0.4012 0.0053
vn 0.7958 0.5932 0.1217
vn 0.8296 0.5563 -0.0485
vn 0.7757 0.6289 -0.0534
vn 0.9059 0.4225 -0.0296
vn 0.7752 0.6314 -0.0218
vn -0.6686 0.6128 -0.4212
vn -0.6868 0.7013 -0.1908
vn -0.5845 0.7791 0.2264
vn -0.7689 0.4540 -0.4503
vn -0.6636 0.7191 0.2065
vn -0.6534 0.6621 0.3671
vn -0.7872 0.4310 -0.4410
vn -0.6087 0.6973 0.3786
vn -0.6420 0.6282 0.4394
vn -0.5281 0.5556 -0.6422
vn -0.8913 0.4525 0.0271
vn -0.7150 0.4803 0.5080
vn 0.2354 -0.9689 0.0764
vn -0.7312 0.6015 -0.3217
vn -0.6896 0.6923 -0.2124
vn -0.1312 -0.9514 -0.2786
vn -0.7584 0.5866 0.2840
vn -0.7966 0.5751 0.1864
vn -0.9291 0.3478 0.1252
vn -0.6955 0.7010 0.1576
vn -0.5998 0.7833 0.1631
vn 0.6557 0.7509 0.0792
vn 0.8075 0.5521 -0.2078
vn 0.8696 0.4533 -0.1958
vn 0.7441 0.6665 0.0451
vn -0.7861 0.4291 0.4449
vn -0.5940 0.6218 0.5104
vn -0.5519 0.6459 0.5274
vn -0.9340 0.3473 -0.0839
vn -0.9389 0.3425 -0.0339
vn -0.7251 0.6858 -0.0627
vn -0.9605 0.2686 -0.0725
vn -0.7741 0.6084 -0.1750
vn -0.8552 0.4290 -0.2909
vn -0.9446 0.2999 0.1334
vn -0.8173 0.5425 0.1942
vn -0.8085 0.5794 0.1033
vn -0.9148 0.3788 0.1405
vn -0.6332 0.7562 0.1647
vn -0.7552 0.6130 0.2321
vn -0.9105 0.4067 -0.0750
vn -0.8511 0.5246 0.0194
vn -0.6333 0.7737 0.0138
vn 0.5427 0.8174 -0.1933
vn 0.8002 0.5198 -0.2991
vn 0.6309 0.6700 -0.3911
vn 0.9230 0.2665 -0.2775
vn 0.5940 0.8044 -0.0056
vn 0.8818 0.4670 0.0665
vn 0.8983 0.4262 -0.1069
vn 0.6466 0.7612 -0.0500
vn 0.6789 0.7265 0.1065
vn 0.9568 0.2627 0.1249
vn 0.9153 0.0861 0.3934
vn 0.6639 0.7351 0.1370
vn 0.7497 0.6501 0.1239
vn 0.9426 0.2689 0.1978
vn 0.9219 0.2780 -0.2698
vn 0.7371 0.5610 0.3768
vn 0.7656 0.6418 -0.0449
vn 0.9129 0.4079 0.0149
vn 0.8426 0.5245 0.1218
vn 0.7999 0.5999 -0.0192
vt 0.501000 0.485400
vt 0.521100 0.454600
vt 0.539500 0.463500
vt 0.531300 0.498800
vt 0.564400 0.468400
vt 0.561300 0.505700
vt 0.592200 0.469800
vt 0.590900 0.506300
vt 0.624200 0.469000
vt 0.624900 0.504700
vt 0.653000 0.469900
vt 0.654000 0.499800
vt 0.680600 0.466500
vt 0.682700 0.490300
vt 0.038800 0.439000
vt 0.063900 0.457400
vt 0.081100 0.426800
vt 0.064600 0.414500
vt 0.090600 0.469000
vt 0.102800 0.434700
vt 0.119200 0.476900
vt 0.129900 0.443700
vt 0.150500 0.480300
vt 0.158500 0.450500
vt 0.176500 0.479500
vt 0.182600 0.454400
vt 0.207600 0.474700
vt 0.210400 0.459300
vt 0.271600 0.883100
vt 0.268400 0.897200
vt 0.251100 0.889200
vt 0.254700 0.878500
vt 0.277900 0.861200
vt 0.281000 0.852800
vt 0.291700 0.849200
vt 0.291400 0.859700
vt 0.231100 0.820300
vt 0.227000 0.831100
vt 0.223600 0.830400
vt 0.224300 0.820600
vt 0.217200 0.827200
vt 0.219600 0.836600
vt 0.215600 0.843800
vt 0.209800 0.834000
vt 0.222600 0.838500
vt 0.316500 0.856000
vt 0.314500 0.841400
vt 0.337200 0.832600
vt 0.341400 0.849800
vt 0.365700 0.844900
vt 0.364000 0.827700
vt 0.385900 0.821500
vt 0.386700 0.838100
vt 0.398500 0.835600
vt 0.397200 0.819300
vt 0.410000 0.816200
vt 0.412300 0.832500
vt 0.424700 0.829500
vt 0.420800 0.812800
vt 0.431400 0.809100
vt 0.436900 0.826100
vt 0.446900 0.820500
vt 0.440800 0.804000
vt 0.449900 0.798800
vt 0.457100 0.814900
vt 0.472200 0.810200
vt 0.464300 0.792600
vt 0.480000 0.785100
vt 0.487800 0.804800
vt 0.512300 0.785000
vt 0.501900 0.767500
vt 0.508100 0.762500
vt 0.519100 0.779300
vt 0.540300 0.764100
vt 0.526800 0.745200
vt 0.533900 0.739800
vt 0.548500 0.759200
vt 0.565700 0.742000
vt 0.548200 0.726900
vt 0.552700 0.722900
vt 0.571100 0.736400
vt 0.577800 0.725000
vt 0.562000 0.712300
vt 0.570500 0.702100
vt 0.584300 0.713900
vt 0.592600 0.704900
vt 0.578900 0.693100
vt 0.587500 0.683100
vt 0.601200 0.695100
vt 0.606600 0.689200
vt 0.592700 0.677500
vt 0.596800 0.673400
vt 0.610500 0.684900
vt 0.616700 0.676900
vt 0.601500 0.667600
vt 0.605900 0.662300
vt 0.622300 0.669700
vt 0.625400 0.660100
vt 0.607500 0.651600
vt 0.609400 0.640400
vt 0.629000 0.649000
vt 0.211500 0.799700
vt 0.197300 0.809800
vt 0.190400 0.794100
vt 0.209000 0.781300
vt 0.203600 0.759500
vt 0.181100 0.772900
vt 0.173100 0.752100
vt 0.199900 0.738100
vt 0.192500 0.719700
vt 0.165600 0.734900
vt 0.158800 0.717900
vt 0.186200 0.702300
vt 0.179000 0.680400
vt 0.147900 0.695700
vt 0.137100 0.672300
vt 0.172000 0.657600
vt 0.162800 0.636600
vt 0.126500 0.651300
vt 0.116200 0.629700
vt 0.153700 0.614900
vt 0.134000 0.557700
vt 0.094200 0.585000
vt 0.092200 0.577500
vt 0.132100 0.548900
vt 0.308900 0.829400
vt 0.328300 0.818000
vt 0.277000 0.846900
vt 0.264500 0.852800
vt 0.260500 0.849000
vt 0.272800 0.840600
vt 0.214900 0.867900
vt 0.220300 0.862000
vt 0.225600 0.865000
vt 0.220600 0.872200
vt 0.258100 0.859500
vt 0.252500 0.856000
vt 0.295900 0.812100
vt 0.310800 0.799700
vt 0.320500 0.805300
vt 0.304200 0.818200
vt 0.354900 0.811900
vt 0.344200 0.797700
vt 0.389500 0.804400
vt 0.377200 0.806400
vt 0.368600 0.792700
vt 0.381900 0.789500
vt 0.414800 0.796700
vt 0.404200 0.801100
vt 0.398100 0.785300
vt 0.408400 0.779500
vt 0.435100 0.786100
vt 0.425500 0.792100
vt 0.418600 0.773600
vt 0.428100 0.766700
vt 0.456500 0.772600
vt 0.444400 0.780100
vt 0.437500 0.759700
vt 0.447900 0.751900
vt 0.476700 0.759700
vt 0.469600 0.764400
vt 0.458700 0.743800
vt 0.464900 0.740300
vt 0.504800 0.737900
vt 0.499400 0.745300
vt 0.486400 0.728000
vt 0.492200 0.719100
vt 0.522100 0.713500
vt 0.518700 0.717100
vt 0.505700 0.697600
vt 0.507800 0.694600
vt 0.543000 0.692100
vt 0.533500 0.701700
vt 0.516600 0.684000
vt 0.523300 0.673600
vt 0.556700 0.674600
vt 0.551600 0.682200
vt 0.530900 0.662300
vt 0.535000 0.655800
vt 0.330400 0.788000
vt 0.368200 0.773000
vt 0.354300 0.780900
vt 0.394500 0.758600
vt 0.384000 0.765500
vt 0.414600 0.744800
vt 0.405200 0.752200
vt 0.316800 0.889800
vt 0.343400 0.889500
vt 0.341400 0.918300
vt 0.313600 0.912100
vt 0.369500 0.889400
vt 0.372400 0.919000
vt 0.405800 0.885100
vt 0.411800 0.916600
vt 0.395400 0.917900
vt 0.391500 0.886700
vt 0.437800 0.880800
vt 0.446100 0.911300
vt 0.430500 0.912100
vt 0.422800 0.881600
vt 0.467100 0.874000
vt 0.478000 0.903800
vt 0.461400 0.910000
vt 0.452800 0.879500
vt 0.494900 0.860500
vt 0.507200 0.886900
vt 0.493500 0.897600
vt 0.480400 0.868100
vt 0.519500 0.845100
vt 0.532900 0.868600
vt 0.521500 0.875100
vt 0.509600 0.851800
vt 0.553600 0.817600
vt 0.571100 0.840200
vt 0.563900 0.845300
vt 0.547700 0.821200
vt 0.587700 0.792300
vt 0.603100 0.812100
vt 0.595900 0.819300
vt 0.580600 0.799400
vt 0.616200 0.757100
vt 0.636700 0.774200
vt 0.627300 0.787600
vt 0.609200 0.769500
vt 0.630500 0.733100
vt 0.653300 0.748400
vt 0.646000 0.759900
vt 0.623100 0.743900
vt 0.642400 0.714500
vt 0.666200 0.728100
vt 0.660300 0.736900
vt 0.637700 0.721800
vt 0.652800 0.695500
vt 0.677800 0.705500
vt 0.672000 0.719300
vt 0.646300 0.708000
vt 0.663200 0.676600
vt 0.685700 0.683900
vt 0.682000 0.692700
vt 0.658100 0.684300
vt 0.668900 0.666200
vt 0.650900 0.661000
vt 0.660900 0.610300
vt 0.680300 0.615400
vt 0.580700 0.593400
vt 0.585800 0.629100
vt 0.556900 0.618100
vt 0.552500 0.588200
vt 0.247400 0.875400
vt 0.243200 0.884800
vt 0.234700 0.879700
vt 0.239100 0.871500
vt 0.239000 0.847100
vt 0.233100 0.844200
vt 0.239200 0.835000
vt 0.246300 0.838300
vt 0.226800 0.854300
vt 0.231100 0.856700
vt 0.261600 0.751400
vt 0.284300 0.758300
vt 0.274500 0.775200
vt 0.257700 0.772200
vt 0.294000 0.741200
vt 0.265000 0.730500
vt 0.312500 0.706400
vt 0.302700 0.723500
vt 0.272100 0.710500
vt 0.280000 0.691100
vt 0.333200 0.676400
vt 0.322300 0.691400
vt 0.284100 0.669500
vt 0.289000 0.649200
vt 0.356300 0.650100
vt 0.344400 0.663300
vt 0.295200 0.625800
vt 0.303500 0.593900
vt 0.211300 0.854000
vt 0.204500 0.860400
vt 0.200800 0.857100
vt 0.208200 0.850600
vt 0.201700 0.842300
vt 0.193400 0.850900
vt 0.186100 0.844600
vt 0.195500 0.834200
vt 0.484000 0.551400
vt 0.474000 0.565100
vt 0.426900 0.528200
vt 0.436500 0.514100
vt 0.234600 0.869300
vt 0.230800 0.867600
vt 0.235600 0.859300
vt 0.239400 0.861300
vt 0.283200 0.803700
vt 0.296200 0.790300
vt 0.301100 0.793300
vt 0.288100 0.806300
vt 0.312000 0.775000
vt 0.319200 0.780500
vt 0.340300 0.743600
vt 0.353200 0.754900
vt 0.337700 0.765600
vt 0.328300 0.757400
vt 0.363100 0.721400
vt 0.379400 0.737900
vt 0.369100 0.745500
vt 0.353000 0.731700
vt 0.383700 0.703600
vt 0.399500 0.722300
vt 0.390400 0.730600
vt 0.373900 0.711700
vt 0.268200 0.836100
vt 0.256500 0.845700
vt 0.252700 0.842400
vt 0.263700 0.831600
vt 0.248400 0.853100
vt 0.244600 0.850400
vt 0.518000 0.642400
vt 0.514400 0.647400
vt 0.495100 0.636200
vt 0.503100 0.626900
vt 0.508000 0.657200
vt 0.501700 0.666700
vt 0.492900 0.653400
vt 0.497600 0.647000
vt 0.493000 0.677700
vt 0.490400 0.681200
vt 0.478800 0.670800
vt 0.482000 0.667300
vt 0.473200 0.697600
vt 0.467500 0.703800
vt 0.456900 0.689400
vt 0.462000 0.685300
vt 0.447600 0.717500
vt 0.442000 0.721200
vt 0.432000 0.709300
vt 0.437300 0.705500
vt 0.432800 0.729100
vt 0.423900 0.737200
vt 0.408800 0.714000
vt 0.421300 0.706200
vt 0.226200 0.840900
vt 0.231000 0.832200
vt 0.221300 0.850700
vt 0.238600 0.790800
vt 0.243200 0.770600
vt 0.250400 0.791300
vt 0.244500 0.748700
vt 0.247400 0.708900
vt 0.246700 0.727300
vt 0.248600 0.667400
vt 0.248200 0.688600
vt 0.247200 0.623300
vt 0.248900 0.645900
vt 0.606200 0.602400
vt 0.583200 0.640100
vt 0.580300 0.650400
vt 0.551200 0.636200
vt 0.553900 0.627500
vt 0.575300 0.655000
vt 0.570300 0.659200
vt 0.544200 0.642100
vt 0.547500 0.639400
vt 0.566500 0.662400
vt 0.562200 0.666600
vt 0.538400 0.649800
vt 0.541400 0.645700
vt 0.508600 0.566900
vt 0.500900 0.584600
vt 0.538000 0.606100
vt 0.538500 0.580700
vt 0.535500 0.614200
vt 0.533500 0.621300
vt 0.523000 0.611200
vt 0.524500 0.606300
vt 0.383600 0.492200
vt 0.404700 0.487000
vt 0.256200 0.810800
vt 0.265100 0.793300
vt 0.278300 0.801200
vt 0.265800 0.815800
vt 0.530900 0.625000
vt 0.528500 0.628900
vt 0.510700 0.617600
vt 0.515100 0.609500
vt 0.526100 0.632500
vt 0.228400 0.866400
vt 0.233300 0.858000
vt 0.259900 0.828700
vt 0.249500 0.840300
vt 0.256400 0.826200
vt 0.241800 0.848800
vt 0.483800 0.610800
vt 0.475800 0.619100
vt 0.450000 0.597400
vt 0.456400 0.588500
vt 0.405100 0.685700
vt 0.393600 0.695500
vt 0.377100 0.676200
vt 0.387800 0.664300
vt 0.304300 0.768600
vt 0.290900 0.786800
vt 0.318500 0.748800
vt 0.336900 0.718300
vt 0.327600 0.732800
vt 0.356800 0.693200
vt 0.346500 0.705700
vt 0.366800 0.685000
vt 0.084300 0.160800
vt 0.087000 0.117300
vt 0.113900 0.118900
vt 0.106200 0.155100
vt 0.523700 0.574300
vt 0.519300 0.598000
vt 0.456700 0.440000
vt 0.453600 0.432400
vt 0.458700 0.430200
vt 0.463300 0.437300
vt 0.442300 0.352000
vt 0.426200 0.351500
vt 0.418200 0.332100
vt 0.437600 0.331800
vt 0.234200 0.576500
vt 0.284100 0.573300
vt 0.245600 0.599600
vt 0.147100 0.599100
vt 0.108700 0.617500
vt 0.101200 0.605200
vt 0.140700 0.583000
vt 0.216600 0.540900
vt 0.255200 0.531400
vt 0.264100 0.546500
vt 0.222200 0.553100
vt 0.076600 0.636600
vt 0.084500 0.649200
vt 0.054000 0.668700
vt 0.045700 0.655600
vt 0.064600 0.617400
vt 0.068500 0.624000
vt 0.037200 0.642200
vt 0.032600 0.635200
vt 0.096700 0.670400
vt 0.108800 0.691300
vt 0.079600 0.712100
vt 0.066900 0.690500
vt 0.121700 0.714100
vt 0.134900 0.736000
vt 0.108300 0.757200
vt 0.093500 0.735000
vt 0.144700 0.753700
vt 0.155100 0.771100
vt 0.135100 0.792200
vt 0.121500 0.775000
vt 0.164900 0.789000
vt 0.175700 0.806900
vt 0.160400 0.820500
vt 0.147300 0.806700
vt 0.185500 0.820900
vt 0.406700 0.449300
vt 0.424600 0.445100
vt 0.424800 0.457300
vt 0.407600 0.468800
vt 0.404100 0.422300
vt 0.390300 0.418800
vt 0.391400 0.407300
vt 0.402600 0.411800
vt 0.456800 0.388300
vt 0.462500 0.388000
vt 0.461700 0.399800
vt 0.458000 0.400800
vt 0.468000 0.395900
vt 0.473800 0.404300
vt 0.467100 0.414300
vt 0.464300 0.406900
vt 0.460600 0.408600
vt 0.367100 0.412800
vt 0.343200 0.404500
vt 0.348400 0.386700
vt 0.369500 0.397600
vt 0.318700 0.397000
vt 0.296900 0.387800
vt 0.300900 0.368400
vt 0.323800 0.378000
vt 0.286400 0.381200
vt 0.274700 0.374200
vt 0.280000 0.356400
vt 0.289800 0.362300
vt 0.262700 0.369500
vt 0.250200 0.364800
vt 0.257200 0.349100
vt 0.268800 0.353000
vt 0.240900 0.358700
vt 0.231200 0.351700
vt 0.238200 0.338300
vt 0.248300 0.343800
vt 0.216000 0.345200
vt 0.201600 0.338300
vt 0.208900 0.325700
vt 0.223000 0.331800
vt 0.182800 0.315300
vt 0.174100 0.305500
vt 0.184400 0.292500
vt 0.190300 0.301100
vt 0.154400 0.288600
vt 0.148300 0.282100
vt 0.156300 0.269600
vt 0.160900 0.274500
vt 0.134200 0.262000
vt 0.129800 0.255800
vt 0.145400 0.250000
vt 0.147700 0.255200
vt 0.124300 0.244700
vt 0.118900 0.233000
vt 0.132800 0.226700
vt 0.139000 0.238200
vt 0.111600 0.221000
vt 0.105600 0.209000
vt 0.120700 0.200600
vt 0.126100 0.214100
vt 0.101200 0.200700
vt 0.098400 0.194500
vt 0.115400 0.189400
vt 0.117700 0.193800
vt 0.093500 0.186000
vt 0.089000 0.178500
vt 0.107700 0.176200
vt 0.111600 0.182900
vt 0.086700 0.170100
vt 0.106900 0.166200
vt 0.021000 0.176500
vt 0.019100 0.123900
vt 0.039200 0.122400
vt 0.042200 0.172300
vt 0.060700 0.169100
vt 0.059000 0.122000
vt 0.477400 0.370200
vt 0.483600 0.353900
vt 0.499000 0.369700
vt 0.489600 0.382500
vt 0.490700 0.332700
vt 0.496800 0.311700
vt 0.521500 0.330600
vt 0.510800 0.350100
vt 0.505000 0.294200
vt 0.512200 0.277400
vt 0.540300 0.298600
vt 0.531100 0.314700
vt 0.523600 0.257500
vt 0.535100 0.236800
vt 0.568500 0.256200
vt 0.554500 0.277900
vt 0.547000 0.217400
vt 0.559000 0.197700
vt 0.594900 0.217300
vt 0.581800 0.237000
vt 0.586900 0.146500
vt 0.589800 0.139200
vt 0.624700 0.171500
vt 0.621900 0.177500
vt 0.376800 0.389700
vt 0.358400 0.377900
vt 0.406400 0.407200
vt 0.410300 0.402600
vt 0.422600 0.412600
vt 0.418500 0.414800
vt 0.430300 0.390900
vt 0.440000 0.388800
vt 0.445700 0.402000
vt 0.438400 0.404100
vt 0.424100 0.423600
vt 0.429300 0.421100
vt 0.391900 0.375000
vt 0.384200 0.382100
vt 0.367900 0.370200
vt 0.376900 0.361200
vt 0.335500 0.364800
vt 0.346100 0.352900
vt 0.301500 0.347200
vt 0.312100 0.333600
vt 0.326600 0.337500
vt 0.315100 0.351700
vt 0.277400 0.338700
vt 0.286800 0.324000
vt 0.296900 0.329700
vt 0.288300 0.342800
vt 0.255600 0.326400
vt 0.265800 0.307500
vt 0.275000 0.317300
vt 0.265200 0.333800
vt 0.233800 0.311000
vt 0.247100 0.287300
vt 0.256600 0.297400
vt 0.246300 0.318500
vt 0.215900 0.296500
vt 0.232200 0.272300
vt 0.237600 0.276800
vt 0.221200 0.303100
vt 0.193800 0.269500
vt 0.211400 0.251800
vt 0.216400 0.258700
vt 0.200600 0.275600
vt 0.170800 0.247800
vt 0.191900 0.227500
vt 0.195500 0.231000
vt 0.172900 0.252200
vt 0.159700 0.221100
vt 0.179600 0.204100
vt 0.182000 0.218000
vt 0.164000 0.234300
vt 0.151600 0.198600
vt 0.175100 0.183500
vt 0.177100 0.189900
vt 0.155400 0.207800
vt 0.358300 0.345800
vt 0.326000 0.321900
vt 0.340500 0.330600
vt 0.302600 0.305600
vt 0.311700 0.313200
vt 0.284400 0.287200
vt 0.292500 0.297400
vt 0.362200 0.447300
vt 0.360500 0.475200
vt 0.331200 0.470500
vt 0.334500 0.443900
vt 0.307100 0.440800
vt 0.300400 0.468500
vt 0.273000 0.432100
vt 0.285700 0.436300
vt 0.277400 0.466100
vt 0.262000 0.465100
vt 0.241900 0.418300
vt 0.256300 0.424900
vt 0.245400 0.460300
vt 0.232100 0.451700
vt 0.216000 0.404900
vt 0.229400 0.411400
vt 0.218600 0.440200
vt 0.201700 0.430900
vt 0.189300 0.389300
vt 0.203400 0.397900
vt 0.186300 0.424100
vt 0.172400 0.413600
vt 0.167000 0.369800
vt 0.174700 0.379100
vt 0.157900 0.402000
vt 0.148700 0.392600
vt 0.134200 0.336100
vt 0.141100 0.341900
vt 0.120000 0.366200
vt 0.113700 0.359900
vt 0.107700 0.308500
vt 0.114100 0.317500
vt 0.092200 0.335300
vt 0.086200 0.326800
vt 0.082000 0.267700
vt 0.088100 0.281000
vt 0.066100 0.298600
vt 0.058800 0.283800
vt 0.070200 0.242000
vt 0.076800 0.254300
vt 0.050800 0.268500
vt 0.045500 0.256000
vt 0.060000 0.221200
vt 0.064100 0.229800
vt 0.040200 0.243500
vt 0.036800 0.233600
vt 0.050200 0.199400
vt 0.055800 0.211900
vt 0.033600 0.223600
vt 0.027800 0.210000
vt 0.044500 0.181400
vt 0.046200 0.188600
vt 0.023400 0.197300
vt 0.022200 0.187700
vt 0.431600 0.441400
vt 0.439400 0.437900
vt 0.442400 0.447100
vt 0.433200 0.452100
vt 0.434800 0.375900
vt 0.422700 0.379300
vt 0.266600 0.131100
vt 0.314400 0.102600
vt 0.316400 0.111000
vt 0.270500 0.139700
vt 0.446400 0.375400
vt 0.425600 0.251900
vt 0.429900 0.272700
vt 0.396500 0.281200
vt 0.389500 0.263000
vt 0.422800 0.207800
vt 0.424700 0.230100
vt 0.381400 0.246600
vt 0.376200 0.229600
vt 0.417100 0.153100
vt 0.420700 0.182200
vt 0.369600 0.213200
vt 0.361300 0.196000
vt 0.450600 0.388500
vt 0.454600 0.401700
vt 0.468900 0.424500
vt 0.473000 0.421800
vt 0.479300 0.429400
vt 0.474900 0.431800
vt 0.480500 0.414200
vt 0.487700 0.406600
vt 0.495900 0.419700
vt 0.487700 0.424600
vt 0.444000 0.436300
vt 0.440800 0.428200
vt 0.444900 0.426700
vt 0.448400 0.434500
vt 0.405600 0.363500
vt 0.399700 0.367700
vt 0.385900 0.352300
vt 0.393600 0.347400
vt 0.381600 0.331400
vt 0.371500 0.337700
vt 0.355800 0.298200
vt 0.367900 0.313000
vt 0.356400 0.321900
vt 0.341800 0.308300
vt 0.336200 0.274000
vt 0.344300 0.284600
vt 0.327800 0.295900
vt 0.319200 0.287700
vt 0.320200 0.252900
vt 0.327900 0.263200
vt 0.310300 0.279300
vt 0.302700 0.268900
vt 0.416000 0.398500
vt 0.421700 0.394500
vt 0.431200 0.407100
vt 0.426900 0.409900
vt 0.433700 0.419000
vt 0.438000 0.416900
vt 0.193800 0.172500
vt 0.214000 0.160900
vt 0.219500 0.170300
vt 0.196100 0.177800
vt 0.200100 0.188800
vt 0.214700 0.178700
vt 0.218900 0.185300
vt 0.203800 0.199500
vt 0.213700 0.210400
vt 0.228600 0.199700
vt 0.232700 0.203800
vt 0.217600 0.214700
vt 0.233000 0.233100
vt 0.246600 0.221400
vt 0.251500 0.226500
vt 0.237700 0.239000
vt 0.253600 0.251800
vt 0.267100 0.242600
vt 0.272100 0.248000
vt 0.259000 0.256200
vt 0.267500 0.266500
vt 0.284300 0.247000
vt 0.294600 0.258200
vt 0.275900 0.276700
vt 0.465100 0.427000
vt 0.470800 0.434000
vt 0.453900 0.355300
vt 0.452300 0.335100
vt 0.452900 0.315200
vt 0.436000 0.314400
vt 0.454300 0.274000
vt 0.453200 0.293600
vt 0.433400 0.294100
vt 0.458700 0.233600
vt 0.454700 0.254300
vt 0.467300 0.189800
vt 0.462200 0.212500
vt 0.454200 0.422700
vt 0.459700 0.419200
vt 0.168800 0.110500
vt 0.184500 0.106200
vt 0.181400 0.132600
vt 0.160600 0.141200
vt 0.132600 0.158600
vt 0.162300 0.151300
vt 0.163700 0.160800
vt 0.133500 0.169100
vt 0.137500 0.175600
vt 0.166700 0.164600
vt 0.169700 0.168400
vt 0.141500 0.181500
vt 0.144500 0.184900
vt 0.171500 0.172800
vt 0.173200 0.177100
vt 0.147900 0.189200
vt 0.182900 0.141200
vt 0.196000 0.134100
vt 0.196900 0.140200
vt 0.184000 0.148900
vt 0.299700 0.051100
vt 0.304100 0.070000
vt 0.254700 0.101700
vt 0.252900 0.081300
vt 0.330700 0.030700
vt 0.348000 0.037800
vt 0.185900 0.152800
vt 0.204900 0.139900
vt 0.207700 0.148000
vt 0.187700 0.156700
vt 0.189400 0.161800
vt 0.200600 0.102900
vt 0.218100 0.099300
vt 0.222300 0.118300
vt 0.202500 0.126600
vt 0.451000 0.433400
vt 0.447400 0.425700
vt 0.449900 0.424700
vt 0.426000 0.392600
vt 0.434800 0.405600
vt 0.441100 0.415600
vt 0.444200 0.414300
vt 0.236300 0.148800
vt 0.242300 0.157000
vt 0.302600 0.230600
vt 0.322600 0.211600
vt 0.332300 0.223800
vt 0.312000 0.242100
vt 0.411200 0.359300
vt 0.370900 0.287900
vt 0.362200 0.273100
vt 0.354800 0.260000
vt 0.347900 0.247400
vt 0.340300 0.236000
vt 0.312600 0.090700
vt 0.262400 0.120100
vt 0.258700 0.112900
vt 0.309700 0.082100
vt 0.487700 0.146800
vt 0.472700 0.166300
vt 0.439700 0.133200
vt 0.568400 0.182600
vt 0.577800 0.167300
vt 0.612800 0.194100
vt 0.603900 0.205800
vt 0.511300 0.115100
vt 0.503300 0.127100
vt 0.462300 0.112800
vt 0.475500 0.097000
vt 0.633100 0.229400
vt 0.660600 0.252300
vt 0.650800 0.264300
vt 0.623400 0.240600
vt 0.647600 0.212300
vt 0.676400 0.234400
vt 0.670800 0.240500
vt 0.642900 0.218000
vt 0.608600 0.260000
vt 0.635000 0.283800
vt 0.619500 0.303300
vt 0.593700 0.278900
vt 0.578000 0.299900
vt 0.602700 0.323900
vt 0.585300 0.344000
vt 0.562000 0.320000
vt 0.549900 0.336200
vt 0.570100 0.360000
vt 0.554300 0.375300
vt 0.537300 0.351800
vt 0.525100 0.368200
vt 0.540100 0.387900
vt 0.525100 0.399700
vt 0.511800 0.384200
vt 0.500000 0.395700
vt 0.138300 0.574800
vt 0.098600 0.598800
vt 0.096100 0.592300
vt 0.135900 0.566600
vt 0.205100 0.516300
vt 0.237100 0.501000
vt 0.246300 0.516300
vt 0.210900 0.528600
vt 0.057600 0.603700
vt 0.060800 0.610800
vt 0.028200 0.628300
vt 0.024400 0.621600
vt 0.580900 0.160600
vt 0.584000 0.153900
vt 0.619100 0.183500
vt 0.616000 0.188800
vt 0.525100 0.094000
vt 0.519300 0.103200
vt 0.488800 0.081300
vt 0.497400 0.071400
vt 0.656100 0.200300
vt 0.686600 0.222300
vt 0.681900 0.228300
vt 0.652200 0.206600
vt 0.524500 0.774800
vt 0.513800 0.756500
vt 0.519900 0.750700
vt 0.531200 0.769400
vt 0.513200 0.723900
vt 0.508900 0.730600
vt 0.496800 0.711200
vt 0.501200 0.704300
vt 0.571900 0.805600
vt 0.586200 0.826000
vt 0.579200 0.835700
vt 0.562800 0.811700
vt 0.288800 0.167900
vt 0.322500 0.139600
vt 0.325200 0.146100
vt 0.294100 0.174400
vt 0.483900 0.687300
vt 0.478400 0.692300
vt 0.459100 0.675600
vt 0.468400 0.667300
vt 0.352900 0.113200
vt 0.353400 0.118600
vt 0.448600 0.647700
vt 0.440400 0.655000
vt 0.420200 0.633000
vt 0.427300 0.626100
vt 0.165700 0.300000
vt 0.160100 0.295800
vt 0.168700 0.280900
vt 0.176100 0.286500
vt 0.179400 0.257600
vt 0.201100 0.237900
vt 0.206500 0.245000
vt 0.187200 0.263500
vt 0.122800 0.326400
vt 0.129300 0.332300
vt 0.106800 0.353800
vt 0.100900 0.343400
vt 0.223500 0.221200
vt 0.243100 0.202100
vt 0.250300 0.210900
vt 0.228400 0.227300
vt 0.264900 0.186000
vt 0.271000 0.193100
vt 0.554400 0.753500
vt 0.538800 0.735500
vt 0.543500 0.731100
vt 0.560100 0.747800
vt 0.530100 0.705000
vt 0.525600 0.709800
vt 0.510500 0.691100
vt 0.512900 0.687900
vt 0.602600 0.776900
vt 0.618800 0.795600
vt 0.610600 0.804800
vt 0.595100 0.784700
vt 0.276500 0.151400
vt 0.318500 0.123400
vt 0.319800 0.129800
vt 0.281200 0.158900
vt 0.499000 0.670200
vt 0.495900 0.674000
vt 0.477400 0.658200
vt 0.484400 0.649700
vt 0.358000 0.092200
vt 0.355900 0.097100
vt 0.464700 0.631100
vt 0.457500 0.639100
vt 0.435100 0.617700
vt 0.441200 0.609900
vt 0.143900 0.275900
vt 0.139000 0.269200
vt 0.151300 0.260900
vt 0.153800 0.265300
vt 0.166300 0.238500
vt 0.185200 0.220900
vt 0.188600 0.224100
vt 0.168500 0.243100
vt 0.093700 0.289600
vt 0.101400 0.299700
vt 0.080200 0.318300
vt 0.074000 0.307300
vt 0.207000 0.202900
vt 0.229100 0.183500
vt 0.234400 0.191200
vt 0.210600 0.206700
vt 0.251100 0.168200
vt 0.256500 0.176200
vt 0.495900 0.798400
vt 0.487600 0.778900
vt 0.494800 0.773000
vt 0.503700 0.791800
vt 0.491000 0.751300
vt 0.483500 0.755300
vt 0.471100 0.736700
vt 0.478800 0.732300
vt 0.539600 0.828900
vt 0.553900 0.854000
vt 0.543700 0.862400
vt 0.529100 0.838300
vt 0.303200 0.186200
vt 0.331800 0.157700
vt 0.336900 0.166300
vt 0.309500 0.194100
vt 0.460600 0.708300
vt 0.453400 0.713600
vt 0.436000 0.694600
vt 0.446900 0.685700
vt 0.362300 0.132400
vt 0.364900 0.138900
vt 0.429400 0.664800
vt 0.419600 0.673100
vt 0.401900 0.651300
vt 0.410700 0.642700
vt 0.195400 0.330900
vt 0.189400 0.323500
vt 0.196200 0.310600
vt 0.202300 0.318100
vt 0.205700 0.282500
vt 0.221700 0.263400
vt 0.227000 0.267900
vt 0.210700 0.289500
vt 0.151700 0.353000
vt 0.160700 0.361600
vt 0.140000 0.383600
vt 0.130000 0.375100
vt 0.243000 0.243300
vt 0.261700 0.223500
vt 0.269900 0.231800
vt 0.248400 0.247600
vt 0.282400 0.206000
vt 0.289200 0.213600
vt 0.274600 0.870200
vt 0.258200 0.868700
vt 0.291300 0.871300
vt 0.289100 0.887200
vt 0.287000 0.904600
vt 0.263500 0.862500
vt 0.268800 0.856500
vt 0.234800 0.809700
vt 0.224900 0.810400
vt 0.243700 0.808800
vt 0.237500 0.819700
vt 0.214500 0.817600
vt 0.204300 0.824700
vt 0.218300 0.847200
vt 0.319500 0.869900
vt 0.345700 0.866700
vt 0.367000 0.862400
vt 0.387400 0.857000
vt 0.400100 0.855000
vt 0.414700 0.851800
vt 0.429000 0.849600
vt 0.443400 0.846800
vt 0.454300 0.841300
vt 0.465200 0.835400
vt 0.480500 0.831100
vt 0.496200 0.826400
vt 0.525300 0.804800
vt 0.532100 0.798900
vt 0.514800 0.812800
vt 0.555600 0.784400
vt 0.564400 0.779600
vt 0.546400 0.789200
vt 0.584700 0.757700
vt 0.590800 0.750500
vt 0.578100 0.765100
vt 0.595600 0.739000
vt 0.600300 0.727300
vt 0.608300 0.717500
vt 0.616200 0.707000
vt 0.621400 0.701000
vt 0.625300 0.696400
vt 0.632800 0.686300
vt 0.639000 0.677400
vt 0.644500 0.670400
vt 0.632600 0.602900
vt 0.225900 0.789900
vt 0.227500 0.768800
vt 0.226900 0.746100
vt 0.227500 0.724100
vt 0.220800 0.705400
vt 0.215400 0.687500
vt 0.211000 0.666300
vt 0.206700 0.644700
vt 0.198400 0.623400
vt 0.190100 0.601700
vt 0.173900 0.531300
vt 0.171400 0.521700
vt 0.176300 0.540900
vt 0.288300 0.841000
vt 0.284700 0.832000
vt 0.248000 0.822000
vt 0.251300 0.866500
vt 0.243600 0.863600
vt 0.279400 0.826700
vt 0.274200 0.821400
vt 0.505100 0.820000
vt 0.537200 0.795500
vt 0.571300 0.772400
vt 0.689000 0.673200
vt 0.699400 0.621800
vt 0.214300 0.857300
vt 0.208000 0.863400
vt 0.410500 0.568300
vt 0.412100 0.557600
vt 0.364000 0.637500
vt 0.230000 0.877400
vt 0.226000 0.875200
vt 0.269800 0.818400
vt 0.521700 0.637700
vt 0.512200 0.629000
vt 0.491900 0.601300
vt 0.496400 0.594300
vt 0.463600 0.578300
vt 0.468400 0.572100
vt 0.515700 0.625200
vt 0.421000 0.537900
vt 0.416300 0.545600
vt 0.366500 0.506900
vt 0.373800 0.499700
vt 0.364400 0.531500
vt 0.362700 0.518300
vt 0.223400 0.873900
vt 0.336600 0.600500
vt 0.185500 0.581100
vt 0.181100 0.560100
vt 0.178700 0.550500
vt 0.173000 0.832800
vt 0.388900 0.450000
vt 0.388200 0.474700
vt 0.389400 0.430300
vt 0.405700 0.433800
vt 0.424300 0.434900
vt 0.419400 0.425500
vt 0.414700 0.416600
vt 0.455100 0.376300
vt 0.462900 0.377300
vt 0.470900 0.385600
vt 0.479900 0.394500
vt 0.463400 0.416800
vt 0.457100 0.410100
vt 0.364400 0.427200
vt 0.337400 0.422700
vt 0.313300 0.415600
vt 0.293700 0.407500
vt 0.283000 0.402300
vt 0.268800 0.395400
vt 0.255600 0.390200
vt 0.243100 0.384400
vt 0.231900 0.377000
vt 0.222000 0.368700
vt 0.207900 0.362000
vt 0.193900 0.355000
vt 0.181400 0.339300
vt 0.173000 0.329400
vt 0.163400 0.318800
vt 0.150900 0.312100
vt 0.145500 0.306600
vt 0.136400 0.298700
vt 0.122900 0.280300
vt 0.116200 0.270500
vt 0.110600 0.262700
vt 0.107200 0.251700
vt 0.103900 0.240300
vt 0.094700 0.228100
vt 0.087200 0.215700
vt 0.081700 0.208100
vt 0.076600 0.200200
vt 0.071200 0.189700
vt 0.066700 0.181200
vt 0.063800 0.175800
vt 0.465600 0.358600
vt 0.468400 0.339000
vt 0.470800 0.316000
vt 0.472700 0.292600
vt 0.478300 0.275300
vt 0.483500 0.257700
vt 0.492600 0.238600
vt 0.502000 0.218800
vt 0.513100 0.199500
vt 0.524400 0.179900
vt 0.549100 0.124700
vt 0.552100 0.116200
vt 0.555100 0.107800
vt 0.400200 0.393700
vt 0.395900 0.400300
vt 0.430100 0.432300
vt 0.436400 0.429700
vt 0.413600 0.383900
vt 0.406900 0.388900
vt 0.187100 0.346600
vt 0.155700 0.314500
vt 0.129300 0.289400
vt 0.140700 0.112900
vt 0.131700 0.147300
vt 0.450000 0.412100
vt 0.411800 0.317700
vt 0.403400 0.300100
vt 0.350400 0.184400
vt 0.447200 0.444800
vt 0.451100 0.442800
vt 0.400700 0.342600
vt 0.418100 0.381700
vt 0.379900 0.303600
vt 0.391600 0.324800
vt 0.191300 0.166900
vt 0.204100 0.160500
vt 0.229300 0.136900
vt 0.225600 0.130300
vt 0.201700 0.155100
vt 0.364000 0.053400
vt 0.367100 0.056800
vt 0.369000 0.069300
vt 0.367400 0.076000
vt 0.382100 0.154600
vt 0.453700 0.441500
vt 0.543000 0.141400
vt 0.533600 0.160900
vt 0.546000 0.133100
vt 0.510800 0.410100
vt 0.199400 0.503900
vt 0.228000 0.485400
vt 0.054500 0.596400
vt 0.020800 0.614900
vt 0.530800 0.084800
vt 0.506000 0.061500
vt 0.660000 0.194000
vt 0.691100 0.216100
vt 0.393300 0.607000
vt 0.398900 0.599900
vt 0.362100 0.579100
vt 0.367300 0.572000
vt 0.404500 0.590800
vt 0.408300 0.582300
vt 0.369900 0.561400
vt 0.368900 0.549000
vt 0.377900 0.625400
vt 0.385700 0.616900
vt 0.344300 0.594700
vt 0.354800 0.587700
vt 0.814600 0.790900
vt 0.829200 0.798500
vt 0.821900 0.810500
vt 0.810700 0.800300
vt 0.797400 0.798100
vt 0.802300 0.790900
vt 0.780900 0.798500
vt 0.782200 0.795500
vt 0.864600 0.270400
vt 0.888000 0.278200
vt 0.884300 0.281800
vt 0.865000 0.274600
vt 0.854800 0.275000
vt 0.851400 0.270600
vt 0.835200 0.281800
vt 0.834600 0.277500
vt 0.969700 0.372500
vt 0.970100 0.374500
vt 0.964000 0.374600
vt 0.963200 0.373100
vt 0.978300 0.372500
vt 0.977100 0.376300
vt 0.987900 0.375600
vt 0.984600 0.379100
vt 0.748900 0.888000
vt 0.765700 0.888800
vt 0.757400 0.899700
vt 0.744500 0.896200
vt 0.725500 0.892900
vt 0.728400 0.888000
vt 0.715700 0.893100
vt 0.715800 0.891600
vt 0.094700 0.946700
vt 0.104600 0.947700
vt 0.104300 0.952800
vt 0.095000 0.950400
vt 0.077400 0.949300
vt 0.076200 0.947000
vt 0.062700 0.952000
vt 0.062700 0.949600
vt 0.770200 0.021500
vt 0.777000 0.007400
vt 0.790500 0.011700
vt 0.784200 0.024200
vt 0.780200 0.035800
vt 0.768800 0.034600
vt 0.778000 0.059700
vt 0.768800 0.055300
vt 0.439900 0.973400
vt 0.440700 0.970800
vt 0.456800 0.971100
vt 0.456900 0.972400
vt 0.428000 0.973400
vt 0.427600 0.971000
vt 0.421800 0.972500
vt 0.422400 0.968700
vt 0.833800 0.618800
vt 0.852000 0.617400
vt 0.853700 0.636300
vt 0.838800 0.634700
vt 0.824200 0.635100
vt 0.822600 0.617400
vt 0.808300 0.630500
vt 0.808100 0.620700
vt 0.800300 0.910100
vt 0.780900 0.909000
vt 0.782900 0.905300
vt 0.802300 0.907100
vt 0.814500 0.905300
vt 0.812300 0.908600
vt 0.835700 0.910800
vt 0.832800 0.913200
vt 0.035900 0.949300
vt 0.046800 0.951700
vt 0.048000 0.953600
vt 0.034900 0.952500
vt 0.024900 0.953400
vt 0.024800 0.947900
vt 0.018100 0.952900
vt 0.017800 0.947400
vt 0.009800 0.953600
vt 0.007400 0.946700
vt 0.911000 0.729500
vt 0.912000 0.734500
vt 0.904800 0.738500
vt 0.900600 0.732800
vt 0.920300 0.728900
vt 0.919200 0.733100
vt 0.930700 0.731600
vt 0.929100 0.735100
vt 0.938700 0.736600
vt 0.939000 0.738500
vt 0.908400 0.083000
vt 0.908100 0.091500
vt 0.899700 0.091300
vt 0.897500 0.083100
vt 0.916200 0.083100
vt 0.914800 0.088800
vt 0.926500 0.086400
vt 0.925000 0.089500
vt 0.937700 0.089400
vt 0.938600 0.091500
vt 0.950100 0.679300
vt 0.949000 0.675800
vt 0.965400 0.674000
vt 0.967800 0.676700
vt 0.662900 0.971700
vt 0.653100 0.972400
vt 0.654200 0.969800
vt 0.663700 0.967200
vt 0.675100 0.967200
vt 0.673900 0.972300
vt 0.689800 0.969800
vt 0.688800 0.972400
vt 0.928800 0.139700
vt 0.939100 0.141500
vt 0.931400 0.151500
vt 0.924200 0.146200
vt 0.916300 0.142000
vt 0.921700 0.139700
vt 0.907000 0.142600
vt 0.905900 0.140400
vt 0.854800 0.106200
vt 0.875500 0.110700
vt 0.868400 0.120600
vt 0.851700 0.114000
vt 0.840600 0.112000
vt 0.838300 0.106200
vt 0.829900 0.113300
vt 0.829000 0.108300
vt 0.500600 0.967300
vt 0.511300 0.967700
vt 0.511100 0.971900
vt 0.499600 0.970600
vt 0.485900 0.969500
vt 0.484600 0.967300
vt 0.474400 0.970800
vt 0.473600 0.968100
vt 0.929800 0.270300
vt 0.936800 0.276000
vt 0.934400 0.281800
vt 0.920600 0.275200
vt 0.913200 0.272600
vt 0.915400 0.270400
vt 0.902700 0.272900
vt 0.903700 0.270300
vt 0.934300 0.048400
vt 0.946000 0.053400
vt 0.941600 0.057400
vt 0.934600 0.053500
vt 0.922800 0.051800
vt 0.924700 0.048400
vt 0.909900 0.054400
vt 0.909200 0.052800
vt 0.880400 0.797900
vt 0.894100 0.802100
vt 0.891800 0.810500
vt 0.877200 0.805100
vt 0.862600 0.805100
vt 0.866800 0.797900
vt 0.843900 0.807000
vt 0.848100 0.801100
vt 0.941400 0.935700
vt 0.950300 0.940800
vt 0.948900 0.944800
vt 0.938500 0.941500
vt 0.929400 0.939700
vt 0.930500 0.935700
vt 0.915400 0.944500
vt 0.917900 0.939500
vt 0.951900 0.232300
vt 0.961300 0.235900
vt 0.957900 0.240300
vt 0.949200 0.238000
vt 0.937700 0.235000
vt 0.937900 0.232300
vt 0.928800 0.233700
vt 0.928700 0.232500
vt 0.733600 0.945200
vt 0.719400 0.945200
vt 0.721900 0.938900
vt 0.735900 0.940400
vt 0.747800 0.940400
vt 0.745800 0.943500
vt 0.765700 0.944700
vt 0.764100 0.945100
vt 0.606900 0.988700
vt 0.597800 0.991100
vt 0.597400 0.986600
vt 0.606400 0.987200
vt 0.615700 0.987900
vt 0.615000 0.990100
vt 0.628100 0.989500
vt 0.624300 0.991100
vt 0.915200 0.541800
vt 0.930200 0.545700
vt 0.921300 0.551900
vt 0.915500 0.544500
vt 0.902200 0.544300
vt 0.900600 0.541800
vt 0.890800 0.545400
vt 0.891500 0.543600
vt 0.944800 0.617400
vt 0.954500 0.622700
vt 0.950700 0.625500
vt 0.943900 0.620100
vt 0.930900 0.620400
vt 0.930500 0.617400
vt 0.922100 0.625500
vt 0.920100 0.623900
vt 0.817800 0.976800
vt 0.818700 0.974700
vt 0.835700 0.972500
vt 0.835600 0.973900
vt 0.809100 0.976300
vt 0.807700 0.973500
vt 0.800500 0.975500
vt 0.800300 0.972500
vt 0.389600 0.951300
vt 0.388900 0.947100
vt 0.407100 0.950600
vt 0.406800 0.951900
vt 0.380600 0.951900
vt 0.378100 0.946700
vt 0.366900 0.951100
vt 0.365100 0.947500
vt 0.387200 0.971100
vt 0.387900 0.968500
vt 0.404000 0.968100
vt 0.404100 0.969300
vt 0.375700 0.971100
vt 0.373200 0.966600
vt 0.365100 0.969500
vt 0.365400 0.967200
vt 0.950900 0.786900
vt 0.951500 0.784100
vt 0.967000 0.783400
vt 0.966900 0.784700
vt 0.939300 0.786900
vt 0.937400 0.782600
vt 0.927600 0.784500
vt 0.927200 0.782600
vt 0.802900 0.927900
vt 0.803600 0.930600
vt 0.795300 0.936300
vt 0.793700 0.934000
vt 0.817700 0.928100
vt 0.816400 0.931000
vt 0.834200 0.934200
vt 0.835700 0.936300
vt 0.839600 0.691800
vt 0.858400 0.697000
vt 0.852600 0.702900
vt 0.837200 0.699900
vt 0.827300 0.698400
vt 0.824800 0.690200
vt 0.808700 0.694900
vt 0.813000 0.699300
vt 0.806800 0.702900
vt 0.796600 0.701400
vt 0.140800 0.972100
vt 0.142100 0.969700
vt 0.157600 0.969100
vt 0.157600 0.970300
vt 0.129600 0.972100
vt 0.126800 0.968400
vt 0.119800 0.970700
vt 0.119600 0.968700
vt 0.293300 0.973800
vt 0.293000 0.969500
vt 0.305300 0.967600
vt 0.304400 0.971100
vt 0.280800 0.971500
vt 0.281500 0.968800
vt 0.273300 0.970200
vt 0.276000 0.967600
vt 0.937600 0.677600
vt 0.937800 0.674000
vt 0.931100 0.677900
vt 0.931700 0.675900
vt 0.924700 0.193100
vt 0.928200 0.188300
vt 0.943000 0.191500
vt 0.942100 0.192900
vt 0.911100 0.193100
vt 0.912500 0.191600
vt 0.905900 0.185100
vt 0.907300 0.183300
vt 0.190300 0.975300
vt 0.190600 0.972200
vt 0.203000 0.969400
vt 0.203100 0.970600
vt 0.181000 0.975000
vt 0.181400 0.973300
vt 0.172300 0.972700
vt 0.172300 0.970500
vt 0.826000 0.651000
vt 0.845400 0.657100
vt 0.841900 0.668400
vt 0.827400 0.662900
vt 0.815700 0.668400
vt 0.816100 0.651100
vt 0.799100 0.670300
vt 0.799100 0.659700
vt 0.838800 0.407300
vt 0.857000 0.403600
vt 0.861700 0.414000
vt 0.843300 0.417900
vt 0.831800 0.420500
vt 0.829300 0.409700
vt 0.815300 0.420500
vt 0.814700 0.414400
vt 0.878600 0.827100
vt 0.893400 0.827100
vt 0.897400 0.841000
vt 0.879300 0.838600
vt 0.869900 0.838400
vt 0.868500 0.828600
vt 0.854100 0.836400
vt 0.851400 0.833200
vt 0.748400 0.651000
vt 0.770600 0.651000
vt 0.784400 0.665400
vt 0.757100 0.669600
vt 0.738200 0.668800
vt 0.734200 0.653200
vt 0.717500 0.664600
vt 0.714300 0.660100
vt 0.854000 0.137900
vt 0.864100 0.148300
vt 0.863500 0.159700
vt 0.854500 0.152100
vt 0.844200 0.150100
vt 0.843100 0.137900
vt 0.828600 0.152900
vt 0.828000 0.149800
vt 0.855400 0.174400
vt 0.868900 0.180600
vt 0.866400 0.193100
vt 0.855500 0.186900
vt 0.844700 0.182800
vt 0.843200 0.174400
vt 0.828700 0.186500
vt 0.828000 0.182700
vt 0.849800 0.442700
vt 0.861000 0.435200
vt 0.871100 0.437700
vt 0.861200 0.443000
vt 0.860100 0.454300
vt 0.849800 0.454500
vt 0.858800 0.469700
vt 0.855000 0.469700
vt 0.891300 0.374900
vt 0.902900 0.378400
vt 0.908400 0.386500
vt 0.895400 0.384300
vt 0.884700 0.384500
vt 0.880800 0.372500
vt 0.870200 0.386500
vt 0.869100 0.382700
vt 0.808600 0.890600
vt 0.780900 0.888800
vt 0.794000 0.881800
vt 0.814700 0.883000
vt 0.829400 0.882800
vt 0.824700 0.890500
vt 0.844700 0.884900
vt 0.838900 0.890600
vt 0.228200 0.953500
vt 0.220800 0.955300
vt 0.220800 0.949200
vt 0.228900 0.946700
vt 0.238700 0.947700
vt 0.236500 0.953900
vt 0.253000 0.950400
vt 0.250500 0.952600
vt 0.921600 0.888600
vt 0.911800 0.891300
vt 0.911800 0.884600
vt 0.924200 0.881800
vt 0.932400 0.884100
vt 0.929900 0.889300
vt 0.947200 0.889500
vt 0.944300 0.891300
vt 0.916500 0.507200
vt 0.927400 0.508900
vt 0.927200 0.518100
vt 0.915400 0.515400
vt 0.905100 0.515600
vt 0.906400 0.506700
vt 0.890800 0.508700
vt 0.893600 0.506700
vt 0.941300 0.306000
vt 0.952300 0.306000
vt 0.953000 0.313700
vt 0.941200 0.312700
vt 0.931100 0.313200
vt 0.931000 0.307000
vt 0.914900 0.309200
vt 0.917200 0.306800
vt 0.382100 0.989900
vt 0.373900 0.990300
vt 0.372800 0.987000
vt 0.380000 0.987300
vt 0.390600 0.988000
vt 0.390100 0.990300
vt 0.404000 0.985800
vt 0.404100 0.987100
vt 0.621200 0.951000
vt 0.620300 0.946700
vt 0.638400 0.950800
vt 0.638100 0.952000
vt 0.607400 0.950800
vt 0.609600 0.946900
vt 0.591800 0.952000
vt 0.591100 0.950200
vt 0.559200 0.951100
vt 0.558200 0.946900
vt 0.576400 0.950600
vt 0.576100 0.951900
vt 0.545600 0.950600
vt 0.547700 0.946700
vt 0.530300 0.951900
vt 0.531400 0.948400
vt 0.836600 0.225800
vt 0.849700 0.226400
vt 0.852400 0.235300
vt 0.839800 0.233300
vt 0.826300 0.235400
vt 0.822600 0.229900
vt 0.816800 0.240300
vt 0.809400 0.233700
vt 0.862700 0.232500
vt 0.860400 0.240300
vt 0.333900 0.946700
vt 0.340900 0.950100
vt 0.339400 0.952700
vt 0.334400 0.950400
vt 0.330400 0.952200
vt 0.328300 0.950700
vt 0.324400 0.957600
vt 0.320000 0.954400
vt 0.346500 0.955500
vt 0.342900 0.957600
vt 0.943200 0.649100
vt 0.952800 0.649100
vt 0.953200 0.656400
vt 0.942100 0.653800
vt 0.932200 0.656200
vt 0.931100 0.652800
vt 0.921400 0.658500
vt 0.920100 0.656900
vt 0.805500 0.526200
vt 0.810100 0.514900
vt 0.814500 0.517000
vt 0.814100 0.526700
vt 0.815800 0.533600
vt 0.806000 0.536900
vt 0.822900 0.546100
vt 0.814700 0.551900
vt 0.820100 0.503000
vt 0.822900 0.504600
vt 0.883600 0.404100
vt 0.893300 0.404600
vt 0.895000 0.410100
vt 0.890000 0.412200
vt 0.886000 0.414700
vt 0.876700 0.407300
vt 0.883800 0.420500
vt 0.876400 0.415600
vt 0.909100 0.408000
vt 0.909100 0.411200
vt 0.890200 0.227300
vt 0.899800 0.231800
vt 0.898500 0.236000
vt 0.889400 0.232500
vt 0.885000 0.235000
vt 0.882200 0.227700
vt 0.881400 0.240300
vt 0.877400 0.231200
vt 0.914000 0.237100
vt 0.913800 0.240300
vt 0.932400 0.832400
vt 0.939300 0.832200
vt 0.939500 0.837200
vt 0.934700 0.836200
vt 0.927200 0.835200
vt 0.923600 0.832200
vt 0.915600 0.834900
vt 0.912100 0.832700
vt 0.948700 0.834900
vt 0.946300 0.841000
vt 0.935900 0.372500
vt 0.941100 0.375300
vt 0.939800 0.378500
vt 0.935500 0.376100
vt 0.931500 0.375800
vt 0.930800 0.372500
vt 0.923700 0.380000
vt 0.923100 0.378800
vt 0.948500 0.381700
vt 0.943200 0.385100
vt 0.966600 0.728900
vt 0.971500 0.730300
vt 0.970600 0.733500
vt 0.966000 0.732600
vt 0.962200 0.732100
vt 0.961600 0.728900
vt 0.954300 0.736500
vt 0.953700 0.735300
vt 0.978200 0.735000
vt 0.976000 0.738500
vt 0.975600 0.569300
vt 0.981100 0.570000
vt 0.980400 0.573400
vt 0.975300 0.573100
vt 0.971200 0.572500
vt 0.970300 0.569300
vt 0.963700 0.576700
vt 0.962900 0.575500
vt 0.988000 0.572900
vt 0.986500 0.576700
vt 0.932300 0.404100
vt 0.942500 0.404300
vt 0.942000 0.408000
vt 0.934800 0.407000
vt 0.931900 0.409800
vt 0.928400 0.407900
vt 0.928900 0.414600
vt 0.923800 0.412900
vt 0.952100 0.410900
vt 0.951600 0.414600
vt 0.954600 0.435200
vt 0.962400 0.436700
vt 0.960300 0.439800
vt 0.954400 0.438700
vt 0.950400 0.441900
vt 0.947300 0.439000
vt 0.942300 0.444700
vt 0.938400 0.441600
vt 0.967100 0.442100
vt 0.966400 0.444700
vt 0.933300 0.855900
vt 0.941000 0.858000
vt 0.940900 0.860900
vt 0.934600 0.859600
vt 0.929800 0.862400
vt 0.927200 0.861000
vt 0.923900 0.867100
vt 0.920500 0.866000
vt 0.948800 0.865600
vt 0.948500 0.867100
vt 0.961100 0.270700
vt 0.967100 0.270800
vt 0.966400 0.273100
vt 0.961300 0.273500
vt 0.957700 0.276000
vt 0.955100 0.275100
vt 0.954900 0.281800
vt 0.951500 0.281400
vt 0.975200 0.278400
vt 0.975200 0.280500
vt 0.977800 0.914400
vt 0.983200 0.916900
vt 0.981700 0.917900
vt 0.977400 0.916100
vt 0.972100 0.917300
vt 0.970400 0.915200
vt 0.966900 0.921000
vt 0.964100 0.918800
vt 0.986600 0.920000
vt 0.986200 0.921000
vt 0.918300 0.106200
vt 0.927700 0.108600
vt 0.929100 0.110500
vt 0.917600 0.110000
vt 0.907500 0.110600
vt 0.907500 0.106200
vt 0.901500 0.113100
vt 0.900000 0.108600
vt 0.894200 0.116900
vt 0.890200 0.112100
vt 0.146600 0.948300
vt 0.156700 0.950700
vt 0.157600 0.953700
vt 0.147400 0.950000
vt 0.138100 0.949800
vt 0.137600 0.946700
vt 0.129900 0.951000
vt 0.128900 0.947900
vt 0.120500 0.953700
vt 0.119300 0.950500
vt 0.040400 0.970200
vt 0.047600 0.972000
vt 0.048000 0.973900
vt 0.040900 0.972600
vt 0.032600 0.971500
vt 0.032400 0.968300
vt 0.024300 0.971900
vt 0.023700 0.968700
vt 0.015000 0.973900
vt 0.014500 0.970600
vt 0.953800 0.762600
vt 0.963500 0.765700
vt 0.963200 0.767800
vt 0.954100 0.764100
vt 0.945000 0.763800
vt 0.944900 0.761300
vt 0.936600 0.763900
vt 0.936700 0.761300
vt 0.927200 0.765900
vt 0.927400 0.763600
vt 0.933200 0.010900
vt 0.940800 0.018100
vt 0.940500 0.019100
vt 0.932800 0.012800
vt 0.927900 0.010500
vt 0.925600 0.007400
vt 0.918900 0.013200
vt 0.917300 0.010300
vt 0.911100 0.019100
vt 0.909200 0.016000
vt 0.196900 0.949900
vt 0.206100 0.953000
vt 0.205200 0.954700
vt 0.195400 0.952300
vt 0.190400 0.952200
vt 0.190500 0.948100
vt 0.182400 0.951600
vt 0.180700 0.946700
vt 0.173100 0.954700
vt 0.172300 0.951100
vt 0.557700 0.986500
vt 0.567200 0.988100
vt 0.566900 0.990600
vt 0.558400 0.988800
vt 0.551900 0.988400
vt 0.551400 0.985400
vt 0.544400 0.988500
vt 0.542900 0.985400
vt 0.538800 0.990000
vt 0.536400 0.988400
vt 0.987300 0.936600
vt 0.989800 0.938900
vt 0.990300 0.939900
vt 0.986700 0.940600
vt 0.980500 0.938600
vt 0.979900 0.935700
vt 0.973000 0.938800
vt 0.971500 0.935700
vt 0.967300 0.940300
vt 0.965000 0.938700
vt 0.976100 0.008500
vt 0.984200 0.008900
vt 0.983700 0.009600
vt 0.976100 0.010100
vt 0.969600 0.009900
vt 0.968900 0.007400
vt 0.962100 0.010000
vt 0.962000 0.007400
vt 0.957400 0.010800
vt 0.955500 0.008200
vt 0.886500 0.690200
vt 0.886600 0.698400
vt 0.879300 0.701000
vt 0.873100 0.694100
vt 0.894500 0.690200
vt 0.893400 0.697300
vt 0.904800 0.692100
vt 0.903400 0.696300
vt 0.914900 0.695700
vt 0.916400 0.697800
vt 0.896800 0.437000
vt 0.897600 0.442800
vt 0.892900 0.446600
vt 0.885800 0.441300
vt 0.902800 0.435200
vt 0.902500 0.441100
vt 0.912600 0.438500
vt 0.910900 0.443200
vt 0.922500 0.444200
vt 0.923700 0.446600
vt 0.736100 0.914400
vt 0.735300 0.921800
vt 0.728800 0.924200
vt 0.724700 0.917700
vt 0.744200 0.914600
vt 0.743200 0.920700
vt 0.753600 0.918500
vt 0.751800 0.922800
vt 0.764000 0.922200
vt 0.765700 0.924200
vt 0.900700 0.462800
vt 0.899700 0.467500
vt 0.888700 0.468500
vt 0.885800 0.464400
vt 0.909000 0.461300
vt 0.908800 0.466200
vt 0.919800 0.461300
vt 0.918400 0.466500
vt 0.931100 0.464600
vt 0.932600 0.466300
vt 0.851800 0.728500
vt 0.854300 0.734300
vt 0.844800 0.738500
vt 0.840500 0.732400
vt 0.861000 0.723600
vt 0.862800 0.730300
vt 0.871200 0.723600
vt 0.874500 0.731100
vt 0.884900 0.728400
vt 0.885900 0.734400
vt 0.889200 0.897300
vt 0.888800 0.888000
vt 0.897100 0.881800
vt 0.897100 0.890900
vt 0.880400 0.897800
vt 0.880300 0.891200
vt 0.870500 0.895300
vt 0.869700 0.888800
vt 0.859400 0.889600
vt 0.860800 0.885600
vt 0.900800 0.581900
vt 0.896800 0.572700
vt 0.903400 0.569300
vt 0.907700 0.577800
vt 0.894800 0.585300
vt 0.891000 0.577200
vt 0.885500 0.585300
vt 0.882400 0.577400
vt 0.875000 0.582700
vt 0.874400 0.577700
vt 0.752100 0.872600
vt 0.752300 0.865800
vt 0.762100 0.861900
vt 0.766200 0.869100
vt 0.742700 0.873300
vt 0.745200 0.865700
vt 0.732700 0.868100
vt 0.735100 0.859600
vt 0.715700 0.861200
vt 0.719900 0.859600
vt 0.967300 0.979900
vt 0.967800 0.982800
vt 0.963400 0.985200
vt 0.962900 0.981900
vt 0.972100 0.978500
vt 0.972900 0.981600
vt 0.978700 0.978500
vt 0.978800 0.981300
vt 0.988400 0.981700
vt 0.988600 0.983400
vt 0.969200 0.637900
vt 0.972300 0.638600
vt 0.972200 0.643300
vt 0.969300 0.642700
vt 0.969700 0.632600
vt 0.972200 0.633400
vt 0.969200 0.626800
vt 0.972300 0.627100
vt 0.971700 0.617400
vt 0.972700 0.618000
vt 0.083800 0.988900
vt 0.083700 0.990900
vt 0.078400 0.991500
vt 0.078800 0.988400
vt 0.088800 0.988500
vt 0.088500 0.990600
vt 0.095000 0.989300
vt 0.094400 0.991400
vt 0.104600 0.990900
vt 0.104300 0.991500
vt 0.889300 0.935700
vt 0.899200 0.936600
vt 0.900700 0.938300
vt 0.888700 0.939200
vt 0.879200 0.940400
vt 0.879100 0.935700
vt 0.872900 0.942200
vt 0.872100 0.937900
vt 0.861400 0.943900
vt 0.859400 0.939200
vt 0.904700 0.209300
vt 0.922700 0.209600
vt 0.917000 0.212400
vt 0.903600 0.212600
vt 0.895900 0.212300
vt 0.895500 0.208900
vt 0.888400 0.212100
vt 0.888600 0.208700
vt 0.878800 0.212600
vt 0.877400 0.208600
vt 0.947700 0.330100
vt 0.960900 0.331000
vt 0.957100 0.333000
vt 0.946700 0.333000
vt 0.937500 0.332400
vt 0.937200 0.329700
vt 0.930500 0.331900
vt 0.929700 0.328700
vt 0.921200 0.333000
vt 0.919400 0.329400
vt 0.981700 0.832900
vt 0.990100 0.835900
vt 0.989000 0.836700
vt 0.980700 0.835500
vt 0.975000 0.834900
vt 0.974900 0.832200
vt 0.970200 0.835700
vt 0.968900 0.833400
vt 0.964600 0.836700
vt 0.963400 0.835400
vt 0.972500 0.140400
vt 0.983800 0.145000
vt 0.982600 0.145500
vt 0.971300 0.141600
vt 0.966000 0.141100
vt 0.965700 0.139700
vt 0.960400 0.143100
vt 0.959500 0.140700
vt 0.954700 0.145500
vt 0.953800 0.144000
vt 0.139100 0.986800
vt 0.150400 0.989600
vt 0.149000 0.991100
vt 0.138200 0.987400
vt 0.132300 0.987500
vt 0.132100 0.986800
vt 0.126000 0.987700
vt 0.125500 0.987100
vt 0.121100 0.987900
vt 0.119600 0.987400
vt 0.097000 0.968700
vt 0.104600 0.972100
vt 0.102400 0.973700
vt 0.096500 0.970800
vt 0.089200 0.970700
vt 0.088700 0.967500
vt 0.081700 0.971700
vt 0.080700 0.968400
vt 0.072300 0.973700
vt 0.071400 0.971400
vt 0.758700 0.980000
vt 0.765700 0.983300
vt 0.764800 0.984300
vt 0.758400 0.982100
vt 0.751600 0.981500
vt 0.751200 0.979300
vt 0.744800 0.982800
vt 0.744000 0.980300
vt 0.734400 0.984300
vt 0.734500 0.982700
vt 0.496600 0.988500
vt 0.503700 0.986600
vt 0.504300 0.989000
vt 0.497000 0.991000
vt 0.490200 0.990800
vt 0.489100 0.988100
vt 0.482700 0.990600
vt 0.481900 0.987600
vt 0.473600 0.989900
vt 0.474600 0.986600
vt 0.891200 0.979800
vt 0.897800 0.982400
vt 0.897300 0.983200
vt 0.890700 0.981400
vt 0.883600 0.980800
vt 0.883600 0.978600
vt 0.874700 0.981300
vt 0.875100 0.979500
vt 0.866700 0.983200
vt 0.865800 0.981900
vt 0.620300 0.966700
vt 0.628100 0.969800
vt 0.627700 0.970700
vt 0.620100 0.968500
vt 0.613100 0.969000
vt 0.612800 0.966700
vt 0.603400 0.970500
vt 0.603100 0.968600
vt 0.592300 0.971900
vt 0.591100 0.968000
vt 0.297900 0.947900
vt 0.305300 0.951900
vt 0.305000 0.952900
vt 0.297400 0.949600
vt 0.290500 0.949300
vt 0.290500 0.946700
vt 0.281400 0.949800
vt 0.281500 0.946700
vt 0.267700 0.950000
vt 0.267800 0.947300
vt 0.839600 0.208700
vt 0.847900 0.210100
vt 0.847300 0.211100
vt 0.839400 0.210300
vt 0.832400 0.210400
vt 0.832200 0.207900
vt 0.823100 0.210800
vt 0.823200 0.208800
vt 0.810200 0.211100
vt 0.809400 0.209600
vt 0.668800 0.989100
vt 0.660000 0.990900
vt 0.659900 0.989100
vt 0.668600 0.987100
vt 0.677900 0.987800
vt 0.677400 0.989600
vt 0.689800 0.989700
vt 0.689800 0.990900
vt 0.437000 0.990200
vt 0.429100 0.991600
vt 0.429000 0.989700
vt 0.437000 0.988100
vt 0.445400 0.988500
vt 0.444900 0.990400
vt 0.456900 0.990300
vt 0.456700 0.991600
vt 0.962300 0.182700
vt 0.965000 0.191600
vt 0.961800 0.193100
vt 0.958400 0.182600
vt 0.957700 0.174700
vt 0.961400 0.174500
vt 0.964000 0.162100
vt 0.965000 0.162500
vt 0.972800 0.806100
vt 0.964300 0.807300
vt 0.963000 0.804800
vt 0.973200 0.802300
vt 0.981600 0.802900
vt 0.981600 0.806200
vt 0.992000 0.806100
vt 0.991800 0.807300
vt 0.957700 0.466200
vt 0.947300 0.468500
vt 0.950300 0.464500
vt 0.958600 0.461400
vt 0.967300 0.461900
vt 0.967100 0.466200
vt 0.976200 0.466800
vt 0.975000 0.468500
vt 0.970000 0.888700
vt 0.962500 0.891300
vt 0.961900 0.886800
vt 0.970200 0.883800
vt 0.978100 0.884200
vt 0.978800 0.889400
vt 0.987700 0.888800
vt 0.987600 0.891300
vt 0.980800 0.856700
vt 0.989200 0.859900
vt 0.988100 0.860800
vt 0.979900 0.859300
vt 0.974600 0.858700
vt 0.974700 0.855900
vt 0.969900 0.859000
vt 0.969200 0.856600
vt 0.964100 0.860800
vt 0.963500 0.859300
vt 0.983200 0.411100
vt 0.991700 0.414200
vt 0.990700 0.414600
vt 0.982700 0.411800
vt 0.976700 0.411500
vt 0.977000 0.410600
vt 0.971800 0.412400
vt 0.971500 0.411800
vt 0.967600 0.414600
vt 0.966800 0.413200
vt 0.968200 0.530700
vt 0.969200 0.521500
vt 0.969800 0.522700
vt 0.970000 0.532100
vt 0.969700 0.538900
vt 0.968200 0.538400
vt 0.969800 0.544700
vt 0.968500 0.545400
vt 0.970800 0.549700
vt 0.969200 0.550300
vt 0.778900 0.201100
vt 0.786600 0.202600
vt 0.785400 0.203200
vt 0.777800 0.202800
vt 0.770900 0.202800
vt 0.771900 0.201100
vt 0.764300 0.203600
vt 0.764700 0.202000
vt 0.760100 0.203500
vt 0.760000 0.202200
vt 0.450700 0.948100
vt 0.458900 0.951300
vt 0.458100 0.954000
vt 0.449800 0.950900
vt 0.440300 0.950300
vt 0.441700 0.946700
vt 0.433900 0.950500
vt 0.434500 0.946700
vt 0.424800 0.954000
vt 0.421800 0.950600
vt 0.954100 0.485700
vt 0.963000 0.488500
vt 0.962600 0.491500
vt 0.953700 0.488600
vt 0.944000 0.488500
vt 0.945000 0.485000
vt 0.936600 0.490300
vt 0.937600 0.486200
vt 0.928100 0.492000
vt 0.928100 0.488800
vt 0.957800 0.695100
vt 0.965200 0.699400
vt 0.964600 0.701000
vt 0.956700 0.696900
vt 0.948400 0.696300
vt 0.949000 0.694000
vt 0.941300 0.697700
vt 0.940500 0.695300
vt 0.933400 0.701000
vt 0.931100 0.698500
vt 0.931700 0.959500
vt 0.933900 0.963200
vt 0.916200 0.962800
vt 0.915400 0.960700
vt 0.944600 0.960100
vt 0.946800 0.962800
vt 0.954400 0.959500
vt 0.955900 0.963800
vt 0.870900 0.958600
vt 0.871800 0.960500
vt 0.860000 0.962400
vt 0.859400 0.960900
vt 0.885400 0.958600
vt 0.886100 0.961100
vt 0.897000 0.961000
vt 0.897800 0.963900
vt 0.229300 0.970000
vt 0.230900 0.973500
vt 0.218600 0.974500
vt 0.218000 0.973000
vt 0.239800 0.970400
vt 0.241700 0.973900
vt 0.251400 0.970200
vt 0.253000 0.974500
vt 0.933400 0.596300
vt 0.935400 0.599100
vt 0.923200 0.601700
vt 0.922400 0.600400
vt 0.944700 0.596300
vt 0.946600 0.600900
vt 0.959000 0.599500
vt 0.957000 0.602400
vt 0.749300 0.963100
vt 0.747800 0.959900
vt 0.765000 0.960300
vt 0.765700 0.962000
vt 0.738500 0.964600
vt 0.737300 0.961200
vt 0.726900 0.964600
vt 0.726500 0.961400
vt 0.560200 0.970700
vt 0.559300 0.966600
vt 0.575600 0.968900
vt 0.576400 0.970600
vt 0.548500 0.970200
vt 0.546100 0.966800
vt 0.539300 0.969900
vt 0.536400 0.966600
vt 0.981100 0.308000
vt 0.986500 0.310000
vt 0.986700 0.313700
vt 0.979800 0.310500
vt 0.974100 0.311300
vt 0.975200 0.308400
vt 0.967800 0.313700
vt 0.968300 0.311800
vt 0.986700 0.597600
vt 0.992200 0.597600
vt 0.992600 0.602400
vt 0.985200 0.600500
vt 0.979700 0.600100
vt 0.980700 0.598000
vt 0.973800 0.600500
vt 0.973700 0.598800
vt 0.980800 0.347700
vt 0.987800 0.350800
vt 0.987200 0.353600
vt 0.980100 0.350300
vt 0.974400 0.349900
vt 0.974900 0.347700
vt 0.966900 0.351300
vt 0.967900 0.349300
vt 0.984500 0.959600
vt 0.991800 0.961000
vt 0.991900 0.963800
vt 0.984900 0.962100
vt 0.979100 0.962400
vt 0.978400 0.959600
vt 0.971100 0.963800
vt 0.970600 0.961300
vt 0.483100 0.950200
vt 0.473900 0.952600
vt 0.473600 0.948400
vt 0.483400 0.946700
vt 0.492900 0.946700
vt 0.491600 0.950200
vt 0.515600 0.948000
vt 0.511600 0.951200
vt 0.878700 0.766300
vt 0.869400 0.768100
vt 0.869400 0.763900
vt 0.879300 0.761300
vt 0.892800 0.762400
vt 0.891800 0.768000
vt 0.912500 0.764300
vt 0.905600 0.772800
vt 0.666300 0.950700
vt 0.653100 0.952400
vt 0.654600 0.947300
vt 0.668600 0.946700
vt 0.683500 0.946700
vt 0.681000 0.950900
vt 0.699600 0.947300
vt 0.694000 0.952500
vt 0.816100 0.957200
vt 0.799800 0.957800
vt 0.800900 0.951800
vt 0.816000 0.951000
vt 0.827100 0.952800
vt 0.828300 0.957800
vt 0.835500 0.954300
vt 0.835700 0.957800
vt 0.934400 0.576500
vt 0.923700 0.581600
vt 0.922400 0.573900
vt 0.931400 0.569300
vt 0.939700 0.570400
vt 0.940400 0.576500
vt 0.948200 0.577000
vt 0.947700 0.581600
vt 0.924500 0.808400
vt 0.908800 0.810500
vt 0.909000 0.804700
vt 0.923700 0.802300
vt 0.935600 0.804300
vt 0.936400 0.808500
vt 0.945800 0.806700
vt 0.948300 0.810500
vt 0.742100 0.235700
vt 0.727500 0.240300
vt 0.713300 0.224700
vt 0.735400 0.218600
vt 0.764100 0.218600
vt 0.762100 0.232100
vt 0.794700 0.225400
vt 0.792200 0.234200
vt 0.817000 0.382300
vt 0.803700 0.386700
vt 0.798000 0.380800
vt 0.816300 0.374100
vt 0.833000 0.372500
vt 0.830500 0.381900
vt 0.854400 0.379200
vt 0.852200 0.386700
vt 0.733100 0.734200
vt 0.723100 0.744300
vt 0.714300 0.726500
vt 0.726000 0.717600
vt 0.742100 0.717600
vt 0.743500 0.727000
vt 0.762500 0.718900
vt 0.764600 0.723900
vt 0.809100 0.025900
vt 0.806700 0.011400
vt 0.815800 0.007400
vt 0.819500 0.025400
vt 0.819500 0.041500
vt 0.810200 0.038700
vt 0.810300 0.063400
vt 0.805200 0.059300
vt 0.736500 0.775300
vt 0.724400 0.776200
vt 0.714300 0.761800
vt 0.733800 0.759000
vt 0.756200 0.762300
vt 0.753000 0.774000
vt 0.782100 0.768800
vt 0.779000 0.776200
vt 0.871300 0.037700
vt 0.872800 0.047300
vt 0.863300 0.054500
vt 0.860500 0.041700
vt 0.860500 0.025700
vt 0.868900 0.026300
vt 0.862300 0.007400
vt 0.867700 0.008500
vt 0.887200 0.345600
vt 0.896900 0.346900
vt 0.904700 0.357800
vt 0.887000 0.353700
vt 0.871400 0.355000
vt 0.872800 0.347200
vt 0.857300 0.357800
vt 0.856300 0.356500
vt 0.957000 0.211700
vt 0.967300 0.208600
vt 0.970300 0.212500
vt 0.957300 0.215300
vt 0.945600 0.215300
vt 0.944900 0.210900
vt 0.937400 0.214200
vt 0.937400 0.211300
vt 0.965100 0.045500
vt 0.966900 0.056500
vt 0.963000 0.057400
vt 0.960700 0.044900
vt 0.960700 0.032800
vt 0.964700 0.034100
vt 0.962300 0.025800
vt 0.964600 0.027000
vt 0.955600 0.103400
vt 0.959500 0.117000
vt 0.956000 0.117200
vt 0.953300 0.102600
vt 0.953300 0.092400
vt 0.956100 0.092500
vt 0.956600 0.083000
vt 0.957700 0.084100
vt 0.814700 0.445000
vt 0.823800 0.435200
vt 0.835100 0.439500
vt 0.823700 0.453000
vt 0.822700 0.463500
vt 0.814700 0.464000
vt 0.825600 0.474400
vt 0.823700 0.474900
vt 0.942300 0.347700
vt 0.952200 0.353200
vt 0.944800 0.357800
vt 0.939900 0.354100
vt 0.931800 0.354100
vt 0.929200 0.347700
vt 0.920100 0.356500
vt 0.919400 0.353600
vt 0.940500 0.912100
vt 0.949400 0.918600
vt 0.945000 0.921000
vt 0.938500 0.915300
vt 0.932300 0.915000
vt 0.932600 0.909400
vt 0.922100 0.921000
vt 0.922100 0.918100
vt 0.340400 0.972300
vt 0.348300 0.975900
vt 0.343700 0.979100
vt 0.338500 0.976200
vt 0.331900 0.975200
vt 0.332000 0.972300
vt 0.322500 0.976700
vt 0.320000 0.974900
vt 0.725700 0.088800
vt 0.743100 0.076000
vt 0.754100 0.090100
vt 0.733400 0.098800
vt 0.713300 0.055700
vt 0.733000 0.054300
vt 0.736500 0.064600
vt 0.717300 0.071000
vt 0.713300 0.036900
vt 0.732800 0.038100
vt 0.724300 0.011000
vt 0.736400 0.007400
vt 0.722500 0.371900
vt 0.739800 0.365200
vt 0.752400 0.372600
vt 0.738400 0.388900
vt 0.713300 0.345200
vt 0.729400 0.342700
vt 0.733000 0.354600
vt 0.716200 0.359100
vt 0.713300 0.329200
vt 0.729100 0.324800
vt 0.720900 0.300300
vt 0.732000 0.296500
vt 0.718200 0.186000
vt 0.741100 0.181800
vt 0.745300 0.203900
vt 0.732000 0.202600
vt 0.714300 0.161500
vt 0.738200 0.156900
vt 0.738300 0.169500
vt 0.713300 0.175900
vt 0.721600 0.142600
vt 0.740600 0.141900
vt 0.729400 0.120700
vt 0.745300 0.113500
vt 0.778900 0.551900
vt 0.773400 0.538500
vt 0.790800 0.541400
vt 0.788200 0.547900
vt 0.744000 0.548700
vt 0.749700 0.537500
vt 0.765400 0.538900
vt 0.763000 0.551900
vt 0.730300 0.545400
vt 0.736100 0.533200
vt 0.714300 0.538400
vt 0.720900 0.528400
vt 0.776500 0.437300
vt 0.770300 0.432800
vt 0.783900 0.421200
vt 0.791900 0.423800
vt 0.748800 0.447000
vt 0.754200 0.430300
vt 0.759400 0.434000
vt 0.759200 0.446100
vt 0.726400 0.423000
vt 0.739500 0.415400
vt 0.747300 0.424600
vt 0.736300 0.438900
vt 0.726300 0.403600
vt 0.735000 0.403600
vt 0.769100 0.443900
vt 0.765000 0.435000
vt 0.732200 0.487000
vt 0.723000 0.497200
vt 0.714300 0.484500
vt 0.722200 0.478400
vt 0.751500 0.490700
vt 0.756100 0.513700
vt 0.733700 0.510500
vt 0.740600 0.491400
vt 0.765900 0.485400
vt 0.775400 0.505600
vt 0.781800 0.478400
vt 0.784800 0.485200
vt 0.868000 0.079500
vt 0.882800 0.079300
vt 0.880200 0.091500
vt 0.863100 0.090000
vt 0.848600 0.091400
vt 0.852000 0.079300
vt 0.829000 0.088100
vt 0.832500 0.080600
vt 0.881200 0.856400
vt 0.904600 0.861300
vt 0.905800 0.867100
vt 0.880700 0.860700
vt 0.868300 0.861600
vt 0.869200 0.859000
vt 0.854100 0.867100
vt 0.854300 0.866400
vt 0.951900 0.546800
vt 0.946300 0.551900
vt 0.944900 0.550500
vt 0.946400 0.547200
vt 0.946600 0.538600
vt 0.953500 0.536700
vt 0.944900 0.521600
vt 0.947900 0.521500
vt 0.838400 0.338100
vt 0.841600 0.357800
vt 0.831700 0.354700
vt 0.827700 0.339100
vt 0.829400 0.323500
vt 0.837100 0.326100
vt 0.835300 0.306000
vt 0.841600 0.308600
vt 0.876100 0.537800
vt 0.876100 0.545500
vt 0.871100 0.551900
vt 0.866200 0.540500
vt 0.863400 0.523500
vt 0.871400 0.525100
vt 0.867000 0.508500
vt 0.873100 0.506700
vt 0.921900 0.981200
vt 0.916800 0.983700
vt 0.915400 0.982000
vt 0.921000 0.979300
vt 0.928300 0.978500
vt 0.928300 0.980800
vt 0.948200 0.982600
vt 0.947000 0.983700
vt 0.812700 0.771200
vt 0.796800 0.772800
vt 0.796900 0.766900
vt 0.808800 0.764400
vt 0.824900 0.770600
vt 0.822400 0.763000
vt 0.835100 0.762200
vt 0.836700 0.770900
vt 0.848600 0.759000
vt 0.854700 0.772800
vt 0.901900 0.651200
vt 0.903000 0.657600
vt 0.901200 0.658500
vt 0.899400 0.650000
vt 0.900800 0.643400
vt 0.896400 0.641600
vt 0.896800 0.634100
vt 0.901200 0.634000
vt 0.896400 0.623000
vt 0.905400 0.617400
vt 0.868400 0.630900
vt 0.879700 0.617400
vt 0.881700 0.620700
vt 0.873800 0.632500
vt 0.873000 0.646500
vt 0.868400 0.646500
vt 0.876800 0.657500
vt 0.876100 0.658300
vt 0.768800 0.329300
vt 0.777400 0.332000
vt 0.776500 0.344700
vt 0.767100 0.343100
vt 0.771900 0.316600
vt 0.780800 0.319300
vt 0.767100 0.352300
vt 0.776600 0.355500
vt 0.777800 0.369500
vt 0.768500 0.366700
vt 0.774100 0.296500
vt 0.783300 0.299400
vt 0.794600 0.865800
vt 0.783100 0.862200
vt 0.780900 0.859500
vt 0.793600 0.861400
vt 0.806800 0.867100
vt 0.804200 0.862600
vt 0.817200 0.861300
vt 0.818700 0.867100
vt 0.829900 0.855800
vt 0.839400 0.859600
vt 0.868300 0.918400
vt 0.859800 0.917800
vt 0.859400 0.914900
vt 0.870300 0.913300
vt 0.884000 0.912500
vt 0.879300 0.921000
vt 0.907400 0.915400
vt 0.902100 0.921000
vt 0.757200 0.625700
vt 0.754000 0.636200
vt 0.750000 0.636300
vt 0.748100 0.624000
vt 0.764200 0.616600
vt 0.751700 0.612400
vt 0.750700 0.594000
vt 0.764600 0.595800
vt 0.748100 0.578600
vt 0.762400 0.572000
vt 0.729600 0.183900
vt 0.738700 0.203200
vt 0.726200 0.159200
vt 0.725800 0.172700
vt 0.731100 0.142200
vt 0.737300 0.117100
vt 0.782800 0.441700
vt 0.800000 0.426500
vt 0.743400 0.463700
vt 0.758900 0.458300
vt 0.713300 0.430600
vt 0.725300 0.453200
vt 0.717700 0.403600
vt 0.773100 0.452900
vt 0.025900 0.451300
vt 0.055300 0.472700
vt 0.084500 0.486100
vt 0.113900 0.493500
vt 0.146600 0.495200
vt 0.173500 0.492100
vt 0.206200 0.482500
vt 0.491000 0.500800
vt 0.527200 0.516400
vt 0.559800 0.524300
vt 0.590300 0.524600
vt 0.625300 0.522500
vt 0.654500 0.514700
vt 0.683800 0.502300
vt 0.481000 0.516200
vt 0.523200 0.534100
vt 0.558200 0.542900
vt 0.589700 0.542900
vt 0.625600 0.540300
vt 0.655100 0.529700
vt 0.684900 0.514200
vt 0.013000 0.463500
vt 0.046800 0.488000
vt 0.078400 0.503200
vt 0.108500 0.510100
vt 0.142600 0.510100
vt 0.170500 0.504700
vt 0.204800 0.490200
vt 0.893300 0.044300
vt 0.890900 0.055700
vt 0.887500 0.057400
vt 0.889000 0.046000
vt 0.894300 0.034000
vt 0.888500 0.036300
vt 0.887600 0.024000
vt 0.894000 0.022700
vt 0.887500 0.008100
vt 0.894500 0.007400
vt 0.840700 0.049500
vt 0.838900 0.062600
vt 0.835900 0.061900
vt 0.834200 0.048500
vt 0.843100 0.039500
vt 0.837700 0.039800
vt 0.838600 0.027800
vt 0.845800 0.026400
vt 0.834200 0.013400
vt 0.843400 0.007400
vt 0.890200 0.177700
vt 0.891200 0.193100
vt 0.888200 0.191900
vt 0.886200 0.178300
vt 0.891200 0.167700
vt 0.886300 0.169200
vt 0.886100 0.157200
vt 0.890800 0.156800
vt 0.883600 0.140800
vt 0.891200 0.139700
vt 0.846600 0.537300
vt 0.847600 0.551900
vt 0.837600 0.551400
vt 0.837900 0.538700
vt 0.847500 0.528200
vt 0.838400 0.529600
vt 0.837900 0.518400
vt 0.847900 0.517400
vt 0.837600 0.495600
vt 0.848700 0.495900
vt 0.771800 0.175500
vt 0.769400 0.185800
vt 0.760000 0.186400
vt 0.764100 0.176100
vt 0.774500 0.167600
vt 0.765500 0.168300
vt 0.763900 0.151000
vt 0.773900 0.146500
vt 0.760000 0.121600
vt 0.776500 0.113500
vt 0.785800 0.626800
vt 0.783500 0.636300
vt 0.779300 0.636100
vt 0.779900 0.627200
vt 0.787800 0.619400
vt 0.781700 0.618800
vt 0.781400 0.602500
vt 0.788400 0.602900
vt 0.779300 0.574600
vt 0.793400 0.569200
vt 0.805100 0.349100
vt 0.802900 0.357800
vt 0.798000 0.357500
vt 0.799000 0.349100
vt 0.807600 0.342200
vt 0.801400 0.341100
vt 0.801000 0.318700
vt 0.809700 0.322000
vt 0.798000 0.300300
vt 0.813000 0.296500
vt 0.729200 0.621200
vt 0.716700 0.636300
vt 0.714300 0.636300
vt 0.720800 0.621700
vt 0.733400 0.612700
vt 0.723000 0.609400
vt 0.718900 0.589800
vt 0.733400 0.589500
vt 0.715700 0.574700
vt 0.729600 0.566600
vt 0.753100 0.279800
vt 0.724400 0.272200
vt 0.713300 0.261100
vt 0.743800 0.264300
vt 0.770500 0.280900
vt 0.763600 0.263300
vt 0.778200 0.262400
vt 0.788900 0.281800
vt 0.798900 0.260600
vt 0.819900 0.281800
vt 0.897600 0.485300
vt 0.913400 0.489900
vt 0.912000 0.492000
vt 0.897500 0.488800
vt 0.880900 0.486900
vt 0.881100 0.484900
vt 0.864200 0.492000
vt 0.863400 0.489400
vt 0.810200 0.826000
vt 0.836700 0.837700
vt 0.828900 0.840400
vt 0.810400 0.830000
vt 0.797900 0.829000
vt 0.794800 0.825200
vt 0.780900 0.841000
vt 0.780900 0.838800
vt 0.842200 0.570600
vt 0.859700 0.585300
vt 0.853100 0.585000
vt 0.838300 0.576800
vt 0.827500 0.576000
vt 0.827600 0.569200
vt 0.808700 0.585300
vt 0.808100 0.584200
vt 0.886200 0.306000
vt 0.900200 0.311300
vt 0.897600 0.318700
vt 0.885200 0.312900
vt 0.871700 0.312300
vt 0.873400 0.306000
vt 0.856300 0.317600
vt 0.857100 0.316400
vt 0.732900 0.843000
vt 0.717500 0.844900
vt 0.725600 0.826500
vt 0.735200 0.829100
vt 0.753100 0.829100
vt 0.748100 0.843900
vt 0.766200 0.832400
vt 0.766200 0.842700
vt 0.794900 0.741000
vt 0.779300 0.744300
vt 0.785700 0.723800
vt 0.794700 0.723600
vt 0.811400 0.724900
vt 0.808000 0.743400
vt 0.825800 0.727100
vt 0.823000 0.744300
vt 0.794800 0.156800
vt 0.791200 0.137900
vt 0.813300 0.141500
vt 0.812100 0.155900
vt 0.810900 0.168900
vt 0.794300 0.170800
vt 0.805400 0.186400
vt 0.796700 0.186400
vt 0.737700 0.698800
vt 0.717300 0.702900
vt 0.714300 0.696500
vt 0.727100 0.688900
vt 0.748600 0.696400
vt 0.744500 0.684300
vt 0.761800 0.684600
vt 0.760400 0.699700
vt 0.778800 0.691800
vt 0.781900 0.702900
vt 0.727900 0.806500
vt 0.714300 0.803900
vt 0.720700 0.790900
vt 0.737600 0.794600
vt 0.759200 0.804700
vt 0.744500 0.811800
vt 0.766200 0.804700
vt 0.761500 0.811800
vt 0.797200 0.096300
vt 0.791200 0.079300
vt 0.814300 0.081700
vt 0.814200 0.095400
vt 0.813900 0.107600
vt 0.801200 0.109500
vt 0.811500 0.123200
vt 0.804100 0.123200
s 0
usemtl mhair01black
f 2700/1/1 1/2/1 3/3/1 2701/4/1
f 2701/4/2 3/3/2 5/5/2 2702/6/2
f 2702/6/3 5/5/3 7/7/3 2703/8/3
f 2703/8/4 7/7/4 9/9/4 2704/10/4
f 2704/10/5 9/9/5 11/11/5 2705/12/5
f 2705/12/6 11/11/6 13/13/6 2706/14/6
f 2693/15/7 2694/16/7 17/17/7 15/18/7
f 2694/16/8 2695/19/8 19/20/8 17/17/8
f 2695/19/9 2696/21/9 21/22/9 19/20/9
f 2696/21/10 2697/23/10 23/24/10 21/22/10
f 2697/23/11 2698/25/11 25/26/11 23/24/11
f 2698/25/12 2699/27/12 27/28/12 25/26/12
f 929/29/13 490/30/13 220/31/13 365/32/13
f 930/33/14 368/34/14 31/35/14 366/36/14
f 931/37/15 371/38/15 34/39/15 369/40/15
f 932/41/16 374/42/16 36/43/16 372/44/16
f 933/45/17 374/42/17 34/39/17 371/38/17
f 934/46/18 379/47/18 38/48/18 377/49/18
f 935/50/19 382/51/19 40/52/19 380/53/19
f 936/54/20 385/55/20 42/56/20 383/57/20
f 937/58/21 388/59/21 44/60/21 386/61/21
f 938/62/22 391/63/22 46/64/22 389/65/22
f 939/66/23 394/67/23 48/68/23 392/69/23
f 940/70/24 397/71/24 50/72/24 395/73/24
f 941/74/25 400/75/25 52/76/25 398/77/25
f 942/78/26 403/79/26 54/80/26 401/81/26
f 943/82/27 406/83/27 56/84/27 404/85/27
f 944/86/28 409/87/28 58/88/28 407/89/28
f 945/90/29 412/91/29 60/92/29 410/93/29
f 946/94/30 415/95/30 62/96/30 413/97/30
f 947/98/31 418/99/31 64/100/31 416/101/31
f 948/102/32 422/103/32 68/104/32 420/105/32
f 949/106/33 425/107/33 70/108/33 423/109/33
f 950/110/34 428/111/34 72/112/34 426/113/34
f 951/114/35 431/115/35 74/116/35 429/117/35
f 952/118/36 434/119/36 76/120/36 432/121/36
f 953/122/37 437/123/37 78/124/37 435/125/37
f 954/126/38 442/127/38 38/48/38 379/47/38
f 955/128/39 440/129/39 80/130/39 443/131/39
f 239/132/40 496/133/40 589/134/40 288/135/40
f 956/136/41 445/137/41 80/130/41 440/129/41
f 957/138/42 508/139/42 82/140/42 446/141/42
f 958/142/43 442/127/43 82/140/43 447/143/43
f 959/144/44 457/145/44 83/146/44 448/147/44
f 960/148/45 458/149/45 84/150/45 449/151/45
f 961/152/46 459/153/46 85/154/46 450/155/46
f 962/156/47 460/157/47 86/158/47 451/159/47
f 963/160/48 461/161/48 87/162/48 912/163/48
f 964/164/49 462/165/49 88/166/49 874/167/49
f 965/168/50 463/169/50 89/170/50 893/171/50
f 966/172/51 464/173/51 90/174/51 455/175/51
f 967/176/52 465/177/52 91/178/52 456/179/52
f 968/180/53 447/143/53 82/140/53 508/139/53
f 969/181/54 448/147/54 83/146/54 467/182/54
f 970/183/55 449/151/55 84/150/55 468/184/55
f 971/185/56 450/155/56 85/154/56 469/186/56
f 972/187/57 471/188/57 224/189/57 497/190/57
f 973/191/58 498/192/58 224/189/58 471/188/58
f 974/193/59 499/194/59 225/195/59 472/196/59
f 975/197/60 500/198/60 226/199/60 473/200/60
f 976/201/61 491/202/61 227/203/61 474/204/61
f 977/205/62 492/206/62 228/207/62 475/208/62
f 978/209/63 913/210/63 229/211/63 476/212/63
f 979/213/64 875/214/64 230/215/64 477/216/64
f 980/217/65 894/218/65 231/219/65 478/220/65
f 981/221/66 501/222/66 232/223/66 479/224/66
f 982/225/67 502/226/67 233/227/67 480/228/67
f 983/229/68 503/230/68 234/231/68 481/232/68
f 984/233/69 504/234/69 235/235/69 482/236/69
f 985/237/70 505/238/70 236/239/70 483/240/70
f 484/241/71 63/242/71 65/243/71 485/244/71
f 558/245/72 559/246/72 126/247/72 127/248/72
f 986/249/73 489/250/73 223/251/73 444/252/73
f 591/253/74 515/254/74 93/255/74 144/256/74
f 94/257/75 515/254/75 591/253/75 145/258/75
f 551/259/76 517/260/76 95/261/76 118/262/76
f 97/263/77 517/260/77 551/259/77 120/264/77
f 98/265/78 518/266/78 552/267/78 121/268/78
f 99/269/79 519/270/79 553/271/79 122/272/79
f 100/273/80 520/274/80 554/275/80 123/276/80
f 987/277/81 547/278/81 222/279/81 487/280/81
f 988/281/82 488/282/82 221/283/82 375/284/82
f 148/285/83 149/286/83 131/287/83 132/288/83
f 989/289/84 533/290/84 107/291/84 507/292/84
f 990/293/85 586/294/85 108/295/85 534/296/85
f 991/297/86 535/298/86 108/295/86 586/294/86
f 992/299/87 536/300/87 102/301/87 580/302/87
f 993/303/88 537/304/88 103/305/88 581/306/88
f 994/307/89 538/308/89 104/309/89 582/310/89
f 995/311/90 506/312/90 106/313/90 539/314/90
f 996/315/91 540/316/91 106/313/91 506/312/91
f 997/317/92 528/318/92 111/319/92 541/320/92
f 998/321/93 529/322/93 112/323/93 542/324/93
f 999/325/94 530/326/94 113/327/94 895/328/94
f 1000/329/95 531/330/95 114/331/95 876/332/95
f 1001/333/96 532/334/96 115/335/96 914/336/96
f 1002/337/97 470/338/97 105/339/97 546/340/97
f 515/254/98 549/341/98 116/342/98 93/255/98
f 94/257/99 117/343/99 549/341/99 515/254/99
f 1003/344/100 438/345/100 118/262/100 550/346/100
f 1004/347/101 551/259/101 118/262/101 438/345/101
f 1005/348/102 552/267/102 120/264/102 510/349/102
f 1006/350/103 553/271/103 121/268/103 511/351/103
f 1007/352/104 554/275/104 122/272/104 512/353/104
f 66/354/105 64/100/105 559/246/105 558/245/105
f 1008/355/106 560/356/106 125/357/106 557/358/106
f 1009/359/107 561/360/107 124/361/107 556/362/107
f 1010/363/108 466/364/108 92/365/108 562/366/108
f 567/367/109 588/368/109 149/286/109 148/285/109
f 127/248/110 126/247/110 565/369/110 564/370/110
f 1011/371/111 566/372/111 128/373/111 563/374/111
f 132/288/112 131/287/112 136/375/112 137/376/112
f 96/377/113 516/378/113 597/379/113 147/380/113
f 1013/381/114 572/382/114 133/383/114 568/384/114
f 1014/385/115 572/382/115 124/361/115 562/366/115
f 1015/386/116 589/134/116 145/258/116 585/387/116
f 1016/388/117 584/389/117 144/256/117 590/390/117
f 1017/391/118 591/253/118 144/256/118 584/389/118
f 1018/392/119 579/393/119 139/394/119 592/395/119
f 1019/396/120 583/397/120 143/398/120 596/399/120
f 517/260/121 598/400/121 146/401/121 95/261/121
f 97/263/122 140/402/122 598/400/122 517/260/122
f 98/265/123 141/403/123 599/404/123 518/266/123
f 99/269/124 142/405/124 600/406/124 519/270/124
f 100/273/125 143/398/125 601/407/125 520/274/125
f 677/408/126 680/409/126 192/410/126 190/411/126
f 130/412/127 129/413/127 588/368/127 567/367/127
f 288/414/128 830/415/128 749/416/128 239/417/128
f 792/418/129 760/419/129 242/420/129 266/421/129
f 1020/422/130 608/423/130 123/276/130 513/424/130
f 1021/425/131 607/426/131 153/427/131 609/428/131
f 1022/429/132 860/430/132 154/431/132 610/432/132
f 1023/433/133 618/434/133 309/435/133 616/436/133
f 1024/437/134 617/438/134 311/439/134 862/440/134
f 1025/441/135 620/442/135 308/443/135 614/444/135
f 1026/445/136 621/446/136 307/447/136 613/448/136
f 1027/449/137 622/450/137 306/451/137 612/452/137
f 1028/453/138 623/454/138 305/455/138 611/456/138
f 1029/457/139 623/454/139 68/104/139 422/103/139
f 1030/458/140 626/459/140 220/460/140 490/461/140
f 1031/462/141 627/463/141 157/464/141 629/465/141
f 1032/466/142 630/467/142 160/468/142 632/469/142
f 1033/470/143 633/471/143 162/472/143 635/473/143
f 1034/474/144 632/469/144 160/468/144 635/473/144
f 1035/475/145 638/476/145 164/477/145 640/478/145
f 1036/479/146 641/480/146 166/481/146 643/482/146
f 1037/483/147 644/484/147 168/485/147 646/486/147
f 1038/487/148 647/488/148 170/489/148 649/490/148
f 1039/491/149 650/492/149 172/493/149 652/494/149
f 1040/495/150 653/496/150 174/497/150 655/498/150
f 1041/499/151 656/500/151 176/501/151 658/502/151
f 1042/503/152 659/504/152 178/505/152 661/506/152
f 1043/507/153 662/508/153 180/509/153 664/510/153
f 1044/511/154 665/512/154 182/513/154 667/514/154
f 1045/515/155 668/516/155 184/517/155 670/518/155
f 1046/519/156 671/520/156 186/521/156 673/522/156
f 1047/523/157 674/524/157 188/525/157 676/526/157
f 1048/527/158 677/408/158 190/411/158 679/528/158
f 237/529/159 238/530/159 746/531/159 745/532/159
f 189/533/160 191/534/160 680/409/160 677/408/160
f 1049/535/161 681/536/161 194/537/161 683/538/161
f 1050/539/162 684/540/162 196/541/162 686/542/162
f 1051/543/163 687/544/163 198/545/163 689/546/163
f 1052/547/164 690/548/164 200/549/164 692/550/164
f 1053/551/165 693/552/165 202/553/165 695/554/165
f 1054/555/166 696/556/166 204/557/166 698/558/166
f 1055/559/167 640/478/167 164/477/167 703/560/167
f 1056/561/168 704/562/168 206/563/168 701/564/168
f 831/565/169 758/566/169 240/567/169 294/568/169
f 1057/569/170 701/564/170 206/563/170 706/570/170
f 1058/571/171 707/572/171 208/573/171 752/574/171
f 1059/575/172 708/576/172 208/573/172 703/560/172
f 1060/577/173 709/578/173 209/579/173 718/580/173
f 1061/581/174 710/582/174 210/583/174 719/584/174
f 1062/585/175 711/586/175 211/587/175 720/588/175
f 1063/589/176 712/590/176 212/591/176 721/592/176
f 1064/593/177 917/594/177 213/595/177 722/596/177
f 1065/597/178 879/598/178 214/599/178 723/600/178
f 1066/601/179 898/602/179 215/603/179 724/604/179
f 1067/605/180 716/606/180 216/607/180 725/608/180
f 1068/609/181 717/610/181 217/611/181 726/612/181
f 1069/613/182 752/574/182 208/573/182 708/576/182
f 1070/614/183 728/615/183 209/579/183 709/578/183
f 1071/616/184 729/617/184 210/583/184 710/582/184
f 1072/618/185 730/619/185 211/587/185 711/586/185
f 1073/620/186 497/621/186 224/622/186 732/623/186
f 1074/624/187 732/623/187 224/622/187 498/625/187
f 1075/626/188 733/627/188 225/628/188 499/629/188
f 1076/630/189 734/631/189 226/632/189 500/633/189
f 1077/634/190 735/635/190 227/636/190 491/637/190
f 1078/638/191 736/639/191 228/640/191 492/641/191
f 1079/642/192 737/643/192 229/644/192 913/645/192
f 1080/646/193 738/647/193 230/648/193 875/649/193
f 1081/650/194 739/651/194 231/652/194 894/653/194
f 1082/654/195 740/655/195 232/656/195 501/657/195
f 1083/658/196 741/659/196 233/660/196 502/661/196
f 1084/662/197 742/663/197 234/664/197 503/665/197
f 1085/666/198 743/667/198 235/668/198 504/669/198
f 1086/670/199 744/671/199 236/672/199 505/673/199
f 1087/674/200 705/675/200 223/676/200 489/677/200
f 243/678/201 758/566/201 831/565/201 297/679/201
f 833/680/202 768/681/202 248/682/202 289/683/202
f 243/678/203 760/419/203 792/418/203 267/684/203
f 270/685/204 794/686/204 762/687/204 245/688/204
f 271/689/205 795/690/205 763/691/205 246/692/205
f 272/693/206 796/694/206 764/695/206 247/696/206
f 758/566/207 790/697/207 264/698/207 240/567/207
f 1088/699/208 748/700/208 222/701/208 547/702/208
f 1089/703/209 636/704/209 221/705/209 488/706/209
f 1090/707/210 751/708/210 255/709/210 776/710/210
f 1091/711/211 777/712/211 256/713/211 827/714/211
f 1092/715/212 827/714/212 256/713/212 778/716/212
f 1093/717/213 821/718/213 249/719/213 779/720/213
f 1094/721/214 822/722/214 250/723/214 780/724/214
f 1095/725/215 823/726/215 251/727/215 781/728/215
f 1096/729/216 782/730/216 254/731/216 750/732/216
f 1097/733/217 750/732/217 254/731/217 783/734/217
f 1098/735/218 784/736/218 259/737/218 771/738/218
f 1099/739/219 785/740/219 260/741/219 772/742/219
f 1100/743/220 899/744/220 261/745/220 773/746/220
f 1101/747/221 880/748/221 262/749/221 774/750/221
f 1102/751/222 918/752/222 263/753/222 775/754/222
f 1103/755/223 789/756/223 252/757/223 731/758/223
f 243/678/224 267/684/224 790/697/224 758/566/224
f 749/416/225 797/759/225 268/760/225 239/417/225
f 1104/761/226 792/418/226 266/421/226 699/762/226
f 1105/763/227 699/762/227 266/421/227 793/764/227
f 1106/765/228 754/766/228 269/767/228 794/686/228
f 1107/768/229 755/769/229 270/685/229 795/690/229
f 1108/770/230 756/771/230 271/689/230 796/694/230
f 241/772/231 265/773/231 797/759/231 749/416/231
f 276/774/232 806/775/232 807/776/232 275/777/232
f 1109/778/233 799/779/233 274/780/233 802/781/233
f 1110/782/234 798/783/234 273/784/234 803/785/234
f 1111/786/235 804/787/235 218/788/235 727/789/235
f 1112/790/236 805/791/236 277/792/236 808/793/236
f 281/794/237 280/795/237 299/796/237 298/797/237
f 281/794/238 286/798/238 285/799/238 280/795/238
f 1114/800/239 810/801/239 282/802/239 814/803/239
f 1115/804/240 804/787/240 273/784/240 814/803/240
f 279/805/241 809/806/241 829/807/241 278/808/241
f 1116/809/242 826/810/242 295/811/242 830/415/242
f 1117/812/243 831/565/243 294/568/243 825/813/243
f 1118/814/244 825/813/244 294/568/244 832/815/244
f 1119/816/245 833/680/245 289/683/245 820/817/245
f 1120/818/246 837/819/246 293/820/246 824/821/246
f 243/678/247 297/679/247 838/822/247 760/419/247
f 245/688/248 762/687/248 840/823/248 291/824/248
f 246/692/249 763/691/249 841/825/249 292/826/249
f 247/696/250 764/695/250 842/827/250 293/820/250
f 283/828/251 300/829/251 843/830/251 811/831/251
f 1121/832/252 757/833/252 272/693/252 849/834/252
f 1122/835/253 850/836/253 303/837/253 848/838/253
f 1123/839/254 851/840/254 304/841/254 864/842/254
f 1124/843/255 616/844/255 309/845/255 853/846/255
f 1125/847/256 862/848/256 311/849/256 852/850/256
f 1126/851/257 614/852/257 308/853/257 855/854/257
f 1127/855/258 613/856/258 307/857/258 856/858/258
f 1128/859/259 612/860/259 306/861/259 857/862/259
f 1129/863/260 611/864/260 305/865/260 858/866/260
f 1130/867/261 683/538/261 194/537/261 858/866/261
f 1131/868/262 859/869/262 312/870/262 866/871/262
f 1132/872/263 604/873/263 313/874/263 867/875/263
f 1133/876/264 868/877/264 315/878/264 615/879/264
f 1134/880/265 869/881/265 316/882/265 863/883/265
f 1135/884/266 870/885/266 317/886/266 845/887/266
f 1136/888/267 615/889/267 315/890/267 871/891/267
f 1137/892/268 873/893/268 320/894/268 881/895/268
f 1138/896/269 882/897/269 321/898/269 453/899/269
f 1139/900/270 494/901/270 322/902/270 883/903/270
f 835/904/271 766/905/271 330/906/271 333/907/271
f 1140/908/272 884/909/272 324/910/272 544/911/272
f 766/905/273 816/912/273 332/913/273 330/906/273
f 1141/914/274 885/915/274 326/916/274 594/917/274
f 1142/918/275 886/919/275 328/920/275 878/921/275
f 1143/922/276 714/923/276 329/924/276 887/925/276
f 1144/926/277 888/927/277 322/928/277 494/929/277
f 1145/930/278 787/931/278 331/932/278 889/933/278
f 1146/934/279 835/904/279 333/907/279 890/935/279
f 1147/936/280 892/937/280 335/938/280 900/939/280
f 1148/940/281 901/941/281 336/942/281 454/943/281
f 1149/944/282 495/945/282 337/946/282 902/947/282
f 834/948/283 767/949/283 345/950/283 348/951/283
f 1150/952/284 903/953/284 339/954/284 543/955/284
f 767/949/285 817/956/285 347/957/285 345/950/285
f 1151/958/286 904/959/286 341/960/286 593/961/286
f 1152/962/287 905/963/287 343/964/287 897/965/287
f 1153/966/288 715/967/288 344/968/288 906/969/288
f 1154/970/289 907/971/289 337/972/289 495/973/289
f 1155/974/290 786/975/290 346/976/290 908/977/290
f 1156/978/291 834/948/291 348/951/291 909/979/291
f 1157/980/292 911/981/292 350/982/292 919/983/292
f 1158/984/293 920/985/293 351/986/293 452/987/293
f 1159/988/294 493/989/294 352/990/294 921/991/294
f 836/992/295 765/993/295 360/994/295 363/995/295
f 1160/996/296 922/997/296 354/998/296 545/999/296
f 765/993/297 815/1000/297 362/1001/297 360/994/297
f 1161/1002/298 923/1003/298 356/1004/298 595/1005/298
f 1162/1006/299 924/1007/299 358/1008/299 916/1009/299
f 1163/1010/300 713/1011/300 359/1012/300 925/1013/300
f 1164/1014/301 926/1015/301 352/1016/301 493/1017/301
f 1165/1018/302 788/1019/302 361/1020/302 927/1021/302
f 1166/1022/303 836/992/303 363/995/303 928/1023/303
f 364/1024/304 929/29/304 365/32/304 30/1025/304
f 29/1026/305 486/1027/305 929/29/305 364/1024/305
f 486/1027/306 219/1028/306 490/30/306 929/29/306
f 364/1024/307 930/33/307 366/36/307 29/1026/307
f 30/1025/308 367/1029/308 930/33/308 364/1024/308
f 367/1029/309 32/1030/309 368/34/309 930/33/309
f 439/1031/310 931/37/310 369/40/310 33/1032/310
f 119/1033/311 548/1034/311 931/37/311 439/1031/311
f 548/1034/312 116/342/312 371/38/312 931/37/312
f 373/1035/313 932/41/313 372/44/313 35/1036/313
f 33/1032/314 369/40/314 932/41/314 373/1035/314
f 369/40/315 34/39/315 374/42/315 932/41/315
f 549/341/316 933/45/316 371/38/316 116/342/316
f 117/343/317 376/1037/317 933/45/317 549/341/317
f 376/1037/318 36/43/318 374/42/318 933/45/318
f 378/1038/319 934/46/319 377/49/319 37/1039/319
f 29/1026/320 366/36/320 934/46/320 378/1038/320
f 366/36/321 31/35/321 379/47/321 934/46/321
f 381/1040/322 935/50/322 380/53/322 39/1041/322
f 37/1039/323 377/49/323 935/50/323 381/1040/323
f 377/49/324 38/48/324 382/51/324 935/50/324
f 384/1042/325 936/54/325 383/57/325 41/1043/325
f 39/1041/326 380/53/326 936/54/326 384/1042/326
f 380/53/327 40/52/327 385/55/327 936/54/327
f 387/1044/328 937/58/328 386/61/328 43/1045/328
f 41/1043/329 383/57/329 937/58/329 387/1044/329
f 383/57/330 42/56/330 388/59/330 937/58/330
f 390/1046/331 938/62/331 389/65/331 45/1047/331
f 43/1045/332 386/61/332 938/62/332 390/1046/332
f 386/61/333 44/60/333 391/63/333 938/62/333
f 393/1048/334 939/66/334 392/69/334 47/1049/334
f 45/1047/335 389/65/335 939/66/335 393/1048/335
f 389/65/336 46/64/336 394/67/336 939/66/336
f 910/1050/337 940/70/337 395/73/337 49/1051/337
f 349/1052/338 919/983/338 940/70/338 910/1050/338
f 919/983/339 350/982/339 397/71/339 940/70/339
f 872/1053/340 941/74/340 398/77/340 51/1054/340
f 319/1055/341 881/895/341 941/74/341 872/1053/341
f 881/895/342 320/894/342 400/75/342 941/74/342
f 891/1056/343 942/78/343 401/81/343 53/1057/343
f 334/1058/344 900/939/344 942/78/344 891/1056/344
f 900/939/345 335/938/345 403/79/345 942/78/345
f 405/1059/346 943/82/346 404/85/346 55/1060/346
f 53/1057/347 401/81/347 943/82/347 405/1059/347
f 401/81/348 54/80/348 406/83/348 943/82/348
f 408/1061/349 944/86/349 407/89/349 57/1062/349
f 55/1060/350 404/85/350 944/86/350 408/1061/350
f 404/85/351 56/84/351 409/87/351 944/86/351
f 411/1063/352 945/90/352 410/93/352 59/1064/352
f 57/1062/353 407/89/353 945/90/353 411/1063/353
f 407/89/354 58/88/354 412/91/354 945/90/354
f 414/1065/355 946/94/355 413/97/355 61/1066/355
f 59/1064/356 410/93/356 946/94/356 414/1065/356
f 410/93/357 60/92/357 415/95/357 946/94/357
f 417/1067/358 947/98/358 416/101/358 63/242/358
f 61/1066/359 413/97/359 947/98/359 417/1067/359
f 413/97/360 62/96/360 418/99/360 947/98/360
f 416/101/361 419/1068/361 65/243/361 63/242/361
f 64/100/362 66/354/362 419/1068/362 416/101/362
f 421/1069/363 948/102/363 420/105/363 67/1070/363
f 33/1032/364 373/1035/364 948/102/364 421/1069/364
f 373/1035/365 35/1036/365 422/103/365 948/102/365
f 424/1071/366 949/106/366 423/109/366 69/1072/366
f 67/1070/367 420/105/367 949/106/367 424/1071/367
f 420/105/368 68/104/368 425/107/368 949/106/368
f 427/1073/369 950/110/369 426/113/369 71/1074/369
f 69/1072/370 423/109/370 950/110/370 427/1073/370
f 423/109/371 70/108/371 428/111/371 950/110/371
f 430/1075/372 951/114/372 429/117/372 73/1076/372
f 71/1074/373 426/113/373 951/114/373 430/1075/373
f 426/113/374 72/112/374 431/115/374 951/114/374
f 433/1077/375 952/118/375 432/121/375 75/1078/375
f 73/1076/376 429/117/376 952/118/376 433/1077/376
f 429/117/377 74/116/377 434/119/377 952/118/377
f 606/1079/378 953/122/378 435/125/378 77/1080/378
f 314/1081/379 866/871/379 953/122/379 606/1079/379
f 866/871/380 312/870/380 437/123/380 953/122/380
f 370/1082/381 954/126/381 379/47/381 31/35/381
f 79/1083/382 446/141/382 954/126/382 370/1082/382
f 446/141/383 82/140/383 442/127/383 954/126/383
f 370/1082/384 955/128/384 443/131/384 79/1083/384
f 31/35/385 368/34/385 955/128/385 370/1082/385
f 368/34/386 32/1030/386 440/129/386 955/128/386
f 147/380/387 590/390/387 514/1084/387 96/377/387
f 367/1029/388 956/136/388 440/129/388 32/1030/388
f 30/1025/389 441/1085/389 956/136/389 367/1029/389
f 441/1085/390 81/1086/390 445/137/390 956/136/390
f 509/1087/391 957/138/391 446/141/391 79/1083/391
f 109/1088/392 534/296/392 957/138/392 509/1087/392
f 534/296/393 108/295/393 508/139/393 957/138/393
f 457/145/394 958/142/394 447/143/394 83/146/394
f 40/52/395 382/51/395 958/142/395 457/145/395
f 382/51/396 38/48/396 442/127/396 958/142/396
f 458/149/397 959/144/397 448/147/397 84/150/397
f 42/56/398 385/55/398 959/144/398 458/149/398
f 385/55/399 40/52/399 457/145/399 959/144/399
f 459/153/400 960/148/400 449/151/400 85/154/400
f 44/60/401 388/59/401 960/148/401 459/153/401
f 388/59/402 42/56/402 458/149/402 960/148/402
f 460/157/403 961/152/403 450/155/403 86/158/403
f 46/64/404 391/63/404 961/152/404 460/157/404
f 391/63/405 44/60/405 459/153/405 961/152/405
f 461/161/406 962/156/406 451/159/406 87/162/406
f 48/68/407 394/67/407 962/156/407 461/161/407
f 394/67/408 46/64/408 460/157/408 962/156/408
f 920/985/409 963/160/409 912/163/409 351/986/409
f 350/982/410 911/981/410 963/160/410 920/985/410
f 911/981/411 48/68/411 461/161/411 963/160/411
f 882/897/412 964/164/412 874/167/412 321/898/412
f 320/894/413 873/893/413 964/164/413 882/897/413
f 873/893/414 50/72/414 462/165/414 964/164/414
f 901/941/415 965/168/415 893/171/415 336/942/415
f 335/938/416 892/937/416 965/168/416 901/941/416
f 892/937/417 52/76/417 463/169/417 965/168/417
f 465/177/418 966/172/418 455/175/418 91/178/418
f 56/84/419 406/83/419 966/172/419 465/177/419
f 406/83/420 54/80/420 464/173/420 966/172/420
f 466/364/421 967/176/421 456/179/421 92/365/421
f 58/88/422 409/87/422 967/176/422 466/364/422
f 409/87/423 56/84/423 465/177/423 967/176/423
f 535/298/424 968/180/424 508/139/424 108/295/424
f 102/301/425 467/182/425 968/180/425 535/298/425
f 467/182/426 83/146/426 447/143/426 968/180/426
f 536/300/427 969/181/427 467/182/427 102/301/427
f 103/305/428 468/184/428 969/181/428 536/300/428
f 468/184/429 84/150/429 448/147/429 969/181/429
f 537/304/430 970/183/430 468/184/430 103/305/430
f 104/309/431 469/186/431 970/183/431 537/304/431
f 469/186/432 85/154/432 449/151/432 970/183/432
f 538/308/433 971/185/433 469/186/433 104/309/433
f 105/339/434 470/338/434 971/185/434 538/308/434
f 470/338/435 86/158/435 450/155/435 971/185/435
f 486/1027/436 972/187/436 497/190/436 219/1028/436
f 29/1026/437 378/1038/437 972/187/437 486/1027/437
f 378/1038/438 37/1039/438 471/188/438 972/187/438
f 381/1040/439 973/191/439 471/188/439 37/1039/439
f 39/1041/440 472/196/440 973/191/440 381/1040/440
f 472/196/441 225/195/441 498/192/441 973/191/441
f 384/1042/442 974/193/442 472/196/442 39/1041/442
f 41/1043/443 473/200/443 974/193/443 384/1042/443
f 473/200/444 226/199/444 499/194/444 974/193/444
f 387/1044/445 975/197/445 473/200/445 41/1043/445
f 43/1045/446 474/204/446 975/197/446 387/1044/446
f 474/204/447 227/203/447 500/198/447 975/197/447
f 390/1046/448 976/201/448 474/204/448 43/1045/448
f 45/1047/449 475/208/449 976/201/449 390/1046/449
f 475/208/450 228/207/450 491/202/450 976/201/450
f 393/1048/451 977/205/451 475/208/451 45/1047/451
f 47/1049/452 476/212/452 977/205/452 393/1048/452
f 476/212/453 229/211/453 492/206/453 977/205/453
f 396/1089/454 978/209/454 476/212/454 47/1049/454
f 349/1052/455 921/991/455 978/209/455 396/1089/455
f 921/991/456 352/990/456 913/210/456 978/209/456
f 399/1090/457 979/213/457 477/216/457 49/1051/457
f 319/1055/458 883/903/458 979/213/458 399/1090/458
f 883/903/459 322/902/459 875/214/459 979/213/459
f 402/1091/460 980/217/460 478/220/460 51/1054/460
f 334/1058/461 902/947/461 980/217/461 402/1091/461
f 902/947/462 337/946/462 894/218/462 980/217/462
f 405/1059/463 981/221/463 479/224/463 53/1057/463
f 55/1060/464 480/228/464 981/221/464 405/1059/464
f 480/228/465 233/227/465 501/222/465 981/221/465
f 408/1061/466 982/225/466 480/228/466 55/1060/466
f 57/1062/467 481/232/467 982/225/467 408/1061/467
f 481/232/468 234/231/468 502/226/468 982/225/468
f 411/1063/469 983/229/469 481/232/469 57/1062/469
f 59/1064/470 482/236/470 983/229/470 411/1063/470
f 482/236/471 235/235/471 503/230/471 983/229/471
f 414/1065/472 984/233/472 482/236/472 59/1064/472
f 61/1066/473 483/240/473 984/233/473 414/1065/473
f 483/240/474 236/239/474 504/234/474 984/233/474
f 417/1067/475 985/237/475 483/240/475 61/1066/475
f 63/242/476 484/241/476 985/237/476 417/1067/476
f 484/241/477 237/1092/477 505/238/477 985/237/477
f 484/241/478 485/244/478 238/1093/478 237/1092/478
f 441/1085/479 986/249/479 444/252/479 81/1086/479
f 30/1025/480 365/32/480 986/249/480 441/1085/480
f 365/32/481 220/31/481 489/250/481 986/249/481
f 590/390/482 144/256/482 93/255/482 514/1084/482
f 550/346/483 118/262/483 95/261/483 516/378/483
f 552/267/484 518/266/484 97/263/484 120/264/484
f 553/271/485 519/270/485 98/265/485 121/268/485
f 554/275/486 520/274/486 99/269/486 122/272/486
f 96/377/487 514/1084/487 548/1034/487 119/1033/487
f 376/1037/488 987/277/488 487/280/488 36/43/488
f 117/343/489 555/1094/489 987/277/489 376/1037/489
f 555/1094/490 268/1095/490 547/278/490 987/277/490
f 372/44/491 988/281/491 375/284/491 35/1036/491
f 36/43/492 487/280/492 988/281/492 372/44/492
f 487/280/493 222/279/493 488/282/493 988/281/493
f 592/395/494 139/394/494 101/1096/494 524/1097/494
f 596/399/495 143/398/495 100/273/495 526/1098/495
f 444/252/496 989/289/496 507/292/496 81/1086/496
f 223/251/497 527/1099/497 989/289/497 444/252/497
f 527/1099/498 253/1100/498 533/290/498 989/289/498
f 587/1101/499 990/293/499 534/296/499 109/1088/499
f 147/380/500 597/379/500 990/293/500 587/1101/500
f 597/379/501 146/401/501 586/294/501 990/293/501
f 598/400/502 991/297/502 586/294/502 146/401/502
f 140/402/503 580/302/503 991/297/503 598/400/503
f 580/302/504 102/301/504 535/298/504 991/297/504
f 599/404/505 992/299/505 580/302/505 140/402/505
f 141/403/506 581/306/506 992/299/506 599/404/506
f 581/306/507 103/305/507 536/300/507 992/299/507
f 600/406/508 993/303/508 581/306/508 141/403/508
f 142/405/509 582/310/509 993/303/509 600/406/509
f 582/310/510 104/309/510 537/304/510 993/303/510
f 601/407/511 994/307/511 582/310/511 142/405/511
f 143/398/512 583/397/512 994/307/512 601/407/512
f 583/397/513 105/339/513 538/308/513 994/307/513
f 509/1087/514 995/311/514 539/314/514 109/1088/514
f 79/1083/515 443/131/515 995/311/515 509/1087/515
f 443/131/516 80/130/516 506/312/516 995/311/516
f 445/137/517 996/315/517 506/312/517 80/130/517
f 81/1086/518 507/292/518 996/315/518 445/137/518
f 507/292/519 107/291/519 540/316/519 996/315/519
f 525/1102/520 997/317/520 541/320/520 110/1103/520
f 92/365/521 456/179/521 997/317/521 525/1102/521
f 456/179/522 91/178/522 528/318/522 997/317/522
f 528/318/523 998/321/523 542/324/523 111/319/523
f 91/178/524 455/175/524 998/321/524 528/318/524
f 455/175/525 90/174/525 529/322/525 998/321/525
f 903/953/526 999/325/526 895/328/526 339/954/526
f 336/942/527 893/171/527 999/325/527 903/953/527
f 893/171/528 89/170/528 530/326/528 999/325/528
f 884/909/529 1000/329/529 876/332/529 324/910/529
f 321/898/530 874/167/530 1000/329/530 884/909/530
f 874/167/531 88/166/531 531/330/531 1000/329/531
f 922/997/532 1001/333/532 914/336/532 354/998/532
f 351/986/533 912/163/533 1001/333/533 922/997/533
f 912/163/534 87/162/534 532/334/534 1001/333/534
f 532/334/535 1002/337/535 546/340/535 115/335/535
f 87/162/536 451/159/536 1002/337/536 532/334/536
f 451/159/537 86/158/537 470/338/537 1002/337/537
f 514/1084/538 93/255/538 116/342/538 548/1034/538
f 94/257/539 496/133/539 555/1094/539 117/343/539
f 439/1031/540 1003/344/540 550/346/540 119/1033/540
f 33/1032/541 421/1069/541 1003/344/541 439/1031/541
f 421/1069/542 67/1070/542 438/345/542 1003/344/542
f 424/1071/543 1004/347/543 438/345/543 67/1070/543
f 69/1072/544 510/349/544 1004/347/544 424/1071/544
f 510/349/545 120/264/545 551/259/545 1004/347/545
f 427/1073/546 1005/348/546 510/349/546 69/1072/546
f 71/1074/547 511/351/547 1005/348/547 427/1073/547
f 511/351/548 121/268/548 552/267/548 1005/348/548
f 430/1075/549 1006/350/549 511/351/549 71/1074/549
f 73/1076/550 512/353/550 1006/350/550 430/1075/550
f 512/353/551 122/272/551 553/271/551 1006/350/551
f 433/1077/552 1007/352/552 512/353/552 73/1076/552
f 75/1078/553 513/424/553 1007/352/553 433/1077/553
f 513/424/554 123/276/554 554/275/554 1007/352/554
f 496/133/555 239/132/555 268/1095/555 555/1094/555
f 564/370/556 565/369/556 129/413/556 130/412/556
f 559/246/557 1008/355/557 557/358/557 126/247/557
f 64/100/558 418/99/558 1008/355/558 559/246/558
f 418/99/559 62/96/559 560/356/559 1008/355/559
f 560/356/560 1009/359/560 556/362/560 125/357/560
f 62/96/561 415/95/561 1009/359/561 560/356/561
f 415/95/562 60/92/562 561/360/562 1009/359/562
f 561/360/563 1010/363/563 562/366/563 124/361/563
f 60/92/564 412/91/564 1010/363/564 561/360/564
f 412/91/565 58/88/565 466/364/565 1010/363/565
f 565/369/566 1011/371/566 563/374/566 129/413/566
f 126/247/567 557/358/567 1011/371/567 565/369/567
f 557/358/568 125/357/568 566/372/568 1011/371/568
f 571/1104/569 1012/1105/569 568/384/569 133/383/569
f 150/1106/570 602/1107/570 1012/1105/570 571/1104/570
f 566/372/571 1013/381/571 568/384/571 128/373/571
f 125/357/572 556/362/572 1013/381/572 566/372/572
f 556/362/573 124/361/573 572/382/573 1013/381/573
f 525/1102/574 1014/385/574 562/366/574 92/365/574
f 110/1103/575 570/1108/575 1014/385/575 525/1102/575
f 570/1108/576 133/383/576 572/382/576 1014/385/576
f 569/1109/577 134/1110/577 138/1111/577 577/1112/577
f 524/1097/578 101/1096/578 135/1113/578 576/1114/578
f 533/290/579 1015/386/579 585/387/579 107/291/579
f 253/1100/580 578/1115/580 1015/386/580 533/290/580
f 578/1115/581 288/135/581 589/134/581 1015/386/581
f 587/1101/582 1016/388/582 590/390/582 147/380/582
f 109/1088/583 539/314/583 1016/388/583 587/1101/583
f 539/314/584 106/313/584 584/389/584 1016/388/584
f 540/316/585 1017/391/585 584/389/585 106/313/585
f 107/291/586 585/387/586 1017/391/586 540/316/586
f 585/387/587 145/258/587 591/253/587 1017/391/587
f 541/320/588 111/319/588 579/393/588 1018/392/588
f 546/340/589 105/339/589 583/397/589 1019/396/589
f 516/378/590 95/261/590 146/401/590 597/379/590
f 518/266/591 599/404/591 140/402/591 97/263/591
f 519/270/592 600/406/592 141/403/592 98/265/592
f 520/274/593 601/407/593 142/405/593 99/269/593
f 134/1110/594 569/1109/594 602/1107/594 150/1106/594
f 526/1098/595 100/273/595 123/276/595 603/1116/595
f 436/1117/596 1020/422/596 513/424/596 75/1078/596
f 152/1118/597 610/432/597 1020/422/597 436/1117/597
f 610/432/598 154/431/598 608/423/598 1020/422/598
f 436/1117/599 1021/425/599 609/428/599 152/1118/599
f 75/1078/600 432/121/600 1021/425/600 436/1117/600
f 432/121/601 76/120/601 607/426/601 1021/425/601
f 861/1119/602 1022/429/602 610/432/602 152/1118/602
f 314/1081/603 867/875/603 1022/429/603 861/1119/603
f 867/875/604 313/874/604 860/430/604 1022/429/604
f 617/438/605 1023/433/605 616/436/605 311/439/605
f 153/427/606 607/426/606 1023/433/606 617/438/606
f 607/426/607 76/120/607 618/434/607 1023/433/607
f 868/877/608 1024/437/608 862/440/608 315/878/608
f 312/870/609 859/869/609 1024/437/609 868/877/609
f 859/869/610 153/427/610 617/438/610 1024/437/610
f 618/434/611 1025/441/611 614/444/611 309/435/611
f 76/120/612 434/119/612 1025/441/612 618/434/612
f 434/119/613 74/116/613 620/442/613 1025/441/613
f 620/442/614 1026/445/614 613/448/614 308/443/614
f 74/116/615 431/115/615 1026/445/615 620/442/615
f 431/115/616 72/112/616 621/446/616 1026/445/616
f 621/446/617 1027/449/617 612/452/617 307/447/617
f 72/112/618 428/111/618 1027/449/618 621/446/618
f 428/111/619 70/108/619 622/450/619 1027/449/619
f 622/450/620 1028/453/620 611/456/620 306/451/620
f 70/108/621 425/107/621 1028/453/621 622/450/621
f 425/107/622 68/104/622 623/454/622 1028/453/622
f 375/284/623 1029/457/623 422/103/623 35/1036/623
f 221/283/624 624/1120/624 1029/457/624 375/284/624
f 624/1120/625 305/455/625 623/454/625 1029/457/625
f 747/1121/626 1030/458/626 490/461/626 219/1122/626
f 155/1123/627 625/1124/627 1030/458/627 747/1121/627
f 625/1124/628 156/1125/628 626/459/628 1030/458/628
f 628/1126/629 1031/462/629 629/465/629 158/1127/629
f 156/1125/630 625/1124/630 1031/462/630 628/1126/630
f 625/1124/631 155/1123/631 627/463/631 1031/462/631
f 790/697/632 1032/466/632 632/469/632 264/698/632
f 267/684/633 700/1128/633 1032/466/633 790/697/633
f 700/1128/634 159/1129/634 630/467/634 1032/466/634
f 630/467/635 1033/470/635 635/473/635 160/468/635
f 159/1129/636 634/1130/636 1033/470/636 630/467/636
f 634/1130/637 161/1131/637 633/471/637 1033/470/637
f 637/1132/638 1034/474/638 635/473/638 162/472/638
f 265/773/639 791/1133/639 1034/474/639 637/1132/639
f 791/1133/640 264/698/640 632/469/640 1034/474/640
f 627/463/641 1035/475/641 640/478/641 157/464/641
f 155/1123/642 639/1134/642 1035/475/642 627/463/642
f 639/1134/643 163/1135/643 638/476/643 1035/475/643
f 638/476/644 1036/479/644 643/482/644 164/477/644
f 163/1135/645 642/1136/645 1036/479/645 638/476/645
f 642/1136/646 165/1137/646 641/480/646 1036/479/646
f 641/480/647 1037/483/647 646/486/647 166/481/647
f 165/1137/648 645/1138/648 1037/483/648 641/480/648
f 645/1138/649 167/1139/649 644/484/649 1037/483/649
f 644/484/650 1038/487/650 649/490/650 168/485/650
f 167/1139/651 648/1140/651 1038/487/651 644/484/651
f 648/1140/652 169/1141/652 647/488/652 1038/487/652
f 647/488/653 1039/491/653 652/494/653 170/489/653
f 169/1141/654 651/1142/654 1039/491/654 647/488/654
f 651/1142/655 171/1143/655 650/492/655 1039/491/655
f 650/492/656 1040/495/656 655/498/656 172/493/656
f 171/1143/657 654/1144/657 1040/495/657 650/492/657
f 654/1144/658 173/1145/658 653/496/658 1040/495/658
f 924/1007/659 1041/499/659 658/502/659 358/1008/659
f 357/1146/660 915/1147/660 1041/499/660 924/1007/660
f 915/1147/661 175/1148/661 656/500/661 1041/499/661
f 886/919/662 1042/503/662 661/506/662 328/920/662
f 327/1149/663 877/1150/663 1042/503/663 886/919/663
f 877/1150/664 177/1151/664 659/504/664 1042/503/664
f 905/963/665 1043/507/665 664/510/665 343/964/665
f 342/1152/666 896/1153/666 1043/507/666 905/963/666
f 896/1153/667 179/1154/667 662/508/667 1043/507/667
f 662/508/668 1044/511/668 667/514/668 180/509/668
f 179/1154/669 666/1155/669 1044/511/669 662/508/669
f 666/1155/670 181/1156/670 665/512/670 1044/511/670
f 665/512/671 1045/515/671 670/518/671 182/513/671
f 181/1156/672 669/1157/672 1045/515/672 665/512/672
f 669/1157/673 183/1158/673 668/516/673 1045/515/673
f 668/516/674 1046/519/674 673/522/674 184/517/674
f 183/1158/675 672/1159/675 1046/519/675 668/516/675
f 672/1159/676 185/1160/676 671/520/676 1046/519/676
f 671/520/677 1047/523/677 676/526/677 186/521/677
f 185/1160/678 675/1161/678 1047/523/678 671/520/678
f 675/1161/679 187/1162/679 674/524/679 1047/523/679
f 674/524/680 1048/527/680 679/528/680 188/525/680
f 187/1162/681 678/1163/681 1048/527/681 674/524/681
f 678/1163/682 189/533/682 677/408/682 1048/527/682
f 634/1130/683 1049/535/683 683/538/683 161/1131/683
f 159/1129/684 682/1164/684 1049/535/684 634/1130/684
f 682/1164/685 193/1165/685 681/536/685 1049/535/685
f 681/536/686 1050/539/686 686/542/686 194/537/686
f 193/1165/687 685/1166/687 1050/539/687 681/536/687
f 685/1166/688 195/1167/688 684/540/688 1050/539/688
f 684/540/689 1051/543/689 689/546/689 196/541/689
f 195/1167/690 688/1168/690 1051/543/690 684/540/690
f 688/1168/691 197/1169/691 687/544/691 1051/543/691
f 687/544/692 1052/547/692 692/550/692 198/545/692
f 197/1169/693 691/1170/693 1052/547/693 687/544/693
f 691/1170/694 199/1171/694 690/548/694 1052/547/694
f 690/548/695 1053/551/695 695/554/695 200/549/695
f 199/1171/696 694/1172/696 1053/551/696 690/548/696
f 694/1172/697 201/1173/697 693/552/697 1053/551/697
f 869/881/698 1054/555/698 698/558/698 316/882/698
f 318/1174/699 847/1175/699 1054/555/699 869/881/699
f 847/1175/700 203/1176/700 696/556/700 1054/555/700
f 707/572/701 1055/559/701 703/560/701 208/573/701
f 205/1177/702 631/1178/702 1055/559/702 707/572/702
f 631/1178/703 157/464/703 640/478/703 1055/559/703
f 629/465/704 1056/561/704 701/564/704 158/1127/704
f 157/464/705 631/1178/705 1056/561/705 629/465/705
f 631/1178/706 205/1177/706 704/562/706 1056/561/706
f 830/415/707 295/811/707 241/772/707 749/416/707
f 702/1179/708 1057/569/708 706/570/708 207/1180/708
f 156/1125/709 628/1126/709 1057/569/709 702/1179/709
f 628/1126/710 158/1127/710 701/564/710 1057/569/710
f 777/712/711 1058/571/711 752/574/711 256/713/711
f 257/1181/712 753/1182/712 1058/571/712 777/712/712
f 753/1182/713 205/1177/713 707/572/713 1058/571/713
f 643/482/714 1059/575/714 703/560/714 164/477/714
f 166/481/715 718/580/715 1059/575/715 643/482/715
f 718/580/716 209/579/716 708/576/716 1059/575/716
f 646/486/717 1060/577/717 718/580/717 166/481/717
f 168/485/718 719/584/718 1060/577/718 646/486/718
f 719/584/719 210/583/719 709/578/719 1060/577/719
f 649/490/720 1061/581/720 719/584/720 168/485/720
f 170/489/721 720/588/721 1061/581/721 649/490/721
f 720/588/722 211/587/722 710/582/722 1061/581/722
f 652/494/723 1062/585/723 720/588/723 170/489/723
f 172/493/724 721/592/724 1062/585/724 652/494/724
f 721/592/725 212/591/725 711/586/725 1062/585/725
f 655/498/726 1063/589/726 721/592/726 172/493/726
f 174/497/727 722/596/727 1063/589/727 655/498/727
f 722/596/728 213/595/728 712/590/728 1063/589/728
f 916/1009/729 1064/593/729 722/596/729 174/497/729
f 358/1008/730 925/1013/730 1064/593/730 916/1009/730
f 925/1013/731 359/1012/731 917/594/731 1064/593/731
f 878/921/732 1065/597/732 723/600/732 176/501/732
f 328/920/733 887/925/733 1065/597/733 878/921/733
f 887/925/734 329/924/734 879/598/734 1065/597/734
f 897/965/735 1066/601/735 724/604/735 178/505/735
f 343/964/736 906/969/736 1066/601/736 897/965/736
f 906/969/737 344/968/737 898/602/737 1066/601/737
f 667/514/738 1067/605/738 725/608/738 180/509/738
f 182/513/739 726/612/739 1067/605/739 667/514/739
f 726/612/740 217/611/740 716/606/740 1067/605/740
f 670/518/741 1068/609/741 726/612/741 182/513/741
f 184/517/742 727/789/742 1068/609/742 670/518/742
f 727/789/743 218/788/743 717/610/743 1068/609/743
f 728/615/744 1069/613/744 708/576/744 209/579/744
f 249/719/745 778/716/745 1069/613/745 728/615/745
f 778/716/746 256/713/746 752/574/746 1069/613/746
f 729/617/747 1070/614/747 709/578/747 210/583/747
f 250/723/748 779/720/748 1070/614/748 729/617/748
f 779/720/749 249/719/749 728/615/749 1070/614/749
f 730/619/750 1071/616/750 710/582/750 211/587/750
f 251/727/751 780/724/751 1071/616/751 730/619/751
f 780/724/752 250/723/752 729/617/752 1071/616/752
f 731/758/753 1072/618/753 711/586/753 212/591/753
f 252/757/754 781/728/754 1072/618/754 731/758/754
f 781/728/755 251/727/755 730/619/755 1072/618/755
f 639/1134/756 1073/620/756 732/623/756 163/1135/756
f 155/1123/757 747/1121/757 1073/620/757 639/1134/757
f 747/1121/758 219/1122/758 497/621/758 1073/620/758
f 733/627/759 1074/624/759 498/625/759 225/628/759
f 165/1137/760 642/1136/760 1074/624/760 733/627/760
f 642/1136/761 163/1135/761 732/623/761 1074/624/761
f 734/631/762 1075/626/762 499/629/762 226/632/762
f 167/1139/763 645/1138/763 1075/626/763 734/631/763
f 645/1138/764 165/1137/764 733/627/764 1075/626/764
f 735/635/765 1076/630/765 500/633/765 227/636/765
f 169/1141/766 648/1140/766 1076/630/766 735/635/766
f 648/1140/767 167/1139/767 734/631/767 1076/630/767
f 736/639/768 1077/634/768 491/637/768 228/640/768
f 171/1143/769 651/1142/769 1077/634/769 736/639/769
f 651/1142/770 169/1141/770 735/635/770 1077/634/770
f 737/643/771 1078/638/771 492/641/771 229/644/771
f 173/1145/772 654/1144/772 1078/638/772 737/643/772
f 654/1144/773 171/1143/773 736/639/773 1078/638/773
f 926/1015/774 1079/642/774 913/645/774 352/1016/774
f 357/1146/775 657/1183/775 1079/642/775 926/1015/775
f 657/1183/776 173/1145/776 737/643/776 1079/642/776
f 888/927/777 1080/646/777 875/649/777 322/928/777
f 327/1149/778 660/1184/778 1080/646/778 888/927/778
f 660/1184/779 175/1148/779 738/647/779 1080/646/779
f 907/971/780 1081/650/780 894/653/780 337/972/780
f 342/1152/781 663/1185/781 1081/650/781 907/971/781
f 663/1185/782 177/1151/782 739/651/782 1081/650/782
f 741/659/783 1082/654/783 501/657/783 233/660/783
f 181/1156/784 666/1155/784 1082/654/784 741/659/784
f 666/1155/785 179/1154/785 740/655/785 1082/654/785
f 742/663/786 1083/658/786 502/661/786 234/664/786
f 183/1158/787 669/1157/787 1083/658/787 742/663/787
f 669/1157/788 181/1156/788 741/659/788 1083/658/788
f 743/667/789 1084/662/789 503/665/789 235/668/789
f 185/1160/790 672/1159/790 1084/662/790 743/667/790
f 672/1159/791 183/1158/791 742/663/791 1084/662/791
f 744/671/792 1085/666/792 504/669/792 236/672/792
f 187/1162/793 675/1161/793 1085/666/793 744/671/793
f 675/1161/794 185/1160/794 743/667/794 1085/666/794
f 745/532/795 1086/670/795 505/673/795 237/529/795
f 189/533/796 678/1163/796 1086/670/796 745/532/796
f 678/1163/797 187/1162/797 744/671/797 1086/670/797
f 192/410/798 800/1186/798 801/1187/798 190/411/798
f 189/533/799 745/532/799 746/531/799 191/534/799
f 626/459/800 1087/674/800 489/677/800 220/460/800
f 156/1125/801 702/1179/801 1087/674/801 626/459/801
f 702/1179/802 207/1180/802 705/675/802 1087/674/802
f 295/811/803 832/815/803 759/1188/803 241/772/803
f 832/815/804 294/568/804 240/567/804 759/1188/804
f 269/767/805 793/764/805 761/1189/805 244/1190/805
f 793/764/806 266/421/806 242/420/806 761/1189/806
f 794/686/807 269/767/807 244/1190/807 762/687/807
f 795/690/808 270/685/808 245/688/808 763/691/808
f 796/694/809 271/689/809 246/692/809 764/695/809
f 797/759/810 1088/699/810 547/702/810 268/760/810
f 265/773/811 637/1132/811 1088/699/811 797/759/811
f 637/1132/812 162/472/812 748/700/812 1088/699/812
f 748/700/813 1089/703/813 488/706/813 222/701/813
f 162/472/814 633/471/814 1089/703/814 748/700/814
f 633/471/815 161/1131/815 636/704/815 1089/703/815
f 837/819/816 770/1191/816 247/696/816 293/820/816
f 527/1192/817 1090/707/817 776/710/817 253/1193/817
f 223/676/818 705/675/818 1090/707/818 527/1192/818
f 705/675/819 207/1180/819 751/708/819 1090/707/819
f 838/822/820 1091/711/820 827/714/820 296/1194/820
f 297/679/821 828/1195/821 1091/711/821 838/822/821
f 828/1195/822 257/1181/822 777/712/822 1091/711/822
f 821/718/823 1092/715/823 778/716/823 249/719/823
f 290/1196/824 839/1197/824 1092/715/824 821/718/824
f 839/1197/825 296/1194/825 827/714/825 1092/715/825
f 822/722/826 1093/717/826 779/720/826 250/723/826
f 291/824/827 840/823/827 1093/717/827 822/722/827
f 840/823/828 290/1196/828 821/718/828 1093/717/828
f 823/726/829 1094/721/829 780/724/829 251/727/829
f 292/826/830 841/825/830 1094/721/830 823/726/830
f 841/825/831 291/824/831 822/722/831 1094/721/831
f 824/821/832 1095/725/832 781/728/832 252/757/832
f 293/820/833 842/827/833 1095/725/833 824/821/833
f 842/827/834 292/826/834 823/726/834 1095/725/834
f 704/562/835 1096/729/835 750/732/835 206/563/835
f 205/1177/836 753/1182/836 1096/729/836 704/562/836
f 753/1182/837 257/1181/837 782/730/837 1096/729/837
f 751/708/838 1097/733/838 783/734/838 255/709/838
f 207/1180/839 706/570/839 1097/733/839 751/708/839
f 706/570/840 206/563/840 750/732/840 1097/733/840
f 717/610/841 1098/735/841 771/738/841 217/611/841
f 218/788/842 769/1198/842 1098/735/842 717/610/842
f 769/1198/843 258/1199/843 784/736/843 1098/735/843
f 716/606/844 1099/739/844 772/742/844 216/607/844
f 217/611/845 771/738/845 1099/739/845 716/606/845
f 771/738/846 259/737/846 785/740/846 1099/739/846
f 898/602/847 1100/743/847 773/746/847 215/603/847
f 344/968/848 908/977/848 1100/743/848 898/602/848
f 908/977/849 346/976/849 899/744/849 1100/743/849
f 879/598/850 1101/747/850 774/750/850 214/599/850
f 329/924/851 889/933/851 1101/747/851 879/598/851
f 889/933/852 331/932/852 880/748/852 1101/747/852
f 917/594/853 1102/751/853 775/754/853 213/595/853
f 359/1012/854 927/1021/854 1102/751/854 917/594/854
f 927/1021/855 361/1020/855 918/752/855 1102/751/855
f 712/590/856 1103/755/856 731/758/856 212/591/856
f 213/595/857 775/754/857 1103/755/857 712/590/857
f 775/754/858 263/753/858 789/756/858 1103/755/858
f 241/772/859 759/1188/859 791/1133/859 265/773/859
f 759/1188/860 240/567/860 264/698/860 791/1133/860
f 682/1164/861 1104/761/861 699/762/861 193/1165/861
f 159/1129/862 700/1128/862 1104/761/862 682/1164/862
f 700/1128/863 267/684/863 792/418/863 1104/761/863
f 754/766/864 1105/763/864 793/764/864 269/767/864
f 195/1167/865 685/1166/865 1105/763/865 754/766/865
f 685/1166/866 193/1165/866 699/762/866 1105/763/866
f 755/769/867 1106/765/867 794/686/867 270/685/867
f 197/1169/868 688/1168/868 1106/765/868 755/769/868
f 688/1168/869 195/1167/869 754/766/869 1106/765/869
f 756/771/870 1107/768/870 795/690/870 271/689/870
f 199/1171/871 691/1170/871 1107/768/871 756/771/871
f 691/1170/872 197/1169/872 755/769/872 1107/768/872
f 757/833/873 1108/770/873 796/694/873 272/693/873
f 201/1173/874 694/1172/874 1108/770/874 757/833/874
f 694/1172/875 199/1171/875 756/771/875 1108/770/875
f 800/1186/876 276/774/876 275/777/876 801/1187/876
f 679/528/877 1109/778/877 802/781/877 188/525/877
f 190/411/878 801/1187/878 1109/778/878 679/528/878
f 801/1187/879 275/777/879 799/779/879 1109/778/879
f 676/526/880 1110/782/880 803/785/880 186/521/880
f 188/525/881 802/781/881 1110/782/881 676/526/881
f 802/781/882 274/780/882 798/783/882 1110/782/882
f 673/522/883 1111/786/883 727/789/883 184/517/883
f 186/521/884 803/785/884 1111/786/884 673/522/884
f 803/785/885 273/784/885 804/787/885 1111/786/885
f 806/775/886 279/805/886 278/808/886 807/776/886
f 799/779/887 1112/790/887 808/793/887 274/780/887
f 275/777/888 807/776/888 1112/790/888 799/779/888
f 807/776/889 278/808/889 805/791/889 1112/790/889
f 760/419/890 838/822/890 296/1194/890 242/420/890
f 300/829/891 813/1200/891 1113/1201/891 843/830/891
f 813/1200/892 282/802/892 810/801/892 1113/1201/892
f 798/783/893 1114/800/893 814/803/893 273/784/893
f 274/780/894 808/793/894 1114/800/894 798/783/894
f 808/793/895 277/792/895 810/801/895 1114/800/895
f 812/1202/896 1115/804/896 814/803/896 282/802/896
f 258/1199/897 769/1198/897 1115/804/897 812/1202/897
f 769/1198/898 218/788/898 804/787/898 1115/804/898
f 811/831/899 819/1203/899 287/1204/899 283/828/899
f 768/681/900 818/1205/900 284/1206/900 248/682/900
f 770/1191/901 844/1207/901 272/693/901 247/696/901
f 578/1208/902 1116/809/902 830/415/902 288/414/902
f 253/1193/903 776/710/903 1116/809/903 578/1208/903
f 776/710/904 255/709/904 826/810/904 1116/809/904
f 782/730/905 1117/812/905 825/813/905 254/731/905
f 257/1181/906 828/1195/906 1117/812/906 782/730/906
f 828/1195/907 297/679/907 831/565/907 1117/812/907
f 826/810/908 1118/814/908 832/815/908 295/811/908
f 255/709/909 783/734/909 1118/814/909 826/810/909
f 783/734/910 254/731/910 825/813/910 1118/814/910
f 784/736/911 1119/816/911 820/817/911 259/737/911
f 789/756/912 1120/818/912 824/821/912 252/757/912
f 244/1190/913 761/1189/913 839/1197/913 290/1196/913
f 761/1189/914 242/420/914 296/1194/914 839/1197/914
f 762/687/915 244/1190/915 290/1196/915 840/823/915
f 763/691/916 245/688/916 291/824/916 841/825/916
f 764/695/917 246/692/917 292/826/917 842/827/917
f 809/806/918 298/797/918 299/796/918 829/807/918
f 851/840/919 1121/832/919 849/834/919 304/841/919
f 302/1209/920 697/1210/920 1121/832/920 851/840/920
f 697/1210/921 201/1173/921 757/833/921 1121/832/921
f 693/552/922 1122/835/922 848/838/922 202/553/922
f 201/1173/923 697/1210/923 1122/835/923 693/552/923
f 697/1210/924 302/1209/924 850/836/924 1122/835/924
f 870/885/925 1123/839/925 864/842/925 317/886/925
f 318/1174/926 865/1211/926 1123/839/926 870/885/926
f 865/1211/927 302/1209/927 851/840/927 1123/839/927
f 848/838/928 1124/843/928 853/846/928 202/553/928
f 303/837/929 852/850/929 1124/843/929 848/838/929
f 852/850/930 311/849/930 616/844/930 1124/843/930
f 863/883/931 1125/847/931 852/850/931 303/837/931
f 316/882/932 871/891/932 1125/847/932 863/883/932
f 871/891/933 315/890/933 862/848/933 1125/847/933
f 695/554/934 1126/851/934 855/854/934 200/549/934
f 202/553/935 853/846/935 1126/851/935 695/554/935
f 853/846/936 309/845/936 614/852/936 1126/851/936
f 692/550/937 1127/855/937 856/858/937 198/545/937
f 200/549/938 855/854/938 1127/855/938 692/550/938
f 855/854/939 308/853/939 613/856/939 1127/855/939
f 689/546/940 1128/859/940 857/862/940 196/541/940
f 198/545/941 856/858/941 1128/859/941 689/546/941
f 856/858/942 307/857/942 612/860/942 1128/859/942
f 686/542/943 1129/863/943 858/866/943 194/537/943
f 196/541/944 857/862/944 1129/863/944 686/542/944
f 857/862/945 306/861/945 611/864/945 1129/863/945
f 624/1212/946 1130/867/946 858/866/946 305/865/946
f 221/705/947 636/704/947 1130/867/947 624/1212/947
f 636/704/948 161/1131/948 683/538/948 1130/867/948
f 861/1119/949 1131/868/949 866/871/949 314/1081/949
f 152/1118/950 609/428/950 1131/868/950 861/1119/950
f 609/428/951 153/427/951 859/869/951 1131/868/951
f 606/1079/952 1132/872/952 867/875/952 314/1081/952
f 77/1080/953 605/1213/953 1132/872/953 606/1079/953
f 605/1213/954 151/1214/954 604/873/954 1132/872/954
f 619/1215/955 1133/876/955 615/879/955 310/1216/955
f 78/124/956 437/123/956 1133/876/956 619/1215/956
f 437/123/957 312/870/957 868/877/957 1133/876/957
f 850/836/958 1134/880/958 863/883/958 303/837/958
f 302/1209/959 865/1211/959 1134/880/959 850/836/959
f 865/1211/960 318/1174/960 869/881/960 1134/880/960
f 846/1217/961 1135/884/961 845/887/961 301/1218/961
f 203/1176/962 847/1175/962 1135/884/962 846/1217/962
f 847/1175/963 318/1174/963 870/885/963 1135/884/963
f 698/558/964 1136/888/964 871/891/964 316/882/964
f 204/557/965 854/1219/965 1136/888/965 698/558/965
f 854/1219/966 310/1220/966 615/889/966 1136/888/966
f 399/1090/967 1137/892/967 881/895/967 319/1055/967
f 49/1051/968 395/73/968 1137/892/968 399/1090/968
f 395/73/969 50/72/969 873/893/969 1137/892/969
f 463/169/970 1138/896/970 453/899/970 89/170/970
f 52/76/971 400/75/971 1138/896/971 463/169/971
f 400/75/972 320/894/972 882/897/972 1138/896/972
f 872/1053/973 1139/900/973 883/903/973 319/1055/973
f 51/1054/974 478/220/974 1139/900/974 872/1053/974
f 478/220/975 231/219/975 494/901/975 1139/900/975
f 594/917/976 326/916/976 323/1221/976 522/1222/976
f 530/326/977 1140/908/977 544/911/977 113/327/977
f 89/170/978 453/899/978 1140/908/978 530/326/978
f 453/899/979 321/898/979 884/909/979 1140/908/979
f 522/1222/980 323/1221/980 325/1223/980 574/1224/980
f 544/911/981 324/910/981 885/915/981 1141/914/981
f 656/500/982 1142/918/982 878/921/982 176/501/982
f 175/1148/983 660/1184/983 1142/918/983 656/500/983
f 660/1184/984 327/1149/984 886/919/984 1142/918/984
f 661/506/985 1143/922/985 887/925/985 328/920/985
f 178/505/986 724/604/986 1143/922/986 661/506/986
f 724/604/987 215/603/987 714/923/987 1143/922/987
f 739/651/988 1144/926/988 494/929/988 231/652/988
f 177/1151/989 877/1150/989 1144/926/989 739/651/989
f 877/1150/990 327/1149/990 888/927/990 1144/926/990
f 714/923/991 1145/930/991 889/933/991 329/924/991
f 215/603/992 773/746/992 1145/930/992 714/923/992
f 773/746/993 261/745/993 787/931/993 1145/930/993
f 787/931/994 1146/934/994 890/935/994 331/932/994
f 402/1091/995 1147/936/995 900/939/995 334/1058/995
f 51/1054/996 398/77/996 1147/936/996 402/1091/996
f 398/77/997 52/76/997 892/937/997 1147/936/997
f 464/173/998 1148/940/998 454/943/998 90/174/998
f 54/80/999 403/79/999 1148/940/999 464/173/999
f 403/79/1000 335/938/1000 901/941/1000 1148/940/1000
f 891/1056/1001 1149/944/1001 902/947/1001 334/1058/1001
f 53/1057/1002 479/224/1002 1149/944/1002 891/1056/1002
f 479/224/1003 232/223/1003 495/945/1003 1149/944/1003
f 593/961/1004 341/960/1004 338/1225/1004 523/1226/1004
f 529/322/1005 1150/952/1005 543/955/1005 112/323/1005
f 90/174/1006 454/943/1006 1150/952/1006 529/322/1006
f 454/943/1007 336/942/1007 903/953/1007 1150/952/1007
f 523/1226/1008 338/1225/1008 340/1227/1008 575/1228/1008
f 543/955/1009 339/954/1009 904/959/1009 1151/958/1009
f 659/504/1010 1152/962/1010 897/965/1010 178/505/1010
f 177/1151/1011 663/1185/1011 1152/962/1011 659/504/1011
f 663/1185/1012 342/1152/1012 905/963/1012 1152/962/1012
f 664/510/1013 1153/966/1013 906/969/1013 343/964/1013
f 180/509/1014 725/608/1014 1153/966/1014 664/510/1014
f 725/608/1015 216/607/1015 715/967/1015 1153/966/1015
f 740/655/1016 1154/970/1016 495/973/1016 232/656/1016
f 179/1154/1017 896/1153/1017 1154/970/1017 740/655/1017
f 896/1153/1018 342/1152/1018 907/971/1018 1154/970/1018
f 715/967/1019 1155/974/1019 908/977/1019 344/968/1019
f 216/607/1020 772/742/1020 1155/974/1020 715/967/1020
f 772/742/1021 260/741/1021 786/975/1021 1155/974/1021
f 786/975/1022 1156/978/1022 909/979/1022 346/976/1022
f 396/1089/1023 1157/980/1023 919/983/1023 349/1052/1023
f 47/1049/1024 392/69/1024 1157/980/1024 396/1089/1024
f 392/69/1025 48/68/1025 911/981/1025 1157/980/1025
f 462/165/1026 1158/984/1026 452/987/1026 88/166/1026
f 50/72/1027 397/71/1027 1158/984/1027 462/165/1027
f 397/71/1028 350/982/1028 920/985/1028 1158/984/1028
f 910/1050/1029 1159/988/1029 921/991/1029 349/1052/1029
f 49/1051/1030 477/216/1030 1159/988/1030 910/1050/1030
f 477/216/1031 230/215/1031 493/989/1031 1159/988/1031
f 595/1005/1032 356/1004/1032 353/1229/1032 521/1230/1032
f 531/330/1033 1160/996/1033 545/999/1033 114/331/1033
f 88/166/1034 452/987/1034 1160/996/1034 531/330/1034
f 452/987/1035 351/986/1035 922/997/1035 1160/996/1035
f 521/1230/1036 353/1229/1036 355/1231/1036 573/1232/1036
f 545/999/1037 354/998/1037 923/1003/1037 1161/1002/1037
f 653/496/1038 1162/1006/1038 916/1009/1038 174/497/1038
f 173/1145/1039 657/1183/1039 1162/1006/1039 653/496/1039
f 657/1183/1040 357/1146/1040 924/1007/1040 1162/1006/1040
f 658/502/1041 1163/1010/1041 925/1013/1041 358/1008/1041
f 176/501/1042 723/600/1042 1163/1010/1042 658/502/1042
f 723/600/1043 214/599/1043 713/1011/1043 1163/1010/1043
f 738/647/1044 1164/1014/1044 493/1017/1044 230/648/1044
f 175/1148/1045 915/1147/1045 1164/1014/1045 738/647/1045
f 915/1147/1046 357/1146/1046 926/1015/1046 1164/1014/1046
f 119/1033/1047 550/346/1047 516/378/1047 96/377/1047
f 713/1011/1048 1165/1018/1048 927/1021/1048 359/1012/1048
f 214/599/1049 774/750/1049 1165/1018/1049 713/1011/1049
f 774/750/1050 262/749/1050 788/1019/1050 1165/1018/1050
f 788/1019/1051 1166/1022/1051 928/1023/1051 361/1020/1051
f 589/134/1052 496/133/1052 94/257/1052 145/258/1052
f 789/756/1053 263/753/1053 918/752/1053 361/1020/1053
f 361/1020/1054 928/1023/1054 1120/818/1054 789/756/1054
f 928/1023/1055 363/995/1055 837/819/1055 1120/818/1055
f 363/995/1056 360/994/1056 770/1191/1056 837/819/1056
f 360/994/1057 362/1001/1057 844/1207/1057 770/1191/1057
f 788/1019/1058 262/749/1058 880/748/1058 331/932/1058
f 331/932/1059 890/935/1059 1166/1022/1059 788/1019/1059
f 890/935/1060 333/907/1060 836/992/1060 1166/1022/1060
f 333/907/1061 330/906/1061 765/993/1061 836/992/1061
f 330/906/1062 332/913/1062 815/1000/1062 765/993/1062
f 346/976/1063 909/979/1063 1146/934/1063 787/931/1063
f 787/931/1064 261/745/1064 899/744/1064 346/976/1064
f 909/979/1065 348/951/1065 835/904/1065 1146/934/1065
f 348/951/1066 345/950/1066 766/905/1066 835/904/1066
f 345/950/1067 347/957/1067 816/912/1067 766/905/1067
f 785/740/1068 259/737/1068 786/975/1068 260/741/1068
f 259/737/1069 820/817/1069 1156/978/1069 786/975/1069
f 820/817/1070 289/683/1070 834/948/1070 1156/978/1070
f 289/683/1071 248/682/1071 767/949/1071 834/948/1071
f 248/682/1072 284/1206/1072 817/956/1072 767/949/1072
f 282/802/1073 813/1200/1073 1119/816/1073 784/736/1073
f 784/736/1074 258/1199/1074 812/1202/1074 282/802/1074
f 813/1200/1075 300/829/1075 833/680/1075 1119/816/1075
f 300/829/1076 283/828/1076 768/681/1076 833/680/1076
f 283/828/1077 287/1204/1077 818/1205/1077 768/681/1077
f 280/795/1078 285/799/1078 819/1203/1078 811/831/1078
f 280/795/1079 811/831/1079 843/830/1079 299/796/1079
f 299/796/1080 843/830/1080 1113/1201/1080 829/807/1080
f 829/807/1081 1113/1201/1081 810/801/1081 278/808/1081
f 805/791/1082 278/808/1082 810/801/1082 277/792/1082
f 563/374/1083 128/373/1083 568/384/1083 129/413/1083
f 541/320/1084 133/383/1084 570/1108/1084 110/1103/1084
f 542/324/1085 112/323/1085 543/955/1085 111/319/1085
f 544/911/1086 339/954/1086 895/328/1086 113/327/1086
f 545/999/1087 324/910/1087 876/332/1087 114/331/1087
f 546/340/1088 354/998/1088 914/336/1088 115/335/1088
f 354/998/1089 546/340/1089 1019/396/1089 923/1003/1089
f 356/1004/1090 923/1003/1090 1019/396/1090 596/399/1090
f 356/1004/1091 596/399/1091 526/1098/1091 353/1229/1091
f 353/1229/1092 526/1098/1092 603/1116/1092 355/1231/1092
f 324/910/1093 545/999/1093 1161/1002/1093 885/915/1093
f 326/916/1094 885/915/1094 1161/1002/1094 595/1005/1094
f 326/916/1095 595/1005/1095 521/1230/1095 323/1221/1095
f 323/1221/1096 521/1230/1096 573/1232/1096 325/1223/1096
f 338/1225/1097 522/1222/1097 574/1224/1097 340/1227/1097
f 341/960/1098 594/917/1098 522/1222/1098 338/1225/1098
f 341/960/1099 904/959/1099 1141/914/1099 594/917/1099
f 339/954/1100 544/911/1100 1141/914/1100 904/959/1100
f 111/319/1101 543/955/1101 1151/958/1101 579/393/1101
f 139/394/1102 579/393/1102 1151/958/1102 593/961/1102
f 139/394/1103 593/961/1103 523/1226/1103 101/1096/1103
f 101/1096/1104 523/1226/1104 575/1228/1104 135/1113/1104
f 134/1110/1105 524/1097/1105 576/1114/1105 138/1111/1105
f 569/1109/1106 577/1112/1106 136/375/1106 131/287/1106
f 602/1107/1107 569/1109/1107 131/287/1107 149/286/1107
f 150/1106/1108 592/395/1108 524/1097/1108 134/1110/1108
f 150/1106/1109 571/1104/1109 1018/392/1109 592/395/1109
f 602/1107/1110 149/286/1110 588/368/1110 1012/1105/1110
f 129/413/1111 568/384/1111 1012/1105/1111 588/368/1111
f 133/383/1112 541/320/1112 1018/392/1112 571/1104/1112
f 1167/1233/1113 1168/1234/1113 1170/1235/1113 1169/1236/1113
f 1167/1233/1114 1169/1236/1114 1172/1237/1114 1171/1238/1114
f 1171/1238/1115 1172/1237/1115 1174/1239/1115 1173/1240/1115
f 1175/1241/1116 1176/1242/1116 1178/1243/1116 1177/1244/1116
f 1175/1241/1117 1177/1244/1117 1180/1245/1117 1179/1246/1117
f 1179/1246/1118 1180/1245/1118 1182/1247/1118 1181/1248/1118
f 1185/1249/1119 1184/1250/1119 1406/1251/1119 1183/1252/1119
f 1189/1253/1120 1187/1254/1120 1184/1250/1120 1185/1249/1120
f 1189/1253/1121 1188/1255/1121 1186/1256/1121 1187/1254/1121
f 1190/1257/1122 1191/1258/1122 1193/1259/1122 1192/1260/1122
f 1190/1257/1123 1192/1260/1123 1195/1261/1123 1194/1262/1123
f 1194/1262/1124 1195/1261/1124 1197/1263/1124 1196/1264/1124
f 1198/1265/1125 1199/1266/1125 1201/1267/1125 1200/1268/1125
f 1198/1265/1126 1200/1268/1126 1203/1269/1126 1202/1270/1126
f 1202/1270/1127 1203/1269/1127 1205/1271/1127 1204/1272/1127
f 1206/1273/1128 1207/1274/1128 1209/1275/1128 1208/1276/1128
f 1206/1273/1129 1208/1276/1129 1211/1277/1129 1210/1278/1129
f 1210/1278/1130 1211/1277/1130 1213/1279/1130 1212/1280/1130
f 1217/1281/1131 1216/1282/1131 1214/1283/1131 1215/1284/1131
f 1221/1285/1132 1219/1286/1132 1216/1282/1132 1217/1281/1132
f 1221/1285/1133 1220/1287/1133 1218/1288/1133 1219/1286/1133
f 1470/1289/1134 1469/1290/1134 1467/1291/1134 1468/1292/1134
f 1470/1289/1135 1468/1292/1135 1465/1293/1135 1466/1294/1135
f 1466/1294/1136 1465/1293/1136 1463/1295/1136 1464/1296/1136
f 1230/1297/1137 1231/1298/1137 1233/1299/1137 1232/1300/1137
f 1230/1297/1138 1232/1300/1138 1235/1301/1138 1234/1302/1138
f 1234/1302/1139 1235/1301/1139 1237/1303/1139 1236/1304/1139
f 1238/1305/1140 1239/1306/1140 1241/1307/1140 1240/1308/1140
f 1238/1305/1141 1240/1308/1141 1243/1309/1141 1242/1310/1141
f 1242/1310/1142 1243/1309/1142 1245/1311/1142 1244/1312/1142
f 1244/1312/1143 1245/1311/1143 1247/1313/1143 1246/1314/1143
f 1251/1315/1144 1250/1316/1144 1248/1317/1144 1249/1318/1144
f 1253/1319/1145 1252/1320/1145 1250/1316/1145 1251/1315/1145
f 1257/1321/1146 1255/1322/1146 1252/1320/1146 1253/1319/1146
f 1257/1321/1147 1256/1323/1147 1254/1324/1147 1255/1322/1147
f 1261/1325/1148 1260/1326/1148 1258/1327/1148 1259/1328/1148
f 1263/1329/1149 1262/1330/1149 1260/1326/1149 1261/1325/1149
f 1267/1331/1150 1265/1332/1150 1262/1330/1150 1263/1329/1150
f 1267/1331/1151 1266/1333/1151 1264/1334/1151 1265/1332/1151
f 1442/1335/1152 1441/1336/1152 1269/1337/1152 1268/1338/1152
f 1270/1339/1153 1271/1340/1153 1273/1341/1153 1272/1342/1153
f 1270/1339/1154 1272/1342/1154 1275/1343/1154 1274/1344/1154
f 1274/1344/1155 1275/1343/1155 1277/1345/1155 1276/1346/1155
f 1278/1347/1156 1279/1348/1156 1281/1349/1156 1280/1350/1156
f 1278/1347/1157 1280/1350/1157 1283/1351/1157 1282/1352/1157
f 1282/1352/1158 1283/1351/1158 1285/1353/1158 1284/1354/1158
f 1286/1355/1159 1287/1356/1159 1289/1357/1159 1288/1358/1159
f 1286/1355/1160 1288/1358/1160 1291/1359/1160 1290/1360/1160
f 1290/1360/1161 1291/1359/1161 1293/1361/1161 1292/1362/1161
f 1294/1363/1162 1295/1364/1162 1297/1365/1162 1296/1366/1162
f 1294/1363/1163 1296/1366/1163 1299/1367/1163 1298/1368/1163
f 1298/1368/1164 1299/1367/1164 1301/1369/1164 1300/1370/1164
f 1302/1371/1165 1303/1372/1165 1305/1373/1165 1304/1374/1165
f 1302/1371/1166 1304/1374/1166 1307/1375/1166 1306/1376/1166
f 1306/1376/1167 1307/1375/1167 1309/1377/1167 1308/1378/1167
f 1310/1379/1168 1311/1380/1168 1313/1381/1168 1312/1382/1168
f 1310/1379/1169 1312/1382/1169 1315/1383/1169 1314/1384/1169
f 1314/1384/1170 1315/1383/1170 1317/1385/1170 1316/1386/1170
f 1318/1387/1171 1319/1388/1171 1321/1389/1171 1320/1390/1171
f 1318/1387/1172 1320/1390/1172 1323/1391/1172 1322/1392/1172
f 1322/1392/1173 1323/1391/1173 1325/1393/1173 1324/1394/1173
f 1326/1395/1174 1327/1396/1174 1329/1397/1174 1328/1398/1174
f 1326/1395/1175 1328/1398/1175 1331/1399/1175 1330/1400/1175
f 1330/1400/1176 1331/1399/1176 1333/1401/1176 1332/1402/1176
f 1334/1403/1177 1335/1404/1177 1337/1405/1177 1336/1406/1177
f 1334/1403/1178 1336/1406/1178 1339/1407/1178 1338/1408/1178
f 1338/1408/1179 1339/1407/1179 1341/1409/1179 1340/1410/1179
f 1342/1411/1180 1343/1412/1180 1345/1413/1180 1344/1414/1180
f 1342/1411/1181 1344/1414/1181 1347/1415/1181 1346/1416/1181
f 1346/1416/1182 1347/1415/1182 1349/1417/1182 1348/1418/1182
f 1350/1419/1183 1351/1420/1183 1353/1421/1183 1352/1422/1183
f 1350/1419/1184 1352/1422/1184 1355/1423/1184 1354/1424/1184
f 1354/1424/1185 1355/1423/1185 1357/1425/1185 1356/1426/1185
f 1358/1427/1186 1359/1428/1186 1361/1429/1186 1360/1430/1186
f 1358/1427/1187 1360/1430/1187 1363/1431/1187 1362/1432/1187
f 1362/1432/1188 1363/1431/1188 1365/1433/1188 1364/1434/1188
f 1366/1435/1189 1367/1436/1189 1369/1437/1189 1368/1438/1189
f 1366/1435/1190 1368/1438/1190 1371/1439/1190 1370/1440/1190
f 1370/1440/1191 1371/1439/1191 1373/1441/1191 1372/1442/1191
f 1377/1443/1192 1376/1444/1192 1374/1445/1192 1375/1446/1192
f 1381/1447/1193 1379/1448/1193 1376/1444/1193 1377/1443/1193
f 1381/1447/1194 1380/1449/1194 1378/1450/1194 1379/1448/1194
f 1385/1451/1195 1384/1452/1195 1382/1453/1195 1383/1454/1195
f 1389/1455/1196 1387/1456/1196 1384/1452/1196 1385/1451/1196
f 1389/1455/1197 1388/1457/1197 1386/1458/1197 1387/1456/1197
f 1393/1459/1198 1392/1460/1198 1390/1461/1198 1391/1462/1198
f 1397/1463/1199 1395/1464/1199 1392/1460/1199 1393/1459/1199
f 1397/1463/1200 1396/1465/1200 1394/1466/1200 1395/1464/1200
f 1401/1467/1201 1400/1468/1201 1398/1469/1201 1399/1470/1201
f 1405/1471/1202 1403/1472/1202 1400/1468/1202 1401/1467/1202
f 1405/1471/1203 1404/1473/1203 1402/1474/1203 1403/1472/1203
f 1409/1475/1204 1408/1476/1204 1414/1477/1204 1407/1478/1204
f 1413/1479/1205 1411/1480/1205 1408/1476/1205 1409/1475/1205
f 1413/1479/1206 1412/1481/1206 1410/1482/1206 1411/1480/1206
f 1415/1483/1207 1416/1484/1207 1418/1485/1207 1417/1486/1207
f 1415/1483/1208 1417/1486/1208 1420/1487/1208 1419/1488/1208
f 1423/1489/1209 1424/1490/1209 1422/1491/1209 1421/1492/1209
f 1419/1488/1210 1420/1487/1210 1424/1490/1210 1423/1489/1210
f 1428/1493/1211 1427/1494/1211 1425/1495/1211 1426/1496/1211
f 1432/1497/1212 1430/1498/1212 1427/1494/1212 1428/1493/1212
f 1432/1497/1213 1431/1499/1213 1429/1500/1213 1430/1498/1213
f 1436/1501/1214 1435/1502/1214 1433/1503/1214 1434/1504/1214
f 1440/1505/1215 1438/1506/1215 1435/1502/1215 1436/1501/1215
f 1440/1505/1216 1439/1507/1216 1437/1508/1216 1438/1506/1216
f 1446/1509/1217 1444/1510/1217 1441/1336/1217 1442/1335/1217
f 1446/1509/1218 1445/1511/1218 1443/1512/1218 1444/1510/1218
f 1450/1513/1219 1449/1514/1219 1447/1515/1219 1448/1516/1219
f 1454/1517/1220 1452/1518/1220 1449/1514/1220 1450/1513/1220
f 1454/1517/1221 1453/1519/1221 1451/1520/1221 1452/1518/1221
f 1458/1521/1222 1457/1522/1222 1455/1523/1222 1456/1524/1222
f 1462/1525/1223 1460/1526/1223 1457/1522/1223 1458/1521/1223
f 1462/1525/1224 1461/1527/1224 1459/1528/1224 1460/1526/1224
f 1478/1529/1225 1477/1530/1225 1475/1531/1225 1476/1532/1225
f 1478/1529/1226 1476/1532/1226 1473/1533/1226 1474/1534/1226
f 1474/1534/1227 1473/1533/1227 1471/1535/1227 1472/1536/1227
f 1222/1537/1228 1223/1538/1228 1225/1539/1228 1224/1540/1228
f 1222/1537/1229 1224/1540/1229 1227/1541/1229 1226/1542/1229
f 1226/1542/1230 1227/1541/1230 1229/1543/1230 1228/1544/1230
f 1479/1545/1231 1480/1546/1231 1482/1547/1231 1481/1548/1231
f 1479/1545/1232 1481/1548/1232 1484/1549/1232 1483/1550/1232
f 1483/1550/1233 1484/1549/1233 1486/1551/1233 1485/1552/1233
f 1487/1553/1234 1488/1554/1234 1490/1555/1234 1489/1556/1234
f 1487/1553/1235 1489/1556/1235 1492/1557/1235 1491/1558/1235
f 1491/1558/1236 1492/1557/1236 1494/1559/1236 1493/1560/1236
f 1502/1561/1237 1501/1562/1237 1499/1563/1237 1500/1564/1237
f 1502/1561/1238 1500/1564/1238 1497/1565/1238 1498/1566/1238
f 1498/1566/1239 1497/1565/1239 1495/1567/1239 1496/1568/1239
f 1510/1569/1240 1509/1570/1240 1507/1571/1240 1508/1572/1240
f 1510/1569/1241 1508/1572/1241 1505/1573/1241 1506/1574/1241
f 1506/1574/1242 1505/1573/1242 1503/1575/1242 1504/1576/1242
f 1518/1577/1243 1517/1578/1243 1515/1579/1243 1516/1580/1243
f 1518/1577/1244 1516/1580/1244 1513/1581/1244 1514/1582/1244
f 1514/1582/1245 1513/1581/1245 1511/1583/1245 1512/1584/1245
f 1526/1585/1246 1525/1586/1246 1523/1587/1246 1524/1588/1246
f 1526/1585/1247 1524/1588/1247 1521/1589/1247 1522/1590/1247
f 1522/1590/1248 1521/1589/1248 1519/1591/1248 1520/1592/1248
f 1534/1593/1249 1533/1594/1249 1531/1595/1249 1532/1596/1249
f 1534/1593/1250 1532/1596/1250 1529/1597/1250 1530/1598/1250
f 1530/1598/1251 1529/1597/1251 1527/1599/1251 1528/1600/1251
f 1535/1601/1252 1536/1602/1252 1538/1603/1252 1537/1604/1252
f 1535/1601/1253 1537/1604/1253 1540/1605/1253 1539/1606/1253
f 1539/1606/1254 1540/1605/1254 1542/1607/1254 1541/1608/1254
f 1543/1609/1255 1544/1610/1255 1546/1611/1255 1545/1612/1255
f 1543/1609/1256 1545/1612/1256 1548/1613/1256 1547/1614/1256
f 1547/1614/1257 1548/1613/1257 1550/1615/1257 1549/1616/1257
f 1551/1617/1258 1552/1618/1258 1554/1619/1258 1553/1620/1258
f 1551/1617/1259 1553/1620/1259 1556/1621/1259 1555/1622/1259
f 1555/1622/1260 1556/1621/1260 1558/1623/1260 1557/1624/1260
f 1559/1625/1261 1560/1626/1261 1562/1627/1261 1561/1628/1261
f 1559/1625/1262 1561/1628/1262 1564/1629/1262 1563/1630/1262
f 1563/1630/1263 1564/1629/1263 1566/1631/1263 1565/1632/1263
f 1567/1633/1264 1568/1634/1264 1570/1635/1264 1569/1636/1264
f 1567/1633/1265 1569/1636/1265 1572/1637/1265 1571/1638/1265
f 1571/1638/1266 1572/1637/1266 1574/1639/1266 1573/1640/1266
f 1578/1641/1267 1577/1642/1267 1575/1643/1267 1576/1644/1267
f 1582/1645/1268 1580/1646/1268 1577/1642/1268 1578/1641/1268
f 1582/1645/1269 1581/1647/1269 1579/1648/1269 1580/1646/1269
f 1586/1649/1270 1585/1650/1270 1583/1651/1270 1584/1652/1270
f 1590/1653/1271 1588/1654/1271 1585/1650/1271 1586/1649/1271
f 1590/1653/1272 1589/1655/1272 1587/1656/1272 1588/1654/1272
f 1591/1657/1273 1592/1658/1273 1594/1659/1273 1593/1660/1273
f 1591/1657/1274 1593/1660/1274 1596/1661/1274 1595/1662/1274
f 1595/1662/1275 1596/1661/1275 1598/1663/1275 1597/1664/1275
f 1594/1659/1276 1592/1658/1276 1599/1665/1276 1600/1666/1276
f 1601/1667/1277 1602/1668/1277 1604/1669/1277 1603/1670/1277
f 1601/1667/1278 1603/1670/1278 1606/1671/1278 1605/1672/1278
f 1605/1672/1279 1606/1671/1279 1608/1673/1279 1607/1674/1279
f 1604/1669/1280 1602/1668/1280 1609/1675/1280 1610/1676/1280
f 1611/1677/1281 1612/1678/1281 1614/1679/1281 1613/1680/1281
f 1611/1677/1282 1613/1680/1282 1616/1681/1282 1615/1682/1282
f 1615/1682/1283 1616/1681/1283 1618/1683/1283 1617/1684/1283
f 1619/1685/1284 1620/1686/1284 1622/1687/1284 1621/1688/1284
f 1619/1685/1285 1621/1688/1285 1624/1689/1285 1623/1690/1285
f 1623/1690/1286 1624/1689/1286 1626/1691/1286 1625/1692/1286
f 1622/1687/1287 1620/1686/1287 1627/1693/1287 1628/1694/1287
f 1629/1695/1288 1630/1696/1288 1632/1697/1288 1631/1698/1288
f 1629/1695/1289 1631/1698/1289 1634/1699/1289 1633/1700/1289
f 1633/1700/1290 1634/1699/1290 1636/1701/1290 1635/1702/1290
f 1632/1697/1291 1630/1696/1291 1637/1703/1291 1638/1704/1291
f 1639/1705/1292 1640/1706/1292 1642/1707/1292 1641/1708/1292
f 1639/1705/1293 1641/1708/1293 1644/1709/1293 1643/1710/1293
f 1643/1710/1294 1644/1709/1294 1646/1711/1294 1645/1712/1294
f 1642/1707/1295 1640/1706/1295 1647/1713/1295 1648/1714/1295
f 1649/1715/1296 1650/1716/1296 1652/1717/1296 1651/1718/1296
f 1649/1715/1297 1651/1718/1297 1654/1719/1297 1653/1720/1297
f 1653/1720/1298 1654/1719/1298 1656/1721/1298 1655/1722/1298
f 1652/1717/1299 1650/1716/1299 1657/1723/1299 1658/1724/1299
f 1659/1725/1300 1660/1726/1300 1662/1727/1300 1661/1728/1300
f 1659/1725/1301 1661/1728/1301 1664/1729/1301 1663/1730/1301
f 1663/1730/1302 1664/1729/1302 1666/1731/1302 1665/1732/1302
f 1662/1727/1303 1660/1726/1303 1667/1733/1303 1668/1734/1303
f 1669/1735/1304 1670/1736/1304 1672/1737/1304 1671/1738/1304
f 1669/1735/1305 1671/1738/1305 1674/1739/1305 1673/1740/1305
f 1673/1740/1306 1674/1739/1306 1676/1741/1306 1675/1742/1306
f 1672/1737/1307 1670/1736/1307 1677/1743/1307 1678/1744/1307
f 1679/1745/1308 1680/1746/1308 1682/1747/1308 1681/1748/1308
f 1679/1745/1309 1681/1748/1309 1684/1749/1309 1683/1750/1309
f 1683/1750/1310 1684/1749/1310 1686/1751/1310 1685/1752/1310
f 1682/1747/1311 1680/1746/1311 1687/1753/1311 1688/1754/1311
f 1689/1755/1312 1690/1756/1312 1692/1757/1312 1691/1758/1312
f 1689/1755/1313 1691/1758/1313 1694/1759/1313 1693/1760/1313
f 1693/1760/1314 1694/1759/1314 1696/1761/1314 1695/1762/1314
f 1692/1757/1315 1690/1756/1315 1697/1763/1315 1698/1764/1315
f 1699/1765/1316 1700/1766/1316 1702/1767/1316 1701/1768/1316
f 1699/1765/1317 1701/1768/1317 1704/1769/1317 1703/1770/1317
f 1703/1770/1318 1704/1769/1318 1706/1771/1318 1705/1772/1318
f 1702/1767/1319 1700/1766/1319 1707/1773/1319 1708/1774/1319
f 1709/1775/1320 1710/1776/1320 1712/1777/1320 1711/1778/1320
f 1709/1775/1321 1711/1778/1321 1714/1779/1321 1713/1780/1321
f 1713/1780/1322 1714/1779/1322 1716/1781/1322 1715/1782/1322
f 1712/1777/1323 1710/1776/1323 1717/1783/1323 1718/1784/1323
f 1719/1785/1324 1720/1786/1324 1722/1787/1324 1721/1788/1324
f 1719/1785/1325 1721/1788/1325 1724/1789/1325 1723/1790/1325
f 1723/1790/1326 1724/1789/1326 1726/1791/1326 1725/1792/1326
f 1722/1787/1327 1720/1786/1327 1727/1793/1327 1728/1794/1327
f 1729/1795/1328 1730/1796/1328 1732/1797/1328 1731/1798/1328
f 1729/1795/1329 1731/1798/1329 1734/1799/1329 1733/1800/1329
f 1733/1800/1330 1734/1799/1330 1736/1801/1330 1735/1802/1330
f 1732/1797/1331 1730/1796/1331 1737/1803/1331 1738/1804/1331
f 1739/1805/1332 1740/1806/1332 1742/1807/1332 1741/1808/1332
f 1739/1805/1333 1741/1808/1333 1744/1809/1333 1743/1810/1333
f 1743/1810/1334 1744/1809/1334 1746/1811/1334 1745/1812/1334
f 1745/1812/1335 1746/1811/1335 1748/1813/1335 1747/1814/1335
f 1749/1815/1336 1750/1816/1336 1752/1817/1336 1751/1818/1336
f 1749/1815/1337 1751/1818/1337 1754/1819/1337 1753/1820/1337
f 1753/1820/1338 1754/1819/1338 1756/1821/1338 1755/1822/1338
f 1755/1822/1339 1756/1821/1339 1758/1823/1339 1757/1824/1339
f 1759/1825/1340 1760/1826/1340 1762/1827/1340 1761/1828/1340
f 1759/1825/1341 1761/1828/1341 1764/1829/1341 1763/1830/1341
f 1763/1830/1342 1764/1829/1342 1766/1831/1342 1765/1832/1342
f 1765/1832/1343 1766/1831/1343 1768/1833/1343 1767/1834/1343
f 1769/1835/1344 1770/1836/1344 1772/1837/1344 1771/1838/1344
f 1769/1835/1345 1771/1838/1345 1774/1839/1345 1773/1840/1345
f 1773/1840/1346 1774/1839/1346 1776/1841/1346 1775/1842/1346
f 1775/1842/1347 1776/1841/1347 1778/1843/1347 1777/1844/1347
f 1779/1845/1348 1780/1846/1348 1782/1847/1348 1781/1848/1348
f 1779/1845/1349 1781/1848/1349 1784/1849/1349 1783/1850/1349
f 1783/1850/1350 1784/1849/1350 1786/1851/1350 1785/1852/1350
f 1785/1852/1351 1786/1851/1351 1788/1853/1351 1787/1854/1351
f 1789/1855/1352 1790/1856/1352 1792/1857/1352 1791/1858/1352
f 1789/1855/1353 1791/1858/1353 1794/1859/1353 1793/1860/1353
f 1793/1860/1354 1794/1859/1354 1796/1861/1354 1795/1862/1354
f 1795/1862/1355 1796/1861/1355 1798/1863/1355 1797/1864/1355
f 1799/1865/1356 1800/1866/1356 1802/1867/1356 1801/1868/1356
f 1799/1865/1357 1801/1868/1357 1804/1869/1357 1803/1870/1357
f 1803/1870/1358 1804/1869/1358 1806/1871/1358 1805/1872/1358
f 1805/1872/1359 1806/1871/1359 1808/1873/1359 1807/1874/1359
f 1809/1875/1360 1810/1876/1360 1812/1877/1360 1811/1878/1360
f 1809/1875/1361 1811/1878/1361 1814/1879/1361 1813/1880/1361
f 1813/1880/1362 1814/1879/1362 1816/1881/1362 1815/1882/1362
f 1815/1882/1363 1816/1881/1363 1818/1883/1363 1817/1884/1363
f 1819/1885/1364 1820/1886/1364 1822/1887/1364 1821/1888/1364
f 1819/1885/1365 1821/1888/1365 1824/1889/1365 1823/1890/1365
f 1823/1890/1366 1824/1889/1366 1826/1891/1366 1825/1892/1366
f 1825/1892/1367 1826/1891/1367 1828/1893/1367 1827/1894/1367
f 1832/1895/1368 1831/1896/1368 1829/1897/1368 1830/1898/1368
f 1834/1899/1369 1833/1900/1369 1831/1896/1369 1832/1895/1369
f 1838/1901/1370 1836/1902/1370 1833/1900/1370 1834/1899/1370
f 1838/1901/1371 1837/1903/1371 1835/1904/1371 1836/1902/1371
f 1842/1905/1372 1841/1906/1372 1839/1907/1372 1840/1908/1372
f 1844/1909/1373 1843/1910/1373 1841/1906/1373 1842/1905/1373
f 1848/1911/1374 1846/1912/1374 1843/1910/1374 1844/1909/1374
f 1848/1911/1375 1847/1913/1375 1845/1914/1375 1846/1912/1375
f 1852/1915/1376 1851/1916/1376 1849/1917/1376 1850/1918/1376
f 1854/1919/1377 1853/1920/1377 1851/1916/1377 1852/1915/1377
f 1858/1921/1378 1856/1922/1378 1853/1920/1378 1854/1919/1378
f 1858/1921/1379 1857/1923/1379 1855/1924/1379 1856/1922/1379
f 1862/1925/1380 1861/1926/1380 1859/1927/1380 1860/1928/1380
f 1864/1929/1381 1863/1930/1381 1861/1926/1381 1862/1925/1381
f 1868/1931/1382 1866/1932/1382 1863/1930/1382 1864/1929/1382
f 1868/1931/1383 1867/1933/1383 1865/1934/1383 1866/1932/1383
f 1872/1935/1384 1871/1936/1384 1869/1937/1384 1870/1938/1384
f 1874/1939/1385 1873/1940/1385 1871/1936/1385 1872/1935/1385
f 1878/1941/1386 1876/1942/1386 1873/1940/1386 1874/1939/1386
f 1878/1941/1387 1877/1943/1387 1875/1944/1387 1876/1942/1387
f 1882/1945/1388 1881/1946/1388 1879/1947/1388 1880/1948/1388
f 1884/1949/1389 1883/1950/1389 1881/1946/1389 1882/1945/1389
f 1888/1951/1390 1886/1952/1390 1883/1950/1390 1884/1949/1390
f 1888/1951/1391 1887/1953/1391 1885/1954/1391 1886/1952/1391
f 1892/1955/1392 1891/1956/1392 1889/1957/1392 1890/1958/1392
f 1894/1959/1393 1893/1960/1393 1891/1956/1393 1892/1955/1393
f 1898/1961/1394 1896/1962/1394 1893/1960/1394 1894/1959/1394
f 1898/1961/1395 1897/1963/1395 1895/1964/1395 1896/1962/1395
f 1902/1965/1396 1901/1966/1396 1899/1967/1396 1900/1968/1396
f 1904/1969/1397 1903/1970/1397 1901/1966/1397 1902/1965/1397
f 1908/1971/1398 1906/1972/1398 1903/1970/1398 1904/1969/1398
f 1908/1971/1399 1907/1973/1399 1905/1974/1399 1906/1972/1399
f 1912/1975/1400 1911/1976/1400 1909/1977/1400 1910/1978/1400
f 1914/1979/1401 1913/1980/1401 1911/1976/1401 1912/1975/1401
f 1918/1981/1402 1916/1982/1402 1913/1980/1402 1914/1979/1402
f 1918/1981/1403 1917/1983/1403 1915/1984/1403 1916/1982/1403
f 1922/1985/1404 1921/1986/1404 1919/1987/1404 1920/1988/1404
f 1924/1989/1405 1923/1990/1405 1921/1986/1405 1922/1985/1405
f 1928/1991/1406 1926/1992/1406 1923/1990/1406 1924/1989/1406
f 1928/1991/1407 1927/1993/1407 1925/1994/1407 1926/1992/1407
f 1932/1995/1408 1931/1996/1408 1929/1997/1408 1930/1998/1408
f 1934/1999/1409 1933/2000/1409 1931/1996/1409 1932/1995/1409
f 1938/2001/1410 1936/2002/1410 1933/2000/1410 1934/1999/1410
f 1938/2001/1411 1937/2003/1411 1935/2004/1411 1936/2002/1411
f 1939/2005/1412 1940/2006/1412 1942/2007/1412 1941/2008/1412
f 1939/2005/1413 1941/2008/1413 1944/2009/1413 1943/2010/1413
f 1943/2010/1414 1944/2009/1414 1946/2011/1414 1945/2012/1414
f 1945/2012/1415 1946/2011/1415 1948/2013/1415 1947/2014/1415
f 1949/2015/1416 1950/2016/1416 1952/2017/1416 1951/2018/1416
f 1949/2015/1417 1951/2018/1417 1954/2019/1417 1953/2020/1417
f 1953/2020/1418 1954/2019/1418 1956/2021/1418 1955/2022/1418
f 1955/2022/1419 1956/2021/1419 1958/2023/1419 1957/2024/1419
f 1959/2025/1420 1960/2026/1420 1962/2027/1420 1961/2028/1420
f 1959/2025/1421 1961/2028/1421 1964/2029/1421 1963/2030/1421
f 1963/2030/1422 1964/2029/1422 1966/2031/1422 1965/2032/1422
f 1965/2032/1423 1966/2031/1423 1968/2033/1423 1967/2034/1423
f 1969/2035/1424 1970/2036/1424 1972/2037/1424 1971/2038/1424
f 1969/2035/1425 1971/2038/1425 1974/2039/1425 1973/2040/1425
f 1973/2040/1426 1974/2039/1426 1976/2041/1426 1975/2042/1426
f 1975/2042/1427 1976/2041/1427 1978/2043/1427 1977/2044/1427
f 1979/2045/1428 1980/2046/1428 1982/2047/1428 1981/2048/1428
f 1979/2045/1429 1981/2048/1429 1984/2049/1429 1983/2050/1429
f 1983/2050/1430 1984/2049/1430 1986/2051/1430 1985/2052/1430
f 1985/2052/1431 1986/2051/1431 1988/2053/1431 1987/2054/1431
f 1989/2055/1432 1990/2056/1432 1992/2057/1432 1991/2058/1432
f 1989/2055/1433 1991/2058/1433 1994/2059/1433 1993/2060/1433
f 1993/2060/1434 1994/2059/1434 1996/2061/1434 1995/2062/1434
f 1995/2062/1435 1996/2061/1435 1998/2063/1435 1997/2064/1435
f 1999/2065/1436 2000/2066/1436 2002/2067/1436 2001/2068/1436
f 1999/2065/1437 2001/2068/1437 2004/2069/1437 2003/2070/1437
f 2003/2070/1438 2004/2069/1438 2006/2071/1438 2005/2072/1438
f 2005/2072/1439 2006/2071/1439 2008/2073/1439 2007/2074/1439
f 2009/2075/1440 2010/2076/1440 2012/2077/1440 2011/2078/1440
f 2009/2075/1441 2011/2078/1441 2014/2079/1441 2013/2080/1441
f 2013/2080/1442 2014/2079/1442 2016/2081/1442 2015/2082/1442
f 2015/2082/1443 2016/2081/1443 2018/2083/1443 2017/2084/1443
f 2019/2085/1444 2020/2086/1444 2022/2087/1444 2021/2088/1444
f 2019/2085/1445 2021/2088/1445 2024/2089/1445 2023/2090/1445
f 2023/2090/1446 2024/2089/1446 2026/2091/1446 2025/2092/1446
f 2025/2092/1447 2026/2091/1447 2028/2093/1447 2027/2094/1447
f 2029/2095/1448 2030/2096/1448 2032/2097/1448 2031/2098/1448
f 2029/2095/1449 2031/2098/1449 2034/2099/1449 2033/2100/1449
f 2033/2100/1450 2034/2099/1450 2036/2101/1450 2035/2102/1450
f 2035/2102/1451 2036/2101/1451 2038/2103/1451 2037/2104/1451
f 2039/2105/1452 2040/2106/1452 2042/2107/1452 2041/2108/1452
f 2039/2105/1453 2041/2108/1453 2044/2109/1453 2043/2110/1453
f 2043/2110/1454 2044/2109/1454 2046/2111/1454 2045/2112/1454
f 2045/2112/1455 2046/2111/1455 2048/2113/1455 2047/2114/1455
f 2049/2115/1456 2050/2116/1456 2052/2117/1456 2051/2118/1456
f 2049/2115/1457 2051/2118/1457 2054/2119/1457 2053/2120/1457
f 2053/2120/1458 2054/2119/1458 2056/2121/1458 2055/2122/1458
f 2055/2122/1459 2056/2121/1459 2058/2123/1459 2057/2124/1459
f 2059/2125/1460 2060/2126/1460 2062/2127/1460 2061/2128/1460
f 2059/2125/1461 2061/2128/1461 2064/2129/1461 2063/2130/1461
f 2063/2130/1462 2064/2129/1462 2066/2131/1462 2065/2132/1462
f 2065/2132/1463 2066/2131/1463 2068/2133/1463 2067/2134/1463
f 2069/2135/1464 2070/2136/1464 2072/2137/1464 2071/2138/1464
f 2069/2135/1465 2071/2138/1465 2074/2139/1465 2073/2140/1465
f 2073/2140/1466 2074/2139/1466 2076/2141/1466 2075/2142/1466
f 2077/2143/1467 2078/2144/1467 2080/2145/1467 2079/2146/1467
f 2077/2143/1468 2079/2146/1468 2082/2147/1468 2081/2148/1468
f 2081/2148/1469 2082/2147/1469 2084/2149/1469 2083/2150/1469
f 2085/2151/1470 2086/2152/1470 2088/2153/1470 2087/2154/1470
f 2085/2151/1471 2087/2154/1471 2090/2155/1471 2089/2156/1471
f 2089/2156/1472 2090/2155/1472 2092/2157/1472 2091/2158/1472
f 2093/2159/1473 2094/2160/1473 2096/2161/1473 2095/2162/1473
f 2093/2159/1474 2095/2162/1474 2098/2163/1474 2097/2164/1474
f 2097/2164/1475 2098/2163/1475 2100/2165/1475 2099/2166/1475
f 2101/2167/1476 2102/2168/1476 2104/2169/1476 2103/2170/1476
f 2101/2167/1477 2103/2170/1477 2106/2171/1477 2105/2172/1477
f 2105/2172/1478 2106/2171/1478 2108/2173/1478 2107/2174/1478
f 2109/2175/1479 2110/2176/1479 2112/2177/1479 2111/2178/1479
f 2109/2175/1480 2111/2178/1480 2114/2179/1480 2113/2180/1480
f 2113/2180/1481 2114/2179/1481 2116/2181/1481 2115/2182/1481
f 2117/2183/1482 2118/2184/1482 2120/2185/1482 2119/2186/1482
f 2117/2183/1483 2119/2186/1483 2122/2187/1483 2121/2188/1483
f 2121/2188/1484 2122/2187/1484 2124/2189/1484 2123/2190/1484
f 2123/2190/1485 2124/2189/1485 2126/2191/1485 2125/2192/1485
f 2127/2193/1486 2128/2194/1486 2130/2195/1486 2129/2196/1486
f 2127/2193/1487 2129/2196/1487 2132/2197/1487 2131/2198/1487
f 2131/2198/1488 2132/2197/1488 2134/2199/1488 2133/2200/1488
f 2133/2200/1489 2134/2199/1489 2136/2201/1489 2135/2202/1489
f 2137/2203/1490 2138/2204/1490 2140/2205/1490 2139/2206/1490
f 2137/2203/1491 2139/2206/1491 2142/2207/1491 2141/2208/1491
f 2141/2208/1492 2142/2207/1492 2144/2209/1492 2143/2210/1492
f 2143/2210/1493 2144/2209/1493 2146/2211/1493 2145/2212/1493
f 2147/2213/1494 2148/2214/1494 2150/2215/1494 2149/2216/1494
f 2147/2213/1495 2149/2216/1495 2152/2217/1495 2151/2218/1495
f 2151/2218/1496 2152/2217/1496 2154/2219/1496 2153/2220/1496
f 2153/2220/1497 2154/2219/1497 2156/2221/1497 2155/2222/1497
f 2157/2223/1498 2158/2224/1498 2160/2225/1498 2159/2226/1498
f 2157/2223/1499 2159/2226/1499 2162/2227/1499 2161/2228/1499
f 2161/2228/1500 2162/2227/1500 2164/2229/1500 2163/2230/1500
f 2163/2230/1501 2164/2229/1501 2166/2231/1501 2165/2232/1501
f 2167/2233/1502 2168/2234/1502 2170/2235/1502 2169/2236/1502
f 2167/2233/1503 2169/2236/1503 2172/2237/1503 2171/2238/1503
f 2171/2238/1504 2172/2237/1504 2174/2239/1504 2173/2240/1504
f 2173/2240/1505 2174/2239/1505 2176/2241/1505 2175/2242/1505
f 2177/2243/1506 2178/2244/1506 2180/2245/1506 2179/2246/1506
f 2177/2243/1507 2179/2246/1507 2182/2247/1507 2181/2248/1507
f 2181/2248/1508 2182/2247/1508 2184/2249/1508 2183/2250/1508
f 2183/2250/1509 2184/2249/1509 2186/2251/1509 2185/2252/1509
f 2190/2253/1510 2189/2254/1510 2187/2255/1510 2188/2256/1510
f 2194/2257/1511 2192/2258/1511 2189/2254/1511 2190/2253/1511
f 2194/2257/1512 2193/2259/1512 2191/2260/1512 2192/2258/1512
f 2198/2261/1513 2197/2262/1513 2195/2263/1513 2196/2264/1513
f 2202/2265/1514 2200/2266/1514 2197/2262/1514 2198/2261/1514
f 2202/2265/1515 2201/2267/1515 2199/2268/1515 2200/2266/1515
f 2206/2269/1516 2205/2270/1516 2203/2271/1516 2204/2272/1516
f 2210/2273/1517 2208/2274/1517 2205/2270/1517 2206/2269/1517
f 2210/2273/1518 2209/2275/1518 2207/2276/1518 2208/2274/1518
f 2214/2277/1519 2213/2278/1519 2211/2279/1519 2212/2280/1519
f 2218/2281/1520 2216/2282/1520 2213/2278/1520 2214/2277/1520
f 2218/2281/1521 2217/2283/1521 2215/2284/1521 2216/2282/1521
f 2222/2285/1522 2221/2286/1522 2219/2287/1522 2220/2288/1522
f 2226/2289/1523 2224/2290/1523 2221/2286/1523 2222/2285/1523
f 2226/2289/1524 2225/2291/1524 2223/2292/1524 2224/2290/1524
f 2230/2293/1525 2229/2294/1525 2227/2295/1525 2228/2296/1525
f 2234/2297/1526 2232/2298/1526 2229/2294/1526 2230/2293/1526
f 2234/2297/1527 2233/2299/1527 2231/2300/1527 2232/2298/1527
f 2235/2301/1528 2236/2302/1528 2238/2303/1528 2237/2304/1528
f 2235/2301/1529 2237/2304/1529 2240/2305/1529 2239/2306/1529
f 2239/2306/1530 2240/2305/1530 2242/2307/1530 2241/2308/1530
f 2243/2309/1531 2244/2310/1531 2246/2311/1531 2245/2312/1531
f 2243/2309/1532 2245/2312/1532 2248/2313/1532 2247/2314/1532
f 2247/2314/1533 2248/2313/1533 2250/2315/1533 2249/2316/1533
f 2251/2317/1534 2252/2318/1534 2254/2319/1534 2253/2320/1534
f 2251/2317/1535 2253/2320/1535 2256/2321/1535 2255/2322/1535
f 2255/2322/1536 2256/2321/1536 2258/2323/1536 2257/2324/1536
f 2259/2325/1537 2260/2326/1537 2262/2327/1537 2261/2328/1537
f 2259/2325/1538 2261/2328/1538 2264/2329/1538 2263/2330/1538
f 2263/2330/1539 2264/2329/1539 2266/2331/1539 2265/2332/1539
f 2267/2333/1540 2268/2334/1540 2270/2335/1540 2269/2336/1540
f 2267/2333/1541 2269/2336/1541 2272/2337/1541 2271/2338/1541
f 2271/2338/1542 2272/2337/1542 2274/2339/1542 2273/2340/1542
f 2275/2341/1543 2276/2342/1543 2278/2343/1543 2277/2344/1543
f 2275/2341/1544 2277/2344/1544 2280/2345/1544 2279/2346/1544
f 2279/2346/1545 2280/2345/1545 2282/2347/1545 2281/2348/1545
f 2283/2349/1546 2284/2350/1546 2286/2351/1546 2285/2352/1546
f 2283/2349/1547 2285/2352/1547 2288/2353/1547 2287/2354/1547
f 2287/2354/1548 2288/2353/1548 2290/2355/1548 2289/2356/1548
f 2291/2357/1549 2292/2358/1549 2294/2359/1549 2293/2360/1549
f 2291/2357/1550 2293/2360/1550 2296/2361/1550 2295/2362/1550
f 2295/2362/1551 2296/2361/1551 2298/2363/1551 2297/2364/1551
f 2299/2365/1552 2300/2366/1552 2302/2367/1552 2301/2368/1552
f 2299/2365/1553 2301/2368/1553 2304/2369/1553 2303/2370/1553
f 2303/2370/1554 2304/2369/1554 2306/2371/1554 2305/2372/1554
f 2307/2373/1555 2308/2374/1555 2310/2375/1555 2309/2376/1555
f 2307/2373/1556 2309/2376/1556 2312/2377/1556 2311/2378/1556
f 2311/2378/1557 2312/2377/1557 2314/2379/1557 2313/2380/1557
f 2322/2381/1558 2321/2382/1558 2319/2383/1558 2320/2384/1558
f 2322/2381/1559 2320/2384/1559 2317/2385/1559 2318/2386/1559
f 2318/2386/1560 2317/2385/1560 2315/2387/1560 2316/2388/1560
f 2330/2389/1561 2329/2390/1561 2327/2391/1561 2328/2392/1561
f 2330/2389/1562 2328/2392/1562 2325/2393/1562 2326/2394/1562
f 2326/2394/1563 2325/2393/1563 2323/2395/1563 2324/2396/1563
f 2338/2397/1564 2337/2398/1564 2335/2399/1564 2336/2400/1564
f 2338/2397/1565 2336/2400/1565 2333/2401/1565 2334/2402/1565
f 2334/2402/1566 2333/2401/1566 2331/2403/1566 2332/2404/1566
f 2346/2405/1567 2345/2406/1567 2343/2407/1567 2344/2408/1567
f 2346/2405/1568 2344/2408/1568 2341/2409/1568 2342/2410/1568
f 2342/2410/1569 2341/2409/1569 2339/2411/1569 2340/2412/1569
f 2354/2413/1570 2353/2414/1570 2351/2415/1570 2352/2416/1570
f 2354/2413/1571 2352/2416/1571 2349/2417/1571 2350/2418/1571
f 2350/2418/1572 2349/2417/1572 2347/2419/1572 2348/2420/1572
f 2362/2421/1573 2361/2422/1573 2359/2423/1573 2360/2424/1573
f 2362/2421/1574 2360/2424/1574 2357/2425/1574 2358/2426/1574
f 2358/2426/1575 2357/2425/1575 2355/2427/1575 2356/2428/1575
f 2363/2429/1576 2364/2430/1576 2366/2431/1576 2365/2432/1576
f 2363/2429/1577 2365/2432/1577 2368/2433/1577 2367/2434/1577
f 2367/2434/1578 2368/2433/1578 2370/2435/1578 2369/2436/1578
f 2378/2437/1579 2377/2438/1579 2375/2439/1579 2376/2440/1579
f 2378/2437/1580 2376/2440/1580 2373/2441/1580 2374/2442/1580
f 2374/2442/1581 2373/2441/1581 2371/2443/1581 2372/2444/1581
f 2386/2445/1582 2385/2446/1582 2383/2447/1582 2384/2448/1582
f 2386/2445/1583 2384/2448/1583 2381/2449/1583 2382/2450/1583
f 2382/2450/1584 2381/2449/1584 2379/2451/1584 2380/2452/1584
f 2394/2453/1585 2393/2454/1585 2391/2455/1585 2392/2456/1585
f 2394/2453/1586 2392/2456/1586 2389/2457/1586 2390/2458/1586
f 2390/2458/1587 2389/2457/1587 2387/2459/1587 2388/2460/1587
f 2395/2461/1588 2396/2462/1588 2398/2463/1588 2397/2464/1588
f 2395/2461/1589 2397/2464/1589 2400/2465/1589 2399/2466/1589
f 2399/2466/1590 2400/2465/1590 2402/2467/1590 2401/2468/1590
f 2403/2469/1591 2404/2470/1591 2406/2471/1591 2405/2472/1591
f 2403/2469/1592 2405/2472/1592 2408/2473/1592 2407/2474/1592
f 2407/2474/1593 2408/2473/1593 2410/2475/1593 2409/2476/1593
f 2411/2477/1594 2412/2478/1594 2414/2479/1594 2413/2480/1594
f 2411/2477/1595 2413/2480/1595 2416/2481/1595 2415/2482/1595
f 2415/2482/1596 2416/2481/1596 2418/2483/1596 2417/2484/1596
f 2419/2485/1597 2420/2486/1597 2422/2487/1597 2421/2488/1597
f 2419/2485/1598 2421/2488/1598 2424/2489/1598 2423/2490/1598
f 2423/2490/1599 2424/2489/1599 2426/2491/1599 2425/2492/1599
f 2448/2493/1600 2447/2494/1600 2427/2495/1600 2428/2496/1600
f 2432/2497/1601 2431/2498/1601 2429/2499/1601 2430/2500/1601
f 2436/2501/1602 2434/2502/1602 2431/2498/1602 2432/2497/1602
f 2436/2501/1603 2435/2503/1603 2433/2504/1603 2434/2502/1603
f 2450/2505/1604 2449/2506/1604 2437/2507/1604 2438/2508/1604
f 2442/2509/1605 2441/2510/1605 2439/2511/1605 2440/2512/1605
f 2446/2513/1606 2444/2514/1606 2441/2510/1606 2442/2509/1606
f 2446/2513/1607 2445/2515/1607 2443/2516/1607 2444/2514/1607
f 2430/2500/1608 2429/2499/1608 2447/2494/1608 2448/2493/1608
f 2440/2512/1609 2439/2511/1609 2449/2506/1609 2450/2505/1609
f 2462/2517/1610 2461/2518/1610 2451/2519/1610 2452/2520/1610
f 2456/2521/1611 2455/2522/1611 2453/2523/1611 2454/2524/1611
f 2460/2525/1612 2458/2526/1612 2455/2522/1612 2456/2521/1612
f 2460/2525/1613 2459/2527/1613 2457/2528/1613 2458/2526/1613
f 2454/2524/1614 2453/2523/1614 2461/2518/1614 2462/2517/1614
f 2474/2529/1615 2473/2530/1615 2463/2531/1615 2464/2532/1615
f 2468/2533/1616 2467/2534/1616 2465/2535/1616 2466/2536/1616
f 2472/2537/1617 2470/2538/1617 2467/2534/1617 2468/2533/1617
f 2472/2537/1618 2471/2539/1618 2469/2540/1618 2470/2538/1618
f 2466/2536/1619 2465/2535/1619 2473/2530/1619 2474/2529/1619
f 2684/2541/1620 2485/2542/1620 2475/2543/1620 2679/2544/1620
f 2686/2545/1621 2489/2546/1621 2477/2547/1621 2680/2548/1621
f 2682/2549/1622 2482/2550/1622 2479/2551/1622 2681/2552/1622
f 2682/2549/1623 2683/2553/1623 2481/2554/1623 2482/2550/1623
f 2685/2555/1624 2488/2556/1624 2485/2542/1624 2684/2541/1624
f 2680/2548/1625 2477/2547/1625 2488/2556/1625 2685/2555/1625
f 2681/2552/1626 2479/2551/1626 2489/2546/1626 2686/2545/1626
f 2502/2557/1627 2501/2558/1627 2491/2559/1627 2492/2560/1627
f 2496/2561/1628 2495/2562/1628 2493/2563/1628 2494/2564/1628
f 2500/2565/1629 2498/2566/1629 2495/2562/1629 2496/2561/1629
f 2500/2565/1630 2499/2567/1630 2497/2568/1630 2498/2566/1630
f 2494/2564/1631 2493/2563/1631 2501/2558/1631 2502/2557/1631
f 2510/2569/1632 2509/2570/1632 2507/2571/1632 2508/2572/1632
f 2510/2569/1633 2508/2572/1633 2505/2573/1633 2506/2574/1633
f 2506/2574/1634 2505/2573/1634 2503/2575/1634 2504/2576/1634
f 2511/2577/1635 2512/2578/1635 2514/2579/1635 2513/2580/1635
f 2511/2577/1636 2513/2580/1636 2516/2581/1636 2515/2582/1636
f 2515/2582/1637 2516/2581/1637 2518/2583/1637 2517/2584/1637
f 2519/2585/1638 2520/2586/1638 2522/2587/1638 2521/2588/1638
f 2519/2585/1639 2521/2588/1639 2524/2589/1639 2523/2590/1639
f 2523/2590/1640 2524/2589/1640 2526/2591/1640 2525/2592/1640
f 2534/2593/1641 2533/2594/1641 2531/2595/1641 2532/2596/1641
f 2534/2593/1642 2532/2596/1642 2529/2597/1642 2530/2598/1642
f 2530/2598/1643 2529/2597/1643 2527/2599/1643 2528/2600/1643
f 2542/2601/1644 2541/2602/1644 2539/2603/1644 2540/2604/1644
f 2542/2601/1645 2540/2604/1645 2537/2605/1645 2538/2606/1645
f 2538/2606/1646 2537/2605/1646 2535/2607/1646 2536/2608/1646
f 2550/2609/1647 2549/2610/1647 2547/2611/1647 2548/2612/1647
f 2550/2609/1648 2548/2612/1648 2545/2613/1648 2546/2614/1648
f 2546/2614/1649 2545/2613/1649 2543/2615/1649 2544/2616/1649
f 2559/2617/1650 2552/2618/1650 2554/2619/1650 2560/2620/1650
f 2551/2621/1651 2553/2622/1651 2556/2623/1651 2555/2624/1651
f 2555/2624/1652 2556/2623/1652 2558/2625/1652 2557/2626/1652
f 2551/2621/1653 2559/2617/1653 2560/2620/1653 2553/2622/1653
f 2569/2627/1654 2562/2628/1654 2564/2629/1654 2570/2630/1654
f 2561/2631/1655 2563/2632/1655 2566/2633/1655 2565/2634/1655
f 2565/2634/1656 2566/2633/1656 2568/2635/1656 2567/2636/1656
f 2561/2631/1657 2569/2627/1657 2570/2630/1657 2563/2632/1657
f 2571/2637/1658 2572/2638/1658 2574/2639/1658 2573/2640/1658
f 2571/2637/1659 2573/2640/1659 2576/2641/1659 2575/2642/1659
f 2575/2642/1660 2576/2641/1660 2578/2643/1660 2577/2644/1660
f 2584/2645/1661 2583/2646/1661 2581/2647/1661 2582/2648/1661
f 2588/2649/1662 2586/2650/1662 2583/2646/1662 2584/2645/1662
f 2590/2651/1663 2589/2652/1663 2579/2653/1663 2580/2654/1663
f 2588/2649/1664 2587/2655/1664 2585/2656/1664 2586/2650/1664
f 2582/2648/1665 2581/2647/1665 2589/2652/1665 2590/2651/1665
f 2599/2657/1666 2592/2658/1666 2594/2659/1666 2600/2660/1666
f 2591/2661/1667 2593/2662/1667 2596/2663/1667 2595/2664/1667
f 2595/2664/1668 2596/2663/1668 2598/2665/1668 2597/2666/1668
f 2591/2661/1669 2599/2657/1669 2600/2660/1669 2593/2662/1669
f 2608/2667/1670 2607/2668/1670 2605/2669/1670 2606/2670/1670
f 2608/2667/1671 2606/2670/1671 2603/2671/1671 2604/2672/1671
f 2604/2672/1672 2603/2671/1672 2601/2673/1672 2602/2674/1672
f 2617/2675/1673 2610/2676/1673 2612/2677/1673 2618/2678/1673
f 2609/2679/1674 2611/2680/1674 2614/2681/1674 2613/2682/1674
f 2613/2682/1675 2614/2681/1675 2616/2683/1675 2615/2684/1675
f 2609/2679/1676 2617/2675/1676 2618/2678/1676 2611/2680/1676
f 2630/2493/1677 2629/2494/1677 2619/2495/1677 2620/2496/1677
f 2624/2497/1678 2623/2498/1678 2621/2499/1678 2622/2500/1678
f 2628/2501/1679 2626/2502/1679 2623/2498/1679 2624/2497/1679
f 2628/2501/1680 2627/2503/1680 2625/2504/1680 2626/2502/1680
f 2622/2500/1681 2621/2499/1681 2629/2494/1681 2630/2493/1681
f 2642/2493/1682 2641/2494/1682 2631/2495/1682 2632/2496/1682
f 2636/2497/1683 2635/2498/1683 2633/2499/1683 2634/2500/1683
f 2640/2501/1684 2638/2502/1684 2635/2498/1684 2636/2497/1684
f 2640/2501/1685 2639/2503/1685 2637/2504/1685 2638/2502/1685
f 2634/2500/1686 2633/2499/1686 2641/2494/1686 2642/2493/1686
f 2691/2685/1687 2653/2518/1687 2643/2519/1687 2687/2686/1687
f 2689/2687/1688 2647/2522/1688 2645/2523/1688 2688/2688/1688
f 2690/2689/1689 2650/2526/1689 2647/2522/1689 2689/2687/1689
f 2690/2689/1690 2692/2690/1690 2649/2528/1690 2650/2526/1690
f 2688/2688/1691 2645/2523/1691 2653/2518/1691 2691/2685/1691
f 2662/1289/1692 2661/1290/1692 2659/1291/1692 2660/1292/1692
f 2662/1289/1693 2660/1292/1693 2657/1293/1693 2658/1294/1693
f 2658/1294/1694 2657/1293/1694 2655/1295/1694 2656/1296/1694
f 2670/1289/1695 2669/1290/1695 2667/1291/1695 2668/1292/1695
f 2670/1289/1696 2668/1292/1696 2665/1293/1696 2666/1294/1696
f 2666/1294/1697 2665/1293/1697 2663/1295/1697 2664/1296/1697
f 2678/1289/1698 2677/1290/1698 2675/1291/1698 2676/1292/1698
f 2678/1289/1699 2676/1292/1699 2673/1293/1699 2674/1294/1699
f 2674/1294/1700 2673/1293/1700 2671/1295/1700 2672/1296/1700
f 2486/2691/1701 2684/2541/1701 2679/2544/1701 2476/2692/1701
f 2490/2693/1702 2686/2545/1702 2680/2548/1702 2478/2694/1702
f 2484/2695/1703 2682/2549/1703 2681/2552/1703 2480/2696/1703
f 2484/2695/1704 2483/2697/1704 2683/2553/1704 2682/2549/1704
f 2487/2698/1705 2685/2555/1705 2684/2541/1705 2486/2691/1705
f 2478/2694/1706 2680/2548/1706 2685/2555/1706 2487/2698/1706
f 2480/2696/1707 2681/2552/1707 2686/2545/1707 2490/2693/1707
f 2654/2517/1708 2691/2685/1708 2687/2686/1708 2644/2520/1708
f 2648/2521/1709 2689/2687/1709 2688/2688/1709 2646/2524/1709
f 2652/2525/1710 2690/2689/1710 2689/2687/1710 2648/2521/1710
f 2652/2525/1711 2651/2527/1711 2692/2690/1711 2690/2689/1711
f 2646/2524/1712 2688/2688/1712 2691/2685/1712 2654/2517/1712
f 2720/2699/1713 2714/2700/1713 2694/16/1713 2693/15/1713
f 2714/2700/1714 2715/2701/1714 2695/19/1714 2694/16/1714
f 2715/2701/1715 2716/2702/1715 2696/21/1715 2695/19/1715
f 2716/2702/1716 2717/2703/1716 2697/23/1716 2696/21/1716
f 2717/2703/1717 2718/2704/1717 2698/25/1717 2697/23/1717
f 2718/2704/1718 2719/2705/1718 2699/27/1718 2698/25/1718
f 2713/2706/1719 2700/1/1719 2701/4/1719 2707/2707/1719
f 2707/2707/1720 2701/4/1720 2702/6/1720 2708/2708/1720
f 2708/2708/1721 2702/6/1721 2703/8/1721 2709/2709/1721
f 2709/2709/1722 2703/8/1722 2704/10/1722 2710/2710/1722
f 2710/2710/1723 2704/10/1723 2705/12/1723 2711/2711/1723
f 2711/2711/1724 2705/12/1724 2706/14/1724 2712/2712/1724
f 2/2713/1725 2713/2706/1725 2707/2707/1725 4/2714/1725
f 4/2714/1726 2707/2707/1726 2708/2708/1726 6/2715/1726
f 6/2715/1727 2708/2708/1727 2709/2709/1727 8/2716/1727
f 8/2716/1728 2709/2709/1728 2710/2710/1728 10/2717/1728
f 10/2717/1729 2710/2710/1729 2711/2711/1729 12/2718/1729
f 12/2718/1730 2711/2711/1730 2712/2712/1730 14/2719/1730
f 16/2720/1731 18/2721/1731 2714/2700/1731 2720/2699/1731
f 18/2721/1732 20/2722/1732 2715/2701/1732 2714/2700/1732
f 20/2722/1733 22/2723/1733 2716/2702/1733 2715/2701/1733
f 22/2723/1734 24/2724/1734 2717/2703/1734 2716/2702/1734
f 24/2724/1735 26/2725/1735 2718/2704/1735 2717/2703/1735
f 26/2725/1736 28/2726/1736 2719/2705/1736 2718/2704/1736
f 2729/2727/1737 2722/2728/1737 2724/2729/1737 2730/2730/1737
f 2721/2731/1738 2723/2732/1738 2726/2733/1738 2725/2734/1738
f 2725/2734/1739 2726/2733/1739 2728/2735/1739 2727/2736/1739
f 2721/2731/1740 2729/2727/1740 2730/2730/1740 2723/2732/1740
f 2739/2737/1741 2732/2738/1741 2734/2739/1741 2740/2740/1741
f 2731/2741/1742 2733/2742/1742 2736/2743/1742 2735/2744/1742
f 2735/2744/1743 2736/2743/1743 2738/2745/1743 2737/2746/1743
f 2731/2741/1744 2739/2737/1744 2740/2740/1744 2733/2742/1744
f 2749/2747/1745 2742/2748/1745 2744/2749/1745 2750/2750/1745
f 2741/2751/1746 2743/2752/1746 2746/2753/1746 2745/2754/1746
f 2745/2754/1747 2746/2753/1747 2748/2755/1747 2747/2756/1747
f 2741/2751/1748 2749/2747/1748 2750/2750/1748 2743/2752/1748
f 2759/2757/1749 2752/2758/1749 2754/2759/1749 2760/2760/1749
f 2751/2761/1750 2753/2762/1750 2756/2763/1750 2755/2764/1750
f 2755/2764/1751 2756/2763/1751 2758/2765/1751 2757/2766/1751
f 2751/2761/1752 2759/2757/1752 2760/2760/1752 2753/2762/1752
f 2769/2767/1753 2762/2768/1753 2764/2769/1753 2770/2770/1753
f 2761/2771/1754 2763/2772/1754 2766/2773/1754 2765/2774/1754
f 2765/2774/1755 2766/2773/1755 2768/2775/1755 2767/2776/1755
f 2761/2771/1756 2769/2767/1756 2770/2770/1756 2763/2772/1756
f 2779/2777/1757 2772/2778/1757 2774/2779/1757 2780/2780/1757
f 2771/2781/1758 2773/2782/1758 2776/2783/1758 2775/2784/1758
f 2775/2784/1759 2776/2783/1759 2778/2785/1759 2777/2786/1759
f 2771/2781/1760 2779/2777/1760 2780/2780/1760 2773/2782/1760
f 2789/2787/1761 2782/2788/1761 2784/2789/1761 2790/2790/1761
f 2781/2791/1762 2783/2792/1762 2786/2793/1762 2785/2794/1762
f 2785/2794/1763 2786/2793/1763 2788/2795/1763 2787/2796/1763
f 2781/2791/1764 2789/2787/1764 2790/2790/1764 2783/2792/1764
f 2799/2675/1765 2792/2676/1765 2794/2677/1765 2800/2678/1765
f 2791/2679/1766 2793/2680/1766 2796/2681/1766 2795/2682/1766
f 2795/2682/1767 2796/2681/1767 2798/2683/1767 2797/2684/1767
f 2791/2679/1768 2799/2675/1768 2800/2678/1768 2793/2680/1768
f 2809/2797/1769 2802/2798/1769 2804/2799/1769 2810/2800/1769
f 2801/2801/1770 2803/2802/1770 2806/2803/1770 2805/2804/1770
f 2805/2804/1771 2806/2803/1771 2808/2805/1771 2807/2806/1771
f 2801/2801/1772 2809/2797/1772 2810/2800/1772 2803/2802/1772
f 2819/2807/1773 2812/2808/1773 2814/2809/1773 2820/2810/1773
f 2811/2811/1774 2813/2812/1774 2816/2813/1774 2815/2814/1774
f 2815/2814/1775 2816/2813/1775 2818/2815/1775 2817/2816/1775
f 2811/2811/1776 2819/2807/1776 2820/2810/1776 2813/2812/1776
f 2821/2817/1777 2822/2818/1777 2824/2819/1777 2823/2820/1777
f 2821/2817/1778 2823/2820/1778 2826/2821/1778 2825/2822/1778
f 2825/2822/1779 2826/2821/1779 2828/2823/1779 2827/2824/1779
f 2829/2825/1780 2830/2826/1780 2832/2827/1780 2831/2828/1780
f 2829/2825/1781 2831/2828/1781 2834/2829/1781 2833/2830/1781
f 2833/2830/1782 2834/2829/1782 2836/2831/1782 2835/2832/1782
f 2837/2833/1783 2838/2834/1783 2840/2835/1783 2839/2836/1783
f 2837/2833/1784 2839/2836/1784 2842/2837/1784 2841/2838/1784
f 2841/2838/1785 2842/2837/1785 2844/2839/1785 2843/2840/1785
f 2845/2841/1786 2846/2842/1786 2848/2843/1786 2847/2844/1786
f 2845/2841/1787 2847/2844/1787 2850/2845/1787 2849/2846/1787
f 2849/2846/1788 2850/2845/1788 2852/2847/1788 2851/2848/1788
f 2853/2849/1789 2854/2850/1789 2856/2851/1789 2855/2852/1789
f 2853/2849/1790 2855/2852/1790 2858/2853/1790 2857/2854/1790
f 2857/2854/1791 2858/2853/1791 2860/2855/1791 2859/2856/1791
f 2861/2857/1792 2862/2858/1792 2864/2859/1792 2863/2860/1792
f 2861/2857/1793 2863/2860/1793 2866/2861/1793 2865/2862/1793
f 2865/2862/1794 2866/2861/1794 2868/2863/1794 2867/2864/1794
f 2869/2865/1795 2870/2866/1795 2872/2867/1795 2871/2868/1795
f 2869/2865/1796 2871/2868/1796 2874/2869/1796 2873/2870/1796
f 2873/2870/1797 2874/2869/1797 2876/2871/1797 2875/2872/1797
f 2885/2873/1798 2878/2874/1798 2880/2875/1798 2886/2876/1798
f 2877/2877/1799 2879/2878/1799 2882/2879/1799 2881/2880/1799
f 2881/2880/1800 2882/2879/1800 2884/2881/1800 2883/2882/1800
f 2877/2877/1801 2885/2873/1801 2886/2876/1801 2879/2878/1801
f 2887/2883/1802 2888/2884/1802 2890/2885/1802 2889/2886/1802
f 2887/2883/1803 2889/2886/1803 2892/2887/1803 2891/2888/1803
f 2891/2888/1804 2892/2887/1804 2894/2889/1804 2893/2890/1804
f 2895/2891/1805 2896/2892/1805 2898/2893/1805 2897/2894/1805
f 2895/2891/1806 2897/2894/1806 2900/2895/1806 2899/2896/1806
f 2899/2896/1807 2900/2895/1807 2902/2897/1807 2901/2898/1807
f 2903/2849/1808 2904/2850/1808 2906/2851/1808 2905/2852/1808
f 2903/2849/1809 2905/2852/1809 2908/2853/1809 2907/2854/1809
f 2907/2854/1810 2908/2853/1810 2910/2855/1810 2909/2856/1810
f 2911/2857/1811 2912/2858/1811 2914/2859/1811 2913/2860/1811
f 2911/2857/1812 2913/2860/1812 2916/2861/1812 2915/2862/1812
f 2915/2862/1813 2916/2861/1813 2918/2863/1813 2917/2864/1813
f 2919/2865/1814 2920/2866/1814 2922/2867/1814 2921/2868/1814
f 2919/2865/1815 2921/2868/1815 2924/2869/1815 2923/2870/1815
f 2923/2870/1816 2924/2869/1816 2926/2871/1816 2925/2872/1816
f 2927/2891/1817 2928/2892/1817 2930/2893/1817 2929/2894/1817
f 2927/2891/1818 2929/2894/1818 2932/2895/1818 2931/2896/1818
f 2931/2896/1819 2932/2895/1819 2934/2897/1819 2933/2898/1819
f 2943/2767/1820 2936/2768/1820 2938/2769/1820 2944/2770/1820
f 2935/2771/1821 2937/2772/1821 2940/2773/1821 2939/2774/1821
f 2939/2774/1822 2940/2773/1822 2942/2775/1822 2941/2776/1822
f 2935/2771/1823 2943/2767/1823 2944/2770/1823 2937/2772/1823
f 2953/2777/1824 2946/2778/1824 2948/2779/1824 2954/2780/1824
f 2945/2781/1825 2947/2782/1825 2950/2783/1825 2949/2784/1825
f 2949/2784/1826 2950/2783/1826 2952/2785/1826 2951/2786/1826
f 2945/2781/1827 2953/2777/1827 2954/2780/1827 2947/2782/1827
f 2963/2787/1828 2956/2788/1828 2958/2789/1828 2964/2790/1828
f 2955/2791/1829 2957/2792/1829 2960/2793/1829 2959/2794/1829
f 2959/2794/1830 2960/2793/1830 2962/2795/1830 2961/2796/1830
f 2955/2791/1831 2963/2787/1831 2964/2790/1831 2957/2792/1831
f 2973/2797/1832 2966/2798/1832 2968/2799/1832 2974/2800/1832
f 2965/2801/1833 2967/2802/1833 2970/2803/1833 2969/2804/1833
f 2969/2804/1834 2970/2803/1834 2972/2805/1834 2971/2806/1834
f 2965/2801/1835 2973/2797/1835 2974/2800/1835 2967/2802/1835
f 2983/2807/1836 2976/2808/1836 2978/2809/1836 2984/2810/1836
f 2975/2811/1837 2977/2812/1837 2980/2813/1837 2979/2814/1837
f 2979/2814/1838 2980/2813/1838 2982/2815/1838 2981/2816/1838
f 2975/2811/1839 2983/2807/1839 2984/2810/1839 2977/2812/1839
