# Blender 5.0.1
# www.blender.org
mtllib hair.mtl
o braid
v -0.002400 15.361901 1.502699
v 0.249500 15.448001 1.404399
v 0.460600 15.488900 1.228099
v -0.278500 15.228500 1.494999
v -0.556100 15.048000 1.365499
v -0.756300 14.860600 1.182699
v -0.907000 14.665000 0.973699
v -0.949000 14.513500 0.623799
v -0.904900 14.437700 0.350799
v -0.818700 14.361900 0.051699
v -0.616100 14.268600 -0.241001
v -0.469300 14.152000 -0.538001
v -0.296400 14.088700 -0.681901
v -0.113300 14.058600 -0.751201
v 0.555300 15.497600 1.014199
v 0.679500 15.352401 0.953399
v 0.783100 15.177300 0.929699
v 0.868200 14.968000 0.855699
v 0.917800 14.777801 0.717299
v 0.936100 14.618401 0.579699
v 0.919000 14.427200 0.366299
v 0.839300 14.291600 0.106099
v 0.658000 14.209500 -0.209901
v 0.537800 14.183001 -0.445701
v 0.271800 14.106100 -0.677401
v 0.129100 14.078700 -0.531801
v 0.568800 15.482301 0.994899
v 0.413100 14.139001 -0.594101
v 0.004300 15.002001 1.508399
v 0.243900 15.096701 1.454499
v 0.417700 15.230300 1.310799
v -0.219900 14.894800 1.490799
v -0.430800 14.766601 1.361999
v -0.576200 14.600400 1.196599
v -0.626800 14.432501 1.008699
v -0.619000 14.207001 0.706999
v -0.577300 14.029000 0.467999
v -0.530000 13.963600 0.198599
v -0.487000 13.932600 -0.159001
v -0.402600 13.810500 -0.597101
v -0.262900 13.789600 -0.723201
v 0.060200 13.770500 -0.760801
v 0.542700 15.355100 1.120699
v 0.616100 15.024501 1.120099
v 0.636800 14.833501 1.060199
v 0.674000 14.665200 0.965499
v 0.708600 14.480101 0.845899
v 0.657200 14.278300 0.673099
v 0.574700 14.081401 0.493699
v 0.513100 13.971001 0.270999
v 0.491000 13.911500 0.005299
v 0.455400 13.879500 -0.326001
v 0.184100 13.785800 -0.628001
v 0.110200 13.805800 -0.528401
v 0.564100 15.336501 1.081599
v 0.386800 13.804200 -0.513401
v 0.402800 13.866700 -0.549201
v 0.484300 13.942000 -0.377301
v 0.772800 14.280500 0.658699
v 0.798400 14.488701 0.813399
v 0.281600 15.230000 1.498099
v 0.021100 15.131101 1.549299
v -0.420200 13.884400 -0.625601
v -0.285600 13.858900 -0.744801
v 0.571700 15.362700 1.064099
v 0.552500 15.382501 1.101099
v 0.106400 13.836700 -0.719001
v 0.098700 13.851501 -0.509401
v 0.558500 13.973801 -0.079401
v 0.635300 14.022700 0.212299
v -0.272100 15.007300 1.551499
v -0.515300 14.847301 1.443499
v 0.274200 13.839200 -0.637601
v -0.755200 14.461101 1.025499
v -0.769100 14.267200 0.688699
v 0.448800 15.320600 1.310599
v 0.771400 14.712200 0.953099
v 0.722100 14.910601 1.052299
v -0.602300 14.014501 0.115999
v -0.520500 13.961400 -0.220101
v 0.712900 14.113200 0.459499
v -0.673000 14.656800 1.269599
v -0.692900 14.120601 0.400099
v 0.656800 15.109200 1.091199
v 0.929500 14.651300 0.277399
v 0.927300 14.620001 0.290199
v 0.924800 14.559200 0.316799
v 0.922600 14.527801 0.329499
v 0.881300 14.393101 0.081799
v 0.886600 14.425200 0.070899
v 0.892800 14.487801 0.046899
v 0.898100 14.519900 0.035999
v -0.918200 14.851601 0.872599
v -0.916300 14.827801 0.894799
v -0.914700 14.755000 0.924799
v -0.912200 14.730000 0.937199
v -0.784600 14.947201 1.164399
v -0.793300 14.971500 1.160399
v -0.808900 15.025500 1.151099
v -0.817700 15.049400 1.146999
v 0.743500 14.418401 -0.252401
v 0.732500 14.389200 -0.245501
v 0.712900 14.331301 -0.230801
v 0.701900 14.302100 -0.224001
v 0.551000 14.251400 -0.447901
v 0.557700 14.274501 -0.450701
v 0.568500 14.321900 -0.455001
v 0.575300 14.345100 -0.457901
v 0.250400 15.589400 1.295099
v 0.248100 15.569701 1.307299
v 0.243100 15.532201 1.332899
v 0.240500 15.513200 1.345199
v 0.455000 15.550200 1.174599
v 0.455000 15.569800 1.159099
v 0.455100 15.609000 1.127799
v 0.455200 15.629100 1.111999
v -0.839200 14.543301 -0.008801
v -0.837600 14.517600 -0.000501
v -0.826700 14.458200 0.020499
v -0.825100 14.432501 0.028799
v -0.911900 14.499400 0.320899
v -0.914100 14.525101 0.310599
v -0.925400 14.598201 0.281599
v -0.927400 14.623800 0.271299
v -0.261900 14.271800 -0.640301
v -0.265900 14.244500 -0.646201
v -0.279000 14.183300 -0.659601
v -0.282200 14.155900 -0.665401
v -0.474100 14.235400 -0.534101
v -0.474800 14.257000 -0.522101
v -0.462900 14.311701 -0.528901
v -0.467300 14.341600 -0.529701
v 0.655900 15.508000 0.865299
v 0.660500 15.484900 0.878299
v 0.666100 15.438300 0.903899
v 0.670800 15.417401 0.916899
v 0.794900 15.246201 0.875099
v 0.790700 15.273601 0.854599
v 0.788900 15.332301 0.810599
v 0.784700 15.359500 0.791999
v 0.935500 14.988300 0.611999
v 0.933500 14.960900 0.625299
v 0.934700 14.888101 0.664799
v 0.933000 14.862801 0.677399
v 0.930500 14.714001 0.537099
v 0.932400 14.743800 0.524099
v 0.935600 14.806300 0.496099
v 0.937600 14.836400 0.482099
v -0.597300 15.237801 1.292099
v -0.592400 15.214500 1.300999
v -0.582500 15.167500 1.317699
v -0.577600 15.144100 1.326299
v -0.293800 15.324401 1.426399
v -0.292800 15.349401 1.412699
v -0.290800 15.398200 1.381699
v -0.289700 15.422500 1.366199
v -0.959500 14.705200 0.536699
v -0.958200 14.679900 0.548399
v -0.952800 14.598701 0.580299
v -0.951200 14.570801 0.590799
v 0.286200 14.171700 -0.674201
v 0.291900 14.195101 -0.672301
v 0.296900 14.241401 -0.673401
v 0.301800 14.265301 -0.672801
v -0.667300 14.447201 -0.310601
v -0.659400 14.421801 -0.303201
v -0.648600 14.371201 -0.275901
v -0.641100 14.345800 -0.267701
v 0.549300 15.543401 0.983099
v 0.547400 15.558600 0.973699
v 0.543300 15.588300 0.954699
v 0.541500 15.603900 0.945799
v 0.889400 15.044701 0.808599
v 0.886100 15.075500 0.791199
v 0.878700 15.152301 0.739499
v 0.875600 15.179100 0.720999
v -0.088600 14.238001 -0.694501
v -0.093300 14.211500 -0.699601
v -0.095500 14.138201 -0.699201
v -0.100500 14.111800 -0.704801
v 0.093700 14.266001 -0.712001
v 0.094100 14.233200 -0.709401
v 0.072800 14.172200 -0.662001
v 0.072100 14.148900 -0.660901
v -0.009300 15.519900 1.385399
v -0.011600 15.499900 1.398099
v -0.016000 15.459401 1.423599
v -0.018400 15.438800 1.436699
v 0.422900 14.206301 -0.588101
v 0.430500 14.231900 -0.592201
v 0.433600 14.277000 -0.592101
v 0.438200 14.299701 -0.590901
v 0.561500 15.524800 0.961099
v 0.559300 15.539001 0.950799
v 0.554900 15.567500 0.930199
v 0.552400 15.581300 0.920299
v 0.003000 15.338500 1.512199
v 0.007200 15.258101 1.534099
v 0.011100 15.237000 1.542899
v 0.275200 15.350101 1.472699
v 0.271600 15.369000 1.461199
v 0.253200 15.428800 1.416099
v 0.449400 15.411000 1.282899
v 0.450400 15.423001 1.273899
v 0.459400 15.476100 1.236199
v -0.274900 15.207400 1.502599
v -0.284300 15.122400 1.524399
v -0.280800 15.101400 1.532299
v -0.547500 15.028900 1.370399
v -0.537800 14.951900 1.407599
v -0.529000 14.932100 1.412499
v -0.749100 14.841500 1.191699
v -0.724500 14.755700 1.239699
v -0.716900 14.736401 1.248099
v -0.899400 14.646701 0.978799
v -0.855300 14.542500 1.003299
v -0.847600 14.523500 1.007799
v -0.941600 14.495300 0.630299
v -0.881300 14.415300 0.659699
v -0.873800 14.396601 0.665999
v -0.895300 14.414300 0.356799
v -0.818000 14.290401 0.378699
v -0.808400 14.266701 0.384399
v -0.803500 14.334500 0.060899
v -0.706300 14.165000 0.090199
v -0.691500 14.138400 0.097699
v -0.610100 14.246700 -0.239001
v -0.565800 14.103801 -0.231101
v -0.559600 14.082101 -0.228901
v -0.461000 14.132000 -0.545301
v -0.440100 14.023400 -0.578401
v -0.434900 14.004500 -0.588101
v -0.292600 14.070500 -0.684501
v -0.285800 14.023500 -0.728601
v -0.283200 14.007000 -0.734301
v -0.113600 14.040800 -0.756901
v -0.121600 14.002501 -0.743301
v -0.121900 13.982500 -0.748601
v 0.558100 15.420400 1.069899
v 0.557600 15.431500 1.061499
v 0.555800 15.486400 1.022399
v 0.677200 15.203501 1.044199
v 0.677400 15.223801 1.032799
v 0.679800 15.332900 0.966999
v 0.773000 15.033300 1.006999
v 0.774000 15.053000 0.996999
v 0.782000 15.156900 0.940899
v 0.856000 14.836801 0.912299
v 0.858000 14.856501 0.904199
v 0.865400 14.950001 0.864199
v 0.904400 14.607800 0.777699
v 0.907900 14.625700 0.767299
v 0.914500 14.759800 0.725999
v 0.896900 14.409400 0.625499
v 0.901900 14.431001 0.619599
v 0.932500 14.597100 0.585899
v 0.853600 14.230700 0.406799
v 0.858900 14.251901 0.400699
v 0.913700 14.405400 0.372599
v 0.769200 14.107201 0.144299
v 0.777500 14.129101 0.138399
v 0.830500 14.269100 0.112099
v 0.628000 14.077400 -0.159601
v 0.633300 14.094900 -0.166801
v 0.652900 14.192600 -0.202601
v 0.518000 14.043000 -0.431801
v 0.521500 14.061800 -0.433601
v 0.534500 14.163900 -0.443901
v 0.272100 13.951501 -0.663901
v 0.271900 13.974501 -0.665901
v 0.271500 14.084300 -0.677501
v 0.094500 13.950701 -0.569401
v 0.091500 13.975400 -0.562001
v 0.127000 14.055401 -0.535101
v 0.577000 15.399100 1.032699
v 0.575700 15.411101 1.026599
v 0.570000 15.470700 1.000299
v 0.410000 13.988400 -0.588001
v 0.410700 14.010700 -0.589501
v 0.412600 14.118000 -0.594401
v 0.402800 13.883500 -0.554101
v 0.403000 13.917100 -0.564001
v 0.403100 13.934000 -0.569001
v 0.790700 14.294300 0.652999
v 0.835300 14.344900 0.644099
v 0.852900 14.358601 0.638099
v 0.281100 15.243100 1.496799
v 0.270700 15.278800 1.481099
v 0.270300 15.292100 1.480299
v -0.424900 13.897401 -0.616101
v -0.427600 13.932501 -0.609301
v -0.432100 13.945300 -0.599901
v 0.573000 15.367600 1.059899
v 0.575300 15.376500 1.051999
v 0.576600 15.381301 1.047699
v 0.103200 13.850101 -0.719501
v 0.099000 13.877100 -0.719201
v 0.095700 13.890700 -0.719701
v 0.568600 13.987500 -0.090701
v 0.586600 14.036401 -0.114101
v 0.596900 14.049900 -0.126101
v -0.272900 15.019700 1.549499
v -0.262100 15.046400 1.533799
v -0.263200 15.058701 1.532199
v -0.768700 14.472501 1.023099
v -0.795700 14.493401 1.018399
v -0.809300 14.504701 1.015999
v 0.783100 14.728900 0.947399
v 0.811600 14.772500 0.934699
v 0.823300 14.788900 0.928799
v -0.614900 14.028400 0.108999
v -0.632900 14.053000 0.108399
v -0.645500 14.066100 0.101499
v 0.734700 14.126101 0.451799
v 0.785700 14.170100 0.433399
v 0.807500 14.183300 0.425899
v 0.660400 15.123301 1.083899
v 0.667200 15.147800 1.071999
v 0.670800 15.161700 1.064799
v 0.496900 14.001201 -0.407401
v 0.493700 13.986100 -0.399601
v 0.487400 13.956901 -0.385001
v 0.859900 14.565300 0.791899
v 0.846400 14.550700 0.797899
v 0.811900 14.503600 0.807399
v 0.015400 15.190300 1.548399
v 0.015600 15.176701 1.546999
v 0.021100 15.144700 1.550799
v -0.291900 13.916400 -0.734601
v -0.289200 13.901900 -0.737601
v -0.288400 13.873301 -0.741901
v 0.556900 15.400599 1.085499
v 0.556000 15.395900 1.089099
v 0.553500 15.387101 1.097399
v 0.100500 13.897600 -0.512401
v 0.100000 13.886101 -0.511701
v 0.099200 13.863001 -0.510101
v 0.718700 14.072400 0.170499
v 0.698800 14.062600 0.181199
v 0.655200 14.032400 0.201499
v -0.491400 14.896800 1.400899
v -0.490200 14.885401 1.405099
v -0.516500 14.858601 1.439299
v 0.272200 13.898601 -0.649101
v 0.272700 13.883700 -0.646201
v 0.273700 13.854000 -0.640501
v -0.838000 14.325001 0.678699
v -0.820600 14.310301 0.681999
v -0.786400 14.282001 0.685599
v 0.445700 15.373500 1.294899
v 0.445200 15.361201 1.297199
v 0.449200 15.333001 1.307999
v 0.756700 14.983400 1.026299
v 0.748400 14.965501 1.033599
v 0.730300 14.928700 1.045999
v -0.538700 14.020700 -0.225701
v -0.533200 14.005600 -0.222301
v -0.525400 13.975901 -0.224201
v -0.684900 14.704000 1.249999
v -0.678700 14.692301 1.251999
v -0.679400 14.668401 1.267699
v -0.762100 14.191000 0.391799
v -0.743900 14.173901 0.396799
v -0.710900 14.137700 0.395399
v 0.474700 13.920900 -0.360201
v 0.469900 13.910501 -0.351701
v 0.460300 13.890000 -0.334601
v 0.774900 14.512900 0.819299
v 0.758700 14.501201 0.820299
v 0.724600 14.491401 0.844399
v 0.013200 15.064501 1.538699
v 0.012300 15.050600 1.530099
v 0.005000 15.016200 1.516499
v -0.279900 13.829301 -0.735401
v -0.274600 13.819800 -0.733201
v -0.268000 13.799101 -0.725501
v 0.549000 15.372800 1.107199
v 0.547600 15.368400 1.110499
v 0.544200 15.359601 1.117399
v 0.111400 13.836700 -0.537901
v 0.111100 13.829000 -0.535501
v 0.110500 13.813500 -0.530801
v 0.599000 13.994101 0.234699
v 0.578300 13.985901 0.244999
v 0.533700 13.979401 0.260999
v -0.471000 14.811501 1.408999
v -0.462100 14.799500 1.399299
v -0.440300 14.778400 1.372299
v 0.192700 13.824400 -0.644901
v 0.190600 13.814800 -0.641001
v 0.186200 13.795501 -0.631801
v -0.723500 14.230600 0.692299
v -0.703500 14.220201 0.693999
v -0.638700 14.217700 0.704999
v 0.438200 15.280601 1.305099
v 0.435100 15.268201 1.305799
v 0.421100 15.242600 1.310699
v 0.700900 14.886200 1.061799
v 0.689500 14.869500 1.063099
v 0.648300 14.850000 1.058899
v -0.503300 13.942400 -0.202101
v -0.497100 13.931801 -0.195801
v -0.493000 13.943100 -0.165501
v -0.638500 14.626301 1.255199
v -0.626900 14.618601 1.246899
v -0.587900 14.608701 1.205199
v -0.649800 14.085401 0.414599
v -0.631600 14.072901 0.425499
v -0.595200 14.044500 0.462999
v 0.389400 13.814800 -0.519501
v 0.394800 13.835100 -0.530801
v 0.397400 13.845600 -0.536901
v 0.678100 14.288200 0.670999
v 0.720900 14.291400 0.666699
v 0.741700 14.301400 0.664599
v 0.246700 15.112600 1.460799
v 0.265900 15.148601 1.470699
v 0.268700 15.164400 1.476999
v -0.405800 13.821200 -0.600701
v -0.411100 13.841500 -0.608501
v -0.414200 13.852100 -0.612301
v 0.565400 15.341001 1.078099
v 0.567800 15.349200 1.073999
v 0.569100 15.353700 1.070699
v 0.046500 13.777400 -0.769001
v 0.055000 13.798901 -0.768201
v 0.041300 13.805800 -0.776401
v 0.501600 13.923401 -0.008801
v 0.523500 13.941200 -0.036601
v 0.536100 13.932600 -0.053501
v -0.226700 14.908401 1.501499
v -0.241400 14.943501 1.524599
v -0.248200 14.957101 1.534499
v -0.644900 14.435500 1.010699
v -0.703200 14.442901 1.026499
v -0.720500 14.445200 1.028299
v 0.688200 14.678201 0.963699
v 0.731200 14.696700 0.964099
v 0.745900 14.710900 0.963899
v -0.542600 13.977100 0.191899
v -0.556900 13.977301 0.144399
v -0.569600 13.990900 0.137599
v 0.598800 14.091400 0.487999
v 0.648500 14.093500 0.476799
v 0.672500 14.103300 0.470999
v 0.621800 15.039901 1.114499
v 0.641900 15.060600 1.110299
v 0.646800 15.076401 1.104599
v -0.072600 12.551101 -0.918501
v -0.308800 12.555201 -0.970901
v -0.213800 11.593901 -0.947801
v 0.081400 11.650500 -1.014601
v -0.169400 11.761600 -0.875201
v 0.006300 11.930201 -0.937201
v 0.125100 12.147401 -0.985501
v 0.111300 12.242201 -0.792701
v 0.006300 12.441800 -0.879801
v 0.120100 11.804900 -0.940601
v 0.046500 11.902600 -0.870901
v -0.059500 12.045601 -1.028901
v -0.209700 12.266801 -1.084801
v -0.287300 12.430901 -1.046201
v -0.172200 11.404600 -0.945401
v 0.033800 11.427700 -0.869101
v -0.047500 11.217501 -0.900501
v -0.053500 11.256201 -0.822801
v 0.027400 11.134701 -0.861801
v 0.024800 11.156700 -0.858101
v 0.242100 12.794400 -0.968801
v 0.143500 11.579801 -0.916601
v -0.301400 12.498900 -1.012701
v -0.045300 12.505200 -0.903101
v 0.179800 12.598101 -1.008001
v 0.046100 12.304601 -0.914701
v -0.106700 12.120800 -0.902201
v -0.163200 12.052100 -1.047701
v -0.067100 11.849501 -1.102401
v -0.210200 11.694301 -0.914901
v -0.078600 11.848400 -0.898501
v 0.051300 12.024000 -0.989201
v 0.129900 12.201501 -0.885701
v 0.080800 12.327001 -0.794201
v 0.122200 11.752900 -1.011701
v 0.086300 11.838000 -0.876701
v -0.010800 11.972100 -0.930101
v -0.121200 12.140401 -1.074401
v -0.261100 12.355600 -1.102001
v 0.188700 11.378100 -0.834501
v 0.068000 11.542400 -0.964401
v -0.204400 11.499001 -0.951101
v 0.096700 11.248100 -0.879301
v -0.050200 11.303801 -0.801201
v -0.101700 11.308001 -0.926001
v 0.034100 11.149200 -0.863401
v 0.000300 11.191100 -0.847501
v -0.000500 11.162701 -0.880701
v -0.095600 12.552000 -0.776301
v 0.198800 12.618800 -0.740801
v 0.069200 12.205701 -0.730201
v -0.022500 12.421400 -0.777501
v 0.076000 11.726800 -0.879501
v 0.048600 11.535800 -0.833601
v 0.356500 11.603900 -0.973701
v 0.238300 11.389100 -0.896901
v -0.040100 12.541400 -0.793101
v 0.301800 12.463401 -0.733301
v 0.043500 12.438400 -0.850601
v -0.195500 11.396800 -0.884201
v -0.242900 11.527700 -0.832901
v 0.074100 11.160601 -0.836101
v 0.108500 11.246301 -0.802401
v 0.420300 12.263700 -0.764601
v 0.117900 12.296600 -0.942701
v 0.065800 11.393701 -0.886201
v 0.395500 12.024301 -0.906301
v -0.034900 11.201000 -0.841801
v 0.153800 12.071100 -0.790401
v -0.194100 11.725700 -0.772701
v 0.248000 11.882501 -1.018001
v 0.114900 11.229100 -0.814101
v 0.302900 11.920601 -0.744601
v -0.035700 11.914400 -0.847201
v 0.379100 11.752601 -0.850101
v 0.110600 12.092200 -0.864701
v 0.041700 11.710200 -1.033001
v 0.232000 12.737700 -1.002601
v 0.101000 12.440101 -1.007301
v -0.042700 12.201000 -0.890301
v -0.146900 12.082200 -0.966001
v -0.155300 11.985701 -1.096201
v 0.184200 11.473201 -0.859001
v 0.154800 11.324600 -0.858701
v 0.053000 11.184401 -0.863401
v 0.040700 12.327101 -0.753501
v 0.030900 11.641500 -0.848801
v 0.300700 11.500900 -0.974001
v 0.239900 12.541500 -0.709401
v -0.004300 12.498000 -0.820701
v -0.233400 11.493700 -0.877101
v 0.163300 11.290900 -0.820101
v 0.370300 12.342900 -0.726201
v 0.081100 12.397000 -0.920901
v 0.062000 11.461301 -0.854401
v 0.423000 12.141101 -0.814901
v -0.109500 11.284000 -0.862601
v 0.113800 12.175501 -0.889501
v -0.231900 11.596300 -0.780201
v 0.083400 11.194600 -0.817001
v 0.317700 11.961600 -0.998101
v 0.106800 11.309200 -0.851401
v 0.224600 11.994901 -0.733901
v -0.113500 11.820601 -0.808201
v 0.004900 11.157300 -0.837001
v 0.168000 11.794200 -0.962001
v 0.355000 11.829901 -0.775401
v 0.043400 12.002400 -0.874001
v 0.099800 11.164901 -0.820501
v 0.377000 11.697701 -0.925601
v 0.094600 12.138000 -0.785501
v -0.064000 12.489201 -0.759101
v -0.091000 14.156401 -0.443301
v -0.354600 14.173500 -0.518901
v -0.366300 13.121800 -0.873701
v 0.030700 13.184401 -0.870101
v -0.253500 13.278800 -0.676001
v -0.030200 13.486501 -0.700701
v 0.126400 13.730600 -0.640001
v 0.095500 13.868501 -0.460501
v -0.030600 14.042800 -0.476301
v 0.121400 13.340700 -0.714701
v 0.053200 13.485801 -0.591901
v -0.077700 13.649301 -0.676401
v -0.294800 13.836201 -0.682201
v -0.345400 14.059800 -0.574001
v -0.302800 12.928400 -0.983501
v -0.068100 12.943400 -0.842001
v -0.159500 12.726501 -0.962701
v -0.276400 12.715000 -0.876001
v 0.327500 14.181200 -0.448201
v 0.102100 13.100201 -0.804101
v -0.355700 14.131300 -0.543901
v -0.075100 14.113100 -0.467801
v 0.214700 14.028300 -0.455001
v 0.035100 13.873200 -0.564001
v -0.209400 13.698601 -0.623101
v -0.188600 13.619600 -0.781001
v -0.097400 13.394300 -0.874301
v -0.334600 13.216101 -0.775301
v -0.134100 13.386200 -0.680901
v 0.044000 13.600600 -0.696301
v 0.136700 13.812901 -0.538501
v 0.036100 13.949201 -0.465201
v 0.105100 13.283900 -0.810401
v 0.092500 13.392200 -0.625301
v -0.011400 13.583000 -0.628501
v -0.194700 13.725201 -0.713501
v -0.329000 13.961600 -0.629001
v 0.218600 12.894401 -0.786901
v -0.005100 13.078700 -0.885501
v -0.359400 13.023400 -0.966201
v 0.258800 12.838100 -0.892201
v -0.192300 12.777500 -0.781501
v -0.219600 12.830001 -0.968701
v -0.322700 12.643801 -0.924301
v -0.106200 12.647000 -0.948201
v -0.112900 14.128600 -0.351501
v 0.128200 14.131001 -0.300401
v 0.058800 13.813601 -0.414201
v -0.070300 13.997200 -0.396001
v 0.038400 13.248301 -0.691901
v -0.026900 13.055901 -0.731001
v 0.452500 13.087300 -0.826901
v 0.253800 12.897201 -0.863801
v -0.113200 14.146800 -0.401001
v 0.295600 13.962800 -0.272101
v -0.034000 14.053400 -0.456901
v -0.331900 12.871201 -0.899501
v -0.398700 13.059700 -0.763201
v 0.018400 12.697901 -0.760701
v 0.439400 13.788600 -0.379601
v 0.076200 13.879900 -0.545301
v 0.024400 12.947101 -0.874601
v 0.495600 13.691700 -0.576601
v -0.175600 12.692000 -0.884401
v 0.187500 13.644800 -0.449701
v -0.274900 13.232500 -0.566401
v 0.305900 13.428901 -0.770101
v 0.146300 12.749300 -0.825401
v 0.359500 13.465301 -0.406101
v -0.043700 13.460100 -0.575301
v 0.498700 13.241501 -0.564701
v 0.141300 13.660300 -0.538001
v -0.011700 13.243501 -0.859301
v 0.289900 14.127601 -0.474001
v 0.119600 13.950300 -0.485501
v -0.056000 13.787801 -0.687801
v -0.201700 13.651900 -0.698701
v -0.187300 13.544101 -0.837101
v 0.162000 12.981300 -0.782901
v 0.247900 12.874801 -0.846801
v 0.255800 12.817400 -0.932701
v -0.003300 13.901401 -0.400401
v -0.040500 13.153001 -0.696401
v 0.362500 12.997001 -0.898501
v 0.208300 14.065201 -0.271901
v -0.065500 14.104600 -0.417801
v -0.384900 12.955300 -0.832601
v 0.124900 12.791700 -0.809501
v 0.378800 13.846400 -0.330101
v 0.020500 13.975301 -0.515701
v 0.008400 13.002601 -0.798001
v 0.476600 13.753700 -0.454501
v -0.252200 12.787001 -0.901801
v 0.129600 13.765700 -0.520201
v -0.352800 13.184100 -0.681801
v -0.019700 12.596300 -0.727701
v 0.477800 13.565801 -0.712601
v 0.077600 12.837400 -0.868601
v 0.272400 13.552601 -0.406901
v -0.159000 13.347700 -0.568301
v -0.131200 12.612000 -0.834201
v 0.175000 13.326100 -0.737101
v 0.423800 13.340100 -0.463801
v 0.059300 13.560201 -0.572301
v 0.179500 12.664600 -0.769001
v 0.522200 13.162500 -0.664801
v 0.112500 13.749801 -0.474701
v -0.113900 14.071401 -0.375001
v -0.100400 12.579500 -0.928601
v -0.121200 12.580601 -0.936401
v -0.162400 12.582701 -0.950901
v -0.183000 12.583401 -0.956501
v 0.300600 11.663600 -1.074701
v 0.278300 11.667300 -1.079901
v 0.232800 11.672501 -1.056601
v 0.209800 11.675900 -1.059801
v -0.050000 12.469400 -1.021201
v -0.076000 12.472100 -1.036401
v -0.127200 12.476100 -1.060401
v -0.151800 12.477600 -1.071601
v 0.041500 12.313500 -1.071101
v 0.019400 12.312000 -1.086401
v -0.030300 12.308400 -1.114601
v -0.051900 12.306300 -1.126001
v 0.116100 12.088800 -0.914201
v 0.102100 12.087100 -0.936301
v 0.074200 12.083700 -0.980401
v 0.060200 12.082001 -1.002501
v 0.256300 11.962100 -0.813201
v 0.235300 11.957900 -0.819801
v 0.193300 11.949500 -0.835501
v 0.172300 11.945300 -0.842801
v 0.326000 11.835100 -0.986601
v 0.305600 11.834001 -0.987201
v 0.265300 11.829500 -0.951001
v 0.244400 11.828300 -0.950101
v 0.201300 11.435801 -0.971101
v 0.181900 11.434900 -0.965801
v 0.143500 11.433201 -0.956901
v 0.124800 11.432501 -0.952001
v 0.096800 11.257601 -0.841401
v 0.084300 11.253100 -0.840201
v 0.059300 11.244101 -0.838301
v 0.046800 11.239500 -0.836801
v 0.070100 11.162200 -0.861401
v 0.065000 11.161500 -0.862801
v 0.054900 11.160001 -0.865501
v 0.049800 11.159301 -0.866801
v 0.243200 11.794901 -1.037601
v 0.266600 11.791101 -1.034301
v 0.312300 11.785100 -1.059901
v 0.334900 11.781000 -1.054701
v -0.172100 12.532101 -1.018201
v -0.148100 12.532001 -1.008101
v -0.098600 12.531100 -0.986701
v -0.073600 12.530200 -0.973701
v -0.101300 12.415501 -1.121701
v -0.076700 12.417100 -1.109201
v -0.026300 12.419101 -1.080901
v 0.005600 12.419901 -1.066101
v 0.007300 12.168500 -1.081801
v 0.024400 12.172501 -1.066101
v 0.058700 12.180600 -1.035401
v 0.075900 12.184700 -1.019901
v 0.110600 12.007501 -0.887801
v 0.128000 12.010800 -0.874201
v 0.162900 12.017301 -0.846801
v 0.180400 12.020600 -0.833201
v 0.212300 11.868401 -0.868901
v 0.233600 11.871000 -0.866501
v 0.274600 11.878301 -0.903901
v 0.296000 11.881001 -0.902001
v 0.172200 11.559000 -1.028401
v 0.192700 11.556701 -1.029501
v 0.233400 11.551701 -1.030701
v 0.253500 11.549300 -1.031801
v 0.072600 11.316100 -0.865401
v 0.089200 11.317801 -0.867601
v 0.122200 11.321301 -0.870501
v 0.138800 11.323000 -0.872801
v 0.041600 11.187700 -0.860701
v 0.051500 11.190001 -0.858301
v 0.071100 11.194700 -0.854201
v 0.081000 11.197001 -0.852001
v -0.149800 14.174001 -0.499001
v -0.169300 14.177700 -0.502801
v -0.208500 14.185101 -0.510201
v -0.228100 14.188801 -0.513601
v 0.382800 13.160200 -0.906601
v 0.346600 13.168700 -0.907901
v 0.275000 13.181701 -0.890301
v 0.238800 13.190600 -0.892901
v -0.099200 14.084600 -0.555401
v -0.121900 14.085700 -0.563901
v -0.167200 14.088100 -0.580601
v -0.189900 14.089200 -0.589201
v 0.012800 13.900600 -0.635601
v -0.015000 13.895101 -0.647401
v -0.070900 13.884001 -0.670701
v -0.098900 13.878401 -0.682401
v 0.137900 13.682800 -0.567701
v 0.116800 13.683901 -0.587801
v 0.074600 13.686200 -0.627801
v 0.053500 13.687301 -0.647901
v 0.313700 13.520000 -0.519001
v 0.289700 13.518500 -0.528901
v 0.239900 13.512000 -0.536601
v 0.215900 13.510401 -0.546201
v 0.406800 13.345600 -0.687401
v 0.376800 13.349100 -0.695001
v 0.316300 13.356100 -0.710601
v 0.285900 13.355101 -0.699901
v 0.195800 12.960900 -0.933001
v 0.164900 12.962400 -0.931401
v 0.103100 12.965301 -0.927201
v 0.072100 12.966801 -0.925701
v -0.055300 12.751000 -0.853001
v -0.082000 12.745601 -0.857501
v -0.135300 12.734800 -0.866501
v -0.162000 12.729401 -0.870901
v 0.292900 13.315600 -0.812601
v 0.324500 13.314200 -0.827601
v 0.388400 13.302100 -0.816001
v 0.420200 13.295800 -0.810401
v -0.212000 14.152301 -0.554801
v -0.190400 14.149100 -0.547101
v -0.147200 14.143001 -0.532301
v -0.125600 14.139900 -0.524601
v -0.160700 13.994400 -0.640801
v -0.132500 13.996800 -0.631301
v -0.076100 14.001500 -0.611501
v -0.047900 14.003700 -0.601601
v -0.003500 13.771501 -0.696101
v 0.017900 13.775300 -0.679801
v 0.061000 13.783000 -0.647101
v 0.082500 13.786800 -0.631901
v 0.140300 13.599300 -0.571001
v 0.161200 13.598101 -0.555401
v 0.203000 13.595800 -0.524201
v 0.223900 13.594601 -0.508601
v 0.256900 13.410701 -0.601501
v 0.283000 13.411401 -0.597201
v 0.337100 13.416800 -0.603001
v 0.363600 13.417300 -0.598101
v 0.155500 13.087900 -0.931401
v 0.189200 13.080701 -0.931101
v 0.256700 13.066300 -0.930601
v 0.289200 13.064000 -0.961501
v -0.041200 12.831700 -0.856501
v -0.014400 12.833600 -0.859401
v 0.044700 12.837200 -0.868801
v 0.071500 12.839101 -0.874001
v -0.201900 12.657901 -0.906701
v -0.180600 12.658300 -0.894701
v -0.138100 12.659201 -0.870601
v -0.116900 12.659801 -0.858801
v 0.352300 11.613800 -0.990001
v 0.342200 11.632900 -1.022101
v 0.336100 11.642100 -1.038001
v 0.074300 11.160900 -0.840301
v 0.074600 11.161800 -0.848501
v 0.074800 11.162200 -0.852601
v 0.226400 11.420800 -0.949801
v 0.229300 11.412801 -0.936301
v 0.235200 11.396900 -0.910301
v -0.065900 12.565600 -0.876801
v -0.059300 12.559300 -0.855301
v -0.046400 12.547300 -0.813701
v 0.003600 12.456500 -0.951001
v 0.013900 12.451600 -0.924801
v 0.034000 12.442500 -0.874301
v 0.109000 11.256801 -0.829101
v 0.108900 11.254200 -0.822401
v 0.108700 11.248900 -0.809101
v 0.082100 12.308701 -1.018001
v 0.091200 12.305401 -0.998501
v 0.109200 12.299400 -0.960801
v 0.137800 12.084101 -0.858201
v 0.141700 12.080900 -0.841301
v 0.149700 12.074400 -0.807401
v 0.284400 11.952400 -0.813601
v 0.289000 11.944301 -0.796301
v 0.298300 11.928500 -0.761901
v 0.358600 11.808701 -0.940801
v 0.364200 11.794701 -0.918301
v 0.374400 11.766900 -0.872701
v 0.284000 11.533100 -1.030901
v 0.288700 11.525101 -1.016501
v 0.296900 11.509100 -0.988701
v -0.033100 12.518201 -0.912301
v -0.025600 12.512900 -0.888501
v -0.011100 12.502701 -0.842401
v 0.158000 11.313400 -0.856601
v 0.159300 11.307800 -0.847401
v 0.162000 11.296500 -0.829301
v 0.047800 12.412601 -1.008901
v 0.056300 12.408601 -0.986601
v 0.072900 12.400701 -0.942401
v 0.100300 12.184300 -0.966301
v 0.103700 12.182100 -0.947101
v 0.110500 12.177700 -0.908701
v 0.088300 11.197801 -0.838901
v 0.087100 11.197001 -0.833401
v 0.084600 11.195400 -0.822501
v 0.206600 12.014100 -0.791601
v 0.211100 12.009300 -0.777201
v 0.220100 11.999600 -0.748201
v 0.329900 11.865801 -0.858601
v 0.336200 11.856700 -0.837801
v 0.348700 11.839101 -0.796201
v 0.366400 11.750900 -1.008501
v 0.369700 11.738200 -0.988101
v 0.375200 11.711500 -0.946501
v 0.446900 13.097800 -0.839101
v 0.435500 13.119400 -0.865901
v 0.429900 13.130000 -0.878301
v 0.235800 12.938601 -0.911001
v 0.240300 12.928400 -0.899201
v 0.249300 12.907600 -0.875601
v -0.124500 14.162500 -0.463901
v -0.121700 14.158601 -0.448201
v -0.116000 14.150701 -0.416701
v -0.062400 14.073400 -0.516901
v -0.055300 14.068400 -0.501901
v -0.041100 14.058400 -0.471901
v -0.015200 12.736900 -0.818801
v -0.008500 12.727201 -0.803901
v 0.011600 12.707701 -0.774901
v 0.052600 13.897301 -0.597601
v 0.058500 13.892900 -0.584501
v 0.070300 13.884200 -0.558401
v 0.168500 13.669400 -0.515001
v 0.173200 13.663200 -0.498701
v 0.182800 13.650901 -0.466001
v 0.344900 13.502601 -0.474801
v 0.348600 13.493300 -0.457601
v 0.355800 13.474601 -0.423301
v 0.461000 13.309300 -0.637901
v 0.472300 13.292900 -0.617701
v 0.491400 13.259501 -0.580701
v 0.336100 13.036800 -0.939701
v 0.342700 13.026900 -0.929401
v 0.355900 13.006901 -0.908801
v -0.091200 14.126101 -0.483801
v -0.084800 14.120800 -0.467301
v -0.072000 14.109900 -0.434301
v 0.107200 12.824500 -0.856001
v 0.111600 12.816300 -0.844401
v 0.120500 12.800000 -0.821101
v -0.006200 13.996000 -0.566601
v 0.000300 13.991301 -0.554601
v 0.013800 13.980600 -0.528601
v 0.112600 13.782201 -0.584001
v 0.116800 13.778200 -0.568101
v 0.125300 13.769800 -0.536201
v -0.070300 12.638801 -0.806901
v -0.057600 12.628201 -0.787101
v -0.032300 12.606900 -0.747501
v 0.254000 13.579801 -0.464301
v 0.258600 13.573000 -0.449901
v 0.267800 13.559401 -0.421201
v 0.404100 13.393001 -0.547101
v 0.410200 13.379900 -0.525201
v 0.420000 13.353400 -0.483601
v 0.478800 13.247701 -0.754901
v 0.491600 13.226701 -0.730501
v 0.513500 13.184000 -0.685201
v 0.222200 12.781600 -0.953301
v 0.181800 12.756001 -0.921101
v 0.161400 12.742901 -0.904601
v 0.126300 11.574901 -0.916701
v 0.092900 11.565600 -0.908001
v 0.076900 11.560901 -0.906001
v 0.167900 12.593301 -0.994801
v 0.143900 12.583700 -0.968401
v 0.131900 12.579000 -0.955201
v 0.027400 12.295000 -0.900601
v -0.015200 12.275400 -0.869201
v -0.033500 12.265600 -0.854401
v -0.126300 12.122500 -0.896601
v -0.165600 12.125900 -0.885601
v -0.185200 12.127601 -0.880101
v -0.178100 12.043301 -1.037301
v -0.208000 12.024800 -1.018101
v -0.223000 12.016001 -1.007701
v -0.082200 11.847700 -1.098501
v -0.112400 11.841600 -1.090801
v -0.127400 11.839701 -1.089301
v 0.177100 11.379001 -0.833701
v 0.154100 11.381600 -0.828901
v 0.142500 11.382401 -0.828201
v 0.087800 11.246100 -0.870601
v 0.069900 11.242300 -0.852701
v 0.060900 11.240400 -0.844301
v 0.029800 11.148900 -0.859601
v 0.021100 11.148200 -0.851901
v 0.016800 11.147901 -0.848101
v 0.017900 11.666800 -1.008301
v 0.023900 11.677200 -1.013901
v 0.035700 11.699700 -1.027701
v 0.159300 12.703300 -0.948901
v 0.177500 12.711801 -0.962201
v 0.213800 12.729200 -0.989301
v 0.065100 12.410300 -0.919501
v 0.073900 12.418000 -0.942001
v 0.091800 12.432900 -0.985901
v -0.123800 12.194800 -0.853201
v -0.103500 12.196301 -0.862801
v -0.063100 12.199400 -0.880801
v -0.214900 12.067201 -0.939301
v -0.197900 12.071000 -0.946001
v -0.163900 12.078401 -0.959301
v -0.206400 11.954301 -1.063501
v -0.193600 11.961600 -1.072301
v -0.168100 11.978001 -1.088301
v 0.126000 11.468201 -0.853701
v 0.140300 11.469601 -0.853801
v 0.169400 11.471601 -0.858701
v 0.113900 11.311400 -0.831701
v 0.124100 11.314800 -0.837801
v 0.144600 11.321100 -0.852501
v 0.016600 11.179701 -0.845901
v 0.025700 11.180800 -0.850301
v 0.043900 11.183300 -0.859001
v 0.311600 14.178801 -0.442501
v 0.281800 14.186001 -0.451101
v 0.265600 14.183801 -0.448301
v 0.078900 13.096400 -0.805201
v 0.032400 13.089101 -0.808301
v 0.009300 13.085401 -0.810401
v 0.201100 14.031100 -0.442601
v 0.176900 14.051001 -0.541501
v 0.164100 14.053201 -0.529701
v 0.015800 13.866301 -0.580201
v -0.033800 13.865101 -0.498701
v -0.055800 13.859301 -0.487301
v -0.231900 13.700601 -0.609401
v -0.193800 13.707801 -0.559301
v -0.216300 13.709600 -0.553101
v -0.217600 13.606200 -0.774301
v -0.273400 13.579301 -0.751801
v -0.301700 13.568400 -0.756501
v -0.121400 13.389900 -0.874401
v -0.169200 13.380301 -0.871101
v -0.192700 13.375501 -0.870501
v 0.195600 12.895101 -0.786401
v 0.149300 12.896501 -0.785201
v 0.126100 12.897000 -0.784001
v 0.232900 12.830100 -0.882001
v 0.181500 12.814401 -0.861901
v 0.155600 12.806500 -0.851701
v -0.051300 13.201000 -0.862701
v -0.041400 13.211700 -0.862201
v -0.021600 13.232901 -0.860001
v 0.227500 14.130000 -0.491501
v 0.241900 14.133101 -0.500201
v 0.275600 14.123800 -0.461201
v 0.063000 13.966001 -0.515201
v 0.081200 13.962601 -0.534501
v 0.102800 13.953401 -0.476501
v -0.154600 13.791901 -0.508601
v -0.130700 13.791800 -0.518501
v -0.081700 13.788700 -0.687201
v -0.254400 13.636300 -0.641401
v -0.234400 13.640700 -0.646801
v -0.211900 13.648300 -0.700101
v -0.293300 13.492101 -0.825301
v -0.268400 13.506201 -0.830501
v -0.215200 13.532001 -0.836101
v 0.072200 12.982100 -0.789801
v 0.094700 12.982000 -0.787901
v 0.139700 12.981400 -0.784101
v 0.148800 12.846001 -0.814801
v 0.173600 12.853200 -0.822901
v 0.223000 12.867600 -0.838801
v 0.153100 12.776700 -0.878201
v 0.178800 12.786901 -0.892001
v 0.230200 12.807301 -0.919601
v 0.071500 11.144000 -0.850901
v 0.068900 11.144900 -0.854301
v 0.063700 11.146701 -0.861101
v 0.061100 11.147500 -0.864501
v 0.172700 11.251700 -0.831401
v 0.172700 11.255000 -0.840501
v 0.172700 11.261600 -0.858901
v 0.172700 11.264900 -0.868001
v 0.467700 12.652201 -0.910201
v 0.454300 12.670800 -0.928101
v 0.427600 12.707900 -0.959501
v 0.414300 12.726400 -0.974801
v 0.079000 11.791101 -0.942201
v 0.071800 11.795100 -0.957601
v 0.057500 11.803000 -0.988301
v 0.050300 11.807100 -1.003601
v 0.342200 12.527700 -1.040801
v 0.355100 12.512600 -1.022101
v 0.380900 12.482600 -0.984701
v 0.393900 12.467501 -0.966001
v 0.168800 12.285100 -0.965401
v 0.172700 12.281800 -0.952701
v 0.180300 12.275300 -0.927301
v 0.184000 12.272100 -0.914601
v 0.241800 11.587601 -0.861301
v 0.246400 11.587800 -0.853701
v 0.255300 11.587800 -0.839601
v 0.259700 11.587800 -0.832001
v -0.003700 12.112400 -0.867601
v 0.006500 12.104800 -0.852201
v 0.016900 12.089900 -0.822101
v 0.022100 12.082400 -0.807101
v -0.055900 11.989500 -0.951001
v -0.046900 11.981700 -0.934201
v -0.028800 11.966001 -0.900701
v -0.019800 11.958200 -0.883901
v 0.295900 11.461301 -0.882201
v 0.301200 11.458800 -0.871901
v 0.311900 11.453601 -0.851401
v 0.317500 11.451000 -0.841001
v 0.095500 11.186400 -0.860401
v 0.098200 11.185101 -0.855501
v 0.103500 11.182401 -0.845601
v 0.106200 11.181101 -0.840601
v 0.399500 12.652301 -1.015801
v 0.412300 12.633301 -0.994201
v 0.438000 12.595301 -0.950901
v 0.450800 12.576200 -0.929201
v 0.239900 12.359301 -0.982801
v 0.247600 12.353900 -0.968301
v 0.259500 12.346101 -0.989301
v 0.267100 12.340700 -0.974501
v 0.150200 11.688500 -0.930001
v 0.156000 11.687800 -0.918801
v 0.167100 11.686200 -0.897501
v 0.172500 11.685400 -0.886301
v 0.072100 12.204901 -0.891201
v 0.074500 12.197001 -0.875601
v 0.079200 12.181101 -0.845501
v 0.081600 12.173201 -0.829801
v -0.053400 12.032001 -0.876301
v -0.044400 12.025701 -0.863201
v -0.026300 12.013201 -0.837101
v -0.017300 12.006901 -0.824001
v 0.288500 11.511400 -0.869901
v 0.291600 11.511200 -0.862201
v 0.297800 11.510600 -0.847301
v 0.300900 11.510401 -0.839601
v -0.038000 11.916201 -0.995901
v -0.028200 11.908200 -0.978401
v -0.008600 11.892401 -0.943201
v 0.004900 11.884501 -0.925701
v 0.263300 11.369700 -0.870901
v 0.270500 11.367901 -0.879901
v 0.283700 11.361401 -0.853501
v 0.290300 11.358101 -0.840501
v 0.443300 12.776501 -0.827501
v 0.430000 12.788200 -0.839301
v 0.403500 12.811701 -0.863001
v 0.390300 12.823601 -0.874801
v 0.447400 14.139900 -0.378901
v 0.441500 14.144800 -0.395001
v 0.429600 14.154800 -0.427101
v 0.421200 14.157001 -0.438301
v 0.075700 13.328700 -0.724201
v 0.068100 13.334500 -0.739201
v 0.052900 13.345700 -0.768001
v 0.045200 13.351601 -0.783101
v 0.350000 13.977000 -0.535101
v 0.366600 13.972900 -0.516301
v 0.399700 13.964701 -0.478901
v 0.416200 13.960501 -0.460201
v 0.183000 13.825900 -0.577301
v 0.187700 13.824500 -0.564401
v 0.196900 13.822001 -0.538501
v 0.201600 13.820701 -0.525601
v 0.242800 13.086301 -0.714301
v 0.250200 13.085000 -0.703501
v 0.265300 13.082200 -0.681501
v 0.273100 13.080900 -0.670401
v -0.001000 13.689700 -0.536701
v 0.005600 13.681601 -0.521901
v 0.019000 13.665501 -0.492401
v 0.025700 13.657500 -0.477601
v -0.039100 13.559300 -0.664601
v -0.030800 13.548600 -0.648201
v -0.014800 13.527600 -0.616101
v -0.007000 13.517200 -0.600401
v 0.349000 12.922300 -0.779301
v 0.357100 12.916201 -0.761801
v 0.373500 12.903800 -0.726401
v 0.381700 12.897600 -0.708901
v 0.407200 12.775400 -0.932901
v 0.422300 12.759300 -0.920201
v 0.452500 12.727301 -0.894601
v 0.467700 12.711400 -0.881801
v 0.410200 14.092800 -0.477701
v 0.420900 14.084300 -0.459901
v 0.443000 14.068001 -0.425701
v 0.453500 14.059401 -0.407601
v 0.258700 13.876600 -0.572301
v 0.269900 13.877300 -0.555201
v 0.294300 13.879900 -0.525701
v 0.305500 13.880200 -0.508501
v 0.129600 13.208800 -0.753101
v 0.137900 13.206401 -0.739801
v 0.154500 13.201800 -0.713001
v 0.162800 13.199500 -0.699601
v 0.075000 13.781800 -0.529101
v 0.078400 13.774700 -0.514601
v 0.085100 13.760401 -0.485701
v 0.088500 13.753201 -0.471201
v -0.056500 13.597900 -0.571001
v -0.045400 13.590501 -0.558001
v -0.023200 13.576200 -0.532001
v -0.012200 13.568800 -0.518701
v 0.301800 12.991000 -0.758701
v 0.308300 12.989301 -0.742001
v 0.321200 12.985901 -0.708601
v 0.327700 12.984200 -0.691901
v -0.010400 13.485801 -0.736201
v -0.001700 13.474800 -0.719501
v 0.015700 13.452801 -0.687201
v 0.023800 13.442201 -0.671601
v 0.384700 12.874400 -0.815201
v 0.392900 12.863200 -0.799301
v 0.409200 12.840800 -0.767401
v 0.417300 12.829600 -0.751401
v 0.027600 12.571900 -0.944101
v 0.014200 12.568900 -0.939601
v -0.019400 12.563001 -0.932101
v -0.032700 12.560101 -0.928901
v -0.059400 12.554200 -0.922101
v -0.115400 11.583301 -0.953701
v -0.129700 11.584901 -0.953201
v -0.158200 11.587601 -0.949701
v -0.172300 11.589200 -0.949201
v -0.200100 11.592300 -0.948201
v 0.111100 12.435101 -0.851301
v 0.096300 12.435801 -0.854701
v 0.066900 12.437301 -0.861501
v 0.051900 12.438300 -0.865601
v 0.021600 12.440500 -0.874801
v 0.232100 12.281700 -0.844601
v 0.214600 12.276200 -0.837401
v 0.179800 12.265000 -0.823201
v 0.162500 12.259300 -0.816101
v 0.128500 12.247900 -0.799801
v 0.211600 12.172001 -1.042001
v 0.199300 12.168500 -1.033901
v 0.174600 12.161500 -1.017801
v 0.162200 12.158000 -1.009701
v 0.137400 12.151000 -0.993601
v 0.099800 11.926801 -1.028301
v 0.086400 11.927200 -1.015501
v 0.059700 11.928301 -0.989201
v 0.046400 11.928700 -0.976401
v 0.019700 11.929800 -0.950101
v -0.056100 11.771400 -0.901501
v -0.072200 11.770000 -0.897101
v -0.104200 11.767301 -0.891301
v -0.120400 11.766001 -0.887401
v -0.153000 11.762900 -0.879601
v -0.082700 11.412001 -0.972801
v -0.095400 11.410900 -0.969001
v -0.120900 11.408800 -0.960901
v -0.133700 11.407701 -0.957201
v -0.159400 11.405601 -0.949101
v 0.020400 11.219601 -0.914901
v 0.010700 11.219300 -0.912501
v -0.008700 11.218700 -0.908001
v -0.018400 11.218400 -0.906101
v -0.037800 11.217800 -0.902301
v 0.049800 11.136300 -0.865501
v 0.046600 11.136101 -0.865001
v 0.040200 11.135600 -0.863901
v 0.037000 11.135401 -0.863401
v 0.030600 11.135000 -0.862301
v -0.194800 11.693400 -0.916601
v -0.163800 11.691501 -0.920001
v -0.148000 11.690901 -0.925301
v -0.116600 11.689000 -0.928701
v -0.101000 11.688101 -0.930601
v -0.032100 12.506600 -0.901901
v -0.005700 12.509200 -0.899501
v 0.014100 12.510600 -0.899301
v 0.040400 12.513400 -0.899501
v 0.053400 12.514900 -0.899801
v 0.094400 12.329000 -0.796001
v 0.121500 12.332701 -0.799701
v 0.134500 12.334701 -0.804901
v 0.161600 12.338401 -0.808601
v 0.175100 12.340401 -0.810501
v 0.144600 12.208301 -0.892301
v 0.174300 12.221900 -0.905501
v 0.189200 12.228701 -0.912001
v 0.219000 12.242300 -0.925201
v 0.233800 12.249201 -0.931801
v 0.064400 12.025701 -1.001201
v 0.090600 12.028800 -1.026101
v 0.103900 12.030400 -1.038201
v 0.130600 12.033300 -1.062901
v 0.144100 12.034901 -1.074901
v -0.062800 11.848300 -0.904501
v -0.031200 11.848101 -0.916601
v -0.015500 11.848001 -0.922701
v 0.019500 11.847700 -0.935301
v 0.035300 11.847600 -0.941801
v -0.191000 11.499001 -0.953201
v -0.163800 11.499101 -0.958101
v -0.150100 11.499101 -0.960301
v -0.122500 11.499201 -0.965401
v -0.108800 11.499300 -0.967601
v -0.091500 11.308001 -0.929001
v -0.071100 11.307900 -0.935501
v -0.060900 11.307900 -0.938501
v -0.040600 11.307800 -0.945001
v -0.030400 11.307800 -0.948201
v 0.004900 11.163200 -0.880501
v 0.015900 11.164300 -0.880101
v 0.021400 11.164801 -0.880001
v 0.032400 11.165900 -0.879601
v 0.037900 11.166500 -0.879501
v -0.006300 14.170800 -0.437201
v -0.018400 14.168600 -0.438001
v -0.042600 14.164600 -0.439601
v -0.054800 14.162500 -0.440401
v -0.078900 14.158401 -0.442401
v -0.228600 13.125700 -0.862101
v -0.248300 13.124300 -0.860001
v -0.287800 13.121901 -0.855901
v -0.306900 13.125700 -0.881401
v -0.346600 13.123000 -0.876801
v 0.082600 14.045601 -0.448801
v 0.066400 14.045300 -0.452701
v 0.034000 14.044400 -0.460501
v 0.017800 14.043900 -0.464301
v -0.014400 14.043200 -0.472201
v 0.261600 13.856900 -0.441801
v 0.237900 13.858500 -0.444601
v 0.190400 13.861700 -0.450301
v 0.166700 13.863200 -0.453101
v 0.119200 13.866800 -0.457601
v 0.219700 13.765301 -0.678301
v 0.206100 13.760301 -0.672701
v 0.179100 13.750300 -0.661401
v 0.165800 13.745400 -0.655701
v 0.139500 13.735500 -0.645701
v 0.052700 13.511600 -0.798601
v 0.041200 13.507900 -0.784101
v 0.017700 13.500700 -0.755801
v 0.005900 13.497300 -0.741801
v -0.018400 13.490101 -0.714401
v -0.128500 13.300401 -0.721501
v -0.146700 13.297601 -0.715701
v -0.182800 13.291400 -0.701801
v -0.200600 13.288301 -0.695601
v -0.235900 13.282001 -0.682701
v -0.174100 12.962100 -0.971301
v -0.193100 12.956600 -0.968201
v -0.230100 12.945701 -0.960001
v -0.248800 12.940201 -0.956201
v -0.284000 12.933901 -0.987101
v -0.064400 12.724000 -0.993201
v -0.078000 12.724401 -0.988801
v -0.105200 12.725000 -0.980101
v -0.118800 12.725400 -0.975801
v -0.146000 12.726200 -0.967001
v -0.316100 13.216201 -0.779301
v -0.279700 13.211101 -0.763001
v -0.261300 13.211201 -0.766301
v -0.224400 13.211400 -0.772701
v -0.205900 13.211301 -0.775801
v -0.060200 14.115001 -0.467801
v -0.030400 14.118800 -0.467701
v -0.015500 14.120701 -0.467701
v 0.014200 14.124600 -0.467801
v 0.029200 14.126500 -0.467801
v 0.055200 13.946600 -0.457101
v 0.093400 13.941100 -0.440901
v 0.112500 13.938400 -0.432801
v 0.150700 13.933300 -0.416601
v 0.169800 13.930600 -0.408501
v 0.156400 13.813300 -0.539701
v 0.195800 13.814501 -0.538401
v 0.215500 13.815201 -0.537701
v 0.254800 13.816501 -0.536401
v 0.274500 13.817101 -0.535701
v 0.054800 13.606100 -0.708301
v 0.076400 13.617400 -0.733101
v 0.087200 13.623000 -0.745201
v 0.109400 13.634300 -0.769501
v 0.120800 13.640100 -0.781601
v -0.119600 13.388700 -0.692301
v -0.090100 13.393300 -0.714401
v -0.075100 13.395400 -0.725201
v -0.045000 13.399600 -0.746401
v -0.029900 13.401601 -0.757001
v -0.338700 13.027700 -0.967301
v -0.294500 13.037300 -0.961101
v -0.273700 13.037400 -0.924201
v -0.231200 13.046400 -0.921901
v -0.211300 13.050401 -0.924701
v -0.205700 12.832200 -0.971901
v -0.177700 12.836600 -0.978101
v -0.163700 12.838700 -0.981201
v -0.135800 12.843201 -0.987401
v -0.121800 12.845401 -0.990501
v -0.092600 12.645901 -0.951901
v -0.065300 12.643600 -0.959001
v -0.051700 12.642501 -0.962601
v -0.024400 12.640201 -0.969601
v -0.010700 12.639100 -0.973101
v -0.217000 12.580001 -0.957701
v -0.230600 12.575801 -0.952301
v -0.257700 12.567500 -0.941301
v -0.267600 12.567400 -0.987501
v -0.295100 12.559200 -0.975201
v 0.173600 11.674500 -1.055101
v 0.160300 11.671101 -1.051901
v 0.133700 11.665000 -1.040701
v 0.120500 11.661201 -1.033901
v 0.094300 11.654100 -1.021401
v -0.190700 12.472600 -1.072501
v -0.205100 12.466600 -1.064301
v -0.234000 12.453900 -1.042901
v -0.248200 12.447400 -1.031601
v -0.273200 12.437600 -1.058501
v -0.091200 12.300200 -1.133901
v -0.109000 12.296101 -1.128801
v -0.143300 12.287200 -1.118601
v -0.160200 12.282400 -1.111001
v -0.193400 12.272201 -1.094101
v 0.033800 12.075900 -1.024901
v 0.021100 12.071501 -1.025301
v -0.009000 12.062901 -1.026101
v -0.021600 12.058500 -1.026801
v -0.046900 12.049801 -1.028201
v 0.138200 11.936800 -0.853901
v 0.125100 11.931900 -0.854701
v 0.098900 11.922001 -0.859801
v 0.085800 11.917100 -0.862601
v 0.059600 11.907500 -0.868201
v 0.210600 11.824000 -0.950101
v 0.197500 11.821301 -0.949201
v 0.171500 11.815801 -0.947401
v 0.158500 11.813001 -0.946501
v 0.132700 11.807600 -0.944701
v 0.097100 11.431500 -0.934501
v 0.088100 11.431101 -0.924301
v 0.070000 11.429800 -0.908301
v 0.060900 11.429400 -0.898001
v 0.042800 11.428101 -0.879501
v 0.023400 11.237801 -0.833201
v 0.012400 11.240500 -0.831001
v -0.009700 11.245601 -0.827901
v -0.020600 11.248200 -0.826501
v -0.042600 11.253500 -0.823601
v 0.042200 11.158300 -0.866901
v 0.039800 11.158100 -0.865601
v 0.034800 11.157600 -0.863101
v 0.032300 11.157400 -0.861901
v 0.027300 11.157001 -0.859401
v 0.134400 11.758801 -1.016101
v 0.159400 11.769900 -1.024101
v 0.171700 11.775901 -1.028101
v 0.196000 11.786201 -1.035201
v 0.208100 11.792100 -1.039101
v -0.287800 12.503500 -1.021501
v -0.260500 12.512900 -1.039601
v -0.250500 12.513700 -0.996701
v -0.223100 12.522901 -1.013301
v -0.209700 12.527301 -1.020101
v -0.247600 12.360901 -1.064801
v -0.214200 12.377300 -1.088401
v -0.197200 12.385100 -1.099401
v -0.162700 12.399900 -1.116001
v -0.144500 12.406700 -1.123101
v -0.108100 12.143400 -1.077801
v -0.081700 12.149501 -1.084201
v -0.068400 12.152500 -1.087201
v -0.041800 12.158300 -1.092901
v -0.028500 12.161401 -1.095101
v 0.005900 11.976100 -0.926401
v 0.030800 11.984200 -0.919301
v 0.043300 11.988200 -0.915901
v 0.068200 11.996201 -0.909201
v 0.080700 12.000300 -0.905801
v 0.099400 11.841600 -0.875501
v 0.125600 11.848500 -0.873201
v 0.138600 11.852000 -0.874801
v 0.164800 11.859401 -0.872601
v 0.177900 11.863001 -0.871401
v 0.078000 11.544801 -0.972901
v 0.098600 11.549300 -0.988201
v 0.109000 11.551801 -0.996901
v 0.130300 11.556001 -1.010001
v 0.141100 11.558101 -1.016601
v -0.036900 11.305100 -0.807901
v -0.010400 11.307800 -0.822401
v 0.003200 11.309000 -0.829701
v 0.029700 11.312100 -0.844401
v 0.042900 11.313400 -0.853001
v 0.004200 11.190400 -0.849501
v 0.012100 11.189000 -0.853401
v 0.016000 11.188300 -0.855301
v 0.023900 11.186800 -0.859201
v 0.027900 11.186100 -0.861101
v -0.260900 14.190201 -0.517401
v -0.275700 14.188801 -0.519901
v -0.302700 14.184401 -0.521001
v -0.316200 14.182301 -0.521501
v -0.341400 14.175900 -0.518901
v 0.181100 13.197901 -0.893001
v 0.159600 13.195900 -0.889701
v 0.116700 13.192101 -0.883201
v 0.095200 13.190201 -0.879901
v 0.052200 13.186300 -0.873301
v -0.228900 14.086400 -0.594401
v -0.245400 14.082601 -0.591101
v -0.278200 14.074800 -0.584401
v -0.296300 14.072300 -0.584501
v -0.328900 14.063900 -0.577301
v -0.147900 13.868200 -0.693901
v -0.168900 13.863601 -0.692201
v -0.210900 13.854401 -0.688801
v -0.231800 13.850101 -0.686401
v -0.273800 13.840800 -0.683601
v 0.018800 13.683500 -0.668401
v 0.005100 13.678700 -0.669401
v -0.022200 13.668700 -0.671101
v -0.035800 13.663600 -0.672401
v -0.063600 13.654000 -0.675001
v 0.174600 13.506001 -0.560501
v 0.157300 13.502900 -0.563801
v 0.122600 13.497200 -0.573201
v 0.105300 13.494301 -0.577901
v 0.070500 13.488601 -0.587301
v 0.239000 13.356501 -0.708401
v 0.221700 13.353801 -0.708301
v 0.188000 13.349200 -0.709801
v 0.171400 13.347000 -0.710401
v 0.138000 13.343000 -0.714201
v 0.028100 12.965200 -0.914001
v 0.015000 12.962100 -0.903001
v -0.015500 12.955800 -0.882201
v -0.028600 12.952801 -0.872401
v -0.054900 12.946401 -0.852701
v -0.200100 12.722200 -0.869301
v -0.211600 12.720700 -0.863401
v -0.234500 12.717200 -0.851101
v -0.245900 12.715600 -0.844901
v -0.268700 12.712100 -0.832301
v 0.124800 13.288600 -0.811401
v 0.164200 13.298000 -0.811401
v 0.183900 13.302700 -0.812301
v 0.223300 13.312401 -0.814101
v 0.243000 13.317301 -0.815001
v -0.340600 14.134400 -0.546501
v -0.311200 14.141701 -0.553401
v -0.295700 14.144501 -0.555301
v -0.263800 14.149200 -0.557301
v -0.248700 14.152400 -0.560001
v -0.311700 13.965700 -0.632201
v -0.275500 13.972100 -0.634501
v -0.258200 13.976100 -0.637801
v -0.223500 13.983900 -0.643801
v -0.206200 13.987901 -0.647001
v -0.173100 13.730300 -0.712701
v -0.130300 13.740400 -0.712501
v -0.109100 13.745701 -0.712301
v -0.067100 13.756600 -0.712401
v -0.046100 13.762100 -0.711801
v 0.004900 13.585300 -0.623101
v 0.037600 13.589601 -0.612601
v 0.054000 13.591801 -0.607501
v 0.086700 13.596101 -0.597001
v 0.103000 13.598300 -0.591801
v 0.109800 13.394300 -0.622501
v 0.144400 13.398601 -0.616901
v 0.161500 13.401300 -0.617201
v 0.196100 13.405701 -0.611501
v 0.213500 13.408000 -0.608601
v 0.013400 13.080701 -0.891101
v 0.044300 13.084801 -0.901801
v 0.059800 13.086801 -0.907601
v 0.090800 13.090800 -0.919201
v 0.106300 13.092800 -0.925001
v -0.176800 12.784101 -0.790501
v -0.145800 12.797200 -0.808601
v -0.130300 12.803801 -0.817601
v -0.099000 12.816800 -0.835701
v -0.083500 12.823400 -0.844701
v -0.309700 12.646100 -0.930401
v -0.283700 12.650400 -0.943201
v -0.270700 12.652700 -0.949301
v -0.249000 12.653001 -0.907801
v -0.236100 12.655200 -0.913301
v 0.072600 11.733101 -0.887701
v 0.071200 11.736100 -0.890201
v 0.069500 11.739100 -0.894401
v 0.067800 11.742300 -0.898501
v 0.064400 11.748600 -0.906901
v 0.062800 11.751901 -0.911001
v 0.163800 12.595201 -0.839301
v 0.168100 12.598201 -0.827001
v 0.176900 12.604100 -0.802301
v 0.181300 12.607000 -0.790001
v 0.185700 12.609900 -0.777701
v 0.190000 12.613001 -0.765401
v 0.025500 11.546901 -0.885901
v 0.028400 11.545501 -0.879501
v 0.034200 11.542701 -0.866001
v 0.037100 11.541201 -0.859501
v 0.039900 11.540000 -0.853201
v 0.042800 11.538501 -0.846801
v 0.268100 12.451401 -0.818101
v 0.272300 12.452901 -0.807401
v 0.280700 12.455900 -0.786201
v 0.284900 12.457400 -0.775501
v 0.289100 12.458800 -0.765001
v 0.293400 12.460401 -0.754401
v 0.394300 12.315400 -0.857401
v 0.397500 12.309000 -0.845801
v 0.404000 12.296101 -0.822501
v 0.407200 12.289600 -0.810901
v 0.410500 12.283100 -0.799301
v 0.413800 12.276700 -0.787701
v 0.037300 11.404700 -0.948101
v 0.040900 11.403300 -0.940201
v 0.048000 11.400500 -0.924901
v 0.051600 11.399200 -0.917001
v 0.055100 11.397800 -0.909401
v 0.058700 11.396400 -0.901501
v 0.349600 12.142301 -1.061401
v 0.356200 12.127300 -1.041501
v 0.368200 12.097301 -1.002701
v 0.373800 12.082601 -0.983301
v 0.379200 12.068001 -0.964101
v 0.384600 12.053400 -0.944801
v 0.215100 11.909700 -1.082901
v 0.219200 11.906301 -1.075001
v 0.227500 11.899401 -1.059101
v 0.231700 11.896001 -1.051201
v 0.235600 11.892501 -1.041301
v 0.239700 11.889200 -1.033501
v 0.098300 11.226501 -0.864601
v 0.100300 11.226800 -0.858201
v 0.104500 11.227500 -0.845601
v 0.106600 11.227800 -0.839301
v 0.108600 11.228101 -0.833001
v 0.110700 11.228500 -0.826701
v 0.010800 11.659201 -0.896901
v 0.013300 11.656900 -0.890901
v 0.018400 11.652600 -0.878901
v 0.020900 11.650300 -0.872901
v 0.023400 11.648101 -0.866901
v 0.025900 11.645901 -0.860801
v 0.191500 12.524700 -0.797001
v 0.197600 12.526800 -0.786001
v 0.209700 12.531000 -0.764101
v 0.215700 12.533100 -0.753201
v 0.221800 12.535200 -0.742301
v 0.227800 12.537400 -0.731301
v 0.347100 12.375700 -0.819401
v 0.350000 12.371700 -0.807501
v 0.355800 12.363400 -0.785501
v 0.358700 12.359301 -0.773601
v 0.361600 12.355201 -0.761701
v 0.364500 12.351100 -0.749901
v 0.032100 11.472800 -0.912501
v 0.035900 11.471400 -0.905501
v 0.043300 11.468500 -0.890901
v 0.047100 11.467100 -0.884001
v 0.050800 11.465700 -0.876601
v 0.054500 11.464200 -0.869601
v 0.378500 12.238800 -0.942401
v 0.384300 12.226601 -0.926401
v 0.395500 12.202101 -0.894401
v 0.401000 12.189900 -0.878501
v 0.406500 12.177700 -0.862601
v 0.411900 12.165601 -0.846701
v 0.275200 12.018701 -1.118701
v 0.280800 12.011400 -1.103601
v 0.291800 11.996901 -1.073501
v 0.297100 11.989800 -1.058301
v 0.302400 11.982700 -1.043301
v 0.307500 11.975700 -1.028101
v 0.071700 11.308901 -0.916301
v 0.076100 11.308901 -0.908001
v 0.084900 11.309000 -0.891901
v 0.089300 11.309000 -0.883701
v 0.093600 11.309000 -0.875701
v 0.098000 11.309100 -0.867501
v 0.148500 11.814800 -1.005101
v 0.150900 11.812100 -0.999701
v 0.155700 11.806900 -0.989001
v 0.158100 11.804300 -0.983601
v 0.160600 11.801801 -0.978201
v 0.163000 11.799300 -0.972801
v 0.085200 11.167300 -0.849001
v 0.087000 11.167001 -0.845501
v 0.090700 11.166400 -0.838301
v 0.092500 11.166101 -0.834701
v 0.094300 11.165700 -0.831201
v 0.096100 11.165401 -0.827601
v 0.030800 13.257100 -0.702601
v 0.027100 13.261600 -0.708301
v 0.023300 13.266101 -0.714001
v 0.019500 13.270600 -0.719701
v 0.011900 13.279500 -0.731101
v 0.008100 13.284000 -0.736801
v 0.122200 14.147000 -0.375601
v 0.122900 14.145000 -0.366201
v 0.124400 14.141001 -0.347401
v 0.125200 14.139001 -0.338001
v 0.125900 14.137000 -0.328601
v 0.126700 14.135000 -0.319201
v -0.037700 13.089900 -0.795901
v -0.036300 13.085700 -0.787801
v -0.033600 13.077101 -0.771401
v -0.032300 13.072901 -0.763301
v -0.030900 13.068701 -0.755101
v -0.029600 13.064501 -0.747001
v 0.264600 13.992300 -0.342001
v 0.268500 13.988601 -0.333201
v 0.276200 13.981200 -0.315801
v 0.280100 13.977500 -0.307001
v 0.284000 13.973801 -0.298301
v 0.287800 13.970100 -0.289601
v 0.425100 13.835200 -0.415601
v 0.427000 13.829500 -0.411201
v 0.430400 13.817600 -0.401801
v 0.432200 13.811800 -0.397301
v 0.434000 13.806001 -0.392901
v 0.435800 13.800200 -0.388501
v -0.009400 12.968801 -0.941001
v -0.005800 12.966101 -0.932501
v 0.005900 12.960601 -0.915701
v 0.009600 12.957900 -0.907501
v 0.013300 12.955200 -0.899301
v 0.017000 12.952500 -0.891101
v 0.436100 13.733300 -0.647701
v 0.443200 13.728001 -0.638801
v 0.457700 13.717501 -0.621001
v 0.465100 13.712200 -0.612201
v 0.472700 13.707200 -0.603301
v 0.480300 13.701900 -0.594401
v 0.227600 13.475901 -0.818801
v 0.237900 13.469800 -0.810801
v 0.257900 13.457300 -0.794901
v 0.267700 13.450900 -0.786901
v 0.277200 13.444401 -0.778901
v 0.286500 13.437901 -0.770901
v 0.110600 12.738200 -0.925901
v 0.115000 12.739600 -0.913301
v 0.124000 12.742300 -0.888201
v 0.128500 12.743700 -0.875601
v 0.132900 12.745200 -0.863101
v 0.137400 12.746500 -0.850501
v -0.059900 13.182700 -0.749601
v -0.057500 13.178901 -0.743001
v -0.052600 13.171600 -0.729701
v -0.050200 13.167900 -0.723001
v -0.047800 13.164201 -0.716301
v -0.045400 13.160501 -0.709701
v 0.182200 14.091701 -0.363501
v 0.185500 14.088401 -0.352001
v 0.192000 14.081800 -0.329101
v 0.195300 14.078501 -0.317701
v 0.198500 14.075100 -0.306201
v 0.201800 14.071800 -0.294801
v 0.362100 13.879101 -0.367901
v 0.364100 13.875000 -0.363201
v 0.368300 13.866800 -0.353701
v 0.370400 13.862801 -0.349001
v 0.372500 13.858701 -0.344301
v 0.374600 13.854600 -0.339501
v -0.014200 13.036000 -0.867701
v -0.011900 13.031800 -0.858901
v -0.007100 13.023400 -0.841401
v -0.004800 13.019300 -0.832601
v -0.002400 13.015100 -0.823801
v 0.003600 13.011001 -0.815201
v 0.462800 13.798201 -0.501801
v 0.464500 13.792701 -0.496001
v 0.468000 13.781800 -0.484301
v 0.469800 13.776300 -0.478501
v 0.471400 13.770201 -0.471901
v 0.473100 13.764601 -0.466101
v 0.347600 13.611900 -0.779701
v 0.359200 13.606700 -0.770801
v 0.385000 13.595700 -0.753401
v 0.404800 13.589801 -0.745301
v 0.426700 13.583600 -0.737301
v 0.447800 13.577400 -0.729301
v 0.032700 12.842800 -0.950901
v 0.038300 12.842200 -0.940601
v 0.049600 12.840900 -0.920101
v 0.055200 12.840200 -0.909801
v 0.060800 12.839500 -0.899501
v 0.066400 12.838800 -0.889201
v 0.128500 13.362301 -0.797501
v 0.134300 13.357800 -0.790201
v 0.145900 13.349000 -0.775701
v 0.151800 13.344001 -0.765901
v 0.157600 13.339400 -0.758701
v 0.163400 13.335000 -0.751501
v 0.153700 12.664801 -0.882801
v 0.157000 12.664701 -0.868601
v 0.163400 12.664701 -0.840101
v 0.166600 12.664701 -0.825901
v 0.169900 12.664701 -0.811701
v 0.173100 12.664600 -0.797401
v -0.015000 12.424500 -0.759201
v -0.007500 12.427401 -0.740801
v 0.006300 12.430600 -0.722901
v 0.021400 12.436601 -0.687301
v 0.028900 12.439600 -0.669601
v -0.235400 11.513301 -0.818301
v -0.227300 11.499701 -0.802401
v -0.218600 11.485500 -0.787801
v -0.200100 11.458200 -0.757701
v -0.190500 11.444500 -0.742801
v -0.186700 11.720201 -0.762101
v -0.179200 11.715200 -0.751301
v -0.171700 11.709901 -0.740701
v -0.156400 11.699301 -0.719401
v -0.148700 11.694000 -0.708801
v -0.030700 11.909600 -0.837401
v -0.025800 11.904901 -0.827701
v -0.020800 11.900101 -0.817901
v -0.010900 11.890700 -0.798301
v -0.006000 11.885900 -0.788501
v 0.115500 12.081500 -0.849201
v 0.120400 12.070701 -0.833601
v 0.125300 12.060000 -0.818101
v 0.135200 12.038600 -0.787001
v 0.140100 12.027801 -0.771401
v -0.060800 12.560801 -0.699401
v -0.066600 12.559401 -0.712501
v -0.078100 12.556500 -0.738601
v -0.083900 12.554900 -0.751701
v -0.089600 12.553500 -0.764801
v 0.086400 12.213800 -0.651201
v 0.083600 12.212501 -0.664401
v 0.077800 12.209801 -0.690701
v 0.075000 12.208401 -0.703901
v 0.072100 12.207101 -0.717101
v -0.150500 11.366200 -0.812001
v -0.158200 11.371201 -0.824101
v -0.173400 11.381400 -0.847901
v -0.180900 11.386500 -0.860101
v -0.188200 11.391601 -0.871901
v -0.005500 11.202500 -0.814801
v -0.010400 11.202300 -0.819501
v -0.020200 11.201800 -0.828401
v -0.025100 11.201501 -0.832901
v -0.030000 11.201301 -0.837301
v 0.044800 12.330701 -0.737301
v 0.049000 12.334300 -0.721101
v 0.053100 12.338000 -0.704901
v 0.061400 12.345100 -0.672401
v 0.065600 12.348801 -0.656201
v -0.225900 11.478500 -0.860401
v -0.217600 11.463401 -0.843801
v -0.208700 11.448400 -0.827401
v -0.189800 11.418800 -0.794501
v -0.180000 11.403900 -0.778201
v -0.103600 11.282701 -0.855401
v -0.097600 11.281401 -0.848501
v -0.091600 11.280200 -0.841401
v -0.079600 11.277600 -0.827501
v -0.073600 11.276300 -0.820401
v -0.224300 11.591500 -0.768201
v -0.216500 11.587400 -0.755201
v -0.208500 11.582701 -0.743301
v -0.192100 11.574000 -0.718401
v -0.183700 11.569401 -0.706401
v -0.107500 11.813801 -0.795901
v -0.101400 11.807200 -0.783501
v -0.095400 11.800501 -0.771201
v -0.083400 11.787200 -0.746501
v -0.077300 11.780500 -0.734101
v 0.007600 11.156501 -0.832501
v 0.010400 11.155801 -0.828101
v 0.013200 11.155001 -0.823601
v 0.018700 11.153501 -0.814601
v 0.021400 11.152700 -0.810201
v 0.049500 11.997001 -0.863701
v 0.055600 11.991700 -0.853601
v 0.061600 11.986401 -0.843401
v 0.073800 11.975700 -0.822901
v 0.079800 11.970401 -0.812601
v 0.096900 12.132200 -0.772801
v 0.099200 12.126500 -0.760101
v 0.101500 12.120800 -0.747201
v 0.106000 12.109501 -0.722301
v 0.108300 12.103900 -0.710001
v -0.056200 12.492500 -0.744601
v -0.048400 12.495701 -0.730001
v -0.040600 12.498900 -0.715401
v -0.025100 12.505501 -0.685701
v -0.017300 12.508700 -0.671401
v -0.065900 13.991301 -0.379501
v -0.061500 13.984900 -0.362701
v -0.057000 13.978701 -0.345701
v -0.048100 13.966201 -0.311901
v -0.043700 13.959901 -0.294901
v -0.390000 13.049101 -0.742601
v -0.381400 13.038600 -0.722001
v -0.372700 13.028100 -0.701501
v -0.355400 13.007000 -0.660301
v -0.346700 12.996500 -0.639701
v -0.266300 13.225500 -0.553601
v -0.257600 13.218600 -0.541101
v -0.248900 13.211801 -0.528701
v -0.231600 13.197901 -0.503901
v -0.222900 13.191000 -0.491501
v -0.037400 13.454801 -0.565301
v -0.031200 13.449600 -0.555301
v -0.024900 13.444500 -0.545301
v -0.012300 13.433901 -0.525301
v -0.006100 13.428700 -0.515401
v 0.147200 13.648801 -0.525401
v 0.153100 13.637200 -0.512901
v 0.159000 13.625800 -0.500301
v 0.170900 13.602700 -0.475201
v 0.176800 13.591500 -0.463101
v -0.099000 14.090000 -0.280601
v -0.101300 14.096400 -0.292501
v -0.105900 14.109401 -0.316101
v -0.108200 14.115801 -0.327901
v -0.110600 14.122300 -0.339701
v 0.085700 13.754300 -0.321201
v 0.081200 13.764200 -0.336701
v 0.072200 13.784000 -0.367701
v 0.067700 13.793800 -0.383201
v 0.063300 13.803700 -0.398701
v -0.306800 12.830300 -0.822901
v -0.311000 12.837100 -0.835701
v -0.319400 12.850801 -0.861201
v -0.323600 12.857600 -0.874001
v -0.327700 12.864401 -0.886701
v -0.147100 12.680600 -0.815601
v -0.151900 12.682501 -0.827001
v -0.161400 12.686300 -0.850001
v -0.166100 12.688200 -0.861401
v -0.170800 12.690101 -0.872901
v 0.001000 13.894700 -0.383101
v 0.005300 13.887900 -0.365801
v 0.009700 13.881101 -0.348601
v 0.018300 13.867500 -0.314101
v 0.022700 13.860701 -0.296801
v -0.378700 12.945001 -0.815501
v -0.372500 12.934601 -0.798401
v -0.366300 12.924300 -0.781401
v -0.353900 12.903501 -0.747001
v -0.347700 12.893201 -0.730001
v -0.247300 12.784201 -0.892001
v -0.242500 12.781401 -0.882301
v -0.237700 12.778601 -0.872901
v -0.228000 12.773101 -0.853201
v -0.223100 12.770301 -0.843401
v -0.343200 13.173301 -0.662801
v -0.333600 13.162400 -0.643701
v -0.323900 13.151700 -0.625101
v -0.304700 13.130401 -0.588701
v -0.295900 13.114000 -0.543201
v -0.151600 13.339601 -0.554701
v -0.144100 13.332101 -0.544401
v -0.136900 13.324100 -0.531001
v -0.122300 13.308001 -0.504301
v -0.115100 13.299900 -0.490901
v -0.126300 12.612101 -0.820801
v -0.121300 12.612201 -0.807401
v -0.116500 12.612201 -0.793401
v -0.106600 12.612301 -0.766701
v -0.101700 12.612400 -0.753301
v 0.065900 13.556200 -0.562901
v 0.072500 13.552100 -0.553501
v 0.079200 13.548000 -0.544101
v 0.092400 13.539801 -0.525301
v 0.099100 13.535800 -0.515901
v 0.117000 13.735400 -0.461801
v 0.121500 13.721101 -0.448901
v 0.125900 13.706800 -0.436101
v 0.134800 13.678101 -0.410301
v 0.139300 13.663800 -0.397501
v -0.109400 14.065701 -0.360801
v -0.105000 14.059900 -0.346501
v -0.100500 14.054100 -0.332301
v -0.091500 14.042300 -0.303301
v -0.087100 14.036401 -0.289101
v 0.073600 11.600101 -0.925201
v 0.077900 11.594800 -0.917401
v 0.086500 11.584101 -0.901801
v 0.090700 11.578800 -0.893901
v 0.095000 11.573501 -0.886201
v 0.099200 11.568200 -0.878301
v -0.297100 12.369301 -0.887001
v -0.288400 12.360300 -0.869001
v -0.271000 12.342401 -0.833001
v -0.265900 12.330501 -0.764401
v -0.257300 12.321501 -0.745801
v -0.248700 12.312500 -0.727101
v 0.024300 11.146900 -0.833501
v 0.024000 11.146001 -0.830401
v 0.023200 11.144000 -0.824201
v 0.022900 11.143001 -0.821101
v 0.022500 11.142000 -0.818001
v 0.022200 11.141101 -0.814901
v 0.108600 11.738200 -0.854701
v 0.112100 11.728500 -0.842301
v 0.119100 11.709300 -0.817301
v 0.122600 11.699500 -0.805001
v 0.126100 11.690001 -0.792401
v 0.129600 11.680301 -0.780101
v 0.014300 11.864201 -0.802701
v 0.016800 11.861300 -0.792201
v 0.021800 11.855400 -0.771701
v 0.024300 11.852500 -0.761401
v 0.026800 11.849401 -0.751101
v 0.029300 11.846500 -0.740701
v -0.089200 12.028001 -0.963201
v -0.088700 12.026900 -0.945601
v -0.087500 12.024501 -0.910501
v -0.087000 12.023400 -0.892901
v -0.086400 12.022201 -0.875301
v -0.085900 12.021001 -0.857701
v -0.067500 11.377100 -0.725901
v -0.067400 11.380800 -0.734101
v -0.067400 11.384601 -0.742301
v -0.067400 11.388301 -0.750501
v -0.067500 11.395801 -0.767001
v -0.067500 11.399600 -0.775201
v -0.205700 12.179200 -0.866601
v -0.211000 12.183300 -0.881501
v -0.216400 12.187401 -0.896701
v -0.221900 12.191800 -0.912201
v -0.233100 12.200400 -0.943901
v -0.238800 12.204901 -0.959901
v -0.202800 12.436900 -0.645701
v -0.219500 12.447001 -0.667701
v -0.236200 12.457001 -0.689601
v -0.252900 12.467200 -0.711601
v -0.282400 12.491100 -0.806201
v -0.299300 12.501301 -0.826901
v -0.085500 11.217000 -0.721701
v -0.084100 11.219501 -0.728101
v -0.082600 11.221900 -0.734901
v -0.081200 11.224401 -0.741301
v -0.078300 11.229300 -0.754701
v -0.076900 11.231800 -0.761101
v 0.024200 11.505700 -0.859901
v 0.022300 11.498000 -0.850201
v 0.018500 11.482500 -0.830801
v 0.016600 11.474900 -0.820901
v 0.014700 11.467200 -0.811301
v 0.012800 11.459701 -0.801501
v -0.282400 12.288900 -0.950201
v -0.275400 12.281000 -0.931101
v -0.261900 12.265700 -0.894301
v -0.258600 12.255501 -0.826301
v -0.252000 12.248100 -0.808101
v -0.245400 12.240601 -0.789801
v -0.119600 11.308201 -0.727901
v -0.117600 11.306601 -0.722301
v -0.113700 11.303700 -0.710601
v -0.111700 11.302100 -0.705001
v -0.109800 11.300600 -0.699201
v -0.107800 11.299101 -0.693601
v 0.008400 11.174400 -0.816401
v 0.004400 11.172001 -0.811101
v -0.003600 11.167300 -0.801201
v -0.007600 11.164901 -0.796501
v -0.011600 11.162500 -0.791801
v -0.015500 11.160100 -0.787101
v 0.135500 11.690600 -0.916001
v 0.141500 11.683500 -0.904901
v 0.153200 11.669001 -0.879401
v 0.158800 11.661800 -0.868401
v 0.164300 11.654600 -0.857201
v 0.169800 11.647301 -0.846201
v -0.302900 12.448300 -0.856301
v -0.287500 12.437401 -0.833601
v -0.260300 12.412101 -0.736201
v -0.245000 12.401300 -0.712401
v -0.229600 12.390301 -0.688501
v -0.214300 12.379500 -0.664701
v 0.060600 11.788700 -0.805101
v 0.063800 11.782901 -0.796101
v 0.070400 11.771400 -0.775001
v 0.073800 11.765401 -0.762301
v 0.077000 11.759701 -0.753901
v 0.080300 11.753800 -0.743401
v -0.032600 11.950801 -0.869301
v -0.031900 11.948100 -0.855001
v -0.030300 11.942500 -0.826501
v -0.029500 11.939700 -0.812201
v -0.028700 11.936900 -0.797901
v -0.027900 11.934100 -0.783701
v -0.148500 12.115601 -0.978701
v -0.147000 12.115601 -0.969701
v -0.144000 12.115701 -0.951701
v -0.142500 12.115701 -0.942701
v -0.140900 12.115701 -0.933701
v -0.139400 12.115701 -0.924701
v 0.010700 13.124901 -0.797701
v 0.016000 13.118200 -0.789401
v 0.026900 13.104600 -0.773901
v 0.032300 13.097800 -0.766101
v 0.037800 13.091101 -0.758401
v 0.043200 13.084300 -0.750601
v -0.368100 14.011801 -0.472201
v -0.363100 14.005900 -0.459901
v -0.353000 13.994000 -0.435201
v -0.348000 13.988100 -0.422901
v -0.342900 13.982100 -0.410601
v -0.337900 13.976200 -0.398201
v 0.100300 13.283601 -0.644601
v 0.104100 13.274600 -0.633401
v 0.111600 13.256500 -0.610801
v 0.115300 13.247400 -0.599601
v 0.119100 13.238300 -0.588301
v 0.122800 13.229300 -0.577001
v 0.010600 13.437600 -0.532601
v 0.014200 13.432900 -0.521401
v 0.021500 13.423700 -0.498901
v 0.025200 13.419101 -0.487701
v 0.028800 13.414400 -0.476501
v 0.032500 13.409700 -0.465301
v -0.132100 13.634100 -0.626601
v -0.127300 13.633101 -0.610901
v -0.118200 13.631201 -0.580601
v -0.114000 13.630600 -0.565701
v -0.109800 13.629900 -0.550901
v -0.105600 13.629400 -0.536101
v -0.097900 12.777000 -0.638001
v -0.103400 12.787300 -0.650501
v -0.108900 12.797701 -0.662901
v -0.114400 12.807900 -0.675401
v -0.125400 12.828601 -0.700301
v -0.130900 12.838901 -0.712801
v -0.267900 13.810801 -0.548701
v -0.275800 13.810400 -0.559201
v -0.285700 13.812201 -0.575401
v -0.293500 13.811701 -0.585901
v -0.309200 13.810700 -0.606801
v -0.317100 13.810400 -0.617401
v -0.359600 14.096001 -0.346001
v -0.360500 14.102000 -0.355101
v -0.362800 14.109401 -0.366501
v -0.365100 14.116700 -0.378001
v -0.369700 14.131400 -0.401001
v -0.372000 14.138801 -0.412501
v -0.160400 12.568900 -0.616101
v -0.178300 12.580100 -0.631401
v -0.196200 12.591201 -0.646601
v -0.214100 12.602401 -0.661901
v -0.249900 12.624801 -0.692401
v -0.267700 12.636001 -0.707701
v -0.053200 13.010301 -0.773601
v -0.052100 12.997001 -0.763101
v -0.049800 12.970201 -0.742601
v -0.048600 12.956901 -0.732101
v -0.047500 12.943501 -0.721601
v -0.046400 12.930201 -0.711001
v -0.346500 13.919901 -0.548601
v -0.339200 13.916901 -0.537701
v -0.324600 13.911000 -0.515901
v -0.317300 13.908100 -0.505001
v -0.309900 13.905101 -0.494101
v -0.302600 13.902201 -0.483201
v -0.206100 12.733400 -0.685101
v -0.195300 12.722301 -0.672401
v -0.173800 12.700500 -0.647001
v -0.163000 12.689501 -0.634301
v -0.152300 12.678600 -0.621601
v -0.141500 12.667601 -0.608901
v -0.296800 12.565701 -0.793601
v -0.277900 12.555500 -0.775901
v -0.244300 12.531200 -0.685701
v -0.225500 12.521001 -0.666601
v -0.206800 12.510900 -0.647501
v -0.188000 12.500700 -0.628501
v 0.114900 13.218801 -0.734101
v 0.122700 13.212900 -0.723901
v 0.138100 13.201100 -0.703501
v 0.145900 13.195300 -0.693301
v 0.153600 13.189401 -0.683201
v 0.161400 13.183400 -0.673001
v -0.388500 14.081401 -0.432201
v -0.384800 14.075500 -0.421101
v -0.375100 14.061601 -0.394801
v -0.370200 14.054701 -0.381701
v -0.365300 14.047701 -0.368601
v -0.360500 14.040800 -0.355501
v 0.056100 13.347600 -0.566401
v 0.060300 13.341901 -0.555901
v 0.068700 13.330900 -0.536501
v 0.072900 13.325200 -0.526201
v 0.077100 13.319600 -0.515801
v 0.081400 13.313900 -0.505401
v -0.038900 13.554800 -0.574801
v -0.037400 13.549200 -0.560101
v -0.034400 13.538301 -0.530801
v -0.032900 13.532801 -0.516201
v -0.031400 13.527301 -0.501601
v -0.029900 13.521800 -0.486901
v -0.236200 13.703300 -0.635801
v -0.228200 13.705200 -0.623501
v -0.212600 13.709300 -0.599301
v -0.205000 13.711400 -0.587401
v -0.197400 13.713500 -0.575601
v -0.189800 13.715600 -0.563701
v 0.194700 12.616401 -0.729001
v 0.186600 12.611700 -0.705401
v 0.182500 12.609301 -0.693601
v 0.174400 12.604600 -0.669901
v 0.170300 12.602301 -0.658101
v 0.046800 11.535001 -0.825101
v 0.043100 11.533401 -0.807701
v 0.041300 11.532500 -0.799201
v 0.037600 11.530900 -0.781801
v 0.035700 11.530001 -0.773301
v 0.296100 12.463000 -0.719301
v 0.284700 12.462300 -0.691301
v 0.279000 12.461801 -0.677301
v 0.271600 12.457601 -0.597701
v 0.265900 12.457200 -0.583401
v 0.410800 12.257501 -0.751501
v 0.391600 12.245300 -0.725501
v 0.381900 12.239100 -0.712601
v 0.362500 12.226800 -0.686901
v 0.352700 12.220600 -0.674101
v 0.064200 11.391900 -0.876301
v 0.060800 11.388201 -0.857101
v 0.059200 11.386500 -0.847301
v 0.055800 11.382800 -0.828001
v 0.054200 11.381001 -0.818301
v 0.391900 12.019000 -0.891901
v 0.384900 12.008400 -0.863301
v 0.381500 12.002900 -0.848801
v 0.375100 11.992201 -0.820101
v 0.372200 11.986501 -0.805601
v 0.246300 11.880301 -1.001501
v 0.243100 11.876101 -0.968301
v 0.241500 11.874001 -0.951801
v 0.238300 11.869901 -0.918601
v 0.236700 11.867901 -0.902001
v 0.114400 11.227201 -0.810301
v 0.113500 11.223400 -0.802601
v 0.113100 11.221500 -0.798901
v 0.112200 11.217700 -0.791301
v 0.111800 11.215800 -0.787501
v 0.079000 11.697001 -0.787901
v 0.078600 11.701200 -0.801001
v 0.077700 11.709701 -0.827101
v 0.077300 11.713901 -0.840201
v 0.076400 11.722501 -0.866401
v 0.032200 11.637700 -0.836301
v 0.034700 11.630000 -0.811401
v 0.036000 11.626201 -0.799001
v 0.038600 11.618501 -0.775001
v 0.039900 11.614700 -0.762801
v 0.237600 12.540601 -0.695401
v 0.233100 12.538800 -0.667201
v 0.230800 12.537801 -0.653201
v 0.226200 12.535900 -0.625001
v 0.224000 12.535001 -0.610901
v 0.362000 12.345000 -0.714301
v 0.345300 12.349300 -0.690701
v 0.337000 12.351400 -0.678901
v 0.320200 12.355600 -0.655301
v 0.311800 12.357700 -0.643601
v 0.059800 11.460401 -0.845901
v 0.055200 11.458800 -0.828401
v 0.052900 11.457900 -0.819801
v 0.048300 11.456201 -0.802801
v 0.046000 11.455300 -0.794201
v 0.416600 12.134001 -0.802101
v 0.403800 12.119901 -0.776701
v 0.397500 12.112801 -0.764101
v 0.384900 12.098600 -0.739001
v 0.378500 12.091600 -0.726501
v 0.316500 11.958100 -0.984901
v 0.314100 11.951000 -0.959001
v 0.313000 11.947600 -0.945801
v 0.310800 11.940600 -0.919701
v 0.309800 11.937100 -0.906501
v 0.104900 11.307301 -0.844401
v 0.101200 11.303500 -0.830801
v 0.099300 11.301600 -0.823801
v 0.095600 11.297800 -0.810201
v 0.093700 11.295900 -0.803201
v 0.163700 11.794200 -0.947501
v 0.155100 11.794200 -0.918701
v 0.150900 11.794400 -0.904201
v 0.142700 11.794701 -0.875401
v 0.138800 11.795000 -0.861001
v 0.099500 11.164001 -0.817501
v 0.099000 11.162200 -0.811601
v 0.098800 11.161401 -0.808601
v 0.098300 11.159700 -0.802701
v 0.098100 11.158800 -0.799701
v 0.126900 14.123700 -0.289001
v 0.124300 14.109000 -0.266001
v 0.123000 14.101701 -0.254501
v 0.120400 14.087001 -0.231501
v 0.119100 14.079600 -0.220001
v -0.031600 13.051400 -0.718601
v -0.040900 13.042300 -0.694601
v -0.045500 13.037801 -0.682501
v -0.054800 13.028800 -0.658501
v -0.059500 13.024301 -0.646501
v 0.287700 13.957701 -0.260401
v 0.271900 13.947500 -0.236901
v 0.264000 13.942400 -0.225201
v 0.248200 13.932301 -0.201701
v 0.240300 13.927200 -0.190001
v 0.428800 13.773500 -0.367001
v 0.407600 13.743401 -0.341901
v 0.397000 13.728400 -0.329301
v 0.375800 13.698300 -0.304201
v 0.365200 13.683201 -0.291601
v 0.017200 12.940400 -0.861601
v 0.002800 12.926901 -0.835401
v -0.008900 12.920100 -0.823001
v -0.023400 12.906700 -0.798101
v -0.030600 12.899900 -0.785701
v 0.488700 13.681801 -0.563201
v 0.474900 13.662101 -0.536401
v 0.468000 13.652101 -0.522901
v 0.454200 13.632501 -0.496301
v 0.447400 13.622801 -0.483001
v 0.305900 13.429001 -0.753501
v 0.305300 13.428700 -0.720101
v 0.304800 13.428500 -0.703401
v 0.303200 13.428000 -0.670101
v 0.302300 13.427700 -0.653601
v 0.138800 12.744901 -0.813301
v 0.123600 12.736100 -0.789301
v 0.116000 12.731700 -0.777301
v 0.100800 12.722900 -0.753201
v 0.093200 12.718500 -0.741201
v 0.047900 13.201000 -0.582401
v 0.046500 13.207801 -0.598101
v 0.043800 13.221300 -0.629301
v 0.042500 13.228001 -0.645001
v 0.039700 13.241501 -0.676301
v -0.039200 13.146300 -0.680701
v -0.036400 13.132800 -0.649601
v -0.035000 13.126201 -0.634001
v -0.032300 13.112700 -0.603001
v -0.030900 13.106000 -0.587401
v 0.203800 14.058701 -0.261301
v 0.194700 14.045700 -0.240201
v 0.190200 14.039201 -0.229601
v 0.181100 14.026200 -0.208501
v 0.176500 14.019700 -0.197901
v 0.368900 13.838500 -0.313501
v 0.348900 13.823900 -0.281401
v 0.339000 13.816000 -0.264801
v 0.319300 13.800000 -0.231501
v 0.309400 13.792001 -0.214901
v -0.002800 12.996800 -0.785501
v -0.017900 12.985101 -0.761701
v -0.025400 12.979401 -0.749701
v -0.040500 12.967800 -0.725901
v -0.048100 12.962001 -0.713901
v 0.468000 13.738800 -0.444401
v 0.450300 13.707801 -0.422901
v 0.441500 13.692500 -0.412301
v 0.424000 13.661901 -0.391201
v 0.415200 13.646601 -0.380601
v 0.469400 13.563101 -0.696201
v 0.434600 13.556801 -0.662301
v 0.417500 13.554001 -0.645401
v 0.402900 13.548301 -0.613001
v 0.399300 13.545501 -0.597001
v 0.071200 12.832601 -0.855401
v 0.058300 12.822701 -0.828901
v 0.051900 12.817700 -0.815701
v 0.039000 12.807900 -0.789201
v 0.032500 12.802900 -0.776001
v 0.171600 13.325300 -0.720801
v 0.164700 13.323700 -0.688001
v 0.161200 13.322801 -0.671701
v 0.154300 13.321301 -0.638901
v 0.150900 13.320400 -0.622501
v 0.174800 12.661401 -0.757001
v 0.165200 12.655001 -0.732901
v 0.160400 12.651700 -0.720901
v 0.150900 12.645301 -0.696801
v 0.146100 12.642301 -0.684901
v 0.401000 12.744901 -0.990001
v 0.121100 12.717300 -0.872301
v 0.154900 12.589400 -0.864901
v -0.070300 12.549001 -0.912001
v -0.078100 12.577001 -0.916701
v -0.308700 12.555100 -0.970901
v 0.227500 11.584801 -0.862101
v 0.045700 11.552000 -0.902001
v 0.019800 11.549801 -0.899201
v -0.203700 11.595201 -0.949601
v 0.299900 11.649800 -1.065401
v 0.080700 11.649700 -1.013301
v -0.157600 11.836000 -1.081501
v -0.252600 11.998000 -0.986701
v -0.224500 12.130900 -0.869201
v -0.070600 12.245800 -0.822901
v 0.108000 12.569401 -0.928801
v 0.329200 12.542701 -1.059501
v 0.163600 12.288800 -0.978201
v -0.009000 12.119901 -0.884001
v -0.064900 11.996700 -0.970201
v 0.043200 11.808701 -1.018301
v -0.168900 11.761600 -0.875401
v 0.006300 11.930201 -0.938401
v 0.123300 12.147901 -0.986501
v 0.111300 12.242201 -0.792701
v 0.008100 12.440101 -0.874701
v 0.263300 12.444901 -0.787601
v 0.386700 12.328401 -0.881401
v 0.324400 12.176500 -1.103101
v 0.206500 11.916700 -1.098701
v 0.059400 11.758101 -0.919201
v 0.120100 11.804800 -0.940201
v 0.046500 11.903200 -0.871601
v -0.059500 12.045401 -1.029101
v -0.201000 12.259001 -1.060601
v -0.281800 12.426001 -1.031501
v -0.015500 12.458900 -0.982101
v 0.067600 12.311601 -1.046301
v 0.129300 12.090900 -0.892801
v 0.275100 11.968500 -0.848101
v 0.343800 11.834901 -0.985501
v 0.286700 11.462501 -0.891301
v 0.119400 11.384001 -0.827401
v 0.030200 11.407500 -0.963301
v -0.167100 11.405200 -0.946201
v 0.217600 11.435500 -0.975101
v 0.033800 11.428000 -0.867301
v 0.172700 11.268201 -0.877201
v 0.043100 11.236401 -0.827101
v 0.094100 11.225801 -0.877201
v -0.047500 11.217501 -0.900501
v 0.109300 11.262100 -0.842401
v -0.053500 11.256201 -0.822801
v 0.058500 11.148400 -0.867901
v 0.008200 11.147301 -0.840501
v 0.079200 11.135500 -0.849801
v 0.027400 11.134701 -0.861801
v 0.075200 11.163100 -0.860901
v 0.024800 11.156700 -0.858101
v 0.403400 12.552000 -0.747601
v 0.177000 12.533900 -0.681901
v 0.166200 12.599900 -0.646301
v -0.049300 12.563801 -0.673301
v 0.005000 12.457001 -0.661101
v -0.186200 12.426801 -0.623801
v 0.230900 11.552601 -0.724301
v 0.054600 11.521200 -0.766601
v 0.033900 11.529500 -0.764101
v -0.166000 11.418301 -0.713101
v 0.306200 11.557401 -0.884901
v 0.103200 11.565101 -0.862201
v -0.128700 11.770101 -0.893001
v -0.248300 11.881300 -0.774901
v -0.242300 12.056300 -0.688301
v -0.108900 12.199301 -0.683001
v 0.139200 12.445400 -0.758201
v 0.367700 12.401401 -0.823201
v 0.128200 12.243501 -0.786601
v -0.010000 12.032901 -0.686401
v -0.032500 11.882700 -0.765601
v 0.070300 11.779901 -0.890101
v -0.132400 11.684200 -0.687201
v 0.007500 11.880000 -0.769801
v 0.150000 12.008500 -0.742201
v 0.092200 12.216500 -0.624901
v 0.044000 12.445601 -0.634001
v 0.260200 12.456901 -0.569201
v 0.341000 12.214500 -0.663501
v 0.369100 11.981100 -0.791201
v 0.235100 11.865900 -0.885401
v 0.079400 11.693100 -0.774601
v 0.133100 11.675600 -0.762801
v 0.031800 11.847100 -0.730401
v -0.085300 12.020101 -0.840901
v -0.200400 12.175100 -0.851601
v -0.240000 12.303600 -0.708501
v 0.011400 12.365101 -0.726201
v 0.046600 12.240900 -0.861001
v 0.119400 12.032801 -0.731301
v 0.256300 11.858300 -0.666501
v 0.327500 11.646701 -0.732901
v 0.307200 11.368200 -0.709501
v 0.131500 11.361300 -0.730901
v 0.052500 11.379400 -0.808101
v -0.132100 11.356800 -0.788101
v 0.208800 11.355700 -0.802401
v -0.067300 11.374500 -0.715401
v 0.235700 11.228900 -0.746001
v 0.091800 11.220201 -0.758001
v 0.111300 11.213901 -0.783601
v 0.004400 11.203000 -0.806101
v 0.065600 11.247400 -0.727101
v -0.087000 11.214601 -0.714801
v 0.087600 11.138301 -0.815901
v 0.045300 11.137501 -0.797901
v 0.093900 11.126700 -0.804001
v 0.042900 11.127300 -0.809401
v 0.063700 11.157600 -0.805001
v 0.021800 11.140100 -0.811801
v 0.242100 12.794400 -0.968801
v 0.041200 12.574700 -0.947901
v -0.201500 12.582400 -0.957701
v 0.138900 11.578601 -0.914301
v -0.096500 11.582400 -0.955201
v 0.178900 11.676101 -1.061701
v -0.299600 12.497300 -1.007801
v 0.347300 11.772301 -1.048001
v -0.042500 12.502701 -0.895301
v 0.005800 11.663700 -0.908901
v 0.123100 12.686300 -0.922301
v 0.139800 11.687700 -0.938901
v 0.006000 11.646001 -0.996501
v -0.231900 11.939100 -1.046401
v -0.248900 12.059601 -0.927001
v -0.164600 12.191800 -0.834401
v 0.048500 12.394300 -0.872001
v 0.386600 12.671301 -1.037501
v 0.231400 12.365001 -0.997501
v 0.069700 12.212900 -0.906701
v -0.062400 12.038600 -0.891901
v -0.047800 11.922400 -1.015201
v 0.179800 12.598101 -1.008001
v 0.047400 12.303500 -0.911101
v -0.106700 12.120800 -0.903201
v -0.163200 12.051400 -1.049001
v -0.067100 11.846500 -1.102701
v -0.205700 11.694901 -0.915701
v -0.078600 11.848701 -0.898601
v 0.051300 12.023500 -0.990801
v 0.129300 12.201600 -0.885801
v 0.080800 12.327001 -0.794201
v 0.179500 12.520500 -0.818901
v 0.340700 12.383901 -0.843901
v 0.360900 12.265401 -0.975401
v 0.258400 12.035400 -1.149701
v 0.143900 11.820001 -1.015901
v 0.125800 12.434401 -0.848001
v 0.248100 12.287801 -0.852101
v 0.217400 12.177800 -1.050901
v 0.113100 11.925600 -1.042001
v -0.039900 11.772800 -0.905701
v 0.121300 11.752001 -1.010901
v 0.086300 11.838700 -0.876701
v -0.010800 11.972000 -0.931101
v -0.120100 12.139300 -1.071301
v -0.251800 12.347301 -1.076801
v -0.043800 12.524900 -0.947501
v 0.038500 12.413900 -1.032901
v 0.092600 12.189000 -1.004801
v 0.197600 12.024501 -0.821501
v 0.317300 11.883600 -0.900101
v -0.161500 12.465501 -1.040801
v -0.061600 12.293500 -1.106301
v 0.046400 12.080200 -1.024701
v 0.151300 11.941800 -0.851201
v 0.221900 11.826200 -0.948901
v 0.188700 11.378600 -0.832201
v -0.069700 11.413100 -0.976901
v 0.106200 11.431900 -0.947701
v 0.068000 11.542400 -0.962501
v 0.256700 11.539600 -1.028401
v -0.193500 11.500401 -0.952901
v 0.024800 11.475700 -0.927001
v 0.097500 11.465301 -0.853501
v 0.279100 11.509601 -0.874601
v 0.096700 11.248100 -0.878801
v 0.030000 11.220000 -0.917401
v 0.034300 11.235001 -0.836101
v -0.050100 11.303700 -0.801401
v 0.155300 11.324700 -0.874901
v -0.101700 11.308001 -0.926001
v 0.063000 11.308901 -0.932201
v 0.093400 11.304501 -0.820801
v 0.256700 11.372900 -0.883701
v 0.034100 11.149200 -0.863401
v 0.053000 11.136600 -0.866101
v 0.044700 11.158601 -0.868201
v 0.000300 11.191100 -0.847501
v 0.090800 11.199400 -0.849801
v -0.000500 11.162701 -0.880701
v 0.081500 11.167900 -0.856201
v -0.001600 11.177300 -0.837201
v 0.092800 11.187700 -0.865401
v 0.298600 12.524000 -0.691601
v 0.086600 12.589500 -0.622601
v -0.055600 12.417900 -0.581501
v 0.138300 11.532500 -0.713301
v -0.051600 11.471200 -0.708201
v 0.199500 11.538100 -0.834901
v -0.198600 12.368700 -0.643201
v 0.330300 11.603900 -0.797101
v 0.005000 12.515301 -0.642801
v 0.041200 11.611300 -0.750001
v 0.175000 12.498600 -0.721201
v 0.155800 11.674500 -0.787001
v 0.015600 11.604600 -0.812101
v -0.196700 11.834101 -0.847601
v -0.262100 11.963401 -0.727601
v -0.185200 12.123600 -0.669501
v 0.025300 12.320300 -0.740901
v 0.406500 12.495200 -0.775401
v 0.250600 12.305201 -0.825101
v 0.051800 12.124001 -0.702401
v -0.032800 11.949000 -0.720101
v 0.010600 11.858801 -0.869301
v 0.232400 12.417701 -0.750001
v 0.014000 12.206600 -0.691001
v -0.126900 12.015600 -0.648201
v -0.137500 11.838700 -0.738001
v -0.026100 11.784301 -0.920401
v -0.160400 11.561601 -0.683001
v -0.065300 11.770901 -0.710201
v 0.092000 11.962300 -0.794301
v 0.112800 12.093101 -0.685901
v 0.073900 12.356000 -0.623801
v 0.221700 12.534101 -0.596801
v 0.302500 12.359800 -0.632801
v 0.371100 12.084500 -0.715101
v 0.308700 11.933600 -0.893401
v 0.134800 11.795401 -0.846601
v 0.147300 12.471500 -0.539601
v 0.207800 12.215900 -0.567501
v 0.254100 11.966400 -0.697401
v 0.115600 11.871401 -0.793501
v -0.009300 11.675301 -0.688301
v 0.172500 11.642301 -0.828501
v 0.083600 11.752701 -0.730601
v -0.027100 11.933600 -0.771401
v -0.137900 12.115701 -0.915701
v -0.238900 12.233200 -0.771601
v 0.021500 12.408601 -0.674801
v 0.017400 12.316501 -0.825401
v 0.079700 12.138600 -0.814601
v 0.182200 11.939000 -0.679301
v 0.302100 11.735001 -0.692101
v -0.086400 12.299900 -0.662401
v -0.071300 12.203100 -0.843701
v 0.018300 12.021200 -0.758401
v 0.126700 11.821700 -0.657801
v 0.223400 11.601300 -0.691601
v 0.216900 11.356700 -0.676201
v -0.032700 11.365400 -0.777001
v 0.080500 11.343000 -0.725101
v 0.011300 11.454600 -0.785601
v 0.261400 11.463600 -0.857901
v -0.156800 11.375200 -0.745801
v 0.043800 11.454700 -0.784901
v 0.100900 11.437600 -0.746601
v 0.279300 11.450601 -0.706801
v 0.198100 11.223600 -0.723201
v 0.067500 11.208000 -0.790301
v -0.018500 11.221400 -0.688901
v -0.105800 11.297701 -0.687501
v 0.135400 11.284201 -0.745101
v -0.061700 11.273801 -0.806101
v 0.091800 11.294101 -0.796101
v 0.132100 11.288301 -0.733801
v 0.302000 11.301701 -0.731801
v 0.084100 11.135301 -0.793801
v 0.072600 11.125401 -0.798201
v 0.038800 11.144700 -0.795401
v -0.019500 11.157801 -0.782301
v 0.050900 11.196200 -0.754601
v 0.026900 11.151200 -0.801201
v 0.097800 11.158000 -0.796801
v 0.055100 11.161401 -0.782501
v 0.134000 11.170100 -0.791301
v -0.065000 11.406000 -0.777901
v 0.069200 11.605700 -0.925601
v -0.095600 12.552000 -0.776301
v 0.198800 12.618800 -0.740801
v 0.074200 11.143201 -0.847501
v 0.010900 11.140700 -0.816101
v -0.123800 12.239000 -0.760601
v 0.099900 12.518201 -0.816401
v 0.069200 12.205701 -0.730201
v -0.022500 12.421400 -0.777501
v 0.172600 11.248501 -0.822201
v -0.242900 12.207801 -0.971401
v -0.305800 12.378301 -0.905001
v 0.076000 11.726800 -0.879501
v 0.048600 11.535800 -0.833701
v 0.334100 11.594501 -0.969001
v 0.238200 11.389200 -0.896001
v 0.094400 11.131101 -0.824601
v 0.025800 11.130600 -0.835401
v -0.316000 12.511400 -0.847601
v -0.040100 12.541400 -0.793101
v 0.481200 12.633700 -0.892401
v 0.406800 12.452500 -0.947301
v 0.301500 12.463401 -0.733501
v -0.075400 11.234501 -0.766901
v 0.117000 12.640100 -0.792901
v 0.043700 12.438300 -0.850101
v -0.187000 11.398001 -0.884601
v -0.222600 11.530400 -0.836101
v 0.074100 11.160601 -0.836101
v 0.024700 11.147901 -0.836601
v 0.186300 12.269300 -0.902101
v 0.108500 11.246301 -0.802401
v 0.418300 12.263700 -0.766701
v 0.086200 11.787400 -0.925101
v 0.257600 11.586500 -0.820701
v 0.117800 12.296600 -0.942601
v 0.065800 11.393600 -0.886101
v 0.027300 12.075801 -0.793701
v 0.392900 12.025400 -0.907201
v -0.034900 11.201000 -0.841801
v 0.027400 11.524800 -0.832401
v -0.162300 11.776501 -0.941601
v 0.153800 12.071401 -0.790901
v -0.191900 11.726300 -0.772801
v 0.101500 11.368100 -0.786701
v 0.105100 11.749801 -0.864601
v -0.010800 11.951700 -0.869601
v 0.247800 11.882601 -1.018001
v 0.114900 11.229100 -0.814101
v -0.281300 11.978500 -0.945901
v 0.302900 11.921000 -0.744701
v -0.035700 11.915800 -0.848601
v 0.322700 11.448400 -0.831001
v 0.011800 11.869400 -0.813601
v 0.031200 11.224300 -0.794401
v -0.265900 12.136101 -0.818801
v 0.377100 11.752300 -0.849401
v 0.110500 12.092501 -0.866201
v -0.089800 12.029000 -0.981101
v 0.216900 11.797501 -1.040301
v -0.084400 11.687201 -0.932501
v 0.041700 11.708501 -1.030701
v 0.232000 12.737700 -1.002601
v 0.102700 12.438601 -1.002801
v -0.042500 12.200701 -0.889601
v -0.146900 12.082001 -0.967001
v -0.155300 11.983900 -1.097901
v 0.066500 12.516400 -0.900001
v 0.188600 12.342200 -0.812401
v 0.244100 12.257501 -0.939001
v 0.155800 12.036401 -1.088201
v 0.051100 11.847301 -0.948401
v -0.188100 12.524700 -1.005501
v -0.107700 12.397000 -1.078001
v -0.014100 12.163401 -1.095001
v 0.093200 12.004400 -0.903001
v 0.191000 11.866401 -0.870201
v 0.146200 11.559100 -1.026401
v -0.091500 11.500000 -0.972101
v 0.183100 11.473500 -0.855401
v 0.056100 11.314301 -0.863801
v -0.020200 11.307800 -0.951701
v 0.154800 11.324901 -0.857101
v 0.031800 11.185400 -0.863101
v 0.043500 11.167001 -0.879301
v 0.053000 11.184401 -0.863401
v 0.226800 11.573900 -0.761701
v -0.046900 11.603701 -0.685501
v 0.073800 11.665800 -0.811401
v 0.276300 12.476200 -0.672101
v 0.127200 12.331000 -0.763101
v -0.066000 12.097000 -0.640201
v -0.146800 11.916000 -0.685201
v -0.084600 11.821700 -0.833201
v 0.104600 12.539500 -0.569401
v 0.186200 12.366900 -0.532101
v 0.222200 12.047200 -0.615601
v 0.201300 11.928600 -0.784101
v 0.042800 11.776200 -0.739501
v -0.064600 12.356100 -0.599501
v -0.094600 12.253201 -0.755801
v -0.029800 12.113900 -0.824101
v 0.072600 11.929400 -0.698501
v 0.184400 11.683600 -0.643201
v 0.136800 11.439301 -0.791901
v -0.047500 11.399000 -0.736601
v 0.185400 11.439000 -0.683601
v 0.006300 11.284700 -0.687201
v 0.024600 11.279201 -0.788201
v 0.228000 11.290401 -0.697401
v 0.001200 11.165900 -0.741501
v 0.069200 11.154800 -0.792501
v 0.139000 11.157300 -0.759201
v 0.026400 11.515901 -0.859901
v 0.006800 12.353601 -0.791401
v 0.040700 12.327101 -0.753501
v 0.108800 11.179800 -0.835701
v -0.288300 12.295800 -0.966201
v 0.030900 11.641601 -0.848901
v 0.288200 11.495701 -0.970601
v 0.463600 12.557000 -0.910201
v 0.239900 12.541500 -0.709401
v -0.121600 11.310201 -0.732501
v 0.115500 12.604900 -0.806501
v -0.004300 12.498000 -0.820701
v -0.215500 11.496201 -0.879101
v 0.273000 12.335900 -0.959901
v 0.163300 11.290900 -0.820201
v 0.368700 12.343000 -0.727901
v 0.173100 11.684300 -0.870401
v 0.082000 12.396001 -0.918301
v 0.062000 11.461400 -0.854601
v 0.012300 11.176701 -0.821501
v 0.084100 12.165300 -0.814301
v 0.421400 12.141300 -0.816301
v -0.109500 11.284101 -0.862001
v -0.001100 11.580400 -0.866301
v 0.113400 12.175600 -0.889601
v -0.216900 11.598500 -0.782501
v 0.076300 11.442201 -0.804501
v 0.083400 11.194600 -0.817001
v 0.127000 11.697101 -0.922301
v -0.008300 12.002400 -0.813401
v 0.314700 11.962601 -0.998601
v 0.106800 11.309200 -0.851301
v -0.238900 11.886900 -0.941901
v 0.224600 11.994901 -0.733901
v -0.113500 11.821700 -0.808001
v 0.301400 11.509100 -0.831601
v 0.004900 11.157300 -0.837001
v -0.318400 12.459201 -0.879001
v 0.057300 11.797300 -0.814601
v 0.014600 11.877100 -0.909501
v 0.166600 11.793600 -0.961801
v 0.086600 11.293401 -0.781301
v -0.288300 12.056400 -0.903501
v 0.355000 11.830701 -0.775401
v 0.043400 12.003100 -0.876501
v 0.099800 11.164901 -0.820501
v 0.363200 11.692201 -0.922901
v -0.033400 11.954201 -0.885001
v 0.296900 11.354900 -0.827301
v -0.208800 12.180500 -0.768001
v 0.094600 12.138000 -0.785701
v -0.004200 11.161401 -0.808301
v -0.064000 12.489201 -0.759101
v -0.150000 12.115701 -0.987701
v 0.415200 14.161800 -0.432201
v 0.231200 14.178400 -0.401101
v 0.120700 14.151000 -0.394401
v -0.091000 14.156401 -0.443301
v -0.130100 14.170401 -0.495401
v -0.354600 14.173500 -0.518901
v 0.235700 13.087701 -0.724901
v -0.040000 13.078300 -0.816201
v -0.040400 13.098500 -0.812301
v -0.365800 13.121901 -0.872301
v 0.419000 13.151200 -0.902901
v 0.030700 13.184401 -0.870101
v -0.227000 13.358300 -0.851501
v -0.339700 13.531000 -0.724901
v -0.261300 13.713600 -0.530301
v -0.099900 13.847600 -0.423901
v 0.138500 14.057700 -0.442301
v 0.333700 13.980801 -0.499301
v 0.178400 13.827201 -0.525501
v -0.007600 13.697701 -0.521901
v -0.045900 13.569100 -0.676901
v 0.037600 13.357301 -0.798301
v -0.251600 13.277700 -0.673301
v -0.028300 13.485300 -0.698001
v 0.126400 13.730600 -0.640001
v 0.095500 13.868501 -0.460501
v -0.030600 14.042800 -0.476301
v 0.256900 13.999701 -0.359401
v 0.421500 13.845301 -0.422701
v 0.419300 13.743100 -0.665401
v 0.201600 13.486401 -0.834701
v -0.000700 13.292900 -0.748101
v 0.121400 13.340700 -0.714701
v 0.053200 13.485801 -0.591901
v -0.076900 13.648801 -0.675201
v -0.294800 13.836201 -0.682201
v -0.345400 14.059800 -0.574001
v -0.076600 14.083501 -0.546901
v 0.040800 13.906000 -0.623701
v 0.159000 13.681701 -0.547701
v 0.337700 13.521300 -0.509201
v 0.412700 13.338800 -0.702801
v 0.340800 12.928500 -0.796801
v 0.079700 12.898300 -0.782901
v -0.016800 12.974200 -0.958101
v -0.302600 12.928500 -0.982801
v 0.226800 12.959400 -0.934601
v -0.068100 12.943400 -0.842001
v 0.377100 12.835300 -0.886601
v 0.103700 12.790601 -0.831101
v 0.101600 12.735400 -0.951001
v -0.159500 12.726501 -0.962701
v -0.028700 12.756500 -0.848601
v -0.276400 12.715000 -0.876001
v 0.427300 14.093101 -0.281401
v 0.220600 14.100201 -0.240601
v 0.117800 14.072400 -0.208601
v -0.094300 14.077101 -0.257001
v -0.119500 14.086700 -0.320801
v -0.357100 14.088500 -0.334201
v 0.232700 13.024100 -0.542501
v -0.036700 13.011801 -0.636901
v -0.064200 13.019800 -0.634501
v -0.329400 12.975400 -0.598601
v 0.385900 13.045800 -0.753801
v 0.048600 13.077500 -0.742801
v -0.242400 13.267000 -0.694801
v -0.319800 13.393300 -0.522101
v -0.275200 13.637700 -0.363401
v -0.139700 13.798201 -0.312301
v 0.134500 14.018901 -0.309501
v 0.378500 13.935901 -0.338801
v 0.133800 13.824901 -0.369801
v -0.007500 13.603001 -0.343201
v -0.039700 13.395400 -0.488501
v 0.056000 13.306601 -0.673001
v -0.205600 13.177401 -0.467501
v 0.007100 13.418200 -0.495601
v 0.188600 13.568900 -0.438901
v 0.094600 13.734501 -0.290101
v -0.034800 13.947801 -0.261501
v 0.232400 13.922100 -0.178201
v 0.354600 13.668200 -0.279001
v 0.440500 13.613001 -0.469701
v 0.294800 13.422200 -0.626301
v 0.049200 13.194301 -0.566801
v 0.126600 13.220201 -0.565801
v 0.036200 13.405101 -0.454101
v -0.101400 13.628700 -0.521301
v -0.260000 13.811200 -0.538201
v -0.332800 13.970201 -0.385901
v -0.065800 13.993900 -0.380801
v 0.037000 13.832900 -0.487201
v 0.146300 13.597600 -0.398401
v 0.301300 13.392401 -0.376401
v 0.365700 13.131201 -0.503701
v 0.335300 12.797501 -0.569801
v 0.057500 12.833501 -0.630601
v -0.037800 12.893201 -0.773301
v -0.298400 12.816700 -0.797401
v 0.192200 12.847401 -0.750801
v -0.092400 12.766701 -0.625501
v 0.405200 12.674701 -0.676701
v 0.111100 12.669300 -0.647101
v 0.085600 12.714101 -0.729201
v -0.137700 12.676801 -0.792601
v 0.053800 12.620601 -0.617001
v -0.142500 12.557800 -0.600901
v 0.328400 14.190300 -0.424301
v 0.005700 14.172900 -0.436301
v -0.247700 14.192400 -0.517401
v 0.102100 13.100201 -0.804101
v -0.208800 13.126901 -0.864101
v 0.202600 13.199800 -0.896301
v -0.355700 14.131300 -0.543901
v 0.441800 13.288200 -0.814501
v -0.075100 14.113100 -0.467801
v -0.064700 13.190101 -0.762901
v 0.198400 14.123700 -0.423401
v 0.121300 13.211000 -0.766501
v -0.071100 13.180000 -0.864901
v -0.324400 13.456301 -0.802001
v -0.290500 13.625300 -0.623101
v -0.202600 13.791901 -0.469501
v 0.026600 13.973001 -0.416301
v 0.399600 14.101001 -0.461801
v 0.247600 13.876101 -0.525601
v 0.071600 13.789001 -0.493901
v -0.067600 13.605201 -0.571801
v -0.016900 13.495501 -0.749901
v 0.215100 14.044300 -0.511801
v 0.032300 13.882601 -0.468101
v -0.126400 13.701900 -0.553801
v -0.177600 13.612400 -0.745201
v -0.092000 13.390901 -0.866501
v -0.334600 13.216101 -0.775201
v -0.128600 13.383600 -0.676401
v 0.044000 13.600600 -0.696301
v 0.136700 13.812901 -0.538501
v 0.036100 13.949201 -0.465201
v 0.175700 14.098300 -0.386401
v 0.357900 13.887300 -0.377301
v 0.459200 13.809200 -0.513501
v 0.293500 13.608001 -0.788801
v 0.116900 13.371201 -0.811901
v 0.098900 14.045900 -0.444501
v 0.287800 13.856400 -0.444001
v 0.231700 13.769700 -0.683901
v 0.064200 13.515301 -0.813001
v -0.108400 13.302100 -0.724501
v 0.105100 13.283900 -0.810401
v 0.092500 13.392200 -0.625301
v -0.011400 13.583000 -0.628501
v -0.193100 13.724200 -0.711301
v -0.329000 13.961600 -0.629001
v -0.104000 14.136801 -0.516801
v -0.019700 14.006101 -0.591701
v 0.104100 13.790601 -0.615901
v 0.244900 13.593500 -0.493001
v 0.376200 13.416201 -0.606401
v -0.212500 14.090301 -0.597701
v -0.126900 13.872801 -0.694001
v 0.032500 13.688400 -0.667501
v 0.192000 13.508901 -0.555801
v 0.254500 13.358500 -0.708501
v 0.218600 12.894401 -0.786901
v -0.155400 12.967501 -0.975101
v 0.041200 12.968400 -0.925101
v -0.005100 13.078700 -0.885501
v 0.322900 13.056801 -0.960301
v -0.349300 13.027101 -0.935901
v -0.019000 13.044300 -0.885301
v 0.027200 12.982600 -0.794101
v 0.295300 12.992801 -0.775401
v 0.258800 12.838100 -0.892201
v -0.050800 12.723600 -0.997501
v -0.188700 12.723901 -0.875401
v -0.192300 12.777500 -0.781501
v 0.098300 12.840900 -0.879301
v -0.219600 12.830001 -0.968701
v 0.021500 12.844300 -0.971501
v 0.099000 12.831500 -0.798701
v 0.376600 12.885500 -0.831101
v -0.322700 12.643801 -0.924301
v -0.095600 12.660300 -0.846701
v -0.106100 12.647000 -0.948001
v 0.147300 12.664500 -0.910801
v 0.101500 12.756001 -0.850401
v 0.392100 12.791301 -0.945701
v 0.328700 14.100600 -0.240801
v 0.002900 14.079201 -0.216301
v -0.240000 14.089500 -0.302201
v 0.094600 13.003500 -0.537801
v -0.182700 12.990200 -0.568601
v 0.189200 13.050600 -0.713401
v -0.355600 14.033800 -0.342401
v 0.403000 13.081600 -0.607201
v -0.078100 14.024900 -0.260601
v -0.029500 13.099200 -0.571901
v 0.186100 14.067101 -0.269001
v 0.148300 13.175100 -0.585501
v -0.071800 13.108001 -0.669201
v -0.313600 13.326100 -0.604701
v -0.299400 13.505600 -0.433901
v -0.217100 13.715600 -0.322201
v -0.000100 13.920800 -0.323101
v 0.410500 14.033100 -0.293601
v 0.278800 13.853500 -0.390701
v 0.052000 13.705200 -0.332501
v -0.032000 13.487000 -0.409801
v 0.014000 13.401300 -0.619001
v 0.237200 13.990500 -0.311901
v -0.003500 13.799500 -0.310901
v -0.143500 13.581301 -0.313401
v -0.176900 13.309800 -0.467301
v -0.070600 13.310101 -0.712801
v -0.276800 13.092700 -0.505301
v -0.100600 13.283800 -0.464101
v 0.112400 13.527700 -0.497201
v 0.148200 13.635000 -0.371701
v 0.031300 13.847100 -0.262301
v 0.175700 14.013801 -0.190601
v 0.299500 13.784101 -0.198201
v 0.406400 13.631300 -0.370101
v 0.394000 13.542100 -0.581001
v 0.147300 13.320200 -0.608801
v 0.094700 13.913900 -0.160201
v 0.215000 13.650600 -0.229601
v 0.304700 13.536800 -0.417201
v 0.139500 13.418301 -0.524301
v -0.060000 13.163600 -0.467101
v 0.169100 13.177601 -0.662801
v 0.085600 13.308300 -0.495101
v -0.028400 13.516400 -0.472301
v -0.182200 13.717800 -0.551901
v -0.295300 13.899301 -0.472401
v -0.092200 14.043200 -0.334901
v -0.016100 13.922300 -0.449001
v 0.090000 13.720201 -0.464301
v 0.221300 13.490200 -0.358001
v 0.341500 13.244201 -0.413801
v -0.197500 13.956301 -0.337901
v -0.095900 13.819301 -0.492801
v 0.024500 13.602000 -0.433901
v 0.153800 13.367001 -0.374801
v 0.234500 13.117001 -0.489401
v 0.190300 12.772800 -0.496401
v -0.171900 12.842800 -0.734501
v 0.053200 12.763700 -0.636801
v -0.045200 12.916800 -0.700501
v 0.283800 12.958900 -0.774501
v -0.335300 12.872500 -0.696001
v -0.055600 12.956301 -0.702001
v 0.022400 12.918200 -0.634201
v 0.290600 12.894800 -0.514001
v 0.279200 12.631400 -0.619201
v -0.023500 12.691601 -0.724601
v -0.004500 12.559501 -0.552401
v -0.130800 12.656700 -0.596201
v 0.089900 12.731700 -0.688001
v -0.213300 12.764701 -0.823701
v 0.026100 12.798000 -0.762701
v 0.077500 12.751700 -0.635901
v 0.380500 12.732500 -0.618401
v -0.169200 12.490601 -0.609401
v 0.030000 12.521001 -0.609401
v -0.091800 12.612500 -0.726601
v 0.141400 12.639100 -0.672801
v 0.152400 12.603601 -0.664401
v 0.408600 12.614901 -0.713401
v -0.136400 12.849200 -0.725301
v 0.005200 13.131701 -0.805501
v -0.112900 14.128600 -0.351501
v 0.128200 14.131001 -0.300401
v -0.161300 13.843600 -0.377801
v 0.112300 14.056101 -0.350301
v 0.058800 13.813601 -0.414201
v -0.070300 13.997200 -0.396001
v 0.456500 12.764701 -0.815701
v -0.325000 13.810000 -0.627901
v -0.373200 14.017800 -0.484501
v 0.038400 13.248301 -0.691901
v -0.026900 13.055901 -0.731001
v 0.450700 13.087001 -0.828601
v 0.253800 12.897201 -0.863801
v -0.374300 14.146100 -0.424001
v -0.113200 14.146800 -0.401001
v 0.453400 14.134800 -0.351901
v 0.432900 13.956201 -0.411701
v 0.295600 13.962800 -0.272101
v -0.281500 12.651601 -0.775501
v 0.224100 14.161100 -0.318201
v -0.034000 14.053400 -0.456901
v -0.331900 12.871201 -0.899501
v -0.398700 13.059700 -0.763201
v 0.206200 13.819401 -0.458701
v 0.018400 12.697901 -0.760701
v 0.439400 13.788600 -0.379601
v 0.083400 13.323000 -0.709301
v 0.278500 13.079201 -0.661301
v 0.076200 13.879900 -0.545301
v 0.024400 12.947101 -0.874601
v 0.032400 13.649401 -0.439301
v 0.495600 13.691700 -0.576601
v -0.175600 12.692000 -0.884401
v -0.073900 13.035900 -0.742001
v -0.283100 13.274900 -0.745001
v 0.187500 13.644800 -0.449701
v -0.274900 13.232500 -0.566401
v 0.032700 12.872500 -0.730501
v 0.096600 13.292701 -0.655901
v 0.001100 13.506801 -0.583401
v 0.297600 13.422100 -0.754901
v 0.146300 12.749300 -0.825401
v -0.377500 13.476001 -0.623501
v 0.359500 13.465301 -0.406101
v -0.043700 13.460100 -0.575301
v 0.389900 12.891500 -0.691301
v 0.006900 13.442301 -0.543801
v 0.092100 12.749600 -0.758401
v -0.307300 13.698900 -0.459401
v 0.461100 13.236601 -0.600601
v 0.141300 13.660300 -0.538001
v -0.134900 13.633801 -0.639501
v 0.262600 13.322201 -0.816701
v -0.187200 13.211301 -0.778701
v -0.011700 13.243501 -0.859301
v 0.288000 14.144200 -0.483401
v 0.135800 13.952001 -0.520201
v -0.058800 13.791800 -0.496601
v -0.170300 13.651100 -0.646601
v -0.170300 13.533700 -0.813501
v 0.044100 14.128401 -0.467801
v 0.188900 13.928000 -0.400301
v 0.296300 13.819700 -0.540701
v 0.130400 13.645101 -0.793801
v -0.013600 13.403001 -0.765901
v -0.233600 14.155400 -0.562601
v -0.188800 13.991800 -0.650201
v -0.025100 13.767501 -0.712201
v 0.119400 13.600500 -0.586601
v 0.230700 13.410001 -0.605801
v 0.121700 13.095100 -0.931701
v -0.191400 13.054400 -0.927501
v 0.162000 12.981300 -0.782901
v -0.068000 12.829901 -0.853701
v -0.107600 12.847100 -0.993101
v 0.247900 12.874801 -0.846801
v -0.223200 12.657500 -0.918701
v 0.010100 12.637900 -0.977201
v 0.255800 12.817400 -0.932701
v 0.236500 13.086400 -0.595701
v -0.132100 13.085200 -0.489001
v 0.029600 13.169600 -0.626701
v 0.290700 14.044300 -0.246701
v 0.120900 13.921500 -0.343401
v -0.081200 13.679400 -0.291601
v -0.169400 13.432200 -0.380601
v -0.131700 13.325400 -0.598801
v 0.042700 14.003401 -0.177401
v 0.161500 13.801300 -0.167901
v 0.263600 13.554200 -0.324601
v 0.240600 13.513101 -0.498301
v 0.032500 13.290700 -0.492701
v -0.225600 14.020901 -0.297101
v -0.149400 13.893300 -0.431901
v -0.036500 13.717300 -0.487101
v 0.093800 13.485801 -0.387801
v 0.201100 13.213100 -0.396401
v 0.093100 12.921400 -0.699601
v -0.195400 12.894200 -0.639901
v 0.150100 12.884200 -0.510701
v 0.020100 12.650701 -0.582201
v -0.092500 12.774800 -0.769301
v 0.225800 12.692000 -0.524101
v -0.027200 12.492801 -0.564201
v 0.042700 12.638000 -0.662701
v 0.313700 12.569901 -0.644901
v -0.054400 13.023701 -0.784001
v -0.024200 13.955601 -0.360601
v -0.003300 13.901401 -0.400401
v 0.482800 12.695400 -0.869001
v -0.353800 13.922701 -0.559501
v -0.040500 13.153001 -0.696401
v 0.362500 12.997001 -0.898501
v 0.464000 14.050700 -0.371101
v 0.208300 14.065201 -0.271901
v -0.216800 12.744201 -0.697801
v 0.168900 14.117901 -0.330501
v -0.065500 14.104600 -0.417801
v -0.384900 12.955300 -0.832601
v 0.316900 13.880301 -0.444801
v 0.124900 12.791700 -0.809501
v 0.378800 13.846400 -0.330101
v 0.171100 13.197201 -0.686201
v 0.020500 13.975301 -0.515701
v 0.008400 13.002601 -0.798001
v -0.315700 12.575801 -0.812301
v 0.091900 13.746201 -0.417701
v 0.476600 13.753700 -0.454501
v -0.252200 12.787001 -0.901801
v -0.098200 13.097501 -0.760101
v 0.129600 13.765700 -0.520201
v -0.352800 13.184100 -0.681801
v -0.017200 12.946401 -0.734401
v -0.019700 12.596300 -0.727701
v 0.107200 13.224601 -0.744201
v -0.001100 13.561601 -0.496201
v 0.407600 13.559000 -0.709001
v 0.077600 12.837400 -0.868601
v -0.378100 13.359700 -0.700201
v 0.272400 13.552601 -0.406901
v -0.158800 13.347700 -0.568001
v 0.334200 12.982500 -0.675201
v -0.131200 12.612000 -0.834201
v -0.393300 14.088201 -0.445101
v 0.051900 13.353300 -0.576901
v 0.031900 13.431500 -0.656001
v 0.175000 13.326100 -0.737101
v 0.085800 12.805700 -0.745401
v -0.335500 13.602600 -0.538201
v 0.407800 13.337900 -0.479101
v 0.059300 13.560201 -0.572301
v 0.179500 12.664600 -0.769001
v 0.498300 13.159301 -0.688301
v -0.040400 13.560301 -0.589401
v 0.425500 12.818400 -0.735501
v -0.249500 13.775901 -0.406601
v 0.112500 13.749801 -0.474701
v 0.105200 12.696600 -0.783501
v -0.113900 14.071401 -0.375001
v -0.243100 13.700701 -0.646701
v -0.025300 15.376901 1.475899
v 0.010200 15.208200 1.548099
v 0.233000 15.456000 1.383099
v 0.260800 15.301901 1.472399
v 0.454900 15.492101 1.221099
v 0.442200 15.388900 1.287899
v -0.296700 15.251301 1.470399
v -0.265500 15.083301 1.528799
v -0.562800 15.074000 1.352499
v -0.493700 14.919400 1.392499
v -0.755700 14.880301 1.175499
v -0.697400 14.727301 1.245899
v -0.896600 14.679701 0.969099
v -0.835100 14.532901 1.010499
v -0.926000 14.538100 0.620799
v -0.867200 14.393300 0.673599
v -0.881000 14.464001 0.348199
v -0.804800 14.276401 0.395499
v -0.805100 14.377100 0.050599
v -0.686400 14.162101 0.112099
v -0.608100 14.273300 -0.237801
v -0.537800 14.077901 -0.319801
v -0.373100 14.128800 -0.527501
v -0.378900 13.984200 -0.611801
v -0.262900 14.096900 -0.665701
v -0.212200 13.972501 -0.701601
v -0.029100 14.059900 -0.736101
v 0.023800 13.943900 -0.710701
v 0.555100 15.497701 1.013999
v 0.558600 15.409600 1.078099
v 0.679700 15.354001 0.952199
v 0.680800 15.202901 1.037099
v 0.785400 15.200400 0.911399
v 0.778600 15.050401 0.988999
v 0.872500 15.009701 0.823599
v 0.851000 14.864600 0.903299
v 0.918600 14.800700 0.701699
v 0.888900 14.646300 0.781099
v 0.924500 14.622601 0.577299
v 0.890900 14.448200 0.626499
v 0.896800 14.434601 0.362099
v 0.852700 14.260100 0.412399
v 0.828400 14.295601 0.104199
v 0.763900 14.121600 0.150099
v 0.656700 14.210200 -0.209301
v 0.524100 14.032400 -0.219901
v 0.529500 14.185301 -0.440501
v 0.445500 13.995300 -0.440801
v 0.267800 14.106800 -0.662301
v 0.268600 13.950400 -0.620701
v 0.083900 14.060901 -0.537401
v 0.109300 13.907901 -0.530501
v -0.007000 15.539800 1.372799
v 0.252800 15.608500 1.282799
v 0.455100 15.649199 1.096799
v -0.288700 15.446900 1.350799
v -0.602200 15.261300 1.282699
v -0.826500 15.073200 1.142999
v -0.914200 14.880100 0.861199
v -0.935700 14.744901 0.528599
v -0.897100 14.668000 0.265399
v -0.817700 14.581800 -0.013801
v -0.669400 14.477500 -0.303601
v -0.469900 14.374400 -0.496901
v -0.259600 14.303101 -0.617801
v -0.089900 14.267301 -0.693801
v 0.539600 15.619201 0.936499
v 0.650800 15.531701 0.852499
v 0.764800 15.399501 0.762299
v 0.842700 15.235001 0.683699
v 0.920700 15.032300 0.586399
v 0.937900 14.867400 0.467099
v 0.914200 14.685000 0.259699
v 0.870500 14.555800 0.016899
v 0.739600 14.449500 -0.263201
v 0.582100 14.368300 -0.460801
v 0.306600 14.292001 -0.653601
v 0.117100 14.260100 -0.652301
v 0.003600 15.659101 1.192999
v 0.236100 15.735700 1.097499
v 0.421400 15.742900 0.928699
v -0.257600 15.571900 1.227899
v -0.560600 15.407800 1.160399
v -0.785900 15.234200 1.026599
v -0.846800 15.066501 0.758499
v -0.885700 14.920300 0.457699
v -0.856600 14.827600 0.195599
v -0.810300 14.742701 -0.080801
v -0.700500 14.654800 -0.338201
v -0.473900 14.558400 -0.518601
v -0.254600 14.514900 -0.620101
v -0.069400 14.501400 -0.671401
v 0.462900 15.683700 0.849099
v 0.561000 15.623401 0.782899
v 0.739000 15.510100 0.688499
v 0.805800 15.378200 0.594899
v 0.867200 15.195900 0.488199
v 0.888300 15.071600 0.348699
v 0.889900 14.910800 0.141999
v 0.854700 14.782701 -0.078701
v 0.738200 14.669500 -0.302301
v 0.575900 14.606900 -0.459701
v 0.340300 14.548201 -0.603901
v 0.153500 14.515700 -0.645001
v -0.088300 15.808200 1.060599
v 0.139500 15.882300 0.996099
v 0.323800 15.893500 0.867199
v -0.315900 15.705001 1.073799
v -0.521100 15.587001 1.015399
v -0.687000 15.498101 0.863999
v -0.800700 15.418500 0.611499
v -0.862400 15.321700 0.322599
v -0.847900 15.212501 0.037799
v -0.784700 15.096001 -0.216201
v -0.679300 14.999901 -0.421001
v -0.504900 14.958900 -0.591001
v -0.292200 14.937600 -0.722701
v -0.057500 14.918600 -0.767401
v 0.420200 15.868501 0.797599
v 0.584300 15.768800 0.689599
v 0.697100 15.673800 0.591799
v 0.755100 15.562800 0.475499
v 0.799700 15.428000 0.348199
v 0.818500 15.303500 0.187199
v 0.837600 15.182301 -0.009701
v 0.823800 15.065701 -0.212101
v 0.739100 14.978200 -0.401001
v 0.593900 14.943200 -0.524701
v 0.364600 14.925700 -0.648201
v 0.173600 14.921400 -0.706301
v 0.004400 16.018799 0.580699
v -0.018800 15.977801 0.291699
v -0.036200 15.893300 -0.050701
v -0.041300 15.721400 -0.351301
v -0.043700 15.505801 -0.571701
v -0.213800 15.971700 0.651399
v -0.255900 15.943000 0.379699
v -0.282100 15.877601 0.021499
v -0.273800 15.707601 -0.287001
v -0.263800 15.500600 -0.511501
v -0.375400 15.822801 0.747199
v -0.507700 15.850701 0.447199
v -0.545800 15.795400 0.111599
v -0.521700 15.640800 -0.199201
v -0.482900 15.451800 -0.419801
v -0.600500 15.671601 0.788499
v -0.711600 15.656001 0.525699
v -0.772000 15.592401 0.213799
v -0.741800 15.466800 -0.080101
v -0.691000 15.327701 -0.318501
v 0.224900 15.959201 0.500299
v 0.200100 15.931401 0.216899
v 0.192600 15.845101 -0.087201
v 0.183900 15.679101 -0.357701
v 0.180500 15.466500 -0.567101
v 0.380800 15.906800 0.436199
v 0.371300 15.865401 0.180499
v 0.380500 15.784501 -0.096301
v 0.383200 15.643201 -0.358801
v 0.380200 15.441901 -0.557801
v 0.578400 15.783801 0.394599
v 0.581900 15.712701 0.199199
v 0.611100 15.627000 -0.025101
v 0.635700 15.510001 -0.252801
v 0.640300 15.360900 -0.447601
v 0.683400 15.671201 0.415299
v 0.696400 15.571900 0.262599
v 0.720500 15.470201 0.074199
v 0.756200 15.365401 -0.133501
v 0.753400 15.246000 -0.320301
v 0.065100 15.978700 0.832499
v -0.141500 15.902801 0.927799
v -0.324600 15.783000 0.959099
v -0.501600 15.680100 0.945599
v 0.272700 15.950301 0.721399
v 0.413800 15.918900 0.640399
v 0.582200 15.813201 0.558499
v 0.665500 15.732701 0.523999
v -0.050400 15.235400 -0.730801
v -0.273800 15.252001 -0.670401
v -0.475600 15.233900 -0.567201
v -0.631900 15.198200 -0.458601
v 0.175000 15.200601 -0.681701
v 0.373200 15.188701 -0.659101
v 0.608100 15.160100 -0.540701
v 0.717800 15.132700 -0.441901
v 0.169100 14.686601 -0.693701
v -0.064900 14.675401 -0.746001
v -0.758900 15.360700 0.961699
v -0.556000 15.491801 1.111799
v 0.588800 15.705501 0.757999
v 0.741900 15.593600 0.657599
v 0.582500 14.754200 -0.485001
v 0.355900 14.708200 -0.623401
v -0.290500 15.640800 1.181599
v -0.038900 15.737201 1.153999
v 0.372200 15.819600 0.933999
v 0.439500 15.787301 0.859299
v 0.755500 14.795501 -0.357701
v 0.200800 15.816600 1.077799
v -0.283100 14.690500 -0.692101
v -0.515500 14.724800 -0.575601
v 0.882700 15.012900 0.088099
v 0.851300 14.886900 -0.126001
v -0.718000 14.798401 -0.387301
v -0.837100 14.902201 -0.152601
v 0.857400 15.305000 0.426299
v 0.871300 15.167500 0.286499
v -0.880600 15.002001 0.121699
v -0.902600 15.105400 0.400099
v 0.806500 15.469100 0.547299
v -0.852000 15.229900 0.703099
v 0.343100 14.485901 -0.635401
v 0.151100 14.449800 -0.649601
v -0.588200 15.383500 1.209099
v -0.275500 15.553300 1.276199
v 0.484700 15.679200 0.869499
v 0.610100 15.612500 0.796799
v 0.759000 14.619301 -0.300301
v 0.593000 14.552900 -0.477401
v 0.243000 15.717200 1.142299
v 0.442600 15.734500 0.960999
v -0.081500 14.443501 -0.693801
v -0.263600 14.459600 -0.636201
v 0.875200 14.734700 -0.064301
v -0.485900 14.509701 -0.528601
v -0.720200 14.610300 -0.344201
v 0.926500 15.034301 0.368199
v 0.916500 14.867600 0.161199
v -0.830800 14.702901 -0.073101
v -0.885000 14.790100 0.210099
v 0.836700 15.349301 0.619999
v 0.903100 15.160900 0.510799
v -0.915400 14.880200 0.475599
v -0.877800 15.024301 0.788399
v -0.823100 15.201700 1.074699
v 0.766800 15.491200 0.709899
v -0.001000 15.643201 1.242799
v 0.568700 15.482400 0.994899
v 0.578600 15.389100 1.036799
v 0.403800 14.140201 -0.583801
v 0.389900 13.980600 -0.533501
v 0.550200 15.595901 0.910099
v 0.442900 14.324000 -0.582201
v 0.474500 15.665000 0.831899
v 0.440000 14.572600 -0.548601
v 0.486400 15.833301 0.754599
v 0.467300 14.930600 -0.601801
v 0.467100 15.859900 0.409799
v 0.466700 15.808600 0.176199
v 0.485500 15.726300 -0.077201
v 0.504100 15.600801 -0.332101
v 0.500000 15.414901 -0.525601
v 0.488700 15.878900 0.601399
v 0.490000 15.179300 -0.631301
v 0.450700 14.725101 -0.561901
v 0.486200 15.754701 0.824599
v 0.500100 15.663201 0.852099
v 0.450400 14.511701 -0.576801
v 0.007700 15.043200 1.488199
v 0.246400 15.128301 1.438299
v 0.418900 15.244301 1.303499
v -0.217900 14.928101 1.479699
v -0.433600 14.779901 1.358199
v -0.590100 14.610901 1.208499
v -0.649800 14.452600 1.013999
v -0.644300 14.246500 0.706199
v -0.587700 14.082400 0.461899
v -0.534900 14.000700 0.189099
v -0.439700 13.874901 -0.389401
v -0.303200 13.775001 -0.697101
v -0.133600 13.783401 -0.731401
v 0.112900 13.808801 -0.688301
v 0.542800 15.356400 1.119999
v 0.631800 15.036000 1.104799
v 0.662200 14.853101 1.035699
v 0.690900 14.682900 0.948799
v 0.711800 14.499901 0.845499
v 0.660200 14.311601 0.676099
v 0.578300 14.122601 0.497199
v 0.516200 14.005301 0.273999
v 0.473800 13.834901 -0.259801
v 0.451100 13.821301 -0.473001
v 0.192100 13.804800 -0.629101
v 0.102200 13.790800 -0.523201
v 0.564200 15.336699 1.081399
v 0.392300 13.819000 -0.543301
v 0.395200 13.886801 -0.527301
v 0.436700 13.899800 -0.440201
v 0.785000 14.367001 0.663499
v 0.808500 14.562201 0.817199
v 0.263500 15.222301 1.480199
v 0.011800 15.127100 1.539999
v -0.382600 13.863900 -0.671801
v -0.179300 13.861100 -0.713701
v 0.571600 15.362700 1.063899
v 0.551700 15.382300 1.100299
v 0.069000 13.862600 -0.714901
v 0.119400 13.839101 -0.532201
v 0.496800 13.953700 -0.232801
v 0.639800 14.054800 0.213999
v -0.258600 15.009501 1.538799
v -0.486700 14.850901 1.417299
v 0.237700 13.865500 -0.612201
v -0.753700 14.465401 1.024899
v -0.763600 14.307100 0.694299
v 0.438700 15.316100 1.300499
v 0.780300 14.767900 0.942499
v 0.730000 14.948800 1.029299
v -0.609300 14.078601 0.150099
v -0.490300 13.968801 -0.357301
v 0.722400 14.181900 0.462999
v -0.659900 14.657201 1.258199
v -0.697800 14.176600 0.432599
v 0.660400 15.124001 1.076499
v 0.052000 11.061300 -0.856301
v 0.088300 11.067301 -0.865401
v 0.036500 11.103001 -0.868301
v 0.074200 11.105101 -0.862001
v 0.074000 10.993300 -0.884901
v 0.118100 11.005401 -0.893401
v 0.107500 10.919701 -0.922301
v 0.164000 10.930901 -0.922901
v 0.097100 10.763700 -0.921801
v 0.166500 10.785001 -0.911701
v 0.048700 10.616200 -0.914101
v 0.115100 10.632300 -0.902401
v 0.035600 10.506600 -0.848501
v 0.069400 10.509800 -0.849101
v 0.031700 10.394501 -0.780201
v 0.050000 10.395700 -0.783201
v 0.080700 10.259300 -0.713601
v 0.087700 10.260301 -0.718001
v 0.097600 11.070200 -0.837701
v 0.131900 11.076401 -0.839301
v 0.081100 11.110701 -0.849201
v 0.116800 11.115400 -0.837901
v 0.124800 11.000401 -0.878301
v 0.163900 11.007800 -0.889701
v 0.138800 10.915601 -0.921501
v 0.179700 10.917100 -0.941601
v 0.096300 10.736401 -0.926401
v 0.135700 10.743900 -0.944301
v 0.027200 10.598701 -0.914601
v 0.072100 10.605201 -0.929701
v -0.034500 10.505700 -0.852601
v -0.004000 10.504601 -0.865001
v -0.052800 10.415401 -0.793801
v -0.040100 10.415601 -0.800801
v -0.057400 10.320701 -0.736901
v -0.049400 10.317901 -0.741001
v 0.036700 11.059501 -0.837001
v 0.075000 11.066300 -0.842701
v 0.026000 11.101800 -0.867501
v 0.062600 11.104000 -0.865201
v 0.055700 10.987500 -0.829001
v 0.107600 11.002001 -0.830901
v 0.088900 10.903501 -0.831201
v 0.157700 10.917701 -0.823301
v 0.066400 10.740601 -0.840501
v 0.145900 10.762100 -0.823301
v 0.025500 10.611401 -0.835001
v 0.103900 10.631500 -0.818001
v 0.041400 10.532001 -0.784401
v 0.081000 10.535001 -0.781201
v 0.037100 10.438001 -0.760501
v 0.056900 10.438900 -0.762301
v 0.084200 10.329500 -0.734801
v 0.091200 10.330501 -0.739301
v 0.087700 11.068300 -0.837701
v 0.127200 11.077801 -0.842601
v 0.061500 11.111501 -0.864601
v 0.092000 11.119901 -0.842501
v 0.145400 11.000300 -0.836801
v 0.188500 11.009701 -0.840301
v 0.214800 10.900901 -0.828501
v 0.256200 10.895301 -0.854901
v 0.226200 10.759800 -0.814801
v 0.271500 10.758400 -0.836301
v 0.159400 10.611700 -0.809901
v 0.205500 10.616100 -0.803801
v 0.067500 10.427700 -0.772801
v 0.095400 10.426901 -0.775301
v 0.057000 10.226900 -0.709001
v 0.076400 10.228900 -0.713901
v 0.043000 10.049500 -0.657901
v 0.050800 10.050900 -0.663301
v 0.100600 11.070400 -0.836401
v 0.137500 11.079101 -0.837601
v 0.073800 11.115101 -0.849901
v 0.111200 11.120300 -0.834201
v 0.172300 11.000401 -0.873301
v 0.204700 11.004601 -0.883501
v 0.226000 10.898200 -0.889201
v 0.253200 10.890600 -0.912601
v 0.217400 10.746901 -0.851601
v 0.245200 10.741100 -0.876201
v 0.142800 10.602000 -0.829101
v 0.177400 10.608500 -0.849701
v 0.044000 10.457900 -0.795701
v 0.072900 10.461600 -0.806501
v 0.030600 10.324100 -0.750201
v 0.045600 10.327001 -0.756801
v 0.030300 10.189900 -0.715801
v 0.039800 10.188101 -0.720501
v 0.076700 11.055600 -0.804801
v 0.121500 11.067801 -0.810501
v 0.052700 11.097900 -0.845101
v 0.096000 11.105000 -0.841601
v 0.130200 10.982800 -0.773401
v 0.182000 10.997601 -0.773901
v 0.184500 10.877100 -0.741601
v 0.236300 10.877001 -0.743901
v 0.211600 10.744600 -0.716701
v 0.258100 10.744400 -0.747601
v 0.197000 10.622200 -0.702501
v 0.236000 10.620300 -0.709701
v 0.133400 10.485701 -0.697501
v 0.162200 10.487600 -0.702601
v 0.080800 10.345500 -0.673301
v 0.099100 10.347100 -0.677501
v 0.043000 10.163100 -0.634701
v 0.050500 10.164101 -0.640001
v -0.008400 11.084300 -0.774801
v 0.020600 11.084500 -0.802301
v -0.006000 11.117101 -0.794401
v 0.017100 11.118401 -0.814001
v -0.066500 11.030400 -0.766601
v -0.022900 11.026200 -0.796001
v -0.137500 10.964300 -0.761801
v -0.103700 10.962200 -0.793501
v -0.147000 10.815201 -0.756901
v -0.110700 10.786201 -0.790701
v -0.146700 10.698800 -0.736201
v -0.115000 10.662200 -0.768101
v -0.099400 10.560700 -0.707801
v -0.083000 10.547601 -0.727301
v -0.057000 10.430500 -0.675701
v -0.047500 10.425501 -0.691601
v -0.017800 10.285701 -0.661001
v -0.015700 10.285001 -0.669201
v -0.008400 11.068001 -0.818601
v 0.014200 11.069201 -0.844501
v -0.013500 11.113100 -0.824201
v 0.013800 11.111401 -0.846601
v -0.076600 11.011801 -0.835501
v -0.046200 11.007300 -0.865101
v -0.150300 10.937600 -0.837501
v -0.131200 10.929501 -0.874701
v -0.165100 10.774700 -0.813301
v -0.159300 10.756001 -0.846401
v -0.146200 10.648500 -0.791201
v -0.135700 10.622200 -0.827601
v -0.092400 10.520201 -0.771101
v -0.082600 10.513400 -0.791801
v -0.058700 10.405200 -0.753501
v -0.054000 10.403900 -0.766501
v -0.039100 10.302000 -0.713201
v -0.036200 10.298700 -0.721501
v 0.030800 11.066300 -0.746501
v 0.058500 11.069700 -0.775301
v 0.011200 11.108801 -0.778501
v 0.043800 11.107500 -0.801801
v 0.012100 10.993300 -0.707601
v 0.051400 10.998000 -0.735501
v -0.015700 10.916600 -0.671601
v 0.023100 10.909400 -0.698601
v -0.062500 10.819301 -0.645101
v -0.032900 10.800301 -0.671101
v -0.081400 10.726701 -0.638501
v -0.052400 10.698000 -0.667601
v -0.049200 10.592401 -0.653001
v -0.028200 10.579201 -0.669501
v -0.018500 10.473701 -0.650601
v -0.007800 10.468500 -0.665201
v 0.014700 10.349300 -0.653901
v 0.016700 10.348101 -0.662301
v 0.058300 11.066700 -0.794701
v 0.088900 11.072400 -0.826101
v 0.028700 11.113300 -0.805401
v 0.066000 11.114201 -0.833701
v 0.063700 10.985901 -0.792201
v 0.107200 10.999500 -0.824601
v 0.057100 10.885600 -0.794601
v 0.118900 10.896100 -0.827501
v 0.005000 10.724501 -0.779901
v 0.068800 10.708900 -0.808501
v -0.014900 10.612000 -0.734301
v 0.039700 10.588301 -0.756701
v -0.009100 10.448900 -0.687401
v 0.006200 10.438300 -0.708601
v 0.002800 10.210200 -0.669001
v 0.014500 10.208501 -0.686201
v 0.036900 10.004601 -0.651901
v 0.039500 10.005000 -0.661301
v 0.003800 11.066700 -0.821001
v 0.034700 11.071100 -0.852301
v -0.012900 11.119400 -0.825601
v 0.022800 11.120400 -0.852201
v -0.026500 10.990101 -0.845201
v 0.014800 10.985201 -0.879301
v -0.057900 10.884001 -0.862401
v -0.026700 10.867701 -0.906301
v -0.071400 10.670100 -0.836101
v -0.063900 10.643400 -0.878001
v -0.064700 10.579301 -0.779601
v -0.053700 10.552000 -0.819301
v -0.057000 10.469701 -0.730601
v -0.048100 10.464300 -0.757701
v -0.060100 10.330900 -0.696301
v -0.053600 10.330400 -0.712101
v -0.047600 10.190201 -0.652201
v -0.043900 10.186800 -0.662101
v 0.071700 11.067400 -0.754401
v 0.103200 11.074400 -0.788101
v 0.038100 11.112101 -0.783101
v 0.075000 11.113501 -0.812201
v 0.082600 10.987000 -0.710301
v 0.130000 11.002200 -0.740901
v 0.080500 10.890800 -0.665401
v 0.135800 10.894700 -0.689901
v 0.080600 10.767501 -0.632801
v 0.142000 10.754101 -0.652701
v 0.101200 10.639300 -0.630701
v 0.159900 10.617801 -0.654701
v 0.079200 10.491100 -0.662401
v 0.099500 10.483300 -0.684801
v 0.061100 10.341801 -0.667201
v 0.071100 10.339701 -0.682301
v 0.060400 10.159500 -0.640101
v 0.062800 10.159801 -0.649401
v 0.061400 11.074600 -0.849801
v 0.089700 11.080800 -0.845201
v 0.051800 11.105400 -0.865201
v 0.081900 11.109301 -0.862501
v 0.080000 11.021100 -0.841801
v 0.114300 11.031800 -0.834301
v 0.108700 10.968000 -0.843701
v 0.152400 10.976501 -0.829901
v 0.110700 10.870800 -0.867101
v 0.167000 10.878401 -0.843801
v 0.083000 10.732401 -0.876301
v 0.144000 10.751400 -0.849801
v 0.073500 10.590000 -0.845401
v 0.113200 10.607901 -0.831501
v 0.058500 10.506300 -0.792501
v 0.080300 10.510500 -0.787501
v 0.059000 10.416600 -0.761601
v 0.065800 10.417800 -0.762901
v 0.092800 11.081000 -0.836901
v 0.121800 11.086000 -0.839301
v 0.082400 11.114901 -0.838301
v 0.111600 11.117101 -0.838401
v 0.120000 11.025600 -0.876301
v 0.150800 11.033000 -0.873201
v 0.138100 10.968901 -0.903401
v 0.174800 10.970901 -0.908601
v 0.123400 10.862000 -0.916801
v 0.166800 10.864000 -0.923501
v 0.076900 10.714500 -0.898501
v 0.128400 10.728200 -0.895901
v 0.012200 10.565201 -0.867401
v 0.049400 10.574800 -0.867501
v -0.016400 10.501000 -0.813001
v 0.000400 10.502601 -0.813801
v -0.033600 10.435301 -0.782301
v -0.026400 10.434000 -0.783201
v 0.038900 11.061400 -0.837001
v 0.069000 11.068800 -0.832401
v 0.038700 11.093500 -0.865101
v 0.065100 11.097401 -0.853701
v 0.047200 11.005301 -0.821901
v 0.086100 11.016701 -0.813201
v 0.063100 10.944301 -0.812301
v 0.113500 10.955001 -0.796101
v 0.049400 10.838600 -0.822001
v 0.109000 10.845700 -0.802101
v 0.024000 10.716600 -0.828201
v 0.088400 10.732100 -0.802601
v 0.043400 10.610500 -0.794201
v 0.086900 10.627400 -0.778301
v 0.060100 10.542601 -0.752701
v 0.085500 10.547100 -0.744601
v 0.070100 10.464001 -0.728901
v 0.077800 10.465000 -0.729801
v 0.077900 11.071700 -0.826201
v 0.110900 11.081800 -0.820501
v 0.065500 11.104501 -0.857301
v 0.097000 11.111501 -0.843901
v 0.114800 11.017000 -0.805501
v 0.152200 11.030400 -0.796801
v 0.164700 10.952400 -0.783901
v 0.204300 10.954600 -0.769101
v 0.183000 10.840000 -0.777601
v 0.226700 10.836500 -0.758201
v 0.162500 10.716400 -0.772901
v 0.212300 10.721500 -0.748901
v 0.101300 10.539801 -0.747501
v 0.132100 10.542500 -0.737701
v 0.046800 10.390100 -0.725001
v 0.063700 10.393101 -0.723301
v 0.082400 10.247200 -0.675501
v 0.089700 10.249101 -0.677501
v 0.095700 11.067201 -0.839601
v 0.126000 11.077001 -0.832401
v 0.078500 11.101601 -0.861601
v 0.107200 11.109200 -0.845301
v 0.156500 11.014900 -0.844101
v 0.187100 11.022301 -0.838501
v 0.206600 10.944000 -0.847801
v 0.238600 10.938801 -0.852601
v 0.209000 10.824600 -0.829501
v 0.247900 10.816601 -0.836201
v 0.162200 10.704500 -0.807701
v 0.212100 10.715501 -0.806801
v 0.083300 10.552700 -0.798501
v 0.121100 10.566401 -0.794901
v 0.027100 10.454000 -0.784801
v 0.043300 10.457400 -0.784601
v 0.017000 10.364100 -0.752301
v 0.025700 10.363400 -0.753601
v 0.053500 11.062600 -0.787201
v 0.089600 11.074201 -0.781601
v 0.047100 11.098001 -0.822801
v 0.079200 11.105500 -0.809001
v 0.077300 10.999901 -0.759301
v 0.120200 11.016601 -0.748601
v 0.107200 10.926201 -0.732201
v 0.155100 10.935500 -0.716301
v 0.130500 10.820500 -0.711601
v 0.181400 10.823501 -0.693101
v 0.147000 10.722100 -0.690001
v 0.195500 10.724200 -0.672201
v 0.136100 10.594300 -0.670001
v 0.167000 10.598600 -0.661201
v 0.070700 10.480600 -0.677401
v 0.088000 10.482700 -0.674001
v 0.059000 10.364100 -0.665301
v 0.066100 10.365500 -0.667401
v -0.017000 11.084300 -0.784101
v 0.012000 11.085700 -0.797201
v -0.010400 11.110600 -0.799401
v 0.012100 11.112700 -0.808201
v -0.061800 11.040200 -0.785201
v -0.021400 11.037300 -0.798101
v -0.120300 10.992801 -0.789201
v -0.084600 10.988800 -0.806401
v -0.141600 10.896001 -0.785001
v -0.104500 10.881101 -0.807401
v -0.144500 10.773300 -0.772601
v -0.108400 10.745200 -0.793901
v -0.127300 10.630900 -0.757001
v -0.103600 10.616800 -0.770301
v -0.081200 10.529301 -0.726501
v -0.067900 10.525600 -0.735401
v -0.036300 10.429701 -0.710201
v -0.032800 10.428801 -0.716001
v -0.005200 11.071600 -0.815901
v 0.018400 11.073601 -0.831001
v -0.008600 11.107201 -0.823701
v 0.017900 11.107201 -0.834001
v -0.049500 11.023001 -0.835001
v -0.018900 11.019501 -0.852401
v -0.109900 10.977100 -0.846101
v -0.084000 10.969100 -0.873501
v -0.149500 10.877100 -0.818401
v -0.133200 10.859900 -0.847701
v -0.166900 10.768201 -0.784501
v -0.151800 10.747601 -0.809701
v -0.172600 10.642000 -0.760001
v -0.161400 10.633301 -0.775401
v -0.121800 10.522700 -0.748201
v -0.116700 10.521001 -0.756901
v -0.093800 10.441700 -0.719501
v -0.089800 10.438701 -0.725301
v -0.002100 11.065901 -0.755101
v 0.025900 11.068100 -0.772201
v -0.007900 11.099501 -0.786201
v 0.022900 11.099900 -0.795601
v -0.033200 11.012700 -0.727801
v 0.003000 11.010900 -0.744901
v -0.072300 10.957001 -0.704701
v -0.035900 10.951200 -0.722201
v -0.115900 10.874701 -0.691701
v -0.085900 10.860101 -0.709001
v -0.130600 10.787101 -0.691301
v -0.098800 10.764100 -0.708801
v -0.102800 10.664201 -0.704701
v -0.078900 10.653601 -0.717601
v -0.058600 10.569301 -0.695501
v -0.041500 10.565500 -0.702001
v -0.011600 10.477700 -0.690901
v -0.007900 10.476501 -0.696301
v 0.037800 11.071301 -0.783101
v 0.069600 11.078000 -0.799901
v 0.018700 11.109000 -0.798501
v 0.054100 11.111501 -0.810801
v 0.035100 11.005700 -0.781401
v 0.078000 11.016400 -0.794901
v 0.021400 10.935400 -0.783301
v 0.079100 10.939000 -0.795801
v -0.017400 10.818900 -0.782701
v 0.039900 10.805100 -0.798301
v -0.047500 10.688101 -0.766701
v 0.010900 10.666400 -0.777801
v -0.033000 10.552000 -0.712601
v -0.003800 10.545200 -0.719901
v -0.023900 10.407001 -0.669701
v -0.011200 10.404700 -0.680001
v 0.014100 10.257000 -0.642101
v 0.018400 10.257200 -0.648701
v 0.004800 11.071000 -0.815101
v 0.035800 11.076000 -0.832201
v -0.007900 11.112400 -0.824701
v 0.026000 11.114800 -0.836101
v -0.011200 11.006701 -0.832801
v 0.029400 11.006001 -0.852001
v -0.036200 10.939200 -0.849001
v 0.003800 10.925401 -0.879801
v -0.055400 10.785501 -0.828701
v -0.031400 10.754900 -0.865201
v -0.076400 10.674101 -0.787201
v -0.050400 10.640600 -0.822201
v -0.087000 10.574301 -0.737101
v -0.066300 10.565801 -0.756901
v -0.071600 10.480101 -0.706401
v -0.063700 10.478801 -0.717101
v -0.064700 10.390800 -0.667501
v -0.059700 10.387700 -0.674401
v 0.027300 11.059300 -0.754101
v 0.061200 11.066700 -0.772601
v 0.012000 11.097800 -0.781801
v 0.047900 11.100400 -0.794601
v 0.017600 10.991800 -0.728401
v 0.064400 11.002001 -0.744801
v 0.002400 10.917100 -0.701401
v 0.054700 10.917601 -0.716101
v -0.006600 10.813400 -0.683201
v 0.049600 10.806601 -0.694601
v 0.010500 10.710300 -0.676701
v 0.082300 10.696301 -0.681601
v 0.039600 10.576100 -0.678601
v 0.075200 10.570200 -0.684701
v 0.016600 10.457701 -0.688401
v 0.028800 10.455900 -0.696801
v 0.017100 10.335700 -0.667901
v 0.020800 10.335401 -0.674401
v 0.051900 11.061701 -0.856401
v 0.085400 11.067101 -0.865401
v 0.035400 11.102600 -0.867001
v 0.071700 11.106601 -0.858901
v 0.065400 10.995900 -0.877501
v 0.101000 11.005000 -0.887401
v 0.070100 10.924300 -0.899201
v 0.110500 10.929400 -0.906901
v 0.040200 10.772100 -0.889801
v 0.075700 10.764001 -0.893001
v 0.003800 10.623401 -0.884701
v 0.038800 10.613200 -0.884201
v 0.012800 10.507100 -0.844101
v 0.038400 10.506801 -0.845401
v 0.029400 10.394401 -0.780301
v 0.047700 10.395500 -0.783201
v 0.078400 10.259100 -0.713601
v 0.085400 10.260201 -0.718001
v 0.094600 11.066700 -0.840901
v 0.128600 11.071900 -0.843001
v 0.079400 11.106000 -0.853201
v 0.115400 11.108101 -0.844201
v 0.104000 10.999500 -0.872801
v 0.139000 11.007200 -0.885701
v 0.088000 10.914801 -0.900201
v 0.120500 10.916800 -0.926401
v 0.036800 10.742801 -0.894001
v 0.058500 10.729501 -0.918501
v -0.006400 10.609000 -0.885401
v 0.016400 10.599401 -0.904601
v -0.037600 10.508600 -0.850001
v -0.016400 10.507100 -0.860601
v -0.055100 10.415501 -0.793801
v -0.042400 10.415700 -0.800801
v -0.059700 10.320801 -0.736901
v -0.051700 10.318100 -0.741001
v 0.038800 11.060301 -0.837101
v 0.073300 11.066300 -0.842801
v 0.023800 11.101800 -0.867401
v 0.060300 11.104000 -0.865101
v 0.054400 10.991700 -0.823901
v 0.092500 11.001801 -0.829001
v 0.058400 10.910701 -0.820701
v 0.100600 10.915000 -0.825401
v 0.025500 10.760201 -0.822001
v 0.061000 10.751101 -0.824301
v -0.000800 10.630301 -0.816901
v 0.038300 10.623200 -0.813001
v 0.020600 10.534301 -0.781001
v 0.048800 10.534101 -0.780901
v 0.034200 10.437800 -0.760601
v 0.053500 10.438701 -0.762601
v 0.081800 10.329301 -0.734901
v 0.088800 10.330200 -0.739301
v 0.084500 11.068800 -0.835201
v 0.123200 11.078601 -0.838701
v 0.058400 11.112801 -0.859701
v 0.099000 11.121000 -0.847701
v 0.118700 10.998301 -0.836401
v 0.159800 11.010000 -0.843901
v 0.138800 10.905101 -0.839801
v 0.184100 10.910001 -0.843601
v 0.106800 10.725801 -0.834001
v 0.154000 10.733101 -0.831501
v 0.081400 10.586700 -0.815301
v 0.125800 10.588401 -0.812301
v 0.064800 10.427401 -0.773001
v 0.092600 10.426500 -0.775501
v 0.054700 10.226800 -0.709001
v 0.074100 10.228801 -0.713901
v 0.040700 10.049500 -0.657901
v 0.048500 10.050800 -0.663201
v 0.096900 11.069800 -0.834601
v 0.136900 11.074700 -0.834401
v 0.070800 11.114301 -0.846401
v 0.107700 11.119101 -0.828401
v 0.141800 11.000100 -0.872301
v 0.178200 11.006801 -0.884201
v 0.150300 10.904901 -0.891701
v 0.186500 10.905400 -0.917901
v 0.099000 10.706500 -0.861601
v 0.126900 10.700900 -0.886101
v 0.068500 10.579201 -0.828701
v 0.096000 10.574800 -0.850701
v 0.036100 10.457300 -0.796301
v 0.062100 10.460401 -0.807301
v 0.028300 10.324000 -0.750001
v 0.043300 10.326900 -0.756801
v 0.028000 10.189900 -0.715801
v 0.037500 10.188101 -0.720501
v 0.076000 11.056300 -0.805001
v 0.116700 11.067500 -0.810701
v 0.050500 11.097900 -0.845001
v 0.093700 11.104900 -0.841501
v 0.106300 10.981100 -0.780501
v 0.150300 10.996301 -0.785501
v 0.118700 10.875501 -0.767301
v 0.165100 10.881701 -0.770201
v 0.121000 10.726300 -0.747101
v 0.170400 10.725101 -0.744301
v 0.136200 10.612101 -0.714501
v 0.183000 10.606501 -0.715601
v 0.124800 10.484800 -0.698001
v 0.153800 10.486401 -0.702801
v 0.078500 10.345301 -0.673301
v 0.096800 10.346900 -0.677501
v 0.040700 10.163100 -0.634701
v 0.048200 10.164001 -0.640001
v -0.006100 11.085000 -0.774801
v 0.021200 11.084901 -0.802301
v -0.008000 11.117201 -0.794501
v 0.014800 11.118401 -0.814001
v -0.040800 11.030101 -0.767001
v -0.003800 11.026200 -0.795301
v -0.083000 10.970301 -0.762401
v -0.054700 10.963800 -0.791401
v -0.081300 10.836901 -0.757201
v -0.058400 10.812100 -0.785101
v -0.086900 10.710100 -0.738501
v -0.069700 10.675301 -0.765301
v -0.079800 10.563200 -0.708201
v -0.065500 10.550700 -0.728001
v -0.059200 10.430600 -0.675701
v -0.049800 10.425600 -0.691601
v -0.020100 10.285800 -0.661001
v -0.018000 10.285100 -0.669301
v -0.004000 11.068900 -0.818201
v 0.016000 11.069800 -0.844601
v -0.015400 11.113100 -0.824201
v 0.011600 11.111401 -0.846601
v -0.046700 11.011600 -0.834901
v -0.024900 11.007601 -0.863001
v -0.099600 10.952801 -0.839201
v -0.087400 10.942201 -0.874201
v -0.099000 10.791201 -0.815501
v -0.099600 10.764501 -0.848201
v -0.095300 10.651501 -0.794801
v -0.094100 10.622601 -0.827601
v -0.078700 10.522000 -0.771501
v -0.071600 10.515000 -0.792401
v -0.061000 10.405300 -0.753501
v -0.056300 10.404000 -0.766401
v -0.041400 10.302100 -0.713201
v -0.038500 10.298901 -0.721501
v 0.034100 11.067301 -0.746601
v 0.059600 11.070300 -0.775301
v 0.009600 11.108900 -0.778401
v 0.041600 11.107401 -0.801701
v 0.029400 10.996600 -0.709501
v 0.058300 11.002001 -0.737601
v 0.011700 10.921000 -0.674601
v 0.036000 10.915601 -0.703901
v -0.022500 10.828401 -0.644901
v -0.003000 10.812301 -0.672701
v -0.043700 10.735500 -0.638101
v -0.021300 10.709001 -0.664401
v -0.033600 10.594900 -0.651201
v -0.016500 10.582101 -0.667801
v -0.021000 10.473701 -0.650801
v -0.010300 10.468500 -0.665501
v 0.012400 10.349300 -0.653801
v 0.014400 10.348101 -0.662201
v 0.059400 11.067301 -0.794801
v 0.086600 11.072201 -0.826201
v 0.026500 11.113300 -0.805301
v 0.063700 11.114201 -0.833701
v 0.062300 10.989800 -0.790901
v 0.091800 10.999300 -0.823201
v 0.042400 10.897100 -0.788201
v 0.072500 10.897800 -0.821301
v 0.002200 10.749500 -0.768501
v 0.024100 10.721300 -0.799901
v -0.007800 10.624201 -0.728401
v 0.019000 10.594701 -0.753201
v -0.011500 10.448900 -0.687501
v 0.003800 10.438300 -0.708701
v 0.000500 10.210300 -0.669001
v 0.012200 10.208600 -0.686201
v 0.034600 10.004601 -0.651901
v 0.037200 10.005000 -0.661301
v 0.007600 11.067600 -0.821601
v 0.034700 11.071501 -0.852401
v -0.015100 11.119400 -0.825701
v 0.020500 11.120400 -0.852201
v -0.005600 10.991200 -0.839301
v 0.021100 10.989600 -0.872701
v -0.031200 10.901501 -0.844201
v -0.017100 10.889001 -0.884401
v -0.045700 10.698501 -0.817301
v -0.048700 10.666700 -0.857301
v -0.046000 10.590100 -0.772801
v -0.045400 10.561601 -0.811401
v -0.058300 10.469900 -0.730601
v -0.049300 10.464500 -0.757801
v -0.062400 10.331100 -0.696301
v -0.055900 10.330501 -0.712101
v -0.049900 10.190400 -0.652201
v -0.046200 10.187100 -0.662101
v 0.072200 11.067901 -0.754501
v 0.100600 11.074301 -0.788301
v 0.035900 11.112101 -0.783101
v 0.072700 11.113501 -0.812101
v 0.082000 10.989000 -0.717501
v 0.114900 11.001000 -0.750201
v 0.072500 10.891900 -0.683501
v 0.102800 10.892600 -0.715001
v 0.066600 10.766701 -0.651001
v 0.097300 10.747300 -0.681501
v 0.082100 10.639100 -0.640201
v 0.118900 10.613601 -0.670601
v 0.074900 10.490900 -0.662901
v 0.093500 10.482901 -0.685501
v 0.058800 10.341600 -0.667201
v 0.068800 10.339500 -0.682301
v 0.058200 10.159500 -0.640101
v 0.060500 10.159700 -0.649301
v 0.060000 11.074600 -0.849801
v 0.087200 11.080701 -0.845201
v 0.050500 11.105300 -0.867801
v 0.079600 11.109301 -0.862501
v 0.075100 11.022401 -0.839601
v 0.104000 11.031401 -0.833901
v 0.083800 10.968201 -0.837701
v 0.115600 10.974100 -0.830901
v 0.061200 10.877200 -0.849101
v 0.092900 10.872500 -0.842801
v 0.030100 10.747900 -0.851301
v 0.058200 10.738900 -0.843101
v 0.022500 10.589601 -0.832401
v 0.045600 10.594501 -0.824901
v 0.036800 10.505800 -0.791701
v 0.053800 10.508500 -0.788801
v 0.056600 10.416400 -0.761701
v 0.063300 10.417601 -0.763101
v 0.092600 11.083800 -0.848601
v 0.119400 11.090700 -0.839001
v 0.084500 11.118000 -0.862001
v 0.110600 11.123200 -0.843801
v 0.107500 11.025201 -0.873801
v 0.136400 11.032400 -0.870301
v 0.104000 10.967601 -0.891701
v 0.133700 10.970901 -0.900501
v 0.066100 10.864901 -0.890401
v 0.091500 10.856300 -0.904601
v 0.025000 10.730000 -0.868701
v 0.049400 10.720000 -0.876501
v -0.011000 10.577801 -0.847201
v 0.008200 10.579901 -0.848601
v -0.021500 10.502900 -0.812301
v -0.009200 10.504300 -0.812701
v -0.035900 10.435301 -0.782301
v -0.028700 10.434000 -0.783201
v 0.039600 11.063300 -0.837401
v 0.067300 11.069800 -0.832701
v 0.034800 11.095800 -0.865601
v 0.061500 11.099100 -0.854001
v 0.050300 11.009001 -0.818801
v 0.080500 11.018001 -0.812501
v 0.053700 10.950500 -0.806101
v 0.086500 10.954600 -0.798401
v 0.030000 10.858300 -0.807001
v 0.060000 10.849601 -0.800501
v 0.006100 10.746000 -0.808001
v 0.034800 10.739301 -0.798501
v 0.012700 10.620501 -0.786101
v 0.037200 10.625700 -0.777801
v 0.037500 10.544701 -0.752001
v 0.055800 10.547501 -0.747201
v 0.064300 10.463600 -0.729501
v 0.071500 10.464500 -0.730401
v 0.076300 11.071700 -0.826301
v 0.108100 11.081700 -0.820601
v 0.063200 11.104501 -0.857201
v 0.094700 11.111601 -0.843801
v 0.102000 11.016500 -0.807101
v 0.135300 11.028800 -0.801201
v 0.119700 10.950900 -0.795101
v 0.155700 10.957101 -0.786001
v 0.098400 10.831800 -0.798201
v 0.135500 10.832701 -0.787301
v 0.071000 10.695900 -0.791401
v 0.110100 10.695300 -0.775701
v 0.068800 10.538301 -0.749801
v 0.094900 10.539500 -0.741501
v 0.044500 10.389900 -0.725101
v 0.061300 10.392800 -0.723301
v 0.080100 10.247101 -0.675501
v 0.087400 10.248900 -0.677501
v 0.092000 11.066200 -0.838801
v 0.122100 11.075900 -0.831201
v 0.075900 11.100500 -0.860101
v 0.104500 11.107700 -0.843301
v 0.133000 11.013400 -0.843901
v 0.164400 11.022301 -0.841601
v 0.147900 10.948000 -0.852401
v 0.182000 10.949600 -0.861101
v 0.105200 10.809800 -0.842301
v 0.136300 10.806001 -0.855601
v 0.066300 10.678801 -0.818301
v 0.098400 10.676400 -0.825201
v 0.043400 10.550800 -0.794901
v 0.068400 10.557000 -0.795901
v 0.021500 10.453800 -0.785201
v 0.036100 10.456901 -0.785201
v 0.014700 10.364000 -0.752401
v 0.023400 10.363400 -0.753501
v 0.055600 11.063500 -0.787301
v 0.088000 11.074201 -0.781701
v 0.045100 11.098001 -0.822701
v 0.076800 11.105400 -0.809001
v 0.075500 11.002200 -0.762001
v 0.109900 11.015800 -0.755101
v 0.084300 10.926801 -0.745401
v 0.120100 10.934300 -0.737101
v 0.079000 10.817500 -0.736501
v 0.116100 10.814401 -0.726401
v 0.085600 10.715600 -0.717001
v 0.128800 10.711301 -0.700801
v 0.099700 10.592900 -0.680601
v 0.127000 10.593801 -0.671801
v 0.066800 10.480300 -0.677901
v 0.083600 10.482500 -0.674501
v 0.056700 10.364000 -0.664801
v 0.063700 10.365300 -0.667401
v -0.014400 11.085000 -0.784001
v 0.012900 11.086101 -0.797501
v -0.011900 11.110701 -0.799601
v 0.010000 11.112801 -0.808201
v -0.041200 11.040300 -0.785401
v -0.005700 11.037500 -0.797701
v -0.074600 10.995100 -0.790301
v -0.044400 10.987901 -0.804501
v -0.082500 10.914600 -0.784401
v -0.055200 10.898801 -0.799201
v -0.078900 10.793500 -0.772001
v -0.057700 10.767000 -0.786901
v -0.083200 10.638400 -0.757001
v -0.068400 10.626500 -0.767501
v -0.069100 10.531100 -0.726401
v -0.057000 10.527700 -0.735901
v -0.038600 10.429800 -0.710301
v -0.035100 10.428801 -0.716101
v -0.001600 11.072400 -0.815801
v 0.019800 11.074201 -0.831201
v -0.010200 11.107401 -0.823701
v 0.015900 11.107301 -0.834001
v -0.027500 11.022700 -0.834401
v -0.004100 11.020101 -0.850901
v -0.068400 10.980901 -0.844801
v -0.050400 10.972200 -0.868701
v -0.092800 10.901200 -0.818101
v -0.082700 10.883700 -0.844601
v -0.096500 10.782801 -0.786001
v -0.088300 10.760100 -0.811101
v -0.119800 10.641601 -0.765301
v -0.110300 10.633600 -0.780201
v -0.109100 10.523101 -0.749101
v -0.103000 10.521601 -0.757701
v -0.096100 10.441900 -0.719501
v -0.092100 10.438900 -0.725301
v 0.003500 11.066900 -0.755401
v 0.029400 11.069100 -0.772301
v -0.008100 11.099900 -0.786301
v 0.021700 11.100101 -0.795601
v -0.008700 11.013000 -0.728301
v 0.020900 11.013400 -0.745501
v -0.029200 10.957801 -0.706001
v -0.002100 10.952201 -0.721601
v -0.057800 10.883801 -0.691701
v -0.034500 10.871401 -0.706701
v -0.069200 10.800200 -0.691101
v -0.046200 10.782400 -0.706801
v -0.060800 10.676201 -0.703301
v -0.043900 10.667400 -0.712701
v -0.041900 10.572801 -0.693501
v -0.028300 10.569401 -0.700101
v -0.014000 10.477800 -0.691201
v -0.010200 10.476601 -0.696601
v 0.039900 11.072101 -0.783101
v 0.068800 11.078100 -0.799901
v 0.016800 11.109100 -0.798501
v 0.051800 11.111501 -0.810701
v 0.044200 11.009601 -0.780001
v 0.075400 11.018300 -0.795101
v 0.030300 10.942901 -0.777901
v 0.063300 10.943701 -0.793701
v -0.001100 10.841801 -0.769601
v 0.024100 10.826100 -0.787501
v -0.025000 10.713401 -0.754801
v 0.000600 10.687600 -0.768201
v -0.023800 10.555301 -0.711301
v -0.003000 10.548201 -0.719501
v -0.026200 10.407001 -0.669801
v -0.013500 10.404700 -0.680101
v 0.011800 10.257000 -0.642101
v 0.016100 10.257300 -0.648701
v 0.007900 11.071900 -0.815601
v 0.035900 11.076401 -0.832301
v -0.009800 11.112400 -0.824801
v 0.023700 11.114800 -0.836001
v 0.005500 11.007900 -0.829501
v 0.034800 11.009300 -0.848101
v -0.013300 10.945300 -0.835201
v 0.008600 10.937201 -0.862801
v -0.028900 10.818800 -0.810301
v -0.020600 10.792400 -0.840501
v -0.044500 10.698900 -0.775301
v -0.035800 10.669600 -0.804201
v -0.062100 10.579801 -0.737101
v -0.047700 10.572201 -0.753601
v -0.072800 10.480300 -0.706401
v -0.064500 10.479100 -0.717201
v -0.067000 10.390901 -0.667501
v -0.062000 10.387800 -0.674401
v 0.032400 11.060700 -0.754201
v 0.062500 11.067400 -0.772601
v 0.011400 11.098101 -0.781801
v 0.046000 11.100400 -0.794601
v 0.033900 10.995800 -0.729301
v 0.067500 11.005100 -0.747301
v 0.023100 10.922501 -0.705401
v 0.054700 10.923100 -0.723401
v 0.011900 10.823900 -0.686301
v 0.040200 10.812500 -0.705701
v 0.017200 10.719100 -0.679401
v 0.054300 10.699500 -0.694601
v 0.033300 10.579500 -0.679601
v 0.056900 10.572801 -0.689501
v 0.014100 10.457701 -0.688501
v 0.026300 10.455900 -0.696901
v 0.014700 10.335601 -0.667801
v 0.018500 10.335401 -0.674601
v 0.126300 11.058201 -0.873701
v -0.009000 11.058600 -0.850801
v 0.130000 11.060600 -0.800001
v -0.016200 11.058001 -0.741001
v 0.051200 11.050501 -0.866501
v -0.001300 11.163501 -0.895201
v 0.107300 11.173600 -0.842901
v 0.085100 11.064600 -0.746101
v -0.023700 11.162900 -0.759901
v 0.122400 11.149000 -0.789501
v 0.160900 11.064100 -0.839201
v -0.051900 11.059700 -0.791201
v 0.056300 11.166901 -0.880301
v 0.079100 11.152500 -0.766901
v -0.028100 11.174300 -0.813701
v 0.118500 11.166901 -0.811901
v 0.116900 11.148801 -0.860401
v 0.118200 11.125800 -0.862101
v 0.116200 11.096300 -0.853701
v 0.121500 11.079801 -0.864501
v 0.129000 11.131101 -0.793301
v 0.113900 11.110001 -0.803601
v 0.116600 11.090301 -0.804401
v 0.127900 11.077201 -0.798901
v -0.010900 11.088901 -0.861201
v -0.010700 11.109301 -0.867601
v -0.006100 11.130000 -0.871501
v -0.015500 11.148801 -0.885801
v -0.009300 11.082500 -0.740301
v -0.013300 11.098300 -0.761601
v -0.005800 11.120601 -0.779401
v -0.019400 11.142501 -0.766301
v 0.051600 11.071100 -0.879601
v 0.049300 11.096500 -0.873901
v 0.054000 11.122500 -0.884101
v 0.055400 11.148001 -0.887101
v 0.080000 11.134601 -0.764701
v 0.078700 11.116800 -0.767001
v 0.075400 11.096601 -0.772401
v 0.081300 11.080501 -0.759501
v -0.033200 11.152301 -0.812601
v -0.033900 11.131300 -0.808701
v -0.015200 11.108701 -0.792501
v -0.035300 11.089900 -0.800801
v 0.155300 11.085100 -0.835401
v 0.135400 11.102000 -0.832601
v 0.129700 11.126500 -0.816001
v 0.130100 11.149501 -0.813801
v 0.112000 11.112000 -0.851301
v 0.111900 11.101001 -0.806801
v -0.005100 11.122200 -0.865601
v -0.005200 11.107600 -0.776501
v 0.050300 11.110500 -0.870501
v 0.075500 11.106100 -0.774401
v -0.016800 11.120501 -0.802201
v 0.125000 11.113800 -0.823901
v 0.123900 11.069000 -0.869101
v 0.128900 11.068900 -0.799501
v 0.082600 11.071800 -0.756201
v -0.043600 11.074800 -0.796001
v -0.010000 11.073700 -0.856001
v -0.013800 11.073800 -0.736501
v 0.050900 11.061100 -0.875401
v 0.158100 11.074600 -0.837301
v 0.166000 14.092601 -0.662201
v 0.162900 14.073400 -0.660001
v 0.037700 14.103001 -0.667001
v 0.042600 14.075801 -0.678701
v -0.014100 14.130301 -0.692901
v -0.011300 14.155101 -0.690801
v 0.070300 13.976001 -0.661701
v 0.072400 13.951401 -0.668601
vn -0.1820 0.3204 0.9296
vn -0.4893 0.1201 0.8638
vn -0.6665 -0.0044 0.7454
vn -0.7786 -0.0732 0.6232
vn -0.9221 -0.3020 0.2421
vn -0.9206 -0.3885 -0.0408
vn -0.8729 -0.4677 -0.1388
vn -0.8038 -0.4373 -0.4034
vn -0.9021 -0.2647 -0.3409
vn -0.6391 -0.0031 -0.7691
vn -0.3323 0.1811 -0.9256
vn 0.8310 -0.4173 -0.3679
vn 0.8895 -0.4279 -0.1603
vn 0.4317 -0.6441 0.6315
vn 0.3609 -0.4363 0.8243
vn -0.6374 -0.4455 -0.6287
vn 0.8894 0.0651 0.4524
vn 0.7994 0.5343 -0.2747
vn 0.6004 -0.7921 0.1101
vn -0.0567 -0.6576 0.7513
vn -0.8066 -0.0966 -0.5832
vn -0.2820 -0.7781 0.5614
vn 0.8718 -0.1606 0.4628
vn 0.4865 -0.3393 0.8051
vn -0.7779 -0.6269 -0.0437
vn 0.4114 -0.7030 0.5801
vn -0.1371 -0.6407 -0.7554
vn 0.8048 -0.5925 -0.0352
vn -0.0185 -0.6952 0.7186
vn -0.5708 -0.7080 0.4159
vn 0.5253 0.1941 0.8285
vn 0.4312 -0.4280 0.7943
vn -0.9049 -0.4213 -0.0601
vn 0.4498 -0.8444 0.2909
vn 0.1866 -0.5219 0.8323
vn 0.4630 -0.4728 -0.7497
vn 0.7369 -0.2957 0.6080
vn -0.0416 -0.7398 0.6716
vn -0.6977 -0.7149 0.0467
vn 0.6088 -0.1602 0.7770
vn 0.9109 -0.2262 -0.3451
vn 0.6612 -0.4929 0.5656
vn 0.1994 -0.0036 0.9799
vn -0.6453 0.1613 -0.7467
vn 0.9054 0.1195 0.4074
vn 0.9939 0.1088 0.0206
vn 0.5969 -0.8014 -0.0383
vn -0.4986 0.1798 0.8480
vn -0.5950 -0.1090 -0.7963
vn -0.6332 -0.6592 0.4055
vn 0.8806 0.0992 0.4634
vn 0.7031 -0.1635 0.6920
vn -0.8227 -0.5550 -0.1230
vn 0.6005 -0.6899 0.4043
vn 0.0669 0.1001 -0.9927
vn 0.8473 -0.5035 -0.1693
vn -0.7063 -0.0462 0.7064
vn -0.6811 -0.7101 0.1784
vn 0.6124 0.2878 0.7363
vn 0.6955 -0.3157 0.6454
vn -0.9392 -0.2926 -0.1794
vn 0.5209 -0.8409 0.1468
vn -0.0065 0.0190 0.9998
vn 0.5794 -0.1867 -0.7934
vn 0.7158 0.1083 0.6898
vn -0.6582 -0.4577 0.5978
vn -0.7168 -0.6967 0.0286
vn 0.6542 0.0780 0.7523
vn 0.8542 -0.3406 -0.3929
vn 0.8718 -0.3355 -0.3571
vn 0.9861 -0.1460 -0.0794
vn 0.9886 -0.1389 -0.0588
vn -0.8674 -0.0319 0.4965
vn -0.9297 -0.0055 0.3683
vn 0.8066 -0.3591 -0.4694
vn 0.7839 -0.3608 -0.5053
vn 0.4966 0.4850 0.7199
vn 0.5331 0.4651 0.7067
vn -0.9551 -0.1607 -0.2489
vn -0.9543 -0.1588 -0.2532
vn -0.4486 0.3253 -0.8324
vn -0.4719 0.0750 -0.8784
vn 0.7730 0.4515 0.4456
vn 0.7665 0.4324 0.4748
vn 0.9982 -0.0493 0.0343
vn 0.9972 -0.0395 0.0629
vn -0.4854 0.3333 0.8083
vn -0.4379 0.3822 0.8138
vn -0.9923 -0.0242 0.1218
vn -0.9933 0.0146 0.1148
vn 0.5425 -0.1841 -0.8196
vn 0.5255 -0.0744 -0.8475
vn -0.8519 -0.2921 -0.4347
vn -0.8656 -0.2870 -0.4102
vn 0.8502 0.3363 0.4050
vn 0.8601 0.3173 0.3994
vn 0.8925 0.3212 0.3166
vn 0.8944 0.3290 0.3029
vn -0.1526 0.2271 -0.9618
vn -0.2477 0.2324 -0.9406
vn 0.9981 -0.0600 0.0163
vn 0.9980 -0.0614 0.0157
vn -0.6237 0.0285 0.7812
vn -0.5889 0.0512 0.8066
vn 0.0895 0.1348 -0.9868
vn -0.0799 0.0478 -0.9957
vn -0.9872 -0.1135 -0.1122
vn -0.9907 -0.1028 -0.0893
vn -0.0570 0.0249 -0.9981
vn 0.1807 -0.0490 -0.9823
vn 0.1478 0.5207 0.8409
vn 0.1573 0.5116 0.8447
vn -0.8489 -0.1062 -0.5178
vn -0.7800 -0.2580 -0.5701
vn 0.6935 0.4881 0.5299
vn 0.6568 0.4848 0.5776
vn 0.9770 0.1216 0.1753
vn 0.9610 0.1543 0.2297
vn -0.2372 0.5053 0.8297
vn -0.2416 0.5342 0.8101
vn 0.7511 -0.3036 -0.5862
vn 0.7231 -0.2040 -0.6600
vn 0.9237 0.2936 0.2460
vn 0.9445 0.2636 0.1963
vn 0.1713 0.4680 0.8670
vn 0.0458 0.4589 0.8873
vn 0.5079 0.4816 0.7143
vn 0.5560 0.4914 0.6703
vn -0.1873 0.3336 0.9239
vn -0.4902 0.1229 0.8629
vn -0.6536 -0.0168 0.7566
vn -0.8133 -0.1342 0.5661
vn -0.9283 -0.3200 0.1893
vn -0.9230 -0.3829 -0.0377
vn -0.8750 -0.4622 -0.1439
vn -0.8576 -0.4296 -0.2826
vn -0.9354 -0.2101 -0.2845
vn -0.6879 0.1568 -0.7087
vn -0.0454 0.2856 -0.9573
vn 0.8801 0.2489 0.4043
vn 0.8414 0.3134 0.4403
vn 0.6909 0.4009 0.6016
vn 0.6566 0.3765 0.6535
vn 0.7343 0.3477 0.5831
vn 0.7485 0.2952 0.5937
vn 0.8534 0.1667 0.4939
vn 0.8720 0.1479 0.4666
vn 0.9421 0.0006 0.3354
vn 0.9488 0.0165 0.3156
vn 0.9706 -0.0849 0.2254
vn 0.9774 -0.1483 0.1504
vn 0.9806 -0.1797 0.0787
vn 0.9722 -0.2341 -0.0004
vn 0.9359 -0.3312 -0.1199
vn 0.9327 -0.3329 -0.1385
vn 0.8660 -0.3027 -0.3981
vn 0.8951 -0.2990 -0.3309
vn 0.5079 -0.0014 -0.8614
vn 0.4956 -0.0724 -0.8656
vn -0.9582 0.1239 -0.2578
vn -0.4836 0.0664 -0.8728
vn 0.8434 0.1954 -0.5005
vn 0.9647 0.1604 -0.2090
vn 0.8425 -0.4078 -0.3519
vn 0.8815 0.2886 0.3738
vn 0.9113 0.2675 0.3130
vn 0.7819 -0.0971 -0.6158
vn 0.8320 -0.1284 -0.5398
vn 0.8838 -0.2495 -0.3959
vn 0.6556 -0.4697 0.5913
vn 0.2600 -0.0157 0.9655
vn -0.6594 0.1598 -0.7346
vn 0.9052 0.1275 0.4055
vn 0.9938 0.1100 -0.0181
vn 0.5350 -0.8327 -0.1430
vn -0.5649 0.1440 0.8125
vn -0.6154 -0.1065 -0.7810
vn -0.6298 -0.6618 0.4065
vn 0.8731 0.0941 0.4783
vn 0.6909 -0.1291 0.7113
vn -0.8000 -0.5755 -0.1699
vn 0.6053 -0.6746 0.4225
vn 0.0491 0.0989 -0.9939
vn 0.8300 -0.5240 -0.1910
vn -0.6275 0.0079 0.7786
vn -0.6780 -0.7178 0.1584
vn 0.5883 0.3062 0.7485
vn 0.6832 -0.2997 0.6659
vn -0.9347 -0.2912 -0.2038
vn 0.5323 -0.8288 0.1723
vn -0.0551 0.0049 0.9985
vn 0.5541 -0.1941 -0.8095
vn 0.7049 0.0826 0.7045
vn -0.6221 -0.4077 0.6684
vn -0.7046 -0.7092 0.0241
vn 0.6196 0.1217 0.7755
vn 0.8770 -0.4421 -0.1884
vn 0.4016 -0.5840 0.7055
vn 0.3692 -0.4531 0.8114
vn -0.6413 -0.4529 -0.6194
vn 0.8880 0.0678 0.4548
vn 0.8001 0.5290 -0.2828
vn 0.1176 -0.9803 0.1584
vn -0.0366 -0.6216 0.7825
vn -0.7993 -0.1046 -0.5918
vn -0.2725 -0.8046 0.5277
vn 0.8884 -0.1334 0.4392
vn 0.4590 -0.3480 0.8174
vn -0.7720 -0.6331 -0.0557
vn 0.4133 -0.7054 0.5758
vn -0.1322 -0.6355 -0.7607
vn 0.1577 -0.9868 0.0381
vn 0.0299 -0.6571 0.7532
vn -0.5591 -0.7837 0.2706
vn 0.4730 0.2323 0.8499
vn 0.4393 -0.4892 0.7535
vn -0.8944 -0.4373 -0.0943
vn 0.4403 -0.8586 0.2625
vn 0.1997 -0.5171 0.8323
vn 0.4505 -0.4799 -0.7528
vn 0.7674 -0.2755 0.5789
vn -0.0462 -0.7729 0.6329
vn -0.6662 -0.7426 0.0681
vn 0.5054 -0.0682 0.8602
vn -0.0898 -0.4931 -0.8653
vn 0.1961 -0.5658 -0.8009
vn -0.6842 0.4718 -0.5561
vn -0.7009 0.2756 -0.6578
vn -0.8384 0.3966 -0.3737
vn -0.7641 -0.0828 -0.6397
vn -0.5553 0.3305 -0.7632
vn -0.3211 0.4105 -0.8534
vn -0.2002 0.8719 -0.4469
vn -0.4704 0.8448 -0.2551
vn -0.6585 0.3947 -0.6408
vn -0.3367 -0.1629 -0.9274
vn 0.0866 -0.4538 -0.8869
vn -0.0334 -0.2569 -0.9659
vn -0.3182 0.5004 -0.8052
vn -0.5952 0.5906 -0.5450
vn -0.5977 0.2481 -0.7624
vn -0.5239 0.2554 -0.8126
vn 0.7864 -0.4232 -0.4500
vn 0.5508 -0.6599 -0.5110
vn 0.7537 0.6535 -0.0696
vn 0.7456 0.6512 -0.1414
vn 0.4322 -0.7363 -0.5207
vn 0.4967 -0.7569 -0.4247
vn 0.6296 0.7685 -0.1140
vn 0.8723 0.3780 -0.3102
vn 0.9351 -0.1500 -0.3210
vn 0.9640 0.2079 -0.1655
vn 0.9071 -0.4207 -0.0131
vn 0.9413 -0.3228 0.0992
vn 0.7425 0.6690 -0.0330
vn 0.6854 0.7225 0.0906
vn 0.8653 0.5007 -0.0228
vn 0.9336 0.3556 -0.0441
vn 0.9914 0.1008 -0.0831
vn 0.9676 -0.1109 -0.2267
vn 0.9176 0.1476 -0.3690
vn 0.0518 -0.0640 -0.9966
vn 0.1614 -0.2516 -0.9543
vn -0.5045 0.5974 -0.6234
vn -0.6327 0.3589 -0.6863
vn -0.3292 0.6800 -0.6552
vn 0.0651 0.7100 -0.7012
vn 0.1187 0.7628 -0.6357
vn -0.2892 -0.2479 -0.9246
vn -0.2377 0.8167 -0.5258
vn -0.4092 0.8164 -0.4075
vn -0.3565 0.5726 -0.7382
vn -0.0810 0.2015 -0.9761
vn 0.0618 -0.1466 -0.9873
vn 0.0163 0.0469 -0.9988
vn -0.1994 0.8637 -0.4629
vn -0.4214 0.6441 -0.6384
vn -0.4610 0.7891 -0.4059
vn -0.5831 0.7401 -0.3351
vn 0.7386 -0.2492 -0.6264
vn 0.3320 -0.6057 -0.7231
vn 0.6743 0.7383 0.0162
vn 0.7921 0.5921 -0.1484
vn 0.2912 -0.6903 -0.6624
vn 0.3264 -0.7013 -0.6337
vn 0.7586 0.6363 -0.1403
vn 0.8184 0.5398 -0.1972
vn 0.9002 0.3845 -0.2046
vn 0.9220 0.3596 -0.1433
vn 0.6358 -0.4457 -0.6302
vn 0.7135 0.6965 0.0768
vn 0.6906 0.7013 0.1765
vn 0.8991 0.4303 0.0806
vn 0.8583 0.4876 0.1602
vn 0.9399 0.3383 -0.0460
vn 0.9174 0.0045 -0.3980
vn 0.1584 0.1383 -0.9776
vn 0.2402 0.0946 -0.9661
vn 0.3000 0.7157 -0.6307
vn 0.3965 0.6658 -0.6321
vn 0.4327 0.2291 -0.8719
vn 0.4677 0.2208 -0.8559
vn 0.7753 -0.1280 -0.6185
vn 0.7571 -0.2958 -0.5826
vn 0.4891 -0.0853 -0.8680
vn 0.4280 0.1857 -0.8845
vn -0.0634 0.8854 -0.4604
vn -0.0502 0.8721 -0.4867
vn -0.1526 -0.4618 -0.8738
vn -0.1608 -0.4158 -0.8951
vn -0.0446 -0.3447 -0.9377
vn -0.0229 -0.4078 -0.9128
vn 0.1837 0.2528 -0.9499
vn 0.1890 0.2068 -0.9599
vn 0.0749 0.9193 -0.3864
vn 0.1339 0.8068 -0.5754
vn 0.2270 0.7624 -0.6060
vn 0.3063 0.7360 -0.6037
vn 0.2912 0.7390 -0.6075
vn 0.3054 0.7845 -0.5397
vn 0.5770 -0.0362 -0.8159
vn 0.6230 -0.1267 -0.7719
vn 0.7237 -0.3656 -0.5853
vn 0.7528 -0.1178 -0.6477
vn 0.1420 0.4052 -0.9031
vn 0.0159 0.7360 -0.6768
vn 0.0142 -0.2483 -0.9686
vn 0.0341 -0.3834 -0.9230
vn -0.1262 -0.5622 -0.8173
vn -0.1221 -0.6061 -0.7859
vn -0.0834 0.3903 -0.9169
vn -0.0191 0.2069 -0.9782
vn -0.0796 0.5082 -0.8575
vn 0.1978 0.5220 -0.8297
vn 0.3358 0.5435 -0.7693
vn 0.3295 0.5689 -0.7535
vn 0.2603 0.4439 -0.8574
vn 0.2705 0.4425 -0.8550
vn 0.6509 -0.0119 -0.7591
vn 0.6382 -0.1136 -0.7614
vn 0.4773 0.2081 -0.8537
vn 0.4100 0.5488 -0.7284
vn -0.0807 0.8731 -0.4809
vn 0.1656 0.8169 -0.5524
vn -0.0219 -0.0249 -0.9995
vn -0.4270 0.2664 -0.8641
vn 0.0160 0.0872 -0.9961
vn 0.0139 -0.1959 -0.9805
vn 0.3140 0.5982 -0.7372
vn 0.3269 0.6523 -0.6839
vn -0.1345 0.9312 -0.3389
vn 0.2178 0.9147 -0.3405
vn 0.2845 0.7615 -0.5824
vn 0.2961 0.7105 -0.6384
vn 0.2712 0.5335 -0.8011
vn 0.2634 0.5890 -0.7640
vn 0.3867 0.4173 -0.8224
vn 0.4258 0.2593 -0.8669
vn 0.6474 -0.0087 -0.7621
vn 0.6473 0.1070 -0.7547
vn 0.1993 0.5521 -0.8096
vn 0.1912 0.6453 -0.7396
vn 0.1049 0.2839 -0.9531
vn -0.2568 0.5482 -0.7959
vn -0.0664 -0.4097 -0.9098
vn -0.1072 -0.3518 -0.9299
vn 0.2887 0.2352 -0.9281
vn 0.3334 -0.1214 -0.9349
vn 0.7659 -0.4024 -0.5014
vn 0.5402 -0.6581 -0.5245
vn 0.7822 0.6171 -0.0855
vn 0.7917 0.5891 -0.1617
vn 0.4396 -0.7323 -0.5201
vn 0.5717 -0.7109 -0.4097
vn 0.6300 0.7697 -0.1030
vn 0.8894 0.3293 -0.3170
vn 0.9511 -0.0106 -0.3087
vn 0.9684 0.1843 -0.1683
vn 0.9389 -0.3441 0.0041
vn 0.9230 -0.3747 0.0878
vn 0.7237 0.6898 -0.0180
vn 0.6456 0.7540 0.1215
vn 0.8755 0.4822 -0.0328
vn 0.8970 0.4418 -0.0108
vn 0.9760 0.2042 -0.0754
vn 0.9305 -0.1525 -0.3330
vn 0.9044 0.3062 -0.2973
vn 0.7128 -0.2853 -0.6407
vn 0.3640 -0.5907 -0.7201
vn 0.7238 0.6899 -0.0097
vn 0.8131 0.5580 -0.1660
vn 0.3191 -0.6822 -0.6578
vn 0.3233 -0.7158 -0.6189
vn 0.7520 0.6423 -0.1481
vn 0.8129 0.5455 -0.2038
vn 0.8836 0.4310 -0.1829
vn 0.9189 0.3699 -0.1368
vn 0.6529 -0.4354 -0.6198
vn 0.6963 0.7120 0.0906
vn 0.6534 0.7301 0.2004
vn 0.8887 0.4569 0.0390
vn 0.8375 0.5453 0.0359
vn 0.8883 0.4470 -0.1052
vn 0.9097 0.0496 -0.4122
vn -0.0383 -0.4498 -0.8923
vn 0.1686 -0.6280 -0.7597
vn -0.6814 0.5473 -0.4859
vn -0.6944 0.2020 -0.6907
vn -0.8687 0.2794 -0.4091
vn -0.8309 0.3266 -0.4505
vn -0.5417 0.6164 -0.5715
vn -0.2939 0.5469 -0.7839
vn -0.2449 0.7583 -0.6041
vn -0.5224 0.7310 -0.4391
vn -0.6657 0.3933 -0.6342
vn -0.3326 -0.0493 -0.9418
vn 0.0353 -0.4775 -0.8779
vn -0.0231 -0.2821 -0.9591
vn -0.3142 0.2168 -0.9243
vn -0.5934 0.5550 -0.5829
vn -0.5712 0.4090 -0.7117
vn -0.5265 0.0859 -0.8458
vn 0.0144 -0.0374 -0.9992
vn 0.2044 -0.3001 -0.9318
vn -0.3438 0.7454 -0.5712
vn -0.4627 0.6664 -0.5846
vn -0.5480 0.5355 -0.6426
vn -0.5649 0.4265 -0.7064
vn -0.3715 0.6962 -0.6143
vn -0.2453 0.5818 -0.7755
vn -0.2008 0.8073 -0.5548
vn -0.2819 0.8714 -0.4014
vn -0.3133 0.6528 -0.6897
vn -0.1882 0.1861 -0.9643
vn 0.0971 -0.1344 -0.9862
vn 0.0148 -0.0404 -0.9991
vn -0.2313 0.4937 -0.8383
vn -0.4238 0.5882 -0.6888
vn -0.4979 0.6319 -0.5940
vn -0.6377 0.4343 -0.6362
vn 0.6580 -0.6686 -0.3465
vn 0.6995 -0.6290 -0.3391
vn 0.6566 -0.5163 -0.5498
vn 0.6757 -0.4866 -0.5537
vn 0.8535 0.0887 -0.5136
vn 0.8232 -0.0239 -0.5673
vn 0.7372 -0.2053 -0.6438
vn 0.7504 -0.1839 -0.6349
vn 0.5109 -0.5527 -0.6583
vn 0.5660 -0.5010 -0.6547
vn 0.5739 -0.6767 -0.4612
vn 0.3912 -0.8203 -0.4173
vn 0.8101 0.4996 -0.3069
vn 0.7907 0.5465 -0.2759
vn 0.7932 0.4340 -0.4272
vn 0.7859 0.4805 -0.3892
vn 0.3807 -0.8277 -0.4123
vn 0.4308 -0.8054 -0.4073
vn 0.5921 -0.5983 -0.5398
vn 0.6821 -0.5719 -0.4558
vn 0.6863 -0.3544 -0.6352
vn 0.7793 -0.3086 -0.5454
vn 0.8431 0.4493 -0.2957
vn 0.8593 0.3866 -0.3350
vn 0.7701 0.5066 -0.3876
vn 0.7956 0.4687 -0.3839
vn 0.8946 0.2305 -0.3829
vn 0.8868 0.2522 -0.3873
vn 0.8699 0.3956 -0.2945
vn 0.8282 0.4464 -0.3389
vn 0.7596 0.6300 -0.1613
vn 0.7366 0.6346 -0.2339
vn 0.0869 -0.0481 -0.9951
vn 0.8330 -0.2450 -0.4961
vn -0.0405 -0.0767 -0.9962
vn 0.6075 -0.6929 -0.3883
vn 0.7824 0.5686 -0.2539
vn 0.7837 0.5473 -0.2939
vn 0.8501 0.1468 -0.5057
vn 0.9127 0.1822 -0.3658
vn 0.7839 -0.0872 -0.6147
vn 0.8046 -0.0100 -0.5938
vn 0.6901 -0.4383 -0.5759
vn 0.6453 -0.5250 -0.5550
vn 0.5411 -0.7837 -0.3051
vn 0.5135 -0.8046 -0.2980
vn 0.8345 0.4300 -0.3445
vn 0.8171 0.4791 -0.3208
vn 0.7326 0.5567 -0.3918
vn 0.7222 0.5708 -0.3907
vn 0.2338 -0.9069 -0.3506
vn 0.3256 -0.8716 -0.3666
vn 0.6926 -0.5159 -0.5041
vn 0.7356 -0.4635 -0.4940
vn 0.7662 -0.2127 -0.6064
vn 0.8137 -0.1072 -0.5713
vn 0.7770 0.6150 -0.1341
vn 0.8339 0.4999 -0.2337
vn 0.7439 0.5913 -0.3115
vn 0.7759 0.5303 -0.3418
vn 0.7838 0.5878 -0.2005
vn 0.8047 0.5521 -0.2184
vn 0.8701 0.4737 -0.1363
vn 0.8714 0.4746 -0.1242
vn 0.8710 0.4421 -0.2142
vn 0.8610 0.4725 -0.1885
vn 0.7894 0.6099 -0.0694
vn 0.8346 0.5358 -0.1279
vn 0.8460 0.4597 -0.2702
vn 0.8074 0.5701 -0.1519
vn 0.8426 0.3977 -0.3631
vn 0.8366 0.2685 -0.4776
vn -0.1634 0.5557 -0.8152
vn -0.2483 0.5076 -0.8250
vn -0.1828 0.4266 -0.8858
vn -0.0423 0.3063 -0.9510
vn -0.1651 0.2628 -0.9506
vn -0.0588 0.2291 -0.9716
vn -0.0220 -0.3669 -0.9300
vn -0.0098 -0.5200 -0.8541
vn -0.0395 -0.6113 -0.7904
vn 0.2089 -0.2025 -0.9567
vn 0.1182 -0.3681 -0.9222
vn 0.1119 -0.4457 -0.8881
vn 0.1056 -0.5385 -0.8360
vn -0.0153 -0.5145 -0.8573
vn 0.0662 -0.3739 -0.9251
vn -0.2565 -0.0865 -0.9627
vn -0.3757 -0.0019 -0.9267
vn -0.3190 0.1926 -0.9280
vn -0.4821 0.7675 -0.4224
vn -0.4707 0.7941 -0.3844
vn -0.4578 0.8258 -0.3293
vn -0.5091 0.7654 -0.3936
vn -0.5056 0.7593 -0.4097
vn -0.5142 0.7488 -0.4181
vn -0.6192 0.3963 -0.6779
vn -0.6096 0.4276 -0.6675
vn -0.6023 0.4510 -0.6586
vn -0.6810 -0.0740 -0.7286
vn -0.6808 -0.0588 -0.7301
vn -0.6761 -0.0434 -0.7355
vn -0.5379 0.1208 -0.8343
vn -0.5426 -0.1354 -0.8290
vn -0.5143 -0.3811 -0.7682
vn -0.3088 0.0589 -0.9493
vn -0.2980 -0.0295 -0.9541
vn -0.3179 -0.1026 -0.9426
vn -0.0897 0.0351 -0.9953
vn -0.0905 0.0998 -0.9909
vn -0.0873 0.1445 -0.9856
vn -0.2101 -0.1220 -0.9700
vn -0.2139 -0.0714 -0.9742
vn -0.2208 -0.0180 -0.9752
vn -0.2466 -0.3589 -0.9002
vn -0.2466 -0.3493 -0.9040
vn -0.2591 -0.3453 -0.9020
vn -0.2109 -0.3854 -0.8983
vn -0.2110 -0.4198 -0.8827
vn -0.2348 -0.4555 -0.8587
vn -0.0749 -0.4075 -0.9101
vn -0.0779 -0.4826 -0.8724
vn -0.0912 -0.5612 -0.8227
vn 0.0205 -0.5371 -0.8432
vn -0.0005 -0.4918 -0.8707
vn -0.0019 -0.4309 -0.9024
vn -0.2038 0.8871 -0.4141
vn -0.2292 0.7497 -0.6208
vn -0.2232 0.6555 -0.7215
vn -0.1476 0.7375 -0.6590
vn 0.4415 0.6277 -0.6412
vn -0.1177 0.7196 -0.6843
vn -0.0411 0.4860 -0.8730
vn -0.0504 0.5125 -0.8572
vn -0.0559 0.5340 -0.8436
vn 0.1171 0.1633 -0.9796
vn 0.1206 0.0084 -0.9927
vn 0.1316 -0.1226 -0.9837
vn 0.3307 0.1079 -0.9375
vn 0.3196 0.0040 -0.9475
vn 0.3160 -0.0795 -0.9454
vn 0.2616 0.1763 -0.9489
vn 0.2624 0.4232 -0.8672
vn 0.2523 0.6131 -0.7486
vn 0.0465 0.8359 -0.5469
vn 0.0541 0.8816 -0.4690
vn 0.0530 0.9170 -0.3954
vn -0.2467 0.7826 -0.5715
vn -0.2139 0.8776 -0.4290
vn -0.1999 0.9364 -0.2884
vn -0.6230 0.6199 -0.4770
vn -0.6014 0.6858 -0.4097
vn -0.5736 0.7349 -0.3618
vn -0.7330 0.4910 -0.4707
vn -0.7419 0.4668 -0.4814
vn -0.7477 0.4593 -0.4796
vn -0.6429 0.5411 -0.5421
vn -0.6605 0.4240 -0.6197
vn -0.6888 0.2915 -0.6638
vn -0.4921 0.4932 -0.7173
vn -0.4751 0.3314 -0.8152
vn -0.4547 0.1630 -0.8756
vn -0.1664 0.6704 -0.7231
vn 0.7444 0.4964 -0.4466
vn -0.1782 0.5962 -0.7828
vn -0.1439 0.1084 -0.9836
vn 0.5601 0.3850 -0.7335
vn -0.2275 0.3730 -0.8995
vn -0.1388 -0.2555 -0.9568
vn -0.2187 0.0566 -0.9741
vn -0.1995 0.0681 -0.9775
vn -0.2469 -0.1906 -0.9501
vn -0.2480 -0.1439 -0.9580
vn -0.2544 -0.1056 -0.9613
vn -0.2816 -0.3533 -0.8921
vn -0.2781 -0.3665 -0.8879
vn -0.2763 -0.3804 -0.8826
vn -0.2192 -0.3650 -0.9048
vn -0.1977 -0.4098 -0.8905
vn -0.2168 -0.4820 -0.8489
vn -0.4341 0.7300 -0.5279
vn -0.3698 0.8218 -0.4334
vn -0.3604 0.8739 -0.3263
vn -0.4648 0.2156 -0.8588
vn -0.4569 0.2472 -0.8545
vn -0.3393 0.2305 -0.9120
vn -0.4977 0.4950 -0.7123
vn 0.9209 0.3291 -0.2090
vn -0.4764 0.6390 -0.6039
vn -0.6484 0.2412 -0.7221
vn 0.7028 0.3503 -0.6192
vn -0.5488 0.4645 -0.6950
vn 0.4720 0.4665 -0.7480
vn -0.6381 0.2646 -0.7231
vn -0.4985 0.2956 -0.8149
vn 0.5554 0.3808 -0.7393
vn -0.4610 -0.0661 -0.8849
vn -0.3071 -0.0496 -0.9504
vn -0.3041 -0.3017 -0.9036
vn -0.2345 -0.3331 -0.9133
vn -0.1453 -0.3210 -0.9359
vn 0.0276 -0.4360 -0.8995
vn 0.0709 -0.5140 -0.8549
vn 0.1086 -0.5716 -0.8133
vn 0.2930 -0.6941 -0.6576
vn 0.3362 -0.6940 -0.6367
vn 0.3354 -0.7263 -0.6000
vn 0.3148 -0.4551 -0.8329
vn 0.3489 -0.4197 -0.8380
vn 0.2944 -0.4420 -0.8474
vn 0.0954 0.1569 -0.9830
vn -0.0112 0.1754 -0.9844
vn -0.0018 0.2343 -0.9722
vn -0.2576 0.8044 -0.5354
vn -0.2483 0.8204 -0.5151
vn -0.1969 0.8426 -0.5013
vn -0.4704 -0.3107 -0.8259
vn -0.4897 -0.2327 -0.8402
vn -0.3204 -0.2324 -0.9183
vn -0.6269 -0.3707 -0.6852
vn -0.6372 -0.3171 -0.7024
vn -0.5966 -0.2938 -0.7468
vn -0.6056 -0.0473 -0.7944
vn -0.5979 -0.1591 -0.7856
vn -0.6210 -0.2177 -0.7530
vn -0.2570 0.3605 -0.8967
vn -0.3295 0.0795 -0.9408
vn -0.4103 -0.1018 -0.9062
vn -0.1143 0.2859 -0.9514
vn -0.1236 0.3677 -0.9217
vn -0.1396 0.4487 -0.8827
vn -0.4603 -0.0553 -0.8860
vn -0.4381 -0.0393 -0.8981
vn -0.4497 -0.0478 -0.8919
vn -0.1732 0.8645 -0.4719
vn -0.1736 0.8952 -0.4105
vn -0.1974 0.9148 -0.3524
vn -0.1756 0.5988 -0.7815
vn -0.1761 0.6053 -0.7763
vn -0.1802 0.6023 -0.7777
vn -0.1784 0.5240 -0.8328
vn -0.1415 0.6161 -0.7748
vn -0.1120 0.6971 -0.7082
vn -0.2483 0.3491 -0.9036
vn -0.1083 0.3735 -0.9213
vn -0.2536 0.3837 -0.8880
vn -0.2706 0.4344 -0.8591
vn -0.1592 0.4295 -0.8889
vn -0.2623 0.4077 -0.8746
vn -0.1866 0.3326 -0.9244
vn -0.2065 0.3141 -0.9266
vn -0.1846 0.2865 -0.9401
vn -0.0616 0.2102 -0.9757
vn -0.0846 0.1451 -0.9858
vn -0.0557 0.1239 -0.9907
vn 0.1330 -0.2706 -0.9535
vn 0.1388 -0.3299 -0.9338
vn 0.1526 -0.3718 -0.9157
vn 0.2832 -0.3710 -0.8844
vn 0.2860 -0.4206 -0.8610
vn 0.2820 -0.4660 -0.8386
vn 0.3027 -0.1483 -0.9415
vn 0.2951 -0.1320 -0.9463
vn 0.2625 -0.1312 -0.9560
vn 0.1393 0.3905 -0.9100
vn 0.0489 0.4137 -0.9091
vn 0.0848 0.4660 -0.8807
vn -0.0622 0.8594 -0.5074
vn -0.1194 0.8523 -0.5093
vn -0.0868 0.8722 -0.4813
vn -0.2304 0.2299 -0.9455
vn -0.2581 0.3315 -0.9075
vn -0.2592 0.4301 -0.8648
vn -0.4502 -0.0515 -0.8914
vn -0.4895 0.0952 -0.8668
vn -0.5231 0.2271 -0.8215
vn -0.5930 0.1488 -0.7914
vn -0.5672 0.0859 -0.8191
vn -0.5894 0.0808 -0.8038
vn 0.7347 -0.5198 -0.4358
vn -0.4786 0.7622 -0.4358
vn -0.4924 0.7067 -0.5081
vn 0.8750 -0.0420 -0.4824
vn -0.3467 0.8376 -0.4222
vn -0.4015 0.6453 -0.6499
vn -0.4116 0.3675 -0.8340
vn 0.8342 0.2504 -0.4914
vn -0.4286 0.3742 -0.8223
vn 0.6913 -0.4754 -0.5442
vn 0.6725 -0.4957 -0.5496
vn 0.6269 -0.5075 -0.5911
vn 0.9226 0.0852 -0.3763
vn 0.9240 0.0904 -0.3716
vn 0.9238 0.0955 -0.3708
vn 0.8980 0.1123 -0.4254
vn 0.8822 0.1815 -0.4346
vn 0.8708 0.2263 -0.4364
vn 0.5816 0.7116 -0.3941
vn 0.6088 0.6842 -0.4015
vn 0.6232 0.6635 -0.4139
vn 0.6997 0.7001 -0.1424
vn 0.7771 0.6047 -0.1746
vn 0.8154 0.5426 -0.2015
vn 0.8065 0.5891 0.0514
vn 0.8262 0.5620 0.0391
vn 0.8362 0.5479 0.0244
vn 0.8894 0.2257 -0.3975
vn 0.8874 0.2445 -0.3908
vn 0.8890 0.2537 -0.3811
vn 0.8823 0.2664 -0.3881
vn 0.8828 0.2545 -0.3950
vn 0.8893 0.2411 -0.3887
vn 0.9631 0.0890 -0.2541
vn 0.9661 0.0985 -0.2386
vn 0.9663 0.1061 -0.2344
vn 0.9568 0.0612 -0.2841
vn 0.9602 0.0321 -0.2775
vn 0.9594 0.0171 -0.2814
vn 0.8336 -0.2858 -0.4727
vn 0.8316 -0.3126 -0.4590
vn 0.8277 -0.3265 -0.4564
vn 0.6608 -0.5342 -0.5272
vn 0.6808 -0.5196 -0.5162
vn 0.6903 -0.5161 -0.5072
vn 0.8877 0.1826 -0.4226
vn 0.8825 0.2085 -0.4216
vn 0.8792 0.2275 -0.4185
vn 0.9160 0.0363 -0.3995
vn 0.9125 -0.0208 -0.4086
vn 0.9119 -0.0540 -0.4069
vn 0.4154 -0.7327 -0.5390
vn 0.4182 -0.7321 -0.5378
vn 0.4319 -0.7279 -0.5325
vn 0.0279 -0.8398 -0.5422
vn 0.0664 -0.8387 -0.5406
vn 0.0352 -0.8121 -0.5824
vn 0.8961 -0.2806 -0.3440
vn 0.9033 -0.2397 -0.3559
vn 0.9100 -0.2121 -0.3564
vn 0.6870 -0.3927 -0.6114
vn 0.6616 -0.4293 -0.6148
vn 0.6419 -0.4518 -0.6195
vn 0.9571 0.2720 -0.0994
vn 0.9647 0.2374 -0.1145
vn 0.9680 0.2160 -0.1276
vn 0.6657 0.7437 0.0612
vn 0.6438 0.7623 0.0674
vn 0.6312 0.7723 0.0723
vn 0.7737 0.6309 -0.0569
vn 0.7684 0.6378 -0.0529
vn 0.7645 0.6429 -0.0461
vn 0.7653 0.6426 0.0368
vn 0.7834 0.6215 0.0063
vn 0.7964 0.6048 0.0015
vn 0.7058 0.6121 0.3567
vn 0.7344 0.5964 0.3240
vn 0.7527 0.5822 0.3074
vn 0.9144 0.4049 0.0011
vn 0.9027 0.4299 0.0187
vn 0.8192 0.5685 -0.0755
vn 0.9336 0.2974 -0.1998
vn 0.9048 0.3939 -0.1617
vn 0.8112 0.5260 -0.2555
vn 0.8719 0.4519 0.1885
vn 0.8667 0.4574 0.1989
vn 0.8675 0.4521 0.2076
vn 0.8971 0.3277 -0.2963
vn 0.8763 0.4146 -0.2455
vn 0.8614 0.4677 -0.1982
vn 0.7311 0.1924 -0.6546
vn 0.5974 0.4185 -0.6841
vn 0.5791 0.5080 -0.6377
vn 0.5213 -0.2221 -0.8240
vn 0.4277 -0.1398 -0.8931
vn 0.3995 -0.1770 -0.8995
vn 0.8703 0.3267 -0.3686
vn 0.8649 0.3359 -0.3731
vn 0.8584 0.3599 -0.3654
vn 0.7887 0.4971 -0.3617
vn 0.7974 0.4795 -0.3664
vn 0.8036 0.4687 -0.3668
vn 0.3993 -0.5014 -0.7676
vn 0.4058 -0.5641 -0.7192
vn 0.3544 -0.5568 -0.7513
vn 0.1665 -0.7489 -0.6414
vn 0.2146 -0.7672 -0.6044
vn 0.1910 -0.7365 -0.6489
vn 0.8952 0.3513 -0.2742
vn 0.9185 0.2806 -0.2786
vn 0.9308 0.2384 -0.2771
vn 0.9616 -0.0212 -0.2735
vn 0.9583 0.0536 -0.2807
vn 0.9522 0.1179 -0.2818
vn -0.8182 -0.4467 0.3619
vn -0.8003 -0.3457 0.4900
vn -0.8772 -0.3125 0.3645
vn -0.9241 -0.3708 0.0922
vn -0.9068 -0.3973 0.1406
vn -0.8959 -0.4026 0.1880
vn -0.7717 -0.5347 0.3443
vn -0.7491 -0.5698 0.3379
vn -0.7166 -0.6269 0.3055
vn -0.7741 0.1944 0.6024
vn -0.7609 0.2054 0.6155
vn -0.7465 0.2197 0.6281
vn -0.4900 0.6474 0.5837
vn -0.4951 0.6451 0.5821
vn -0.5021 0.6408 0.5807
vn -0.6650 -0.5238 0.5324
vn -0.6891 -0.4547 0.5643
vn -0.7284 -0.3573 0.5846
vn -0.6874 0.4472 0.5722
vn -0.7060 0.4268 0.5651
vn -0.7362 0.3906 0.5526
vn -0.9063 -0.4072 0.1132
vn -0.9308 -0.3435 0.1253
vn -0.9503 -0.2764 0.1435
vn -0.8240 -0.2846 0.4899
vn -0.8212 -0.3359 0.4614
vn -0.7934 -0.3981 0.4606
vn -0.9513 -0.1711 0.2565
vn -0.9546 -0.1594 0.2517
vn -0.9573 -0.1416 0.2520
vn -0.9019 -0.3898 0.1861
vn -0.8651 -0.4745 0.1627
vn -0.7901 -0.6101 0.0594
vn -0.6694 -0.4667 0.5781
vn -0.6538 -0.4902 0.5763
vn -0.6420 -0.5417 0.5425
vn -0.9021 -0.1480 0.4053
vn -0.8779 -0.1294 0.4610
vn -0.8581 -0.1053 0.5026
vn -0.4749 0.6289 0.6156
vn -0.4873 0.6218 0.6131
vn -0.5046 0.6033 0.6176
vn -0.4971 0.6316 0.5950
vn -0.4900 0.6396 0.5924
vn -0.4799 0.6516 0.5875
vn -0.9294 -0.3684 0.0218
vn -0.9258 -0.3778 0.0165
vn -0.9209 -0.3896 0.0087
vn -0.7156 -0.5427 0.4397
vn -0.6704 -0.5039 0.5447
vn -0.7413 -0.4973 0.4507
vn -0.8208 -0.5712 -0.0017
vn -0.8246 -0.5657 -0.0005
vn -0.8304 -0.5572 0.0002
vn -0.9379 -0.2654 0.2235
vn -0.9397 -0.2470 0.2364
vn -0.9426 -0.2185 0.2526
vn -0.7166 -0.6975 -0.0077
vn -0.6760 -0.7356 -0.0441
vn -0.6076 -0.7891 -0.0905
vn -0.8393 0.0974 0.5348
vn -0.8231 0.1184 0.5554
vn -0.8057 0.4236 0.4140
vn -0.5222 0.5752 0.6297
vn -0.5324 0.5696 0.6262
vn -0.5302 0.5683 0.6293
vn -0.8980 -0.2925 0.3287
vn -0.8989 -0.3063 0.3133
vn -0.8967 -0.2960 0.3292
vn -0.6892 0.3470 0.6361
vn -0.6877 0.3465 0.6380
vn -0.6843 0.3430 0.6435
vn -0.8380 -0.5164 -0.1763
vn -0.8608 -0.4879 -0.1448
vn -0.8867 -0.4506 -0.1033
vn -0.9729 -0.0859 0.2148
vn -0.9723 -0.1350 0.1910
vn -0.9648 -0.2202 0.1439
vn -0.8241 -0.5629 -0.0638
vn -0.8403 -0.5402 -0.0455
vn -0.8597 -0.5102 -0.0266
vn -0.8484 -0.5293 -0.0076
vn -0.8476 -0.5306 -0.0086
vn -0.8459 -0.5332 -0.0107
vn -0.7781 -0.5865 0.2249
vn -0.7778 -0.5878 0.2224
vn -0.7769 -0.5880 0.2251
vn -0.8964 0.0486 0.4405
vn -0.8892 0.0639 0.4531
vn -0.9328 0.1719 0.3169
vn -0.5376 0.5491 0.6399
vn -0.5335 0.5488 0.6436
vn -0.5422 0.5369 0.6463
vn -0.9004 -0.1605 0.4045
vn -0.8980 -0.2448 0.3657
vn -0.8797 -0.2963 0.3720
vn -0.5514 0.5477 0.6293
vn -0.5517 0.5474 0.6292
vn -0.5526 0.5460 0.6297
vn -0.9393 -0.3411 0.0366
vn -0.9297 -0.3682 0.0045
vn -0.9092 -0.4140 -0.0443
vn -0.8552 -0.5155 0.0531
vn -0.8599 -0.5078 0.0527
vn -0.8661 -0.4974 0.0498
vn -0.4985 0.6618 0.5599
vn -0.4400 0.6992 0.5635
vn -0.4035 0.7157 0.5700
vn -0.9117 -0.3395 0.2312
vn -0.9896 -0.1382 0.0385
vn -0.9260 -0.2761 0.2573
vn -0.7357 0.5878 0.3366
vn -0.7597 0.5626 0.3262
vn -0.7815 0.5408 0.3113
vn -0.6895 -0.4973 -0.5266
vn -0.7357 -0.4101 -0.5390
vn -0.7681 -0.3634 -0.5273
vn -0.8622 -0.5063 -0.0134
vn -0.8137 -0.5726 -0.1000
vn -0.7775 -0.6117 -0.1460
vn -0.8304 -0.2076 0.5171
vn -0.8374 -0.1069 0.5361
vn -0.8273 -0.0388 0.5603
vn -0.8547 -0.5189 0.0183
vn -0.8668 -0.4977 0.0298
vn -0.8733 -0.4857 0.0378
vn -0.7822 -0.6214 -0.0446
vn -0.8025 -0.5953 -0.0401
vn -0.8128 -0.5812 -0.0399
vn -0.6917 -0.7188 0.0698
vn -0.6780 -0.7324 0.0622
vn -0.6653 -0.7440 0.0616
vn -0.4693 0.7647 0.4416
vn -0.4360 0.7832 0.4433
vn -0.4046 0.7959 0.4503
vn -0.8685 -0.4734 0.1470
vn -0.8646 -0.5025 0.0033
vn -0.7966 -0.5998 0.0760
vn -0.8952 -0.4335 -0.1033
vn -0.9391 -0.3368 -0.0682
vn -0.9624 -0.2686 -0.0415
vn -0.8352 -0.2078 -0.5091
vn -0.7466 -0.3516 -0.5648
vn -0.6811 -0.4667 -0.5642
vn -0.6725 0.3952 0.6258
vn -0.6928 0.3817 0.6118
vn -0.6976 0.3769 0.6093
vn -0.8829 -0.2064 0.4219
vn -0.9768 -0.0069 0.2140
vn -0.8761 -0.0238 0.4816
vn -0.7981 -0.5783 -0.1690
vn -0.8265 -0.5501 -0.1196
vn -0.8448 -0.5244 -0.1068
vn -0.8772 -0.4801 0.0048
vn -0.8528 -0.5221 -0.0065
vn -0.8375 -0.5463 -0.0143
vn -0.8354 -0.5482 0.0401
vn -0.8623 -0.5045 0.0439
vn -0.8790 -0.4747 0.0447
vn -0.5645 0.4622 0.6839
vn -0.5284 0.4701 0.7070
vn -0.5187 0.4799 0.7075
vn -0.8489 -0.4500 0.2774
vn -0.8166 -0.5283 0.2325
vn -0.7906 -0.5792 0.1986
vn -0.4608 0.5069 0.7285
vn -0.5151 0.4620 0.7219
vn -0.5527 0.4250 0.7168
vn -0.7310 -0.3848 0.5635
vn -0.6672 0.0505 0.7432
vn -0.6451 0.1064 0.7567
vn -0.8763 -0.4550 0.1582
vn -0.8319 -0.5514 0.0631
vn -0.7929 -0.6093 -0.0010
vn -0.9323 0.1434 0.3319
vn -0.9483 0.0594 0.3118
vn -0.9688 -0.0016 0.2478
vn -0.8753 -0.4757 0.0866
vn -0.8724 -0.4803 0.0905
vn -0.8714 -0.4821 0.0906
vn -0.6565 -0.7539 -0.0275
vn -0.7595 -0.6504 0.0123
vn -0.8146 -0.5786 0.0398
vn -0.6454 -0.5746 0.5033
vn -0.6421 -0.5741 0.5080
vn -0.6288 -0.5943 0.5014
vn -0.5615 0.4916 0.6656
vn -0.5511 0.4981 0.6695
vn -0.5479 0.5019 0.6693
vn -0.7371 -0.4963 0.4588
vn -0.7121 -0.5461 0.4412
vn -0.7029 -0.5640 0.4334
vn -0.6058 0.1924 0.7720
vn -0.6373 0.1334 0.7590
vn -0.6608 0.0862 0.7456
vn -0.7708 -0.2479 0.5869
vn -0.7796 -0.1174 0.6151
vn -0.7620 -0.0254 0.6471
vn -0.6755 0.2919 0.6772
vn -0.6738 0.2743 0.6861
vn -0.6754 0.2691 0.6866
vn -0.9174 -0.3660 0.1565
vn -0.9062 -0.3934 0.1550
vn -0.9028 -0.4054 0.1434
vn -0.8515 -0.5229 -0.0403
vn -0.8763 -0.4817 -0.0097
vn -0.8878 -0.4600 0.0157
vn -0.9207 -0.3895 0.0264
vn -0.8953 -0.4454 0.0061
vn -0.8769 -0.4805 -0.0132
vn -0.5645 -0.7754 0.2830
vn -0.6551 -0.6813 0.3265
vn -0.7102 -0.6106 0.3504
vn 0.9854 0.1601 0.0585
vn 0.9966 0.0725 0.0401
vn 0.9992 -0.0323 0.0216
vn 0.8013 0.5416 0.2541
vn 0.8430 0.4676 0.2659
vn 0.8055 0.5378 0.2487
vn 0.7832 0.1967 0.5898
vn 0.7884 0.1430 0.5983
vn 0.7897 0.1059 0.6043
vn 0.9798 -0.0313 0.1977
vn 0.9783 -0.0001 0.2073
vn 0.9765 0.0327 0.2129
vn 0.9202 -0.3477 0.1798
vn 0.9341 -0.2986 0.1955
vn 0.9477 -0.2355 0.2156
vn 0.7514 -0.6577 -0.0529
vn 0.7233 -0.6878 -0.0616
vn 0.6895 -0.7206 -0.0728
vn 0.9296 0.2303 0.2876
vn 0.9261 0.2458 0.2863
vn 0.9211 0.2618 0.2882
vn 0.5877 -0.8079 -0.0428
vn 0.7397 -0.6729 0.0043
vn 0.8508 -0.5244 0.0339
vn 0.8300 -0.5135 -0.2175
vn 0.8421 -0.4960 -0.2118
vn 0.8555 -0.4744 -0.2075
vn 0.7927 0.5482 0.2667
vn 0.7338 0.6257 0.2645
vn 0.6757 0.6935 0.2500
vn 0.7909 0.4658 0.3969
vn 0.8060 0.4260 0.4110
vn 0.8744 0.1381 0.4651
vn 0.9657 0.1047 0.2377
vn 0.9667 0.0869 0.2409
vn 0.9673 0.0673 0.2447
vn 0.8756 -0.1571 0.4569
vn 0.8660 -0.1039 0.4892
vn 0.8530 -0.0512 0.5194
vn 0.6978 -0.7086 -0.1046
vn 0.7111 -0.6948 -0.1077
vn 0.7289 -0.6738 -0.1212
vn 0.8166 0.5049 0.2797
vn 0.8344 0.4771 0.2761
vn 0.8491 0.4495 0.2775
vn 0.7587 -0.6435 0.1012
vn 0.6936 -0.7153 0.0859
vn 0.6249 -0.7777 0.0682
vn 0.9727 -0.2311 0.0193
vn 0.9731 -0.2302 -0.0055
vn 0.9728 -0.2315 -0.0095
vn 0.9883 0.0556 0.1417
vn 0.9907 -0.1181 0.0671
vn 0.9564 -0.2922 -0.0042
vn 0.6080 0.5138 0.6053
vn 0.6179 0.5023 0.6049
vn 0.6277 0.4886 0.6060
vn 0.7363 0.1740 0.6539
vn 0.7828 0.0851 0.6164
vn 0.8114 0.0183 0.5841
vn 0.8347 -0.3316 0.4397
vn 0.8165 -0.3323 0.4722
vn 0.8801 -0.2350 0.4125
vn 0.9106 -0.2908 0.2937
vn 0.9114 -0.2691 0.3112
vn 0.9091 -0.2457 0.3364
vn 0.6065 -0.7897 0.0921
vn 0.6334 -0.7263 0.2669
vn 0.7600 -0.6485 0.0433
vn 0.5256 0.6650 0.5306
vn 0.5377 0.6473 0.5402
vn 0.5546 0.6288 0.5449
vn 0.4637 -0.8683 -0.1763
vn 0.5970 -0.7888 -0.1462
vn 0.7148 -0.6889 -0.1207
vn 0.7251 0.5606 0.4000
vn 0.6868 0.6056 0.4019
vn 0.6549 0.6470 0.3906
vn 0.7373 -0.5959 -0.3183
vn 0.7378 -0.5960 -0.3169
vn 0.7370 -0.5942 -0.3222
vn 0.4026 0.7239 0.5602
vn 0.4400 0.7053 0.5558
vn 0.4813 0.6784 0.5552
vn 0.7630 0.2516 0.5954
vn 0.7588 0.2605 0.5970
vn 0.7528 0.2720 0.5994
vn 0.8579 -0.1124 0.5013
vn 0.9070 -0.1280 0.4012
vn 0.9034 -0.2164 0.3702
vn 0.8495 -0.1644 0.5013
vn 0.8451 -0.1477 0.5138
vn 0.8402 -0.1355 0.5250
vn 0.8661 -0.4235 0.2656
vn 0.7026 -0.6545 0.2791
vn 0.8193 -0.5714 0.0470
vn 0.7342 0.3929 0.5536
vn 0.6467 0.4071 0.6450
vn 0.6626 0.4793 0.5756
vn 0.6210 -0.7824 0.0475
vn 0.6016 -0.7974 0.0463
vn 0.5862 -0.8088 0.0471
vn 0.6255 0.5953 0.5044
vn 0.5660 0.6538 0.5022
vn 0.5180 0.7035 0.4866
vn -0.0117 0.1611 -0.9869
vn 0.3728 0.0583 -0.9261
vn 0.5916 -0.1820 -0.7854
vn -0.2013 0.1806 -0.9627
vn -0.3290 -0.2818 -0.9013
vn 0.0134 -0.0636 -0.9979
vn 0.6622 0.6505 -0.3719
vn 0.6603 0.4891 -0.5699
vn 0.4924 -0.0129 -0.8703
vn -0.2860 0.3516 -0.8914
vn -0.2297 0.8234 -0.5189
vn -0.5163 -0.1447 -0.8441
vn -0.4265 -0.3170 -0.8471
vn 0.3185 0.5647 -0.7613
vn 0.3076 0.2956 -0.9044
vn 0.7603 -0.2104 -0.6146
vn 0.3141 0.1602 -0.9358
vn -0.2261 0.8212 -0.5240
vn -0.1489 -0.4512 -0.8799
vn 0.2880 0.2922 -0.9120
vn -0.3335 -0.0740 -0.9398
vn -0.0088 -0.3870 -0.9221
vn 0.3715 -0.2850 -0.8836
vn -0.2311 0.2595 -0.9377
vn 0.1708 0.2382 -0.9561
vn 0.5118 -0.2019 -0.8350
vn -0.1043 0.1077 -0.9887
vn 0.3430 -0.8763 0.3384
vn 0.6040 -0.1676 0.7791
vn -0.1443 0.4698 0.8709
vn 0.3988 -0.7028 0.5891
vn 0.5471 -0.2113 0.8100
vn 0.4208 -0.2590 0.8694
vn 0.3957 -0.5006 0.7699
vn 0.1267 -0.6028 0.7878
vn 0.2504 0.4738 0.8443
vn 0.6173 -0.0499 0.7851
vn 0.5791 -0.4744 0.6630
vn 0.5039 -0.6491 0.5699
vn 0.7274 0.0308 0.6855
vn 0.6815 -0.6350 0.3637
vn 0.4896 -0.4984 0.7154
vn -0.2322 0.5161 0.8244
vn -0.0848 0.2183 0.9722
vn 0.4611 -0.2682 0.8459
vn 0.4433 0.2746 0.8533
vn 0.4966 -0.3553 0.7919
vn 0.2763 0.1268 0.9527
vn 0.4225 -0.2578 0.8689
vn -0.0019 0.0677 0.9977
vn 0.4499 -0.5184 0.7273
vn 0.5298 -0.5997 0.5998
vn 0.2119 -0.2048 0.9556
vn 0.5627 -0.7893 -0.2457
vn -0.4292 0.6969 0.5746
vn -0.5058 0.4673 0.7251
vn -0.8516 -0.3603 0.3808
vn 0.6848 -0.5678 -0.4569
vn -0.9460 -0.2658 0.1854
vn 0.9977 0.0555 0.0381
vn 0.9234 -0.3584 0.1376
vn 0.8736 -0.4720 0.1188
vn 0.8209 0.5337 0.2032
vn -0.7635 0.5584 0.3245
vn -0.9190 -0.2065 0.3359
vn 0.9605 0.2274 0.1602
vn -0.9377 -0.3231 0.1280
vn 0.5132 -0.8578 -0.0286
vn 0.5785 -0.7785 0.2434
vn 0.7936 0.1272 0.5950
vn 0.6777 0.6591 0.3260
vn 0.7632 0.0634 0.6430
vn 0.9778 0.0054 0.2093
vn -0.7325 -0.4275 -0.5298
vn 0.8399 -0.5395 0.0594
vn 0.9414 -0.2772 0.1921
vn -0.7606 -0.5638 0.3220
vn -0.7676 -0.4524 0.4539
vn 0.4256 0.6799 0.5972
vn -0.8050 0.1578 0.5719
vn -0.8565 -0.3948 0.3325
vn 0.8594 -0.3313 0.3894
vn -0.8403 -0.5405 -0.0407
vn 0.9798 -0.1415 0.1416
vn 0.7254 -0.6843 -0.0745
vn 0.9246 0.2487 0.2886
vn -0.8409 -0.5372 -0.0654
vn 0.4728 0.4757 0.7417
vn -0.4953 0.6508 0.5755
vn 0.9007 0.3051 0.3093
vn -0.7065 -0.4017 0.5827
vn -0.8890 -0.0877 0.4494
vn -0.8627 -0.5044 0.0371
vn 0.7677 0.5158 0.3801
vn 0.7584 -0.6517 0.0034
vn -0.7994 0.0875 0.5944
vn -0.9741 0.0885 0.2083
vn 0.9036 -0.0365 0.4268
vn -0.7223 0.4101 0.5568
vn 0.9893 -0.1446 0.0189
vn 0.9244 -0.3793 0.0412
vn -0.7967 -0.6032 -0.0362
vn 0.6049 -0.6179 -0.5023
vn -0.5459 0.6785 0.4915
vn -0.9407 -0.3102 0.1374
vn -0.4607 -0.0071 0.8875
vn -0.7819 -0.3978 0.4799
vn -0.6781 -0.7318 0.0683
vn -0.0333 0.8597 -0.5097
vn -0.3628 0.8360 -0.4118
vn -0.4383 0.2460 -0.8645
vn 0.0644 0.0562 -0.9963
vn -0.1694 0.4717 -0.8653
vn -0.0700 0.2693 -0.9605
vn 0.6569 0.0829 -0.7494
vn -0.0947 -0.4927 -0.8650
vn 0.1561 -0.6250 -0.7649
vn 0.0412 0.5233 -0.8511
vn -0.6820 0.5372 -0.4963
vn -0.6981 0.2149 -0.6830
vn -0.2032 -0.0889 -0.9751
vn -0.8637 0.2742 -0.4229
vn -0.8143 0.2379 -0.5295
vn -0.3442 -0.1299 -0.9299
vn -0.5298 0.5821 -0.6168
vn -0.2929 0.5314 -0.7949
vn 0.4818 0.1408 -0.8649
vn -0.2386 0.7796 -0.5791
vn -0.5178 0.7486 -0.4140
vn 0.6931 0.4789 -0.5387
vn -0.6667 0.3932 -0.6332
vn -0.3700 -0.0967 -0.9240
vn 0.5712 -0.3305 -0.7513
vn -0.0566 -0.5453 -0.8364
vn 0.1026 -0.3829 -0.9181
vn 0.0634 0.1904 -0.9797
vn 0.0529 -0.4649 -0.8838
vn -0.3147 0.0566 -0.9475
vn -0.2702 0.8731 -0.4058
vn -0.4817 0.8020 -0.3533
vn -0.5294 0.7529 -0.3910
vn -0.4270 0.4292 -0.7959
vn -0.6263 0.4178 -0.6582
vn -0.6871 -0.0548 -0.7245
vn -0.5660 -0.3496 -0.7466
vn -0.5375 -0.1914 -0.8212
vn -0.2932 -0.0602 -0.9542
vn 0.2785 0.6361 -0.7196
vn -0.0871 0.5780 -0.8114
vn -0.1345 0.3699 -0.9193
vn 0.2111 0.7162 -0.6652
vn -0.1723 0.4051 -0.8979
vn -0.1581 -0.0176 -0.9873
vn 0.5397 -0.0210 -0.8416
vn -0.2418 -0.1266 -0.9620
vn 0.0619 -0.5047 -0.8611
vn 0.7467 -0.2384 -0.6210
vn 0.3243 -0.7111 -0.6239
vn 0.3379 -0.4176 -0.8434
vn -0.1578 0.3314 -0.9302
vn 0.0612 0.2031 -0.9772
vn -0.2024 0.8277 -0.5234
vn -0.0786 -0.2783 -0.9573
vn -0.4830 -0.2269 -0.8457
vn -0.6341 -0.3139 -0.7066
vn 0.4388 0.2726 -0.8562
vn -0.1107 0.1032 -0.9885
vn -0.2395 -0.0735 -0.9681
vn 0.2053 -0.1402 -0.9686
vn 0.0236 -0.4794 -0.8773
vn -0.0366 -0.2746 -0.9609
vn -0.1068 -0.5916 -0.7991
vn -0.6108 -0.1438 -0.7786
vn -0.3622 0.0257 -0.9318
vn 0.1697 -0.1981 -0.9654
vn -0.2675 -0.3528 -0.8966
vn -0.2282 -0.4271 -0.8749
vn -0.5502 0.3375 -0.7638
vn -0.3168 0.2675 -0.9100
vn -0.5969 0.5580 -0.5765
vn -0.0422 0.2998 -0.9531
vn -0.1446 0.3521 -0.9247
vn -0.4495 -0.0458 -0.8921
vn 0.5011 -0.4038 -0.7654
vn -0.0812 -0.5066 -0.8584
vn 0.0061 -0.4787 -0.8780
vn 0.0409 -0.2189 -0.9749
vn -0.5819 0.3881 -0.7147
vn -0.5266 0.1161 -0.8421
vn -0.6087 -0.2048 0.7665
vn -0.7340 -0.6755 0.0706
vn 0.4445 -0.7853 0.4310
vn 0.0689 -0.1901 0.9794
vn 0.0107 0.0324 0.9994
vn 0.6527 -0.1916 0.7330
vn -0.4746 0.3174 0.8210
vn -0.0906 0.4985 0.8621
vn -0.2581 0.5432 0.7990
vn -0.3624 -0.5300 0.7666
vn -0.1957 -0.1728 0.9653
vn 0.5760 -0.1692 0.7998
vn 0.0915 0.3925 0.9152
vn 0.0672 -0.0497 0.9965
vn 0.3427 -0.4826 0.8060
vn -0.2721 0.0427 0.9613
vn -0.0525 0.3666 0.9289
vn 0.5333 0.1286 0.8361
vn -0.4594 -0.5192 0.7207
vn -0.4119 -0.2611 0.8730
vn 0.3551 -0.4069 0.8416
vn 0.0448 -0.7725 0.6335
vn -0.2760 -0.9425 0.1886
vn 0.4489 -0.8075 0.3827
vn -0.6095 -0.1431 0.7797
vn -0.4939 0.3234 0.8072
vn 0.1601 0.7099 0.6859
vn -0.5332 -0.1772 0.8272
vn -0.6304 -0.1540 0.7608
vn 0.4905 -0.0446 0.8703
vn -0.5489 -0.6588 0.5144
vn -0.5159 -0.3533 0.7804
vn 0.5757 -0.1804 0.7975
vn 0.0670 0.0262 0.9974
vn -0.3941 -0.6124 0.6853
vn 0.2992 -0.9240 0.2380
vn 0.1291 0.2927 0.9474
vn 0.2285 0.3436 0.9109
vn 0.6622 -0.3095 0.6824
vn -0.2633 -0.6326 0.7284
vn -0.3177 -0.2302 0.9198
vn 0.7576 -0.1323 0.6392
vn 0.0952 -0.8204 0.5638
vn -0.0810 -0.7963 0.5995
vn 0.6379 -0.6931 0.3357
vn -0.6176 0.2307 0.7519
vn -0.2998 -0.4601 0.8357
vn -0.0519 0.3073 0.9502
vn -0.6000 -0.0126 0.7999
vn -0.5941 0.1920 0.7811
vn -0.2349 0.3889 0.8908
vn -0.7310 -0.5842 0.3526
vn -0.6851 -0.2811 0.6720
vn 0.2121 0.0429 0.9763
vn 0.1408 0.5379 0.8312
vn 0.0109 0.4900 0.8716
vn 0.4341 0.0837 0.8970
vn 0.0744 -0.8278 0.5560
vn 0.1009 -0.4567 0.8839
vn 0.5916 -0.2047 0.7798
vn -0.5677 -0.1033 0.8167
vn -0.5641 -0.0665 0.8231
vn 0.1247 0.2900 0.9489
vn -0.1473 -0.1864 0.9714
vn 0.0967 0.3695 0.9242
vn 0.4565 0.1267 0.8806
vn -0.2054 -0.1719 0.9635
vn -0.1295 -0.2628 0.9561
vn 0.2226 0.1299 0.9662
vn -0.3226 -0.1768 0.9299
vn -0.4430 -0.1888 0.8764
vn 0.3986 -0.2694 0.8766
vn -0.1434 -0.9419 0.3037
vn -0.2737 -0.7936 0.5433
vn 0.4865 -0.5098 0.7095
vn -0.2446 -0.3271 0.9128
vn -0.2243 -0.0266 0.9742
vn -0.0155 -0.1381 0.9903
vn -0.2065 -0.5729 0.7932
vn -0.2850 -0.2316 0.9301
vn 0.5858 -0.8063 0.0820
vn -0.4420 0.7675 0.4644
vn -0.8049 -0.0178 -0.5931
vn -0.9657 0.1442 -0.2160
vn -0.4594 0.7149 0.5272
vn -0.7369 0.6126 -0.2858
vn -0.9153 0.4002 -0.0456
vn -0.9556 -0.1498 0.2538
vn -0.7006 -0.2794 -0.6566
vn -0.6487 -0.6358 -0.4183
vn 0.6163 -0.5322 -0.5805
vn 0.6794 -0.6505 -0.3395
vn 0.6663 -0.5007 -0.5525
vn -0.8420 -0.5328 0.0846
vn -0.7392 -0.4354 -0.5138
vn -0.9545 -0.0943 -0.2830
vn 0.8450 -0.4913 -0.2111
vn 0.6745 -0.4953 -0.5474
vn 0.9243 0.0913 -0.3707
vn 0.9049 -0.4121 0.1066
vn 0.7197 -0.4026 -0.5657
vn 0.5425 -0.5917 -0.5963
vn 0.9183 -0.2136 0.3334
vn 0.8428 0.0533 -0.5356
vn 0.7379 -0.1979 -0.6453
vn 0.7263 0.6367 0.2590
vn 0.8858 0.1693 -0.4320
vn 0.6326 0.5741 -0.5199
vn -0.9329 -0.3519 -0.0771
vn -0.8002 -0.0064 -0.5997
vn -0.6826 0.0677 -0.7277
vn -0.7754 0.0747 0.6271
vn -0.9889 0.1477 0.0178
vn -0.9989 0.0281 -0.0371
vn 0.8799 0.4700 0.0695
vn 0.7776 0.6229 -0.0852
vn 0.7911 0.5797 -0.1953
vn -0.8842 -0.4519 0.1182
vn -0.9155 -0.2618 -0.3054
vn -0.9720 -0.0478 -0.2299
vn 0.6473 -0.7574 -0.0855
vn 0.4552 -0.4837 -0.7475
vn 0.4069 -0.7339 -0.5438
vn 0.7947 -0.5933 0.1285
vn 0.4330 -0.7296 -0.5293
vn 0.5553 -0.7186 -0.4186
vn 0.8715 0.3461 0.3474
vn 0.7375 0.6444 -0.2022
vn 0.8264 0.5614 0.0435
vn 0.6240 0.7290 0.2815
vn 0.8181 0.4830 -0.3122
vn 0.7973 0.3980 -0.4538
vn 0.9367 -0.1369 0.3222
vn 0.5936 0.7953 -0.1230
vn 0.8805 0.3442 -0.3260
vn 0.9679 0.0850 0.2365
vn 0.8946 0.2354 -0.3798
vn 0.8880 0.2518 -0.3847
vn -0.7580 -0.3437 -0.5544
vn -0.8677 -0.4964 -0.0251
vn -0.7184 -0.6003 -0.3515
vn 0.8302 -0.5297 0.1737
vn 0.4096 -0.8130 -0.4139
vn 0.6473 -0.5939 -0.4777
vn 0.8644 -0.0850 0.4955
vn 0.9608 0.0865 -0.2635
vn 0.9480 0.0366 -0.3161
vn -0.6442 -0.5146 0.5659
vn -0.7687 -0.6158 -0.1727
vn -0.7572 -0.5753 -0.3094
vn -0.9014 -0.2271 0.3687
vn -0.6742 -0.6334 -0.3799
vn -0.6428 -0.6840 -0.3449
vn 0.6507 0.3770 0.6591
vn 0.9488 -0.0412 -0.3131
vn 0.9668 0.1880 -0.1732
vn -0.9134 -0.1067 0.3928
vn -0.9948 0.0636 -0.0798
vn -0.9547 0.2964 0.0271
vn -0.8845 -0.2389 0.4008
vn -0.7773 -0.3777 -0.5031
vn -0.6492 -0.5982 -0.4699
vn 0.7687 -0.4733 0.4302
vn 0.9342 -0.3568 0.0043
vn 0.9260 -0.3667 0.0902
vn -0.6994 0.3968 0.5945
vn -0.8730 0.4371 0.2165
vn -0.9905 -0.0819 -0.1109
vn 0.9206 -0.3767 0.1028
vn 0.7555 -0.3341 -0.5635
vn 0.8481 0.4211 -0.3215
vn 0.7212 -0.6808 -0.1284
vn 0.8372 -0.2703 -0.4755
vn 0.6933 -0.4975 -0.5214
vn 0.8351 0.4727 0.2814
vn 0.8820 0.2025 -0.4255
vn 0.9124 -0.0119 -0.4090
vn -0.7474 -0.6523 0.1262
vn -0.8052 -0.5238 -0.2779
vn -0.9040 -0.2510 -0.3460
vn 0.2534 0.6547 0.7122
vn 0.7247 0.6888 -0.0185
vn 0.6523 0.7492 0.1153
vn -0.5139 0.6050 0.6082
vn -0.7345 0.6786 -0.0013
vn -0.7614 0.6223 -0.1818
vn 0.8230 0.4363 0.3638
vn 0.7218 0.5211 -0.4555
vn 0.8497 0.2932 -0.4381
vn -0.7264 -0.5782 0.3716
vn -0.7355 -0.6755 -0.0517
vn -0.7490 -0.6625 -0.0100
vn -0.9248 -0.0532 0.3767
vn -0.9705 -0.1268 -0.2053
vn -0.9948 0.0028 -0.1021
vn -0.8192 -0.5610 -0.1193
vn -0.8618 -0.2429 -0.4454
vn -0.6828 -0.3990 -0.6120
vn 0.9305 0.2153 0.2962
vn 0.8574 0.4168 -0.3018
vn 0.7577 0.6235 -0.1928
vn 0.6809 -0.7281 0.0785
vn 0.4292 -0.7302 -0.5315
vn 0.0623 -0.8382 -0.5418
vn -0.5961 0.2048 0.7763
vn -0.7916 0.6110 -0.0087
vn -0.9484 0.2350 -0.2130
vn -0.9827 -0.1696 0.0747
vn -0.6940 0.4145 -0.5887
vn -0.4895 0.6739 -0.5534
vn 0.7512 0.1766 0.6360
vn 0.8727 0.4869 -0.0363
vn 0.9151 0.4011 -0.0408
vn -0.4854 0.6492 0.5856
vn -0.8419 0.5270 -0.1160
vn -0.8371 0.5378 0.0999
vn 0.9726 -0.2325 0.0057
vn 0.9013 -0.2470 -0.3559
vn 0.8640 -0.1175 -0.4895
vn 0.9582 -0.2607 0.1176
vn 0.9874 0.0724 -0.1409
vn 0.9142 -0.2193 -0.3408
vn -0.8549 -0.5188 0.0012
vn -0.3727 -0.7333 -0.5686
vn -0.3007 -0.8296 -0.4705
vn 0.9810 -0.1825 -0.0652
vn 0.7704 -0.2704 -0.5774
vn 0.6260 -0.6420 -0.4426
vn -0.7498 0.4886 0.4462
vn -0.4939 0.8086 -0.3197
vn -0.4945 0.8301 -0.2575
vn -0.9209 -0.3896 0.0130
vn -0.9804 0.1451 -0.1330
vn -0.9245 0.1240 -0.3604
vn -0.3900 -0.4610 0.7971
vn -0.8988 -0.4044 -0.1690
vn -0.8393 0.5415 0.0486
vn -0.7430 -0.4684 0.4782
vn -0.7882 -0.5609 -0.2533
vn -0.8438 -0.5107 -0.1650
vn -0.8585 -0.5108 0.0457
vn -0.6646 -0.5739 -0.4785
vn -0.6963 -0.5065 -0.5086
vn 0.0988 0.5185 -0.8493
vn 0.2769 0.5870 -0.7608
vn 0.5545 0.1796 -0.8125
vn 0.2142 0.1538 -0.9646
vn -0.2591 -0.0475 -0.9647
vn 0.1390 0.3269 -0.9348
vn 0.4827 0.8326 -0.2716
vn 0.4672 0.4871 -0.7379
vn 0.5234 0.1607 -0.8368
vn 0.2193 0.7768 -0.5904
vn 0.1485 0.9012 -0.4071
vn 0.0011 0.2500 -0.9682
vn -0.3050 -0.1867 -0.9339
vn 0.3307 0.5556 -0.7629
vn 0.2647 0.4440 -0.8560
vn 0.6465 -0.0694 -0.7597
vn 0.4240 0.3538 -0.8337
vn 0.0465 0.8449 -0.5329
vn -0.1051 -0.0602 -0.9926
vn 0.1526 0.6245 -0.7659
vn -0.0348 0.1427 -0.9892
vn 0.0121 -0.0629 -0.9979
vn 0.2325 0.0697 -0.9701
vn 0.0318 0.7591 -0.6502
vn 0.3368 0.5889 -0.7347
vn 0.1007 0.6506 0.7527
vn 0.1160 0.7485 -0.6530
vn 0.0115 -0.9658 0.2589
vn 0.4964 -0.6814 0.5379
vn -0.1647 0.3117 0.9358
vn 0.0677 -0.6136 0.7867
vn 0.3033 -0.2133 0.9287
vn 0.2934 -0.3243 0.8993
vn 0.4219 -0.5730 0.7026
vn 0.1627 -0.7767 0.6085
vn 0.0971 0.2169 0.9714
vn 0.2566 -0.3722 0.8920
vn 0.5434 -0.7612 0.3540
vn 0.4475 -0.6287 0.6360
vn 0.6959 -0.3580 0.6225
vn 0.3518 -0.4546 0.8183
vn 0.1118 -0.4610 0.8803
vn -0.2119 0.3519 0.9117
vn -0.0926 -0.0846 0.9921
vn 0.1919 -0.6157 0.7643
vn 0.4844 0.0441 0.8737
vn 0.4831 -0.6598 0.5756
vn 0.2680 -0.0819 0.9599
vn 0.7554 0.0963 0.6482
vn -0.0823 0.3698 0.9255
vn 0.5206 -0.5270 0.6718
vn 0.7473 -0.5030 0.4342
vn 0.5245 -0.2888 -0.8010
vn 0.5768 -0.5540 0.6003
vn -0.5282 0.4695 0.7074
vn -0.4419 0.5148 0.7347
vn -0.8279 -0.5608 -0.0004
vn 0.9134 -0.2109 0.3483
vn -0.8222 -0.5159 0.2406
vn 0.9872 -0.1493 0.0568
vn 0.7381 -0.6450 0.1977
vn 0.7746 -0.4527 0.4417
vn 0.6222 0.4995 0.6028
vn -0.5055 0.4704 0.7233
vn -0.6818 0.5361 0.4977
vn 0.8885 0.1433 0.4359
vn -0.9419 -0.2317 0.2433
vn 0.3310 -0.9365 0.1163
vn 0.6640 -0.6636 -0.3446
vn 0.7892 0.0678 0.6103
vn 0.6840 0.5944 0.4228
vn 0.7505 0.2122 0.6259
vn 0.8674 -0.2723 0.4165
vn -0.7624 0.1235 0.6352
vn 0.8436 -0.5237 0.1188
vn 0.9106 -0.2677 0.3150
vn -0.6425 -0.7633 -0.0672
vn -0.6552 -0.6823 0.3242
vn 0.3325 0.5748 0.7477
vn -0.7939 0.2526 0.5532
vn -0.8358 -0.5184 0.1806
vn 0.9075 0.2841 -0.3094
vn -0.8414 -0.5347 0.0783
vn 0.9633 -0.2164 0.1590
vn 0.7739 -0.6333 0.0080
vn 0.5423 0.6445 0.5390
vn -0.8770 -0.3300 0.3493
vn 0.3571 0.2365 0.9036
vn -0.5199 0.5694 0.6368
vn 0.8420 0.2708 0.4665
vn -0.8969 -0.2990 0.3257
vn -0.9486 0.0669 0.3095
vn -0.8728 -0.4796 0.0907
vn 0.8235 0.0825 0.5613
vn 0.6184 -0.7730 -0.1415
vn -0.8973 -0.4253 -0.1182
vn -0.9456 0.0043 0.3253
vn 0.8155 -0.2293 0.5314
vn -0.6848 0.3465 0.6411
vn 0.6676 -0.7338 0.1259
vn -0.7440 -0.6682 0.0047
vn 0.9321 0.0163 0.3617
vn -0.6137 0.5241 0.5906
vn -0.8753 -0.4675 -0.1236
vn -0.9138 -0.4040 -0.0413
vn -0.9695 -0.1767 0.1696
vn -0.6417 -0.5851 0.4959
vn 0.1556 0.9274 -0.3402
vn -0.1736 0.8985 -0.4033
vn -0.1746 0.5972 -0.7829
vn 0.0113 0.3283 -0.9445
vn -0.1652 0.7858 -0.5960
vn 0.0104 0.7132 -0.7009
vn 0.5481 0.1981 -0.8126
vn -0.0425 -0.0118 -0.9990
vn 0.2009 -0.2794 -0.9389
vn 0.2498 0.5374 -0.8054
vn -0.3790 0.7322 -0.5659
vn -0.5124 0.5885 -0.6254
vn 0.0903 0.0988 -0.9910
vn -0.5344 0.5103 -0.6738
vn -0.4944 0.4085 -0.7673
vn -0.1484 0.2044 -0.9676
vn -0.2618 0.6884 -0.6764
vn -0.1135 0.6263 -0.7713
vn 0.4689 0.4289 -0.7721
vn -0.1475 0.8185 -0.5553
vn -0.3778 0.8170 -0.4357
vn 0.4626 0.6597 -0.5923
vn -0.3756 0.6078 -0.6996
vn -0.1877 0.2656 -0.9456
vn 0.4558 0.5975 -0.6597
vn -0.0482 0.5158 -0.8554
vn 0.1278 -0.0130 -0.9917
vn 0.3530 0.1881 -0.9165
vn 0.3236 -0.0076 -0.9462
vn 0.2453 0.4718 -0.8469
vn 0.1225 0.9350 -0.3328
vn 0.0321 0.8875 -0.4598
vn -0.2245 0.8843 -0.4094
vn 0.1588 0.5793 -0.7995
vn -0.5984 0.6936 -0.4011
vn -0.7510 0.4644 -0.4694
vn -0.2659 -0.1045 -0.9583
vn -0.6935 0.3808 -0.6117
vn -0.4934 0.3481 -0.7971
vn 0.2884 0.7388 -0.6091
vn -0.1759 0.6366 -0.7508
vn -0.2297 0.3757 -0.8978
vn 0.2679 0.5574 -0.7858
vn -0.2384 0.4279 -0.8718
vn -0.1668 0.3064 -0.9372
vn 0.4086 0.3454 -0.8448
vn -0.0723 0.1470 -0.9865
vn 0.1259 -0.3449 -0.9302
vn 0.6470 0.0490 -0.7609
vn 0.2799 -0.4335 -0.8566
vn 0.2931 -0.1254 -0.9478
vn 0.0865 0.6043 -0.7921
vn 0.1153 0.4339 -0.8936
vn -0.0683 0.8713 -0.4859
vn 0.0097 0.4153 -0.9096
vn -0.2558 0.3586 -0.8978
vn -0.4917 0.1040 -0.8645
vn 0.2545 0.7436 -0.6183
vn -0.0197 0.6020 -0.7983
vn -0.0475 0.4365 -0.8984
vn 0.2966 0.2905 -0.9098
vn 0.0936 -0.1434 -0.9852
vn 0.0258 -0.0256 -0.9993
vn -0.0900 -0.3722 -0.9238
vn -0.5708 0.0837 -0.8168
vn -0.3877 0.7941 -0.4681
vn 0.1382 0.1699 -0.9757
vn -0.0603 -0.0183 -0.9980
vn -0.2486 -0.1348 -0.9592
vn -0.1259 0.7839 -0.6080
vn -0.2213 0.5693 -0.7918
vn -0.4231 0.5977 -0.6810
vn 0.3200 0.0414 -0.9465
vn -0.0417 0.5705 -0.8202
vn -0.0108 0.4613 -0.8872
vn 0.3731 -0.1023 -0.9222
vn -0.2721 -0.3759 -0.8858
vn -0.2166 -0.4424 -0.8703
vn 0.0798 0.8403 -0.5362
vn -0.4946 0.6591 -0.5665
vn 0.6855 0.6107 0.3963
vn -0.5584 -0.3818 0.7365
vn -0.7641 -0.6419 0.0639
vn 0.0611 -0.9285 0.3664
vn -0.1117 -0.5943 0.7964
vn -0.0758 -0.2833 0.9560
vn 0.5918 -0.5984 0.5400
vn -0.5407 0.1740 0.8230
vn -0.1665 0.2089 0.9637
vn -0.2956 0.3565 0.8863
vn -0.2193 -0.5840 0.7816
vn -0.1271 -0.2638 0.9562
vn 0.3332 -0.2963 0.8951
vn 0.0722 0.0978 0.9926
vn 0.0540 -0.3349 0.9407
vn 0.0122 -0.4958 0.8684
vn -0.3229 -0.1154 0.9394
vn -0.1004 0.1226 0.9874
vn 0.3478 -0.0100 0.9375
vn -0.5427 -0.4595 0.7031
vn -0.4797 -0.3155 0.8188
vn 0.3105 -0.4747 0.8235
vn 0.1224 -0.9043 0.4090
vn -0.2759 -0.9474 0.1621
vn 0.5054 -0.8544 0.1207
vn -0.6091 -0.2757 0.7436
vn -0.4923 0.0246 0.8701
vn 0.0146 0.3988 0.9169
vn -0.6275 -0.4853 0.6088
vn -0.6253 -0.4159 0.6604
vn 0.1720 -0.0170 0.9850
vn -0.4773 -0.8549 0.2033
vn -0.6397 -0.6713 0.3744
vn 0.4285 -0.6090 0.6674
vn 0.0991 -0.2161 0.9713
vn -0.2003 -0.7955 0.5719
vn 0.4154 -0.8879 0.1977
vn 0.1009 0.0092 0.9949
vn 0.2089 0.0638 0.9758
vn 0.5791 -0.5051 0.6399
vn -0.3177 -0.6058 0.7294
vn -0.3007 -0.0627 0.9516
vn 0.2167 0.0022 0.9762
vn -0.1945 -0.6680 0.7183
vn -0.2199 -0.8305 0.5118
vn 0.3185 -0.6262 0.7117
vn -0.4872 0.0199 0.8730
vn -0.3179 -0.2605 0.9116
vn -0.1131 0.0728 0.9909
vn -0.5921 -0.2153 0.7765
vn -0.5717 -0.0147 0.8203
vn -0.2479 0.2062 0.9466
vn -0.7552 -0.5787 0.3079
vn -0.6901 -0.4143 0.5934
vn 0.0969 -0.1637 0.9817
vn 0.0313 0.4010 0.9155
vn -0.0855 0.2430 0.9662
vn 0.2953 -0.2998 0.9071
vn -0.0503 -0.8827 0.4673
vn -0.1482 -0.6316 0.7610
vn 0.5184 -0.5689 0.6385
vn -0.7253 -0.2189 0.6527
vn -0.6541 -0.2523 0.7131
vn 0.0034 0.2197 0.9756
vn -0.2061 0.1667 0.9642
vn 0.0021 0.3515 0.9362
vn 0.7657 -0.1299 0.6300
vn -0.4621 0.0023 0.8868
vn -0.2329 -0.6755 0.6996
vn 0.1346 -0.0287 0.9905
vn -0.4592 -0.6927 0.5561
vn -0.6968 -0.3633 0.6184
vn 0.5084 -0.1613 0.8459
vn -0.3062 -0.1158 0.9449
vn -0.3169 -0.0268 0.9481
vn 0.7575 -0.2273 0.6120
vn -0.4207 0.4057 0.8114
vn -0.4796 0.3943 0.7839
vn -0.0227 0.6651 0.7464
vn -0.1054 -0.4894 0.8657
vn -0.2191 -0.4271 0.8773
vn 0.5514 -0.2389 0.7993
vn -0.5502 0.4958 0.6719
vn -0.9052 0.3393 -0.2559
vn -0.9046 0.3996 -0.1483
vn -0.4947 0.5655 0.6599
vn -0.5625 0.6745 -0.4782
vn -0.5930 0.7776 -0.2091
vn -0.8507 -0.5243 -0.0384
vn -0.5697 -0.3712 -0.7333
vn -0.6206 -0.4605 -0.6347
vn 0.9281 -0.0443 0.3697
vn 0.7836 0.5575 -0.2741
vn -0.6345 0.4963 -0.5925
vn -0.7264 -0.5268 0.4413
vn -0.9082 -0.0270 -0.4177
vn -0.9530 0.0265 -0.3018
vn 0.7374 -0.5942 -0.3210
vn 0.6634 -0.4181 -0.6206
vn 0.9630 0.2442 -0.1140
vn 0.6325 -0.7591 0.1537
vn 0.7200 -0.2819 -0.6341
vn 0.3563 -0.5916 -0.7232
vn 0.8941 -0.1317 0.4281
vn 0.8748 0.1272 -0.4674
vn 0.7192 -0.0736 -0.6909
vn 0.4450 0.7017 0.5564
vn 0.6473 0.7591 0.0688
vn 0.7687 0.6377 -0.0504
vn -0.7656 0.0289 0.6427
vn -0.7997 0.5748 0.1733
vn -0.7951 0.6062 0.0175
vn -0.7114 0.3735 0.5953
vn -0.6984 0.6920 -0.1827
vn -0.7311 0.6794 -0.0629
vn 0.7346 0.4645 0.4946
vn 0.7156 0.6985 -0.0035
vn 0.8100 0.5637 -0.1618
vn -0.8471 -0.5314 -0.0108
vn -0.8738 -0.2009 -0.4429
vn -0.9584 0.0426 -0.2822
vn 0.5614 -0.8210 0.1044
vn 0.6007 -0.4564 -0.6564
vn 0.5070 -0.7864 -0.3527
vn 0.6712 -0.7381 -0.0691
vn 0.3130 -0.6827 -0.6602
vn 0.3224 -0.7045 -0.6322
vn 0.7569 0.2638 0.5980
vn 0.7812 0.6241 0.0148
vn 0.7316 0.5964 0.3303
vn 0.6509 0.6345 0.4168
vn 0.8256 0.4519 -0.3378
vn 0.7304 0.5660 -0.3823
vn 0.8423 0.1463 0.5187
vn 0.7568 0.6377 -0.1435
vn 0.8141 0.5461 -0.1974
vn 0.8996 -0.1387 0.4141
vn 0.8905 0.4548 0.0114
vn 0.9013 0.3794 -0.2092
vn -0.8515 -0.0856 0.5173
vn -0.9969 -0.0706 -0.0348
vn -0.9035 0.3609 0.2312
vn 0.7245 -0.5962 0.3458
vn 0.3011 -0.8626 -0.4065
vn 0.7469 -0.4134 -0.5208
vn 0.8442 -0.1460 0.5158
vn 0.8688 0.4538 0.1983
vn 0.8749 0.4097 -0.2583
vn -0.7776 -0.5883 0.2217
vn -0.6794 -0.5279 -0.5096
vn -0.5749 -0.5510 -0.6049
vn -0.9241 -0.2578 0.2820
vn -0.6898 -0.4620 -0.5575
vn -0.5850 -0.5099 -0.6307
vn 0.5568 0.4135 0.7204
vn 0.8864 0.4239 -0.1859
vn 0.9196 0.3674 -0.1391
vn -0.9054 0.0657 0.4195
vn -0.9253 0.3747 -0.0592
vn -0.6788 0.7214 0.1374
vn -0.8768 -0.4639 0.1264
vn -0.5661 -0.4334 -0.7012
vn -0.5899 -0.4968 -0.6366
vn 0.8151 -0.3447 -0.4655
vn 0.6281 -0.4459 -0.6376
vn 0.9341 -0.0051 -0.3570
vn -0.6740 0.2750 0.6857
vn -0.7899 0.5285 0.3112
vn -0.9887 0.1367 -0.0622
vn 0.9294 -0.3446 0.1321
vn 0.8075 -0.0720 -0.5854
vn 0.7977 0.5774 -0.1738
vn 0.8270 -0.5620 0.0131
vn 0.6937 0.1240 -0.7095
vn 0.5509 -0.1379 -0.8231
vn 0.6887 0.4402 0.5761
vn 0.8578 0.3395 -0.3859
vn 0.7957 0.4827 -0.3658
vn -0.5602 -0.8099 0.1738
vn -0.6624 -0.3577 -0.6582
vn -0.9397 0.1677 -0.2981
vn 0.2450 0.5337 0.8094
vn 0.6995 0.7093 0.0870
vn 0.6596 0.7247 0.1993
vn -0.5395 0.5329 0.6519
vn -0.6738 0.7310 0.1079
vn -0.7007 0.7117 0.0499
vn 0.7792 0.4216 0.4638
vn 0.7625 0.5649 -0.3155
vn 0.7953 0.5688 -0.2094
vn -0.8906 -0.2540 0.3773
vn -0.8269 -0.5120 -0.2327
vn -0.7186 -0.5902 -0.3677
vn -0.9086 -0.3875 0.1562
vn -0.9392 -0.0339 -0.3416
vn -0.9450 0.2728 -0.1803
vn -0.8716 -0.4902 -0.0121
vn -0.8842 0.1036 -0.4554
vn -0.7096 -0.0724 -0.7008
vn 0.9208 -0.0189 0.3895
vn 0.8716 0.4736 -0.1264
vn 0.8665 0.4560 -0.2031
vn 0.5949 -0.8021 0.0525
vn 0.3870 -0.5255 -0.7577
vn 0.1808 -0.7438 -0.6435
vn -0.9600 -0.2574 -0.1100
vn -0.9793 -0.0167 -0.2016
vn -0.7672 -0.2835 -0.5754
vn -0.9217 -0.0395 0.3858
vn -0.8511 0.4964 -0.1712
vn -0.7760 0.5417 -0.3232
vn 0.6703 -0.0803 0.7377
vn 0.9346 0.3557 -0.0093
vn 0.9036 0.4278 0.0215
vn -0.5518 0.5442 0.6319
vn -0.7668 0.6204 0.1647
vn -0.8242 0.4573 0.3341
vn 0.5601 0.6630 0.4968
vn 0.9152 0.2912 -0.2785
vn 0.9593 0.0423 -0.2792
vn 0.7921 -0.3191 0.5204
vn 0.9017 0.4318 0.0228
vn 0.9352 0.0658 -0.3480
vn -0.8996 -0.4367 0.0084
vn -0.4236 -0.5070 -0.7507
vn -0.2407 -0.7250 -0.6454
vn 0.8557 0.1730 0.4876
vn 0.8151 0.5703 -0.1020
vn 0.8279 0.5212 -0.2069
vn -0.8121 0.3063 0.4966
vn -0.6509 0.7012 -0.2910
vn -0.4410 0.8521 -0.2818
vn -0.9200 -0.3913 -0.0213
vn -0.9963 -0.0303 -0.0803
vn -0.8461 -0.0578 -0.5299
vn -0.9364 -0.3065 0.1709
vn -0.9450 -0.2378 -0.2246
vn -0.9919 -0.0696 -0.1062
vn -0.8626 -0.5031 0.0532
vn -0.7679 -0.3600 -0.5298
vn -0.9507 0.0071 -0.3100
vn -0.6400 -0.6972 0.3229
vn -0.3283 -0.7080 -0.6253
vn -0.6637 -0.4161 -0.6216
vn 0.8394 0.3280 -0.4333
vn 0.1324 0.4641 0.8758
vn 0.4861 0.4740 0.7342
vn -0.1896 0.3222 0.9275
vn -0.5098 0.1021 0.8542
vn -0.6388 0.0115 0.7693
vn -0.7996 -0.0986 0.5924
vn -0.9257 -0.3135 0.2117
vn -0.9207 -0.3875 -0.0452
vn -0.8773 -0.4609 -0.1338
vn -0.8676 -0.3838 -0.3161
vn -0.7922 0.1402 -0.5939
vn -0.5933 0.2438 -0.7672
vn -0.1709 -0.0306 -0.9848
vn 0.8468 0.2721 0.4571
vn 0.6687 0.3659 0.6473
vn 0.7333 0.3121 0.6040
vn 0.8748 0.1599 0.4573
vn 0.9487 0.0058 0.3163
vn 0.9761 -0.1160 0.1840
vn 0.9775 -0.2084 0.0325
vn 0.9396 -0.3235 -0.1114
vn 0.8821 -0.3188 -0.3467
vn 0.8233 -0.4757 -0.3096
vn 0.5672 -0.2516 -0.7842
vn -0.4900 -0.1753 -0.8539
vn 0.8751 0.2019 -0.4398
vn 0.9778 -0.1629 -0.1317
vn -0.8922 -0.0399 0.4499
vn 0.8193 -0.3435 -0.4590
vn 0.4994 0.4874 0.7163
vn -0.9654 -0.1457 -0.2162
vn -0.6276 0.0054 -0.7785
vn 0.7950 0.4035 0.4529
vn 0.9964 0.0074 0.0841
vn -0.4805 0.3569 0.8011
vn 0.8078 0.2506 -0.5336
vn -0.9961 -0.0252 0.0847
vn 0.4955 -0.0805 -0.8649
vn -0.8643 -0.2876 -0.4126
vn 0.8492 0.3395 0.4044
vn 0.9147 0.2960 0.2752
vn -0.3108 0.1611 -0.9367
vn 0.9954 -0.0827 -0.0485
vn -0.6218 0.0303 0.7826
vn 0.5959 -0.1018 -0.7966
vn -0.9860 -0.1138 -0.1218
vn -0.2740 -0.2081 -0.9390
vn 0.1468 0.5235 0.8393
vn -0.7802 -0.3165 -0.5396
vn 0.6876 0.4651 0.5575
vn 0.9611 0.1768 0.2121
vn -0.2476 0.5243 0.8147
vn 0.0910 0.2702 -0.9585
vn -0.4961 0.8559 0.1459
vn 0.2832 0.9177 -0.2786
vn 0.6071 0.3297 -0.7230
vn 0.1805 0.9473 0.2647
vn -0.2398 0.3524 -0.9046
vn 0.9226 -0.0258 -0.3850
vn -0.5050 0.3101 -0.8055
vn 0.8010 0.4614 -0.3815
vn -0.8442 0.4507 -0.2902
vn 0.7663 0.4995 -0.4040
vn -0.8349 0.5305 -0.1469
vn 0.1416 0.1951 -0.9705
vn -0.6249 0.7797 0.0392
vn 0.4522 0.8512 -0.2666
vn 0.3492 0.4387 -0.8280
vn -0.2724 0.9255 0.2630
vn 0.5543 0.7911 -0.2586
vn -0.1529 0.9276 0.3410
vn -0.3572 0.2946 -0.8863
vn 0.8802 0.3282 -0.3429
vn -0.8037 0.3739 -0.4629
vn 0.7479 0.5502 -0.3714
vn -0.8216 0.5036 -0.2671
vn 0.7390 0.5886 -0.3278
vn -0.8119 0.5564 -0.1770
vn 0.2383 -0.0748 -0.9683
vn -0.6819 0.6272 0.3764
vn 0.7252 0.5865 0.3607
vn 0.4868 -0.1605 -0.8586
vn -0.2623 0.7530 0.6035
vn 0.6207 0.6428 0.4489
vn -0.0603 0.7680 0.6377
vn -0.4931 -0.0813 -0.8661
vn 0.9786 0.1131 -0.1721
vn -0.8719 0.0821 -0.4827
vn 0.9425 0.2958 -0.1552
vn -0.9857 0.1262 -0.1115
vn 0.8803 0.4740 -0.0164
vn -0.8821 0.4363 0.1773
vn 0.3259 -0.0874 -0.9414
vn -0.5255 0.6824 0.5082
vn 0.6541 0.5382 0.5315
vn 0.6347 -0.1603 -0.7559
vn 0.3466 0.7976 0.4937
vn -0.2190 -0.1037 -0.9702
vn -0.6896 -0.0036 -0.7242
vn 0.9643 0.2463 -0.0974
vn -0.9636 0.1147 -0.2416
vn 0.9164 0.3848 -0.1107
vn -0.9632 0.2543 0.0877
vn -0.2106 0.1447 -0.9668
vn -0.4865 0.1505 -0.8606
vn -0.6414 0.0817 -0.7629
vn 0.2399 0.0958 -0.9661
vn 0.2034 0.0210 -0.9789
vn 0.3171 -0.0939 -0.9437
vn 0.6559 -0.1020 -0.7479
vn 0.7990 -0.4835 -0.3575
vn -0.1813 0.9531 0.2423
vn -0.2088 0.9732 -0.0967
vn -0.1662 0.9663 -0.1964
vn -0.1901 0.8557 -0.4813
vn -0.2152 0.7062 -0.6745
vn -0.5118 0.8021 0.3076
vn -0.4577 0.8782 0.1384
vn -0.3530 0.9268 -0.1285
vn -0.3893 0.8073 -0.4435
vn -0.4063 0.6601 -0.6318
vn -0.5004 0.8217 0.2727
vn -0.5611 0.7859 0.2598
vn -0.6852 0.7277 -0.0294
vn -0.6997 0.6222 -0.3511
vn -0.6518 0.5510 -0.5211
vn 0.2224 0.9737 0.0499
vn 0.1879 0.9732 -0.1327
vn 0.1379 0.9563 -0.2580
vn 0.1221 0.8529 -0.5076
vn 0.1247 0.7021 -0.7011
vn 0.2466 0.9676 -0.0541
vn 0.2986 0.9440 -0.1402
vn 0.2908 0.9197 -0.2639
vn 0.1984 0.8481 -0.4912
vn 0.1201 0.6963 -0.7076
vn 0.4293 0.8938 -0.1295
vn 0.4658 0.8676 -0.1738
vn 0.4970 0.8364 -0.2312
vn 0.4393 0.8057 -0.3974
vn 0.3527 0.6629 -0.6604
vn 0.6952 0.6919 -0.1948
vn 0.7714 0.5852 -0.2499
vn 0.8266 0.5450 -0.1407
vn 0.8360 0.5270 -0.1527
vn 0.8345 0.4524 -0.3144
vn -0.0769 0.8227 0.5632
vn -0.3332 0.7322 0.5940
vn -0.4870 0.6544 0.5784
vn 0.2514 0.9041 0.3457
vn 0.3693 0.8959 0.2469
vn 0.5609 0.7930 0.2379
vn 0.7278 0.6512 0.2149
vn -0.7187 0.5306 0.4493
vn -0.2125 0.5155 -0.8301
vn -0.4283 0.4977 -0.7542
vn -0.5856 0.4475 -0.6759
vn 0.1781 0.4441 -0.8781
vn 0.1085 0.3795 -0.9188
vn 0.2813 0.3659 -0.8871
vn 0.7631 0.2442 -0.5983
vn 0.9135 0.0719 -0.4004
vn 0.9429 0.2654 -0.2012
vn 0.9112 0.3997 -0.0999
vn 0.8743 0.4493 -0.1835
vn 0.8563 0.4691 -0.2161
vn 0.8731 0.4818 -0.0749
vn -0.8385 0.4679 0.2794
vn -0.9274 0.3627 0.0917
vn -0.9440 0.2739 -0.1840
vn -0.9162 0.2271 -0.3300
vn -0.8621 0.1229 -0.4916
vn 0.9191 -0.2055 -0.3362
vn 0.1780 -0.3404 -0.9233
vn -0.6900 0.4210 0.5888
vn 0.5798 0.1616 0.7986
vn 0.5308 -0.1325 -0.8371
vn -0.0636 0.4763 0.8770
vn 0.8539 0.3078 0.4196
vn 0.1850 0.4187 0.8891
vn -0.4536 -0.3944 -0.7992
vn 0.9898 -0.0183 -0.1409
vn -0.9101 -0.2613 -0.3216
vn 0.9914 0.1307 0.0018
vn -0.9905 -0.1297 -0.0466
vn 0.9080 0.1562 0.3887
vn -0.9685 0.1541 0.1958
vn 0.3079 -0.2198 -0.9257
vn -0.4247 0.4194 0.8023
vn 0.5337 0.0357 0.8450
vn 0.6705 -0.2634 -0.6936
vn 0.6016 0.3864 0.6991
vn -0.2582 -0.3886 -0.8845
vn -0.6864 -0.3492 -0.6379
vn 0.9944 0.0963 -0.0431
vn -0.9771 -0.1903 -0.0955
vn 0.9609 0.1654 0.2223
vn -0.9882 -0.0132 0.1524
vn 0.9150 -0.1849 -0.3586
vn 0.0249 0.0498 -0.9984
vn -0.4525 0.5224 0.7227
vn 0.5972 0.6857 0.4162
vn 0.7774 -0.1587 -0.6087
vn 0.3599 0.7770 0.5165
vn -0.3607 -0.0467 -0.9315
vn -0.7033 -0.3431 -0.6227
vn 0.9975 -0.0134 -0.0698
vn -0.9746 -0.0988 -0.2011
vn 0.9457 0.2258 0.2336
vn -0.9798 0.2002 0.0031
vn 0.1913 -0.0149 -0.9814
vn -0.6841 0.3947 0.6134
vn 0.7467 0.4654 0.4752
vn 0.4708 0.0003 -0.8823
vn -0.2133 0.6920 0.6896
vn 0.7712 0.6103 0.1810
vn 0.0104 0.7870 0.6169
vn -0.4984 -0.1798 -0.8481
vn 0.9876 -0.0847 -0.1319
vn -0.8935 -0.3402 -0.2930
vn 0.9931 0.1137 0.0274
vn -0.9870 0.0618 -0.1483
vn 0.8990 0.2281 0.3738
vn -0.9731 0.2006 0.1131
vn 0.9007 0.2669 0.3429
vn 0.7920 -0.2980 -0.5329
vn 0.7257 -0.2147 -0.6537
vn 0.9242 0.2984 0.2384
vn 0.4637 0.7799 -0.4204
vn 0.4266 0.4217 -0.8001
vn 0.5253 -0.2040 -0.8261
vn 0.6738 0.5162 0.5286
vn 0.5586 -0.1244 -0.8200
vn 0.5333 0.8323 -0.1514
vn 0.5951 0.7739 -0.2165
vn 0.6534 0.7323 -0.1919
vn 0.6601 0.6932 -0.2892
vn 0.6156 0.5971 -0.5143
vn 0.6335 0.7375 0.2339
vn 0.5793 0.2909 -0.7615
vn 0.5449 -0.1379 -0.8271
vn 0.6793 0.0301 0.7333
vn 0.7991 0.5980 -0.0622
vn 0.6260 -0.0543 -0.7779
vn 0.8072 0.2429 -0.5380
vn 0.4500 -0.6253 0.6376
vn 0.3534 -0.4686 0.8097
vn -0.2006 0.1008 -0.9745
vn 0.8860 0.0519 0.4607
vn 0.9708 0.2246 -0.0840
vn 0.7571 -0.6522 0.0374
vn -0.0063 -0.6153 0.7883
vn -0.6485 0.4197 -0.6351
vn -0.2764 -0.8338 0.4779
vn 0.8707 -0.1467 0.4694
vn 0.4346 -0.3189 0.8423
vn -0.8076 -0.5889 -0.0315
vn 0.4058 -0.7233 0.5587
vn 0.0849 -0.0096 -0.9963
vn 0.9805 0.0166 -0.1957
vn 0.0291 -0.6632 0.7479
vn -0.5697 -0.7627 0.3062
vn 0.4747 0.1949 0.8583
vn 0.4661 -0.4040 0.7871
vn -0.8273 -0.5424 -0.1461
vn 0.4477 -0.8427 0.2990
vn 0.2224 -0.5087 0.8317
vn 0.4238 0.0712 -0.9029
vn 0.7335 -0.3057 0.6070
vn -0.0373 -0.7667 0.6409
vn -0.6922 -0.7195 0.0567
vn 0.5343 -0.1224 0.8364
vn 0.8815 -0.0332 -0.4710
vn 0.6575 -0.4867 0.5751
vn 0.2586 0.0051 0.9660
vn -0.3166 0.2452 -0.9163
vn 0.9077 0.1309 0.3986
vn 0.8972 0.3415 -0.2800
vn 0.6616 -0.7370 -0.1384
vn -0.5621 0.1443 0.8144
vn -0.5285 0.0340 -0.8482
vn -0.6374 -0.6879 0.3471
vn 0.8619 0.0843 0.5001
vn 0.6767 -0.1156 0.7271
vn -0.8328 -0.5391 -0.1259
vn 0.6085 -0.6577 0.4441
vn -0.0169 0.0775 -0.9969
vn 0.9467 -0.1772 -0.2689
vn -0.6325 0.0042 0.7745
vn -0.6780 -0.7158 0.1670
vn 0.6167 0.2993 0.7281
vn 0.6801 -0.2876 0.6743
vn -0.9160 -0.0044 -0.4012
vn 0.5575 -0.7983 0.2278
vn -0.0419 0.0100 0.9991
vn 0.5390 -0.1455 -0.8296
vn 0.6880 0.0927 0.7197
vn -0.6300 -0.4173 0.6550
vn -0.7070 -0.7072 0.0069
vn 0.6310 0.0986 0.7695
vn -0.0248 -0.1166 -0.9929
vn -0.2670 0.2935 -0.9179
vn -0.1612 0.3332 -0.9290
vn 0.0857 -0.0408 -0.9955
vn 0.1890 -0.1180 -0.9749
vn 0.1880 -0.4851 -0.8540
vn -0.0165 -0.5089 -0.8607
vn -0.2073 -0.4813 -0.8517
vn 0.1472 -0.0669 -0.9868
vn -0.2369 0.4610 -0.8552
vn -0.3745 0.3918 -0.8404
vn -0.4358 0.1262 -0.8911
vn -0.3763 0.0926 -0.9219
vn -0.2954 -0.3670 -0.8821
vn -0.3747 -0.4445 -0.8137
vn -0.4676 -0.4335 -0.7704
vn 0.0277 -0.5465 -0.8370
vn -0.0452 -0.1604 -0.9860
vn 0.0512 -0.0067 -0.9987
vn 0.1643 0.0111 -0.9864
vn 0.2395 -0.1165 -0.9639
vn 0.2345 -0.4400 -0.8668
vn 0.0377 -0.2249 -0.9737
vn -0.2001 -0.2855 -0.9373
vn 0.2638 -0.1111 -0.9581
vn -0.0797 -0.0930 -0.9925
vn -0.3211 -0.1785 -0.9301
vn -0.4874 -0.1468 -0.8607
vn -0.1643 -0.0517 -0.9851
vn 0.0574 -0.2029 -0.9775
vn -0.1410 -0.2870 -0.9475
vn -0.3198 -0.2276 -0.9197
vn 0.1911 0.0027 -0.9816
vn -0.2120 0.3244 -0.9218
vn -0.4927 -0.0521 -0.8687
vn -0.6703 -0.1422 -0.7283
vn -0.5805 0.1568 -0.7990
vn -0.4523 0.0823 -0.8880
vn -0.3186 -0.2736 -0.9076
vn -0.4002 -0.2213 -0.8893
vn 0.1170 -0.6223 -0.7740
vn 0.0516 -0.3951 -0.9172
vn 0.0106 -0.2587 -0.9659
vn -0.3175 -0.1336 -0.9388
vn -0.4062 -0.1307 -0.9044
vn -0.1783 0.0468 -0.9829
vn -0.1860 -0.0951 -0.9779
vn -0.3329 -0.1162 -0.9358
vn -0.6253 -0.3399 -0.7025
vn -0.5504 0.4040 -0.7307
vn -0.4946 0.5388 -0.6820
vn -0.6786 0.0170 -0.7343
vn -0.7422 -0.1068 -0.6616
vn -0.8296 -0.3739 -0.4148
vn -0.8299 -0.3688 -0.4186
vn -0.8911 -0.2693 -0.3653
vn -0.6921 -0.1066 -0.7139
vn -0.4943 0.7013 -0.5137
vn -0.5632 0.6289 -0.5360
vn -0.9328 0.0636 -0.3547
vn -0.9774 -0.1777 -0.1142
vn -0.9024 -0.4245 -0.0747
vn -0.8984 -0.3090 -0.3123
vn -0.9226 -0.2759 -0.2696
vn -0.4893 -0.6403 -0.5921
vn -0.5950 -0.2996 -0.7458
vn -0.5710 -0.1612 -0.8050
vn -0.5901 0.0838 -0.8030
vn -0.6437 0.0874 -0.7603
vn -0.7207 -0.1163 -0.6834
vn -0.7407 -0.1839 -0.6462
vn -0.8797 -0.2067 -0.4283
vn -0.5559 -0.4718 -0.6844
vn -0.6303 -0.1172 -0.7675
vn -0.5285 0.0089 -0.8489
vn -0.4380 0.0416 -0.8980
vn -0.4536 -0.2607 -0.8522
vn -0.5845 -0.1878 -0.7894
vn -0.8276 -0.0840 -0.5550
vn -0.8710 -0.1730 -0.4598
vn -0.6317 -0.2100 -0.7462
vn -0.6128 0.4034 -0.6795
vn -0.6392 0.3443 -0.6877
vn -0.9007 0.0504 -0.4315
vn -0.9800 -0.1631 -0.1142
vn -0.9636 -0.1772 -0.2003
vn -0.9420 -0.0667 -0.3290
vn -0.9229 -0.1840 -0.3383
vn -0.4428 -0.6885 -0.5744
vn -0.4358 -0.5389 -0.7208
vn -0.3742 -0.4006 -0.8364
vn -0.3621 -0.2464 -0.8990
vn -0.3562 -0.0522 -0.9330
vn -0.3958 0.3047 -0.8663
vn -0.7553 0.1250 -0.6433
vn -0.8918 -0.0523 -0.4494
vn 0.1851 -0.4323 -0.8825
vn 0.2124 -0.0899 -0.9730
vn 0.2335 0.1216 -0.9647
vn 0.3115 0.2037 -0.9281
vn 0.3951 -0.0229 -0.9184
vn 0.4297 -0.2116 -0.8778
vn 0.4151 -0.5121 -0.7519
vn 0.1777 -0.2989 -0.9376
vn -0.0404 -0.0205 -0.9990
vn -0.0983 0.5219 -0.8473
vn -0.0889 0.4389 -0.8941
vn -0.1525 0.1456 -0.9775
vn -0.0170 -0.1549 -0.9878
vn 0.0883 -0.2323 -0.9686
vn 0.1243 -0.6588 -0.7420
vn -0.0599 -0.3982 -0.9154
vn 0.3272 -0.5831 -0.7436
vn 0.2463 -0.2398 -0.9390
vn 0.2910 -0.1043 -0.9510
vn 0.3051 0.0436 -0.9513
vn 0.3509 -0.0419 -0.9355
vn 0.4055 -0.2115 -0.8893
vn 0.4072 -0.3795 -0.8308
vn 0.2425 -0.2233 -0.9441
vn 0.3663 -0.5192 -0.7722
vn 0.2608 -0.2028 -0.9439
vn 0.3099 -0.1066 -0.9448
vn 0.3798 -0.0020 -0.9251
vn 0.4199 -0.1142 -0.9004
vn 0.3950 -0.2481 -0.8846
vn 0.2534 -0.2203 -0.9419
vn 0.0500 -0.3052 -0.9510
vn 0.4185 -0.2337 -0.8776
vn 0.1324 0.2459 -0.9602
vn 0.0085 0.1200 -0.9927
vn -0.1852 -0.1485 -0.9714
vn -0.0569 -0.2049 -0.9771
vn 0.0836 -0.1166 -0.9897
vn 0.1306 -0.1966 -0.9717
vn -0.0065 -0.3255 -0.9455
vn 0.3693 -0.5873 -0.7202
vn 0.2999 -0.3194 -0.8989
vn 0.3306 -0.2143 -0.9191
vn 0.3391 -0.1107 -0.9342
vn 0.3460 -0.1457 -0.9269
vn 0.3252 -0.1645 -0.9312
vn 0.2540 -0.0749 -0.9643
vn 0.0657 -0.0890 -0.9939
vn -0.3397 -0.3815 -0.8597
vn -0.3293 0.2977 -0.8961
vn -0.2871 0.4713 -0.8339
vn -0.4605 0.0789 -0.8842
vn -0.5412 -0.0697 -0.8380
vn -0.5777 -0.1627 -0.7999
vn -0.6094 -0.4741 -0.6355
vn -0.6649 -0.3870 -0.6388
vn -0.4410 -0.1626 -0.8827
vn -0.4016 0.5940 -0.6971
vn -0.3626 0.6841 -0.6329
vn -0.7568 0.1591 -0.6340
vn -0.8715 -0.0174 -0.4900
vn -0.8593 -0.0692 -0.5067
vn -0.8312 -0.3941 -0.3921
vn -0.8243 -0.4181 -0.3818
vn -0.2939 -0.6349 -0.7145
vn -0.4594 -0.2030 -0.8647
vn -0.4347 -0.0627 -0.8984
vn -0.4373 0.1010 -0.8936
vn -0.4588 0.0661 -0.8861
vn -0.4866 -0.0164 -0.8735
vn -0.4960 -0.3300 -0.8032
vn -0.5266 -0.2808 -0.8024
vn -0.3005 -0.4556 -0.8380
vn -0.3620 -0.0652 -0.9299
vn -0.2554 0.0401 -0.9660
vn -0.2300 0.0790 -0.9700
vn -0.2465 -0.0768 -0.9661
vn -0.3068 -0.3797 -0.8728
vn -0.4210 -0.2550 -0.8705
vn -0.6928 -0.2883 -0.6610
vn -0.3646 -0.2531 -0.8961
vn -0.4448 0.3089 -0.8407
vn -0.4339 0.3896 -0.8124
vn -0.7095 0.0433 -0.7033
vn -0.8401 -0.0532 -0.5398
vn -0.8198 -0.2239 -0.5270
vn -0.7416 -0.3060 -0.5971
vn -0.8058 -0.2838 -0.5197
vn -0.2480 -0.6140 -0.7493
vn -0.3086 -0.3437 -0.8869
vn -0.2593 -0.2827 -0.9235
vn -0.2397 -0.1613 -0.9574
vn -0.1451 -0.1236 -0.9817
vn -0.0999 0.0107 -0.9949
vn -0.2614 0.1674 -0.9506
vn -0.6874 -0.1059 -0.7186
vn -0.0057 -0.0531 -0.9986
vn -0.3029 0.2417 -0.9219
vn -0.2610 0.2368 -0.9359
vn -0.1437 -0.0433 -0.9887
vn -0.0473 -0.0348 -0.9983
vn -0.0709 -0.3374 -0.9387
vn -0.0738 -0.4954 -0.8655
vn -0.2042 -0.4810 -0.8526
vn 0.1111 -0.1343 -0.9847
vn -0.2688 0.4433 -0.8551
vn -0.5020 0.3976 -0.7680
vn -0.6525 0.1767 -0.7369
vn -0.6532 0.1478 -0.7426
vn -0.5791 -0.1387 -0.8034
vn -0.4336 -0.4041 -0.8054
vn -0.4659 -0.4342 -0.7710
vn 0.0232 -0.5474 -0.8366
vn -0.0952 -0.2217 -0.9704
vn -0.1125 -0.0483 -0.9925
vn -0.0884 0.0210 -0.9959
vn 0.0073 -0.0649 -0.9979
vn 0.0188 -0.3419 -0.9395
vn -0.0362 -0.2009 -0.9789
vn -0.2075 -0.2902 -0.9342
vn 0.1635 -0.2725 -0.9482
vn -0.1310 -0.0211 -0.9912
vn -0.1272 -0.0133 -0.9918
vn -0.0076 -0.0489 -0.9988
vn 0.0735 -0.1456 -0.9866
vn 0.0094 -0.2405 -0.9706
vn -0.1417 -0.2884 -0.9470
vn -0.3174 -0.2283 -0.9204
vn 0.2208 0.0739 -0.9725
vn -0.2004 0.4333 -0.8787
vn -0.4709 0.1923 -0.8610
vn -0.6172 0.0492 -0.7853
vn -0.6472 -0.0482 -0.7608
vn -0.5231 -0.1237 -0.8432
vn -0.3452 -0.2895 -0.8928
vn -0.4064 -0.2200 -0.8868
vn 0.1148 -0.6230 -0.7738
vn -0.0171 -0.3281 -0.9445
vn -0.0546 -0.1348 -0.9894
vn 0.0067 -0.1489 -0.9888
vn -0.0009 -0.2547 -0.9670
vn -0.0826 -0.1038 -0.9912
vn -0.1787 -0.1091 -0.9778
vn -0.3333 -0.1162 -0.9357
vn -0.6223 -0.4001 -0.6727
vn -0.6289 0.2339 -0.7415
vn -0.5729 0.3862 -0.7230
vn -0.7490 -0.0215 -0.6622
vn -0.8217 -0.0305 -0.5692
vn -0.8825 -0.1479 -0.4464
vn -0.8588 -0.2417 -0.4517
vn -0.8930 -0.2687 -0.3611
vn -0.7082 -0.1937 -0.6789
vn -0.6253 0.5881 -0.5130
vn -0.6137 0.6297 -0.4764
vn -0.9848 0.0083 -0.1733
vn -0.9994 -0.0302 0.0165
vn -0.9845 -0.1716 -0.0375
vn -0.9404 -0.1907 -0.2815
vn -0.9218 -0.2766 -0.2717
vn -0.4858 -0.6740 -0.5566
vn -0.6549 -0.3360 -0.6769
vn -0.7293 -0.1062 -0.6759
vn -0.7727 0.0935 -0.6279
vn -0.7471 0.0998 -0.6572
vn -0.7353 0.0009 -0.6778
vn -0.7652 -0.0686 -0.6401
vn -0.8802 -0.2094 -0.4259
vn -0.5672 -0.4944 -0.6587
vn -0.7371 -0.0705 -0.6721
vn -0.7428 0.1344 -0.6559
vn -0.7469 0.1213 -0.6538
vn -0.8162 -0.1439 -0.5596
vn -0.7803 -0.1139 -0.6149
vn -0.8276 -0.0846 -0.5548
vn -0.6397 -0.2624 -0.7224
vn -0.7422 0.2726 -0.6122
vn -0.8037 0.3136 -0.5056
vn -0.9799 0.0832 -0.1816
vn -0.9995 -0.0008 0.0312
vn -0.9889 0.0082 -0.1485
vn -0.9417 -0.0601 -0.3311
vn -0.9228 -0.1842 -0.3383
vn -0.4521 -0.6974 -0.5560
vn -0.6025 -0.4279 -0.6738
vn -0.6861 -0.1664 -0.7083
vn -0.7263 -0.1339 -0.6742
vn -0.7174 -0.1582 -0.6785
vn -0.6230 0.1756 -0.7622
vn -0.7773 0.1107 -0.6193
vn -0.8926 -0.0524 -0.4477
vn 0.2321 -0.4472 -0.8638
vn 0.2145 -0.1374 -0.9670
vn 0.2031 -0.0060 -0.9791
vn 0.2002 0.0711 -0.9772
vn 0.2252 -0.0471 -0.9732
vn 0.2806 -0.1352 -0.9503
vn 0.2976 -0.3604 -0.8841
vn 0.1061 -0.2777 -0.9548
vn 0.4825 -0.1147 -0.8683
vn 0.0935 0.4538 -0.8862
vn -0.1502 0.3769 -0.9140
vn -0.3688 0.1478 -0.9177
vn -0.4160 -0.0392 -0.9085
vn -0.2235 -0.1048 -0.9691
vn -0.0045 -0.4250 -0.9052
vn -0.0595 -0.3831 -0.9218
vn 0.3289 -0.5554 -0.7638
vn 0.2514 -0.2820 -0.9259
vn 0.2504 -0.1894 -0.9494
vn 0.2175 -0.0405 -0.9752
vn 0.2481 -0.0591 -0.9669
vn 0.3095 -0.1555 -0.9381
vn 0.3289 -0.2855 -0.9002
vn 0.1749 -0.1862 -0.9668
vn 0.3719 -0.5113 -0.7748
vn 0.2432 -0.2184 -0.9451
vn 0.2414 -0.1237 -0.9625
vn 0.2663 -0.0280 -0.9635
vn 0.3274 -0.1263 -0.9364
vn 0.3374 -0.2390 -0.9105
vn 0.2420 -0.1859 -0.9523
vn 0.0516 -0.3053 -0.9509
vn 0.4284 -0.2240 -0.8754
vn 0.0919 0.2137 -0.9726
vn -0.1227 0.1694 -0.9779
vn -0.3179 0.0473 -0.9469
vn -0.3121 -0.1051 -0.9442
vn -0.1229 -0.1816 -0.9757
vn -0.0010 -0.1027 -0.9947
vn -0.0090 -0.3311 -0.9436
vn 0.3802 -0.5697 -0.7286
vn 0.2793 -0.2982 -0.9127
vn 0.2590 -0.1780 -0.9493
vn 0.2489 -0.0925 -0.9641
vn 0.2912 -0.1793 -0.9397
vn 0.3149 -0.2343 -0.9198
vn 0.2715 -0.0925 -0.9580
vn 0.0470 -0.0921 -0.9946
vn -0.3484 -0.4226 -0.8367
vn -0.3682 0.1948 -0.9091
vn -0.3061 0.3425 -0.8883
vn -0.4531 -0.0089 -0.8914
vn -0.5716 -0.0822 -0.8164
vn -0.6174 -0.0600 -0.7844
vn -0.6716 -0.2890 -0.6822
vn -0.7097 -0.3001 -0.6374
vn -0.4582 -0.2194 -0.8614
vn -0.4964 0.5000 -0.7096
vn -0.4457 0.6324 -0.6336
vn -0.8385 0.1223 -0.5310
vn -0.9521 -0.0454 -0.3023
vn -0.8930 0.0653 -0.4453
vn -0.8506 -0.1510 -0.5036
vn -0.8222 -0.3023 -0.4822
vn -0.2931 -0.6678 -0.6842
vn -0.4872 -0.3096 -0.8166
vn -0.5054 -0.1485 -0.8500
vn -0.5086 0.0382 -0.8601
vn -0.5206 0.0672 -0.8512
vn -0.5117 0.0421 -0.8581
vn -0.5127 -0.1812 -0.8392
vn -0.5894 -0.1688 -0.7900
vn -0.3090 -0.4813 -0.8203
vn -0.4479 -0.0973 -0.8888
vn -0.4400 0.0588 -0.8961
vn -0.4800 0.0971 -0.8719
vn -0.5325 -0.0136 -0.8463
vn -0.5461 -0.2440 -0.8014
vn -0.5169 -0.2074 -0.8306
vn -0.6919 -0.2888 -0.6618
vn -0.3694 -0.2846 -0.8846
vn -0.5287 0.2009 -0.8247
vn -0.6129 0.3145 -0.7248
vn -0.8700 0.0585 -0.4895
vn -0.9522 0.0316 -0.3037
vn -0.9058 -0.0492 -0.4209
vn -0.7809 -0.1031 -0.6161
vn -0.7992 -0.2777 -0.5331
vn -0.2576 -0.6444 -0.7200
vn -0.3952 -0.3546 -0.8474
vn -0.4503 -0.1995 -0.8703
vn -0.5384 -0.0814 -0.8388
vn -0.5068 -0.1157 -0.8543
vn -0.3983 -0.0448 -0.9162
vn -0.4218 0.1491 -0.8944
vn -0.6918 -0.1061 -0.7143
vn 0.0146 -0.1952 -0.9807
vn 0.6473 0.5044 0.5715
vn 0.7808 0.0829 0.6193
vn -0.3189 -0.4683 -0.8240
vn 0.1156 0.2354 0.9650
vn -0.9840 -0.0037 0.1781
vn -0.8791 0.3799 -0.2880
vn 0.6142 0.3637 -0.7004
vn 0.4017 0.5048 -0.7641
vn 0.3619 -0.0257 -0.9319
vn 0.2842 0.2132 -0.9348
vn 0.2072 0.3908 -0.8969
vn 0.4878 0.0633 0.8707
vn 0.5108 -0.4522 0.7311
vn 0.6349 0.2997 0.7121
vn 0.5194 0.6532 0.5510
vn 0.8701 0.4028 0.2840
vn 0.9294 -0.3552 0.1007
vn 0.7022 0.2890 0.6507
vn 0.5417 0.6149 0.5731
vn 0.1069 -0.1244 -0.9865
vn -0.1214 -0.3800 -0.9170
vn -0.0505 0.2085 -0.9767
vn -0.2034 -0.0243 -0.9788
vn 0.0169 -0.1067 0.9941
vn -0.0944 -0.3853 0.9179
vn 0.0511 0.6553 0.7537
vn 0.1253 0.7433 0.6571
vn -0.7474 0.5412 0.3854
vn -0.7971 0.4988 0.3405
vn -0.8058 -0.4450 0.3907
vn -0.8585 -0.3404 0.3835
vn -0.8978 0.0761 -0.4338
vn -0.8687 0.4589 -0.1866
vn -0.6321 -0.7486 -0.2003
vn -0.8991 -0.3288 -0.2892
vn 0.8273 0.5168 -0.2202
vn 0.9653 0.0407 -0.2578
vn 0.6511 0.5548 -0.5180
vn 0.4720 0.6138 -0.6329
vn 0.2422 -0.7141 -0.6568
vn 0.5549 -0.5030 0.6626
vn 0.8199 -0.4403 0.3659
vn -0.2188 -0.6693 -0.7100
vn -0.0917 -0.1760 0.9801
vn -0.6015 0.6779 0.4226
vn -0.9858 0.1243 -0.1132
vn 0.8770 -0.3913 -0.2790
vn 0.1445 0.0308 -0.9890
vn 0.6585 0.2041 0.7244
vn 0.7862 0.0774 0.6131
vn -0.3498 -0.3298 -0.8768
vn 0.1986 0.3388 0.9197
vn 0.5884 0.3640 -0.7220
vn -0.8190 0.2884 0.4961
vn -0.8419 0.0250 -0.5390
vn -0.1464 -0.0385 -0.9885
vn 0.3583 0.3683 -0.8579
vn 0.3371 -0.0050 -0.9414
vn 0.4054 0.2564 -0.8775
vt 0.877000 0.202600
vt 0.876500 0.205800
vt 0.837200 0.190800
vt 0.837600 0.187500
vt 0.791000 0.172800
vt 0.791800 0.169700
vt 0.747300 0.154500
vt 0.748200 0.151500
vt 0.707800 0.137000
vt 0.708200 0.134300
vt 0.661400 0.126400
vt 0.662000 0.123500
vt 0.621900 0.119400
vt 0.622500 0.115500
vt 0.575500 0.108600
vt 0.575900 0.103900
vt 0.522500 0.087500
vt 0.522400 0.083700
vt 0.469200 0.068000
vt 0.468200 0.064800
vt 0.430000 0.058700
vt 0.429300 0.055900
vt 0.401100 0.054300
vt 0.400900 0.051400
vt 0.193400 0.102400
vt 0.242700 0.086100
vt 0.243500 0.089000
vt 0.193900 0.105800
vt 0.310100 0.022200
vt 0.274300 0.032300
vt 0.273500 0.030400
vt 0.309600 0.020400
vt 0.108000 0.080800
vt 0.082800 0.108000
vt 0.081800 0.105200
vt 0.107000 0.077400
vt 0.920600 0.171500
vt 0.881800 0.155600
vt 0.881900 0.153100
vt 0.921100 0.168900
vt 0.459700 0.020300
vt 0.422100 0.013700
vt 0.422000 0.011900
vt 0.459600 0.018600
vt 0.987400 0.223600
vt 0.979400 0.224300
vt 0.979100 0.223400
vt 0.987200 0.222700
vt 0.395800 0.011100
vt 0.369300 0.012100
vt 0.369100 0.010700
vt 0.395600 0.009600
vt 0.222600 0.034500
vt 0.176900 0.038500
vt 0.175700 0.034700
vt 0.221100 0.031700
vt 0.843000 0.139800
vt 0.799100 0.123100
vt 0.799300 0.120400
vt 0.843600 0.137100
vt 0.337900 0.017000
vt 0.337800 0.015400
vt 0.720700 0.088300
vt 0.673500 0.066200
vt 0.674100 0.062700
vt 0.721800 0.085900
vt 0.952000 0.196900
vt 0.952300 0.195000
vt 0.059600 0.131100
vt 0.040200 0.154300
vt 0.039200 0.151400
vt 0.058400 0.128100
vt 0.586500 0.036100
vt 0.526500 0.030700
vt 0.527100 0.028700
vt 0.587100 0.033000
vt 0.140000 0.053300
vt 0.138900 0.049200
vt 0.757500 0.106300
vt 0.757800 0.103800
vt 0.631500 0.044900
vt 0.631900 0.041000
vt 0.024200 0.181500
vt 0.009900 0.227400
vt 0.009600 0.226600
vt 0.023500 0.179000
vt 0.312800 0.033800
vt 0.279100 0.044700
vt 0.278400 0.042200
vt 0.312300 0.031300
vt 0.114600 0.100900
vt 0.089300 0.124700
vt 0.088200 0.122100
vt 0.113500 0.097800
vt 0.917400 0.186400
vt 0.881100 0.170300
vt 0.881200 0.168400
vt 0.917700 0.184500
vt 0.460500 0.030800
vt 0.422900 0.024900
vt 0.422600 0.022600
vt 0.460400 0.028500
vt 0.988900 0.229000
vt 0.981000 0.229500
vt 0.980800 0.228600
vt 0.988600 0.228000
vt 0.397400 0.020600
vt 0.370700 0.021100
vt 0.370500 0.019000
vt 0.397000 0.018500
vt 0.231300 0.051400
vt 0.184400 0.060800
vt 0.183200 0.057200
vt 0.230100 0.048400
vt 0.840400 0.155300
vt 0.798100 0.138800
vt 0.798200 0.137000
vt 0.840400 0.153500
vt 0.338900 0.027200
vt 0.338600 0.025000
vt 0.714400 0.103100
vt 0.669700 0.086800
vt 0.670300 0.083500
vt 0.715100 0.100600
vt 0.950300 0.208300
vt 0.950700 0.206400
vt 0.066500 0.148800
vt 0.045900 0.171800
vt 0.044900 0.169000
vt 0.065200 0.146000
vt 0.582300 0.055000
vt 0.522800 0.043700
vt 0.523000 0.041100
vt 0.583000 0.051800
vt 0.146200 0.077200
vt 0.145200 0.073500
vt 0.755900 0.120600
vt 0.756200 0.118700
vt 0.628700 0.068700
vt 0.629200 0.064800
vt 0.028300 0.196000
vt 0.012100 0.232400
vt 0.011600 0.231500
vt 0.027600 0.193800
vt 0.197200 0.120300
vt 0.244700 0.103800
vt 0.245100 0.108700
vt 0.198300 0.125200
vt 0.200500 0.134800
vt 0.245900 0.118600
vt 0.246300 0.123600
vt 0.201600 0.139700
vt 0.158900 0.135700
vt 0.160100 0.140300
vt 0.162600 0.149700
vt 0.163800 0.154400
vt 0.705200 0.148200
vt 0.746500 0.165500
vt 0.746200 0.169200
vt 0.704400 0.152000
vt 0.702700 0.159400
vt 0.745600 0.176500
vt 0.745300 0.180100
vt 0.701800 0.163200
vt 0.283200 0.094500
vt 0.283200 0.098400
vt 0.283300 0.106200
vt 0.283300 0.110100
vt 0.915000 0.230200
vt 0.952300 0.246200
vt 0.952700 0.249900
vt 0.915500 0.233500
vt 0.916500 0.240000
vt 0.953500 0.257300
vt 0.953900 0.260900
vt 0.917000 0.243300
vt 0.572200 0.120600
vt 0.618200 0.131400
vt 0.616900 0.135400
vt 0.571100 0.124600
vt 0.569000 0.132600
vt 0.614400 0.143400
vt 0.613200 0.147400
vt 0.567900 0.136600
vt 0.430900 0.072000
vt 0.471000 0.082000
vt 0.471600 0.086600
vt 0.431200 0.076400
vt 0.431800 0.085300
vt 0.472700 0.095900
vt 0.473300 0.100500
vt 0.432100 0.089700
vt 0.037800 0.244900
vt 0.058900 0.224000
vt 0.060100 0.228500
vt 0.038400 0.248900
vt 0.039600 0.256800
vt 0.062600 0.237400
vt 0.063900 0.241900
vt 0.040300 0.260800
vt 0.104800 0.175500
vt 0.126200 0.155800
vt 0.127300 0.160500
vt 0.105800 0.180000
vt 0.107800 0.189200
vt 0.129400 0.169900
vt 0.130500 0.174600
vt 0.108800 0.193700
vt 0.789400 0.184000
vt 0.837300 0.202900
vt 0.837300 0.206900
vt 0.788900 0.187800
vt 0.787800 0.195300
vt 0.837400 0.215000
vt 0.837400 0.219100
vt 0.787200 0.199000
vt 0.657700 0.138000
vt 0.656400 0.141900
vt 0.654000 0.149600
vt 0.652800 0.153500
vt 0.313800 0.085900
vt 0.339300 0.078700
vt 0.338700 0.082600
vt 0.313400 0.089700
vt 0.312600 0.097300
vt 0.337300 0.090400
vt 0.336700 0.094300
vt 0.312100 0.101200
vt 0.521000 0.100800
vt 0.520500 0.105200
vt 0.519500 0.114100
vt 0.519000 0.118500
vt 0.982700 0.261100
vt 0.982400 0.264100
vt 0.981700 0.270100
vt 0.981400 0.273100
vt 0.080700 0.200800
vt 0.081800 0.205700
vt 0.084100 0.215300
vt 0.085200 0.220200
vt 0.401000 0.067400
vt 0.401000 0.071800
vt 0.401000 0.080600
vt 0.401000 0.085000
vt 0.385100 0.068600
vt 0.384900 0.072900
vt 0.368000 0.082100
vt 0.367600 0.086200
vt 0.369200 0.069800
vt 0.368800 0.073900
vt 0.877500 0.215900
vt 0.877900 0.219300
vt 0.878600 0.226000
vt 0.879000 0.229400
vt 0.018300 0.262500
vt 0.019100 0.265400
vt 0.020800 0.271200
vt 0.021700 0.274100
vt 0.988100 0.260700
vt 0.988000 0.263800
vt 0.987700 0.270000
vt 0.987500 0.273100
vt 0.913700 0.217400
vt 0.913400 0.220400
vt 0.879700 0.186600
vt 0.880300 0.183400
vt 0.915600 0.199000
vt 0.915300 0.202100
vt 0.950800 0.233000
vt 0.951200 0.235200
vt 0.948900 0.219700
vt 0.949200 0.221900
vt 0.839700 0.171100
vt 0.840100 0.167800
vt 0.795900 0.154100
vt 0.796700 0.151000
vt 0.752500 0.136300
vt 0.753300 0.133300
vt 0.710200 0.120800
vt 0.710600 0.118100
vt 0.665300 0.109200
vt 0.666000 0.106300
vt 0.625200 0.096100
vt 0.625700 0.092200
vt 0.578100 0.080300
vt 0.578600 0.075500
vt 0.521700 0.064500
vt 0.521600 0.060600
vt 0.463100 0.048800
vt 0.462000 0.045600
vt 0.425800 0.042000
vt 0.425100 0.039200
vt 0.399600 0.036700
vt 0.399400 0.033800
vt 0.983600 0.249800
vt 0.983800 0.252000
vt 0.982400 0.236400
vt 0.982600 0.238600
vt 0.015800 0.253800
vt 0.015600 0.251700
vt 0.035400 0.229800
vt 0.035900 0.233000
vt 0.014600 0.241200
vt 0.014400 0.239100
vt 0.032300 0.210300
vt 0.032800 0.213500
vt 0.054700 0.207500
vt 0.055200 0.210600
vt 0.051400 0.189000
vt 0.051900 0.192100
vt 0.076800 0.183400
vt 0.077400 0.186300
vt 0.073100 0.165700
vt 0.073700 0.168700
vt 0.100900 0.158800
vt 0.101700 0.161700
vt 0.095900 0.141000
vt 0.096700 0.143900
vt 0.122700 0.138500
vt 0.123000 0.141700
vt 0.120500 0.119800
vt 0.120800 0.122900
vt 0.154800 0.118400
vt 0.155200 0.121600
vt 0.151900 0.099400
vt 0.152400 0.102500
vt 0.190600 0.082100
vt 0.191100 0.085500
vt 0.283000 0.079600
vt 0.283100 0.082700
vt 0.238900 0.071800
vt 0.238100 0.068900
vt 0.282700 0.060500
vt 0.282800 0.063700
vt 0.315000 0.074400
vt 0.315000 0.070900
vt 0.341300 0.063500
vt 0.341400 0.067100
vt 0.314900 0.053500
vt 0.314900 0.050000
vt 0.340600 0.042100
vt 0.340700 0.045600
vt 0.355900 0.062300
vt 0.355900 0.058800
vt 0.370600 0.054200
vt 0.370500 0.057500
vt 0.371500 0.034500
vt 0.371300 0.037800
vt 0.385800 0.055900
vt 0.385700 0.052800
vt 0.385500 0.037300
vt 0.385400 0.034100
vt 0.988800 0.249300
vt 0.988600 0.251500
vt 0.990200 0.236300
vt 0.990000 0.238400
vt 0.314100 0.041500
vt 0.281300 0.052300
vt 0.280600 0.049700
vt 0.313600 0.038900
vt 0.117900 0.110400
vt 0.092800 0.132700
vt 0.091600 0.130000
vt 0.116800 0.107200
vt 0.916500 0.192100
vt 0.880900 0.176300
vt 0.881000 0.174300
vt 0.916800 0.190200
vt 0.460800 0.037800
vt 0.423800 0.031800
vt 0.423500 0.029500
vt 0.460700 0.035500
vt 0.989800 0.232100
vt 0.981700 0.232300
vt 0.981500 0.231400
vt 0.989500 0.231100
vt 0.398400 0.026800
vt 0.371300 0.027100
vt 0.371100 0.025100
vt 0.398100 0.024700
vt 0.234900 0.060200
vt 0.187800 0.071500
vt 0.186700 0.067900
vt 0.233700 0.057200
vt 0.840500 0.160900
vt 0.797700 0.144300
vt 0.797800 0.142400
vt 0.840500 0.159000
vt 0.339900 0.034000
vt 0.339600 0.031700
vt 0.712300 0.110500
vt 0.667800 0.096800
vt 0.668400 0.093500
vt 0.713000 0.108000
vt 0.949300 0.213800
vt 0.949600 0.211900
vt 0.070100 0.157200
vt 0.048800 0.180300
vt 0.047900 0.177500
vt 0.068900 0.154400
vt 0.580300 0.064500
vt 0.522000 0.051500
vt 0.522200 0.048900
vt 0.581000 0.061300
vt 0.149300 0.088600
vt 0.148300 0.084800
vt 0.754900 0.126400
vt 0.755200 0.124500
vt 0.627300 0.080500
vt 0.627800 0.076500
vt 0.030400 0.202600
vt 0.013300 0.235100
vt 0.012900 0.234200
vt 0.029700 0.200400
vt 0.311400 0.027600
vt 0.276800 0.038200
vt 0.276000 0.036300
vt 0.311000 0.025800
vt 0.111300 0.091000
vt 0.086000 0.116400
vt 0.085000 0.113600
vt 0.110200 0.087600
vt 0.918800 0.179300
vt 0.881400 0.163300
vt 0.881600 0.160700
vt 0.919400 0.176700
vt 0.460200 0.025200
vt 0.422400 0.019000
vt 0.422300 0.017200
vt 0.460000 0.023600
vt 0.988100 0.226200
vt 0.980200 0.226900
vt 0.980000 0.226000
vt 0.987900 0.225300
vt 0.396500 0.015500
vt 0.370100 0.016300
vt 0.369800 0.014900
vt 0.396300 0.014000
vt 0.227100 0.042800
vt 0.180700 0.049700
vt 0.179500 0.045900
vt 0.225600 0.040100
vt 0.841500 0.148000
vt 0.798600 0.131400
vt 0.798800 0.128700
vt 0.842000 0.145300
vt 0.338300 0.021800
vt 0.338200 0.020200
vt 0.717300 0.095700
vt 0.671600 0.076600
vt 0.672200 0.073100
vt 0.718400 0.093300
vt 0.951200 0.202600
vt 0.951500 0.200700
vt 0.063000 0.140000
vt 0.043000 0.163100
vt 0.042100 0.160200
vt 0.061800 0.137100
vt 0.584400 0.045600
vt 0.524400 0.036900
vt 0.525100 0.034900
vt 0.585100 0.042400
vt 0.143100 0.065400
vt 0.142000 0.061300
vt 0.756800 0.113700
vt 0.757000 0.111300
vt 0.630100 0.056800
vt 0.630600 0.052900
vt 0.026200 0.188800
vt 0.010900 0.229900
vt 0.010600 0.229000
vt 0.025500 0.186400
vt 0.526300 0.686100
vt 0.525900 0.684500
vt 0.506800 0.679000
vt 0.505800 0.680300
vt 0.482700 0.671500
vt 0.482800 0.674200
vt 0.702400 0.697400
vt 0.702500 0.693700
vt 0.695900 0.693200
vt 0.695500 0.696000
vt 0.682000 0.695200
vt 0.681200 0.697500
vt 0.661800 0.694300
vt 0.659500 0.697400
vt 0.636800 0.694900
vt 0.632800 0.697800
vt 0.609100 0.691600
vt 0.606700 0.695100
vt 0.585500 0.689200
vt 0.584600 0.692700
vt 0.566800 0.690100
vt 0.566400 0.692800
vt 0.551900 0.690200
vt 0.551900 0.692400
vt 0.541400 0.689700
vt 0.541400 0.691300
vt 0.464800 0.668900
vt 0.464900 0.671300
vt 0.450700 0.668300
vt 0.450400 0.670300
vt 0.439600 0.668900
vt 0.438400 0.670400
vt 0.425400 0.667400
vt 0.424400 0.668500
vt 0.415300 0.666800
vt 0.414600 0.667700
vt 0.409700 0.666600
vt 0.409400 0.667400
vt 0.483400 0.855400
vt 0.483000 0.853700
vt 0.470100 0.856900
vt 0.470700 0.858300
vt 0.456400 0.857600
vt 0.457400 0.858800
vt 0.669200 0.852300
vt 0.670700 0.848700
vt 0.658900 0.847600
vt 0.657500 0.851000
vt 0.645000 0.845700
vt 0.643900 0.849400
vt 0.438600 0.857700
vt 0.439500 0.858800
vt 0.426900 0.859700
vt 0.427500 0.860700
vt 0.631100 0.851600
vt 0.630500 0.854400
vt 0.614600 0.853800
vt 0.614700 0.856400
vt 0.595300 0.848000
vt 0.596100 0.851400
vt 0.572100 0.836700
vt 0.573400 0.840200
vt 0.417300 0.864200
vt 0.417600 0.865100
vt 0.412100 0.868200
vt 0.412300 0.868800
vt 0.555000 0.832000
vt 0.556000 0.834600
vt 0.542100 0.830700
vt 0.542700 0.833000
vt 0.528100 0.834600
vt 0.527900 0.837500
vt 0.511500 0.842100
vt 0.511300 0.844800
vt 0.497900 0.848700
vt 0.498100 0.850800
vt 0.686700 0.845900
vt 0.687200 0.840800
vt 0.813900 0.719500
vt 0.813400 0.717100
vt 0.795400 0.714400
vt 0.795000 0.716000
vt 0.770500 0.704900
vt 0.771700 0.708600
vt 0.979700 0.716500
vt 0.981000 0.714400
vt 0.968400 0.712800
vt 0.967500 0.714900
vt 0.955400 0.711600
vt 0.954700 0.713900
vt 0.942900 0.711100
vt 0.940600 0.714900
vt 0.920700 0.718100
vt 0.917400 0.721500
vt 0.897000 0.719200
vt 0.894800 0.723000
vt 0.874700 0.718700
vt 0.873900 0.722600
vt 0.856300 0.720700
vt 0.856100 0.723600
vt 0.841900 0.720400
vt 0.841500 0.723500
vt 0.830100 0.720900
vt 0.830000 0.723600
vt 0.749100 0.701700
vt 0.750700 0.705600
vt 0.733300 0.696400
vt 0.734500 0.700800
vt 0.722700 0.693700
vt 0.723300 0.698400
vt 0.714200 0.693100
vt 0.714400 0.697500
vt 0.707700 0.693300
vt 0.707900 0.697400
vt 0.781400 0.855300
vt 0.781800 0.853800
vt 0.768800 0.855100
vt 0.768700 0.856600
vt 0.754000 0.853900
vt 0.754300 0.855700
vt 0.959300 0.878600
vt 0.960100 0.876200
vt 0.950600 0.874200
vt 0.950100 0.876800
vt 0.940000 0.874400
vt 0.939800 0.876900
vt 0.730500 0.850400
vt 0.731100 0.852600
vt 0.705000 0.848100
vt 0.705500 0.851800
vt 0.923300 0.875800
vt 0.923400 0.878000
vt 0.907000 0.876300
vt 0.907400 0.878400
vt 0.888900 0.870400
vt 0.889700 0.873100
vt 0.867900 0.857600
vt 0.869000 0.860700
vt 0.851100 0.850300
vt 0.851700 0.852700
vt 0.839100 0.846500
vt 0.839100 0.848700
vt 0.823900 0.845600
vt 0.823500 0.848500
vt 0.806700 0.848400
vt 0.806500 0.850900
vt 0.795400 0.849800
vt 0.794900 0.852100
vt 0.499400 0.872300
vt 0.499300 0.870100
vt 0.484800 0.872200
vt 0.484700 0.874300
vt 0.499200 0.865600
vt 0.499200 0.863400
vt 0.485200 0.865900
vt 0.485100 0.868000
vt 0.649100 0.885200
vt 0.649300 0.881800
vt 0.639400 0.880600
vt 0.639600 0.883900
vt 0.649800 0.874900
vt 0.650100 0.871500
vt 0.638800 0.870800
vt 0.639000 0.874100
vt 0.628800 0.881600
vt 0.628500 0.878900
vt 0.616000 0.879400
vt 0.616200 0.881900
vt 0.627900 0.873500
vt 0.627600 0.870800
vt 0.615300 0.871900
vt 0.615500 0.874400
vt 0.602600 0.882500
vt 0.602200 0.879700
vt 0.588100 0.874500
vt 0.590100 0.878700
vt 0.601200 0.874100
vt 0.600700 0.871300
vt 0.582000 0.861700
vt 0.584000 0.865900
vt 0.569300 0.870800
vt 0.567600 0.866100
vt 0.550800 0.860800
vt 0.552200 0.864800
vt 0.564400 0.856600
vt 0.562800 0.851900
vt 0.546800 0.848800
vt 0.548100 0.852800
vt 0.533100 0.869100
vt 0.531800 0.865800
vt 0.512800 0.868200
vt 0.513400 0.870800
vt 0.529300 0.859100
vt 0.528100 0.855700
vt 0.510800 0.860500
vt 0.511500 0.863100
vt 0.472200 0.874900
vt 0.472500 0.872900
vt 0.457900 0.872900
vt 0.456900 0.874900
vt 0.473000 0.869100
vt 0.473300 0.867100
vt 0.460900 0.867000
vt 0.459900 0.869000
vt 0.438000 0.875300
vt 0.439200 0.873100
vt 0.426600 0.874400
vt 0.425600 0.876400
vt 0.441600 0.868700
vt 0.442700 0.866400
vt 0.429600 0.868200
vt 0.428600 0.870300
vt 0.416600 0.876900
vt 0.417100 0.875400
vt 0.412300 0.875000
vt 0.412200 0.875800
vt 0.418100 0.872300
vt 0.418600 0.870800
vt 0.412800 0.872600
vt 0.412600 0.873400
vt 0.659400 0.886400
vt 0.659800 0.883300
vt 0.660600 0.876900
vt 0.661000 0.873700
vt 0.790300 0.878600
vt 0.790700 0.875700
vt 0.775000 0.874800
vt 0.773800 0.878000
vt 0.791300 0.869700
vt 0.791700 0.866800
vt 0.778500 0.865500
vt 0.777400 0.868600
vt 0.951700 0.904800
vt 0.950900 0.901800
vt 0.941300 0.901600
vt 0.942000 0.904700
vt 0.949300 0.895800
vt 0.948500 0.892800
vt 0.939100 0.892400
vt 0.939800 0.895500
vt 0.928400 0.905800
vt 0.927500 0.902400
vt 0.912600 0.901800
vt 0.913400 0.905100
vt 0.925800 0.895500
vt 0.924900 0.892100
vt 0.910200 0.891900
vt 0.911000 0.895200
vt 0.898600 0.901900
vt 0.897700 0.898800
vt 0.883100 0.893800
vt 0.885300 0.898100
vt 0.895900 0.892500
vt 0.895000 0.889400
vt 0.876600 0.880800
vt 0.878800 0.885200
vt 0.864300 0.887200
vt 0.862400 0.882700
vt 0.843900 0.875500
vt 0.845000 0.879400
vt 0.858700 0.873700
vt 0.856800 0.869200
vt 0.840400 0.863600
vt 0.841500 0.867500
vt 0.825400 0.880900
vt 0.824500 0.877300
vt 0.805700 0.877000
vt 0.805800 0.880400
vt 0.822900 0.870200
vt 0.822100 0.866600
vt 0.805500 0.866900
vt 0.805500 0.870300
vt 0.760100 0.878500
vt 0.761700 0.875600
vt 0.746700 0.875500
vt 0.744400 0.878100
vt 0.764900 0.870000
vt 0.766500 0.867100
vt 0.753600 0.867500
vt 0.751300 0.870100
vt 0.716300 0.881800
vt 0.719800 0.878300
vt 0.691800 0.885200
vt 0.687800 0.888900
vt 0.726800 0.871100
vt 0.730300 0.867500
vt 0.703800 0.874000
vt 0.699800 0.877700
vt 0.673000 0.889400
vt 0.675200 0.885700
vt 0.679700 0.878400
vt 0.682000 0.874800
vt 0.960100 0.904800
vt 0.959100 0.902000
vt 0.956900 0.896400
vt 0.955900 0.893600
vt 0.484600 0.860400
vt 0.484200 0.858700
vt 0.471800 0.861000
vt 0.472400 0.862400
vt 0.459200 0.861300
vt 0.460100 0.862500
vt 0.664500 0.863200
vt 0.666000 0.859600
vt 0.654600 0.857900
vt 0.653200 0.861300
vt 0.641800 0.856600
vt 0.640700 0.860300
vt 0.441200 0.861000
vt 0.442100 0.862100
vt 0.428700 0.862900
vt 0.429300 0.864000
vt 0.629200 0.859800
vt 0.628600 0.862600
vt 0.614800 0.861600
vt 0.614900 0.864200
vt 0.597800 0.858200
vt 0.598600 0.861700
vt 0.576100 0.847100
vt 0.577400 0.850500
vt 0.418200 0.866800
vt 0.418500 0.867600
vt 0.412500 0.870000
vt 0.412700 0.870600
vt 0.558100 0.839600
vt 0.559100 0.842100
vt 0.543800 0.837800
vt 0.544300 0.840100
vt 0.527500 0.843500
vt 0.527300 0.846400
vt 0.510900 0.850000
vt 0.510600 0.852700
vt 0.498500 0.854900
vt 0.498700 0.857000
vt 0.685200 0.861000
vt 0.685700 0.856000
vt 0.780400 0.859500
vt 0.780800 0.858100
vt 0.768500 0.859700
vt 0.768400 0.861200
vt 0.754900 0.859400
vt 0.755200 0.861200
vt 0.956600 0.886000
vt 0.957500 0.883500
vt 0.949200 0.882000
vt 0.948700 0.884600
vt 0.939200 0.881900
vt 0.938900 0.884400
vt 0.732200 0.857200
vt 0.732700 0.859400
vt 0.706400 0.859200
vt 0.706900 0.862900
vt 0.923700 0.882300
vt 0.923800 0.884400
vt 0.908200 0.882400
vt 0.908600 0.884500
vt 0.891500 0.878400
vt 0.892300 0.881000
vt 0.871200 0.867000
vt 0.872300 0.870200
vt 0.853000 0.857500
vt 0.853600 0.859900
vt 0.839100 0.853000
vt 0.839200 0.855200
vt 0.822600 0.854300
vt 0.822100 0.857200
vt 0.806000 0.856000
vt 0.805800 0.858500
vt 0.793700 0.856800
vt 0.793100 0.859200
vt 0.527500 0.690800
vt 0.527100 0.689200
vt 0.503900 0.682800
vt 0.503000 0.684100
vt 0.483100 0.679500
vt 0.483300 0.682200
vt 0.702000 0.708400
vt 0.702100 0.704800
vt 0.694700 0.701500
vt 0.694300 0.704200
vt 0.679800 0.702200
vt 0.679000 0.704500
vt 0.654900 0.703600
vt 0.652700 0.706700
vt 0.625000 0.703600
vt 0.621000 0.706600
vt 0.601800 0.702100
vt 0.599400 0.705600
vt 0.582700 0.699700
vt 0.581700 0.703200
vt 0.565700 0.698200
vt 0.565400 0.700900
vt 0.551900 0.696600
vt 0.551900 0.698700
vt 0.541400 0.694300
vt 0.541400 0.695900
vt 0.465000 0.676200
vt 0.465100 0.678600
vt 0.449700 0.674300
vt 0.449400 0.676300
vt 0.436000 0.673400
vt 0.434800 0.674900
vt 0.422500 0.670800
vt 0.421500 0.671900
vt 0.413400 0.669600
vt 0.412800 0.670500
vt 0.408900 0.668900
vt 0.408700 0.669600
vt 0.815500 0.726600
vt 0.814900 0.724300
vt 0.794300 0.719300
vt 0.793900 0.721000
vt 0.774200 0.716100
vt 0.775400 0.719800
vt 0.976000 0.723000
vt 0.977200 0.720800
vt 0.965900 0.719200
vt 0.965000 0.721400
vt 0.953300 0.718300
vt 0.952600 0.720500
vt 0.936100 0.722500
vt 0.933800 0.726300
vt 0.910700 0.728500
vt 0.907400 0.732000
vt 0.890300 0.730600
vt 0.888100 0.734400
vt 0.872400 0.730200
vt 0.871700 0.734000
vt 0.855600 0.729600
vt 0.855300 0.732500
vt 0.840700 0.729800
vt 0.840300 0.733000
vt 0.829700 0.729000
vt 0.829600 0.731700
vt 0.754000 0.713300
vt 0.755700 0.717200
vt 0.736900 0.709600
vt 0.738200 0.713900
vt 0.724400 0.707700
vt 0.724900 0.712400
vt 0.714800 0.706200
vt 0.715000 0.710500
vt 0.708300 0.705800
vt 0.708500 0.710000
vt 0.433400 0.660600
vt 0.433100 0.659500
vt 0.418900 0.661000
vt 0.418800 0.661800
vt 0.432400 0.657400
vt 0.432100 0.656300
vt 0.419100 0.658700
vt 0.419000 0.659500
vt 0.411600 0.662300
vt 0.411500 0.662900
vt 0.412000 0.660500
vt 0.411900 0.661100
vt 0.702600 0.675900
vt 0.702400 0.673800
vt 0.695200 0.673800
vt 0.695300 0.676100
vt 0.701800 0.669500
vt 0.701600 0.667400
vt 0.694800 0.666900
vt 0.694900 0.669200
vt 0.683700 0.674100
vt 0.683600 0.676300
vt 0.684100 0.667300
vt 0.684000 0.669600
vt 0.664500 0.673300
vt 0.664200 0.675200
vt 0.665500 0.667500
vt 0.665200 0.669400
vt 0.651800 0.674000
vt 0.651900 0.675900
vt 0.651500 0.668200
vt 0.651600 0.670200
vt 0.518800 0.667200
vt 0.518500 0.664400
vt 0.496600 0.658900
vt 0.497100 0.660700
vt 0.517800 0.659000
vt 0.517400 0.656200
vt 0.495000 0.653300
vt 0.495600 0.655200
vt 0.478400 0.653800
vt 0.478600 0.655000
vt 0.478100 0.650100
vt 0.478200 0.651300
vt 0.627700 0.669200
vt 0.628200 0.672800
vt 0.626400 0.658400
vt 0.626800 0.662000
vt 0.602500 0.665500
vt 0.601900 0.669400
vt 0.604400 0.654000
vt 0.603700 0.657900
vt 0.580300 0.663900
vt 0.579100 0.667300
vt 0.584200 0.653600
vt 0.582900 0.657000
vt 0.559000 0.667200
vt 0.557500 0.670500
vt 0.563300 0.657300
vt 0.561800 0.660600
vt 0.467000 0.652700
vt 0.466900 0.653800
vt 0.467400 0.649600
vt 0.467300 0.650700
vt 0.460200 0.654000
vt 0.460100 0.655100
vt 0.460400 0.650400
vt 0.460300 0.651600
vt 0.540900 0.666800
vt 0.540400 0.670200
vt 0.542300 0.656500
vt 0.541800 0.659900
vt 0.449800 0.655600
vt 0.449700 0.657100
vt 0.450300 0.651200
vt 0.450100 0.652700
vt 0.716300 0.675400
vt 0.716100 0.673300
vt 0.708100 0.674000
vt 0.708500 0.676100
vt 0.715600 0.669100
vt 0.715300 0.667000
vt 0.707200 0.667600
vt 0.707500 0.669700
vt 0.984000 0.698900
vt 0.984700 0.696300
vt 0.975000 0.695700
vt 0.974400 0.698200
vt 0.986100 0.691000
vt 0.986800 0.688400
vt 0.976700 0.688000
vt 0.976100 0.690500
vt 0.961900 0.695300
vt 0.960600 0.697300
vt 0.965800 0.689300
vt 0.964500 0.691300
vt 0.949300 0.695500
vt 0.948200 0.697200
vt 0.952500 0.690300
vt 0.951500 0.692000
vt 0.939100 0.695900
vt 0.939100 0.697500
vt 0.939300 0.690900
vt 0.939300 0.692600
vt 0.806700 0.696100
vt 0.806300 0.692800
vt 0.782300 0.686100
vt 0.783100 0.688800
vt 0.805600 0.686200
vt 0.805300 0.683000
vt 0.780000 0.678100
vt 0.780800 0.680800
vt 0.759800 0.676700
vt 0.760100 0.678600
vt 0.758900 0.671100
vt 0.759200 0.673000
vt 0.917300 0.692800
vt 0.917600 0.696300
vt 0.916400 0.682300
vt 0.916700 0.685800
vt 0.892400 0.691000
vt 0.891800 0.694800
vt 0.894000 0.679400
vt 0.893500 0.683200
vt 0.869100 0.690900
vt 0.867900 0.694700
vt 0.872700 0.679300
vt 0.871500 0.683100
vt 0.847500 0.693300
vt 0.846300 0.696800
vt 0.851300 0.682800
vt 0.850000 0.686300
vt 0.744700 0.673500
vt 0.744300 0.676000
vt 0.746000 0.666100
vt 0.745500 0.668600
vt 0.733800 0.671300
vt 0.733500 0.673800
vt 0.734600 0.663600
vt 0.734300 0.666100
vt 0.829200 0.693400
vt 0.828800 0.696900
vt 0.830200 0.682800
vt 0.829800 0.686300
vt 0.725000 0.670500
vt 0.724900 0.672800
vt 0.725000 0.663600
vt 0.725000 0.665900
vt 0.487400 0.464700
vt 0.488800 0.462800
vt 0.477100 0.458000
vt 0.476400 0.459700
vt 0.491700 0.459000
vt 0.493100 0.457100
vt 0.479000 0.452900
vt 0.478300 0.454600
vt 0.496000 0.453300
vt 0.497400 0.451400
vt 0.480800 0.447900
vt 0.480200 0.449600
vt 0.465900 0.453500
vt 0.465900 0.454900
vt 0.465900 0.449400
vt 0.465900 0.450700
vt 0.466000 0.445300
vt 0.465900 0.446600
vt 0.667400 0.495600
vt 0.667300 0.493600
vt 0.659100 0.492200
vt 0.659600 0.494300
vt 0.667200 0.489700
vt 0.667200 0.487700
vt 0.657700 0.486100
vt 0.658200 0.488200
vt 0.667000 0.483700
vt 0.667000 0.481700
vt 0.656300 0.480000
vt 0.656800 0.482000
vt 0.646700 0.489000
vt 0.648100 0.491400
vt 0.642400 0.481700
vt 0.643900 0.484100
vt 0.638200 0.474300
vt 0.639600 0.476800
vt 0.617800 0.487700
vt 0.618400 0.490800
vt 0.616300 0.478100
vt 0.616800 0.481300
vt 0.614800 0.468600
vt 0.615300 0.471700
vt 0.597100 0.484500
vt 0.597000 0.488600
vt 0.597200 0.472400
vt 0.597200 0.476400
vt 0.597400 0.460200
vt 0.597400 0.464300
vt 0.575400 0.471800
vt 0.574800 0.474400
vt 0.577200 0.464000
vt 0.576600 0.466600
vt 0.579000 0.456100
vt 0.578400 0.458700
vt 0.556200 0.460900
vt 0.555800 0.462600
vt 0.557400 0.455800
vt 0.557000 0.457500
vt 0.558600 0.450700
vt 0.558200 0.452400
vt 0.537200 0.458600
vt 0.536400 0.460500
vt 0.539500 0.453200
vt 0.538700 0.455000
vt 0.541800 0.447700
vt 0.541000 0.449500
vt 0.523000 0.459800
vt 0.521700 0.462000
vt 0.526800 0.453000
vt 0.525500 0.455200
vt 0.530600 0.446200
vt 0.529300 0.448500
vt 0.505900 0.461500
vt 0.504300 0.463600
vt 0.510600 0.455000
vt 0.509000 0.457200
vt 0.515400 0.448600
vt 0.513800 0.450700
vt 0.456800 0.451800
vt 0.457000 0.453000
vt 0.456400 0.448200
vt 0.456500 0.449400
vt 0.456000 0.444600
vt 0.456100 0.445800
vt 0.448200 0.450500
vt 0.448400 0.451600
vt 0.447600 0.447200
vt 0.447800 0.448300
vt 0.447000 0.443900
vt 0.447200 0.445000
vt 0.437700 0.448100
vt 0.437900 0.449100
vt 0.436900 0.445100
vt 0.437200 0.446100
vt 0.436200 0.442100
vt 0.436400 0.443100
vt 0.427400 0.445600
vt 0.427600 0.446600
vt 0.426800 0.442600
vt 0.427000 0.443600
vt 0.426300 0.439700
vt 0.426500 0.440700
vt 0.419900 0.443100
vt 0.420000 0.443800
vt 0.419400 0.441100
vt 0.419500 0.441800
vt 0.418900 0.439100
vt 0.419100 0.439800
vt 0.414500 0.441500
vt 0.414600 0.442000
vt 0.414300 0.440100
vt 0.414400 0.440600
vt 0.414100 0.438700
vt 0.414200 0.439200
vt 0.766500 0.515900
vt 0.768400 0.513300
vt 0.751900 0.510100
vt 0.750900 0.512200
vt 0.772200 0.508000
vt 0.774100 0.505400
vt 0.754800 0.503600
vt 0.753800 0.505700
vt 0.777800 0.500200
vt 0.779700 0.497500
vt 0.757700 0.497100
vt 0.756800 0.499200
vt 0.738300 0.506600
vt 0.738000 0.508600
vt 0.739400 0.500300
vt 0.739000 0.502400
vt 0.740400 0.494000
vt 0.740100 0.496100
vt 0.957400 0.531900
vt 0.957200 0.530100
vt 0.949600 0.528800
vt 0.950200 0.530700
vt 0.956600 0.526400
vt 0.956300 0.524600
vt 0.947900 0.523100
vt 0.948400 0.525000
vt 0.955800 0.520900
vt 0.955500 0.519100
vt 0.946100 0.517400
vt 0.946700 0.519300
vt 0.938300 0.527000
vt 0.939200 0.529200
vt 0.935700 0.520300
vt 0.936600 0.522500
vt 0.933100 0.513600
vt 0.934000 0.515800
vt 0.920300 0.523900
vt 0.921700 0.527500
vt 0.916200 0.513300
vt 0.917600 0.516900
vt 0.912100 0.502700
vt 0.913500 0.506300
vt 0.901400 0.519000
vt 0.902500 0.523600
vt 0.898200 0.505400
vt 0.899300 0.510000
vt 0.895000 0.491800
vt 0.896100 0.496400
vt 0.879300 0.512200
vt 0.879300 0.515600
vt 0.879200 0.502100
vt 0.879200 0.505500
vt 0.879100 0.492000
vt 0.879200 0.495400
vt 0.856700 0.507200
vt 0.856400 0.509400
vt 0.857800 0.500600
vt 0.857400 0.502800
vt 0.858900 0.494100
vt 0.858500 0.496300
vt 0.833300 0.505800
vt 0.832400 0.507800
vt 0.836100 0.499600
vt 0.835200 0.501700
vt 0.838900 0.493400
vt 0.838000 0.495500
vt 0.814300 0.505200
vt 0.812600 0.507500
vt 0.819400 0.498200
vt 0.817700 0.500500
vt 0.824500 0.491200
vt 0.822800 0.493500
vt 0.791700 0.508500
vt 0.789500 0.511200
vt 0.798200 0.500400
vt 0.796000 0.503100
vt 0.804700 0.492400
vt 0.802600 0.495000
vt 0.728800 0.504000
vt 0.728800 0.506000
vt 0.728700 0.497800
vt 0.728700 0.499900
vt 0.728700 0.491700
vt 0.728700 0.493700
vt 0.718600 0.501500
vt 0.718900 0.503500
vt 0.717900 0.495500
vt 0.718100 0.497500
vt 0.717200 0.489400
vt 0.717400 0.491400
vt 0.706100 0.497500
vt 0.706600 0.499100
vt 0.704700 0.492500
vt 0.705200 0.494200
vt 0.703300 0.487600
vt 0.703800 0.489300
vt 0.692400 0.496000
vt 0.693100 0.497700
vt 0.690400 0.490900
vt 0.691100 0.492600
vt 0.688400 0.485800
vt 0.689100 0.487500
vt 0.680700 0.493800
vt 0.681400 0.495500
vt 0.678800 0.488400
vt 0.679400 0.490200
vt 0.676900 0.483000
vt 0.677500 0.484800
vt 0.513300 0.891100
vt 0.513400 0.888900
vt 0.495900 0.885100
vt 0.495400 0.886600
vt 0.513600 0.884400
vt 0.513700 0.882200
vt 0.497400 0.880600
vt 0.496900 0.882100
vt 0.513900 0.877800
vt 0.513900 0.875500
vt 0.498900 0.876000
vt 0.498400 0.877500
vt 0.481000 0.885900
vt 0.480500 0.887300
vt 0.482600 0.881800
vt 0.482000 0.883200
vt 0.484100 0.877700
vt 0.483600 0.879100
vt 0.658700 0.904000
vt 0.658700 0.902200
vt 0.650700 0.900900
vt 0.651000 0.902600
vt 0.658800 0.898600
vt 0.658800 0.896800
vt 0.649900 0.895600
vt 0.650200 0.897400
vt 0.658900 0.893200
vt 0.658900 0.891400
vt 0.649100 0.890400
vt 0.649400 0.892100
vt 0.642200 0.900600
vt 0.642600 0.902600
vt 0.641200 0.894800
vt 0.641600 0.896800
vt 0.640200 0.889100
vt 0.640500 0.891000
vt 0.631500 0.898700
vt 0.631800 0.900700
vt 0.630500 0.892500
vt 0.630800 0.894600
vt 0.629500 0.886400
vt 0.629800 0.888400
vt 0.619900 0.896600
vt 0.620400 0.898400
vt 0.618400 0.891400
vt 0.618900 0.893100
vt 0.616900 0.886100
vt 0.617400 0.887900
vt 0.605400 0.894200
vt 0.605700 0.895400
vt 0.604400 0.890400
vt 0.604700 0.891600
vt 0.603400 0.886600
vt 0.603700 0.887800
vt 0.594600 0.892700
vt 0.595000 0.894100
vt 0.593600 0.888500
vt 0.593900 0.889900
vt 0.592500 0.884300
vt 0.592800 0.885700
vt 0.577300 0.894500
vt 0.578200 0.897200
vt 0.574500 0.886300
vt 0.575500 0.889100
vt 0.571800 0.878200
vt 0.572700 0.880900
vt 0.555800 0.893900
vt 0.556100 0.897400
vt 0.554800 0.883100
vt 0.555100 0.886700
vt 0.553800 0.872400
vt 0.554200 0.876000
vt 0.534500 0.894100
vt 0.534500 0.897200
vt 0.534400 0.884800
vt 0.534400 0.887900
vt 0.534300 0.875600
vt 0.534400 0.878600
vt 0.467900 0.886000
vt 0.467300 0.887300
vt 0.469600 0.882100
vt 0.469100 0.883400
vt 0.471400 0.878100
vt 0.470800 0.879500
vt 0.450600 0.887300
vt 0.449800 0.888800
vt 0.452800 0.882800
vt 0.452100 0.884300
vt 0.455100 0.878300
vt 0.454400 0.879800
vt 0.431800 0.890000
vt 0.431100 0.891800
vt 0.434000 0.884600
vt 0.433300 0.886400
vt 0.436100 0.879300
vt 0.435400 0.881100
vt 0.425300 0.888300
vt 0.425400 0.889700
vt 0.425000 0.884100
vt 0.425100 0.885500
vt 0.424700 0.879900
vt 0.424800 0.881300
vt 0.417300 0.882500
vt 0.417500 0.883100
vt 0.416800 0.880700
vt 0.416900 0.881300
vt 0.416200 0.879000
vt 0.416400 0.879600
vt 0.412000 0.879600
vt 0.412000 0.880100
vt 0.412000 0.878400
vt 0.412000 0.878800
vt 0.412000 0.877100
vt 0.412000 0.877500
vt 0.801800 0.907500
vt 0.802300 0.904500
vt 0.781600 0.898200
vt 0.780400 0.900600
vt 0.803300 0.898600
vt 0.803800 0.895600
vt 0.785200 0.891100
vt 0.784000 0.893500
vt 0.804800 0.889700
vt 0.805400 0.886700
vt 0.788800 0.883900
vt 0.787600 0.886300
vt 0.763000 0.894300
vt 0.761700 0.896200
vt 0.767100 0.888600
vt 0.765800 0.890500
vt 0.771300 0.883000
vt 0.769900 0.884900
vt 0.962700 0.923400
vt 0.962500 0.921400
vt 0.955600 0.922300
vt 0.956000 0.924400
vt 0.962200 0.917500
vt 0.962000 0.915500
vt 0.954300 0.916100
vt 0.954700 0.918100
vt 0.961600 0.911500
vt 0.961400 0.909600
vt 0.953000 0.909800
vt 0.953400 0.911900
vt 0.945600 0.923400
vt 0.946100 0.925700
vt 0.944400 0.916700
vt 0.944800 0.919000
vt 0.943100 0.910000
vt 0.943500 0.912200
vt 0.932200 0.923400
vt 0.932600 0.925500
vt 0.930900 0.917300
vt 0.931400 0.919400
vt 0.929700 0.911200
vt 0.930100 0.913300
vt 0.918500 0.922200
vt 0.919100 0.924200
vt 0.916700 0.916300
vt 0.917300 0.918300
vt 0.914800 0.910400
vt 0.915400 0.912400
vt 0.905400 0.918800
vt 0.906300 0.920800
vt 0.902900 0.912900
vt 0.903700 0.914900
vt 0.900400 0.907000
vt 0.901200 0.908900
vt 0.891000 0.915500
vt 0.891500 0.917300
vt 0.889500 0.909900
vt 0.890000 0.911800
vt 0.887900 0.904300
vt 0.888400 0.906200
vt 0.874600 0.913700
vt 0.875900 0.916800
vt 0.871000 0.904300
vt 0.872200 0.907400
vt 0.867400 0.894900
vt 0.868600 0.898000
vt 0.850400 0.911300
vt 0.851000 0.915300
vt 0.848600 0.899300
vt 0.849200 0.903300
vt 0.846800 0.887400
vt 0.847400 0.891400
vt 0.826000 0.910700
vt 0.826000 0.914400
vt 0.826100 0.899400
vt 0.826100 0.903200
vt 0.826200 0.888200
vt 0.826100 0.892000
vt 0.750700 0.892300
vt 0.749500 0.893900
vt 0.754000 0.887600
vt 0.752900 0.889200
vt 0.757300 0.882900
vt 0.756200 0.884500
vt 0.730300 0.894800
vt 0.728600 0.896800
vt 0.735400 0.888800
vt 0.733700 0.890800
vt 0.740500 0.882800
vt 0.738800 0.884800
vt 0.697800 0.905100
vt 0.695700 0.907900
vt 0.704300 0.896700
vt 0.702100 0.899500
vt 0.710700 0.888200
vt 0.708600 0.891000
vt 0.680300 0.905400
vt 0.679800 0.907300
vt 0.681800 0.899900
vt 0.681300 0.901800
vt 0.683300 0.894400
vt 0.682800 0.896300
vt 0.669200 0.904900
vt 0.669000 0.906500
vt 0.669900 0.899800
vt 0.669700 0.901500
vt 0.670500 0.894700
vt 0.670300 0.896400
vt 0.507100 0.430700
vt 0.507000 0.429800
vt 0.485200 0.428400
vt 0.485000 0.429600
vt 0.506600 0.428000
vt 0.506400 0.427000
vt 0.485700 0.425000
vt 0.485500 0.426200
vt 0.506300 0.426100
vt 0.506100 0.425200
vt 0.486000 0.422800
vt 0.485900 0.423900
vt 0.465400 0.424800
vt 0.465200 0.425800
vt 0.465800 0.421600
vt 0.465600 0.422600
vt 0.466100 0.419500
vt 0.465900 0.420500
vt 0.660300 0.452700
vt 0.660400 0.450200
vt 0.647200 0.445900
vt 0.647100 0.448400
vt 0.660600 0.445100
vt 0.660700 0.442600
vt 0.647500 0.438500
vt 0.647400 0.440900
vt 0.660800 0.440100
vt 0.660900 0.437600
vt 0.647700 0.433500
vt 0.647600 0.436000
vt 0.629800 0.436500
vt 0.629300 0.438500
vt 0.631300 0.430700
vt 0.630800 0.432700
vt 0.632300 0.426900
vt 0.631800 0.428800
vt 0.613500 0.429500
vt 0.613200 0.431300
vt 0.614500 0.424300
vt 0.614100 0.426100
vt 0.615100 0.420800
vt 0.614800 0.422600
vt 0.600600 0.428200
vt 0.600300 0.429700
vt 0.601400 0.423700
vt 0.601100 0.425200
vt 0.601900 0.420800
vt 0.601700 0.422300
vt 0.452800 0.427500
vt 0.452800 0.428500
vt 0.452800 0.424500
vt 0.452800 0.425500
vt 0.452800 0.422400
vt 0.452800 0.423500
vt 0.443300 0.431300
vt 0.443500 0.432200
vt 0.442900 0.428700
vt 0.443000 0.429600
vt 0.442600 0.426900
vt 0.442800 0.427800
vt 0.584100 0.431400
vt 0.583800 0.433600
vt 0.584900 0.425000
vt 0.584600 0.427100
vt 0.585400 0.420700
vt 0.585100 0.422800
vt 0.563600 0.432700
vt 0.563200 0.434800
vt 0.564800 0.426600
vt 0.564400 0.428600
vt 0.565600 0.422500
vt 0.565200 0.424500
vt 0.547900 0.433500
vt 0.547600 0.434900
vt 0.549100 0.429400
vt 0.548700 0.430700
vt 0.549800 0.426600
vt 0.549400 0.428000
vt 0.537700 0.434300
vt 0.537700 0.435000
vt 0.538000 0.432200
vt 0.537900 0.432900
vt 0.538200 0.430700
vt 0.538100 0.431500
vt 0.432900 0.430500
vt 0.433200 0.431400
vt 0.432200 0.428000
vt 0.432400 0.428800
vt 0.431600 0.426200
vt 0.431900 0.427100
vt 0.423500 0.429200
vt 0.423700 0.429900
vt 0.422900 0.427300
vt 0.423100 0.427900
vt 0.422500 0.426000
vt 0.422700 0.426600
vt 0.527100 0.431900
vt 0.527200 0.432500
vt 0.526700 0.430000
vt 0.526800 0.430600
vt 0.526500 0.428700
vt 0.526600 0.429400
vt 0.416400 0.431500
vt 0.416600 0.431900
vt 0.415800 0.430000
vt 0.416000 0.430500
vt 0.415400 0.429000
vt 0.415600 0.429500
vt 0.794500 0.471000
vt 0.794800 0.469300
vt 0.767700 0.465400
vt 0.767300 0.467300
vt 0.795300 0.465900
vt 0.795500 0.464200
vt 0.769200 0.459900
vt 0.768700 0.461700
vt 0.795800 0.462500
vt 0.796100 0.460800
vt 0.770200 0.456200
vt 0.769700 0.458000
vt 0.746400 0.458300
vt 0.745700 0.460100
vt 0.748300 0.453100
vt 0.747600 0.454800
vt 0.749500 0.449600
vt 0.748900 0.451400
vt 0.948200 0.497900
vt 0.948600 0.496300
vt 0.937500 0.490100
vt 0.937400 0.492100
vt 0.949400 0.493100
vt 0.949800 0.491500
vt 0.937800 0.484300
vt 0.937700 0.486200
vt 0.950200 0.489900
vt 0.950600 0.488300
vt 0.938000 0.480400
vt 0.937900 0.482400
vt 0.920700 0.479900
vt 0.920500 0.481500
vt 0.921200 0.475000
vt 0.921000 0.476600
vt 0.921500 0.471700
vt 0.921300 0.473400
vt 0.900900 0.470600
vt 0.900800 0.471500
vt 0.901400 0.467700
vt 0.901200 0.468700
vt 0.901600 0.465900
vt 0.901500 0.466800
vt 0.890000 0.467700
vt 0.889900 0.468500
vt 0.890300 0.465100
vt 0.890200 0.466000
vt 0.890400 0.463500
vt 0.890400 0.464300
vt 0.729000 0.461700
vt 0.728500 0.463400
vt 0.730500 0.456800
vt 0.730000 0.458500
vt 0.731600 0.453600
vt 0.731000 0.455200
vt 0.714300 0.467200
vt 0.714100 0.468800
vt 0.714900 0.462700
vt 0.714700 0.464200
vt 0.715200 0.459700
vt 0.715000 0.461200
vt 0.879600 0.468500
vt 0.879300 0.469300
vt 0.880400 0.466300
vt 0.880200 0.467100
vt 0.881000 0.464900
vt 0.880700 0.465600
vt 0.866500 0.472200
vt 0.866000 0.473100
vt 0.868000 0.469300
vt 0.867500 0.470200
vt 0.869100 0.467300
vt 0.868600 0.468300
vt 0.849000 0.474600
vt 0.848400 0.475800
vt 0.851100 0.471000
vt 0.850400 0.472200
vt 0.852400 0.468500
vt 0.851800 0.469800
vt 0.835300 0.474000
vt 0.834800 0.475200
vt 0.836700 0.470400
vt 0.836300 0.471600
vt 0.837700 0.468100
vt 0.837200 0.469300
vt 0.698200 0.465100
vt 0.698300 0.467000
vt 0.698100 0.459300
vt 0.698100 0.461200
vt 0.698000 0.455400
vt 0.698000 0.457300
vt 0.682500 0.458800
vt 0.682600 0.460900
vt 0.682200 0.452600
vt 0.682300 0.454700
vt 0.682100 0.448400
vt 0.682200 0.450500
vt 0.821200 0.471000
vt 0.821000 0.472300
vt 0.821800 0.467200
vt 0.821600 0.468500
vt 0.822200 0.464700
vt 0.822000 0.466000
vt 0.671000 0.452900
vt 0.671300 0.455300
vt 0.669900 0.445800
vt 0.670300 0.448200
vt 0.669300 0.441000
vt 0.669600 0.443400
vt 0.621200 0.504100
vt 0.621200 0.507700
vt 0.641400 0.511400
vt 0.642200 0.507900
vt 0.621200 0.511200
vt 0.621200 0.514800
vt 0.639900 0.518300
vt 0.640700 0.514800
vt 0.621200 0.521900
vt 0.621200 0.525400
vt 0.637700 0.528700
vt 0.638400 0.525300
vt 0.457800 0.459700
vt 0.456500 0.461100
vt 0.461000 0.466000
vt 0.462200 0.464600
vt 0.455200 0.462600
vt 0.453800 0.464000
vt 0.458600 0.468800
vt 0.459800 0.467400
vt 0.451200 0.466800
vt 0.449800 0.468300
vt 0.454900 0.473000
vt 0.456100 0.471600
vt 0.434900 0.454600
vt 0.434100 0.455300
vt 0.447400 0.458300
vt 0.448200 0.457100
vt 0.433400 0.456000
vt 0.432600 0.456600
vt 0.445900 0.460600
vt 0.446600 0.459400
vt 0.431100 0.458000
vt 0.430400 0.458700
vt 0.443600 0.464100
vt 0.444300 0.463000
vt 0.470600 0.471900
vt 0.470400 0.473400
vt 0.484500 0.478000
vt 0.484600 0.476600
vt 0.470200 0.475000
vt 0.470000 0.476500
vt 0.484300 0.480800
vt 0.484400 0.479400
vt 0.469600 0.479600
vt 0.469400 0.481200
vt 0.483900 0.485000
vt 0.484000 0.483600
vt 0.498900 0.477100
vt 0.498400 0.478900
vt 0.515800 0.479600
vt 0.516000 0.477800
vt 0.498000 0.480700
vt 0.497600 0.482500
vt 0.515300 0.483300
vt 0.515500 0.481500
vt 0.496700 0.486200
vt 0.496200 0.488000
vt 0.514600 0.488900
vt 0.514800 0.487000
vt 0.416200 0.447200
vt 0.415500 0.447500
vt 0.422000 0.451300
vt 0.422700 0.450900
vt 0.414900 0.447900
vt 0.414300 0.448200
vt 0.420700 0.452300
vt 0.421400 0.451800
vt 0.413100 0.448900
vt 0.412500 0.449200
vt 0.418600 0.453700
vt 0.419300 0.453200
vt 0.534900 0.479600
vt 0.534900 0.482000
vt 0.555700 0.486600
vt 0.556200 0.483100
vt 0.534900 0.484400
vt 0.534800 0.486800
vt 0.554700 0.493800
vt 0.555200 0.490200
vt 0.534700 0.491600
vt 0.534700 0.493900
vt 0.553200 0.504500
vt 0.553700 0.500900
vt 0.575100 0.496300
vt 0.575100 0.498900
vt 0.595500 0.508500
vt 0.594900 0.505900
vt 0.575200 0.501400
vt 0.575200 0.504000
vt 0.596600 0.513700
vt 0.596000 0.511100
vt 0.575300 0.509200
vt 0.575300 0.511700
vt 0.598200 0.521500
vt 0.597700 0.518900
vt 0.653600 0.515900
vt 0.652900 0.518600
vt 0.663300 0.519500
vt 0.664000 0.517400
vt 0.652300 0.521300
vt 0.651700 0.524000
vt 0.661900 0.523700
vt 0.662600 0.521600
vt 0.650400 0.529400
vt 0.649800 0.532100
vt 0.659800 0.530100
vt 0.660500 0.528000
vt 0.920500 0.543800
vt 0.920100 0.546800
vt 0.937400 0.547400
vt 0.937900 0.544800
vt 0.919800 0.549900
vt 0.919400 0.552900
vt 0.936500 0.552400
vt 0.937000 0.549900
vt 0.918600 0.558900
vt 0.918200 0.561900
vt 0.935200 0.560000
vt 0.935600 0.557500
vt 0.728700 0.517800
vt 0.728700 0.519600
vt 0.739200 0.522100
vt 0.739000 0.520000
vt 0.728600 0.521400
vt 0.728600 0.523200
vt 0.739700 0.526300
vt 0.739500 0.524200
vt 0.728600 0.526800
vt 0.728600 0.528600
vt 0.740400 0.532700
vt 0.740200 0.530600
vt 0.705000 0.509700
vt 0.704400 0.511200
vt 0.718000 0.515800
vt 0.718100 0.514200
vt 0.703800 0.512700
vt 0.703200 0.514200
vt 0.717600 0.519000
vt 0.717800 0.517400
vt 0.702000 0.517200
vt 0.701300 0.518800
vt 0.717100 0.523700
vt 0.717300 0.522100
vt 0.752600 0.522400
vt 0.752900 0.524700
vt 0.764900 0.532200
vt 0.764600 0.530500
vt 0.753200 0.527000
vt 0.753400 0.529300
vt 0.765600 0.535600
vt 0.765300 0.533900
vt 0.754000 0.533900
vt 0.754300 0.536200
vt 0.766700 0.540800
vt 0.766300 0.539100
vt 0.784400 0.529500
vt 0.784500 0.531700
vt 0.808300 0.531900
vt 0.808200 0.529800
vt 0.784500 0.533900
vt 0.784600 0.536100
vt 0.808500 0.536000
vt 0.808400 0.533900
vt 0.784700 0.540500
vt 0.784800 0.542700
vt 0.808900 0.542200
vt 0.808800 0.540100
vt 0.675700 0.512900
vt 0.674800 0.515000
vt 0.688400 0.511400
vt 0.689300 0.509600
vt 0.673900 0.517100
vt 0.673000 0.519200
vt 0.686600 0.515100
vt 0.687500 0.513200
vt 0.671200 0.523500
vt 0.670400 0.525600
vt 0.684000 0.520600
vt 0.684900 0.518700
vt 0.832300 0.531800
vt 0.832800 0.534100
vt 0.856800 0.537200
vt 0.857200 0.533500
vt 0.833200 0.536400
vt 0.833700 0.538700
vt 0.856200 0.544500
vt 0.856500 0.540800
vt 0.834600 0.543300
vt 0.835100 0.545600
vt 0.855100 0.555600
vt 0.855500 0.551900
vt 0.880700 0.535700
vt 0.879900 0.539300
vt 0.901200 0.545600
vt 0.901700 0.542300
vt 0.879100 0.542900
vt 0.878300 0.546500
vt 0.900200 0.552200
vt 0.900700 0.548900
vt 0.876700 0.553600
vt 0.875900 0.557200
vt 0.898700 0.562200
vt 0.899200 0.558900
vt 0.950100 0.546400
vt 0.949700 0.548500
vt 0.957900 0.549400
vt 0.958400 0.547500
vt 0.949200 0.550600
vt 0.948700 0.552700
vt 0.956700 0.553100
vt 0.957300 0.551200
vt 0.947700 0.556900
vt 0.947200 0.559000
vt 0.955100 0.558800
vt 0.955600 0.556900
vt 0.458200 0.900600
vt 0.456900 0.901500
vt 0.474900 0.900000
vt 0.475300 0.898500
vt 0.454300 0.903200
vt 0.452900 0.904100
vt 0.473800 0.904400
vt 0.474200 0.902900
vt 0.451600 0.904900
vt 0.450300 0.905800
vt 0.473100 0.907300
vt 0.473500 0.905900
vt 0.634100 0.914900
vt 0.634300 0.916900
vt 0.645900 0.920800
vt 0.645800 0.918600
vt 0.634600 0.921100
vt 0.634800 0.923200
vt 0.646000 0.927500
vt 0.646000 0.925300
vt 0.635000 0.925300
vt 0.635100 0.927400
vt 0.646200 0.932000
vt 0.646100 0.929700
vt 0.430000 0.901600
vt 0.429800 0.902000
vt 0.438400 0.902200
vt 0.438900 0.901600
vt 0.429500 0.902900
vt 0.429400 0.903300
vt 0.436700 0.904100
vt 0.437300 0.903500
vt 0.429300 0.903700
vt 0.429100 0.904100
vt 0.435600 0.905300
vt 0.436100 0.904700
vt 0.414100 0.886400
vt 0.414000 0.887200
vt 0.423500 0.897200
vt 0.423700 0.896500
vt 0.413800 0.888900
vt 0.413700 0.889700
vt 0.423100 0.899200
vt 0.423200 0.898500
vt 0.413600 0.890500
vt 0.413500 0.891300
vt 0.422800 0.900600
vt 0.422900 0.899900
vt 0.495100 0.903200
vt 0.494900 0.905500
vt 0.514400 0.912100
vt 0.514800 0.909400
vt 0.494600 0.910300
vt 0.494400 0.912600
vt 0.513400 0.920300
vt 0.513800 0.917600
vt 0.494200 0.915000
vt 0.494100 0.917300
vt 0.512800 0.925800
vt 0.513100 0.923100
vt 0.655200 0.919100
vt 0.655400 0.922200
vt 0.662300 0.923200
vt 0.662000 0.920200
vt 0.655900 0.928400
vt 0.656100 0.931500
vt 0.663200 0.932300
vt 0.662900 0.929300
vt 0.656300 0.934500
vt 0.656500 0.937600
vt 0.663800 0.938400
vt 0.663500 0.935300
vt 0.535700 0.915900
vt 0.535500 0.918400
vt 0.555200 0.920000
vt 0.555300 0.917600
vt 0.534900 0.923400
vt 0.534600 0.925900
vt 0.554800 0.927300
vt 0.554900 0.924900
vt 0.534400 0.928300
vt 0.534100 0.930800
vt 0.554500 0.932100
vt 0.554600 0.929700
vt 0.574900 0.909600
vt 0.574300 0.912500
vt 0.592200 0.906300
vt 0.592900 0.903500
vt 0.573100 0.918300
vt 0.572600 0.921200
vt 0.590000 0.914600
vt 0.590700 0.911800
vt 0.572000 0.924100
vt 0.571400 0.927100
vt 0.588500 0.920100
vt 0.589200 0.917300
vt 0.605500 0.906700
vt 0.605500 0.908200
vt 0.621200 0.912700
vt 0.621200 0.910800
vt 0.605300 0.911100
vt 0.605300 0.912500
vt 0.621300 0.918300
vt 0.621300 0.916400
vt 0.605200 0.914000
vt 0.605100 0.915400
vt 0.621400 0.922100
vt 0.621400 0.920200
vt 0.410000 0.883400
vt 0.409800 0.883800
vt 0.409500 0.884700
vt 0.409300 0.885200
vt 0.409100 0.885700
vt 0.409000 0.886100
vt 0.737700 0.911800
vt 0.736100 0.913700
vt 0.756100 0.910700
vt 0.756200 0.908800
vt 0.733100 0.917700
vt 0.731600 0.919600
vt 0.755800 0.916200
vt 0.755900 0.914400
vt 0.730100 0.921600
vt 0.728500 0.923600
vt 0.755600 0.919900
vt 0.755700 0.918100
vt 0.933600 0.937400
vt 0.933500 0.939100
vt 0.948300 0.943500
vt 0.948300 0.941700
vt 0.933500 0.942500
vt 0.933400 0.944200
vt 0.948300 0.948900
vt 0.948300 0.947100
vt 0.933400 0.945900
vt 0.933400 0.947600
vt 0.948300 0.952400
vt 0.948300 0.950600
vt 0.693100 0.923100
vt 0.693000 0.925400
vt 0.709500 0.921800
vt 0.710100 0.919600
vt 0.693000 0.929900
vt 0.692900 0.932200
vt 0.707900 0.928400
vt 0.708400 0.926200
vt 0.692900 0.934500
vt 0.692900 0.936800
vt 0.706800 0.932900
vt 0.707300 0.930700
vt 0.670100 0.921200
vt 0.670400 0.924100
vt 0.679700 0.925700
vt 0.679500 0.922900
vt 0.671000 0.930000
vt 0.671400 0.933000
vt 0.680500 0.934000
vt 0.680200 0.931200
vt 0.671700 0.935900
vt 0.672000 0.938900
vt 0.681000 0.939500
vt 0.680700 0.936800
vt 0.781500 0.918300
vt 0.781900 0.921000
vt 0.805300 0.928100
vt 0.805300 0.925300
vt 0.782800 0.926200
vt 0.783200 0.928900
vt 0.805300 0.936300
vt 0.805300 0.933600
vt 0.783700 0.931500
vt 0.784100 0.934200
vt 0.805300 0.941800
vt 0.805300 0.939100
vt 0.958800 0.942100
vt 0.958700 0.944000
vt 0.966800 0.942600
vt 0.966900 0.940600
vt 0.958600 0.947800
vt 0.958500 0.949700
vt 0.966200 0.948600
vt 0.966400 0.946600
vt 0.958500 0.951600
vt 0.958400 0.953400
vt 0.965800 0.952700
vt 0.966000 0.950700
vt 0.828200 0.932800
vt 0.827900 0.935300
vt 0.848500 0.938200
vt 0.849000 0.935900
vt 0.827400 0.940100
vt 0.827100 0.942500
vt 0.847100 0.945100
vt 0.847600 0.942800
vt 0.826900 0.944900
vt 0.826600 0.947300
vt 0.846100 0.949700
vt 0.846600 0.947400
vt 0.872500 0.929800
vt 0.871500 0.932500
vt 0.892000 0.931300
vt 0.893000 0.929100
vt 0.869300 0.937900
vt 0.868200 0.940600
vt 0.889100 0.938100
vt 0.890100 0.935800
vt 0.867100 0.943300
vt 0.866000 0.946000
vt 0.887200 0.942600
vt 0.888200 0.940300
vt 0.907300 0.931200
vt 0.906800 0.932800
vt 0.919800 0.934500
vt 0.919900 0.933000
vt 0.905700 0.936100
vt 0.905200 0.937800
vt 0.919400 0.939100
vt 0.919500 0.937600
vt 0.904700 0.939400
vt 0.904100 0.941100
vt 0.919100 0.942200
vt 0.919200 0.940600
vt 0.486300 0.420500
vt 0.486500 0.418100
vt 0.466800 0.415900
vt 0.466400 0.417300
vt 0.486800 0.413300
vt 0.486900 0.410900
vt 0.468200 0.411400
vt 0.467700 0.412900
vt 0.487200 0.406100
vt 0.487300 0.403700
vt 0.469600 0.407000
vt 0.469100 0.408500
vt 0.647900 0.428600
vt 0.648300 0.426500
vt 0.634200 0.421200
vt 0.633200 0.423000
vt 0.649100 0.422300
vt 0.649400 0.420200
vt 0.637100 0.415700
vt 0.636200 0.417500
vt 0.650200 0.416000
vt 0.650600 0.413900
vt 0.640100 0.410300
vt 0.639100 0.412100
vt 0.615700 0.417400
vt 0.617100 0.416100
vt 0.603200 0.415900
vt 0.602500 0.417800
vt 0.620000 0.413400
vt 0.621400 0.412100
vt 0.605200 0.410400
vt 0.604500 0.412200
vt 0.624200 0.409500
vt 0.625700 0.408200
vt 0.607200 0.404900
vt 0.606500 0.406700
vt 0.452800 0.420400
vt 0.453100 0.419100
vt 0.442200 0.423900
vt 0.442300 0.425200
vt 0.453700 0.416600
vt 0.454000 0.415300
vt 0.441700 0.419800
vt 0.441900 0.421200
vt 0.454500 0.412700
vt 0.454800 0.411400
vt 0.441300 0.415800
vt 0.441500 0.417100
vt 0.585900 0.416400
vt 0.586300 0.414700
vt 0.567100 0.416800
vt 0.566500 0.418300
vt 0.587100 0.411300
vt 0.587500 0.409600
vt 0.569000 0.412100
vt 0.568300 0.413700
vt 0.588300 0.406200
vt 0.588600 0.404500
vt 0.570800 0.407400
vt 0.570200 0.409000
vt 0.550600 0.423800
vt 0.551000 0.422300
vt 0.538500 0.427400
vt 0.538300 0.429300
vt 0.552000 0.419400
vt 0.552500 0.417900
vt 0.539000 0.421700
vt 0.538800 0.423600
vt 0.553500 0.414900
vt 0.553900 0.413400
vt 0.539500 0.416000
vt 0.539300 0.417900
vt 0.431100 0.424500
vt 0.430800 0.423800
vt 0.421900 0.424300
vt 0.422200 0.424700
vt 0.430000 0.422400
vt 0.429700 0.421700
vt 0.420900 0.423400
vt 0.421200 0.423700
vt 0.429000 0.420200
vt 0.428600 0.419500
vt 0.420000 0.422500
vt 0.420300 0.422800
vt 0.526200 0.427500
vt 0.525800 0.425100
vt 0.505500 0.420700
vt 0.505700 0.423400
vt 0.525000 0.420500
vt 0.524600 0.418100
vt 0.504800 0.412900
vt 0.505000 0.415500
vt 0.523800 0.413500
vt 0.523400 0.411200
vt 0.504100 0.405100
vt 0.504300 0.407700
vt 0.661100 0.432600
vt 0.661300 0.430600
vt 0.661700 0.426700
vt 0.661900 0.424700
vt 0.662300 0.420700
vt 0.662500 0.418700
vt 0.414800 0.427700
vt 0.415000 0.428100
vt 0.414100 0.426600
vt 0.414300 0.427000
vt 0.413400 0.425500
vt 0.413600 0.425900
vt 0.771200 0.452500
vt 0.772300 0.449100
vt 0.752000 0.443600
vt 0.750800 0.446100
vt 0.774700 0.442300
vt 0.775900 0.439000
vt 0.755700 0.436000
vt 0.754400 0.438600
vt 0.778300 0.432200
vt 0.779500 0.428800
vt 0.759400 0.428500
vt 0.758100 0.431000
vt 0.938200 0.476500
vt 0.938900 0.474600
vt 0.923100 0.466600
vt 0.921900 0.468500
vt 0.940200 0.470700
vt 0.940900 0.468700
vt 0.926900 0.461100
vt 0.925600 0.462900
vt 0.942300 0.464800
vt 0.943000 0.462900
vt 0.930600 0.455500
vt 0.929400 0.457300
vt 0.901900 0.464000
vt 0.903600 0.461700
vt 0.891400 0.459400
vt 0.890600 0.461800
vt 0.906800 0.457100
vt 0.908500 0.454800
vt 0.893900 0.452200
vt 0.893100 0.454600
vt 0.911700 0.450200
vt 0.913400 0.448000
vt 0.896300 0.445000
vt 0.895500 0.447400
vt 0.732600 0.450300
vt 0.733800 0.447700
vt 0.716400 0.453600
vt 0.715600 0.456600
vt 0.736200 0.442400
vt 0.737400 0.439800
vt 0.718800 0.444500
vt 0.718000 0.447500
vt 0.739800 0.434500
vt 0.741000 0.431900
vt 0.721100 0.435400
vt 0.720400 0.438400
vt 0.881500 0.463400
vt 0.881900 0.461400
vt 0.870600 0.463900
vt 0.870100 0.465400
vt 0.882600 0.457300
vt 0.882900 0.455300
vt 0.872100 0.459300
vt 0.871600 0.460800
vt 0.883600 0.451200
vt 0.884000 0.449200
vt 0.873600 0.454700
vt 0.873100 0.456200
vt 0.853800 0.466100
vt 0.854600 0.464600
vt 0.839200 0.463900
vt 0.838600 0.465700
vt 0.856100 0.461600
vt 0.856800 0.460100
vt 0.840800 0.458600
vt 0.840300 0.460400
vt 0.858400 0.457100
vt 0.859100 0.455600
vt 0.842500 0.453300
vt 0.842000 0.455100
vt 0.697900 0.451500
vt 0.698400 0.448900
vt 0.682200 0.441900
vt 0.681900 0.444200
vt 0.699300 0.443500
vt 0.699800 0.440800
vt 0.683200 0.435000
vt 0.682800 0.437300
vt 0.700700 0.435400
vt 0.701200 0.432700
vt 0.684200 0.428100
vt 0.683800 0.430400
vt 0.822600 0.462200
vt 0.822500 0.459700
vt 0.797000 0.454200
vt 0.796600 0.457400
vt 0.822400 0.454800
vt 0.822300 0.452300
vt 0.798300 0.444600
vt 0.797900 0.447800
vt 0.822100 0.447300
vt 0.822100 0.444800
vt 0.799700 0.435000
vt 0.799200 0.438200
vt 0.668600 0.436300
vt 0.668700 0.434200
vt 0.668900 0.430100
vt 0.669000 0.428000
vt 0.669200 0.423900
vt 0.669300 0.421800
vt 0.951400 0.485100
vt 0.951700 0.482900
vt 0.952300 0.478400
vt 0.952600 0.476100
vt 0.953200 0.471700
vt 0.953500 0.469400
vt 0.499400 0.874500
vt 0.499100 0.861100
vt 0.485300 0.863800
vt 0.484600 0.876400
vt 0.481500 0.446200
vt 0.484700 0.431800
vt 0.464900 0.427900
vt 0.466000 0.443900
vt 0.497600 0.662600
vt 0.478700 0.656300
vt 0.695400 0.678300
vt 0.683500 0.678600
vt 0.663800 0.677100
vt 0.652000 0.677800
vt 0.628600 0.676400
vt 0.601300 0.673200
vt 0.577800 0.670700
vt 0.556100 0.673900
vt 0.539900 0.673600
vt 0.519200 0.669900
vt 0.655900 0.478000
vt 0.647000 0.453300
vt 0.628300 0.442300
vt 0.636800 0.471900
vt 0.614300 0.465400
vt 0.612600 0.434700
vt 0.599700 0.432700
vt 0.597500 0.456200
vt 0.579600 0.453500
vt 0.583300 0.437900
vt 0.562300 0.438900
vt 0.559000 0.449000
vt 0.542600 0.445800
vt 0.546800 0.437700
vt 0.537500 0.436400
vt 0.531800 0.443900
vt 0.517000 0.446400
vt 0.527400 0.433800
vt 0.507500 0.432500
vt 0.498800 0.449500
vt 0.648800 0.888600
vt 0.650400 0.868100
vt 0.638600 0.867600
vt 0.639800 0.887100
vt 0.629200 0.884300
vt 0.627300 0.868100
vt 0.615100 0.869400
vt 0.616400 0.884400
vt 0.603100 0.885300
vt 0.600300 0.868500
vt 0.580000 0.857400
vt 0.592100 0.883000
vt 0.570900 0.875500
vt 0.561200 0.847200
vt 0.545500 0.844800
vt 0.553500 0.868800
vt 0.534300 0.872500
vt 0.526800 0.852400
vt 0.510200 0.858000
vt 0.514000 0.873300
vt 0.472000 0.876800
vt 0.473500 0.865200
vt 0.461900 0.865000
vt 0.455900 0.876800
vt 0.455800 0.443400
vt 0.452700 0.430500
vt 0.443800 0.433900
vt 0.446800 0.442800
vt 0.466800 0.654800
vt 0.460000 0.656300
vt 0.436800 0.877500
vt 0.443900 0.864200
vt 0.430500 0.866200
vt 0.424600 0.878500
vt 0.435900 0.441100
vt 0.433700 0.433100
vt 0.424100 0.431200
vt 0.426100 0.438700
vt 0.449600 0.658600
vt 0.433700 0.661700
vt 0.416100 0.878400
vt 0.419100 0.869300
vt 0.413000 0.871800
vt 0.412000 0.876600
vt 0.418700 0.438500
vt 0.417000 0.432900
vt 0.412600 0.434000
vt 0.414100 0.438200
vt 0.418700 0.662500
vt 0.411400 0.663500
vt 0.485000 0.822100
vt 0.469500 0.831300
vt 0.479900 0.843300
vt 0.495300 0.832700
vt 0.486700 0.381600
vt 0.461800 0.389700
vt 0.470000 0.405500
vt 0.487500 0.401300
vt 0.502100 0.631900
vt 0.481900 0.625200
vt 0.477300 0.636500
vt 0.494200 0.639900
vt 0.691900 0.633700
vt 0.675600 0.636800
vt 0.683300 0.652400
vt 0.695200 0.650900
vt 0.655300 0.635600
vt 0.632400 0.623800
vt 0.643700 0.645600
vt 0.663600 0.654300
vt 0.615900 0.614300
vt 0.601900 0.609000
vt 0.605800 0.627500
vt 0.621600 0.633200
vt 0.583700 0.610800
vt 0.566100 0.616000
vt 0.570200 0.633200
vt 0.587800 0.629600
vt 0.549400 0.627800
vt 0.529300 0.630600
vt 0.519800 0.646100
vt 0.545400 0.645700
vt 0.664200 0.401300
vt 0.653400 0.397900
vt 0.641100 0.408400
vt 0.651000 0.411800
vt 0.638800 0.393300
vt 0.617400 0.386200
vt 0.607800 0.403100
vt 0.627100 0.406900
vt 0.591100 0.381600
vt 0.570700 0.388900
vt 0.571500 0.405800
vt 0.589000 0.402800
vt 0.550700 0.393600
vt 0.533900 0.392400
vt 0.539600 0.414100
vt 0.554400 0.412000
vt 0.516800 0.386400
vt 0.500300 0.381700
vt 0.503800 0.402400
vt 0.522900 0.408800
vt 0.662100 0.802500
vt 0.647900 0.802700
vt 0.650600 0.822900
vt 0.662300 0.820700
vt 0.630000 0.807200
vt 0.611400 0.813000
vt 0.611400 0.834200
vt 0.630000 0.830800
vt 0.596400 0.813700
vt 0.579800 0.811300
vt 0.569400 0.824300
vt 0.590400 0.831900
vt 0.562800 0.808200
vt 0.544500 0.804600
vt 0.539900 0.822000
vt 0.553300 0.821100
vt 0.520400 0.803800
vt 0.499500 0.812500
vt 0.507800 0.825600
vt 0.523700 0.821400
vt 0.451200 0.832200
vt 0.432600 0.833700
vt 0.448000 0.849100
vt 0.464900 0.847300
vt 0.447600 0.394500
vt 0.439100 0.400800
vt 0.441200 0.414400
vt 0.455100 0.410100
vt 0.466500 0.623900
vt 0.452700 0.626400
vt 0.455700 0.637600
vt 0.464600 0.635500
vt 0.416800 0.832100
vt 0.407400 0.837600
vt 0.420500 0.845800
vt 0.432500 0.847400
vt 0.425900 0.410100
vt 0.416800 0.417400
vt 0.419700 0.422200
vt 0.428200 0.418800
vt 0.442500 0.632700
vt 0.432000 0.639300
vt 0.436100 0.643000
vt 0.448200 0.639600
vt 0.404200 0.851000
vt 0.406200 0.861700
vt 0.410400 0.863700
vt 0.413300 0.853500
vt 0.410500 0.422000
vt 0.407200 0.424900
vt 0.409200 0.427500
vt 0.413200 0.425200
vt 0.419500 0.645800
vt 0.411900 0.652000
vt 0.412800 0.655000
vt 0.420400 0.650600
vt 0.459500 0.899700
vt 0.449000 0.906700
vt 0.472700 0.908800
vt 0.475700 0.897000
vt 0.636400 0.726400
vt 0.633400 0.736800
vt 0.663700 0.744300
vt 0.672000 0.729200
vt 0.621200 0.532500
vt 0.636200 0.535700
vt 0.419200 0.657900
vt 0.412100 0.659900
vt 0.633900 0.912800
vt 0.635300 0.929500
vt 0.646200 0.934200
vt 0.645700 0.916300
vt 0.694700 0.664600
vt 0.684200 0.665100
vt 0.430100 0.901200
vt 0.429000 0.904500
vt 0.435000 0.906000
vt 0.439500 0.901000
vt 0.688000 0.730900
vt 0.676200 0.751900
vt 0.684900 0.756500
vt 0.694800 0.732400
vt 0.447200 0.471100
vt 0.452500 0.475800
vt 0.665900 0.665600
vt 0.651400 0.666300
vt 0.494500 0.651500
vt 0.478000 0.648800
vt 0.414200 0.885600
vt 0.413400 0.892200
vt 0.422600 0.901300
vt 0.423800 0.895800
vt 0.625900 0.654900
vt 0.605000 0.650200
vt 0.428800 0.460000
vt 0.442000 0.466500
vt 0.487600 0.699200
vt 0.486600 0.711100
vt 0.521300 0.717200
vt 0.524100 0.709200
vt 0.469000 0.484300
vt 0.483700 0.487800
vt 0.460600 0.692000
vt 0.456100 0.703500
vt 0.471800 0.708000
vt 0.477400 0.697200
vt 0.495200 0.900800
vt 0.493900 0.919700
vt 0.512500 0.928600
vt 0.515100 0.906600
vt 0.585500 0.650200
vt 0.564700 0.653900
vt 0.541800 0.710000
vt 0.539100 0.723700
vt 0.554300 0.729800
vt 0.556300 0.712900
vt 0.495400 0.491600
vt 0.514100 0.492600
vt 0.467500 0.648600
vt 0.460500 0.649300
vt 0.411300 0.449900
vt 0.417200 0.454600
vt 0.655000 0.916000
vt 0.656800 0.940700
vt 0.664100 0.941400
vt 0.661700 0.917100
vt 0.536000 0.913400
vt 0.533800 0.933300
vt 0.554300 0.934600
vt 0.555500 0.915200
vt 0.542700 0.653100
vt 0.517100 0.653500
vt 0.429700 0.684400
vt 0.428700 0.696700
vt 0.441500 0.701200
vt 0.444900 0.688100
vt 0.568800 0.716200
vt 0.567900 0.732900
vt 0.580800 0.735200
vt 0.580900 0.719100
vt 0.534600 0.498700
vt 0.552300 0.511600
vt 0.410700 0.430100
vt 0.575400 0.906700
vt 0.570800 0.930000
vt 0.587800 0.922900
vt 0.593600 0.900700
vt 0.450400 0.649700
vt 0.431800 0.655200
vt 0.591700 0.724100
vt 0.590900 0.737300
vt 0.604500 0.737500
vt 0.606300 0.725600
vt 0.575400 0.516900
vt 0.599400 0.526800
vt 0.409900 0.674600
vt 0.408900 0.681700
vt 0.417500 0.688000
vt 0.416800 0.677900
vt 0.648500 0.537500
vt 0.658400 0.534300
vt 0.605600 0.905300
vt 0.605000 0.916900
vt 0.621500 0.924000
vt 0.621100 0.908900
vt 0.528300 0.693900
vt 0.501100 0.686600
vt 0.483500 0.687500
vt 0.702900 0.678000
vt 0.701700 0.715800
vt 0.693600 0.709700
vt 0.677500 0.709200
vt 0.648100 0.712900
vt 0.613200 0.712400
vt 0.594500 0.712600
vt 0.579900 0.710200
vt 0.564700 0.706400
vt 0.551900 0.703000
vt 0.541400 0.699000
vt 0.666900 0.479700
vt 0.660100 0.457700
vt 0.659000 0.889600
vt 0.661400 0.870500
vt 0.465300 0.683400
vt 0.448800 0.680300
vt 0.432400 0.678000
vt 0.419500 0.674200
vt 0.411500 0.672400
vt 0.408200 0.671100
vt 0.473900 0.925800
vt 0.488700 0.936100
vt 0.502100 0.947900
vt 0.449000 0.490700
vt 0.472000 0.499400
vt 0.484800 0.503400
vt 0.464300 0.723100
vt 0.486800 0.725400
vt 0.509100 0.727900
vt 0.662400 0.760700
vt 0.674400 0.769900
vt 0.680700 0.776100
vt 0.700800 0.634400
vt 0.702000 0.649300
vt 0.617700 0.748300
vt 0.645200 0.750400
vt 0.582700 0.750900
vt 0.598300 0.752000
vt 0.546200 0.743100
vt 0.564000 0.749400
vt 0.527900 0.733700
vt 0.630100 0.558400
vt 0.641500 0.557000
vt 0.651200 0.555100
vt 0.671400 0.407700
vt 0.662700 0.416800
vt 0.594100 0.546400
vt 0.614800 0.555900
vt 0.547900 0.531700
vt 0.568500 0.537300
vt 0.519600 0.508800
vt 0.532300 0.518500
vt 0.501900 0.505000
vt 0.645500 0.955100
vt 0.658700 0.959400
vt 0.668200 0.959400
vt 0.672700 0.804900
vt 0.671200 0.821200
vt 0.612100 0.939600
vt 0.628900 0.948000
vt 0.581500 0.943600
vt 0.597600 0.938500
vt 0.548000 0.954500
vt 0.565800 0.950100
vt 0.523600 0.955800
vt 0.438000 0.923300
vt 0.455900 0.923600
vt 0.431800 0.474300
vt 0.438200 0.481000
vt 0.436500 0.718500
vt 0.449500 0.720900
vt 0.417700 0.909000
vt 0.425900 0.915600
vt 0.409200 0.459300
vt 0.418900 0.466100
vt 0.416900 0.705100
vt 0.426100 0.713500
vt 0.408800 0.886600
vt 0.405800 0.888700
vt 0.410400 0.897900
vt 0.408400 0.447100
vt 0.404200 0.448700
vt 0.406000 0.452500
vt 0.405600 0.679100
vt 0.404200 0.684600
vt 0.407500 0.693900
vt 0.701300 0.665300
vt 0.410200 0.882900
vt 0.412100 0.444700
vt 0.407200 0.674300
vt 0.790000 0.881600
vt 0.792000 0.863800
vt 0.779700 0.862400
vt 0.772600 0.881100
vt 0.758700 0.494900
vt 0.766300 0.471000
vt 0.744500 0.463500
vt 0.740800 0.491900
vt 0.783900 0.691500
vt 0.760400 0.680500
vt 0.973900 0.700800
vt 0.959300 0.699300
vt 0.947200 0.698900
vt 0.939000 0.699200
vt 0.917900 0.699800
vt 0.891300 0.698700
vt 0.866800 0.698600
vt 0.845000 0.700300
vt 0.828500 0.700500
vt 0.807000 0.699300
vt 0.945600 0.515600
vt 0.937300 0.496000
vt 0.920100 0.484700
vt 0.932200 0.511400
vt 0.910700 0.499200
vt 0.900500 0.473400
vt 0.889700 0.470200
vt 0.893900 0.487300
vt 0.879100 0.488700
vt 0.878800 0.470800
vt 0.864900 0.475100
vt 0.859200 0.491900
vt 0.839900 0.491400
vt 0.847000 0.478200
vt 0.833900 0.477600
vt 0.826200 0.488800
vt 0.806900 0.489700
vt 0.820600 0.474800
vt 0.794000 0.474300
vt 0.781600 0.494900
vt 0.952500 0.907700
vt 0.947700 0.889800
vt 0.938400 0.889400
vt 0.942700 0.907800
vt 0.929200 0.909200
vt 0.924100 0.888700
vt 0.909400 0.888600
vt 0.914200 0.908400
vt 0.899500 0.905000
vt 0.894000 0.886300
vt 0.874500 0.876500
vt 0.887400 0.902500
vt 0.866200 0.891700
vt 0.854900 0.864700
vt 0.839200 0.859600
vt 0.846200 0.883400
vt 0.826200 0.884500
vt 0.821300 0.863000
vt 0.805400 0.863600
vt 0.805900 0.883800
vt 0.758400 0.881300
vt 0.768100 0.864300
vt 0.755800 0.864800
vt 0.742200 0.880800
vt 0.728700 0.489600
vt 0.727400 0.466700
vt 0.713800 0.471800
vt 0.716900 0.487400
vt 0.743900 0.678500
vt 0.733300 0.676400
vt 0.712900 0.885400
vt 0.733800 0.864000
vt 0.707800 0.870300
vt 0.683800 0.892600
vt 0.702800 0.486000
vt 0.698400 0.470900
vt 0.682800 0.465100
vt 0.687700 0.484100
vt 0.724900 0.675100
vt 0.716500 0.677400
vt 0.670800 0.893100
vt 0.684200 0.871100
vt 0.681500 0.410500
vt 0.669400 0.419700
vt 0.708800 0.678200
vt 0.789400 0.816300
vt 0.767500 0.819900
vt 0.781200 0.842800
vt 0.796900 0.837300
vt 0.781600 0.402600
vt 0.761200 0.401700
vt 0.760600 0.425900
vt 0.780700 0.425500
vt 0.793100 0.651300
vt 0.773700 0.640300
vt 0.761400 0.652900
vt 0.779700 0.660300
vt 0.973700 0.656900
vt 0.959300 0.659500
vt 0.965700 0.676900
vt 0.978000 0.673100
vt 0.940500 0.656800
vt 0.918800 0.646000
vt 0.931400 0.668700
vt 0.950300 0.679300
vt 0.903200 0.637700
vt 0.889800 0.632600
vt 0.894000 0.652500
vt 0.909600 0.657800
vt 0.869300 0.632200
vt 0.849800 0.632000
vt 0.855200 0.654000
vt 0.873800 0.653300
vt 0.835000 0.642700
vt 0.817500 0.647700
vt 0.808100 0.669900
vt 0.833100 0.670200
vt 0.961500 0.451900
vt 0.948900 0.443100
vt 0.931900 0.453600
vt 0.943700 0.461000
vt 0.931500 0.434800
vt 0.908100 0.425500
vt 0.897100 0.442700
vt 0.915000 0.445700
vt 0.886600 0.424700
vt 0.872200 0.432400
vt 0.874100 0.453200
vt 0.884400 0.447200
vt 0.855300 0.432800
vt 0.835500 0.428100
vt 0.843100 0.451500
vt 0.859900 0.454100
vt 0.814600 0.418500
vt 0.795900 0.408600
vt 0.800100 0.431800
vt 0.822000 0.442300
vt 0.967500 0.842900
vt 0.955400 0.840100
vt 0.944600 0.859000
vt 0.955200 0.859400
vt 0.936100 0.840800
vt 0.919100 0.841600
vt 0.907800 0.861000
vt 0.926500 0.860900
vt 0.902900 0.840100
vt 0.884700 0.834400
vt 0.868600 0.844800
vt 0.888200 0.855400
vt 0.866400 0.827600
vt 0.849300 0.821300
vt 0.838900 0.837200
vt 0.852500 0.839100
vt 0.828300 0.814900
vt 0.807200 0.814600
vt 0.808400 0.832300
vt 0.823800 0.832700
vt 0.744100 0.816700
vt 0.720100 0.818000
vt 0.743300 0.838000
vt 0.763500 0.841100
vt 0.743400 0.401700
vt 0.726400 0.406800
vt 0.721900 0.432400
vt 0.742200 0.429300
vt 0.759100 0.634100
vt 0.745500 0.629000
vt 0.736700 0.645000
vt 0.747900 0.647200
vt 0.705000 0.812400
vt 0.693800 0.808600
vt 0.700800 0.820000
vt 0.718200 0.830000
vt 0.711600 0.413500
vt 0.695500 0.413000
vt 0.684500 0.425800
vt 0.701600 0.430100
vt 0.733200 0.627700
vt 0.720900 0.631600
vt 0.717900 0.648500
vt 0.727000 0.646600
vt 0.683900 0.807700
vt 0.686400 0.817500
vt 0.676200 0.481200
vt 0.672000 0.460100
vt 0.710900 0.634200
vt 0.710200 0.648700
vt 0.739200 0.909800
vt 0.727000 0.925500
vt 0.755500 0.921800
vt 0.756300 0.907000
vt 0.921200 0.748100
vt 0.921900 0.757500
vt 0.950800 0.757400
vt 0.950200 0.744700
vt 0.917500 0.567900
vt 0.934200 0.565100
vt 0.706800 0.665500
vt 0.933600 0.935700
vt 0.933300 0.949400
vt 0.948400 0.954200
vt 0.948300 0.939900
vt 0.977300 0.685400
vt 0.967100 0.687300
vt 0.693100 0.920800
vt 0.692800 0.939100
vt 0.706200 0.935100
vt 0.710600 0.917300
vt 0.964100 0.743700
vt 0.965800 0.759500
vt 0.974800 0.760800
vt 0.975300 0.743400
vt 0.728600 0.532200
vt 0.740800 0.537000
vt 0.953600 0.688600
vt 0.939400 0.689300
vt 0.779200 0.675400
vt 0.758600 0.669200
vt 0.669700 0.918200
vt 0.672300 0.941900
vt 0.681200 0.942300
vt 0.679200 0.920200
vt 0.916100 0.678700
vt 0.894500 0.675500
vt 0.700100 0.521800
vt 0.716800 0.526900
vt 0.782300 0.741800
vt 0.779900 0.758000
vt 0.814000 0.755700
vt 0.816700 0.747200
vt 0.754800 0.540800
vt 0.767400 0.544200
vt 0.756400 0.739300
vt 0.749200 0.756500
vt 0.764800 0.758100
vt 0.772700 0.742200
vt 0.781000 0.915700
vt 0.784500 0.936800
vt 0.805300 0.944600
vt 0.805300 0.922600
vt 0.873800 0.675400
vt 0.852600 0.679200
vt 0.830600 0.749600
vt 0.832400 0.760800
vt 0.843700 0.763800
vt 0.842800 0.750600
vt 0.784900 0.547200
vt 0.809100 0.546300
vt 0.746400 0.663600
vt 0.734900 0.661000
vt 0.668600 0.529800
vt 0.682300 0.524200
vt 0.958800 0.940200
vt 0.958400 0.955300
vt 0.965600 0.954700
vt 0.967100 0.938600
vt 0.828500 0.930400
vt 0.826300 0.949700
vt 0.845600 0.952000
vt 0.849500 0.933500
vt 0.830500 0.679200
vt 0.805000 0.679700
vt 0.725800 0.734300
vt 0.723100 0.755200
vt 0.735600 0.756000
vt 0.741700 0.737700
vt 0.858700 0.750800
vt 0.858700 0.765600
vt 0.873800 0.764000
vt 0.871700 0.752900
vt 0.836000 0.550200
vt 0.854500 0.562900
vt 0.873600 0.927100
vt 0.865000 0.948700
vt 0.886200 0.944800
vt 0.894000 0.926800
vt 0.725000 0.661300
vt 0.715100 0.664900
vt 0.882200 0.753200
vt 0.883700 0.764100
vt 0.895800 0.762700
vt 0.895400 0.751700
vt 0.874300 0.564400
vt 0.897700 0.568800
vt 0.704800 0.732000
vt 0.697200 0.756300
vt 0.709700 0.755500
vt 0.715400 0.734100
vt 0.946300 0.563200
vt 0.954000 0.562600
vt 0.907900 0.929500
vt 0.903600 0.942700
vt 0.919000 0.943700
vt 0.920100 0.931500
vt 0.816500 0.731400
vt 0.793100 0.724300
vt 0.777900 0.727300
vt 0.983300 0.701600
vt 0.973500 0.727300
vt 0.963400 0.725600
vt 0.951100 0.724900
vt 0.929300 0.733900
vt 0.900700 0.738900
vt 0.883600 0.742000
vt 0.870200 0.741600
vt 0.854800 0.738500
vt 0.839500 0.739300
vt 0.829300 0.737100
vt 0.955200 0.517300
vt 0.947500 0.501100
vt 0.961200 0.907600
vt 0.954800 0.890900
vt 0.759000 0.724900
vt 0.740600 0.722700
vt 0.726000 0.721800
vt 0.715400 0.719300
vt 0.708900 0.718400
vt 0.763400 0.944600
vt 0.780700 0.957200
vt 0.794500 0.967800
vt 0.740900 0.555600
vt 0.761100 0.558600
vt 0.776800 0.561600
vt 0.754200 0.779300
vt 0.777700 0.776700
vt 0.800400 0.775300
vt 0.959300 0.773200
vt 0.975400 0.773900
vt 0.985400 0.772700
vt 0.982700 0.658600
vt 0.985600 0.672900
vt 0.911900 0.772000
vt 0.938600 0.768000
vt 0.878000 0.780400
vt 0.893600 0.778600
vt 0.837100 0.781200
vt 0.857000 0.783000
vt 0.818800 0.777400
vt 0.925700 0.586700
vt 0.939300 0.582500
vt 0.951400 0.577400
vt 0.971400 0.461900
vt 0.953900 0.467200
vt 0.885100 0.587300
vt 0.908300 0.589500
vt 0.851800 0.584500
vt 0.865900 0.585600
vt 0.821900 0.563700
vt 0.840200 0.573100
vt 0.798300 0.561200
vt 0.941600 0.972400
vt 0.954000 0.973900
vt 0.964900 0.972100
vt 0.976100 0.848700
vt 0.962500 0.861100
vt 0.906200 0.963200
vt 0.922700 0.967400
vt 0.871600 0.963700
vt 0.890000 0.961600
vt 0.836500 0.972900
vt 0.853700 0.969100
vt 0.814700 0.973900
vt 0.719300 0.951100
vt 0.740600 0.941500
vt 0.706700 0.541300
vt 0.722600 0.550100
vt 0.724500 0.783000
vt 0.738500 0.781600
vt 0.690600 0.960700
vt 0.703000 0.956700
vt 0.673900 0.543900
vt 0.689400 0.539500
vt 0.698800 0.782500
vt 0.712200 0.781600
vt 0.680200 0.960700
vt 0.661400 0.550900
vt 0.688300 0.782500
vt 0.987500 0.685800
vt 0.880800 0.180200
vt 0.915900 0.196000
vt 0.948600 0.217500
vt 0.840500 0.164600
vt 0.797500 0.147900
vt 0.754200 0.130200
vt 0.711000 0.115400
vt 0.666600 0.103400
vt 0.626300 0.088300
vt 0.579000 0.070800
vt 0.521500 0.056800
vt 0.461000 0.042400
vt 0.424300 0.036400
vt 0.399100 0.030900
vt 0.982200 0.234100
vt 0.014200 0.236900
vt 0.031800 0.207000
vt 0.050800 0.185900
vt 0.072500 0.162800
vt 0.095100 0.138000
vt 0.120100 0.116700
vt 0.151400 0.096200
vt 0.190100 0.078700
vt 0.246700 0.128500
vt 0.202700 0.144500
vt 0.237400 0.066000
vt 0.282700 0.057300
vt 0.314900 0.046600
vt 0.340500 0.038500
vt 0.371600 0.031200
vt 0.165000 0.159100
vt 0.745000 0.183800
vt 0.701000 0.166900
vt 0.283300 0.114100
vt 0.954300 0.264600
vt 0.917500 0.246600
vt 0.611900 0.151400
vt 0.566800 0.140600
vt 0.473900 0.105200
vt 0.432400 0.094200
vt 0.065100 0.246300
vt 0.040900 0.264800
vt 0.131500 0.179300
vt 0.109800 0.198300
vt 0.837500 0.223100
vt 0.786700 0.202800
vt 0.211400 0.171700
vt 0.250800 0.155300
vt 0.253300 0.163400
vt 0.214200 0.179600
vt 0.651500 0.157300
vt 0.336000 0.098200
vt 0.311700 0.105000
vt 0.518500 0.123000
vt 0.981000 0.276100
vt 0.086300 0.225000
vt 0.400900 0.089400
vt 0.367200 0.090300
vt 0.879300 0.232700
vt 0.022500 0.276900
vt 0.332600 0.129100
vt 0.364500 0.121600
vt 0.363900 0.132400
vt 0.332300 0.140000
vt 0.786900 0.224000
vt 0.838500 0.242800
vt 0.839200 0.251300
vt 0.786700 0.233300
vt 0.024900 0.294000
vt 0.042700 0.281300
vt 0.041100 0.289600
vt 0.025900 0.299400
vt 0.287000 0.143400
vt 0.288300 0.152600
vt 0.920200 0.272800
vt 0.959900 0.288700
vt 0.959700 0.295300
vt 0.921000 0.280900
vt 0.400800 0.117500
vt 0.431800 0.119900
vt 0.431100 0.129300
vt 0.399600 0.127500
vt 0.179400 0.341800
vt 0.226200 0.349100
vt 0.215900 0.379400
vt 0.180800 0.376600
vt 0.471800 0.128700
vt 0.516900 0.146000
vt 0.515400 0.153400
vt 0.470800 0.136900
vt 0.140200 0.207000
vt 0.175700 0.188400
vt 0.178500 0.196400
vt 0.142800 0.215600
vt 0.560000 0.159700
vt 0.604500 0.170800
vt 0.601700 0.178200
vt 0.557900 0.166500
vt 0.090200 0.244400
vt 0.115500 0.220600
vt 0.117500 0.229000
vt 0.091900 0.252100
vt 0.646400 0.179300
vt 0.696300 0.192400
vt 0.693600 0.201300
vt 0.644100 0.187300
vt 0.743200 0.203900
vt 0.741000 0.214000
vt 0.069000 0.261400
vt 0.069900 0.267400
vt 0.313700 0.134900
vt 0.314000 0.145600
vt 0.880400 0.258000
vt 0.881100 0.266200
vt 0.978500 0.293900
vt 0.978300 0.299300
vt 0.327200 0.419900
vt 0.348600 0.456400
vt 0.313800 0.472100
vt 0.295100 0.441500
vt 0.162600 0.744800
vt 0.110500 0.729800
vt 0.115700 0.704800
vt 0.157400 0.712000
vt 0.030600 0.507900
vt 0.037300 0.469200
vt 0.053400 0.480600
vt 0.047400 0.510000
vt 0.286700 0.379800
vt 0.302600 0.392800
vt 0.275200 0.417600
vt 0.262400 0.405600
vt 0.065100 0.694100
vt 0.038200 0.652700
vt 0.059200 0.644200
vt 0.082400 0.679100
vt 0.027900 0.566900
vt 0.028500 0.546700
vt 0.047100 0.547900
vt 0.047200 0.568200
vt 0.026400 0.607400
vt 0.047100 0.605100
vt 0.362000 0.493000
vt 0.368300 0.538200
vt 0.330600 0.542600
vt 0.324700 0.505800
vt 0.134200 0.351600
vt 0.144500 0.385700
vt 0.361700 0.587900
vt 0.339700 0.631500
vt 0.310100 0.613400
vt 0.327600 0.579700
vt 0.065800 0.402300
vt 0.092700 0.375600
vt 0.110300 0.403800
vt 0.082900 0.426400
vt 0.309700 0.673000
vt 0.269800 0.707800
vt 0.246700 0.676300
vt 0.282000 0.646000
vt 0.048500 0.438100
vt 0.065400 0.454400
vt 0.217800 0.734800
vt 0.203900 0.699000
vt 0.027500 0.533500
vt 0.046600 0.533300
vt 0.262400 0.364300
vt 0.243700 0.392100
vt 0.274900 0.491300
vt 0.283200 0.518800
vt 0.291900 0.546500
vt 0.298900 0.570900
vt 0.262300 0.464400
vt 0.247300 0.443000
vt 0.237100 0.431300
vt 0.209800 0.402800
vt 0.224100 0.417200
vt 0.077400 0.597100
vt 0.110000 0.583500
vt 0.120100 0.612700
vt 0.083900 0.631300
vt 0.141800 0.565400
vt 0.151100 0.596100
vt 0.178400 0.544600
vt 0.188000 0.572800
vt 0.211800 0.525300
vt 0.221300 0.551200
vt 0.241900 0.508500
vt 0.251100 0.533400
vt 0.126400 0.644600
vt 0.097800 0.661600
vt 0.166900 0.627700
vt 0.201600 0.604300
vt 0.233900 0.580100
vt 0.262200 0.560200
vt 0.148100 0.679500
vt 0.119600 0.685500
vt 0.186100 0.662800
vt 0.222100 0.639100
vt 0.253700 0.612900
vt 0.279700 0.588400
vt 0.072200 0.563000
vt 0.102400 0.552200
vt 0.135800 0.536200
vt 0.169700 0.518100
vt 0.201800 0.500800
vt 0.231600 0.483600
vt 0.071200 0.538600
vt 0.099000 0.528000
vt 0.130300 0.512700
vt 0.161900 0.495700
vt 0.192500 0.479200
vt 0.220200 0.462600
vt 0.070400 0.524700
vt 0.096600 0.513800
vt 0.125700 0.498600
vt 0.155800 0.481800
vt 0.185600 0.465300
vt 0.212400 0.449800
vt 0.067100 0.487400
vt 0.080500 0.473000
vt 0.091100 0.494900
vt 0.069100 0.506100
vt 0.101700 0.453900
vt 0.116600 0.479100
vt 0.129000 0.435300
vt 0.145200 0.462200
vt 0.159400 0.419900
vt 0.174400 0.446600
vt 0.187800 0.409600
vt 0.200800 0.433100
vt 0.179700 0.318500
vt 0.234900 0.323500
vt 0.356000 0.404600
vt 0.380700 0.443200
vt 0.168300 0.773200
vt 0.107000 0.748700
vt 0.013200 0.504200
vt 0.023900 0.458300
vt 0.308400 0.358600
vt 0.327400 0.373900
vt 0.051500 0.705400
vt 0.020200 0.658800
vt 0.013700 0.556400
vt 0.011300 0.532900
vt 0.009600 0.607400
vt 0.395900 0.479800
vt 0.403800 0.531300
vt 0.128500 0.328900
vt 0.391700 0.593400
vt 0.370700 0.649800
vt 0.052400 0.380400
vt 0.081300 0.354900
vt 0.335700 0.698800
vt 0.294400 0.737300
vt 0.034600 0.423200
vt 0.233200 0.766400
vt 0.009600 0.527200
vt 0.279300 0.340600
vt 0.990400 0.234100
vt 0.987300 0.276200
vt 0.983500 0.293500
vt 0.983300 0.299400
vt 0.320300 0.270600
vt 0.319700 0.262500
vt 0.328500 0.258900
vt 0.330000 0.266500
vt 0.342300 0.254300
vt 0.345200 0.263700
vt 0.359100 0.246300
vt 0.361600 0.259000
vt 0.393200 0.245700
vt 0.397700 0.262200
vt 0.428500 0.257500
vt 0.431900 0.273500
vt 0.457700 0.265100
vt 0.458400 0.272600
vt 0.485300 0.265600
vt 0.485600 0.269500
vt 0.517800 0.253700
vt 0.518100 0.254900
vt 0.319300 0.259800
vt 0.318900 0.251200
vt 0.327500 0.247700
vt 0.328800 0.255200
vt 0.342000 0.243700
vt 0.343800 0.251800
vt 0.362000 0.244100
vt 0.362600 0.251900
vt 0.401900 0.255200
vt 0.404000 0.262800
vt 0.434100 0.269400
vt 0.435900 0.278400
vt 0.458500 0.282800
vt 0.458500 0.288700
vt 0.480300 0.287000
vt 0.480400 0.289300
vt 0.503900 0.285500
vt 0.503400 0.287000
vt 0.320300 0.272900
vt 0.319900 0.264500
vt 0.329100 0.260300
vt 0.330700 0.268600
vt 0.344300 0.252400
vt 0.347600 0.264000
vt 0.364100 0.240900
vt 0.367100 0.257000
vt 0.400100 0.244400
vt 0.404600 0.263600
vt 0.430300 0.254300
vt 0.434500 0.273200
vt 0.453200 0.257700
vt 0.453800 0.266700
vt 0.475700 0.262400
vt 0.476000 0.266600
vt 0.501200 0.253800
vt 0.501500 0.255100
vt 0.318300 0.265000
vt 0.317000 0.255200
vt 0.326700 0.248700
vt 0.328900 0.257200
vt 0.342500 0.234700
vt 0.344700 0.244200
vt 0.369400 0.219200
vt 0.368000 0.228400
vt 0.401400 0.215500
vt 0.400900 0.225800
vt 0.434200 0.230700
vt 0.435000 0.241600
vt 0.478300 0.254700
vt 0.478100 0.260800
vt 0.525100 0.256200
vt 0.525700 0.260200
vt 0.567100 0.259800
vt 0.567500 0.261200
vt 0.317000 0.261400
vt 0.315700 0.252100
vt 0.325800 0.246200
vt 0.327900 0.254400
vt 0.342900 0.234100
vt 0.344000 0.240700
vt 0.368800 0.225600
vt 0.367500 0.230100
vt 0.404100 0.225900
vt 0.403200 0.230400
vt 0.435000 0.240300
vt 0.436900 0.246700
vt 0.469700 0.261700
vt 0.470700 0.267400
vt 0.501700 0.265200
vt 0.502400 0.268100
vt 0.534400 0.265100
vt 0.534000 0.266900
vt 0.321700 0.265400
vt 0.320200 0.255400
vt 0.329500 0.247600
vt 0.332300 0.257400
vt 0.346600 0.231600
vt 0.350000 0.243300
vt 0.375200 0.217900
vt 0.375200 0.229400
vt 0.406300 0.212500
vt 0.406300 0.222400
vt 0.435100 0.217400
vt 0.434700 0.225700
vt 0.465800 0.234300
vt 0.466200 0.240500
vt 0.498600 0.247700
vt 0.499000 0.251500
vt 0.541400 0.257400
vt 0.541800 0.258700
vt 0.318100 0.275100
vt 0.317500 0.271200
vt 0.325600 0.269700
vt 0.326100 0.274400
vt 0.339200 0.279300
vt 0.338700 0.286900
vt 0.354000 0.297200
vt 0.354200 0.302400
vt 0.394800 0.299500
vt 0.388800 0.304900
vt 0.423900 0.299600
vt 0.416000 0.304300
vt 0.451100 0.290600
vt 0.448500 0.292800
vt 0.480100 0.281000
vt 0.479200 0.282000
vt 0.513000 0.273300
vt 0.512900 0.273300
vt 0.318500 0.278800
vt 0.318500 0.274200
vt 0.328300 0.274100
vt 0.329100 0.277500
vt 0.342200 0.289300
vt 0.341700 0.293900
vt 0.360000 0.309000
vt 0.358900 0.310600
vt 0.400700 0.314300
vt 0.397000 0.313100
vt 0.432000 0.308600
vt 0.426500 0.308400
vt 0.457800 0.295200
vt 0.456600 0.295900
vt 0.483600 0.287800
vt 0.483500 0.287900
vt 0.508800 0.281400
vt 0.508200 0.281500
vt 0.320400 0.270100
vt 0.320300 0.264400
vt 0.329600 0.259400
vt 0.330900 0.263600
vt 0.347000 0.258500
vt 0.348600 0.265400
vt 0.368300 0.262600
vt 0.367100 0.269500
vt 0.394000 0.273900
vt 0.390100 0.278500
vt 0.417600 0.278600
vt 0.411600 0.282800
vt 0.445100 0.274200
vt 0.442300 0.277600
vt 0.470700 0.270100
vt 0.469800 0.271400
vt 0.498600 0.265000
vt 0.498500 0.264900
vt 0.318900 0.268000
vt 0.318200 0.261600
vt 0.328100 0.256000
vt 0.329900 0.260800
vt 0.345000 0.252100
vt 0.348700 0.259700
vt 0.369000 0.250000
vt 0.372000 0.261700
vt 0.412600 0.261000
vt 0.409400 0.273300
vt 0.441300 0.264800
vt 0.436200 0.275500
vt 0.476900 0.270000
vt 0.474800 0.272000
vt 0.530300 0.268200
vt 0.530200 0.269600
vt 0.577700 0.262500
vt 0.578000 0.262400
vt 0.317000 0.278700
vt 0.316300 0.272500
vt 0.327700 0.270100
vt 0.329300 0.274900
vt 0.347100 0.276700
vt 0.346600 0.283600
vt 0.373800 0.288400
vt 0.370900 0.292200
vt 0.426100 0.296100
vt 0.420800 0.294600
vt 0.448400 0.290400
vt 0.442900 0.289800
vt 0.469800 0.285400
vt 0.469100 0.285500
vt 0.501600 0.284400
vt 0.501800 0.284800
vt 0.535700 0.279900
vt 0.535100 0.280000
vt 0.319600 0.264400
vt 0.318800 0.258000
vt 0.328300 0.250200
vt 0.330600 0.255000
vt 0.346100 0.241100
vt 0.350100 0.249800
vt 0.372000 0.236700
vt 0.373300 0.247500
vt 0.405200 0.233600
vt 0.402400 0.245900
vt 0.436600 0.230800
vt 0.432100 0.242000
vt 0.467000 0.247200
vt 0.465600 0.250200
vt 0.500200 0.254300
vt 0.500000 0.255500
vt 0.542200 0.255300
vt 0.542500 0.255200
vt 0.319300 0.266800
vt 0.318800 0.260000
vt 0.325700 0.257100
vt 0.327000 0.263800
vt 0.337300 0.251000
vt 0.339600 0.259300
vt 0.350400 0.242300
vt 0.351900 0.253200
vt 0.372900 0.240400
vt 0.374100 0.254700
vt 0.402100 0.246700
vt 0.405800 0.262300
vt 0.435500 0.253300
vt 0.439300 0.263400
vt 0.458700 0.258400
vt 0.459600 0.263600
vt 0.480600 0.260600
vt 0.480900 0.262000
vt 0.318000 0.259400
vt 0.317600 0.252400
vt 0.324700 0.250000
vt 0.325900 0.256600
vt 0.336400 0.245400
vt 0.338000 0.252700
vt 0.350200 0.242700
vt 0.350600 0.250600
vt 0.374600 0.245900
vt 0.375200 0.255300
vt 0.406500 0.253600
vt 0.409500 0.265400
vt 0.442300 0.270400
vt 0.444500 0.278700
vt 0.460000 0.278300
vt 0.460300 0.282000
vt 0.476400 0.282600
vt 0.476100 0.284100
vt 0.321800 0.270400
vt 0.321300 0.263500
vt 0.328500 0.261100
vt 0.330000 0.268300
vt 0.341200 0.256000
vt 0.343600 0.265400
vt 0.355900 0.248800
vt 0.358000 0.261300
vt 0.381200 0.250700
vt 0.382300 0.265500
vt 0.407300 0.256100
vt 0.410300 0.272400
vt 0.432000 0.255400
vt 0.435500 0.266500
vt 0.451100 0.254100
vt 0.452000 0.260200
vt 0.470400 0.255300
vt 0.470600 0.257000
vt 0.319900 0.263300
vt 0.318600 0.255300
vt 0.326000 0.250600
vt 0.328200 0.258500
vt 0.338500 0.239800
vt 0.341300 0.249000
vt 0.356700 0.226500
vt 0.356900 0.236400
vt 0.384300 0.221200
vt 0.383100 0.232300
vt 0.411000 0.224700
vt 0.411600 0.237600
vt 0.452300 0.243200
vt 0.452800 0.250800
vt 0.487100 0.258500
vt 0.487700 0.262400
vt 0.521200 0.250500
vt 0.521600 0.252000
vt 0.321000 0.260900
vt 0.319700 0.253400
vt 0.327300 0.248300
vt 0.329300 0.255600
vt 0.339700 0.234900
vt 0.341200 0.242100
vt 0.358800 0.224600
vt 0.357700 0.231400
vt 0.387400 0.221900
vt 0.385700 0.230200
vt 0.411300 0.228700
vt 0.413700 0.240100
vt 0.445700 0.249400
vt 0.448800 0.258200
vt 0.471000 0.266800
vt 0.471800 0.270500
vt 0.493300 0.269200
vt 0.493200 0.271100
vt 0.322100 0.265100
vt 0.320700 0.256900
vt 0.328500 0.252800
vt 0.331000 0.261400
vt 0.342600 0.243800
vt 0.346200 0.254300
vt 0.362100 0.234000
vt 0.363900 0.245900
vt 0.388500 0.227000
vt 0.388800 0.239800
vt 0.411800 0.223200
vt 0.411900 0.235300
vt 0.440900 0.229700
vt 0.441700 0.237300
vt 0.467300 0.249100
vt 0.467800 0.253200
vt 0.494500 0.254200
vt 0.494900 0.255700
vt 0.319500 0.276400
vt 0.318900 0.272000
vt 0.325400 0.271300
vt 0.325900 0.276900
vt 0.336600 0.279000
vt 0.336100 0.287000
vt 0.347600 0.293800
vt 0.347000 0.300500
vt 0.372600 0.298700
vt 0.369500 0.305300
vt 0.404300 0.299400
vt 0.398100 0.305800
vt 0.434400 0.297600
vt 0.431300 0.301800
vt 0.456100 0.287900
vt 0.455400 0.290300
vt 0.478900 0.279400
vt 0.478800 0.279700
vt 0.319800 0.277700
vt 0.319700 0.272400
vt 0.327500 0.272200
vt 0.328300 0.276600
vt 0.339600 0.282300
vt 0.339200 0.287900
vt 0.350900 0.298400
vt 0.349500 0.302200
vt 0.376700 0.307900
vt 0.373300 0.309400
vt 0.403300 0.310100
vt 0.399100 0.311600
vt 0.430300 0.310700
vt 0.428600 0.312100
vt 0.456700 0.300300
vt 0.456400 0.300800
vt 0.476300 0.292700
vt 0.475700 0.293200
vt 0.322400 0.275000
vt 0.322100 0.268700
vt 0.330800 0.271700
vt 0.343700 0.270000
vt 0.343600 0.276900
vt 0.358000 0.277300
vt 0.357000 0.284100
vt 0.379400 0.287900
vt 0.376300 0.293200
vt 0.401500 0.291300
vt 0.396500 0.297000
vt 0.426900 0.288200
vt 0.424700 0.292500
vt 0.447600 0.279400
vt 0.446800 0.282800
vt 0.468300 0.272200
vt 0.468100 0.272700
vt 0.320000 0.269800
vt 0.319200 0.262700
vt 0.327200 0.258500
vt 0.329000 0.264600
vt 0.341600 0.256500
vt 0.344300 0.265300
vt 0.359600 0.256600
vt 0.360600 0.268800
vt 0.390500 0.266200
vt 0.387500 0.278000
vt 0.422900 0.272200
vt 0.418000 0.284500
vt 0.451900 0.272500
vt 0.450500 0.278400
vt 0.485100 0.272300
vt 0.484800 0.274400
vt 0.519800 0.264400
vt 0.520000 0.264900
vt 0.318600 0.277600
vt 0.317900 0.270700
vt 0.327000 0.268400
vt 0.328400 0.274200
vt 0.342900 0.271400
vt 0.343000 0.279300
vt 0.361000 0.279400
vt 0.358300 0.286200
vt 0.400700 0.287200
vt 0.394300 0.289800
vt 0.427900 0.289300
vt 0.420800 0.292300
vt 0.446400 0.288700
vt 0.444800 0.292000
vt 0.467200 0.286000
vt 0.467100 0.287100
vt 0.489100 0.282800
vt 0.488500 0.283400
vt 0.322900 0.270200
vt 0.322100 0.263000
vt 0.330400 0.258600
vt 0.332400 0.265000
vt 0.345900 0.256200
vt 0.348500 0.265600
vt 0.366100 0.256700
vt 0.366400 0.267500
vt 0.392200 0.256900
vt 0.390700 0.268800
vt 0.417900 0.249300
vt 0.414700 0.265100
vt 0.446900 0.252100
vt 0.445700 0.259500
vt 0.473100 0.264000
vt 0.472800 0.266100
vt 0.501300 0.265000
vt 0.501400 0.265400
vt 0.320300 0.271100
vt 0.319700 0.263000
vt 0.328500 0.259500
vt 0.329900 0.266500
vt 0.342500 0.257800
vt 0.344700 0.265100
vt 0.359700 0.257200
vt 0.361000 0.265800
vt 0.398200 0.264900
vt 0.396300 0.272600
vt 0.433100 0.273600
vt 0.430700 0.281400
vt 0.458400 0.271800
vt 0.458400 0.277400
vt 0.485300 0.266100
vt 0.485600 0.270000
vt 0.517800 0.254200
vt 0.518200 0.255500
vt 0.319300 0.260300
vt 0.318900 0.251700
vt 0.327600 0.248600
vt 0.328800 0.256000
vt 0.342100 0.249100
vt 0.344100 0.256100
vt 0.362300 0.256400
vt 0.363200 0.261900
vt 0.405700 0.270800
vt 0.403000 0.273900
vt 0.435900 0.280100
vt 0.434000 0.284000
vt 0.458000 0.285200
vt 0.457800 0.289200
vt 0.480200 0.287500
vt 0.480400 0.289800
vt 0.503900 0.286100
vt 0.503300 0.287500
vt 0.320300 0.273400
vt 0.319900 0.265000
vt 0.329100 0.260700
vt 0.330600 0.268100
vt 0.344400 0.255700
vt 0.346800 0.263900
vt 0.364600 0.253900
vt 0.365600 0.263100
vt 0.402500 0.263600
vt 0.400400 0.271400
vt 0.432200 0.268800
vt 0.430400 0.277900
vt 0.453400 0.264800
vt 0.453300 0.271100
vt 0.475800 0.263100
vt 0.476000 0.267300
vt 0.501300 0.254400
vt 0.501600 0.255600
vt 0.318300 0.265500
vt 0.317000 0.255700
vt 0.326700 0.249500
vt 0.328900 0.257900
vt 0.342400 0.241400
vt 0.345100 0.250300
vt 0.365500 0.236400
vt 0.366700 0.246300
vt 0.406600 0.243400
vt 0.408200 0.254100
vt 0.440400 0.249200
vt 0.440600 0.259500
vt 0.478400 0.255400
vt 0.478200 0.261400
vt 0.525100 0.256700
vt 0.525700 0.260700
vt 0.567100 0.260300
vt 0.567500 0.261700
vt 0.317000 0.261900
vt 0.315700 0.252600
vt 0.325900 0.246900
vt 0.328000 0.255100
vt 0.342400 0.240100
vt 0.344100 0.247500
vt 0.365200 0.241000
vt 0.365700 0.247300
vt 0.413000 0.253300
vt 0.412100 0.257900
vt 0.442700 0.258800
vt 0.442100 0.263400
vt 0.469900 0.264100
vt 0.470800 0.269200
vt 0.501700 0.265700
vt 0.502500 0.268700
vt 0.534400 0.265600
vt 0.534000 0.267400
vt 0.321700 0.265900
vt 0.320200 0.255900
vt 0.329500 0.248700
vt 0.332200 0.257500
vt 0.346600 0.239600
vt 0.350200 0.249300
vt 0.373500 0.235700
vt 0.374900 0.246000
vt 0.410200 0.233800
vt 0.409800 0.245000
vt 0.438100 0.229800
vt 0.436700 0.240200
vt 0.466000 0.236200
vt 0.466400 0.242500
vt 0.498600 0.248200
vt 0.499100 0.252000
vt 0.541400 0.257900
vt 0.541800 0.259200
vt 0.318100 0.275500
vt 0.317500 0.271700
vt 0.325500 0.269600
vt 0.325900 0.273800
vt 0.339200 0.275000
vt 0.338800 0.281200
vt 0.353700 0.286200
vt 0.352800 0.290500
vt 0.389000 0.287300
vt 0.383800 0.290300
vt 0.421000 0.289300
vt 0.413400 0.291100
vt 0.450500 0.286700
vt 0.447900 0.288500
vt 0.480000 0.281500
vt 0.479200 0.282500
vt 0.512900 0.273900
vt 0.512900 0.273800
vt 0.318500 0.279200
vt 0.318500 0.274700
vt 0.328200 0.273700
vt 0.328800 0.276500
vt 0.342200 0.284400
vt 0.341800 0.287300
vt 0.357100 0.299300
vt 0.355300 0.299500
vt 0.398700 0.301100
vt 0.393200 0.298600
vt 0.431900 0.299400
vt 0.425900 0.297200
vt 0.457400 0.292700
vt 0.456200 0.292800
vt 0.483600 0.288300
vt 0.483500 0.288400
vt 0.508700 0.281900
vt 0.508100 0.282000
vt 0.320400 0.270500
vt 0.320300 0.264900
vt 0.329500 0.259100
vt 0.330700 0.262900
vt 0.346100 0.257100
vt 0.347800 0.261600
vt 0.366700 0.260100
vt 0.366000 0.263500
vt 0.391200 0.267200
vt 0.388000 0.269600
vt 0.415200 0.271500
vt 0.409600 0.274400
vt 0.444400 0.271500
vt 0.441800 0.274000
vt 0.470700 0.270700
vt 0.469800 0.272000
vt 0.498600 0.265600
vt 0.498500 0.265400
vt 0.318900 0.268500
vt 0.318100 0.262100
vt 0.328100 0.256600
vt 0.329800 0.260500
vt 0.345100 0.255400
vt 0.347800 0.259900
vt 0.368600 0.260000
vt 0.369400 0.264500
vt 0.409800 0.270400
vt 0.403900 0.273000
vt 0.439900 0.269200
vt 0.433500 0.273400
vt 0.476900 0.270600
vt 0.474800 0.272600
vt 0.530300 0.268700
vt 0.530200 0.270200
vt 0.577700 0.263000
vt 0.577900 0.263000
vt 0.317000 0.279200
vt 0.316300 0.273000
vt 0.327600 0.270000
vt 0.329100 0.274000
vt 0.346200 0.274800
vt 0.346500 0.278600
vt 0.369300 0.284700
vt 0.367200 0.284900
vt 0.421200 0.291100
vt 0.414600 0.287500
vt 0.446300 0.287900
vt 0.440500 0.285200
vt 0.469800 0.285700
vt 0.469000 0.285800
vt 0.501600 0.284900
vt 0.501800 0.285300
vt 0.535600 0.280400
vt 0.535000 0.280500
vt 0.319600 0.264900
vt 0.318800 0.258600
vt 0.328400 0.250800
vt 0.330500 0.254900
vt 0.346100 0.245200
vt 0.349500 0.250400
vt 0.372000 0.245900
vt 0.372700 0.250500
vt 0.406200 0.245600
vt 0.402300 0.250300
vt 0.437300 0.240900
vt 0.431900 0.246900
vt 0.467100 0.248600
vt 0.465700 0.251200
vt 0.500200 0.254800
vt 0.500000 0.256000
vt 0.542300 0.255800
vt 0.542500 0.255700
vt 0.319300 0.267300
vt 0.318800 0.260500
vt 0.325700 0.257700
vt 0.327000 0.264200
vt 0.337400 0.253300
vt 0.339400 0.260200
vt 0.350800 0.250700
vt 0.352000 0.258300
vt 0.374100 0.257000
vt 0.372800 0.264500
vt 0.404900 0.265600
vt 0.402600 0.272400
vt 0.438600 0.268200
vt 0.439500 0.273900
vt 0.459200 0.264300
vt 0.459700 0.268400
vt 0.480700 0.261100
vt 0.480900 0.262500
vt 0.318000 0.259900
vt 0.317600 0.252900
vt 0.324700 0.250600
vt 0.325900 0.257200
vt 0.336600 0.248500
vt 0.338100 0.255300
vt 0.350200 0.251400
vt 0.351100 0.257500
vt 0.376700 0.261600
vt 0.374900 0.266300
vt 0.408600 0.270000
vt 0.406400 0.274900
vt 0.441500 0.278200
vt 0.442000 0.282600
vt 0.459600 0.280300
vt 0.459900 0.283000
vt 0.476400 0.283100
vt 0.476100 0.284600
vt 0.321800 0.270900
vt 0.321300 0.264000
vt 0.328500 0.261400
vt 0.329900 0.267900
vt 0.340900 0.257200
vt 0.342800 0.264400
vt 0.355900 0.255100
vt 0.356700 0.263000
vt 0.380200 0.261600
vt 0.378000 0.268700
vt 0.405700 0.267800
vt 0.403900 0.274800
vt 0.432300 0.266600
vt 0.433300 0.272700
vt 0.451000 0.260800
vt 0.451500 0.265200
vt 0.470400 0.256700
vt 0.470700 0.258300
vt 0.319900 0.263800
vt 0.318600 0.255800
vt 0.326000 0.251300
vt 0.328200 0.258900
vt 0.338800 0.243900
vt 0.341400 0.252000
vt 0.355700 0.238600
vt 0.356900 0.247400
vt 0.384500 0.243800
vt 0.384400 0.252900
vt 0.416400 0.249600
vt 0.415900 0.259400
vt 0.452900 0.251800
vt 0.453000 0.258200
vt 0.487100 0.259000
vt 0.487700 0.262900
vt 0.521200 0.251100
vt 0.521700 0.252600
vt 0.321000 0.261500
vt 0.319800 0.253900
vt 0.327300 0.249100
vt 0.329300 0.256400
vt 0.339600 0.240200
vt 0.341500 0.247500
vt 0.356100 0.237900
vt 0.356500 0.245000
vt 0.389300 0.248500
vt 0.388700 0.254500
vt 0.419800 0.255700
vt 0.419300 0.262500
vt 0.447900 0.261200
vt 0.449200 0.266900
vt 0.471100 0.268400
vt 0.471800 0.271700
vt 0.493300 0.269700
vt 0.493200 0.271600
vt 0.322100 0.265600
vt 0.320700 0.257500
vt 0.328500 0.253200
vt 0.330800 0.260900
vt 0.342600 0.246600
vt 0.345600 0.254900
vt 0.361900 0.243300
vt 0.363400 0.252000
vt 0.389800 0.244100
vt 0.388900 0.253100
vt 0.414200 0.240100
vt 0.412800 0.250900
vt 0.441800 0.239500
vt 0.441800 0.246200
vt 0.467400 0.250100
vt 0.467800 0.254100
vt 0.494600 0.254800
vt 0.494900 0.256200
vt 0.319500 0.276700
vt 0.318900 0.272400
vt 0.325300 0.271100
vt 0.325800 0.276300
vt 0.336500 0.275600
vt 0.336100 0.282500
vt 0.347900 0.284800
vt 0.346500 0.290400
vt 0.368700 0.287200
vt 0.365300 0.292100
vt 0.399400 0.287600
vt 0.393500 0.291100
vt 0.432200 0.289500
vt 0.429600 0.292000
vt 0.455600 0.285500
vt 0.455000 0.287500
vt 0.478900 0.279900
vt 0.478800 0.280300
vt 0.319800 0.278000
vt 0.319700 0.272900
vt 0.327400 0.271900
vt 0.328100 0.275800
vt 0.339500 0.278900
vt 0.339300 0.283000
vt 0.350300 0.290600
vt 0.348700 0.292900
vt 0.371300 0.296400
vt 0.367700 0.296800
vt 0.400500 0.296000
vt 0.395700 0.296000
vt 0.430300 0.299600
vt 0.428700 0.300600
vt 0.456500 0.297300
vt 0.456300 0.298100
vt 0.476200 0.293200
vt 0.475700 0.293600
vt 0.322300 0.275000
vt 0.322100 0.269000
vt 0.329800 0.265700
vt 0.330500 0.270400
vt 0.343200 0.266000
vt 0.343600 0.271500
vt 0.357800 0.269800
vt 0.356800 0.274700
vt 0.376800 0.276300
vt 0.374200 0.280300
vt 0.397400 0.279400
vt 0.393500 0.283300
vt 0.423800 0.280100
vt 0.422000 0.283100
vt 0.446700 0.276400
vt 0.446100 0.278900
vt 0.468200 0.272700
vt 0.468100 0.273200
vt 0.319900 0.270200
vt 0.319200 0.263200
vt 0.327200 0.258700
vt 0.328900 0.264100
vt 0.341200 0.257100
vt 0.343400 0.263100
vt 0.358500 0.260000
vt 0.358900 0.266400
vt 0.385800 0.268900
vt 0.382500 0.273400
vt 0.418200 0.273700
vt 0.412400 0.278500
vt 0.451300 0.272300
vt 0.449800 0.276200
vt 0.485100 0.272800
vt 0.484800 0.274900
vt 0.519800 0.264900
vt 0.519900 0.265400
vt 0.318600 0.278000
vt 0.317900 0.271200
vt 0.326900 0.268400
vt 0.328200 0.273500
vt 0.342200 0.269900
vt 0.342800 0.275300
vt 0.358600 0.277100
vt 0.357200 0.280200
vt 0.392500 0.282900
vt 0.387000 0.282500
vt 0.421500 0.284600
vt 0.415400 0.284300
vt 0.445000 0.284300
vt 0.443600 0.286300
vt 0.467200 0.286200
vt 0.467100 0.287300
vt 0.489100 0.283300
vt 0.488500 0.283900
vt 0.322800 0.270300
vt 0.322100 0.263400
vt 0.330200 0.258300
vt 0.332100 0.263800
vt 0.345200 0.255700
vt 0.347600 0.262000
vt 0.364600 0.257200
vt 0.365100 0.263000
vt 0.390600 0.259700
vt 0.388300 0.264700
vt 0.416900 0.256500
vt 0.412600 0.263700
vt 0.446300 0.256400
vt 0.444900 0.261000
vt 0.473100 0.264600
vt 0.472800 0.266700
vt 0.501300 0.265600
vt 0.501400 0.266000
vt 0.723200 0.338800
vt 0.747000 0.343800
vt 0.746400 0.347600
vt 0.722200 0.343200
vt 0.795900 0.335000
vt 0.798800 0.338100
vt 0.777100 0.344400
vt 0.776500 0.341800
vt 0.762600 0.344800
vt 0.762600 0.348200
vt 0.702600 0.333500
vt 0.702400 0.339000
vt 0.657200 0.342700
vt 0.657600 0.348200
vt 0.624500 0.336100
vt 0.626400 0.331500
vt 0.684900 0.304200
vt 0.668900 0.305800
vt 0.669100 0.298500
vt 0.686200 0.296800
vt 0.707700 0.304000
vt 0.712200 0.299000
vt 0.731500 0.302600
vt 0.752800 0.303300
vt 0.749900 0.312900
vt 0.729100 0.308700
vt 0.749300 0.320100
vt 0.727600 0.317100
vt 0.725800 0.322900
vt 0.750000 0.326300
vt 0.749900 0.332700
vt 0.724800 0.327200
vt 0.747900 0.339900
vt 0.724100 0.335500
vt 0.787900 0.307500
vt 0.788700 0.313100
vt 0.772200 0.316100
vt 0.773000 0.310300
vt 0.789700 0.318800
vt 0.773700 0.325200
vt 0.790000 0.323000
vt 0.791300 0.325900
vt 0.775100 0.332800
vt 0.774200 0.328600
vt 0.794500 0.332200
vt 0.775900 0.339100
vt 0.764500 0.305300
vt 0.765200 0.312000
vt 0.766200 0.319800
vt 0.763600 0.325800
vt 0.761500 0.332700
vt 0.762600 0.341500
vt 0.706600 0.312100
vt 0.705400 0.315400
vt 0.704300 0.320500
vt 0.702900 0.327700
vt 0.631700 0.308300
vt 0.632300 0.301600
vt 0.666900 0.318300
vt 0.631500 0.314100
vt 0.665300 0.324400
vt 0.663400 0.332200
vt 0.631700 0.321700
vt 0.632400 0.318400
vt 0.657100 0.339300
vt 0.627800 0.328500
vt 0.679300 0.341400
vt 0.680100 0.334500
vt 0.674400 0.323400
vt 0.679000 0.317500
vt 0.682900 0.310900
vt 0.678600 0.347700
s 0
usemtl braid01
f 197/1/1 1/2/1 4/3/1 206/4/1
f 206/4/2 4/3/2 5/5/2 209/6/2
f 209/6/3 5/5/3 6/7/3 212/8/3
f 212/8/4 6/7/4 7/9/4 215/10/4
f 215/10/5 7/9/5 8/11/5 218/12/5
f 218/12/6 8/11/6 9/13/6 221/14/6
f 221/14/7 9/13/7 10/15/7 224/16/7
f 224/16/8 10/15/8 11/17/8 227/18/8
f 227/18/9 11/17/9 12/19/9 230/20/9
f 230/20/10 12/19/10 13/21/10 233/22/10
f 233/22/11 13/21/11 14/23/11 236/24/11
f 262/25/12 265/26/12 23/27/12 22/28/12
f 410/29/13 367/30/13 52/31/13 56/32/13
f 413/33/14 370/34/14 47/35/14 48/36/14
f 416/37/15 373/38/15 29/39/15 30/40/15
f 419/41/16 376/42/16 41/43/16 40/44/16
f 422/45/17 379/46/17 43/47/17 55/48/17
f 425/49/18 382/50/18 54/51/18 42/52/18
f 428/53/19 385/54/19 50/55/19 51/56/19
f 431/57/20 388/58/20 33/59/20 32/60/20
f 382/50/21 391/61/21 53/62/21 54/51/21
f 434/63/22 394/64/22 36/65/22 35/66/22
f 379/46/23 397/67/23 31/68/23 43/47/23
f 437/69/24 400/70/24 45/71/24 46/72/24
f 440/73/25 403/74/25 39/75/25 38/76/25
f 443/77/26 413/33/26 48/36/26 49/78/26
f 376/42/27 425/49/27 42/52/27 41/43/27
f 367/30/28 428/53/28 51/56/28 52/31/28
f 388/58/29 406/79/29 34/80/29 33/59/29
f 394/64/30 409/81/30 37/82/30 36/65/30
f 446/83/31 422/84/31 55/85/31 44/86/31
f 370/34/32 437/69/32 46/72/32 47/35/32
f 403/74/33 419/41/33 40/44/33 39/75/33
f 385/54/34 443/77/34 49/78/34 50/55/34
f 373/38/35 431/57/35 32/60/35 29/39/35
f 391/61/36 410/29/36 56/32/36 53/62/36
f 397/67/37 416/37/37 30/40/37 31/68/37
f 406/79/38 434/63/38 35/66/38 34/80/38
f 409/81/39 440/73/39 38/76/39 37/82/39
f 400/70/40 446/83/40 44/86/40 45/71/40
f 281/87/41 322/88/41 58/89/41 57/90/41
f 284/91/42 325/92/42 60/93/42 59/94/42
f 287/95/43 328/96/43 62/97/43 61/98/43
f 290/99/44 331/100/44 64/101/44 63/102/44
f 293/103/45 334/104/45 66/105/45 65/106/45
f 296/107/46 337/108/46 68/109/46 67/110/46
f 299/111/47 340/112/47 70/113/47 69/114/47
f 302/115/48 343/116/48 72/117/48 71/118/48
f 337/108/49 346/119/49 73/120/49 68/109/49
f 305/121/50 349/122/50 75/123/50 74/124/50
f 334/104/51 352/125/51 76/126/51 66/105/51
f 308/127/52 355/128/52 78/129/52 77/130/52
f 311/131/53 358/132/53 80/133/53 79/134/53
f 314/135/54 284/91/54 59/94/54 81/136/54
f 331/100/55 296/107/55 67/110/55 64/101/55
f 322/88/56 299/111/56 69/114/56 58/89/56
f 343/116/57 361/137/57 82/138/57 72/117/57
f 349/122/58 364/139/58 83/140/58 75/123/58
f 317/141/59 293/142/59 65/143/59 84/144/59
f 325/92/60 308/127/60 77/130/60 60/93/60
f 358/132/61 290/99/61 63/102/61 80/133/61
f 340/112/62 314/135/62 81/136/62 70/113/62
f 328/96/63 302/115/63 71/118/63 62/97/63
f 346/119/64 281/87/64 57/90/64 73/120/64
f 352/125/65 287/95/65 61/98/65 76/126/65
f 361/137/66 305/121/66 74/124/66 82/138/66
f 364/139/67 311/131/67 79/134/67 83/140/67
f 355/128/68 317/141/68 84/144/68 78/129/68
f 89/145/69 104/146/69 103/147/69 90/148/69
f 91/149/70 102/150/70 101/151/70 92/152/70
f 88/153/71 89/145/71 90/148/71 87/154/71
f 86/155/72 91/149/72 92/152/72 85/156/72
f 96/157/73 97/158/73 98/159/73 95/160/73
f 94/161/74 99/162/74 100/163/74 93/164/74
f 104/146/75 105/165/75 106/166/75 103/147/75
f 102/150/76 107/167/76 108/168/76 101/151/76
f 112/169/77 113/170/77 114/171/77 111/172/77
f 110/173/78 115/174/78 116/175/78 109/176/78
f 120/177/79 121/178/79 122/179/79 119/180/79
f 118/181/80 123/182/80 124/183/80 117/184/80
f 128/185/81 129/186/81 130/187/81 127/188/81
f 126/189/82 131/190/82 132/191/82 125/192/82
f 136/193/83 137/194/83 138/195/83 135/196/83
f 134/197/84 139/198/84 140/199/84 133/200/84
f 144/201/85 145/202/85 146/203/85 143/204/85
f 142/205/86 147/206/86 148/207/86 141/208/86
f 152/209/87 153/210/87 154/211/87 151/212/87
f 150/213/88 155/214/88 156/215/88 149/216/88
f 160/217/89 96/157/89 95/160/89 159/218/89
f 158/219/90 94/161/90 93/164/90 157/220/90
f 189/221/91 161/222/91 162/223/91 190/224/91
f 191/225/92 163/226/92 164/227/92 192/228/92
f 168/229/93 120/177/93 119/180/93 167/230/93
f 166/231/94 118/181/94 117/184/94 165/232/94
f 113/170/95 169/233/95 170/234/95 114/171/95
f 115/174/96 171/235/96 172/236/96 116/175/96
f 137/194/97 173/237/97 174/238/97 138/195/97
f 139/198/98 175/239/98 176/240/98 140/199/98
f 180/241/99 128/185/99 127/188/99 179/242/99
f 178/243/100 126/189/100 125/192/100 177/244/100
f 145/202/101 88/153/101 87/154/101 146/203/101
f 147/206/102 86/155/102 85/156/102 148/207/102
f 97/158/103 152/209/103 151/212/103 98/159/103
f 99/162/104 150/213/104 149/216/104 100/163/104
f 4490/245/105 180/241/105 179/242/105 4491/246/105
f 182/247/106 178/243/106 177/244/106 181/248/106
f 121/178/107 160/217/107 159/218/107 122/179/107
f 123/182/108 158/219/108 157/220/108 124/183/108
f 161/222/109 184/249/109 183/250/109 162/223/109
f 163/226/110 182/247/110 181/248/110 164/227/110
f 188/251/111 112/169/111 111/172/111 187/252/111
f 186/253/112 110/173/112 109/176/112 185/254/112
f 129/186/113 168/229/113 167/230/113 130/187/113
f 131/190/114 166/231/114 165/232/114 132/191/114
f 193/255/115 136/193/115 135/196/115 194/256/115
f 195/257/116 134/197/116 133/200/116 196/258/116
f 173/237/117 144/201/117 143/204/117 174/238/117
f 175/239/118 142/205/118 141/208/118 176/240/118
f 153/210/119 188/251/119 187/252/119 154/211/119
f 155/214/120 186/253/120 185/254/120 156/215/120
f 105/165/121 189/221/121 190/224/121 106/166/121
f 107/167/122 191/225/122 192/228/122 108/168/122
f 169/233/123 193/259/123 194/260/123 170/234/123
f 171/235/124 195/261/124 196/262/124 172/236/124
f 1/2/125 197/1/125 202/263/125 2/264/125
f 198/265/126 199/266/126 200/267/126 201/268/126
f 2/264/127 202/263/127 205/269/127 3/270/127
f 201/268/128 200/267/128 203/271/128 204/272/128
f 199/266/129 198/265/129 207/273/129 208/274/129
f 208/274/130 207/273/130 210/275/130 211/276/130
f 211/276/131 210/275/131 213/277/131 214/278/131
f 214/278/132 213/277/132 216/279/132 217/280/132
f 217/280/133 216/279/133 219/281/133 220/282/133
f 220/282/134 219/281/134 222/283/134 223/284/134
f 223/284/135 222/283/135 225/285/135 226/286/135
f 226/286/136 225/285/136 228/287/136 229/288/136
f 229/288/137 228/287/137 231/289/137 232/290/137
f 232/290/138 231/289/138 234/291/138 235/292/138
f 235/292/139 234/291/139 237/293/139 238/294/139
f 3/270/140 205/269/140 241/295/140 15/296/140
f 204/272/141 203/271/141 239/297/141 240/298/141
f 27/299/142 277/300/142 244/301/142 16/302/142
f 276/303/143 275/304/143 242/305/143 243/306/143
f 16/302/144 244/301/144 247/307/144 17/308/144
f 243/306/145 242/305/145 245/309/145 246/310/145
f 17/308/146 247/307/146 250/311/146 18/312/146
f 246/310/147 245/309/147 248/313/147 249/314/147
f 18/312/148 250/311/148 253/315/148 19/316/148
f 249/314/149 248/313/149 251/317/149 252/318/149
f 19/316/150 253/315/150 256/319/150 20/320/150
f 252/318/151 251/317/151 254/321/151 255/322/151
f 20/320/152 256/319/152 259/323/152 21/324/152
f 255/322/153 254/321/153 257/325/153 258/326/153
f 21/324/154 259/323/154 262/25/154 22/28/154
f 258/326/155 257/325/155 260/327/155 261/328/155
f 23/27/156 265/26/156 268/329/156 24/330/156
f 264/331/157 263/332/157 266/333/157 267/334/157
f 28/335/158 280/336/158 271/337/158 25/338/158
f 279/339/159 278/340/159 269/341/159 270/342/159
f 4486/343/160 4487/344/160 274/345/160 26/346/160
f 270/342/161 269/341/161 272/347/161 273/348/161
f 4488/349/162 26/346/162 274/345/162 4489/350/162
f 4492/351/163 273/348/163 272/347/163 4493/352/163
f 260/327/164 263/332/164 264/331/164 261/328/164
f 15/296/165 241/295/165 277/353/165 27/354/165
f 240/298/166 239/297/166 275/355/166 276/356/166
f 24/330/167 268/329/167 280/336/167 28/335/167
f 267/334/168 266/333/168 278/340/168 279/339/168
f 283/357/169 320/358/169 321/359/169 282/360/169
f 286/361/170 323/362/170 324/363/170 285/364/170
f 289/365/171 326/366/171 327/367/171 288/368/171
f 292/369/172 329/370/172 330/371/172 291/372/172
f 295/373/173 332/374/173 333/375/173 294/376/173
f 298/377/174 335/378/174 336/379/174 297/380/174
f 301/381/175 338/382/175 339/383/175 300/384/175
f 304/385/176 341/386/176 342/387/176 303/388/176
f 335/378/177 344/389/177 345/390/177 336/379/177
f 307/391/178 347/392/178 348/393/178 306/394/178
f 332/374/179 350/395/179 351/396/179 333/375/179
f 310/397/180 353/398/180 354/399/180 309/400/180
f 313/401/181 356/402/181 357/403/181 312/404/181
f 316/405/182 286/361/182 285/364/182 315/406/182
f 329/370/183 298/377/183 297/380/183 330/371/183
f 320/358/184 301/381/184 300/384/184 321/359/184
f 341/386/185 359/407/185 360/408/185 342/387/185
f 347/392/186 362/409/186 363/410/186 348/393/186
f 319/411/187 295/412/187 294/413/187 318/414/187
f 323/362/188 310/397/188 309/400/188 324/363/188
f 356/402/189 292/369/189 291/372/189 357/403/189
f 338/382/190 316/405/190 315/406/190 339/383/190
f 326/366/191 304/385/191 303/388/191 327/367/191
f 344/389/192 283/357/192 282/360/192 345/390/192
f 350/395/193 289/365/193 288/368/193 351/396/193
f 359/407/194 307/391/194 306/394/194 360/408/194
f 362/409/195 313/401/195 312/404/195 363/410/195
f 353/398/196 319/411/196 318/414/196 354/399/196
f 412/415/197 365/416/197 366/417/197 411/418/197
f 415/419/198 368/420/198 369/421/198 414/422/198
f 418/423/199 371/424/199 372/425/199 417/426/199
f 421/427/200 374/428/200 375/429/200 420/430/200
f 424/431/201 377/432/201 378/433/201 423/434/201
f 427/435/202 380/436/202 381/437/202 426/438/202
f 430/439/203 383/440/203 384/441/203 429/442/203
f 433/443/204 386/444/204 387/445/204 432/446/204
f 380/436/205 389/447/205 390/448/205 381/437/205
f 436/449/206 392/450/206 393/451/206 435/452/206
f 377/432/207 395/453/207 396/454/207 378/433/207
f 439/455/208 398/456/208 399/457/208 438/458/208
f 442/459/209 401/460/209 402/461/209 441/462/209
f 445/463/210 415/419/210 414/422/210 444/464/210
f 374/428/211 427/435/211 426/438/211 375/429/211
f 365/416/212 430/439/212 429/442/212 366/417/212
f 386/444/213 404/465/213 405/466/213 387/445/213
f 392/450/214 407/467/214 408/468/214 393/451/214
f 448/469/215 424/470/215 423/471/215 447/472/215
f 368/420/216 439/455/216 438/458/216 369/421/216
f 401/460/217 421/427/217 420/430/217 402/461/217
f 383/440/218 445/463/218 444/464/218 384/441/218
f 371/424/219 433/443/219 432/446/219 372/425/219
f 389/447/220 412/415/220 411/418/220 390/448/220
f 395/453/221 418/423/221 417/426/221 396/454/221
f 404/465/222 436/449/222 435/452/222 405/466/222
f 407/467/223 442/459/223 441/462/223 408/468/223
f 398/456/224 448/469/224 447/472/224 399/457/224
f 946/473/225 477/474/225 525/475/225 960/476/225
f 960/476/226 525/475/226 470/477/226 931/478/226
f 928/479/227 469/480/227 526/481/227 963/482/227
f 963/482/228 526/481/228 473/483/228 934/484/228
f 934/484/229 473/483/229 527/485/229 966/486/229
f 966/486/230 527/485/230 474/487/230 937/488/230
f 937/488/231 474/487/231 528/489/231 969/490/231
f 969/490/232 528/489/232 475/491/232 940/492/232
f 940/492/233 475/491/233 529/493/233 972/494/233
f 972/494/234 529/493/234 476/495/234 943/496/234
f 943/496/235 476/495/235 530/497/235 975/498/235
f 975/498/236 530/497/236 477/474/236 946/473/236
f 931/478/237 470/477/237 531/499/237 978/500/237
f 978/500/238 531/499/238 488/501/238 949/502/238
f 949/502/239 488/501/239 532/503/239 981/504/239
f 981/504/240 532/503/240 491/505/240 952/506/240
f 952/506/241 491/505/241 533/507/241 984/508/241
f 984/508/242 533/507/242 494/509/242 955/510/242
f 817/511/243 503/512/243 536/513/243 849/514/243
f 849/514/244 536/513/244 504/515/244 825/516/244
f 828/517/245 505/518/245 538/519/245 852/520/245
f 852/520/246 538/519/246 507/521/246 831/522/246
f 825/516/247 504/515/247 540/523/247 855/524/247
f 855/524/248 540/523/248 511/525/248 834/526/248
f 831/522/249 507/521/249 542/527/249 858/528/249
f 858/528/250 542/527/250 513/529/250 837/530/250
f 837/530/251 513/529/251 546/531/251 861/532/251
f 861/532/252 546/531/252 517/533/252 840/534/252
f 834/526/253 511/525/253 548/535/253 864/536/253
f 864/536/254 548/535/254 510/537/254 820/538/254
f 840/534/255 517/533/255 551/539/255 867/540/255
f 867/540/256 551/539/256 521/541/256 843/542/256
f 843/542/257 521/541/257 555/543/257 870/544/257
f 870/544/258 555/543/258 523/545/258 846/546/258
f 846/546/259 523/545/259 558/547/259 873/548/259
f 873/548/260 558/547/260 503/512/260 817/511/260
f 918/549/261 656/550/261 505/518/261 828/517/261
f 1003/551/262 587/552/262 633/553/262 1014/554/262
f 1014/554/263 633/553/263 580/555/263 988/556/263
f 985/557/264 579/558/264 634/559/264 1017/560/264
f 1017/560/265 634/559/265 583/561/265 991/562/265
f 991/562/266 583/561/266 635/563/266 1020/564/266
f 1020/564/267 635/563/267 584/565/267 994/566/267
f 994/566/268 584/565/268 636/567/268 1023/568/268
f 1023/568/269 636/567/269 585/569/269 997/570/269
f 997/570/270 585/569/270 637/571/270 1026/572/270
f 1026/572/271 637/571/271 586/573/271 1000/574/271
f 1000/574/272 586/573/272 638/575/272 1029/576/272
f 1029/576/273 638/575/273 587/552/273 1003/551/273
f 988/556/274 580/555/274 639/577/274 1032/578/274
f 1032/578/275 639/577/275 598/579/275 1006/580/275
f 1006/580/276 598/579/276 640/581/276 1035/582/276
f 1035/582/277 640/581/277 601/583/277 1009/584/277
f 1009/584/278 601/583/278 641/585/278 1038/586/278
f 1038/586/279 641/585/279 469/480/279 928/479/279
f 874/587/280 612/588/280 644/589/280 903/590/280
f 903/590/281 644/589/281 613/591/281 879/592/281
f 882/593/282 614/594/282 646/595/282 906/596/282
f 906/596/283 646/595/283 616/597/283 885/598/283
f 879/592/284 613/591/284 648/599/284 909/600/284
f 909/600/285 648/599/285 619/601/285 888/602/285
f 885/598/286 616/597/286 650/603/286 912/604/286
f 912/604/287 650/603/287 621/605/287 891/606/287
f 891/606/288 621/605/288 654/607/288 915/608/288
f 915/608/289 654/607/289 625/609/289 894/610/289
f 888/602/290 619/601/290 656/550/290 918/549/290
f 894/610/291 625/609/291 659/611/291 921/612/291
f 921/612/292 659/611/292 629/613/292 897/614/292
f 897/614/293 629/613/293 663/615/293 924/616/293
f 924/616/294 663/615/294 631/617/294 900/618/294
f 900/618/295 631/617/295 666/619/295 927/620/295
f 927/620/296 666/619/296 612/588/296 874/587/296
f 709/621/297 710/622/297 675/623/297 676/624/297
f 711/625/298 712/626/298 673/627/298 674/628/298
f 713/629/299 714/630/299 679/631/299 680/632/299
f 715/633/300 716/634/300 677/635/300 678/636/300
f 717/637/301 718/638/301 683/639/301 684/640/301
f 719/641/302 720/642/302 681/643/302 682/644/302
f 721/645/303 722/646/303 687/647/303 688/648/303
f 723/649/304 724/650/304 685/651/304 686/652/304
f 725/653/305 726/654/305 691/655/305 692/656/305
f 727/657/306 728/658/306 689/659/306 690/660/306
f 729/661/307 730/662/307 695/663/307 696/664/307
f 731/665/308 732/666/308 693/667/308 694/668/308
f 733/669/309 734/670/309 699/671/309 700/672/309
f 735/673/310 736/674/310 697/675/310 698/676/310
f 737/677/311 738/678/311 703/679/311 704/680/311
f 739/681/312 740/682/312 701/683/312 702/684/312
f 741/685/313 742/686/313 707/687/313 708/688/313
f 743/689/314 744/690/314 705/691/314 706/692/314
f 696/664/315 695/663/315 710/622/315 709/621/315
f 694/668/316 693/667/316 712/626/316 711/625/316
f 672/693/317 671/694/317 714/630/317 713/629/317
f 670/695/318 669/696/318 716/634/318 715/633/318
f 680/632/319 679/631/319 718/638/319 717/637/319
f 678/636/320 677/635/320 720/642/320 719/641/320
f 684/640/321 683/639/321 722/646/321 721/645/321
f 682/644/322 681/643/322 724/650/322 723/649/322
f 688/648/323 687/647/323 726/654/323 725/653/323
f 686/652/324 685/651/324 728/658/324 727/657/324
f 692/656/325 691/655/325 730/662/325 729/661/325
f 690/660/326 689/659/326 732/666/326 731/665/326
f 676/624/327 675/623/327 734/670/327 733/669/327
f 674/628/328 673/627/328 736/674/328 735/673/328
f 700/672/329 699/671/329 738/678/329 737/677/329
f 698/676/330 697/675/330 740/682/330 739/681/330
f 704/680/331 703/679/331 742/686/331 741/685/331
f 702/684/332 701/683/332 744/690/332 743/689/332
f 781/697/333 782/698/333 751/699/333 752/700/333
f 783/701/334 784/702/334 749/703/334 750/704/334
f 785/705/335 786/706/335 755/707/335 756/708/335
f 787/709/336 788/710/336 753/711/336 754/712/336
f 789/713/337 790/714/337 759/715/337 760/716/337
f 791/717/338 792/718/338 757/719/338 758/720/338
f 793/721/339 794/722/339 763/723/339 764/724/339
f 795/725/340 796/726/340 761/727/340 762/728/340
f 797/729/341 798/730/341 767/731/341 768/732/341
f 799/733/342 800/734/342 765/735/342 766/736/342
f 801/737/343 802/738/343 771/739/343 772/740/343
f 803/741/344 804/742/344 769/743/344 770/744/344
f 805/745/345 806/746/345 775/747/345 776/748/345
f 807/749/346 808/750/346 773/751/346 774/752/346
f 809/753/347 810/754/347 779/755/347 780/756/347
f 811/757/348 812/758/348 777/759/348 778/760/348
f 813/761/349 814/762/349 671/694/349 672/693/349
f 815/763/350 816/764/350 669/696/350 670/695/350
f 772/740/351 771/739/351 782/698/351 781/697/351
f 770/744/352 769/743/352 784/702/352 783/701/352
f 748/765/353 747/766/353 786/706/353 785/705/353
f 746/767/354 745/768/354 788/710/354 787/709/354
f 756/708/355 755/707/355 790/714/355 789/713/355
f 754/712/356 753/711/356 792/718/356 791/717/356
f 760/716/357 759/715/357 794/722/357 793/721/357
f 758/720/358 757/719/358 796/726/358 795/725/358
f 764/724/359 763/723/359 798/730/359 797/729/359
f 762/728/360 761/727/360 800/734/360 799/733/360
f 768/732/361 767/731/361 802/738/361 801/737/361
f 766/736/362 765/735/362 804/742/362 803/741/362
f 752/700/363 751/699/363 806/746/363 805/745/363
f 750/704/364 749/703/364 808/750/364 807/749/364
f 776/748/365 775/747/365 810/754/365 809/753/365
f 774/752/366 773/751/366 812/758/366 811/757/366
f 780/756/367 779/755/367 814/762/367 813/761/367
f 778/760/368 777/759/368 816/764/368 815/763/368
f 819/769/369 818/770/369 848/771/369 847/772/369
f 847/772/370 848/771/370 824/773/370 823/774/370
f 826/775/371 827/776/371 851/777/371 850/778/371
f 850/778/372 851/777/372 830/779/372 829/780/372
f 823/774/373 824/773/373 854/781/373 853/782/373
f 853/782/374 854/781/374 833/783/374 832/784/374
f 829/780/375 830/779/375 857/785/375 856/786/375
f 856/786/376 857/785/376 836/787/376 835/788/376
f 835/788/377 836/787/377 860/789/377 859/790/377
f 859/790/378 860/789/378 839/791/378 838/792/378
f 832/784/379 833/783/379 863/793/379 862/794/379
f 862/794/380 863/793/380 821/795/380 822/796/380
f 838/792/381 839/791/381 866/797/381 865/798/381
f 865/798/382 866/797/382 842/799/382 841/800/382
f 841/800/383 842/799/383 869/801/383 868/802/383
f 868/802/384 869/801/384 845/803/384 844/804/384
f 844/804/385 845/803/385 872/805/385 871/806/385
f 871/806/386 872/805/386 818/770/386 819/769/386
f 916/807/387 917/808/387 827/776/387 826/775/387
f 876/809/388 875/810/388 902/811/388 901/812/388
f 901/812/389 902/811/389 878/813/389 877/814/389
f 880/815/390 881/816/390 905/817/390 904/818/390
f 904/818/391 905/817/391 884/819/391 883/820/391
f 877/814/392 878/813/392 908/821/392 907/822/392
f 907/822/393 908/821/393 887/823/393 886/824/393
f 883/820/394 884/819/394 911/825/394 910/826/394
f 910/826/395 911/825/395 890/827/395 889/828/395
f 889/828/396 890/827/396 914/829/396 913/830/396
f 913/830/397 914/829/397 893/831/397 892/832/397
f 886/824/398 887/823/398 917/808/398 916/807/398
f 892/832/399 893/831/399 920/833/399 919/834/399
f 919/834/400 920/833/400 896/835/400 895/836/400
f 895/836/401 896/835/401 923/837/401 922/838/401
f 922/838/402 923/837/402 899/839/402 898/840/402
f 898/840/403 899/839/403 926/841/403 925/842/403
f 925/842/404 926/841/404 875/810/404 876/809/404
f 948/843/405 947/844/405 959/845/405 958/846/405
f 958/846/406 959/845/406 932/847/406 933/848/406
f 930/849/407 929/850/407 962/851/407 961/852/407
f 961/852/408 962/851/408 935/853/408 936/854/408
f 936/854/409 935/853/409 965/855/409 964/856/409
f 964/856/410 965/855/410 938/857/410 939/858/410
f 939/858/411 938/857/411 968/859/411 967/860/411
f 967/860/412 968/859/412 941/861/412 942/862/412
f 942/862/413 941/861/413 971/863/413 970/864/413
f 970/864/414 971/863/414 944/865/414 945/866/414
f 945/866/415 944/865/415 974/867/415 973/868/415
f 973/868/416 974/867/416 947/844/416 948/843/416
f 933/848/417 932/847/417 977/869/417 976/870/417
f 976/870/418 977/869/418 950/871/418 951/872/418
f 951/872/419 950/871/419 980/873/419 979/874/419
f 979/874/420 980/873/420 953/875/420 954/876/420
f 954/876/421 953/875/421 983/877/421 982/878/421
f 982/878/422 983/877/422 956/879/422 957/880/422
f 1005/881/423 1004/882/423 1013/883/423 1012/884/423
f 1012/884/424 1013/883/424 989/885/424 990/886/424
f 987/887/425 986/888/425 1016/889/425 1015/890/425
f 1015/890/426 1016/889/426 992/891/426 993/892/426
f 993/892/427 992/891/427 1019/893/427 1018/894/427
f 1018/894/428 1019/893/428 995/895/428 996/896/428
f 996/896/429 995/895/429 1022/897/429 1021/898/429
f 1021/898/430 1022/897/430 998/899/430 999/900/430
f 999/900/431 998/899/431 1025/901/431 1024/902/431
f 1024/902/432 1025/901/432 1001/903/432 1002/904/432
f 1002/904/433 1001/903/433 1028/905/433 1027/906/433
f 1027/906/434 1028/905/434 1004/882/434 1005/881/434
f 990/886/435 989/885/435 1031/907/435 1030/908/435
f 1030/908/436 1031/907/436 1007/909/436 1008/910/436
f 1008/910/437 1007/909/437 1034/911/437 1033/912/437
f 1033/912/438 1034/911/438 1010/913/438 1011/914/438
f 1011/914/439 1010/913/439 1037/915/439 1036/916/439
f 1036/916/440 1037/915/440 929/850/440 930/849/440
f 1046/917/441 1045/918/441 1080/919/441 1079/920/441
f 1044/921/442 1043/922/442 1082/923/442 1081/924/442
f 1079/920/443 1080/919/443 1041/925/443 1042/926/443
f 1081/924/444 1082/923/444 1039/927/444 1040/928/444
f 1050/929/445 1049/930/445 1084/931/445 1083/932/445
f 1048/933/446 1047/934/446 1086/935/446 1085/936/446
f 1083/932/447 1084/931/447 1056/937/447 1055/938/447
f 1085/936/448 1086/935/448 1058/939/448 1057/940/448
f 1055/938/449 1056/937/449 1088/941/449 1087/942/449
f 1057/940/450 1058/939/450 1090/943/450 1089/944/450
f 1087/942/451 1088/941/451 1060/945/451 1059/946/451
f 1089/944/452 1090/943/452 1062/947/452 1061/948/452
f 1054/949/453 1053/950/453 1092/951/453 1091/952/453
f 1052/953/454 1051/954/454 1094/955/454 1093/956/454
f 1091/952/455 1092/951/455 1064/957/455 1063/958/455
f 1093/956/456 1094/955/456 1066/959/456 1065/960/456
f 1059/946/457 1060/945/457 1096/961/457 1095/962/457
f 1061/948/458 1062/947/458 1098/963/458 1097/964/458
f 1095/962/459 1096/961/459 1068/965/459 1067/966/459
f 1097/964/460 1098/963/460 1070/967/460 1069/968/460
f 1067/966/461 1068/965/461 1100/969/461 1099/970/461
f 1069/968/462 1070/967/462 1102/971/462 1101/972/462
f 1099/970/463 1100/969/463 1072/973/463 1071/974/463
f 1101/972/464 1102/971/464 1074/975/464 1073/976/464
f 1063/958/465 1064/957/465 1104/977/465 1103/978/465
f 1065/960/466 1066/959/466 1106/979/466 1105/980/466
f 1103/978/467 1104/977/467 1076/981/467 1075/982/467
f 1105/980/468 1106/979/468 1078/983/468 1077/984/468
f 1071/974/469 1072/973/469 1108/985/469 1107/986/469
f 1073/976/470 1074/975/470 1110/987/470 1109/988/470
f 1107/986/471 1108/985/471 1053/950/471 1054/949/471
f 1109/988/472 1110/987/472 1051/954/472 1052/953/472
f 1075/982/473 1076/981/473 1112/989/473 1111/990/473
f 1077/984/474 1078/983/474 1114/991/474 1113/992/474
f 1111/990/475 1112/989/475 1045/918/475 1046/917/475
f 1113/992/476 1114/991/476 1043/922/476 1044/921/476
f 1118/993/477 1117/994/477 1152/995/477 1151/996/477
f 1116/997/478 1115/998/478 1154/999/478 1153/1000/478
f 1122/1001/479 1121/1002/479 1156/1003/479 1155/1004/479
f 1120/1005/480 1119/1006/480 1158/1007/480 1157/1008/480
f 1155/1004/481 1156/1003/481 1128/1009/481 1127/1010/481
f 1157/1008/482 1158/1007/482 1130/1011/482 1129/1012/482
f 1127/1010/483 1128/1009/483 1160/1013/483 1159/1014/483
f 1129/1012/484 1130/1011/484 1162/1015/484 1161/1016/484
f 1159/1014/485 1160/1013/485 1132/1017/485 1131/1018/485
f 1161/1016/486 1162/1015/486 1134/1019/486 1133/1020/486
f 1126/1021/487 1125/1022/487 1164/1023/487 1163/1024/487
f 1124/1025/488 1123/1026/488 1166/1027/488 1165/1028/488
f 1163/1024/489 1164/1023/489 1136/1029/489 1135/1030/489
f 1165/1028/490 1166/1027/490 1138/1031/490 1137/1032/490
f 1131/1018/491 1132/1017/491 1168/1033/491 1167/1034/491
f 1133/1020/492 1134/1019/492 1170/1035/492 1169/1036/492
f 1167/1034/493 1168/1033/493 1140/1037/493 1139/1038/493
f 1169/1036/494 1170/1035/494 1142/1039/494 1141/1040/494
f 1139/1038/495 1140/1037/495 1172/1041/495 1171/1042/495
f 1141/1040/496 1142/1039/496 1174/1043/496 1173/1044/496
f 1171/1042/497 1172/1041/497 1144/1045/497 1143/1046/497
f 1173/1044/498 1174/1043/498 1146/1047/498 1145/1048/498
f 1135/1030/499 1136/1029/499 1176/1049/499 1175/1050/499
f 1137/1032/500 1138/1031/500 1178/1051/500 1177/1052/500
f 1175/1050/501 1176/1049/501 1148/1053/501 1147/1054/501
f 1177/1052/502 1178/1051/502 1150/1055/502 1149/1056/502
f 1143/1046/503 1144/1045/503 1180/1057/503 1179/1058/503
f 1145/1048/504 1146/1047/504 1182/1059/504 1181/1060/504
f 1179/1058/505 1180/1057/505 1125/1022/505 1126/1021/505
f 1181/1060/506 1182/1059/506 1123/1026/506 1124/1025/506
f 1147/1054/507 1148/1053/507 1184/1061/507 1183/1062/507
f 1149/1056/508 1150/1055/508 1186/1063/508 1185/1064/508
f 1183/1062/509 1184/1061/509 1117/994/509 1118/993/509
f 1185/1064/510 1186/1063/510 1115/998/510 1116/997/510
f 1151/996/511 1152/995/511 1049/930/511 1050/929/511
f 1153/1000/512 1154/999/512 1047/934/512 1048/933/512
f 453/1065/513 1221/1066/513 1237/1067/513 478/1068/513
f 1220/1069/514 1219/1070/514 1239/1071/514 1238/1072/514
f 1218/1073/515 1217/1074/515 1241/1075/515 1240/1076/515
f 478/1068/516 1237/1067/516 1196/1077/516 451/1078/516
f 1238/1072/517 1239/1071/517 1194/1079/517 1195/1080/517
f 1240/1076/518 1241/1075/518 1192/1081/518 1193/1082/518
f 449/1083/519 1191/1084/519 1242/1085/519 472/1086/519
f 1190/1087/520 1189/1088/520 1244/1089/520 1243/1090/520
f 1188/1091/521 1187/1092/521 1246/1093/521 1245/1094/521
f 472/1086/522 1242/1085/522 1201/1095/522 457/1096/522
f 1243/1090/523 1244/1089/523 1199/1097/523 1200/1098/523
f 1245/1094/524 1246/1093/524 1197/1099/524 1198/1100/524
f 457/1096/525 1201/1095/525 1247/1101/525 482/1102/525
f 1200/1098/526 1199/1097/526 1249/1103/526 1248/1104/526
f 1198/1100/527 1197/1099/527 1251/1105/527 1250/1106/527
f 482/1102/528 1247/1101/528 1206/1107/528 456/1108/528
f 1248/1104/529 1249/1103/529 1204/1109/529 1205/1110/529
f 1250/1106/530 1251/1105/530 1202/1111/530 1203/1112/530
f 456/1108/531 1206/1107/531 1252/1113/531 481/1114/531
f 1205/1110/532 1204/1109/532 1254/1115/532 1253/1116/532
f 1203/1112/533 1202/1111/533 1256/1117/533 1255/1118/533
f 481/1114/534 1252/1113/534 1211/1119/534 455/1120/534
f 1253/1116/535 1254/1115/535 1209/1121/535 1210/1122/535
f 1255/1118/536 1256/1117/536 1207/1123/536 1208/1124/536
f 455/1120/537 1211/1119/537 1257/1125/537 480/1126/537
f 1210/1122/538 1209/1121/538 1259/1127/538 1258/1128/538
f 1208/1124/539 1207/1123/539 1261/1129/539 1260/1130/539
f 480/1126/540 1257/1125/540 1216/1131/540 454/1132/540
f 1258/1128/541 1259/1127/541 1214/1133/541 1215/1134/541
f 1260/1130/542 1261/1129/542 1212/1135/542 1213/1136/542
f 454/1132/543 1216/1131/543 1262/1137/543 479/1138/543
f 1215/1134/544 1214/1133/544 1264/1139/544 1263/1140/544
f 1213/1136/545 1212/1135/545 1266/1141/545 1265/1142/545
f 479/1138/546 1262/1137/546 1221/1066/546 453/1065/546
f 1263/1140/547 1264/1139/547 1219/1070/547 1220/1069/547
f 1265/1142/548 1266/1141/548 1217/1074/548 1218/1073/548
f 451/1078/549 1196/1077/549 1267/1143/549 490/1144/549
f 1195/1080/550 1194/1079/550 1269/1145/550 1268/1146/550
f 1193/1082/551 1192/1081/551 1271/1147/551 1270/1148/551
f 490/1144/552 1267/1143/552 1226/1149/552 463/1150/552
f 1268/1146/553 1269/1145/553 1224/1151/553 1225/1152/553
f 1270/1148/554 1271/1147/554 1222/1153/554 1223/1154/554
f 463/1150/555 1226/1149/555 1272/1155/555 493/1156/555
f 1225/1152/556 1224/1151/556 1274/1157/556 1273/1158/556
f 1223/1154/557 1222/1153/557 1276/1159/557 1275/1160/557
f 493/1156/558 1272/1155/558 1231/1161/558 465/1162/558
f 1273/1158/559 1274/1157/559 1229/1163/559 1230/1164/559
f 1275/1160/560 1276/1159/560 1227/1165/560 1228/1166/560
f 465/1162/561 1231/1161/561 1277/1167/561 496/1168/561
f 1230/1164/562 1229/1163/562 1279/1169/562 1278/1170/562
f 1228/1166/563 1227/1165/563 1281/1171/563 1280/1172/563
f 496/1168/564 1277/1167/564 1236/1173/564 467/1174/564
f 1278/1170/565 1279/1169/565 1234/1175/565 1235/1176/565
f 1280/1172/566 1281/1171/566 1232/1177/566 1233/1178/566
f 565/1179/567 1316/1180/567 1327/1181/567 588/1182/567
f 1315/1183/568 1314/1184/568 1329/1185/568 1328/1186/568
f 1313/1187/569 1312/1188/569 1331/1189/569 1330/1190/569
f 588/1182/570 1327/1181/570 1291/1191/570 563/1192/570
f 1328/1186/571 1329/1185/571 1289/1193/571 1290/1194/571
f 1330/1190/572 1331/1189/572 1287/1195/572 1288/1196/572
f 561/1197/573 1286/1198/573 1332/1199/573 582/1200/573
f 1285/1201/574 1284/1202/574 1334/1203/574 1333/1204/574
f 1283/1205/575 1282/1206/575 1336/1207/575 1335/1208/575
f 582/1200/576 1332/1199/576 1296/1209/576 569/1210/576
f 1333/1204/577 1334/1203/577 1294/1211/577 1295/1212/577
f 1335/1208/578 1336/1207/578 1292/1213/578 1293/1214/578
f 569/1210/579 1296/1209/579 1337/1215/579 592/1216/579
f 1295/1212/580 1294/1211/580 1339/1217/580 1338/1218/580
f 1293/1214/581 1292/1213/581 1341/1219/581 1340/1220/581
f 592/1216/582 1337/1215/582 1301/1221/582 568/1222/582
f 1338/1218/583 1339/1217/583 1299/1223/583 1300/1224/583
f 1340/1220/584 1341/1219/584 1297/1225/584 1298/1226/584
f 568/1222/585 1301/1221/585 1342/1227/585 591/1228/585
f 1300/1224/586 1299/1223/586 1344/1229/586 1343/1230/586
f 1298/1226/587 1297/1225/587 1346/1231/587 1345/1232/587
f 591/1228/588 1342/1227/588 1306/1233/588 567/1234/588
f 1343/1230/589 1344/1229/589 1304/1235/589 1305/1236/589
f 1345/1232/590 1346/1231/590 1302/1237/590 1303/1238/590
f 567/1234/591 1306/1233/591 1347/1239/591 590/1240/591
f 1305/1236/592 1304/1235/592 1349/1241/592 1348/1242/592
f 1303/1238/593 1302/1237/593 1351/1243/593 1350/1244/593
f 590/1240/594 1347/1239/594 1311/1245/594 566/1246/594
f 1348/1242/595 1349/1241/595 1309/1247/595 1310/1248/595
f 1350/1244/596 1351/1243/596 1307/1249/596 1308/1250/596
f 566/1246/597 1311/1245/597 1352/1251/597 589/1252/597
f 1310/1248/598 1309/1247/598 1354/1253/598 1353/1254/598
f 1308/1250/599 1307/1249/599 1356/1255/599 1355/1256/599
f 589/1252/600 1352/1251/600 1316/1180/600 565/1179/600
f 1353/1254/601 1354/1253/601 1314/1184/601 1315/1183/601
f 1355/1256/602 1356/1255/602 1312/1188/602 1313/1187/602
f 563/1192/603 1291/1191/603 1357/1257/603 600/1258/603
f 1290/1194/604 1289/1193/604 1359/1259/604 1358/1260/604
f 1288/1196/605 1287/1195/605 1361/1261/605 1360/1262/605
f 600/1258/606 1357/1257/606 1321/1263/606 575/1264/606
f 1358/1260/607 1359/1259/607 1319/1265/607 1320/1266/607
f 1360/1262/608 1361/1261/608 1317/1267/608 1318/1268/608
f 575/1264/609 1321/1263/609 1362/1269/609 603/1270/609
f 1320/1266/610 1319/1265/610 1364/1271/610 1363/1272/610
f 1318/1268/611 1317/1267/611 1366/1273/611 1365/1274/611
f 603/1270/612 1362/1269/612 1326/1275/612 577/1276/612
f 1363/1272/613 1364/1271/613 1324/1277/613 1325/1278/613
f 1365/1274/614 1366/1273/614 1322/1279/614 1323/1280/614
f 577/1276/615 1326/1275/615 1367/1281/615 605/1282/615
f 1325/1278/616 1324/1277/616 1369/1283/616 1368/1284/616
f 1323/1280/617 1322/1279/617 1371/1285/617 1370/1286/617
f 605/1282/618 1367/1281/618 1191/1084/618 449/1083/618
f 1368/1284/619 1369/1283/619 1189/1088/619 1190/1087/619
f 1370/1286/620 1371/1285/620 1187/1092/620 1188/1091/620
f 458/1287/621 1406/1288/621 1422/1289/621 483/1290/621
f 1405/1291/622 1404/1292/622 1424/1293/622 1423/1294/622
f 1403/1295/623 1402/1296/623 1426/1297/623 1425/1298/623
f 483/1290/624 1422/1289/624 1381/1299/624 452/1300/624
f 1423/1294/625 1424/1293/625 1379/1301/625 1380/1302/625
f 1425/1298/626 1426/1297/626 1377/1303/626 1378/1304/626
f 450/1305/627 1376/1306/627 1427/1307/627 471/1308/627
f 1375/1309/628 1374/1310/628 1429/1311/628 1428/1312/628
f 1373/1313/629 1372/1314/629 1431/1315/629 1430/1316/629
f 471/1308/630 1427/1307/630 1386/1317/630 462/1318/630
f 1428/1312/631 1429/1311/631 1384/1319/631 1385/1320/631
f 1430/1316/632 1431/1315/632 1382/1321/632 1383/1322/632
f 462/1318/633 1386/1317/633 1432/1323/633 487/1324/633
f 1385/1320/634 1384/1319/634 1434/1325/634 1433/1326/634
f 1383/1322/635 1382/1321/635 1436/1327/635 1435/1328/635
f 487/1324/636 1432/1323/636 1391/1329/636 461/1330/636
f 1433/1326/637 1434/1325/637 1389/1331/637 1390/1332/637
f 1435/1328/638 1436/1327/638 1387/1333/638 1388/1334/638
f 461/1330/639 1391/1329/639 1437/1335/639 486/1336/639
f 1390/1332/640 1389/1331/640 1439/1337/640 1438/1338/640
f 1388/1334/641 1387/1333/641 1441/1339/641 1440/1340/641
f 486/1336/642 1437/1335/642 1396/1341/642 460/1342/642
f 1438/1338/643 1439/1337/643 1394/1343/643 1395/1344/643
f 1440/1340/644 1441/1339/644 1392/1345/644 1393/1346/644
f 460/1342/645 1396/1341/645 1442/1347/645 485/1348/645
f 1395/1344/646 1394/1343/646 1444/1349/646 1443/1350/646
f 1393/1346/647 1392/1345/647 1446/1351/647 1445/1352/647
f 485/1348/648 1442/1347/648 1401/1353/648 459/1354/648
f 1443/1350/649 1444/1349/649 1399/1355/649 1400/1356/649
f 1445/1352/650 1446/1351/650 1397/1357/650 1398/1358/650
f 459/1354/651 1401/1353/651 1447/1359/651 484/1360/651
f 1400/1356/652 1399/1355/652 1449/1361/652 1448/1362/652
f 1398/1358/653 1397/1357/653 1451/1363/653 1450/1364/653
f 484/1360/654 1447/1359/654 1406/1288/654 458/1287/654
f 1448/1362/655 1449/1361/655 1404/1292/655 1405/1291/655
f 1450/1364/656 1451/1363/656 1402/1296/656 1403/1295/656
f 452/1300/657 1381/1299/657 1452/1365/657 489/1366/657
f 1380/1302/658 1379/1301/658 1454/1367/658 1453/1368/658
f 1378/1304/659 1377/1303/659 1456/1369/659 1455/1370/659
f 489/1366/660 1452/1365/660 1411/1371/660 464/1372/660
f 1453/1368/661 1454/1367/661 1409/1373/661 1410/1374/661
f 1455/1370/662 1456/1369/662 1407/1375/662 1408/1376/662
f 464/1372/663 1411/1371/663 1457/1377/663 492/1378/663
f 1410/1374/664 1409/1373/664 1459/1379/664 1458/1380/664
f 1408/1376/665 1407/1375/665 1461/1381/665 1460/1382/665
f 492/1378/666 1457/1377/666 1416/1383/666 466/1384/666
f 1458/1380/667 1459/1379/667 1414/1385/667 1415/1386/667
f 1460/1382/668 1461/1381/668 1412/1387/668 1413/1388/668
f 466/1384/669 1416/1383/669 1462/1389/669 495/1390/669
f 1415/1386/670 1414/1385/670 1464/1391/670 1463/1392/670
f 1413/1388/671 1412/1387/671 1466/1393/671 1465/1394/671
f 495/1390/672 1462/1389/672 1421/1395/672 468/1396/672
f 1463/1392/673 1464/1391/673 1419/1397/673 1420/1398/673
f 1465/1394/674 1466/1393/674 1417/1399/674 1418/1400/674
f 570/1401/675 1501/1402/675 1512/1403/675 593/1404/675
f 1500/1405/676 1499/1406/676 1514/1407/676 1513/1408/676
f 1498/1409/677 1497/1410/677 1516/1411/677 1515/1412/677
f 593/1404/678 1512/1403/678 1476/1413/678 564/1414/678
f 1513/1408/679 1514/1407/679 1474/1415/679 1475/1416/679
f 1515/1412/680 1516/1411/680 1472/1417/680 1473/1418/680
f 562/1419/681 1471/1420/681 1517/1421/681 581/1422/681
f 1470/1423/682 1469/1424/682 1519/1425/682 1518/1426/682
f 1468/1427/683 1467/1428/683 1521/1429/683 1520/1430/683
f 581/1422/684 1517/1421/684 1481/1431/684 574/1432/684
f 1518/1426/685 1519/1425/685 1479/1433/685 1480/1434/685
f 1520/1430/686 1521/1429/686 1477/1435/686 1478/1436/686
f 574/1432/687 1481/1431/687 1522/1437/687 597/1438/687
f 1480/1434/688 1479/1433/688 1524/1439/688 1523/1440/688
f 1478/1436/689 1477/1435/689 1526/1441/689 1525/1442/689
f 597/1438/690 1522/1437/690 1486/1443/690 573/1444/690
f 1523/1440/691 1524/1439/691 1484/1445/691 1485/1446/691
f 1525/1442/692 1526/1441/692 1482/1447/692 1483/1448/692
f 573/1444/693 1486/1443/693 1527/1449/693 596/1450/693
f 1485/1446/694 1484/1445/694 1529/1451/694 1528/1452/694
f 1483/1448/695 1482/1447/695 1531/1453/695 1530/1454/695
f 596/1450/696 1527/1449/696 1491/1455/696 572/1456/696
f 1528/1452/697 1529/1451/697 1489/1457/697 1490/1458/697
f 1530/1454/698 1531/1453/698 1487/1459/698 1488/1460/698
f 572/1456/699 1491/1455/699 1532/1461/699 595/1462/699
f 1490/1458/700 1489/1457/700 1534/1463/700 1533/1464/700
f 1488/1460/701 1487/1459/701 1536/1465/701 1535/1466/701
f 595/1462/702 1532/1461/702 1496/1467/702 571/1468/702
f 1533/1464/703 1534/1463/703 1494/1469/703 1495/1470/703
f 1535/1466/704 1536/1465/704 1492/1471/704 1493/1472/704
f 571/1468/705 1496/1467/705 1537/1473/705 594/1474/705
f 1495/1470/706 1494/1469/706 1539/1475/706 1538/1476/706
f 1493/1472/707 1492/1471/707 1541/1477/707 1540/1478/707
f 594/1474/708 1537/1473/708 1501/1402/708 570/1401/708
f 1538/1476/709 1539/1475/709 1499/1406/709 1500/1405/709
f 1540/1478/710 1541/1477/710 1497/1410/710 1498/1409/710
f 564/1414/711 1476/1413/711 1542/1479/711 599/1480/711
f 1475/1416/712 1474/1415/712 1544/1481/712 1543/1482/712
f 1473/1418/713 1472/1417/713 1546/1483/713 1545/1484/713
f 599/1480/714 1542/1479/714 1506/1485/714 576/1486/714
f 1543/1482/715 1544/1481/715 1504/1487/715 1505/1488/715
f 1545/1484/716 1546/1483/716 1502/1489/716 1503/1490/716
f 576/1486/717 1506/1485/717 1547/1491/717 602/1492/717
f 1505/1488/718 1504/1487/718 1549/1493/718 1548/1494/718
f 1503/1490/719 1502/1489/719 1551/1495/719 1550/1496/719
f 602/1492/720 1547/1491/720 1511/1497/720 578/1498/720
f 1548/1494/721 1549/1493/721 1509/1499/721 1510/1500/721
f 1550/1496/722 1551/1495/722 1507/1501/722 1508/1502/722
f 578/1498/723 1511/1497/723 1552/1503/723 604/1504/723
f 1510/1500/724 1509/1499/724 1554/1505/724 1553/1506/724
f 1508/1502/725 1507/1501/725 1556/1507/725 1555/1508/725
f 604/1504/726 1552/1503/726 1376/1306/726 450/1305/726
f 1553/1506/727 1554/1505/727 1374/1310/727 1375/1309/727
f 1555/1508/728 1556/1507/728 1372/1314/728 1373/1313/728
f 1562/1509/729 1561/1510/729 1612/1511/729 1611/1512/729
f 1560/1513/730 1559/1514/730 1614/1515/730 1613/1516/730
f 1558/1517/731 1557/1518/731 1616/1519/731 1615/1520/731
f 1611/1512/732 1612/1511/732 1570/1521/732 1569/1522/732
f 1613/1516/733 1614/1515/733 1572/1523/733 1571/1524/733
f 1615/1520/734 1616/1519/734 1574/1525/734 1573/1526/734
f 1563/1527/735 1564/1528/735 1618/1529/735 1617/1530/735
f 1565/1531/736 1566/1532/736 1620/1533/736 1619/1534/736
f 1567/1535/737 1568/1536/737 1622/1537/737 1621/1538/737
f 1617/1530/738 1618/1529/738 1576/1539/738 1575/1540/738
f 1619/1534/739 1620/1533/739 1578/1541/739 1577/1542/739
f 1621/1538/740 1622/1537/740 1580/1543/740 1579/1544/740
f 1575/1540/741 1576/1539/741 1624/1545/741 1623/1546/741
f 1577/1542/742 1578/1541/742 1626/1547/742 1625/1548/742
f 1579/1544/743 1580/1543/743 1628/1549/743 1627/1550/743
f 1623/1546/744 1624/1545/744 1582/1551/744 1581/1552/744
f 1625/1548/745 1626/1547/745 1584/1553/745 1583/1554/745
f 1627/1550/746 1628/1549/746 1586/1555/746 1585/1556/746
f 1569/1522/747 1570/1521/747 1630/1557/747 1629/1558/747
f 1571/1524/748 1572/1523/748 1632/1559/748 1631/1560/748
f 1573/1526/749 1574/1525/749 1634/1561/749 1633/1562/749
f 1629/1558/750 1630/1557/750 1588/1563/750 1587/1564/750
f 1631/1560/751 1632/1559/751 1590/1565/751 1589/1566/751
f 1633/1562/752 1634/1561/752 1592/1567/752 1591/1568/752
f 1581/1552/753 1582/1551/753 1636/1569/753 1635/1570/753
f 1583/1554/754 1584/1553/754 1638/1571/754 1637/1572/754
f 1585/1556/755 1586/1555/755 1640/1573/755 1639/1574/755
f 1635/1570/756 1636/1569/756 1594/1575/756 1593/1576/756
f 1637/1572/757 1638/1571/757 1596/1577/757 1595/1578/757
f 1639/1574/758 1640/1573/758 1598/1579/758 1597/1580/758
f 1593/1576/759 1594/1575/759 1642/1581/759 1641/1582/759
f 1595/1578/760 1596/1577/760 1644/1583/760 1643/1584/760
f 1597/1580/761 1598/1579/761 1646/1585/761 1645/1586/761
f 1641/1582/762 1642/1581/762 1600/1587/762 1599/1588/762
f 1643/1584/763 1644/1583/763 1602/1589/763 1601/1590/763
f 1645/1586/764 1646/1585/764 1604/1591/764 1603/1592/764
f 1587/1564/765 1588/1563/765 1648/1593/765 1647/1594/765
f 1589/1566/766 1590/1565/766 1650/1595/766 1649/1596/766
f 1591/1568/767 1592/1567/767 1652/1597/767 1651/1598/767
f 1647/1594/768 1648/1593/768 1606/1599/768 1605/1600/768
f 1649/1596/769 1650/1595/769 1608/1601/769 1607/1602/769
f 1651/1598/770 1652/1597/770 1610/1603/770 1609/1604/770
f 1599/1588/771 1600/1587/771 1654/1605/771 1653/1606/771
f 1601/1590/772 1602/1589/772 1656/1607/772 1655/1608/772
f 1603/1592/773 1604/1591/773 1658/1609/773 1657/1610/773
f 1653/1606/774 1654/1605/774 1561/1510/774 1562/1509/774
f 1655/1608/775 1656/1607/775 1559/1514/775 1560/1513/775
f 1657/1610/776 1658/1609/776 1557/1518/776 1558/1517/776
f 1605/1600/777 1606/1599/777 1660/1611/777 1659/1612/777
f 1607/1602/778 1608/1601/778 1662/1613/778 1661/1614/778
f 1609/1604/779 1610/1603/779 1664/1615/779 1663/1616/779
f 1670/1617/780 1669/1618/780 1720/1619/780 1719/1620/780
f 1668/1621/781 1667/1622/781 1722/1623/781 1721/1624/781
f 1666/1625/782 1665/1626/782 1724/1627/782 1723/1628/782
f 1719/1620/783 1720/1619/783 1678/1629/783 1677/1630/783
f 1721/1624/784 1722/1623/784 1680/1631/784 1679/1632/784
f 1723/1628/785 1724/1627/785 1682/1633/785 1681/1634/785
f 1671/1635/786 1672/1636/786 1726/1637/786 1725/1638/786
f 1673/1639/787 1674/1640/787 1728/1641/787 1727/1642/787
f 1675/1643/788 1676/1644/788 1730/1645/788 1729/1646/788
f 1725/1638/789 1726/1637/789 1684/1647/789 1683/1648/789
f 1727/1642/790 1728/1641/790 1686/1649/790 1685/1650/790
f 1729/1646/791 1730/1645/791 1688/1651/791 1687/1652/791
f 1683/1648/792 1684/1647/792 1732/1653/792 1731/1654/792
f 1685/1650/793 1686/1649/793 1734/1655/793 1733/1656/793
f 1687/1652/794 1688/1651/794 1736/1657/794 1735/1658/794
f 1731/1654/795 1732/1653/795 1690/1659/795 1689/1660/795
f 1733/1656/796 1734/1655/796 1692/1661/796 1691/1662/796
f 1735/1658/797 1736/1657/797 1694/1663/797 1693/1664/797
f 1677/1630/798 1678/1629/798 1738/1665/798 1737/1666/798
f 1679/1632/799 1680/1631/799 1740/1667/799 1739/1668/799
f 1681/1634/800 1682/1633/800 1742/1669/800 1741/1670/800
f 1737/1666/801 1738/1665/801 1696/1671/801 1695/1672/801
f 1739/1668/802 1740/1667/802 1698/1673/802 1697/1674/802
f 1741/1670/803 1742/1669/803 1700/1675/803 1699/1676/803
f 1689/1660/804 1690/1659/804 1744/1677/804 1743/1678/804
f 1691/1662/805 1692/1661/805 1746/1679/805 1745/1680/805
f 1693/1664/806 1694/1663/806 1748/1681/806 1747/1682/806
f 1743/1678/807 1744/1677/807 1702/1683/807 1701/1684/807
f 1745/1680/808 1746/1679/808 1704/1685/808 1703/1686/808
f 1747/1682/809 1748/1681/809 1706/1687/809 1705/1688/809
f 1701/1684/810 1702/1683/810 1750/1689/810 1749/1690/810
f 1703/1686/811 1704/1685/811 1752/1691/811 1751/1692/811
f 1705/1688/812 1706/1687/812 1754/1693/812 1753/1694/812
f 1749/1690/813 1750/1689/813 1708/1695/813 1707/1696/813
f 1751/1692/814 1752/1691/814 1710/1697/814 1709/1698/814
f 1753/1694/815 1754/1693/815 1712/1699/815 1711/1700/815
f 1695/1672/816 1696/1671/816 1756/1701/816 1755/1702/816
f 1697/1674/817 1698/1673/817 1758/1703/817 1757/1704/817
f 1699/1676/818 1700/1675/818 1760/1705/818 1759/1706/818
f 1755/1702/819 1756/1701/819 1714/1707/819 1713/1708/819
f 1757/1704/820 1758/1703/820 1716/1709/820 1715/1710/820
f 1759/1706/821 1760/1705/821 1718/1711/821 1717/1712/821
f 1707/1696/822 1708/1695/822 1762/1713/822 1761/1714/822
f 1709/1698/823 1710/1697/823 1764/1715/823 1763/1716/823
f 1711/1700/824 1712/1699/824 1766/1717/824 1765/1718/824
f 1761/1714/825 1762/1713/825 1669/1618/825 1670/1617/825
f 1763/1716/826 1764/1715/826 1667/1622/826 1668/1621/826
f 1765/1718/827 1766/1717/827 1665/1626/827 1666/1625/827
f 1713/1708/828 1714/1707/828 1768/1719/828 1767/1720/828
f 1715/1710/829 1716/1709/829 1770/1721/829 1769/1722/829
f 1717/1712/830 1718/1711/830 1772/1723/830 1771/1724/830
f 1767/1720/831 1768/1719/831 1564/1528/831 1563/1527/831
f 1769/1722/832 1770/1721/832 1566/1532/832 1565/1531/832
f 1771/1724/833 1772/1723/833 1568/1536/833 1567/1535/833
f 534/1725/834 1818/1726/834 1773/1727/834 500/1728/834
f 1819/1729/835 1820/1730/835 1775/1731/835 1774/1732/835
f 1821/1733/836 1822/1734/836 1777/1735/836 1776/1736/836
f 539/1737/837 1823/1738/837 1778/1739/837 509/1740/837
f 1824/1741/838 1825/1742/838 1780/1743/838 1779/1744/838
f 1826/1745/839 1827/1746/839 1782/1747/839 1781/1748/839
f 545/1749/840 1828/1750/840 1812/1751/840 508/1752/840
f 1829/1753/841 1830/1754/841 1810/1755/841 1811/1756/841
f 1831/1757/842 1832/1758/842 1808/1759/842 1809/1760/842
f 547/1761/843 1833/1762/843 1783/1763/843 518/1764/843
f 1834/1765/844 1835/1766/844 1785/1767/844 1784/1768/844
f 1836/1769/845 1837/1770/845 1787/1771/845 1786/1772/845
f 552/1773/846 1838/1774/846 1788/1775/846 522/1776/846
f 1839/1777/847 1840/1778/847 1790/1779/847 1789/1780/847
f 1841/1781/848 1842/1782/848 1792/1783/848 1791/1784/848
f 553/1785/849 1843/1786/849 1817/1787/849 516/1788/849
f 1844/1789/850 1845/1790/850 1815/1791/850 1816/1792/850
f 1846/1793/851 1847/1794/851 1813/1795/851 1814/1796/851
f 556/1797/852 1848/1798/852 1793/1799/852 524/1800/852
f 1849/1801/853 1850/1802/853 1795/1803/853 1794/1804/853
f 1851/1805/854 1852/1806/854 1797/1807/854 1796/1808/854
f 559/1809/855 1853/1810/855 1807/1811/855 499/1812/855
f 1854/1813/856 1855/1814/856 1805/1815/856 1806/1816/856
f 1856/1817/857 1857/1818/857 1803/1819/857 1804/1820/857
f 560/1821/858 1858/1822/858 1802/1823/858 497/1824/858
f 1859/1825/859 1860/1826/859 1800/1827/859 1801/1828/859
f 1861/1829/860 1862/1830/860 1798/1831/860 1799/1832/860
f 499/1812/861 1807/1811/861 1818/1726/861 534/1725/861
f 1806/1816/862 1805/1815/862 1820/1730/862 1819/1729/862
f 1804/1820/863 1803/1819/863 1822/1734/863 1821/1733/863
f 508/1752/864 1812/1751/864 1823/1738/864 539/1737/864
f 1811/1756/865 1810/1755/865 1825/1742/865 1824/1741/865
f 1809/1760/866 1808/1759/866 1827/1746/866 1826/1745/866
f 516/1788/867 1817/1787/867 1828/1750/867 545/1749/867
f 1816/1792/868 1815/1791/868 1830/1754/868 1829/1753/868
f 1814/1796/869 1813/1795/869 1832/1758/869 1831/1757/869
f 509/1740/870 1778/1739/870 1833/1762/870 547/1761/870
f 1779/1744/871 1780/1743/871 1835/1766/871 1834/1765/871
f 1781/1748/872 1782/1747/872 1837/1770/872 1836/1769/872
f 518/1764/873 1783/1763/873 1838/1774/873 552/1773/873
f 1784/1768/874 1785/1767/874 1840/1778/874 1839/1777/874
f 1786/1772/875 1787/1771/875 1842/1782/875 1841/1781/875
f 522/1776/876 1788/1775/876 1848/1798/876 556/1797/876
f 1789/1780/877 1790/1779/877 1850/1802/877 1849/1801/877
f 1791/1784/878 1792/1783/878 1852/1806/878 1851/1805/878
f 524/1800/879 1793/1799/879 1853/1810/879 559/1809/879
f 1794/1804/880 1795/1803/880 1855/1814/880 1854/1813/880
f 1796/1808/881 1797/1807/881 1857/1818/881 1856/1817/881
f 500/1728/882 1773/1727/882 1858/1822/882 560/1821/882
f 1774/1732/883 1775/1731/883 1860/1826/883 1859/1825/883
f 1776/1736/884 1777/1735/884 1862/1830/884 1861/1829/884
f 642/1833/885 1908/1834/885 1863/1835/885 609/1836/885
f 1909/1837/886 1910/1838/886 1865/1839/886 1864/1840/886
f 1911/1841/887 1912/1842/887 1867/1843/887 1866/1844/887
f 647/1845/888 1913/1846/888 1868/1847/888 618/1848/888
f 1914/1849/889 1915/1850/889 1870/1851/889 1869/1852/889
f 1916/1853/890 1917/1854/890 1872/1855/890 1871/1856/890
f 653/1857/891 1918/1858/891 1902/1859/891 617/1860/891
f 1919/1861/892 1920/1862/892 1900/1863/892 1901/1864/892
f 1921/1865/893 1922/1866/893 1898/1867/893 1899/1868/893
f 655/1869/894 1923/1870/894 1873/1871/894 626/1872/894
f 1924/1873/895 1925/1874/895 1875/1875/895 1874/1876/895
f 1926/1877/896 1927/1878/896 1877/1879/896 1876/1880/896
f 660/1881/897 1928/1882/897 1878/1883/897 630/1884/897
f 1929/1885/898 1930/1886/898 1880/1887/898 1879/1888/898
f 1931/1889/899 1932/1890/899 1882/1891/899 1881/1892/899
f 661/1893/900 1933/1894/900 1907/1895/900 624/1896/900
f 1934/1897/901 1935/1898/901 1905/1899/901 1906/1900/901
f 1936/1901/902 1937/1902/902 1903/1903/902 1904/1904/902
f 664/1905/903 1938/1906/903 1883/1907/903 632/1908/903
f 1939/1909/904 1940/1910/904 1885/1911/904 1884/1912/904
f 1941/1913/905 1942/1914/905 1887/1915/905 1886/1916/905
f 667/1917/906 1943/1918/906 1897/1919/906 608/1920/906
f 1944/1921/907 1945/1922/907 1895/1923/907 1896/1924/907
f 1946/1925/908 1947/1926/908 1893/1927/908 1894/1928/908
f 668/1929/909 1948/1930/909 1892/1931/909 606/1932/909
f 1949/1933/910 1950/1934/910 1890/1935/910 1891/1936/910
f 1951/1937/911 1952/1938/911 1888/1939/911 1889/1940/911
f 608/1920/912 1897/1919/912 1908/1834/912 642/1833/912
f 1896/1924/913 1895/1923/913 1910/1838/913 1909/1837/913
f 1894/1928/914 1893/1927/914 1912/1842/914 1911/1841/914
f 617/1860/915 1902/1859/915 1913/1846/915 647/1845/915
f 1901/1864/916 1900/1863/916 1915/1850/916 1914/1849/916
f 1899/1868/917 1898/1867/917 1917/1854/917 1916/1853/917
f 624/1896/918 1907/1895/918 1918/1858/918 653/1857/918
f 1906/1900/919 1905/1899/919 1920/1862/919 1919/1861/919
f 1904/1904/920 1903/1903/920 1922/1866/920 1921/1865/920
f 618/1848/921 1868/1847/921 1923/1870/921 655/1869/921
f 1869/1852/922 1870/1851/922 1925/1874/922 1924/1873/922
f 1871/1856/923 1872/1855/923 1927/1878/923 1926/1877/923
f 626/1872/924 1873/1871/924 1928/1882/924 660/1881/924
f 1874/1876/925 1875/1875/925 1930/1886/925 1929/1885/925
f 1876/1880/926 1877/1879/926 1932/1890/926 1931/1889/926
f 497/1824/927 1802/1823/927 1933/1894/927 661/1893/927
f 1801/1828/928 1800/1827/928 1935/1898/928 1934/1897/928
f 1799/1832/929 1798/1831/929 1937/1902/929 1936/1901/929
f 630/1884/930 1878/1883/930 1938/1906/930 664/1905/930
f 1879/1888/931 1880/1887/931 1940/1910/931 1939/1909/931
f 1881/1892/932 1882/1891/932 1942/1914/932 1941/1913/932
f 632/1908/933 1883/1907/933 1943/1918/933 667/1917/933
f 1884/1912/934 1885/1911/934 1945/1922/934 1944/1921/934
f 1886/1916/935 1887/1915/935 1947/1926/935 1946/1925/935
f 609/1836/936 1863/1835/936 1948/1930/936 668/1929/936
f 1864/1840/937 1865/1839/937 1950/1934/937 1949/1933/937
f 1866/1844/938 1867/1843/938 1952/1938/938 1951/1937/938
f 2013/1941/939 2014/1942/939 1954/1943/939 1953/1944/939
f 2015/1945/940 2016/1946/940 1956/1947/940 1955/1948/940
f 2017/1949/941 2018/1950/941 1958/1951/941 1957/1952/941
f 2019/1953/942 2020/1954/942 1960/1955/942 1959/1956/942
f 2021/1957/943 2022/1958/943 1962/1959/943 1961/1960/943
f 2023/1961/944 2024/1962/944 1964/1963/944 1963/1964/944
f 2025/1965/945 2026/1966/945 1993/1967/945 1994/1968/945
f 2027/1969/946 2028/1970/946 1991/1971/946 1992/1972/946
f 2029/1973/947 2030/1974/947 1989/1975/947 1990/1976/947
f 2031/1977/948 2032/1978/948 2011/1979/948 2012/1980/948
f 2033/1981/949 2034/1982/949 2009/1983/949 2010/1984/949
f 2035/1985/950 2036/1986/950 2007/1987/950 2008/1988/950
f 2037/1989/951 2038/1990/951 1972/1991/951 1971/1992/951
f 2039/1993/952 2040/1994/952 1974/1995/952 1973/1996/952
f 2041/1997/953 2042/1998/953 1976/1999/953 1975/2000/953
f 2043/2001/954 2044/2002/954 2005/2003/954 2006/2004/954
f 2045/2005/955 2046/2006/955 2003/2007/955 2004/2008/955
f 2047/2009/956 2048/2010/956 2001/2011/956 2002/2012/956
f 2049/2013/957 2050/2014/957 1978/2015/957 1977/2016/957
f 2051/2017/958 2052/2018/958 1980/2019/958 1979/2020/958
f 2053/2021/959 2054/2022/959 1982/2023/959 1981/2024/959
f 2055/2025/960 2056/2026/960 1984/2027/960 1983/2028/960
f 2057/2029/961 2058/2030/961 1986/2031/961 1985/2032/961
f 2059/2033/962 2060/2034/962 1988/2035/962 1987/2036/962
f 2061/2037/963 2062/2038/963 1999/2039/963 2000/2040/963
f 2063/2041/964 2064/2042/964 1997/2043/964 1998/2044/964
f 2065/2045/965 2066/2046/965 1995/2047/965 1996/2048/965
f 1994/1968/966 1993/1967/966 2014/1942/966 2013/1941/966
f 1992/1972/967 1991/1971/967 2016/1946/967 2015/1945/967
f 1990/1976/968 1989/1975/968 2018/1950/968 2017/1949/968
f 2000/2040/969 1999/2039/969 2020/1954/969 2019/1953/969
f 1998/2044/970 1997/2043/970 2022/1958/970 2021/1957/970
f 1996/2048/971 1995/2047/971 2024/1962/971 2023/1961/971
f 2012/1980/972 2011/1979/972 2026/1966/972 2025/1965/972
f 2010/1984/973 2009/1983/973 2028/1970/973 2027/1969/973
f 2008/1988/974 2007/1987/974 2030/1974/974 2029/1973/974
f 1965/2049/975 1966/2050/975 2032/1978/975 2031/1977/975
f 1967/2051/976 1968/2052/976 2034/1982/976 2033/1981/976
f 1969/2053/977 1970/2054/977 2036/1986/977 2035/1985/977
f 1953/1944/978 1954/1943/978 2038/1990/978 2037/1989/978
f 1955/1948/979 1956/1947/979 2040/1994/979 2039/1993/979
f 1957/1952/980 1958/1951/980 2042/1998/980 2041/1997/980
f 1959/1956/981 1960/1955/981 2044/2002/981 2043/2001/981
f 1961/1960/982 1962/1959/982 2046/2006/982 2045/2005/982
f 1963/1964/983 1964/1963/983 2048/2010/983 2047/2009/983
f 1971/1992/984 1972/1991/984 2050/2014/984 2049/2013/984
f 1973/1996/985 1974/1995/985 2052/2018/985 2051/2017/985
f 1975/2000/986 1976/1999/986 2054/2022/986 2053/2021/986
f 1977/2016/987 1978/2015/987 2056/2026/987 2055/2025/987
f 1979/2020/988 1980/2019/988 2058/2030/988 2057/2029/988
f 1981/2024/989 1982/2023/989 2060/2034/989 2059/2033/989
f 1983/2028/990 1984/2027/990 2062/2038/990 2061/2037/990
f 1985/2032/991 1986/2031/991 2064/2042/991 2063/2041/991
f 1987/2036/992 1988/2035/992 2066/2046/992 2065/2045/992
f 2121/2055/993 2122/2056/993 2068/2057/993 2067/2058/993
f 2123/2059/994 2124/2060/994 2070/2061/994 2069/2062/994
f 2125/2063/995 2126/2064/995 2072/2065/995 2071/2066/995
f 2127/2067/996 2128/2068/996 2074/2069/996 2073/2070/996
f 2129/2071/997 2130/2072/997 2076/2073/997 2075/2074/997
f 2131/2075/998 2132/2076/998 2078/2077/998 2077/2078/998
f 2133/2079/999 2134/2080/999 2101/2081/999 2102/2082/999
f 2135/2083/1000 2136/2084/1000 2099/2085/1000 2100/2086/1000
f 2137/2087/1001 2138/2088/1001 2097/2089/1001 2098/2090/1001
f 2139/2091/1002 2140/2092/1002 2119/2093/1002 2120/2094/1002
f 2141/2095/1003 2142/2096/1003 2117/2097/1003 2118/2098/1003
f 2143/2099/1004 2144/2100/1004 2115/2101/1004 2116/2102/1004
f 2145/2103/1005 2146/2104/1005 2080/2105/1005 2079/2106/1005
f 2147/2107/1006 2148/2108/1006 2082/2109/1006 2081/2110/1006
f 2149/2111/1007 2150/2112/1007 2084/2113/1007 2083/2114/1007
f 2151/2115/1008 2152/2116/1008 2113/2117/1008 2114/2118/1008
f 2153/2119/1009 2154/2120/1009 2111/2121/1009 2112/2122/1009
f 2155/2123/1010 2156/2124/1010 2109/2125/1010 2110/2126/1010
f 2157/2127/1011 2158/2128/1011 2086/2129/1011 2085/2130/1011
f 2159/2131/1012 2160/2132/1012 2088/2133/1012 2087/2134/1012
f 2161/2135/1013 2162/2136/1013 2090/2137/1013 2089/2138/1013
f 2163/2139/1014 2164/2140/1014 2092/2141/1014 2091/2142/1014
f 2165/2143/1015 2166/2144/1015 2094/2145/1015 2093/2146/1015
f 2167/2147/1016 2168/2148/1016 2096/2149/1016 2095/2150/1016
f 2169/2151/1017 2170/2152/1017 2107/2153/1017 2108/2154/1017
f 2171/2155/1018 2172/2156/1018 2105/2157/1018 2106/2158/1018
f 2173/2159/1019 2174/2160/1019 2103/2161/1019 2104/2162/1019
f 2102/2082/1020 2101/2081/1020 2122/2056/1020 2121/2055/1020
f 2100/2086/1021 2099/2085/1021 2124/2060/1021 2123/2059/1021
f 2098/2090/1022 2097/2089/1022 2126/2064/1022 2125/2063/1022
f 2108/2154/1023 2107/2153/1023 2128/2068/1023 2127/2067/1023
f 2106/2158/1024 2105/2157/1024 2130/2072/1024 2129/2071/1024
f 2104/2162/1025 2103/2161/1025 2132/2076/1025 2131/2075/1025
f 2120/2094/1026 2119/2093/1026 2134/2080/1026 2133/2079/1026
f 2118/2098/1027 2117/2097/1027 2136/2084/1027 2135/2083/1027
f 2116/2102/1028 2115/2101/1028 2138/2088/1028 2137/2087/1028
f 2006/2004/1029 2005/2003/1029 2140/2092/1029 2139/2091/1029
f 2004/2008/1030 2003/2007/1030 2142/2096/1030 2141/2095/1030
f 2002/2012/1031 2001/2011/1031 2144/2100/1031 2143/2099/1031
f 2067/2058/1032 2068/2057/1032 2146/2104/1032 2145/2103/1032
f 2069/2062/1033 2070/2061/1033 2148/2108/1033 2147/2107/1033
f 2071/2066/1034 2072/2065/1034 2150/2112/1034 2149/2111/1034
f 2073/2070/1035 2074/2069/1035 2152/2116/1035 2151/2115/1035
f 2075/2074/1036 2076/2073/1036 2154/2120/1036 2153/2119/1036
f 2077/2078/1037 2078/2077/1037 2156/2124/1037 2155/2123/1037
f 2079/2106/1038 2080/2105/1038 2158/2128/1038 2157/2127/1038
f 2081/2110/1039 2082/2109/1039 2160/2132/1039 2159/2131/1039
f 2083/2114/1040 2084/2113/1040 2162/2136/1040 2161/2135/1040
f 2085/2130/1041 2086/2129/1041 2164/2140/1041 2163/2139/1041
f 2087/2134/1042 2088/2133/1042 2166/2144/1042 2165/2143/1042
f 2089/2138/1043 2090/2137/1043 2168/2148/1043 2167/2147/1043
f 2091/2142/1044 2092/2141/1044 2170/2152/1044 2169/2151/1044
f 2093/2146/1045 2094/2145/1045 2172/2156/1045 2171/2155/1045
f 2095/2150/1046 2096/2149/1046 2174/2160/1046 2173/2159/1046
f 535/2163/1047 2220/2164/1047 2180/2165/1047 502/2166/1047
f 2221/2167/1048 2222/2168/1048 2182/2169/1048 2181/2170/1048
f 2223/2171/1049 2224/2172/1049 2184/2173/1049 2183/2174/1049
f 537/2175/1050 2225/2176/1050 2185/2177/1050 506/2178/1050
f 2226/2179/1051 2227/2180/1051 2187/2181/1051 2186/2182/1051
f 2228/2183/1052 2229/2184/1052 2189/2185/1052 2188/2186/1052
f 541/2187/1053 2230/2188/1053 2190/2189/1053 512/2190/1053
f 2231/2191/1054 2232/2192/1054 2192/2193/1054 2191/2194/1054
f 2233/2195/1055 2234/2196/1055 2194/2197/1055 2193/2198/1055
f 543/2199/1056 2235/2200/1056 2195/2201/1056 514/2202/1056
f 2236/2203/1057 2237/2204/1057 2197/2205/1057 2196/2206/1057
f 2238/2207/1058 2239/2208/1058 2199/2209/1058 2198/2210/1058
f 544/2211/1059 2240/2212/1059 2200/2213/1059 515/2214/1059
f 2241/2215/1060 2242/2216/1060 2202/2217/1060 2201/2218/1060
f 2243/2219/1061 2244/2220/1061 2204/2221/1061 2203/2222/1061
f 549/2223/1062 2245/2224/1062 2205/2225/1062 519/2226/1062
f 2246/2227/1063 2247/2228/1063 2207/2229/1063 2206/2230/1063
f 2248/2231/1064 2249/2232/1064 2209/2233/1064 2208/2234/1064
f 550/2235/1065 2250/2236/1065 2210/2237/1065 520/2238/1065
f 2251/2239/1066 2252/2240/1066 2212/2241/1066 2211/2242/1066
f 2253/2243/1067 2254/2244/1067 2214/2245/1067 2213/2246/1067
f 554/2247/1068 2255/2248/1068 2219/2249/1068 501/2250/1068
f 2256/2251/1069 2257/2252/1069 2217/2253/1069 2218/2254/1069
f 2258/2255/1070 2259/2256/1070 2215/2257/1070 2216/2258/1070
f 501/2250/1071 2219/2249/1071 2220/2164/1071 535/2163/1071
f 2218/2254/1072 2217/2253/1072 2222/2168/1072 2221/2167/1072
f 2216/2258/1073 2215/2257/1073 2224/2172/1073 2223/2171/1073
f 498/2259/1074 2175/2260/1074 2225/2176/1074 537/2175/1074
f 2176/2261/1075 2177/2262/1075 2227/2180/1075 2226/2179/1075
f 2178/2263/1076 2179/2264/1076 2229/2184/1076 2228/2183/1076
f 506/2178/1077 2185/2177/1077 2230/2188/1077 541/2187/1077
f 2186/2182/1078 2187/2181/1078 2232/2192/1078 2231/2191/1078
f 2188/2186/1079 2189/2185/1079 2234/2196/1079 2233/2195/1079
f 502/2166/1080 2180/2165/1080 2235/2200/1080 543/2199/1080
f 2181/2170/1081 2182/2169/1081 2237/2204/1081 2236/2203/1081
f 2183/2174/1082 2184/2173/1082 2239/2208/1082 2238/2207/1082
f 512/2190/1083 2190/2189/1083 2240/2212/1083 544/2211/1083
f 2191/2194/1084 2192/2193/1084 2242/2216/1084 2241/2215/1084
f 2193/2198/1085 2194/2197/1085 2244/2220/1085 2243/2219/1085
f 515/2214/1086 2200/2213/1086 2245/2224/1086 549/2223/1086
f 2201/2218/1087 2202/2217/1087 2247/2228/1087 2246/2227/1087
f 2203/2222/1088 2204/2221/1088 2249/2232/1088 2248/2231/1088
f 514/2202/1089 2195/2201/1089 2250/2236/1089 550/2235/1089
f 2196/2206/1090 2197/2205/1090 2252/2240/1090 2251/2239/1090
f 2198/2210/1091 2199/2209/1091 2254/2244/1091 2253/2243/1091
f 519/2226/1092 2205/2225/1092 2255/2248/1092 554/2247/1092
f 2206/2230/1093 2207/2229/1093 2257/2252/1093 2256/2251/1093
f 2208/2234/1094 2209/2233/1094 2259/2256/1094 2258/2255/1094
f 520/2238/1095 2210/2237/1095 2260/2265/1095 557/2266/1095
f 2211/2242/1096 2212/2241/1096 2262/2267/1096 2261/2268/1096
f 2213/2246/1097 2214/2245/1097 2264/2269/1097 2263/2270/1097
f 643/2271/1098 2310/2272/1098 2270/2273/1098 611/2274/1098
f 2311/2275/1099 2312/2276/1099 2272/2277/1099 2271/2278/1099
f 2313/2279/1100 2314/2280/1100 2274/2281/1100 2273/2282/1100
f 645/2283/1101 2315/2284/1101 2275/2285/1101 615/2286/1101
f 2316/2287/1102 2317/2288/1102 2277/2289/1102 2276/2290/1102
f 2318/2291/1103 2319/2292/1103 2279/2293/1103 2278/2294/1103
f 649/2295/1104 2320/2296/1104 2280/2297/1104 620/2298/1104
f 2321/2299/1105 2322/2300/1105 2282/2301/1105 2281/2302/1105
f 2323/2303/1106 2324/2304/1106 2284/2305/1106 2283/2306/1106
f 651/2307/1107 2325/2308/1107 2285/2309/1107 622/2310/1107
f 2326/2311/1108 2327/2312/1108 2287/2313/1108 2286/2314/1108
f 2328/2315/1109 2329/2316/1109 2289/2317/1109 2288/2318/1109
f 652/2319/1110 2330/2320/1110 2290/2321/1110 623/2322/1110
f 2331/2323/1111 2332/2324/1111 2292/2325/1111 2291/2326/1111
f 2333/2327/1112 2334/2328/1112 2294/2329/1112 2293/2330/1112
f 657/2331/1113 2335/2332/1113 2295/2333/1113 627/2334/1113
f 2336/2335/1114 2337/2336/1114 2297/2337/1114 2296/2338/1114
f 2338/2339/1115 2339/2340/1115 2299/2341/1115 2298/2342/1115
f 658/2343/1116 2340/2344/1116 2300/2345/1116 628/2346/1116
f 2341/2347/1117 2342/2348/1117 2302/2349/1117 2301/2350/1117
f 2343/2351/1118 2344/2352/1118 2304/2353/1118 2303/2354/1118
f 662/2355/1119 2345/2356/1119 2309/2357/1119 610/2358/1119
f 2346/2359/1120 2347/2360/1120 2307/2361/1120 2308/2362/1120
f 2348/2363/1121 2349/2364/1121 2305/2365/1121 2306/2366/1121
f 665/2367/1122 2350/2368/1122 2175/2260/1122 498/2259/1122
f 2351/2369/1123 2352/2370/1123 2177/2262/1123 2176/2261/1123
f 2353/2371/1124 2354/2372/1124 2179/2264/1124 2178/2263/1124
f 610/2358/1125 2309/2357/1125 2310/2272/1125 643/2271/1125
f 2308/2362/1126 2307/2361/1126 2312/2276/1126 2311/2275/1126
f 2306/2366/1127 2305/2365/1127 2314/2280/1127 2313/2279/1127
f 607/2373/1128 2265/2374/1128 2315/2284/1128 645/2283/1128
f 2266/2375/1129 2267/2376/1129 2317/2288/1129 2316/2287/1129
f 2268/2377/1130 2269/2378/1130 2319/2292/1130 2318/2291/1130
f 615/2286/1131 2275/2285/1131 2320/2296/1131 649/2295/1131
f 2276/2290/1132 2277/2289/1132 2322/2300/1132 2321/2299/1132
f 2278/2294/1133 2279/2293/1133 2324/2304/1133 2323/2303/1133
f 611/2274/1134 2270/2273/1134 2325/2308/1134 651/2307/1134
f 2271/2278/1135 2272/2277/1135 2327/2312/1135 2326/2311/1135
f 2273/2282/1136 2274/2281/1136 2329/2316/1136 2328/2315/1136
f 620/2298/1137 2280/2297/1137 2330/2320/1137 652/2319/1137
f 2281/2302/1138 2282/2301/1138 2332/2324/1138 2331/2323/1138
f 2283/2306/1139 2284/2305/1139 2334/2328/1139 2333/2327/1139
f 623/2322/1140 2290/2321/1140 2335/2332/1140 657/2331/1140
f 2291/2326/1141 2292/2325/1141 2337/2336/1141 2336/2335/1141
f 2293/2330/1142 2294/2329/1142 2339/2340/1142 2338/2339/1142
f 622/2310/1143 2285/2309/1143 2340/2344/1143 658/2343/1143
f 2286/2314/1144 2287/2313/1144 2342/2348/1144 2341/2347/1144
f 2288/2318/1145 2289/2317/1145 2344/2352/1145 2343/2351/1145
f 627/2334/1146 2295/2333/1146 2345/2356/1146 662/2355/1146
f 2296/2338/1147 2297/2337/1147 2347/2360/1147 2346/2359/1147
f 2298/2342/1148 2299/2341/1148 2349/2364/1148 2348/2363/1148
f 628/2346/1149 2300/2345/1149 2350/2368/1149 665/2367/1149
f 2301/2350/1150 2302/2349/1150 2352/2370/1150 2351/2369/1150
f 2303/2354/1151 2304/2353/1151 2354/2372/1151 2353/2371/1151
f 2703/2379/1152 2482/2380/1152 2365/2381/1152 2480/2382/1152
f 2704/2383/1153 2484/2384/1153 2363/2385/1153 2479/2386/1153
f 2705/475/1154 2486/2387/1154 2361/2388/1154 2478/477/1154
f 2706/481/1155 2492/2389/1155 2372/2390/1155 2497/483/1155
f 2707/485/1156 2493/2391/1156 2373/2392/1156 2498/487/1156
f 2708/489/1157 2494/2393/1157 2374/2394/1157 2499/491/1157
f 2709/493/1158 2495/2395/1158 2375/2396/1158 2500/495/1158
f 2710/497/1159 2496/2397/1159 2376/2398/1159 2501/474/1159
f 2711/2399/1160 2507/2400/1160 2382/2401/1160 2512/2402/1160
f 2712/2403/1161 2508/2404/1161 2383/2405/1161 2513/2406/1161
f 2713/2407/1162 2509/2408/1162 2384/2409/1162 2514/2410/1162
f 2714/2411/1163 2510/2412/1163 2385/2413/1163 2515/2414/1163
f 2715/2415/1164 2511/2416/1164 2386/2417/1164 2516/2418/1164
f 2716/2419/1165 2522/2420/1165 2392/2421/1165 2527/2422/1165
f 2717/2423/1166 2523/2424/1166 2393/2425/1166 2528/2426/1166
f 2718/2427/1167 2524/2428/1167 2394/2429/1167 2529/2430/1167
f 2719/2431/1168 2525/2432/1168 2395/2433/1168 2530/2434/1168
f 2720/2435/1169 2526/2436/1169 2396/2437/1169 2531/2438/1169
f 2721/2439/1170 2536/2440/1170 2401/2441/1170 2534/2442/1170
f 2722/2443/1171 2538/2444/1171 2399/2445/1171 2533/2446/1171
f 2723/499/1172 2540/2447/1172 2397/2448/1172 2532/501/1172
f 2724/2449/1173 2545/2450/1173 2407/2451/1173 2543/2452/1173
f 2725/2453/1174 2547/2454/1174 2405/2455/1174 2542/2456/1174
f 2726/503/1175 2549/2457/1175 2403/2458/1175 2541/505/1175
f 2727/2459/1176 2554/2460/1176 2413/2461/1176 2552/2462/1176
f 2728/2463/1177 2556/2464/1177 2411/2465/1177 2551/2466/1177
f 2729/507/1178 2558/2467/1178 2409/2468/1178 2550/509/1178
f 2730/2469/1179 2564/2470/1179 2425/2471/1179 2566/2472/1179
f 2731/2473/1180 2563/2474/1180 2423/2475/1180 2568/2476/1180
f 2732/2477/1181 2562/2478/1181 2421/2479/1181 2570/2480/1181
f 2733/2481/1182 2581/2482/1182 2432/2483/1182 2576/2484/1182
f 2734/2485/1183 2582/2486/1183 2433/2487/1183 2577/2488/1183
f 2735/2489/1184 2583/2490/1184 2434/2491/1184 2578/2492/1184
f 2736/2493/1185 2584/2494/1185 2435/2495/1185 2579/2496/1185
f 2737/2497/1186 2585/2498/1186 2436/2499/1186 2580/2500/1186
f 2738/2501/1187 2596/2502/1187 2442/2503/1187 2591/2504/1187
f 2739/2505/1188 2597/2506/1188 2443/2507/1188 2592/2508/1188
f 2740/2509/1189 2598/2510/1189 2444/2511/1189 2593/2512/1189
f 2741/2513/1190 2599/2514/1190 2445/2515/1190 2594/2516/1190
f 2742/2517/1191 2600/2518/1191 2446/2519/1191 2595/2520/1191
f 2743/2521/1192 2611/2522/1192 2452/2523/1192 2606/2524/1192
f 2744/2525/1193 2612/2526/1193 2453/2527/1193 2607/2528/1193
f 2745/2529/1194 2613/2530/1194 2454/2531/1194 2608/2532/1194
f 2746/2533/1195 2614/2534/1195 2455/2535/1195 2609/2536/1195
f 2747/2537/1196 2615/2538/1196 2456/2539/1196 2610/2540/1196
f 2748/2541/1197 2618/2542/1197 2461/2543/1197 2620/2544/1197
f 2749/2545/1198 2617/2546/1198 2459/2547/1198 2622/2548/1198
f 2750/2549/1199 2616/2550/1199 2457/2551/1199 2624/2552/1199
f 2751/2553/1200 2627/2554/1200 2467/2555/1200 2629/2556/1200
f 2752/2557/1201 2626/2558/1201 2465/2559/1201 2631/2560/1201
f 2753/2561/1202 2625/2562/1202 2463/2563/1202 2633/2564/1202
f 2754/2565/1203 2636/2566/1203 2473/2567/1203 2638/2568/1203
f 2755/2569/1204 2635/2570/1204 2471/2571/1204 2640/2572/1204
f 2756/2573/1205 2634/2574/1205 2469/2575/1205 2642/2576/1205
f 2757/2577/1206 2619/2578/1206 2426/2579/1206 2644/2580/1206
f 2758/2581/1207 2575/2582/1207 2431/2583/1207 2650/2584/1207
f 2759/1725/1208 2590/2585/1208 2441/2586/1208 2652/1728/1208
f 2760/2587/1209 2642/2576/1209 2469/2575/1209 2647/2588/1209
f 2761/2589/1210 2605/2590/1210 2451/2591/1210 2655/2592/1210
f 2762/2163/1211 2568/2476/1211 2423/2475/1211 2657/2166/1211
f 2763/513/1212 2620/2544/1212 2461/2543/1212 2659/515/1212
f 2764/2593/1213 2576/2484/1213 2432/2483/1213 2665/2594/1213
f 2765/2175/1214 2591/2504/1214 2442/2503/1214 2666/2178/1214
f 2766/2595/1215 2628/2596/1215 2462/2597/1215 2643/2598/1215
f 2767/2599/1216 2569/2600/1216 2416/2601/1216 2668/2602/1216
f 2768/519/1217 2606/2524/1217 2452/2523/1217 2669/521/1217
f 2769/1737/1218 2621/2603/1218 2424/2604/1218 2671/1740/1218
f 2770/2605/1219 2577/2488/1219 2433/2487/1219 2674/2606/1219
f 2771/523/1220 2629/2556/1220 2467/2555/1220 2675/525/1220
f 2772/2187/1221 2592/2508/1221 2443/2507/1221 2676/2190/1221
f 2773/2607/1222 2570/2480/1222 2421/2479/1222 2678/2608/1222
f 2774/527/1223 2607/2528/1223 2453/2527/1223 2679/529/1223
f 2775/2199/1224 2622/2548/1224 2459/2547/1224 2680/2202/1224
f 2776/2609/1225 2637/2610/1225 2468/2611/1225 2667/2612/1225
f 2777/2613/1226 2578/2492/1226 2434/2491/1226 2681/2614/1226
f 2778/2211/1227 2593/2512/1227 2444/2511/1227 2682/2214/1227
f 2779/1749/1228 2630/2615/1228 2460/2616/1228 2670/1752/1228
f 2780/2617/1229 2571/2618/1229 2427/2619/1229 2685/2620/1229
f 2781/531/1230 2608/2532/1230 2454/2531/1230 2686/533/1230
f 2782/1761/1231 2586/2621/1231 2437/2622/1231 2687/1764/1231
f 2783/2623/1232 2623/2624/1232 2422/2625/1232 2684/2626/1232
f 2784/535/1233 2638/2568/1233 2473/2567/1233 2672/537/1233
f 2785/2627/1234 2601/2628/1234 2447/2629/1234 2689/2630/1234
f 2786/2631/1235 2579/2496/1235 2435/2495/1235 2690/2632/1235
f 2787/2223/1236 2594/2516/1236 2445/2515/1236 2691/2226/1236
f 2788/2235/1237 2631/2560/1237 2465/2559/1237 2692/2238/1237
f 2789/2633/1238 2572/2634/1238 2428/2635/1238 2693/2636/1238
f 2790/539/1239 2609/2536/1239 2455/2535/1239 2694/541/1239
f 2791/1773/1240 2587/2637/1240 2438/2638/1240 2695/1776/1240
f 2792/2639/1241 2624/2552/1241 2457/2551/1241 2696/2640/1241
f 2793/1785/1242 2639/2641/1242 2466/2642/1242 2683/1788/1242
f 2794/2643/1243 2565/2644/1243 2420/2645/1243 2662/2646/1243
f 2795/2647/1244 2602/2648/1244 2448/2649/1244 2697/2650/1244
f 2796/2651/1245 2580/2500/1245 2436/2499/1245 2677/2652/1245
f 2797/2247/1246 2595/2520/1246 2446/2519/1246 2656/2250/1246
f 2798/2653/1247 2632/2654/1247 2458/2655/1247 2688/2656/1247
f 2799/2657/1248 2573/2658/1248 2429/2659/1248 2699/2660/1248
f 2800/543/1249 2610/2540/1249 2456/2539/1249 2700/545/1249
f 2801/1797/1250 2588/2661/1250 2439/2662/1250 2701/1800/1250
f 2802/2266/1251 2640/2572/1251 2471/2571/1251 2660/2663/1251
f 2803/547/1252 2566/2472/1252 2425/2471/1252 2658/512/1252
f 2804/2664/1253 2603/2665/1253 2449/2666/1253 2702/2667/1253
f 2805/2668/1254 2633/2564/1254 2463/2563/1254 2653/2669/1254
f 2806/2670/1255 2574/2671/1255 2430/2672/1255 2649/2673/1255
f 2807/1809/1256 2589/2674/1256 2440/2675/1256 2651/1812/1256
f 2808/2676/1257 2641/2677/1257 2464/2678/1257 2698/2679/1257
f 2809/1821/1258 2567/2680/1258 2418/2681/1258 2645/1824/1258
f 2810/2682/1259 2604/2683/1259 2450/2684/1259 2654/2685/1259
f 2531/2438/1260 2396/2437/1260 2482/2380/1260 2703/2379/1260
f 2387/1287/1261 2531/2438/1261 2703/2379/1261 2517/1290/1261
f 2517/1290/1262 2703/2379/1262 2480/2382/1262 2366/1300/1262
f 2516/2418/1263 2386/2417/1263 2484/2384/1263 2704/2383/1263
f 2377/1065/1264 2516/2418/1264 2704/2383/1264 2502/1068/1264
f 2502/1068/1265 2704/2383/1265 2479/2386/1265 2364/1078/1265
f 2501/474/1266 2376/2398/1266 2486/2387/1266 2705/475/1266
f 2367/2686/1267 2501/474/1267 2705/475/1267 2487/2687/1267
f 2487/2687/1268 2705/475/1268 2478/477/1268 2362/2688/1268
f 2475/480/1269 2355/2689/1269 2492/2389/1269 2706/481/1269
f 2356/2690/1270 2475/480/1270 2706/481/1270 2485/2691/1270
f 2485/2691/1271 2706/481/1271 2497/483/1271 2371/2692/1271
f 2497/483/1272 2372/2390/1272 2493/2391/1272 2707/485/1272
f 2371/2692/1273 2497/483/1273 2707/485/1273 2491/2693/1273
f 2491/2693/1274 2707/485/1274 2498/487/1274 2370/2694/1274
f 2498/487/1275 2373/2392/1275 2494/2393/1275 2708/489/1275
f 2370/2694/1276 2498/487/1276 2708/489/1276 2490/2695/1276
f 2490/2695/1277 2708/489/1277 2499/491/1277 2369/2696/1277
f 2499/491/1278 2374/2394/1278 2495/2395/1278 2709/493/1278
f 2369/2696/1279 2499/491/1279 2709/493/1279 2489/2697/1279
f 2489/2697/1280 2709/493/1280 2500/495/1280 2368/2698/1280
f 2500/495/1281 2375/2396/1281 2496/2397/1281 2710/497/1281
f 2368/2698/1282 2500/495/1282 2710/497/1282 2488/2699/1282
f 2488/2699/1283 2710/497/1283 2501/474/1283 2367/2686/1283
f 2476/2700/1284 2357/2701/1284 2507/2400/1284 2711/2399/1284
f 2358/1083/1285 2476/2700/1285 2711/2399/1285 2483/1086/1285
f 2483/1086/1286 2711/2399/1286 2512/2402/1286 2381/1096/1286
f 2512/2402/1287 2382/2401/1287 2508/2404/1287 2712/2403/1287
f 2381/1096/1288 2512/2402/1288 2712/2403/1288 2506/1102/1288
f 2506/1102/1289 2712/2403/1289 2513/2406/1289 2380/1108/1289
f 2513/2406/1290 2383/2405/1290 2509/2408/1290 2713/2407/1290
f 2380/1108/1291 2513/2406/1291 2713/2407/1291 2505/1114/1291
f 2505/1114/1292 2713/2407/1292 2514/2410/1292 2379/1120/1292
f 2514/2410/1293 2384/2409/1293 2510/2412/1293 2714/2411/1293
f 2379/1120/1294 2514/2410/1294 2714/2411/1294 2504/1126/1294
f 2504/1126/1295 2714/2411/1295 2515/2414/1295 2378/1132/1295
f 2515/2414/1296 2385/2413/1296 2511/2416/1296 2715/2415/1296
f 2378/1132/1297 2515/2414/1297 2715/2415/1297 2503/1138/1297
f 2503/1138/1298 2715/2415/1298 2516/2418/1298 2377/1065/1298
f 2477/2702/1299 2359/2703/1299 2522/2420/1299 2716/2419/1299
f 2360/1305/1300 2477/2702/1300 2716/2419/1300 2481/1308/1300
f 2481/1308/1301 2716/2419/1301 2527/2422/1301 2391/1318/1301
f 2527/2422/1302 2392/2421/1302 2523/2424/1302 2717/2423/1302
f 2391/1318/1303 2527/2422/1303 2717/2423/1303 2521/1324/1303
f 2521/1324/1304 2717/2423/1304 2528/2426/1304 2390/1330/1304
f 2528/2426/1305 2393/2425/1305 2524/2428/1305 2718/2427/1305
f 2390/1330/1306 2528/2426/1306 2718/2427/1306 2520/1336/1306
f 2520/1336/1307 2718/2427/1307 2529/2430/1307 2389/1342/1307
f 2529/2430/1308 2394/2429/1308 2525/2432/1308 2719/2431/1308
f 2389/1342/1309 2529/2430/1309 2719/2431/1309 2519/1348/1309
f 2519/1348/1310 2719/2431/1310 2530/2434/1310 2388/1354/1310
f 2530/2434/1311 2395/2433/1311 2526/2436/1311 2720/2435/1311
f 2388/1354/1312 2530/2434/1312 2720/2435/1312 2518/1360/1312
f 2518/1360/1313 2720/2435/1313 2531/2438/1313 2387/1287/1313
f 2480/2382/1314 2365/2381/1314 2536/2440/1314 2721/2439/1314
f 2366/1300/1315 2480/2382/1315 2721/2439/1315 2535/1366/1315
f 2535/1366/1316 2721/2439/1316 2534/2442/1316 2402/1372/1316
f 2479/2386/1317 2363/2385/1317 2538/2444/1317 2722/2443/1317
f 2364/1078/1318 2479/2386/1318 2722/2443/1318 2537/1144/1318
f 2537/1144/1319 2722/2443/1319 2533/2446/1319 2400/1150/1319
f 2478/477/1320 2361/2388/1320 2540/2447/1320 2723/499/1320
f 2362/2688/1321 2478/477/1321 2723/499/1321 2539/2704/1321
f 2539/2704/1322 2723/499/1322 2532/501/1322 2398/2705/1322
f 2534/2442/1323 2401/2441/1323 2545/2450/1323 2724/2449/1323
f 2402/1372/1324 2534/2442/1324 2724/2449/1324 2544/1378/1324
f 2544/1378/1325 2724/2449/1325 2543/2452/1325 2408/1384/1325
f 2533/2446/1326 2399/2445/1326 2547/2454/1326 2725/2453/1326
f 2400/1150/1327 2533/2446/1327 2725/2453/1327 2546/1156/1327
f 2546/1156/1328 2725/2453/1328 2542/2456/1328 2406/1162/1328
f 2532/501/1329 2397/2448/1329 2549/2457/1329 2726/503/1329
f 2398/2705/1330 2532/501/1330 2726/503/1330 2548/2706/1330
f 2548/2706/1331 2726/503/1331 2541/505/1331 2404/2707/1331
f 2543/2452/1332 2407/2451/1332 2554/2460/1332 2727/2459/1332
f 2408/1384/1333 2543/2452/1333 2727/2459/1333 2553/1390/1333
f 2553/1390/1334 2727/2459/1334 2552/2462/1334 2414/1396/1334
f 2542/2456/1335 2405/2455/1335 2556/2464/1335 2728/2463/1335
f 2406/1162/1336 2542/2456/1336 2728/2463/1336 2555/1168/1336
f 2555/1168/1337 2728/2463/1337 2551/2466/1337 2412/1174/1337
f 2541/505/1338 2403/2458/1338 2558/2467/1338 2729/507/1338
f 2404/2707/1339 2541/505/1339 2729/507/1339 2557/2708/1339
f 2557/2708/1340 2729/507/1340 2550/509/1340 2410/2709/1340
f 2601/2628/1341 2426/2579/1341 2564/2710/1341 2730/2711/1341
f 2447/2629/1342 2601/2628/1342 2730/2711/1342 2615/2712/1342
f 2615/2538/1343 2730/2469/1343 2566/2472/1343 2456/2539/1343
f 2586/2621/1344 2424/2604/1344 2563/2713/1344 2731/2714/1344
f 2437/2622/1345 2586/2621/1345 2731/2714/1345 2600/2715/1345
f 2600/2518/1346 2731/2473/1346 2568/2476/1346 2446/2519/1346
f 2571/2618/1347 2422/2625/1347 2562/2716/1347 2732/2717/1347
f 2427/2619/1348 2571/2618/1348 2732/2717/1348 2585/2718/1348
f 2585/2498/1349 2732/2477/1349 2570/2480/1349 2436/2499/1349
f 2569/2600/1350 2431/2583/1350 2581/2719/1350 2733/2720/1350
f 2416/2601/1351 2569/2600/1351 2733/2720/1351 2559/2721/1351
f 2559/2722/1352 2733/2481/1352 2576/2484/1352 2415/2723/1352
f 2575/2582/1353 2430/2672/1353 2582/2724/1353 2734/2725/1353
f 2431/2583/1354 2575/2582/1354 2734/2725/1354 2581/2719/1354
f 2581/2482/1355 2734/2485/1355 2577/2488/1355 2432/2483/1355
f 2574/2671/1356 2429/2659/1356 2583/2726/1356 2735/2727/1356
f 2430/2672/1357 2574/2671/1357 2735/2727/1357 2582/2724/1357
f 2582/2486/1358 2735/2489/1358 2578/2492/1358 2433/2487/1358
f 2573/2658/1359 2428/2635/1359 2584/2728/1359 2736/2729/1359
f 2429/2659/1360 2573/2658/1360 2736/2729/1360 2583/2726/1360
f 2583/2490/1361 2736/2493/1361 2579/2496/1361 2434/2491/1361
f 2572/2634/1362 2427/2619/1362 2585/2718/1362 2737/2730/1362
f 2428/2635/1363 2572/2634/1363 2737/2730/1363 2584/2728/1363
f 2584/2494/1364 2737/2497/1364 2580/2500/1364 2435/2495/1364
f 2567/2680/1365 2441/2586/1365 2596/2731/1365 2738/2732/1365
f 2418/2681/1366 2567/2680/1366 2738/2732/1366 2560/2733/1366
f 2560/2734/1367 2738/2501/1367 2591/2504/1367 2417/2735/1367
f 2590/2585/1368 2440/2675/1368 2597/2736/1368 2739/2737/1368
f 2441/2586/1369 2590/2585/1369 2739/2737/1369 2596/2731/1369
f 2596/2502/1370 2739/2505/1370 2592/2508/1370 2442/2503/1370
f 2589/2674/1371 2439/2662/1371 2598/2738/1371 2740/2739/1371
f 2440/2675/1372 2589/2674/1372 2740/2739/1372 2597/2736/1372
f 2597/2506/1373 2740/2509/1373 2593/2512/1373 2443/2507/1373
f 2588/2661/1374 2438/2638/1374 2599/2740/1374 2741/2741/1374
f 2439/2662/1375 2588/2661/1375 2741/2741/1375 2598/2738/1375
f 2598/2510/1376 2741/2513/1376 2594/2516/1376 2444/2511/1376
f 2587/2637/1377 2437/2622/1377 2600/2715/1377 2742/2742/1377
f 2438/2638/1378 2587/2637/1378 2742/2742/1378 2599/2740/1378
f 2599/2514/1379 2742/2517/1379 2595/2520/1379 2445/2515/1379
f 2565/2644/1380 2451/2591/1380 2611/2743/1380 2743/2744/1380
f 2420/2645/1381 2565/2644/1381 2743/2744/1381 2561/2745/1381
f 2561/2746/1382 2743/2521/1382 2606/2524/1382 2419/2747/1382
f 2605/2590/1383 2450/2684/1383 2612/2748/1383 2744/2749/1383
f 2451/2591/1384 2605/2590/1384 2744/2749/1384 2611/2743/1384
f 2611/2522/1385 2744/2525/1385 2607/2528/1385 2452/2523/1385
f 2604/2683/1386 2449/2666/1386 2613/2750/1386 2745/2751/1386
f 2450/2684/1387 2604/2683/1387 2745/2751/1387 2612/2748/1387
f 2612/2526/1388 2745/2529/1388 2608/2532/1388 2453/2527/1388
f 2603/2665/1389 2448/2649/1389 2614/2752/1389 2746/2753/1389
f 2449/2666/1390 2603/2665/1390 2746/2753/1390 2613/2750/1390
f 2613/2530/1391 2746/2533/1391 2609/2536/1391 2454/2531/1391
f 2602/2648/1392 2447/2629/1392 2615/2712/1392 2747/2754/1392
f 2448/2649/1393 2602/2648/1393 2747/2754/1393 2614/2752/1393
f 2614/2534/1394 2747/2537/1394 2610/2540/1394 2455/2535/1394
f 2619/2578/1395 2462/2597/1395 2618/2755/1395 2748/2756/1395
f 2426/2579/1396 2619/2578/1396 2748/2756/1396 2564/2710/1396
f 2564/2470/1397 2748/2541/1397 2620/2544/1397 2425/2471/1397
f 2621/2603/1398 2460/2616/1398 2617/2757/1398 2749/2758/1398
f 2424/2604/1399 2621/2603/1399 2749/2758/1399 2563/2713/1399
f 2563/2474/1400 2749/2545/1400 2622/2548/1400 2423/2475/1400
f 2623/2624/1401 2458/2655/1401 2616/2759/1401 2750/2760/1401
f 2422/2625/1402 2623/2624/1402 2750/2760/1402 2562/2716/1402
f 2562/2478/1403 2750/2549/1403 2624/2552/1403 2421/2479/1403
f 2628/2596/1404 2468/2611/1404 2627/2761/1404 2751/2762/1404
f 2462/2597/1405 2628/2596/1405 2751/2762/1405 2618/2755/1405
f 2618/2542/1406 2751/2553/1406 2629/2556/1406 2461/2543/1406
f 2630/2615/1407 2466/2642/1407 2626/2763/1407 2752/2764/1407
f 2460/2616/1408 2630/2615/1408 2752/2764/1408 2617/2757/1408
f 2617/2546/1409 2752/2557/1409 2631/2560/1409 2459/2547/1409
f 2632/2654/1410 2464/2678/1410 2625/2765/1410 2753/2766/1410
f 2458/2655/1411 2632/2654/1411 2753/2766/1411 2616/2759/1411
f 2616/2550/1412 2753/2561/1412 2633/2564/1412 2457/2551/1412
f 2637/2610/1413 2474/2767/1413 2636/2768/1413 2754/2769/1413
f 2468/2611/1414 2637/2610/1414 2754/2769/1414 2627/2761/1414
f 2627/2554/1415 2754/2565/1415 2638/2568/1415 2467/2555/1415
f 2639/2641/1416 2472/2770/1416 2635/2771/1416 2755/2772/1416
f 2466/2642/1417 2639/2641/1417 2755/2772/1417 2626/2763/1417
f 2626/2558/1418 2755/2569/1418 2640/2572/1418 2465/2559/1418
f 2641/2677/1419 2470/2773/1419 2634/2774/1419 2756/2775/1419
f 2464/2678/1420 2641/2677/1420 2756/2775/1420 2625/2765/1420
f 2625/2562/1421 2756/2573/1421 2642/2576/1421 2463/2563/1421
f 2643/2598/1422 2462/2597/1422 2619/2578/1422 2757/2577/1422
f 2402/1372/1423 2643/2598/1423 2757/2577/1423 2535/1366/1423
f 2535/1366/1424 2757/2577/1424 2644/2580/1424 2366/1300/1424
f 2649/2673/1425 2430/2672/1425 2575/2582/1425 2758/2581/1425
f 2370/2694/1426 2649/2673/1426 2758/2581/1426 2491/2693/1426
f 2491/2693/1427 2758/2581/1427 2650/2584/1427 2371/2692/1427
f 2651/1812/1428 2440/2675/1428 2590/2585/1428 2759/1725/1428
f 2380/1108/1429 2651/1812/1429 2759/1725/1429 2506/1102/1429
f 2506/1102/1430 2759/1725/1430 2652/1728/1430 2381/1096/1430
f 2653/2669/1431 2463/2563/1431 2642/2576/1431 2760/2587/1431
f 2403/2458/1432 2653/2669/1432 2760/2587/1432 2558/2467/1432
f 2558/2467/1433 2760/2587/1433 2647/2588/1433 2409/2468/1433
f 2654/2685/1434 2450/2684/1434 2605/2590/1434 2761/2589/1434
f 2390/1330/1435 2654/2685/1435 2761/2589/1435 2521/1324/1435
f 2521/1324/1436 2761/2589/1436 2655/2592/1436 2391/1318/1436
f 2656/2250/1437 2446/2519/1437 2568/2476/1437 2762/2163/1437
f 2386/2417/1438 2656/2250/1438 2762/2163/1438 2484/2384/1438
f 2484/2384/1439 2762/2163/1439 2657/2166/1439 2363/2385/1439
f 2658/512/1440 2425/2471/1440 2620/2544/1440 2763/513/1440
f 2365/2381/1441 2658/512/1441 2763/513/1441 2536/2440/1441
f 2536/2440/1442 2763/513/1442 2659/515/1442 2401/2441/1442
f 2664/2776/1443 2415/2723/1443 2576/2484/1443 2764/2593/1443
f 2355/2689/1444 2664/2776/1444 2764/2593/1444 2492/2389/1444
f 2492/2389/1445 2764/2593/1445 2665/2594/1445 2372/2390/1445
f 2646/2259/1446 2417/2735/1446 2591/2504/1446 2765/2175/1446
f 2357/2701/1447 2646/2259/1447 2765/2175/1447 2507/2400/1447
f 2507/2400/1448 2765/2175/1448 2666/2178/1448 2382/2401/1448
f 2667/2612/1449 2468/2611/1449 2628/2596/1449 2766/2595/1449
f 2408/1384/1450 2667/2612/1450 2766/2595/1450 2544/1378/1450
f 2544/1378/1451 2766/2595/1451 2643/2598/1451 2402/1372/1451
f 2650/2584/1452 2431/2583/1452 2569/2600/1452 2767/2599/1452
f 2371/2692/1453 2650/2584/1453 2767/2599/1453 2485/2691/1453
f 2485/2691/1454 2767/2599/1454 2668/2602/1454 2356/2690/1454
f 2663/518/1455 2419/2747/1455 2606/2524/1455 2768/519/1455
f 2359/2703/1456 2663/518/1456 2768/519/1456 2522/2420/1456
f 2522/2420/1457 2768/519/1457 2669/521/1457 2392/2421/1457
f 2670/1752/1458 2460/2616/1458 2621/2603/1458 2769/1737/1458
f 2400/1150/1459 2670/1752/1459 2769/1737/1459 2537/1144/1459
f 2537/1144/1460 2769/1737/1460 2671/1740/1460 2364/1078/1460
f 2665/2594/1461 2432/2483/1461 2577/2488/1461 2770/2605/1461
f 2372/2390/1462 2665/2594/1462 2770/2605/1462 2493/2391/1462
f 2493/2391/1463 2770/2605/1463 2674/2606/1463 2373/2392/1463
f 2659/515/1464 2461/2543/1464 2629/2556/1464 2771/523/1464
f 2401/2441/1465 2659/515/1465 2771/523/1465 2545/2450/1465
f 2545/2450/1466 2771/523/1466 2675/525/1466 2407/2451/1466
f 2666/2178/1467 2442/2503/1467 2592/2508/1467 2772/2187/1467
f 2382/2401/1468 2666/2178/1468 2772/2187/1468 2508/2404/1468
f 2508/2404/1469 2772/2187/1469 2676/2190/1469 2383/2405/1469
f 2677/2652/1470 2436/2499/1470 2570/2480/1470 2773/2607/1470
f 2376/2398/1471 2677/2652/1471 2773/2607/1471 2486/2387/1471
f 2486/2387/1472 2773/2607/1472 2678/2608/1472 2361/2388/1472
f 2669/521/1473 2452/2523/1473 2607/2528/1473 2774/527/1473
f 2392/2421/1474 2669/521/1474 2774/527/1474 2523/2424/1474
f 2523/2424/1475 2774/527/1475 2679/529/1475 2393/2425/1475
f 2657/2166/1476 2423/2475/1476 2622/2548/1476 2775/2199/1476
f 2363/2385/1477 2657/2166/1477 2775/2199/1477 2538/2444/1477
f 2538/2444/1478 2775/2199/1478 2680/2202/1478 2399/2445/1478
f 2673/2777/1479 2474/2767/1479 2637/2610/1479 2776/2609/1479
f 2414/1396/1480 2673/2777/1480 2776/2609/1480 2553/1390/1480
f 2553/1390/1481 2776/2609/1481 2667/2612/1481 2408/1384/1481
f 2674/2606/1482 2433/2487/1482 2578/2492/1482 2777/2613/1482
f 2373/2392/1483 2674/2606/1483 2777/2613/1483 2494/2393/1483
f 2494/2393/1484 2777/2613/1484 2681/2614/1484 2374/2394/1484
f 2676/2190/1485 2443/2507/1485 2593/2512/1485 2778/2211/1485
f 2383/2405/1486 2676/2190/1486 2778/2211/1486 2509/2408/1486
f 2509/2408/1487 2778/2211/1487 2682/2214/1487 2384/2409/1487
f 2683/1788/1488 2466/2642/1488 2630/2615/1488 2779/1749/1488
f 2406/1162/1489 2683/1788/1489 2779/1749/1489 2546/1156/1489
f 2546/1156/1490 2779/1749/1490 2670/1752/1490 2400/1150/1490
f 2684/2626/1491 2422/2625/1491 2571/2618/1491 2780/2617/1491
f 2362/2688/1492 2684/2626/1492 2780/2617/1492 2487/2687/1492
f 2487/2687/1493 2780/2617/1493 2685/2620/1493 2367/2686/1493
f 2679/529/1494 2453/2527/1494 2608/2532/1494 2781/531/1494
f 2393/2425/1495 2679/529/1495 2781/531/1495 2524/2428/1495
f 2524/2428/1496 2781/531/1496 2686/533/1496 2394/2429/1496
f 2671/1740/1497 2424/2604/1497 2586/2621/1497 2782/1761/1497
f 2364/1078/1498 2671/1740/1498 2782/1761/1498 2502/1068/1498
f 2502/1068/1499 2782/1761/1499 2687/1764/1499 2377/1065/1499
f 2688/2656/1500 2458/2655/1500 2623/2624/1500 2783/2623/1500
f 2398/2705/1501 2688/2656/1501 2783/2623/1501 2539/2704/1501
f 2539/2704/1502 2783/2623/1502 2684/2626/1502 2362/2688/1502
f 2675/525/1503 2467/2555/1503 2638/2568/1503 2784/535/1503
f 2407/2451/1504 2675/525/1504 2784/535/1504 2554/2460/1504
f 2554/2460/1505 2784/535/1505 2672/537/1505 2413/2461/1505
f 2644/2580/1506 2426/2579/1506 2601/2628/1506 2785/2627/1506
f 2366/1300/1507 2644/2580/1507 2785/2627/1507 2517/1290/1507
f 2517/1290/1508 2785/2627/1508 2689/2630/1508 2387/1287/1508
f 2681/2614/1509 2434/2491/1509 2579/2496/1509 2786/2631/1509
f 2374/2394/1510 2681/2614/1510 2786/2631/1510 2495/2395/1510
f 2495/2395/1511 2786/2631/1511 2690/2632/1511 2375/2396/1511
f 2682/2214/1512 2444/2511/1512 2594/2516/1512 2787/2223/1512
f 2384/2409/1513 2682/2214/1513 2787/2223/1513 2510/2412/1513
f 2510/2412/1514 2787/2223/1514 2691/2226/1514 2385/2413/1514
f 2680/2202/1515 2459/2547/1515 2631/2560/1515 2788/2235/1515
f 2399/2445/1516 2680/2202/1516 2788/2235/1516 2547/2454/1516
f 2547/2454/1517 2788/2235/1517 2692/2238/1517 2405/2455/1517
f 2685/2620/1518 2427/2619/1518 2572/2634/1518 2789/2633/1518
f 2367/2686/1519 2685/2620/1519 2789/2633/1519 2488/2699/1519
f 2488/2699/1520 2789/2633/1520 2693/2636/1520 2368/2698/1520
f 2686/533/1521 2454/2531/1521 2609/2536/1521 2790/539/1521
f 2394/2429/1522 2686/533/1522 2790/539/1522 2525/2432/1522
f 2525/2432/1523 2790/539/1523 2694/541/1523 2395/2433/1523
f 2687/1764/1524 2437/2622/1524 2587/2637/1524 2791/1773/1524
f 2377/1065/1525 2687/1764/1525 2791/1773/1525 2503/1138/1525
f 2503/1138/1526 2791/1773/1526 2695/1776/1526 2378/1132/1526
f 2678/2608/1527 2421/2479/1527 2624/2552/1527 2792/2639/1527
f 2361/2388/1528 2678/2608/1528 2792/2639/1528 2540/2447/1528
f 2540/2447/1529 2792/2639/1529 2696/2640/1529 2397/2448/1529
f 2661/2778/1530 2472/2770/1530 2639/2641/1530 2793/1785/1530
f 2412/1174/1531 2661/2778/1531 2793/1785/1531 2555/1168/1531
f 2555/1168/1532 2793/1785/1532 2683/1788/1532 2406/1162/1532
f 2655/2592/1533 2451/2591/1533 2565/2644/1533 2794/2643/1533
f 2391/1318/1534 2655/2592/1534 2794/2643/1534 2481/1308/1534
f 2481/1308/1535 2794/2643/1535 2662/2646/1535 2360/1305/1535
f 2689/2630/1536 2447/2629/1536 2602/2648/1536 2795/2647/1536
f 2387/1287/1537 2689/2630/1537 2795/2647/1537 2518/1360/1537
f 2518/1360/1538 2795/2647/1538 2697/2650/1538 2388/1354/1538
f 2690/2632/1539 2435/2495/1539 2580/2500/1539 2796/2651/1539
f 2375/2396/1540 2690/2632/1540 2796/2651/1540 2496/2397/1540
f 2496/2397/1541 2796/2651/1541 2677/2652/1541 2376/2398/1541
f 2691/2226/1542 2445/2515/1542 2595/2520/1542 2797/2247/1542
f 2385/2413/1543 2691/2226/1543 2797/2247/1543 2511/2416/1543
f 2511/2416/1544 2797/2247/1544 2656/2250/1544 2386/2417/1544
f 2698/2679/1545 2464/2678/1545 2632/2654/1545 2798/2653/1545
f 2404/2707/1546 2698/2679/1546 2798/2653/1546 2548/2706/1546
f 2548/2706/1547 2798/2653/1547 2688/2656/1547 2398/2705/1547
f 2693/2636/1548 2428/2635/1548 2573/2658/1548 2799/2657/1548
f 2368/2698/1549 2693/2636/1549 2799/2657/1549 2489/2697/1549
f 2489/2697/1550 2799/2657/1550 2699/2660/1550 2369/2696/1550
f 2694/541/1551 2455/2535/1551 2610/2540/1551 2800/543/1551
f 2395/2433/1552 2694/541/1552 2800/543/1552 2526/2436/1552
f 2526/2436/1553 2800/543/1553 2700/545/1553 2396/2437/1553
f 2695/1776/1554 2438/2638/1554 2588/2661/1554 2801/1797/1554
f 2378/1132/1555 2695/1776/1555 2801/1797/1555 2504/1126/1555
f 2504/1126/1556 2801/1797/1556 2701/1800/1556 2379/1120/1556
f 2692/2238/1557 2465/2559/1557 2640/2572/1557 2802/2266/1557
f 2405/2455/1558 2692/2238/1558 2802/2266/1558 2556/2464/1558
f 2556/2464/1559 2802/2266/1559 2660/2663/1559 2411/2465/1559
f 2700/545/1560 2456/2539/1560 2566/2472/1560 2803/547/1560
f 2396/2437/1561 2700/545/1561 2803/547/1561 2482/2380/1561
f 2482/2380/1562 2803/547/1562 2658/512/1562 2365/2381/1562
f 2697/2650/1563 2448/2649/1563 2603/2665/1563 2804/2664/1563
f 2388/1354/1564 2697/2650/1564 2804/2664/1564 2519/1348/1564
f 2519/1348/1565 2804/2664/1565 2702/2667/1565 2389/1342/1565
f 2696/2640/1566 2457/2551/1566 2633/2564/1566 2805/2668/1566
f 2397/2448/1567 2696/2640/1567 2805/2668/1567 2549/2457/1567
f 2549/2457/1568 2805/2668/1568 2653/2669/1568 2403/2458/1568
f 2699/2660/1569 2429/2659/1569 2574/2671/1569 2806/2670/1569
f 2369/2696/1570 2699/2660/1570 2806/2670/1570 2490/2695/1570
f 2490/2695/1571 2806/2670/1571 2649/2673/1571 2370/2694/1571
f 2701/1800/1572 2439/2662/1572 2589/2674/1572 2807/1809/1572
f 2379/1120/1573 2701/1800/1573 2807/1809/1573 2505/1114/1573
f 2505/1114/1574 2807/1809/1574 2651/1812/1574 2380/1108/1574
f 2648/2779/1575 2470/2773/1575 2641/2677/1575 2808/2676/1575
f 2410/2709/1576 2648/2779/1576 2808/2676/1576 2557/2708/1576
f 2557/2708/1577 2808/2676/1577 2698/2679/1577 2404/2707/1577
f 2652/1728/1578 2441/2586/1578 2567/2680/1578 2809/1821/1578
f 2381/1096/1579 2652/1728/1579 2809/1821/1579 2483/1086/1579
f 2483/1086/1580 2809/1821/1580 2645/1824/1580 2358/1083/1580
f 2702/2667/1581 2449/2666/1581 2604/2683/1581 2810/2682/1581
f 2389/1342/1582 2702/2667/1582 2810/2682/1582 2520/1336/1582
f 2520/1336/1583 2810/2682/1583 2654/2685/1583 2390/1330/1583
f 3135/2780/1584 2926/2781/1584 2821/2782/1584 2924/2783/1584
f 3136/2784/1585 2928/2785/1585 2819/2786/1585 2923/2787/1585
f 3137/553/1586 2930/2788/1586 2817/2789/1586 2922/555/1586
f 3138/559/1587 2936/2790/1587 2828/2791/1587 2941/561/1587
f 3139/563/1588 2937/2792/1588 2829/2793/1588 2942/565/1588
f 3140/567/1589 2938/2794/1589 2830/2795/1589 2943/569/1589
f 3141/571/1590 2939/2796/1590 2831/2797/1590 2944/573/1590
f 3142/575/1591 2940/2798/1591 2832/2799/1591 2945/552/1591
f 3143/2800/1592 2951/2801/1592 2838/2802/1592 2956/2803/1592
f 3144/2804/1593 2952/2805/1593 2839/2806/1593 2957/2807/1593
f 3145/2808/1594 2953/2809/1594 2840/2810/1594 2958/2811/1594
f 3146/2812/1595 2954/2813/1595 2841/2814/1595 2959/2815/1595
f 3147/2816/1596 2955/2817/1596 2842/2818/1596 2960/2819/1596
f 3148/2820/1597 2966/2821/1597 2848/2822/1597 2971/2823/1597
f 3149/2824/1598 2967/2825/1598 2849/2826/1598 2972/2827/1598
f 3150/2828/1599 2968/2829/1599 2850/2830/1599 2973/2831/1599
f 3151/2832/1600 2969/2833/1600 2851/2834/1600 2974/2835/1600
f 3152/2836/1601 2970/2837/1601 2852/2838/1601 2975/2839/1601
f 3153/2840/1602 2980/2841/1602 2857/2842/1602 2978/2843/1602
f 3154/2844/1603 2982/2845/1603 2855/2846/1603 2977/2847/1603
f 3155/577/1604 2984/2848/1604 2853/2849/1604 2976/579/1604
f 3156/2850/1605 2989/2851/1605 2863/2852/1605 2987/2853/1605
f 3157/2854/1606 2991/2855/1606 2861/2856/1606 2986/2857/1606
f 3158/581/1607 2993/2858/1607 2859/2859/1607 2985/583/1607
f 3159/2860/1608 2995/2861/1608 2359/2703/1608 2477/2702/1608
f 3187/2862/1609 2560/2734/1609 2417/2735/1609 3078/2863/1609
f 3161/585/1610 2999/2864/1610 2355/2689/1610 2475/480/1610
f 3162/2865/1611 3005/2866/1611 2875/2867/1611 3007/2868/1611
f 3163/2869/1612 3004/2870/1612 2873/2871/1612 3009/2872/1612
f 3164/2873/1613 3003/2874/1613 2871/2875/1613 3011/2876/1613
f 3165/2877/1614 3022/2878/1614 2882/2879/1614 3017/2880/1614
f 3166/2881/1615 3023/2882/1615 2883/2883/1615 3018/2884/1615
f 3167/2885/1616 3024/2886/1616 2884/2887/1616 3019/2888/1616
f 3168/2889/1617 3025/2890/1617 2885/2891/1617 3020/2892/1617
f 3169/2893/1618 3026/2894/1618 2886/2895/1618 3021/2896/1618
f 3170/2897/1619 3037/2898/1619 2892/2899/1619 3032/2900/1619
f 3171/2901/1620 3038/2902/1620 2893/2903/1620 3033/2904/1620
f 3172/2905/1621 3039/2906/1621 2894/2907/1621 3034/2908/1621
f 3173/2909/1622 3040/2910/1622 2895/2911/1622 3035/2912/1622
f 3174/2913/1623 3041/2914/1623 2896/2915/1623 3036/2916/1623
f 3175/2917/1624 3052/2918/1624 2902/2919/1624 3047/2920/1624
f 3176/2921/1625 3053/2922/1625 2903/2923/1625 3048/2924/1625
f 3177/2925/1626 3054/2926/1626 2904/2927/1626 3049/2928/1626
f 3178/2929/1627 3055/2930/1627 2905/2931/1627 3050/2932/1627
f 3179/2933/1628 3056/2934/1628 2906/2935/1628 3051/2936/1628
f 3180/2937/1629 3059/2938/1629 2911/2939/1629 3061/2940/1629
f 3181/2941/1630 3058/2942/1630 2909/2943/1630 3063/2944/1630
f 3182/2945/1631 3057/2946/1631 2907/2947/1631 3065/2948/1631
f 3183/2949/1632 3068/2950/1632 2917/2951/1632 3070/2952/1632
f 3184/2953/1633 3067/2954/1633 2915/2955/1633 3072/2956/1633
f 3185/2957/1634 3066/2958/1634 2913/2959/1634 3074/2960/1634
f 3186/2961/1635 2561/2746/1635 2419/2747/1635 3076/2962/1635
f 3160/2963/1636 2997/2964/1636 2357/2701/1636 2476/2700/1636
f 3188/2965/1637 2559/2722/1637 2415/2723/1637 3080/2966/1637
f 3189/2967/1638 3060/2968/1638 2876/2969/1638 3082/2970/1638
f 3190/2971/1639 3016/2972/1639 2881/2973/1639 3086/2974/1639
f 3191/1833/1640 3031/2975/1640 2891/2976/1640 3088/1836/1640
f 3192/2977/1641 3080/2966/1641 2415/2723/1641 2664/2776/1641
f 3193/2978/1642 3046/2979/1642 2901/2980/1642 3091/2981/1642
f 3194/2271/1643 3009/2872/1643 2873/2871/1643 3093/2274/1643
f 3195/589/1644 3061/2940/1644 2911/2939/1644 3095/591/1644
f 3196/2982/1645 3017/2880/1645 2882/2879/1645 3099/2983/1645
f 3197/2283/1646 3032/2900/1646 2892/2899/1646 3100/2286/1646
f 3198/2984/1647 3069/2985/1647 2912/2986/1647 3081/2987/1647
f 3199/2988/1648 3010/2989/1648 2866/2990/1648 3102/2991/1648
f 3200/595/1649 3047/2920/1649 2902/2919/1649 3103/597/1649
f 3201/1845/1650 3062/2992/1650 2874/2993/1650 3105/1848/1650
f 3202/2994/1651 3018/2884/1651 2883/2883/1651 3106/2995/1651
f 3203/599/1652 3070/2952/1652 2917/2951/1652 3107/601/1652
f 3204/2295/1653 3033/2904/1653 2893/2903/1653 3108/2298/1653
f 3205/2996/1654 3011/2876/1654 2871/2875/1654 3110/2997/1654
f 3206/603/1655 3048/2924/1655 2903/2923/1655 3111/605/1655
f 3207/2307/1656 3063/2944/1656 2909/2943/1656 3112/2310/1656
f 3208/2998/1657 3075/2999/1657 2918/3000/1657 3101/3001/1657
f 3209/3002/1658 3019/2888/1658 2884/2887/1658 3113/3003/1658
f 3210/2319/1659 3034/2908/1659 2894/2907/1659 3114/2322/1659
f 3211/1857/1660 3071/3004/1660 2910/3005/1660 3104/1860/1660
f 3212/3006/1661 3012/3007/1661 2877/3008/1661 3117/3009/1661
f 3213/607/1662 3049/2928/1662 2904/2927/1662 3118/609/1662
f 3214/1869/1663 3027/3010/1663 2887/3011/1663 3119/1872/1663
f 3215/3012/1664 3064/3013/1664 2872/3014/1664 3116/3015/1664
f 2995/2861/1665 3216/550/1665 2663/518/1665 2359/2703/1665
f 3217/3016/1666 3042/3017/1666 2897/3018/1666 3121/3019/1666
f 3218/3020/1667 3020/2892/1667 2885/2891/1667 3122/3021/1667
f 3219/2331/1668 3035/2912/1668 2895/2911/1668 3123/2334/1668
f 3220/2343/1669 3072/2956/1669 2915/2955/1669 3124/2346/1669
f 3221/3022/1670 3013/3023/1670 2878/3024/1670 3125/3025/1670
f 3222/611/1671 3050/2932/1671 2905/2931/1671 3126/613/1671
f 3223/1881/1672 3028/3026/1672 2888/3027/1672 3127/1884/1672
f 3224/3028/1673 3065/2948/1673 2907/2947/1673 3128/3029/1673
f 3225/1893/1674 3077/3030/1674 2916/3031/1674 3115/1896/1674
f 3226/3032/1675 3006/3033/1675 2870/3034/1675 3096/3035/1675
f 3227/3036/1676 3043/3037/1676 2898/3038/1676 3129/3039/1676
f 3228/3040/1677 3021/2896/1677 2886/2895/1677 3109/3041/1677
f 3229/2355/1678 3036/2916/1678 2896/2915/1678 3092/2358/1678
f 3230/3042/1679 3073/3043/1679 2908/3044/1679 3120/3045/1679
f 3231/3046/1680 3014/3047/1680 2879/3048/1680 3131/3049/1680
f 3232/615/1681 3051/2936/1681 2906/2935/1681 3132/617/1681
f 3233/1905/1682 3029/3050/1682 2889/3051/1682 3133/1908/1682
f 3235/619/1683 3007/2868/1683 2875/2867/1683 3094/588/1683
f 3236/3052/1684 3044/3053/1684 2899/3054/1684 3134/3055/1684
f 3237/3056/1685 3074/2960/1685 2913/2959/1685 3089/3057/1685
f 3238/3058/1686 3015/3059/1686 2880/3060/1686 3085/3061/1686
f 3239/1917/1687 3030/3062/1687 2890/3063/1687 3087/1920/1687
f 3240/3064/1688 3079/3065/1688 2914/3066/1688 3130/3067/1688
f 3241/1929/1689 3008/3068/1689 2868/3069/1689 3083/1932/1689
f 3242/3070/1690 3045/3071/1690 2900/3072/1690 3090/3073/1690
f 2975/2839/1691 2852/2838/1691 2926/2781/1691 3135/2780/1691
f 2843/1401/1692 2975/2839/1692 3135/2780/1692 2961/1404/1692
f 2961/1404/1693 3135/2780/1693 2924/2783/1693 2822/1414/1693
f 2960/2819/1694 2842/2818/1694 2928/2785/1694 3136/2784/1694
f 2833/1179/1695 2960/2819/1695 3136/2784/1695 2946/1182/1695
f 2946/1182/1696 3136/2784/1696 2923/2787/1696 2820/1192/1696
f 2945/552/1697 2832/2799/1697 2930/2788/1697 3137/553/1697
f 2823/3074/1698 2945/552/1698 3137/553/1698 2931/3075/1698
f 2931/3075/1699 3137/553/1699 2922/555/1699 2818/3076/1699
f 2919/558/1700 2811/3077/1700 2936/2790/1700 3138/559/1700
f 2812/3078/1701 2919/558/1701 3138/559/1701 2929/3079/1701
f 2929/3079/1702 3138/559/1702 2941/561/1702 2827/3080/1702
f 2941/561/1703 2828/2791/1703 2937/2792/1703 3139/563/1703
f 2827/3080/1704 2941/561/1704 3139/563/1704 2935/3081/1704
f 2935/3081/1705 3139/563/1705 2942/565/1705 2826/3082/1705
f 2942/565/1706 2829/2793/1706 2938/2794/1706 3140/567/1706
f 2826/3082/1707 2942/565/1707 3140/567/1707 2934/3083/1707
f 2934/3083/1708 3140/567/1708 2943/569/1708 2825/3084/1708
f 2943/569/1709 2830/2795/1709 2939/2796/1709 3141/571/1709
f 2825/3084/1710 2943/569/1710 3141/571/1710 2933/3085/1710
f 2933/3085/1711 3141/571/1711 2944/573/1711 2824/3086/1711
f 2944/573/1712 2831/2797/1712 2940/2798/1712 3142/575/1712
f 2824/3086/1713 2944/573/1713 3142/575/1713 2932/3087/1713
f 2932/3087/1714 3142/575/1714 2945/552/1714 2823/3074/1714
f 2920/3088/1715 2813/3089/1715 2951/2801/1715 3143/2800/1715
f 2814/1197/1716 2920/3088/1716 3143/2800/1716 2927/1200/1716
f 2927/1200/1717 3143/2800/1717 2956/2803/1717 2837/1210/1717
f 2956/2803/1718 2838/2802/1718 2952/2805/1718 3144/2804/1718
f 2837/1210/1719 2956/2803/1719 3144/2804/1719 2950/1216/1719
f 2950/1216/1720 3144/2804/1720 2957/2807/1720 2836/1222/1720
f 2957/2807/1721 2839/2806/1721 2953/2809/1721 3145/2808/1721
f 2836/1222/1722 2957/2807/1722 3145/2808/1722 2949/1228/1722
f 2949/1228/1723 3145/2808/1723 2958/2811/1723 2835/1234/1723
f 2958/2811/1724 2840/2810/1724 2954/2813/1724 3146/2812/1724
f 2835/1234/1725 2958/2811/1725 3146/2812/1725 2948/1240/1725
f 2948/1240/1726 3146/2812/1726 2959/2815/1726 2834/1246/1726
f 2959/2815/1727 2841/2814/1727 2955/2817/1727 3147/2816/1727
f 2834/1246/1728 2959/2815/1728 3147/2816/1728 2947/1252/1728
f 2947/1252/1729 3147/2816/1729 2960/2819/1729 2833/1179/1729
f 2921/3090/1730 2815/3091/1730 2966/2821/1730 3148/2820/1730
f 2816/1419/1731 2921/3090/1731 3148/2820/1731 2925/1422/1731
f 2925/1422/1732 3148/2820/1732 2971/2823/1732 2847/1432/1732
f 2971/2823/1733 2848/2822/1733 2967/2825/1733 3149/2824/1733
f 2847/1432/1734 2971/2823/1734 3149/2824/1734 2965/1438/1734
f 2965/1438/1735 3149/2824/1735 2972/2827/1735 2846/1444/1735
f 2972/2827/1736 2849/2826/1736 2968/2829/1736 3150/2828/1736
f 2846/1444/1737 2972/2827/1737 3150/2828/1737 2964/1450/1737
f 2964/1450/1738 3150/2828/1738 2973/2831/1738 2845/1456/1738
f 2973/2831/1739 2850/2830/1739 2969/2833/1739 3151/2832/1739
f 2845/1456/1740 2973/2831/1740 3151/2832/1740 2963/1462/1740
f 2963/1462/1741 3151/2832/1741 2974/2835/1741 2844/1468/1741
f 2974/2835/1742 2851/2834/1742 2970/2837/1742 3152/2836/1742
f 2844/1468/1743 2974/2835/1743 3152/2836/1743 2962/1474/1743
f 2962/1474/1744 3152/2836/1744 2975/2839/1744 2843/1401/1744
f 2924/2783/1745 2821/2782/1745 2980/2841/1745 3153/2840/1745
f 2822/1414/1746 2924/2783/1746 3153/2840/1746 2979/1480/1746
f 2979/1480/1747 3153/2840/1747 2978/2843/1747 2858/1486/1747
f 2923/2787/1748 2819/2786/1748 2982/2845/1748 3154/2844/1748
f 2820/1192/1749 2923/2787/1749 3154/2844/1749 2981/1258/1749
f 2981/1258/1750 3154/2844/1750 2977/2847/1750 2856/1264/1750
f 2922/555/1751 2817/2789/1751 2984/2848/1751 3155/577/1751
f 2818/3076/1752 2922/555/1752 3155/577/1752 2983/3092/1752
f 2983/3092/1753 3155/577/1753 2976/579/1753 2854/3093/1753
f 2978/2843/1754 2857/2842/1754 2989/2851/1754 3156/2850/1754
f 2858/1486/1755 2978/2843/1755 3156/2850/1755 2988/1492/1755
f 2988/1492/1756 3156/2850/1756 2987/2853/1756 2864/1498/1756
f 2977/2847/1757 2855/2846/1757 2991/2855/1757 3157/2854/1757
f 2856/1264/1758 2977/2847/1758 3157/2854/1758 2990/1270/1758
f 2990/1270/1759 3157/2854/1759 2986/2857/1759 2862/1276/1759
f 2976/579/1760 2853/2849/1760 2993/2858/1760 3158/581/1760
f 2854/3093/1761 2976/579/1761 3158/581/1761 2992/3094/1761
f 2992/3094/1762 3158/581/1762 2985/583/1762 2860/3095/1762
f 2987/2853/1763 2863/2852/1763 2995/2861/1763 3159/2860/1763
f 2864/1498/1764 2987/2853/1764 3159/2860/1764 2994/1504/1764
f 2994/1504/1765 3159/2860/1765 2477/2702/1765 2360/1305/1765
f 2986/2857/1766 2861/2856/1766 2997/2964/1766 3160/2963/1766
f 2862/1276/1767 2986/2857/1767 3160/2963/1767 2996/1282/1767
f 2996/1282/1768 3160/2963/1768 2476/2700/1768 2358/1083/1768
f 2985/583/1769 2859/2859/1769 2999/2864/1769 3161/585/1769
f 2860/3095/1770 2985/583/1770 3161/585/1770 2998/3096/1770
f 3234/2367/1771 3078/2863/1771 2417/2735/1771 2646/2259/1771
f 3042/3017/1772 2876/2969/1772 3005/3097/1772 3162/3098/1772
f 2897/3018/1773 3042/3017/1773 3162/3098/1773 3056/3099/1773
f 3056/2934/1774 3162/2865/1774 3007/2868/1774 2906/2935/1774
f 3027/3010/1775 2874/2993/1775 3004/3100/1775 3163/3101/1775
f 2887/3011/1776 3027/3010/1776 3163/3101/1776 3041/3102/1776
f 3041/2914/1777 3163/2869/1777 3009/2872/1777 2896/2915/1777
f 3012/3007/1778 2872/3014/1778 3003/3103/1778 3164/3104/1778
f 2877/3008/1779 3012/3007/1779 3164/3104/1779 3026/3105/1779
f 3026/2894/1780 3164/2873/1780 3011/2876/1780 2886/2895/1780
f 3010/2989/1781 2881/2973/1781 3022/3106/1781 3165/3107/1781
f 2866/2990/1782 3010/2989/1782 3165/3107/1782 3000/3108/1782
f 3000/3109/1783 3165/2877/1783 3017/2880/1783 2865/3110/1783
f 3016/2972/1784 2880/3060/1784 3023/3111/1784 3166/3112/1784
f 2881/2973/1785 3016/2972/1785 3166/3112/1785 3022/3106/1785
f 3022/2878/1786 3166/2881/1786 3018/2884/1786 2882/2879/1786
f 3015/3059/1787 2879/3048/1787 3024/3113/1787 3167/3114/1787
f 2880/3060/1788 3015/3059/1788 3167/3114/1788 3023/3111/1788
f 3023/2882/1789 3167/2885/1789 3019/2888/1789 2883/2883/1789
f 3014/3047/1790 2878/3024/1790 3025/3115/1790 3168/3116/1790
f 2879/3048/1791 3014/3047/1791 3168/3116/1791 3024/3113/1791
f 3024/2886/1792 3168/2889/1792 3020/2892/1792 2884/2887/1792
f 3013/3023/1793 2877/3008/1793 3026/3105/1793 3169/3117/1793
f 2878/3024/1794 3013/3023/1794 3169/3117/1794 3025/3115/1794
f 3025/2890/1795 3169/2893/1795 3021/2896/1795 2885/2891/1795
f 3008/3068/1796 2891/2976/1796 3037/3118/1796 3170/3119/1796
f 2868/3069/1797 3008/3068/1797 3170/3119/1797 3001/3120/1797
f 3001/3121/1798 3170/2897/1798 3032/2900/1798 2867/3122/1798
f 3031/2975/1799 2890/3063/1799 3038/3123/1799 3171/3124/1799
f 2891/2976/1800 3031/2975/1800 3171/3124/1800 3037/3118/1800
f 3037/2898/1801 3171/2901/1801 3033/2904/1801 2892/2899/1801
f 3030/3062/1802 2889/3051/1802 3039/3125/1802 3172/3126/1802
f 2890/3063/1803 3030/3062/1803 3172/3126/1803 3038/3123/1803
f 3038/2902/1804 3172/2905/1804 3034/2908/1804 2893/2903/1804
f 3029/3050/1805 2888/3027/1805 3040/3127/1805 3173/3128/1805
f 2889/3051/1806 3029/3050/1806 3173/3128/1806 3039/3125/1806
f 3039/2906/1807 3173/2909/1807 3035/2912/1807 2894/2907/1807
f 3028/3026/1808 2887/3011/1808 3041/3102/1808 3174/3129/1808
f 2888/3027/1809 3028/3026/1809 3174/3129/1809 3040/3127/1809
f 3040/2910/1810 3174/2913/1810 3036/2916/1810 2895/2911/1810
f 3006/3033/1811 2901/2980/1811 3052/3130/1811 3175/3131/1811
f 2870/3034/1812 3006/3033/1812 3175/3131/1812 3002/3132/1812
f 3002/3133/1813 3175/2917/1813 3047/2920/1813 2869/3134/1813
f 3046/2979/1814 2900/3072/1814 3053/3135/1814 3176/3136/1814
f 2901/2980/1815 3046/2979/1815 3176/3136/1815 3052/3130/1815
f 3052/2918/1816 3176/2921/1816 3048/2924/1816 2902/2919/1816
f 3045/3071/1817 2899/3054/1817 3054/3137/1817 3177/3138/1817
f 2900/3072/1818 3045/3071/1818 3177/3138/1818 3053/3135/1818
f 3053/2922/1819 3177/2925/1819 3049/2928/1819 2903/2923/1819
f 3044/3053/1820 2898/3038/1820 3055/3139/1820 3178/3140/1820
f 2899/3054/1821 3044/3053/1821 3178/3140/1821 3054/3137/1821
f 3054/2926/1822 3178/2929/1822 3050/2932/1822 2904/2927/1822
f 3043/3037/1823 2897/3018/1823 3056/3099/1823 3179/3141/1823
f 2898/3038/1824 3043/3037/1824 3179/3141/1824 3055/3139/1824
f 3055/2930/1825 3179/2933/1825 3051/2936/1825 2905/2931/1825
f 3060/2968/1826 2912/2986/1826 3059/3142/1826 3180/3143/1826
f 2876/2969/1827 3060/2968/1827 3180/3143/1827 3005/3097/1827
f 3005/2866/1828 3180/2937/1828 3061/2940/1828 2875/2867/1828
f 3062/2992/1829 2910/3005/1829 3058/3144/1829 3181/3145/1829
f 2874/2993/1830 3062/2992/1830 3181/3145/1830 3004/3100/1830
f 3004/2870/1831 3181/2941/1831 3063/2944/1831 2873/2871/1831
f 3064/3013/1832 2908/3044/1832 3057/3146/1832 3182/3147/1832
f 2872/3014/1833 3064/3013/1833 3182/3147/1833 3003/3103/1833
f 3003/2874/1834 3182/2945/1834 3065/2948/1834 2871/2875/1834
f 3069/2985/1835 2918/3000/1835 3068/3148/1835 3183/3149/1835
f 2912/2986/1836 3069/2985/1836 3183/3149/1836 3059/3142/1836
f 3059/2938/1837 3183/2949/1837 3070/2952/1837 2911/2939/1837
f 3071/3004/1838 2916/3031/1838 3067/3150/1838 3184/3151/1838
f 2910/3005/1839 3071/3004/1839 3184/3151/1839 3058/3144/1839
f 3058/2942/1840 3184/2953/1840 3072/2956/1840 2909/2943/1840
f 3073/3043/1841 2914/3066/1841 3066/3152/1841 3185/3153/1841
f 2908/3044/1842 3073/3043/1842 3185/3153/1842 3057/3146/1842
f 3057/2946/1843 3185/2957/1843 3074/2960/1843 2907/2947/1843
f 3075/2999/1844 2420/2645/1844 2561/2745/1844 3186/3154/1844
f 2918/3000/1845 3075/2999/1845 3186/3154/1845 3068/3148/1845
f 3068/2950/1846 3186/2961/1846 3076/2962/1846 2917/2951/1846
f 3077/3030/1847 2418/2681/1847 2560/2733/1847 3187/3155/1847
f 2916/3031/1848 3077/3030/1848 3187/3155/1848 3067/3150/1848
f 3067/2954/1849 3187/2862/1849 3078/2863/1849 2915/2955/1849
f 3079/3065/1850 2416/2601/1850 2559/2721/1850 3188/3156/1850
f 2914/3066/1851 3079/3065/1851 3188/3156/1851 3066/3152/1851
f 3066/2958/1852 3188/2965/1852 3080/2966/1852 2913/2959/1852
f 3081/2987/1853 2912/2986/1853 3060/2968/1853 3189/2967/1853
f 2858/1486/1854 3081/2987/1854 3189/2967/1854 2979/1480/1854
f 2979/1480/1855 3189/2967/1855 3082/2970/1855 2822/1414/1855
f 3085/3061/1856 2880/3060/1856 3016/2972/1856 3190/2971/1856
f 2826/3082/1857 3085/3061/1857 3190/2971/1857 2935/3081/1857
f 2935/3081/1858 3190/2971/1858 3086/2974/1858 2827/3080/1858
f 3087/1920/1859 2890/3063/1859 3031/2975/1859 3191/1833/1859
f 2836/1222/1860 3087/1920/1860 3191/1833/1860 2950/1216/1860
f 2950/1216/1861 3191/1833/1861 3088/1836/1861 2837/1210/1861
f 3089/3057/1862 2913/2959/1862 3080/2966/1862 3192/2977/1862
f 2859/2859/1863 3089/3057/1863 3192/2977/1863 2999/2864/1863
f 2998/3096/1864 3161/585/1864 2475/480/1864 2356/2690/1864
f 3090/3073/1865 2900/3072/1865 3046/2979/1865 3193/2978/1865
f 2846/1444/1866 3090/3073/1866 3193/2978/1866 2965/1438/1866
f 2965/1438/1867 3193/2978/1867 3091/2981/1867 2847/1432/1867
f 3092/2358/1868 2896/2915/1868 3009/2872/1868 3194/2271/1868
f 2842/2818/1869 3092/2358/1869 3194/2271/1869 2928/2785/1869
f 2928/2785/1870 3194/2271/1870 3093/2274/1870 2819/2786/1870
f 3094/588/1871 2875/2867/1871 3061/2940/1871 3195/589/1871
f 2821/2782/1872 3094/588/1872 3195/589/1872 2980/2841/1872
f 2980/2841/1873 3195/589/1873 3095/591/1873 2857/2842/1873
f 3098/3157/1874 2865/3110/1874 3017/2880/1874 3196/2982/1874
f 2811/3077/1875 3098/3157/1875 3196/2982/1875 2936/2790/1875
f 2936/2790/1876 3196/2982/1876 3099/2983/1876 2828/2791/1876
f 3084/2373/1877 2867/3122/1877 3032/2900/1877 3197/2283/1877
f 2813/3089/1878 3084/2373/1878 3197/2283/1878 2951/2801/1878
f 2951/2801/1879 3197/2283/1879 3100/2286/1879 2838/2802/1879
f 3101/3001/1880 2918/3000/1880 3069/2985/1880 3198/2984/1880
f 2864/1498/1881 3101/3001/1881 3198/2984/1881 2988/1492/1881
f 2988/1492/1882 3198/2984/1882 3081/2987/1882 2858/1486/1882
f 3086/2974/1883 2881/2973/1883 3010/2989/1883 3199/2988/1883
f 2827/3080/1884 3086/2974/1884 3199/2988/1884 2929/3079/1884
f 2929/3079/1885 3199/2988/1885 3102/2991/1885 2812/3078/1885
f 3097/594/1886 2869/3134/1886 3047/2920/1886 3200/595/1886
f 2815/3091/1887 3097/594/1887 3200/595/1887 2966/2821/1887
f 2966/2821/1888 3200/595/1888 3103/597/1888 2848/2822/1888
f 3104/1860/1889 2910/3005/1889 3062/2992/1889 3201/1845/1889
f 2856/1264/1890 3104/1860/1890 3201/1845/1890 2981/1258/1890
f 2981/1258/1891 3201/1845/1891 3105/1848/1891 2820/1192/1891
f 3099/2983/1892 2882/2879/1892 3018/2884/1892 3202/2994/1892
f 2828/2791/1893 3099/2983/1893 3202/2994/1893 2937/2792/1893
f 2937/2792/1894 3202/2994/1894 3106/2995/1894 2829/2793/1894
f 3095/591/1895 2911/2939/1895 3070/2952/1895 3203/599/1895
f 2857/2842/1896 3095/591/1896 3203/599/1896 2989/2851/1896
f 2989/2851/1897 3203/599/1897 3107/601/1897 2863/2852/1897
f 3100/2286/1898 2892/2899/1898 3033/2904/1898 3204/2295/1898
f 2838/2802/1899 3100/2286/1899 3204/2295/1899 2952/2805/1899
f 2952/2805/1900 3204/2295/1900 3108/2298/1900 2839/2806/1900
f 3109/3041/1901 2886/2895/1901 3011/2876/1901 3205/2996/1901
f 2832/2799/1902 3109/3041/1902 3205/2996/1902 2930/2788/1902
f 2930/2788/1903 3205/2996/1903 3110/2997/1903 2817/2789/1903
f 3103/597/1904 2902/2919/1904 3048/2924/1904 3206/603/1904
f 2848/2822/1905 3103/597/1905 3206/603/1905 2967/2825/1905
f 2967/2825/1906 3206/603/1906 3111/605/1906 2849/2826/1906
f 3093/2274/1907 2873/2871/1907 3063/2944/1907 3207/2307/1907
f 2819/2786/1908 3093/2274/1908 3207/2307/1908 2982/2845/1908
f 2982/2845/1909 3207/2307/1909 3112/2310/1909 2855/2846/1909
f 2662/2646/1910 2420/2645/1910 3075/2999/1910 3208/2998/1910
f 2360/1305/1911 2662/2646/1911 3208/2998/1911 2994/1504/1911
f 2994/1504/1912 3208/2998/1912 3101/3001/1912 2864/1498/1912
f 3106/2995/1913 2883/2883/1913 3019/2888/1913 3209/3002/1913
f 2829/2793/1914 3106/2995/1914 3209/3002/1914 2938/2794/1914
f 2938/2794/1915 3209/3002/1915 3113/3003/1915 2830/2795/1915
f 3108/2298/1916 2893/2903/1916 3034/2908/1916 3210/2319/1916
f 2839/2806/1917 3108/2298/1917 3210/2319/1917 2953/2809/1917
f 2953/2809/1918 3210/2319/1918 3114/2322/1918 2840/2810/1918
f 3115/1896/1919 2916/3031/1919 3071/3004/1919 3211/1857/1919
f 2862/1276/1920 3115/1896/1920 3211/1857/1920 2990/1270/1920
f 2990/1270/1921 3211/1857/1921 3104/1860/1921 2856/1264/1921
f 3116/3015/1922 2872/3014/1922 3012/3007/1922 3212/3006/1922
f 2818/3076/1923 3116/3015/1923 3212/3006/1923 2931/3075/1923
f 2931/3075/1924 3212/3006/1924 3117/3009/1924 2823/3074/1924
f 3111/605/1925 2903/2923/1925 3049/2928/1925 3213/607/1925
f 2849/2826/1926 3111/605/1926 3213/607/1926 2968/2829/1926
f 2968/2829/1927 3213/607/1927 3118/609/1927 2850/2830/1927
f 3105/1848/1928 2874/2993/1928 3027/3010/1928 3214/1869/1928
f 2820/1192/1929 3105/1848/1929 3214/1869/1929 2946/1182/1929
f 2946/1182/1930 3214/1869/1930 3119/1872/1930 2833/1179/1930
f 3120/3045/1931 2908/3044/1931 3064/3013/1931 3215/3012/1931
f 2854/3093/1932 3120/3045/1932 3215/3012/1932 2983/3092/1932
f 2983/3092/1933 3215/3012/1933 3116/3015/1933 2818/3076/1933
f 3107/601/1934 2917/2951/1934 3076/2962/1934 3216/550/1934
f 2863/2852/1935 3107/601/1935 3216/550/1935 2995/2861/1935
f 3216/550/1936 3076/2962/1936 2419/2747/1936 2663/518/1936
f 3082/2970/1937 2876/2969/1937 3042/3017/1937 3217/3016/1937
f 2822/1414/1938 3082/2970/1938 3217/3016/1938 2961/1404/1938
f 2961/1404/1939 3217/3016/1939 3121/3019/1939 2843/1401/1939
f 3113/3003/1940 2884/2887/1940 3020/2892/1940 3218/3020/1940
f 2830/2795/1941 3113/3003/1941 3218/3020/1941 2939/2796/1941
f 2939/2796/1942 3218/3020/1942 3122/3021/1942 2831/2797/1942
f 3114/2322/1943 2894/2907/1943 3035/2912/1943 3219/2331/1943
f 2840/2810/1944 3114/2322/1944 3219/2331/1944 2954/2813/1944
f 2954/2813/1945 3219/2331/1945 3123/2334/1945 2841/2814/1945
f 3112/2310/1946 2909/2943/1946 3072/2956/1946 3220/2343/1946
f 2855/2846/1947 3112/2310/1947 3220/2343/1947 2991/2855/1947
f 2991/2855/1948 3220/2343/1948 3124/2346/1948 2861/2856/1948
f 3117/3009/1949 2877/3008/1949 3013/3023/1949 3221/3022/1949
f 2823/3074/1950 3117/3009/1950 3221/3022/1950 2932/3087/1950
f 2932/3087/1951 3221/3022/1951 3125/3025/1951 2824/3086/1951
f 3118/609/1952 2904/2927/1952 3050/2932/1952 3222/611/1952
f 2850/2830/1953 3118/609/1953 3222/611/1953 2969/2833/1953
f 2969/2833/1954 3222/611/1954 3126/613/1954 2851/2834/1954
f 3119/1872/1955 2887/3011/1955 3028/3026/1955 3223/1881/1955
f 2833/1179/1956 3119/1872/1956 3223/1881/1956 2947/1252/1956
f 2947/1252/1957 3223/1881/1957 3127/1884/1957 2834/1246/1957
f 3110/2997/1958 2871/2875/1958 3065/2948/1958 3224/3028/1958
f 2817/2789/1959 3110/2997/1959 3224/3028/1959 2984/2848/1959
f 2984/2848/1960 3224/3028/1960 3128/3029/1960 2853/2849/1960
f 2645/1824/1961 2418/2681/1961 3077/3030/1961 3225/1893/1961
f 2358/1083/1962 2645/1824/1962 3225/1893/1962 2996/1282/1962
f 2996/1282/1963 3225/1893/1963 3115/1896/1963 2862/1276/1963
f 3091/2981/1964 2901/2980/1964 3006/3033/1964 3226/3032/1964
f 2847/1432/1965 3091/2981/1965 3226/3032/1965 2925/1422/1965
f 2925/1422/1966 3226/3032/1966 3096/3035/1966 2816/1419/1966
f 3121/3019/1967 2897/3018/1967 3043/3037/1967 3227/3036/1967
f 2843/1401/1968 3121/3019/1968 3227/3036/1968 2962/1474/1968
f 2962/1474/1969 3227/3036/1969 3129/3039/1969 2844/1468/1969
f 3122/3021/1970 2885/2891/1970 3021/2896/1970 3228/3040/1970
f 2831/2797/1971 3122/3021/1971 3228/3040/1971 2940/2798/1971
f 2940/2798/1972 3228/3040/1972 3109/3041/1972 2832/2799/1972
f 3123/2334/1973 2895/2911/1973 3036/2916/1973 3229/2355/1973
f 2841/2814/1974 3123/2334/1974 3229/2355/1974 2955/2817/1974
f 2955/2817/1975 3229/2355/1975 3092/2358/1975 2842/2818/1975
f 3130/3067/1976 2914/3066/1976 3073/3043/1976 3230/3042/1976
f 2860/3095/1977 3130/3067/1977 3230/3042/1977 2992/3094/1977
f 2992/3094/1978 3230/3042/1978 3120/3045/1978 2854/3093/1978
f 3125/3025/1979 2878/3024/1979 3014/3047/1979 3231/3046/1979
f 2824/3086/1980 3125/3025/1980 3231/3046/1980 2933/3085/1980
f 2933/3085/1981 3231/3046/1981 3131/3049/1981 2825/3084/1981
f 3126/613/1982 2905/2931/1982 3051/2936/1982 3232/615/1982
f 2851/2834/1983 3126/613/1983 3232/615/1983 2970/2837/1983
f 2970/2837/1984 3232/615/1984 3132/617/1984 2852/2838/1984
f 3127/1884/1985 2888/3027/1985 3029/3050/1985 3233/1905/1985
f 2834/1246/1986 3127/1884/1986 3233/1905/1986 2948/1240/1986
f 2948/1240/1987 3233/1905/1987 3133/1908/1987 2835/1234/1987
f 3124/2346/1988 2915/2955/1988 3078/2863/1988 3234/2367/1988
f 2861/2856/1989 3124/2346/1989 3234/2367/1989 2997/2964/1989
f 2997/2964/1990 3234/2367/1990 2646/2259/1990 2357/2701/1990
f 3132/617/1991 2906/2935/1991 3007/2868/1991 3235/619/1991
f 2852/2838/1992 3132/617/1992 3235/619/1992 2926/2781/1992
f 2926/2781/1993 3235/619/1993 3094/588/1993 2821/2782/1993
f 3129/3039/1994 2898/3038/1994 3044/3053/1994 3236/3052/1994
f 2844/1468/1995 3129/3039/1995 3236/3052/1995 2963/1462/1995
f 2963/1462/1996 3236/3052/1996 3134/3055/1996 2845/1456/1996
f 3128/3029/1997 2907/2947/1997 3074/2960/1997 3237/3056/1997
f 2853/2849/1998 3128/3029/1998 3237/3056/1998 2993/2858/1998
f 2993/2858/1999 3237/3056/1999 3089/3057/1999 2859/2859/1999
f 3131/3049/2000 2879/3048/2000 3015/3059/2000 3238/3058/2000
f 2825/3084/2001 3131/3049/2001 3238/3058/2001 2934/3083/2001
f 2934/3083/2002 3238/3058/2002 3085/3061/2002 2826/3082/2002
f 3133/1908/2003 2889/3051/2003 3030/3062/2003 3239/1917/2003
f 2835/1234/2004 3133/1908/2004 3239/1917/2004 2949/1228/2004
f 2949/1228/2005 3239/1917/2005 3087/1920/2005 2836/1222/2005
f 2668/2602/2006 2416/2601/2006 3079/3065/2006 3240/3064/2006
f 2356/2690/2007 2668/2602/2007 3240/3064/2007 2998/3096/2007
f 2998/3096/2008 3240/3064/2008 3130/3067/2008 2860/3095/2008
f 3088/1836/2009 2891/2976/2009 3008/3068/2009 3241/1929/2009
f 2837/1210/2010 3088/1836/2010 3241/1929/2010 2927/1200/2010
f 2927/1200/2011 3241/1929/2011 3083/1932/2011 2814/1197/2011
f 3134/3055/2012 2899/3054/2012 3045/3071/2012 3242/3070/2012
f 2845/1456/2013 3134/3055/2013 3242/3070/2013 2964/1450/2013
f 2964/1450/2014 3242/3070/2014 3090/3073/2014 2846/1444/2014
f 2999/2864/2015 3192/2977/2015 2664/2776/2015 2355/2689/2015
f 3243/2/2016 3244/3158/2016 3246/3159/2016 3245/264/2016
f 3245/264/2017 3246/3159/2017 3248/3160/2017 3247/270/2017
f 3244/3158/2018 3243/2/2018 3249/3/2018 3250/3161/2018
f 3250/3161/2019 3249/3/2019 3251/5/2019 3252/3162/2019
f 3252/3162/2020 3251/5/2020 3253/7/2020 3254/3163/2020
f 3254/3163/2021 3253/7/2021 3255/9/2021 3256/3164/2021
f 3256/3164/2022 3255/9/2022 3257/11/2022 3258/3165/2022
f 3258/3165/2023 3257/11/2023 3259/13/2023 3260/3166/2023
f 3260/3166/2024 3259/13/2024 3261/15/2024 3262/3167/2024
f 3262/3167/2025 3261/15/2025 3263/17/2025 3264/3168/2025
f 3264/3168/2026 3263/17/2026 3265/19/2026 3266/3169/2026
f 3266/3169/2027 3265/19/2027 3267/21/2027 3268/3170/2027
f 3268/3170/2028 3267/21/2028 3269/23/2028 3270/3171/2028
f 3247/270/2029 3248/3160/2029 3272/3172/2029 3271/296/2029
f 3481/299/2030 3482/3173/2030 3274/3174/2030 3273/302/2030
f 3273/302/2031 3274/3174/2031 3276/3175/2031 3275/308/2031
f 3275/308/2032 3276/3175/2032 3278/3176/2032 3277/312/2032
f 3277/312/2033 3278/3176/2033 3280/3177/2033 3279/316/2033
f 3279/316/2034 3280/3177/2034 3282/3178/2034 3281/320/2034
f 3281/320/2035 3282/3178/2035 3284/3179/2035 3283/324/2035
f 3283/324/2036 3284/3179/2036 3286/3180/2036 3285/28/2036
f 3285/28/2037 3287/27/2037 3317/3181/2037 3316/3182/2037
f 3287/27/2038 3288/3183/2038 3290/3184/2038 3289/330/2038
f 3483/335/2039 3484/3185/2039 3292/3186/2039 3291/338/2039
f 3291/338/2040 3292/3186/2040 3294/3187/2040 3293/346/2040
f 3269/23/2041 3293/346/2041 3294/3187/2041 3270/3171/2041
f 3283/324/2042 3285/28/2042 3316/3182/2042 3315/3188/2042
f 3255/9/2043 3253/7/2043 3300/3189/2043 3301/3190/2043
f 3287/27/2044 3289/330/2044 3318/3191/2044 3317/3181/2044
f 3245/264/2045 3247/270/2045 3297/3192/2045 3296/3193/2045
f 3261/15/2046 3259/13/2046 3303/3194/2046 3304/3195/2046
f 3267/21/2047 3265/19/2047 3306/3196/2047 3307/3197/2047
f 3273/302/2048 3275/308/2048 3311/3198/2048 3310/3199/2048
f 3279/316/2049 3281/320/2049 3314/3200/2049 3313/3201/2049
f 3251/5/2050 3249/3/2050 3298/3202/2050 3299/3203/2050
f 3467/3204/2051 3461/3205/2051 3343/3206/2051 3342/3207/2051
f 3257/11/2052 3255/9/2052 3301/3190/2052 3302/3208/2052
f 3483/335/2053 3291/338/2053 3319/3209/2053 3486/3210/2053
f 3263/17/2054 3261/15/2054 3304/3195/2054 3305/3211/2054
f 3247/270/2055 3271/296/2055 3309/3212/2055 3297/3192/2055
f 3275/308/2056 3277/312/2056 3312/3213/2056 3311/3198/2056
f 3269/23/2057 3267/21/2057 3307/3197/2057 3308/3214/2057
f 3281/320/2058 3283/324/2058 3315/3188/2058 3314/3200/2058
f 3253/7/2059 3251/5/2059 3299/3203/2059 3300/3189/2059
f 3293/346/2060 3269/23/2060 3308/3214/2060 3320/3215/2060
f 3259/13/2061 3257/11/2061 3302/3208/2061 3303/3194/2061
f 3291/338/2062 3293/346/2062 3320/3215/2062 3319/3209/2062
f 3243/2/2063 3245/264/2063 3296/3193/2063 3295/3216/2063
f 3265/19/2064 3263/17/2064 3305/3211/2064 3306/3196/2064
f 3481/299/2065 3273/302/2065 3310/3199/2065 3485/3217/2065
f 3277/312/2066 3279/316/2066 3313/3201/2066 3312/3213/2066
f 3249/3/2067 3243/2/2067 3295/3216/2067 3298/3202/2067
f 3455/3218/2068 3456/3219/2068 3346/3220/2068 3345/3221/2068
f 3457/3222/2069 3458/3223/2069 3324/3224/2069 3325/3225/2069
f 3500/3226/2070 3460/3227/2070 3336/3228/2070 3487/3229/2070
f 3461/3205/2071 3462/3230/2071 3344/3231/2071 3343/3206/2071
f 3463/3232/2072 3464/3233/2072 3323/3234/2072 3322/3235/2072
f 3465/3236/2073 3466/3237/2073 3333/3238/2073 3334/3239/2073
f 3446/3240/2074 3441/3241/2074 3369/3242/2074 3368/3243/2074
f 3468/3244/2075 3469/3245/2075 3331/3246/2075 3332/3247/2075
f 3470/3248/2076 3471/3249/2076 3341/3250/2076 3340/3251/2076
f 3472/3252/2077 3473/3253/2077 3329/3254/2077 3330/3255/2077
f 3474/3256/2078 3475/3257/2078 3339/3258/2078 3338/3259/2078
f 3476/3260/2079 3477/3261/2079 3327/3262/2079 3328/3263/2079
f 3456/3219/2080 3465/3236/2080 3334/3239/2080 3346/3220/2080
f 3478/3264/2081 3457/3222/2081 3325/3225/2081 3326/3265/2081
f 3460/3227/2082 3479/3266/2082 3337/3267/2082 3336/3228/2082
f 3501/3268/2083 3455/3218/2083 3345/3221/2083 3488/3269/2083
f 3458/3223/2084 3480/3270/2084 3321/3271/2084 3324/3224/2084
f 3464/3233/2085 3459/3272/2085 3335/3273/2085 3323/3234/2085
f 3480/3270/2086 3463/3232/2086 3322/3235/2086 3321/3271/2086
f 3466/3237/2087 3468/3244/2087 3332/3247/2087 3333/3238/2087
f 3471/3249/2088 3467/3204/2088 3342/3207/2088 3341/3250/2088
f 3469/3245/2089 3472/3252/2089 3330/3255/2089 3331/3246/2089
f 3475/3257/2090 3470/3248/2090 3340/3251/2090 3339/3258/2090
f 3473/3253/2091 3476/3260/2091 3328/3263/2091 3329/3254/2091
f 3479/3266/2092 3474/3256/2092 3338/3259/2092 3337/3267/2092
f 3477/3261/2093 3478/3264/2093 3326/3265/2093 3327/3262/2093
f 3429/3274/2094 3430/3275/2094 3360/3276/2094 3372/3277/2094
f 3431/3278/2095 3432/3279/2095 3351/3280/2095 3352/3281/2095
f 3433/3282/2096 3434/3283/2096 3363/3284/2096 3362/3285/2096
f 3498/3286/2097 3436/3287/2097 3371/3288/2097 3490/3289/2097
f 3437/3290/2098 3438/3291/2098 3347/3292/2098 3350/3293/2098
f 3439/3294/2099 3440/3295/2099 3361/3296/2099 3349/3297/2099
f 3438/3291/2100 3442/3298/2100 3348/3299/2100 3347/3292/2100
f 3443/3300/2101 3444/3301/2101 3358/3302/2101 3359/3303/2101
f 3445/3304/2102 3446/3240/2102 3368/3243/2102 3367/3305/2102
f 3447/3306/2103 3448/3307/2103 3356/3308/2103 3357/3309/2103
f 3449/3310/2104 3450/3311/2104 3366/3312/2104 3365/3313/2104
f 3451/3314/2105 3452/3315/2105 3354/3316/2105 3355/3317/2105
f 3434/3283/2106 3453/3318/2106 3364/3319/2106 3363/3284/2106
f 3454/3320/2107 3431/3278/2107 3352/3281/2107 3353/3321/2107
f 3436/3287/2108 3429/3274/2108 3372/3277/2108 3371/3288/2108
f 3432/3279/2109 3437/3290/2109 3350/3293/2109 3351/3280/2109
f 3499/3322/2110 3433/3282/2110 3362/3285/2110 3489/3323/2110
f 3441/3241/2111 3435/3324/2111 3370/3325/2111 3369/3242/2111
f 3442/3298/2112 3439/3294/2112 3349/3297/2112 3348/3299/2112
f 3430/3275/2113 3443/3300/2113 3359/3303/2113 3360/3276/2113
f 3444/3301/2114 3447/3306/2114 3357/3309/2114 3358/3302/2114
f 3450/3311/2115 3445/3304/2115 3367/3305/2115 3366/3312/2115
f 3448/3307/2116 3451/3314/2116 3355/3317/2116 3356/3308/2116
f 3453/3318/2117 3449/3310/2117 3365/3313/2117 3364/3319/2117
f 3452/3315/2118 3454/3320/2118 3353/3321/2118 3354/3316/2118
f 3421/3326/2119 3360/3276/2119 3359/3303/2119 3422/3327/2119
f 3422/3327/2120 3359/3303/2120 3358/3302/2120 3423/3328/2120
f 3423/3328/2121 3358/3302/2121 3357/3309/2121 3424/3329/2121
f 3425/3330/2122 3372/3277/2122 3360/3276/2122 3421/3326/2122
f 3426/3331/2123 3371/3288/2123 3372/3277/2123 3425/3330/2123
f 3497/3332/2124 3490/3289/2124 3371/3288/2124 3426/3331/2124
f 3428/3333/2125 3369/3242/2125 3370/3325/2125 3427/3334/2125
f 3286/3180/2126 3288/3183/2126 3287/27/2126 3285/28/2126
f 3413/3335/2127 3373/3336/2127 3378/3337/2127 3414/3338/2127
f 3373/3336/2128 3374/3339/2128 3379/3340/2128 3378/3337/2128
f 3374/3339/2129 3375/3341/2129 3380/3342/2129 3379/3340/2129
f 3375/3341/2130 3376/3343/2130 3381/3344/2130 3380/3342/2130
f 3376/3343/2131 3377/3345/2131 3382/3346/2131 3381/3344/2131
f 3414/3338/2132 3378/3337/2132 3383/3347/2132 3415/3348/2132
f 3378/3337/2133 3379/3340/2133 3384/3349/2133 3383/3347/2133
f 3379/3340/2134 3380/3342/2134 3385/3350/2134 3384/3349/2134
f 3380/3342/2135 3381/3344/2135 3386/3351/2135 3385/3350/2135
f 3381/3344/2136 3382/3346/2136 3387/3352/2136 3386/3351/2136
f 3415/3348/2137 3383/3347/2137 3388/3353/2137 3416/3354/2137
f 3383/3347/2138 3384/3349/2138 3389/3355/2138 3388/3353/2138
f 3384/3349/2139 3385/3350/2139 3390/3356/2139 3389/3355/2139
f 3385/3350/2140 3386/3351/2140 3391/3357/2140 3390/3356/2140
f 3386/3351/2141 3387/3352/2141 3392/3358/2141 3391/3357/2141
f 3417/3359/2142 3393/3360/2142 3373/3336/2142 3413/3335/2142
f 3393/3360/2143 3394/3361/2143 3374/3339/2143 3373/3336/2143
f 3394/3361/2144 3395/3362/2144 3375/3341/2144 3374/3339/2144
f 3395/3362/2145 3396/3363/2145 3376/3343/2145 3375/3341/2145
f 3396/3363/2146 3397/3364/2146 3377/3345/2146 3376/3343/2146
f 3418/3365/2147 3398/3366/2147 3393/3360/2147 3417/3359/2147
f 3398/3366/2148 3399/3367/2148 3394/3361/2148 3393/3360/2148
f 3399/3367/2149 3400/3368/2149 3395/3362/2149 3394/3361/2149
f 3400/3368/2150 3401/3369/2150 3396/3363/2150 3395/3362/2150
f 3401/3369/2151 3402/3370/2151 3397/3364/2151 3396/3363/2151
f 3496/3371/2152 3491/3372/2152 3398/3366/2152 3418/3365/2152
f 3491/3372/2153 3492/3373/2153 3399/3367/2153 3398/3366/2153
f 3492/3373/2154 3493/3374/2154 3400/3368/2154 3399/3367/2154
f 3493/3374/2155 3494/3375/2155 3401/3369/2155 3400/3368/2155
f 3494/3375/2156 3495/3376/2156 3402/3370/2156 3401/3369/2156
f 3420/3377/2157 3408/3378/2157 3403/3379/2157 3419/3380/2157
f 3408/3378/2158 3409/3381/2158 3404/3382/2158 3403/3379/2158
f 3409/3381/2159 3410/3383/2159 3405/3384/2159 3404/3382/2159
f 3410/3383/2160 3411/3385/2160 3406/3386/2160 3405/3384/2160
f 3411/3385/2161 3412/3387/2161 3407/3388/2161 3406/3386/2161
f 3348/3299/2162 3413/3335/2162 3414/3338/2162 3347/3292/2162
f 3347/3292/2163 3414/3338/2163 3415/3348/2163 3350/3293/2163
f 3350/3293/2164 3415/3348/2164 3416/3354/2164 3351/3280/2164
f 3349/3297/2165 3417/3359/2165 3413/3335/2165 3348/3299/2165
f 3361/3296/2166 3418/3365/2166 3417/3359/2166 3349/3297/2166
f 3489/3323/2167 3496/3371/2167 3418/3365/2167 3361/3296/2167
f 3363/3284/2168 3420/3377/2168 3419/3380/2168 3362/3285/2168
f 3352/3281/2169 3351/3280/2169 3416/3354/2169 3388/3353/2169
f 3377/3345/2170 3421/3326/2170 3422/3327/2170 3382/3346/2170
f 3382/3346/2171 3422/3327/2171 3423/3328/2171 3387/3352/2171
f 3387/3352/2172 3423/3328/2172 3424/3329/2172 3392/3358/2172
f 3397/3364/2173 3425/3330/2173 3421/3326/2173 3377/3345/2173
f 3402/3370/2174 3426/3331/2174 3425/3330/2174 3397/3364/2174
f 3495/3376/2175 3497/3332/2175 3426/3331/2175 3402/3370/2175
f 3412/3387/2176 3428/3333/2176 3427/3334/2176 3407/3388/2176
f 3369/3242/2177 3428/3333/2177 3412/3387/2177 3368/3243/2177
f 3368/3243/2178 3412/3387/2178 3411/3385/2178 3367/3305/2178
f 3367/3305/2179 3411/3385/2179 3410/3383/2179 3366/3312/2179
f 3366/3312/2180 3410/3383/2180 3409/3381/2180 3365/3313/2180
f 3365/3313/2181 3409/3381/2181 3408/3378/2181 3364/3319/2181
f 3364/3319/2182 3408/3378/2182 3420/3377/2182 3363/3284/2182
f 3353/3321/2183 3352/3281/2183 3388/3353/2183 3389/3355/2183
f 3354/3316/2184 3353/3321/2184 3389/3355/2184 3390/3356/2184
f 3355/3317/2185 3354/3316/2185 3390/3356/2185 3391/3357/2185
f 3356/3308/2186 3355/3317/2186 3391/3357/2186 3392/3358/2186
f 3357/3309/2187 3356/3308/2187 3392/3358/2187 3424/3329/2187
f 3342/3389/2188 3343/3390/2188 3441/3241/2188 3446/3240/2188
f 3346/3391/2189 3334/3392/2189 3430/3275/2189 3429/3274/2189
f 3326/3393/2190 3325/3394/2190 3432/3279/2190 3431/3278/2190
f 3336/3395/2191 3337/3396/2191 3434/3283/2191 3433/3282/2191
f 3488/3397/2192 3345/3398/2192 3436/3287/2192 3498/3286/2192
f 3324/3399/2193 3321/3400/2193 3438/3291/2193 3437/3290/2193
f 3323/3401/2194 3335/3402/2194 3440/3295/2194 3439/3294/2194
f 3321/3400/2195 3322/3403/2195 3442/3298/2195 3438/3291/2195
f 3333/3404/2196 3332/3405/2196 3444/3301/2196 3443/3300/2196
f 3341/3406/2197 3342/3389/2197 3446/3240/2197 3445/3304/2197
f 3331/3407/2198 3330/3408/2198 3448/3307/2198 3447/3306/2198
f 3339/3409/2199 3340/3410/2199 3450/3311/2199 3449/3310/2199
f 3329/3411/2200 3328/3412/2200 3452/3315/2200 3451/3314/2200
f 3337/3396/2201 3338/3413/2201 3453/3318/2201 3434/3283/2201
f 3327/3414/2202 3326/3393/2202 3431/3278/2202 3454/3320/2202
f 3345/3398/2203 3346/3391/2203 3429/3274/2203 3436/3287/2203
f 3325/3394/2204 3324/3399/2204 3437/3290/2204 3432/3279/2204
f 3487/3415/2205 3336/3395/2205 3433/3282/2205 3499/3322/2205
f 3343/3390/2206 3344/3416/2206 3435/3324/2206 3441/3241/2206
f 3322/3403/2207 3323/3401/2207 3439/3294/2207 3442/3298/2207
f 3334/3392/2208 3333/3404/2208 3443/3300/2208 3430/3275/2208
f 3332/3405/2209 3331/3407/2209 3447/3306/2209 3444/3301/2209
f 3340/3410/2210 3341/3406/2210 3445/3304/2210 3450/3311/2210
f 3330/3408/2211 3329/3411/2211 3451/3314/2211 3448/3307/2211
f 3338/3413/2212 3339/3409/2212 3449/3310/2212 3453/3318/2212
f 3328/3412/2213 3327/3414/2213 3454/3320/2213 3452/3315/2213
f 3316/3182/2214 3317/3181/2214 3461/3205/2214 3467/3204/2214
f 3319/3209/2215 3320/3215/2215 3456/3219/2215 3455/3218/2215
f 3299/3203/2216 3298/3202/2216 3458/3223/2216 3457/3222/2216
f 3485/3217/2217 3310/3199/2217 3460/3227/2217 3500/3226/2217
f 3317/3181/2218 3318/3191/2218 3462/3230/2218 3461/3205/2218
f 3296/3193/2219 3297/3192/2219 3464/3233/2219 3463/3232/2219
f 3308/3214/2220 3307/3197/2220 3466/3237/2220 3465/3236/2220
f 3306/3196/2221 3305/3211/2221 3469/3245/2221 3468/3244/2221
f 3314/3200/2222 3315/3188/2222 3471/3249/2222 3470/3248/2222
f 3304/3195/2223 3303/3194/2223 3473/3253/2223 3472/3252/2223
f 3312/3213/2224 3313/3201/2224 3475/3257/2224 3474/3256/2224
f 3302/3208/2225 3301/3190/2225 3477/3261/2225 3476/3260/2225
f 3320/3215/2226 3308/3214/2226 3465/3236/2226 3456/3219/2226
f 3300/3189/2227 3299/3203/2227 3457/3222/2227 3478/3264/2227
f 3310/3199/2228 3311/3198/2228 3479/3266/2228 3460/3227/2228
f 3486/3210/2229 3319/3209/2229 3455/3218/2229 3501/3268/2229
f 3298/3202/2230 3295/3216/2230 3480/3270/2230 3458/3223/2230
f 3297/3192/2231 3309/3212/2231 3459/3272/2231 3464/3233/2231
f 3295/3216/2232 3296/3193/2232 3463/3232/2232 3480/3270/2232
f 3307/3197/2233 3306/3196/2233 3468/3244/2233 3466/3237/2233
f 3315/3188/2234 3316/3182/2234 3467/3204/2234 3471/3249/2234
f 3305/3211/2235 3304/3195/2235 3472/3252/2235 3469/3245/2235
f 3313/3201/2236 3314/3200/2236 3470/3248/2236 3475/3257/2236
f 3303/3194/2237 3302/3208/2237 3476/3260/2237 3473/3253/2237
f 3311/3198/2238 3312/3213/2238 3474/3256/2238 3479/3266/2238
f 3301/3190/2239 3300/3189/2239 3478/3264/2239 3477/3261/2239
f 3271/296/2240 3272/3172/2240 3482/3417/2240 3481/354/2240
f 3289/330/2241 3290/3184/2241 3484/3185/2241 3483/335/2241
f 3289/330/2242 3483/335/2242 3486/3210/2242 3318/3191/2242
f 3271/296/2243 3481/354/2243 3485/3418/2243 3309/3212/2243
f 3459/3272/2244 3500/3419/2244 3487/3420/2244 3335/3273/2244
f 3462/3230/2245 3501/3268/2245 3488/3269/2245 3344/3231/2245
f 3435/3324/2246 3498/3286/2246 3490/3289/2246 3370/3325/2246
f 3440/3295/2247 3499/3322/2247 3489/3323/2247 3361/3296/2247
f 3427/3334/2248 3370/3325/2248 3490/3289/2248 3497/3332/2248
f 3419/3380/2249 3403/3379/2249 3491/3372/2249 3496/3371/2249
f 3403/3379/2250 3404/3382/2250 3492/3373/2250 3491/3372/2250
f 3404/3382/2251 3405/3384/2251 3493/3374/2251 3492/3373/2251
f 3405/3384/2252 3406/3386/2252 3494/3375/2252 3493/3374/2252
f 3406/3386/2253 3407/3388/2253 3495/3376/2253 3494/3375/2253
f 3362/3285/2254 3419/3380/2254 3496/3371/2254 3489/3323/2254
f 3407/3388/2255 3427/3334/2255 3497/3332/2255 3495/3376/2255
f 3344/3416/2256 3488/3397/2256 3498/3286/2256 3435/3324/2256
f 3335/3402/2257 3487/3415/2257 3499/3322/2257 3440/3295/2257
f 3309/3212/2258 3485/3418/2258 3500/3419/2258 3459/3272/2258
f 3318/3191/2259 3486/3210/2259 3501/3268/2259 3462/3230/2259
f 3530/90/2260 3531/89/2260 3525/31/2260 3529/32/2260
f 3532/94/2261 3533/93/2261 3520/35/2261 3521/36/2261
f 3534/98/2262 3535/97/2262 3502/39/2262 3503/40/2262
f 3536/102/2263 3537/101/2263 3514/43/2263 3513/44/2263
f 3538/106/2264 3539/105/2264 3516/47/2264 3528/48/2264
f 3540/110/2265 3541/109/2265 3527/51/2265 3515/52/2265
f 3542/114/2266 3543/113/2266 3523/55/2266 3524/56/2266
f 3544/118/2267 3545/117/2267 3506/59/2267 3505/60/2267
f 3541/109/2268 3546/120/2268 3526/62/2268 3527/51/2268
f 3547/124/2269 3548/123/2269 3509/65/2269 3508/66/2269
f 3539/105/2270 3549/126/2270 3504/68/2270 3516/47/2270
f 3550/130/2271 3551/129/2271 3518/71/2271 3519/72/2271
f 3552/134/2272 3553/133/2272 3512/75/2272 3511/76/2272
f 3554/136/2273 3532/94/2273 3521/36/2273 3522/78/2273
f 3537/101/2274 3540/110/2274 3515/52/2274 3514/43/2274
f 3531/89/2275 3542/114/2275 3524/56/2275 3525/31/2275
f 3545/117/2276 3555/138/2276 3507/80/2276 3506/59/2276
f 3548/123/2277 3556/140/2277 3510/82/2277 3509/65/2277
f 3557/144/2278 3538/143/2278 3528/85/2278 3517/86/2278
f 3533/93/2279 3550/130/2279 3519/72/2279 3520/35/2279
f 3553/133/2280 3536/102/2280 3513/44/2280 3512/75/2280
f 3543/113/2281 3554/136/2281 3522/78/2281 3523/55/2281
f 3535/97/2282 3544/118/2282 3505/60/2282 3502/39/2282
f 3546/120/2283 3530/90/2283 3529/32/2283 3526/62/2283
f 3549/126/2284 3534/98/2284 3503/40/2284 3504/68/2284
f 3555/138/2285 3547/124/2285 3508/66/2285 3507/80/2285
f 3556/140/2286 3552/134/2286 3511/76/2286 3510/82/2286
f 3551/129/2287 3557/144/2287 3517/86/2287 3518/71/2287
f 3484/3185/2288 3290/3184/2288 3531/89/2288 3530/90/2288
f 3282/3178/2289 3280/3177/2289 3533/93/2289 3532/94/2289
f 3246/3159/2290 3244/3158/2290 3535/97/2290 3534/98/2290
f 3266/3169/2291 3268/3170/2291 3537/101/2291 3536/102/2291
f 3482/3417/2292 3272/3172/2292 3539/105/2292 3538/106/2292
f 3270/3171/2293 3294/3187/2293 3541/109/2293 3540/110/2293
f 3288/3183/2294 3286/3180/2294 3543/113/2294 3542/114/2294
f 3250/3161/2295 3252/3162/2295 3545/117/2295 3544/118/2295
f 3294/3187/2296 3292/3186/2296 3546/120/2296 3541/109/2296
f 3256/3164/2297 3258/3165/2297 3548/123/2297 3547/124/2297
f 3272/3172/2298 3248/3160/2298 3549/126/2298 3539/105/2298
f 3278/3176/2299 3276/3175/2299 3551/129/2299 3550/130/2299
f 3262/3167/2300 3264/3168/2300 3553/133/2300 3552/134/2300
f 3284/3179/2301 3282/3178/2301 3532/94/2301 3554/136/2301
f 3268/3170/2302 3270/3171/2302 3540/110/2302 3537/101/2302
f 3290/3184/2303 3288/3183/2303 3542/114/2303 3531/89/2303
f 3252/3162/2304 3254/3163/2304 3555/138/2304 3545/117/2304
f 3258/3165/2305 3260/3166/2305 3556/140/2305 3548/123/2305
f 3274/3174/2306 3482/3173/2306 3538/143/2306 3557/144/2306
f 3280/3177/2307 3278/3176/2307 3550/130/2307 3533/93/2307
f 3264/3168/2308 3266/3169/2308 3536/102/2308 3553/133/2308
f 3286/3180/2309 3284/3179/2309 3554/136/2309 3543/113/2309
f 3244/3158/2310 3250/3161/2310 3544/118/2310 3535/97/2310
f 3292/3186/2311 3484/3185/2311 3530/90/2311 3546/120/2311
f 3248/3160/2312 3246/3159/2312 3534/98/2312 3549/126/2312
f 3254/3163/2313 3256/3164/2313 3547/124/2313 3555/138/2313
f 3260/3166/2314 3262/3167/2314 3552/134/2314 3556/140/2314
f 3276/3175/2315 3274/3174/2315 3557/144/2315 3551/129/2315
f 3560/3421/2316 3561/3422/2316 3559/3423/2316 3558/3424/2316
f 3558/3424/2317 3559/3423/2317 3563/3425/2317 3562/3426/2317
f 3562/3426/2318 3563/3425/2318 3565/3427/2318 3564/3428/2318
f 3564/3428/2319 3565/3427/2319 3567/3429/2319 3566/3430/2319
f 3566/3430/2320 3567/3429/2320 3569/3431/2320 3568/3432/2320
f 3568/3432/2321 3569/3431/2321 3571/3433/2321 3570/3434/2321
f 3570/3434/2322 3571/3433/2322 3573/3435/2322 3572/3436/2322
f 3572/3436/2323 3573/3435/2323 3575/3437/2323 3574/3438/2323
f 3578/3439/2324 3579/3440/2324 3577/3441/2324 3576/3442/2324
f 3576/3442/2325 3577/3441/2325 3581/3443/2325 3580/3444/2325
f 3580/3444/2326 3581/3443/2326 3583/3445/2326 3582/3446/2326
f 3582/3446/2327 3583/3445/2327 3585/3447/2327 3584/3448/2327
f 3584/3448/2328 3585/3447/2328 3587/3449/2328 3586/3450/2328
f 3586/3450/2329 3587/3449/2329 3589/3451/2329 3588/3452/2329
f 3588/3452/2330 3589/3451/2330 3591/3453/2330 3590/3454/2330
f 3590/3454/2331 3591/3453/2331 3593/3455/2331 3592/3456/2331
f 3596/3457/2332 3597/3458/2332 3595/3459/2332 3594/3460/2332
f 3594/3460/2333 3595/3459/2333 3599/3461/2333 3598/3462/2333
f 3598/3462/2334 3599/3461/2334 3601/3463/2334 3600/3464/2334
f 3600/3464/2335 3601/3463/2335 3603/3465/2335 3602/3466/2335
f 3602/3466/2336 3603/3465/2336 3605/3467/2336 3604/3468/2336
f 3604/3468/2337 3605/3467/2337 3607/3469/2337 3606/3470/2337
f 3606/3470/2338 3607/3469/2338 3609/3471/2338 3608/3472/2338
f 3608/3472/2339 3609/3471/2339 3611/3473/2339 3610/3474/2339
f 3614/3475/2340 3615/3476/2340 3613/3477/2340 3612/3478/2340
f 3612/3478/2341 3613/3477/2341 3617/3479/2341 3616/3480/2341
f 3616/3480/2342 3617/3479/2342 3619/3481/2342 3618/3482/2342
f 3618/3482/2343 3619/3481/2343 3621/3483/2343 3620/3484/2343
f 3620/3484/2344 3621/3483/2344 3623/3485/2344 3622/3486/2344
f 3622/3486/2345 3623/3485/2345 3625/3487/2345 3624/3488/2345
f 3624/3488/2346 3625/3487/2346 3627/3489/2346 3626/3490/2346
f 3626/3490/2347 3627/3489/2347 3629/3491/2347 3628/3492/2347
f 3632/3493/2348 3633/3494/2348 3631/3495/2348 3630/3496/2348
f 3630/3496/2349 3631/3495/2349 3635/3497/2349 3634/3498/2349
f 3634/3498/2350 3635/3497/2350 3637/3499/2350 3636/3500/2350
f 3636/3500/2351 3637/3499/2351 3639/3501/2351 3638/3502/2351
f 3638/3502/2352 3639/3501/2352 3641/3503/2352 3640/3504/2352
f 3640/3504/2353 3641/3503/2353 3643/3505/2353 3642/3506/2353
f 3642/3506/2354 3643/3505/2354 3645/3507/2354 3644/3508/2354
f 3644/3508/2355 3645/3507/2355 3647/3509/2355 3646/3510/2355
f 3650/3511/2356 3651/3512/2356 3649/3513/2356 3648/3514/2356
f 3648/3514/2357 3649/3513/2357 3653/3515/2357 3652/3516/2357
f 3652/3516/2358 3653/3515/2358 3655/3517/2358 3654/3518/2358
f 3654/3518/2359 3655/3517/2359 3657/3519/2359 3656/3520/2359
f 3656/3520/2360 3657/3519/2360 3659/3521/2360 3658/3522/2360
f 3658/3522/2361 3659/3521/2361 3661/3523/2361 3660/3524/2361
f 3660/3524/2362 3661/3523/2362 3663/3525/2362 3662/3526/2362
f 3662/3526/2363 3663/3525/2363 3665/3527/2363 3664/3528/2363
f 3668/3529/2364 3669/3530/2364 3667/3531/2364 3666/3532/2364
f 3666/3532/2365 3667/3531/2365 3671/3533/2365 3670/3534/2365
f 3670/3534/2366 3671/3533/2366 3673/3535/2366 3672/3536/2366
f 3672/3536/2367 3673/3535/2367 3675/3537/2367 3674/3538/2367
f 3674/3538/2368 3675/3537/2368 3677/3539/2368 3676/3540/2368
f 3676/3540/2369 3677/3539/2369 3679/3541/2369 3678/3542/2369
f 3678/3542/2370 3679/3541/2370 3681/3543/2370 3680/3544/2370
f 3680/3544/2371 3681/3543/2371 3683/3545/2371 3682/3546/2371
f 3686/3547/2372 3687/3548/2372 3685/3549/2372 3684/3550/2372
f 3684/3550/2373 3685/3549/2373 3689/3551/2373 3688/3552/2373
f 3688/3552/2374 3689/3551/2374 3691/3553/2374 3690/3554/2374
f 3690/3554/2375 3691/3553/2375 3693/3555/2375 3692/3556/2375
f 3692/3556/2376 3693/3555/2376 3695/3557/2376 3694/3558/2376
f 3694/3558/2377 3695/3557/2377 3697/3559/2377 3696/3560/2377
f 3696/3560/2378 3697/3559/2378 3699/3561/2378 3698/3562/2378
f 3698/3562/2379 3699/3561/2379 3701/3563/2379 3700/3564/2379
f 3704/3565/2380 3705/3566/2380 3703/3567/2380 3702/3568/2380
f 3702/3568/2381 3703/3567/2381 3707/3569/2381 3706/3570/2381
f 3706/3570/2382 3707/3569/2382 3709/3571/2382 3708/3572/2382
f 3708/3572/2383 3709/3571/2383 3711/3573/2383 3710/3574/2383
f 3710/3574/2384 3711/3573/2384 3713/3575/2384 3712/3576/2384
f 3712/3576/2385 3713/3575/2385 3715/3577/2385 3714/3578/2385
f 3714/3578/2386 3715/3577/2386 3717/3579/2386 3716/3580/2386
f 3716/3580/2387 3717/3579/2387 3719/3581/2387 3718/3582/2387
f 3722/3583/2388 3723/3584/2388 3721/3585/2388 3720/3586/2388
f 3720/3586/2389 3721/3585/2389 3725/3587/2389 3724/3588/2389
f 3724/3588/2390 3725/3587/2390 3727/3589/2390 3726/3590/2390
f 3726/3590/2391 3727/3589/2391 3729/3591/2391 3728/3592/2391
f 3728/3592/2392 3729/3591/2392 3731/3593/2392 3730/3594/2392
f 3730/3594/2393 3731/3593/2393 3733/3595/2393 3732/3596/2393
f 3732/3596/2394 3733/3595/2394 3735/3597/2394 3734/3598/2394
f 3734/3598/2395 3735/3597/2395 3737/3599/2395 3736/3600/2395
f 3740/3601/2396 3741/3602/2396 3739/3603/2396 3738/3604/2396
f 3738/3604/2397 3739/3603/2397 3743/3605/2397 3742/3606/2397
f 3742/3606/2398 3743/3605/2398 3745/3607/2398 3744/3608/2398
f 3744/3608/2399 3745/3607/2399 3747/3609/2399 3746/3610/2399
f 3746/3610/2400 3747/3609/2400 3749/3611/2400 3748/3612/2400
f 3748/3612/2401 3749/3611/2401 3751/3613/2401 3750/3614/2401
f 3750/3614/2402 3751/3613/2402 3753/3615/2402 3752/3616/2402
f 3752/3616/2403 3753/3615/2403 3755/3617/2403 3754/3618/2403
f 3758/3619/2404 3759/3620/2404 3757/3621/2404 3756/3622/2404
f 3756/3622/2405 3757/3621/2405 3761/3623/2405 3760/3624/2405
f 3760/3624/2406 3761/3623/2406 3763/3625/2406 3762/3626/2406
f 3762/3626/2407 3763/3625/2407 3765/3627/2407 3764/3628/2407
f 3764/3628/2408 3765/3627/2408 3767/3629/2408 3766/3630/2408
f 3766/3630/2409 3767/3629/2409 3769/3631/2409 3768/3632/2409
f 3768/3632/2410 3769/3631/2410 3771/3633/2410 3770/3634/2410
f 3770/3634/2411 3771/3633/2411 3773/3635/2411 3772/3636/2411
f 3776/3637/2412 3777/3638/2412 3775/3639/2412 3774/3640/2412
f 3774/3640/2413 3775/3639/2413 3779/3641/2413 3778/3642/2413
f 3778/3642/2414 3779/3641/2414 3781/3643/2414 3780/3644/2414
f 3780/3644/2415 3781/3643/2415 3783/3645/2415 3782/3646/2415
f 3782/3646/2416 3783/3645/2416 3785/3647/2416 3784/3648/2416
f 3784/3648/2417 3785/3647/2417 3787/3649/2417 3786/3650/2417
f 3786/3650/2418 3787/3649/2418 3789/3651/2418 3788/3652/2418
f 3788/3652/2419 3789/3651/2419 3791/3653/2419 3790/3654/2419
f 3794/3655/2420 3795/3656/2420 3793/3657/2420 3792/3658/2420
f 3792/3658/2421 3793/3657/2421 3797/3659/2421 3796/3660/2421
f 3796/3660/2422 3797/3659/2422 3799/3661/2422 3798/3662/2422
f 3798/3662/2423 3799/3661/2423 3801/3663/2423 3800/3664/2423
f 3800/3664/2424 3801/3663/2424 3803/3665/2424 3802/3666/2424
f 3802/3666/2425 3803/3665/2425 3805/3667/2425 3804/3668/2425
f 3804/3668/2426 3805/3667/2426 3807/3669/2426 3806/3670/2426
f 3806/3670/2427 3807/3669/2427 3809/3671/2427 3808/3672/2427
f 3812/3673/2428 3813/3674/2428 3811/3675/2428 3810/3676/2428
f 3810/3676/2429 3811/3675/2429 3815/3677/2429 3814/3678/2429
f 3814/3678/2430 3815/3677/2430 3817/3679/2430 3816/3680/2430
f 3816/3680/2431 3817/3679/2431 3819/3681/2431 3818/3682/2431
f 3818/3682/2432 3819/3681/2432 3821/3683/2432 3820/3684/2432
f 3820/3684/2433 3821/3683/2433 3823/3685/2433 3822/3686/2433
f 3822/3686/2434 3823/3685/2434 3825/3687/2434 3824/3688/2434
f 3824/3688/2435 3825/3687/2435 3827/3689/2435 3826/3690/2435
f 3830/3691/2436 3831/3692/2436 3829/3693/2436 3828/3694/2436
f 3828/3694/2437 3829/3693/2437 3833/3695/2437 3832/3696/2437
f 3832/3696/2438 3833/3695/2438 3835/3697/2438 3834/3698/2438
f 3834/3698/2439 3835/3697/2439 3837/3699/2439 3836/3700/2439
f 3836/3700/2440 3837/3699/2440 3839/3701/2440 3838/3702/2440
f 3838/3702/2441 3839/3701/2441 3841/3703/2441 3840/3704/2441
f 3840/3704/2442 3841/3703/2442 3843/3705/2442 3842/3706/2442
f 3842/3706/2443 3843/3705/2443 3845/3707/2443 3844/3708/2443
f 3848/3709/2444 3849/3710/2444 3847/3711/2444 3846/3712/2444
f 3846/3712/2445 3847/3711/2445 3851/3713/2445 3850/3714/2445
f 3850/3714/2446 3851/3713/2446 3853/3715/2446 3852/3716/2446
f 3852/3716/2447 3853/3715/2447 3855/3717/2447 3854/3718/2447
f 3854/3718/2448 3855/3717/2448 3857/3719/2448 3856/3720/2448
f 3856/3720/2449 3857/3719/2449 3859/3721/2449 3858/3722/2449
f 3858/3722/2450 3859/3721/2450 3861/3723/2450 3860/3724/2450
f 3860/3724/2451 3861/3723/2451 3863/3725/2451 3862/3726/2451
f 3866/3727/2452 3867/3728/2452 3865/3729/2452 3864/3730/2452
f 3864/3730/2453 3865/3729/2453 3869/3731/2453 3868/3732/2453
f 3868/3732/2454 3869/3731/2454 3871/3733/2454 3870/3734/2454
f 3870/3734/2455 3871/3733/2455 3873/3735/2455 3872/3736/2455
f 3872/3736/2456 3873/3735/2456 3875/3737/2456 3874/3738/2456
f 3874/3738/2457 3875/3737/2457 3877/3739/2457 3876/3740/2457
f 3876/3740/2458 3877/3739/2458 3879/3741/2458 3878/3742/2458
f 3878/3742/2459 3879/3741/2459 3881/3743/2459 3880/3744/2459
f 3884/3745/2460 3885/3746/2460 3883/3747/2460 3882/3748/2460
f 3882/3748/2461 3883/3747/2461 3887/3749/2461 3886/3750/2461
f 3886/3750/2462 3887/3749/2462 3889/3751/2462 3888/3752/2462
f 3888/3752/2463 3889/3751/2463 3891/3753/2463 3890/3754/2463
f 3890/3754/2464 3891/3753/2464 3893/3755/2464 3892/3756/2464
f 3892/3756/2465 3893/3755/2465 3895/3757/2465 3894/3758/2465
f 3894/3758/2466 3895/3757/2466 3897/3759/2466 3896/3760/2466
f 3896/3760/2467 3897/3759/2467 3899/3761/2467 3898/3762/2467
f 3902/3763/2468 3903/3764/2468 3901/3765/2468 3900/3766/2468
f 3900/3766/2469 3901/3765/2469 3905/3767/2469 3904/3768/2469
f 3904/3768/2470 3905/3767/2470 3907/3769/2470 3906/3770/2470
f 3906/3770/2471 3907/3769/2471 3909/3771/2471 3908/3772/2471
f 3908/3772/2472 3909/3771/2472 3911/3773/2472 3910/3774/2472
f 3910/3774/2473 3911/3773/2473 3913/3775/2473 3912/3776/2473
f 3912/3776/2474 3913/3775/2474 3915/3777/2474 3914/3778/2474
f 3914/3778/2475 3915/3777/2475 3917/3779/2475 3916/3780/2475
f 3920/3781/2476 3921/3782/2476 3919/3424/2476 3918/3783/2476
f 3918/3783/2477 3919/3424/2477 3923/3784/2477 3922/3785/2477
f 3922/3785/2478 3923/3784/2478 3925/3786/2478 3924/3787/2478
f 3924/3787/2479 3925/3786/2479 3927/3788/2479 3926/3789/2479
f 3926/3789/2480 3927/3788/2480 3929/3790/2480 3928/3791/2480
f 3928/3791/2481 3929/3790/2481 3931/3792/2481 3930/3793/2481
f 3930/3793/2482 3931/3792/2482 3933/3794/2482 3932/3795/2482
f 3932/3795/2483 3933/3794/2483 3935/3796/2483 3934/3797/2483
f 3938/3798/2484 3939/3799/2484 3937/3800/2484 3936/3801/2484
f 3936/3801/2485 3937/3800/2485 3941/3802/2485 3940/3803/2485
f 3940/3803/2486 3941/3802/2486 3943/3804/2486 3942/3805/2486
f 3942/3805/2487 3943/3804/2487 3945/3806/2487 3944/3807/2487
f 3944/3807/2488 3945/3806/2488 3947/3808/2488 3946/3809/2488
f 3946/3809/2489 3947/3808/2489 3949/3810/2489 3948/3811/2489
f 3948/3811/2490 3949/3810/2490 3951/3812/2490 3950/3813/2490
f 3950/3813/2491 3951/3812/2491 3953/3814/2491 3952/3815/2491
f 3956/3816/2492 3957/3817/2492 3955/3818/2492 3954/3819/2492
f 3954/3819/2493 3955/3818/2493 3959/3820/2493 3958/3821/2493
f 3958/3821/2494 3959/3820/2494 3961/3822/2494 3960/3823/2494
f 3960/3823/2495 3961/3822/2495 3963/3824/2495 3962/3825/2495
f 3962/3825/2496 3963/3824/2496 3965/3826/2496 3964/3827/2496
f 3964/3827/2497 3965/3826/2497 3967/3828/2497 3966/3829/2497
f 3966/3829/2498 3967/3828/2498 3969/3830/2498 3968/3831/2498
f 3968/3831/2499 3969/3830/2499 3971/3832/2499 3970/3833/2499
f 3974/3834/2500 3975/3835/2500 3973/3836/2500 3972/3837/2500
f 3972/3837/2501 3973/3836/2501 3977/3838/2501 3976/3839/2501
f 3976/3839/2502 3977/3838/2502 3979/3840/2502 3978/3841/2502
f 3978/3841/2503 3979/3840/2503 3981/3842/2503 3980/3843/2503
f 3980/3843/2504 3981/3842/2504 3983/3844/2504 3982/3845/2504
f 3982/3845/2505 3983/3844/2505 3985/3846/2505 3984/3847/2505
f 3984/3847/2506 3985/3846/2506 3987/3848/2506 3986/3849/2506
f 3986/3849/2507 3987/3848/2507 3989/3850/2507 3988/3851/2507
f 3992/3852/2508 3993/3853/2508 3991/3854/2508 3990/3855/2508
f 3990/3855/2509 3991/3854/2509 3995/3856/2509 3994/3857/2509
f 3994/3857/2510 3995/3856/2510 3997/3858/2510 3996/3859/2510
f 3996/3859/2511 3997/3858/2511 3999/3860/2511 3998/3861/2511
f 3998/3861/2512 3999/3860/2512 4001/3862/2512 4000/3863/2512
f 4000/3863/2513 4001/3862/2513 4003/3864/2513 4002/3865/2513
f 4002/3865/2514 4003/3864/2514 4005/3866/2514 4004/3867/2514
f 4004/3867/2515 4005/3866/2515 4007/3868/2515 4006/3869/2515
f 4010/3870/2516 4011/3871/2516 4009/3872/2516 4008/3873/2516
f 4008/3873/2517 4009/3872/2517 4013/3874/2517 4012/3875/2517
f 4012/3875/2518 4013/3874/2518 4015/3876/2518 4014/3877/2518
f 4014/3877/2519 4015/3876/2519 4017/3878/2519 4016/3879/2519
f 4016/3879/2520 4017/3878/2520 4019/3880/2520 4018/3881/2520
f 4018/3881/2521 4019/3880/2521 4021/3882/2521 4020/3883/2521
f 4020/3883/2522 4021/3882/2522 4023/3884/2522 4022/3885/2522
f 4022/3885/2523 4023/3884/2523 4025/3886/2523 4024/3887/2523
f 4028/3888/2524 4029/3889/2524 4027/3890/2524 4026/3891/2524
f 4026/3891/2525 4027/3890/2525 4031/3892/2525 4030/3893/2525
f 4030/3893/2526 4031/3892/2526 4033/3894/2526 4032/3895/2526
f 4032/3895/2527 4033/3894/2527 4035/3896/2527 4034/3897/2527
f 4034/3897/2528 4035/3896/2528 4037/3898/2528 4036/3899/2528
f 4036/3899/2529 4037/3898/2529 4039/3900/2529 4038/3901/2529
f 4038/3901/2530 4039/3900/2530 4041/3902/2530 4040/3903/2530
f 4040/3903/2531 4041/3902/2531 4043/3904/2531 4042/3905/2531
f 4046/3906/2532 4047/3907/2532 4045/3908/2532 4044/3909/2532
f 4044/3909/2533 4045/3908/2533 4049/3910/2533 4048/3911/2533
f 4048/3911/2534 4049/3910/2534 4051/3912/2534 4050/3913/2534
f 4050/3913/2535 4051/3912/2535 4053/3914/2535 4052/3915/2535
f 4052/3915/2536 4053/3914/2536 4055/3916/2536 4054/3917/2536
f 4054/3917/2537 4055/3916/2537 4057/3918/2537 4056/3919/2537
f 4056/3919/2538 4057/3918/2538 4059/3920/2538 4058/3921/2538
f 4058/3921/2539 4059/3920/2539 4061/3922/2539 4060/3923/2539
f 4064/3924/2540 4065/3925/2540 4063/3926/2540 4062/3927/2540
f 4062/3927/2541 4063/3926/2541 4067/3928/2541 4066/3929/2541
f 4066/3929/2542 4067/3928/2542 4069/3930/2542 4068/3931/2542
f 4068/3931/2543 4069/3930/2543 4071/3932/2543 4070/3933/2543
f 4070/3933/2544 4071/3932/2544 4073/3934/2544 4072/3935/2544
f 4072/3935/2545 4073/3934/2545 4075/3936/2545 4074/3937/2545
f 4074/3937/2546 4075/3936/2546 4077/3938/2546 4076/3939/2546
f 4076/3939/2547 4077/3938/2547 4079/3940/2547 4078/3941/2547
f 4082/3942/2548 4083/3943/2548 4081/3944/2548 4080/3945/2548
f 4080/3945/2549 4081/3944/2549 4085/3946/2549 4084/3947/2549
f 4084/3947/2550 4085/3946/2550 4087/3948/2550 4086/3949/2550
f 4086/3949/2551 4087/3948/2551 4089/3950/2551 4088/3951/2551
f 4088/3951/2552 4089/3950/2552 4091/3952/2552 4090/3953/2552
f 4090/3953/2553 4091/3952/2553 4093/3954/2553 4092/3955/2553
f 4092/3955/2554 4093/3954/2554 4095/3956/2554 4094/3957/2554
f 4094/3957/2555 4095/3956/2555 4097/3958/2555 4096/3959/2555
f 4100/3960/2556 4101/3961/2556 4099/3962/2556 4098/3963/2556
f 4098/3963/2557 4099/3962/2557 4103/3964/2557 4102/3965/2557
f 4102/3965/2558 4103/3964/2558 4105/3966/2558 4104/3967/2558
f 4104/3967/2559 4105/3966/2559 4107/3968/2559 4106/3969/2559
f 4106/3969/2560 4107/3968/2560 4109/3970/2560 4108/3971/2560
f 4108/3971/2561 4109/3970/2561 4111/3972/2561 4110/3973/2561
f 4110/3973/2562 4111/3972/2562 4113/3974/2562 4112/3975/2562
f 4112/3975/2563 4113/3974/2563 4115/3976/2563 4114/3977/2563
f 4118/3978/2564 4119/3979/2564 4117/3980/2564 4116/3981/2564
f 4116/3981/2565 4117/3980/2565 4121/3982/2565 4120/3983/2565
f 4120/3983/2566 4121/3982/2566 4123/3984/2566 4122/3985/2566
f 4122/3985/2567 4123/3984/2567 4125/3986/2567 4124/3987/2567
f 4124/3987/2568 4125/3986/2568 4127/3988/2568 4126/3989/2568
f 4126/3989/2569 4127/3988/2569 4129/3990/2569 4128/3991/2569
f 4128/3991/2570 4129/3990/2570 4131/3992/2570 4130/3993/2570
f 4130/3993/2571 4131/3992/2571 4133/3994/2571 4132/3995/2571
f 4136/3996/2572 4137/3997/2572 4135/3998/2572 4134/3999/2572
f 4134/3999/2573 4135/3998/2573 4139/4000/2573 4138/4001/2573
f 4138/4001/2574 4139/4000/2574 4141/4002/2574 4140/4003/2574
f 4140/4003/2575 4141/4002/2575 4143/4004/2575 4142/4005/2575
f 4142/4005/2576 4143/4004/2576 4145/4006/2576 4144/4007/2576
f 4144/4007/2577 4145/4006/2577 4147/4008/2577 4146/4009/2577
f 4146/4009/2578 4147/4008/2578 4149/4010/2578 4148/4011/2578
f 4148/4011/2579 4149/4010/2579 4151/4012/2579 4150/4013/2579
f 4154/4014/2580 4155/4015/2580 4153/4016/2580 4152/4017/2580
f 4152/4017/2581 4153/4016/2581 4157/4018/2581 4156/4019/2581
f 4156/4019/2582 4157/4018/2582 4159/4020/2582 4158/4021/2582
f 4158/4021/2583 4159/4020/2583 4161/4022/2583 4160/4023/2583
f 4160/4023/2584 4161/4022/2584 4163/4024/2584 4162/4025/2584
f 4162/4025/2585 4163/4024/2585 4165/4026/2585 4164/4027/2585
f 4164/4027/2586 4165/4026/2586 4167/4028/2586 4166/4029/2586
f 4166/4029/2395 4167/4028/2395 4169/4030/2395 4168/4031/2395
f 4172/4032/2587 4173/4033/2587 4171/4034/2587 4170/4035/2587
f 4170/4035/2588 4171/4034/2588 4175/4036/2588 4174/4037/2588
f 4174/4037/2589 4175/4036/2589 4177/4038/2589 4176/4039/2589
f 4176/4039/2590 4177/4038/2590 4179/4040/2590 4178/4041/2590
f 4178/4041/2591 4179/4040/2591 4181/4042/2591 4180/4043/2591
f 4180/4043/2592 4181/4042/2592 4183/4044/2592 4182/4045/2592
f 4182/4045/2593 4183/4044/2593 4185/4046/2593 4184/4047/2593
f 4184/4047/2594 4185/4046/2594 4187/4048/2594 4186/4049/2594
f 4190/4050/2595 4191/4051/2595 4189/4052/2595 4188/4053/2595
f 4188/4053/2596 4189/4052/2596 4193/4054/2596 4192/4055/2596
f 4192/4055/2597 4193/4054/2597 4195/4056/2597 4194/4057/2597
f 4194/4057/2598 4195/4056/2598 4197/4058/2598 4196/4059/2598
f 4196/4059/2599 4197/4058/2599 4199/4060/2599 4198/4061/2599
f 4198/4061/2600 4199/4060/2600 4201/4062/2600 4200/4063/2600
f 4200/4063/2601 4201/4062/2601 4203/4064/2601 4202/4065/2601
f 4202/4065/2602 4203/4064/2602 4205/4066/2602 4204/4067/2602
f 4208/4068/2603 4209/4069/2603 4207/4070/2603 4206/4071/2603
f 4206/4071/2604 4207/4070/2604 4211/4072/2604 4210/4073/2604
f 4210/4073/2605 4211/4072/2605 4213/4074/2605 4212/4075/2605
f 4212/4075/2606 4213/4074/2606 4215/4076/2606 4214/4077/2606
f 4214/4077/2607 4215/4076/2607 4217/4078/2607 4216/4079/2607
f 4216/4079/2608 4217/4078/2608 4219/4080/2608 4218/4081/2608
f 4218/4081/2609 4219/4080/2609 4221/4082/2609 4220/4083/2609
f 4220/4083/2610 4221/4082/2610 4223/4084/2610 4222/4085/2610
f 4226/4086/2611 4227/4087/2611 4225/4088/2611 4224/4089/2611
f 4224/4089/2612 4225/4088/2612 4229/4090/2612 4228/4091/2612
f 4228/4091/2613 4229/4090/2613 4231/4092/2613 4230/4093/2613
f 4230/4093/2614 4231/4092/2614 4233/4094/2614 4232/4095/2614
f 4232/4095/2615 4233/4094/2615 4235/4096/2615 4234/4097/2615
f 4234/4097/2616 4235/4096/2616 4237/4098/2616 4236/4099/2616
f 4236/4099/2617 4237/4098/2617 4239/4100/2617 4238/4101/2617
f 4238/4101/2618 4239/4100/2618 4241/4102/2618 4240/4103/2618
f 4244/4104/2619 4245/4105/2619 4243/4106/2619 4242/4107/2619
f 4242/4107/2620 4243/4106/2620 4247/4108/2620 4246/4109/2620
f 4246/4109/2621 4247/4108/2621 4249/4110/2621 4248/4111/2621
f 4248/4111/2622 4249/4110/2622 4251/4112/2622 4250/4113/2622
f 4250/4113/2623 4251/4112/2623 4253/4114/2623 4252/4115/2623
f 4252/4115/2624 4253/4114/2624 4255/4116/2624 4254/4117/2624
f 4254/4117/2625 4255/4116/2625 4257/4118/2625 4256/4119/2625
f 4256/4119/2626 4257/4118/2626 4259/4120/2626 4258/4121/2626
f 4262/4122/2627 4263/4123/2627 4261/4124/2627 4260/4125/2627
f 4260/4125/2628 4261/4124/2628 4265/4126/2628 4264/4127/2628
f 4264/4127/2629 4265/4126/2629 4267/4128/2629 4266/4129/2629
f 4266/4129/2630 4267/4128/2630 4269/4130/2630 4268/4131/2630
f 4268/4131/2631 4269/4130/2631 4271/4132/2631 4270/4133/2631
f 4270/4133/2632 4271/4132/2632 4273/4134/2632 4272/4135/2632
f 4272/4135/2633 4273/4134/2633 4275/4136/2633 4274/4137/2633
f 4274/4137/2634 4275/4136/2634 4277/4138/2634 4276/4139/2634
f 4280/4140/2635 4281/4141/2635 4279/4142/2635 4278/4143/2635
f 4278/4143/2636 4279/4142/2636 4283/4144/2636 4282/4145/2636
f 4282/4145/2637 4283/4144/2637 4285/4146/2637 4284/4147/2637
f 4284/4147/2638 4285/4146/2638 4287/4148/2638 4286/4149/2638
f 4286/4149/2639 4287/4148/2639 4289/4150/2639 4288/4151/2639
f 4288/4151/2640 4289/4150/2640 4291/4152/2640 4290/4153/2640
f 4290/4153/2641 4291/4152/2641 4293/4154/2641 4292/4155/2641
f 4292/4155/2642 4293/4154/2642 4295/4156/2642 4294/4157/2642
f 4298/4158/2643 4299/4159/2643 4297/4160/2643 4296/4161/2643
f 4296/4161/2644 4297/4160/2644 4301/4162/2644 4300/4163/2644
f 4300/4163/2645 4301/4162/2645 4303/4164/2645 4302/4165/2645
f 4302/4165/2646 4303/4164/2646 4305/4166/2646 4304/4167/2646
f 4304/4167/2647 4305/4166/2647 4307/4168/2647 4306/4169/2647
f 4306/4169/2648 4307/4168/2648 4309/4170/2648 4308/4171/2648
f 4308/4171/2649 4309/4170/2649 4311/4172/2649 4310/4173/2649
f 4310/4173/2650 4311/4172/2650 4313/4174/2650 4312/4175/2650
f 4316/4176/2651 4317/4177/2651 4315/4178/2651 4314/4179/2651
f 4314/4179/2652 4315/4178/2652 4319/4180/2652 4318/4181/2652
f 4318/4181/2653 4319/4180/2653 4321/4182/2653 4320/4183/2653
f 4320/4183/2654 4321/4182/2654 4323/4184/2654 4322/4185/2654
f 4322/4185/2655 4323/4184/2655 4325/4186/2655 4324/4187/2655
f 4324/4187/2656 4325/4186/2656 4327/4188/2656 4326/4189/2656
f 4326/4189/2657 4327/4188/2657 4329/4190/2657 4328/4191/2657
f 4328/4191/2658 4329/4190/2658 4331/4192/2658 4330/4193/2658
f 4334/4194/2659 4335/4195/2659 4333/4196/2659 4332/4197/2659
f 4332/4197/2660 4333/4196/2660 4337/4198/2660 4336/4199/2660
f 4336/4199/2661 4337/4198/2661 4339/4200/2661 4338/4201/2661
f 4338/4201/2662 4339/4200/2662 4341/4202/2662 4340/4203/2662
f 4340/4203/2663 4341/4202/2663 4343/4204/2663 4342/4205/2663
f 4342/4205/2664 4343/4204/2664 4345/4206/2664 4344/4207/2664
f 4344/4207/2665 4345/4206/2665 4347/4208/2665 4346/4209/2665
f 4346/4209/2666 4347/4208/2666 4349/4210/2666 4348/4211/2666
f 4352/4212/2667 4353/4213/2667 4351/4214/2667 4350/4215/2667
f 4350/4215/2668 4351/4214/2668 4355/4216/2668 4354/4217/2668
f 4354/4217/2669 4355/4216/2669 4357/4218/2669 4356/4219/2669
f 4356/4219/2670 4357/4218/2670 4359/4220/2670 4358/4221/2670
f 4358/4221/2671 4359/4220/2671 4361/4222/2671 4360/4223/2671
f 4360/4223/2672 4361/4222/2672 4363/4224/2672 4362/4225/2672
f 4362/4225/2673 4363/4224/2673 4365/4226/2673 4364/4227/2673
f 4364/4227/2674 4365/4226/2674 4367/4228/2674 4366/4229/2674
f 4370/4230/2675 4371/4231/2675 4369/4232/2675 4368/4233/2675
f 4368/4233/2676 4369/4232/2676 4373/4234/2676 4372/4235/2676
f 4372/4235/2677 4373/4234/2677 4375/4236/2677 4374/4237/2677
f 4374/4237/2678 4375/4236/2678 4377/4238/2678 4376/4239/2678
f 4376/4239/2679 4377/4238/2679 4379/4240/2679 4378/4241/2679
f 4378/4241/2680 4379/4240/2680 4381/4242/2680 4380/4243/2680
f 4380/4243/2681 4381/4242/2681 4383/4244/2681 4382/4245/2681
f 4382/4245/2682 4383/4244/2682 4385/4246/2682 4384/4247/2682
f 4388/4248/2683 4389/4249/2683 4387/4250/2683 4386/4251/2683
f 4386/4251/2684 4387/4250/2684 4391/4252/2684 4390/4253/2684
f 4390/4253/2685 4391/4252/2685 4393/4254/2685 4392/4255/2685
f 4392/4255/2686 4393/4254/2686 4395/4256/2686 4394/4257/2686
f 4394/4257/2687 4395/4256/2687 4397/4258/2687 4396/4259/2687
f 4396/4259/2688 4397/4258/2688 4399/4260/2688 4398/4261/2688
f 4398/4261/2689 4399/4260/2689 4401/4262/2689 4400/4263/2689
f 4400/4263/2690 4401/4262/2690 4403/4264/2690 4402/4265/2690
f 4406/4266/2691 4407/4267/2691 4405/4268/2691 4404/4269/2691
f 4404/4269/2692 4405/4268/2692 4409/4270/2692 4408/4271/2692
f 4408/4271/2693 4409/4270/2693 4411/4272/2693 4410/4273/2693
f 4410/4273/2694 4411/4272/2694 4413/4274/2694 4412/4275/2694
f 4412/4275/2695 4413/4274/2695 4415/4276/2695 4414/4277/2695
f 4414/4277/2696 4415/4276/2696 4417/4278/2696 4416/4279/2696
f 4416/4279/2697 4417/4278/2697 4419/4280/2697 4418/4281/2697
f 4418/4281/2698 4419/4280/2698 4421/4282/2698 4420/4283/2698
f 4484/4284/2699 4478/4285/2699 4422/4286/2699 4426/4287/2699
f 4480/4288/2700 4429/4289/2700 4424/4290/2700 4479/4291/2700
f 4485/4292/2701 4479/4291/2701 4424/4290/2701 4432/4293/2701
f 4482/4294/2702 4484/4284/2702 4426/4287/2702 4423/4295/2702
f 4483/4296/2703 4425/4297/2703 4429/4298/2703 4480/4299/2703
f 4462/4300/2704 4453/4301/2704 4430/4302/2704 4436/4303/2704
f 4449/4304/2705 4462/4300/2705 4436/4303/2705 4427/4305/2705
f 4478/4285/2706 4485/4292/2706 4432/4293/2706 4422/4286/2706
f 4434/4306/2707 4428/4307/2707 4438/4308/2707 4457/4309/2707
f 4457/4309/2708 4438/4308/2708 4439/4310/2708 4456/4311/2708
f 4474/4312/2709 4470/4313/2709 4440/4314/2709 4455/4315/2709
f 4455/4315/2710 4440/4314/2710 4441/4316/2710 4454/4317/2710
f 4435/4318/2711 4458/4319/2711 4442/4320/2711 4431/4321/2711
f 4458/4319/2712 4459/4322/2712 4443/4323/2712 4442/4320/2712
f 4475/4324/2713 4460/4325/2713 4444/4326/2713 4471/4327/2713
f 4460/4325/2714 4461/4328/2714 4445/4329/2714 4444/4326/2714
f 4437/4330/2715 4431/4321/2715 4442/4320/2715 4469/4331/2715
f 4469/4331/2716 4442/4320/2716 4443/4323/2716 4468/4332/2716
f 4477/4333/2717 4471/4327/2717 4444/4326/2717 4467/4334/2717
f 4467/4334/2718 4444/4326/2718 4445/4329/2718 4466/4335/2718
f 4427/4305/2719 4434/4306/2719 4457/4309/2719 4449/4304/2719
f 4449/4304/2720 4457/4309/2720 4456/4311/2720 4448/4336/2720
f 4472/4337/2721 4474/4312/2721 4455/4315/2721 4447/4338/2721
f 4447/4338/2722 4455/4315/2722 4454/4317/2722 4446/4339/2722
f 4430/4302/2723 4453/4301/2723 4458/4340/2723 4435/4341/2723
f 4453/4301/2724 4452/4342/2724 4459/4343/2724 4458/4340/2724
f 4473/4344/2725 4451/4345/2725 4460/4346/2725 4475/4347/2725
f 4451/4345/2726 4450/4348/2726 4461/4349/2726 4460/4346/2726
f 4481/4350/2727 4483/4296/2727 4450/4348/2727 4465/4351/2727
f 4465/4351/2728 4450/4348/2728 4451/4345/2728 4464/4352/2728
f 4476/4353/2729 4473/4344/2729 4452/4342/2729 4463/4354/2729
f 4463/4354/2730 4452/4342/2730 4453/4301/2730 4462/4300/2730
f 4482/4294/2731 4481/4350/2731 4465/4351/2731 4446/4339/2731
f 4446/4339/2732 4465/4351/2732 4464/4352/2732 4447/4338/2732
f 4472/4337/2733 4476/4353/2733 4463/4354/2733 4448/4336/2733
f 4448/4336/2734 4463/4354/2734 4462/4300/2734 4449/4304/2734
f 4428/4307/2735 4437/4330/2735 4469/4331/2735 4438/4308/2735
f 4438/4308/2736 4469/4331/2736 4468/4332/2736 4439/4310/2736
f 4470/4313/2737 4477/4333/2737 4467/4334/2737 4440/4314/2737
f 4440/4314/2738 4467/4334/2738 4466/4335/2738 4441/4316/2738
f 4456/4311/2739 4439/4310/2739 4470/4313/2739 4474/4312/2739
f 4459/4322/2740 4475/4324/2740 4471/4327/2740 4443/4323/2740
f 4468/4332/2741 4443/4323/2741 4471/4327/2741 4477/4333/2741
f 4448/4336/2742 4456/4311/2742 4474/4312/2742 4472/4337/2742
f 4452/4342/2743 4473/4344/2743 4475/4347/2743 4459/4343/2743
f 4464/4352/2744 4451/4345/2744 4473/4344/2744 4476/4353/2744
f 4447/4338/2745 4464/4352/2745 4476/4353/2745 4472/4337/2745
f 4439/4310/2746 4468/4332/2746 4477/4333/2746 4470/4313/2746
f 4454/4317/2747 4441/4316/2747 4478/4285/2747 4484/4284/2747
f 4461/4328/2748 4480/4288/2748 4479/4291/2748 4445/4329/2748
f 4466/4335/2749 4445/4329/2749 4479/4291/2749 4485/4292/2749
f 4446/4339/2750 4454/4317/2750 4484/4284/2750 4482/4294/2750
f 4450/4348/2751 4483/4296/2751 4480/4299/2751 4461/4349/2751
f 4441/4316/2752 4466/4335/2752 4485/4292/2752 4478/4285/2752
f 4433/4355/2753 4425/4297/2753 4483/4296/2753 4481/4350/2753
f 4423/4295/2754 4433/4355/2754 4481/4350/2754 4482/4294/2754
f 25/338/2755 271/337/2755 4487/344/2755 4486/343/2755
f 14/23/2756 4488/349/2756 4489/350/2756 236/24/2756
f 184/249/2757 4490/245/2757 4491/246/2757 183/250/2757
f 237/293/2758 4492/351/2758 4493/352/2758 238/294/2758
