# Blender 5.0.1
# www.blender.org
mtllib hair.mtl
o bob
v 0.756500 15.577900 0.632299
v 0.823900 15.456999 0.630099
v 0.904700 15.279099 0.602199
v 0.926000 15.127399 0.572999
v 0.910300 14.952200 0.545999
v 0.855200 14.751100 0.529499
v 0.696400 15.637899 0.639899
v 0.663800 15.669899 0.630099
v 0.674600 15.656900 0.633099
v 0.801600 14.529799 0.534599
v 0.888700 14.860499 0.538099
v 0.922000 15.037399 0.559999
v 0.794600 15.520100 0.632999
v 0.867200 15.373699 0.620599
v 0.922500 15.200399 0.588199
v 0.924500 15.083200 0.567599
v 0.900300 14.907499 0.541499
v 0.830300 14.639000 0.531699
v 0.726300 15.608299 0.636799
v 0.669200 15.663000 0.631699
v 0.684800 15.647400 0.637499
v 0.673500 15.679600 0.561699
v 0.663100 15.691700 0.558199
v 0.872500 14.765300 0.497499
v 0.920300 14.965400 0.504299
v 0.933700 15.138599 0.520699
v 0.913200 15.295099 0.541099
v 0.825600 15.477699 0.561599
v 0.777100 14.420500 0.541899
v 0.814200 14.538300 0.509199
v 0.870100 14.805799 0.532899
v 0.901900 14.875199 0.500499
v 0.917400 14.994900 0.552699
v 0.932700 15.047500 0.512899
v 0.682200 15.671400 0.564099
v 0.668300 15.685101 0.560099
v 0.721400 15.631899 0.564099
v 0.847100 14.650499 0.503199
v 0.912900 14.919399 0.502899
v 0.935400 15.094100 0.517899
v 0.930900 15.216599 0.531799
v 0.868200 15.391000 0.554999
v 0.793600 15.541300 0.563299
v 0.670800 14.153399 0.573699
v 0.782800 14.426000 0.518699
v 0.733900 14.254900 0.550399
v 0.884200 14.820100 0.497799
v 0.927500 15.006700 0.508499
v 0.724400 14.251200 0.569799
v 0.743400 14.303599 0.563899
v 0.670100 14.154699 0.588499
v 0.700800 14.197499 0.579899
v 0.608600 14.099099 0.587499
v 0.690800 15.662600 0.565799
v 0.750700 15.597200 0.560799
v 0.615500 14.102900 0.570899
v 0.709500 14.203500 0.563099
v 0.752500 14.306499 0.542299
v 0.714700 15.493799 0.886199
v 0.763000 15.365499 0.872799
v 0.799700 15.228000 0.825899
v 0.811200 15.075200 0.792899
v 0.797800 14.909100 0.752199
v 0.774900 14.724799 0.696799
v 0.662200 15.567600 0.885099
v 0.651900 15.599300 0.872199
v 0.657000 15.584099 0.881599
v 0.748200 14.502199 0.667899
v 0.786600 14.816299 0.720799
v 0.807900 14.996799 0.772699
v 0.741800 15.434599 0.883199
v 0.781100 15.305099 0.855099
v 0.808500 15.155399 0.812799
v 0.811800 15.042000 0.781899
v 0.792000 14.864699 0.740599
v 0.759300 14.620399 0.687399
v 0.688300 15.531399 0.889199
v 0.654200 15.593700 0.876499
v 0.660000 15.574800 0.884899
v 0.668700 15.639099 0.688399
v 0.659100 15.650499 0.687199
v 0.829100 14.756200 0.581599
v 0.871700 14.953799 0.596599
v 0.877600 15.122800 0.618199
v 0.867900 15.272699 0.642199
v 0.814400 15.452799 0.668099
v 0.730200 14.411400 0.668399
v 0.790100 14.526000 0.586199
v 0.773000 14.776700 0.715599
v 0.855200 14.864599 0.587599
v 0.803000 14.949599 0.762699
v 0.878700 15.037600 0.607399
v 0.675200 15.634501 0.687299
v 0.664900 15.643400 0.689599
v 0.718500 15.601599 0.680499
v 0.808400 14.638599 0.580299
v 0.862700 14.910199 0.592399
v 0.878900 15.082600 0.613099
v 0.878400 15.197700 0.630499
v 0.842200 15.365600 0.658999
v 0.785600 15.514700 0.670999
v 0.654500 14.149899 0.629599
v 0.767300 14.407499 0.597099
v 0.705100 14.235399 0.622099
v 0.843300 14.810499 0.584899
v 0.876100 14.996099 0.602199
v 0.662300 14.224700 0.670399
v 0.682800 14.274400 0.669099
v 0.622000 14.147599 0.669199
v 0.641800 14.184299 0.667399
v 0.594400 14.075600 0.653399
v 0.684300 15.629299 0.685499
v 0.747400 15.570601 0.671099
v 0.607000 14.084100 0.629599
v 0.680600 14.184999 0.628699
v 0.728800 14.296900 0.615499
v 0.538300 15.390400 1.122099
v 0.626200 15.301900 1.057899
v 0.709400 15.136399 0.949599
v 0.744000 15.005899 0.884299
v 0.757800 14.832299 0.797699
v 0.738200 14.545600 0.707799
v 0.528500 15.445499 1.127199
v 0.547000 15.488699 1.089999
v 0.747900 14.712800 0.757699
v 0.750300 14.927600 0.851199
v 0.584300 15.350100 1.097999
v 0.671500 15.220599 1.007299
v 0.722000 15.080000 0.920399
v 0.748500 14.970300 0.868699
v 0.755000 14.781899 0.779899
v 0.530900 15.420300 1.124299
v 0.533400 15.465399 1.112699
v 0.600600 15.528999 0.998699
v 0.745300 14.542299 0.693299
v 0.800000 14.849600 0.742099
v 0.804100 15.021100 0.795099
v 0.775700 15.167100 0.851999
v 0.728400 15.339100 0.932599
v 0.741900 14.632400 0.728899
v 0.787300 14.738299 0.704799
v 0.757500 14.880300 0.817199
v 0.804300 14.934299 0.768199
v 0.606900 15.520599 0.993499
v 0.654800 15.492500 0.975999
v 0.795300 14.795500 0.723899
v 0.804700 14.978100 0.780799
v 0.796300 15.094100 0.822799
v 0.759100 15.258300 0.894099
v 0.705700 15.400299 0.952099
v 0.771300 14.661500 0.696299
v 0.800400 14.892699 0.756999
v 0.616800 15.517099 0.981999
v 0.682600 15.459799 0.964599
v 0.677000 15.619699 0.792299
v 0.657700 15.626499 0.789699
v 0.817600 14.733700 0.654299
v 0.858500 14.928400 0.689099
v 0.868300 15.096299 0.716799
v 0.855200 15.254499 0.746399
v 0.816000 15.416700 0.781199
v 0.789800 14.510600 0.643699
v 0.842800 14.835099 0.667799
v 0.867300 15.012300 0.702499
v 0.687600 15.614100 0.792799
v 0.755900 15.548599 0.787899
v 0.726300 14.281899 0.660399
v 0.623700 14.070499 0.655099
v 0.681300 14.181800 0.667299
v 0.682900 15.616299 0.793099
v 0.667800 15.623699 0.791099
v 0.723200 15.585600 0.792199
v 0.807000 14.626800 0.650299
v 0.851400 14.882600 0.681099
v 0.869800 15.057400 0.709299
v 0.868600 15.178800 0.732699
v 0.838200 15.340600 0.768299
v 0.790400 15.486300 0.786899
v 0.658000 14.143499 0.665499
v 0.770300 14.406199 0.649899
v 0.703000 14.226600 0.665799
v 0.830200 14.786300 0.664199
v 0.863200 14.968200 0.695999
v 0.579600 15.509800 1.047399
v 0.752300 14.541599 0.707599
v 0.788900 14.838699 0.779999
v 0.783300 15.011700 0.846499
v 0.755500 15.151400 0.915499
v 0.692700 15.320800 1.007499
v 0.780000 14.724799 0.739699
v 0.789200 14.929899 0.814799
v 0.591400 15.487299 1.061499
v 0.634700 15.432100 1.053999
v 0.582900 15.497700 1.057499
v 0.617500 15.462900 1.056799
v 0.788800 14.784100 0.760999
v 0.786300 14.972199 0.830399
v 0.769100 15.084900 0.887599
v 0.727400 15.238199 0.961599
v 0.662900 15.377800 1.032899
v 0.768400 14.644300 0.719299
v 0.789800 14.884800 0.797299
v 0.672000 15.706999 0.342399
v 0.820600 15.576700 0.375899
v 0.928800 15.328899 0.435699
v 0.958700 15.140200 0.479799
v 0.939200 14.966100 0.488599
v 0.903600 14.745199 0.482399
v 0.848300 14.551700 0.508199
v 0.936500 14.848300 0.478399
v 0.951800 15.042299 0.481899
v 0.748200 15.654900 0.360699
v 0.893200 15.457800 0.407299
v 0.949200 15.239799 0.467499
v 0.959200 15.093800 0.478099
v 0.943500 14.905999 0.483399
v 0.879900 14.647699 0.493399
v 0.628100 15.745899 0.310499
v 0.923500 14.709499 0.161899
v 0.956900 14.940200 0.104499
v 0.943100 15.158400 0.078399
v 0.888300 15.353900 0.058699
v 0.799100 15.575500 0.044199
v 0.815800 14.436000 0.515199
v 0.854900 14.505600 0.221099
v 0.918800 14.800200 0.481099
v 0.964600 14.820800 0.140599
v 0.939700 15.001499 0.490099
v 0.952900 15.010200 0.093799
v 0.573800 15.838600 0.067299
v 0.897200 14.618000 0.185999
v 0.965300 14.876699 0.121099
v 0.954300 15.079800 0.086099
v 0.909300 15.252299 0.066899
v 0.842700 15.458700 0.047399
v 0.725800 15.673700 0.054199
v 0.633700 14.186700 0.244999
v 0.813900 14.412999 0.231299
v 0.703600 14.254100 0.245499
v 0.949300 14.766700 0.151199
v 0.952600 14.983100 0.096999
v 0.743100 14.239200 0.515299
v 0.780300 14.328199 0.525199
v 0.691500 14.164599 0.506599
v 0.726900 14.209100 0.512499
v 0.656600 14.132299 0.505199
v 0.644200 15.764400 0.062299
v 0.609100 14.165000 0.251699
v 0.663200 14.216499 0.242699
v 0.739000 14.306100 0.238599
v 0.573100 15.838800 -0.189801
v 0.678800 15.683399 -0.238301
v 0.765700 15.503500 -0.246301
v 0.814100 15.336800 -0.232801
v 0.851700 15.141800 -0.230201
v 0.842100 14.918699 -0.207201
v 0.469200 15.906599 -0.132801
v 0.260700 15.841400 -0.055401
v 0.366300 15.907200 -0.095101
v 0.783800 14.726299 -0.181201
v 0.849800 15.019600 -0.221801
v 0.845800 15.216900 -0.235801
v 0.631700 15.752300 -0.214701
v 0.727900 15.602699 -0.258801
v 0.786500 15.425400 -0.240501
v 0.832800 15.278000 -0.239201
v 0.847900 15.079499 -0.231301
v 0.822600 14.828300 -0.195701
v 0.519400 15.882500 -0.155601
v 0.325100 15.884800 -0.088301
v 0.423700 15.913799 -0.118101
v 0.321900 15.936600 -0.200601
v 0.237600 15.856699 -0.102201
v 0.494500 14.778000 -0.630701
v 0.540200 15.051499 -0.720901
v 0.568900 15.306200 -0.746101
v 0.562000 15.540699 -0.681401
v 0.542300 15.728300 -0.555601
v 0.744700 14.606199 -0.144201
v 0.469300 14.578899 -0.496001
v 0.849100 14.975100 -0.216701
v 0.506300 14.899099 -0.686901
v 0.851100 15.178400 -0.231801
v 0.551300 15.141999 -0.735701
v 0.395100 15.945999 -0.299101
v 0.260600 15.866600 -0.115201
v 0.450800 15.914999 -0.355601
v 0.484400 14.686700 -0.576001
v 0.513700 14.978700 -0.708201
v 0.565800 15.214800 -0.742901
v 0.558000 15.442999 -0.726501
v 0.553900 15.632599 -0.620201
v 0.519900 15.807800 -0.490501
v 0.450300 14.092600 -0.155801
v 0.473700 14.477400 -0.430101
v 0.461000 14.275100 -0.296801
v 0.508700 14.837299 -0.656101
v 0.550200 15.107100 -0.730201
v 0.663900 14.367000 -0.077401
v 0.707600 14.481899 -0.108301
v 0.569200 14.137700 -0.005001
v 0.616300 14.234600 -0.043201
v 0.560200 14.100300 0.018199
v 0.419600 15.929600 -0.320101
v 0.494800 15.884300 -0.420401
v 0.449900 14.053900 -0.130201
v 0.451100 14.188000 -0.235601
v 0.473700 14.372499 -0.353701
v 0.340900 15.925600 -0.151801
v 0.252000 15.850599 -0.088601
v 0.618500 14.816400 -0.539001
v 0.655700 15.073999 -0.615601
v 0.668900 15.334700 -0.621401
v 0.668000 15.530100 -0.574501
v 0.612400 15.723700 -0.446101
v 0.567200 14.606199 -0.425301
v 0.644500 14.935400 -0.576401
v 0.676300 15.174500 -0.628701
v 0.442900 15.923700 -0.242601
v 0.541800 15.879299 -0.324701
v 0.550000 14.404599 -0.287201
v 0.502100 14.061100 -0.063501
v 0.521400 14.212700 -0.151301
v 0.413500 15.941200 -0.220801
v 0.286700 15.874500 -0.104001
v 0.483100 15.905300 -0.266301
v 0.590400 14.709499 -0.484601
v 0.649600 15.000000 -0.596801
v 0.687900 15.240999 -0.624501
v 0.672200 15.438200 -0.605701
v 0.645200 15.635500 -0.513101
v 0.576700 15.805000 -0.398001
v 0.508800 14.095599 -0.086301
v 0.565500 14.523299 -0.356701
v 0.538600 14.305900 -0.221801
v 0.631900 14.870800 -0.560601
v 0.656800 15.130400 -0.631001
v 0.353600 15.917500 -0.122901
v 0.256300 15.845900 -0.072001
v 0.753700 14.868899 -0.362701
v 0.778400 15.106999 -0.409801
v 0.776500 15.334399 -0.424801
v 0.738800 15.517799 -0.393101
v 0.654900 15.704700 -0.331101
v 0.703100 14.667700 -0.298601
v 0.772600 14.976800 -0.392501
v 0.776800 15.192699 -0.419601
v 0.425000 15.914999 -0.129901
v 0.306200 15.878700 -0.096501
v 0.514000 15.890499 -0.178001
v 0.728000 14.771299 -0.335301
v 0.776100 15.038899 -0.404901
v 0.773200 15.254700 -0.422101
v 0.765700 15.430700 -0.415801
v 0.709700 15.610399 -0.365601
v 0.617400 15.770100 -0.280401
v 0.669100 14.559799 -0.252801
v 0.761800 14.923800 -0.377501
v 0.777900 15.154799 -0.414001
v 0.469500 15.909300 -0.151301
v 0.567900 15.850599 -0.220201
v 0.633300 14.441400 -0.197301
v 0.532100 14.080800 -0.023101
v 0.561500 14.230499 -0.100001
v 0.539500 14.116699 -0.045901
v 0.601000 14.336200 -0.150801
v 0.315200 15.785700 -0.622401
v 0.282600 15.639000 -0.761201
v 0.275800 15.466600 -0.827801
v 0.250400 15.276999 -0.835601
v 0.242300 14.960899 -0.784501
v 0.217300 14.652599 -0.656201
v 0.331400 15.878700 -0.478101
v 0.278200 15.891800 -0.154701
v 0.321300 15.955200 -0.330201
v 0.202200 14.518200 -0.579401
v 0.238500 14.811399 -0.723301
v 0.241100 15.093400 -0.821001
v 0.296800 15.712900 -0.702401
v 0.278300 15.552799 -0.803501
v 0.268900 15.383900 -0.836301
v 0.246200 15.165999 -0.834501
v 0.239000 14.888300 -0.760701
v 0.210600 14.585700 -0.619601
v 0.325400 15.845999 -0.543401
v 0.300800 15.938700 -0.233901
v 0.331600 15.914099 -0.412501
v 0.223300 15.955099 -0.335101
v 0.227400 15.896299 -0.162201
v -0.061400 14.642099 -0.628901
v -0.095200 14.935100 -0.754201
v -0.048200 15.281600 -0.834901
v -0.021100 15.467600 -0.822501
v 0.025100 15.616899 -0.772701
v 0.202200 14.409699 -0.518201
v -0.035800 14.476800 -0.552901
v 0.224400 14.721700 -0.685001
v -0.077900 14.776999 -0.692101
v 0.245300 15.026199 -0.800601
v -0.073300 15.092899 -0.809501
v 0.202000 15.926399 -0.422501
v 0.224600 15.943100 -0.243801
v 0.149300 15.844700 -0.557101
v -0.054800 14.584200 -0.600401
v -0.087700 14.844100 -0.717801
v -0.059400 15.187900 -0.827001
v -0.028200 15.398700 -0.838901
v -0.015000 15.541800 -0.802501
v 0.073400 15.704500 -0.712701
v 0.055800 13.988000 -0.316601
v -0.014100 14.373300 -0.500901
v 0.029100 14.183399 -0.399901
v -0.064300 14.709300 -0.661601
v -0.083700 15.021299 -0.788501
v 0.204300 14.216100 -0.403301
v 0.202000 14.309299 -0.454001
v 0.207500 14.030800 -0.310401
v 0.205400 14.106899 -0.350701
v 0.215300 13.934299 -0.247801
v 0.177700 15.890499 -0.488901
v 0.114400 15.785799 -0.635001
v 0.065800 13.844299 -0.267801
v 0.049500 14.077399 -0.354801
v 0.007800 14.280000 -0.448101
v 0.310600 15.947701 -0.280801
v 0.223200 15.949100 -0.287601
v 0.290400 15.917900 -0.193301
v 0.225300 15.929800 -0.200001
v 0.055700 15.818199 -0.551601
v -0.057500 15.659700 -0.713001
v -0.165600 15.452299 -0.814001
v -0.190500 15.273900 -0.814001
v -0.165200 14.923200 -0.730801
v -0.118400 14.539599 -0.551201
v 0.148400 15.904100 -0.417701
v 0.227800 15.911499 -0.188101
v 0.217200 15.939199 -0.281701
v -0.096600 14.349199 -0.461901
v -0.144500 14.675300 -0.613401
v -0.180500 15.128500 -0.793101
v 0.007300 15.754700 -0.639501
v -0.115700 15.567299 -0.780801
v -0.180700 15.363000 -0.822001
v -0.185400 15.185499 -0.801701
v -0.162800 14.804800 -0.684301
v -0.112500 14.434400 -0.504301
v 0.100100 15.862600 -0.491801
v 0.208500 15.939499 -0.228801
v 0.177900 15.923399 -0.357901
v 0.163100 15.949999 -0.272701
v 0.196700 15.935600 -0.193901
v -0.287600 14.511300 -0.467201
v -0.351700 14.920099 -0.630101
v -0.396000 15.274099 -0.708701
v -0.365200 15.486200 -0.707101
v -0.234800 15.690199 -0.643801
v -0.078300 14.265100 -0.416801
v -0.242500 14.329700 -0.393501
v -0.129000 14.596299 -0.572201
v -0.320400 14.679000 -0.522901
v -0.176700 15.042200 -0.768701
v -0.381300 15.122700 -0.687701
v 0.120400 15.935600 -0.338601
v 0.177000 15.951900 -0.237101
v 0.009900 15.883900 -0.455301
v -0.264300 14.424399 -0.433101
v -0.342000 14.808800 -0.576901
v -0.386600 15.190000 -0.702001
v -0.387300 15.376100 -0.711801
v -0.313800 15.593199 -0.687701
v -0.143000 15.767300 -0.586901
v -0.188300 13.977500 -0.243901
v -0.223000 14.257199 -0.360301
v -0.211200 14.092099 -0.283001
v -0.304100 14.584200 -0.493501
v -0.372700 15.031799 -0.664201
v -0.067200 14.086599 -0.336301
v -0.077500 14.174000 -0.372101
v -0.056600 13.915500 -0.302101
v -0.054700 14.013499 -0.303201
v -0.059800 13.813499 -0.301201
v 0.075400 15.920599 -0.389301
v -0.044000 15.844000 -0.506901
v -0.180800 13.907200 -0.222601
v -0.197400 14.029500 -0.259601
v -0.210500 14.174399 -0.317401
v 0.213000 15.938299 -0.254201
v 0.163500 15.950100 -0.271001
v 0.225500 15.927500 -0.207301
v 0.196400 15.939301 -0.200501
v 0.268300 15.961899 -0.334301
v 0.251700 15.899200 -0.155101
v 0.063300 14.641100 -0.655001
v 0.067500 14.942100 -0.781401
v 0.094600 15.276600 -0.849401
v 0.113300 15.472000 -0.848401
v 0.156700 15.631001 -0.782001
v 0.069700 14.488500 -0.576601
v 0.065300 14.786200 -0.722901
v 0.082000 15.091499 -0.822401
v 0.248500 15.896299 -0.491501
v 0.205400 15.793400 -0.636101
v 0.095200 14.289499 -0.456601
v 0.133900 13.881499 -0.264601
v 0.120100 14.087500 -0.359101
v 0.261400 15.927200 -0.421201
v 0.259700 15.947100 -0.237701
v 0.229700 15.853300 -0.557601
v 0.063300 14.578500 -0.621501
v 0.065900 14.860200 -0.752901
v 0.089800 15.181900 -0.837601
v 0.106100 15.392900 -0.849201
v 0.134400 15.558599 -0.826001
v 0.178700 15.711700 -0.725601
v 0.125100 14.004000 -0.319801
v 0.082900 14.384700 -0.517101
v 0.108000 14.194799 -0.408001
v 0.066400 14.708899 -0.691301
v 0.076300 15.016399 -0.803601
v 0.263000 15.955099 -0.283801
v 0.255600 15.930099 -0.193701
v 0.937900 14.717099 0.322599
v 0.977300 14.950100 0.290499
v 0.965900 15.148299 0.272199
v 0.935600 15.345400 0.240499
v 0.803600 15.573700 0.205399
v 0.860900 14.522900 0.362299
v 0.965700 14.829300 0.306899
v 0.979000 15.024699 0.279899
v 0.662200 15.734800 0.195799
v 0.763900 14.311600 0.379899
v 0.635700 14.147900 0.374799
v 0.700900 14.210999 0.375299
v 0.619500 15.784800 0.179299
v 0.907100 14.625500 0.338499
v 0.970200 14.888900 0.296699
v 0.972100 15.085999 0.275599
v 0.950000 15.247200 0.259399
v 0.890700 15.461000 0.222999
v 0.726100 15.653099 0.202999
v 0.665500 14.175099 0.372099
v 0.819000 14.419399 0.371799
v 0.727900 14.245600 0.378499
v 0.952300 14.776099 0.313299
v 0.979500 14.989699 0.285899
v 0.608000 15.586800 1.080599
v 0.645000 15.651499 0.967299
v 0.598100 15.533400 1.031799
v 0.631700 15.574600 0.941899
v 0.636200 15.660799 0.698199
v 0.643300 15.628599 0.755599
v 0.558000 15.526699 1.155599
v 0.544800 15.487200 1.097199
v 0.516000 15.456699 1.219099
v 0.490600 15.431499 1.149799
v 0.542500 15.675699 1.116999
v 0.578500 15.741400 0.978699
v 0.629300 15.702400 0.581699
v 0.517300 15.602900 1.219299
v 0.516000 15.516800 1.312299
v 0.498800 15.391800 1.253599
v 0.485800 15.392500 1.168399
v 0.513500 15.419500 1.386799
v 0.485900 15.782799 1.111099
v 0.523300 15.842400 0.953199
v 0.596500 15.743799 0.429299
v 0.465700 15.712900 1.251699
v 0.450400 15.620199 1.381999
v 0.422400 15.482899 1.508699
v 0.469500 15.328000 1.271799
v 0.474900 15.358000 1.176099
v 0.477900 15.263900 1.451099
v 0.360000 15.262300 1.612799
v 0.415800 15.290000 1.288699
v 0.435500 15.359799 1.158999
v 0.375200 15.165899 1.484999
v 0.261400 15.082000 1.652499
v 0.673000 15.708000 0.776099
v 0.654600 15.779499 0.678899
v 0.643900 15.622400 0.812699
v 0.602100 15.858400 0.534699
v 0.267000 15.238800 1.277099
v 0.307900 15.339200 1.104599
v 0.168900 15.034800 1.489999
v 0.098800 14.836400 1.679499
v 0.052300 15.043099 1.234099
v 0.063600 15.205600 1.082999
v -0.024900 14.820200 1.462699
v -0.059800 14.570999 1.682899
v 0.259800 15.896599 1.054699
v 0.376100 15.970499 0.876299
v 0.581300 15.797300 0.285599
v 0.150800 15.784300 1.237199
v 0.048800 15.667099 1.376199
v -0.036800 15.531700 1.466699
v -0.136100 15.339000 1.562599
v -0.219300 15.154500 1.616099
v 0.531000 15.923000 0.411499
v -0.350300 14.910199 1.620899
v -0.453500 14.677299 1.579999
v -0.305400 14.280499 1.604999
v -0.555100 14.358399 1.481099
v -0.394400 14.065200 1.484999
v -0.611300 14.148600 1.376299
v 0.161400 15.937901 1.013499
v 0.285100 16.014900 0.829599
v 0.035000 15.820000 1.189499
v -0.079300 15.696800 1.317399
v -0.174300 15.554699 1.392999
v -0.291300 15.371200 1.496999
v -0.394800 15.184500 1.557499
v -0.508700 14.945900 1.539699
v -0.596600 14.706100 1.485199
v -0.656500 14.371099 1.373899
v -0.324300 16.141199 0.644599
v -0.117800 16.183001 0.511999
v -0.528800 16.013199 0.770099
v -0.658500 15.868500 0.858199
v -0.778400 15.703199 0.929699
v -0.877000 15.483599 0.965199
v -0.935500 15.254900 0.988899
v -0.964700 15.023999 1.002099
v -0.973700 14.760900 0.976999
v -0.912100 14.400800 0.859499
v -0.409000 16.157400 0.233699
v -0.192300 16.184000 0.188999
v -0.651400 16.022999 0.259099
v -0.845000 15.882599 0.265599
v -0.980400 15.704599 0.285999
v -1.048800 15.493299 0.267699
v -1.088000 15.257400 0.258099
v -1.075900 15.005799 0.257599
v -1.000700 14.721800 0.289799
v -0.826500 14.375199 0.325699
v -0.231700 16.051199 -0.136001
v -0.414100 15.972399 -0.171001
v -0.615400 15.827900 -0.224101
v -0.745100 15.618799 -0.272001
v -0.777900 15.426699 -0.290201
v -0.772400 15.194900 -0.280301
v -0.758800 14.940700 -0.232301
v -0.704000 14.647400 -0.161001
v -0.634100 14.335400 -0.034001
v -0.004300 15.963699 -0.311701
v -0.173100 15.887100 -0.397101
v -0.369100 15.751299 -0.495201
v -0.499500 15.548199 -0.546501
v -0.541200 15.356400 -0.570201
v -0.531900 15.121400 -0.550901
v -0.504400 14.863100 -0.491801
v -0.417200 14.558800 -0.389201
v -0.347400 14.259800 -0.256101
v 0.647100 15.605200 0.875999
v 0.035400 15.832800 -0.512101
v -0.083100 15.656900 -0.684901
v -0.170900 15.451099 -0.785401
v -0.202100 15.247700 -0.782301
v -0.201500 15.037499 -0.736301
v -0.164800 14.797400 -0.644301
v -0.122000 14.502399 -0.518101
v -0.062700 14.192900 -0.366001
v 0.233800 15.851500 -0.494101
v 0.165900 15.651499 -0.714001
v 0.131700 15.434700 -0.824301
v 0.123700 15.214200 -0.823801
v 0.112700 15.001100 -0.780601
v 0.111000 14.777800 -0.693601
v 0.111900 14.488899 -0.555401
v 0.111500 14.165400 -0.368901
v 0.579500 15.791300 -0.157101
v 0.650100 15.667099 -0.330801
v 0.704100 15.462400 -0.434701
v 0.723600 15.243799 -0.460301
v 0.721500 15.043300 -0.450401
v 0.687500 14.842500 -0.402901
v 0.625100 14.633100 -0.333801
v 0.506500 14.256800 -0.190401
v 0.265100 15.873899 -0.032201
v 0.634600 15.754400 0.054099
v 0.699300 15.649099 -0.086301
v 0.758000 15.445799 -0.219401
v 0.802900 15.229099 -0.268401
v 0.807000 15.040999 -0.264601
v 0.789400 14.857599 -0.231301
v 0.740800 14.669499 -0.181101
v 0.610600 14.288699 -0.046201
v 0.581300 15.842600 0.254699
v 0.642800 15.749100 0.217899
v 0.708400 15.646400 0.117899
v 0.790800 15.484800 0.065799
v 0.855700 15.298699 0.053199
v 0.889800 15.143100 0.059699
v 0.909100 14.958200 0.081099
v 0.887000 14.760799 0.109799
v 0.711800 14.315000 0.197899
v -0.049700 16.101400 -0.082501
v 0.714500 15.640900 0.279099
v 0.811000 15.516699 0.251599
v 0.893000 15.337399 0.244899
v 0.926000 15.193800 0.241599
v 0.939800 15.002399 0.248099
v 0.924300 14.805500 0.257399
v 0.732500 14.316299 0.294599
v 0.132700 15.980999 -0.204501
v 0.551800 15.873699 0.781799
v 0.661400 15.688099 0.878799
v 0.615500 15.778200 0.850599
v 0.501700 15.944799 0.370399
v 0.276100 16.087099 0.121899
v 0.389800 16.020100 0.646399
v 0.449100 15.977200 0.698499
v 0.671300 15.713499 0.295399
v 0.062400 16.184200 0.349599
v -0.019900 16.184900 0.145199
v 0.198700 15.989799 -0.095401
v 0.084400 16.134800 -0.012101
v 0.169200 15.921600 -0.360801
v 0.639100 15.753399 0.290299
v 0.628100 15.779299 0.226299
v 0.236100 15.927799 -0.213401
v 0.302700 15.943600 -0.340401
v -0.920900 14.758599 1.069299
v -0.885600 14.401600 0.967599
v -0.894300 15.016500 1.111199
v -0.845400 15.238100 1.119399
v -0.775000 15.462099 1.102199
v -0.668700 15.682400 1.064599
v -0.559800 15.843899 0.997299
v -0.056700 16.145100 0.598099
v -0.424200 15.973799 0.894599
v -0.243000 16.104099 0.749499
v 0.304300 15.848799 0.023999
v 0.335000 16.051600 0.178899
v 0.122500 16.150400 0.427399
v 0.326700 15.905100 -0.169001
v 0.421400 14.537800 -0.505701
v 0.326900 14.188999 -0.324301
v 0.488800 14.799200 -0.628301
v 0.522500 15.039499 -0.709701
v 0.535000 15.251499 -0.741501
v 0.519400 15.481199 -0.727601
v 0.498700 15.692400 -0.613901
v 0.488500 15.877800 -0.388801
v 0.465500 15.891300 -0.211301
v -0.872600 14.756900 1.139999
v -0.832300 15.018600 1.194999
v -0.771100 15.231400 1.232599
v -0.684900 15.448200 1.221499
v -0.560400 15.654400 1.174599
v -0.446700 15.816799 1.107699
v -0.307200 15.935400 1.000299
v -0.138000 16.052200 0.843999
v 0.390200 16.008400 0.241599
v 0.455700 15.883999 -0.081801
v -0.854900 14.400100 1.032799
v 0.019700 16.104500 0.673099
v 0.433800 15.894600 0.075499
v 0.191500 16.108999 0.493099
v 0.568700 15.826300 -0.035601
v -0.806700 14.746699 1.249699
v -0.754900 15.012700 1.298599
v -0.687900 15.230700 1.341599
v -0.580800 15.434000 1.323999
v -0.446200 15.631899 1.262899
v -0.331700 15.781500 1.190299
v -0.191300 15.893099 1.072899
v -0.034900 16.010700 0.914399
v 0.430300 15.977499 0.290599
v 0.548100 15.843700 0.042499
v -0.805600 14.389199 1.128599
v 0.104500 16.072599 0.729699
v 0.510400 15.887800 0.141599
v 0.260300 16.075100 0.547499
v -0.721500 14.728700 1.367299
v -0.649000 14.980700 1.427699
v -0.543700 15.211699 1.467199
v -0.442400 15.413099 1.430099
v -0.307100 15.591200 1.327899
v -0.201200 15.742599 1.256899
v -0.074000 15.852699 1.128699
v 0.064900 15.977499 0.966599
v 0.467900 15.962799 0.328899
v 0.601900 15.811600 0.144899
v -0.738400 14.379299 1.247899
v 0.193500 16.046499 0.780099
v 0.553300 15.868200 0.196999
v 0.324900 16.048599 0.593999
v 0.620200 15.786999 0.120899
v 0.654500 15.732500 0.294999
v 0.660600 15.725700 0.188399
v 0.748500 15.617899 0.440099
v 0.811700 15.494400 0.453299
v 0.896300 15.305799 0.455599
v 0.916500 15.155200 0.463399
v 0.905800 14.977500 0.466199
v 0.874700 14.771000 0.469999
v 0.741500 14.282300 0.468799
v 0.693500 15.684999 0.441199
v 0.647900 15.708599 0.433099
v 0.670400 15.698900 0.437699
v 0.750700 15.579800 0.579099
v 0.811700 15.456999 0.592199
v 0.875100 15.276000 0.585199
v 0.888800 15.124700 0.571499
v 0.880000 14.952000 0.554499
v 0.841600 14.740900 0.532399
v 0.745300 14.271399 0.520699
v 0.695900 15.644499 0.575499
v 0.664400 15.678999 0.568699
v 0.678400 15.663900 0.570699
v -0.128300 14.854799 1.678999
v -0.256600 14.605100 1.646499
v 0.014200 15.116199 1.661899
v 0.564300 15.893299 0.462699
v 0.099600 15.318100 1.628499
v 0.200300 15.538000 1.536699
v 0.247800 15.666500 1.397399
v 0.455400 15.919800 0.914599
v 0.309000 15.764400 1.252699
v 0.374000 15.860800 1.090199
v -0.435400 14.310499 1.553599
v -0.526600 14.111600 1.452799
v 0.574400 15.771500 0.347499
v 0.504200 15.932600 0.731099
v 0.756700 15.539799 0.701299
v 0.806700 15.407499 0.719399
v 0.846200 15.220599 0.705599
v 0.848500 15.062599 0.678499
v 0.836300 14.886100 0.649199
v 0.796800 14.671499 0.608299
v 0.726700 14.253300 0.559899
v 0.706500 15.604599 0.693599
v 0.669100 15.634399 0.683499
v 0.687700 15.621599 0.687799
v 0.742600 15.507000 0.781399
v 0.786400 15.377000 0.789699
v 0.819100 15.184199 0.776199
v 0.822000 15.020400 0.746399
v 0.800000 14.838400 0.705099
v 0.767900 14.635099 0.647399
v 0.709900 14.244300 0.586299
v 0.705500 15.572800 0.769799
v 0.668100 15.608000 0.758099
v 0.687300 15.593199 0.763299
v 0.677500 15.694599 0.363899
v 0.658200 15.708399 0.356799
v 0.638700 15.728100 0.350199
v 0.731700 15.631001 0.362399
v 0.738700 14.290700 0.373199
v 0.925100 14.791300 0.364199
v 0.944500 14.993099 0.356199
v 0.940300 15.180699 0.351299
v 0.910100 15.329200 0.349699
v 0.826400 15.514000 0.350899
v -1.078000 14.781099 0.656599
v -0.919100 14.396600 0.607999
v -1.114600 15.067699 0.655899
v -1.098800 15.300200 0.637099
v -1.039500 15.525400 0.609299
v -0.937100 15.725199 0.595299
v -0.813100 15.906000 0.551699
v -0.165300 16.206800 0.358799
v -0.642900 16.047400 0.509399
v -0.397300 16.174200 0.453099
v -0.273500 14.529599 -0.453001
v -0.207300 14.226000 -0.319101
v -0.341100 14.831599 -0.568601
v -0.373400 15.084399 -0.649001
v -0.382700 15.304899 -0.694901
v -0.345200 15.505600 -0.683001
v -0.231600 15.707399 -0.607901
v -0.074400 15.851999 -0.464701
v 0.190300 16.125299 0.058999
v 0.021300 16.196400 0.242099
v 0.080400 15.939199 -0.342401
v 0.230800 15.941599 -0.064901
v 0.186700 15.952799 -0.215801
v 0.668400 15.700300 0.823799
v 0.638900 15.782700 0.760799
v 0.577000 15.872299 0.651099
v 0.491000 15.952000 0.548399
v -0.866600 14.686999 0.048099
v -0.734300 14.349199 0.135199
v -0.924900 14.975300 -0.001501
v -0.944000 15.233600 -0.032301
v -0.934200 15.462099 -0.035001
v -0.894700 15.659300 -0.021101
v -0.767700 15.869101 -0.001801
v -0.570000 16.020000 0.020899
v -0.341000 16.104599 0.032699
v 0.642800 15.613600 0.840799
v -0.134000 16.145399 0.044699
v 0.449700 15.986099 0.500699
v 0.181400 16.151499 0.230399
v 0.031300 16.168900 0.068499
v 0.244900 16.115099 0.298799
v 0.305800 16.073299 0.358499
v 0.359300 16.041500 0.409199
v 0.407500 16.013599 0.452799
v 0.532400 15.913300 0.589399
v 0.115800 16.169399 0.149499
v 0.670100 15.695900 0.734999
v 0.666900 15.757999 0.626999
v 0.625600 15.821499 0.472699
v 0.647500 15.629299 0.783299
v -0.560300 14.607900 -0.315901
v -0.504400 14.295000 -0.172501
v -0.628600 14.906799 -0.395401
v -0.649600 15.162100 -0.441601
v -0.660400 15.395499 -0.442401
v -0.622700 15.586500 -0.417401
v -0.491100 15.786299 -0.363601
v -0.283200 15.927000 -0.291201
v -0.116500 16.007000 -0.236301
v 0.154600 16.076700 -0.071301
v 0.045600 16.048599 -0.157501
v 0.569100 15.878300 0.345599
v 0.293900 16.026199 0.035399
v 0.541400 15.892399 0.307499
v 0.343000 15.964899 0.093699
v 0.380500 15.880400 0.185199
v 0.436100 15.872400 0.233699
v 0.497300 15.894800 0.264999
v 0.594400 15.855600 0.396099
v 0.237100 16.065800 -0.010201
v 0.607000 15.503000 1.002999
v 0.645900 15.541899 0.929599
v 0.565300 15.464800 1.074299
v 0.499800 15.392799 1.138699
v 0.497100 15.367399 1.141599
v 0.664400 15.590099 0.823499
v 0.661800 15.569901 0.874099
v 0.663400 15.580999 0.846399
v 0.666900 15.600300 0.796799
v 0.612600 15.481899 1.007499
v 0.653400 15.520599 0.936999
v 0.565200 15.436600 1.075699
v 0.516100 15.364100 1.129499
v 0.510000 15.341300 1.130699
v 0.678000 15.571499 0.831299
v 0.674000 15.551500 0.881599
v 0.677700 15.563400 0.854899
v 0.680700 15.580799 0.803799
v 0.625100 15.452299 1.018299
v 0.664500 15.491100 0.946699
v 0.578600 15.398000 1.081499
v 0.542400 15.324900 1.114699
v 0.537800 15.302099 1.104399
v 0.697500 15.543600 0.841599
v 0.689400 15.522499 0.891999
v 0.696200 15.535700 0.865599
v 0.698400 15.553200 0.813299
v 0.654400 15.368400 1.012999
v 0.684500 15.409199 0.958499
v 0.620600 15.311199 1.049399
v 0.590600 15.245000 1.047899
v 0.586500 15.227699 1.020699
v 0.734200 15.479900 0.855399
v 0.715600 15.445900 0.909599
v 0.726400 15.465200 0.881299
v 0.737000 15.490499 0.827499
v 0.702200 15.210099 0.966299
v 0.717400 15.243099 0.950399
v 0.657200 15.164800 0.980599
v 0.639200 15.136100 0.947699
v 0.619300 15.118099 0.917699
v 0.767600 15.344899 0.854399
v 0.735200 15.287299 0.913499
v 0.751500 15.319400 0.888099
v 0.776800 15.359799 0.831599
v 0.668700 15.044800 0.895299
v 0.638600 15.029599 0.863399
v 0.674000 14.938100 0.839999
v 0.643300 14.928800 0.793599
v 0.674900 14.794900 0.759199
v 0.648700 14.790700 0.729699
v 0.674200 14.612599 0.694999
v 0.650200 14.603499 0.671399
v 0.741100 15.082999 0.896599
v 0.747600 15.098700 0.884699
v 0.690200 15.058000 0.915799
v 0.790900 15.150599 0.821399
v 0.766500 15.118899 0.858599
v 0.775900 15.136100 0.838699
v 0.802100 15.162499 0.805199
v 0.751700 14.958699 0.852599
v 0.762100 14.968599 0.824199
v 0.700600 14.947400 0.863999
v 0.792700 14.994699 0.781599
v 0.771300 14.978200 0.811199
v 0.783500 14.986000 0.798599
v 0.801700 15.002500 0.769499
v 0.750900 14.796800 0.776799
v 0.758800 14.802500 0.763299
v 0.700800 14.796700 0.780599
v 0.778400 14.815499 0.732999
v 0.763300 14.806000 0.752199
v 0.769400 14.810300 0.742899
v 0.784300 14.822100 0.723599
v 0.724200 14.609600 0.727999
v 0.737100 14.611400 0.720999
v 0.695100 14.611500 0.711799
v 0.751000 14.621300 0.679399
v 0.744800 14.613800 0.707599
v 0.748900 14.616799 0.695499
v 0.756100 14.625400 0.668399
v 0.582600 14.203099 0.659399
v 0.573800 14.208200 0.650699
v 0.621600 14.209599 0.672499
v 0.646400 14.221399 0.664199
v 0.599700 14.205500 0.667299
v 0.687200 14.235900 0.620199
v 0.659100 14.228000 0.648099
v 0.675700 14.233500 0.635799
v 0.699500 14.239300 0.606899
v -0.659800 14.180699 1.276699
v -0.829500 14.235900 0.818399
v -0.658200 14.198600 0.364899
v -0.500300 14.127800 0.083499
v -0.306200 13.994800 -0.151201
v -0.051100 13.826300 -0.250401
v 0.095400 13.882199 -0.224701
v 0.426600 14.050799 -0.121701
v 0.520100 14.091800 0.002999
v 0.577400 14.148700 0.199099
v 0.590800 14.159699 0.283399
v -0.812700 14.249200 0.944999
v 0.260400 13.966000 -0.224501
v -0.798000 14.248500 1.001699
v -0.758700 14.235100 1.081799
v -0.709700 14.212999 1.179499
v 0.628000 14.140900 0.458599
v 0.641700 14.123799 0.509799
v 0.621200 14.111099 0.543599
v 0.611500 14.101800 0.564799
v 0.598200 14.155399 0.359099
v -0.776900 14.217099 0.588399
v -0.174100 13.897400 -0.214401
v -0.565800 14.156899 0.202899
v -0.424300 14.063900 -0.042401
v 0.552200 14.061600 0.655199
v 0.548200 14.057899 0.649199
v 0.568500 14.076400 0.660999
v 0.578500 14.081800 0.634599
v 0.562600 14.069900 0.664499
v 0.595800 14.093900 0.593999
v 0.585200 14.087100 0.623699
v 0.593600 14.091499 0.609999
v 0.605300 14.097500 0.584699
v -0.184500 14.680400 1.207499
v -0.209200 14.860399 1.072099
v -0.176500 14.446799 1.388599
v -0.346100 14.382099 1.164499
v -0.369200 14.557600 1.058999
v -0.334000 14.179299 1.310499
v -0.506000 14.517600 1.534199
v -0.183100 14.424100 1.653699
v -0.650300 14.530600 1.441299
v -0.957100 14.573899 0.935499
v -0.923300 14.542299 0.302699
v -0.671700 14.493500 -0.099901
v -0.381900 14.407000 -0.324901
v -0.091100 14.345900 -0.444201
v 0.112100 14.326699 -0.456901
v 0.569200 14.446400 -0.266701
v 0.684700 14.480599 -0.118101
v 0.815600 14.534900 0.151999
v 0.840700 14.552199 0.280799
v -0.914400 14.575200 1.023399
v 0.377500 14.364500 -0.417401
v -0.880300 14.573299 1.092799
v -0.820800 14.559600 1.198099
v -0.748100 14.550500 1.324999
v 0.817700 14.525000 0.469499
v 0.792500 14.506100 0.519899
v -0.350000 14.460400 1.606999
v 0.771400 14.462800 0.576799
v 0.753700 14.436600 0.611599
v 0.842900 14.531500 0.375599
v -1.013800 14.575700 0.634199
v -0.240300 14.374800 -0.387301
v -0.806600 14.515900 0.090099
v -0.534100 14.451400 -0.246301
v 0.665300 14.404500 0.676099
v 0.646500 14.403999 0.666099
v 0.729600 14.426800 0.639599
v 0.720300 14.423599 0.657099
v 0.716600 14.417900 0.672199
v 0.739600 14.430200 0.627999
v 0.687300 14.405999 0.687699
v 0.703400 14.413300 0.685299
v 0.624100 14.402800 0.650899
v -0.078200 14.868500 1.224999
v -0.079300 14.627999 1.422799
v -0.088300 15.048800 1.084599
v -0.586000 14.240700 1.420499
v -0.353300 14.151299 1.537499
v -0.492200 14.199100 1.504299
v 0.570400 14.123199 0.671399
v 0.554200 14.119599 0.662699
v -0.327800 14.114300 -0.203001
v -0.188700 14.077100 -0.252501
v -0.780700 14.299500 1.100699
v -0.825200 14.311399 1.009999
v 0.630800 14.148900 0.623899
v 0.616100 14.144400 0.642499
v -0.573400 14.211100 0.027599
v -0.472300 14.161799 -0.104901
v -0.845500 14.312300 0.952399
v -0.870100 14.306600 0.839199
v -0.054100 14.037200 -0.279601
v 0.096800 14.028800 -0.299301
v 0.593000 14.124599 0.668999
v 0.693600 14.173500 0.510199
v 0.677600 14.158400 0.548099
v 0.291800 14.066700 -0.273701
v -0.722600 14.283600 1.208599
v 0.607800 14.136100 0.650499
v 0.681900 14.190000 0.462799
v 0.641700 14.210400 0.204899
v 0.655400 14.213300 0.288799
v 0.465800 14.139100 -0.150701
v -0.668100 14.260400 1.320199
v -0.843800 14.291400 0.595099
v 0.556700 14.187900 -0.021201
v 0.670000 14.157200 0.588099
v 0.657900 14.152300 0.599799
v 0.641700 14.150800 0.615199
v 0.662300 14.199800 0.363299
v -0.739200 14.266800 0.343299
v -0.647000 14.227200 0.171799
v 0.546700 14.119200 0.656199
v -0.282900 14.520000 1.190399
v -0.271100 14.300200 1.351699
v -0.314400 14.705500 1.061399
v 0.021000 14.710999 1.699099
v 0.063400 14.943700 1.476299
v 0.167400 15.159900 1.261799
v 0.188200 15.285299 1.090699
v -0.402400 14.795799 1.607799
v -0.554800 14.827800 1.515699
v -0.972500 14.898100 0.993499
v -1.047800 14.866699 0.269599
v -0.736400 14.794399 -0.200601
v -0.462400 14.708600 -0.440701
v -0.143000 14.653700 -0.580701
v 0.107500 14.636499 -0.632201
v 0.657000 14.745500 -0.369201
v 0.768500 14.770300 -0.208601
v 0.907800 14.870500 0.093099
v 0.936300 14.915099 0.250599
v -0.912200 14.893600 1.095299
v 0.452900 14.671200 -0.581701
v -0.858700 14.894400 1.172299
v -0.783100 14.886200 1.275699
v -0.685400 14.858800 1.397399
v 0.898000 14.886700 0.468199
v 0.866000 14.856600 0.545799
v -0.185300 14.734300 1.661799
v 0.817300 14.788699 0.632399
v 0.782000 14.742399 0.675099
v 0.937300 14.903899 0.358999
v -1.106100 14.931200 0.659899
v -0.307100 14.684099 -0.510301
v -0.902000 14.834200 0.018899
v -0.598200 14.757799 -0.363501
v 0.679200 14.713400 0.724999
v 0.653400 14.711200 0.698299
v 0.765200 14.724999 0.703799
v 0.759900 14.720099 0.718499
v 0.757700 14.718699 0.730999
v 0.771100 14.729400 0.695599
v 0.736600 14.710999 0.756399
v 0.701400 14.712899 0.743899
v 0.751500 14.714999 0.742699
v 0.177500 14.945100 1.661799
v 0.261300 15.115299 1.488599
v 0.348800 15.274199 1.284599
v 0.385100 15.349099 1.132599
v -0.290900 15.028500 1.632599
v -0.454500 15.063499 1.562899
v -0.955500 15.130500 0.999699
v -1.092000 15.121300 0.255999
v -0.766500 15.059999 -0.256301
v -0.520100 14.986000 -0.522001
v -0.183700 14.911599 -0.694501
v 0.110600 14.882899 -0.738401
v 0.707100 14.933900 -0.427301
v 0.800800 14.942599 -0.249901
v 0.903900 15.047199 0.069699
v 0.935600 15.094800 0.245199
v -0.873500 15.119900 1.118299
v 0.508600 14.912200 -0.676701
v -0.803400 15.118299 1.212999
v -0.725300 15.117000 1.321699
v -0.612500 15.085400 1.450299
v 0.914200 15.061800 0.464999
v 0.887600 15.037700 0.564799
v -0.056000 14.987900 1.670099
v 0.844700 14.971399 0.665599
v 0.812800 14.925600 0.729999
v 0.945300 15.082200 0.352799
v -1.114500 15.171700 0.650099
v -0.360200 14.952200 -0.612001
v -0.936800 15.098700 -0.021001
v -0.641400 15.027900 -0.422501
v 0.676400 14.863299 0.789899
v 0.647400 14.856500 0.757099
v 0.788200 14.901199 0.758699
v 0.778100 14.894199 0.771099
v 0.769200 14.888599 0.781099
v 0.794800 14.908500 0.747299
v 0.754300 14.875400 0.805699
v 0.705100 14.869499 0.812399
v 0.763000 14.881300 0.792599
v 0.608900 15.563000 1.055999
v 0.631100 15.620100 1.026599
v 0.648000 15.617800 0.954499
v 0.613200 15.551500 0.989099
v 0.640000 15.644699 0.725899
v 0.640700 15.588600 0.909899
v 0.658300 15.681799 0.716399
v 0.554900 15.509300 1.125899
v 0.583600 15.556299 1.120299
v 0.572600 15.509600 1.065099
v 0.505500 15.447001 1.182699
v 0.532600 15.491100 1.189699
v 0.518400 15.459000 1.125099
v 0.563500 15.708599 1.049599
v 0.659500 15.737900 0.604199
v 0.529300 15.638399 1.170399
v 0.515500 15.559799 1.266799
v 0.541800 15.564301 1.188599
v 0.522900 15.487099 1.265699
v 0.580300 15.631300 1.101899
v 0.634000 15.681299 0.639099
v 0.617100 15.697100 0.974499
v 0.491300 15.391200 1.209899
v 0.514300 15.406500 1.320199
v 0.516300 15.469200 1.350999
v 0.506600 15.422800 1.238899
v 0.479600 15.413099 1.161099
v 0.506200 15.813601 1.035799
v 0.622800 15.791899 0.452499
v 0.476500 15.747400 1.183999
v 0.459700 15.668299 1.319499
v 0.440800 15.554499 1.449699
v 0.497900 15.574699 1.350499
v 0.486600 15.455500 1.454799
v 0.552500 15.793499 0.966199
v 0.501500 15.663200 1.237299
v 0.519900 15.731699 1.115399
v 0.622100 15.727699 0.500799
v 0.471600 15.345300 1.222099
v 0.482100 15.304500 1.352599
v 0.438600 15.258599 1.543299
v 0.399400 15.373600 1.572799
v 0.505000 15.336200 1.421499
v 0.487400 15.358600 1.263899
v 0.482300 15.372999 1.173199
v 0.422700 15.323700 1.218299
v 0.405000 15.246500 1.372799
v 0.345300 15.087100 1.570199
v 0.314900 15.172100 1.637499
v 0.428500 15.209800 1.467499
v 0.447400 15.306800 1.285499
v 0.457000 15.356400 1.169899
v 0.671200 15.704300 0.800099
v 0.647300 15.781300 0.720099
v 0.645800 15.625900 0.797999
v 0.590500 15.865900 0.592699
v 0.666600 15.670399 0.793299
v 0.666600 15.744299 0.727099
v 0.632600 15.822001 0.606299
v 0.292300 15.281699 1.191299
v 0.219800 15.191099 1.372199
v 0.148100 14.891000 1.579699
v 0.230900 15.012099 1.660399
v 0.209300 15.075299 1.487699
v 0.308500 15.262899 1.282099
v 0.349000 15.342899 1.117899
v 0.062600 15.122900 1.158399
v 0.012100 14.957700 1.337199
v -0.004700 14.666300 1.603099
v 0.068200 14.770000 1.683599
v 0.014800 14.885300 1.467999
v 0.110900 15.104700 1.250599
v 0.124400 15.246900 1.087499
v 0.320200 15.940399 0.970699
v 0.205800 15.841999 1.146299
v 0.099300 15.733400 1.313699
v 0.005500 15.603500 1.424599
v -0.087200 15.437399 1.518199
v -0.179900 15.250799 1.597299
v 0.512000 15.938999 0.480099
v -0.255900 15.092700 1.626499
v -0.376700 14.853100 1.618599
v -0.001000 14.835400 1.691599
v -0.357000 14.640800 1.617899
v 0.147800 15.097300 1.676299
v 0.583600 15.877399 0.498399
v 0.241900 15.294200 1.643399
v 0.319800 15.518799 1.532899
v 0.356500 15.653000 1.396499
v 0.416900 15.947300 0.895799
v 0.393200 15.746099 1.256299
v 0.434100 15.827900 1.103899
v -0.497800 14.333699 1.521199
v -0.479900 14.597099 1.559399
v -0.243400 14.351100 1.630799
v -0.573500 14.128699 1.417099
v -0.572200 14.299500 1.453099
v -0.376000 14.107800 1.510099
v 0.224800 15.983299 0.927599
v 0.098400 15.880301 1.100199
v -0.023300 15.767399 1.261099
v -0.127100 15.629200 1.357799
v -0.233500 15.463699 1.445199
v -0.345900 15.281199 1.535199
v -0.425900 15.125000 1.562499
v -0.532400 14.886900 1.528899
v -0.627600 14.618199 1.469299
v -0.529600 14.691400 1.539099
v -0.609000 14.364300 1.432199
v -0.433400 14.928800 1.593399
v -0.308000 15.170500 1.589999
v -0.213400 15.355000 1.529599
v -0.104600 15.542400 1.429199
v -0.015000 15.681799 1.346699
v 0.331100 15.993999 0.852999
v 0.092800 15.802700 1.213499
v 0.210700 15.917900 1.034099
v -0.221800 16.167400 0.581199
v -0.429500 16.087599 0.711299
v -0.595800 15.945000 0.817399
v -0.722500 15.789299 0.897099
v -0.833400 15.596100 0.950799
v -0.909000 15.369900 0.979299
v -0.947200 15.193000 0.995399
v -0.970000 14.962100 0.999099
v -0.971600 14.665899 0.958899
v -0.662600 14.716800 1.429499
v -0.900900 14.402400 0.926999
v -0.582200 14.963799 1.487799
v -0.470200 15.197900 1.511499
v -0.369100 15.394700 1.468899
v -0.240800 15.573000 1.359799
v -0.139700 15.717100 1.284499
v -0.087000 16.165699 0.555799
v -0.019500 15.837200 1.159099
v 0.113100 15.958300 0.989599
v -0.304200 16.173300 0.205599
v -0.532700 16.098200 0.247699
v -0.754300 15.960600 0.260499
v -0.919800 15.798300 0.274999
v -1.021800 15.601900 0.274999
v -1.073900 15.375899 0.262599
v -1.092600 15.189300 0.255999
v -1.063600 14.936399 0.262199
v -0.965300 14.631900 0.295399
v -1.041800 14.765400 0.812399
v -0.879900 14.382799 0.467299
v -1.056200 15.043900 0.829599
v -1.036700 15.281199 0.818999
v -0.973600 15.510300 0.793399
v -0.869200 15.722599 0.766899
v -0.745100 15.896999 0.709399
v -0.178500 16.202799 0.273399
v -0.591200 16.040199 0.643399
v -0.362100 16.165899 0.550299
v -0.324200 16.015900 -0.156101
v -0.517600 15.903299 -0.197401
v -0.689200 15.730200 -0.256401
v -0.767500 15.524900 -0.286201
v -0.779600 15.311800 -0.289201
v -0.770800 15.126900 -0.268901
v -0.748900 14.867000 -0.217601
v -0.688600 14.570000 -0.131101
v -0.940200 14.702800 0.163199
v -0.686500 14.335000 0.052599
v -1.010800 14.988400 0.123999
v -1.028700 15.245199 0.111399
v -1.004900 15.479500 0.113399
v -0.950100 15.689199 0.128099
v -0.813400 15.883499 0.128899
v -0.614100 16.028799 0.137299
v -0.377500 16.137199 0.129599
v -0.089500 15.931099 -0.357201
v -0.274600 15.821699 -0.448101
v -0.440800 15.656399 -0.529201
v -0.526000 15.453800 -0.565501
v -0.541300 15.238400 -0.565501
v -0.527100 15.053200 -0.538001
v -0.484800 14.787200 -0.472801
v -0.400700 14.483700 -0.360101
v -0.635300 14.626300 -0.241701
v -0.428100 14.280200 -0.220701
v -0.696700 14.922999 -0.316501
v -0.713800 15.178400 -0.363201
v -0.721800 15.411499 -0.368301
v -0.686600 15.603300 -0.346401
v -0.554400 15.808100 -0.294701
v -0.349200 15.951000 -0.232001
v -0.174800 16.032099 -0.188601
v 0.540300 15.859999 0.869599
v -0.024900 15.752899 -0.606901
v -0.129800 15.558701 -0.747701
v -0.189200 15.350200 -0.792101
v -0.203700 15.141700 -0.764901
v -0.193300 14.974299 -0.717601
v -0.153800 14.725499 -0.612601
v -0.106600 14.422700 -0.481301
v -0.346100 14.542900 -0.421201
v -0.136200 14.207500 -0.347001
v -0.424000 14.844899 -0.528801
v -0.455100 15.102300 -0.602801
v -0.464600 15.330400 -0.636201
v -0.424600 15.528200 -0.618501
v -0.301500 15.731499 -0.553801
v -0.123900 15.870899 -0.431801
v 0.598800 15.760399 0.916499
v 0.166400 15.986599 -0.150501
v 0.200600 15.761299 -0.614501
v 0.149500 15.548500 -0.782701
v 0.128100 15.324900 -0.832601
v 0.118400 15.106600 -0.807701
v 0.111900 14.941999 -0.762101
v 0.109800 14.706800 -0.663701
v 0.111700 14.406799 -0.505901
v -0.006000 14.490499 -0.546701
v 0.023900 14.175600 -0.374201
v -0.028600 14.782200 -0.680601
v -0.046600 15.014600 -0.773301
v -0.041300 15.228900 -0.819401
v -0.020800 15.445601 -0.818001
v 0.040700 15.657700 -0.704801
v 0.134400 15.844700 -0.505201
v 0.655700 15.670399 0.923599
v 0.622200 15.733900 -0.246101
v 0.684600 15.566900 -0.384801
v 0.720600 15.355100 -0.451501
v 0.729400 15.141600 -0.456601
v 0.716100 14.987700 -0.438701
v 0.673000 14.793699 -0.386301
v 0.600200 14.538899 -0.301301
v 0.271900 14.502000 -0.545901
v 0.422200 14.221200 -0.267801
v 0.308500 14.776400 -0.686001
v 0.330600 15.013499 -0.776601
v 0.341700 15.231299 -0.814101
v 0.338400 15.465799 -0.803701
v 0.341200 15.685900 -0.680601
v 0.369100 15.880400 -0.449701
v 0.120000 16.108900 -0.044101
v 0.668200 15.701799 -0.015601
v 0.736900 15.550999 -0.154101
v 0.790200 15.338500 -0.245901
v 0.809000 15.135600 -0.268101
v 0.805100 14.991400 -0.256901
v 0.780300 14.813999 -0.220401
v 0.715200 14.574100 -0.150401
v 0.686900 14.650100 -0.259401
v 0.554800 14.271600 -0.121601
v 0.742300 14.848700 -0.319101
v 0.769600 15.040800 -0.359501
v 0.771100 15.236400 -0.367401
v 0.736600 15.455999 -0.329801
v 0.679300 15.660299 -0.210501
v 0.611500 15.775900 -0.055201
v 0.652300 15.736799 0.203599
v 0.751500 15.569399 0.091999
v 0.829100 15.392099 0.059699
v 0.875900 15.219899 0.057899
v 0.898000 15.095500 0.064799
v 0.909400 14.914300 0.086599
v 0.852800 14.647200 0.129599
v 0.826100 14.714000 -0.040901
v 0.667500 14.292700 0.076799
v 0.862600 14.908099 -0.082801
v 0.858200 15.094199 -0.110601
v 0.836400 15.264899 -0.113401
v 0.780600 15.465700 -0.080001
v 0.706700 15.649799 0.013699
v 0.647100 15.740299 0.256399
v 0.274100 15.857599 -0.005801
v 0.751800 15.577600 0.269299
v 0.859700 15.427200 0.248199
v 0.912400 15.266399 0.243499
v 0.932300 15.144199 0.242899
v 0.939000 14.958300 0.249699
v 0.889600 14.681100 0.266699
v 0.922200 14.783600 0.178699
v 0.723600 14.317699 0.244099
v 0.941000 14.981800 0.159399
v 0.922800 15.171000 0.146199
v 0.889200 15.319300 0.145599
v 0.816000 15.501900 0.155099
v 0.710900 15.642399 0.198599
v -0.001800 16.078699 -0.123001
v 0.635000 15.769699 0.169199
v 0.586000 15.817600 0.276999
v 0.064500 15.978300 -0.262801
v -0.142600 16.080799 -0.115701
v -0.106600 16.187901 0.165799
v -0.027400 16.192600 0.431399
v 0.017200 16.122299 -0.049701
v 0.340200 16.025200 0.740299
v 0.645200 15.609299 0.858699
v -0.092800 16.127100 -0.021901
v 0.485400 15.955799 0.348499
v 0.421500 16.006899 0.573999
v 0.230800 16.123400 0.175599
v 0.516600 15.934099 0.390799
v 0.662400 15.650799 0.877299
v 0.415600 15.980299 0.789499
v 0.642200 15.734100 0.865499
v 0.138200 16.133900 0.023499
v 0.613200 15.784100 0.295799
v 0.586300 15.757900 0.388399
v 0.551300 15.902100 0.378199
v 0.694100 15.678600 0.287399
v 0.272500 15.948700 0.004299
v 0.605000 15.813700 0.239499
v 0.523100 15.921700 0.338299
v 0.585900 15.828199 0.815799
v 0.477600 15.955999 0.714599
v 0.420100 15.999899 0.672499
v 0.093300 16.168100 0.389699
v 0.001200 16.193399 0.193899
v 0.005800 16.178499 0.106299
v 0.124800 15.928999 -0.350601
v 0.211900 15.851299 -0.102401
v 0.102100 15.885599 -0.441501
v 0.214200 15.967100 -0.080801
v -0.827600 15.473600 1.033799
v 0.645900 15.742300 0.292599
v 0.685300 15.689699 0.402399
v 0.236800 15.933899 -0.350301
v -0.948900 14.758499 1.022299
v 0.617600 15.797199 0.184999
v 0.633600 15.766500 0.258199
v 0.269700 15.907499 -0.421001
v -0.891900 15.246400 1.055699
v -0.931200 15.020300 1.057699
v -0.870600 14.400599 1.000299
v 0.208500 15.940599 -0.294101
v 0.210800 15.938900 -0.214001
v -0.726500 15.695000 1.000299
v -0.611000 15.857899 0.930199
v -0.017900 16.125200 0.635499
v -0.477900 15.996700 0.833999
v -0.284100 16.125401 0.698199
v 0.386600 15.902100 0.039699
v 0.306200 16.070499 0.150299
v 0.157100 16.130100 0.459399
v 0.277600 15.910999 -0.188701
v -0.903100 14.486899 0.997099
v -0.918300 14.826099 1.083399
v -0.884700 15.068100 1.114699
v -0.813400 15.350300 1.117699
v -0.729000 15.576300 1.089799
v -0.617900 15.767000 1.034399
v 0.033600 16.155800 0.513799
v -0.494300 15.913200 0.950099
v -0.334800 16.047699 0.825999
v -0.149500 16.130899 0.677599
v 0.292000 16.087700 0.238099
v 0.345100 16.023899 0.132299
v 0.321700 15.876499 -0.070601
v 0.323100 15.944300 -0.262701
v 0.520900 14.580899 -0.431101
v 0.222100 14.171200 -0.355601
v 0.588400 14.816899 -0.531901
v 0.628400 15.036699 -0.595301
v 0.645200 15.246699 -0.619401
v 0.628800 15.478500 -0.600401
v 0.588300 15.691700 -0.484601
v 0.540800 15.844999 -0.278001
v 0.350200 14.275200 -0.366901
v 0.437500 14.604500 -0.545101
v 0.499200 14.854700 -0.652201
v 0.532200 15.144799 -0.730501
v 0.532800 15.367599 -0.742201
v 0.515400 15.591700 -0.679701
v 0.500700 15.795700 -0.509701
v 0.387200 15.928200 -0.277901
v 0.481100 15.892099 -0.304201
v -0.897100 14.757099 1.103699
v -0.863700 15.017600 1.153299
v -0.808400 15.234799 1.176299
v -0.730700 15.455500 1.164899
v -0.616100 15.669800 1.122099
v -0.504100 15.832300 1.052499
v -0.366200 15.957199 0.949899
v -0.190500 16.080200 0.796899
v 0.362000 16.028299 0.211099
v 0.396200 15.902599 -0.126201
v -0.830400 14.393900 1.079499
v 0.062000 16.087999 0.700899
v 0.478700 15.901699 0.104699
v 0.225900 16.090700 0.520399
v 0.351800 16.047499 0.298299
v -0.732700 15.342000 1.234699
v -0.870500 14.485499 1.064499
v -0.629000 15.555000 1.202599
v -0.867300 14.826200 1.157899
v -0.818400 15.068800 1.203799
v -0.506200 15.739599 1.144399
v 0.106900 16.114300 0.584499
v -0.379000 15.880199 1.055999
v -0.223300 16.000401 0.927499
v -0.057700 16.086500 0.761699
v 0.392400 15.957399 0.208999
v 0.448100 15.894300 -0.004601
v 0.460100 15.886999 -0.146401
v 0.510200 15.855000 -0.119301
v -0.839300 14.752299 1.195299
v -0.793700 15.015500 1.249099
v -0.730700 15.232200 1.288999
v -0.634000 15.441999 1.274099
v -0.504600 15.644800 1.220799
v -0.390100 15.800499 1.149699
v -0.249600 15.916599 1.038199
v -0.086500 16.032000 0.879099
v 0.410300 15.993000 0.265799
v 0.502500 15.864000 -0.019401
v -0.772800 14.384600 1.189899
v 0.149000 16.059900 0.754699
v 0.531400 15.876101 0.169699
v 0.292700 16.060801 0.570899
v 0.398700 16.015600 0.348199
v -0.638700 15.334200 1.340399
v -0.816500 14.473499 1.165299
v -0.518000 15.536999 1.298399
v -0.796900 14.817200 1.263899
v -0.740600 15.065499 1.310499
v -0.390500 15.710499 1.231299
v 0.183900 16.079500 0.640599
v -0.263300 15.841400 1.133399
v -0.113200 15.958099 0.997399
v 0.035200 16.049299 0.825399
v 0.436800 15.926899 0.262799
v 0.529600 15.868999 0.091499
v 0.559900 15.835800 0.002399
v 0.572500 15.806900 -0.095401
v -0.766300 14.738100 1.309899
v -0.704100 14.997100 1.365899
v -0.619300 15.222899 1.408599
v -0.513500 15.426399 1.379499
v -0.378800 15.615599 1.300899
v -0.266800 15.763700 1.224799
v -0.132800 15.873600 1.100199
v 0.014700 15.994699 0.940599
v 0.448700 15.969700 0.309899
v 0.572500 15.827600 0.092499
v -0.700200 14.374800 1.312399
v 0.239700 16.031799 0.804799
v 0.568700 15.858599 0.224299
v 0.357900 16.035700 0.619999
v 0.439400 15.991299 0.391099
v -0.495900 15.313200 1.454799
v -0.746300 14.464499 1.288099
v -0.378000 15.507401 1.384999
v -0.704400 14.794399 1.383499
v -0.631500 15.033600 1.440099
v -0.254600 15.669199 1.294899
v 0.261100 16.055099 0.689099
v -0.138400 15.802799 1.197699
v -0.003900 15.917400 1.046199
v 0.130300 16.019199 0.877999
v 0.482700 15.927000 0.298599
v 0.577000 15.841499 0.170299
v 0.591400 15.807600 0.040099
v 0.611400 15.799299 0.132899
v 0.627700 15.771099 0.087099
v 0.663500 15.723799 0.295299
v 0.665000 15.718599 0.242399
v 0.649900 15.740799 0.121099
v 0.682100 15.684799 0.153099
v 0.635500 15.763800 0.222199
v 0.782900 15.558100 0.447299
v 0.856000 15.401899 0.456899
v 0.910800 15.232100 0.461699
v 0.916700 15.108399 0.464599
v 0.901800 14.932600 0.467599
v 0.849800 14.647200 0.469999
v 0.722900 15.653700 0.440899
v 0.658500 15.703400 0.435599
v 0.682600 15.692499 0.439499
v 0.674400 15.704199 0.329499
v 0.661700 15.701399 0.396799
v 0.643900 15.718700 0.391499
v 0.722200 15.635201 0.320699
v 0.735300 14.303400 0.333899
v 0.915800 14.781899 0.411899
v 0.936300 14.986099 0.405999
v 0.940000 15.169000 0.401899
v 0.914500 15.320200 0.398399
v 0.833600 15.507000 0.397199
v 0.784700 15.520300 0.587299
v 0.842600 15.369800 0.593299
v 0.885600 15.200500 0.580099
v 0.889100 15.082800 0.568999
v 0.873600 14.905399 0.551099
v 0.816400 14.622900 0.524899
v 0.724600 15.613400 0.577599
v 0.671100 15.671099 0.569799
v 0.687300 15.654299 0.573199
v 0.696000 15.666700 0.506599
v 0.675900 15.683500 0.502599
v 0.657100 15.695099 0.499299
v 0.751900 15.601500 0.510299
v 0.744900 14.276400 0.494799
v 0.859200 14.756200 0.501899
v 0.889600 14.965799 0.512199
v 0.900700 15.139899 0.518899
v 0.884400 15.292399 0.522899
v 0.814000 15.477499 0.523899
v -0.240000 14.882600 1.654999
v -0.146900 14.576099 1.678199
v -0.102700 15.137099 1.645999
v 0.547900 15.908499 0.436899
v -0.019200 15.331500 1.601599
v 0.081900 15.538700 1.505599
v 0.148600 15.675699 1.393799
v 0.491800 15.883900 0.934699
v 0.230500 15.777300 1.245799
v 0.318100 15.880899 1.072799
v -0.366300 14.287900 1.591799
v -0.464100 14.081200 1.478299
v 0.557000 15.775000 0.325599
v 0.529300 15.905199 0.755799
v 0.519400 15.924500 0.661499
v -0.221200 14.669700 1.655099
v -0.092400 14.921599 1.676499
v 0.057100 15.219600 1.650599
v 0.151100 15.431700 1.591999
v 0.224900 15.608099 1.470999
v 0.483400 15.931000 0.824999
v 0.278700 15.717400 1.327599
v 0.342600 15.813999 1.173299
v 0.417100 15.895100 1.006199
v -0.303700 14.532300 1.628099
v -0.467500 14.254499 1.529199
v 0.581200 15.874701 0.429099
v 0.785300 15.475899 0.714099
v 0.827200 15.315499 0.719199
v 0.849900 15.144400 0.695099
v 0.847400 15.016900 0.672799
v 0.827500 14.835799 0.640799
v 0.784100 14.568600 0.590299
v 0.733500 15.573900 0.697999
v 0.677700 15.627699 0.686199
v 0.697500 15.613400 0.690699
v 0.701600 15.625299 0.634899
v 0.683600 15.643799 0.628599
v 0.668200 15.657499 0.625799
v 0.754600 15.560699 0.640199
v 0.737400 14.262000 0.540799
v 0.816500 14.707800 0.572599
v 0.860000 14.919900 0.603699
v 0.870100 15.097600 0.626499
v 0.863500 15.249100 0.646399
v 0.811700 15.434401 0.657199
v 0.767700 15.443199 0.789899
v 0.804700 15.281199 0.790799
v 0.824400 15.100400 0.763599
v 0.817900 14.973300 0.739299
v 0.788900 14.790199 0.690499
v 0.761100 14.537499 0.627299
v 0.725500 15.540699 0.777099
v 0.677400 15.600599 0.760399
v 0.697100 15.583599 0.766599
v 0.707300 15.590099 0.731299
v 0.688000 15.608200 0.726099
v 0.669300 15.621500 0.721899
v 0.751000 15.524200 0.741199
v 0.718700 14.248699 0.573199
v 0.783000 14.651400 0.627499
v 0.819300 14.861899 0.678399
v 0.836600 15.041300 0.713699
v 0.833900 15.202399 0.741499
v 0.797400 15.392699 0.754799
v 0.656100 15.720100 0.325599
v 0.639800 15.741400 0.320099
v 0.741000 15.625299 0.401099
v 0.739500 14.284699 0.418099
v 0.926300 14.798200 0.310799
v 0.943900 14.997700 0.301899
v 0.934400 15.187300 0.296099
v 0.902300 15.333600 0.296999
v 0.818400 15.515299 0.301399
v 0.668000 15.701700 0.360299
v 0.647500 15.717400 0.353399
v 0.707000 15.665199 0.363199
v 0.796800 14.408500 0.375299
v 0.931700 14.847300 0.362799
v 0.945800 15.037499 0.354499
v 0.929100 15.255699 0.350299
v 0.875100 15.423700 0.349699
v 0.768700 15.572500 0.360699
v 0.618700 15.759100 0.351099
v 0.625400 15.731100 0.434199
v 0.653400 15.695400 0.576699
v 0.654300 15.649700 0.691799
v 0.656200 15.619699 0.756099
v -1.059200 14.745299 0.471599
v -0.924400 14.393900 0.734099
v -1.121500 15.033400 0.455299
v -1.117200 15.281199 0.445499
v -1.063300 15.516800 0.435499
v -0.972200 15.723600 0.439399
v -0.838300 15.903999 0.409299
v -0.140400 16.200300 0.437099
v -0.652300 16.044699 0.385799
v -0.404200 16.173300 0.343299
v -0.198300 14.514400 -0.488101
v -0.279600 14.242100 -0.290701
v -0.254800 14.812799 -0.609401
v -0.290100 15.059400 -0.698301
v -0.296100 15.275900 -0.745601
v -0.260900 15.480499 -0.741601
v -0.158300 15.683599 -0.648201
v -0.019200 15.843199 -0.489001
v 0.234300 16.109100 0.090699
v 0.042300 16.194201 0.296499
v 0.037900 15.951300 -0.327101
v 0.250800 15.917599 -0.048801
v 0.160700 15.967800 -0.210101
v -0.970700 14.485700 0.621899
v -1.094500 14.855700 0.658799
v -1.116100 15.122100 0.653399
v -1.073900 15.415400 0.624299
v -0.994000 15.627699 0.605099
v -0.880600 15.819599 0.576199
v -0.072400 16.211000 0.297999
v -0.732500 15.982800 0.531799
v -0.525100 16.123199 0.482199
v -0.283700 16.195099 0.403699
v -0.223600 14.300699 -0.352901
v -0.290400 14.606800 -0.482001
v -0.351000 14.890900 -0.589601
v -0.381700 15.194200 -0.677901
v -0.369000 15.408100 -0.699101
v -0.294300 15.612200 -0.655401
v -0.155400 15.783300 -0.540301
v 0.239500 16.018600 -0.042601
v 0.068500 16.185999 0.195499
v 0.001900 15.903200 -0.407601
v 0.135600 15.953699 -0.283701
v 0.195900 15.931900 -0.136301
v 0.665400 15.694399 0.851499
v 0.628300 15.781000 0.806399
v 0.565500 15.874500 0.716599
v 0.471800 15.967199 0.623799
v -0.788500 14.668400 -0.060201
v -0.783100 14.362900 0.227799
v -0.843900 14.958500 -0.119101
v -0.861800 15.213799 -0.158001
v -0.861500 15.445099 -0.166001
v -0.826600 15.642700 -0.151601
v -0.696900 15.854000 -0.116401
v -0.495600 16.001699 -0.078801
v -0.287900 16.080200 -0.053701
v 0.642100 15.616899 0.826799
v -0.163800 16.166800 0.116899
v 0.476100 15.966600 0.435699
v 0.122300 16.173399 0.290299
v 0.057800 16.153900 0.026899
v 0.184800 16.138399 0.363399
v 0.250000 16.097799 0.425199
v 0.311300 16.062500 0.479499
v 0.367900 16.035799 0.523299
v 0.549400 15.905399 0.525999
v 0.153800 16.151400 0.102799
v 0.657900 15.743000 0.792299
v 0.610400 15.829100 0.705699
v 0.512100 15.932899 0.568899
v 0.470800 15.969799 0.524299
v -0.774200 14.433100 0.108999
v -0.885800 14.759900 0.032499
v -0.931800 15.038699 -0.014101
v -0.943400 15.348900 -0.036201
v -0.920600 15.562700 -0.031101
v -0.839400 15.770700 -0.016301
v -0.673900 15.952000 0.007899
v -0.458600 16.069000 0.023999
v 0.428900 16.000700 0.476399
v -0.240300 16.126400 0.032399
v 0.073800 16.173399 0.108799
v -0.051500 16.161699 0.054799
v 0.663600 15.661900 0.831499
v 0.213700 16.134899 0.265099
v 0.275300 16.095800 0.327999
v 0.332500 16.056799 0.383599
v 0.383500 16.026400 0.431799
v 0.555500 15.893700 0.620599
v 0.149300 16.163700 0.190299
v 0.673800 15.702999 0.756199
v 0.663200 15.769800 0.652999
v 0.616300 15.840799 0.503299
v 0.645500 15.629000 0.769499
v -0.489000 14.581599 -0.355301
v -0.572600 14.311399 -0.105901
v -0.569400 14.883599 -0.447501
v -0.593300 15.141100 -0.499101
v -0.602900 15.375999 -0.508601
v -0.562400 15.567999 -0.483701
v -0.430400 15.769499 -0.430101
v -0.227800 15.907799 -0.343901
v -0.060000 15.986900 -0.274901
v 0.181300 16.042000 -0.086001
v 0.089800 16.015299 -0.181201
v 0.581200 15.846699 0.323499
v 0.288900 16.063499 0.075999
v 0.559100 15.854300 0.283599
v 0.350800 15.906700 0.045299
v 0.420800 15.905699 0.122599
v 0.476200 15.880301 0.189499
v 0.523300 15.868000 0.245299
v 0.599900 15.825300 0.373399
v 0.215000 16.097900 0.022999
v 0.664800 15.666599 0.758699
v 0.669000 15.725700 0.680599
v 0.650100 15.792500 0.547699
v -0.520500 14.374399 -0.208901
v -0.579900 14.681800 -0.340001
v -0.636100 14.967299 -0.410001
v -0.659600 15.278899 -0.446001
v -0.647400 15.492800 -0.436001
v -0.564300 15.693899 -0.399901
v -0.390100 15.857800 -0.327701
v -0.201000 15.972500 -0.267501
v 0.100400 16.063999 -0.115901
v -0.035900 16.033800 -0.202701
v 0.265900 16.047300 0.011999
v 0.323100 16.008900 0.061899
v 0.582500 15.867899 0.370599
v 0.556200 15.886700 0.325899
v 0.387300 15.912199 0.127199
v 0.417100 15.882700 0.211199
v 0.464200 15.879900 0.240899
v 0.521300 15.896299 0.285399
v 0.611000 15.837799 0.434099
v 0.197000 16.073000 -0.041101
v 0.624700 15.520300 0.967399
v 0.656900 15.556000 0.902199
v 0.589500 15.484100 1.037499
v 0.530100 15.428799 1.106099
v 0.498100 15.379900 1.140299
v 0.666200 15.595600 0.810099
v 0.662600 15.575199 0.860299
v 0.663700 15.585300 0.834999
v 0.655800 15.608500 0.817699
v 0.655400 15.599899 0.843099
v 0.655500 15.589100 0.874899
v 0.658300 15.616499 0.789499
v 0.494700 15.414999 1.143799
v 0.487800 15.379399 1.154699
v 0.558800 15.477499 1.084199
v 0.604600 15.520599 1.016999
v 0.642600 15.561600 0.934799
v 0.631400 15.500799 0.971199
v 0.665800 15.535700 0.909499
v 0.592900 15.460499 1.043599
v 0.532700 15.397799 1.110599
v 0.513400 15.352400 1.131199
v 0.679300 15.576200 0.817499
v 0.676400 15.557800 0.868399
v 0.678000 15.567499 0.843199
v 0.670500 15.580700 0.827199
v 0.669500 15.571800 0.850399
v 0.667400 15.560699 0.877499
v 0.673400 15.590700 0.800099
v 0.507200 15.378099 1.133299
v 0.504000 15.354300 1.136199
v 0.563700 15.450199 1.076199
v 0.608900 15.494101 1.003699
v 0.648800 15.531200 0.932899
v 0.644700 15.471399 0.980799
v 0.678700 15.506800 0.919999
v 0.604300 15.425699 1.053399
v 0.555700 15.358200 1.106099
v 0.541200 15.313800 1.112099
v 0.697600 15.548100 0.827499
v 0.693500 15.529699 0.878799
v 0.697300 15.539900 0.853799
v 0.688000 15.557699 0.836499
v 0.687500 15.549999 0.860399
v 0.682000 15.536800 0.887399
v 0.689700 15.567101 0.808599
v 0.528600 15.344299 1.123299
v 0.521100 15.319599 1.119299
v 0.570300 15.416800 1.080199
v 0.618900 15.467199 1.013399
v 0.659300 15.507000 0.941899
v 0.670200 15.389199 0.988199
v 0.700000 15.427200 0.932899
v 0.638100 15.338900 1.034399
v 0.605300 15.275499 1.054999
v 0.589100 15.235600 1.035799
v 0.736000 15.485300 0.841499
v 0.721400 15.455700 0.894899
v 0.730900 15.472900 0.868599
v 0.717800 15.513000 0.849799
v 0.713100 15.501699 0.875299
v 0.704000 15.484299 0.903999
v 0.719300 15.522699 0.821599
v 0.570000 15.283099 1.084399
v 0.561200 15.261300 1.062599
v 0.599700 15.353399 1.068899
v 0.639400 15.411499 1.021699
v 0.674300 15.450300 0.954299
v 0.710400 15.226399 0.959499
v 0.726100 15.264999 0.932399
v 0.681100 15.185699 0.979799
v 0.649400 15.149400 0.967099
v 0.629300 15.126900 0.933199
v 0.772700 15.352400 0.843299
v 0.743200 15.303300 0.900999
v 0.759800 15.331699 0.870099
v 0.753600 15.412800 0.859999
v 0.740100 15.391500 0.889399
v 0.724900 15.365499 0.918899
v 0.760400 15.425400 0.833499
v 0.620200 15.191000 0.999599
v 0.608600 15.174399 0.969899
v 0.640400 15.235600 1.021799
v 0.678500 15.287900 0.997099
v 0.699800 15.324400 0.961199
v 0.653500 15.037100 0.879999
v 0.652100 15.092000 0.919599
v 0.626800 15.075100 0.889099
v 0.658300 14.932600 0.811899
v 0.672500 14.992499 0.867799
v 0.642200 14.980900 0.834699
v 0.661600 14.792800 0.744899
v 0.675100 14.900100 0.808899
v 0.648700 14.823400 0.742799
v 0.662300 14.608100 0.683399
v 0.679700 14.754200 0.741099
v 0.652500 14.658799 0.683899
v 0.744600 15.090699 0.891099
v 0.757400 15.109200 0.875299
v 0.717000 15.069200 0.912599
v 0.796700 15.156600 0.813499
v 0.771200 15.127700 0.848799
v 0.783400 15.143399 0.830099
v 0.779600 15.247499 0.845799
v 0.763300 15.227900 0.868399
v 0.751100 15.203600 0.894799
v 0.791300 15.262500 0.826799
v 0.720500 15.147300 0.931799
v 0.672100 15.112700 0.946199
v 0.732600 15.171499 0.920199
v 0.757200 14.963099 0.834499
v 0.766500 14.973399 0.817499
v 0.728000 14.952000 0.863599
v 0.797100 14.998699 0.775499
v 0.777500 14.981999 0.804999
v 0.788100 14.990299 0.790199
v 0.795400 15.072100 0.803399
v 0.783300 15.060400 0.820199
v 0.772000 15.048400 0.836099
v 0.806200 15.081800 0.789699
v 0.748300 15.020599 0.875199
v 0.697700 15.003200 0.887899
v 0.757900 15.033899 0.859899
v 0.755300 14.799999 0.771399
v 0.761000 14.803499 0.757599
v 0.726900 14.796000 0.784899
v 0.781400 14.818800 0.728399
v 0.766200 14.808300 0.747499
v 0.773900 14.812900 0.737899
v 0.790600 14.948899 0.771499
v 0.774700 14.851999 0.757299
v 0.767200 14.847099 0.766699
v 0.798500 14.956500 0.759699
v 0.752400 14.916599 0.824599
v 0.706900 14.832100 0.795299
v 0.762000 14.842000 0.778199
v 0.668100 15.604700 0.777399
v 0.684300 15.587299 0.783499
v 0.702000 15.563000 0.791499
v 0.739500 15.498600 0.804399
v 0.781900 15.368400 0.810899
v 0.810400 15.174500 0.791599
v 0.812400 15.011399 0.758299
v 0.792100 14.830199 0.714299
v 0.681200 15.050400 0.907699
v 0.686900 14.942300 0.854099
v 0.687400 14.795700 0.771699
v 0.731400 14.610499 0.725899
v 0.741600 14.612400 0.714899
v 0.709700 14.610499 0.722699
v 0.753100 14.623500 0.673799
v 0.747100 14.615200 0.701599
v 0.749800 14.619100 0.687199
v 0.769800 14.770200 0.718499
v 0.754100 14.670099 0.706899
v 0.750800 14.666599 0.718799
v 0.773700 14.775599 0.709999
v 0.745900 14.755099 0.767199
v 0.698100 14.663400 0.727099
v 0.743500 14.663600 0.731499
v 0.762100 14.630199 0.657999
v 0.684500 14.612100 0.703899
v 0.578100 14.205700 0.655199
v 0.634600 14.215400 0.669399
v 0.653200 14.224700 0.656599
v 0.610800 14.207600 0.671199
v 0.693400 14.237599 0.613599
v 0.667500 14.230700 0.641899
v 0.681600 14.234799 0.628299
v 0.590900 14.204300 0.663799
v 0.690400 14.508900 0.690699
v 0.620400 14.301499 0.660499
v 0.741200 14.525900 0.657199
v 0.696400 14.326900 0.645099
v 0.685600 14.321300 0.658399
v 0.748600 14.529400 0.645799
v 0.711500 14.508800 0.704999
v 0.672000 14.315900 0.672499
v 0.605200 14.303699 0.648999
v 0.705100 14.241699 0.596899
v -0.823000 14.238199 0.865099
v -0.719600 14.207800 0.479199
v -0.533200 14.132799 0.138899
v -0.365600 14.031899 -0.101401
v -0.115100 13.859400 -0.246001
v 0.020600 13.855200 -0.231901
v 0.346300 14.006499 -0.180401
v 0.479000 14.055300 -0.061801
v 0.546700 14.134600 0.105499
v 0.583700 14.154699 0.241399
v -0.805900 14.248699 0.972799
v 0.178900 13.919000 -0.233101
v -0.778700 14.241400 1.040699
v -0.733900 14.224299 1.130499
v -0.685100 14.196500 1.228599
v 0.593600 14.157499 0.321799
v 0.636100 14.131300 0.484099
v 0.632600 14.116699 0.526399
v 0.614700 14.106899 0.555399
v 0.612800 14.147699 0.405999
v -0.810300 14.221100 0.703099
v -0.239700 13.948100 -0.182501
v -0.610700 14.178300 0.284499
v -0.468800 14.075900 0.016499
v 0.550200 14.059799 0.652299
v 0.574700 14.078600 0.649799
v 0.581800 14.084499 0.629099
v 0.565100 14.073100 0.663299
v 0.600500 14.095699 0.589299
v 0.589400 14.089299 0.616799
v 0.594600 14.092799 0.601899
v 0.557100 14.065700 0.660499
v 0.608900 14.099400 0.575099
v 0.579400 14.165700 0.671299
v 0.552500 14.090600 0.659799
v -0.336600 14.190900 -0.232101
v -0.173600 13.990399 -0.220001
v -0.793700 14.343499 1.113299
v -0.811800 14.279900 1.005899
v 0.659500 14.189600 0.630299
v 0.601900 14.115399 0.633399
v -0.606300 14.268600 -0.005101
v -0.449800 14.113700 -0.073401
v -0.866800 14.356400 0.960499
v -0.850400 14.270800 0.828699
v -0.057000 14.119400 -0.319301
v 0.095300 13.957299 -0.258801
v 0.601500 14.168400 0.673199
v 0.724800 14.220200 0.514999
v 0.652000 14.133800 0.545999
v 0.276100 14.016299 -0.249201
v -0.731200 14.331200 1.228599
v 0.628400 14.178100 0.657699
v 0.713700 14.234699 0.465199
v 0.678600 14.260900 0.203199
v 0.624300 14.185599 0.285899
v 0.446900 14.096000 -0.135701
v -0.663300 14.315499 1.347599
v -0.811200 14.253300 0.591199
v 0.590700 14.223399 -0.031301
v 0.694400 14.199400 0.587799
v 0.630400 14.125000 0.594299
v 0.670600 14.191799 0.618799
v 0.631800 14.176800 0.360899
v -0.785400 14.318899 0.333499
v -0.607600 14.190800 0.186899
v 0.546600 14.088599 0.653599
v -0.638600 14.164800 1.327099
v -0.197700 14.771899 1.140199
v -0.173900 14.575500 1.282899
v -0.018700 14.958500 1.226699
v -0.120000 14.534599 1.402599
v -0.010500 15.126300 1.080599
v -0.356200 14.469299 1.112199
v -0.330000 14.273399 1.233799
v -0.235600 14.602300 1.198599
v -0.303000 14.239699 1.330199
v -0.261000 14.780800 1.067299
v -0.221200 14.340899 1.518599
v -0.357100 14.102500 1.410399
v -0.532300 14.438000 1.510899
v -0.119300 14.495299 1.665999
v -0.655200 14.450600 1.408599
v -0.938500 14.487100 0.911399
v -0.878000 14.456800 0.313199
v -0.654700 14.413500 -0.068301
v -0.364300 14.332600 -0.289201
v -0.076700 14.269899 -0.403901
v 0.111600 14.246799 -0.411801
v 0.536100 14.353499 -0.227801
v 0.649600 14.383499 -0.082701
v 0.769300 14.425799 0.172099
v 0.792200 14.431100 0.288299
v -0.919800 14.666699 1.047799
v 0.399500 14.450700 -0.462001
v -0.877600 14.664900 1.117299
v -0.815600 14.653199 1.225499
v -0.737100 14.639299 1.348599
v 0.784500 14.402300 0.468999
v 0.774300 14.387799 0.519399
v -0.394200 14.385099 1.584799
v 0.751200 14.356600 0.568299
v 0.731800 14.339399 0.598899
v 0.893400 14.664200 0.368699
v -1.049900 14.675500 0.644599
v -0.258100 14.451400 -0.421101
v -0.837900 14.600599 0.067699
v -0.547800 14.529099 -0.281001
v 0.636400 14.302999 0.669099
v 0.669000 14.509000 0.677399
v 0.707600 14.329800 0.629099
v 0.736200 14.521999 0.674399
v 0.733000 14.517699 0.688099
v 0.718700 14.333400 0.616699
v 0.655500 14.306000 0.676599
v 0.723000 14.513599 0.701399
v 0.644600 14.503500 0.658699
v -0.131200 14.773499 1.215699
v -0.054200 14.728900 1.447499
v -0.151100 14.958400 1.078599
v -0.259500 14.432600 1.645799
v -0.581700 14.523800 1.492699
v -0.937500 14.573600 0.979599
v -0.982000 14.553900 0.467899
v -0.742000 14.498099 -0.000201
v -0.457700 14.428100 -0.289001
v -0.166900 14.358200 -0.419501
v 0.009500 14.331599 -0.458801
v 0.473900 14.398700 -0.349101
v 0.632200 14.461200 -0.194401
v 0.758500 14.499499 0.020099
v 0.829600 14.542700 0.215299
v -0.897600 14.574100 1.058299
v 0.247900 14.335600 -0.446501
v -0.849100 14.566700 1.144699
v -0.787300 14.555400 1.265199
v -0.702200 14.540199 1.385799
v 0.832700 14.526000 0.420299
v 0.805500 14.515400 0.494899
v -0.429500 14.488600 1.575899
v 0.782800 14.486000 0.549199
v 0.763600 14.449599 0.594499
v 0.844000 14.541200 0.328399
v -0.996800 14.570399 0.776399
v -0.314100 14.391800 -0.361201
v -0.868900 14.526999 0.193499
v -0.605700 14.470699 -0.176401
v 0.655800 14.404300 0.671399
v 0.724700 14.425300 0.648099
v 0.718700 14.420700 0.664799
v 0.734500 14.428499 0.633699
v 0.676300 14.405299 0.683599
v 0.710700 14.415400 0.679299
v 0.695900 14.409599 0.687699
v 0.635600 14.403399 0.658699
v 0.746900 14.433300 0.619899
v -0.084400 14.771700 1.313699
v -0.080100 14.959399 1.148399
v -0.099700 14.498899 1.553399
v -0.599400 14.194500 1.398699
v -0.332100 14.213699 1.570999
v -0.509700 14.155100 1.479299
v 0.566200 14.096499 0.668799
v 0.563300 14.162399 0.663199
v -0.314200 14.057099 -0.177201
v -0.197300 14.151000 -0.286601
v -0.769800 14.267200 1.091299
v -0.841100 14.355400 1.023799
v 0.611700 14.120299 0.618899
v 0.642700 14.184899 0.645299
v -0.538300 14.168099 0.054899
v -0.489900 14.227099 -0.139901
v -0.829300 14.280600 0.948799
v -0.892600 14.352799 0.849499
v -0.052600 13.931399 -0.262801
v 0.104200 14.098800 -0.335401
v 0.580900 14.100400 0.665399
v 0.669800 14.147500 0.509799
v 0.708700 14.203300 0.554699
v 0.309700 14.129399 -0.300901
v -0.716500 14.248199 1.194199
v 0.594000 14.108700 0.642299
v 0.656500 14.164499 0.460399
v 0.610600 14.178900 0.201899
v 0.698100 14.265200 0.290399
v 0.486600 14.197599 -0.170801
v -0.664400 14.220300 1.298699
v -0.883600 14.342600 0.601199
v 0.540700 14.131000 -0.009101
v 0.643000 14.128699 0.578199
v 0.684100 14.194200 0.604699
v 0.617200 14.122600 0.606899
v 0.704200 14.243000 0.367599
v -0.699800 14.231600 0.353599
v -0.693800 14.285800 0.153999
v 0.554400 14.164800 0.655499
v -0.315600 14.451600 1.178199
v -0.225600 14.374499 1.370699
v -0.340000 14.628400 1.061099
v -0.416700 14.164599 1.536099
v -0.543000 14.218300 1.466099
v 0.561900 14.121500 0.668099
v -0.259400 14.095099 -0.234401
v -0.803200 14.304800 1.053399
v 0.621700 14.147200 0.633199
v -0.529600 14.167600 -0.038201
v -0.859700 14.310499 0.910099
v 0.020900 14.031300 -0.294601
v 0.582300 14.123699 0.672499
v 0.686800 14.165299 0.529099
v 0.196700 14.040999 -0.297901
v -0.751600 14.291599 1.154599
v 0.601400 14.130199 0.661899
v 0.689000 14.181100 0.486799
v 0.648200 14.211900 0.246899
v -0.119700 14.055300 -0.267401
v 0.382900 14.101600 -0.220801
v -0.696600 14.271800 1.264799
v -0.864600 14.293400 0.716599
v 0.606000 14.183399 0.088299
v 0.664400 14.154599 0.593999
v 0.636200 14.150000 0.619499
v 0.650500 14.151400 0.607499
v -0.403100 14.135600 -0.156501
v 0.519000 14.141100 -0.085501
v 0.658700 14.209700 0.325599
v 0.612000 14.140300 0.646599
v -0.692000 14.245800 0.257999
v -0.795100 14.277300 0.470499
v 0.550300 14.119400 0.659599
v 0.674800 14.157399 0.568299
v 0.671600 14.193800 0.409999
v -0.610800 14.209800 0.101999
v -0.835900 14.311800 0.983399
v -0.630500 14.250000 1.372099
v -0.266600 14.404599 1.267699
v -0.294800 14.608500 1.125699
v -0.299200 14.204400 1.457899
v -0.017600 14.641299 1.694099
v 0.120500 14.991899 1.488299
v 0.220500 15.204000 1.271499
v 0.250300 15.318399 1.100799
v -0.428200 14.736600 1.594499
v -0.576300 14.766900 1.501399
v -0.975100 14.829000 0.985699
v -1.025800 14.793200 0.280799
v -0.720700 14.720300 -0.182601
v -0.440100 14.633499 -0.415401
v -0.132400 14.577700 -0.550001
v 0.109400 14.562099 -0.594901
v 0.641000 14.688900 -0.351201
v 0.754600 14.719700 -0.195701
v 0.898800 14.815399 0.101199
v 0.932600 14.860399 0.253599
v -0.904600 14.955299 1.104399
v 0.470800 14.733399 -0.601901
v -0.846700 14.956599 1.184499
v -0.769800 14.949599 1.287799
v -0.667800 14.919499 1.413099
v 0.883300 14.829000 0.470999
v 0.854400 14.799200 0.539499
v -0.156800 14.794399 1.673199
v 0.803200 14.732100 0.620899
v 0.775600 14.690900 0.660699
v 0.941600 14.948400 0.358099
v -1.112200 14.996599 0.658399
v -0.324300 14.757700 -0.539901
v -0.914900 14.904500 0.007199
v -0.615600 14.832000 -0.381401
v 0.677000 14.664300 0.709099
v 0.653300 14.750799 0.713099
v 0.757900 14.674999 0.691299
v 0.764500 14.765100 0.730399
v 0.761400 14.761200 0.740899
v 0.763700 14.679299 0.681499
v 0.729600 14.661500 0.741899
v 0.703300 14.754900 0.761399
v 0.757000 14.758599 0.752799
v 0.079200 14.781199 1.588199
v 0.126000 15.092099 1.360699
v 0.182900 15.224899 1.178699
v -0.295700 14.765100 1.640899
v -0.483200 14.812099 1.571299
v -0.944000 14.896000 1.045799
v -1.100500 14.891399 0.462099
v -0.821900 14.815399 -0.094601
v -0.531600 14.731500 -0.405101
v -0.226400 14.667500 -0.547901
v -0.018900 14.639999 -0.617201
v 0.552700 14.701799 -0.484501
v 0.716400 14.756900 -0.290901
v 0.850600 14.819699 -0.064701
v 0.938600 14.894199 0.166599
v -0.885900 14.894000 1.133999
v 0.287400 14.641000 -0.624901
v -0.820600 14.889600 1.224999
v -0.735900 14.872499 1.338599
v -0.623300 14.842999 1.459899
v 0.928300 14.895599 0.409099
v 0.879300 14.871300 0.508799
v -0.066700 14.709800 1.689599
v 0.843300 14.820700 0.590199
v 0.797500 14.763900 0.654199
v 0.938700 14.909300 0.304699
v -1.057800 14.913799 0.826099
v -0.386500 14.697000 -0.482001
v -0.984000 14.847799 0.140399
v -0.670000 14.775499 -0.285301
v 0.666400 14.712199 0.711899
v 0.762300 14.722600 0.710999
v 0.759000 14.720599 0.725199
v 0.768100 14.727300 0.699699
v 0.719500 14.711699 0.754099
v 0.755000 14.716700 0.737099
v 0.744800 14.713400 0.751599
v 0.776800 14.735900 0.685299
v 0.690000 14.713099 0.735399
v 0.136700 14.890599 1.670499
v 0.319200 15.142200 1.488499
v 0.384500 15.279699 1.286899
v 0.412100 15.354400 1.146199
v -0.321100 14.969199 1.626799
v -0.482900 15.005099 1.555899
v -0.960900 15.077399 1.001299
v -1.085600 15.063499 0.256299
v -0.763400 15.000099 -0.244701
v -0.513000 14.924100 -0.507901
v -0.174500 14.854199 -0.670101
v 0.111000 14.830100 -0.716601
v 0.698600 14.887799 -0.415701
v 0.796700 14.900100 -0.241201
v 0.907500 15.002600 0.075199
v 0.938700 15.048599 0.246599
v -0.860500 15.179000 1.120899
v 0.516600 14.975200 -0.694501
v -0.788500 15.175600 1.224099
v -0.708400 15.175200 1.334099
v -0.580300 15.149600 1.461699
v 0.910700 15.019600 0.465899
v 0.884100 14.995500 0.560199
v -0.020500 15.052299 1.666499
v 0.841200 14.929700 0.658399
v 0.807100 14.881800 0.718199
v 0.944300 15.131499 0.352099
v -1.109000 15.236300 0.644099
v -0.367700 15.017799 -0.632001
v -0.942100 15.165999 -0.027701
v -0.646700 15.094600 -0.433201
v 0.677100 14.828799 0.773899
v 0.646000 14.892600 0.774799
v 0.784300 14.858100 0.746399
v 0.781000 14.940800 0.786099
v 0.770200 14.933800 0.797099
v 0.790400 14.865100 0.735999
v 0.753600 14.835799 0.790899
v 0.702800 14.909800 0.843099
v 0.762500 14.924999 0.809199
v 0.242600 14.986600 1.564599
v 0.312500 15.237300 1.381899
v 0.368400 15.307799 1.206199
v -0.174700 15.009299 1.659199
v -0.375600 15.047100 1.602799
v -0.916400 15.125299 1.059399
v -1.129600 15.148700 0.452299
v -0.854100 15.079200 -0.140801
v -0.583600 15.005799 -0.475501
v -0.274100 14.930099 -0.657901
v -0.038300 14.891800 -0.729301
v 0.610200 14.917800 -0.566201
v 0.758100 14.936899 -0.340301
v 0.864000 14.995600 -0.097101
v 0.935600 15.072599 0.151999
v -0.838500 15.118899 1.165899
v 0.319100 14.886300 -0.733201
v -0.765200 15.118199 1.268999
v -0.671700 15.101899 1.389499
v -0.536200 15.075399 1.505799
v 0.941200 15.072900 0.403599
v 0.898700 15.047700 0.516299
v 0.081800 14.957200 1.684499
v 0.867700 15.005099 0.616399
v 0.830200 14.948899 0.699599
v 0.941900 15.088599 0.298799
v -1.053000 15.151500 0.827599
v -0.442000 14.968100 -0.569601
v -1.026700 15.107100 0.115299
v -0.706800 15.043699 -0.342001
v 0.661800 14.859699 0.773999
v 0.783400 14.897699 0.765099
v 0.773500 14.891500 0.775999
v 0.791400 14.904900 0.752999
v 0.731000 14.871699 0.815199
v 0.765900 14.884999 0.786799
v 0.759200 14.878300 0.800099
v 0.803900 14.917100 0.738799
v 0.690500 14.866099 0.803399
v 0.631300 15.590399 1.007499
v 0.656600 15.658400 0.742799
v 0.581200 15.534700 1.092399
v 0.525600 15.476799 1.156699
v 0.529700 15.524700 1.229499
v 0.560500 15.597000 1.147399
v 0.631500 15.716200 0.920999
v 0.602200 15.664600 1.038599
v 0.663200 15.744200 0.759799
v 0.622800 15.826399 0.656299
v 0.519200 15.444399 1.295899
v 0.494600 15.417400 1.198599
v 0.496300 15.515800 1.406899
v 0.571400 15.811800 0.893199
v 0.500100 15.619299 1.295999
v 0.510800 15.696699 1.178599
v 0.530800 15.922499 0.502799
v 0.537700 15.762899 1.043099
v 0.469900 15.355200 1.505099
v 0.506300 15.347199 1.344499
v 0.484400 15.365800 1.218099
v 0.397600 15.171200 1.560299
v 0.448500 15.272400 1.364899
v 0.449800 15.330700 1.220599
v 0.669100 15.735300 0.703999
v 0.643600 15.808100 0.577699
v 0.202000 14.931999 1.568499
v 0.261100 15.222600 1.376699
v 0.333700 15.297500 1.198599
v 0.034000 14.724799 1.598099
v 0.070200 15.025800 1.348499
v 0.123300 15.178900 1.166499
v -0.326600 14.703199 1.630599
v -0.207300 14.945800 1.656699
v 0.494200 15.952999 0.457899
v -0.061800 15.237000 1.629099
v 0.032200 15.437799 1.558799
v 0.114800 15.609999 1.452599
v 0.450500 15.957399 0.807399
v 0.190100 15.728899 1.322399
v 0.275100 15.830500 1.160599
v 0.369900 15.920300 0.989299
v -0.313700 14.359600 1.622099
v -0.435100 14.122600 1.511299
v -0.596500 14.443199 1.461399
v -0.506800 14.751599 1.554599
v -0.405500 14.988400 1.599199
v -0.263900 15.266999 1.569899
v -0.160000 15.451500 1.484099
v -0.060500 15.616499 1.391299
v 0.378400 16.004099 0.764799
v 0.037800 15.751499 1.287899
v 0.152200 15.861900 1.123399
v 0.272800 15.962999 0.949199
v -0.922600 14.486300 0.954899
v -0.948100 14.826799 1.034599
v -0.924500 15.072900 1.058999
v -0.862400 15.360600 1.049099
v -0.783700 15.588400 1.022099
v -0.673000 15.780199 0.968599
v 0.003400 16.176199 0.473499
v -0.546800 15.931499 0.885499
v -0.383000 16.070700 0.770099
v -0.185700 16.150600 0.629899
v -0.934600 14.466599 0.466899
v -1.082100 14.818899 0.467999
v -1.127300 15.090899 0.453699
v -1.095800 15.400499 0.439899
v -1.024000 15.622700 0.438399
v -0.911700 15.818699 0.425099
v -0.089200 16.204199 0.231999
v -0.750700 15.979900 0.397699
v -0.532300 16.120100 0.365499
v -0.294400 16.191799 0.304299
v -0.717500 14.426399 0.018699
v -0.806700 14.741199 -0.078001
v -0.850100 15.018800 -0.131201
v -0.866100 15.330500 -0.165501
v -0.850200 15.545900 -0.162701
v -0.770200 15.755400 -0.140701
v -0.601000 15.934099 -0.098701
v -0.393900 16.044699 -0.068101
v -0.442200 14.352699 -0.253001
v -0.510800 14.656199 -0.380801
v -0.577400 14.944300 -0.462301
v -0.602900 15.258300 -0.508301
v -0.588500 15.473999 -0.502801
v -0.503500 15.676500 -0.466501
v -0.332500 15.841099 -0.388901
v -0.145100 15.954399 -0.314101
v -0.151300 14.283099 -0.382501
v -0.212500 14.590699 -0.518501
v -0.264600 14.871099 -0.634401
v -0.295900 15.166900 -0.727901
v -0.282700 15.380899 -0.754301
v -0.213900 15.588100 -0.707101
v -0.090700 15.769400 -0.575101
v 0.657400 15.634899 0.916099
v 0.016800 14.254200 -0.415301
v -0.012600 14.564799 -0.582901
v -0.033400 14.836699 -0.705601
v -0.044800 15.120700 -0.802101
v -0.032300 15.337800 -0.827501
v 0.008700 15.556700 -0.774601
v 0.087200 15.760599 -0.614801
v 0.448900 14.311299 -0.310501
v 0.536900 14.641299 -0.457901
v 0.600200 14.866899 -0.550001
v 0.641000 15.140900 -0.611301
v 0.644000 15.363700 -0.615101
v 0.616600 15.589199 -0.548701
v 0.572600 15.777000 -0.387401
v 0.597000 14.367900 -0.157001
v 0.702000 14.703400 -0.275201
v 0.751400 14.892600 -0.330201
v 0.775400 15.138300 -0.365101
v 0.754200 15.349600 -0.351501
v 0.716000 15.560999 -0.271801
v 0.648000 15.719700 -0.133201
v 0.059200 16.095699 -0.085001
v 0.716800 14.396000 0.047499
v 0.839500 14.766500 -0.053001
v 0.864400 14.951799 -0.090401
v 0.850700 15.179500 -0.112601
v 0.815500 15.366699 -0.098101
v 0.747000 15.561699 -0.033401
v 0.640400 15.753300 0.257299
v 0.186500 15.899599 -0.433001
v 0.781900 14.428100 0.229099
v 0.932900 14.838900 0.172199
v 0.939300 15.027200 0.155599
v 0.908900 15.245399 0.145799
v 0.859300 15.411200 0.150399
v 0.750900 15.572001 0.180699
v 0.676400 15.694799 0.067099
v 0.014800 16.007299 -0.233301
v 0.457900 15.979500 0.413199
v -0.192700 16.106800 -0.044401
v 0.252700 16.082800 0.049199
v 0.106500 16.156599 0.064899
v 0.309200 15.941200 0.025299
v 0.590500 15.837299 0.347899
v 0.644200 15.756300 0.144999
v 0.573100 15.854599 0.303199
v -0.017500 16.144499 0.000799
v 0.611100 15.799799 0.268099
v 0.052000 15.894400 -0.424801
v -0.773200 15.345599 1.177499
v 0.252100 15.839600 -0.070901
v -0.887100 14.486099 1.030899
v -0.680100 15.566500 1.147799
v -0.893200 14.826099 1.120699
v 0.172000 15.946199 -0.288501
v -0.851700 15.068500 1.159899
v 0.664900 15.665899 0.812399
v 0.204300 15.891800 -0.119901
v -0.563200 15.754999 1.091299
v 0.070100 16.135799 0.549399
v -0.437600 15.899000 1.005099
v -0.279400 16.026100 0.877399
v -0.103600 16.109499 0.719599
v 0.261800 16.106800 0.206899
v 0.345600 15.868200 0.104999
v 0.386100 15.890600 -0.039401
v 0.266600 15.944500 -0.278201
v 0.234600 14.254100 -0.399901
v 0.279900 14.571099 -0.586201
v 0.314100 14.830899 -0.710501
v 0.336800 15.121099 -0.800501
v 0.342400 15.349400 -0.817801
v 0.344800 15.581299 -0.754501
v 0.359700 15.795399 -0.576201
v 0.380900 15.913500 -0.367601
v 0.322000 16.067801 0.268299
v -0.686800 15.338900 1.289099
v -0.843800 14.479199 1.114699
v -0.574900 15.547400 1.252499
v -0.831500 14.820900 1.211299
v -0.779800 15.067499 1.258599
v -0.449400 15.726700 1.190099
v 0.145300 16.096399 0.612099
v -0.321800 15.862999 1.095999
v -0.168400 15.980799 0.963299
v -0.010800 16.068100 0.793599
v 0.448000 15.895000 0.155699
v 0.490300 15.883600 0.042599
v 0.393400 15.920099 -0.204201
v 0.375300 16.031700 0.322899
v -0.570000 15.325500 1.401399
v -0.782300 14.468900 1.228399
v -0.449500 15.524200 1.344399
v -0.752300 14.805200 1.325199
v -0.688600 15.050799 1.378099
v -0.324000 15.693300 1.266899
v 0.222600 16.066799 0.664899
v -0.201200 15.823000 1.165599
v -0.058300 15.939699 1.025799
v 0.082800 16.034700 0.851599
v 0.498500 15.876299 0.212699
v 0.554000 15.856199 0.129799
v 0.506000 15.858500 -0.069501
v 0.528500 15.853899 -0.200801
v 0.419200 16.004099 0.368699
v -0.423400 15.298699 1.500099
v -0.703400 14.457200 1.352199
v -0.305800 15.485199 1.414999
v -0.643200 14.781199 1.445699
v -0.560000 15.019700 1.498199
v -0.190900 15.648699 1.325699
v 0.301100 16.041500 0.714699
v -0.080800 15.785599 1.229499
v 0.046900 15.900099 1.074299
v 0.177800 16.002199 0.902699
v 0.539400 15.855400 0.258599
v 0.592100 15.828199 0.204599
v 0.580900 15.816900 0.066399
v 0.605800 15.794899 -0.009501
v 0.688500 15.681499 0.220499
v 0.656200 15.729200 0.249299
v 0.626500 15.783300 0.177199
v 0.673700 15.695799 0.399599
v 0.651700 15.709299 0.394199
v 0.715700 15.659899 0.401899
v 0.881400 14.656600 0.414999
v 0.932800 14.940900 0.407799
v 0.942100 15.120899 0.402999
v 0.931400 15.245100 0.400499
v 0.880700 15.415600 0.398099
v 0.776900 15.566000 0.403999
v 0.686200 15.675299 0.504699
v 0.666200 15.688999 0.501099
v 0.725400 15.635700 0.507399
v 0.833800 14.634800 0.497799
v 0.885100 14.918099 0.511099
v 0.900900 15.093800 0.518099
v 0.896400 15.216399 0.522299
v 0.853700 15.386600 0.525799
v 0.786100 15.541500 0.518399
v 0.570800 15.886499 0.559099
v -0.106800 14.642300 1.685099
v 0.040600 14.896100 1.688799
v 0.197000 15.197499 1.664799
v 0.285200 15.409700 1.599799
v 0.341000 15.590099 1.468499
v 0.513600 15.897699 0.847599
v 0.376100 15.701700 1.329199
v 0.414500 15.787300 1.181599
v 0.464900 15.858700 1.021299
v -0.464800 14.410899 1.551199
v -0.558400 14.173200 1.442499
v 0.612300 15.808399 0.412699
v 0.692900 15.634699 0.632199
v 0.675400 15.650400 0.627199
v 0.729700 15.594299 0.638499
v 0.799100 14.595699 0.558599
v 0.852300 14.870100 0.597499
v 0.869300 15.051399 0.622199
v 0.870400 15.169900 0.637699
v 0.837700 15.342899 0.656799
v 0.786900 15.498400 0.650599
v 0.698500 15.599800 0.729199
v 0.677900 15.614500 0.723899
v 0.730800 15.558399 0.737699
v 0.773300 14.554299 0.609399
v 0.809100 14.812599 0.666499
v 0.834000 14.995000 0.707399
v 0.837700 15.119699 0.729899
v 0.817000 15.297899 0.755299
v 0.777400 15.459900 0.752199
v 0.665300 15.712299 0.327499
v 0.646800 15.729900 0.322799
v 0.698900 15.670700 0.324999
v 0.894500 14.672400 0.317999
v 0.942100 14.953099 0.303699
v 0.939600 15.137899 0.297199
v 0.921700 15.261300 0.296899
v 0.867700 15.426399 0.298099
v 0.760900 15.575500 0.314699
v 0.619500 15.773899 0.323799
v 0.626600 15.748600 0.392899
v 0.643700 15.718700 0.503899
v 0.653500 15.671600 0.633599
v 0.655900 15.634800 0.723599
v -0.964500 14.479899 0.755899
v -1.052100 14.839000 0.820399
v -1.055500 15.097699 0.828799
v -1.009700 15.397099 0.807699
v -0.927500 15.619900 0.782399
v -0.812100 15.814400 0.741199
v -0.049200 16.206999 0.365399
v -0.671800 15.974800 0.678299
v -0.481100 16.114899 0.598499
v -0.252500 16.185200 0.496499
v -0.298000 14.318600 -0.328201
v -0.366700 14.620199 -0.453201
v -0.434000 14.907000 -0.553101
v -0.463800 15.215600 -0.625201
v -0.450100 15.431601 -0.636301
v -0.368600 15.636200 -0.595101
v -0.215700 15.803900 -0.495501
v 0.168300 16.105900 -0.010701
v 0.193300 16.140699 0.139399
v -0.043400 15.918100 -0.383401
v 0.100200 15.965599 -0.273001
v 0.183600 15.964100 -0.144801
v 0.650300 15.738600 0.829199
v 0.599700 15.830200 0.760999
v 0.496300 15.946301 0.642299
v 0.447200 15.987999 0.598699
v -0.829000 14.442900 0.210699
v -0.964700 14.774300 0.151899
v -1.020200 15.047500 0.118999
v -1.021700 15.363600 0.110699
v -0.984400 15.584799 0.120799
v -0.889900 15.792500 0.125499
v -0.719800 15.964699 0.130699
v -0.498000 16.090099 0.133299
v 0.395100 16.022100 0.548699
v -0.273600 16.153500 0.117599
v 0.037300 16.185400 0.150999
v -0.079400 16.176100 0.110399
v 0.663600 15.656599 0.854499
v 0.154200 16.157700 0.327799
v 0.217300 16.119600 0.393699
v 0.280500 16.080400 0.451399
v 0.339700 16.048899 0.501199
v 0.543500 15.900700 0.688899
v 0.095900 16.182499 0.243999
v 0.666100 15.668600 0.775999
v 0.659700 15.709099 0.659399
v 0.644100 15.767300 0.526399
v -0.590700 14.392799 -0.141201
v -0.653600 14.700399 -0.264401
v -0.702700 14.983299 -0.329701
v -0.722300 15.295500 -0.369601
v -0.710500 15.509100 -0.362601
v -0.628400 15.713299 -0.329801
v -0.454400 15.880600 -0.262701
v -0.263400 15.996599 -0.213601
v 0.135700 16.028599 -0.134001
v -0.089600 16.061100 -0.162001
v 0.256600 15.984800 -0.019601
v 0.318100 16.046400 0.103699
v 0.566500 15.888700 0.403399
v 0.537800 15.912699 0.357899
v 0.368400 15.981199 0.171299
v 0.413800 15.941900 0.236199
v 0.458600 15.924900 0.281099
v 0.504400 15.927700 0.316699
v 0.599000 15.857599 0.465799
v 0.212100 16.034300 -0.065501
v 0.654500 15.603300 0.830499
v 0.656400 15.594700 0.859599
v 0.657500 15.612799 0.803599
v 0.488600 15.397400 1.151599
v 0.526900 15.447001 1.115499
v 0.586500 15.501400 1.050699
v 0.654400 15.578800 0.904799
v 0.621000 15.538300 0.977899
v 0.670300 15.576399 0.838799
v 0.668900 15.566401 0.863999
v 0.672300 15.585899 0.813599
v 0.505600 15.365999 1.135399
v 0.528700 15.413500 1.108199
v 0.590400 15.473200 1.041099
v 0.660700 15.545799 0.905499
v 0.627500 15.511600 0.968399
v 0.688100 15.553999 0.848499
v 0.685400 15.543699 0.873999
v 0.688300 15.561899 0.822599
v 0.525100 15.331300 1.122799
v 0.542800 15.377500 1.109999
v 0.598000 15.442999 1.049399
v 0.672800 15.522299 0.914999
v 0.637900 15.486099 0.976399
v 0.716000 15.507401 0.862699
v 0.709000 15.493399 0.889199
v 0.718800 15.517799 0.835699
v 0.566200 15.271500 1.075199
v 0.584200 15.316799 1.083199
v 0.620000 15.382099 1.045999
v 0.690200 15.467600 0.929299
v 0.658100 15.431099 0.989899
v 0.747500 15.402300 0.874999
v 0.732900 15.378599 0.904799
v 0.757400 15.419500 0.847199
v 0.614500 15.182300 0.986499
v 0.630700 15.211499 1.015199
v 0.660000 15.260900 1.014099
v 0.712300 15.344700 0.939299
v 0.689500 15.306200 0.980399
v 0.639700 15.083200 0.904899
v 0.657300 14.986500 0.852099
v 0.662600 14.826099 0.758899
v 0.664800 14.661500 0.696699
v 0.771500 15.237700 0.857299
v 0.757500 15.216300 0.884099
v 0.785700 15.255600 0.836699
v 0.698000 15.128900 0.944099
v 0.741900 15.187599 0.907899
v 0.727000 15.159200 0.926699
v 0.789300 15.066199 0.811799
v 0.777700 15.054899 0.828399
v 0.800800 15.076900 0.796499
v 0.724600 15.010799 0.887499
v 0.764600 15.040600 0.843599
v 0.753500 15.027100 0.868299
v 0.779500 14.854899 0.751899
v 0.770700 14.849500 0.761899
v 0.787300 14.861500 0.741199
v 0.730700 14.833400 0.799299
v 0.764500 14.843900 0.772199
v 0.758300 14.839200 0.785799
v 0.657900 15.618500 0.772799
v 0.675900 15.595999 0.780199
v 0.693600 15.575500 0.787499
v 0.722000 15.531500 0.799199
v 0.764300 15.433800 0.811399
v 0.798400 15.271999 0.809199
v 0.815900 15.091000 0.777099
v 0.798800 14.873400 0.727199
v 0.662600 15.101600 0.935299
v 0.684900 14.997399 0.879999
v 0.688900 14.905700 0.834099
v 0.755800 14.672600 0.698899
v 0.752600 14.668300 0.712899
v 0.760700 14.677099 0.686299
v 0.714100 14.662200 0.737699
v 0.747700 14.665000 0.725499
v 0.737100 14.662299 0.738299
v 0.769800 14.685200 0.671099
v 0.691100 14.754399 0.752599
v 0.628200 14.302299 0.665199
v 0.702200 14.328300 0.636899
v 0.691200 14.324100 0.651799
v 0.713100 14.331599 0.622899
v 0.646200 14.304500 0.674199
v 0.679300 14.318600 0.665999
v 0.664100 14.311000 0.675599
v 0.612800 14.302600 0.654899
v 0.725700 14.336400 0.608199
v 0.559000 14.093599 0.665099
v -0.246900 14.023600 -0.204401
v -0.791100 14.273100 1.047099
v 0.606700 14.117900 0.625299
v -0.500200 14.120800 -0.011601
v -0.841600 14.271700 0.872799
v 0.020300 13.944400 -0.259501
v 0.573700 14.098399 0.668699
v 0.662000 14.139999 0.527799
v 0.187700 13.980100 -0.265101
v -0.742900 14.257899 1.142599
v 0.588300 14.104199 0.655599
v 0.664400 14.155100 0.484899
v 0.617100 14.182600 0.243999
v -0.115500 13.957600 -0.251601
v 0.364800 14.053900 -0.200801
v -0.691100 14.233900 1.247199
v -0.838400 14.256700 0.710099
v 0.578700 14.148999 0.092199
v 0.637500 14.126400 0.586299
v 0.614400 14.121500 0.612799
v 0.622800 14.124100 0.600599
v -0.387000 14.081699 -0.128601
v 0.499500 14.097799 -0.074001
v 0.626700 14.181100 0.323899
v 0.597900 14.112100 0.637799
v -0.652500 14.210799 0.270799
v -0.758500 14.241699 0.474599
v 0.549500 14.089600 0.656799
v 0.648000 14.131000 0.562199
v 0.643600 14.169900 0.407699
v -0.572700 14.168799 0.117599
v -0.821000 14.280000 0.976699
v -0.635000 14.207399 1.349199
v -0.124500 14.669800 1.294199
v -0.140800 14.868400 1.147299
v -0.298900 14.338900 1.251099
v -0.326600 14.539499 1.119799
v -0.160600 14.420000 1.535899
v -0.262000 14.271999 1.486799
v -0.203500 14.504200 1.664899
v -0.557200 14.607400 1.518099
v -0.947100 14.665999 1.003999
v -1.024000 14.648299 0.469199
v -0.766800 14.587500 -0.035101
v -0.474500 14.505699 -0.325201
v -0.182700 14.434799 -0.453601
v 0.001500 14.409499 -0.502401
v 0.498900 14.490999 -0.393701
v 0.661700 14.554800 -0.228001
v 0.794100 14.603300 -0.008001
v 0.881200 14.667000 0.193499
v -0.898900 14.665400 1.082099
v 0.259800 14.417900 -0.495801
v -0.846200 14.659200 1.171299
v -0.778500 14.646800 1.289099
v -0.685200 14.628500 1.411799
v 0.792500 14.403000 0.419099
v 0.777500 14.395599 0.494499
v -0.394300 14.564799 1.598199
v 0.764200 14.371799 0.544299
v 0.741900 14.347899 0.583799
v 0.795700 14.419200 0.331799
v -1.023300 14.668300 0.795299
v -0.330300 14.466800 -0.392201
v -0.906700 14.613999 0.177299
v -0.621100 14.547800 -0.209001
v 0.679500 14.509000 0.684499
v 0.738500 14.523999 0.665599
v 0.734900 14.519899 0.681399
v 0.744800 14.527800 0.651399
v 0.700800 14.508900 0.699999
v 0.728700 14.515900 0.695299
v 0.717200 14.511300 0.704499
v 0.656900 14.506200 0.668199
v 0.755000 14.533400 0.636599
v -0.042000 14.871599 1.328899
v -0.006400 15.042700 1.146099
v -0.045700 14.583899 1.582999
v -0.395000 14.224799 1.564199
v -0.522100 14.275700 1.494599
v 0.571000 14.164100 0.668099
v -0.268800 14.169700 -0.261801
v -0.817700 14.348499 1.066899
v 0.651300 14.187300 0.637799
v -0.550100 14.244699 -0.075801
v -0.881700 14.355599 0.918899
v 0.022800 14.106700 -0.332701
v 0.590700 14.167000 0.674299
v 0.718100 14.211100 0.534899
v 0.209100 14.108000 -0.328001
v -0.762900 14.337800 1.172699
v 0.614400 14.173400 0.666599
v 0.721200 14.226700 0.490099
v 0.686900 14.259700 0.245699
v -0.127300 14.133900 -0.305901
v 0.402600 14.161500 -0.244701
v -0.699100 14.323100 1.289099
v -0.896400 14.342500 0.725299
v 0.638800 14.237800 0.084599
v 0.689600 14.196600 0.596399
v 0.665000 14.190800 0.624499
v 0.677500 14.192900 0.611799
v -0.414100 14.210700 -0.190101
v 0.535200 14.214700 -0.105701
v 0.700400 14.254399 0.329099
v 0.636000 14.181499 0.651599
v -0.741900 14.305200 0.240999
v -0.839800 14.328300 0.468299
v 0.558800 14.163600 0.659499
v 0.702100 14.201200 0.571399
v 0.709200 14.237400 0.413499
v -0.651600 14.269799 0.075799
v -0.854400 14.355700 0.992399
v -0.620800 14.306999 1.403099
v -0.221000 14.482900 1.281599
v -0.247000 14.691299 1.132999
v -0.327100 14.152900 1.434499
v 0.111600 14.836499 1.579699
v 0.178600 15.147599 1.369099
v 0.239500 15.259299 1.186799
v -0.268500 14.823899 1.652599
v -0.459200 14.870600 1.584099
v -0.939000 14.958600 1.052799
v -1.112800 14.963099 0.459299
v -0.834300 14.886800 -0.108701
v -0.551900 14.807899 -0.430501
v -0.240700 14.740000 -0.578901
v -0.023800 14.710899 -0.649301
v 0.571500 14.760200 -0.512001
v 0.729700 14.802400 -0.305401
v 0.857700 14.863600 -0.074001
v 0.940900 14.938100 0.162399
v -0.875900 14.955899 1.144599
v 0.298900 14.708300 -0.656301
v -0.808200 14.952499 1.237699
v -0.720400 14.934700 1.352499
v -0.603400 14.904500 1.475299
v 0.923100 14.838699 0.411199
v 0.870000 14.813800 0.505699
v -0.032400 14.772099 1.695799
v 0.830200 14.765100 0.581599
v 0.791000 14.707399 0.639699
v 0.933300 14.853399 0.308799
v -1.058100 14.979600 0.828299
v -0.405300 14.769400 -0.502901
v -0.999000 14.918099 0.130599
v -0.684300 14.848300 -0.302101
v 0.666500 14.752399 0.727399
v 0.767300 14.767600 0.724399
v 0.763000 14.763100 0.735599
v 0.770400 14.772799 0.714399
v 0.725300 14.754000 0.768899
v 0.759500 14.760900 0.747399
v 0.752100 14.756599 0.761499
v 0.781300 14.782800 0.700299
v 0.687300 14.663699 0.718799
v 0.292800 15.042299 1.567899
v 0.362500 15.236700 1.379799
v 0.397300 15.316600 1.213599
v -0.139000 15.074100 1.654399
v -0.343000 15.110300 1.599799
v -0.905400 15.186000 1.058899
v -1.126100 15.216900 0.450099
v -0.859400 15.146700 -0.151101
v -0.589700 15.073000 -0.488601
v -0.283000 14.994400 -0.680101
v -0.042700 14.953099 -0.753801
v 0.620700 14.976800 -0.581301
v 0.765500 14.989400 -0.351601
v 0.862400 15.044900 -0.104201
v 0.930600 15.121500 0.148699
v -0.824600 15.177700 1.171299
v 0.324600 14.950200 -0.758001
v -0.749500 15.176300 1.280699
v -0.647500 15.163600 1.402199
v -0.504900 15.137600 1.511799
v 0.939500 15.029500 0.404999
v 0.894600 15.007700 0.514799
v 0.115800 15.026899 1.683099
v 0.864600 14.960999 0.610399
v 0.825400 14.905399 0.689799
v 0.943800 15.042999 0.300399
v -1.048000 15.217999 0.825199
v -0.449400 15.034599 -0.588001
v -1.029700 15.176499 0.112699
v -0.711500 15.110800 -0.353601
v 0.660600 14.896199 0.792399
v 0.785900 14.944900 0.778899
v 0.775500 14.937300 0.791599
v 0.794500 14.953000 0.765599
v 0.729300 14.913099 0.845499
v 0.766100 14.929399 0.802999
v 0.758000 14.920600 0.817899
v 0.808500 14.964800 0.749799
v 0.691400 14.830299 0.786599
v 0.486800 15.780199 1.112199
v 0.522400 15.840399 0.955999
v 0.472400 15.711599 1.254399
v 0.459900 15.616800 1.386199
v 0.432100 15.471800 1.512799
v 0.369700 15.240399 1.610599
v 0.257600 15.047400 1.658699
v 0.602100 15.858400 0.534699
v 0.094700 14.789800 1.686999
v -0.070600 14.534100 1.681299
v 0.259500 15.896299 1.054499
v 0.376100 15.970499 0.876299
v 0.149300 15.790199 1.240399
v 0.042200 15.677599 1.385699
v -0.051400 15.536499 1.479199
v -0.158700 15.332900 1.574499
v -0.250600 15.139100 1.628799
v 0.531000 15.923000 0.411499
v -0.391300 14.892600 1.652699
v -0.489300 14.661200 1.605099
v -0.304600 14.278299 1.604999
v -0.572200 14.350599 1.491299
v -0.394100 14.064600 1.484999
v -0.620200 14.145100 1.381999
v 0.161100 15.937599 1.013399
v 0.285100 16.014900 0.829599
v 0.033300 15.824299 1.191999
v -0.086400 15.705400 1.326599
v -0.189100 15.558800 1.404999
v -0.312600 15.365399 1.506599
v -0.426600 15.171400 1.571799
v -0.550100 14.930500 1.567899
v -0.629300 14.693199 1.506199
v -0.671200 14.364500 1.381799
v -0.325900 16.142599 0.645699
v -0.117800 16.183100 0.512099
v -0.536100 16.017900 0.775099
v -0.674000 15.876200 0.868399
v -0.806200 15.712700 0.947399
v -0.918300 15.491600 0.992599
v -0.982300 15.257600 1.017399
v -1.001200 15.022799 1.023199
v -0.992700 14.758300 0.986999
v -0.915800 14.400399 0.861499
v -0.420200 16.163300 0.228799
v -0.195000 16.183701 0.187499
v -0.672800 16.032299 0.249299
v -0.874900 15.891500 0.250899
v -1.017800 15.709499 0.266199
v -1.076100 15.491699 0.252099
v -1.105700 15.256100 0.247799
v -1.085900 15.005099 0.251799
v -1.004500 14.721499 0.287699
v -0.826600 14.375199 0.325599
v -0.243600 16.050400 -0.143801
v -0.432600 15.970800 -0.183401
v -0.644600 15.825300 -0.243601
v -0.779900 15.616100 -0.296101
v -0.803300 15.424500 -0.307501
v -0.788600 15.193399 -0.291301
v -0.767200 14.940000 -0.238201
v -0.706400 14.647099 -0.162701
v -0.634100 14.335400 -0.034001
v -0.014900 15.962799 -0.317201
v -0.191300 15.885099 -0.406501
v -0.401300 15.745899 -0.511501
v -0.540300 15.537699 -0.566301
v -0.581100 15.340400 -0.587101
v -0.570600 15.101000 -0.567201
v -0.535500 14.843200 -0.504401
v -0.432200 14.548100 -0.395701
v -0.354100 14.254100 -0.260501
v -0.056300 16.100800 -0.086901
v 0.130600 15.980999 -0.205501
v 0.549400 15.871201 0.788399
v 0.501700 15.944799 0.370399
v 0.276100 16.087099 0.121899
v 0.389800 16.020100 0.646399
v 0.449100 15.977200 0.698499
v 0.062400 16.184200 0.349599
v -0.020700 16.184700 0.144799
v 0.194800 15.989399 -0.097401
v 0.080800 16.134600 -0.014401
v -0.939700 14.756100 1.074999
v -0.897100 14.396800 0.973199
v -0.925100 15.017600 1.124499
v -0.884600 15.241400 1.134299
v -0.803800 15.464699 1.112299
v -0.684400 15.682600 1.068499
v -0.569700 15.844099 0.999699
v -0.429500 15.973799 0.895899
v -0.244500 16.104000 0.749899
v 0.335000 16.051600 0.178899
v 0.122500 16.150400 0.427399
v -0.884500 14.755400 1.148499
v -0.853300 15.021199 1.211999
v -0.796400 15.239699 1.252399
v -0.707200 15.461100 1.240899
v -0.568300 15.662800 1.184699
v -0.450000 15.823200 1.112899
v -0.308000 15.938900 1.002299
v -0.138000 16.052900 0.844399
v 0.390200 16.008400 0.241599
v -0.872600 14.391700 1.041099
v 0.019600 16.104500 0.673099
v 0.191500 16.108999 0.493099
v -0.832100 14.739300 1.264699
v -0.782500 15.004299 1.314899
v -0.716200 15.222899 1.358599
v -0.610300 15.435400 1.348099
v -0.469100 15.642799 1.290199
v -0.344500 15.800600 1.212799
v -0.195100 15.904600 1.081499
v -0.035700 16.009899 0.914399
v 0.430300 15.977499 0.290599
v -0.805600 14.389199 1.128599
v 0.260300 16.075100 0.547499
v -0.746800 14.726299 1.386699
v -0.689900 14.978000 1.461799
v -0.576300 15.210799 1.493899
v -0.458100 15.411100 1.438399
v -0.320800 15.596399 1.343099
v -0.208400 15.742699 1.262299
v -0.077300 15.852499 1.130899
v 0.064200 15.977400 0.966899
v 0.467900 15.962799 0.328899
v -0.743500 14.378099 1.251299
v 0.193500 16.046499 0.780099
v 0.324900 16.048599 0.593999
v -0.134400 14.850900 1.692999
v -0.259800 14.602699 1.651799
v 0.007300 15.114400 1.684799
v 0.564300 15.893299 0.462699
v 0.094200 15.323000 1.648799
v 0.199300 15.545099 1.549399
v 0.247900 15.672800 1.403399
v 0.455600 15.920200 0.914699
v 0.309500 15.768200 1.255299
v 0.374500 15.862499 1.091099
v -0.436500 14.309700 1.555099
v -0.527000 14.111300 1.453299
v 0.504200 15.932600 0.731099
v -1.086400 14.781199 0.658699
v -0.919900 14.396700 0.608199
v -1.132800 15.067900 0.660399
v -1.127800 15.300400 0.644399
v -1.082000 15.525799 0.619799
v -0.973000 15.725700 0.603999
v -0.837300 15.906500 0.557499
v -0.166900 16.206800 0.359199
v -0.657500 16.047699 0.512899
v -0.403200 16.175499 0.454199
v 0.190300 16.125299 0.058999
v 0.021300 16.196301 0.242099
v 0.577000 15.872299 0.651099
v 0.491000 15.952000 0.548399
v -0.884000 14.678200 0.044899
v -0.740600 14.345099 0.134799
v -0.955800 14.962700 -0.011401
v -0.977300 15.223900 -0.047601
v -0.973800 15.455099 -0.059101
v -0.942800 15.652700 -0.052601
v -0.805400 15.865000 -0.027701
v -0.593200 16.017799 0.004499
v -0.353400 16.102499 0.024199
v -0.140600 16.144699 0.040099
v 0.449700 15.986099 0.500699
v 0.181400 16.151499 0.230399
v 0.028200 16.168600 0.066299
v 0.244900 16.115099 0.298799
v 0.305800 16.073299 0.358499
v 0.359300 16.041500 0.409199
v 0.407500 16.013599 0.452799
v 0.532400 15.913300 0.589399
v 0.115800 16.169399 0.149499
v -0.578900 14.594299 -0.323201
v -0.511200 14.289200 -0.174801
v -0.667600 14.883200 -0.412401
v -0.692000 15.139700 -0.459401
v -0.703000 15.380099 -0.462201
v -0.668600 15.575199 -0.439801
v -0.525300 15.780100 -0.380901
v -0.302700 15.924700 -0.301201
v -0.128300 16.006100 -0.242501
v 0.150500 16.076500 -0.073401
v 0.038600 16.048100 -0.161101
v -0.667500 14.177500 1.281299
v -0.830900 14.235800 0.819099
v -0.658200 14.198600 0.364899
v -0.500300 14.127800 0.083499
v -0.308900 13.992700 -0.153001
v -0.820900 14.244599 0.947099
v -0.809700 14.241899 1.006599
v -0.758700 14.235100 1.081799
v -0.711800 14.212700 1.180899
v -0.776900 14.217099 0.588399
v -0.568600 14.155200 0.202799
v -0.430500 14.058100 -0.045201
v -0.530800 14.506100 1.549599
v -0.190400 14.421200 1.667699
v -0.671400 14.520700 1.453099
v -0.964500 14.573000 0.939399
v -0.924600 14.542299 0.301999
v -0.672400 14.493500 -0.100401
v -0.391000 14.400000 -0.328301
v -0.928700 14.571199 1.031399
v -0.900800 14.565300 1.103499
v -0.821800 14.559400 1.198699
v -0.757900 14.548599 1.331699
v -0.352000 14.458799 1.609799
v -1.017400 14.575800 0.635099
v -0.817300 14.509999 0.088899
v -0.545600 14.442200 -0.250301
v -0.598200 14.235499 1.427899
v -0.352900 14.150200 1.537499
v -0.492800 14.198500 1.505199
v -0.332600 14.110800 -0.210101
v -0.794900 14.291800 1.107499
v -0.839500 14.303499 1.016299
v -0.573400 14.211100 0.027599
v -0.479800 14.155299 -0.108801
v -0.848100 14.312300 0.953099
v -0.872400 14.306299 0.840399
v -0.725800 14.282900 1.210699
v -0.670900 14.259800 1.321999
v -0.843900 14.291300 0.595099
v -0.739200 14.266800 0.343299
v -0.651100 14.224700 0.171599
v 0.014400 14.662600 1.686999
v -0.442200 14.778600 1.639599
v -0.593500 14.812799 1.541399
v -1.000600 14.895900 1.008899
v -1.054500 14.866199 0.265699
v -0.741400 14.793900 -0.204101
v -0.485200 14.693500 -0.450801
v -0.930200 14.893300 1.108499
v -0.886200 14.885600 1.189099
v -0.793600 14.887000 1.283999
v -0.722200 14.856600 1.427699
v -0.189800 14.731000 1.670199
v -1.119200 14.931399 0.663299
v -0.926700 14.822700 0.012999
v -0.625400 14.739300 -0.374701
v 0.176400 14.898000 1.675699
v -0.329000 15.008599 1.648399
v -0.494200 15.049200 1.587599
v -0.997000 15.130899 1.024499
v -1.105300 15.120299 0.248299
v -0.778300 15.059000 -0.264301
v -0.555800 14.964499 -0.536501
v -0.884000 15.122000 1.126599
v -0.829900 15.108200 1.226099
v -0.737000 15.119200 1.331399
v -0.651700 15.083500 1.482799
v -0.063600 14.984099 1.694099
v -1.137200 15.176800 0.656099
v -0.968200 15.087399 -0.032501
v -0.685600 15.000899 -0.440401
v 0.506100 15.811501 1.037399
v 0.481500 15.746201 1.186099
v 0.468000 15.666300 1.322999
v 0.450700 15.547499 1.454699
v 0.494600 15.437901 1.464399
v 0.552400 15.791300 0.968399
v 0.441600 15.227400 1.553199
v 0.406600 15.356600 1.571399
v 0.326000 15.038899 1.576499
v 0.326700 15.145100 1.633199
v 0.590500 15.865900 0.592699
v 0.632600 15.822001 0.606299
v 0.124800 14.810200 1.614599
v 0.219200 14.971499 1.672699
v -0.058200 14.563100 1.603699
v 0.060500 14.724999 1.684099
v 0.320100 15.940300 0.970699
v 0.205300 15.845699 1.147999
v 0.095900 15.740000 1.318199
v -0.005300 15.612700 1.436699
v -0.106300 15.438000 1.532799
v -0.205600 15.238500 1.606199
v 0.512000 15.938999 0.480099
v -0.291400 15.074100 1.641799
v -0.418700 14.835999 1.654499
v -0.013100 14.815399 1.714399
v -0.389500 14.626100 1.640899
v 0.146100 15.078500 1.685599
v 0.583600 15.877399 0.498399
v 0.249200 15.288799 1.653099
v 0.330200 15.524799 1.545399
v 0.364200 15.661299 1.404599
v 0.416900 15.947300 0.895799
v 0.398400 15.752899 1.260499
v 0.438100 15.832199 1.106199
v -0.514200 14.326400 1.531399
v -0.509700 14.583099 1.578599
v -0.247900 14.348800 1.639799
v -0.581900 14.125299 1.422799
v -0.586800 14.292999 1.461799
v -0.375700 14.106899 1.510099
v 0.224800 15.983299 0.927599
v 0.097700 15.884300 1.104899
v -0.026800 15.771500 1.264499
v -0.138500 15.636400 1.369599
v -0.251900 15.464300 1.457899
v -0.370700 15.270000 1.542399
v -0.463300 15.113400 1.587499
v -0.573700 14.871500 1.557199
v -0.652400 14.606899 1.482899
v -0.563300 14.676499 1.559199
v -0.625300 14.356700 1.441099
v -0.475000 14.911400 1.621999
v -0.340400 15.156199 1.603899
v -0.236500 15.350100 1.542199
v -0.120600 15.548800 1.443199
v -0.022200 15.692801 1.357399
v 0.331100 15.993999 0.852999
v 0.091300 15.808399 1.216899
v 0.210400 15.917700 1.033999
v -0.222200 16.167900 0.581599
v -0.433400 16.090500 0.713999
v -0.606800 15.951200 0.824799
v -0.743500 15.798300 0.910699
v -0.869400 15.603500 0.975699
v -0.956600 15.375000 1.008699
v -0.991100 15.194500 1.021699
v -1.002600 14.960099 1.017399
v -0.981800 14.664700 0.964399
v -0.684900 14.714499 1.448699
v -0.904500 14.401999 0.928999
v -0.616600 14.960799 1.520399
v -0.500600 15.195999 1.536399
v -0.385300 15.393000 1.479399
v -0.256100 15.581100 1.378799
v -0.148400 15.723999 1.296199
v -0.022900 15.837000 1.161299
v 0.112400 15.958200 0.989999
v -0.311300 16.176500 0.202399
v -0.548700 16.106100 0.240499
v -0.780600 15.971100 0.248199
v -0.953300 15.805399 0.257799
v -1.057600 15.604700 0.255499
v -1.095900 15.374300 0.249899
v -1.108000 15.188100 0.246999
v -1.071800 14.935699 0.257399
v -0.967700 14.631700 0.294099
v -1.054600 14.763800 0.818999
v -0.880000 14.382799 0.467299
v -1.089700 15.042100 0.847299
v -1.075400 15.281099 0.840799
v -1.009500 15.514099 0.814299
v -0.895300 15.729799 0.782299
v -0.759200 15.902500 0.718099
v -0.181000 16.202600 0.271999
v -0.597600 16.042900 0.647599
v -0.363500 16.166800 0.551199
v -0.339600 16.014500 -0.165801
v -0.541200 15.901400 -0.213401
v -0.724600 15.727100 -0.280101
v -0.797400 15.522400 -0.306601
v -0.800200 15.309999 -0.303301
v -0.784700 15.125700 -0.278301
v -0.755500 14.866500 -0.222201
v -0.690000 14.569900 -0.132001
v -0.942700 14.702700 0.161699
v -0.686500 14.335099 0.052599
v -1.018600 14.987800 0.119499
v -1.043600 15.244100 0.102799
v -1.028100 15.477800 0.099999
v -0.979700 15.693699 0.112399
v -0.839600 15.891899 0.116199
v -0.632000 16.037899 0.128999
v -0.386600 16.141899 0.125699
v -0.103500 15.929800 -0.364501
v -0.299000 15.818600 -0.460801
v -0.478500 15.648199 -0.547801
v -0.567200 15.441200 -0.585001
v -0.580200 15.220699 -0.582401
v -0.564300 15.032499 -0.553301
v -0.512100 14.769000 -0.483701
v -0.412600 14.475100 -0.365001
v -0.637100 14.626200 -0.242901
v -0.436800 14.272599 -0.226701
v -0.704000 14.922299 -0.321401
v -0.728400 15.177000 -0.373001
v -0.745300 15.409500 -0.384301
v -0.717200 15.600500 -0.366801
v -0.582000 15.805799 -0.313201
v -0.366400 15.949400 -0.243501
v -0.185600 16.031200 -0.195801
v 0.538800 15.857899 0.874199
v -0.349300 14.539700 -0.426801
v -0.431900 14.838400 -0.542301
v -0.468900 15.096200 -0.622901
v -0.474500 15.330199 -0.648301
v -0.429800 15.531200 -0.625501
v -0.303800 15.736200 -0.558401
v -0.124400 15.873600 -0.433901
v 0.163500 15.986599 -0.152001
v 0.116700 16.108700 -0.046201
v -0.007800 16.078100 -0.126901
v 0.056200 15.977699 -0.267101
v -0.151600 16.080000 -0.121701
v -0.108200 16.187700 0.164899
v -0.027400 16.192600 0.431399
v 0.012300 16.121901 -0.052901
v 0.340200 16.025200 0.740299
v -0.099100 16.126299 -0.025901
v 0.485400 15.955799 0.348499
v 0.421500 16.006899 0.573999
v 0.230800 16.123400 0.175599
v 0.516600 15.934099 0.390799
v 0.415600 15.980299 0.789499
v 0.135700 16.133699 0.021899
v 0.551300 15.902100 0.378199
v 0.523100 15.921700 0.338299
v 0.584900 15.824999 0.820599
v 0.477600 15.955999 0.714599
v 0.420100 15.999899 0.672499
v 0.093300 16.168100 0.389699
v 0.000600 16.193501 0.193499
v 0.005200 16.178299 0.105999
v 0.210800 15.966799 -0.082501
v -0.855300 15.475100 1.042599
v -0.967000 14.757600 1.029099
v -0.929700 15.249100 1.069599
v -0.961100 15.021299 1.069699
v -0.882100 14.395800 1.005899
v -0.742400 15.695299 1.004199
v -0.620700 15.858099 0.932599
v -0.017900 16.125200 0.635499
v -0.483100 15.996700 0.835199
v -0.285500 16.125401 0.698599
v 0.306200 16.070499 0.150299
v 0.157100 16.130100 0.459399
v -0.916100 14.482599 1.003899
v -0.936400 14.824400 1.096499
v -0.898500 15.070299 1.125599
v -0.820800 15.353100 1.123799
v -0.729000 15.576300 1.089799
v -0.617900 15.767000 1.034399
v 0.033600 16.155800 0.513799
v -0.494300 15.913200 0.950099
v -0.334800 16.047699 0.825999
v -0.149500 16.130899 0.677599
v 0.292000 16.087700 0.238099
v 0.345100 16.023899 0.132299
v -0.908400 14.755400 1.111899
v -0.884000 15.020000 1.169599
v -0.833600 15.242800 1.195799
v -0.752700 15.467600 1.183699
v -0.623900 15.678099 1.132099
v -0.507400 15.838600 1.057699
v -0.367000 15.960699 0.951999
v -0.190500 16.080900 0.797299
v 0.362000 16.028299 0.211099
v -0.848800 14.385600 1.088499
v 0.061900 16.087900 0.700899
v 0.225900 16.090700 0.520399
v 0.351800 16.047499 0.298299
v -0.765800 15.334300 1.254299
v -0.890200 14.477300 1.074299
v -0.657100 15.559200 1.224999
v -0.894100 14.817300 1.173899
v -0.846000 15.059799 1.218499
v -0.529700 15.754700 1.170699
v 0.106900 16.114300 0.584499
v -0.388100 15.897200 1.070799
v -0.225400 16.002501 0.930199
v -0.058100 16.086199 0.761799
v 0.392400 15.957399 0.208999
v -0.865900 14.744100 1.210599
v -0.822800 15.007000 1.266399
v -0.762700 15.222699 1.305399
v -0.666700 15.443100 1.298699
v -0.531100 15.657200 1.249699
v -0.405500 15.820999 1.173499
v -0.254400 15.930599 1.049099
v -0.087400 16.031300 0.879299
v 0.410300 15.993000 0.265799
v -0.772800 14.384600 1.189899
v 0.149000 16.059900 0.754699
v 0.292700 16.060801 0.570899
v 0.398700 16.015600 0.348199
v -0.645000 15.338300 1.347499
v -0.816500 14.473499 1.165299
v -0.518000 15.536999 1.298399
v -0.806400 14.817599 1.270999
v -0.752900 15.067300 1.320499
v -0.390500 15.710499 1.231299
v 0.183900 16.079500 0.640599
v -0.263300 15.841400 1.133399
v -0.113200 15.958099 0.997399
v 0.035200 16.049299 0.825399
v 0.436800 15.926899 0.262799
v -0.790200 14.735900 1.326999
v -0.744600 14.994699 1.396599
v -0.651200 15.223700 1.432199
v -0.531000 15.426500 1.390599
v -0.389800 15.615299 1.308799
v -0.273700 15.763899 1.230299
v -0.136000 15.873301 1.102299
v 0.014100 15.994499 0.940899
v 0.448700 15.969700 0.309899
v -0.705300 14.373699 1.315799
v 0.239700 16.031799 0.804799
v 0.357900 16.035700 0.619999
v 0.439400 15.991299 0.391099
v -0.516600 15.311800 1.466499
v -0.753500 14.462999 1.292899
v -0.391400 15.506399 1.393699
v -0.735300 14.792200 1.408399
v -0.671800 15.030900 1.473599
v -0.265500 15.673300 1.307099
v 0.261100 16.055099 0.689099
v -0.143500 15.802799 1.201299
v -0.005700 15.917599 1.047999
v 0.130200 16.019199 0.878099
v 0.482700 15.927000 0.298599
v -0.245900 14.879100 1.669999
v -0.150000 14.573800 1.682999
v -0.110500 15.137000 1.673899
v 0.547900 15.908499 0.436899
v -0.024700 15.337899 1.625299
v 0.078100 15.553200 1.526699
v 0.148200 15.682199 1.400199
v 0.492000 15.884199 0.934799
v 0.230800 15.781300 1.248499
v 0.318400 15.882401 1.073599
v -0.367300 14.287000 1.593199
v -0.464500 14.080899 1.478699
v 0.529300 15.905199 0.755799
v 0.519400 15.924500 0.661499
v -0.225000 14.666900 1.661699
v -0.099100 14.917800 1.694999
v 0.051700 15.220500 1.671999
v 0.146500 15.437300 1.610499
v 0.224500 15.615400 1.479699
v 0.483400 15.931099 0.824999
v 0.279100 15.722500 1.331599
v 0.343100 15.816599 1.174899
v 0.417500 15.896000 1.006599
v -0.306300 14.530399 1.631999
v -0.468300 14.253699 1.530299
v 0.581200 15.874701 0.429099
v -1.064600 14.745299 0.472999
v -0.925500 14.394000 0.734399
v -1.135500 15.033500 0.458799
v -1.141800 15.284699 0.454199
v -1.095900 15.517200 0.443399
v -1.004000 15.724199 0.447099
v -0.859000 15.904400 0.414199
v -0.142100 16.200300 0.437499
v -0.664700 16.044800 0.388699
v -0.409300 16.173500 0.344599
v 0.234300 16.109100 0.090699
v 0.042300 16.194201 0.296499
v -0.972700 14.485700 0.622399
v -1.105100 14.855800 0.661499
v -1.136500 15.122299 0.658499
v -1.109400 15.415800 0.633099
v -1.036600 15.628099 0.615599
v -0.910300 15.820099 0.583499
v -0.072900 16.211000 0.298099
v -0.751600 15.983200 0.536299
v -0.535100 16.123301 0.484599
v -0.287200 16.195200 0.404599
v 0.068500 16.185999 0.195499
v 0.565500 15.874500 0.716599
v 0.471800 15.967199 0.623799
v -0.804600 14.659900 -0.062401
v -0.788800 14.359500 0.227499
v -0.872500 14.946400 -0.128001
v -0.891700 15.204400 -0.170601
v -0.896600 15.437901 -0.185901
v -0.865600 15.635300 -0.174701
v -0.730300 15.850199 -0.139301
v -0.515600 15.999800 -0.092801
v -0.299000 16.079000 -0.061501
v -0.170200 16.166199 0.112399
v 0.476100 15.966600 0.435699
v 0.122300 16.173399 0.290299
v 0.055200 16.153700 0.025099
v 0.184800 16.138399 0.363399
v 0.250000 16.097799 0.425199
v 0.311300 16.062500 0.479499
v 0.367900 16.035799 0.523299
v 0.549400 15.905399 0.525999
v 0.153800 16.151400 0.102799
v 0.610400 15.829100 0.705699
v 0.512100 15.932899 0.568899
v 0.470800 15.969799 0.524299
v -0.782500 14.428200 0.108399
v -0.906700 14.749900 0.027999
v -0.962800 15.026600 -0.024101
v -0.979400 15.340199 -0.055001
v -0.964000 15.555399 -0.058101
v -0.886200 15.765100 -0.047501
v -0.703900 15.948999 -0.012901
v -0.476300 16.067299 0.011499
v 0.428900 16.000700 0.476399
v -0.250000 16.125500 0.025699
v 0.071600 16.173199 0.107299
v -0.056200 16.161200 0.051599
v 0.213700 16.134899 0.265099
v 0.275300 16.095800 0.327999
v 0.332500 16.056799 0.383599
v 0.383500 16.026400 0.431799
v 0.555500 15.893700 0.620599
v 0.149300 16.163700 0.190299
v -0.506100 14.569599 -0.362801
v -0.583400 14.294100 -0.100301
v -0.604900 14.860800 -0.461801
v -0.634600 15.119699 -0.516401
v -0.645100 15.360900 -0.528201
v -0.608000 15.556999 -0.506001
v -0.464400 15.763700 -0.447301
v -0.247200 15.905600 -0.353901
v -0.071600 15.985899 -0.281001
v 0.177100 16.041800 -0.088201
v 0.082900 16.014900 -0.184801
v -0.529400 14.366899 -0.212001
v -0.602700 14.666699 -0.349801
v -0.679100 14.941099 -0.428301
v -0.701600 15.259900 -0.464401
v -0.691300 15.479700 -0.456901
v -0.607100 15.685299 -0.421201
v -0.416400 15.854000 -0.341201
v -0.216300 15.971100 -0.275301
v 0.095000 16.063700 -0.118701
v -0.045000 16.033199 -0.207501
v -0.824500 14.238100 0.865899
v -0.719600 14.207800 0.479199
v -0.533200 14.132799 0.138899
v -0.378000 14.020000 -0.106601
v -0.814200 14.243999 0.974899
v -0.790900 14.234500 1.046099
v -0.733900 14.224299 1.130499
v -0.687000 14.196199 1.229899
v -0.810300 14.221200 0.703099
v -0.613000 14.176800 0.284399
v -0.471100 14.073899 0.015599
v -0.340500 14.187400 -0.238401
v -0.809700 14.335099 1.121199
v -0.824800 14.272500 1.011399
v -0.606300 14.268600 -0.005101
v -0.456900 14.106999 -0.076701
v -0.870100 14.356400 0.961399
v -0.852300 14.270599 0.829699
v -0.735300 14.330299 1.231399
v -0.667100 14.314899 1.350099
v -0.811200 14.253300 0.591199
v -0.785400 14.318899 0.333499
v -0.611000 14.188700 0.186699
v -0.647200 14.161300 1.332099
v -0.552400 14.427999 1.521699
v -0.128500 14.491600 1.683799
v -0.673100 14.442200 1.418499
v -0.943800 14.486500 0.914299
v -0.878600 14.456800 0.312899
v -0.654900 14.413500 -0.068401
v -0.371100 14.327200 -0.291801
v -0.936500 14.662900 1.058399
v -0.902400 14.656699 1.130999
v -0.821700 14.652400 1.229399
v -0.755000 14.636900 1.361499
v -0.395600 14.383800 1.586799
v -1.055600 14.675500 0.645999
v -0.851700 14.593400 0.065599
v -0.558200 14.519500 -0.289201
v -0.265000 14.429600 1.657099
v -0.605100 14.512700 1.506099
v -0.944900 14.573700 0.981499
v -0.983900 14.553900 0.468399
v -0.752400 14.492100 -0.001101
v -0.468200 14.420000 -0.293001
v -0.899300 14.573700 1.059299
v -0.872600 14.558399 1.157399
v -0.794900 14.552600 1.269199
v -0.711700 14.538400 1.392499
v -0.431200 14.487300 1.578499
v -1.003200 14.569799 0.779699
v -0.318600 14.387500 -0.368401
v -0.869600 14.526999 0.193099
v -0.606100 14.470699 -0.176601
v -0.609800 14.190200 1.405199
v -0.331400 14.212100 1.570999
v -0.510200 14.154599 1.479899
v -0.319100 14.054800 -0.183201
v -0.782700 14.259999 1.097299
v -0.857000 14.346700 1.026599
v -0.538300 14.168099 0.054899
v -0.498000 14.220300 -0.144501
v -0.831500 14.280600 0.949399
v -0.895600 14.352500 0.851099
v -0.719100 14.247700 1.195899
v -0.666600 14.219999 1.300199
v -0.884000 14.342500 0.601299
v -0.699800 14.231600 0.353599
v -0.698900 14.282499 0.153699
v -0.416300 14.163500 1.536099
v -0.543500 14.217799 1.466799
v -0.267300 14.089600 -0.245101
v -0.818000 14.296700 1.060099
v -0.529600 14.167600 -0.038201
v -0.862200 14.310499 0.910799
v -0.754300 14.290899 1.156399
v -0.699700 14.271199 1.266799
v -0.866300 14.293200 0.717499
v -0.413900 14.125799 -0.166201
v -0.692000 14.245800 0.257999
v -0.795100 14.277300 0.470499
v -0.615000 14.207100 0.101799
v -0.835900 14.311800 0.983399
v -0.642200 14.244900 1.378699
v -0.285200 14.129999 1.442799
v -0.027300 14.596100 1.685299
v -0.466700 14.719999 1.623099
v -0.612200 14.752899 1.524599
v -0.998600 14.826500 0.998199
v -1.031000 14.792700 0.277799
v -0.724300 14.719999 -0.185001
v -0.458700 14.620700 -0.423601
v -0.921700 14.956200 1.117299
v -0.874900 14.947800 1.201599
v -0.781200 14.950700 1.296899
v -0.709600 14.917000 1.448099
v -0.162100 14.790700 1.683799
v -1.127700 14.996900 0.662299
v -0.943600 14.891600 -0.000101
v -0.647600 14.810699 -0.394701
v -0.299900 14.762199 1.649199
v -0.523300 14.794800 1.594899
v -0.968700 14.895800 1.055499
v -1.109900 14.891500 0.464499
v -0.844600 14.804199 -0.099101
v -0.557100 14.714700 -0.416501
v -0.902200 14.893800 1.146599
v -0.848600 14.881300 1.242499
v -0.770700 14.870999 1.365099
v -0.654900 14.840099 1.489199
v -0.078000 14.702900 1.715499
v -1.078400 14.911900 0.836899
v -0.391500 14.691999 -0.491301
v -0.988900 14.847400 0.137499
v -0.674100 14.775000 -0.288101
v 0.134200 14.843300 1.681799
v -0.360300 14.951200 1.653099
v -0.523400 14.989699 1.576399
v -1.000600 15.076900 1.024699
v -1.097200 15.062599 0.249599
v -0.773400 14.999100 -0.251401
v -0.547000 14.902900 -0.521701
v -0.870600 15.181499 1.128899
v -0.815700 15.164499 1.236799
v -0.718900 15.177899 1.343199
v -0.616900 15.149199 1.493599
v -0.027900 15.049100 1.691699
v -1.134800 15.236500 0.650599
v -0.974200 15.155600 -0.041001
v -0.689900 15.070100 -0.451001
v -0.182300 15.006599 1.684299
v -0.415600 15.029099 1.623599
v -0.949800 15.127500 1.073599
v -1.148000 15.148800 0.456899
v -0.882700 15.068100 -0.150101
v -0.624100 14.981600 -0.491701
v -0.861600 15.123300 1.184399
v -0.792200 15.108399 1.282499
v -0.711300 15.100699 1.419299
v -0.569700 15.072499 1.537499
v 0.055500 14.928400 1.715699
v -1.088500 15.150800 0.847099
v -0.453400 14.961300 -0.587401
v -1.037500 15.106199 0.109099
v -0.717200 15.042700 -0.349101
v 0.622800 15.826399 0.656299
v 0.505400 15.510599 1.414199
v 0.570900 15.809299 0.896599
v 0.514500 15.621201 1.301599
v 0.519500 15.697701 1.182099
v 0.530800 15.922499 0.502799
v 0.538000 15.760500 1.044499
v 0.643600 15.808100 0.577699
v -0.361300 14.687699 1.656799
v -0.241200 14.927899 1.674399
v 0.494200 15.952999 0.457899
v -0.084200 15.225499 1.634899
v 0.017800 15.436100 1.567999
v 0.107800 15.616199 1.460099
v 0.450500 15.957399 0.807399
v 0.187700 15.734800 1.325699
v 0.274600 15.832600 1.161399
v 0.369900 15.920399 0.989299
v -0.315000 14.356899 1.625999
v -0.434700 14.121799 1.511399
v -0.616200 14.433800 1.472299
v -0.543700 14.735700 1.577499
v -0.445800 14.970500 1.625399
v -0.289900 15.255600 1.579399
v -0.179900 15.453100 1.498799
v -0.072300 15.625500 1.404099
v 0.378400 16.004099 0.764799
v 0.034300 15.756899 1.291899
v 0.151700 15.865099 1.124999
v 0.272800 15.962900 0.949199
v -0.927900 14.485700 0.957699
v -0.972200 14.824300 1.048399
v -0.962900 15.073000 1.083099
v -0.908300 15.366699 1.079599
v -0.819200 15.597399 1.045399
v -0.692900 15.789600 0.982099
v 0.003400 16.176199 0.473499
v -0.557100 15.937799 0.892899
v -0.386500 16.073599 0.772899
v -0.186100 16.151100 0.630299
v -0.935100 14.466499 0.466599
v -1.087100 14.816199 0.461999
v -1.138900 15.090199 0.446899
v -1.117600 15.397599 0.429499
v -1.058600 15.624001 0.419199
v -0.944600 15.825100 0.408099
v -0.090500 16.204100 0.231199
v -0.776000 15.989300 0.385599
v -0.548400 16.125599 0.360199
v -0.300500 16.194000 0.301499
v -0.717700 14.426499 0.018599
v -0.810400 14.740900 -0.080501
v -0.860000 15.018000 -0.138001
v -0.886600 15.328799 -0.179401
v -0.880000 15.543200 -0.183001
v -0.805200 15.752600 -0.164601
v -0.624600 15.931999 -0.114501
v -0.408500 16.043400 -0.077901
v -0.450200 14.346299 -0.256001
v -0.531900 14.641900 -0.390201
v -0.616000 14.920199 -0.478001
v -0.644500 15.239699 -0.526501
v -0.632100 15.460899 -0.523601
v -0.545900 15.666399 -0.485801
v -0.358700 15.837400 -0.402401
v -0.160200 15.952900 -0.322001
v 0.054700 16.095400 -0.088001
v 0.005700 16.006701 -0.238101
v 0.457900 15.979500 0.413199
v -0.201300 16.105999 -0.050101
v 0.252700 16.082800 0.049199
v 0.104100 16.156399 0.063299
v -0.022200 16.144100 -0.002301
v -0.780900 15.348800 1.183799
v -0.900200 14.481999 1.037799
v -0.680100 15.566500 1.147799
v -0.911400 14.824699 1.134299
v -0.865000 15.070700 1.170499
v -0.563200 15.754999 1.091299
v 0.070100 16.135799 0.549399
v -0.437600 15.899000 1.005099
v -0.279400 16.026100 0.877399
v -0.103600 16.109499 0.719599
v 0.261800 16.106800 0.206899
v 0.322000 16.067801 0.268299
v -0.721000 15.333400 1.309699
v -0.863700 14.470900 1.124999
v -0.602900 15.553200 1.277699
v -0.858900 14.812699 1.227899
v -0.808300 15.058599 1.276699
v -0.472100 15.743299 1.218999
v 0.145300 16.096399 0.612099
v -0.330300 15.881500 1.111899
v -0.170400 15.983400 0.966199
v -0.011100 16.067699 0.793599
v 0.375300 16.031700 0.322899
v -0.574500 15.329000 1.407799
v -0.782300 14.468900 1.228399
v -0.449500 15.524200 1.344399
v -0.761000 14.805699 1.332099
v -0.699100 15.052199 1.387699
v -0.324000 15.693300 1.266899
v 0.222600 16.066799 0.664899
v -0.201200 15.823000 1.165599
v -0.058300 15.939699 1.025799
v 0.082800 16.034700 0.851599
v 0.419200 16.004099 0.368699
v -0.442300 15.295199 1.510299
v -0.710500 14.455600 1.356999
v -0.322200 15.489599 1.431299
v -0.670500 14.778600 1.470299
v -0.594100 15.016800 1.530499
v -0.203400 15.656200 1.341699
v 0.301100 16.041500 0.714699
v -0.086300 15.785999 1.232999
v 0.045100 15.899599 1.074899
v 0.177700 16.002199 0.902799
v 0.570800 15.886499 0.559099
v -0.110400 14.639600 1.691199
v 0.034200 14.892099 1.703699
v 0.192800 15.197300 1.682299
v 0.284200 15.414000 1.614299
v 0.341200 15.596100 1.475499
v 0.513700 15.897800 0.847599
v 0.376400 15.705900 1.332399
v 0.415100 15.789499 1.182999
v 0.465400 15.859499 1.021699
v -0.466100 14.410000 1.552999
v -0.558800 14.172899 1.442999
v -0.966700 14.480000 0.756499
v -1.062600 14.839100 0.823099
v -1.079000 15.098300 0.835599
v -1.045000 15.397500 0.816599
v -0.969700 15.619299 0.794299
v -0.841700 15.815001 0.748399
v -0.049700 16.206999 0.365599
v -0.690800 15.975300 0.682799
v -0.491200 16.115000 0.600899
v -0.256200 16.185200 0.497399
v 0.168300 16.105900 -0.010701
v 0.193300 16.140699 0.139399
v 0.599700 15.830200 0.760999
v 0.496300 15.946301 0.642299
v 0.447200 15.987999 0.598699
v -0.836300 14.438900 0.209299
v -0.981700 14.766900 0.146099
v -1.047500 15.037100 0.109799
v -1.055100 15.356199 0.092799
v -1.025200 15.579599 0.093499
v -0.935600 15.787300 0.093999
v -0.749500 15.960699 0.110499
v -0.515700 16.089100 0.120299
v 0.395100 16.022100 0.548699
v -0.282900 16.152700 0.111199
v 0.035000 16.185200 0.149399
v -0.084000 16.175699 0.107199
v 0.154200 16.157700 0.327799
v 0.217300 16.119600 0.393699
v 0.280500 16.080400 0.451399
v 0.339700 16.048899 0.501199
v 0.543500 15.900700 0.688899
v 0.095900 16.182499 0.243999
v -0.599300 14.382000 -0.145301
v -0.676200 14.684299 -0.273401
v -0.744200 14.957100 -0.347701
v -0.762800 15.276999 -0.387901
v -0.752900 15.496201 -0.382801
v -0.666400 15.705200 -0.348601
v -0.480200 15.876801 -0.275901
v -0.278500 15.995300 -0.221401
v 0.130200 16.028299 -0.136901
v -0.098700 16.060400 -0.166801
v -0.804600 14.265599 1.053099
v -0.503300 14.118099 -0.012801
v -0.843400 14.271500 0.873699
v -0.742900 14.257899 1.142599
v -0.693600 14.233299 1.248899
v -0.838500 14.256700 0.710099
v -0.391900 14.078700 -0.137201
v -0.655400 14.209000 0.270599
v -0.758500 14.241699 0.474599
v -0.572700 14.168799 0.117599
v -0.830100 14.275000 0.979199
v -0.645100 14.203099 1.354899
v -0.211200 14.310499 1.519999
v -0.211300 14.500400 1.680399
v -0.585600 14.594299 1.534799
v -0.959600 14.664100 1.010899
v -1.026300 14.648100 0.467799
v -0.768300 14.587299 -0.036001
v -0.488300 14.495999 -0.330901
v -0.916200 14.661699 1.093199
v -0.872100 14.651099 1.185999
v -0.783800 14.646299 1.292699
v -0.700600 14.626300 1.423799
v -0.396600 14.563100 1.601799
v -1.029100 14.668400 0.796799
v -0.918900 14.607599 0.175499
v -0.636200 14.536500 -0.215001
v -0.109700 14.482300 1.580099
v -0.394400 14.223300 1.564299
v -0.522800 14.275100 1.495599
v -0.834200 14.339999 1.074699
v -0.555600 14.240100 -0.077701
v -0.884600 14.355400 0.920499
v -0.762900 14.337800 1.172699
v -0.703200 14.322200 1.291699
v -0.896900 14.342400 0.725499
v -0.423200 14.202800 -0.197801
v -0.746500 14.302500 0.240699
v -0.839800 14.328300 0.468299
v -0.651600 14.269799 0.075799
v -0.864900 14.350300 0.996699
v -0.634700 14.300699 1.410699
v -0.303600 14.807099 1.678599
v -0.499900 14.853700 1.612799
v -0.971000 14.957200 1.071899
v -1.121100 14.962600 0.454499
v -0.841000 14.886300 -0.113301
v -0.581600 14.786599 -0.438501
v -0.893300 14.957000 1.158099
v -0.836800 14.943899 1.255499
v -0.730900 14.935699 1.361499
v -0.637100 14.901500 1.507099
v -0.037400 14.768399 1.705099
v -1.075500 14.979799 0.833099
v -1.023000 14.907800 0.123899
v -0.715900 14.827000 -0.315201
v -0.168400 15.057099 1.663999
v -0.380100 15.093599 1.617399
v -0.948700 15.188100 1.086699
v -1.141300 15.212199 0.438599
v -0.873200 15.145499 -0.160601
v -0.631600 15.049299 -0.505901
v -0.835800 15.180300 1.179999
v -0.777100 15.165500 1.293799
v -0.656000 15.166300 1.411599
v -0.538200 15.136300 1.541099
v 0.109100 15.022799 1.700999
v -1.073500 15.218300 0.831699
v -1.058500 15.167600 0.100299
v -0.753300 15.086800 -0.371401
v 0.509700 15.817101 1.037399
v 0.526000 15.844900 0.953999
v 0.481500 15.753201 1.186899
v 0.490300 15.787300 1.113399
v 0.466400 15.676300 1.324999
v 0.471400 15.719900 1.255699
v 0.450800 15.561399 1.461199
v 0.458400 15.628599 1.389499
v 0.408100 15.372700 1.583999
v 0.432900 15.488800 1.520499
v 0.321600 15.163799 1.645599
v 0.367400 15.257000 1.622099
v 0.218100 14.991899 1.672799
v 0.260900 15.070999 1.665099
v 0.055300 14.757600 1.705999
v 0.088500 14.816899 1.706799
v -0.234900 14.332200 1.627099
v -0.298400 14.271100 1.601399
v -0.368100 14.103200 1.502099
v -0.386500 14.061199 1.476899
v 0.224700 15.983299 0.927599
v 0.096600 15.881300 1.104399
v 0.160800 15.937700 1.013899
v -0.028100 15.767399 1.264299
v 0.031900 15.819799 1.191399
v -0.139600 15.639500 1.375499
v -0.087600 15.704899 1.329099
v -0.250700 15.470900 1.465499
v -0.190000 15.564800 1.413599
v -0.365100 15.278500 1.547899
v -0.309200 15.372800 1.513599
v -0.452000 15.122499 1.586399
v -0.418600 15.181800 1.577099
v -0.559200 14.884000 1.555099
v -0.536500 14.943000 1.566999
v -0.639400 14.616400 1.478399
v -0.615500 14.703799 1.502499
v -0.089700 15.932199 -0.358001
v -0.004800 15.963499 -0.311901
v -0.276100 15.826799 -0.452201
v -0.173800 15.890200 -0.399501
v -0.443800 15.659300 -0.533601
v -0.371500 15.756199 -0.500001
v -0.533500 15.455999 -0.574901
v -0.504700 15.551199 -0.553501
v -0.553500 15.235600 -0.581101
v -0.550900 15.355700 -0.581001
v -0.540900 15.047199 -0.558101
v -0.545700 15.115299 -0.571101
v -0.491200 14.781500 -0.484301
v -0.512400 14.856899 -0.505701
v -0.403200 14.481500 -0.364201
v -0.420400 14.555699 -0.394801
v 0.542300 15.862000 0.869999
v 0.553100 15.875000 0.781899
v 0.161400 15.986399 -0.153101
v 0.126500 15.980799 -0.207701
v 0.063400 15.978300 -0.263301
v -0.908700 14.486899 0.998499
v -0.889700 14.401600 0.968599
v -0.940500 14.825399 1.092799
v -0.938800 14.754200 1.079699
v -0.917800 15.069799 1.128899
v -0.910100 15.018300 1.123399
v -0.850300 15.353200 1.131099
v -0.855000 15.241099 1.127099
v -0.749000 15.576700 1.094699
v -0.779200 15.464300 1.105899
v -0.630600 15.767399 1.037599
v -0.668700 15.682400 1.064599
v -0.056800 16.145100 0.598099
v -0.501700 15.913399 0.951899
v -0.559800 15.843899 0.997299
v -0.337900 16.047600 0.826699
v -0.424200 15.973799 0.894599
v -0.150100 16.130800 0.677799
v -0.243000 16.104099 0.749499
v -0.758200 15.356199 1.256599
v -0.798500 15.219800 1.244899
v -0.871400 14.485200 1.064999
v -0.855200 14.399899 1.032899
v -0.640500 15.564800 1.215399
v -0.716600 15.447399 1.242899
v -0.881600 14.825100 1.168699
v -0.898400 14.748500 1.154899
v -0.841000 15.072700 1.221899
v -0.860800 15.009600 1.211699
v -0.511700 15.746901 1.151999
v -0.586800 15.664999 1.199999
v -0.380600 15.885300 1.059299
v -0.463100 15.835899 1.129499
v -0.223500 16.002199 0.928499
v -0.312500 15.948299 1.010599
v -0.057700 16.086599 0.761799
v -0.138900 16.051399 0.844299
v -0.669100 15.330299 1.360799
v -0.696700 15.234600 1.350299
v -0.835900 14.465600 1.175499
v -0.823200 14.381100 1.137499
v -0.543800 15.543299 1.323999
v -0.584200 15.437000 1.328399
v -0.823500 14.810599 1.279999
v -0.815000 14.746300 1.255499
v -0.765600 15.056600 1.323899
v -0.767100 15.014100 1.308499
v -0.410100 15.726000 1.259199
v -0.446200 15.631899 1.262899
v 0.104500 16.072500 0.729699
v -0.270000 15.858200 1.148199
v -0.331700 15.781500 1.190299
v -0.115000 15.960100 0.999799
v -0.191300 15.893099 1.072899
v 0.034900 16.049099 0.825499
v -0.034900 16.010700 0.914399
v 0.562800 15.871700 0.723799
v 0.566400 15.875401 0.716599
v 0.616300 15.840799 0.503299
v -0.342500 14.185800 -0.236801
v -0.351500 14.256000 -0.262501
v -0.793700 14.343499 1.113299
v -0.811700 14.279799 1.005899
v -0.798000 14.248500 1.001699
v -0.877300 14.351000 0.964899
v -0.675700 14.310100 1.354399
v -0.661500 14.370100 1.377199
v -0.130100 14.466900 1.671199
v -0.185700 14.399899 1.654099
v -0.662100 14.449200 1.413399
v -0.659300 14.528999 1.447799
v -0.366800 14.330100 -0.293201
v -0.385200 14.403700 -0.330301
v -0.933400 14.665800 1.052799
v -0.921800 14.575200 1.025299
v -0.885900 14.663500 1.122699
v -0.882000 14.572800 1.093799
v -0.839600 14.645700 1.239199
v -0.841800 14.552000 1.209699
v -0.324400 14.207600 1.563599
v -0.345600 14.146199 1.529799
v -0.319900 14.052400 -0.181601
v -0.333100 14.109500 -0.207701
v -0.769800 14.267200 1.091299
v -0.780700 14.299500 1.100699
v -0.841300 14.355300 1.023899
v -0.825200 14.311299 1.009999
v -0.838400 14.275499 0.951299
v -0.855100 14.306900 0.955699
v -0.673500 14.216499 1.303799
v -0.678500 14.255899 1.325999
v -0.024600 14.630899 1.704699
v 0.015800 14.697599 1.706299
v -0.598600 14.764400 1.522699
v -0.579500 14.825000 1.539599
v -0.444100 14.629499 -0.422801
v -0.467400 14.703799 -0.450101
v -0.932800 14.955800 1.116599
v -0.937800 14.893399 1.106299
v -0.865500 14.957900 1.199699
v -0.875300 14.894300 1.185299
v -0.797400 14.941999 1.304599
v -0.810200 14.879200 1.292599
v 0.123100 14.867399 1.698399
v 0.160500 14.921200 1.690599
v -0.510300 15.001900 1.576299
v -0.483200 15.060499 1.589799
v -0.522700 14.917700 -0.523701
v -0.531600 14.979300 -0.539701
v -0.897500 15.181700 1.135699
v -0.908300 15.122100 1.132799
v -0.813500 15.181200 1.243299
v -0.827400 15.122700 1.231899
v -0.734300 15.164700 1.347399
v -0.751000 15.107300 1.335099
v -0.068100 14.563999 1.696599
v -0.310600 13.992200 -0.156701
v -0.770200 14.228700 1.087099
v -0.814500 14.249200 0.945499
v -0.661400 14.180300 1.277799
v 0.511500 15.573099 1.357099
v 0.512000 15.664200 1.241299
v 0.526200 15.732100 1.118199
v 0.474000 15.335199 1.510799
v 0.384500 15.128500 1.567899
v 0.171300 14.858000 1.600299
v 0.221300 14.910100 1.584799
v -0.016600 14.631900 1.621499
v 0.031100 14.696600 1.623499
v -0.330100 14.700700 1.636899
v -0.360000 14.638800 1.622799
v -0.331000 14.749000 1.668699
v -0.214100 14.942599 1.676599
v -0.274900 14.865600 1.678799
v -0.206200 14.992000 1.672999
v -0.068200 15.239100 1.653099
v -0.129600 15.122399 1.653799
v -0.037300 15.323999 1.607599
v 0.026300 15.448400 1.585799
v 0.072300 15.539600 1.512099
v 0.113200 15.623800 1.466999
v 0.143800 15.680300 1.397099
v 0.417000 15.947701 0.895899
v 0.190300 15.734200 1.326699
v 0.229400 15.782600 1.248299
v 0.275400 15.833200 1.162199
v 0.317800 15.880699 1.072699
v 0.370200 15.921099 0.989599
v -0.315100 14.358399 1.623899
v -0.261300 14.431100 1.648399
v -0.365500 14.285800 1.591799
v -0.435500 14.122200 1.511899
v -0.417300 14.164100 1.536899
v -0.463900 14.080600 1.478299
v -0.928100 14.486199 0.956299
v -0.904900 14.402300 0.927999
v -0.944900 14.572700 0.983599
v -0.969800 14.826099 1.043099
v -0.968400 14.755899 1.033299
v -0.972400 14.894000 1.062199
v -0.956600 15.074300 1.071899
v -0.966700 15.019799 1.079399
v -0.956700 15.126800 1.086099
v -0.898700 15.363299 1.061899
v -0.936500 15.249900 1.084799
v -0.870400 15.482899 1.062299
v -0.803700 15.588900 1.026999
v -0.752800 15.705000 1.018299
v -0.685600 15.780399 0.971699
v -0.625800 15.865799 0.940199
v -0.087000 16.165600 0.555799
v -0.554100 15.931700 0.887299
v -0.484600 16.001400 0.839099
v -0.386000 16.070700 0.770799
v -0.285500 16.126900 0.699399
v -0.186200 16.150600 0.629999
v -0.935400 14.466599 0.467099
v -0.880100 14.382700 0.467399
v -0.983200 14.553800 0.467199
v -1.089500 14.818899 0.469799
v -1.063000 14.745000 0.469399
v -1.107100 14.891000 0.458299
v -1.143500 15.091100 0.457799
v -1.131500 15.032700 0.449499
v -1.142800 15.147799 0.444599
v -1.126200 15.403200 0.451099
v -1.134800 15.279799 0.435299
v -1.090200 15.514799 0.419699
v -1.057000 15.623301 0.446499
v -1.008800 15.727800 0.419699
v -0.937600 15.819201 0.431299
v -0.867600 15.912100 0.394699
v -0.089600 16.204199 0.231999
v -0.179700 16.202799 0.273699
v 0.001200 16.193399 0.193899
v -0.767100 15.980000 0.401599
v -0.673200 16.053400 0.376099
v -0.540900 16.120300 0.367499
v -0.414900 16.178600 0.338599
v -0.297200 16.191900 0.304999
v -0.725600 14.421100 0.018499
v -0.693000 14.330800 0.052199
v -0.742700 14.497999 -0.000701
v -0.825900 14.731400 -0.081301
v -0.791100 14.668300 -0.061901
v -0.827000 14.815000 -0.098201
v -0.878300 15.006900 -0.139301
v -0.852400 14.958500 -0.126601
v -0.865800 15.078199 -0.148801
v -0.898400 15.322900 -0.182601
v -0.877900 15.212199 -0.168901
v -0.886700 15.442999 -0.183301
v -0.888800 15.539099 -0.186301
v -0.861300 15.638199 -0.173401
v -0.808000 15.750500 -0.165901
v -0.725600 15.851599 -0.136001
v -0.627700 15.931099 -0.116701
v -0.514200 16.000099 -0.091201
v -0.409200 16.043200 -0.078901
v -0.298800 16.079000 -0.060901
v 0.053900 16.095400 -0.087801
v 0.116100 16.108599 -0.046101
v -0.008600 16.078199 -0.126501
v -0.201000 16.105999 -0.050201
v -0.098400 16.126299 -0.025701
v 0.288900 16.063499 0.075999
v 0.215000 16.097900 0.022999
v 0.106500 16.156599 0.064899
v 0.104600 16.156399 0.063499
v 0.054500 16.153700 0.024699
v 0.073800 16.173399 0.108799
v 0.138200 16.133900 0.023499
v -0.021500 16.144100 -0.002001
v -0.798200 15.357900 1.199099
v -0.818400 15.238000 1.183999
v -0.735300 15.458200 1.168999
v -0.888000 14.485800 1.031399
v -0.871000 14.400499 1.000499
v -0.911400 14.570399 1.065999
v -0.691600 15.576099 1.160499
v -0.616100 15.669800 1.122099
v -0.907100 14.824900 1.131199
v -0.915200 14.754299 1.116599
v -0.903900 14.893700 1.147699
v -0.873500 15.072100 1.177499
v -0.879600 15.019500 1.165899
v -0.849900 15.121099 1.174999
v -0.568700 15.762100 1.098899
v -0.504100 15.832300 1.052499
v -0.439200 15.903999 1.008399
v -0.366200 15.957199 0.949899
v -0.279600 16.027899 0.878499
v -0.190500 16.080200 0.796899
v -0.594900 15.326400 1.417899
v -0.626100 15.226399 1.417099
v -0.515200 15.428400 1.382399
v -0.788600 14.467400 1.232699
v -0.777200 14.383699 1.192799
v -0.787300 14.555400 1.265199
v -0.462800 15.523100 1.352999
v -0.378800 15.615599 1.300899
v -0.781500 14.803499 1.346999
v -0.773800 14.738000 1.315499
v -0.745700 14.873300 1.346699
v -0.728800 15.049000 1.408399
v -0.714700 14.998300 1.375299
v -0.681500 15.104000 1.399099
v -0.333100 15.693199 1.273899
v -0.266800 15.763700 1.224799
v -0.206000 15.822899 1.169199
v -0.132800 15.873600 1.100199
v -0.060000 15.939499 1.026699
v 0.014700 15.994699 0.940599
v 0.082700 16.034700 0.851699
v -0.116900 14.636600 1.706699
v -0.156300 14.571500 1.696999
v -0.071100 14.706699 1.697399
v 0.020400 14.871599 1.725199
v -0.004100 14.831699 1.703799
v 0.074900 14.952600 1.700999
v 0.202100 15.189099 1.675699
v 0.142200 15.094700 1.693899
v 0.239200 15.296200 1.659599
v 0.293800 15.408699 1.611499
v 0.319900 15.524799 1.543499
v 0.351000 15.597000 1.480599
v 0.356700 15.658199 1.401299
v 0.515400 15.899500 0.847899
v 0.494300 15.886200 0.935499
v 0.530400 15.906399 0.755899
v 0.382400 15.709400 1.334999
v 0.393700 15.749300 1.258499
v 0.419200 15.792599 1.184599
v 0.434700 15.829199 1.104699
v 0.468200 15.862000 1.022999
v -0.484600 14.402100 1.563499
v -0.453000 14.477900 1.590599
v -0.498700 14.332999 1.522499
v -0.568400 14.169100 1.448999
v -0.554700 14.213400 1.473499
v -0.573800 14.128400 1.417499
v -0.969000 14.479400 0.758299
v -0.927500 14.393600 0.735699
v -1.000500 14.570499 0.777299
v -1.068500 14.837199 0.828899
v -1.050100 14.765500 0.814599
v -1.070600 14.914100 0.829399
v -1.090400 15.096499 0.847599
v -1.077400 15.044000 0.835599
v -1.077900 15.152100 0.834499
v -1.050100 15.399199 0.830899
v -1.065500 15.281400 0.826299
v -1.016100 15.510599 0.804099
v -0.958500 15.624500 0.802199
v -0.904900 15.723200 0.775699
v -0.831500 15.821100 0.752899
v -0.769100 15.897699 0.715099
v -0.049200 16.206999 0.365399
v -0.140400 16.200199 0.437099
v -0.681700 15.979000 0.684399
v -0.605700 16.040199 0.646999
v -0.484500 16.116899 0.600699
v -0.368400 16.165899 0.551799
v -0.252900 16.185400 0.496699
v -0.301200 14.309700 -0.332101
v -0.285700 14.236300 -0.300501
v -0.370700 14.616099 -0.460501
v -0.443600 14.900499 -0.568901
v -0.475900 15.212399 -0.640901
v -0.457600 15.433701 -0.645701
v -0.371600 15.639299 -0.599601
v -0.217000 15.808300 -0.499101
v 0.165300 16.105999 -0.012301
v 0.166000 16.105900 -0.012301
v 0.193400 16.072899 -0.042801
v -0.043500 15.918200 -0.383501
v 0.037400 15.951300 -0.327401
v 0.099000 15.965500 -0.273701
v 0.158600 15.967499 -0.211201
v 0.180600 15.963900 -0.146401
v 0.598500 15.826500 0.766999
v -0.829200 14.442900 0.210599
v -0.783100 14.362900 0.227799
v -0.878300 14.521700 0.192499
v -0.968300 14.774099 0.149799
v -0.955500 14.695399 0.160299
v -1.005900 14.837700 0.134999
v -1.029500 15.046800 0.113599
v -1.036700 14.977900 0.116099
v -1.054600 15.097400 0.104699
v -1.040600 15.362100 0.099799
v -1.058800 15.237000 0.097099
v -1.042100 15.472799 0.091299
v -1.011300 15.587700 0.104999
v -0.996700 15.682499 0.097799
v -0.919100 15.799099 0.110599
v -0.850800 15.879601 0.102899
v -0.742200 15.972900 0.120999
v -0.636900 16.027199 0.120799
v -0.511500 16.097099 0.127399
v -0.390200 16.136099 0.120799
v -0.277100 16.153299 0.115699
v -0.165800 16.166700 0.115699
v 0.037300 16.185400 0.150999
v 0.036900 16.185299 0.150799
v 0.002600 16.178099 0.103999
v -0.080500 16.175900 0.109799
v 0.544300 15.901499 0.688899
v -0.590800 14.392799 -0.141201
v -0.572600 14.311399 -0.105901
v -0.617400 14.461300 -0.180401
v -0.656400 14.700000 -0.266301
v -0.653400 14.611799 -0.247701
v -0.697000 14.756599 -0.296201
v -0.711500 14.982500 -0.336001
v -0.733500 14.898800 -0.331901
v -0.749600 15.017200 -0.359901
v -0.741100 15.293699 -0.382401
v -0.754800 15.156500 -0.380901
v -0.762400 15.396500 -0.387601
v -0.738700 15.506500 -0.381401
v -0.727800 15.592499 -0.366301
v -0.659000 15.710699 -0.350301
v -0.587000 15.802500 -0.311601
v -0.476500 15.878799 -0.277601
v -0.368500 15.948700 -0.241901
v -0.277200 15.995399 -0.222801
v -0.186300 16.031300 -0.194801
v -0.097800 16.060400 -0.167501
v 0.318100 16.046400 0.103699
v 0.566500 15.888700 0.403399
v 0.537800 15.912699 0.357899
v 0.368400 15.981199 0.171299
v 0.413800 15.941900 0.236199
v 0.458600 15.924900 0.281099
v 0.504400 15.927700 0.316699
v 0.599000 15.857599 0.465799
v 0.208500 16.034100 -0.067301
v -0.260900 14.015800 -0.222601
v -0.250800 13.941700 -0.196901
v -0.500200 14.120800 -0.011601
v -0.468800 14.075900 0.016499
v -0.533600 14.164000 -0.039801
v -0.843600 14.271700 0.873299
v -0.824700 14.238199 0.865499
v -0.862000 14.310300 0.911399
v -0.745100 14.257400 1.144099
v -0.735600 14.223900 1.131699
v -0.751600 14.291599 1.154599
v -0.839700 14.256599 0.710799
v -0.811200 14.221100 0.703599
v -0.864800 14.293400 0.716699
v -0.652500 14.210799 0.270799
v -0.610700 14.178300 0.284499
v -0.695600 14.243500 0.257799
v -0.758500 14.241699 0.474599
v -0.719600 14.207800 0.479199
v -0.795100 14.277300 0.470499
v -0.576300 14.166699 0.117399
v -0.536000 14.131000 0.138799
v -0.610800 14.209800 0.101999
v -0.821000 14.280000 0.976699
v -0.805900 14.248699 0.972799
v -0.845600 14.306499 0.986699
v -0.249600 14.232699 1.490999
v -0.162300 14.395599 1.553399
v -0.272300 14.173100 1.464999
v -0.205900 14.502199 1.668499
v -0.958900 14.665500 1.007899
v -1.027400 14.648399 0.470099
v -0.779900 14.580199 -0.036401
v -0.906500 14.663899 1.086999
v -0.795900 14.644400 1.300899
v -0.422200 14.552000 1.616599
v -1.032300 14.667100 0.799999
v -0.334300 14.462899 -0.398801
v -0.908200 14.613899 0.176399
v -0.622000 14.547800 -0.209601
v -0.395800 14.224000 1.565299
v -0.536100 14.269600 1.503299
v -0.276700 14.162800 -0.274201
v -0.550100 14.244699 -0.075801
v -0.884900 14.355700 0.919799
v -0.766400 14.337100 1.174999
v -0.898700 14.342199 0.726599
v -0.741900 14.305200 0.240999
v -0.839900 14.328300 0.468299
v -0.656900 14.266399 0.075399
v -0.854500 14.355700 0.992399
v -0.295400 14.093599 1.424799
v -0.304500 14.068800 1.413899
v 0.078600 14.755500 1.619999
v -0.273500 14.820399 1.663699
v -0.966300 14.959000 1.063699
v -1.124400 14.963200 0.462199
v -0.860900 14.874200 -0.114601
v -0.894300 14.957100 1.159199
v -0.759300 14.932899 1.382399
v -0.044600 14.757500 1.716799
v -1.085400 14.977799 0.842599
v -0.411600 14.763599 -0.514201
v -1.005300 14.917600 0.126999
v -0.689800 14.847699 -0.305801
v 0.276700 14.970699 1.575499
v -0.147300 15.072499 1.685599
v -0.941200 15.188299 1.072499
v -1.147400 15.216900 0.455399
v -0.888500 15.136399 -0.162101
v -0.849200 15.183100 1.190499
v -0.684500 15.163199 1.429999
v 0.102400 15.001800 1.698699
v -1.083700 15.217099 0.845099
v -0.463200 15.028700 -0.608101
v -1.042500 15.175500 0.105299
v -0.724000 15.109699 -0.362001
v 0.465800 15.458000 1.486299
v 0.537000 15.815899 0.962299
v 0.408200 15.238800 1.586999
v 0.301600 15.051600 1.617799
v 0.109400 14.818000 1.658099
v -0.046700 14.577600 1.644199
v 0.566400 15.848799 0.804699
v -0.321600 14.156799 1.481999
v 0.485400 15.593899 1.370299
v 0.491300 15.686501 1.247099
v 0.505200 15.755199 1.114299
v -0.255600 14.297899 1.558899
v -0.348800 14.072200 1.435699
v -0.148700 14.436000 1.606099
v 0.026800 14.701400 1.662299
v 0.201300 14.920799 1.630799
v 0.480200 15.528299 1.433099
v 0.554200 15.833700 0.885699
v 0.489200 15.641199 1.311199
v 0.499600 15.720900 1.183399
v 0.521700 15.785900 1.040899
v 0.446600 15.346900 1.541799
v 0.359500 15.139600 1.608299
v 0.154000 14.869200 1.649099
v -0.009700 14.640100 1.658099
v -0.201300 14.365600 1.582999
v -0.292400 14.215400 1.512899
v -0.092100 14.505400 1.619799
v -0.340600 14.106199 1.455599
v 0.067500 14.760500 1.663299
v 0.254000 14.981100 1.618199
v 0.579300 15.848200 0.747799
v 0.206600 14.917200 1.626599
v 0.260100 14.981400 1.620499
v 0.299400 15.050400 1.615999
v 0.055400 14.698500 1.633999
v 0.090800 14.756700 1.637499
v 0.126900 14.815499 1.640199
v -0.367500 14.079800 1.439299
v -0.343500 14.125700 1.464199
v -0.318400 14.172500 1.489899
v -0.032700 14.574599 1.628699
v -0.103900 14.506300 1.627799
v -0.289200 14.236400 1.521399
v -0.261000 14.283099 1.545299
v -0.161800 14.432300 1.606599
v -0.214100 14.358000 1.574599
v 0.578900 15.843700 0.753599
v 0.566100 15.845100 0.809399
v 0.008200 14.634900 1.633399
v 0.165900 14.865800 1.633399
v 0.368100 15.144700 1.594299
v 0.409000 15.238600 1.575499
v 0.444200 15.348399 1.540599
v 0.464600 15.449299 1.484699
v 0.536900 15.814400 0.964299
v 0.521700 15.785200 1.041999
v 0.503800 15.754000 1.114199
v 0.495500 15.718199 1.181999
v 0.485600 15.682800 1.244999
v 0.482200 15.636900 1.308299
v 0.554000 15.831299 0.888899
v 0.477300 15.588999 1.366399
v 0.473500 15.525000 1.429499
v 0.488600 15.577400 1.358999
v 0.494100 15.670099 1.241499
v 0.512300 15.741100 1.115199
v -0.258200 14.224999 1.501799
v -0.307700 14.065399 1.420199
v -0.148800 14.444400 1.591899
v 0.016500 14.684099 1.640199
v 0.205800 14.903800 1.602999
v 0.486900 15.515100 1.418899
v 0.561900 15.819300 0.894599
v 0.491900 15.624701 1.302499
v 0.503700 15.705400 1.180699
v 0.529600 15.772499 1.043699
v 0.461400 15.337500 1.521699
v 0.369200 15.128099 1.580399
v 0.157100 14.850900 1.618899
v -0.028900 14.618400 1.635699
v -0.201300 14.369100 1.561099
v -0.091100 14.519300 1.612199
v 0.064200 14.744800 1.637999
v 0.260600 14.966499 1.590299
v 0.484000 15.442101 1.473099
v 0.544300 15.802200 0.967399
v 0.426300 15.227799 1.563999
v 0.310500 15.037399 1.590199
v 0.110800 14.801700 1.631999
v -0.068500 14.548900 1.616099
v 0.574700 15.833700 0.817799
v -0.291100 14.124300 1.452599
v -0.279500 14.166699 1.475799
v -0.300300 14.088599 1.433599
v 0.587900 15.834000 0.762999
v 0.496600 15.516699 1.421099
v 0.475000 15.444901 1.475099
v 0.563000 15.821199 0.890699
v 0.544900 15.803400 0.965099
v 0.504900 15.633200 1.307399
v 0.500500 15.584400 1.364599
v 0.511700 15.710400 1.183399
v 0.503700 15.676500 1.244699
v 0.530000 15.772999 1.042599
v 0.517900 15.744900 1.116799
v -0.221400 14.300300 1.530299
v -0.248200 14.293099 1.531499
v -0.120700 14.468699 1.592899
v -0.173700 14.383499 1.565899
v 0.576300 15.836599 0.811999
v 0.589700 15.836500 0.756899
v -0.034700 14.590600 1.628599
v 0.215400 14.926700 1.612999
v 0.268700 14.984600 1.603599
v 0.316600 15.052799 1.604299
v 0.039800 14.713099 1.645399
v 0.080700 14.771000 1.645799
v 0.122600 14.826799 1.641099
v -0.343200 14.077499 1.426499
v -0.331900 14.113700 1.442999
v -0.310900 14.165000 1.468899
v -0.280400 14.224500 1.498999
v 0.001400 14.652499 1.641899
v 0.167000 14.876200 1.628499
v 0.374500 15.139899 1.595699
v 0.421400 15.239200 1.575299
v 0.459200 15.344600 1.530599
v 0.455500 15.469000 1.481899
v 0.537700 15.817999 0.959599
v 0.399300 15.260600 1.577499
v 0.303400 15.084700 1.610599
v 0.617000 15.839899 0.569799
v 0.123600 14.861400 1.628399
v -0.025900 14.620000 1.646699
v 0.568800 15.851500 0.798099
v 0.696400 15.677099 0.473799
v 0.750200 15.609900 0.473699
v 0.743500 14.279200 0.481699
v 0.593800 15.850700 0.678399
v 0.632100 14.136100 0.471399
v 0.685500 14.185599 0.474799
v -0.326300 14.177899 1.497699
v 0.475500 15.597300 1.365499
v 0.484600 15.687901 1.244299
v 0.503200 15.757299 1.112899
v 0.606900 15.734100 0.464699
v 0.677700 15.694399 0.470199
v 0.654300 15.703199 0.466199
v 0.866900 14.762799 0.485699
v 0.897500 14.972099 0.489299
v 0.908600 15.147599 0.491099
v 0.890600 15.300099 0.490399
v 0.813100 15.486799 0.490099
v 0.638500 15.807499 0.510099
v -0.263300 14.310699 1.561699
v -0.375700 14.083899 1.447699
v 0.811100 14.520400 0.482299
v -0.141300 14.461499 1.603399
v 0.059300 14.746500 1.644399
v 0.888600 14.879100 0.488599
v 0.215700 14.962500 1.616799
v 0.906400 15.054800 0.490599
v 0.606900 15.846699 0.624699
v 0.470100 15.535200 1.428099
v 0.555700 15.835800 0.881299
v 0.481200 15.644199 1.307499
v 0.494700 15.722099 1.181299
v 0.521800 15.788099 1.039299
v 0.435300 15.365100 1.539799
v 0.356300 15.171700 1.598299
v 0.630000 15.825399 0.539599
v 0.163500 14.911699 1.621799
v 0.014400 14.685400 1.652099
v 0.687100 15.685801 0.472099
v 0.665300 15.698299 0.468399
v 0.724800 15.645100 0.473999
v 0.841800 14.641000 0.483899
v 0.893400 14.925699 0.489299
v 0.908700 15.101199 0.491299
v 0.903700 15.224199 0.491899
v 0.855200 15.395000 0.492899
v 0.784300 15.549599 0.481099
v 0.632600 15.723400 0.468899
v 0.582400 15.851500 0.739399
v 0.633800 15.779900 0.489299
v 0.660500 14.159800 0.472799
v -0.202000 14.385699 1.583899
v -0.297000 14.242900 1.528899
v 0.781000 14.399099 0.481699
v -0.080700 14.537600 1.619099
v 0.717500 14.230700 0.477799
v -0.351500 14.130400 1.472299
v 0.086700 14.801100 1.631399
v 0.876600 14.821400 0.488399
v 0.269500 15.022300 1.616399
v 0.902700 15.012600 0.490199
v 0.508400 15.545900 1.331199
v 0.510500 15.632999 1.228099
v 0.531900 15.703400 1.115699
v 0.624200 15.713999 0.542099
v 0.675200 15.672199 0.537699
v 0.659000 15.685801 0.534999
v 0.850400 14.748600 0.517199
v 0.884800 14.959599 0.533399
v 0.894700 15.132299 0.545199
v 0.879800 15.284200 0.553999
v 0.812800 15.467300 0.557899
v 0.659200 15.775600 0.587999
v -0.198800 14.393900 1.453399
v -0.345300 14.141100 1.360399
v 0.799100 14.510699 0.507399
v -0.080400 14.559600 1.482299
v 0.056800 14.862300 1.526599
v 0.872600 14.863899 0.527299
v 0.243700 15.050799 1.527099
v 0.893100 15.043799 0.540699
v 0.501600 15.437599 1.420399
v 0.565400 15.767500 0.972299
v 0.458800 15.258200 1.492199
v 0.359400 15.127600 1.527099
v 0.644000 15.801100 0.642499
v 0.153400 14.956400 1.529999
v -0.025100 14.742100 1.527899
v 0.600500 15.803099 0.833099
v 0.694500 15.654600 0.542199
v 0.751400 15.590799 0.544599
v 0.745100 14.273800 0.507599
v 0.624500 15.805899 0.733099
v 0.638900 14.127600 0.496899
v 0.691300 14.177199 0.498299
v -0.285200 14.252399 1.404799
v 0.634800 15.803699 0.687999
v 0.507500 15.493299 1.377899
v 0.585000 15.785999 0.904699
v 0.509200 15.589800 1.280999
v 0.520900 15.667500 1.174299
v 0.551100 15.735699 1.046099
v 0.489200 15.345699 1.462799
v 0.411300 15.186800 1.523099
v 0.653900 15.789400 0.615199
v 0.195300 15.002899 1.528499
v 0.010200 14.807400 1.529399
v 0.684900 15.663500 0.539999
v 0.666900 15.678799 0.536499
v 0.724900 15.624701 0.543699
v 0.825100 14.628799 0.511399
v 0.879300 14.911900 0.531099
v 0.895100 15.086499 0.543299
v 0.891000 15.208500 0.551099
v 0.849400 15.378200 0.559399
v 0.785400 15.531000 0.552799
v 0.643800 15.703499 0.541099
v 0.614000 15.805799 0.783399
v 0.651800 15.752501 0.566199
v 0.667100 14.151299 0.497399
v -0.140400 14.477400 1.467999
v -0.243800 14.323299 1.428699
v 0.776900 14.391399 0.506899
v -0.052200 14.653700 1.510699
v 0.723200 14.223300 0.502499
v -0.315000 14.196300 1.382399
v 0.107900 14.908500 1.525399
v 0.862100 14.806399 0.522599
v 0.302200 15.091000 1.526499
v 0.889100 15.001699 0.537599
v 0.520300 15.502399 1.288199
v 0.598000 15.719000 0.976599
v 0.515200 15.413200 1.353299
v 0.484400 15.280999 1.407099
v 0.387900 15.209800 1.438799
v 0.659600 15.761200 0.702899
v 0.192100 15.122499 1.443799
v -0.014800 14.892200 1.409799
v 0.628800 15.755899 0.858099
v 0.698900 15.635099 0.604699
v 0.752700 15.570299 0.609299
v 0.741400 14.266700 0.530799
v 0.648400 15.763000 0.776399
v 0.637200 14.120299 0.518099
v -0.174400 14.503200 1.341899
v -0.332000 14.226399 1.272199
v 0.690200 14.169300 0.519599
v 0.529700 15.583300 1.203899
v 0.561500 15.653299 1.109599
v 0.632400 15.692400 0.610299
v 0.681500 15.654200 0.599599
v 0.667000 15.668800 0.597199
v 0.829000 14.724299 0.552599
v 0.869900 14.935900 0.579199
v 0.879300 15.112800 0.599299
v 0.869300 15.263100 0.616099
v 0.811800 15.444901 0.624099
v 0.668300 15.741999 0.653699
v 0.787900 14.495299 0.534499
v -0.083700 14.697800 1.374899
v -0.268800 14.352099 1.309499
v 0.085600 15.025399 1.430799
v 0.854600 14.838500 0.568199
v 0.283900 15.183599 1.445499
v 0.877300 15.021500 0.590799
v 0.523100 15.542099 1.247999
v 0.544900 15.617399 1.158899
v 0.615000 15.738300 0.918699
v 0.583100 15.686600 1.045099
v 0.655300 15.762800 0.739799
v 0.518800 15.458300 1.322599
v 0.507200 15.341900 1.382699
v 0.440300 15.241600 1.421199
v 0.665900 15.752300 0.678399
v 0.232600 15.156099 1.442699
v 0.032700 14.959399 1.415899
v 0.690400 15.644800 0.602199
v 0.673800 15.661100 0.598499
v 0.727400 15.604000 0.608199
v 0.805600 14.609200 0.541999
v 0.862900 14.887700 0.574499
v 0.879100 15.067100 0.595699
v 0.878000 15.185100 0.608899
v 0.840200 15.356000 0.624799
v 0.785600 15.509100 0.618899
v 0.653300 15.683399 0.604999
v 0.639400 15.759800 0.817699
v 0.660100 15.723900 0.631699
v 0.665900 14.143700 0.518799
v -0.122600 14.596800 1.353999
v -0.300600 14.289499 1.290399
v 0.769400 14.379700 0.531799
v -0.054400 14.801700 1.397099
v 0.721500 14.215600 0.524999
v -0.223300 14.428800 1.326199
v 0.144500 15.080800 1.440799
v 0.842200 14.782100 0.560699
v 0.337600 15.195800 1.445399
v 0.874400 14.976800 0.585199
v 0.128600 14.760400 1.627299
v 0.499300 15.300600 1.342399
v -0.099600 14.459700 1.619699
v -0.156500 14.320499 1.606399
v 0.495400 15.345400 1.239999
v 0.196500 14.867200 1.604599
v 0.501800 15.328099 1.292599
v 0.319100 15.031099 1.555699
v 0.415100 15.164499 1.496399
v 0.481700 15.265100 1.396099
v 0.262200 14.953500 1.578399
v 0.369200 15.102300 1.528099
v 0.450400 15.216900 1.449899
v 0.017700 14.608600 1.635199
v -0.143200 14.363899 1.610799
v 0.479700 15.357599 1.189099
v 0.004700 14.609699 1.644199
v -0.149800 14.363600 1.617799
v 0.116200 14.763499 1.635399
v -0.110000 14.460099 1.628999
v -0.160500 14.319799 1.612899
v 0.187100 14.872399 1.611399
v 0.496000 15.336400 1.289899
v 0.495400 15.308200 1.340299
v 0.313200 15.040000 1.562799
v 0.254100 14.960899 1.583799
v 0.411100 15.173300 1.497999
v 0.364100 15.111099 1.530999
v 0.477100 15.274699 1.395699
v 0.447000 15.225800 1.450499
v 0.488900 15.354099 1.235099
v 0.474000 15.369900 1.176899
v 0.115300 14.780499 1.645999
v 0.505300 15.321600 1.343299
v -0.106300 14.475800 1.636799
v -0.185900 14.324200 1.627999
v 0.484200 15.367599 1.218099
v 0.189900 14.886600 1.620899
v 0.500100 15.347400 1.281799
v 0.317900 15.048300 1.573799
v 0.418900 15.181800 1.510399
v 0.495200 15.289000 1.408699
v 0.259400 14.972099 1.594499
v 0.369600 15.118099 1.542499
v 0.458600 15.236600 1.463499
v 0.013000 14.627800 1.651899
v -0.163900 14.372299 1.630499
v 0.472100 15.353200 1.167899
v 0.000300 14.629000 1.660799
v -0.170700 14.371900 1.637599
v 0.101700 14.783700 1.653499
v -0.116900 14.476100 1.646099
v -0.188200 14.324400 1.634199
v 0.180300 14.891700 1.627799
v 0.493700 15.357400 1.277699
v 0.500900 15.329100 1.340499
v 0.311900 15.056600 1.577599
v 0.251400 14.979400 1.599999
v 0.415000 15.190599 1.511899
v 0.364600 15.127100 1.545399
v 0.489900 15.298200 1.407399
v 0.455400 15.245600 1.463999
v 0.477900 15.375700 1.212699
v 0.468200 15.355700 1.162499
v 0.673200 14.648900 0.734999
v 0.540100 15.331500 1.119599
v 0.606400 14.222400 0.675799
v 0.547800 14.063499 0.688999
v 0.493100 15.403299 1.165199
v 0.682700 14.791699 0.780899
v 0.514100 15.374100 1.139699
v 0.660400 15.016500 0.889299
v 0.619400 15.169700 0.994199
v 0.566500 15.280399 1.092799
v 0.677500 14.910700 0.840199
v 0.646500 15.100699 0.945299
v 0.598800 15.229199 1.041099
v 0.651900 14.447300 0.698799
v 0.564100 14.110000 0.691199
v 0.483000 15.414499 1.162199
v 0.638300 14.437599 0.693999
v 0.556900 14.113999 0.687399
v 0.662400 14.642500 0.731199
v 0.595100 14.212199 0.674299
v 0.539700 14.065100 0.687799
v 0.672500 14.787600 0.776899
v 0.502600 15.382099 1.139199
v 0.530700 15.337700 1.119799
v 0.649600 15.018300 0.886699
v 0.664800 14.909900 0.837899
v 0.608700 15.172299 0.995299
v 0.637300 15.104099 0.943999
v 0.555500 15.285399 1.092999
v 0.589400 15.232599 1.043099
v 0.483400 15.400000 1.159099
v 0.475400 15.410400 1.160499
v 0.696100 14.639199 0.731099
v 0.553100 15.333400 1.116499
v 0.621400 14.225400 0.670999
v 0.575900 14.075000 0.676499
v 0.506100 15.405100 1.162099
v 0.700000 14.787399 0.776799
v 0.527100 15.375799 1.136499
v 0.673400 15.017799 0.885599
v 0.631800 15.171499 0.991699
v 0.579500 15.282200 1.089799
v 0.691900 14.910399 0.836299
v 0.659300 15.102300 0.941599
v 0.611600 15.230900 1.037299
v 0.667500 14.445299 0.695099
v 0.587600 14.118099 0.681499
v 0.496000 15.416199 1.158999
v 0.653600 14.435900 0.690399
v 0.580300 14.121900 0.677699
v 0.684600 14.632199 0.726599
v 0.610700 14.215600 0.669099
v 0.568000 14.074699 0.674999
v 0.690100 14.783199 0.772799
v 0.515600 15.383900 1.135999
v 0.543700 15.339499 1.116699
v 0.662600 15.019700 0.882999
v 0.679300 14.909599 0.833999
v 0.621000 15.174200 0.992699
v 0.650000 15.105700 0.940399
v 0.568500 15.287100 1.089899
v 0.602200 15.234300 1.039299
v 0.496400 15.401899 1.155899
v 0.488400 15.412199 1.157299
v 0.724300 14.637300 0.734599
v 0.565000 15.329100 1.116599
v 0.614600 14.229300 0.674299
v 0.580400 14.077800 0.678799
v 0.504100 15.390500 1.160299
v 0.721800 14.786900 0.786999
v 0.532200 15.366500 1.135699
v 0.689800 15.018499 0.896699
v 0.649400 15.172500 0.995299
v 0.597700 15.284100 1.088899
v 0.709100 14.910800 0.854099
v 0.675900 15.103200 0.948199
v 0.630200 15.232200 1.038999
v 0.683000 14.446300 0.696599
v 0.588600 14.121300 0.684199
v 0.491300 15.399500 1.156799
v 0.668000 14.437099 0.691799
v 0.581100 14.125199 0.680399
v 0.712200 14.630500 0.729999
v 0.602200 14.219600 0.672599
v 0.572700 14.077499 0.677399
v 0.712100 14.782599 0.782699
v 0.519000 15.373300 1.134999
v 0.554600 15.334399 1.116699
v 0.679100 15.020499 0.893899
v 0.697600 14.910199 0.850999
v 0.638700 15.175200 0.996099
v 0.666700 15.106500 0.946699
v 0.586300 15.289300 1.089299
v 0.620800 15.235600 1.040899
v 0.494300 15.387000 1.154099
v 0.485200 15.396600 1.155299
v -0.256400 14.931999 1.336399
v -0.241200 14.932400 1.325699
v -0.208300 14.933100 1.313599
v -0.184200 14.934000 1.295599
v -0.164300 14.935499 1.271899
v -0.148700 14.936600 1.247099
v -0.139400 14.938299 1.217999
v -0.134600 14.939699 1.188899
v -0.136400 14.941000 1.158899
v -0.142300 14.942400 1.128999
v -0.258600 14.943800 1.336999
v -0.244000 14.948199 1.326599
v -0.212700 14.959300 1.315499
v -0.189100 14.967299 1.297899
v -0.169700 14.974400 1.274799
v -0.154200 14.979700 1.249699
v -0.145200 14.984099 1.220699
v -0.140100 14.986600 1.191199
v -0.141900 14.987000 1.160699
v -0.147600 14.985499 1.130699
v -0.264200 14.954300 1.337199
v -0.252200 14.962800 1.326499
v -0.225200 14.981800 1.315499
v -0.205500 14.995999 1.297799
v -0.188800 15.007700 1.274499
v -0.175800 15.016900 1.249799
v -0.167600 15.022900 1.220699
v -0.163500 15.026600 1.192099
v -0.164500 15.025700 1.161299
v -0.169300 15.022599 1.131399
v -0.273500 14.962700 1.336899
v -0.264600 14.974500 1.326299
v -0.245200 15.000400 1.314999
v -0.230500 15.019600 1.297799
v -0.218300 15.035600 1.274499
v -0.208600 15.047999 1.249599
v -0.202400 15.055799 1.220599
v -0.198400 15.059999 1.191499
v -0.199300 15.058800 1.161299
v -0.202000 15.053900 1.131299
v -0.284400 14.967999 1.336899
v -0.280100 14.981800 1.325899
v -0.268900 15.012199 1.315099
v -0.260400 15.035000 1.297799
v -0.253000 15.053699 1.274499
v -0.247300 15.068399 1.249399
v -0.242800 15.077200 1.220299
v -0.240300 15.082100 1.190899
v -0.239600 15.080299 1.160199
v -0.240600 15.074599 1.130399
v -0.296900 14.969999 1.335999
v -0.297000 14.984400 1.325099
v -0.295700 15.016100 1.312999
v -0.294900 15.039399 1.295099
v -0.293600 15.058700 1.271599
v -0.292700 15.073500 1.246899
v -0.290800 15.082600 1.217399
v -0.289400 15.087500 1.188799
v -0.287600 15.085500 1.158099
v -0.286000 15.079499 1.128199
v -0.309400 14.967999 1.335499
v -0.313900 14.981800 1.324399
v -0.323100 15.012300 1.312099
v -0.329300 15.035100 1.293799
v -0.334600 15.053699 1.270499
v -0.338300 15.068399 1.245299
v -0.339200 15.077200 1.215599
v -0.338400 15.082100 1.185999
v -0.335800 15.080299 1.155299
v -0.331400 15.074500 1.125299
v -0.320200 14.962800 1.334599
v -0.329000 14.974199 1.323099
v -0.346700 15.000400 1.309799
v -0.359300 15.019600 1.290899
v -0.369100 15.035600 1.266999
v -0.376700 15.047999 1.241899
v -0.379600 15.055900 1.212299
v -0.380300 15.059999 1.182999
v -0.376300 15.058900 1.152499
v -0.369800 15.054100 1.122699
v -0.328900 14.954200 1.333799
v -0.340900 14.962800 1.321999
v -0.366000 14.981700 1.307999
v -0.384600 14.995800 1.288199
v -0.398700 15.007600 1.263899
v -0.409200 15.017099 1.238099
v -0.414000 15.022799 1.208299
v -0.415300 15.026600 1.178899
v -0.410400 15.025900 1.148899
v -0.402000 15.023000 1.119399
v -0.334500 14.943800 1.333099
v -0.348500 14.948199 1.321099
v -0.378700 14.958899 1.306699
v -0.401200 14.967000 1.286499
v -0.417700 14.974299 1.261899
v -0.430700 14.979899 1.235299
v -0.436600 14.984300 1.205599
v -0.438600 14.986700 1.175599
v -0.433000 14.987300 1.145699
v -0.423300 14.986099 1.116299
v -0.336300 14.931900 1.332199
v -0.350800 14.932099 1.319799
v -0.382200 14.933100 1.304599
v -0.405000 14.933900 1.283999
v -0.422000 14.935400 1.258699
v -0.435100 14.936500 1.232499
v -0.441600 14.938100 1.202799
v -0.443700 14.939500 1.173199
v -0.438200 14.941199 1.143599
v -0.428300 14.942800 1.114399
v -0.334400 14.919800 1.331599
v -0.348300 14.916100 1.319199
v -0.378200 14.906899 1.303999
v -0.400500 14.900700 1.283099
v -0.416800 14.896199 1.257599
v -0.429600 14.893100 1.230399
v -0.435800 14.891999 1.200599
v -0.438000 14.892500 1.170599
v -0.432500 14.895100 1.140799
v -0.423000 14.899500 1.111699
v -0.328700 14.909599 1.331399
v -0.340500 14.901600 1.318699
v -0.365400 14.884399 1.303299
v -0.383700 14.871900 1.282299
v -0.397600 14.862800 1.256699
v -0.408000 14.855900 1.229899
v -0.412900 14.852900 1.200199
v -0.414500 14.852200 1.170599
v -0.409800 14.856000 1.140899
v -0.401500 14.862000 1.111799
v -0.319800 14.901000 1.331499
v -0.328600 14.889999 1.318899
v -0.345800 14.865600 1.303399
v -0.358300 14.848000 1.282599
v -0.367800 14.834800 1.257099
v -0.375400 14.824500 1.230399
v -0.378400 14.819699 1.200799
v -0.379100 14.818100 1.170999
v -0.375100 14.822300 1.141399
v -0.368700 14.830400 1.112199
v -0.309000 14.895900 1.332199
v -0.313300 14.882600 1.319599
v -0.322200 14.853700 1.304499
v -0.328100 14.832100 1.283899
v -0.333400 14.816299 1.258699
v -0.337000 14.803900 1.231599
v -0.338000 14.797800 1.201899
v -0.337200 14.795799 1.171799
v -0.334600 14.800699 1.141999
v -0.330100 14.809600 1.112699
v -0.296400 14.894000 1.332899
v -0.296400 14.880300 1.319899
v -0.294700 14.850300 1.305099
v -0.293600 14.828300 1.285099
v -0.292400 14.811299 1.259999
v -0.291400 14.798900 1.233899
v -0.289700 14.792500 1.204299
v -0.288200 14.789900 1.174599
v -0.286500 14.795300 1.145099
v -0.284800 14.804500 1.115699
v -0.283700 14.896000 1.333699
v -0.279500 14.882799 1.321099
v -0.267900 14.854000 1.307599
v -0.259100 14.832700 1.287999
v -0.251700 14.816500 1.263399
v -0.246000 14.803900 1.236799
v -0.241700 14.797600 1.207199
v -0.239200 14.795099 1.176999
v -0.238400 14.800300 1.147199
v -0.239300 14.809500 1.117799
v -0.273100 14.901000 1.333899
v -0.264000 14.890300 1.322099
v -0.244100 14.865900 1.308699
v -0.229200 14.848300 1.289599
v -0.217000 14.834900 1.265099
v -0.207400 14.824599 1.239299
v -0.201500 14.819699 1.209699
v -0.197600 14.817699 1.180099
v -0.198400 14.822300 1.150199
v -0.200900 14.830299 1.120999
v -0.263700 14.909699 1.334999
v -0.251500 14.901799 1.323399
v -0.224200 14.884600 1.310799
v -0.204200 14.871900 1.291899
v -0.187600 14.862800 1.267899
v -0.174800 14.855900 1.242399
v -0.166900 14.852799 1.212899
v -0.162900 14.852099 1.183399
v -0.163900 14.855700 1.153599
v -0.168500 14.861700 1.124099
v -0.258400 14.919900 1.335699
v -0.243600 14.916300 1.324899
v -0.211900 14.907200 1.312799
v -0.188100 14.900599 1.294499
v -0.168800 14.896199 1.270799
v -0.153400 14.893200 1.245299
v -0.144700 14.892099 1.215899
v -0.139800 14.892900 1.186099
v -0.141500 14.895100 1.155999
v -0.147000 14.899099 1.126499
v -0.330600 14.931700 1.335499
v -0.296900 14.964200 1.339099
v -0.262400 14.931700 1.339099
v -0.296300 14.899500 1.336099
v -0.265800 14.924399 1.339699
v -0.303900 14.902400 1.337099
v -0.327400 14.938999 1.337399
v -0.289300 14.961200 1.340699
v -0.288700 14.902400 1.338099
v -0.327400 14.924399 1.336399
v -0.304300 14.961200 1.339699
v -0.265800 14.938900 1.340599
v -0.271000 14.915400 1.339699
v -0.313300 14.907599 1.337199
v -0.322100 14.947800 1.338699
v -0.280000 14.955999 1.341499
v -0.279500 14.907499 1.339199
v -0.322100 14.915500 1.336799
v -0.313500 14.956200 1.339699
v -0.271200 14.947800 1.341399
v -0.278600 14.940300 1.344399
v -0.287600 14.948999 1.344399
v -0.296800 14.956100 1.342899
v -0.271100 14.931700 1.342699
v -0.278600 14.922999 1.343299
v -0.287200 14.931700 1.345399
v -0.296600 14.940599 1.345399
v -0.305700 14.948899 1.343299
v -0.305600 14.914700 1.341399
v -0.314600 14.922800 1.341199
v -0.322200 14.931700 1.339799
v -0.296300 14.907399 1.340399
v -0.296600 14.922800 1.344299
v -0.314600 14.940200 1.342299
v -0.287300 14.914599 1.342599
v -0.305900 14.931700 1.344299
v -0.246500 14.932199 1.330399
v -0.249100 14.946699 1.331199
v -0.256400 14.959800 1.331099
v -0.267700 14.970300 1.330999
v -0.281500 14.976999 1.330699
v -0.297000 14.979300 1.329999
v -0.312400 14.976999 1.329399
v -0.325900 14.970300 1.328099
v -0.336800 14.959900 1.326999
v -0.343600 14.946699 1.326199
v -0.345700 14.932099 1.325199
v -0.343300 14.917500 1.324599
v -0.336400 14.904400 1.324099
v -0.325400 14.893700 1.324299
v -0.311800 14.887199 1.325099
v -0.296400 14.885200 1.325399
v -0.280900 14.887400 1.326399
v -0.267000 14.894099 1.327299
v -0.255900 14.904699 1.328399
v -0.248700 14.917600 1.329599
v -0.268700 14.931499 1.312599
v -0.249300 14.932099 1.320499
v -0.210900 14.933000 1.313099
v -0.187200 14.934000 1.294699
v -0.167600 14.935599 1.269799
v -0.152200 14.936500 1.245299
v -0.143300 14.938299 1.217299
v -0.138700 14.939799 1.188799
v -0.140300 14.941000 1.159599
v -0.146000 14.942300 1.130899
v -0.270100 14.938399 1.313099
v -0.251600 14.945499 1.321299
v -0.215100 14.958300 1.314899
v -0.191900 14.965799 1.296999
v -0.172800 14.972699 1.272599
v -0.157500 14.978200 1.247699
v -0.148900 14.982599 1.219899
v -0.144100 14.985000 1.191099
v -0.145600 14.985399 1.161399
v -0.151100 14.983800 1.132499
v -0.274800 14.946699 1.313599
v -0.258800 14.958300 1.321599
v -0.227300 14.980400 1.314899
v -0.208100 14.994400 1.296999
v -0.191700 15.006100 1.272399
v -0.178900 15.014999 1.247999
v -0.171100 15.020800 1.219899
v -0.166900 15.024400 1.191799
v -0.167900 15.023499 1.162199
v -0.172500 15.020700 1.133299
v -0.282600 14.950299 1.313299
v -0.269200 14.967799 1.321399
v -0.246700 14.998500 1.314499
v -0.232100 15.017200 1.296999
v -0.220000 15.032800 1.272399
v -0.210400 15.044900 1.247699
v -0.204600 15.052600 1.219799
v -0.200700 15.056600 1.191599
v -0.201400 15.055500 1.162099
v -0.204100 15.050699 1.133299
v -0.289500 14.953899 1.312999
v -0.282900 14.974500 1.320999
v -0.269800 15.009800 1.314499
v -0.261700 15.032200 1.296899
v -0.254600 15.050500 1.272299
v -0.248900 15.065100 1.247399
v -0.244600 15.073700 1.219499
v -0.242000 15.078300 1.190499
v -0.241300 15.076400 1.160899
v -0.242400 15.070999 1.132199
v -0.296900 14.957000 1.312899
v -0.297000 14.976500 1.319999
v -0.296100 15.013599 1.312699
v -0.294900 15.036500 1.294299
v -0.293900 15.055400 1.269799
v -0.292700 15.069900 1.245099
v -0.290800 15.078600 1.216599
v -0.289300 15.083300 1.188599
v -0.287600 15.081500 1.158999
v -0.286100 15.075700 1.130199
v -0.303900 14.953899 1.312099
v -0.311000 14.974299 1.319599
v -0.322300 15.009900 1.311599
v -0.328100 15.032200 1.292899
v -0.333100 15.050400 1.268499
v -0.336600 15.065100 1.243499
v -0.337400 15.073700 1.214999
v -0.336600 15.078300 1.185799
v -0.334000 15.076400 1.156199
v -0.329800 15.071099 1.127499
v -0.310800 14.950299 1.311599
v -0.324400 14.967999 1.318599
v -0.345300 14.998300 1.309399
v -0.357800 15.016999 1.289999
v -0.367300 15.032900 1.264899
v -0.374800 15.044900 1.239899
v -0.377500 15.052600 1.211499
v -0.377900 15.056600 1.182499
v -0.374100 15.055599 1.153199
v -0.368000 15.050900 1.124599
v -0.318400 14.946799 1.310699
v -0.334300 14.958200 1.317499
v -0.363900 14.980200 1.307599
v -0.382100 14.994100 1.287499
v -0.395900 15.005699 1.261899
v -0.406100 15.015100 1.236299
v -0.410700 15.020800 1.207699
v -0.411900 15.024400 1.178899
v -0.407100 15.023700 1.149799
v -0.399000 15.021000 1.121399
v -0.322900 14.938399 1.309399
v -0.340900 14.945499 1.316299
v -0.376300 14.958099 1.306399
v -0.398400 14.965699 1.285699
v -0.414600 14.972799 1.259699
v -0.427100 14.978399 1.233299
v -0.432800 14.982599 1.204699
v -0.434800 14.984900 1.175399
v -0.429300 14.985499 1.146299
v -0.419900 14.984500 1.118099
v -0.324200 14.931600 1.308899
v -0.343100 14.931900 1.315199
v -0.379700 14.933000 1.304199
v -0.402000 14.934000 1.283199
v -0.418700 14.935400 1.256599
v -0.431400 14.936600 1.230499
v -0.437700 14.938299 1.201999
v -0.439600 14.939699 1.173099
v -0.434300 14.941199 1.144399
v -0.424700 14.942699 1.116299
v -0.322800 14.924500 1.308599
v -0.340800 14.918400 1.314699
v -0.375800 14.907800 1.303699
v -0.397800 14.901799 1.282299
v -0.413700 14.897599 1.255499
v -0.426100 14.894799 1.228599
v -0.432100 14.893700 1.199999
v -0.434200 14.894400 1.170599
v -0.428800 14.896800 1.141699
v -0.419700 14.900900 1.113699
v -0.318200 14.916500 1.308499
v -0.334000 14.905700 1.314499
v -0.363300 14.885900 1.302999
v -0.381200 14.873500 1.281499
v -0.394800 14.864699 1.254599
v -0.404800 14.858000 1.227999
v -0.409600 14.855100 1.199399
v -0.411100 14.854300 1.170399
v -0.406500 14.858100 1.141799
v -0.398400 14.863800 1.113599
v -0.310600 14.912900 1.309699
v -0.323900 14.896299 1.314799
v -0.344600 14.867800 1.303199
v -0.356700 14.850400 1.281699
v -0.366000 14.837500 1.254999
v -0.373500 14.827800 1.228499
v -0.376400 14.823199 1.199999
v -0.376900 14.821600 1.170899
v -0.373100 14.825800 1.142199
v -0.367000 14.833600 1.113999
v -0.303700 14.909400 1.309999
v -0.310500 14.889700 1.315099
v -0.321400 14.856000 1.304099
v -0.326900 14.835000 1.283099
v -0.331900 14.819500 1.256599
v -0.335300 14.807400 1.229799
v -0.336200 14.801600 1.201199
v -0.335500 14.799500 1.171799
v -0.332800 14.804399 1.142799
v -0.328500 14.813100 1.114699
v -0.296200 14.905700 1.309199
v -0.296300 14.887600 1.315399
v -0.295100 14.852599 1.305099
v -0.293600 14.831300 1.284399
v -0.292400 14.814699 1.257899
v -0.291400 14.802500 1.231899
v -0.289600 14.796499 1.203399
v -0.288200 14.794000 1.174499
v -0.286500 14.799100 1.145899
v -0.284800 14.808000 1.117499
v -0.289000 14.909400 1.310799
v -0.282200 14.889899 1.316499
v -0.268800 14.856400 1.307099
v -0.260400 14.835500 1.286999
v -0.253300 14.819599 1.260999
v -0.247600 14.807300 1.234799
v -0.243500 14.801300 1.206199
v -0.241000 14.799100 1.176799
v -0.240200 14.804100 1.147799
v -0.241100 14.812900 1.119599
v -0.282300 14.912800 1.311299
v -0.268500 14.896399 1.317799
v -0.245700 14.868000 1.308299
v -0.230800 14.850699 1.288699
v -0.218700 14.837700 1.262999
v -0.209200 14.827800 1.237499
v -0.203600 14.823000 1.208799
v -0.199900 14.821300 1.179999
v -0.200500 14.825600 1.151099
v -0.202900 14.833200 1.122799
v -0.274400 14.916500 1.311499
v -0.258300 14.906099 1.318699
v -0.226300 14.886100 1.310299
v -0.206800 14.873699 1.290999
v -0.190400 14.864699 1.265699
v -0.177800 14.857900 1.240499
v -0.170300 14.854899 1.211999
v -0.166300 14.854400 1.183199
v -0.167300 14.857800 1.154399
v -0.171700 14.863700 1.125899
v -0.270100 14.924500 1.312199
v -0.251200 14.918799 1.319899
v -0.214300 14.907900 1.312299
v -0.190900 14.901600 1.293699
v -0.172000 14.897599 1.268799
v -0.156700 14.894799 1.243499
v -0.148400 14.893800 1.215199
v -0.143800 14.894500 1.186099
v -0.145300 14.896700 1.156799
v -0.150500 14.900700 1.128499
v -0.316100 14.931399 1.308199
v -0.296600 14.950100 1.310499
v -0.277200 14.931399 1.310499
v -0.296500 14.912999 1.308499
v -0.279500 14.927400 1.309699
v -0.300600 14.915099 1.307899
v -0.313800 14.935200 1.308199
v -0.292500 14.947800 1.310199
v -0.292400 14.915099 1.308499
v -0.313800 14.927400 1.307799
v -0.300800 14.947700 1.309799
v -0.279500 14.935200 1.310199
v -0.283000 14.922800 1.309099
v -0.305600 14.918600 1.307599
v -0.310200 14.940100 1.308699
v -0.287500 14.944300 1.310199
v -0.287500 14.918500 1.308699
v -0.310200 14.922700 1.307499
v -0.305600 14.944200 1.309199
v -0.283000 14.940100 1.310199
v -0.287700 14.935599 1.308199
v -0.292200 14.939799 1.308199
v -0.296600 14.943600 1.308599
v -0.283700 14.931399 1.308599
v -0.287700 14.927099 1.307599
v -0.292200 14.931399 1.307099
v -0.296600 14.935599 1.307099
v -0.301100 14.939699 1.307699
v -0.301100 14.922999 1.306699
v -0.305400 14.927099 1.306599
v -0.309600 14.931399 1.307099
v -0.296600 14.919100 1.307199
v -0.296600 14.927099 1.306599
v -0.305400 14.935699 1.307199
v -0.292200 14.922899 1.307199
v -0.301000 14.931499 1.306699
v -0.259500 14.931800 1.316499
v -0.261300 14.941899 1.317199
v -0.267100 14.952399 1.317499
v -0.274900 14.959900 1.317599
v -0.286200 14.965199 1.316999
v -0.297000 14.966700 1.316299
v -0.307600 14.965199 1.315999
v -0.318500 14.959900 1.314999
v -0.326200 14.952499 1.314099
v -0.331600 14.941899 1.312899
v -0.333300 14.931700 1.311999
v -0.331400 14.921599 1.311699
v -0.325900 14.911099 1.311399
v -0.318100 14.903800 1.311699
v -0.307000 14.898399 1.312199
v -0.296300 14.896999 1.312499
v -0.285600 14.898800 1.313099
v -0.274200 14.903999 1.314499
v -0.266800 14.911400 1.314899
v -0.261100 14.921599 1.315999
v -0.238500 14.932500 1.321299
v -0.241300 14.948800 1.322599
v -0.250200 14.964399 1.322499
v -0.263000 14.976199 1.322199
v -0.279600 14.984300 1.321799
v -0.296900 14.986700 1.320599
v -0.314400 14.984300 1.320299
v -0.330400 14.976299 1.318899
v -0.342600 14.964299 1.317699
v -0.351000 14.948700 1.316499
v -0.353300 14.932300 1.314999
v -0.350700 14.915600 1.314599
v -0.342300 14.900300 1.314099
v -0.330000 14.888300 1.314199
v -0.313700 14.880300 1.314899
v -0.296100 14.877999 1.315099
v -0.278800 14.880500 1.316499
v -0.262200 14.888700 1.317799
v -0.249500 14.900599 1.319099
v -0.240800 14.916100 1.320799
vn 0.6213 0.7503 0.2261
vn 0.7487 0.6362 0.1863
vn 0.7018 0.6901 0.1769
vn 0.8877 -0.1821 0.4230
vn 0.9580 -0.1973 0.2079
vn 0.9842 -0.0141 0.1764
vn 0.9633 0.1893 0.1904
vn 0.8889 0.4358 0.1414
vn 0.8062 0.5779 0.1269
vn 0.6670 -0.7379 0.1028
vn 0.9330 -0.2134 0.2898
vn 0.8773 -0.3238 0.3543
vn 0.9218 -0.3204 0.2183
vn 0.9721 -0.1407 0.1877
vn 0.6324 0.7453 0.2109
vn 0.6953 0.6886 0.2060
vn 0.7391 0.6586 0.1411
vn 0.8876 -0.2309 0.3985
vn 0.9406 -0.2478 0.2320
vn 0.9763 -0.0822 0.2000
vn 0.9885 0.0151 0.1502
vn 0.9149 0.3682 0.1654
vn 0.8939 0.4276 0.1342
vn 0.8065 -0.5705 0.1551
vn 0.9406 -0.2020 0.2729
vn 0.8917 -0.2739 0.3604
vn 0.9150 -0.2334 0.3291
vn 0.9672 -0.1870 0.1719
vn 0.6746 0.6080 0.4187
vn 0.4176 0.8443 0.3359
vn 0.6061 0.6059 0.5153
vn 0.6675 -0.1293 0.7333
vn 0.7288 -0.2433 0.6401
vn 0.7992 -0.1274 0.5874
vn 0.8077 0.0144 0.5895
vn 0.8191 0.1159 0.5618
vn 0.7537 0.3641 0.5471
vn 0.0048 -0.1798 0.9837
vn 0.4642 -0.0588 0.8838
vn 0.0581 -0.0463 0.9972
vn 0.6878 -0.2709 0.6734
vn 0.7624 -0.1871 0.6195
vn 0.7252 0.5276 0.4424
vn 0.5993 0.7047 0.3798
vn 0.6846 0.4895 0.5400
vn 0.5765 -0.1589 0.8015
vn 0.7110 -0.3199 0.6262
vn 0.7792 -0.1625 0.6054
vn 0.8100 -0.1146 0.5751
vn 0.8272 0.0045 0.5618
vn 0.8079 0.2086 0.5511
vn 0.0478 -0.0275 0.9985
vn 0.3104 -0.0679 0.9482
vn 0.1563 -0.0022 0.9877
vn 0.6867 -0.2571 0.6799
vn 0.7448 -0.2277 0.6272
vn 0.5084 0.5010 0.7004
vn 0.5802 0.2129 0.7861
vn 0.4985 -0.2989 0.8137
vn 0.6964 -0.2189 0.6834
vn 0.5994 -0.2286 0.7671
vn 0.6366 -0.1362 0.7591
vn 0.5854 0.0734 0.8074
vn 0.5043 -0.3025 0.8088
vn 0.6014 -0.3496 0.7184
vn 0.4579 0.5023 0.7336
vn 0.5424 0.1517 0.8263
vn 0.5143 -0.3316 0.7909
vn 0.6853 -0.2311 0.6907
vn 0.6326 -0.2318 0.7390
vn 0.6426 -0.2008 0.7394
vn 0.6319 -0.0508 0.7734
vn 0.2653 -0.1913 0.9450
vn 0.5237 -0.3132 0.7923
vn 0.9868 -0.1250 0.1025
vn 0.9646 -0.2516 0.0788
vn 0.9245 -0.3775 -0.0534
vn 0.9394 -0.3374 -0.0611
vn 0.8245 -0.5535 -0.1178
vn 0.9229 0.3765 0.0803
vn 0.9714 0.2063 0.1177
vn 0.9957 -0.0230 0.0895
vn 0.9945 -0.0430 0.0952
vn 0.9800 -0.1841 0.0753
vn 0.9880 -0.1532 -0.0195
vn 0.7461 0.6624 0.0671
vn 0.5336 0.8357 0.1300
vn 0.4828 0.8687 0.1112
vn 0.9906 -0.0914 0.1017
vn 0.9690 -0.2353 0.0757
vn 0.8969 -0.4394 -0.0488
vn 0.9803 -0.1901 -0.0528
vn 0.8000 -0.4410 -0.4068
vn 0.8503 0.5224 0.0645
vn 0.9558 0.2809 0.0875
vn 0.9823 0.1337 0.1311
vn 0.9949 0.0194 0.0991
vn 0.9793 -0.1870 0.0777
vn 0.9887 -0.1392 0.0559
vn 0.6290 0.7725 0.0871
vn 0.4887 0.8538 0.1793
vn 0.5408 0.8342 0.1083
vn 0.9646 -0.1018 0.2432
vn 0.9671 -0.1710 -0.1884
vn 0.8539 0.1962 0.4819
vn 0.9245 0.0446 0.3785
vn 0.9257 -0.0378 0.3763
vn 0.9441 -0.0775 0.3204
vn 0.9752 -0.1835 0.1235
vn 0.7494 0.4159 0.5152
vn 0.6479 0.6153 0.4490
vn 0.9562 -0.1242 0.2652
vn 0.9798 -0.1856 0.0742
vn 0.8310 0.2243 0.5090
vn 0.8842 0.1209 0.4511
vn 0.9297 0.0809 0.3592
vn 0.9331 -0.0878 0.3488
vn 0.9744 -0.1101 0.1959
vn 0.5836 0.6602 0.4729
vn 0.7494 0.4639 0.4725
vn 0.9447 -0.2405 0.2231
vn 0.9856 -0.0214 0.1678
vn 0.9969 0.0622 0.0489
vn 0.9813 0.1904 0.0298
vn 0.8269 0.5606 -0.0451
vn 0.6916 0.7222 -0.0108
vn 0.6627 -0.7247 -0.1887
vn 0.9444 -0.3130 0.1007
vn 0.8293 -0.5407 -0.1411
vn 0.9401 -0.2699 0.2080
vn 0.9784 -0.1179 0.1699
vn 0.6739 0.7273 0.1300
vn 0.9274 -0.3286 0.1784
vn 0.9827 -0.0891 0.1623
vn 0.9951 0.0027 0.0985
vn 0.9912 0.1299 0.0239
vn 0.9480 0.3172 0.0272
vn 0.7266 0.6803 -0.0965
vn 0.7488 -0.6399 -0.1725
vn 0.9220 -0.3872 0.0024
vn 0.9033 -0.4203 -0.0860
vn 0.9466 -0.2242 0.2316
vn 0.9810 -0.0274 0.1919
vn 0.0323 0.9623 0.2702
vn -0.4056 0.8539 0.3260
vn 0.4776 0.8627 0.1662
vn 0.8563 -0.2938 -0.4247
vn 0.9276 -0.0542 -0.3695
vn 0.9598 0.1136 -0.2566
vn 0.9500 0.2869 -0.1232
vn 0.8414 0.5311 -0.1003
vn 0.8389 0.5443 -0.0026
vn 0.8267 -0.4199 -0.3744
vn 0.8291 -0.4056 -0.3849
vn 0.7187 -0.4516 -0.5286
vn 0.9001 -0.1873 -0.3935
vn 0.9302 0.0320 -0.3656
vn 0.1935 0.9717 0.1352
vn -0.3932 0.8077 0.4394
vn 0.6676 0.7312 0.1402
vn 0.8379 -0.3615 -0.4090
vn 0.9217 -0.0802 -0.3795
vn 0.9335 0.1095 -0.3415
vn 0.9675 0.2020 -0.1522
vn 0.9320 0.3358 -0.1366
vn 0.8285 0.5564 -0.0624
vn 0.7262 -0.4614 -0.5096
vn 0.8054 -0.4049 -0.4329
vn 0.7738 -0.4306 -0.4646
vn 0.8815 -0.2117 -0.4220
vn 0.9276 -0.0136 -0.3734
vn 0.6849 -0.2210 -0.6943
vn 0.6220 -0.4233 -0.6588
vn 0.6988 -0.4384 -0.5652
vn 0.6870 -0.4299 -0.5858
vn 0.7332 -0.4139 -0.5395
vn 0.7119 0.5577 -0.4268
vn 0.6576 0.4692 -0.5894
vn 0.7422 0.1203 -0.6592
vn 0.6853 -0.1438 -0.7139
vn 0.6398 -0.2642 -0.7217
vn 0.6083 -0.5111 -0.6072
vn 0.3914 0.9153 -0.0950
vn -0.4350 0.8212 0.3694
vn 0.4898 0.8689 -0.0715
vn 0.6779 -0.2054 -0.7059
vn 0.6381 -0.3111 -0.7043
vn 0.7210 -0.4761 -0.5035
vn 0.6443 -0.4445 -0.6224
vn 0.7153 -0.4324 -0.5490
vn 0.6980 0.6194 -0.3593
vn 0.6836 0.5266 -0.5053
vn 0.7018 0.2666 -0.6606
vn 0.7298 0.0623 -0.6808
vn 0.6528 -0.2947 -0.6978
vn 0.6237 -0.4658 -0.6278
vn 0.3891 0.9202 -0.0436
vn -0.2956 0.8578 0.4205
vn -0.0212 0.9914 0.1295
vn 0.8679 -0.0967 -0.4873
vn 0.8043 -0.3241 -0.4981
vn 0.7503 -0.4343 -0.4984
vn 0.7242 -0.4376 -0.5329
vn 0.8058 -0.3624 -0.4684
vn 0.8295 0.5309 -0.1737
vn 0.8729 0.3711 -0.3169
vn 0.8843 0.0898 -0.4583
vn 0.9117 -0.0514 -0.4077
vn 0.8311 -0.1916 -0.5221
vn 0.7315 -0.4195 -0.5375
vn 0.5281 0.8484 0.0353
vn -0.3958 0.8078 0.4367
vn 0.3649 0.9220 0.1292
vn 0.8753 -0.2139 -0.4338
vn 0.8160 -0.2929 -0.4983
vn 0.7548 -0.4847 -0.4420
vn 0.7070 -0.4563 -0.5404
vn 0.8144 -0.4215 -0.3990
vn 0.8363 0.5396 -0.0970
vn 0.8146 0.5265 -0.2436
vn 0.8863 0.2678 -0.3779
vn 0.8962 0.0821 -0.4360
vn 0.8504 -0.1351 -0.5085
vn 0.7664 -0.4020 -0.5010
vn 0.4105 0.9117 0.0168
vn -0.3781 0.8392 0.3909
vn 0.0523 0.9628 0.2651
vn 0.1858 0.8981 -0.3986
vn 0.2344 0.7581 0.6086
vn 0.1961 0.8332 -0.5170
vn 0.0316 -0.4771 -0.8783
vn 0.0136 -0.3210 -0.9470
vn 0.0507 -0.0647 -0.9966
vn 0.1044 0.0480 -0.9934
vn 0.1374 0.4555 -0.8795
vn 0.1316 0.7150 -0.6867
vn 0.3408 -0.4252 -0.8385
vn 0.0925 -0.4878 -0.8681
vn 0.1570 -0.4114 -0.8979
vn 0.0611 -0.3894 -0.9190
vn 0.0224 -0.2657 -0.9638
vn 0.2374 0.8639 -0.4443
vn 0.1570 0.9673 0.1989
vn 0.1405 0.7720 -0.6199
vn 0.0598 -0.4751 -0.8779
vn 0.0412 -0.4077 -0.9122
vn 0.0063 -0.1739 -0.9847
vn 0.0831 -0.0134 -0.9964
vn 0.1438 0.2398 -0.9601
vn 0.1243 0.5740 -0.8094
vn 0.2113 -0.4287 -0.8784
vn 0.1105 -0.5294 -0.8411
vn 0.1239 -0.4558 -0.8814
vn 0.0484 -0.4319 -0.9006
vn 0.0219 -0.2662 -0.9637
vn 0.1259 0.9790 0.1603
vn 0.2144 0.8776 0.4289
vn 0.1265 0.9529 -0.2756
vn 0.4455 0.7326 0.5146
vn 0.0063 0.8710 -0.4913
vn -0.3574 -0.4085 -0.8399
vn -0.4594 -0.3739 -0.8057
vn -0.4472 -0.1350 -0.8842
vn -0.4540 0.1407 -0.8798
vn -0.2337 0.6139 -0.7540
vn -0.1030 0.8061 -0.5827
vn -0.5294 -0.1214 -0.8397
vn -0.3067 -0.4839 -0.8197
vn -0.3190 -0.4163 -0.8514
vn -0.3887 -0.4069 -0.8266
vn -0.4428 -0.2627 -0.8573
vn 0.0799 0.9355 -0.3442
vn 0.3119 0.9453 -0.0952
vn -0.0447 0.8152 -0.5775
vn -0.3428 -0.4482 -0.8256
vn -0.4437 -0.4434 -0.7788
vn -0.4450 -0.1974 -0.8735
vn -0.4636 -0.0066 -0.8860
vn -0.3720 0.3713 -0.8507
vn -0.1711 0.6892 -0.7041
vn -0.3753 -0.1209 -0.9190
vn -0.3224 -0.4454 -0.8353
vn -0.3436 -0.3755 -0.8608
vn -0.3569 -0.3852 -0.8510
vn -0.4384 -0.3235 -0.8385
vn 0.2090 0.9764 0.0538
vn 0.3626 0.9179 0.1615
vn -0.1224 0.9396 0.3195
vn -0.1545 0.9807 0.1195
vn -0.1213 -0.3159 -0.9410
vn -0.1933 -0.4463 -0.8737
vn -0.0315 -0.4557 -0.8896
vn -0.0549 -0.5217 -0.8514
vn 0.0271 -0.4074 -0.9128
vn -0.1279 0.5997 -0.7899
vn -0.1849 0.2797 -0.9421
vn -0.0893 -0.0042 -0.9960
vn -0.0799 -0.1641 -0.9832
vn -0.1710 -0.3714 -0.9126
vn -0.1656 -0.4355 -0.8848
vn -0.0818 0.8083 -0.5830
vn -0.1502 0.9774 0.1490
vn -0.0500 0.9026 -0.4275
vn -0.0906 -0.2515 -0.9636
vn -0.1851 -0.4027 -0.8964
vn -0.0175 -0.4054 -0.9140
vn -0.1154 -0.4855 -0.8666
vn 0.1363 -0.3521 -0.9260
vn -0.1032 0.7328 -0.6726
vn -0.1542 0.4935 -0.8560
vn -0.1318 0.1270 -0.9831
vn -0.0888 -0.0961 -0.9914
vn -0.1561 -0.3518 -0.9230
vn -0.1818 -0.4578 -0.8703
vn -0.0913 0.8451 -0.5267
vn -0.1984 0.7517 0.6290
vn -0.0618 0.9411 -0.3323
vn 0.9921 0.0068 -0.1255
vn 0.9427 -0.3319 -0.0333
vn 0.8418 -0.5166 -0.1566
vn 0.8512 -0.5203 -0.0686
vn 0.6938 -0.6822 -0.2306
vn 0.7625 0.6460 0.0349
vn 0.9093 0.3425 -0.2365
vn 0.9619 0.2292 -0.1491
vn 0.9926 0.0309 -0.1177
vn 0.9987 -0.0487 -0.0146
vn 0.9229 -0.3847 -0.0175
vn 0.7371 0.6747 0.0380
vn 0.9901 -0.0174 -0.1390
vn 0.9661 -0.2581 0.0020
vn 0.7240 -0.6590 -0.2037
vn 0.9209 -0.3897 -0.0035
vn 0.6278 -0.7430 -0.2318
vn 0.7628 0.6434 0.0650
vn 0.8662 0.4810 -0.1357
vn 0.9649 0.1409 -0.2217
vn 0.9881 0.1139 -0.1035
vn 0.9976 -0.0023 -0.0697
vn 0.9493 -0.3089 -0.0588
vn 0.9022 -0.4181 0.1062
vn 0.7847 -0.4857 -0.3851
vn 0.7842 -0.5781 0.2255
vn 0.7869 -0.6153 0.0480
vn 0.9761 0.1427 0.1639
vn 0.8452 0.2821 0.4539
vn 0.7130 0.5729 0.4041
vn 0.7209 0.4974 0.4825
vn 0.8875 0.4469 0.1123
vn 0.7217 0.6904 0.0513
vn 0.9560 -0.2566 -0.1420
vn 0.9676 -0.0392 -0.2496
vn 0.6837 0.3572 0.6364
vn 0.7634 0.5765 0.2911
vn 0.7538 0.4672 0.4621
vn 0.7779 0.4964 0.3853
vn 0.6514 0.7587 0.0056
vn 0.7458 0.5239 0.4116
vn 0.9027 -0.1806 0.3906
vn 0.8080 -0.5232 -0.2708
vn 0.8564 -0.5067 -0.0996
vn 0.6572 -0.7182 -0.2287
vn 0.4171 -0.8299 -0.3707
vn 0.1880 -0.8705 -0.4549
vn 0.9163 0.3783 0.1313
vn 0.7636 0.6457 0.0007
vn 0.4795 -0.4855 -0.7310
vn 0.5626 -0.8207 -0.1002
vn 0.3109 -0.8342 -0.4554
vn 0.7689 -0.4170 -0.4846
vn 0.7486 -0.6281 -0.2121
vn 0.5441 -0.6041 -0.5822
vn -0.3626 -0.0421 0.9310
vn -0.2589 0.0712 0.9633
vn 0.6236 0.7817 -0.0108
vn -0.2133 0.2587 0.9421
vn -0.2660 0.4852 0.8330
vn -0.2537 0.6243 0.7388
vn 0.4015 0.8760 0.2671
vn -0.1025 0.7761 0.6222
vn 0.0212 0.8406 0.5413
vn 0.1136 0.8574 0.5020
vn -0.1870 -0.2263 0.9559
vn -0.1561 -0.5008 0.8514
vn -0.7205 -0.2045 0.6626
vn -0.6155 0.0128 0.7880
vn -0.5221 0.0787 0.8493
vn -0.2984 0.3394 0.8920
vn -0.2655 0.5602 0.7847
vn -0.2930 0.5609 0.7743
vn 0.2981 0.9135 0.2770
vn -0.1455 0.6925 0.7066
vn 0.0244 0.8242 0.5657
vn 0.1174 0.8393 0.5309
vn -0.9054 -0.3608 0.2237
vn -0.8752 -0.0774 0.4775
vn -0.8456 0.0813 0.5276
vn -0.7970 0.2341 0.5568
vn -0.7425 0.3513 0.5704
vn -0.6214 0.5903 0.5153
vn 0.1401 0.9518 0.2729
vn -0.5172 0.7097 0.4783
vn -0.3222 0.8170 0.4782
vn -0.0298 0.9457 0.3236
vn -0.8013 -0.5353 -0.2670
vn -0.9148 -0.3238 -0.2414
vn -0.9712 -0.1356 -0.1957
vn -0.9770 0.1451 -0.1562
vn -0.9505 0.2980 -0.0878
vn -0.8430 0.5374 -0.0245
vn -0.1051 0.9731 -0.2050
vn -0.6556 0.7503 -0.0847
vn -0.5417 0.8273 -0.1486
vn -0.2009 0.9687 -0.1459
vn -0.7676 -0.4263 -0.4787
vn -0.7578 -0.3332 -0.5610
vn -0.7970 -0.1893 -0.5735
vn -0.8166 -0.0803 -0.5716
vn -0.8170 0.1099 -0.5660
vn -0.7042 0.4205 -0.5721
vn -0.4430 0.7086 -0.5492
vn -0.2966 0.8078 -0.5094
vn -0.4604 -0.4442 -0.7686
vn -0.4983 -0.4131 -0.7622
vn -0.6053 -0.2725 -0.7479
vn -0.6806 -0.1285 -0.7213
vn -0.6773 0.1414 -0.7220
vn -0.5703 0.4217 -0.7049
vn -0.3224 0.7749 -0.5436
vn -0.1893 0.7930 -0.5791
vn -0.3130 -0.4595 -0.8312
vn -0.3900 -0.4034 -0.8277
vn -0.3954 -0.4261 -0.8137
vn -0.4264 -0.2547 -0.8679
vn -0.3784 -0.0345 -0.9250
vn -0.2833 0.4073 -0.8682
vn -0.1361 0.6873 -0.7136
vn 0.9907 0.0201 0.1349
vn -0.0021 -0.4649 -0.8854
vn -0.0845 -0.4591 -0.8844
vn -0.0926 -0.4116 -0.9066
vn -0.0603 -0.2530 -0.9656
vn -0.0354 -0.0745 -0.9966
vn -0.0225 0.3576 -0.9336
vn -0.0124 0.6678 -0.7442
vn 0.7103 -0.4472 -0.5436
vn 0.7310 -0.4086 -0.5465
vn 0.7768 -0.3553 -0.5200
vn 0.8482 -0.1418 -0.5104
vn 0.9012 0.0413 -0.4314
vn 0.8879 0.2967 -0.3515
vn 0.8466 0.4903 -0.2071
vn 0.7547 -0.4863 -0.4403
vn 0.8086 -0.3620 -0.4638
vn 0.8639 -0.2677 -0.4267
vn 0.9362 -0.0545 -0.3471
vn 0.9391 0.1758 -0.2954
vn 0.9488 0.2771 -0.1514
vn 0.8288 0.5551 -0.0710
vn 0.1386 0.8520 -0.5049
vn 0.8456 -0.4813 -0.2311
vn 0.9216 -0.2706 -0.2783
vn 0.9672 -0.0406 -0.2506
vn 0.9730 0.1239 -0.1946
vn 0.9579 0.2490 -0.1426
vn 0.9106 0.4035 -0.0892
vn 0.8972 0.4414 0.0142
vn -0.0689 0.8232 -0.5635
vn 0.8706 -0.4699 -0.1455
vn 0.9854 -0.1667 0.0341
vn 0.9995 0.0307 0.0028
vn 0.9800 0.1841 -0.0758
vn 0.9406 0.3306 -0.0772
vn 0.7139 0.6976 -0.0611
vn 0.8308 0.5565 0.0069
vn 0.2999 0.8304 -0.4695
vn 0.5993 0.7998 -0.0352
vn -0.0747 0.9094 -0.4092
vn 0.5852 0.7763 -0.2343
vn 0.2156 0.9216 -0.3228
vn 0.7387 0.0871 -0.6684
vn 0.9461 -0.3175 0.0641
vn 0.8531 0.5119 -0.1008
vn 0.8056 0.5924 -0.0103
vn 0.0369 0.9167 -0.3978
vn 0.8389 0.5388 0.0769
vn -0.0650 0.8211 -0.5670
vn -0.8014 0.2427 0.5467
vn -0.0704 0.8446 0.5307
vn -0.8646 -0.3110 0.3946
vn -0.7060 0.3810 0.5969
vn -0.8238 -0.0884 0.5600
vn 0.0881 0.9420 -0.3239
vn -0.8041 0.1119 0.5839
vn 0.8999 -0.4347 -0.0360
vn 0.8199 -0.0185 -0.5722
vn -0.5425 0.5572 0.6287
vn 0.1888 0.9305 0.3138
vn -0.3715 0.7455 0.5534
vn -0.2300 0.8127 0.5353
vn 0.0516 0.9126 0.4056
vn 0.5852 0.8084 -0.0637
vn 0.0809 0.9592 -0.2710
vn -0.1913 0.9619 0.1952
vn 0.0198 0.9659 0.2582
vn 0.3227 -0.4858 -0.8123
vn 0.3262 -0.5209 -0.7889
vn 0.3228 -0.4201 -0.8481
vn 0.3500 -0.2174 -0.9112
vn 0.3616 -0.0152 -0.9322
vn 0.3439 0.3676 -0.8641
vn 0.2958 0.6540 -0.6963
vn 0.0837 0.8529 -0.5154
vn 0.6323 0.7688 -0.0953
vn -0.7546 0.2798 0.5935
vn -0.8571 -0.3076 0.4132
vn -0.5932 0.4490 0.6682
vn -0.8449 -0.0506 0.5325
vn -0.8080 0.1164 0.5775
vn -0.4576 0.5533 0.6961
vn 0.2007 0.9361 0.2889
vn -0.2217 0.7556 0.6164
vn -0.1076 0.8048 0.5837
vn 0.0588 0.8999 0.4321
vn 0.0639 0.9978 -0.0163
vn 0.4568 0.8808 -0.1242
vn 0.3766 0.9229 0.0804
vn 0.6644 0.7393 -0.1092
vn -0.6231 0.3268 0.7106
vn -0.8497 -0.2971 0.4356
vn -0.4638 0.5115 0.7233
vn -0.8178 0.0181 0.5752
vn -0.7841 0.0801 0.6155
vn -0.2974 0.5405 0.7870
vn 0.1658 0.9622 0.2160
vn -0.1201 0.7586 0.6403
vn -0.0493 0.7762 0.6286
vn 0.0487 0.8992 0.4349
vn 0.1389 0.9737 0.1808
vn 0.6885 0.7099 -0.1482
vn 0.5185 0.8536 0.0494
vn 0.4964 0.8629 0.0950
vn 0.5646 0.8114 -0.1512
vn -0.4529 0.3101 0.8359
vn -0.8215 -0.2890 0.4915
vn -0.2146 0.5723 0.7915
vn -0.7164 0.0274 0.6972
vn -0.6386 0.0725 0.7661
vn -0.2412 0.5187 0.8202
vn 0.1820 0.9569 0.2264
vn -0.0942 0.7091 0.6988
vn -0.0631 0.8177 0.5722
vn 0.0858 0.8690 0.4874
vn 0.3096 0.9146 0.2599
vn 0.7460 0.6631 -0.0619
vn 0.6412 0.7671 -0.0199
vn 0.6825 0.7241 -0.0989
vn 0.8315 0.5536 -0.0456
vn 0.7761 0.6294 -0.0398
vn 0.8763 0.4816 0.0107
vn 0.4492 0.8928 -0.0338
vn 0.6071 0.7912 0.0735
vn 0.7137 0.6991 -0.0434
vn 0.8407 -0.1938 0.5056
vn 0.8917 -0.0583 0.4488
vn 0.9266 0.0315 0.3748
vn 0.9131 0.2119 0.3483
vn 0.8078 0.4118 0.4219
vn 0.8620 0.5048 -0.0476
vn 0.6773 0.7235 0.1339
vn 0.7090 0.7034 0.0506
vn 0.6964 0.6870 0.2074
vn 0.8758 -0.2103 0.4344
vn 0.9702 -0.1346 0.2017
vn 0.9750 -0.0034 0.2224
vn 0.9717 0.1290 0.1977
vn 0.9135 0.3528 0.2026
vn 0.8446 0.5056 0.1761
vn 0.6388 0.7693 0.0112
vn -0.2573 0.0341 0.9657
vn -0.0795 0.0896 0.9928
vn -0.0810 0.1471 0.9858
vn -0.0212 0.3378 0.9410
vn 0.1227 0.6502 0.7498
vn 0.6019 0.7494 0.2757
vn 0.1091 0.7847 0.6102
vn 0.1928 0.8138 0.5482
vn 0.3807 0.7915 0.4781
vn -0.4761 -0.1186 0.8714
vn -0.6383 -0.2054 0.7419
vn 0.8914 -0.2622 -0.3698
vn 0.6072 0.7589 0.2356
vn 0.5888 0.7577 0.2813
vn 0.7221 0.6681 0.1792
vn 0.9329 -0.1773 0.3135
vn 0.9164 -0.2015 0.3460
vn 0.9326 -0.0580 0.3561
vn 0.9475 0.0252 0.3188
vn 0.9454 0.2388 0.2217
vn 0.8785 0.4522 0.1540
vn 0.5651 0.7553 0.3318
vn 0.5512 0.7764 0.3055
vn 0.7462 0.5792 0.3283
vn 0.8629 -0.1667 0.4772
vn 0.8649 -0.2986 0.4035
vn 0.9248 -0.1182 0.3615
vn 0.9258 -0.0043 0.3780
vn 0.9050 0.1832 0.3838
vn 0.8422 0.3945 0.3674
vn 0.5452 0.8035 0.2391
vn 0.7520 0.6049 0.2620
vn 0.7594 0.6504 0.0181
vn 0.9696 -0.2441 -0.0140
vn 0.9986 -0.0528 -0.0054
vn 0.9922 0.0909 -0.0848
vn 0.9608 0.2527 -0.1138
vn 0.8705 0.4789 -0.1137
vn 0.8325 0.5410 -0.1198
vn 0.1139 0.9431 0.3124
vn 0.8526 0.5225 -0.0093
vn 0.6948 0.7192 -0.0004
vn 0.8121 0.5547 0.1811
vn 0.7320 0.6397 0.2346
vn -0.8868 -0.4620 -0.0120
vn -0.9576 -0.1882 0.2179
vn -0.9464 0.0029 0.3230
vn -0.9097 0.2397 0.3390
vn -0.8548 0.3938 0.3381
vn -0.7706 0.5483 0.3250
vn -0.0059 0.9973 0.0738
vn -0.6232 0.7206 0.3039
vn -0.4822 0.8435 0.2366
vn -0.1151 0.9842 0.1345
vn -0.3946 -0.4644 -0.7928
vn -0.4057 -0.4192 -0.8122
vn -0.4413 -0.3763 -0.8146
vn -0.5427 -0.2273 -0.8086
vn -0.5841 0.0636 -0.8092
vn -0.4895 0.4248 -0.7615
vn -0.2109 0.7562 -0.6194
vn 0.3941 0.8457 -0.3598
vn 0.4352 0.8811 -0.1850
vn -0.0854 0.7888 -0.6087
vn 0.1503 0.9090 -0.3887
vn 0.8633 0.2460 -0.4407
vn 0.8090 0.5478 0.2134
vn 0.7259 0.6781 0.1153
vn 0.6551 0.7555 0.0089
vn 0.6441 0.7648 0.0135
vn -0.7852 -0.5055 -0.3575
vn -0.8091 -0.3348 -0.4830
vn -0.8219 -0.1867 -0.5382
vn -0.8713 0.0187 -0.4904
vn -0.8907 0.1706 -0.4214
vn -0.8148 0.4422 -0.3751
vn -0.6177 0.7265 -0.3009
vn -0.4209 0.8659 -0.2704
vn 0.5430 0.8397 -0.0122
vn -0.1215 0.9338 -0.3365
vn 0.0806 0.9762 -0.2011
vn -0.0396 0.9621 -0.2698
vn 0.9080 -0.3929 -0.1456
vn 0.4491 0.8878 0.1004
vn 0.4950 0.8617 0.1111
vn 0.4635 0.8847 0.0498
vn 0.4538 0.8910 -0.0142
vn 0.6625 0.7488 0.0209
vn 0.2605 0.9623 -0.0785
vn 0.9674 -0.2439 -0.0680
vn 0.9647 -0.2136 -0.1538
vn 0.9566 0.0763 -0.2814
vn -0.6856 -0.4131 -0.5994
vn -0.7031 -0.3717 -0.6061
vn -0.7659 -0.2243 -0.6026
vn -0.7795 -0.0903 -0.6198
vn -0.7428 0.1333 -0.6561
vn -0.6103 0.4315 -0.6643
vn -0.3406 0.7455 -0.5729
vn -0.2548 0.7513 -0.6088
vn 0.4118 0.6588 -0.6296
vn 0.0958 0.8492 -0.5194
vn 0.7868 0.1002 -0.6090
vn 0.7170 0.5573 -0.4188
vn 0.7257 0.6821 -0.0901
vn 0.6618 0.7106 -0.2389
vn 0.8685 0.3444 -0.3566
vn 0.6865 0.2065 -0.6972
vn 0.3311 0.5502 -0.7666
vn 0.4100 0.7430 -0.5291
vn 0.7807 0.6211 -0.0694
vn 0.6349 0.5120 -0.5786
vn 0.8901 0.4400 0.1190
vn 0.9382 0.3026 0.1681
vn 0.8212 0.4963 0.2814
vn 0.8123 0.0361 0.5822
vn 0.7418 -0.0863 0.6650
vn 0.8362 -0.1429 0.5295
vn 0.9178 0.0530 0.3935
vn 0.9220 -0.0996 0.3742
vn 0.6206 0.7246 0.2998
vn 0.6186 0.6789 0.3955
vn 0.6839 0.6581 0.3151
vn 0.4539 -0.0879 0.8867
vn 0.5580 0.2045 0.8042
vn 0.7096 0.1601 0.6862
vn 0.6399 0.5209 0.5650
vn 0.7126 0.4007 0.5759
vn 0.7720 0.5815 0.2566
vn 0.6920 0.5386 0.4806
vn 0.7792 0.5953 0.1961
vn 0.1746 -0.4694 0.8655
vn 0.5076 0.0729 0.8585
vn 0.5299 0.3291 0.7816
vn 0.6789 0.4265 0.5976
vn 0.6601 0.4732 0.5834
vn 0.8047 0.3940 0.4441
vn 0.8003 0.3270 0.5025
vn 0.8412 0.4756 0.2574
vn -0.1855 -0.7985 0.5727
vn 0.5635 -0.3235 0.7602
vn 0.6763 0.0410 0.7355
vn 0.7399 0.2417 0.6278
vn 0.7801 0.1752 0.6006
vn 0.8569 0.1205 0.5012
vn 0.8160 0.0752 0.5731
vn 0.8891 0.1629 0.4278
vn -0.4805 -0.6577 0.5802
vn -0.1412 -0.6691 0.7296
vn 0.4807 -0.3011 0.8236
vn 0.8300 0.1016 0.5484
vn 0.7687 0.0078 0.6395
vn -0.5075 -0.5210 0.6863
vn -0.5947 -0.4967 0.6322
vn -0.7144 -0.2565 0.6510
vn -0.6850 -0.1395 0.7150
vn 0.8094 -0.0717 0.5829
vn 0.8936 -0.0346 0.4475
vn 0.8335 -0.0390 0.5511
vn 0.2871 -0.3822 0.8784
vn 0.8049 -0.1010 0.5847
vn 0.7997 -0.0867 0.5941
vn 0.8732 -0.1400 0.4668
vn 0.8112 -0.1916 0.5525
vn 0.8396 -0.1759 0.5139
vn 0.0986 -0.3785 0.9204
vn 0.9170 -0.1331 0.3760
vn 0.9300 -0.1053 0.3521
vn 0.7845 -0.2884 0.5490
vn 0.8559 -0.2469 0.4544
vn 0.8924 -0.2407 0.3818
vn -0.1496 -0.3494 0.9250
vn 0.9257 -0.1969 0.3231
vn 0.8042 -0.2544 0.5371
vn 0.8198 0.5604 0.1175
vn 0.6699 0.6787 0.3009
vn 0.7170 0.5879 0.3747
vn 0.8245 0.4931 0.2774
vn 0.9280 0.2356 0.2887
vn 0.8928 0.0137 0.4502
vn 0.8099 -0.1779 0.5589
vn 0.8258 -0.2682 0.4961
vn -0.4865 -0.5374 0.6889
vn -0.3240 -0.4600 0.8267
vn -0.3916 -0.4611 0.7963
vn 0.9845 -0.1290 0.1190
vn 0.9451 -0.1628 0.2832
vn 0.9176 -0.2019 0.3423
vn -0.5734 -0.1920 0.7964
vn 0.8134 -0.2065 0.5438
vn 0.3751 -0.2654 0.8882
vn 0.8881 -0.2216 0.4026
vn -0.5077 -0.3916 0.7674
vn -0.5009 0.1808 0.8464
vn 0.7989 -0.2298 0.5558
vn 0.7052 -0.2609 0.6592
vn 0.7492 -0.2204 0.6246
vn -0.4110 0.1301 0.9023
vn 0.7359 -0.2606 0.6250
vn 0.2489 -0.1337 0.9593
vn -0.6048 0.2157 0.7666
vn 0.8341 -0.2318 0.5005
vn -0.6444 -0.0977 0.7584
vn -0.4059 -0.1629 -0.8993
vn -0.8430 -0.4088 0.3496
vn 0.7772 -0.5577 0.2916
vn -0.6479 -0.6436 -0.4075
vn -0.8362 -0.5248 0.1594
vn 0.1415 -0.3477 -0.9269
vn 0.2412 -0.2328 0.9421
vn 0.6003 -0.7937 0.0984
vn 0.3528 -0.4849 -0.8002
vn -0.8507 -0.3798 0.3635
vn 0.7889 -0.4898 0.3710
vn 0.6059 -0.7160 -0.3469
vn 0.6279 -0.7776 -0.0329
vn -0.1622 -0.0885 -0.9828
vn 0.6783 -0.4882 -0.5491
vn -0.8870 -0.3124 0.3401
vn -0.7548 -0.6320 -0.1758
vn 0.5651 -0.8250 0.0045
vn 0.6393 -0.7263 0.2525
vn 0.8119 -0.5732 0.1107
vn 0.6381 -0.6579 0.4001
vn -0.6584 -0.4566 -0.5983
vn 0.8292 -0.4946 -0.2604
vn 0.5593 -0.8165 -0.1433
vn 0.8036 -0.5408 0.2487
vn -0.5907 -0.7978 -0.1209
vn -0.5922 -0.7695 -0.2392
vn -0.7550 -0.1234 0.6440
vn 0.6233 -0.7815 -0.0265
vn 0.6012 -0.7595 -0.2484
vn -0.5711 -0.7686 -0.2883
vn -0.8585 -0.4615 0.2236
vn -0.8959 -0.2185 0.3869
vn 0.7765 -0.3927 -0.4928
vn 0.7040 -0.3597 -0.6124
vn 0.8724 -0.3302 -0.3605
vn 0.7913 -0.2558 -0.5554
vn 0.7192 -0.6699 0.1845
vn 0.8457 -0.5109 -0.1542
vn -0.0721 -0.1561 0.9851
vn -0.5898 -0.0878 0.8028
vn -0.8734 -0.2260 0.4313
vn -0.8729 -0.4073 -0.2687
vn -0.7518 -0.3983 -0.5255
vn -0.4846 -0.4570 -0.7459
vn -0.3549 -0.4522 -0.8183
vn -0.0246 -0.5065 -0.8619
vn 0.7057 -0.4488 -0.5482
vn 0.7956 -0.4117 -0.4445
vn 0.8898 -0.3641 -0.2752
vn 0.9242 -0.3762 -0.0659
vn -0.8697 -0.1554 0.4684
vn 0.3047 -0.5097 -0.8046
vn -0.8611 -0.1115 0.4961
vn -0.8802 -0.0638 0.4703
vn -0.7882 -0.0472 0.6136
vn 0.9359 -0.2811 0.2124
vn 0.9422 -0.1614 0.2937
vn -0.3600 -0.0744 0.9300
vn 0.9344 -0.1831 0.3056
vn 0.8883 -0.2407 0.3910
vn 0.9297 -0.3593 -0.0808
vn -0.9402 -0.3164 0.1264
vn -0.4004 -0.4346 -0.8067
vn -0.7941 -0.4186 -0.4406
vn -0.6940 -0.3928 -0.6034
vn -0.5309 0.0184 0.8473
vn 0.9306 -0.1949 0.3098
vn 0.9601 -0.1907 0.2047
vn 0.8212 -0.1866 0.5392
vn -0.6179 0.0303 0.7857
vn 0.7037 -0.2387 0.6692
vn 0.1144 -0.1881 0.9755
vn -0.5920 0.0532 0.8042
vn 0.8052 -0.1676 0.5689
vn 0.9358 -0.1791 -0.3036
vn 0.6706 -0.5172 -0.5318
vn 0.7528 -0.6524 0.0877
vn -0.1371 -0.4060 0.9035
vn -0.5973 -0.1330 0.7909
vn -0.5709 0.1169 0.8127
vn -0.3572 -0.3940 -0.8469
vn -0.8339 -0.4056 0.3744
vn 0.7175 -0.5406 0.4392
vn -0.6985 -0.4644 -0.5444
vn -0.8749 -0.4588 0.1547
vn -0.0716 -0.4498 -0.8903
vn -0.1752 0.0160 0.9844
vn 0.8015 -0.5742 0.1667
vn 0.3257 -0.4447 -0.8343
vn -0.8410 -0.3631 0.4011
vn 0.6043 -0.2275 0.7636
vn 0.8073 -0.5223 -0.2746
vn 0.7698 -0.6281 -0.1135
vn -0.2664 -0.4355 -0.8598
vn 0.6891 -0.4475 -0.5700
vn -0.8788 -0.2737 0.3909
vn -0.8166 -0.5671 -0.1073
vn 0.8205 -0.5527 -0.1457
vn 0.7371 -0.4919 0.4634
vn 0.6370 -0.5279 0.5617
vn 0.6259 -0.4828 0.6125
vn -0.5380 -0.3810 -0.7519
vn 0.8080 -0.4703 -0.3548
vn 0.7123 -0.6550 -0.2523
vn 0.7274 -0.4641 0.5055
vn -0.7149 -0.6567 -0.2402
vn -0.7117 -0.6566 -0.2498
vn -0.6650 0.1265 0.7360
vn 0.8246 -0.5041 0.2569
vn 0.7823 -0.6049 -0.1484
vn -0.6927 -0.6196 -0.3693
vn -0.8500 -0.4406 0.2889
vn -0.8027 -0.1906 0.5651
vn 0.8138 -0.3882 -0.4324
vn 0.7115 -0.3528 -0.6078
vn 0.8960 -0.4206 -0.1422
vn 0.4725 -0.4553 -0.7546
vn 0.6915 -0.7060 -0.1531
vn 0.4909 -0.7387 -0.4619
vn -0.3088 -0.0434 0.9501
vn -0.5983 0.0594 0.7991
vn -0.8719 0.0029 0.4896
vn -0.9531 -0.2054 -0.2222
vn -0.7794 -0.2581 -0.5709
vn -0.5479 -0.4194 -0.7238
vn -0.3897 -0.4241 -0.8175
vn -0.1143 -0.4097 -0.9050
vn 0.7453 -0.4494 -0.4925
vn 0.8176 -0.3621 -0.4478
vn 0.9495 -0.1444 -0.2787
vn 0.9978 -0.0551 0.0377
vn -0.8202 0.0257 0.5714
vn 0.3149 -0.4121 -0.8550
vn -0.8080 0.0406 0.5878
vn -0.7901 0.0548 0.6105
vn -0.6977 0.0320 0.7157
vn 0.8629 -0.1290 0.4886
vn 0.9336 -0.2075 0.2921
vn -0.2091 -0.0332 0.9773
vn 0.8914 -0.2799 0.3564
vn 0.8700 -0.2218 0.4404
vn 0.9952 -0.0961 0.0174
vn -0.9568 -0.0482 0.2866
vn -0.3980 -0.3860 -0.8322
vn -0.8152 -0.2422 -0.5260
vn -0.7429 -0.3013 -0.5977
vn -0.6926 -0.2560 0.6743
vn 0.9383 -0.1827 0.2937
vn 0.9689 -0.1370 0.2062
vn 0.9389 -0.1687 0.3000
vn -0.3986 -0.2962 0.8680
vn 0.8890 -0.1973 0.4132
vn 0.6139 -0.2907 0.7339
vn 0.8740 -0.2057 0.4403
vn -0.5911 -0.2257 0.7744
vn 0.3341 -0.5873 -0.7371
vn 0.0538 -0.9264 -0.3727
vn 0.3611 -0.8454 -0.3936
vn -0.1946 0.1880 0.9627
vn -0.3868 0.2143 0.8969
vn -0.8196 0.1499 0.5530
vn -0.9832 0.0180 -0.1816
vn -0.8006 -0.1558 -0.5786
vn -0.6335 -0.2222 -0.7412
vn -0.4199 -0.3585 -0.8338
vn -0.0776 -0.3723 -0.9249
vn 0.8081 -0.2635 -0.5268
vn 0.9023 -0.1754 -0.3939
vn 0.9715 0.0461 -0.2325
vn 0.9962 0.0825 -0.0288
vn -0.8003 0.1431 0.5823
vn 0.3231 -0.3319 -0.8863
vn -0.8203 0.1065 0.5619
vn -0.7476 0.1195 0.6533
vn -0.5478 0.1622 0.8207
vn 0.9117 -0.0444 0.4084
vn 0.9758 -0.1043 0.1919
vn -0.0946 0.0860 0.9918
vn 0.9254 -0.1262 0.3574
vn 0.9004 -0.2034 0.3845
vn 0.9986 0.0248 -0.0472
vn -0.9387 0.0964 0.3310
vn -0.4919 -0.2937 -0.8196
vn -0.8412 -0.0874 -0.5336
vn -0.7813 -0.1590 -0.6036
vn -0.6842 -0.3442 0.6429
vn 0.8282 -0.2075 0.5205
vn 0.7860 -0.2258 0.5755
vn 0.8868 -0.1653 0.4316
vn -0.0166 -0.5987 0.8008
vn 0.9076 -0.1438 0.3945
vn 0.7992 -0.2167 0.5606
vn 0.7693 -0.2139 0.6020
vn -0.4140 -0.3951 0.8201
vn 0.9710 -0.0666 0.2297
vn 0.9335 -0.2152 0.2869
vn 0.8801 -0.4552 0.1348
vn 0.8863 -0.3755 -0.2711
vn 0.8598 -0.4862 -0.1561
vn 0.8260 -0.4890 -0.2803
vn 0.8214 -0.5174 0.2401
vn 0.8734 -0.3804 0.3040
vn 0.8398 -0.4834 0.2471
vn 0.7983 -0.5817 0.1559
vn 0.8321 -0.5373 0.1376
vn 0.8540 -0.5191 -0.0358
vn 0.9706 -0.2128 0.1127
vn 0.9291 -0.1115 0.3528
vn 0.9281 0.2276 0.2946
vn 0.8541 0.0302 0.5192
vn 0.8151 0.1716 0.5534
vn 0.7689 0.3937 0.5037
vn 0.8108 0.4429 0.3825
vn 0.8423 0.4497 0.2973
vn 0.7474 0.5708 0.3400
vn 0.8052 0.3270 0.4946
vn 0.8091 0.4231 0.4079
vn 0.7120 0.5650 0.4170
vn 0.8363 0.5260 0.1546
vn 0.9220 0.3502 0.1653
vn 0.9465 0.3045 0.1072
vn 0.6963 0.7109 0.0993
vn 0.7633 0.6282 0.1508
vn 0.7911 0.6011 0.1134
vn 0.9736 -0.2155 -0.0751
vn 0.9977 -0.0101 0.0668
vn 0.9959 -0.0875 0.0218
vn 0.8372 -0.5033 -0.2140
vn 0.9004 -0.3929 -0.1868
vn 0.9412 -0.2731 -0.1990
vn 0.9420 0.1181 0.3141
vn 0.9551 0.1894 0.2280
vn 0.7197 0.4524 0.5266
vn 0.7807 0.5181 0.3494
vn 0.7614 0.5827 0.2843
vn 0.7344 0.6433 0.2163
vn 0.9582 0.2044 0.2002
vn 0.9583 0.2136 0.1899
vn 0.7813 0.4902 0.3865
vn 0.9257 0.2293 0.3007
vn 0.8880 0.3182 0.3318
vn 0.7672 0.5297 0.3618
vn 0.6327 0.7726 0.0524
vn 0.6423 0.7633 0.0692
vn 0.6669 0.7450 0.0147
vn 0.8262 0.4016 0.3951
vn 0.8150 0.4626 0.3489
vn 0.7708 0.5327 0.3494
vn 0.9415 0.0352 0.3352
vn 0.7089 0.2259 0.6681
vn 0.6851 0.0451 0.7270
vn 0.9372 -0.2762 -0.2128
vn 0.9912 -0.1307 -0.0225
vn 0.8762 -0.4509 -0.1703
vn 0.9609 -0.2543 -0.1095
vn 0.9331 -0.3337 -0.1341
vn 0.8329 -0.5341 -0.1449
vn 0.8081 -0.5738 0.1330
vn 0.6565 -0.1545 0.7383
vn 0.6550 -0.3135 0.6875
vn 0.5719 -0.7546 -0.3216
vn 0.5736 -0.7472 -0.3357
vn 0.4017 -0.8344 -0.3774
vn 0.4096 -0.8622 -0.2979
vn 0.5661 -0.7825 -0.2591
vn 0.3478 -0.8710 -0.3469
vn 0.9830 0.1826 0.0160
vn 0.9968 -0.0321 -0.0729
vn 0.9827 0.1812 0.0392
vn 0.8289 0.5566 0.0550
vn 0.9049 0.4244 -0.0315
vn 0.8370 0.5403 -0.0866
vn 0.4541 -0.5228 -0.7215
vn 0.7445 -0.6393 0.1925
vn 0.7034 -0.7052 0.0894
vn 0.2835 -0.9261 -0.2489
vn 0.3542 -0.7583 -0.5473
vn 0.5685 -0.6911 -0.4463
vn 0.3276 -0.8511 -0.4103
vn 0.3010 -0.9058 -0.2983
vn 0.4498 -0.8552 -0.2573
vn 0.6109 -0.4829 -0.6274
vn 0.7763 -0.6156 -0.1357
vn 0.8374 -0.5336 -0.1184
vn 0.7396 -0.6497 -0.1758
vn 0.7788 -0.6094 -0.1487
vn 0.7854 -0.5882 -0.1929
vn 0.5295 -0.6822 -0.5042
vn 0.6421 -0.6385 -0.4244
vn 0.6683 -0.5808 -0.4648
vn -0.2586 -0.0280 0.9656
vn -0.2114 -0.0197 0.9772
vn -0.3241 -0.0325 0.9455
vn -0.1679 0.0947 0.9812
vn -0.1126 0.0896 0.9896
vn -0.2292 0.0515 0.9720
vn 0.6109 0.7914 -0.0218
vn 0.6012 0.7991 0.0071
vn 0.6193 0.7846 0.0306
vn -0.1243 0.1864 0.9746
vn -0.1513 0.3081 0.9392
vn -0.2290 0.4090 0.8833
vn -0.1916 0.4111 0.8912
vn -0.2076 0.5297 0.8224
vn -0.2778 0.5608 0.7799
vn -0.1497 0.6707 0.7264
vn -0.0320 0.7360 0.6762
vn -0.2010 0.6935 0.6919
vn 0.4894 0.8297 0.2686
vn 0.5825 0.7988 0.1503
vn 0.5103 0.8473 0.1475
vn 0.0583 0.7890 0.6116
vn 0.0802 0.8262 0.5577
vn 0.0013 0.8386 0.5447
vn 0.0911 0.8246 0.5583
vn 0.1198 0.8397 0.5297
vn 0.0483 0.8504 0.5239
vn 0.2086 0.8461 0.4905
vn 0.3538 0.8458 0.3993
vn 0.2505 0.8796 0.4045
vn -0.1335 -0.2048 0.9697
vn -0.4094 -0.0108 0.9123
vn -0.4674 -0.0707 0.8812
vn -0.1112 -0.4784 0.8711
vn -0.4790 -0.2815 0.8314
vn -0.4853 -0.3105 0.8174
vn -0.6416 -0.1380 0.7545
vn -0.5479 -0.1405 0.8247
vn -0.6326 -0.2185 0.7430
vn -0.4676 -0.0335 0.8833
vn -0.4388 -0.0439 0.8975
vn -0.6073 0.0228 0.7941
vn -0.3016 0.0513 0.9521
vn -0.3044 0.0794 0.9492
vn -0.4420 0.1399 0.8860
vn -0.2338 0.2886 0.9285
vn -0.2220 0.4800 0.8487
vn -0.2494 0.5102 0.8231
vn -0.2620 0.5142 0.8167
vn -0.2797 0.5934 0.7548
vn -0.2824 0.6126 0.7383
vn -0.2946 0.5877 0.7535
vn -0.2071 0.6622 0.7201
vn -0.2227 0.6314 0.7428
vn 0.3528 0.8939 0.2766
vn 0.4806 0.8617 0.1628
vn 0.4196 0.8933 0.1611
vn -0.1203 0.7101 0.6937
vn 0.0160 0.8228 0.5681
vn -0.0151 0.8204 0.5716
vn 0.0480 0.8250 0.5631
vn 0.0926 0.8228 0.5607
vn 0.0622 0.8184 0.5712
vn 0.1420 0.8298 0.5398
vn 0.2333 0.8766 0.4208
vn 0.1960 0.8920 0.4073
vn -0.8718 -0.3260 0.3656
vn -0.8638 -0.2551 0.4344
vn -0.8930 -0.2723 0.3585
vn -0.8538 -0.0787 0.5146
vn -0.8474 -0.0264 0.5302
vn -0.8770 -0.0235 0.4799
vn -0.8105 0.1002 0.5772
vn -0.7992 0.1255 0.5879
vn -0.8315 0.1126 0.5440
vn -0.7730 0.2316 0.5906
vn -0.7355 0.3212 0.5966
vn -0.7640 0.2993 0.5716
vn -0.7079 0.3429 0.6175
vn -0.6213 0.4801 0.6193
vn -0.6907 0.4725 0.5475
vn -0.5640 0.5657 0.6016
vn -0.5118 0.6639 0.5452
vn -0.5594 0.6816 0.4717
vn 0.1884 0.9276 0.3225
vn 0.2908 0.9282 0.2319
vn 0.2560 0.9492 0.1832
vn -0.4362 0.7322 0.5230
vn -0.3121 0.7916 0.5253
vn -0.4076 0.7741 0.4844
vn -0.2557 0.8021 0.5397
vn -0.1377 0.8696 0.4741
vn -0.1948 0.8913 0.4095
vn 0.0187 0.9288 0.3701
vn 0.1212 0.9363 0.3297
vn 0.0687 0.9512 0.3009
vn -0.8465 -0.5080 -0.1590
vn -0.8869 -0.4429 -0.1311
vn -0.8414 -0.4664 -0.2729
vn -0.9659 -0.2571 -0.0305
vn -0.9800 -0.1989 -0.0062
vn -0.9308 -0.2844 -0.2295
vn -0.9965 -0.0630 0.0554
vn -0.9978 -0.0036 0.0665
vn -0.9794 -0.0765 -0.1866
vn -0.9761 0.1995 0.0866
vn -0.9515 0.2901 0.1024
vn -0.9620 0.2375 -0.1346
vn -0.9180 0.3747 0.1301
vn -0.8620 0.4796 0.1641
vn -0.9079 0.4177 -0.0353
vn -0.8241 0.5393 0.1733
vn -0.7496 0.6474 0.1374
vn -0.7559 0.6524 -0.0547
vn -0.0634 0.9963 -0.0585
vn 0.0801 0.9906 -0.1109
vn 0.0056 0.9771 -0.2128
vn -0.6601 0.7457 0.0904
vn -0.5612 0.8266 0.0421
vn -0.5359 0.8351 -0.1243
vn -0.5341 0.8452 0.0165
vn -0.3759 0.9266 0.0070
vn -0.4203 0.8966 -0.1394
vn -0.1756 0.9845 -0.0050
vn -0.1047 0.9942 -0.0258
vn -0.1307 0.9746 -0.1817
vn -0.7834 -0.4601 -0.4179
vn -0.7838 -0.4040 -0.4716
vn -0.7693 -0.3811 -0.5127
vn -0.7940 -0.3220 -0.5156
vn -0.8045 -0.2770 -0.5254
vn -0.7691 -0.2928 -0.5681
vn -0.8201 -0.1943 -0.5382
vn -0.8243 -0.1369 -0.5493
vn -0.7985 -0.1499 -0.5830
vn -0.8498 -0.0394 -0.5256
vn -0.8620 0.0538 -0.5040
vn -0.8231 0.0189 -0.5676
vn -0.8645 0.1243 -0.4871
vn -0.8378 0.2664 -0.4766
vn -0.7771 0.2633 -0.5716
vn -0.7761 0.4198 -0.4706
vn -0.6669 0.5824 -0.4647
vn -0.5790 0.5947 -0.5577
vn -0.5409 0.7063 -0.4567
vn -0.4355 0.7808 -0.4480
vn -0.3671 0.7482 -0.5527
vn -0.3345 0.8391 -0.4289
vn -0.2400 0.8846 -0.3998
vn -0.2266 0.8590 -0.4591
vn -0.5351 -0.4341 -0.7247
vn -0.5330 -0.4476 -0.7180
vn -0.4751 -0.4631 -0.7482
vn -0.5616 -0.3987 -0.7250
vn -0.5818 -0.3779 -0.7202
vn -0.5118 -0.3978 -0.7615
vn -0.6950 -0.2522 -0.6733
vn -0.6991 -0.2097 -0.6836
vn -0.6152 -0.2329 -0.7532
vn -0.7410 -0.1007 -0.6640
vn -0.7464 0.0068 -0.6655
vn -0.6962 -0.0149 -0.7177
vn -0.7238 0.1437 -0.6749
vn -0.6612 0.3156 -0.6806
vn -0.6181 0.3180 -0.7189
vn -0.6038 0.4354 -0.6678
vn -0.4899 0.6249 -0.6078
vn -0.4733 0.6047 -0.6405
vn -0.3514 0.7730 -0.5283
vn -0.2964 0.7864 -0.5419
vn -0.2584 0.7985 -0.5437
vn -0.2499 0.7804 -0.5732
vn -0.1137 0.8419 -0.5275
vn -0.0457 0.8344 -0.5493
vn -0.4277 -0.4507 -0.7836
vn -0.4360 -0.4635 -0.7714
vn -0.3305 -0.4810 -0.8120
vn -0.4541 -0.4001 -0.7961
vn -0.4545 -0.3901 -0.8008
vn -0.3917 -0.3905 -0.8331
vn -0.4775 -0.3883 -0.7882
vn -0.5011 -0.3754 -0.7797
vn -0.4073 -0.4028 -0.8197
vn -0.5467 -0.2506 -0.7990
vn -0.5322 -0.1349 -0.8358
vn -0.3998 -0.1451 -0.9050
vn -0.5188 0.0146 -0.8548
vn -0.4882 0.2357 -0.8403
vn -0.3567 0.1604 -0.9203
vn -0.4137 0.4228 -0.8063
vn -0.2703 0.5915 -0.7596
vn -0.1757 0.5886 -0.7891
vn -0.1645 0.7267 -0.6670
vn -0.1343 0.8028 -0.5809
vn -0.0975 0.7924 -0.6022
vn 0.9716 -0.0034 0.2364
vn 0.9291 -0.3602 0.0837
vn 0.9444 -0.3289 0.0010
vn -0.1795 -0.4646 -0.8671
vn -0.1898 -0.4912 -0.8501
vn -0.0068 -0.4910 -0.8711
vn -0.2701 -0.4242 -0.8644
vn -0.2908 -0.4051 -0.8668
vn -0.1081 -0.4340 -0.8944
vn -0.2735 -0.4287 -0.8611
vn -0.2673 -0.4070 -0.8735
vn -0.0835 -0.3907 -0.9167
vn -0.2561 -0.2550 -0.9324
vn -0.2415 -0.1496 -0.9588
vn -0.0433 -0.1511 -0.9876
vn -0.2276 -0.0587 -0.9720
vn -0.2092 0.1053 -0.9722
vn -0.0299 0.0836 -0.9961
vn -0.1760 0.3917 -0.9031
vn -0.1397 0.5863 -0.7979
vn -0.0230 0.5653 -0.8246
vn -0.1103 0.6746 -0.7299
vn -0.0768 0.7970 -0.5991
vn 0.0043 0.7963 -0.6049
vn 0.5612 -0.4840 -0.6714
vn 0.5874 -0.4962 -0.6393
vn 0.7097 -0.4586 -0.5348
vn 0.6628 -0.4707 -0.5824
vn 0.6834 -0.4523 -0.5730
vn 0.7439 -0.4046 -0.5319
vn 0.6764 -0.3909 -0.6243
vn 0.6906 -0.3593 -0.6277
vn 0.7943 -0.3025 -0.5268
vn 0.7195 -0.1937 -0.6669
vn 0.7363 -0.0846 -0.6713
vn 0.8828 -0.0198 -0.4694
vn 0.7478 0.0212 -0.6636
vn 0.7459 0.1758 -0.6425
vn 0.8976 0.1849 -0.4002
vn 0.7369 0.3217 -0.5946
vn 0.7082 0.4849 -0.5132
vn 0.8556 0.4316 -0.2858
vn 0.7380 0.5169 -0.4338
vn 0.7433 0.6165 -0.2598
vn 0.8134 0.5786 -0.0603
vn 0.7436 -0.4598 -0.4855
vn 0.7113 -0.4737 -0.5192
vn 0.7768 -0.4538 -0.4367
vn 0.7544 -0.3777 -0.5368
vn 0.7609 -0.3727 -0.5312
vn 0.8147 -0.3488 -0.4632
vn 0.8099 -0.3158 -0.4942
vn 0.8330 -0.2576 -0.4896
vn 0.8852 -0.2010 -0.4194
vn 0.8840 -0.0895 -0.4589
vn 0.8922 0.0315 -0.4506
vn 0.9482 0.0472 -0.3140
vn 0.9178 0.1229 -0.3776
vn 0.9355 0.2015 -0.2901
vn 0.9372 0.2686 -0.2226
vn 0.9182 0.3056 -0.2520
vn 0.8784 0.4318 -0.2047
vn 0.9021 0.4155 -0.1161
vn 0.8141 0.5633 -0.1413
vn 0.7359 0.6687 -0.1059
vn 0.8062 0.5894 -0.0515
vn 0.2384 0.7928 -0.5609
vn 0.1560 0.8147 -0.5585
vn 0.0329 0.8552 -0.5172
vn 0.8010 -0.4771 -0.3615
vn 0.8182 -0.4320 -0.3793
vn 0.8687 -0.4187 -0.2647
vn 0.8519 -0.3311 -0.4057
vn 0.8641 -0.3033 -0.4017
vn 0.9343 -0.2241 -0.2773
vn 0.9126 -0.1717 -0.3710
vn 0.9258 -0.1045 -0.3632
vn 0.9694 0.0100 -0.2452
vn 0.9558 0.0203 -0.2933
vn 0.9596 0.1078 -0.2601
vn 0.9654 0.1971 -0.1708
vn 0.9549 0.1924 -0.2261
vn 0.9155 0.3432 -0.2102
vn 0.9213 0.3677 -0.1261
vn 0.9276 0.3392 -0.1565
vn 0.8966 0.4328 -0.0935
vn 0.8862 0.4621 -0.0326
vn 0.8713 0.4896 0.0329
vn 0.8305 0.5571 -0.0033
vn 0.8930 0.4501 0.0064
vn -0.1232 0.9407 -0.3162
vn -0.0548 0.9268 -0.3716
vn 0.0137 0.7908 -0.6119
vn 0.8576 -0.4820 -0.1794
vn 0.9001 -0.4032 -0.1652
vn 0.9155 -0.3844 -0.1186
vn 0.8997 -0.2348 -0.3680
vn 0.9187 -0.1668 -0.3581
vn 0.9959 -0.0822 0.0367
vn 0.9286 -0.0059 -0.3709
vn 0.9270 0.0374 -0.3733
vn 0.9972 0.0733 -0.0141
vn 0.9058 0.1608 -0.3920
vn 0.8952 0.2215 -0.3868
vn 0.9616 0.2602 -0.0873
vn 0.8821 0.2915 -0.3701
vn 0.8509 0.3987 -0.3421
vn 0.8885 0.4559 -0.0512
vn 0.7882 0.5903 -0.1743
vn 0.8704 0.4924 -0.0057
vn 0.8620 0.5057 -0.0352
vn 0.8159 0.5760 -0.0498
vn 0.8229 0.5659 -0.0513
vn 0.8699 0.4931 -0.0123
vn 0.1081 0.8574 -0.5032
vn 0.0106 0.8369 -0.5472
vn 0.2117 0.8195 -0.5326
vn 0.5486 0.8301 -0.0994
vn 0.5467 0.8370 -0.0249
vn 0.5817 0.8134 -0.0068
vn -0.1944 0.8731 -0.4472
vn -0.2066 0.9052 -0.3715
vn -0.1239 0.9377 -0.3246
vn 0.6915 0.6011 -0.4007
vn 0.6167 0.6990 -0.3620
vn 0.5100 0.8133 -0.2800
vn 0.1441 0.9559 -0.2557
vn 0.2492 0.9531 -0.1716
vn 0.3211 0.9095 -0.2639
vn 0.6215 0.2018 -0.7569
vn 0.8093 0.3013 -0.5043
vn 0.5624 -0.0182 -0.8267
vn 0.8693 0.4413 -0.2226
vn 0.9099 0.3579 -0.2095
vn 0.8240 -0.1984 -0.5308
vn 0.8093 0.5841 -0.0620
vn 0.8522 0.5188 0.0676
vn 0.8831 0.4691 -0.0029
vn 0.6706 0.6104 -0.4216
vn 0.8219 0.5267 -0.2169
vn 0.9905 0.1366 0.0168
vn -0.0712 0.8969 -0.4365
vn -0.1252 0.9279 -0.3512
vn -0.0165 0.9444 -0.3285
vn 0.7328 0.6067 0.3082
vn 0.3410 0.6552 0.6741
vn 0.8052 0.5678 0.1711
vn -0.0910 0.8127 -0.5755
vn 0.0438 0.8713 -0.4888
vn 0.0298 0.8991 -0.4367
vn -0.7903 0.2544 0.5574
vn -0.7223 0.3715 0.5833
vn -0.7569 0.3464 0.5541
vn 0.7937 0.2977 -0.5305
vn -0.2889 0.9551 0.0663
vn -0.2925 0.8830 0.3671
vn -0.8559 -0.3113 0.4130
vn -0.8717 -0.2366 0.4291
vn -0.8797 -0.2347 0.4135
vn -0.6477 0.4216 0.6346
vn -0.5339 0.5249 0.6629
vn -0.5970 0.5058 0.6227
vn -0.8216 -0.0875 0.5633
vn -0.8177 -0.0215 0.5752
vn -0.8281 -0.0223 0.5602
vn 0.1433 0.9207 -0.3631
vn 0.3230 0.9344 -0.1501
vn 0.2618 0.9650 0.0130
vn -0.7935 0.1122 0.5981
vn -0.7921 0.1329 0.5958
vn -0.7988 0.1356 0.5862
vn 0.9881 -0.1446 0.0527
vn 0.9896 -0.1244 0.0716
vn 0.9027 -0.4233 -0.0769
vn 0.6705 0.5868 0.4540
vn 0.8067 0.5545 0.2046
vn 0.8498 0.1158 -0.5143
vn -0.4866 0.5491 0.6795
vn -0.4295 0.6407 0.6364
vn -0.4683 0.6503 0.5981
vn 0.2114 0.9236 0.3198
vn 0.3149 0.9177 0.2423
vn 0.2974 0.9245 0.2384
vn -0.3057 0.7561 0.5787
vn -0.2038 0.8039 0.5588
vn -0.2777 0.8108 0.5152
vn -0.1570 0.8113 0.5632
vn -0.0367 0.8568 0.5143
vn -0.0935 0.8616 0.4989
vn 0.0723 0.8981 0.4337
vn 0.1644 0.9273 0.3362
vn 0.1458 0.9328 0.3296
vn 0.5487 0.8300 -0.1001
vn 0.4812 0.8764 -0.0207
vn 0.5209 0.8534 0.0187
vn 0.9137 -0.0228 -0.4057
vn 0.1575 0.9638 -0.2152
vn -0.2652 0.9618 0.0677
vn -0.4283 0.9026 0.0425
vn 0.0779 0.9947 -0.0670
vn 0.1076 0.9940 0.0219
vn -0.0708 0.9252 0.3728
vn -0.0664 0.9964 -0.0529
vn -0.0922 0.9822 -0.1636
vn 0.1207 -0.4726 -0.8730
vn 0.1053 -0.4980 -0.8607
vn 0.3080 -0.5245 -0.7938
vn 0.0806 -0.4899 -0.8680
vn 0.0583 -0.4670 -0.8824
vn 0.3094 -0.4983 -0.8099
vn 0.0306 -0.4075 -0.9127
vn 0.0293 -0.3813 -0.9240
vn 0.3166 -0.4000 -0.8601
vn 0.0394 -0.2347 -0.9713
vn 0.0482 -0.1372 -0.9894
vn 0.3537 -0.1178 -0.9279
vn 0.0618 -0.0558 -0.9965
vn 0.0705 0.0984 -0.9926
vn 0.3632 0.1424 -0.9208
vn 0.0553 0.3626 -0.9303
vn 0.0348 0.5644 -0.8248
vn 0.3048 0.5562 -0.7731
vn 0.0185 0.6784 -0.7345
vn -0.0126 0.8165 -0.5772
vn 0.2697 0.7994 -0.5369
vn 0.2380 0.9143 -0.3277
vn 0.3452 0.9370 -0.0537
vn 0.2547 0.9284 -0.2707
vn 0.6357 0.7705 -0.0472
vn 0.5291 0.8483 0.0219
vn 0.5463 0.8363 0.0471
vn -0.7048 0.3155 0.6354
vn -0.6086 0.4348 0.6638
vn -0.6610 0.4030 0.6330
vn -0.8580 -0.2998 0.4171
vn -0.8730 -0.2079 0.4412
vn -0.8593 -0.2265 0.4587
vn -0.5329 0.4710 0.7030
vn -0.4267 0.5627 0.7080
vn -0.4974 0.5537 0.6679
vn -0.8471 -0.0082 0.5313
vn -0.8180 0.0405 0.5737
vn -0.8206 -0.0004 0.5715
vn -0.7876 0.0874 0.6100
vn -0.7917 0.1044 0.6019
vn -0.8141 0.1298 0.5660
vn -0.3866 0.5535 0.7377
vn -0.2999 0.6415 0.7061
vn -0.3639 0.6345 0.6819
vn 0.1940 0.9462 0.2588
vn 0.2785 0.9424 0.1851
vn 0.3001 0.9294 0.2149
vn -0.1618 0.7550 0.6355
vn -0.0734 0.7877 0.6116
vn -0.1447 0.7996 0.5829
vn -0.0544 0.7852 0.6169
vn 0.0045 0.8477 0.5305
vn -0.0182 0.8599 0.5101
vn 0.0663 0.8960 0.4390
vn 0.1417 0.9362 0.3215
vn 0.1512 0.9350 0.3207
vn -0.1010 0.9640 0.2461
vn 0.1470 0.9439 0.2959
vn 0.1658 0.9550 0.2459
vn 0.1316 0.9859 -0.1036
vn 0.5094 0.8492 -0.1395
vn 0.5593 0.8107 -0.1732
vn 0.2446 0.9696 0.0044
vn -0.0470 0.9480 0.3148
vn 0.2763 0.9508 0.1398
vn 0.6489 0.7546 -0.0973
vn 0.5230 0.8520 0.0255
vn 0.5290 0.8486 0.0017
vn -0.5323 0.3282 0.7804
vn -0.4718 0.4363 0.7662
vn -0.5500 0.4480 0.7048
vn -0.8285 -0.3035 0.4706
vn -0.8286 -0.2472 0.5022
vn -0.8709 -0.2234 0.4377
vn -0.3620 0.5547 0.7491
vn -0.1931 0.6013 0.7754
vn -0.3378 0.5745 0.7455
vn -0.7772 0.0329 0.6284
vn -0.7567 0.0686 0.6502
vn -0.7960 0.0651 0.6018
vn -0.7298 0.0690 0.6802
vn -0.7085 0.1005 0.6985
vn -0.7729 0.1047 0.6258
vn -0.1678 0.4850 0.8583
vn -0.1650 0.5738 0.8022
vn -0.2303 0.6265 0.7446
vn 0.1650 0.9634 0.2114
vn 0.2495 0.9618 0.1131
vn 0.2607 0.9535 0.1511
vn -0.0887 0.7475 0.6583
vn -0.0188 0.8095 0.5868
vn -0.0447 0.7991 0.5995
vn 0.0117 0.7627 0.6466
vn 0.0394 0.8030 0.5947
vn -0.0029 0.8436 0.5370
vn 0.0558 0.8905 0.4516
vn 0.1109 0.9386 0.3267
vn 0.1061 0.9440 0.3124
vn -0.0648 0.9979 -0.0074
vn 0.2099 0.9233 -0.3217
vn 0.1797 0.9759 0.1238
vn 0.5690 0.8177 -0.0873
vn 0.6001 0.7885 -0.1346
vn 0.6995 0.6954 -0.1647
vn 0.4499 0.8930 0.0115
vn 0.4569 0.8879 -0.0544
vn 0.4808 0.8749 -0.0584
vn 0.6154 0.7880 -0.0181
vn 0.7764 0.6302 -0.0033
vn 0.6284 0.7771 -0.0349
vn 0.5831 0.7907 -0.1864
vn 0.5221 0.8527 -0.0152
vn 0.5188 0.8545 -0.0244
vn -0.3879 0.3345 0.8588
vn -0.2298 0.4554 0.8601
vn -0.3728 0.4385 0.8178
vn -0.7700 -0.2742 0.5762
vn -0.7418 -0.2287 0.6305
vn -0.8083 -0.2291 0.5424
vn -0.1458 0.5654 0.8118
vn -0.1852 0.5973 0.7803
vn -0.1589 0.6256 0.7638
vn -0.6418 0.0051 0.7668
vn -0.6311 0.0329 0.7750
vn -0.7030 0.0589 0.7088
vn -0.5799 0.0540 0.8129
vn -0.5620 0.1531 0.8128
vn -0.5953 0.1051 0.7966
vn -0.2498 0.5341 0.8077
vn -0.2056 0.6092 0.7659
vn -0.1653 0.5710 0.8041
vn 0.2218 0.9427 0.2491
vn 0.3258 0.9365 0.1297
vn 0.2699 0.9566 0.1095
vn -0.1582 0.6933 0.7031
vn -0.0507 0.8251 0.5627
vn -0.0623 0.8327 0.5501
vn -0.0158 0.8217 0.5697
vn 0.0388 0.8142 0.5793
vn -0.0017 0.8122 0.5834
vn 0.0916 0.8553 0.5099
vn 0.1500 0.9132 0.3789
vn 0.1284 0.9273 0.3515
vn 0.5710 0.6839 -0.4541
vn 0.6421 0.5984 -0.4791
vn 0.3001 0.9467 0.1172
vn 0.7237 0.6821 -0.1048
vn 0.7796 0.6262 -0.0119
vn 0.8040 0.5945 0.0059
vn 0.6675 0.7333 -0.1291
vn 0.6703 0.7380 -0.0784
vn 0.6754 0.7373 -0.0129
vn 0.7337 0.6783 -0.0399
vn 0.8687 0.4884 -0.0824
vn 0.7015 0.6984 -0.1420
vn 0.8662 0.4981 -0.0392
vn 0.8386 0.5443 -0.0236
vn 0.8555 0.5169 -0.0318
vn 0.7964 0.6043 0.0228
vn 0.7993 0.5997 0.0389
vn 0.7342 0.6786 -0.0217
vn 0.8804 0.4722 0.0443
vn 0.8112 0.5824 -0.0525
vn 0.7909 0.6080 -0.0696
vn 0.5210 0.8532 -0.0265
vn 0.5242 0.8511 0.0272
vn 0.4699 0.8783 0.0884
vn 0.4934 0.8698 -0.0042
vn 0.6146 0.7839 0.0880
vn 0.7628 0.6447 0.0501
vn 0.8088 0.5859 -0.0503
vn 0.8034 0.5863 -0.1035
vn 0.7013 0.7107 -0.0560
vn 0.8872 -0.2766 0.3692
vn 0.9238 -0.3399 0.1764
vn 0.9542 -0.2447 0.1720
vn 0.8907 -0.0717 0.4489
vn 0.9827 -0.0924 0.1606
vn 0.9852 -0.0636 0.1591
vn 0.9216 -0.0290 0.3870
vn 0.9981 0.0019 0.0622
vn 0.9973 0.0633 0.0385
vn 0.9302 0.0941 0.3549
vn 0.9915 0.1301 0.0091
vn 0.9719 0.2345 -0.0194
vn 0.8568 0.3295 0.3967
vn 0.9396 0.3403 -0.0368
vn 0.8836 0.4660 -0.0451
vn 0.7969 0.5537 0.2417
vn 0.7151 0.6988 -0.0176
vn 0.8463 0.5227 -0.1028
vn 0.6863 0.7080 0.1663
vn 0.6239 0.7407 0.2491
vn 0.5911 0.7585 0.2743
vn 0.6503 0.7518 0.1089
vn 0.3393 0.8971 0.2830
vn 0.4377 0.8750 0.2068
vn 0.7678 0.6057 0.2087
vn 0.7922 0.5971 0.1258
vn 0.7209 0.6645 0.1966
vn 0.8775 -0.2031 0.4344
vn 0.9020 -0.2286 0.3663
vn 0.9011 -0.1965 0.3865
vn 0.9552 -0.1643 0.2463
vn 0.9305 -0.1168 0.3471
vn 0.9450 -0.0900 0.3145
vn 0.9752 -0.0555 0.2143
vn 0.9616 -0.0541 0.2690
vn 0.9610 0.0013 0.2767
vn 0.9781 0.0247 0.2068
vn 0.9629 0.0506 0.2650
vn 0.9564 0.1595 0.2446
vn 0.9259 0.2930 0.2383
vn 0.9288 0.3193 0.1880
vn 0.9054 0.4084 0.1165
vn 0.9052 0.3992 0.1456
vn 0.9080 0.4136 0.0667
vn 0.8635 0.4994 0.0706
vn 0.6025 0.7959 0.0596
vn 0.6549 0.7523 0.0720
vn 0.6841 0.7284 0.0387
vn -0.0801 -0.0834 0.9933
vn -0.1040 -0.0092 0.9945
vn -0.2300 0.0499 0.9719
vn 0.1532 -0.0045 0.9882
vn 0.2057 -0.0360 0.9779
vn -0.0713 0.1265 0.9894
vn 0.2185 0.0179 0.9757
vn 0.2620 0.1103 0.9587
vn -0.0603 0.2428 0.9682
vn 0.2977 0.2327 0.9259
vn 0.3378 0.4170 0.8438
vn 0.0631 0.4738 0.8784
vn 0.3554 0.5526 0.7539
vn 0.3472 0.6580 0.6682
vn 0.1147 0.7481 0.6535
vn 0.6997 0.6573 0.2799
vn 0.7341 0.6525 0.1882
vn 0.6612 0.7316 0.1658
vn 0.3487 0.7124 0.6090
vn 0.3718 0.7557 0.5391
vn 0.1381 0.8220 0.5526
vn 0.4204 0.7585 0.4980
vn 0.5045 0.7279 0.4644
vn 0.2760 0.8050 0.5251
vn 0.5641 0.6910 0.4521
vn 0.6316 0.6758 0.3799
vn 0.4964 0.7717 0.3977
vn -0.4141 -0.0632 0.9080
vn -0.5118 -0.0611 0.8569
vn -0.5697 -0.1080 0.8147
vn -0.6338 -0.1767 0.7530
vn -0.7476 -0.0913 0.6578
vn -0.7544 -0.1163 0.6460
vn 0.9344 0.2744 -0.2274
vn 0.9582 0.1482 -0.2447
vn 0.8880 -0.3055 -0.3436
vn 0.6705 0.7141 0.2016
vn 0.7102 0.6844 0.1649
vn 0.6646 0.7204 0.1985
vn 0.5182 0.8085 0.2791
vn 0.6066 0.7584 0.2384
vn 0.6852 0.6905 0.2316
vn 0.7992 0.5796 0.1594
vn 0.7917 0.5961 0.1336
vn 0.7207 0.6750 0.1580
vn 0.9449 -0.1576 0.2869
vn 0.9579 -0.1635 0.2359
vn 0.9270 -0.2008 0.3167
vn 0.9048 -0.2375 0.3534
vn 0.9338 -0.2043 0.2937
vn 0.9429 -0.1731 0.2845
vn 0.9303 -0.0938 0.3545
vn 0.9483 -0.0711 0.3093
vn 0.9486 -0.0373 0.3142
vn 0.9433 -0.0690 0.3248
vn 0.9620 -0.0323 0.2711
vn 0.9648 0.0701 0.2534
vn 0.9364 0.1843 0.2988
vn 0.9388 0.2521 0.2347
vn 0.9477 0.2860 0.1415
vn 0.9233 0.3385 0.1815
vn 0.9206 0.3760 0.1059
vn 0.8714 0.4779 0.1104
vn 0.6840 0.6563 0.3185
vn 0.6649 0.7058 0.2445
vn 0.5619 0.7833 0.2658
vn 0.4756 0.8163 0.3279
vn 0.4621 0.8380 0.2903
vn 0.5546 0.7880 0.2673
vn 0.8037 0.4816 0.3495
vn 0.7938 0.5335 0.2922
vn 0.7270 0.6340 0.2636
vn 0.8866 -0.1394 0.4411
vn 0.9226 -0.1463 0.3569
vn 0.8924 -0.1750 0.4160
vn 0.8662 -0.2841 0.4110
vn 0.8669 -0.2856 0.4086
vn 0.8974 -0.2459 0.3664
vn 0.9125 -0.1556 0.3783
vn 0.9441 -0.1174 0.3080
vn 0.9517 -0.0770 0.2973
vn 0.9367 -0.0919 0.3379
vn 0.9568 -0.0726 0.2817
vn 0.9450 -0.0009 0.3270
vn 0.9133 0.0899 0.3973
vn 0.9278 0.1243 0.3518
vn 0.9192 0.1979 0.3404
vn 0.8897 0.2648 0.3719
vn 0.8964 0.2931 0.3326
vn 0.8480 0.4231 0.3192
vn 0.5876 0.7875 0.1860
vn 0.7179 0.6776 0.1595
vn 0.6349 0.7328 0.2445
vn 0.6164 0.7423 0.2628
vn 0.6801 0.6882 0.2527
vn 0.8162 0.5424 0.1988
vn 0.8148 0.5692 -0.1104
vn 0.8542 0.5179 -0.0459
vn 0.8254 0.5628 0.0441
vn 0.9320 -0.3596 -0.0448
vn 0.9189 -0.3652 -0.1489
vn 0.9596 -0.2619 -0.1032
vn 0.9962 -0.0867 0.0094
vn 0.9958 -0.0711 -0.0579
vn 0.9971 -0.0319 -0.0695
vn 0.9970 0.0317 -0.0704
vn 0.9916 0.0516 -0.1190
vn 0.9854 0.1113 -0.1291
vn 0.9822 0.1574 -0.1026
vn 0.9740 0.1773 -0.1407
vn 0.9545 0.2600 -0.1464
vn 0.9312 0.3467 -0.1121
vn 0.9267 0.3480 -0.1415
vn 0.8678 0.4813 -0.1234
vn 0.7067 0.7024 -0.0852
vn 0.7043 0.7033 -0.0962
vn 0.8385 0.5328 -0.1141
vn 0.8211 0.5014 0.2726
vn 0.8096 0.5740 0.1224
vn 0.0946 0.8882 0.4496
vn 0.2221 0.9491 0.2234
vn 0.2463 0.9134 0.3242
vn 0.7886 0.5909 0.1701
vn 0.3712 0.9187 0.1348
vn 0.3942 0.8660 0.3078
vn 0.8305 0.5345 0.1568
vn 0.3812 0.8688 0.3159
vn 0.5306 0.8014 0.2761
vn 0.7472 0.6232 0.2310
vn 0.5555 0.7570 0.3440
vn 0.5262 0.7719 0.3567
vn 0.6703 0.6819 0.2927
vn -0.9011 -0.4091 0.1434
vn -0.9261 -0.3172 0.2042
vn -0.9170 -0.3942 0.0612
vn -0.9105 -0.1217 0.3951
vn -0.8990 -0.0601 0.4339
vn -0.9598 -0.1219 0.2529
vn -0.8771 0.0440 0.4783
vn -0.8669 0.0770 0.4925
vn -0.9417 0.0518 0.3324
vn -0.8195 0.2371 0.5217
vn -0.8042 0.3052 0.5100
vn -0.8823 0.3236 0.3418
vn -0.7845 0.3734 0.4952
vn -0.7373 0.4809 0.4744
vn -0.8018 0.5023 0.3238
vn -0.6726 0.5785 0.4615
vn -0.5838 0.6719 0.4558
vn -0.6868 0.6530 0.3192
vn 0.0765 0.9776 0.1959
vn 0.2153 0.9688 0.1227
vn 0.1449 0.9894 -0.0022
vn -0.5529 0.6988 0.4538
vn -0.4739 0.7777 0.4130
vn -0.5307 0.8078 0.2564
vn -0.4037 0.8319 0.3808
vn -0.2511 0.9077 0.3363
vn -0.3229 0.9268 0.1919
vn -0.0664 0.9648 0.2545
vn -0.0091 0.9760 0.2177
vn -0.0629 0.9913 0.1156
vn -0.5080 -0.4634 -0.7260
vn -0.5092 -0.4560 -0.7299
vn -0.3827 -0.4535 -0.8049
vn -0.4617 -0.4293 -0.7762
vn -0.4795 -0.4093 -0.7762
vn -0.3744 -0.3989 -0.8371
vn -0.4894 -0.3378 -0.8040
vn -0.5335 -0.2653 -0.8031
vn -0.4590 -0.3270 -0.8261
vn -0.6076 -0.1723 -0.7753
vn -0.6413 -0.0535 -0.7654
vn -0.5792 -0.1050 -0.8084
vn -0.6433 0.1137 -0.7572
vn -0.6078 0.3066 -0.7325
vn -0.5470 0.2769 -0.7900
vn -0.5531 0.4280 -0.7148
vn -0.4373 0.5884 -0.6801
vn -0.3729 0.5885 -0.7174
vn -0.2638 0.7658 -0.5864
vn -0.1945 0.7890 -0.5828
vn -0.1386 0.7898 -0.5974
vn 0.4568 0.7784 -0.4306
vn 0.3880 0.7929 -0.4698
vn 0.3043 0.8639 -0.4014
vn 0.3318 0.9364 -0.1146
vn 0.4355 0.8988 -0.0497
vn 0.5213 0.8448 -0.1208
vn -0.1293 0.8000 -0.5859
vn -0.0081 0.8458 -0.5335
vn 0.0275 0.8526 -0.5218
vn 0.1443 0.8896 -0.4333
vn 0.2821 0.8987 -0.3359
vn 0.3206 0.9041 -0.2825
vn 0.7767 0.6264 -0.0658
vn 0.5929 0.7499 -0.2933
vn 0.8081 0.3840 -0.4467
vn 0.7889 0.5558 0.2622
vn 0.8728 0.4260 0.2384
vn 0.8951 0.3935 0.2096
vn 0.7169 0.6781 0.1623
vn 0.7524 0.6193 0.2244
vn 0.7726 0.6171 0.1492
vn 0.5963 0.8005 0.0606
vn 0.6479 0.7594 0.0595
vn 0.6843 0.7291 0.0122
vn 0.6012 0.7991 -0.0002
vn 0.5292 0.8458 0.0676
vn 0.5834 0.8086 0.0764
vn -0.7931 -0.5323 -0.2961
vn -0.8186 -0.4661 -0.3356
vn -0.8000 -0.4358 -0.4124
vn -0.8646 -0.3512 -0.3594
vn -0.8742 -0.3041 -0.3785
vn -0.8127 -0.2818 -0.5100
vn -0.8960 -0.1687 -0.4108
vn -0.9038 -0.1134 -0.4126
vn -0.8308 -0.1279 -0.5417
vn -0.9307 0.0886 -0.3548
vn -0.9344 0.1781 -0.3084
vn -0.8828 0.1080 -0.4572
vn -0.9361 0.2264 -0.2694
vn -0.9065 0.3520 -0.2333
vn -0.8700 0.2946 -0.3953
vn -0.8414 0.5022 -0.1994
vn -0.7487 0.6403 -0.1718
vn -0.7261 0.5999 -0.3360
vn -0.6481 0.7473 -0.1467
vn -0.5131 0.8508 -0.1130
vn -0.4970 0.8274 -0.2614
vn -0.5039 0.8485 -0.1618
vn -0.4022 0.8845 -0.2364
vn -0.3018 0.8896 -0.3428
vn 0.4907 0.8712 -0.0138
vn 0.3752 0.9261 0.0397
vn 0.4373 0.8983 0.0421
vn -0.1915 0.9086 -0.3713
vn -0.1959 0.9455 -0.2602
vn -0.1243 0.9557 -0.2667
vn 0.0083 0.9859 -0.1672
vn 0.1111 0.9888 -0.0998
vn 0.1957 0.9721 -0.1293
vn -0.1366 0.9362 -0.3239
vn -0.1213 0.9551 -0.2702
vn -0.0258 0.9788 -0.2033
vn 0.9959 -0.0805 0.0411
vn 0.9948 -0.0086 0.1012
vn 0.9343 -0.3421 -0.1007
vn 0.4001 0.9149 0.0535
vn 0.3050 0.9421 0.1392
vn 0.3499 0.9196 0.1788
vn 0.4526 0.8872 0.0896
vn 0.3621 0.9139 0.1835
vn 0.3857 0.9015 0.1962
vn 0.4684 0.8815 0.0602
vn 0.3698 0.9149 0.1618
vn 0.3656 0.9220 0.1277
vn 0.4612 0.8869 0.0269
vn 0.3592 0.9289 0.0904
vn 0.3481 0.9356 0.0585
vn 0.6777 0.7311 0.0785
vn 0.7210 0.6800 0.1332
vn 0.6909 0.7193 0.0719
vn 0.1839 0.9824 -0.0321
vn 0.2559 0.9645 0.0656
vn 0.3410 0.9401 0.0009
vn 0.9842 -0.1725 0.0394
vn 0.9065 -0.4219 0.0172
vn 0.9033 -0.4289 -0.0075
vn 0.9067 -0.3763 -0.1904
vn 0.7817 -0.5748 -0.2420
vn 0.8093 -0.5189 -0.2753
vn 0.9712 -0.0648 -0.2293
vn 0.8814 -0.4021 -0.2478
vn 0.8792 -0.3170 -0.3558
vn -0.7482 -0.4094 -0.5221
vn -0.7496 -0.3809 -0.5413
vn -0.6894 -0.4079 -0.5987
vn -0.7610 -0.3465 -0.5485
vn -0.7757 -0.3102 -0.5496
vn -0.7215 -0.3425 -0.6017
vn -0.8126 -0.1898 -0.5510
vn -0.8211 -0.1581 -0.5485
vn -0.7773 -0.1837 -0.6017
vn -0.8207 -0.0919 -0.5640
vn -0.8125 0.0085 -0.5830
vn -0.7701 0.0124 -0.6377
vn -0.7900 0.1174 -0.6018
vn -0.7330 0.2806 -0.6197
vn -0.6812 0.2999 -0.6679
vn -0.6550 0.4281 -0.6226
vn -0.5218 0.6096 -0.5968
vn -0.4811 0.6162 -0.6236
vn -0.3758 0.7294 -0.5716
vn -0.3299 0.7357 -0.5915
vn -0.3010 0.7443 -0.5962
vn -0.2844 0.7729 -0.5672
vn -0.2012 0.8379 -0.5073
vn -0.1449 0.8121 -0.5653
vn 0.6546 0.4921 -0.5739
vn 0.4731 0.7207 -0.5067
vn 0.3193 0.7341 -0.5993
vn -0.0680 0.8181 -0.5711
vn -0.1512 0.8515 -0.5021
vn -0.0099 0.8939 -0.4482
vn 0.8932 0.1178 -0.4340
vn 0.8058 0.1257 -0.5788
vn 0.8106 0.2562 -0.5266
vn 0.6293 0.7463 -0.2168
vn 0.7105 0.6728 -0.2062
vn 0.8856 0.3127 -0.3434
vn 0.6897 0.7230 -0.0389
vn 0.7088 0.7049 -0.0284
vn 0.7569 0.6509 -0.0588
vn 0.6416 0.7605 -0.1002
vn 0.6652 0.7444 -0.0587
vn 0.7076 0.6931 -0.1378
vn 0.8739 0.4375 -0.2119
vn 0.8368 0.3707 -0.4029
vn 0.9877 0.1023 -0.1181
vn 0.8216 0.3294 -0.4653
vn 0.8104 0.3464 -0.4725
vn 0.7960 0.2748 -0.5393
vn 0.6630 0.4630 -0.5882
vn 0.5553 0.5957 -0.5804
vn 0.2711 0.7012 -0.6594
vn 0.5404 0.7157 -0.4424
vn 0.6245 0.7527 -0.2083
vn 0.5937 0.7173 -0.3646
vn 0.7184 0.6937 -0.0518
vn 0.7478 0.6626 -0.0414
vn 0.8099 0.5801 -0.0872
vn 0.7262 0.1421 -0.6726
vn 0.6845 0.2532 -0.6836
vn 0.5123 0.6125 -0.6020
vn 0.8336 0.4833 0.2674
vn 0.6464 0.6804 0.3452
vn 0.7170 0.6850 0.1294
vn 0.9266 0.3554 0.1225
vn 0.7553 0.6470 0.1040
vn 0.8358 0.5327 0.1329
vn 0.8325 0.5153 0.2036
vn 0.6801 0.6959 0.2307
vn 0.6696 0.6916 0.2709
vn 0.7565 0.0081 0.6539
vn 0.7538 -0.0095 0.6570
vn 0.9574 0.1920 0.2155
vn 0.7556 -0.1596 0.6353
vn 0.7105 0.0039 0.7036
vn 0.7020 -0.0772 0.7080
vn 0.9089 -0.1596 0.3852
vn 0.8291 0.0292 0.5583
vn 0.7272 0.0921 0.6802
vn 0.9659 0.1879 0.1783
vn 0.7560 0.5666 0.3277
vn 0.7105 0.5034 0.4917
vn 0.8893 -0.0250 0.4566
vn 0.8321 0.2471 0.4965
vn 0.9119 0.1046 0.3970
vn 0.6809 0.6887 0.2491
vn 0.7341 0.6215 0.2734
vn 0.7258 0.6291 0.2782
vn 0.5970 0.7279 0.3373
vn 0.7251 0.6241 0.2911
vn 0.7342 0.6061 0.3060
vn 0.7182 0.6346 0.2853
vn 0.7638 0.5905 0.2606
vn 0.7327 0.5935 0.3329
vn 0.4960 0.0488 0.8670
vn 0.6138 0.0357 0.7887
vn 0.5900 0.0067 0.8074
vn 0.5966 0.1630 0.7858
vn 0.6514 0.0360 0.7579
vn 0.7029 0.0626 0.7085
vn 0.7453 0.3319 0.5783
vn 0.8127 0.2311 0.5349
vn 0.7788 0.1117 0.6172
vn 0.6353 0.5929 0.4949
vn 0.7531 0.5089 0.4170
vn 0.7482 0.4057 0.5250
vn 0.6198 0.4528 0.6410
vn 0.7148 0.3449 0.6083
vn 0.7991 0.2655 0.5394
vn 0.7867 0.5894 0.1835
vn 0.7508 0.6296 0.1997
vn 0.7290 0.6384 0.2469
vn 0.7245 0.5681 0.3904
vn 0.6961 0.6211 0.3601
vn 0.6879 0.5792 0.4374
vn 0.7601 0.5890 0.2745
vn 0.7575 0.5876 0.2844
vn 0.7621 0.6024 0.2375
vn 0.3587 -0.1876 0.9144
vn 0.4328 -0.0649 0.8992
vn 0.3067 -0.2602 0.9156
vn 0.5203 0.2334 0.8215
vn 0.5167 0.2747 0.8109
vn 0.5298 0.1572 0.8334
vn 0.6167 0.4229 0.6639
vn 0.6238 0.4524 0.6374
vn 0.5406 0.3580 0.7613
vn 0.7084 0.4822 0.5154
vn 0.6572 0.5556 0.5093
vn 0.6194 0.5218 0.5865
vn 0.6310 0.4396 0.6392
vn 0.5787 0.4870 0.6541
vn 0.6379 0.4991 0.5864
vn 0.8163 0.4414 0.3726
vn 0.7849 0.5581 0.2693
vn 0.7870 0.5159 0.3383
vn 0.7958 0.3532 0.4919
vn 0.7598 0.4766 0.4422
vn 0.7390 0.4495 0.5018
vn 0.8407 0.4937 0.2223
vn 0.7644 0.5960 0.2458
vn 0.7761 0.5893 0.2246
vn 0.0095 -0.7132 0.7008
vn 0.2732 -0.4904 0.8276
vn 0.0152 -0.6828 0.7304
vn 0.6712 -0.0832 0.7366
vn 0.6483 0.0606 0.7590
vn 0.5823 -0.1214 0.8039
vn 0.7104 0.1089 0.6953
vn 0.7012 0.2170 0.6791
vn 0.6716 0.1142 0.7321
vn 0.7236 0.2707 0.6349
vn 0.7166 0.3991 0.5720
vn 0.7146 0.3215 0.6212
vn 0.8186 0.2357 0.5238
vn 0.7495 0.3323 0.5726
vn 0.7294 0.3406 0.5933
vn 0.8632 0.1269 0.4887
vn 0.8563 0.2595 0.4465
vn 0.8261 0.2254 0.5166
vn 0.8246 0.1022 0.5563
vn 0.8380 0.2006 0.5075
vn 0.8268 0.1744 0.5348
vn 0.9108 0.2018 0.3603
vn 0.9050 0.3334 0.2642
vn 0.8970 0.3005 0.3243
vn -0.3174 -0.7036 0.6357
vn -0.3240 -0.7221 0.6113
vn -0.5294 -0.6940 0.4879
vn 0.1923 -0.5114 0.8375
vn 0.5177 -0.2302 0.8240
vn 0.2600 -0.4970 0.8279
vn 0.6881 -0.1040 0.7181
vn 0.7072 0.0441 0.7057
vn 0.6039 -0.0832 0.7927
vn 0.8306 0.0839 0.5506
vn 0.7564 0.1614 0.6339
vn 0.7873 0.1622 0.5949
vn 0.8056 0.0769 0.5874
vn 0.8288 0.1546 0.5377
vn 0.7799 0.1179 0.6147
vn -0.4612 -0.5268 0.7140
vn -0.4507 -0.5641 0.6919
vn -0.5106 -0.5430 0.6667
vn -0.7006 -0.3910 0.5969
vn -0.5430 -0.4288 0.7220
vn -0.5862 -0.4337 0.6843
vn -0.6786 -0.2609 0.6866
vn -0.6541 -0.3261 0.6825
vn -0.6941 -0.3085 0.6504
vn -0.6733 -0.1546 0.7231
vn -0.6854 -0.1927 0.7022
vn -0.6970 -0.1822 0.6935
vn 0.8130 -0.0577 0.5793
vn 0.8453 0.0452 0.5323
vn 0.8628 0.0208 0.5051
vn 0.9264 -0.0006 0.3765
vn 0.8833 0.0333 0.4677
vn 0.8314 0.0314 0.5548
vn 0.8617 -0.0197 0.5070
vn 0.8820 0.0979 0.4609
vn 0.8492 0.0683 0.5236
vn 0.6111 -0.2147 0.7619
vn 0.6533 -0.2309 0.7210
vn 0.3656 -0.4260 0.8276
vn 0.8679 -0.0443 0.4948
vn 0.8529 0.0280 0.5213
vn 0.8630 -0.0059 0.5052
vn 0.8659 -0.0506 0.4976
vn 0.8295 -0.0619 0.5550
vn 0.7594 -0.1265 0.6382
vn 0.8754 -0.1522 0.4588
vn 0.8095 -0.0815 0.5814
vn 0.8070 -0.0709 0.5863
vn 0.8219 -0.1664 0.5447
vn 0.8833 -0.0397 0.4671
vn 0.8820 -0.0658 0.4666
vn 0.8309 -0.1809 0.5262
vn 0.8340 -0.0683 0.5476
vn 0.8221 -0.0800 0.5637
vn 0.5011 -0.2864 0.8166
vn 0.5775 -0.2307 0.7831
vn 0.1981 -0.3938 0.8976
vn 0.8163 -0.1947 0.5438
vn 0.8578 -0.1167 0.5005
vn 0.8654 -0.0949 0.4921
vn 0.9202 -0.1402 0.3654
vn 0.9034 -0.0236 0.4281
vn 0.8534 -0.0721 0.5162
vn 0.7880 -0.2840 0.5462
vn 0.8167 -0.2311 0.5287
vn 0.7899 -0.2462 0.5616
vn 0.8179 -0.2727 0.5067
vn 0.7818 -0.2472 0.5724
vn 0.8204 -0.2264 0.5251
vn 0.8964 -0.2358 0.3752
vn 0.8937 -0.1951 0.4041
vn 0.9015 -0.1915 0.3881
vn 0.3318 -0.3544 0.8743
vn 0.3784 -0.3436 0.8595
vn -0.0966 -0.3993 0.9117
vn 0.9260 -0.1987 0.3209
vn 0.9080 -0.1716 0.3823
vn 0.9241 -0.1538 0.3499
vn 0.9142 -0.2026 0.3508
vn 0.9071 -0.1639 0.3876
vn 0.7876 -0.2277 0.5725
vn 0.7487 0.6612 0.0472
vn 0.6129 0.7881 -0.0576
vn 0.7120 0.7020 -0.0169
vn 0.5840 0.7666 0.2669
vn 0.6469 0.7423 0.1748
vn 0.7289 0.6455 0.2280
vn 0.6942 0.6157 0.3728
vn 0.6428 0.6884 0.3362
vn 0.6992 0.6229 0.3509
vn 0.8264 0.4729 0.3055
vn 0.7488 0.5560 0.3608
vn 0.7387 0.5772 0.3482
vn 0.9263 0.2540 0.2784
vn 0.8833 0.3764 0.2796
vn 0.8971 0.3587 0.2580
vn 0.9019 0.0514 0.4290
vn 0.9295 0.1673 0.3287
vn 0.9236 0.1358 0.3584
vn 0.8524 -0.1448 0.5025
vn 0.8662 -0.0249 0.4991
vn 0.8413 -0.0492 0.5383
vn 0.8293 -0.2777 0.4849
vn 0.8029 -0.2445 0.5437
vn 0.7887 -0.2353 0.5679
vn -0.2797 -0.5339 0.7979
vn -0.2168 -0.5809 0.7846
vn -0.4897 -0.5694 0.6603
vn -0.5419 -0.4202 0.7279
vn -0.6040 -0.3664 0.7078
vn -0.3972 -0.3905 0.8305
vn -0.6958 -0.4254 0.5788
vn -0.6952 -0.4103 0.5902
vn -0.3158 -0.5878 0.7448
vn 0.9746 -0.1532 0.1631
vn 0.9468 -0.1939 0.2570
vn 0.9652 -0.1665 0.2016
vn 0.9642 -0.1444 0.2224
vn 0.9735 -0.1554 0.1681
vn 0.9642 -0.1705 0.2030
vn 0.8767 -0.2252 0.4252
vn 0.8545 -0.2508 0.4549
vn 0.8707 -0.2389 0.4299
vn -0.3049 -0.2290 0.9244
vn -0.1994 -0.2691 0.9422
vn -0.5185 -0.2306 0.8234
vn 0.9108 -0.1813 0.3710
vn 0.9118 -0.2062 0.3551
vn 0.8377 -0.2335 0.4937
vn 0.6977 -0.2305 0.6782
vn 0.7647 -0.2582 0.5904
vn 0.4968 -0.2979 0.8151
vn 0.8967 -0.2166 0.3860
vn 0.9087 -0.2187 0.3557
vn 0.8983 -0.2329 0.3725
vn -0.6510 -0.3685 0.6636
vn -0.6778 -0.2650 0.6858
vn -0.5613 -0.3009 0.7709
vn -0.4083 0.1398 0.9021
vn -0.4388 0.0637 0.8963
vn -0.5071 0.0836 0.8578
vn 0.8177 -0.2283 0.5284
vn 0.8391 -0.2467 0.4848
vn 0.8506 -0.2586 0.4578
vn 0.7211 -0.2383 0.6506
vn 0.9059 -0.2818 0.3163
vn 0.8791 -0.3157 0.3572
vn 0.7516 -0.2186 0.6223
vn 0.7562 -0.2348 0.6108
vn 0.7696 -0.2374 0.5928
vn -0.1861 0.0307 0.9821
vn -0.3046 -0.0033 0.9525
vn -0.5230 0.0838 0.8482
vn 0.8123 -0.2820 0.5105
vn 0.7809 -0.3266 0.5325
vn 0.6751 -0.3084 0.6701
vn 0.4733 -0.2026 0.8573
vn 0.4477 -0.2533 0.8576
vn 0.1357 -0.1577 0.9781
vn -0.5756 0.2104 0.7902
vn -0.5703 0.0995 0.8154
vn -0.5784 0.0976 0.8099
vn 0.8773 -0.2482 0.4107
vn 0.8216 -0.2470 0.5138
vn 0.7774 -0.2381 0.5822
vn -0.4770 -0.0946 0.8738
vn -0.3964 -0.0425 0.9171
vn -0.5936 -0.0354 0.8040
vn -0.5369 -0.3292 -0.7767
vn -0.4933 -0.4283 -0.7571
vn -0.3404 -0.3963 -0.8527
vn -0.8462 -0.3996 0.3526
vn -0.8475 -0.3923 0.3577
vn -0.8423 -0.3994 0.3619
vn 0.7557 -0.5660 0.3294
vn 0.6983 -0.5207 0.4912
vn 0.8028 -0.4978 0.3282
vn -0.7888 -0.6130 0.0443
vn -0.7896 -0.6095 -0.0705
vn -0.6272 -0.6264 -0.4628
vn -0.8495 -0.4937 0.1862
vn -0.8156 -0.5306 0.2307
vn -0.8348 -0.5264 0.1613
vn 0.2014 -0.1957 -0.9598
vn -0.0638 -0.2598 -0.9636
vn 0.0058 -0.4308 -0.9024
vn 0.5747 -0.3880 0.7205
vn 0.3806 -0.2904 0.8780
vn -0.0372 -0.1131 0.9929
vn 0.6268 -0.7789 -0.0207
vn 0.7198 -0.6941 -0.0049
vn 0.6957 -0.7101 0.1090
vn 0.0740 -0.4392 -0.8953
vn 0.0665 -0.4873 -0.8707
vn 0.3405 -0.4890 -0.8031
vn -0.8665 -0.3410 0.3646
vn -0.8566 -0.3338 0.3935
vn -0.8422 -0.3756 0.3869
vn 0.8489 -0.5080 0.1457
vn 0.8486 -0.4849 0.2115
vn 0.7599 -0.4700 0.4490
vn 0.5849 -0.6776 -0.4458
vn 0.6663 -0.6052 -0.4356
vn 0.6949 -0.6342 -0.3388
vn 0.6579 -0.7530 -0.0132
vn 0.7007 -0.7106 -0.0644
vn 0.6775 -0.7314 -0.0780
vn -0.4978 -0.0505 -0.8658
vn -0.4311 -0.2706 -0.8608
vn -0.2300 -0.1602 -0.9599
vn 0.5694 -0.5004 -0.6522
vn 0.5694 -0.4942 -0.6570
vn 0.6819 -0.4879 -0.5449
vn -0.8766 -0.3132 0.3652
vn -0.8753 -0.2952 0.3829
vn -0.8901 -0.2932 0.3489
vn -0.8251 -0.5636 -0.0404
vn -0.8450 -0.5348 -0.0008
vn -0.7876 -0.5991 -0.1438
vn 0.7101 -0.7040 -0.0151
vn 0.8344 -0.4512 -0.3167
vn 0.7468 -0.6626 -0.0565
vn 0.6444 -0.7594 0.0897
vn 0.6541 -0.7061 0.2713
vn 0.6013 -0.6866 0.4087
vn 0.7797 -0.6128 0.1283
vn 0.6503 -0.6395 0.4102
vn 0.6991 -0.5850 0.4112
vn 0.5699 -0.6641 0.4838
vn 0.5487 -0.6687 0.5019
vn 0.5675 -0.6663 0.4838
vn -0.7000 -0.5762 -0.4219
vn -0.6585 -0.5490 -0.5147
vn -0.5749 -0.4755 -0.6658
vn 0.6757 -0.4812 -0.5585
vn 0.6832 -0.4740 -0.5555
vn 0.8752 -0.3805 -0.2989
vn 0.5978 -0.7940 -0.1103
vn 0.6654 -0.7351 -0.1303
vn 0.6301 -0.7461 -0.2152
vn 0.7910 -0.5514 0.2652
vn 0.8015 -0.4995 0.3289
vn 0.8034 -0.5014 0.3211
vn -0.5855 -0.7986 -0.1390
vn -0.6284 -0.7603 -0.1642
vn -0.6304 -0.7594 -0.1608
vn -0.6647 -0.7008 -0.2590
vn -0.7096 -0.6669 -0.2273
vn -0.6386 -0.7331 -0.2340
vn -0.7322 -0.1090 0.6723
vn -0.6573 -0.0450 0.7523
vn -0.7067 -0.0525 0.7055
vn 0.5879 -0.8088 0.0183
vn 0.6921 -0.7198 0.0542
vn 0.6869 -0.7134 0.1383
vn 0.5489 -0.7885 -0.2775
vn 0.6186 -0.7473 -0.2427
vn 0.6738 -0.7084 -0.2100
vn -0.6361 -0.7696 -0.0559
vn -0.6721 -0.7275 -0.1375
vn -0.6223 -0.7103 -0.3290
vn -0.8659 -0.4317 0.2526
vn -0.8509 -0.4315 0.2996
vn -0.8527 -0.4583 0.2506
vn -0.8525 -0.1079 0.5115
vn -0.7816 -0.1475 0.6061
vn -0.8348 -0.2541 0.4884
vn 0.7490 -0.3520 -0.5614
vn 0.8462 -0.3401 -0.4103
vn 0.8657 -0.2647 -0.4248
vn 0.7053 -0.3749 -0.6016
vn 0.6418 -0.4117 -0.6470
vn 0.7127 -0.4036 -0.5737
vn 0.7984 -0.2372 -0.5535
vn 0.7837 -0.2586 -0.5648
vn 0.8714 -0.3317 -0.3614
vn 0.7487 -0.2706 -0.6052
vn 0.7485 -0.2683 -0.6064
vn 0.7757 -0.2903 -0.5603
vn 0.8090 -0.5529 -0.1997
vn 0.7984 -0.5515 -0.2417
vn 0.7442 -0.6495 0.1558
vn 0.7688 -0.5626 0.3041
vn 0.8112 -0.5243 0.2592
vn 0.8670 -0.4697 -0.1665
vn -0.0468 -0.1648 0.9852
vn -0.3073 0.0118 0.9515
vn -0.3681 0.0019 0.9298
vn -0.4825 -0.1195 0.8677
vn -0.4793 -0.0642 0.8753
vn -0.5948 0.0303 0.8033
vn -0.8470 -0.1998 0.4926
vn -0.8469 -0.1249 0.5169
vn -0.8738 -0.1101 0.4737
vn -0.9249 -0.3657 -0.1037
vn -0.9537 -0.2932 -0.0670
vn -0.9022 -0.3452 -0.2586
vn -0.7763 -0.4082 -0.4802
vn -0.7841 -0.3695 -0.4987
vn -0.7510 -0.3668 -0.5491
vn -0.5497 -0.4339 -0.7138
vn -0.5579 -0.4023 -0.7258
vn -0.4894 -0.4036 -0.7730
vn -0.4388 -0.4428 -0.7819
vn -0.4440 -0.4202 -0.7914
vn -0.3780 -0.4385 -0.8154
vn -0.2089 -0.4771 -0.8537
vn -0.2410 -0.4644 -0.8522
vn -0.0557 -0.4996 -0.8644
vn 0.6178 -0.4756 -0.6262
vn 0.6380 -0.4459 -0.6278
vn 0.7193 -0.3991 -0.5686
vn 0.7285 -0.4317 -0.5319
vn 0.7498 -0.3807 -0.5411
vn 0.8063 -0.3661 -0.4646
vn 0.8330 -0.3970 -0.3853
vn 0.8447 -0.3587 -0.3973
vn 0.9040 -0.3305 -0.2711
vn 0.8997 -0.3784 -0.2178
vn 0.8866 -0.3372 -0.3165
vn 0.9542 -0.2992 0.0050
vn -0.8694 -0.1199 0.4793
vn -0.8384 -0.0982 0.5361
vn -0.8341 -0.1230 0.5377
vn 0.0979 -0.5204 -0.8483
vn 0.0947 -0.5169 -0.8508
vn 0.3243 -0.5033 -0.8010
vn -0.8779 -0.0978 0.4687
vn -0.8655 -0.0553 0.4978
vn -0.8613 -0.0716 0.5031
vn -0.8300 -0.0551 0.5550
vn -0.8052 -0.0057 0.5929
vn -0.8489 -0.0315 0.5276
vn -0.7216 -0.0491 0.6906
vn -0.6684 0.0620 0.7413
vn -0.7470 0.0245 0.6644
vn 0.9266 -0.3735 0.0438
vn 0.9048 -0.4255 -0.0195
vn 0.9374 -0.3295 0.1126
vn 0.9674 -0.2511 0.0318
vn 0.9596 -0.2813 0.0094
vn 0.9384 -0.2272 0.2602
vn -0.3133 -0.0649 0.9474
vn -0.4090 -0.0680 0.9100
vn -0.4685 -0.0839 0.8795
vn 0.9008 -0.2372 0.3638
vn 0.9386 -0.2359 0.2517
vn 0.9524 -0.1623 0.2580
vn 0.8532 -0.2525 0.4563
vn 0.8769 -0.2453 0.4134
vn 0.9187 -0.2157 0.3309
vn 0.8783 -0.4455 -0.1736
vn 0.8654 -0.4581 -0.2031
vn 0.9143 -0.3713 -0.1616
vn -0.9290 -0.2594 0.2640
vn -0.9282 -0.1610 0.3354
vn -0.9533 -0.2446 0.1771
vn -0.4783 -0.4416 -0.7591
vn -0.4535 -0.4025 -0.7952
vn -0.4206 -0.4054 -0.8116
vn -0.8342 -0.4239 -0.3528
vn -0.8561 -0.3699 -0.3609
vn -0.8045 -0.3743 -0.4612
vn -0.7513 -0.3816 -0.5384
vn -0.7536 -0.3631 -0.5480
vn -0.6959 -0.3800 -0.6094
vn -0.4712 -0.0069 0.8820
vn -0.5463 -0.1369 0.8263
vn -0.6076 -0.1108 0.7865
vn 0.9099 -0.1829 0.3724
vn 0.9690 -0.1521 0.1948
vn 0.9773 -0.1558 0.1437
vn 0.9748 -0.1808 0.1308
vn 0.9690 -0.1665 0.1823
vn 0.9486 -0.1738 0.2644
vn 0.7976 -0.1805 0.5755
vn 0.8612 -0.1823 0.4744
vn 0.9043 -0.1764 0.3887
vn -0.3846 -0.0596 0.9211
vn -0.3788 -0.1652 0.9106
vn -0.6267 -0.1233 0.7695
vn 0.8240 -0.2244 0.5203
vn 0.8878 -0.1982 0.4155
vn 0.7765 -0.2265 0.5880
vn 0.4594 -0.2326 0.8572
vn 0.5987 -0.2447 0.7627
vn 0.2526 -0.2420 0.9368
vn -0.5889 0.0433 0.8071
vn -0.6366 -0.0894 0.7660
vn -0.6477 -0.0696 0.7587
vn 0.8265 -0.1511 0.5423
vn 0.8774 -0.1594 0.4526
vn 0.8656 -0.1728 0.4700
vn 0.8550 -0.4334 -0.2849
vn 0.7955 -0.5623 -0.2258
vn 0.9004 -0.2917 -0.3227
vn 0.4973 -0.4964 -0.7115
vn 0.6199 -0.5005 -0.6043
vn 0.7013 -0.5401 -0.4653
vn 0.9105 -0.3431 -0.2310
vn 0.8731 -0.2578 -0.4137
vn 0.8030 -0.5940 0.0479
vn -0.2000 -0.3489 0.9156
vn -0.4917 -0.1252 0.8617
vn -0.4744 -0.2023 0.8567
vn -0.5264 -0.1163 0.8422
vn -0.6363 -0.1298 0.7604
vn -0.7137 -0.1470 0.6849
vn -0.3714 0.0801 0.9250
vn -0.3879 0.2858 0.8763
vn -0.5184 0.3302 0.7888
vn -0.4685 -0.3582 -0.8076
vn -0.4826 -0.3708 -0.7935
vn -0.4016 -0.3999 -0.8239
vn -0.8453 -0.3776 0.3780
vn -0.8479 -0.3507 0.3976
vn -0.8479 -0.3457 0.4018
vn 0.6472 -0.5402 0.5378
vn 0.6617 -0.3201 0.6779
vn 0.6515 -0.3011 0.6963
vn -0.7991 -0.4951 -0.3410
vn -0.7480 -0.4830 -0.4552
vn -0.6922 -0.4523 -0.5624
vn -0.8334 -0.4620 0.3033
vn -0.8577 -0.4063 0.3151
vn -0.9031 -0.3990 0.1586
vn -0.2128 -0.4336 -0.8756
vn -0.2015 -0.5205 -0.8298
vn -0.0382 -0.4821 -0.8753
vn 0.2191 -0.1093 0.9696
vn -0.0179 0.0552 0.9983
vn -0.3189 0.2412 0.9166
vn 0.8240 -0.5651 0.0413
vn 0.9135 -0.3704 0.1684
vn 0.8824 -0.3596 0.3034
vn 0.0847 -0.4434 -0.8923
vn 0.1161 -0.4378 -0.8915
vn 0.3219 -0.4296 -0.8437
vn -0.8395 -0.3477 0.4175
vn -0.8328 -0.3230 0.4496
vn -0.8424 -0.3442 0.4145
vn 0.7447 -0.3712 0.5546
vn 0.5546 -0.3316 0.7632
vn 0.4232 -0.2271 0.8771
vn 0.7598 -0.5098 -0.4034
vn 0.8652 -0.4130 -0.2843
vn 0.9187 -0.3678 -0.1436
vn 0.7835 -0.6065 -0.1351
vn 0.8298 -0.5285 -0.1791
vn 0.8297 -0.5371 -0.1521
vn -0.3280 -0.4342 -0.8390
vn -0.3833 -0.4486 -0.8074
vn -0.2861 -0.5119 -0.8100
vn 0.5708 -0.4589 -0.6809
vn 0.5671 -0.4451 -0.6931
vn 0.6973 -0.4360 -0.5690
vn -0.8668 -0.2026 0.4556
vn -0.8253 -0.2002 0.5279
vn -0.8518 -0.2640 0.4524
vn -0.8645 -0.5009 0.0417
vn -0.8922 -0.4430 0.0881
vn -0.8590 -0.5075 -0.0678
vn 0.7446 -0.5986 -0.2954
vn 0.8474 -0.4070 -0.3411
vn 0.8414 -0.5019 -0.2002
vn 0.7893 -0.4747 0.3894
vn 0.8842 -0.3006 0.3576
vn 0.8479 -0.3035 0.4347
vn 0.6224 -0.5021 0.6004
vn 0.7590 -0.3195 0.5673
vn 0.7449 -0.3388 0.5748
vn 0.6690 -0.4885 0.5602
vn 0.7355 -0.2838 0.6152
vn 0.7189 -0.2859 0.6336
vn -0.5983 -0.4469 -0.6651
vn -0.5496 -0.4405 -0.7098
vn -0.4828 -0.3949 -0.7817
vn 0.7563 -0.3753 -0.5359
vn 0.7826 -0.4096 -0.4688
vn 0.7731 -0.3782 -0.5092
vn 0.7457 -0.6421 -0.1778
vn 0.8115 -0.5422 -0.2178
vn 0.8001 -0.5480 -0.2438
vn 0.7541 -0.5069 0.4176
vn 0.7854 -0.3518 0.5094
vn 0.7248 -0.3720 0.5798
vn -0.7087 -0.6665 -0.2315
vn -0.7581 -0.5960 -0.2646
vn -0.7529 -0.5867 -0.2981
vn -0.7583 -0.6192 -0.2041
vn -0.8104 -0.5546 -0.1889
vn -0.7680 -0.5837 -0.2636
vn -0.6158 0.1210 0.7786
vn -0.5411 0.3280 0.7743
vn -0.5788 0.3408 0.7408
vn 0.8161 -0.5550 0.1613
vn 0.8744 -0.3355 0.3506
vn 0.8581 -0.2995 0.4170
vn 0.7320 -0.6529 -0.1948
vn 0.8259 -0.5502 -0.1231
vn 0.8532 -0.5154 -0.0798
vn -0.7339 -0.6333 -0.2458
vn -0.7659 -0.5550 -0.3245
vn -0.7389 -0.5201 -0.4285
vn -0.8411 -0.4181 0.3430
vn -0.8521 -0.3574 0.3823
vn -0.8516 -0.3893 0.3510
vn -0.7278 -0.2107 0.6526
vn -0.6957 -0.1700 0.6980
vn -0.7843 -0.1643 0.5982
vn 0.7142 -0.3281 -0.6182
vn 0.6937 -0.3619 -0.6228
vn 0.7812 -0.4151 -0.4662
vn 0.6442 -0.3558 -0.6770
vn 0.6754 -0.3788 -0.6327
vn 0.6846 -0.3694 -0.6284
vn 0.8178 -0.5386 0.2027
vn 0.8206 -0.5452 0.1715
vn 0.8947 -0.4255 -0.1359
vn 0.4800 -0.4439 -0.7566
vn 0.8414 -0.5362 0.0668
vn 0.8817 -0.4676 0.0623
vn 0.6683 -0.7385 -0.0900
vn 0.6624 -0.6658 -0.3434
vn 0.7026 -0.6639 -0.2559
vn 0.3498 -0.8004 -0.4869
vn 0.4959 -0.8020 -0.3331
vn 0.5762 -0.7157 -0.3946
vn -0.2070 -0.0922 0.9740
vn -0.1900 0.0233 0.9815
vn -0.2746 0.0913 0.9572
vn -0.4012 -0.0145 0.9159
vn -0.3387 0.0589 0.9390
vn -0.5731 0.1026 0.8130
vn -0.8362 0.0137 0.5483
vn -0.8235 0.0677 0.5632
vn -0.8581 0.0583 0.5102
vn -0.9911 -0.1326 0.0120
vn -0.9965 -0.0768 0.0317
vn -0.9649 -0.1580 -0.2100
vn -0.8124 -0.2417 -0.5307
vn -0.8206 -0.1853 -0.5406
vn -0.7928 -0.2054 -0.5738
vn -0.6227 -0.3562 -0.6967
vn -0.6721 -0.2776 -0.6865
vn -0.5872 -0.3202 -0.7434
vn -0.4539 -0.4231 -0.7842
vn -0.4583 -0.4139 -0.7865
vn -0.3890 -0.4199 -0.8200
vn -0.2942 -0.4179 -0.8596
vn -0.2836 -0.4122 -0.8658
vn -0.1038 -0.3952 -0.9127
vn 0.6769 -0.4395 -0.5905
vn 0.6659 -0.4222 -0.6151
vn 0.7623 -0.4023 -0.5070
vn 0.7614 -0.4080 -0.5038
vn 0.7815 -0.3803 -0.4947
vn 0.8399 -0.3222 -0.4367
vn 0.8781 -0.2825 -0.3861
vn 0.8964 -0.2275 -0.3805
vn 0.9606 -0.0924 -0.2620
vn 0.9289 -0.0853 -0.3605
vn 0.9279 -0.0339 -0.3713
vn 0.9998 -0.0092 0.0197
vn -0.8108 0.0364 0.5842
vn -0.8010 0.0802 0.5932
vn -0.8098 0.0749 0.5819
vn 0.0429 -0.4189 -0.9070
vn 0.0357 -0.3959 -0.9176
vn 0.3266 -0.4217 -0.8459
vn -0.7968 0.0438 0.6027
vn -0.7861 0.0752 0.6136
vn -0.8066 0.0840 0.5852
vn -0.7509 0.0435 0.6589
vn -0.7418 0.0593 0.6680
vn -0.7855 0.0769 0.6140
vn -0.6128 0.0277 0.7897
vn -0.5790 0.0596 0.8131
vn -0.6732 0.0577 0.7372
vn 0.8283 -0.1162 0.5481
vn 0.9800 -0.1178 0.1605
vn 0.9833 -0.0852 0.1611
vn 0.9048 -0.2296 0.3585
vn 0.9298 -0.1819 0.3198
vn 0.9300 -0.1811 0.3199
vn 0.0146 0.0667 0.9977
vn 0.1204 0.0060 0.9927
vn -0.1302 0.0502 0.9902
vn 0.9063 -0.2206 0.3605
vn 0.9073 -0.2610 0.3297
vn 0.9214 -0.2523 0.2957
vn 0.8590 -0.2255 0.4597
vn 0.9010 -0.1938 0.3880
vn 0.8853 -0.2512 0.3914
vn 0.9926 -0.1211 0.0112
vn 0.9893 -0.1397 -0.0430
vn 0.9957 -0.0844 -0.0381
vn -0.8903 -0.0123 0.4553
vn -0.8840 0.0345 0.4662
vn -0.9504 -0.0008 0.3111
vn -0.4440 -0.4022 -0.8007
vn -0.4286 -0.3548 -0.8309
vn -0.4383 -0.3986 -0.8056
vn -0.8835 -0.2435 -0.4002
vn -0.8922 -0.1869 -0.4112
vn -0.8206 -0.1854 -0.5406
vn -0.7891 -0.2733 -0.5502
vn -0.8015 -0.2288 -0.5526
vn -0.7578 -0.2437 -0.6052
vn -0.6776 -0.2629 0.6868
vn -0.6486 -0.3696 0.6653
vn -0.6780 -0.3538 0.6443
vn 0.9307 -0.1954 0.3091
vn 0.8618 -0.2761 0.4256
vn 0.8564 -0.2401 0.4570
vn 0.9737 -0.1412 0.1786
vn 0.9136 -0.1803 0.3646
vn 0.9236 -0.1439 0.3552
vn 0.8391 -0.2048 0.5039
vn 0.8706 -0.3159 0.3772
vn 0.9409 -0.2670 0.2083
vn -0.0123 -0.2821 0.9593
vn 0.2169 -0.3011 0.9286
vn -0.2324 -0.3788 0.8958
vn 0.9362 -0.1613 0.3123
vn 0.9450 -0.1123 0.3071
vn 0.9265 -0.1206 0.3564
vn 0.8326 -0.2380 0.5001
vn 0.8999 -0.1475 0.4104
vn 0.7502 -0.2155 0.6251
vn 0.8846 -0.2357 0.4024
vn 0.8457 -0.3212 0.4262
vn 0.8454 -0.3187 0.4286
vn -0.6804 -0.1989 0.7053
vn -0.6655 -0.1681 0.7272
vn -0.5973 -0.1936 0.7783
vn 0.3528 -0.6925 -0.6293
vn 0.7240 -0.5709 0.3872
vn 0.7400 -0.6683 0.0762
vn 0.2152 -0.8925 -0.3963
vn 0.1555 -0.8718 -0.4645
vn 0.0797 -0.8197 -0.5672
vn 0.3615 -0.8375 -0.4097
vn 0.3108 -0.8692 -0.3845
vn 0.2530 -0.8969 -0.3628
vn -0.0767 0.1067 0.9913
vn -0.0897 0.1510 0.9845
vn -0.1948 0.2564 0.9467
vn -0.2657 0.2082 0.9413
vn -0.2250 0.2863 0.9314
vn -0.3219 0.2892 0.9015
vn -0.7929 0.1485 0.5910
vn -0.7785 0.2096 0.5916
vn -0.8061 0.2100 0.5533
vn -0.9947 0.0720 0.0740
vn -0.9853 0.1536 0.0754
vn -0.9800 0.0966 -0.1741
vn -0.8293 -0.1336 -0.5427
vn -0.8369 -0.0730 -0.5425
vn -0.8069 -0.1027 -0.5817
vn -0.7108 -0.1813 -0.6796
vn -0.7239 -0.1292 -0.6777
vn -0.6548 -0.1669 -0.7372
vn -0.5209 -0.3225 -0.7903
vn -0.5397 -0.2661 -0.7987
vn -0.4308 -0.2967 -0.8523
vn -0.2649 -0.3715 -0.8898
vn -0.2634 -0.3058 -0.9149
vn -0.0709 -0.3014 -0.9509
vn 0.7108 -0.2816 -0.6445
vn 0.7140 -0.2334 -0.6601
vn 0.8233 -0.2106 -0.5270
vn 0.8451 -0.2331 -0.4811
vn 0.8649 -0.1637 -0.4745
vn 0.9211 -0.1123 -0.3728
vn 0.9363 -0.0751 -0.3431
vn 0.9451 -0.0245 -0.3258
vn 0.9704 0.0980 -0.2209
vn 0.9226 0.0715 -0.3791
vn 0.9132 0.1200 -0.3895
vn 0.9886 0.1384 -0.0588
vn -0.8071 0.1180 0.5785
vn -0.8127 0.1754 0.5556
vn -0.8064 0.2004 0.5564
vn 0.0307 -0.3681 -0.9293
vn 0.0319 -0.2916 -0.9560
vn 0.3417 -0.2703 -0.9001
vn -0.7902 0.0961 0.6053
vn -0.7685 0.1842 0.6128
vn -0.8065 0.1765 0.5643
vn -0.6610 0.1556 0.7340
vn -0.5929 0.2412 0.7683
vn -0.6908 0.2092 0.6922
vn -0.5212 0.2150 0.8259
vn -0.4709 0.2954 0.8313
vn -0.4876 0.2485 0.8370
vn 0.9000 -0.0787 0.4287
vn 0.9896 -0.0465 0.1361
vn 0.9949 -0.0100 0.1004
vn 0.9763 -0.1169 0.1820
vn 0.9485 -0.1297 0.2889
vn 0.9559 -0.0971 0.2771
vn 0.1965 -0.1056 0.9748
vn 0.2009 0.0131 0.9795
vn -0.0921 0.1296 0.9873
vn 0.9225 -0.1687 0.3473
vn 0.9482 -0.1487 0.2807
vn 0.9492 -0.1030 0.2973
vn 0.8855 -0.2457 0.3943
vn 0.9195 -0.1966 0.3403
vn 0.9340 -0.1552 0.3217
vn 0.9996 -0.0143 -0.0253
vn 0.9964 0.0103 -0.0842
vn 0.9937 0.0509 -0.0999
vn -0.8529 0.1144 0.5094
vn -0.8276 0.2052 0.5225
vn -0.9235 0.1908 0.3328
vn -0.5557 -0.2628 -0.7888
vn -0.5733 -0.2059 -0.7930
vn -0.5077 -0.2391 -0.8277
vn -0.9121 -0.0316 -0.4087
vn -0.9196 0.0399 -0.3909
vn -0.8557 -0.0280 -0.5168
vn -0.8236 -0.1539 -0.5459
vn -0.8229 -0.1100 -0.5575
vn -0.7809 -0.1119 -0.6145
vn -0.6499 -0.3629 0.6678
vn -0.7085 -0.4187 0.5680
vn -0.6734 -0.3807 0.6337
vn 0.8533 -0.1811 0.4890
vn 0.8866 -0.1449 0.4393
vn 0.8792 -0.1632 0.4476
vn 0.7639 -0.2390 0.5994
vn 0.7662 -0.2130 0.6062
vn 0.7603 -0.2156 0.6128
vn 0.8754 -0.1788 0.4490
vn 0.8444 -0.1630 0.5102
vn 0.8578 -0.1514 0.4911
vn 0.5432 -0.4121 0.7315
vn 0.5748 -0.3940 0.7172
vn 0.0333 -0.4527 0.8910
vn 0.8799 -0.1711 0.4433
vn 0.8533 -0.1735 0.4916
vn 0.8844 -0.1489 0.4423
vn 0.9058 -0.1418 0.3993
vn 0.9139 -0.1286 0.3851
vn 0.9196 -0.1703 0.3539
vn 0.7935 -0.2028 0.5738
vn 0.8115 -0.1627 0.5612
vn 0.7715 -0.1798 0.6103
vn -0.6069 -0.3473 0.7149
vn -0.6517 -0.2504 0.7159
vn -0.4789 -0.2824 0.8312
vn 0.7104 0.7009 0.0635
vn 0.6758 0.3442 0.6518
vn 0.7636 0.5766 0.2905
vn 0.7558 0.4756 0.4500
vn 0.7833 0.5025 0.3659
vn 0.7378 0.5405 0.4044
vn 0.7743 0.6328 -0.0071
vn -0.3519 -0.1132 0.9292
vn -0.1704 0.1235 0.9776
vn -0.1762 0.2725 0.9459
vn -0.2232 0.4367 0.8715
vn -0.2022 0.5909 0.7810
vn -0.0507 0.7814 0.6220
vn 0.0430 0.8503 0.5246
vn 0.1101 0.8571 0.5033
vn -0.2307 -0.2795 0.9320
vn -0.1564 -0.5032 0.8499
vn -0.7348 -0.2435 0.6330
vn -0.6253 -0.0474 0.7790
vn -0.5236 0.1633 0.8362
vn -0.2910 0.3937 0.8719
vn -0.3091 0.5375 0.7846
vn -0.3199 0.5703 0.7566
vn -0.1359 0.7526 0.6443
vn 0.0332 0.8265 0.5620
vn 0.1162 0.8383 0.5326
vn -0.8982 -0.3789 0.2230
vn -0.8782 -0.1498 0.4542
vn -0.8458 0.0088 0.5334
vn -0.7953 0.2166 0.5662
vn -0.7272 0.4043 0.5547
vn -0.5857 0.6367 0.5015
vn -0.4869 0.7385 0.4664
vn -0.3023 0.8305 0.4678
vn -0.0226 0.9479 0.3178
vn -0.7991 -0.5393 -0.2657
vn -0.9056 -0.3508 -0.2386
vn -0.9676 -0.1653 -0.1908
vn -0.9825 0.1101 -0.1501
vn -0.9727 0.2203 -0.0725
vn -0.8331 0.5528 -0.0206
vn -0.1038 0.9730 -0.2059
vn -0.6457 0.7597 -0.0775
vn -0.5113 0.8480 -0.1399
vn -0.1650 0.9762 -0.1406
vn -0.7671 -0.4281 -0.4777
vn -0.7543 -0.3491 -0.5560
vn -0.7935 -0.2107 -0.5709
vn -0.8166 -0.1254 -0.5634
vn -0.8254 0.0559 -0.5618
vn -0.7120 0.4143 -0.5670
vn -0.4227 0.7296 -0.5375
vn -0.2811 0.8194 -0.4996
vn -0.4392 -0.4190 -0.7947
vn -0.4724 -0.4579 -0.7531
vn -0.5581 -0.3211 -0.7651
vn -0.6564 -0.1318 -0.7428
vn -0.6588 0.1131 -0.7437
vn -0.5372 0.4303 -0.7254
vn -0.3046 0.7850 -0.5394
vn -0.1769 0.7984 -0.5755
vn 0.1401 0.8524 -0.5037
vn 0.2967 0.8304 -0.4716
vn -0.0695 0.9126 -0.4029
vn 0.2158 0.9214 -0.3232
vn 0.0380 0.9172 -0.3966
vn -0.7989 0.2656 0.5396
vn -0.8600 -0.3278 0.3911
vn -0.6891 0.4286 0.5843
vn -0.8341 -0.0965 0.5432
vn -0.7973 0.1641 0.5808
vn -0.8007 0.2309 0.5528
vn -0.8576 -0.3255 0.3982
vn -0.6200 0.4564 0.6382
vn -0.8515 -0.0673 0.5200
vn -0.8198 0.1428 0.5545
vn -0.4894 0.5533 0.6741
vn 0.2010 0.9357 0.2899
vn -0.2012 0.8027 0.5615
vn -0.0541 0.8602 0.5070
vn 0.0577 0.8989 0.4344
vn -0.6043 0.3447 0.7183
vn -0.4369 0.5433 0.7169
vn -0.8141 -0.0088 0.5807
vn -0.7736 0.0718 0.6296
vn -0.3769 0.4400 0.8151
vn -0.8152 -0.3154 0.4858
vn -0.2875 0.5676 0.7715
vn -0.7056 -0.0934 0.7024
vn -0.5982 0.0623 0.7989
vn -0.2816 0.5710 0.7712
vn -0.1206 0.7668 0.6305
vn -0.0521 0.8175 0.5736
vn 0.0853 0.8691 0.4873
vn -0.2580 0.0132 0.9661
vn -0.0695 0.0253 0.9973
vn -0.0482 0.1376 0.9893
vn 0.0107 0.3349 0.9422
vn 0.1423 0.6657 0.7326
vn 0.6037 0.7491 0.2727
vn 0.1240 0.7943 0.5947
vn 0.2024 0.8190 0.5369
vn 0.3864 0.7925 0.4719
vn -0.4805 -0.1236 0.8682
vn -0.6404 -0.2069 0.7396
vn -0.8821 -0.4709 -0.0138
vn -0.9524 -0.2168 0.2143
vn -0.9531 -0.0412 0.2998
vn -0.9224 0.1857 0.3388
vn -0.8544 0.3942 0.3386
vn -0.7462 0.5858 0.3163
vn -0.0057 0.9973 0.0737
vn -0.6016 0.7420 0.2959
vn -0.4681 0.8525 0.2327
vn -0.1055 0.9848 0.1378
vn 0.7199 0.6847 0.1136
vn -0.7800 -0.5233 -0.3431
vn -0.8091 -0.3746 -0.4528
vn -0.8365 -0.1997 -0.5103
vn -0.8814 -0.0175 -0.4720
vn -0.9058 0.1230 -0.4055
vn -0.8165 0.4447 -0.3682
vn -0.5852 0.7580 -0.2881
vn -0.4020 0.8750 -0.2697
vn -0.1143 0.9356 -0.3340
vn 0.0790 0.9763 -0.2015
vn -0.0371 0.9625 -0.2688
vn -0.6640 -0.4377 -0.6062
vn -0.6940 -0.4313 -0.5765
vn -0.7679 -0.3010 -0.5654
vn -0.7871 -0.0880 -0.6105
vn -0.7583 0.1132 -0.6421
vn -0.6332 0.4517 -0.6286
vn -0.3269 0.7610 -0.5604
vn -0.2438 0.7619 -0.6001
vn 0.4101 0.6586 -0.6310
vn 0.0977 0.8507 -0.5165
vn -0.8332 -0.4503 0.3209
vn -0.6836 -0.6473 -0.3373
vn -0.8306 -0.5337 0.1588
vn -0.8828 -0.3285 0.3358
vn -0.7539 -0.6331 -0.1756
vn -0.5976 -0.4556 -0.6598
vn -0.5842 -0.8041 -0.1099
vn -0.8460 -0.4865 0.2182
vn -0.9005 -0.2449 0.3593
vn 0.7041 -0.6968 0.1368
vn -0.1071 -0.1849 0.9769
vn -0.6260 -0.1247 0.7698
vn -0.8761 -0.2677 0.4011
vn -0.8686 -0.4181 -0.2660
vn -0.7490 -0.4065 -0.5232
vn -0.4655 -0.4918 -0.7358
vn -0.8645 -0.1966 0.4627
vn -0.8786 -0.1440 0.4554
vn -0.8699 -0.1333 0.4749
vn -0.7778 -0.1498 0.6104
vn -0.3671 -0.0859 0.9262
vn -0.9340 -0.3349 0.1242
vn -0.7889 -0.4493 -0.4192
vn -0.6781 -0.4277 -0.5977
vn 0.7593 -0.6447 0.0891
vn -0.1370 -0.4086 0.9024
vn -0.6003 -0.1364 0.7880
vn -0.8383 -0.4249 0.3416
vn -0.7288 -0.4682 -0.4996
vn -0.8690 -0.4697 0.1555
vn -0.8738 -0.2947 0.3868
vn -0.8142 -0.5706 -0.1073
vn -0.4744 -0.3735 -0.7972
vn -0.7091 -0.6674 -0.2275
vn -0.8411 -0.4594 0.2853
vn -0.8148 -0.2185 0.5369
vn -0.2513 -0.0961 0.9631
vn -0.6048 -0.0060 0.7963
vn -0.8735 -0.0729 0.4813
vn -0.9487 -0.2291 -0.2177
vn -0.7759 -0.2817 -0.5644
vn -0.5282 -0.4519 -0.7189
vn -0.8251 0.0391 0.5636
vn -0.8155 0.0329 0.5778
vn -0.7875 0.0347 0.6153
vn -0.6604 -0.0702 0.7476
vn -0.2072 -0.0665 0.9760
vn -0.9558 -0.1033 0.2754
vn -0.8213 -0.2868 -0.4932
vn -0.7333 -0.3695 -0.5707
vn -0.1559 0.2054 0.9662
vn -0.3233 0.2120 0.9222
vn -0.8290 0.1019 0.5500
vn -0.9840 -0.0187 -0.1771
vn -0.7985 -0.1921 -0.5705
vn -0.5863 -0.2455 -0.7720
vn -0.8109 0.1531 0.5648
vn -0.8255 0.1058 0.5543
vn -0.7350 0.1312 0.6653
vn -0.5111 0.1679 0.8430
vn -0.0496 0.0433 0.9978
vn -0.9430 0.0724 0.3250
vn -0.8513 -0.1087 -0.5132
vn -0.7886 -0.1408 -0.5985
vn 0.7119 0.4493 0.5397
vn 0.7396 0.6395 0.2100
vn 0.7891 0.4887 0.3723
vn 0.7679 0.5533 0.3228
vn 0.7711 0.5330 0.3485
vn 0.6642 0.1926 0.7223
vn 0.6168 0.1120 0.7791
vn 0.5912 -0.2184 0.7764
vn 0.6229 -0.3326 0.7081
vn 0.7280 -0.5708 0.3797
vn 0.7296 -0.6114 0.3065
vn 0.7917 -0.5755 0.2050
vn 0.8331 -0.5310 0.1548
vn -0.2678 -0.0458 0.9624
vn -0.2213 -0.0461 0.9741
vn -0.3004 -0.0877 0.9498
vn -0.1742 0.0247 0.9844
vn -0.1180 0.0091 0.9930
vn -0.1627 0.1378 0.9770
vn -0.0887 0.1946 0.9769
vn -0.1269 0.2942 0.9473
vn -0.1971 0.3731 0.9066
vn -0.1426 0.3816 0.9133
vn -0.1219 0.5333 0.8371
vn -0.2229 0.5551 0.8013
vn -0.0610 0.6892 0.7220
vn 0.0175 0.7737 0.6333
vn -0.1335 0.7034 0.6982
vn 0.0643 0.8020 0.5938
vn 0.0860 0.8362 0.5417
vn 0.0143 0.8415 0.5401
vn 0.0961 0.8323 0.5459
vn 0.1226 0.8457 0.5194
vn 0.0690 0.8613 0.5035
vn 0.2093 0.8507 0.4823
vn 0.3548 0.8477 0.3943
vn 0.2489 0.8803 0.4039
vn -0.1921 -0.2442 0.9505
vn -0.4102 -0.0227 0.9117
vn -0.4675 -0.0785 0.8805
vn -0.1112 -0.4796 0.8704
vn -0.4794 -0.2872 0.8293
vn -0.4852 -0.3141 0.8160
vn -0.6488 -0.1740 0.7408
vn -0.5592 -0.1997 0.8046
vn -0.6523 -0.2568 0.7131
vn -0.5276 -0.0717 0.8464
vn -0.5037 -0.0561 0.8621
vn -0.6126 -0.0258 0.7900
vn -0.2991 0.1224 0.9463
vn -0.2475 0.1845 0.9512
vn -0.4426 0.1523 0.8837
vn -0.2113 0.3203 0.9235
vn -0.2250 0.4371 0.8708
vn -0.2893 0.4867 0.8243
vn -0.2638 0.4803 0.8365
vn -0.2633 0.5858 0.7665
vn -0.3145 0.6146 0.7234
vn -0.2785 0.5803 0.7653
vn -0.1897 0.6703 0.7175
vn -0.2416 0.6533 0.7175
vn -0.0877 0.7571 0.6474
vn 0.0104 0.8289 0.5592
vn -0.0334 0.8284 0.5592
vn 0.0552 0.8370 0.5444
vn 0.1068 0.8385 0.5344
vn 0.0985 0.8307 0.5479
vn 0.1420 0.8284 0.5419
vn 0.2331 0.8763 0.4216
vn 0.1965 0.8916 0.4079
vn -0.8674 -0.3410 0.3624
vn -0.8594 -0.2739 0.4317
vn -0.8863 -0.2970 0.3554
vn -0.8536 -0.1382 0.5022
vn -0.8566 -0.0725 0.5109
vn -0.8820 -0.0952 0.4615
vn -0.8278 0.0578 0.5581
vn -0.8151 0.0956 0.5714
vn -0.8350 0.0617 0.5468
vn -0.7773 0.2524 0.5763
vn -0.7201 0.3881 0.5752
vn -0.7603 0.3292 0.5600
vn -0.6870 0.4118 0.5987
vn -0.6084 0.5026 0.6142
vn -0.6571 0.5298 0.5362
vn -0.5535 0.5825 0.5953
vn -0.5021 0.6773 0.5377
vn -0.5258 0.7165 0.4583
vn -0.4282 0.7406 0.5178
vn -0.3053 0.7974 0.5205
vn -0.3817 0.7946 0.4722
vn -0.2510 0.8056 0.5367
vn -0.1349 0.8704 0.4735
vn -0.1815 0.8981 0.4007
vn 0.0199 0.9286 0.3706
vn 0.1211 0.9363 0.3297
vn -0.8425 -0.5137 -0.1619
vn -0.8814 -0.4523 -0.1362
vn -0.8384 -0.4727 -0.2712
vn -0.9585 -0.2821 -0.0406
vn -0.9737 -0.2271 -0.0174
vn -0.9271 -0.2964 -0.2295
vn -0.9939 -0.1028 0.0407
vn -0.9977 -0.0447 0.0510
vn -0.9775 -0.1074 -0.1817
vn -0.9865 0.1477 0.0704
vn -0.9646 0.2548 0.0676
vn -0.9733 0.1917 -0.1260
vn -0.9241 0.3742 0.0772
vn -0.8525 0.5077 0.1246
vn -0.9181 0.3956 -0.0237
vn -0.8040 0.5762 0.1472
vn -0.7301 0.6737 0.1142
vn -0.7461 0.6639 -0.0504
vn -0.0631 0.9963 -0.0587
vn 0.0806 0.9907 -0.1101
vn 0.0046 0.9765 -0.2156
vn -0.6415 0.7638 0.0713
vn -0.5458 0.8374 0.0281
vn -0.5112 0.8513 -0.1185
vn -0.5220 0.8529 0.0073
vn -0.3716 0.9284 -0.0010
vn -0.3983 0.9083 -0.1280
vn -0.1693 0.9855 -0.0119
vn -0.1027 0.9944 -0.0266
vn -0.0996 0.9785 -0.1805
vn -0.7769 -0.4764 -0.4116
vn -0.7740 -0.4308 -0.4641
vn -0.7672 -0.3881 -0.5106
vn -0.7767 -0.3667 -0.5121
vn -0.7864 -0.3271 -0.5240
vn -0.7653 -0.3140 -0.5619
vn -0.8090 -0.1905 -0.5561
vn -0.8101 -0.1541 -0.5657
vn -0.7968 -0.1845 -0.5753
vn -0.8355 -0.0763 -0.5442
vn -0.8485 0.0103 -0.5291
vn -0.8270 -0.0315 -0.5613
vn -0.8515 0.0759 -0.5189
vn -0.8161 0.2340 -0.5284
vn -0.7957 0.2130 -0.5669
vn -0.7424 0.4051 -0.5336
vn -0.6222 0.6086 -0.4925
vn -0.5534 0.6284 -0.5467
vn -0.5036 0.7286 -0.4643
vn -0.4062 0.7940 -0.4524
vn -0.3488 0.7653 -0.5410
vn -0.3120 0.8469 -0.4305
vn -0.2210 0.8923 -0.3936
vn -0.2162 0.8670 -0.4490
vn -0.5508 -0.4293 -0.7157
vn -0.5219 -0.4771 -0.7071
vn -0.4595 -0.4904 -0.7405
vn -0.5480 -0.4508 -0.7047
vn -0.5676 -0.4335 -0.7000
vn -0.4822 -0.4479 -0.7529
vn -0.6519 -0.3144 -0.6901
vn -0.6566 -0.2319 -0.7177
vn -0.5683 -0.2590 -0.7810
vn -0.7341 -0.1018 -0.6714
vn -0.7449 -0.0048 -0.6672
vn -0.6707 -0.0239 -0.7414
vn -0.7263 0.1234 -0.6762
vn -0.6702 0.2876 -0.6842
vn -0.5963 0.2984 -0.7453
vn -0.5866 0.4494 -0.6737
vn -0.4650 0.6443 -0.6071
vn -0.4532 0.6160 -0.6444
vn -0.3373 0.7867 -0.5170
vn -0.2833 0.7981 -0.5317
vn -0.2430 0.8067 -0.5387
vn -0.2388 0.7901 -0.5646
vn -0.1071 0.8456 -0.5229
vn -0.0389 0.8362 -0.5470
vn 0.2387 0.7934 -0.5600
vn 0.1561 0.8148 -0.5583
vn 0.0365 0.8556 -0.5163
vn 0.1098 0.8567 -0.5041
vn 0.0141 0.8385 -0.5447
vn 0.2117 0.8202 -0.5314
vn -0.1867 0.8796 -0.4376
vn -0.2016 0.9068 -0.3703
vn -0.1152 0.9386 -0.3252
vn 0.1433 0.9561 -0.2554
vn -0.0693 0.8991 -0.4323
vn -0.1202 0.9278 -0.3533
vn -0.0145 0.9445 -0.3282
vn -0.8001 0.2364 0.5513
vn -0.7189 0.4051 0.5649
vn -0.7505 0.3771 0.5427
vn -0.8532 -0.3186 0.4130
vn -0.8697 -0.2466 0.4275
vn -0.8735 -0.2491 0.4183
vn -0.6112 0.5075 0.6073
vn -0.5179 0.5547 0.6513
vn -0.8247 -0.1312 0.5501
vn -0.8220 -0.0645 0.5658
vn -0.8320 -0.0195 0.5545
vn -0.8068 0.0769 0.5858
vn -0.8048 0.1052 0.5841
vn -0.7931 0.1989 0.5757
vn -0.4714 0.5755 0.6682
vn -0.4144 0.6619 0.6247
vn -0.2912 0.7712 0.5662
vn -0.1911 0.8143 0.5480
vn -0.1459 0.8188 0.5552
vn -0.0294 0.8604 0.5087
vn -0.6978 0.2643 0.6657
vn -0.6037 0.3943 0.6929
vn -0.6941 0.3837 0.6091
vn -0.8468 -0.3231 0.4226
vn -0.8535 -0.2481 0.4583
vn -0.8714 -0.2458 0.4245
vn -0.5234 0.4611 0.7165
vn -0.4223 0.5278 0.7369
vn -0.5409 0.5311 0.6521
vn -0.8384 -0.0333 0.5441
vn -0.8101 0.0232 0.5859
vn -0.8282 -0.0119 0.5604
vn -0.7488 0.1047 0.6545
vn -0.7577 0.1231 0.6408
vn -0.8186 0.1947 0.5403
vn -0.3624 0.5316 0.7656
vn -0.2591 0.6538 0.7109
vn -0.3692 0.6642 0.6501
vn -0.1004 0.7831 0.6137
vn -0.0055 0.8079 0.5893
vn -0.1232 0.8383 0.5311
vn 0.0268 0.8226 0.5679
vn 0.0287 0.8577 0.5134
vn -0.0028 0.8736 0.4866
vn 0.0639 0.8951 0.4413
vn 0.1390 0.9366 0.3218
vn 0.1510 0.9340 0.3238
vn -0.4761 0.4283 0.7680
vn -0.4072 0.4679 0.7844
vn -0.5205 0.4749 0.7096
vn -0.8299 -0.3246 0.4537
vn -0.8397 -0.2622 0.4755
vn -0.8657 -0.2323 0.4435
vn -0.3382 0.5616 0.7551
vn -0.2550 0.5968 0.7607
vn -0.8074 -0.0611 0.5868
vn -0.7971 -0.0266 0.6033
vn -0.7939 0.0406 0.6067
vn -0.7444 0.0898 0.6616
vn -0.7176 0.1267 0.6849
vn -0.7604 0.1079 0.6404
vn -0.2427 0.5436 0.8035
vn -0.1783 0.6268 0.7585
vn -0.0813 0.7562 0.6493
vn -0.0151 0.8150 0.5793
vn 0.0066 0.7671 0.6415
vn 0.0360 0.8086 0.5873
vn 0.0549 0.8905 0.4517
vn -0.3312 0.4266 0.8416
vn -0.2858 0.4543 0.8437
vn -0.3616 0.4554 0.8136
vn -0.7629 -0.3022 0.5715
vn -0.7346 -0.2618 0.6259
vn -0.8023 -0.2631 0.5359
vn -0.2310 0.5431 0.8073
vn -0.2348 0.5939 0.7695
vn -0.2589 0.6171 0.7431
vn -0.6095 -0.1102 0.7851
vn -0.5805 -0.0728 0.8110
vn -0.6888 -0.0621 0.7223
vn -0.4817 0.0565 0.8745
vn -0.4904 0.0651 0.8691
vn -0.5583 0.1063 0.8228
vn -0.2647 0.5720 0.7764
vn -0.1985 0.6596 0.7249
vn -0.2154 0.6536 0.7256
vn -0.1046 0.7607 0.6406
vn -0.0406 0.8288 0.5580
vn -0.0584 0.8389 0.5412
vn -0.0389 0.8264 0.5617
vn 0.0224 0.8283 0.5599
vn 0.0089 0.8106 0.5855
vn 0.0925 0.8549 0.5104
vn 0.1285 0.9274 0.3514
vn 0.0033 -0.1356 0.9908
vn 0.0533 -0.1094 0.9926
vn -0.2314 0.0224 0.9726
vn 0.1631 -0.1261 0.9785
vn 0.2421 -0.0069 0.9702
vn -0.0455 0.0557 0.9974
vn 0.2136 0.0187 0.9768
vn 0.2699 0.0989 0.9578
vn -0.0306 0.2349 0.9715
vn 0.2954 0.2085 0.9324
vn 0.3363 0.3898 0.8573
vn 0.0894 0.4878 0.8684
vn 0.3594 0.5500 0.7539
vn 0.3527 0.6737 0.6494
vn 0.1320 0.7594 0.6371
vn 0.7009 0.6602 0.2698
vn 0.7357 0.6536 0.1776
vn 0.6613 0.7319 0.1647
vn 0.3517 0.7278 0.5887
vn 0.3726 0.7686 0.5200
vn 0.1502 0.8287 0.5392
vn 0.4211 0.7705 0.4786
vn 0.5051 0.7367 0.4496
vn 0.2844 0.8079 0.5161
vn 0.5675 0.6975 0.4376
vn 0.6364 0.6797 0.3647
vn 0.5002 0.7720 0.3922
vn -0.4197 -0.0718 0.9048
vn -0.5241 -0.1201 0.8431
vn -0.5790 -0.1410 0.8031
vn -0.6367 -0.1801 0.7498
vn -0.7496 -0.1302 0.6490
vn -0.7550 -0.1515 0.6380
vn -0.8957 -0.4227 0.1381
vn -0.9204 -0.3375 0.1973
vn -0.9114 -0.4072 0.0593
vn -0.9190 -0.1807 0.3504
vn -0.9140 -0.1255 0.3857
vn -0.9560 -0.1537 0.2498
vn -0.8929 -0.0083 0.4501
vn -0.8871 0.0480 0.4591
vn -0.9494 0.0136 0.3138
vn -0.8502 0.2218 0.4775
vn -0.8145 0.3436 0.4675
vn -0.9005 0.2669 0.3433
vn -0.7884 0.4137 0.4552
vn -0.7261 0.5271 0.4415
vn -0.7776 0.5430 0.3171
vn -0.6487 0.6257 0.4331
vn -0.5618 0.7076 0.4286
vn -0.6636 0.6804 0.3108
vn 0.0756 0.9779 0.1947
vn 0.1443 0.9895 -0.0028
vn -0.5335 0.7287 0.4294
vn -0.4566 0.7996 0.3901
vn -0.5111 0.8223 0.2502
vn -0.3920 0.8450 0.3637
vn -0.2405 0.9145 0.3253
vn -0.3155 0.9289 0.1938
vn -0.0609 0.9669 0.2479
vn -0.0078 0.9768 0.2140
vn -0.0610 0.9914 0.1155
vn -0.5504 -0.4197 -0.7217
vn -0.5380 -0.4673 -0.7015
vn -0.4605 -0.4521 -0.7639
vn -0.4770 -0.4354 -0.7635
vn -0.4879 -0.3736 -0.7889
vn -0.5340 -0.3040 -0.7890
vn -0.6041 -0.1309 -0.7861
vn -0.6389 -0.0129 -0.7692
vn -0.6406 0.1400 -0.7550
vn -0.5974 0.3330 -0.7295
vn -0.5431 0.4495 -0.7092
vn -0.4409 0.5823 -0.6830
vn -0.2554 0.7674 -0.5881
vn -0.1759 0.7964 -0.5786
vn 0.3856 0.7909 -0.4752
vn 0.3012 0.8649 -0.4015
vn -0.1030 0.8095 -0.5779
vn 0.0020 0.8446 -0.5354
vn 0.1421 0.8903 -0.4327
vn 0.2859 0.8973 -0.3364
vn 0.5986 0.7466 -0.2904
vn 0.8086 0.3924 -0.4385
vn 0.7271 0.6684 0.1569
vn -0.7908 -0.5351 -0.2971
vn -0.8147 -0.4716 -0.3375
vn -0.7954 -0.4585 -0.3963
vn -0.8551 -0.3682 -0.3649
vn -0.8641 -0.3237 -0.3855
vn -0.8121 -0.3366 -0.4767
vn -0.8852 -0.1980 -0.4210
vn -0.8939 -0.1439 -0.4245
vn -0.8416 -0.1449 -0.5202
vn -0.9267 0.0488 -0.3727
vn -0.9343 0.1329 -0.3308
vn -0.8961 0.0614 -0.4396
vn -0.9376 0.1601 -0.3085
vn -0.9001 0.3294 -0.2852
vn -0.8920 0.2402 -0.3829
vn -0.8306 0.5042 -0.2365
vn -0.7360 0.6482 -0.1950
vn -0.6909 0.6443 -0.3279
vn -0.6316 0.7561 -0.1714
vn -0.4925 0.8603 -0.1319
vn -0.4784 0.8412 -0.2522
vn -0.4762 0.8624 -0.1717
vn -0.3730 0.8941 -0.2479
vn -0.2783 0.8964 -0.3450
vn -0.1852 0.9086 -0.3743
vn -0.1531 0.9484 -0.2776
vn -0.1048 0.9532 -0.2837
vn 0.0075 0.9853 -0.1708
vn 0.1111 0.9889 -0.0988
vn -0.1310 0.9374 -0.3227
vn -0.1180 0.9557 -0.2698
vn -0.0247 0.9787 -0.2039
vn 0.7224 0.6800 0.1254
vn -0.7475 -0.4109 -0.5219
vn -0.7471 -0.3862 -0.5411
vn -0.6777 -0.4327 -0.5946
vn -0.7537 -0.3620 -0.5486
vn -0.7672 -0.3303 -0.5498
vn -0.7115 -0.4031 -0.5756
vn -0.8030 -0.2212 -0.5534
vn -0.8115 -0.1912 -0.5521
vn -0.7839 -0.1971 -0.5887
vn -0.8087 -0.1367 -0.5722
vn -0.8028 -0.0412 -0.5948
vn -0.7812 0.0033 -0.6243
vn -0.7847 0.0624 -0.6168
vn -0.7201 0.2368 -0.6522
vn -0.7073 0.2893 -0.6451
vn -0.6229 0.4169 -0.6619
vn -0.4872 0.6271 -0.6078
vn -0.4781 0.6423 -0.5991
vn -0.3517 0.7437 -0.5686
vn -0.3068 0.7484 -0.5880
vn -0.2880 0.7586 -0.5845
vn -0.2666 0.7821 -0.5633
vn -0.1897 0.8418 -0.5054
vn -0.1374 0.8171 -0.5599
vn 0.6503 0.4929 -0.5781
vn 0.4679 0.7224 -0.5091
vn 0.3173 0.7343 -0.6002
vn -0.0619 0.8223 -0.5657
vn -0.1398 0.8552 -0.4990
vn -0.0043 0.8949 -0.4463
vn 0.6810 0.2538 -0.6869
vn 0.5111 0.6124 -0.6030
vn -0.6890 -0.3385 -0.6408
vn -0.6042 -0.3627 -0.7095
vn -0.8241 -0.4432 0.3527
vn -0.8272 -0.4342 0.3566
vn -0.8325 -0.4410 0.3353
vn -0.6629 -0.6291 -0.4060
vn -0.8455 -0.5010 0.1847
vn -0.8112 -0.5384 0.2282
vn -0.8287 -0.5357 0.1619
vn -0.8658 -0.3538 0.3537
vn -0.8561 -0.3486 0.3816
vn -0.8707 -0.3302 0.3645
vn -0.8694 -0.3121 0.3831
vn -0.8861 -0.3095 0.3450
vn -0.8198 -0.5710 -0.0431
vn -0.8405 -0.5418 -0.0043
vn -0.7863 -0.6008 -0.1439
vn -0.7380 -0.5227 -0.4267
vn -0.6656 -0.5987 -0.4456
vn -0.5230 -0.5298 -0.6677
vn -0.6227 -0.7682 -0.1489
vn -0.7087 -0.6679 -0.2273
vn -0.6281 -0.7766 -0.0479
vn -0.6641 -0.7365 -0.1283
vn -0.8660 -0.4312 0.2534
vn -0.8504 -0.4326 0.2994
vn -0.8427 -0.4782 0.2473
vn -0.8586 -0.1379 0.4938
vn -0.7884 -0.1824 0.5875
vn -0.8426 -0.2818 0.4590
vn 0.7756 -0.6182 0.1280
vn 0.8347 -0.4509 0.3162
vn 0.8596 -0.4090 0.3064
vn -0.0339 -0.1744 0.9841
vn -0.3084 -0.0073 0.9512
vn -0.3692 -0.0139 0.9292
vn -0.5102 -0.1757 0.8419
vn -0.5258 -0.1270 0.8411
vn -0.6260 -0.0516 0.7781
vn -0.8453 -0.2570 0.4684
vn -0.8507 -0.1843 0.4923
vn -0.8788 -0.1987 0.4339
vn -0.9186 -0.3792 -0.1112
vn -0.9470 -0.3120 -0.0766
vn -0.8974 -0.3599 -0.2553
vn -0.7644 -0.4377 -0.4734
vn -0.7685 -0.4066 -0.4940
vn -0.7476 -0.3801 -0.5446
vn -0.5443 -0.4657 -0.6978
vn -0.5519 -0.4539 -0.6996
vn -0.4681 -0.4453 -0.7633
vn -0.8641 -0.1978 0.4628
vn -0.8429 -0.1455 0.5180
vn -0.8463 -0.1314 0.5162
vn -0.8557 -0.1427 0.4974
vn -0.8514 -0.0768 0.5188
vn -0.8701 -0.0796 0.4864
vn -0.8401 -0.1673 0.5160
vn -0.8215 -0.0962 0.5620
vn -0.8433 -0.0647 0.5335
vn -0.7007 -0.1242 0.7025
vn -0.6435 -0.0676 0.7624
vn -0.7353 -0.0905 0.6717
vn -0.3219 -0.0794 0.9435
vn -0.4096 -0.1570 0.8987
vn -0.4706 -0.1546 0.8687
vn -0.9232 -0.2877 0.2548
vn -0.9239 -0.2283 0.3070
vn -0.9475 -0.2682 0.1741
vn -0.5103 -0.4258 -0.7472
vn -0.4725 -0.4046 -0.7830
vn -0.8283 -0.4334 -0.3552
vn -0.8489 -0.3820 -0.3652
vn -0.8010 -0.4104 -0.4359
vn -0.7471 -0.3897 -0.5386
vn -0.7473 -0.3765 -0.5476
vn -0.6791 -0.4344 -0.5917
vn 0.7498 -0.6600 0.0459
vn -0.1999 -0.3507 0.9149
vn -0.4925 -0.1315 0.8604
vn -0.4752 -0.2075 0.8550
vn -0.5302 -0.1207 0.8392
vn -0.6387 -0.1736 0.7496
vn -0.7143 -0.1890 0.6738
vn -0.5432 -0.3544 -0.7612
vn -0.5508 -0.3468 -0.7592
vn -0.8269 -0.4187 0.3755
vn -0.8320 -0.3861 0.3984
vn -0.8456 -0.3943 0.3598
vn -0.6901 -0.4679 -0.5521
vn -0.8287 -0.4728 0.2995
vn -0.8525 -0.4200 0.3112
vn -0.8969 -0.4125 0.1597
vn -0.8398 -0.3632 0.4036
vn -0.8341 -0.3410 0.4336
vn -0.8615 -0.2249 0.4552
vn -0.8198 -0.2256 0.5263
vn -0.8468 -0.2865 0.4483
vn -0.8595 -0.5098 0.0378
vn -0.8870 -0.4541 0.0835
vn -0.8564 -0.5118 -0.0690
vn -0.6430 -0.4261 -0.6364
vn -0.5862 -0.4112 -0.6981
vn -0.4441 -0.3885 -0.8073
vn -0.7576 -0.5966 -0.2648
vn -0.7474 -0.6010 -0.2834
vn -0.7568 -0.6207 -0.2050
vn -0.8089 -0.5563 -0.1906
vn -0.7673 -0.5848 -0.2632
vn -0.7262 -0.6456 -0.2361
vn -0.7592 -0.5695 -0.3151
vn -0.7392 -0.5198 -0.4283
vn -0.8413 -0.4206 0.3395
vn -0.8509 -0.3621 0.3805
vn -0.8439 -0.4086 0.3477
vn -0.7353 -0.2449 0.6319
vn -0.7067 -0.2073 0.6764
vn -0.7974 -0.1980 0.5700
vn 0.8771 -0.3840 0.2884
vn 0.8760 -0.4206 0.2360
vn 0.7521 -0.5968 0.2796
vn 0.7651 -0.5976 0.2399
vn -0.2157 -0.1316 0.9675
vn -0.1986 -0.0353 0.9795
vn -0.1866 0.1045 0.9769
vn -0.4781 -0.0545 0.8766
vn -0.3782 0.1136 0.9187
vn -0.5740 0.1000 0.8127
vn -0.8499 -0.0275 0.5263
vn -0.8392 0.0264 0.5432
vn -0.8588 -0.0153 0.5120
vn -0.9862 -0.1653 -0.0006
vn -0.9934 -0.1132 0.0177
vn -0.9611 -0.1844 -0.2056
vn -0.7937 -0.2988 -0.5299
vn -0.8062 -0.2280 -0.5459
vn -0.7875 -0.2391 -0.5681
vn -0.5914 -0.3982 -0.7012
vn -0.6287 -0.3758 -0.6808
vn -0.5604 -0.3926 -0.7292
vn -0.8179 -0.0083 0.5753
vn -0.8122 0.0401 0.5820
vn -0.8134 0.1013 0.5728
vn -0.7859 0.0310 0.6176
vn -0.7710 0.0707 0.6329
vn -0.8135 0.0863 0.5752
vn -0.7971 -0.0295 0.6031
vn -0.7709 0.0722 0.6328
vn -0.7793 0.0617 0.6236
vn -0.5480 -0.0581 0.8345
vn -0.5130 0.0045 0.8584
vn -0.6230 0.0328 0.7815
vn 0.1005 -0.0726 0.9923
vn 0.0912 -0.0367 0.9952
vn -0.1252 -0.0016 0.9921
vn -0.9061 -0.1073 0.4092
vn -0.8994 -0.0564 0.4334
vn -0.9554 -0.0508 0.2911
vn -0.4420 -0.4309 -0.7868
vn -0.4274 -0.3873 -0.8169
vn -0.8734 -0.2656 -0.4082
vn -0.8820 -0.2126 -0.4206
vn -0.8347 -0.2213 -0.5043
vn -0.7795 -0.2959 -0.5520
vn -0.7911 -0.2568 -0.5552
vn -0.7543 -0.3316 -0.5666
vn 0.6391 -0.4597 0.6166
vn 0.6906 -0.5293 0.4929
vn -0.0589 0.0402 0.9975
vn -0.0391 0.1629 0.9859
vn -0.1485 0.2606 0.9540
vn -0.2178 0.2162 0.9518
vn -0.1923 0.3144 0.9296
vn -0.2495 0.3743 0.8931
vn -0.8090 0.1218 0.5751
vn -0.7980 0.1821 0.5744
vn -0.8127 0.1644 0.5589
vn -0.9981 0.0265 0.0560
vn -0.9934 0.0984 0.0596
vn -0.9836 0.0607 -0.1696
vn -0.8145 -0.1544 -0.5593
vn -0.8218 -0.1001 -0.5609
vn -0.8063 -0.1426 -0.5741
vn -0.6859 -0.1865 -0.7034
vn -0.7117 -0.1194 -0.6923
vn -0.6197 -0.1759 -0.7649
vn -0.8154 0.0969 0.5707
vn -0.8182 0.1590 0.5525
vn -0.8102 0.2177 0.5443
vn -0.7804 0.0892 0.6189
vn -0.7639 0.0888 0.6392
vn -0.8383 0.1433 0.5260
vn -0.6675 0.2004 0.7172
vn -0.5845 0.3386 0.7374
vn -0.6764 0.2261 0.7010
vn -0.4538 0.2248 0.8623
vn -0.3853 0.3312 0.8613
vn -0.4361 0.3118 0.8441
vn 0.2296 0.0680 0.9709
vn 0.1988 0.0204 0.9798
vn -0.0461 0.1241 0.9912
vn -0.8792 0.0897 0.4680
vn -0.8671 0.1488 0.4753
vn -0.9328 0.1405 0.3320
vn -0.5560 -0.3022 -0.7743
vn -0.5729 -0.2070 -0.7931
vn -0.9039 -0.0665 -0.4226
vn -0.9135 0.0030 -0.4068
vn -0.8659 -0.0567 -0.4970
vn -0.8125 -0.1910 -0.5507
vn -0.8119 -0.1502 -0.5641
vn -0.7878 -0.0985 -0.6080
vn 0.7661 -0.5099 0.3912
vn 0.7357 -0.3182 0.5979
vn 0.8100 -0.5484 0.2076
vn 0.8344 -0.4863 0.2594
vn 0.8329 -0.5159 0.2002
vn 0.8128 -0.5482 0.1973
vn 0.7698 -0.6327 0.0847
vn 0.8215 -0.4859 0.2983
vn 0.7589 -0.5610 0.3306
vn 0.7640 -0.6159 0.1922
vn 0.6903 0.7067 0.1553
vn 0.8111 -0.5683 0.1385
vn 0.8084 -0.5558 0.1937
vn 0.7873 -0.5675 0.2411
vn 0.7780 -0.5778 0.2468
vn 0.6695 -0.3152 0.6726
vn 0.6676 -0.1358 0.7320
vn 0.6532 0.0396 0.7562
vn 0.6517 0.2269 0.7238
vn 0.7647 0.5382 0.3543
vn 0.7813 0.5034 0.3691
vn 0.8104 0.4541 0.3701
vn 0.7233 0.6502 0.2325
vn 0.7473 0.4466 0.4920
vn 0.7654 -0.6304 0.1296
vn 0.7672 -0.5821 0.2695
vn 0.7475 0.5222 0.4106
vn 0.8035 0.4536 0.3856
vn 0.7818 0.4510 0.4306
vn 0.7487 0.5860 0.3098
vn 0.7196 0.3537 0.5975
vn 0.6920 0.3341 0.6400
vn 0.7323 0.5961 0.3293
vn 0.7834 0.4449 0.4340
vn 0.8137 0.4564 0.3599
vn 0.7728 0.5412 0.3316
vn 0.8107 -0.5077 0.2916
vn 0.8174 -0.5528 0.1622
vn 0.7434 0.4064 0.5312
vn 0.7091 0.6565 0.2572
vn 0.8172 0.4830 0.3143
vn 0.7934 0.5023 0.3437
vn 0.7519 0.5505 0.3628
vn 0.6846 0.7066 0.1791
vn 0.8038 -0.5522 0.2215
vn 0.8264 -0.5568 0.0843
vn 0.7003 -0.5414 0.4654
vn 0.6505 -0.4492 0.6124
vn 0.7938 -0.5565 0.2453
vn 0.7816 -0.5529 0.2888
vn 0.8553 -0.4051 0.3231
vn 0.8148 -0.4838 0.3195
vn 0.7787 -0.5498 0.3024
vn 0.7813 -0.5252 0.3373
vn 0.8300 -0.5274 0.1816
vn 0.8246 -0.5206 0.2214
vn 0.7494 -0.6055 0.2678
vn 0.7412 -0.5868 0.3260
vn 0.6265 -0.3419 0.7005
vn 0.6471 -0.1548 0.7465
vn 0.6650 0.0755 0.7430
vn 0.6882 0.2612 0.6769
vn 0.9565 -0.0799 0.2804
vn 0.9481 -0.1181 0.2951
vn 0.6960 -0.5824 0.4200
vn 0.7200 -0.2850 0.6328
vn 0.9273 -0.2075 0.3115
vn 0.9300 -0.1565 0.3327
vn 0.8434 -0.5232 0.1222
vn 0.8792 -0.4618 0.1177
vn 0.8360 -0.5111 0.1998
vn 0.8159 -0.5437 0.1968
vn 0.8385 -0.4449 -0.3145
vn 0.7573 -0.5138 -0.4033
vn 0.8620 -0.5066 0.0192
vn 0.9253 -0.2414 0.2926
vn 0.9478 -0.3180 -0.0228
vn 0.8252 -0.4791 0.2993
vn 0.7812 -0.5211 0.3437
vn 0.7535 -0.6340 0.1743
vn 0.6609 -0.6121 -0.4342
vn 0.5874 -0.6767 -0.4439
vn 0.8812 -0.2812 -0.3800
vn 0.6957 0.6954 0.1802
vn 0.3842 0.9233 0.0020
vn 0.8613 0.5013 0.0831
vn 0.9058 0.4195 0.0598
vn 0.9017 0.4254 0.0773
vn 0.9203 0.3618 0.1489
vn 0.9555 0.1878 0.2275
vn 0.9612 0.0679 0.2672
vn 0.9593 0.0073 0.2824
vn 0.9598 -0.0504 0.2762
vn 0.9410 -0.0784 0.3292
vn 0.9280 -0.0867 0.3625
vn 0.9015 -0.1864 0.3905
vn 0.8898 -0.2335 0.3921
vn 0.7337 0.6698 0.1146
vn 0.8088 0.5794 0.1005
vn 0.4115 0.9093 0.0624
vn 0.3157 0.9462 0.0710
vn 0.5654 0.8239 0.0393
vn 0.6112 0.7843 0.1063
vn 0.8464 -0.5253 0.0878
vn 0.8321 -0.5277 0.1706
vn 0.8037 -0.5760 0.1495
vn 0.7405 -0.6203 0.2588
vn 0.8588 0.5076 -0.0693
vn 0.6698 -0.2975 0.6803
vn 0.6692 -0.1440 0.7290
vn 0.6743 0.0301 0.7379
vn 0.6792 0.2560 0.6878
vn 0.7587 0.5437 0.3588
vn 0.7814 0.5011 0.3718
vn 0.8152 0.4546 0.3588
vn 0.7136 0.6533 0.2532
vn 0.7493 0.4418 0.4933
vn 0.6914 0.7116 0.1247
vn 0.7920 -0.5980 0.1232
vn 0.7362 -0.6393 0.2222
vn 0.9616 0.0231 -0.2734
vn 0.7058 0.6977 0.1227
vn 0.7764 0.6289 -0.0403
vn 0.7667 0.6420 0.0028
vn 0.7437 0.5281 0.4099
vn 0.8041 0.4558 0.3817
vn 0.7876 0.4498 0.4212
vn 0.7415 0.5889 0.3214
vn 0.7131 0.3510 0.6069
vn 0.7140 0.6975 0.0610
vn 0.9733 -0.1234 0.1936
vn 0.5045 -0.6601 -0.5565
vn 0.9046 -0.2061 0.3731
vn 0.6273 -0.4746 -0.6174
vn 0.8852 -0.4412 -0.1472
vn 0.9028 -0.3940 -0.1726
vn 0.9253 -0.2370 -0.2960
vn 0.9518 -0.1958 -0.2362
vn 0.9634 -0.2622 -0.0555
vn 0.8832 -0.4467 -0.1431
vn 0.8540 -0.4330 -0.2885
vn 0.8310 -0.5283 -0.1742
vn 0.6925 -0.6324 -0.3472
vn 0.8342 -0.4659 -0.2949
vn 0.9683 -0.0921 -0.2322
vn 0.7510 0.6362 0.1771
vn 0.7359 0.6320 0.2431
vn 0.7850 0.6184 -0.0370
vn 0.3860 0.9081 0.1624
vn 0.9032 0.4033 0.1471
vn 0.9338 0.2942 0.2039
vn 0.9764 0.0382 0.2128
vn 0.9757 -0.0566 0.2115
vn 0.9551 -0.1426 0.2597
vn 0.8810 -0.2137 0.4221
vn 0.7682 0.6089 0.1980
vn 0.5139 0.8205 0.2503
vn 0.6115 0.7422 0.2743
vn 0.4634 -0.4681 -0.7524
vn 0.4492 -0.4305 -0.7829
vn 0.9268 0.3748 -0.0236
vn 0.8387 0.5395 0.0746
vn 0.8740 -0.4070 0.2655
vn 0.9183 0.0504 0.3927
vn 0.8100 0.4567 0.3679
vn 0.8218 0.3819 0.4229
vn 0.8848 0.2789 0.3734
vn 0.9320 0.1707 0.3196
vn 0.9754 0.1513 0.1602
vn 0.9784 0.1514 0.1405
vn 0.7287 0.6035 0.3238
vn 0.7561 0.5290 0.3853
vn 0.9730 0.1463 0.1785
vn 0.9613 0.1087 0.2531
vn 0.7900 0.6013 0.1198
vn 0.7619 0.6325 0.1396
vn 0.9726 -0.1075 0.2062
vn 0.4855 -0.5307 -0.6948
vn 0.9335 -0.1817 0.3090
vn 0.4887 -0.4721 -0.7337
vn 0.8963 -0.4200 -0.1425
vn 0.7923 -0.5290 -0.3041
vn 0.9593 -0.2021 0.1974
vn 0.8668 -0.4832 -0.1233
vn 0.6088 -0.7148 -0.3442
vn 0.8461 0.5049 0.1706
vn 0.9044 0.3868 0.1800
vn 0.9691 0.1436 0.2004
vn 0.9748 -0.0002 0.2233
vn 0.9701 -0.1094 0.2167
vn 0.8770 -0.2022 0.4359
vn 0.6883 0.6849 0.2392
vn 0.5742 0.7947 0.1969
vn 0.5869 0.7642 0.2674
vn 0.6477 -0.4054 -0.6452
vn 0.3622 -0.5098 -0.7803
vn 0.7946 -0.5912 -0.1379
vn 0.9036 -0.1564 0.3987
vn 0.9482 -0.1050 0.2999
vn 0.9494 -0.1360 0.2830
vn 0.2126 -0.6108 -0.7627
vn 0.1804 -0.6950 -0.6960
vn 0.9215 -0.2321 0.3114
vn 0.9067 -0.2477 0.3414
vn 0.5742 -0.5063 -0.6434
vn 0.4823 -0.5077 -0.7139
vn 0.7848 -0.4032 -0.4707
vn 0.9133 -0.3778 0.1524
vn 0.8279 -0.5599 0.0319
vn 0.8774 -0.4439 -0.1820
vn 0.9609 -0.1539 0.2304
vn 0.9432 -0.2341 0.2358
vn 0.8674 -0.3297 -0.3726
vn 0.8928 -0.2769 -0.3553
vn 0.7315 -0.6818 -0.0061
vn 0.6384 -0.7696 -0.0147
vn 0.8016 -0.5368 -0.2632
vn 0.7901 0.5580 0.2537
vn 0.4667 0.8264 0.3150
vn 0.8598 0.4950 0.1255
vn 0.9115 0.3905 0.1290
vn 0.9345 0.3164 0.1631
vn 0.9274 0.2841 0.2434
vn 0.9599 0.0990 0.2624
vn 0.9581 -0.0061 0.2865
vn 0.9448 -0.0217 0.3270
vn 0.9440 -0.0668 0.3232
vn 0.9420 -0.1584 0.2960
vn 0.9340 -0.1875 0.3041
vn 0.8965 -0.2169 0.3862
vn 0.9325 -0.1850 0.3101
vn 0.7221 0.6769 0.1428
vn 0.7860 0.6052 0.1261
vn 0.7331 0.6598 0.1651
vn 0.6603 0.7284 0.1827
vn 0.6995 0.6973 0.1563
vn 0.7266 0.6722 0.1421
vn 0.7651 -0.4660 -0.4444
vn 0.7170 -0.4932 -0.4926
vn 0.4439 -0.5182 -0.7310
vn 0.3887 -0.5545 -0.7359
vn 0.9933 0.1157 -0.0004
vn 0.3723 -0.7641 -0.5267
vn 0.6381 -0.7238 -0.2626
vn 0.9367 -0.3501 0.0020
vn 0.9950 -0.0837 0.0544
vn 0.9972 -0.0166 0.0723
vn 0.9931 0.0647 0.0975
vn 0.8383 0.5226 0.1556
vn 0.7215 0.5439 0.4284
vn 0.7430 0.5799 0.3341
vn 0.7513 0.3586 0.5541
vn 0.9251 0.1521 0.3481
vn 0.8100 -0.3895 -0.4384
vn 0.9301 -0.2846 -0.2322
vn 0.8739 -0.3249 -0.3615
vn 0.8017 -0.3737 -0.4665
vn 0.9474 -0.2758 -0.1623
vn 0.8057 0.5481 0.2243
vn 0.7515 0.6180 0.2312
vn 0.9374 0.3457 0.0433
vn 0.8756 0.4753 0.0866
vn 0.7312 0.4704 0.4940
vn 0.7117 0.5776 0.3997
vn 0.8280 0.2362 0.5086
vn 0.9826 0.0536 0.1777
vn 0.4936 -0.3150 0.8106
vn 0.5218 -0.4782 0.7064
vn 0.6469 -0.3513 0.6769
vn 0.7664 -0.2729 0.5815
vn 0.5180 -0.1510 0.8419
vn 0.7556 0.5624 0.3360
vn 0.5394 -0.1693 0.8249
vn 0.5224 0.0525 0.8511
vn 0.6955 0.2937 0.6558
vn 0.5069 -0.1222 0.8533
vn 0.7840 0.6124 0.1010
vn 0.5916 -0.0853 0.8017
vn 0.6687 0.1902 0.7188
vn 0.7341 0.4382 0.5187
vn 0.9031 0.4025 -0.1500
vn 0.4742 -0.2784 0.8352
vn 0.5226 -0.4746 0.7082
vn 0.6334 -0.3875 0.6698
vn 0.7748 -0.3525 0.5248
vn 0.4848 -0.1421 0.8630
vn 0.8090 0.5643 0.1649
vn 0.4614 -0.1106 0.8802
vn 0.5104 0.0429 0.8589
vn 0.6284 0.3246 0.7070
vn 0.5021 -0.1406 0.8533
vn 0.8268 0.5614 -0.0357
vn 0.5199 -0.0003 0.8542
vn 0.6442 0.1733 0.7450
vn 0.7579 0.5327 0.3765
vn 0.8259 0.4537 -0.3347
vn 0.2416 0.1462 -0.9593
vn 0.2056 0.0522 -0.9773
vn 0.3441 -0.2539 -0.9040
vn 0.2826 -0.0812 -0.9558
vn 0.2059 0.2839 -0.9365
vn 0.3998 0.5733 -0.7152
vn 0.2017 0.4321 -0.8790
vn 0.1972 0.6292 -0.7518
vn 0.2440 0.7527 -0.6115
vn 0.1469 0.4476 -0.8821
vn 0.3358 0.7864 -0.5185
vn 0.2966 0.5609 -0.7730
vn 0.0700 0.6329 -0.7711
vn 0.2859 0.5488 -0.7856
vn 0.3275 0.2061 -0.9221
vn 0.2576 0.1376 -0.9564
vn 0.2173 0.0566 -0.9745
vn 0.3558 -0.2004 -0.9128
vn 0.3279 -0.0066 -0.9447
vn 0.2244 0.2797 -0.9335
vn 0.3996 0.5731 -0.7155
vn 0.2043 0.4304 -0.8792
vn 0.2005 0.6363 -0.7449
vn 0.2451 0.7560 -0.6069
vn 0.1502 0.4399 -0.8854
vn 0.3440 0.7862 -0.5134
vn 0.2942 0.5608 -0.7739
vn 0.0729 0.6241 -0.7780
vn 0.2833 0.5468 -0.7879
vn 0.3330 0.2087 -0.9195
vn 0.2535 0.1335 -0.9581
vn 0.2127 0.0276 -0.9767
vn 0.3045 -0.1531 -0.9401
vn 0.3293 0.0270 -0.9438
vn 0.2120 0.3231 -0.9223
vn 0.3481 0.6453 -0.6800
vn 0.2593 0.3913 -0.8830
vn 0.2121 0.6149 -0.7595
vn 0.2352 0.7380 -0.6325
vn 0.1876 0.4813 -0.8563
vn 0.2548 0.8629 -0.4365
vn 0.3116 0.5299 -0.7887
vn 0.0779 0.6069 -0.7909
vn 0.2932 0.6425 -0.7079
vn 0.3276 0.2740 -0.9042
vn 0.1415 0.9512 0.2742
vn 0.1886 0.9306 0.3138
vn 0.1648 0.9624 0.2157
vn 0.4902 0.8305 0.2646
vn 0.5819 0.7994 0.1497
vn 0.1876 0.9279 0.3223
vn 0.0734 0.9511 0.2999
vn 0.2114 0.9235 0.3200
vn 0.0761 0.9000 0.4292
vn 0.1642 0.9277 0.3353
vn 0.1458 0.9328 0.3295
vn 0.1933 0.9462 0.2594
vn 0.1110 0.9386 0.3265
vn 0.1056 0.9443 0.3116
vn 0.1503 0.9131 0.3790
vn 0.1826 0.9826 -0.0324
vn 0.6976 0.7083 0.1078
vn 0.9788 0.1100 0.1727
vn 0.5135 0.0481 0.8568
vn 0.9912 0.1198 -0.0556
vn 0.3406 -0.0043 0.9402
vn 0.9740 0.1255 -0.1888
vn 0.5934 0.0360 0.8041
vn 0.7588 0.0615 0.6485
vn 0.8418 0.0761 0.5344
vn 0.9457 0.1018 0.3086
vn 0.6508 0.3769 0.6591
vn 0.7284 0.4220 0.5397
vn 0.8181 0.4732 0.3269
vn 0.8502 0.4920 0.1871
vn 0.4635 0.2498 0.8502
vn 0.8622 0.5048 -0.0435
vn 0.2779 0.1576 0.9476
vn 0.8468 0.4981 -0.1867
vn 0.5110 0.2900 0.8092
vn 0.3546 0.4043 0.8431
vn 0.6898 0.7225 -0.0463
vn 0.2128 0.2493 0.9448
vn 0.6792 0.7116 -0.1800
vn 0.3982 0.4342 0.8080
vn 0.5213 0.5516 0.6512
vn 0.5807 0.6150 0.5335
vn 0.6496 0.6876 0.3243
vn 0.6753 0.7120 0.1922
vn 0.3931 0.7522 0.5288
vn 0.4410 0.8383 0.3207
vn 0.4575 0.8695 0.1861
vn 0.2289 0.4922 0.8399
vn 0.4688 0.8821 -0.0450
vn 0.1372 0.2964 0.9451
vn 0.4673 0.8651 -0.1823
vn 0.2655 0.5202 0.8118
vn 0.3500 0.6748 0.6497
vn 0.1142 0.9751 -0.1900
vn 0.0195 0.6043 0.7965
vn 0.0491 0.7709 0.6351
vn 0.0680 0.8544 0.5151
vn 0.0894 0.9498 0.2999
vn 0.1001 0.9800 0.1722
vn 0.0369 0.5505 0.8340
vn 0.1108 0.9922 -0.0569
vn -0.0105 0.3478 0.9375
vn -0.1163 0.9801 0.1607
vn -0.1154 0.5342 0.8374
vn -0.1042 0.9922 -0.0689
vn -0.0848 0.3545 0.9312
vn -0.0940 0.9750 -0.2014
vn -0.1075 0.6062 0.7880
vn -0.1147 0.7672 0.6311
vn -0.1153 0.8522 0.5103
vn -0.1166 0.9512 0.2857
vn -0.4409 0.7451 0.5005
vn -0.4684 0.8422 0.2672
vn -0.4703 0.8725 0.1325
vn -0.3055 0.4708 0.8276
vn -0.4599 0.8833 -0.0915
vn -0.2386 0.3033 0.9225
vn -0.4426 0.8657 -0.2340
vn -0.3462 0.5304 0.7738
vn -0.4097 0.6683 0.6209
vn -0.6577 0.7080 -0.2572
vn -0.4860 0.4294 0.7612
vn -0.5801 0.5473 0.6033
vn -0.6296 0.6070 0.4850
vn -0.6849 0.6859 0.2459
vn -0.6941 0.7099 0.1192
vn -0.4394 0.3715 0.8179
vn -0.6807 0.7224 -0.1216
vn -0.3229 0.2467 0.9137
vn -0.8620 0.4970 0.0998
vn -0.5371 0.2307 0.8113
vn -0.8481 0.5083 -0.1495
vn -0.3844 0.1551 0.9101
vn -0.8178 0.4994 -0.2861
vn -0.5838 0.2874 0.7593
vn -0.7136 0.3738 0.5925
vn -0.7792 0.4157 0.4692
vn -0.8475 0.4768 0.2334
vn -0.8916 0.0616 0.4486
vn -0.9732 0.0888 0.2121
vn -0.9919 0.1031 0.0748
vn -0.5971 0.0304 0.8016
vn -0.9772 0.1164 -0.1778
vn -0.4351 -0.0128 0.9003
vn -0.9416 0.1215 -0.3141
vn -0.6664 0.0244 0.7452
vn -0.8253 0.0483 0.5626
vn -0.9415 -0.0960 -0.3232
vn -0.6653 -0.1138 0.7378
vn -0.8262 -0.1259 0.5491
vn -0.8899 -0.1322 0.4366
vn -0.9696 -0.1323 0.2058
vn -0.9898 -0.1257 0.0674
vn -0.5928 -0.1312 0.7946
vn -0.9760 -0.1086 -0.1886
vn -0.4325 -0.0921 0.8969
vn -0.8619 -0.5039 0.0566
vn -0.5348 -0.3128 0.7849
vn -0.8471 -0.4931 -0.1983
vn -0.3818 -0.2415 0.8921
vn -0.8161 -0.4718 -0.3339
vn -0.5852 -0.3589 0.7272
vn -0.7212 -0.4322 0.5413
vn -0.7817 -0.4601 0.4210
vn -0.8467 -0.4961 0.1921
vn -0.5827 -0.6125 0.5341
vn -0.6284 -0.6537 0.4216
vn -0.6833 -0.7066 0.1840
vn -0.6930 -0.7189 0.0547
vn -0.4393 -0.4408 0.7828
vn -0.6806 -0.7062 -0.1951
vn -0.3258 -0.3288 0.8864
vn -0.6542 -0.6808 -0.3296
vn -0.4829 -0.5022 0.7174
vn -0.4597 -0.8687 -0.1842
vn -0.2366 -0.3940 0.8881
vn -0.4432 -0.8353 -0.3253
vn -0.3429 -0.6013 0.7217
vn -0.4144 -0.7326 0.5400
vn -0.4409 -0.7904 0.4253
vn -0.4703 -0.8618 0.1901
vn -0.4734 -0.8793 0.0521
vn -0.3052 -0.5405 0.7840
vn -0.1168 -0.9721 0.2035
vn -0.1178 -0.9904 0.0716
vn -0.1147 -0.6255 0.7717
vn -0.1031 -0.9787 -0.1774
vn -0.0751 -0.4440 0.8929
vn -0.0870 -0.9494 -0.3019
vn -0.0994 -0.6722 0.7336
vn -0.1147 -0.8278 0.5492
vn -0.1213 -0.8974 0.4242
vn 0.0583 -0.8254 0.5615
vn 0.0745 -0.8973 0.4351
vn 0.0916 -0.9717 0.2177
vn 0.1002 -0.9908 0.0911
vn 0.0469 -0.6427 0.7647
vn 0.1107 -0.9791 -0.1704
vn -0.0143 -0.4363 0.8997
vn 0.1146 -0.9485 -0.2952
vn 0.0235 -0.6717 0.7404
vn 0.4829 -0.8641 -0.1419
vn 0.1388 -0.3802 0.9144
vn 0.4775 -0.8352 -0.2728
vn 0.2658 -0.5937 0.7595
vn 0.3551 -0.7312 0.5825
vn 0.3965 -0.7930 0.4624
vn 0.4515 -0.8593 0.2403
vn 0.4701 -0.8749 0.1162
vn 0.2367 -0.5697 0.7870
vn 0.6577 -0.7107 0.2498
vn 0.6863 -0.7166 0.1245
vn 0.3590 -0.4730 0.8046
vn 0.7008 -0.7036 -0.1178
vn 0.2133 -0.3322 0.9188
vn 0.6866 -0.6841 -0.2462
vn 0.3985 -0.5028 0.7670
vn 0.5229 -0.6112 0.5941
vn 0.5834 -0.6584 0.4755
vn 0.6608 -0.4261 0.6179
vn 0.7365 -0.4595 0.4964
vn 0.8281 -0.4920 0.2685
vn 0.8593 -0.4951 0.1281
vn 0.4655 -0.3198 0.8252
vn 0.8689 -0.4874 -0.0863
vn 0.2815 -0.2409 0.9288
vn 0.8517 -0.4727 -0.2259
vn 0.5105 -0.3529 0.7841
vn 0.9923 -0.1063 -0.0640
vn 0.3399 -0.0842 0.9367
vn 0.9760 -0.0954 -0.1960
vn 0.5933 -0.1006 0.7987
vn 0.7629 -0.1074 0.6375
vn 0.8440 -0.1123 0.5244
vn 0.9494 -0.1186 0.2909
vn 0.9804 -0.1190 0.1570
vn 0.5110 -0.1281 0.8500
vn -0.2767 0.1727 0.9453
vn -0.3621 0.0658 0.9298
vn 0.0810 0.2996 0.9506
vn 0.2916 0.0788 0.9533
vn 0.1903 0.1947 0.9622
vn -0.4548 -0.0609 0.8885
vn -0.0577 -0.4773 0.8768
vn 0.3817 -0.0572 0.9225
vn 0.2841 -0.1719 0.9433
vn 0.1815 -0.2613 0.9480
vn 0.0688 -0.3522 0.9334
vn -0.0648 -0.2462 0.9671
vn 0.0565 -0.1617 0.9852
vn 0.1651 -0.0626 0.9843
vn 0.0563 0.0589 0.9967
vn -0.0586 -0.0616 0.9964
vn -0.1673 -0.1687 0.9714
vn -0.2657 -0.0608 0.9621
vn -0.1707 0.0592 0.9835
vn -0.0608 0.1582 0.9855
vn -0.0603 0.4233 0.9040
vn -0.1774 -0.3465 0.9211
vn -0.3646 -0.1717 0.9152
vn -0.2708 -0.2666 0.9250
vn 0.2869 -0.3936 0.8734
vn 0.3693 -0.2348 0.8992
vn 0.4137 -0.1198 0.9025
vn 0.4227 0.0245 0.9059
vn 0.3711 0.1633 0.9141
vn 0.2806 0.3169 0.9060
vn 0.1767 0.4081 0.8957
vn 0.0095 0.4774 0.8786
vn 0.1880 -0.4789 0.8575
vn 0.0125 -0.5346 0.8450
vn -0.1116 -0.5224 0.8454
vn -0.2591 -0.4586 0.8501
vn -0.3691 -0.3701 0.8525
vn -0.4499 -0.2501 0.8573
vn -0.5042 -0.1193 0.8553
vn -0.5085 0.0069 0.8610
vn -0.4494 0.1637 0.8782
vn -0.3750 0.2883 0.8810
vn -0.2434 0.3993 0.8839
vn -0.1121 0.4637 0.8788
vn -0.1781 0.2950 0.9388
vn 0.6579 0.0752 0.7494
vn 0.5787 0.3292 0.7462
vn 0.4546 0.4953 0.7403
vn 0.2819 0.6264 0.7268
vn 0.0716 0.6928 0.7176
vn -0.1334 0.6906 0.7109
vn -0.3690 0.6105 0.7008
vn -0.5253 0.4784 0.7037
vn -0.6472 0.2922 0.7041
vn -0.7195 0.0512 0.6926
vn -0.7138 -0.1412 0.6859
vn -0.6376 -0.3642 0.6789
vn -0.5236 -0.5257 0.6704
vn -0.3537 -0.6643 0.6585
vn -0.1113 -0.7446 0.6582
vn 0.0630 -0.7454 0.6637
vn 0.2878 -0.6854 0.6689
vn 0.4524 -0.5587 0.6951
vn 0.5701 -0.3857 0.7254
vn 0.6562 -0.1370 0.7421
vn 0.9795 0.1112 0.1682
vn -0.3783 -0.1358 0.9157
vn 0.9915 0.1206 -0.0489
vn -0.0840 -0.0846 0.9929
vn 0.9737 0.1254 -0.1900
vn 0.6074 0.0377 0.7935
vn 0.7793 0.0659 0.6231
vn 0.8423 0.0770 0.5335
vn 0.9459 0.1020 0.3080
vn 0.6729 0.3830 0.6329
vn 0.7309 0.4188 0.5389
vn 0.8177 0.4741 0.3264
vn 0.8506 0.4916 0.1864
vn -0.3236 -0.2199 0.9203
vn 0.8633 0.5031 -0.0406
vn -0.0876 -0.0567 0.9945
vn 0.8472 0.4976 -0.1859
vn 0.5251 0.2941 0.7986
vn -0.2146 -0.2847 0.9343
vn 0.6897 0.7228 -0.0443
vn -0.0665 -0.0490 0.9966
vn 0.6786 0.7122 -0.1797
vn 0.4089 0.4418 0.7985
vn 0.5365 0.5668 0.6252
vn 0.5817 0.6174 0.5295
vn 0.6504 0.6872 0.3236
vn 0.6757 0.7114 0.1932
vn 0.3889 0.7558 0.5268
vn 0.4385 0.8382 0.3242
vn 0.4555 0.8713 0.1827
vn -0.1827 -0.2783 0.9430
vn 0.4651 0.8841 -0.0448
vn -0.0551 -0.0589 0.9967
vn 0.4624 0.8673 -0.1844
vn 0.2663 0.5367 0.8007
vn 0.3544 0.6996 0.6204
vn 0.1144 0.9753 -0.1892
vn 0.0261 0.6187 0.7852
vn 0.0576 0.7911 0.6089
vn 0.0703 0.8561 0.5120
vn 0.0850 0.9499 0.3007
vn 0.0953 0.9813 0.1670
vn -0.1207 -0.3135 0.9419
vn 0.1094 0.9923 -0.0576
vn -0.0776 -0.0565 0.9954
vn -0.1108 0.9817 0.1551
vn 0.0256 -0.3241 0.9457
vn -0.1028 0.9923 -0.0694
vn -0.0125 -0.0662 0.9977
vn -0.0930 0.9758 -0.1977
vn -0.1165 0.6230 0.7735
vn -0.1235 0.7857 0.6062
vn -0.1184 0.8537 0.5071
vn -0.1121 0.9515 0.2866
vn -0.4392 0.7487 0.4965
vn -0.4683 0.8414 0.2698
vn -0.4699 0.8737 0.1259
vn 0.0677 -0.2959 0.9528
vn -0.4552 0.8855 -0.0931
vn -0.0439 -0.0770 0.9961
vn -0.4377 0.8691 -0.2304
vn -0.3521 0.5480 0.7588
vn -0.4131 0.6889 0.5956
vn -0.6577 0.7085 -0.2558
vn -0.4958 0.4402 0.7486
vn -0.5924 0.5621 0.5771
vn -0.6323 0.6090 0.4788
vn -0.6837 0.6860 0.2488
vn -0.6917 0.7133 0.1130
vn 0.1092 -0.3093 0.9447
vn -0.6796 0.7235 -0.1211
vn -0.0352 -0.0695 0.9970
vn -0.8647 0.4926 0.0977
vn 0.2497 -0.2531 0.9347
vn -0.8490 0.5064 -0.1511
vn -0.0166 -0.0757 0.9970
vn -0.8186 0.4983 -0.2857
vn -0.5974 0.2952 0.7456
vn -0.7324 0.3814 0.5640
vn -0.7849 0.4132 0.4618
vn -0.8506 0.4706 0.2346
vn -0.8966 0.0624 0.4384
vn -0.9727 0.0903 0.2138
vn -0.9920 0.1034 0.0730
vn 0.3207 -0.1338 0.9377
vn -0.9772 0.1154 -0.1784
vn -0.0149 -0.0841 0.9963
vn -0.9409 0.1207 -0.3165
vn -0.6820 0.0236 0.7310
vn -0.8430 0.0505 0.5355
vn -0.9415 -0.0948 -0.3233
vn -0.6802 -0.1137 0.7241
vn -0.8438 -0.1258 0.5217
vn -0.8943 -0.1318 0.4275
vn -0.9694 -0.1317 0.2074
vn -0.9902 -0.1243 0.0635
vn 0.3262 0.0296 0.9448
vn -0.9761 -0.1077 -0.1886
vn -0.0111 -0.0316 0.9994
vn -0.8637 -0.5010 0.0541
vn 0.2818 0.1333 0.9502
vn -0.8490 -0.4889 -0.2004
vn -0.0130 -0.0320 0.9994
vn -0.8176 -0.4703 -0.3322
vn -0.5971 -0.3675 0.7130
vn -0.7369 -0.4417 0.5117
vn -0.7858 -0.4621 0.4111
vn -0.8468 -0.4950 0.1945
vn -0.5947 -0.6241 0.5068
vn -0.6328 -0.6561 0.4112
vn -0.6833 -0.7064 0.1849
vn -0.6914 -0.7205 0.0536
vn 0.0787 0.2442 0.9665
vn -0.6780 -0.7078 -0.1982
vn -0.0439 -0.0273 0.9987
vn -0.6538 -0.6820 -0.3278
vn -0.4955 -0.5128 0.7011
vn -0.4588 -0.8683 -0.1886
vn -0.0445 -0.0221 0.9988
vn -0.4396 -0.8368 -0.3265
vn -0.3483 -0.6192 0.7037
vn -0.4165 -0.7507 0.5128
vn -0.4396 -0.7963 0.4156
vn -0.4684 -0.8632 0.1884
vn -0.4725 -0.8797 0.0540
vn 0.0457 0.1807 0.9825
vn -0.1170 -0.9729 0.1992
vn -0.1157 -0.9905 0.0740
vn 0.0971 0.2520 0.9628
vn -0.1019 -0.9788 -0.1777
vn -0.0189 -0.0233 0.9995
vn -0.0896 -0.9482 -0.3049
vn -0.1100 -0.6925 0.7130
vn -0.1173 -0.8457 0.5206
vn -0.1217 -0.8995 0.4195
vn 0.0642 -0.8439 0.5326
vn 0.0740 -0.8991 0.4315
vn 0.0903 -0.9727 0.2137
vn 0.1004 -0.9912 0.0867
vn -0.1916 0.2431 0.9509
vn 0.1133 -0.9794 -0.1669
vn -0.0748 -0.0299 0.9968
vn 0.1174 -0.9483 -0.2949
vn 0.0369 -0.6901 0.7227
vn 0.4797 -0.8666 -0.1375
vn -0.0671 -0.0381 0.9970
vn 0.4726 -0.8386 -0.2710
vn 0.2693 -0.6101 0.7451
vn 0.3582 -0.7520 0.5534
vn 0.3923 -0.7977 0.4579
vn 0.4482 -0.8616 0.2382
vn 0.4676 -0.8772 0.1086
vn -0.1812 0.1673 0.9691
vn 0.6578 -0.7113 0.2477
vn 0.6860 -0.7178 0.1191
vn -0.2010 0.2256 0.9533
vn 0.7001 -0.7049 -0.1135
vn -0.0598 -0.0382 0.9975
vn 0.6888 -0.6825 -0.2447
vn 0.4105 -0.5124 0.7543
vn 0.5391 -0.6209 0.5691
vn 0.5853 -0.6591 0.4722
vn 0.6777 -0.4386 0.5902
vn 0.7371 -0.4603 0.4948
vn 0.8292 -0.4921 0.2653
vn 0.8606 -0.4934 0.1261
vn -0.3538 0.1025 0.9297
vn 0.8706 -0.4847 -0.0842
vn -0.0896 -0.0521 0.9946
vn 0.8529 -0.4705 -0.2262
vn 0.5216 -0.3657 0.7708
vn 0.9924 -0.1083 -0.0589
vn -0.0826 -0.0252 0.9963
vn 0.9760 -0.0961 -0.1956
vn 0.6077 -0.0997 0.7879
vn 0.7840 -0.1076 0.6113
vn 0.8439 -0.1127 0.5245
vn 0.9501 -0.1189 0.2886
vn 0.9811 -0.1196 0.1521
vn -0.3872 0.0193 0.9218
vn 0.0966 -0.2258 0.9694
vn 0.1265 -0.1710 0.9771
vn -0.1496 -0.2451 0.9579
vn -0.2413 -0.1568 0.9577
vn -0.2007 -0.2151 0.9557
vn 0.1666 -0.0505 0.9847
vn -0.0714 0.2068 0.9758
vn -0.2799 -0.0614 0.9581
vn -0.2492 0.0360 0.9678
vn -0.1996 0.1198 0.9725
vn -0.1497 0.1663 0.9747
vn -0.0551 0.0747 0.9957
vn -0.1117 0.0117 0.9937
vn -0.1733 -0.0693 0.9824
vn -0.1216 -0.1289 0.9842
vn -0.0460 -0.0587 0.9972
vn -0.0000 -0.0000 1.0000
vn 0.0472 -0.0695 0.9965
vn 0.0099 -0.1210 0.9926
vn -0.0531 -0.1840 0.9815
vn -0.0428 -0.2804 0.9589
vn 0.0354 0.1523 0.9877
vn 0.1426 0.0356 0.9891
vn 0.0833 0.1145 0.9899
vn -0.1755 0.1998 0.9640
vn -0.2393 0.0481 0.9697
vn -0.2519 -0.0208 0.9675
vn -0.2497 -0.1043 0.9627
vn -0.2387 -0.1844 0.9534
vn -0.1991 -0.2778 0.9398
vn -0.2107 -0.3140 0.9258
vn -0.1442 -0.3415 0.9287
vn -0.2048 0.2520 0.9458
vn -0.2184 0.1600 0.9627
vn 0.1101 0.1866 0.9762
vn 0.1121 0.2724 0.9556
vn 0.0334 0.2176 0.9755
vn 0.0908 0.0273 0.9955
vn 0.0923 -0.0320 0.9952
vn 0.0940 -0.0787 0.9924
vn 0.0782 -0.1803 0.9805
vn 0.0578 -0.2699 0.9612
vn 0.0929 -0.3001 0.9494
vn 0.0354 -0.3294 0.9435
vn 0.0474 -0.2552 0.9657
vn -0.3538 -0.1209 0.9275
vn -0.3165 -0.2005 0.9272
vn -0.2574 -0.2701 0.9278
vn -0.1910 -0.3207 0.9277
vn -0.1132 -0.3546 0.9281
vn 0.0270 -0.3560 0.9341
vn 0.0873 -0.3441 0.9349
vn 0.1801 -0.2935 0.9388
vn 0.2481 -0.2248 0.9423
vn 0.3009 -0.1287 0.9449
vn 0.3041 0.0218 0.9524
vn 0.2719 0.1236 0.9544
vn 0.1964 0.2447 0.9495
vn 0.1104 0.2888 0.9510
vn 0.0194 0.3017 0.9532
vn -0.1151 0.3042 0.9456
vn -0.2220 0.2593 0.9399
vn -0.2757 0.2125 0.9375
vn -0.3463 0.0999 0.9328
vn -0.3646 0.0107 0.9311
vn 0.2873 -0.0230 0.9576
vn 0.2317 0.1322 0.9638
vn 0.1724 0.2082 0.9628
vn 0.1090 0.2430 0.9639
vn -0.0257 0.2833 0.9587
vn -0.0713 0.2919 0.9538
vn -0.2160 0.2567 0.9420
vn -0.2913 0.2050 0.9344
vn -0.3362 0.1260 0.9333
vn -0.3797 -0.0303 0.9246
vn -0.3779 -0.0784 0.9225
vn -0.3334 -0.2169 0.9175
vn -0.2868 -0.2863 0.9142
vn -0.2086 -0.3420 0.9162
vn -0.0741 -0.3765 0.9235
vn -0.0192 -0.3685 0.9294
vn 0.1067 -0.3322 0.9371
vn 0.1754 -0.2911 0.9405
vn 0.2290 -0.2211 0.9480
vn 0.2852 -0.0691 0.9560
vt 0.791900 0.794000
vt 0.791500 0.795900
vt 0.783600 0.791600
vt 0.783800 0.789300
vt 0.791300 0.797200
vt 0.791100 0.798600
vt 0.783000 0.794300
vt 0.783300 0.792900
vt 0.794500 0.785500
vt 0.792200 0.792100
vt 0.784300 0.787000
vt 0.786700 0.780800
vt 0.814300 0.631800
vt 0.816300 0.649900
vt 0.811600 0.646900
vt 0.809700 0.629300
vt 0.817300 0.674400
vt 0.817100 0.681400
vt 0.811900 0.679100
vt 0.812300 0.671800
vt 0.815100 0.700900
vt 0.814300 0.707700
vt 0.808100 0.705000
vt 0.809200 0.698300
vt 0.812200 0.719000
vt 0.809900 0.730300
vt 0.802900 0.727300
vt 0.805600 0.716200
vt 0.806200 0.744400
vt 0.802300 0.758500
vt 0.794700 0.754700
vt 0.798800 0.741000
vt 0.799600 0.768600
vt 0.797000 0.778900
vt 0.789100 0.774600
vt 0.791900 0.764700
vt 0.797600 0.551100
vt 0.795300 0.551200
vt 0.793700 0.540300
vt 0.796400 0.541200
vt 0.808900 0.595600
vt 0.811800 0.613600
vt 0.807600 0.611700
vt 0.805000 0.594400
vt 0.802400 0.568400
vt 0.799100 0.567400
vt 0.797200 0.558600
vt 0.800000 0.559900
vt 0.816900 0.658600
vt 0.817300 0.667400
vt 0.812200 0.664600
vt 0.812000 0.655800
vt 0.816600 0.687700
vt 0.816000 0.694000
vt 0.810200 0.691600
vt 0.811000 0.685300
vt 0.804100 0.576700
vt 0.800500 0.575800
vt 0.728300 0.966700
vt 0.727900 0.967700
vt 0.716500 0.961600
vt 0.716700 0.960100
vt 0.727400 0.969000
vt 0.727100 0.970300
vt 0.716400 0.964000
vt 0.716400 0.963000
vt 0.732200 0.959700
vt 0.728700 0.965900
vt 0.717100 0.959000
vt 0.720700 0.952700
vt 0.754000 0.811100
vt 0.756600 0.829000
vt 0.746100 0.825700
vt 0.744100 0.808400
vt 0.757500 0.852500
vt 0.757500 0.859500
vt 0.745900 0.854900
vt 0.746000 0.848000
vt 0.756700 0.880000
vt 0.756000 0.886000
vt 0.744300 0.881400
vt 0.745300 0.876100
vt 0.754400 0.898000
vt 0.752400 0.909100
vt 0.741200 0.905000
vt 0.743100 0.894000
vt 0.748100 0.922200
vt 0.743900 0.933600
vt 0.732600 0.926700
vt 0.736400 0.917200
vt 0.740200 0.943800
vt 0.736200 0.953300
vt 0.724500 0.946400
vt 0.728600 0.937200
vt 0.744000 0.734600
vt 0.738800 0.734100
vt 0.738800 0.723000
vt 0.743200 0.723500
vt 0.749700 0.776700
vt 0.752200 0.792800
vt 0.743700 0.790100
vt 0.742300 0.776200
vt 0.745000 0.748100
vt 0.738700 0.746700
vt 0.738300 0.740100
vt 0.744200 0.740800
vt 0.756900 0.837400
vt 0.757800 0.845200
vt 0.746900 0.840400
vt 0.745800 0.833900
vt 0.757400 0.865800
vt 0.757100 0.872800
vt 0.745600 0.868800
vt 0.745800 0.861200
vt 0.746500 0.757200
vt 0.739900 0.754700
vt 0.797700 0.963500
vt 0.798400 0.965800
vt 0.791500 0.963900
vt 0.789200 0.960500
vt 0.799900 0.956900
vt 0.797900 0.961500
vt 0.788000 0.957300
vt 0.789800 0.953500
vt 0.810700 0.848800
vt 0.812400 0.856800
vt 0.806600 0.856400
vt 0.805100 0.848500
vt 0.815000 0.877200
vt 0.815200 0.883600
vt 0.807900 0.883600
vt 0.808200 0.877700
vt 0.814900 0.895300
vt 0.814400 0.905500
vt 0.805500 0.904500
vt 0.806500 0.895500
vt 0.812300 0.919800
vt 0.808400 0.934000
vt 0.798100 0.933000
vt 0.802900 0.918700
vt 0.805200 0.943300
vt 0.801900 0.951800
vt 0.790800 0.949100
vt 0.794200 0.941800
vt 0.804800 0.826500
vt 0.808400 0.839000
vt 0.803000 0.838000
vt 0.800800 0.825100
vt 0.813500 0.863800
vt 0.814300 0.870500
vt 0.807900 0.870900
vt 0.807600 0.863800
vt 0.799300 0.811100
vt 0.796800 0.811900
vt 0.769200 0.864100
vt 0.769000 0.870500
vt 0.767000 0.832300
vt 0.767900 0.841100
vt 0.753100 0.759600
vt 0.751300 0.749600
vt 0.757200 0.777100
vt 0.749700 0.741300
vt 0.749200 0.735200
vt 0.755200 0.940800
vt 0.751800 0.950500
vt 0.763600 0.913300
vt 0.759600 0.927200
vt 0.767600 0.890700
vt 0.765800 0.902100
vt 0.768700 0.876900
vt 0.768200 0.883800
vt 0.768800 0.850000
vt 0.769000 0.857000
vt 0.760700 0.795400
vt 0.764000 0.813800
vt 0.748000 0.960100
vt 0.744200 0.965800
vt 0.738800 0.974500
vt 0.738200 0.975400
vt 0.740600 0.972000
vt 0.739700 0.973400
vt 0.748200 0.724000
vt 0.737800 0.976700
vt 0.818100 0.857200
vt 0.819400 0.863800
vt 0.801400 0.810300
vt 0.809000 0.828000
vt 0.818700 0.935000
vt 0.816400 0.944800
vt 0.823200 0.906500
vt 0.821500 0.921000
vt 0.822500 0.883700
vt 0.823200 0.895200
vt 0.820600 0.870000
vt 0.821800 0.876800
vt 0.813800 0.840100
vt 0.816200 0.849100
vt 0.813100 0.954100
vt 0.810100 0.960000
vt 0.807800 0.965800
vt 0.806100 0.966700
vt 0.805000 0.968000
vt 0.687300 0.747800
vt 0.687600 0.762700
vt 0.666300 0.760700
vt 0.666400 0.745500
vt 0.686900 0.788300
vt 0.686300 0.797500
vt 0.661600 0.794200
vt 0.663400 0.785600
vt 0.684500 0.817400
vt 0.683200 0.826400
vt 0.658100 0.820100
vt 0.659500 0.813400
vt 0.682100 0.840900
vt 0.681300 0.855000
vt 0.657900 0.848600
vt 0.656900 0.834800
vt 0.680500 0.871400
vt 0.679700 0.889100
vt 0.658300 0.884900
vt 0.657500 0.866200
vt 0.678600 0.904600
vt 0.677800 0.921700
vt 0.658300 0.918000
vt 0.658300 0.900100
vt 0.691600 0.670600
vt 0.672400 0.666300
vt 0.674000 0.659700
vt 0.692500 0.664800
vt 0.686600 0.713600
vt 0.686000 0.730500
vt 0.665800 0.729500
vt 0.666600 0.710900
vt 0.688800 0.683900
vt 0.669300 0.679000
vt 0.670300 0.674200
vt 0.690100 0.677600
vt 0.687400 0.771900
vt 0.687200 0.779900
vt 0.665200 0.777300
vt 0.665600 0.769600
vt 0.685700 0.803600
vt 0.685500 0.808700
vt 0.660500 0.806100
vt 0.660600 0.799800
vt 0.678400 0.933200
vt 0.660500 0.929300
vt 0.687300 0.695100
vt 0.666700 0.693400
vt 0.552400 0.893000
vt 0.553300 0.903300
vt 0.548600 0.902200
vt 0.550500 0.893300
vt 0.549200 0.912100
vt 0.545600 0.921400
vt 0.543000 0.921200
vt 0.547800 0.909100
vt 0.556700 0.878800
vt 0.554200 0.886300
vt 0.551500 0.886500
vt 0.553400 0.878300
vt 0.573900 0.698600
vt 0.575100 0.714600
vt 0.548600 0.720600
vt 0.548900 0.706200
vt 0.577900 0.741200
vt 0.577900 0.751400
vt 0.549500 0.754900
vt 0.550200 0.745600
vt 0.578700 0.772800
vt 0.578500 0.783800
vt 0.550600 0.783300
vt 0.550800 0.774800
vt 0.578100 0.797400
vt 0.576400 0.810000
vt 0.554400 0.807800
vt 0.552600 0.795500
vt 0.574200 0.824800
vt 0.571800 0.841100
vt 0.557400 0.838400
vt 0.558100 0.824000
vt 0.566600 0.853300
vt 0.560900 0.868400
vt 0.556200 0.867700
vt 0.556400 0.851600
vt 0.553100 0.587500
vt 0.545300 0.590200
vt 0.543000 0.583700
vt 0.550800 0.581300
vt 0.568400 0.661500
vt 0.571600 0.680800
vt 0.550000 0.689100
vt 0.548500 0.667600
vt 0.560500 0.622800
vt 0.546900 0.627400
vt 0.547200 0.607200
vt 0.557100 0.604300
vt 0.576000 0.723200
vt 0.577000 0.731800
vt 0.549600 0.736600
vt 0.549000 0.729600
vt 0.578100 0.758400
vt 0.578700 0.764000
vt 0.550100 0.765900
vt 0.549500 0.760300
vt 0.564200 0.640700
vt 0.547000 0.646400
vt 0.637400 0.744100
vt 0.638600 0.752700
vt 0.613700 0.756100
vt 0.612200 0.747600
vt 0.629200 0.700300
vt 0.630800 0.710000
vt 0.608100 0.716300
vt 0.606500 0.707300
vt 0.596300 0.630100
vt 0.581400 0.635100
vt 0.574100 0.618100
vt 0.590100 0.612500
vt 0.605500 0.647900
vt 0.588400 0.655500
vt 0.583200 0.596700
vt 0.567000 0.601400
vt 0.560900 0.584800
vt 0.573700 0.580400
vt 0.608300 0.847200
vt 0.600200 0.860700
vt 0.584700 0.858000
vt 0.589500 0.844100
vt 0.625000 0.817300
vt 0.617200 0.832100
vt 0.597000 0.829300
vt 0.603700 0.812700
vt 0.638200 0.782500
vt 0.631500 0.802300
vt 0.607500 0.799300
vt 0.610300 0.784600
vt 0.639400 0.757900
vt 0.639900 0.769200
vt 0.611300 0.772000
vt 0.613500 0.762900
vt 0.634200 0.719300
vt 0.636000 0.731600
vt 0.610800 0.736300
vt 0.608900 0.726400
vt 0.614100 0.665900
vt 0.622300 0.684200
vt 0.602600 0.689400
vt 0.597000 0.670700
vt 0.591400 0.873500
vt 0.584400 0.882800
vt 0.570400 0.880800
vt 0.576600 0.870600
vt 0.565900 0.906400
vt 0.552600 0.919200
vt 0.550700 0.915100
vt 0.558100 0.904500
vt 0.580500 0.889500
vt 0.578500 0.894400
vt 0.566400 0.893300
vt 0.568300 0.888300
vt 0.558500 0.578900
vt 0.571200 0.574900
vt 0.551000 0.923300
vt 0.548300 0.921600
vt 0.882500 0.927900
vt 0.882800 0.941500
vt 0.875100 0.942700
vt 0.872000 0.929400
vt 0.887500 0.960100
vt 0.888800 0.966800
vt 0.885200 0.967900
vt 0.882800 0.961400
vt 0.884800 0.905400
vt 0.883300 0.916800
vt 0.870800 0.918500
vt 0.870500 0.908000
vt 0.885800 0.695400
vt 0.887000 0.706000
vt 0.863900 0.710300
vt 0.863700 0.698700
vt 0.891100 0.740800
vt 0.892500 0.753500
vt 0.862600 0.759800
vt 0.863200 0.749000
vt 0.893600 0.791300
vt 0.894600 0.805800
vt 0.868000 0.808200
vt 0.865800 0.793800
vt 0.894700 0.823100
vt 0.894900 0.834500
vt 0.870100 0.837200
vt 0.869800 0.824800
vt 0.892800 0.847300
vt 0.890600 0.859200
vt 0.872300 0.864000
vt 0.871400 0.850200
vt 0.888900 0.873400
vt 0.886800 0.890900
vt 0.870400 0.893600
vt 0.871600 0.877700
vt 0.865500 0.598700
vt 0.852800 0.602800
vt 0.849500 0.586600
vt 0.862500 0.579600
vt 0.879100 0.663000
vt 0.883100 0.680600
vt 0.863700 0.686700
vt 0.861200 0.668300
vt 0.871400 0.629800
vt 0.856800 0.633900
vt 0.854500 0.615200
vt 0.867600 0.611800
vt 0.888000 0.717100
vt 0.889800 0.729200
vt 0.863800 0.735700
vt 0.864000 0.721500
vt 0.892600 0.765400
vt 0.893300 0.777200
vt 0.864600 0.780800
vt 0.863000 0.768700
vt 0.884400 0.947900
vt 0.886000 0.954300
vt 0.880300 0.955600
vt 0.877700 0.949200
vt 0.875200 0.646000
vt 0.859000 0.650100
vt 0.936400 0.948000
vt 0.934300 0.959700
vt 0.925900 0.961400
vt 0.926900 0.948300
vt 0.933000 0.971700
vt 0.933100 0.972900
vt 0.928100 0.976200
vt 0.928100 0.972500
vt 0.944300 0.924000
vt 0.939600 0.938100
vt 0.927400 0.938100
vt 0.929100 0.923700
vt 0.957900 0.668000
vt 0.960900 0.682100
vt 0.932400 0.690000
vt 0.932100 0.673400
vt 0.967700 0.729100
vt 0.967900 0.747700
vt 0.935500 0.753200
vt 0.936000 0.734200
vt 0.972500 0.791200
vt 0.974700 0.804000
vt 0.939200 0.809200
vt 0.938000 0.795500
vt 0.975000 0.819400
vt 0.973900 0.836600
vt 0.938400 0.836100
vt 0.938600 0.822800
vt 0.969500 0.854300
vt 0.963400 0.872900
vt 0.934100 0.873500
vt 0.936100 0.855000
vt 0.955700 0.890900
vt 0.948100 0.911800
vt 0.931000 0.910900
vt 0.931400 0.893400
vt 0.949700 0.593700
vt 0.927200 0.588000
vt 0.925900 0.573700
vt 0.947900 0.582400
vt 0.953100 0.640800
vt 0.955300 0.653000
vt 0.930600 0.659000
vt 0.929400 0.644000
vt 0.953100 0.611800
vt 0.929700 0.613400
vt 0.928500 0.601600
vt 0.951600 0.602200
vt 0.963000 0.693500
vt 0.965400 0.708100
vt 0.935200 0.712200
vt 0.933800 0.698900
vt 0.970400 0.765800
vt 0.971600 0.780400
vt 0.937000 0.786600
vt 0.936700 0.772500
vt 0.934400 0.960000
vt 0.934300 0.965400
vt 0.929900 0.968300
vt 0.927900 0.965000
vt 0.952500 0.626000
vt 0.930400 0.628100
vt 0.890700 0.953100
vt 0.891400 0.959100
vt 0.889200 0.940500
vt 0.889900 0.946800
vt 0.916900 0.748400
vt 0.916900 0.762700
vt 0.905900 0.702500
vt 0.907600 0.713400
vt 0.888500 0.642600
vt 0.883300 0.626400
vt 0.893700 0.658700
vt 0.878300 0.609100
vt 0.876000 0.595300
vt 0.910000 0.855800
vt 0.904500 0.872000
vt 0.915200 0.832400
vt 0.914900 0.843500
vt 0.916300 0.803900
vt 0.915200 0.821700
vt 0.916700 0.774300
vt 0.916400 0.789300
vt 0.911000 0.723800
vt 0.913900 0.734100
vt 0.899000 0.675600
vt 0.903900 0.692800
vt 0.900200 0.888700
vt 0.896400 0.903200
vt 0.893500 0.915500
vt 0.891100 0.926700
vt 0.873100 0.573700
vt 0.891600 0.965900
vt 0.710900 0.800800
vt 0.710800 0.807400
vt 0.708900 0.764700
vt 0.709200 0.774300
vt 0.708000 0.697000
vt 0.708300 0.688700
vt 0.706600 0.716300
vt 0.709900 0.681100
vt 0.710800 0.674900
vt 0.701200 0.893300
vt 0.698900 0.909200
vt 0.704700 0.861300
vt 0.703500 0.876500
vt 0.708300 0.832800
vt 0.707200 0.847100
vt 0.710500 0.811400
vt 0.709500 0.821400
vt 0.709300 0.782600
vt 0.710400 0.791100
vt 0.706100 0.731600
vt 0.708200 0.750200
vt 0.697400 0.925300
vt 0.696400 0.937000
vt 0.710900 0.669800
vt 0.191700 0.862500
vt 0.199600 0.862900
vt 0.200900 0.870900
vt 0.193200 0.871800
vt 0.208700 0.903100
vt 0.210900 0.905000
vt 0.210200 0.910200
vt 0.206900 0.908400
vt 0.189600 0.846100
vt 0.188900 0.838900
vt 0.197300 0.842400
vt 0.197700 0.848600
vt 0.189100 0.831300
vt 0.189200 0.823800
vt 0.198200 0.829800
vt 0.197700 0.836100
vt 0.159600 0.819900
vt 0.152600 0.817700
vt 0.152600 0.806000
vt 0.159500 0.808900
vt 0.160800 0.841400
vt 0.154000 0.840700
vt 0.152700 0.829400
vt 0.159700 0.830900
vt 0.173900 0.886000
vt 0.169300 0.888000
vt 0.163700 0.877900
vt 0.169100 0.876600
vt 0.165600 0.864200
vt 0.159500 0.864900
vt 0.155300 0.852000
vt 0.162000 0.851900
vt 0.191400 0.911300
vt 0.195400 0.916000
vt 0.194600 0.920600
vt 0.189800 0.915400
vt 0.185400 0.934600
vt 0.192400 0.941300
vt 0.191700 0.948200
vt 0.183900 0.940900
vt 0.166800 0.802200
vt 0.167100 0.792600
vt 0.182000 0.802200
vt 0.181200 0.809900
vt 0.190400 0.817500
vt 0.191500 0.811300
vt 0.201000 0.820500
vt 0.199600 0.825100
vt 0.129300 0.789200
vt 0.121600 0.787400
vt 0.120600 0.772000
vt 0.128500 0.774800
vt 0.157600 0.898700
vt 0.153700 0.902300
vt 0.146300 0.888900
vt 0.150600 0.886100
vt 0.131600 0.817300
vt 0.124600 0.817200
vt 0.122600 0.802700
vt 0.130100 0.803500
vt 0.136200 0.844500
vt 0.130300 0.845700
vt 0.126600 0.831600
vt 0.133100 0.831100
vt 0.178000 0.961400
vt 0.188200 0.969500
vt 0.186900 0.975500
vt 0.175700 0.967100
vt 0.145000 0.872000
vt 0.140100 0.874300
vt 0.133900 0.859800
vt 0.139300 0.857900
vt 0.144400 0.764100
vt 0.144600 0.747800
vt 0.152400 0.752600
vt 0.152300 0.767800
vt 0.168000 0.780300
vt 0.168900 0.768000
vt 0.185500 0.783400
vt 0.183700 0.792800
vt 0.192900 0.803900
vt 0.194200 0.796400
vt 0.202900 0.809400
vt 0.202000 0.814900
vt 0.145300 0.733400
vt 0.145900 0.718900
vt 0.154400 0.724800
vt 0.153400 0.738700
vt 0.170700 0.756000
vt 0.172600 0.744100
vt 0.190800 0.763300
vt 0.188100 0.773400
vt 0.197500 0.788300
vt 0.200800 0.780200
vt 0.210700 0.797100
vt 0.206800 0.803200
vt 0.199700 0.918400
vt 0.199300 0.923100
vt 0.198800 0.943900
vt 0.198600 0.950900
vt 0.148000 0.690300
vt 0.148600 0.680800
vt 0.158200 0.688900
vt 0.157000 0.697800
vt 0.178300 0.719700
vt 0.180200 0.711600
vt 0.202200 0.734300
vt 0.199500 0.741600
vt 0.212400 0.758400
vt 0.216300 0.750800
vt 0.230400 0.767300
vt 0.225300 0.775200
vt 0.151200 0.648900
vt 0.152100 0.637500
vt 0.162400 0.647100
vt 0.161400 0.658200
vt 0.185200 0.679000
vt 0.186700 0.667100
vt 0.210900 0.687100
vt 0.209000 0.699900
vt 0.224400 0.714000
vt 0.226500 0.700400
vt 0.242100 0.713700
vt 0.239800 0.728100
vt 0.073000 0.597200
vt 0.054800 0.589900
vt 0.057500 0.578400
vt 0.075300 0.585400
vt 0.066200 0.643500
vt 0.047000 0.636000
vt 0.048200 0.624100
vt 0.067200 0.631400
vt 0.173900 0.972700
vt 0.185800 0.980500
vt 0.063300 0.699600
vt 0.043400 0.693800
vt 0.045000 0.674500
vt 0.064600 0.681000
vt 0.063100 0.739800
vt 0.042700 0.735400
vt 0.041800 0.713100
vt 0.061900 0.718200
vt 0.066800 0.778600
vt 0.047500 0.775300
vt 0.043600 0.757600
vt 0.064200 0.761300
vt 0.135400 0.919800
vt 0.129300 0.925000
vt 0.116500 0.911500
vt 0.123900 0.906100
vt 0.075400 0.814300
vt 0.058900 0.812800
vt 0.051500 0.793100
vt 0.069300 0.795900
vt 0.090400 0.852500
vt 0.077400 0.854600
vt 0.066300 0.832600
vt 0.081400 0.832600
vt 0.111600 0.889200
vt 0.102500 0.894100
vt 0.088500 0.876600
vt 0.099400 0.872400
vt 0.110900 0.555800
vt 0.112900 0.540600
vt 0.122600 0.547600
vt 0.121900 0.563100
vt 0.121700 0.505500
vt 0.124300 0.494700
vt 0.133800 0.498500
vt 0.131700 0.510400
vt 0.063800 0.524500
vt 0.053000 0.514000
vt 0.061800 0.500400
vt 0.071300 0.510500
vt 0.040400 0.581500
vt 0.026000 0.573100
vt 0.029800 0.560800
vt 0.043700 0.569600
vt 0.030800 0.629600
vt 0.014600 0.623100
vt 0.016400 0.610200
vt 0.032300 0.617100
vt 0.026400 0.690100
vt 0.009400 0.686500
vt 0.010300 0.663500
vt 0.027700 0.669000
vt 0.026600 0.734800
vt 0.010600 0.734200
vt 0.008400 0.709400
vt 0.025100 0.711300
vt 0.032900 0.777000
vt 0.018200 0.778800
vt 0.012800 0.758900
vt 0.028200 0.758300
vt 0.122800 0.931700
vt 0.116300 0.938400
vt 0.099900 0.924500
vt 0.108200 0.918000
vt 0.045900 0.816200
vt 0.032900 0.819600
vt 0.023600 0.798600
vt 0.037500 0.795800
vt 0.066500 0.859200
vt 0.055600 0.863900
vt 0.042200 0.840700
vt 0.054300 0.836600
vt 0.093500 0.899900
vt 0.084400 0.905800
vt 0.068900 0.887000
vt 0.078700 0.881800
vt 0.728700 0.083600
vt 0.721000 0.081800
vt 0.722700 0.065900
vt 0.730000 0.067600
vt 0.724000 0.144500
vt 0.714600 0.142600
vt 0.716100 0.130700
vt 0.725000 0.132600
vt 0.719700 0.187900
vt 0.708100 0.185900
vt 0.709900 0.176400
vt 0.721000 0.178400
vt 0.712500 0.240300
vt 0.698500 0.238600
vt 0.701700 0.217700
vt 0.715200 0.219400
vt 0.708300 0.282200
vt 0.693700 0.280300
vt 0.695300 0.259400
vt 0.709900 0.261100
vt 0.704400 0.321100
vt 0.689800 0.319500
vt 0.692100 0.301200
vt 0.706800 0.303300
vt 0.692800 0.484200
vt 0.684000 0.484200
vt 0.684300 0.462700
vt 0.693500 0.462500
vt 0.699400 0.357100
vt 0.685100 0.356100
vt 0.687400 0.337900
vt 0.702000 0.339000
vt 0.695000 0.397800
vt 0.682100 0.397300
vt 0.682700 0.374400
vt 0.696900 0.375200
vt 0.693300 0.441500
vt 0.682900 0.441500
vt 0.681400 0.420300
vt 0.693100 0.420400
vt 0.556800 0.114700
vt 0.527900 0.116700
vt 0.524800 0.099400
vt 0.551700 0.097100
vt 0.571800 0.181900
vt 0.537800 0.181300
vt 0.536900 0.168200
vt 0.570200 0.168400
vt 0.575400 0.229800
vt 0.541000 0.228300
vt 0.540100 0.218600
vt 0.574900 0.219900
vt 0.574400 0.283600
vt 0.543400 0.280300
vt 0.543100 0.260600
vt 0.575800 0.262800
vt 0.571300 0.324000
vt 0.543800 0.318300
vt 0.543700 0.300000
vt 0.573000 0.304400
vt 0.563200 0.362600
vt 0.538300 0.354600
vt 0.543800 0.336600
vt 0.569600 0.343700
vt 0.469000 0.507300
vt 0.461100 0.499100
vt 0.474100 0.488700
vt 0.485200 0.497700
vt 0.548600 0.401000
vt 0.526400 0.392100
vt 0.532700 0.372500
vt 0.556700 0.381500
vt 0.528400 0.443300
vt 0.510100 0.434400
vt 0.520000 0.411700
vt 0.540500 0.420500
vt 0.500800 0.481900
vt 0.487200 0.472900
vt 0.500300 0.457100
vt 0.516400 0.466000
vt 0.467500 0.114900
vt 0.448600 0.113600
vt 0.450600 0.098400
vt 0.468100 0.099100
vt 0.465500 0.175700
vt 0.442400 0.172800
vt 0.442800 0.158900
vt 0.465500 0.162100
vt 0.465200 0.225200
vt 0.441000 0.223700
vt 0.441600 0.213100
vt 0.465500 0.214800
vt 0.466100 0.277900
vt 0.441400 0.277300
vt 0.439800 0.257700
vt 0.465000 0.258700
vt 0.468200 0.313400
vt 0.444300 0.313000
vt 0.442900 0.296800
vt 0.467200 0.297200
vt 0.467700 0.349700
vt 0.445000 0.349800
vt 0.445700 0.329300
vt 0.469300 0.329600
vt 0.462000 0.390200
vt 0.440600 0.391400
vt 0.444300 0.370400
vt 0.466200 0.369800
vt 0.451900 0.429900
vt 0.432500 0.430200
vt 0.436900 0.412300
vt 0.457700 0.410600
vt 0.398200 0.101400
vt 0.382800 0.096300
vt 0.385000 0.080900
vt 0.400800 0.086100
vt 0.391200 0.162600
vt 0.377100 0.157900
vt 0.377300 0.142500
vt 0.391500 0.147500
vt 0.391300 0.217700
vt 0.377500 0.214500
vt 0.377900 0.202900
vt 0.391700 0.206400
vt 0.393200 0.274200
vt 0.378500 0.272500
vt 0.376800 0.251500
vt 0.391000 0.253700
vt 0.397000 0.311900
vt 0.381700 0.311100
vt 0.380200 0.293500
vt 0.395400 0.294700
vt 0.397700 0.350500
vt 0.382100 0.350600
vt 0.383100 0.328800
vt 0.398600 0.329100
vt 0.394000 0.394500
vt 0.379100 0.395400
vt 0.381200 0.372500
vt 0.396900 0.371800
vt 0.389100 0.435800
vt 0.375600 0.437600
vt 0.377000 0.418300
vt 0.391200 0.417200
vt 0.230500 0.087500
vt 0.215300 0.092500
vt 0.206700 0.077200
vt 0.221700 0.072500
vt 0.263500 0.146400
vt 0.247400 0.151700
vt 0.240600 0.137700
vt 0.256100 0.132100
vt 0.287900 0.199800
vt 0.269300 0.203600
vt 0.265300 0.192800
vt 0.283600 0.188400
vt 0.302800 0.257600
vt 0.283400 0.256800
vt 0.280800 0.237600
vt 0.299800 0.236500
vt 0.304200 0.298100
vt 0.284900 0.293900
vt 0.286000 0.276100
vt 0.305800 0.278700
vt 0.294500 0.339200
vt 0.277700 0.332600
vt 0.283800 0.311800
vt 0.302700 0.317500
vt 0.272100 0.381800
vt 0.259500 0.375100
vt 0.271600 0.353400
vt 0.286300 0.360800
vt 0.195100 0.878000
vt 0.196900 0.884300
vt 0.190100 0.887200
vt 0.187800 0.879900
vt 0.197100 0.097700
vt 0.178800 0.102900
vt 0.172000 0.086000
vt 0.189300 0.081600
vt 0.225600 0.159300
vt 0.203900 0.167000
vt 0.198600 0.153200
vt 0.219600 0.145500
vt 0.244300 0.209300
vt 0.219400 0.215100
vt 0.216800 0.206000
vt 0.241000 0.199400
vt 0.256400 0.259100
vt 0.229300 0.261300
vt 0.226800 0.244200
vt 0.253800 0.240900
vt 0.259000 0.294600
vt 0.233100 0.295400
vt 0.231900 0.278500
vt 0.258900 0.277300
vt 0.254700 0.331700
vt 0.231800 0.330900
vt 0.234300 0.312300
vt 0.259000 0.312000
vt 0.240000 0.373700
vt 0.220500 0.372200
vt 0.229300 0.349500
vt 0.250400 0.351500
vt 0.114400 0.131100
vt 0.093400 0.140300
vt 0.090300 0.120800
vt 0.111000 0.111900
vt 0.127500 0.198700
vt 0.104900 0.207300
vt 0.103000 0.196500
vt 0.125000 0.186900
vt 0.135500 0.239800
vt 0.112000 0.244300
vt 0.110300 0.236300
vt 0.133600 0.231200
vt 0.144900 0.282400
vt 0.120900 0.285600
vt 0.117700 0.270000
vt 0.141700 0.267100
vt 0.151500 0.313800
vt 0.127500 0.318000
vt 0.124200 0.301200
vt 0.148200 0.297700
vt 0.155300 0.347100
vt 0.132100 0.353100
vt 0.130900 0.334700
vt 0.154800 0.329800
vt 0.151400 0.383600
vt 0.129800 0.390200
vt 0.133400 0.371500
vt 0.155800 0.364400
vt 0.077200 0.144000
vt 0.061100 0.147700
vt 0.058300 0.127800
vt 0.074300 0.124300
vt 0.088900 0.211500
vt 0.072900 0.215800
vt 0.071000 0.206000
vt 0.087000 0.201200
vt 0.095900 0.247000
vt 0.079900 0.249700
vt 0.078100 0.242100
vt 0.094200 0.239200
vt 0.104900 0.287900
vt 0.088900 0.290200
vt 0.085900 0.274400
vt 0.101800 0.272200
vt 0.110800 0.321500
vt 0.094100 0.325000
vt 0.091900 0.306000
vt 0.108000 0.303600
vt 0.113800 0.359800
vt 0.095400 0.366500
vt 0.096300 0.344000
vt 0.113600 0.339400
vt 0.110500 0.398500
vt 0.091100 0.406700
vt 0.094500 0.389000
vt 0.113900 0.380200
vt 0.405500 0.496800
vt 0.416200 0.495600
vt 0.413800 0.508700
vt 0.404200 0.509600
vt 0.035100 0.152000
vt 0.009100 0.156300
vt 0.008400 0.132100
vt 0.033300 0.129900
vt 0.044900 0.227400
vt 0.016900 0.239000
vt 0.015100 0.228100
vt 0.043100 0.217100
vt 0.052100 0.262400
vt 0.024400 0.275100
vt 0.022300 0.266600
vt 0.050200 0.254400
vt 0.062100 0.303500
vt 0.035400 0.316900
vt 0.031300 0.301800
vt 0.058600 0.288100
vt 0.069900 0.338100
vt 0.045700 0.351200
vt 0.039500 0.332000
vt 0.065700 0.319000
vt 0.076400 0.378000
vt 0.057300 0.389600
vt 0.052000 0.370500
vt 0.074200 0.357200
vt 0.467300 0.855600
vt 0.472700 0.858000
vt 0.471800 0.861000
vt 0.467000 0.858300
vt 0.216300 0.409100
vt 0.229600 0.395900
vt 0.247400 0.396800
vt 0.231500 0.410700
vt 0.447500 0.607400
vt 0.437800 0.610200
vt 0.431500 0.587600
vt 0.440400 0.585800
vt 0.470800 0.681700
vt 0.458400 0.687000
vt 0.456300 0.677400
vt 0.468200 0.671900
vt 0.478500 0.715100
vt 0.464700 0.720200
vt 0.463400 0.712100
vt 0.476900 0.707000
vt 0.483900 0.754000
vt 0.469000 0.758500
vt 0.468300 0.745700
vt 0.482900 0.740500
vt 0.484500 0.784500
vt 0.469400 0.787700
vt 0.469600 0.771200
vt 0.484900 0.767400
vt 0.481000 0.816400
vt 0.467200 0.817400
vt 0.469200 0.804300
vt 0.484200 0.801600
vt 0.077200 0.413900
vt 0.063400 0.421100
vt 0.062600 0.408800
vt 0.078500 0.398900
vt 0.385500 0.470900
vt 0.383900 0.487400
vt 0.373100 0.489400
vt 0.373600 0.473200
vt 0.738300 0.559000
vt 0.743400 0.559700
vt 0.738700 0.571500
vt 0.734100 0.571100
vt 0.439400 0.466200
vt 0.432700 0.483300
vt 0.418700 0.482500
vt 0.423400 0.465300
vt 0.667200 0.567300
vt 0.670000 0.559000
vt 0.678900 0.561900
vt 0.674800 0.570000
vt 0.422000 0.519200
vt 0.411800 0.519300
vt 0.422600 0.509100
vt 0.672000 0.587400
vt 0.666400 0.595000
vt 0.659100 0.593100
vt 0.664900 0.585600
vt 0.212500 0.975600
vt 0.220300 0.976300
vt 0.220300 0.981500
vt 0.212200 0.981000
vt 0.074700 0.434600
vt 0.076000 0.428900
vt 0.087800 0.424400
vt 0.085400 0.431400
vt 0.211700 0.985800
vt 0.220000 0.986600
vt 0.219700 0.991600
vt 0.211200 0.990700
vt 0.427700 0.496200
vt 0.228400 0.984400
vt 0.236700 0.982300
vt 0.237000 0.988600
vt 0.228400 0.990100
vt 0.240600 0.416200
vt 0.257800 0.402800
vt 0.738300 0.244100
vt 0.726500 0.242000
vt 0.728600 0.221100
vt 0.739700 0.223300
vt 0.654500 0.603400
vt 0.642700 0.611900
vt 0.634300 0.608300
vt 0.646700 0.600700
vt 0.742700 0.086800
vt 0.736400 0.085500
vt 0.737200 0.069300
vt 0.743400 0.070500
vt 0.735800 0.286100
vt 0.723000 0.284100
vt 0.724500 0.262800
vt 0.736900 0.264900
vt 0.741100 0.148300
vt 0.733500 0.146400
vt 0.734000 0.134400
vt 0.741300 0.136100
vt 0.209800 0.438500
vt 0.203300 0.434600
vt 0.215600 0.424500
vt 0.223400 0.429600
vt 0.740500 0.192200
vt 0.731300 0.189900
vt 0.732000 0.180400
vt 0.740600 0.182700
vt 0.201200 0.894100
vt 0.206200 0.889400
vt 0.206900 0.891600
vt 0.202500 0.896800
vt 0.642900 0.597800
vt 0.655000 0.591100
vt 0.732300 0.324900
vt 0.719000 0.322700
vt 0.721500 0.305400
vt 0.734600 0.307400
vt 0.710400 0.485700
vt 0.701600 0.484200
vt 0.702700 0.462400
vt 0.712200 0.463900
vt 0.727400 0.360200
vt 0.713800 0.358000
vt 0.716600 0.340000
vt 0.730000 0.342300
vt 0.721000 0.400300
vt 0.707900 0.398300
vt 0.711000 0.376000
vt 0.724800 0.378200
vt 0.714700 0.443100
vt 0.703700 0.441400
vt 0.704700 0.420500
vt 0.717200 0.422400
vt 0.687800 0.550000
vt 0.695500 0.551300
vt 0.693300 0.564900
vt 0.686100 0.563400
vt 0.689200 0.591000
vt 0.684500 0.598900
vt 0.673600 0.596900
vt 0.679100 0.589200
vt 0.674600 0.608600
vt 0.664600 0.618400
vt 0.651100 0.615400
vt 0.662300 0.606200
vt 0.191900 0.432700
vt 0.191100 0.444600
vt 0.180600 0.443000
vt 0.157100 0.112500
vt 0.135400 0.122000
vt 0.131700 0.103000
vt 0.151900 0.094500
vt 0.177000 0.178500
vt 0.150200 0.190100
vt 0.147000 0.177300
vt 0.172800 0.165300
vt 0.189200 0.225100
vt 0.159000 0.235200
vt 0.156800 0.226000
vt 0.186800 0.216000
vt 0.199100 0.270200
vt 0.168900 0.279200
vt 0.165600 0.264100
vt 0.196200 0.254100
vt 0.204200 0.302500
vt 0.175400 0.309600
vt 0.172200 0.294200
vt 0.202000 0.286400
vt 0.205100 0.336000
vt 0.178500 0.341100
vt 0.178700 0.324900
vt 0.206500 0.318600
vt 0.196800 0.374700
vt 0.173000 0.377100
vt 0.178300 0.357300
vt 0.203800 0.353400
vt 0.181000 0.408400
vt 0.189700 0.395900
vt 0.211800 0.394900
vt 0.201200 0.407600
vt 0.703100 0.552600
vt 0.710700 0.554000
vt 0.708500 0.567700
vt 0.700900 0.566300
vt 0.762200 0.249100
vt 0.750000 0.246200
vt 0.750700 0.225500
vt 0.762500 0.228500
vt 0.759100 0.089400
vt 0.749100 0.088100
vt 0.749500 0.071700
vt 0.759100 0.073100
vt 0.761000 0.291100
vt 0.748500 0.288200
vt 0.749400 0.267000
vt 0.761900 0.269700
vt 0.759700 0.152000
vt 0.748700 0.150100
vt 0.748600 0.137700
vt 0.759500 0.139500
vt 0.761000 0.197000
vt 0.749700 0.194500
vt 0.749300 0.185100
vt 0.760500 0.187400
vt 0.758000 0.329800
vt 0.745600 0.327000
vt 0.747700 0.309500
vt 0.760200 0.312400
vt 0.727300 0.489700
vt 0.719300 0.487200
vt 0.721600 0.465400
vt 0.730200 0.468300
vt 0.753100 0.365400
vt 0.741000 0.362500
vt 0.743500 0.344600
vt 0.755800 0.347200
vt 0.745300 0.405500
vt 0.734100 0.402300
vt 0.738500 0.380400
vt 0.750400 0.383600
vt 0.735300 0.447900
vt 0.725700 0.444800
vt 0.729700 0.424300
vt 0.740300 0.427500
vt 0.707100 0.593500
vt 0.704400 0.601500
vt 0.695400 0.600900
vt 0.699200 0.592800
vt 0.698600 0.611200
vt 0.692800 0.621000
vt 0.678200 0.621300
vt 0.686800 0.611100
vt 0.163300 0.430700
vt 0.146300 0.430700
vt 0.153700 0.421700
vt 0.172200 0.421000
vt 0.716900 0.555100
vt 0.723000 0.556200
vt 0.720200 0.569400
vt 0.714400 0.568500
vt 0.790200 0.255800
vt 0.774400 0.252000
vt 0.774400 0.231400
vt 0.791100 0.235200
vt 0.781800 0.092700
vt 0.769200 0.090600
vt 0.768800 0.074400
vt 0.780900 0.076300
vt 0.787700 0.297800
vt 0.773500 0.293900
vt 0.774400 0.272500
vt 0.789300 0.276400
vt 0.784500 0.155300
vt 0.770700 0.153800
vt 0.770400 0.141200
vt 0.783700 0.142800
vt 0.787800 0.201000
vt 0.772400 0.199500
vt 0.771700 0.189600
vt 0.786900 0.190900
vt 0.783200 0.336700
vt 0.770300 0.332600
vt 0.772600 0.315300
vt 0.786000 0.319200
vt 0.742800 0.495100
vt 0.735400 0.492200
vt 0.738900 0.471200
vt 0.747100 0.474900
vt 0.776800 0.372700
vt 0.765100 0.368400
vt 0.768000 0.349900
vt 0.780400 0.354100
vt 0.766700 0.412900
vt 0.756600 0.408800
vt 0.762200 0.386900
vt 0.773300 0.391200
vt 0.753700 0.454800
vt 0.744900 0.450900
vt 0.750900 0.430700
vt 0.760200 0.434700
vt 0.720700 0.594500
vt 0.719500 0.602300
vt 0.713400 0.602100
vt 0.715100 0.594200
vt 0.718400 0.611000
vt 0.717300 0.619700
vt 0.707500 0.620700
vt 0.710400 0.611400
vt 0.128000 0.433700
vt 0.133600 0.425900
vt 0.140300 0.414400
vt 0.160700 0.409300
vt 0.728100 0.557300
vt 0.733300 0.558300
vt 0.729600 0.570700
vt 0.724900 0.570100
vt 0.821500 0.263400
vt 0.806100 0.259600
vt 0.807800 0.239100
vt 0.823500 0.242700
vt 0.808300 0.096600
vt 0.794400 0.094700
vt 0.793100 0.078100
vt 0.806800 0.080400
vt 0.815900 0.305600
vt 0.801900 0.301700
vt 0.804300 0.280200
vt 0.819400 0.284000
vt 0.814500 0.158600
vt 0.798300 0.156800
vt 0.797000 0.144300
vt 0.813000 0.146400
vt 0.820200 0.205500
vt 0.803200 0.202400
vt 0.802100 0.192300
vt 0.818900 0.194400
vt 0.808700 0.344700
vt 0.796200 0.340800
vt 0.799500 0.323200
vt 0.812500 0.327200
vt 0.757900 0.501100
vt 0.750200 0.498100
vt 0.755400 0.478600
vt 0.763700 0.482600
vt 0.799800 0.380900
vt 0.788600 0.376900
vt 0.792900 0.358300
vt 0.804900 0.362200
vt 0.786500 0.421300
vt 0.776900 0.417100
vt 0.784300 0.395500
vt 0.794600 0.399700
vt 0.771100 0.462700
vt 0.762400 0.458600
vt 0.769500 0.438700
vt 0.778400 0.442800
vt 0.731600 0.594800
vt 0.731300 0.602400
vt 0.725600 0.602500
vt 0.726300 0.594800
vt 0.732700 0.610100
vt 0.734200 0.617800
vt 0.727100 0.618700
vt 0.726400 0.610600
vt 0.096500 0.439500
vt 0.109800 0.436700
vt 0.106100 0.443300
vt 0.094800 0.444800
vt 0.102600 0.425400
vt 0.119900 0.419500
vt 0.113500 0.430000
vt 0.098200 0.434200
vt 0.474000 0.839300
vt 0.470100 0.847500
vt 0.461800 0.845900
vt 0.463500 0.838200
vt 0.468900 0.850200
vt 0.461700 0.848300
vt 0.074300 0.443900
vt 0.075200 0.447600
vt 0.066900 0.448900
vt 0.065500 0.445600
vt 0.446000 0.843200
vt 0.446100 0.845600
vt 0.440100 0.844100
vt 0.440200 0.841600
vt 0.446300 0.848000
vt 0.446400 0.850400
vt 0.440300 0.848300
vt 0.440200 0.846200
vt 0.446600 0.833100
vt 0.445900 0.840800
vt 0.440200 0.839100
vt 0.441000 0.831300
vt 0.425200 0.654000
vt 0.430900 0.676400
vt 0.422900 0.675500
vt 0.417200 0.653300
vt 0.437400 0.704000
vt 0.439100 0.711900
vt 0.431500 0.711400
vt 0.429700 0.703500
vt 0.443100 0.734900
vt 0.444200 0.743100
vt 0.436900 0.741700
vt 0.435600 0.733800
vt 0.445600 0.755800
vt 0.447000 0.768600
vt 0.440000 0.767300
vt 0.438400 0.754500
vt 0.447300 0.785000
vt 0.447700 0.801500
vt 0.441200 0.800000
vt 0.440600 0.783600
vt 0.447500 0.813500
vt 0.447300 0.825400
vt 0.441700 0.823500
vt 0.441400 0.811800
vt 0.426200 0.837000
vt 0.426200 0.839400
vt 0.421500 0.837900
vt 0.421600 0.835500
vt 0.426100 0.841300
vt 0.426000 0.843200
vt 0.421200 0.841500
vt 0.421400 0.839700
vt 0.427100 0.827000
vt 0.426300 0.834600
vt 0.421600 0.833100
vt 0.422400 0.825500
vt 0.408800 0.650200
vt 0.413900 0.671700
vt 0.410800 0.670400
vt 0.406000 0.649200
vt 0.420000 0.700800
vt 0.421600 0.709100
vt 0.418300 0.708400
vt 0.416700 0.699900
vt 0.424700 0.731500
vt 0.425700 0.739200
vt 0.422000 0.738400
vt 0.421100 0.730700
vt 0.426600 0.751900
vt 0.427600 0.764600
vt 0.423400 0.763700
vt 0.422700 0.751100
vt 0.427700 0.780500
vt 0.427800 0.796300
vt 0.423300 0.795100
vt 0.423400 0.779400
vt 0.427800 0.807800
vt 0.427900 0.819400
vt 0.423300 0.818000
vt 0.423300 0.806500
vt 0.182100 0.948300
vt 0.190600 0.955900
vt 0.189600 0.963500
vt 0.180200 0.955600
vt 0.105900 0.612700
vt 0.091200 0.604600
vt 0.093000 0.592400
vt 0.107100 0.600400
vt 0.103200 0.659300
vt 0.085400 0.651100
vt 0.086200 0.638600
vt 0.103100 0.647700
vt 0.102100 0.711400
vt 0.083100 0.705400
vt 0.084200 0.687500
vt 0.102400 0.694400
vt 0.102200 0.748500
vt 0.083500 0.744200
vt 0.082100 0.723300
vt 0.101700 0.728400
vt 0.103800 0.784700
vt 0.086000 0.781900
vt 0.084800 0.765100
vt 0.102700 0.768600
vt 0.147700 0.908400
vt 0.141600 0.914500
vt 0.131300 0.900600
vt 0.138800 0.894700
vt 0.108200 0.816500
vt 0.091800 0.815700
vt 0.087200 0.798800
vt 0.104900 0.800800
vt 0.116800 0.848100
vt 0.103400 0.850400
vt 0.096500 0.832600
vt 0.111500 0.832100
vt 0.130400 0.879400
vt 0.120800 0.884400
vt 0.110200 0.868200
vt 0.122100 0.864000
vt 0.087200 0.541700
vt 0.092000 0.527100
vt 0.103200 0.533700
vt 0.099900 0.548500
vt 0.103200 0.494900
vt 0.106700 0.485800
vt 0.114700 0.491000
vt 0.111600 0.500500
vt 0.212500 0.962300
vt 0.219700 0.963300
vt 0.220300 0.971100
vt 0.212800 0.970100
vt 0.413800 0.831700
vt 0.413800 0.834000
vt 0.406000 0.830200
vt 0.406100 0.828000
vt 0.413600 0.835900
vt 0.413400 0.837800
vt 0.405600 0.834100
vt 0.405800 0.832100
vt 0.414700 0.822200
vt 0.413900 0.829400
vt 0.406200 0.825700
vt 0.406900 0.818800
vt 0.398300 0.644500
vt 0.402000 0.664600
vt 0.393200 0.658900
vt 0.390600 0.639800
vt 0.407800 0.694400
vt 0.409400 0.703100
vt 0.400600 0.697900
vt 0.398800 0.689000
vt 0.412400 0.726000
vt 0.413400 0.734000
vt 0.404900 0.729500
vt 0.403800 0.721300
vt 0.414300 0.747000
vt 0.415100 0.760000
vt 0.406800 0.756300
vt 0.405800 0.742900
vt 0.415100 0.776000
vt 0.415200 0.791900
vt 0.407100 0.788700
vt 0.406900 0.772500
vt 0.415300 0.803400
vt 0.415500 0.814900
vt 0.407700 0.811800
vt 0.407400 0.800300
vt 0.401000 0.825800
vt 0.400900 0.828200
vt 0.395700 0.826100
vt 0.395900 0.823700
vt 0.400700 0.830200
vt 0.400600 0.832100
vt 0.395500 0.830200
vt 0.395600 0.828200
vt 0.401800 0.816800
vt 0.401200 0.823500
vt 0.396100 0.821300
vt 0.396600 0.814900
vt 0.386000 0.636900
vt 0.388100 0.655300
vt 0.382900 0.651600
vt 0.381300 0.634000
vt 0.392800 0.685100
vt 0.394300 0.694100
vt 0.388100 0.690200
vt 0.386900 0.681300
vt 0.397700 0.717900
vt 0.399000 0.726300
vt 0.393100 0.723000
vt 0.391700 0.714500
vt 0.400300 0.740100
vt 0.401500 0.754000
vt 0.396300 0.751600
vt 0.394700 0.737300
vt 0.401900 0.770600
vt 0.402300 0.787100
vt 0.397600 0.785600
vt 0.396900 0.768600
vt 0.402300 0.798600
vt 0.402400 0.810100
vt 0.397000 0.808500
vt 0.397300 0.797000
vt 0.456800 0.846600
vt 0.456900 0.849000
vt 0.452100 0.847200
vt 0.451800 0.844900
vt 0.457100 0.851500
vt 0.457400 0.854000
vt 0.452600 0.852400
vt 0.452300 0.849800
vt 0.457900 0.836600
vt 0.456700 0.844200
vt 0.451500 0.842600
vt 0.452200 0.834900
vt 0.441600 0.654800
vt 0.447600 0.677300
vt 0.438900 0.677300
vt 0.433100 0.654600
vt 0.453500 0.704400
vt 0.455100 0.712200
vt 0.446700 0.712300
vt 0.445100 0.704500
vt 0.458800 0.736500
vt 0.459900 0.745100
vt 0.451600 0.744400
vt 0.450500 0.736000
vt 0.460900 0.757800
vt 0.461800 0.770500
vt 0.453900 0.769900
vt 0.452800 0.757200
vt 0.461800 0.787100
vt 0.461800 0.803600
vt 0.454300 0.803000
vt 0.454100 0.786400
vt 0.460400 0.816300
vt 0.459100 0.828900
vt 0.452900 0.827300
vt 0.453600 0.815200
vt 0.228000 0.973300
vt 0.227700 0.967900
vt 0.226500 0.960300
vt 0.233300 0.957400
vt 0.235100 0.964600
vt 0.223800 0.946800
vt 0.229700 0.944700
vt 0.231400 0.950200
vt 0.225200 0.952800
vt 0.218400 0.923900
vt 0.223800 0.923200
vt 0.224800 0.928000
vt 0.219400 0.928700
vt 0.215100 0.903700
vt 0.219300 0.902500
vt 0.220700 0.908600
vt 0.215400 0.909400
vt 0.698600 0.073900
vt 0.676100 0.065900
vt 0.681400 0.048000
vt 0.702100 0.057000
vt 0.685200 0.138400
vt 0.655800 0.134200
vt 0.659900 0.121000
vt 0.688000 0.125900
vt 0.675200 0.183300
vt 0.642400 0.180700
vt 0.645000 0.171200
vt 0.677500 0.173800
vt 0.664500 0.236400
vt 0.630500 0.234200
vt 0.634000 0.212900
vt 0.667900 0.215300
vt 0.660400 0.278200
vt 0.627000 0.276000
vt 0.626900 0.255400
vt 0.661100 0.257400
vt 0.658400 0.318300
vt 0.627000 0.317100
vt 0.627200 0.296600
vt 0.659600 0.298900
vt 0.673600 0.488000
vt 0.663200 0.491700
vt 0.660400 0.471900
vt 0.672300 0.467300
vt 0.657400 0.357300
vt 0.629700 0.358500
vt 0.626900 0.337600
vt 0.657200 0.337800
vt 0.660900 0.400600
vt 0.639800 0.404000
vt 0.632600 0.379300
vt 0.657600 0.376800
vt 0.668300 0.445900
vt 0.653700 0.450200
vt 0.646900 0.428600
vt 0.664200 0.424500
vt 0.368900 0.091600
vt 0.354900 0.086800
vt 0.357200 0.071100
vt 0.371100 0.076000
vt 0.362300 0.154000
vt 0.347400 0.150000
vt 0.348600 0.134500
vt 0.362900 0.138500
vt 0.360900 0.211200
vt 0.344300 0.207900
vt 0.345000 0.195800
vt 0.361400 0.199300
vt 0.360400 0.270300
vt 0.342400 0.268200
vt 0.342400 0.246500
vt 0.359600 0.249000
vt 0.362600 0.310300
vt 0.343600 0.309600
vt 0.342400 0.289900
vt 0.361300 0.291700
vt 0.364200 0.351500
vt 0.346300 0.352400
vt 0.344700 0.329200
vt 0.363900 0.329000
vt 0.365100 0.397400
vt 0.351100 0.399400
vt 0.348000 0.375600
vt 0.364600 0.374000
vt 0.402500 0.519300
vt 0.409900 0.529800
vt 0.400700 0.528900
vt 0.671500 0.547200
vt 0.661200 0.556100
vt 0.662800 0.545600
vt 0.365900 0.440700
vt 0.356200 0.443800
vt 0.354300 0.423100
vt 0.365600 0.420700
vt 0.367000 0.476600
vt 0.360300 0.480000
vt 0.358100 0.464600
vt 0.366100 0.460800
vt 0.372300 0.504400
vt 0.376800 0.516300
vt 0.374800 0.520200
vt 0.368700 0.507800
vt 0.183000 0.901000
vt 0.187300 0.906500
vt 0.185000 0.910300
vt 0.179900 0.904200
vt 0.171400 0.919600
vt 0.178300 0.927800
vt 0.176100 0.933700
vt 0.168600 0.924700
vt 0.157300 0.943300
vt 0.167700 0.953200
vt 0.164500 0.958700
vt 0.153300 0.948600
vt 0.149600 0.955000
vt 0.162000 0.964800
vt 0.507200 0.116400
vt 0.486500 0.116200
vt 0.485700 0.099800
vt 0.505300 0.099600
vt 0.513200 0.179900
vt 0.488500 0.178500
vt 0.488300 0.165200
vt 0.512600 0.166700
vt 0.515200 0.227500
vt 0.489500 0.226700
vt 0.489300 0.216500
vt 0.514700 0.217500
vt 0.517100 0.279400
vt 0.490800 0.278600
vt 0.490200 0.259700
vt 0.516700 0.260100
vt 0.517900 0.316000
vt 0.492100 0.313800
vt 0.491400 0.297600
vt 0.517600 0.298800
vt 0.514400 0.352100
vt 0.490500 0.349600
vt 0.492800 0.330000
vt 0.518300 0.333300
vt 0.504800 0.390600
vt 0.483300 0.389000
vt 0.488100 0.369200
vt 0.510400 0.370900
vt 0.490700 0.432000
vt 0.471300 0.429500
vt 0.478500 0.408800
vt 0.499300 0.410300
vt 0.747300 0.533300
vt 0.753700 0.534800
vt 0.748100 0.547900
vt 0.742500 0.546900
vt 0.471300 0.470000
vt 0.460400 0.486400
vt 0.446700 0.484000
vt 0.455400 0.467200
vt 0.442400 0.518000
vt 0.432100 0.519100
vt 0.431500 0.509500
vt 0.439800 0.509500
vt 0.450100 0.497900
vt 0.439100 0.496800
vt 0.198400 0.887800
vt 0.204600 0.884400
vt 0.205400 0.887200
vt 0.199800 0.891300
vt 0.690800 0.521300
vt 0.699000 0.521800
vt 0.697600 0.537600
vt 0.689500 0.536700
vt 0.707000 0.523300
vt 0.714900 0.524700
vt 0.712900 0.540400
vt 0.705200 0.539000
vt 0.721900 0.526400
vt 0.728900 0.528000
vt 0.725800 0.543000
vt 0.719400 0.541700
vt 0.734900 0.529900
vt 0.741000 0.531800
vt 0.736900 0.546000
vt 0.731400 0.544500
vt 0.165000 0.931400
vt 0.173500 0.940700
vt 0.170900 0.947700
vt 0.161400 0.938100
vt 0.673900 0.522000
vt 0.672900 0.535400
vt 0.664400 0.535100
vt 0.665300 0.523300
vt 0.204500 0.899000
vt 0.206500 0.901200
vt 0.203700 0.906600
vt 0.200900 0.904300
vt 0.208400 0.922700
vt 0.209000 0.927500
vt 0.203900 0.925700
vt 0.203900 0.920900
vt 0.211400 0.947700
vt 0.212200 0.954500
vt 0.205400 0.953500
vt 0.205100 0.946600
vt 0.431100 0.110100
vt 0.413700 0.106500
vt 0.416600 0.091300
vt 0.433600 0.094800
vt 0.423800 0.170000
vt 0.405300 0.167300
vt 0.405700 0.152500
vt 0.424300 0.155700
vt 0.423100 0.222300
vt 0.405200 0.220900
vt 0.405500 0.209900
vt 0.423500 0.211500
vt 0.424600 0.276600
vt 0.407900 0.275900
vt 0.405200 0.255900
vt 0.422500 0.256800
vt 0.428300 0.312900
vt 0.412400 0.312700
vt 0.410600 0.295900
vt 0.426800 0.296400
vt 0.429200 0.350100
vt 0.413400 0.350300
vt 0.414100 0.329500
vt 0.429900 0.329400
vt 0.424800 0.392500
vt 0.409000 0.393600
vt 0.412600 0.371200
vt 0.428500 0.370800
vt 0.417600 0.432100
vt 0.402700 0.433900
vt 0.405400 0.416000
vt 0.421100 0.414200
vt 0.385300 0.499400
vt 0.394700 0.498000
vt 0.394700 0.510600
vt 0.386800 0.511500
vt 0.410400 0.466900
vt 0.406700 0.483900
vt 0.394700 0.485400
vt 0.397300 0.468600
vt 0.659700 0.583400
vt 0.664400 0.575700
vt 0.670700 0.578100
vt 0.681900 0.571600
vt 0.677700 0.579800
vt 0.196400 0.972100
vt 0.204700 0.974800
vt 0.204100 0.980400
vt 0.195500 0.978000
vt 0.194600 0.982800
vt 0.203400 0.985100
vt 0.202600 0.989800
vt 0.193700 0.987700
vt 0.697400 0.574700
vt 0.693800 0.583100
vt 0.684700 0.581500
vt 0.689000 0.573200
vt 0.712100 0.577000
vt 0.709900 0.585600
vt 0.702900 0.584800
vt 0.705700 0.576200
vt 0.723400 0.578400
vt 0.721800 0.586700
vt 0.716800 0.586300
vt 0.718500 0.577900
vt 0.733000 0.579200
vt 0.731800 0.587200
vt 0.726900 0.587100
vt 0.728200 0.578900
vt 0.198000 0.958600
vt 0.205300 0.961300
vt 0.205200 0.969200
vt 0.197400 0.966300
vt 0.385000 0.517800
vt 0.393100 0.519300
vt 0.391500 0.527900
vt 0.383200 0.524100
vt 0.210100 0.886700
vt 0.209500 0.884700
vt 0.213600 0.882100
vt 0.214000 0.884100
vt 0.208900 0.882000
vt 0.208200 0.879400
vt 0.212800 0.877400
vt 0.213200 0.879700
vt 0.211500 0.890900
vt 0.210600 0.888800
vt 0.214300 0.886000
vt 0.214900 0.888200
vt 0.204200 0.824900
vt 0.205400 0.821200
vt 0.209800 0.822000
vt 0.208800 0.824700
vt 0.202400 0.835300
vt 0.203000 0.828600
vt 0.207900 0.827300
vt 0.207200 0.834600
vt 0.202600 0.848400
vt 0.201900 0.842100
vt 0.206500 0.841800
vt 0.207400 0.848300
vt 0.207100 0.874400
vt 0.206000 0.869300
vt 0.211100 0.867800
vt 0.211900 0.872600
vt 0.204600 0.862100
vt 0.203300 0.854800
vt 0.208400 0.854700
vt 0.209700 0.861200
vt 0.384900 0.825000
vt 0.383300 0.824300
vt 0.383300 0.822300
vt 0.384800 0.823000
vt 0.381500 0.823500
vt 0.379700 0.822600
vt 0.379700 0.820700
vt 0.381500 0.821500
vt 0.388300 0.826300
vt 0.386400 0.825700
vt 0.386400 0.823700
vt 0.388200 0.824300
vt 0.344100 0.798200
vt 0.342800 0.796400
vt 0.343300 0.794000
vt 0.344500 0.795700
vt 0.349400 0.804400
vt 0.345400 0.799900
vt 0.345700 0.797400
vt 0.349800 0.802000
vt 0.358000 0.811700
vt 0.353500 0.808800
vt 0.353800 0.806500
vt 0.358400 0.809500
vt 0.376000 0.820900
vt 0.372300 0.819200
vt 0.372400 0.817200
vt 0.376000 0.818900
vt 0.367400 0.816900
vt 0.362500 0.814600
vt 0.362900 0.812600
vt 0.367600 0.814900
vt 0.384900 0.820100
vt 0.383400 0.819400
vt 0.383500 0.816500
vt 0.385100 0.817100
vt 0.381600 0.818600
vt 0.379800 0.817700
vt 0.380000 0.814800
vt 0.381700 0.815700
vt 0.388300 0.821400
vt 0.386500 0.820700
vt 0.386600 0.817800
vt 0.388400 0.818500
vt 0.344800 0.791900
vt 0.343500 0.789900
vt 0.343700 0.785800
vt 0.345200 0.788100
vt 0.350200 0.798500
vt 0.346200 0.793900
vt 0.346700 0.790400
vt 0.350700 0.795000
vt 0.358700 0.806400
vt 0.354300 0.803100
vt 0.354800 0.799700
vt 0.359100 0.803200
vt 0.376200 0.816000
vt 0.372500 0.814200
vt 0.372700 0.811300
vt 0.376300 0.813000
vt 0.367900 0.811900
vt 0.363200 0.809600
vt 0.363500 0.806700
vt 0.368100 0.809000
vt 0.385400 0.810700
vt 0.383800 0.810000
vt 0.384000 0.803500
vt 0.385800 0.804300
vt 0.382000 0.809000
vt 0.380200 0.808000
vt 0.380400 0.801200
vt 0.382200 0.802300
vt 0.388800 0.812200
vt 0.387000 0.811500
vt 0.387500 0.805200
vt 0.389300 0.805900
vt 0.346500 0.778800
vt 0.345100 0.776200
vt 0.346500 0.766600
vt 0.347700 0.769500
vt 0.351900 0.786600
vt 0.347800 0.781400
vt 0.348900 0.772300
vt 0.353200 0.778100
vt 0.360200 0.795500
vt 0.356100 0.791700
vt 0.357400 0.783800
vt 0.361300 0.787800
vt 0.376600 0.806000
vt 0.373100 0.804100
vt 0.373400 0.796900
vt 0.376900 0.799100
vt 0.368700 0.801700
vt 0.364300 0.799300
vt 0.365200 0.791900
vt 0.369300 0.794400
vt 0.385900 0.792300
vt 0.383800 0.791000
vt 0.383600 0.778500
vt 0.386100 0.780200
vt 0.381700 0.789200
vt 0.379700 0.787500
vt 0.378900 0.773800
vt 0.381300 0.776100
vt 0.389800 0.794300
vt 0.388000 0.793500
vt 0.388600 0.781900
vt 0.390300 0.782800
vt 0.349300 0.756600
vt 0.347700 0.753800
vt 0.348900 0.741000
vt 0.350900 0.743700
vt 0.354100 0.764100
vt 0.351000 0.759400
vt 0.353000 0.746400
vt 0.355000 0.750100
vt 0.361800 0.772800
vt 0.357200 0.768800
vt 0.357000 0.753800
vt 0.362300 0.757800
vt 0.376200 0.784800
vt 0.372800 0.782100
vt 0.372200 0.767200
vt 0.375600 0.770500
vt 0.369600 0.779400
vt 0.366400 0.776800
vt 0.367600 0.761800
vt 0.369900 0.764500
vt 0.352200 0.735000
vt 0.349700 0.732400
vt 0.350500 0.723800
vt 0.353400 0.726200
vt 0.353600 0.716200
vt 0.350500 0.714400
vt 0.350500 0.704900
vt 0.353800 0.706300
vt 0.353900 0.687100
vt 0.350800 0.686200
vt 0.350900 0.680300
vt 0.353900 0.681100
vt 0.352300 0.656500
vt 0.349500 0.655800
vt 0.349100 0.645800
vt 0.351800 0.646700
vt 0.385900 0.763200
vt 0.383700 0.761800
vt 0.383800 0.745000
vt 0.385800 0.746100
vt 0.381500 0.759900
vt 0.379400 0.758100
vt 0.379800 0.742400
vt 0.381800 0.743700
vt 0.389900 0.765400
vt 0.388200 0.764500
vt 0.387800 0.747200
vt 0.389500 0.748000
vt 0.364300 0.746100
vt 0.359000 0.743000
vt 0.361100 0.732300
vt 0.366400 0.734400
vt 0.376400 0.755600
vt 0.373400 0.753100
vt 0.374600 0.739100
vt 0.377200 0.740800
vt 0.371500 0.751200
vt 0.369700 0.749200
vt 0.371800 0.736600
vt 0.373200 0.737800
vt 0.384700 0.732100
vt 0.382900 0.731300
vt 0.381900 0.717500
vt 0.383500 0.718100
vt 0.381100 0.730300
vt 0.379300 0.729300
vt 0.378900 0.716200
vt 0.380400 0.716800
vt 0.388000 0.733700
vt 0.386500 0.733000
vt 0.385200 0.718800
vt 0.386500 0.719400
vt 0.366900 0.723000
vt 0.361900 0.721300
vt 0.362700 0.710400
vt 0.367500 0.711600
vt 0.377300 0.728000
vt 0.375300 0.726800
vt 0.376000 0.714500
vt 0.377400 0.715300
vt 0.373700 0.725700
vt 0.372000 0.724700
vt 0.372200 0.712800
vt 0.374100 0.713700
vt 0.380900 0.693600
vt 0.379600 0.693100
vt 0.378900 0.685400
vt 0.380200 0.685900
vt 0.378500 0.692700
vt 0.377400 0.692300
vt 0.376900 0.684700
vt 0.377900 0.685100
vt 0.383400 0.694700
vt 0.382300 0.694100
vt 0.381400 0.686300
vt 0.382400 0.686900
vt 0.367500 0.690000
vt 0.362700 0.689500
vt 0.362400 0.682800
vt 0.367200 0.683100
vt 0.376200 0.691800
vt 0.375100 0.691300
vt 0.374800 0.684000
vt 0.375800 0.684300
vt 0.373700 0.690900
vt 0.372300 0.690600
vt 0.371900 0.683300
vt 0.373300 0.683600
vt 0.213600 0.895600
vt 0.212300 0.893100
vt 0.215500 0.890300
vt 0.216700 0.893300
vt 0.392800 0.827600
vt 0.390100 0.827000
vt 0.390000 0.824900
vt 0.392900 0.825500
vt 0.393000 0.822900
vt 0.390100 0.822000
vt 0.390200 0.819200
vt 0.393200 0.820200
vt 0.393600 0.813900
vt 0.390700 0.812900
vt 0.391100 0.806600
vt 0.394100 0.807500
vt 0.394400 0.796100
vt 0.391500 0.795100
vt 0.392000 0.783700
vt 0.394800 0.784600
vt 0.394200 0.767400
vt 0.391500 0.766300
vt 0.391100 0.748900
vt 0.393700 0.750200
vt 0.392100 0.735900
vt 0.389400 0.734500
vt 0.387700 0.720100
vt 0.390400 0.721600
vt 0.386800 0.696600
vt 0.384500 0.695200
vt 0.383500 0.687400
vt 0.385800 0.688800
vt 0.356800 0.740300
vt 0.354600 0.737500
vt 0.356300 0.728600
vt 0.358700 0.730400
vt 0.359300 0.719700
vt 0.360000 0.702200
vt 0.362800 0.703300
vt 0.359900 0.709000
vt 0.375900 0.659100
vt 0.374400 0.658800
vt 0.372900 0.649000
vt 0.374400 0.649200
vt 0.373300 0.658600
vt 0.372200 0.658400
vt 0.370500 0.648600
vt 0.371700 0.648800
vt 0.378500 0.659700
vt 0.377400 0.659400
vt 0.375900 0.649400
vt 0.377000 0.649700
vt 0.363100 0.657500
vt 0.359900 0.657400
vt 0.359000 0.647800
vt 0.362000 0.647800
vt 0.370900 0.658200
vt 0.369600 0.657900
vt 0.367700 0.648300
vt 0.369100 0.648400
vt 0.368000 0.657700
vt 0.366400 0.657500
vt 0.364900 0.647900
vt 0.366300 0.648100
vt 0.381900 0.661000
vt 0.379500 0.660100
vt 0.378200 0.650000
vt 0.380600 0.650800
vt 0.359000 0.674600
vt 0.361600 0.674900
vt 0.359600 0.682300
vt 0.352400 0.591700
vt 0.350900 0.591500
vt 0.349400 0.572900
vt 0.350800 0.573100
vt 0.369200 0.597100
vt 0.367400 0.596900
vt 0.366000 0.579600
vt 0.367700 0.579900
vt 0.365800 0.596300
vt 0.364200 0.595800
vt 0.362300 0.578400
vt 0.364100 0.579000
vt 0.372600 0.597700
vt 0.371000 0.597400
vt 0.369500 0.580200
vt 0.371100 0.580600
vt 0.355900 0.592300
vt 0.354000 0.591900
vt 0.352200 0.573400
vt 0.353800 0.573900
vt 0.362400 0.595300
vt 0.360700 0.594700
vt 0.358700 0.577000
vt 0.360500 0.577700
vt 0.359200 0.593700
vt 0.357700 0.592700
vt 0.355400 0.574400
vt 0.357000 0.575700
vt 0.349300 0.591700
vt 0.347700 0.591900
vt 0.347100 0.573900
vt 0.348200 0.573400
vt 0.376300 0.598600
vt 0.374200 0.598100
vt 0.372800 0.580900
vt 0.374900 0.581400
vt 0.350800 0.553200
vt 0.349600 0.552500
vt 0.350200 0.547400
vt 0.351300 0.548300
vt 0.378300 0.032200
vt 0.365300 0.024400
vt 0.367100 0.008400
vt 0.380200 0.018200
vt 0.763300 0.049800
vt 0.754900 0.049000
vt 0.756800 0.043000
vt 0.764800 0.043600
vt 0.363000 0.557200
vt 0.361300 0.556800
vt 0.361200 0.551300
vt 0.362600 0.551600
vt 0.437000 0.056100
vt 0.422200 0.052700
vt 0.423200 0.041300
vt 0.437600 0.044700
vt 0.736600 0.043200
vt 0.729000 0.040400
vt 0.730600 0.033000
vt 0.738500 0.036400
vt 0.170500 0.034700
vt 0.157000 0.042900
vt 0.150900 0.028700
vt 0.163100 0.018600
vt 0.353300 0.554200
vt 0.352100 0.553800
vt 0.352400 0.549100
vt 0.352900 0.549700
vt 0.383000 0.560700
vt 0.379400 0.559600
vt 0.378000 0.553700
vt 0.381500 0.554900
vt 0.141800 0.054200
vt 0.126700 0.065500
vt 0.125200 0.054600
vt 0.138000 0.041600
vt 0.782400 0.051500
vt 0.771700 0.050600
vt 0.772800 0.044300
vt 0.783000 0.044800
vt 0.356800 0.555200
vt 0.354400 0.554700
vt 0.353500 0.550400
vt 0.356100 0.550400
vt 0.389000 0.561700
vt 0.386600 0.561900
vt 0.385100 0.556100
vt 0.387700 0.555800
vt 0.435200 0.556300
vt 0.427700 0.558100
vt 0.427100 0.550600
vt 0.434500 0.548600
vt 0.198500 0.024900
vt 0.184000 0.026500
vt 0.175200 0.008400
vt 0.190000 0.008400
vt 0.107700 0.075800
vt 0.088700 0.086200
vt 0.088700 0.076400
vt 0.107000 0.065500
vt 0.804300 0.052600
vt 0.793200 0.052400
vt 0.793200 0.045400
vt 0.803700 0.045000
vt 0.710700 0.028700
vt 0.692400 0.017000
vt 0.695600 0.008400
vt 0.713100 0.020700
vt 0.036000 0.098100
vt 0.013800 0.099900
vt 0.016300 0.091600
vt 0.037100 0.089500
vt 0.371800 0.559000
vt 0.370200 0.558700
vt 0.369300 0.552700
vt 0.371300 0.552800
vt 0.366000 0.557800
vt 0.364700 0.557600
vt 0.364100 0.551900
vt 0.365500 0.551900
vt 0.368700 0.558300
vt 0.367200 0.557900
vt 0.367000 0.551800
vt 0.368200 0.552200
vt 0.406800 0.046400
vt 0.391400 0.040000
vt 0.393300 0.028000
vt 0.408300 0.034600
vt 0.073500 0.091200
vt 0.058200 0.096300
vt 0.058000 0.087500
vt 0.073400 0.081900
vt 0.420600 0.558200
vt 0.413600 0.558400
vt 0.413000 0.551500
vt 0.420000 0.551100
vt 0.360200 0.556300
vt 0.359200 0.555700
vt 0.358800 0.550500
vt 0.360000 0.550900
vt 0.499200 0.062800
vt 0.481300 0.061700
vt 0.479800 0.051100
vt 0.497400 0.052500
vt 0.541200 0.063900
vt 0.517200 0.064000
vt 0.515100 0.053900
vt 0.538300 0.054600
vt 0.348900 0.552300
vt 0.348200 0.552100
vt 0.349200 0.546700
vt 0.349700 0.547100
vt 0.376400 0.559500
vt 0.373500 0.559300
vt 0.373200 0.552900
vt 0.375600 0.553300
vt 0.404900 0.559800
vt 0.396300 0.561200
vt 0.395500 0.554900
vt 0.404200 0.553200
vt 0.466500 0.060600
vt 0.451800 0.059500
vt 0.452000 0.048100
vt 0.465900 0.049600
vt 0.749600 0.047500
vt 0.744300 0.046000
vt 0.746400 0.039800
vt 0.751600 0.041400
vt 0.086500 0.481700
vt 0.078300 0.474100
vt 0.083000 0.467200
vt 0.090900 0.473900
vt 0.175400 0.603200
vt 0.164300 0.594900
vt 0.164400 0.576900
vt 0.175200 0.584700
vt 0.225100 0.640600
vt 0.208800 0.628200
vt 0.207500 0.608100
vt 0.224100 0.620000
vt 0.176300 0.539600
vt 0.166600 0.532700
vt 0.167600 0.519600
vt 0.176900 0.526300
vt 0.221300 0.571600
vt 0.205300 0.560200
vt 0.204700 0.546400
vt 0.219900 0.557800
vt 0.132500 0.571100
vt 0.133100 0.554900
vt 0.155300 0.554700
vt 0.165000 0.561300
vt 0.153900 0.569600
vt 0.108000 0.585700
vt 0.108900 0.571000
vt 0.121100 0.578700
vt 0.121100 0.593600
vt 0.049900 0.554000
vt 0.037000 0.544200
vt 0.044200 0.527700
vt 0.056200 0.538400
vt 0.726200 0.116100
vt 0.717700 0.114200
vt 0.719300 0.097700
vt 0.727500 0.099700
vt 0.566000 0.150300
vt 0.533900 0.151100
vt 0.530900 0.134000
vt 0.561800 0.132200
vt 0.466200 0.146400
vt 0.444700 0.143800
vt 0.446600 0.128800
vt 0.466900 0.130700
vt 0.393600 0.132100
vt 0.379000 0.127100
vt 0.380600 0.111600
vt 0.395700 0.116700
vt 0.247600 0.117300
vt 0.232300 0.122800
vt 0.223900 0.107900
vt 0.239200 0.102400
vt 0.212200 0.129700
vt 0.192200 0.136600
vt 0.185700 0.119900
vt 0.204800 0.113900
vt 0.121400 0.168600
vt 0.099700 0.178100
vt 0.096500 0.159700
vt 0.117800 0.150300
vt 0.083600 0.182500
vt 0.067500 0.186800
vt 0.063900 0.167700
vt 0.080200 0.163700
vt 0.040000 0.195600
vt 0.012500 0.204400
vt 0.009900 0.180600
vt 0.036900 0.174100
vt 0.461500 0.650400
vt 0.450200 0.655000
vt 0.444000 0.632700
vt 0.454700 0.628900
vt 0.741700 0.119600
vt 0.734800 0.118100
vt 0.735600 0.101700
vt 0.742100 0.103100
vt 0.167600 0.147900
vt 0.143100 0.159200
vt 0.139100 0.141000
vt 0.162400 0.130500
vt 0.759300 0.122600
vt 0.748600 0.121100
vt 0.748600 0.104500
vt 0.759100 0.105700
vt 0.783200 0.125900
vt 0.770000 0.124000
vt 0.769600 0.106800
vt 0.782600 0.109100
vt 0.811400 0.129500
vt 0.796300 0.127800
vt 0.795600 0.111300
vt 0.809800 0.112700
vt 0.414000 0.609000
vt 0.419400 0.631500
vt 0.411500 0.631200
vt 0.406000 0.608900
vt 0.398700 0.607500
vt 0.403700 0.628800
vt 0.401100 0.628000
vt 0.396200 0.607100
vt 0.078800 0.570800
vt 0.082400 0.556200
vt 0.096600 0.563300
vt 0.094800 0.577800
vt 0.390800 0.604600
vt 0.394600 0.624400
vt 0.388000 0.620700
vt 0.385500 0.602000
vt 0.381900 0.600500
vt 0.383900 0.618500
vt 0.379800 0.616300
vt 0.378400 0.599100
vt 0.429900 0.609600
vt 0.435700 0.632300
vt 0.427400 0.631900
vt 0.422000 0.609100
vt 0.691500 0.108300
vt 0.665300 0.102400
vt 0.670700 0.083800
vt 0.695000 0.090700
vt 0.364800 0.122800
vt 0.350600 0.118500
vt 0.352600 0.102600
vt 0.366600 0.107100
vt 0.510800 0.150000
vt 0.487800 0.148900
vt 0.487300 0.132600
vt 0.509100 0.133300
vt 0.426500 0.140500
vt 0.408200 0.137100
vt 0.410800 0.121800
vt 0.428700 0.125300
vt 0.355400 0.629000
vt 0.353400 0.628900
vt 0.352400 0.610200
vt 0.354100 0.610300
vt 0.372600 0.631800
vt 0.370900 0.631500
vt 0.368900 0.614100
vt 0.370700 0.614300
vt 0.369600 0.631200
vt 0.368300 0.630900
vt 0.366000 0.613300
vt 0.367500 0.613700
vt 0.375500 0.632300
vt 0.374200 0.632000
vt 0.372500 0.614600
vt 0.374000 0.614900
vt 0.360000 0.629200
vt 0.357400 0.629100
vt 0.355800 0.610400
vt 0.358000 0.610700
vt 0.366700 0.630600
vt 0.365200 0.630400
vt 0.362800 0.612400
vt 0.364400 0.612800
vt 0.363900 0.629900
vt 0.362500 0.629400
vt 0.360100 0.610900
vt 0.361400 0.611700
vt 0.351000 0.628400
vt 0.348700 0.627800
vt 0.348300 0.609900
vt 0.350300 0.610000
vt 0.379100 0.633300
vt 0.376900 0.632600
vt 0.375500 0.615200
vt 0.377700 0.615800
vt 0.175100 0.639400
vt 0.163300 0.630000
vt 0.164200 0.612900
vt 0.175700 0.621700
vt 0.226300 0.680700
vt 0.210500 0.667700
vt 0.210100 0.648200
vt 0.226100 0.661100
vt 0.131700 0.602700
vt 0.131900 0.587200
vt 0.116000 0.528400
vt 0.119100 0.516200
vt 0.129600 0.522300
vt 0.126100 0.534900
vt 0.095800 0.515600
vt 0.099600 0.504100
vt 0.108600 0.510100
vt 0.105900 0.521900
vt 0.350600 0.565600
vt 0.349100 0.565300
vt 0.348900 0.557700
vt 0.350400 0.558000
vt 0.373800 0.061100
vt 0.360400 0.055700
vt 0.363600 0.040400
vt 0.376500 0.046200
vt 0.760500 0.064500
vt 0.751300 0.063400
vt 0.753000 0.055000
vt 0.761900 0.055900
vt 0.363800 0.570900
vt 0.361900 0.570400
vt 0.361400 0.562400
vt 0.363400 0.562900
vt 0.435000 0.081200
vt 0.418900 0.077700
vt 0.421100 0.064200
vt 0.436400 0.067600
vt 0.732400 0.058800
vt 0.725100 0.056800
vt 0.727400 0.047800
vt 0.734800 0.050000
vt 0.183600 0.066200
vt 0.167500 0.071500
vt 0.163000 0.057000
vt 0.177900 0.050800
vt 0.353700 0.566300
vt 0.352000 0.565900
vt 0.351800 0.558400
vt 0.353600 0.558700
vt 0.385700 0.575700
vt 0.381800 0.574400
vt 0.380800 0.565400
vt 0.384400 0.566600
vt 0.148700 0.080600
vt 0.129900 0.089700
vt 0.128100 0.076400
vt 0.145600 0.066700
vt 0.781400 0.067200
vt 0.769700 0.065600
vt 0.770700 0.056800
vt 0.781900 0.058100
vt 0.357200 0.567800
vt 0.355400 0.566700
vt 0.355400 0.559000
vt 0.357500 0.559900
vt 0.391900 0.577000
vt 0.389600 0.576900
vt 0.388000 0.567700
vt 0.390300 0.567700
vt 0.438100 0.574900
vt 0.429900 0.576600
vt 0.428400 0.565600
vt 0.435900 0.564100
vt 0.214400 0.056900
vt 0.199700 0.060900
vt 0.192800 0.044500
vt 0.207100 0.041400
vt 0.109700 0.099100
vt 0.089400 0.108400
vt 0.088600 0.096000
vt 0.108300 0.086200
vt 0.805800 0.070300
vt 0.793100 0.068700
vt 0.793100 0.059300
vt 0.804800 0.060100
vt 0.705200 0.046800
vt 0.685300 0.036800
vt 0.689200 0.025600
vt 0.708300 0.036700
vt 0.034100 0.118300
vt 0.009900 0.120100
vt 0.011300 0.108100
vt 0.034900 0.106600
vt 0.373600 0.573300
vt 0.371900 0.572800
vt 0.371000 0.564600
vt 0.372400 0.565200
vt 0.367100 0.571800
vt 0.365600 0.571500
vt 0.365300 0.563300
vt 0.366400 0.563700
vt 0.370200 0.572400
vt 0.368500 0.572100
vt 0.367500 0.564000
vt 0.369200 0.564300
vt 0.403000 0.072100
vt 0.387200 0.066500
vt 0.389400 0.052000
vt 0.405300 0.058100
vt 0.073900 0.112400
vt 0.058400 0.116500
vt 0.058500 0.105200
vt 0.073500 0.100600
vt 0.422700 0.576200
vt 0.415400 0.575700
vt 0.414200 0.565200
vt 0.421300 0.565400
vt 0.360500 0.569700
vt 0.359100 0.568900
vt 0.359500 0.560900
vt 0.360500 0.561600
vt 0.503100 0.086400
vt 0.484200 0.086100
vt 0.482800 0.072400
vt 0.501000 0.073200
vt 0.547900 0.085200
vt 0.522000 0.086700
vt 0.519200 0.074000
vt 0.544100 0.073300
vt 0.348100 0.565500
vt 0.347100 0.565700
vt 0.347200 0.557500
vt 0.348000 0.557600
vt 0.378600 0.574100
vt 0.375400 0.573800
vt 0.373700 0.565800
vt 0.377200 0.565600
vt 0.407100 0.576400
vt 0.398800 0.577100
vt 0.397100 0.567500
vt 0.405600 0.566400
vt 0.467700 0.085400
vt 0.451100 0.084700
vt 0.451600 0.070900
vt 0.467200 0.071700
vt 0.745500 0.062000
vt 0.739700 0.060700
vt 0.742100 0.052100
vt 0.747600 0.053600
vt 0.076700 0.500000
vt 0.067700 0.490700
vt 0.073600 0.481000
vt 0.082100 0.489600
vt 0.175400 0.568800
vt 0.165700 0.545700
vt 0.175700 0.552800
vt 0.223400 0.602700
vt 0.206700 0.591100
vt 0.205900 0.574100
vt 0.222700 0.585400
vt 0.157900 0.527100
vt 0.156600 0.539900
vt 0.149500 0.670500
vt 0.150400 0.660300
vt 0.160400 0.669300
vt 0.159300 0.679100
vt 0.182000 0.701300
vt 0.183800 0.691000
vt 0.207100 0.712600
vt 0.204600 0.723500
vt 0.219300 0.739200
vt 0.222300 0.727500
vt 0.237500 0.742500
vt 0.234000 0.754900
vt 0.069000 0.620200
vt 0.050100 0.612800
vt 0.052100 0.601500
vt 0.070800 0.609100
vt 0.034700 0.605300
vt 0.019200 0.597800
vt 0.022100 0.585400
vt 0.037100 0.593400
vt 0.722000 0.167400
vt 0.711500 0.165500
vt 0.713000 0.154500
vt 0.723000 0.156500
vt 0.574100 0.207600
vt 0.539500 0.206500
vt 0.538800 0.194400
vt 0.573300 0.195400
vt 0.465400 0.202000
vt 0.441700 0.199900
vt 0.441900 0.186700
vt 0.465400 0.189200
vt 0.391300 0.192000
vt 0.377400 0.188000
vt 0.377000 0.173200
vt 0.390900 0.177600
vt 0.277200 0.174500
vt 0.259700 0.179300
vt 0.254100 0.165700
vt 0.270900 0.160600
vt 0.236300 0.186300
vt 0.212900 0.193300
vt 0.209100 0.180700
vt 0.231600 0.173200
vt 0.131800 0.220800
vt 0.108500 0.227200
vt 0.106700 0.218100
vt 0.130000 0.210500
vt 0.092500 0.230500
vt 0.076500 0.233900
vt 0.074800 0.225600
vt 0.090800 0.221800
vt 0.048500 0.246100
vt 0.020500 0.258300
vt 0.018700 0.249900
vt 0.046700 0.237700
vt 0.475100 0.699300
vt 0.462000 0.704400
vt 0.460600 0.696600
vt 0.473300 0.691500
vt 0.740800 0.171600
vt 0.732500 0.169400
vt 0.733000 0.158500
vt 0.740900 0.160500
vt 0.184000 0.203900
vt 0.155100 0.214400
vt 0.153400 0.202900
vt 0.181200 0.191800
vt 0.760200 0.175900
vt 0.749000 0.173800
vt 0.748700 0.162500
vt 0.759900 0.164500
vt 0.786100 0.179400
vt 0.771300 0.178000
vt 0.771000 0.166500
vt 0.785300 0.167800
vt 0.817500 0.182600
vt 0.800900 0.180700
vt 0.799600 0.169200
vt 0.816100 0.170900
vt 0.433300 0.686300
vt 0.435700 0.696100
vt 0.427900 0.695600
vt 0.425400 0.685500
vt 0.416100 0.682100
vt 0.418300 0.692500
vt 0.415100 0.691500
vt 0.413000 0.680900
vt 0.103900 0.636300
vt 0.087800 0.627700
vt 0.089400 0.616700
vt 0.104800 0.624900
vt 0.404100 0.675200
vt 0.406100 0.685700
vt 0.397100 0.680000
vt 0.395200 0.669500
vt 0.389700 0.665700
vt 0.391400 0.676200
vt 0.385600 0.672300
vt 0.384300 0.662000
vt 0.449800 0.687000
vt 0.452000 0.696700
vt 0.443500 0.696700
vt 0.441200 0.687000
vt 0.679900 0.162400
vt 0.648400 0.159300
vt 0.651700 0.147500
vt 0.682400 0.151000
vt 0.361500 0.184400
vt 0.345600 0.180700
vt 0.346300 0.165600
vt 0.361600 0.169400
vt 0.514300 0.205300
vt 0.489100 0.204100
vt 0.488800 0.191800
vt 0.513800 0.193100
vt 0.423500 0.197900
vt 0.405200 0.196000
vt 0.404900 0.182000
vt 0.423400 0.184300
vt 0.353400 0.673600
vt 0.350400 0.673000
vt 0.350000 0.665800
vt 0.352900 0.666200
vt 0.378800 0.677400
vt 0.377500 0.677000
vt 0.376000 0.668600
vt 0.377400 0.668900
vt 0.376400 0.676700
vt 0.375400 0.676400
vt 0.373900 0.668100
vt 0.374900 0.668400
vt 0.381200 0.678300
vt 0.380100 0.677800
vt 0.378900 0.669300
vt 0.379900 0.669700
vt 0.365700 0.675100
vt 0.360800 0.667000
vt 0.364300 0.667100
vt 0.374200 0.676100
vt 0.373100 0.675800
vt 0.371400 0.667600
vt 0.372600 0.667900
vt 0.371500 0.675500
vt 0.369800 0.675300
vt 0.367800 0.667200
vt 0.369600 0.667400
vt 0.384500 0.680000
vt 0.382200 0.678700
vt 0.380900 0.670100
vt 0.383300 0.671200
vt 0.357500 0.657300
vt 0.358300 0.666800
vt 0.146700 0.709300
vt 0.147400 0.699700
vt 0.155800 0.706700
vt 0.155100 0.715800
vt 0.174500 0.735900
vt 0.176300 0.727800
vt 0.196900 0.748900
vt 0.193800 0.756100
vt 0.204700 0.773100
vt 0.208600 0.766000
vt 0.220300 0.783100
vt 0.215500 0.790100
vt 0.064900 0.668300
vt 0.045400 0.661200
vt 0.045800 0.647900
vt 0.065200 0.655700
vt 0.028500 0.655500
vt 0.011600 0.649800
vt 0.012900 0.636000
vt 0.029400 0.642000
vt 0.716800 0.208400
vt 0.704000 0.206600
vt 0.706200 0.195400
vt 0.718400 0.197400
vt 0.575900 0.251200
vt 0.542500 0.249300
vt 0.541900 0.238000
vt 0.576000 0.239600
vt 0.465000 0.247200
vt 0.440200 0.246000
vt 0.440500 0.234300
vt 0.465000 0.235600
vt 0.390900 0.241400
vt 0.376900 0.238800
vt 0.377000 0.226100
vt 0.390900 0.229000
vt 0.296000 0.223800
vt 0.277000 0.225900
vt 0.273300 0.214300
vt 0.292200 0.211200
vt 0.250700 0.230000
vt 0.224400 0.234200
vt 0.222000 0.224200
vt 0.247700 0.219200
vt 0.139600 0.257700
vt 0.115700 0.261100
vt 0.113700 0.252200
vt 0.137400 0.248300
vt 0.099700 0.263500
vt 0.083800 0.265800
vt 0.081700 0.257200
vt 0.097700 0.254700
vt 0.056300 0.279200
vt 0.028800 0.292600
vt 0.026400 0.283500
vt 0.054000 0.270300
vt 0.481500 0.731800
vt 0.467200 0.737000
vt 0.466000 0.728300
vt 0.480100 0.723100
vt 0.740000 0.212500
vt 0.729600 0.210300
vt 0.730500 0.199400
vt 0.740300 0.201700
vt 0.193900 0.244200
vt 0.163400 0.254200
vt 0.161200 0.244400
vt 0.191600 0.234300
vt 0.762100 0.217600
vt 0.750400 0.214700
vt 0.750100 0.204000
vt 0.761600 0.206700
vt 0.789900 0.223100
vt 0.773700 0.220400
vt 0.773100 0.209500
vt 0.788600 0.211000
vt 0.822500 0.229700
vt 0.806000 0.225800
vt 0.804200 0.212600
vt 0.821400 0.216700
vt 0.440500 0.719300
vt 0.441900 0.726800
vt 0.434400 0.725900
vt 0.432900 0.718700
vt 0.422700 0.716400
vt 0.423700 0.723700
vt 0.420200 0.723000
vt 0.419300 0.715700
vt 0.102900 0.682700
vt 0.084400 0.675500
vt 0.084500 0.663500
vt 0.103400 0.671000
vt 0.410400 0.710600
vt 0.411400 0.718100
vt 0.402600 0.713200
vt 0.401600 0.705500
vt 0.395400 0.701800
vt 0.396400 0.709500
vt 0.390200 0.705900
vt 0.389200 0.698000
vt 0.456400 0.720100
vt 0.457700 0.727900
vt 0.449400 0.727600
vt 0.448000 0.719900
vt 0.670400 0.204100
vt 0.636900 0.201600
vt 0.639800 0.190200
vt 0.673000 0.192800
vt 0.359900 0.236000
vt 0.343000 0.233300
vt 0.343500 0.220000
vt 0.360300 0.223100
vt 0.516200 0.248800
vt 0.489900 0.248300
vt 0.489600 0.237000
vt 0.515700 0.237500
vt 0.422600 0.245000
vt 0.405000 0.243900
vt 0.404800 0.232000
vt 0.422600 0.233100
vt 0.353800 0.699700
vt 0.350600 0.698500
vt 0.350600 0.692100
vt 0.353800 0.693200
vt 0.382600 0.709700
vt 0.381100 0.709100
vt 0.380300 0.700800
vt 0.381700 0.701300
vt 0.379700 0.708600
vt 0.378400 0.708000
vt 0.377900 0.699800
vt 0.379100 0.700300
vt 0.385400 0.711000
vt 0.384200 0.710300
vt 0.383200 0.701900
vt 0.384400 0.702500
vt 0.367600 0.704300
vt 0.363000 0.696300
vt 0.367800 0.697000
vt 0.377000 0.707300
vt 0.375700 0.706600
vt 0.375400 0.698700
vt 0.376700 0.699300
vt 0.374100 0.705900
vt 0.372400 0.705300
vt 0.372600 0.697800
vt 0.374000 0.698200
vt 0.389200 0.713000
vt 0.386700 0.711600
vt 0.385600 0.703000
vt 0.387900 0.704500
vt 0.359800 0.688800
vt 0.360000 0.695300
vt 0.183800 0.862100
vt 0.185500 0.872600
vt 0.182100 0.851600
vt 0.190200 0.853200
vt 0.198200 0.854800
vt 0.209200 0.895800
vt 0.210400 0.897800
vt 0.211600 0.899800
vt 0.181400 0.843500
vt 0.180600 0.835400
vt 0.180500 0.826600
vt 0.180300 0.817700
vt 0.166500 0.822100
vt 0.166400 0.811900
vt 0.166700 0.832400
vt 0.167700 0.842100
vt 0.168700 0.851800
vt 0.178500 0.884000
vt 0.174600 0.875300
vt 0.182500 0.892700
vt 0.178700 0.895400
vt 0.174900 0.898200
vt 0.171600 0.863500
vt 0.194200 0.895400
vt 0.196100 0.898700
vt 0.193000 0.907100
vt 0.189600 0.902800
vt 0.198100 0.902100
vt 0.196300 0.911300
vt 0.182800 0.916100
vt 0.188300 0.921800
vt 0.186800 0.928200
vt 0.180500 0.922000
vt 0.193900 0.927500
vt 0.193100 0.934400
vt 0.159600 0.798400
vt 0.159700 0.787900
vt 0.144700 0.792800
vt 0.137000 0.791000
vt 0.136400 0.777600
vt 0.144300 0.780300
vt 0.145100 0.805200
vt 0.137600 0.804300
vt 0.165400 0.891600
vt 0.161500 0.895200
vt 0.155000 0.883400
vt 0.159300 0.880600
vt 0.171400 0.902500
vt 0.168000 0.906900
vt 0.164500 0.911300
vt 0.161000 0.915700
vt 0.145600 0.817600
vt 0.138600 0.817400
vt 0.146100 0.830000
vt 0.139600 0.830500
vt 0.148100 0.842000
vt 0.142100 0.843200
vt 0.150000 0.854000
vt 0.144600 0.855900
vt 0.154700 0.867300
vt 0.149800 0.869600
vt 0.152200 0.783100
vt 0.128800 0.756500
vt 0.136600 0.760300
vt 0.129100 0.738300
vt 0.136800 0.743000
vt 0.160100 0.774100
vt 0.160600 0.760300
vt 0.129100 0.722700
vt 0.137200 0.728000
vt 0.129100 0.707200
vt 0.137500 0.713000
vt 0.162100 0.747400
vt 0.163500 0.734400
vt 0.200100 0.913700
vt 0.203800 0.916100
vt 0.199100 0.930100
vt 0.198900 0.937000
vt 0.204300 0.932600
vt 0.204700 0.939600
vt 0.130600 0.685500
vt 0.130000 0.675100
vt 0.139000 0.682700
vt 0.139000 0.692600
vt 0.129500 0.664800
vt 0.139000 0.672800
vt 0.166100 0.717300
vt 0.167600 0.708800
vt 0.169200 0.700200
vt 0.130200 0.642100
vt 0.130800 0.630100
vt 0.141000 0.639500
vt 0.140300 0.651200
vt 0.131500 0.618100
vt 0.141800 0.627800
vt 0.172100 0.680100
vt 0.173300 0.668600
vt 0.174600 0.657100
vt 0.172000 0.978200
vt 0.184700 0.985600
vt 0.159400 0.970900
vt 0.152000 0.928500
vt 0.147000 0.933400
vt 0.142000 0.938400
vt 0.074500 0.534900
vt 0.080800 0.520600
vt 0.068200 0.549100
vt 0.137300 0.945300
vt 0.132700 0.952200
vt 0.700500 0.506000
vt 0.692100 0.505900
vt 0.683700 0.505700
vt 0.585700 0.112600
vt 0.578600 0.094900
vt 0.592800 0.130400
vt 0.605700 0.182400
vt 0.603500 0.168500
vt 0.607800 0.196300
vt 0.609900 0.231200
vt 0.609700 0.221200
vt 0.610100 0.241200
vt 0.605400 0.286900
vt 0.608500 0.265000
vt 0.602400 0.308800
vt 0.598900 0.329800
vt 0.595400 0.350700
vt 0.588100 0.370600
vt 0.580700 0.390500
vt 0.476800 0.515500
vt 0.496400 0.506800
vt 0.457300 0.524100
vt 0.452700 0.516800
vt 0.448100 0.509500
vt 0.570800 0.409900
vt 0.560900 0.429200
vt 0.546800 0.452100
vt 0.532600 0.475000
vt 0.514500 0.490900
vt 0.464200 0.450300
vt 0.446100 0.449200
vt 0.428100 0.448200
vt 0.400000 0.451800
vt 0.387100 0.454300
vt 0.374200 0.456900
vt 0.245600 0.082400
vt 0.236800 0.067900
vt 0.254400 0.096900
vt 0.279600 0.141000
vt 0.271500 0.126600
vt 0.287700 0.155500
vt 0.306500 0.196100
vt 0.301900 0.184100
vt 0.311000 0.208200
vt 0.322100 0.258400
vt 0.318700 0.235400
vt 0.325600 0.281400
vt 0.323600 0.302400
vt 0.321600 0.323300
vt 0.311300 0.345800
vt 0.301000 0.368200
vt 0.284600 0.388500
vt 0.268300 0.408700
vt 0.202300 0.876200
vt 0.203700 0.881500
vt 0.167700 0.396900
vt 0.146900 0.402900
vt 0.126200 0.409000
vt 0.107000 0.416700
vt 0.461900 0.853100
vt 0.462100 0.855500
vt 0.461700 0.850700
vt 0.467600 0.852800
vt 0.473600 0.855000
vt 0.203100 0.422400
vt 0.190600 0.420200
vt 0.457300 0.604600
vt 0.449200 0.584000
vt 0.465400 0.625100
vt 0.483100 0.676300
vt 0.480200 0.666400
vt 0.486000 0.686300
vt 0.492300 0.710000
vt 0.490400 0.702000
vt 0.494200 0.718000
vt 0.498900 0.749500
vt 0.497600 0.735400
vt 0.500100 0.763600
vt 0.499600 0.781300
vt 0.499200 0.798900
vt 0.494700 0.815300
vt 0.490300 0.831700
vt 0.477800 0.831100
vt 0.465200 0.830500
vt 0.064100 0.433500
vt 0.658000 0.573300
vt 0.659600 0.564700
vt 0.432600 0.528800
vt 0.421300 0.529300
vt 0.073400 0.440300
vt 0.082900 0.438400
vt 0.064000 0.442300
vt 0.064000 0.437900
vt 0.228300 0.978700
vt 0.236400 0.975900
vt 0.249700 0.421700
vt 0.231200 0.434600
vt 0.216400 0.442500
vt 0.201600 0.450400
vt 0.196300 0.447500
vt 0.630700 0.604400
vt 0.627200 0.600400
vt 0.639000 0.594800
vt 0.650900 0.589200
vt 0.717000 0.509000
vt 0.708700 0.507500
vt 0.680100 0.548800
vt 0.681400 0.535700
vt 0.180400 0.430800
vt 0.170200 0.441400
vt 0.731900 0.513100
vt 0.724400 0.511100
vt 0.154500 0.440500
vt 0.138800 0.439700
vt 0.745100 0.517600
vt 0.738500 0.515400
vt 0.122500 0.441500
vt 0.836800 0.267100
vt 0.839200 0.246400
vt 0.834500 0.287900
vt 0.822200 0.098400
vt 0.820500 0.082800
vt 0.824000 0.114100
vt 0.830000 0.309600
vt 0.825500 0.331300
vt 0.830700 0.160500
vt 0.828900 0.148400
vt 0.832600 0.172600
vt 0.837200 0.208600
vt 0.835700 0.196400
vt 0.838600 0.220700
vt 0.821200 0.348600
vt 0.816900 0.366000
vt 0.765700 0.504200
vt 0.772100 0.486600
vt 0.759200 0.521800
vt 0.752200 0.519700
vt 0.810900 0.385000
vt 0.805000 0.403900
vt 0.796100 0.425400
vt 0.787300 0.447000
vt 0.779700 0.466800
vt 0.736800 0.587400
vt 0.736900 0.594800
vt 0.736900 0.602300
vt 0.739100 0.609600
vt 0.741200 0.616900
vt 0.083200 0.442300
vt 0.083400 0.446300
vt 0.484400 0.840400
vt 0.478400 0.849100
vt 0.476000 0.852000
vt 0.435600 0.837600
vt 0.435500 0.840100
vt 0.430900 0.838500
vt 0.430900 0.836100
vt 0.435500 0.842500
vt 0.430800 0.841000
vt 0.435500 0.844600
vt 0.430800 0.842900
vt 0.435500 0.846600
vt 0.430700 0.844900
vt 0.437100 0.822100
vt 0.436300 0.829900
vt 0.431700 0.828400
vt 0.432500 0.820800
vt 0.408900 0.630400
vt 0.414400 0.652300
vt 0.411600 0.651300
vt 0.406300 0.629600
vt 0.419900 0.674200
vt 0.416900 0.672900
vt 0.424700 0.694500
vt 0.426500 0.702600
vt 0.423200 0.701700
vt 0.421500 0.693500
vt 0.428200 0.710700
vt 0.424900 0.709900
vt 0.430800 0.725200
vt 0.432000 0.733000
vt 0.428300 0.732300
vt 0.427300 0.724500
vt 0.433100 0.740900
vt 0.429400 0.740100
vt 0.434500 0.753600
vt 0.430600 0.752800
vt 0.435900 0.766400
vt 0.431700 0.765500
vt 0.436300 0.782600
vt 0.432000 0.781500
vt 0.436700 0.798800
vt 0.432200 0.797500
vt 0.436900 0.810500
vt 0.432400 0.809100
vt 0.120700 0.620800
vt 0.121100 0.608500
vt 0.120200 0.633000
vt 0.121000 0.667600
vt 0.119900 0.656800
vt 0.122200 0.678400
vt 0.121000 0.717400
vt 0.120700 0.701300
vt 0.121300 0.733500
vt 0.121000 0.752800
vt 0.156500 0.922100
vt 0.090600 0.498200
vt 0.094700 0.489400
vt 0.098800 0.480600
vt 0.219000 0.955400
vt 0.417700 0.831200
vt 0.417700 0.833600
vt 0.417600 0.836000
vt 0.417500 0.837800
vt 0.417300 0.839600
vt 0.419400 0.816500
vt 0.418600 0.823800
vt 0.397900 0.626200
vt 0.402200 0.646900
vt 0.406400 0.667500
vt 0.410600 0.688600
vt 0.412300 0.697200
vt 0.413900 0.705800
vt 0.415800 0.720500
vt 0.416700 0.728300
vt 0.417700 0.736200
vt 0.418500 0.749000
vt 0.419300 0.761900
vt 0.419300 0.777700
vt 0.419200 0.793500
vt 0.419300 0.805000
vt 0.235800 0.970300
vt 0.217800 0.948900
vt 0.215200 0.935900
vt 0.220800 0.934700
vt 0.222300 0.940800
vt 0.216500 0.942400
vt 0.226500 0.933600
vt 0.228100 0.939100
vt 0.213000 0.924600
vt 0.214000 0.929400
vt 0.217400 0.919100
vt 0.212100 0.919800
vt 0.222800 0.918300
vt 0.214800 0.898100
vt 0.217900 0.896300
vt 0.674900 0.508600
vt 0.666100 0.511500
vt 0.367800 0.492400
vt 0.362600 0.495400
vt 0.376000 0.500900
vt 0.378900 0.512400
vt 0.192100 0.891300
vt 0.186000 0.897700
vt 0.177100 0.909300
vt 0.174300 0.914500
vt 0.146000 0.961500
vt 0.482200 0.453700
vt 0.445000 0.526500
vt 0.682500 0.520700
vt 0.208100 0.893700
vt 0.207900 0.918000
vt 0.209800 0.934300
vt 0.210600 0.941000
vt 0.414100 0.450000
vt 0.654500 0.581200
vt 0.737700 0.579400
vt 0.386500 0.827700
vt 0.384900 0.827000
vt 0.383400 0.826300
vt 0.381500 0.825500
vt 0.379600 0.824600
vt 0.390100 0.829000
vt 0.388300 0.828400
vt 0.345100 0.802500
vt 0.343700 0.800600
vt 0.342400 0.798800
vt 0.353100 0.811100
vt 0.349100 0.806800
vt 0.362200 0.816600
vt 0.357700 0.813900
vt 0.375900 0.822900
vt 0.372200 0.821200
vt 0.367200 0.818900
vt 0.356700 0.718100
vt 0.357100 0.707700
vt 0.356900 0.688100
vt 0.356900 0.681800
vt 0.357000 0.694400
vt 0.355100 0.657200
vt 0.354400 0.647700
vt 0.355900 0.666700
vt 0.392800 0.829600
vt 0.357100 0.701000
vt 0.356400 0.674200
vt 0.377100 0.581800
vt 0.384800 0.561300
vt 0.383300 0.555500
vt 0.386200 0.567100
vt 0.393900 0.561400
vt 0.391400 0.561600
vt 0.390300 0.555500
vt 0.392900 0.555200
vt 0.394900 0.567600
vt 0.392600 0.567600
vt 0.442700 0.554600
vt 0.441900 0.546700
vt 0.443400 0.562500
vt 0.213000 0.023300
vt 0.204700 0.008400
vt 0.221400 0.038200
vt 0.815400 0.052800
vt 0.814300 0.044700
vt 0.816400 0.060900
vt 0.565300 0.063900
vt 0.561600 0.055300
vt 0.569000 0.072500
vt 0.186600 0.611500
vt 0.186000 0.592500
vt 0.187200 0.630600
vt 0.241400 0.652900
vt 0.240600 0.631900
vt 0.242100 0.673900
vt 0.186000 0.546400
vt 0.186200 0.533000
vt 0.185800 0.559900
vt 0.237300 0.583000
vt 0.235100 0.569200
vt 0.239600 0.596800
vt 0.153700 0.587000
vt 0.143100 0.579000
vt 0.143500 0.562200
vt 0.153400 0.604300
vt 0.142700 0.595800
vt 0.135800 0.541500
vt 0.145600 0.548100
vt 0.138600 0.528200
vt 0.147600 0.534000
vt 0.062800 0.563800
vt 0.598100 0.149400
vt 0.263000 0.111800
vt 0.472800 0.645700
vt 0.826500 0.131200
vt 0.408600 0.586400
vt 0.400600 0.586600
vt 0.416700 0.586200
vt 0.393600 0.586300
vt 0.391200 0.586200
vt 0.398200 0.586500
vt 0.403600 0.608400
vt 0.401100 0.608000
vt 0.395900 0.586400
vt 0.387100 0.584700
vt 0.382900 0.583300
vt 0.389200 0.585400
vt 0.393500 0.605800
vt 0.380000 0.582600
vt 0.424100 0.586900
vt 0.356700 0.647700
vt 0.186900 0.648800
vt 0.242100 0.693800
vt 0.152800 0.620900
vt 0.142200 0.611800
vt 0.085700 0.509400
vt 0.387700 0.576300
vt 0.396500 0.577000
vt 0.394200 0.577000
vt 0.446300 0.573300
vt 0.229100 0.053000
vt 0.818400 0.071900
vt 0.573800 0.083700
vt 0.185900 0.576200
vt 0.240100 0.614400
vt 0.140400 0.516000
vt 0.149200 0.521500
vt 0.142300 0.503800
vt 0.150700 0.509100
vt 0.159200 0.514300
vt 0.129900 0.653500
vt 0.139700 0.662000
vt 0.170600 0.690200
vt 0.608800 0.208800
vt 0.294800 0.169800
vt 0.488200 0.694200
vt 0.834200 0.184500
vt 0.422300 0.684400
vt 0.419200 0.683200
vt 0.120000 0.644900
vt 0.408500 0.678100
vt 0.129800 0.696300
vt 0.138300 0.702800
vt 0.164800 0.725900
vt 0.609300 0.253100
vt 0.314900 0.221800
vt 0.495900 0.726700
vt 0.838900 0.233600
vt 0.429500 0.717900
vt 0.426100 0.717200
vt 0.121400 0.689800
vt 0.414800 0.713100
vt 0.114100 0.538300
vt 0.123600 0.545700
vt 0.124100 0.500800
vt 0.126800 0.489900
vt 0.136700 0.493200
vt 0.134200 0.505700
vt 0.062500 0.499700
vt 0.072200 0.509700
vt 0.092200 0.526700
vt 0.105000 0.490500
vt 0.108800 0.480700
vt 0.116800 0.485900
vt 0.113400 0.496100
vt 0.086300 0.478400
vt 0.077500 0.471700
vt 0.081400 0.464400
vt 0.089900 0.469800
vt 0.123700 0.546000
vt 0.133500 0.554300
vt 0.117800 0.525000
vt 0.121300 0.512000
vt 0.131700 0.518200
vt 0.127800 0.531800
vt 0.096900 0.512900
vt 0.101100 0.500400
vt 0.110100 0.506400
vt 0.106900 0.519300
vt 0.077700 0.498300
vt 0.068200 0.489500
vt 0.073400 0.479100
vt 0.082600 0.487000
vt 0.882300 0.382200
vt 0.882500 0.364400
vt 0.886400 0.366300
vt 0.886200 0.383600
vt 0.882800 0.346700
vt 0.886700 0.349000
vt 0.882900 0.331400
vt 0.887000 0.334000
vt 0.883100 0.316100
vt 0.887300 0.319000
vt 0.884600 0.295000
vt 0.884300 0.284900
vt 0.888800 0.288700
vt 0.888800 0.298600
vt 0.884100 0.274800
vt 0.888900 0.278800
vt 0.885100 0.252600
vt 0.885800 0.240800
vt 0.890900 0.245500
vt 0.890100 0.257200
vt 0.886400 0.228900
vt 0.891600 0.233800
vt 0.123500 0.501100
vt 0.120500 0.512600
vt 0.126300 0.489700
vt 0.081300 0.520700
vt 0.092300 0.527100
vt 0.091600 0.495300
vt 0.095100 0.485700
vt 0.103900 0.490900
vt 0.101000 0.501000
vt 0.098300 0.476200
vt 0.106700 0.481000
vt 0.892300 0.148800
vt 0.897400 0.152300
vt 0.893900 0.167700
vt 0.889200 0.163600
vt 0.895000 0.134500
vt 0.899000 0.138000
vt 0.116900 0.526200
vt 0.087100 0.507600
vt 0.097400 0.513900
vt 0.899100 0.122300
vt 0.902800 0.125800
vt 0.904000 0.110400
vt 0.907400 0.113900
vt 0.884600 0.263700
vt 0.889500 0.268000
vt 0.883900 0.305600
vt 0.888100 0.308800
vt 0.137000 0.494100
vt 0.145100 0.499700
vt 0.143000 0.512300
vt 0.134500 0.506400
vt 0.140800 0.525100
vt 0.132000 0.518900
vt 0.136600 0.623000
vt 0.137000 0.607200
vt 0.137400 0.539300
vt 0.128000 0.532300
vt 0.137300 0.591500
vt 0.137800 0.575000
vt 0.166200 0.909100
vt 0.172800 0.917000
vt 0.152800 0.884700
vt 0.147400 0.870800
vt 0.142000 0.856900
vt 0.139200 0.843800
vt 0.136400 0.830800
vt 0.135100 0.817400
vt 0.159500 0.896900
vt 0.133800 0.803900
vt 0.133100 0.790100
vt 0.134100 0.553600
vt 0.139000 0.557700
vt 0.132400 0.776200
vt 0.886800 0.396900
vt 0.882900 0.396100
vt 0.911300 0.501100
vt 0.909300 0.502900
vt 0.902600 0.490700
vt 0.904800 0.489400
vt 0.888400 0.423400
vt 0.884900 0.423400
vt 0.883600 0.409900
vt 0.887400 0.410300
vt 0.891900 0.449200
vt 0.889000 0.449800
vt 0.886200 0.436800
vt 0.889400 0.436500
vt 0.899600 0.475600
vt 0.897200 0.476800
vt 0.891800 0.462900
vt 0.894400 0.461900
vt 0.892900 0.185000
vt 0.887600 0.181000
vt 0.892000 0.217800
vt 0.886800 0.213200
vt 0.887100 0.197500
vt 0.892500 0.201800
vt 0.917800 0.512900
vt 0.916100 0.515100
vt 0.924100 0.520500
vt 0.922600 0.523000
vt 0.134800 0.689000
vt 0.134100 0.699600
vt 0.133300 0.710100
vt 0.135300 0.646600
vt 0.134800 0.657700
vt 0.134300 0.668800
vt 0.150100 0.500100
vt 0.153600 0.503700
vt 0.148800 0.515600
vt 0.145000 0.512000
vt 0.144700 0.528000
vt 0.140700 0.524400
vt 0.142000 0.542500
vt 0.137000 0.538800
vt 0.135900 0.634800
vt 0.134500 0.678900
vt 0.133100 0.725400
vt 0.133000 0.740700
vt 0.132700 0.758400
vt 0.152400 0.794500
vt 0.902100 0.100600
vt 0.914200 0.109200
vt 0.916400 0.105300
vt 0.905300 0.097600
vt 0.923100 0.079600
vt 0.927700 0.082800
vt 0.929400 0.079700
vt 0.925500 0.077200
vt 0.898800 0.103700
vt 0.912000 0.113100
vt 0.918500 0.084500
vt 0.924800 0.088800
vt 0.926600 0.085000
vt 0.921400 0.081400
vt 0.895500 0.106700
vt 0.909800 0.117000
vt 0.915100 0.088000
vt 0.922700 0.093100
vt 0.911800 0.091300
vt 0.920600 0.097300
vt 0.908600 0.094400
vt 0.918500 0.101300
vt 0.930700 0.100200
vt 0.931500 0.095600
vt 0.930000 0.104800
vt 0.929200 0.109200
vt 0.928300 0.113700
vt 0.933100 0.084400
vt 0.933600 0.081000
vt 0.927500 0.118100
vt 0.932200 0.090900
vt 0.932700 0.086900
vt 0.926500 0.122500
vt 0.938600 0.084200
vt 0.937900 0.080700
vt 0.943600 0.118000
vt 0.943100 0.113500
vt 0.939800 0.090700
vt 0.939100 0.086600
vt 0.944100 0.122500
vt 0.940600 0.095500
vt 0.941300 0.100100
vt 0.941900 0.104600
vt 0.942500 0.109100
vt 0.953300 0.100800
vt 0.951300 0.096700
vt 0.955300 0.104800
vt 0.957200 0.108900
vt 0.943800 0.082300
vt 0.942100 0.079300
vt 0.959100 0.112900
vt 0.947000 0.088200
vt 0.945000 0.084500
vt 0.960900 0.117000
vt 0.949200 0.092500
vt 0.975200 0.106700
vt 0.972200 0.103300
vt 0.956600 0.087000
vt 0.953100 0.083600
vt 0.959800 0.090300
vt 0.963000 0.093600
vt 0.966100 0.096800
vt 0.969200 0.100100
vt 0.948300 0.078900
vt 0.945800 0.076500
vt 0.950100 0.080600
vt 0.977800 0.087900
vt 0.973900 0.085800
vt 0.951400 0.074300
vt 0.948300 0.072700
vt 0.981700 0.090100
vt 0.957400 0.077300
vt 0.953700 0.075400
vt 0.985500 0.092400
vt 0.961700 0.079400
vt 0.965900 0.081500
vt 0.969900 0.083600
vt 0.973400 0.072100
vt 0.968900 0.071400
vt 0.977800 0.073000
vt 0.982200 0.073800
vt 0.953000 0.069000
vt 0.949600 0.068500
vt 0.986600 0.074700
vt 0.959600 0.069900
vt 0.955500 0.069300
vt 0.991000 0.075600
vt 0.964200 0.070600
vt 0.991100 0.058000
vt 0.986600 0.058500
vt 0.964100 0.061400
vt 0.959400 0.062200
vt 0.968700 0.060800
vt 0.973200 0.060200
vt 0.977700 0.059600
vt 0.982200 0.059000
vt 0.952800 0.063400
vt 0.949400 0.064100
vt 0.955300 0.063000
vt 0.977500 0.044900
vt 0.973400 0.046800
vt 0.950900 0.058200
vt 0.947900 0.060000
vt 0.981500 0.043000
vt 0.956800 0.055000
vt 0.953100 0.057000
vt 0.985600 0.041200
vt 0.961100 0.052800
vt 0.965300 0.050700
vt 0.969400 0.048700
vt 0.962100 0.039000
vt 0.958900 0.042200
vt 0.965400 0.035900
vt 0.968600 0.032900
vt 0.947500 0.053800
vt 0.945200 0.056200
vt 0.971900 0.029800
vt 0.952200 0.048900
vt 0.949200 0.052000
vt 0.975200 0.026900
vt 0.955600 0.045400
vt 0.960900 0.016500
vt 0.958700 0.020300
vt 0.947900 0.040200
vt 0.945900 0.044600
vt 0.950100 0.036100
vt 0.952200 0.032100
vt 0.954300 0.028100
vt 0.956500 0.024200
vt 0.942900 0.050600
vt 0.941300 0.053700
vt 0.944000 0.048400
vt 0.942300 0.019700
vt 0.941500 0.024200
vt 0.937600 0.049000
vt 0.937100 0.052400
vt 0.943200 0.015400
vt 0.938500 0.042500
vt 0.937900 0.046500
vt 0.944100 0.011000
vt 0.939100 0.037800
vt 0.939900 0.033100
vt 0.940700 0.028600
vt 0.929300 0.033300
vt 0.930000 0.037900
vt 0.928600 0.028800
vt 0.928000 0.024300
vt 0.927400 0.019900
vt 0.932000 0.049200
vt 0.932700 0.052700
vt 0.926900 0.015400
vt 0.930800 0.042600
vt 0.931600 0.046700
vt 0.926400 0.011000
vt 0.911400 0.020600
vt 0.913300 0.024600
vt 0.923600 0.045200
vt 0.925600 0.048900
vt 0.909600 0.016500
vt 0.921400 0.040900
vt 0.919300 0.036800
vt 0.917200 0.032700
vt 0.915200 0.028600
vt 0.926800 0.051100
vt 0.928600 0.054100
vt 0.904400 0.036700
vt 0.907500 0.039900
vt 0.901300 0.033500
vt 0.922400 0.054500
vt 0.924900 0.056900
vt 0.898300 0.030200
vt 0.917500 0.049800
vt 0.920600 0.052800
vt 0.895200 0.026900
vt 0.914000 0.046400
vt 0.910700 0.043200
vt 0.904800 0.052000
vt 0.908900 0.054100
vt 0.900600 0.049900
vt 0.896600 0.047800
vt 0.892700 0.045700
vt 0.919200 0.059100
vt 0.922300 0.060700
vt 0.888800 0.043500
vt 0.913300 0.056100
vt 0.917000 0.058000
vt 0.884900 0.041300
vt 0.883900 0.059100
vt 0.888300 0.059900
vt 0.911100 0.063500
vt 0.915200 0.064100
vt 0.879500 0.058200
vt 0.906400 0.062800
vt 0.901800 0.062000
vt 0.897200 0.061400
vt 0.892800 0.060700
vt 0.917600 0.064400
vt 0.921100 0.065000
vt 0.893000 0.074100
vt 0.897500 0.073400
vt 0.888500 0.074700
vt 0.917800 0.070000
vt 0.921300 0.069300
vt 0.884100 0.075300
vt 0.911300 0.071200
vt 0.915400 0.070500
vt 0.879600 0.075800
vt 0.906500 0.072000
vt 0.901900 0.072700
vt 0.905400 0.082700
vt 0.909500 0.080600
vt 0.901300 0.084800
vt 0.897300 0.086800
vt 0.893300 0.088700
vt 0.919700 0.075200
vt 0.922800 0.073400
vt 0.889200 0.090600
vt 0.913800 0.078400
vt 0.917500 0.076400
vt 0.885100 0.092500
vt 0.941500 0.064600
vt 0.941600 0.068400
vt 0.945800 0.068300
vt 0.945600 0.064500
vt 0.940800 0.060800
vt 0.944700 0.060900
vt 0.937500 0.077000
vt 0.941100 0.076100
vt 0.941200 0.072200
vt 0.937400 0.072800
vt 0.930200 0.076500
vt 0.933800 0.077200
vt 0.933600 0.073000
vt 0.929800 0.072600
vt 0.943400 0.058100
vt 0.940500 0.056900
vt 0.929600 0.057300
vt 0.926800 0.058600
vt 0.925600 0.061500
vt 0.929400 0.061200
vt 0.925900 0.072500
vt 0.927300 0.075300
vt 0.929200 0.068800
vt 0.925000 0.068900
vt 0.929100 0.065000
vt 0.924800 0.065100
vt 0.933200 0.064700
vt 0.933200 0.060600
vt 0.933400 0.068800
vt 0.937400 0.068700
vt 0.937300 0.064600
vt 0.937100 0.060400
vt 0.943900 0.074800
vt 0.945100 0.071900
vt 0.933100 0.056400
vt 0.936900 0.056200
vt 0.957300 0.671900
vt 0.953600 0.748300
vt 0.948400 0.747000
vt 0.951100 0.672500
vt 0.771300 0.692600
vt 0.770500 0.711900
vt 0.751700 0.706800
vt 0.752500 0.694000
vt 0.964100 0.670800
vt 0.960100 0.749200
vt 0.812200 0.688900
vt 0.811100 0.721100
vt 0.791300 0.717100
vt 0.792200 0.690800
vt 0.976600 0.669100
vt 0.976600 0.751700
vt 0.905100 0.677800
vt 0.902300 0.738400
vt 0.865200 0.732800
vt 0.867600 0.683100
vt 0.936000 0.674400
vt 0.932900 0.743800
vt 0.943400 0.673000
vt 0.941900 0.744600
vt 0.908900 0.810300
vt 0.880600 0.795900
vt 0.917300 0.813500
vt 0.924200 0.817700
vt 0.927900 0.819900
vt 0.762900 0.732000
vt 0.746200 0.721600
vt 0.935100 0.822900
vt 0.798700 0.752600
vt 0.781400 0.742700
vt 0.946500 0.829000
vt 0.847600 0.778900
vt 0.750800 0.747400
vt 0.734700 0.730800
vt 0.886800 0.887700
vt 0.881100 0.882500
vt 0.777900 0.777900
vt 0.764600 0.763100
vt 0.898800 0.897900
vt 0.842000 0.844000
vt 0.815600 0.818300
vt 0.864500 0.866800
vt 0.871700 0.873200
vt 0.876300 0.878800
vt 0.809200 0.915200
vt 0.804500 0.906800
vt 0.813300 0.921900
vt 0.816700 0.928700
vt 0.732200 0.759300
vt 0.723400 0.738600
vt 0.820900 0.935300
vt 0.749500 0.796600
vt 0.741300 0.778400
vt 0.829300 0.951700
vt 0.790600 0.877700
vt 0.774000 0.845400
vt 0.743600 0.975600
vt 0.741300 0.961200
vt 0.730600 0.895800
vt 0.724900 0.859800
vt 0.734200 0.927600
vt 0.736200 0.937000
vt 0.738200 0.946500
vt 0.739300 0.952200
vt 0.713100 0.764500
vt 0.710900 0.745800
vt 0.717700 0.805600
vt 0.715300 0.785500
vt 0.657900 0.951600
vt 0.658600 0.943700
vt 0.693000 0.764200
vt 0.697200 0.742100
vt 0.657300 0.960100
vt 0.684600 0.804800
vt 0.688500 0.784900
vt 0.656000 0.976300
vt 0.667900 0.894400
vt 0.673900 0.858100
vt 0.661400 0.924500
vt 0.659900 0.934400
vt 0.588200 0.910800
vt 0.593100 0.902600
vt 0.584400 0.919100
vt 0.581300 0.925200
vt 0.672300 0.757200
vt 0.684100 0.737100
vt 0.578200 0.934000
vt 0.652700 0.793900
vt 0.662200 0.776200
vt 0.570900 0.949900
vt 0.608400 0.874600
vt 0.626500 0.842400
vt 0.497600 0.897400
vt 0.509900 0.883500
vt 0.557500 0.837400
vt 0.585600 0.812100
vt 0.533800 0.859200
vt 0.526800 0.865800
vt 0.520500 0.871700
vt 0.516000 0.876300
vt 0.656400 0.745200
vt 0.670700 0.731100
vt 0.626400 0.774100
vt 0.641000 0.760200
vt 0.470300 0.810400
vt 0.476600 0.808100
vt 0.644400 0.727500
vt 0.661700 0.717900
vt 0.462600 0.815000
vt 0.606800 0.746500
vt 0.625400 0.737700
vt 0.443900 0.824000
vt 0.520800 0.786700
vt 0.556400 0.771400
vt 0.492600 0.800600
vt 0.482800 0.804500
vt 0.462500 0.732100
vt 0.471700 0.731800
vt 0.453500 0.733400
vt 0.448100 0.733700
vt 0.638900 0.708800
vt 0.657600 0.705700
vt 0.437600 0.735200
vt 0.597800 0.715100
vt 0.617900 0.712100
vt 0.422600 0.736500
vt 0.504300 0.727700
vt 0.541700 0.723200
vt 0.423400 0.649700
vt 0.441200 0.652300
vt 0.504900 0.665400
vt 0.543800 0.672300
vt 0.473100 0.658700
vt 0.463000 0.656700
vt 0.455100 0.654700
vt 0.448600 0.654000
vt 0.639700 0.689200
vt 0.658700 0.692700
vt 0.598800 0.682200
vt 0.618900 0.685500
vt 0.476600 0.577900
vt 0.482700 0.581500
vt 0.647200 0.669200
vt 0.664500 0.678200
vt 0.468800 0.573500
vt 0.610800 0.651100
vt 0.628500 0.659800
vt 0.449700 0.562700
vt 0.527900 0.606800
vt 0.562100 0.625800
vt 0.499200 0.591200
vt 0.490300 0.585700
vt 0.546000 0.533200
vt 0.568300 0.557200
vt 0.538800 0.525400
vt 0.533000 0.519100
vt 0.527800 0.512700
vt 0.659700 0.653600
vt 0.675700 0.668800
vt 0.521200 0.504400
vt 0.631400 0.625200
vt 0.645100 0.639200
vt 0.509200 0.490200
vt 0.594200 0.586300
vt 0.592300 0.458100
vt 0.595600 0.466100
vt 0.660000 0.606500
vt 0.668700 0.624000
vt 0.585700 0.442900
vt 0.621600 0.522600
vt 0.636400 0.557800
vt 0.607400 0.493300
vt 0.602700 0.482700
vt 0.598400 0.473600
vt 0.678100 0.641800
vt 0.687200 0.660800
vt 0.677100 0.453700
vt 0.678000 0.463600
vt 0.676400 0.445800
vt 0.697400 0.636700
vt 0.699700 0.654500
vt 0.675800 0.435400
vt 0.692200 0.598000
vt 0.694700 0.616800
vt 0.673800 0.414000
vt 0.682900 0.507100
vt 0.686400 0.545000
vt 0.679000 0.474400
vt 0.753300 0.476500
vt 0.746100 0.508600
vt 0.755500 0.465500
vt 0.757500 0.456900
vt 0.759300 0.449300
vt 0.717200 0.637300
vt 0.713500 0.657700
vt 0.762000 0.441500
vt 0.725500 0.598700
vt 0.721800 0.617700
vt 0.767000 0.422800
vt 0.737800 0.546300
vt 0.839600 0.472300
vt 0.833800 0.480600
vt 0.757800 0.610400
vt 0.748100 0.626800
vt 0.849800 0.457900
vt 0.804700 0.530500
vt 0.785100 0.563400
vt 0.821000 0.503400
vt 0.826300 0.494200
vt 0.830300 0.486300
vt 0.738200 0.644200
vt 0.726400 0.662500
vt 0.890800 0.536500
vt 0.884400 0.542600
vt 0.896200 0.531400
vt 0.753600 0.656500
vt 0.739400 0.669100
vt 0.902600 0.527300
vt 0.784100 0.630300
vt 0.769500 0.643100
vt 0.915800 0.517300
vt 0.853800 0.568900
vt 0.825800 0.594400
vt 0.877500 0.548400
vt 0.916800 0.606500
vt 0.888300 0.618900
vt 0.926000 0.602900
vt 0.932400 0.599500
vt 0.938300 0.597400
vt 0.765900 0.673800
vt 0.748600 0.681700
vt 0.943800 0.595300
vt 0.803600 0.657800
vt 0.785200 0.665500
vt 0.957900 0.590400
vt 0.854100 0.635000
vt 0.690800 0.708700
vt 0.699200 0.714900
vt 0.692200 0.724400
vt 0.683300 0.717800
vt 0.682700 0.702100
vt 0.675900 0.710100
vt 0.723800 0.720500
vt 0.716000 0.727700
vt 0.707800 0.720800
vt 0.714600 0.713200
vt 0.735900 0.702600
vt 0.730800 0.712000
vt 0.721300 0.704800
vt 0.727400 0.696700
vt 0.671000 0.703700
vt 0.674200 0.696100
vt 0.694400 0.671200
vt 0.701200 0.666600
vt 0.708900 0.669600
vt 0.702500 0.677700
vt 0.734200 0.688800
vt 0.739100 0.695400
vt 0.719500 0.690000
vt 0.726900 0.681100
vt 0.711000 0.683700
vt 0.718100 0.674400
vt 0.704200 0.691900
vt 0.695600 0.685600
vt 0.712700 0.698400
vt 0.706000 0.706500
vt 0.697600 0.700200
vt 0.689000 0.693800
vt 0.709300 0.732800
vt 0.701500 0.729400
vt 0.686600 0.678400
vt 0.679600 0.686900
s 0
usemtl bob01
f 35/1/1 22/2/1 9/3/1 21/4/1
f 36/5/2 23/6/2 8/7/2 20/8/2
f 37/9/3 54/10/3 7/11/3 19/12/3
f 38/13/4 24/14/4 6/15/4 18/16/4
f 39/17/5 25/18/5 5/19/5 17/20/5
f 40/21/6 26/22/6 4/23/6 16/24/6
f 41/25/7 27/26/7 3/27/7 15/28/7
f 42/29/8 28/30/8 2/31/8 14/32/8
f 43/33/9 55/34/9 1/35/9 13/36/9
f 44/37/10 51/38/10 53/39/10 56/40/10
f 45/41/11 30/42/11 10/43/11 29/44/11
f 46/45/12 49/46/12 52/47/12 57/48/12
f 47/49/13 32/50/13 11/51/13 31/52/13
f 48/53/14 34/54/14 12/55/14 33/56/14
f 54/10/15 35/1/15 21/4/15 7/11/15
f 22/2/16 36/5/16 20/8/16 9/3/16
f 55/34/17 37/9/17 19/12/17 1/35/17
f 30/42/18 38/13/18 18/16/18 10/43/18
f 32/50/19 39/17/19 17/20/19 11/51/19
f 34/54/20 40/21/20 16/24/20 12/55/20
f 26/22/21 41/25/21 15/28/21 4/23/21
f 27/26/22 42/29/22 14/32/22 3/27/22
f 28/30/23 43/33/23 13/36/23 2/31/23
f 57/48/24 52/47/24 51/38/24 44/37/24
f 58/57/25 45/41/25 29/44/25 50/58/25
f 58/57/26 50/58/26 49/46/26 46/45/26
f 24/14/27 47/49/27 31/52/27 6/15/27
f 25/18/28 48/53/28 33/56/28 5/19/28
f 170/59/29 155/60/29 67/61/29 79/62/29
f 171/63/30 156/64/30 66/65/30 78/66/30
f 172/67/31 165/68/31 65/69/31 77/70/31
f 173/71/32 157/72/32 64/73/32 76/74/32
f 174/75/33 158/76/33 63/77/33 75/78/33
f 175/79/34 159/80/34 62/81/34 74/82/34
f 176/83/35 160/84/35 61/85/35 73/86/35
f 177/87/36 161/88/36 60/89/36 72/90/36
f 178/91/37 166/92/37 59/93/37 71/94/37
f 179/95/38 109/96/38 111/97/38 168/98/38
f 180/99/39 162/100/39 68/101/39 87/102/39
f 181/103/40 107/104/40 110/105/40 169/106/40
f 182/107/41 163/108/41 69/109/41 89/110/41
f 183/111/42 164/112/42 70/113/42 91/114/42
f 165/68/43 170/59/43 79/62/43 65/69/43
f 155/60/44 171/63/44 78/66/44 67/61/44
f 166/92/45 172/67/45 77/70/45 59/93/45
f 162/100/46 173/71/46 76/74/46 68/101/46
f 163/108/47 174/75/47 75/78/47 69/109/47
f 164/112/48 175/79/48 74/82/48 70/113/48
f 159/80/49 176/83/49 73/86/49 62/81/49
f 160/84/50 177/87/50 72/90/50 61/85/50
f 161/88/51 178/91/51 71/94/51 60/89/51
f 169/106/52 110/105/52 109/96/52 179/95/52
f 167/115/53 180/99/53 87/102/53 108/116/53
f 167/115/54 108/116/54 107/104/54 181/103/54
f 157/72/55 182/107/55 89/110/55 64/73/55
f 158/76/56 183/111/56 91/114/56 63/77/56
f 194/117/57 184/118/57 124/119/57 133/120/57
f 195/121/58 192/122/58 123/123/58 132/124/58
f 196/125/59 186/126/59 121/127/59 131/128/59
f 197/129/60 187/130/60 120/131/60 130/132/60
f 198/133/61 188/134/61 119/135/61 129/136/61
f 199/137/62 189/138/62 118/139/62 128/140/62
f 200/141/63 193/142/63 117/143/63 127/144/63
f 201/145/64 190/146/64 125/147/64 140/148/64
f 202/149/65 191/150/65 126/151/65 142/152/65
f 192/122/66 194/117/66 133/120/66 123/123/66
f 193/142/67 195/121/67 132/124/67 117/143/67
f 190/146/68 196/125/68 131/128/68 125/147/68
f 191/150/69 197/129/69 130/132/69 126/151/69
f 187/130/70 198/133/70 129/136/70 120/131/70
f 188/134/71 199/137/71 128/140/71 119/135/71
f 189/138/72 200/141/72 127/144/72 118/139/72
f 185/153/73 201/145/73 140/148/73 122/154/73
f 186/126/74 202/149/74 142/152/74 121/127/74
f 83/155/75 106/156/75 183/111/75 158/76/75
f 82/157/76 105/158/76 182/107/76 157/72/76
f 116/159/77 167/115/77 181/103/77 104/160/77
f 116/159/78 103/161/78 180/99/78 167/115/78
f 115/162/79 169/106/79 179/95/79 102/163/79
f 86/164/80 101/165/80 178/91/80 161/88/80
f 85/166/81 100/167/81 177/87/81 160/84/81
f 84/168/82 99/169/82 176/83/82 159/80/82
f 92/170/83 98/171/83 175/79/83 164/112/83
f 90/172/84 97/173/84 174/75/84 163/108/84
f 88/174/85 96/175/85 173/71/85 162/100/85
f 113/176/86 95/177/86 172/67/86 166/92/86
f 80/178/87 94/179/87 171/63/87 155/60/87
f 112/180/88 93/181/88 170/59/88 165/68/88
f 106/156/89 92/170/89 164/112/89 183/111/89
f 105/158/90 90/172/90 163/108/90 182/107/90
f 104/160/91 181/103/91 169/106/91 115/162/91
f 103/161/92 88/174/92 162/100/92 180/99/92
f 102/163/93 179/95/93 168/98/93 114/182/93
f 101/165/94 113/176/94 166/92/94 178/91/94
f 100/167/95 86/164/95 161/88/95 177/87/95
f 99/169/96 85/166/96 160/84/96 176/83/96
f 98/171/97 84/168/97 159/80/97 175/79/97
f 97/173/98 83/155/98 158/76/98 174/75/98
f 96/175/99 82/157/99 157/72/99 173/71/99
f 95/177/100 112/180/100 165/68/100 172/67/100
f 94/179/101 81/183/101 156/64/101 171/63/101
f 93/181/102 80/178/102 155/60/102 170/59/102
f 136/184/103 152/185/103 202/149/103 186/126/103
f 135/186/104 151/187/104 201/145/104 185/153/104
f 139/188/105 150/189/105 200/141/105 189/138/105
f 138/190/106 149/191/106 199/137/106 188/134/106
f 137/192/107 148/193/107 198/133/107 187/130/107
f 143/194/108 147/195/108 197/129/108 191/150/108
f 141/196/109 146/197/109 196/125/109 190/146/109
f 154/198/110 145/199/110 195/121/110 193/142/110
f 153/200/111 144/201/111 194/117/111 192/122/111
f 152/185/112 143/194/112 191/150/112 202/149/112
f 151/187/113 141/196/113 190/146/113 201/145/113
f 150/189/114 154/198/114 193/142/114 200/141/114
f 149/191/115 139/188/115 189/138/115 199/137/115
f 148/193/116 138/190/116 188/134/116 198/133/116
f 147/195/117 137/192/117 187/130/117 197/129/117
f 146/197/118 136/184/118 186/126/118 196/125/118
f 145/199/119 153/200/119 192/122/119 195/121/119
f 144/201/120 134/202/120 184/118/120 194/117/120
f 535/203/121 522/204/121 208/205/121 217/206/121
f 536/207/122 523/208/122 207/209/122 216/210/122
f 537/211/123 524/212/123 206/213/123 215/214/123
f 538/215/124 525/216/124 205/217/124 214/218/124
f 539/219/125 526/220/125 204/221/125 213/222/125
f 540/223/126 530/224/126 203/225/126 212/226/126
f 541/227/127 244/228/127 246/229/127 532/230/127
f 542/231/128 527/232/128 209/233/128 224/234/128
f 543/235/129 242/236/129 245/237/129 533/238/129
f 544/239/130 528/240/130 210/241/130 226/242/130
f 545/243/131 529/244/131 211/245/131 228/246/131
f 530/224/132 534/247/132 218/248/132 203/225/132
f 527/232/133 535/203/133 217/206/133 209/233/133
f 528/240/134 536/207/134 216/210/134 210/241/134
f 529/244/135 537/211/135 215/214/135 211/245/135
f 524/212/136 538/215/136 214/218/136 206/213/136
f 525/216/137 539/219/137 213/222/137 205/217/137
f 526/220/138 540/223/138 212/226/138 204/221/138
f 533/238/139 245/237/139 244/228/139 541/227/139
f 531/249/140 542/231/140 224/234/140 243/250/140
f 531/249/141 243/250/141 242/236/141 543/235/141
f 522/204/142 544/239/142 226/242/142 208/205/142
f 523/208/143 545/243/143 228/246/143 207/209/143
f 348/251/144 338/252/144 259/253/144 271/254/144
f 349/255/145 339/256/145 258/257/145 270/258/145
f 350/259/146 360/260/146 257/261/146 269/262/146
f 351/263/147 340/264/147 256/265/147 268/266/147
f 352/267/148 341/268/148 255/269/148 267/270/148
f 353/271/149 342/272/149 254/273/149 266/274/149
f 354/275/150 343/276/150 253/277/150 265/278/150
f 355/279/151 344/280/151 252/281/151 264/282/151
f 356/283/152 361/284/152 251/285/152 263/286/152
f 365/287/153 301/288/153 303/289/153 363/290/153
f 357/291/154 345/292/154 260/293/154 279/294/154
f 366/295/155 299/296/155 302/297/155 364/298/155
f 358/299/156 346/300/156 261/301/156 281/302/156
f 359/303/157 347/304/157 262/305/157 283/306/157
f 360/260/158 348/251/158 271/254/158 257/261/158
f 338/252/159 349/255/159 270/258/159 259/253/159
f 361/284/160 350/259/160 269/262/160 251/285/160
f 345/292/161 351/263/161 268/266/161 260/293/161
f 346/300/162 352/267/162 267/270/162 261/301/162
f 347/304/163 353/271/163 266/274/163 262/305/163
f 342/272/164 354/275/164 265/278/164 254/273/164
f 343/276/165 355/279/165 264/282/165 253/277/165
f 344/280/166 356/283/166 263/286/166 252/281/166
f 364/298/167 302/297/167 301/288/167 365/287/167
f 362/307/168 357/291/168 279/294/168 300/308/168
f 362/307/169 300/308/169 299/296/169 366/295/169
f 340/264/170 358/299/170 281/302/170 256/265/170
f 341/268/171 359/303/171 283/306/171 255/269/171
f 275/309/172 298/310/172 337/311/172 312/312/172
f 274/313/173 297/314/173 336/315/173 311/316/173
f 308/317/174 321/318/174 335/319/174 296/320/174
f 308/317/175 295/321/175 334/322/175 321/318/175
f 307/323/176 323/324/176 333/325/176 294/326/176
f 278/327/177 293/328/177 332/329/177 315/330/177
f 277/331/178 292/332/178 331/333/178 314/334/178
f 276/335/179 291/336/179 330/337/179 313/338/179
f 284/339/180 290/340/180 329/341/180 318/342/180
f 282/343/181 289/344/181 328/345/181 317/346/181
f 280/347/182 288/348/182 327/349/182 316/350/182
f 305/351/183 287/352/183 326/353/183 320/354/183
f 272/355/184 286/356/184 325/357/184 309/358/184
f 304/359/185 285/360/185 324/361/185 319/362/185
f 298/310/186 284/339/186 318/342/186 337/311/186
f 297/314/187 282/343/187 317/346/187 336/315/187
f 296/320/188 335/319/188 323/324/188 307/323/188
f 295/321/189 280/347/189 316/350/189 334/322/189
f 294/326/190 333/325/190 322/363/190 306/364/190
f 293/328/191 305/351/191 320/354/191 332/329/191
f 292/332/192 278/327/192 315/330/192 331/333/192
f 291/336/193 277/331/193 314/334/193 330/337/193
f 290/340/194 276/335/194 313/338/194 329/341/194
f 289/344/195 275/309/195 312/312/195 328/345/195
f 288/348/196 274/313/196 311/316/196 327/349/196
f 287/352/197 304/359/197 319/362/197 326/353/197
f 286/356/198 273/365/198 310/366/198 325/357/198
f 285/360/199 272/355/199 309/358/199 324/361/199
f 312/312/200 337/311/200 359/303/200 341/268/200
f 311/316/201 336/315/201 358/299/201 340/264/201
f 321/318/202 362/307/202 366/295/202 335/319/202
f 321/318/203 334/322/203 357/291/203 362/307/203
f 323/324/204 364/298/204 365/287/204 333/325/204
f 315/330/205 332/329/205 356/283/205 344/280/205
f 314/334/206 331/333/206 355/279/206 343/276/206
f 313/338/207 330/337/207 354/275/207 342/272/207
f 318/342/208 329/341/208 353/271/208 347/304/208
f 317/346/209 328/345/209 352/267/209 346/300/209
f 316/350/210 327/349/210 351/263/210 345/292/210
f 320/354/211 326/353/211 350/259/211 361/284/211
f 309/358/212 325/357/212 349/255/212 338/252/212
f 319/362/213 324/361/213 348/251/213 360/260/213
f 337/311/214 318/342/214 347/304/214 359/303/214
f 336/315/215 317/346/215 346/300/215 358/299/215
f 335/319/216 366/295/216 364/298/216 323/324/216
f 334/322/217 316/350/217 345/292/217 357/291/217
f 333/325/218 365/287/218 363/290/218 322/363/218
f 332/329/219 320/354/219 361/284/219 356/283/219
f 331/333/220 315/330/220 344/280/220 355/279/220
f 330/337/221 314/334/221 343/276/221 354/275/221
f 329/341/222 313/338/222 342/272/222 353/271/222
f 328/345/223 312/312/223 341/268/223 352/267/223
f 327/349/224 311/316/224 340/264/224 351/263/224
f 326/353/225 319/362/225 360/260/225 350/259/225
f 325/357/226 310/366/226 339/256/226 349/255/226
f 324/361/227 309/358/227 338/252/227 348/251/227
f 506/367/228 491/368/228 375/369/228 387/370/228
f 521/371/229 492/372/229 374/373/229 427/374/229
f 508/375/230 501/376/230 373/377/230 385/378/230
f 509/379/231 493/380/231 372/381/231 384/382/231
f 510/383/232 494/384/232 371/385/232 383/386/232
f 511/387/233 495/388/233 370/389/233 382/390/233
f 512/391/234 496/392/234 369/393/234 381/394/234
f 513/395/235 497/396/235 368/397/235 380/398/235
f 514/399/236 502/400/236 367/401/236 379/402/236
f 515/403/237 417/404/237 419/405/237 504/406/237
f 516/407/238 498/408/238 376/409/238 395/410/238
f 517/411/239 415/412/239 418/413/239 505/414/239
f 518/415/240 499/416/240 377/417/240 397/418/240
f 519/419/241 500/420/241 378/421/241 399/422/241
f 501/376/242 506/367/242 387/370/242 373/377/242
f 520/423/243 507/424/243 386/425/243 425/426/243
f 502/400/244 508/375/244 385/378/244 367/401/244
f 498/408/245 509/379/245 384/382/245 376/409/245
f 499/416/246 510/383/246 383/386/246 377/417/246
f 500/420/247 511/387/247 382/390/247 378/421/247
f 495/388/248 512/391/248 381/394/248 370/389/248
f 496/392/249 513/395/249 380/398/249 369/393/249
f 497/396/250 514/399/250 379/402/250 368/397/250
f 505/414/251 418/413/251 417/404/251 515/403/251
f 503/427/252 516/407/252 395/410/252 416/428/252
f 503/427/253 416/428/253 415/412/253 517/411/253
f 493/380/254 518/415/254 397/418/254 372/381/254
f 494/384/255 519/419/255 399/422/255 371/385/255
f 491/368/256 520/423/256 425/426/256 375/369/256
f 507/424/257 521/371/257 427/374/257 386/425/257
f 463/429/258 450/430/258 437/431/258 449/432/258
f 490/433/259 451/434/259 436/435/259 489/436/259
f 465/437/260 482/438/260 435/439/260 447/440/260
f 466/441/261 452/442/261 434/443/261 446/444/261
f 467/445/262 453/446/262 433/447/262 445/448/262
f 468/449/263 454/450/263 432/451/263 444/452/263
f 469/453/264 455/454/264 431/455/264 443/456/264
f 470/457/265 456/458/265 430/459/265 442/460/265
f 471/461/266 483/462/266 429/463/266 441/464/266
f 472/465/267 479/466/267 481/467/267 484/468/267
f 473/469/268 458/470/268 438/471/268 457/472/268
f 474/473/269 477/474/269 480/475/269 485/476/269
f 475/477/270 460/478/270 439/479/270 459/480/270
f 476/481/271 462/482/271 440/483/271 461/484/271
f 482/438/272 463/429/272 449/432/272 435/439/272
f 488/485/273 464/486/273 448/487/273 487/488/273
f 483/462/274 465/437/274 447/440/274 429/463/274
f 458/470/275 466/441/275 446/444/275 438/471/275
f 460/478/276 467/445/276 445/448/276 439/479/276
f 462/482/277 468/449/277 444/452/277 440/483/277
f 454/450/278 469/453/278 443/456/278 432/451/278
f 455/454/279 470/457/279 442/460/279 431/455/279
f 456/458/280 471/461/280 441/464/280 430/459/280
f 485/476/281 480/475/281 479/466/281 472/465/281
f 486/489/282 473/469/282 457/472/282 478/490/282
f 486/489/283 478/490/283 477/474/283 474/473/283
f 452/442/284 475/477/284 459/480/284 434/443/284
f 453/446/285 476/481/285 461/484/285 433/447/285
f 450/430/286 488/485/286 487/488/286 437/431/286
f 464/486/287 490/433/287 489/436/287 448/487/287
f 402/491/288 428/492/288 521/371/288 507/424/288
f 388/493/289 426/494/289 520/423/289 491/368/289
f 391/495/290 414/496/290 519/419/290 494/384/290
f 390/497/291 413/498/291 518/415/291 493/380/291
f 424/499/292 503/427/292 517/411/292 412/500/292
f 424/499/293 411/501/293 516/407/293 503/427/293
f 423/502/294 505/414/294 515/403/294 410/503/294
f 394/504/295 409/505/295 514/399/295 497/396/295
f 393/506/296 408/507/296 513/395/296 496/392/296
f 392/508/297 407/509/297 512/391/297 495/388/297
f 400/510/298 406/511/298 511/387/298 500/420/298
f 398/512/299 405/513/299 510/383/299 499/416/299
f 396/514/300 404/515/300 509/379/300 498/408/300
f 421/516/301 403/517/301 508/375/301 502/400/301
f 426/494/302 402/491/302 507/424/302 520/423/302
f 420/518/303 401/519/303 506/367/303 501/376/303
f 414/496/304 400/510/304 500/420/304 519/419/304
f 413/498/305 398/512/305 499/416/305 518/415/305
f 412/500/306 517/411/306 505/414/306 423/502/306
f 411/501/307 396/514/307 498/408/307 516/407/307
f 410/503/308 515/403/308 504/406/308 422/520/308
f 409/505/309 421/516/309 502/400/309 514/399/309
f 408/507/310 394/504/310 497/396/310 513/395/310
f 407/509/311 393/506/311 496/392/311 512/391/311
f 406/511/312 392/508/312 495/388/312 511/387/312
f 405/513/313 391/495/313 494/384/313 510/383/313
f 404/515/314 390/497/314 493/380/314 509/379/314
f 403/517/315 420/518/315 501/376/315 508/375/315
f 428/492/316 389/521/316 492/372/316 521/371/316
f 401/519/317 388/493/317 491/368/317 506/367/317
f 220/522/318 241/523/318 545/243/318 523/208/318
f 219/524/319 240/525/319 544/239/319 522/204/319
f 250/526/320 531/249/320 543/235/320 239/527/320
f 250/526/321 238/528/321 542/231/321 531/249/321
f 249/529/322 533/238/322 541/227/322 237/530/322
f 223/531/323 236/532/323 540/223/323 526/220/323
f 222/533/324 235/534/324 539/219/324 525/216/324
f 221/535/325 234/536/325 538/215/325 524/212/325
f 229/537/326 233/538/326 537/211/326 529/244/326
f 227/539/327 232/540/327 536/207/327 528/240/327
f 225/541/328 231/542/328 535/203/328 527/232/328
f 247/543/329 230/544/329 534/247/329 530/224/329
f 241/523/330 229/537/330 529/244/330 545/243/330
f 240/525/331 227/539/331 528/240/331 544/239/331
f 239/527/332 543/235/332 533/238/332 249/529/332
f 238/528/333 225/541/333 527/232/333 542/231/333
f 237/530/334 541/227/334 532/230/334 248/545/334
f 236/532/335 247/543/335 530/224/335 540/223/335
f 235/534/336 223/531/336 526/220/336 539/219/336
f 234/536/337 222/533/337 525/216/337 538/215/337
f 233/538/338 221/535/338 524/212/338 537/211/338
f 232/540/339 220/522/339 523/208/339 536/207/339
f 231/542/340 219/524/340 522/204/340 535/203/340
f 2522/546/341 1219/547/341 549/548/341 1218/549/341
f 2523/550/342 1220/551/342 550/552/342 1222/553/342
f 2524/554/343 1223/555/343 553/556/343 1225/557/343
f 2525/558/344 1226/559/344 555/560/344 1228/561/344
f 5010/562/345 1232/563/345 560/564/345 4975/565/345
f 5011/566/346 1231/567/346 559/568/346 4992/569/346
f 5012/570/347 1421/571/347 557/572/347 4976/573/347
f 5013/574/348 1229/575/348 556/576/348 4993/577/348
f 5014/578/349 4980/579/349 579/580/349 1269/581/349
f 4872/582/350 4841/583/350 581/584/350 1271/585/350
f 2532/586/351 1239/587/351 561/588/351 1241/589/351
f 2533/590/352 1238/591/352 562/592/352 1242/593/352
f 4873/594/353 1247/595/353 569/596/353 4837/597/353
f 4874/598/354 1405/599/354 565/600/354 4838/601/354
f 4875/602/355 1246/603/355 568/604/355 4852/605/355
f 4876/606/356 1245/607/356 567/608/356 4853/609/356
f 2538/610/357 1722/611/357 598/612/357 1295/613/357
f 4877/614/358 1243/615/358 564/616/358 4854/617/358
f 4947/618/359 4928/619/359 572/620/359 1258/621/359
f 2541/622/360 1255/623/360 570/624/360 1259/625/360
f 2542/626/361 1254/627/361 571/628/361 1260/629/361
f 4948/630/362 4929/631/362 576/632/362 1265/633/362
f 2544/634/363 1262/635/363 574/636/363 1266/637/363
f 2545/638/364 1261/639/364 575/640/364 1267/641/364
f 5018/642/365 1900/643/365 579/580/365 4980/579/365
f 4880/644/366 1901/645/366 581/584/366 4841/583/366
f 4950/646/367 4931/647/367 584/648/367 1279/649/367
f 2549/650/368 1276/651/368 582/652/368 1280/653/368
f 2550/654/369 1275/655/369 583/656/369 1281/657/369
f 4951/658/370 4932/659/370 588/660/370 1286/661/370
f 2552/662/371 1283/663/371 586/664/371 1287/665/371
f 2553/666/372 1282/667/372 587/668/372 1288/669/372
f 2554/670/373 2368/671/373 600/672/373 1299/673/373
f 2555/674/374 2447/675/374 599/676/374 1719/677/374
f 2556/678/375 1295/613/375 598/612/375 1513/679/375
f 2557/680/376 1294/681/376 597/682/376 1721/683/376
f 2558/684/377 1293/685/377 596/686/377 1723/687/377
f 2559/688/378 1292/689/378 595/690/378 1724/691/378
f 2560/692/379 1515/693/379 591/694/379 1305/695/379
f 2561/696/380 1291/697/380 594/698/380 1725/699/380
f 2562/700/381 1290/701/381 593/702/381 1727/703/381
f 2563/704/382 1289/705/382 590/706/382 1728/707/382
f 2564/708/383 1729/709/383 601/710/383 1310/711/383
f 2565/712/384 1730/713/384 603/714/384 1313/715/384
f 2566/716/385 2208/717/385 614/718/385 1324/719/385
f 2567/720/386 2369/721/386 613/722/386 1323/723/386
f 2568/724/387 2448/725/387 612/726/387 1325/727/387
f 2569/728/388 1319/729/388 611/730/388 1326/731/388
f 2570/732/389 1318/733/389 610/734/389 1327/735/389
f 2571/736/390 1317/737/390 609/738/390 1328/739/390
f 2572/740/391 1507/741/391 606/742/391 1330/743/391
f 2573/744/392 1316/745/392 608/746/392 1329/747/392
f 2574/748/393 1315/749/393 607/750/393 1331/751/393
f 2575/752/394 1314/753/394 605/754/394 1332/755/394
f 2576/756/395 2209/757/395 624/758/395 1343/759/395
f 2577/760/396 2370/761/396 623/762/396 1539/763/396
f 2578/764/397 2449/765/397 622/766/397 1544/767/397
f 2579/768/398 1338/769/398 621/770/398 1543/771/398
f 2580/772/399 1337/773/399 620/774/399 1535/775/399
f 2581/776/400 1336/777/400 619/778/400 1548/779/400
f 2582/780/401 1505/781/401 616/782/401 1349/783/401
f 2583/784/402 1335/785/402 618/786/402 1549/787/402
f 2584/788/403 1334/789/403 617/790/403 1551/791/403
f 2585/792/404 1333/793/404 615/794/404 1552/795/404
f 2586/796/405 2210/797/405 634/798/405 1362/799/405
f 2587/800/406 2371/801/406 633/802/406 1807/803/406
f 2588/804/407 2450/805/407 632/806/407 1809/807/407
f 2589/808/408 1357/809/408 631/810/408 1810/811/408
f 2590/812/409 1356/813/409 630/814/409 1811/815/409
f 2591/816/410 1355/817/410 629/818/410 1812/819/410
f 2592/820/411 1504/821/411 626/822/411 1368/823/411
f 2593/824/412 1354/825/412 628/826/412 1813/827/412
f 2594/828/413 1353/829/413 627/830/413 1815/831/413
f 2595/832/414 1352/833/414 625/834/414 1816/835/414
f 2596/836/415 2211/837/415 643/838/415 1380/839/415
f 2597/840/416 2372/841/416 642/842/416 1856/843/416
f 2598/844/417 2451/845/417 641/846/417 1858/847/417
f 2599/848/418 1375/849/418 640/850/418 1859/851/418
f 2600/852/419 1374/853/419 639/854/419 1860/855/419
f 2601/856/420 1373/857/420 638/858/420 1861/859/420
f 2602/860/421 1372/861/421 637/862/421 1862/863/421
f 2603/864/422 1371/865/422 636/866/422 1863/867/422
f 2604/868/423 2212/869/423 652/870/423 1397/871/423
f 2605/872/424 2373/873/424 651/874/424 1903/875/424
f 2606/876/425 2452/877/425 650/878/425 1905/879/425
f 2607/880/426 1392/881/426 649/882/426 1906/883/426
f 2608/884/427 1391/885/427 648/886/427 1907/887/427
f 2609/888/428 1390/889/428 647/890/428 1908/891/428
f 2610/892/429 1389/893/429 646/894/429 1909/895/429
f 2611/896/430 1388/897/430 645/898/430 1910/899/430
f 2612/900/431 2213/901/431 661/902/431 1414/903/431
f 2613/904/432 2374/905/432 660/906/432 1817/907/432
f 2614/908/433 2453/909/433 659/910/433 1819/911/433
f 2615/912/434 1409/913/434 658/914/434 1820/915/434
f 2616/916/435 1408/917/435 657/918/435 1821/919/435
f 2617/920/436 1407/921/436 656/922/436 1822/923/436
f 2618/924/437 1406/925/437 655/926/437 1823/927/437
f 2619/928/438 1514/929/438 706/930/438 1438/931/438
f 2620/932/439 2214/933/439 669/934/439 1431/935/439
f 2621/936/440 2375/937/440 668/938/440 1430/939/440
f 2622/940/441 2454/941/441 667/942/441 1432/943/441
f 2623/944/442 1426/945/442 666/946/442 1433/947/442
f 2624/948/443 1425/949/443 665/950/443 1434/951/443
f 2625/952/444 1424/953/444 664/954/444 1435/955/444
f 2626/956/445 1423/957/445 663/958/445 1436/959/445
f 2627/960/446 2215/961/446 677/962/446 1447/963/446
f 2628/964/447 2376/965/447 676/966/447 1571/967/447
f 2629/968/448 2455/969/448 675/970/448 1573/971/448
f 2630/972/449 1442/973/449 674/974/449 1574/975/449
f 2631/976/450 1441/977/450 673/978/450 1575/979/450
f 2632/980/451 1440/981/451 672/982/451 1576/983/451
f 2633/984/452 1439/985/452 671/986/452 1577/987/452
f 2634/988/453 2216/989/453 686/990/453 1463/991/453
f 2635/992/454 2377/993/454 685/994/454 1462/995/454
f 2636/996/455 2456/997/455 684/998/455 1464/999/455
f 2637/1000/456 1458/1001/456 683/1002/456 1465/1003/456
f 2638/1004/457 1457/1005/457 682/1006/457 1466/1007/457
f 2639/1008/458 1456/1009/458 681/1010/458 1467/1011/458
f 2640/1012/459 1455/1013/459 680/1014/459 1468/1015/459
f 2641/1016/460 1506/1017/460 716/1018/460 1454/1019/460
f 2642/1020/461 2217/1021/461 695/1022/461 1478/1023/461
f 2643/1024/462 2378/1025/462 694/1026/462 1477/1027/462
f 2644/1028/463 2457/1029/463 693/1030/463 1479/1031/463
f 2645/1032/464 1473/1033/464 692/1034/464 1480/1035/464
f 2646/1036/465 1472/1037/465 691/1038/465 1481/1039/465
f 2647/1040/466 1471/1041/466 690/1042/466 1482/1043/466
f 2648/1044/467 1680/1045/467 719/1046/467 1541/1047/467
f 2649/1048/468 1437/1049/468 654/1050/468 1533/1051/468
f 2650/1052/469 2218/1053/469 703/1054/469 1493/1055/469
f 2651/1056/470 2379/1057/470 702/1058/470 1492/1059/470
f 2652/1060/471 2458/1061/471 701/1062/471 1494/1063/471
f 2653/1064/472 1488/1065/472 700/1066/472 1495/1067/472
f 2654/1068/473 1487/1069/473 699/1070/473 1496/1071/473
f 2655/1072/474 1486/1073/474 698/1074/474 1497/1075/474
f 2656/1076/475 1679/1077/475 689/1078/475 1483/1079/475
f 2657/1080/476 1913/1081/476 704/1082/476 1502/1083/476
f 2658/1084/477 1867/1085/477 708/1086/477 1510/1087/477
f 2659/1088/478 1509/1089/478 696/1090/478 1503/1091/478
f 2660/1092/479 1825/1093/479 709/1094/479 1915/1095/479
f 2661/1096/480 1517/1097/480 716/1018/480 1869/1098/480
f 2662/1099/481 1485/1100/481 678/1101/481 1522/1102/481
f 2663/1103/482 1731/1104/482 592/1105/482 1914/1106/482
f 2664/1107/483 1678/1108/483 679/1109/483 1675/1110/483
f 2665/1111/484 1501/1112/484 687/1113/484 1916/1114/484
f 2666/1115/485 1869/1098/485 716/1018/485 1506/1017/485
f 2667/1116/486 1541/1117/486 719/1118/486 1523/1119/486
f 2668/1120/487 1533/1051/487 654/1050/487 1824/1121/487
f 2669/1122/488 1560/1123/488 725/1124/488 1590/1125/488
f 2670/1126/489 1556/1127/489 720/1128/489 1532/1129/489
f 2671/1130/490 1557/1131/490 723/1132/490 1545/1133/490
f 2672/1134/491 1561/1135/491 726/1136/491 1591/1137/491
f 2673/1138/492 1558/1139/492 722/1140/492 1588/1141/492
f 2674/1142/493 1546/1143/493 717/1144/493 1531/1145/493
f 2675/1146/494 1559/1147/494 724/1148/494 1589/1149/494
f 2676/1150/495 1865/1151/495 580/1152/495 1272/1153/495
f 2677/1154/496 1828/1155/496 678/1101/496 1532/1129/496
f 2678/1156/497 1562/1157/497 727/1158/497 1592/1159/497
f 2679/1160/498 1563/1161/498 729/1162/498 1550/1163/498
f 2680/1164/499 1564/1165/499 728/1166/499 1593/1167/499
f 2681/1168/500 1565/1169/500 730/1170/500 1594/1171/500
f 2682/1172/501 1566/1173/501 731/1174/501 1595/1175/501
f 2683/1176/502 1567/1177/502 733/1178/502 1554/1179/502
f 2684/1180/503 1553/1181/503 732/1182/503 1917/1183/503
f 2685/1184/504 1597/1185/504 735/1186/504 1569/1187/504
f 2686/1188/505 1546/1143/505 720/1189/505 1556/1190/505
f 2687/1191/506 1579/1192/506 737/1193/506 1572/1194/506
f 2688/1195/507 1580/1196/507 736/1197/507 1446/1198/507
f 2689/1199/508 1581/1200/508 738/1201/508 1448/1202/508
f 2690/1203/509 1582/1204/509 739/1205/509 1449/1206/509
f 2691/1207/510 1583/1208/510 740/1209/510 1450/1210/510
f 2692/1211/511 1584/1212/511 741/1213/511 1451/1214/511
f 2693/1215/512 1585/1216/512 742/1217/512 1452/1218/512
f 2694/1219/513 1453/1220/513 662/1221/513 1542/1222/513
f 2695/1223/514 1602/1224/514 753/1225/514 1596/1226/514
f 2696/1227/515 1603/1228/515 747/1229/515 1619/1230/515
f 2697/1231/516 1604/1232/516 755/1233/516 1598/1234/516
f 2698/1235/517 1605/1236/517 748/1237/517 1620/1238/517
f 2699/1239/518 1606/1240/518 745/1241/518 1617/1242/518
f 2700/1243/519 1607/1244/519 746/1245/519 1618/1246/519
f 2701/1247/520 1608/1248/520 749/1249/520 1621/1250/520
f 2702/1251/521 1609/1252/521 756/1253/521 1599/1254/521
f 2703/1255/522 1610/1256/522 750/1257/522 1622/1258/522
f 2704/1259/523 1611/1260/523 751/1261/523 1623/1262/523
f 2705/1263/524 1612/1264/524 752/1265/524 1624/1266/524
f 2706/1267/525 1600/1268/525 757/1269/525 1918/1270/525
f 2707/1271/526 1626/1272/526 754/1273/526 1614/1274/526
f 2708/1275/527 1615/1276/527 744/1277/527 1586/1278/527
f 2709/1279/528 1631/1280/528 768/1281/528 1625/1282/528
f 2710/1283/529 1632/1284/529 762/1285/529 1648/1286/529
f 2711/1287/530 1633/1288/530 770/1289/530 1627/1290/530
f 2712/1291/531 1634/1292/531 763/1293/531 1649/1294/531
f 2713/1295/532 1635/1296/532 760/1297/532 1646/1298/532
f 2714/1299/533 1636/1300/533 761/1301/533 1647/1302/533
f 2715/1303/534 1637/1304/534 764/1305/534 1650/1306/534
f 2716/1307/535 1638/1308/535 771/1309/535 1628/1310/535
f 2717/1311/536 1639/1312/536 765/1313/536 1651/1314/536
f 2718/1315/537 1640/1316/537 766/1317/537 1652/1318/537
f 2719/1319/538 1641/1320/538 767/1321/538 1653/1322/538
f 2720/1323/539 1629/1324/539 772/1325/539 1919/1326/539
f 2721/1327/540 1655/1328/540 769/1329/540 1643/1330/540
f 2722/1331/541 1616/1332/541 744/1277/541 1615/1276/541
f 2723/1333/542 1587/1334/542 744/1277/542 1616/1332/542
f 2724/1335/543 1660/1336/543 782/1337/543 1654/1338/543
f 2725/1339/544 1661/1340/544 776/1341/544 1345/1342/544
f 2726/1343/545 1662/1344/545 784/1345/545 1656/1346/545
f 2727/1347/546 1663/1348/546 777/1349/546 1346/1350/546
f 2728/1351/547 1664/1352/547 774/1353/547 1342/1354/547
f 2729/1355/548 1665/1356/548 775/1357/548 1344/1358/548
f 2730/1359/549 1666/1360/549 778/1361/549 1347/1362/549
f 2731/1363/550 1667/1364/550 785/1365/550 1657/1366/550
f 2732/1367/551 1668/1368/551 779/1369/551 1348/1370/551
f 2733/1371/552 1669/1372/552 780/1373/552 1350/1374/552
f 2734/1375/553 1670/1376/553 781/1377/553 1351/1378/553
f 2735/1379/554 1658/1380/554 786/1381/554 1920/1382/554
f 2736/1383/555 1540/1384/555 783/1385/555 1672/1386/555
f 2737/1387/556 1644/1388/556 769/1389/556 1655/1390/556
f 2738/1391/557 1645/1392/557 759/1393/557 1673/1394/557
f 2739/1395/558 1677/1396/558 712/1397/558 1521/1398/558
f 2740/1399/559 1676/1400/559 712/1397/559 1677/1396/559
f 2741/1401/560 1540/1402/560 719/1403/560 1680/1404/560
f 2742/1405/561 1691/1406/561 800/1407/561 1689/1408/561
f 2743/1409/562 1692/1410/562 799/1411/562 1688/1412/562
f 2744/1413/563 1537/1414/563 798/1415/563 1687/1416/563
f 2745/1417/564 1695/1418/564 796/1419/564 1686/1420/564
f 2746/1421/565 1696/1422/565 795/1423/565 1685/1424/565
f 2747/1425/566 1697/1426/566 794/1427/566 1684/1428/566
f 2748/1429/567 1698/1430/567 793/1431/567 1683/1432/567
f 2749/1433/568 1699/1434/568 792/1435/568 1682/1436/568
f 2750/1437/569 1786/1438/569 791/1439/569 1681/1440/569
f 4952/1441/570 4910/1442/570 810/1443/570 1708/1444/570
f 4953/1445/571 4911/1446/571 809/1447/571 1707/1448/571
f 4954/1449/572 4934/1450/572 808/1451/572 1706/1452/572
f 4955/1453/573 4912/1454/573 806/1455/573 1705/1456/573
f 4956/1457/574 4913/1458/574 805/1459/574 1704/1460/574
f 4957/1461/575 4914/1462/575 804/1463/575 1703/1464/575
f 4958/1465/576 4915/1466/576 803/1467/576 1702/1468/576
f 4959/1469/577 4916/1470/577 802/1471/577 1701/1472/577
f 4960/1473/578 4935/1474/578 801/1475/578 1700/1476/578
f 2760/1477/579 1301/1478/579 814/1479/579 1874/1480/579
f 2761/1481/580 1734/1482/580 812/1483/580 1720/1484/580
f 2762/1485/581 1735/1486/581 811/1487/581 1298/1488/581
f 2763/1489/582 1736/1490/582 813/1491/582 1300/1492/582
f 2764/1493/583 1737/1494/583 815/1495/583 1302/1496/583
f 2765/1497/584 1738/1498/584 816/1499/584 1303/1500/584
f 2766/1501/585 1739/1502/585 818/1503/585 1726/1504/585
f 2767/1505/586 1740/1506/586 817/1507/586 1304/1508/586
f 2768/1509/587 1741/1510/587 819/1511/587 1306/1512/587
f 2769/1513/588 1742/1514/588 820/1515/588 1307/1516/588
f 2770/1517/589 1308/1518/589 821/1519/589 2226/1520/589
f 2771/1521/590 1311/1522/590 822/1523/590 2287/1524/590
f 2772/1525/591 1519/1526/591 823/1527/591 1921/1528/591
f 2773/1529/592 1756/1530/592 834/1531/592 1754/1532/592
f 2774/1533/593 1757/1534/593 833/1535/593 1753/1536/593
f 2775/1537/594 1755/1538/594 832/1539/594 1752/1540/594
f 2776/1541/595 1760/1542/595 830/1543/595 1751/1544/595
f 2777/1545/596 1761/1546/596 829/1547/596 1750/1548/596
f 2778/1549/597 1762/1550/597 828/1551/597 1749/1552/597
f 2779/1553/598 1763/1554/598 827/1555/598 1748/1556/598
f 2780/1557/599 1764/1558/599 826/1559/599 1747/1560/599
f 2781/1561/600 1758/1562/600 825/1563/600 1746/1564/600
f 2782/1565/601 1775/1566/601 844/1567/601 1773/1568/601
f 2783/1569/602 1776/1570/602 843/1571/602 1772/1572/602
f 2784/1573/603 1774/1574/603 842/1575/603 1771/1576/603
f 2785/1577/604 1779/1578/604 840/1579/604 1770/1580/604
f 2786/1581/605 1780/1582/605 839/1583/605 1769/1584/605
f 2787/1585/606 1781/1586/606 838/1587/606 1768/1588/606
f 2788/1589/607 1782/1590/607 837/1591/607 1767/1592/607
f 2789/1593/608 1783/1594/608 836/1595/608 1766/1596/608
f 2790/1597/609 1777/1598/609 835/1599/609 1765/1600/609
f 2791/1601/610 1784/1602/610 846/1603/610 1793/1604/610
f 2792/1605/611 1785/1606/611 847/1607/611 1794/1608/611
f 2793/1609/612 1690/1610/612 845/1611/612 1795/1612/612
f 2794/1613/613 1788/1614/613 850/1615/613 2229/1616/613
f 2795/1617/614 1789/1618/614 851/1619/614 2390/1620/614
f 2796/1621/615 1790/1622/615 852/1623/615 2469/1624/615
f 2797/1625/616 1791/1626/616 853/1627/616 1799/1628/616
f 2798/1629/617 1792/1630/617 854/1631/617 1800/1632/617
f 2799/1633/618 1693/1634/618 848/1635/618 1801/1636/618
f 2800/1637/619 1731/1104/619 823/1527/619 1802/1638/619
f 2801/1639/620 1692/1640/620 847/1641/620 1802/1638/620
f 4892/1642/621 4857/1643/621 799/1644/621 1803/1645/621
f 5030/1646/622 4996/1647/622 809/1648/622 1804/1649/622
f 2804/1650/623 1776/1651/623 833/1652/623 1805/1653/623
f 2805/1654/624 1830/1655/624 856/1656/624 1808/1657/624
f 2806/1658/625 1831/1659/625 855/1660/625 1361/1661/625
f 2807/1662/626 1832/1663/626 857/1664/626 1363/1665/626
f 2808/1666/627 1833/1667/627 858/1668/627 1364/1669/627
f 2809/1670/628 1834/1671/628 859/1672/628 1365/1673/628
f 2810/1674/629 1835/1675/629 860/1676/629 1366/1677/629
f 2811/1678/630 1836/1679/630 862/1680/630 1814/1681/630
f 2812/1682/631 1837/1683/631 861/1684/631 1367/1685/631
f 2813/1686/632 1838/1687/632 863/1688/632 1369/1689/632
f 2814/1690/633 1839/1691/633 864/1692/633 1370/1693/633
f 2815/1694/634 1840/1695/634 866/1696/634 1818/1697/634
f 2816/1698/635 1841/1699/635 865/1700/635 1413/1701/635
f 2817/1702/636 1842/1703/636 867/1704/636 1415/1705/636
f 2818/1706/637 1843/1707/637 868/1708/637 1416/1709/637
f 2819/1710/638 1844/1711/638 869/1712/638 1417/1713/638
f 2820/1714/639 1845/1715/639 870/1716/639 1418/1717/639
f 2821/1718/640 1846/1719/640 871/1720/640 1419/1721/640
f 2822/1722/641 1517/1097/641 873/1723/641 1922/1724/641
f 2823/1725/642 1825/1093/642 873/1726/642 1875/1727/642
f 2824/1728/643 1849/1729/643 872/1730/643 1420/1731/643
f 2825/1732/644 1850/1733/644 875/1734/644 1827/1735/644
f 2826/1736/645 1534/1737/645 876/1738/645 1851/1739/645
f 5031/1740/646 4987/1741/646 879/1742/646 1853/1743/646
f 4893/1744/647 4848/1745/647 880/1746/647 1854/1747/647
f 2829/1748/648 1878/1749/648 881/1750/648 1855/1751/648
f 2830/1752/649 1855/1751/649 881/1750/649 1879/1753/649
f 2831/1754/650 1880/1755/650 883/1756/650 1857/1757/650
f 2832/1758/651 1881/1759/651 882/1760/651 1379/1761/651
f 2833/1762/652 1882/1763/652 884/1764/652 1381/1765/652
f 2834/1766/653 1883/1767/653 885/1768/653 1382/1769/653
f 2835/1770/654 1884/1771/654 886/1772/654 1383/1773/654
f 2836/1774/655 1885/1775/655 887/1776/655 1384/1777/655
f 2837/1778/656 1886/1779/656 888/1780/656 1385/1781/656
f 2838/1782/657 1887/1783/657 889/1784/657 1386/1785/657
f 2839/1786/658 1511/1787/658 893/1788/658 1888/1789/658
f 2840/1790/659 1866/1791/659 892/1792/659 1889/1793/659
f 2841/1794/660 1890/1795/660 895/1796/660 1530/1797/660
f 2842/1798/661 1530/1797/661 895/1796/661 1891/1799/661
f 2843/1800/662 1508/1801/662 891/1802/662 1892/1803/662
f 2844/1804/663 1870/1805/663 896/1806/663 1893/1807/663
f 2845/1808/664 1871/1809/664 897/1810/664 1894/1811/664
f 2846/1812/665 1872/1813/665 898/1814/665 1895/1815/665
f 2847/1816/666 1873/1817/666 899/1818/666 1896/1819/666
f 2848/1820/667 1897/1821/667 900/1822/667 1733/1823/667
f 2849/1824/668 1898/1825/668 901/1826/668 1848/1827/668
f 2850/1828/669 1923/1829/669 902/1830/669 1899/1831/669
f 5032/1832/670 1230/1833/670 903/1834/670 5002/1835/670
f 4894/1836/671 1244/1837/671 904/1838/671 4863/1839/671
f 2853/1840/672 1926/1841/672 907/1842/672 1904/1843/672
f 2854/1844/673 1927/1845/673 906/1846/673 1396/1847/673
f 2855/1848/674 1928/1849/674 908/1850/674 1398/1851/674
f 2856/1852/675 1929/1853/675 909/1854/675 1399/1855/675
f 2857/1856/676 1930/1857/676 910/1858/676 1400/1859/676
f 2858/1860/677 1931/1861/677 911/1862/677 1401/1863/677
f 2859/1864/678 1932/1865/678 912/1866/678 1402/1867/678
f 2860/1868/679 1933/1869/679 913/1870/679 1403/1871/679
f 2861/1872/680 1934/1873/680 915/1874/680 1912/1875/680
f 2862/1876/681 1499/1877/681 916/1878/681 1935/1879/681
f 2863/1880/682 1936/1881/682 918/1882/682 1522/1102/682
f 2864/1883/683 1937/1884/683 918/1882/683 1915/1095/683
f 2865/1885/684 1938/1886/684 917/1887/684 1520/1888/684
f 2866/1889/685 1939/1890/685 919/1891/685 1524/1892/685
f 2867/1893/686 1940/1894/686 920/1895/686 1568/1896/686
f 2868/1897/687 1941/1898/687 921/1899/687 1613/1900/687
f 2869/1901/688 1942/1902/688 922/1903/688 1642/1904/688
f 2870/1905/689 1943/1906/689 923/1907/689 1671/1908/689
f 2871/1909/690 1944/1910/690 924/1911/690 1745/1912/690
f 2872/1913/691 1945/1914/691 925/1915/691 1847/1916/691
f 2873/1917/692 1955/1918/692 933/1919/692 1953/1920/692
f 2874/1921/693 1956/1922/693 932/1923/693 1952/1924/693
f 2875/1925/694 1954/1926/694 931/1927/694 1951/1928/694
f 2876/1929/695 1959/1930/695 930/1931/695 1950/1932/695
f 2877/1933/696 1958/1934/696 929/1935/696 1949/1936/696
f 2878/1937/697 1960/1938/697 928/1939/697 1948/1940/697
f 2879/1941/698 1962/1942/698 927/1943/698 1947/1944/698
f 2880/1945/699 1961/1946/699 926/1947/699 1946/1948/699
f 2881/1949/700 1972/1950/700 942/1951/700 1970/1952/700
f 2882/1953/701 1973/1954/701 941/1955/701 1969/1956/701
f 2883/1957/702 1971/1958/702 940/1959/702 1968/1960/702
f 2884/1961/703 1976/1962/703 939/1963/703 1967/1964/703
f 2885/1965/704 1975/1966/704 938/1967/704 1966/1968/704
f 2886/1969/705 1977/1970/705 937/1971/705 1965/1972/705
f 2887/1973/706 1979/1974/706 936/1975/706 1964/1976/706
f 2888/1977/707 1978/1978/707 935/1979/707 1963/1980/707
f 2889/1981/708 1989/1982/708 951/1983/708 1987/1984/708
f 2890/1985/709 1990/1986/709 950/1987/709 1986/1988/709
f 2891/1989/710 1988/1990/710 949/1991/710 1985/1992/710
f 2892/1993/711 1993/1994/711 948/1995/711 1984/1996/711
f 2893/1997/712 1992/1998/712 947/1999/712 1983/2000/712
f 2894/2001/713 1994/2002/713 946/2003/713 1982/2004/713
f 2895/2005/714 1996/2006/714 945/2007/714 1981/2008/714
f 2896/2009/715 1995/2010/715 944/2011/715 1980/2012/715
f 2897/2013/716 2006/2014/716 960/2015/716 2004/2016/716
f 2898/2017/717 2007/2018/717 959/2019/717 2003/2020/717
f 2899/2021/718 2005/2022/718 958/2023/718 2002/2024/718
f 2900/2025/719 2010/2026/719 957/2027/719 2001/2028/719
f 2901/2029/720 2009/2030/720 956/2031/720 2000/2032/720
f 2902/2033/721 2011/2034/721 955/2035/721 1999/2036/721
f 2903/2037/722 2013/2038/722 954/2039/722 1998/2040/722
f 2904/2041/723 2012/2042/723 953/2043/723 1997/2044/723
f 2905/2045/724 2023/2046/724 969/2047/724 2021/2048/724
f 2906/2049/725 2024/2050/725 968/2051/725 2020/2052/725
f 2907/2053/726 2022/2054/726 967/2055/726 2019/2056/726
f 2908/2057/727 2027/2058/727 966/2059/727 2018/2060/727
f 2909/2061/728 2026/2062/728 965/2063/728 2017/2064/728
f 2910/2065/729 2028/2066/729 964/2067/729 2016/2068/729
f 2911/2069/730 2030/2070/730 963/2071/730 2015/2072/730
f 2912/2073/731 2029/2074/731 962/2075/731 2014/2076/731
f 2913/2077/732 2033/2078/732 972/2079/732 2031/2080/732
f 2914/2081/733 2036/2082/733 974/2083/733 2034/2084/733
f 2915/2085/734 2039/2086/734 976/2087/734 2037/2088/734
f 2916/2089/735 2042/2090/735 978/2091/735 2040/2092/735
f 2917/2093/736 2050/2094/736 984/2095/736 2048/2096/736
f 2918/2097/737 2051/2098/737 983/2099/737 2047/2100/737
f 2919/2101/738 2049/2102/738 982/2103/738 2046/2104/738
f 2920/2105/739 2054/2106/739 981/2107/739 2045/2108/739
f 2921/2109/740 2055/2110/740 980/2111/740 2044/2112/740
f 2922/2113/741 2053/2114/741 979/2115/741 2043/2116/741
f 2923/2117/742 2063/2118/742 991/2119/742 2061/2120/742
f 2924/2121/743 2064/2122/743 990/2123/743 2060/2124/743
f 2925/2125/744 2062/2126/744 989/2127/744 2059/2128/744
f 2926/2129/745 2067/2130/745 988/2131/745 2058/2132/745
f 2927/2133/746 2068/2134/746 987/2135/746 2057/2136/746
f 2928/2137/747 2066/2138/747 986/2139/747 2056/2140/747
f 2929/2141/748 2076/2142/748 998/2143/748 2074/2144/748
f 2930/2145/749 2077/2146/749 997/2147/749 2073/2148/749
f 2931/2149/750 2476/2150/750 996/2151/750 2072/2152/750
f 2932/2153/751 2080/2154/751 995/2155/751 2071/2156/751
f 2933/2157/752 2081/2158/752 994/2159/752 2070/2160/752
f 2934/2161/753 2480/2162/753 993/2163/753 2069/2164/753
f 2935/2165/754 1957/2166/754 934/2167/754 2082/2168/754
f 2936/2169/755 1974/2170/755 943/2171/755 2083/2172/755
f 2937/2173/756 1991/2174/756 952/2175/756 2084/2176/756
f 2938/2177/757 2008/2178/757 961/2179/757 2085/2180/757
f 2939/2181/758 2025/2182/758 970/2183/758 2086/2184/758
f 2940/2185/759 2052/2186/759 985/2187/759 2087/2188/759
f 2941/2189/760 2065/2190/760 992/2191/760 2088/2192/760
f 2942/2193/761 2479/2194/761 999/2195/761 2089/2196/761
f 2943/2197/762 2032/2198/762 971/2199/762 2090/2200/762
f 2944/2201/763 2067/2130/763 981/2107/763 2090/2200/763
f 2945/2202/764 2481/2203/764 988/2131/764 2091/2204/764
f 2946/2205/765 2100/2206/765 1005/2207/765 2098/2208/765
f 2947/2209/766 2101/2210/766 1004/2211/766 2097/2212/766
f 2948/2213/767 2397/2214/767 1003/2215/767 2096/2216/767
f 2949/2217/768 2104/2218/768 1002/2219/768 2095/2220/768
f 2950/2221/769 2105/2222/769 1001/2223/769 2094/2224/769
f 2951/2225/770 2401/2226/770 1000/2227/770 2093/2228/770
f 2952/2229/771 2400/2230/771 1006/2231/771 2106/2232/771
f 2953/2233/772 2402/2234/772 995/2155/772 2092/2235/772
f 2954/2236/773 2117/2237/773 1007/2238/773 2115/2239/773
f 2955/2240/774 2119/2241/774 1014/2242/774 2114/2243/774
f 2956/2244/775 2120/2245/775 1013/2246/775 2113/2247/775
f 2957/2248/776 2236/2249/776 1012/2250/776 2112/2251/776
f 2958/2252/777 2234/2253/777 1011/2254/777 2111/2255/777
f 2959/2256/778 2123/2257/778 1010/2258/778 2110/2259/778
f 2960/2260/779 2240/2261/779 1009/2262/779 2109/2263/779
f 2961/2264/780 2124/2265/780 1008/2266/780 2108/2267/780
f 2962/2268/781 2239/2269/781 1015/2270/781 2125/2271/781
f 2963/2272/782 2160/2273/782 1041/2274/782 2157/2275/782
f 2964/2276/783 2162/2277/783 1038/2278/783 2147/2279/783
f 2965/2280/784 2164/2281/784 1029/2282/784 2138/2283/784
f 2966/2284/785 2166/2285/785 1047/2286/785 2155/2287/785
f 2967/2288/786 2168/2289/786 1040/2290/786 2149/2291/786
f 2968/2292/787 2170/2293/787 1017/2294/787 2126/2295/787
f 2969/2296/788 2172/2297/788 1022/2298/788 2131/2299/788
f 2970/2300/789 2288/2301/789 1045/2302/789 2153/2303/789
f 2971/2304/790 2175/2305/790 1034/2306/790 2143/2307/790
f 2972/2308/791 2176/2309/791 1028/2310/791 2137/2311/791
f 2973/2312/792 2292/2313/792 1030/2314/792 2139/2315/792
f 2974/2316/793 2302/2317/793 1043/2318/793 2151/2319/793
f 4964/2320/794 2303/2321/794 1033/2322/794 4938/2323/794
f 2976/2324/795 2181/2325/795 1026/2326/795 2135/2327/795
f 2977/2328/796 2300/2329/796 1021/2330/796 2130/2331/796
f 2978/2332/797 2182/2333/797 1023/2334/797 2132/2335/797
f 2979/2336/798 2306/2337/798 1031/2338/798 2140/2339/798
f 2980/2340/799 2184/2341/799 1037/2342/799 2146/2343/799
f 2981/2344/800 2309/2345/800 1025/2346/800 2134/2347/800
f 2982/2348/801 2187/2349/801 1049/2350/801 2158/2351/801
f 2983/2352/802 2294/2353/802 1048/2354/802 2156/2355/802
f 2984/2356/803 2317/2357/803 1046/2358/803 2154/2359/803
f 2985/2360/804 2290/2361/804 1020/2362/804 2129/2363/804
f 2986/2364/805 2314/2365/805 1024/2366/805 2133/2367/805
f 2987/2368/806 2189/2369/806 1036/2370/806 2141/2371/806
f 2988/2372/807 2307/2373/807 1044/2374/807 2152/2375/807
f 2989/2376/808 2191/2377/808 1039/2378/808 2148/2379/808
f 2990/2380/809 2319/2381/809 1018/2382/809 2127/2383/809
f 2991/2384/810 2192/2385/810 1042/2386/810 2150/2387/810
f 2992/2388/811 2315/2389/811 1035/2390/811 2144/2391/811
f 2993/2392/812 2308/2393/812 1032/2394/812 2145/2395/812
f 2994/2396/813 2296/2397/813 1019/2398/813 2128/2399/813
f 2995/2400/814 2298/2401/814 1027/2402/814 2136/2403/814
f 2996/2404/815 2312/2405/815 1016/2406/815 2193/2407/815
f 5034/2408/816 2197/2409/816 1052/2410/816 4989/2411/816
f 2998/2412/817 2243/2413/817 1050/2414/817 2194/2415/817
f 5035/2416/818 2202/2417/818 1055/2418/818 4990/2419/818
f 3000/2420/819 2322/2421/819 1053/2422/819 2199/2423/819
f 4896/2424/820 1310/711/820 601/710/820 4864/2425/820
f 4966/2426/821 2323/2427/821 1052/2410/821 4918/2428/821
f 3003/2429/822 2246/2430/822 1057/2431/822 2207/2432/822
f 3004/2433/823 1322/2434/823 1058/2435/823 2247/2436/823
f 3005/2437/824 1341/2438/824 1059/2439/824 2248/2440/824
f 3006/2441/825 1360/2442/825 1060/2443/825 2249/2444/825
f 3007/2445/826 1378/2446/826 1061/2447/826 2250/2448/826
f 3008/2449/827 1395/2450/827 1062/2451/827 2251/2452/827
f 3009/2453/828 1412/2454/828 1063/2455/828 2252/2456/828
f 3010/2457/829 1429/2458/829 1064/2459/829 2253/2460/829
f 3011/2461/830 1445/2462/830 1065/2463/830 2254/2464/830
f 3012/2465/831 1461/2466/831 1066/2467/831 2255/2468/831
f 3013/2469/832 1476/2470/832 1067/2471/832 2256/2472/832
f 3014/2473/833 1491/2474/833 1068/2475/833 2257/2476/833
f 3015/2477/834 2219/2478/834 1069/2479/834 2258/2480/834
f 3016/2481/835 2220/2482/835 1070/2483/835 2259/2484/835
f 3017/2485/836 2221/2486/836 1071/2487/836 2260/2488/836
f 3018/2489/837 2222/2490/837 1072/2491/837 2261/2492/837
f 3019/2493/838 2223/2494/838 1073/2495/838 2262/2496/838
f 3020/2497/839 2263/2498/839 1074/2499/839 2224/2500/839
f 4967/2501/840 4920/2502/840 1075/2503/840 2225/2504/840
f 3022/2505/841 2265/2506/841 1076/2507/841 1743/2508/841
f 3023/2509/842 2266/2510/842 1077/2511/842 2227/2512/842
f 3024/2513/843 2267/2514/843 1078/2515/843 2228/2516/843
f 3025/2517/844 2268/2518/844 1079/2519/844 1796/2520/844
f 3026/2521/845 2230/2522/845 1080/2523/845 2269/2524/845
f 3027/2525/846 2231/2526/846 1081/2527/846 2270/2528/846
f 3028/2529/847 2232/2530/847 1082/2531/847 2271/2532/847
f 3029/2533/848 2233/2534/848 1083/2535/848 2272/2536/848
f 3030/2537/849 2235/2538/849 1085/2539/849 2273/2540/849
f 3031/2541/850 2237/2542/850 1087/2543/850 2274/2544/850
f 3032/2545/851 2238/2546/851 1088/2547/851 2275/2548/851
f 3033/2549/852 2118/2550/852 1086/2551/852 2276/2552/852
f 3034/2553/853 2116/2554/853 1084/2555/853 2277/2556/853
f 3035/2557/854 2241/2558/854 1091/2559/854 2278/2560/854
f 3036/2561/855 2122/2562/855 1090/2563/855 2279/2564/855
f 3037/2565/856 2242/2566/856 1092/2567/856 2280/2568/856
f 3038/2569/857 2121/2570/857 1089/2571/857 2281/2572/857
f 5037/2573/858 2244/2574/858 1094/2575/858 5004/2576/858
f 3040/2577/859 2196/2578/859 1093/2579/859 2283/2580/859
f 4899/2581/860 2207/2432/860 1057/2431/860 4867/2582/860
f 3042/2583/861 2325/2584/861 1097/2585/861 2286/2586/861
f 3043/2587/862 2326/2588/862 1098/2589/862 1744/2590/862
f 3044/2591/863 2289/2592/863 1100/2593/863 2327/2594/863
f 3045/2595/864 2291/2596/864 1102/2597/864 2328/2598/864
f 3046/2599/865 2293/2600/865 1104/2601/865 2329/2602/865
f 3047/2603/866 2295/2604/866 1106/2605/866 2330/2606/866
f 3048/2607/867 2297/2608/867 1108/2609/867 2331/2610/867
f 3049/2611/868 2299/2612/868 1110/2613/868 2332/2614/868
f 3050/2615/869 2301/2616/869 1112/2617/869 2333/2618/869
f 3051/2619/870 2159/2620/870 1099/2621/870 2334/2622/870
f 3052/2623/871 2304/2624/871 1115/2625/871 2335/2626/871
f 3053/2627/872 2305/2628/872 1116/2629/872 2336/2630/872
f 3054/2631/873 2163/2632/873 1103/2633/873 2337/2634/873
f 3055/2635/874 2173/2636/874 1113/2637/874 2338/2638/874
f 4969/2639/875 2174/2640/875 1114/2641/875 4939/2642/875
f 3057/2643/876 2310/2644/876 1121/2645/876 2340/2646/876
f 3058/2647/877 2171/2648/877 1111/2649/877 2341/2650/877
f 3059/2651/878 2311/2652/878 1122/2653/878 2342/2654/878
f 3060/2655/879 2177/2656/879 1117/2657/879 2343/2658/879
f 3061/2659/880 2313/2660/880 1124/2661/880 2344/2662/880
f 3062/2663/881 2180/2664/881 1120/2665/881 2345/2666/881
f 3063/2667/882 2316/2668/882 1127/2669/882 2346/2670/882
f 3064/2671/883 2165/2672/883 1105/2673/883 2347/2674/883
f 3065/2675/884 2188/2676/884 1128/2677/884 2348/2678/884
f 3066/2679/885 2161/2680/885 1101/2681/885 2349/2682/885
f 3067/2683/886 2185/2684/886 1125/2685/886 2350/2686/886
f 3068/2687/887 2318/2688/887 1129/2689/887 2351/2690/887
f 3069/2691/888 2178/2692/888 1118/2693/888 2352/2694/888
f 3070/2695/889 2320/2696/889 1131/2697/889 2353/2698/889
f 3071/2699/890 2190/2700/890 1130/2701/890 2354/2702/890
f 3072/2703/891 2321/2704/891 1132/2705/891 2355/2706/891
f 3073/2707/892 2186/2708/892 1126/2709/892 2356/2710/892
f 3074/2711/893 2179/2712/893 1119/2713/893 2357/2714/893
f 3075/2715/894 2167/2716/894 1107/2717/894 2358/2718/894
f 3076/2719/895 2169/2720/895 1109/2721/895 2359/2722/895
f 3077/2723/896 2183/2724/896 1123/2725/896 2360/2726/896
f 5039/2727/897 2323/2427/897 1134/2728/897 5005/2729/897
f 3079/2730/898 2201/2731/898 1133/2732/898 2362/2733/898
f 4970/2734/899 2202/2417/899 1134/2728/899 4940/2735/899
f 4971/2736/900 4922/2737/900 1137/2738/900 2365/2739/900
f 3082/2740/901 2405/2741/901 1138/2742/901 2366/2743/901
f 3083/2744/902 2406/2745/902 1139/2746/902 2367/2747/902
f 3084/2748/903 1297/2749/903 1140/2750/903 2407/2751/903
f 3085/2752/904 1321/2753/904 1141/2754/904 2408/2755/904
f 3086/2756/905 1340/2757/905 1142/2758/905 2409/2759/905
f 3087/2760/906 1359/2761/906 1143/2762/906 2410/2763/906
f 3088/2764/907 1377/2765/907 1144/2766/907 2411/2767/907
f 3089/2768/908 1394/2769/908 1145/2770/908 2412/2771/908
f 3090/2772/909 1411/2773/909 1146/2774/909 2413/2775/909
f 3091/2776/910 1428/2777/910 1147/2778/910 2414/2779/910
f 3092/2780/911 1444/2781/911 1148/2782/911 2415/2783/911
f 3093/2784/912 1460/2785/912 1149/2786/912 2416/2787/912
f 3094/2788/913 1475/2789/913 1150/2790/913 2417/2791/913
f 3095/2792/914 1490/2793/914 1151/2794/914 2418/2795/914
f 3096/2796/915 2380/2797/915 1152/2798/915 2419/2799/915
f 3097/2800/916 2381/2801/916 1153/2802/916 2420/2803/916
f 3098/2804/917 2382/2805/917 1154/2806/917 2421/2807/917
f 3099/2808/918 2383/2809/918 1155/2810/918 2422/2811/918
f 3100/2812/919 2384/2813/919 1156/2814/919 2423/2815/919
f 3101/2816/920 2424/2817/920 1157/2818/920 2385/2819/920
f 4972/2820/921 4923/2821/921 1158/2822/921 2386/2823/921
f 3103/2824/922 2387/2825/922 1159/2826/922 2426/2827/922
f 3104/2828/923 2427/2829/923 1160/2830/923 2388/2831/923
f 3105/2832/924 2428/2833/924 1161/2834/924 2389/2835/924
f 3106/2836/925 2429/2837/925 1162/2838/925 1797/2839/925
f 3107/2840/926 2391/2841/926 1163/2842/926 2430/2843/926
f 3108/2844/927 2392/2845/927 1164/2846/927 2431/2847/927
f 3109/2848/928 2393/2849/928 1165/2850/928 2432/2851/928
f 3110/2852/929 2394/2853/929 1166/2854/929 2433/2855/929
f 3111/2856/930 2396/2857/930 1168/2858/930 2434/2859/930
f 3112/2860/931 2398/2861/931 1170/2862/931 2435/2863/931
f 3113/2864/932 2399/2865/932 1171/2866/932 2436/2867/932
f 3114/2868/933 2099/2869/933 1169/2870/933 2437/2871/933
f 3115/2872/934 2402/2234/934 1174/2873/934 2438/2874/934
f 3116/2875/935 2403/2876/935 1175/2877/935 2439/2878/935
f 3117/2879/936 2103/2880/936 1173/2881/936 2440/2882/936
f 3118/2883/937 2102/2884/937 1172/2885/937 2441/2886/937
f 3119/2887/938 2104/2218/938 1174/2873/938 2442/2888/938
f 4973/2889/939 4924/2890/939 1177/2891/939 2444/2892/939
f 3121/2893/940 2484/2894/940 1178/2895/940 2445/2896/940
f 3122/2897/941 2485/2898/941 1179/2899/941 2446/2900/941
f 3123/2901/942 1296/2902/942 1180/2903/942 2486/2904/942
f 3124/2905/943 1320/2906/943 1181/2907/943 2487/2908/943
f 3125/2909/944 1339/2910/944 1182/2911/944 2488/2912/944
f 3126/2913/945 1358/2914/945 1183/2915/945 2489/2916/945
f 3127/2917/946 1376/2918/946 1184/2919/946 2490/2920/946
f 3128/2921/947 1393/2922/947 1185/2923/947 2491/2924/947
f 3129/2925/948 1410/2926/948 1186/2927/948 2492/2928/948
f 3130/2929/949 1427/2930/949 1187/2931/949 2493/2932/949
f 3131/2933/950 1443/2934/950 1188/2935/950 2494/2936/950
f 3132/2937/951 1459/2938/951 1189/2939/951 2495/2940/951
f 3133/2941/952 1474/2942/952 1190/2943/952 2496/2944/952
f 3134/2945/953 1489/2946/953 1191/2947/953 2497/2948/953
f 3135/2949/954 2459/2950/954 1192/2951/954 2498/2952/954
f 3136/2953/955 2460/2954/955 1193/2955/955 2499/2956/955
f 3137/2957/956 2461/2958/956 1194/2959/956 2500/2960/956
f 3138/2961/957 2462/2962/957 1195/2963/957 2501/2964/957
f 3139/2965/958 2463/2966/958 1196/2967/958 2502/2968/958
f 3140/2969/959 2503/2970/959 1197/2971/959 2464/2972/959
f 4974/2973/960 4925/2974/960 1198/2975/960 2465/2976/960
f 3142/2977/961 2466/2978/961 1199/2979/961 2505/2980/961
f 3143/2981/962 2506/2982/962 1200/2983/962 2467/2984/962
f 3144/2985/963 2507/2986/963 1201/2987/963 2468/2988/963
f 3145/2989/964 2508/2990/964 1202/2991/964 1798/2992/964
f 3146/2993/965 2470/2994/965 1203/2995/965 2509/2996/965
f 3147/2997/966 2471/2998/966 1204/2999/966 2510/3000/966
f 3148/3001/967 2472/3002/967 1205/3003/967 2511/3004/967
f 3149/3005/968 2473/3006/968 1206/3007/968 2512/3008/968
f 3150/3009/969 2475/3010/969 1208/3011/969 2513/3012/969
f 3151/3013/970 2477/3014/970 1210/3015/970 2514/3016/970
f 3152/3017/971 2478/3018/971 1211/3019/971 2515/3020/971
f 3153/3021/972 2075/3022/972 1209/3023/972 2516/3024/972
f 3154/3025/973 2481/2203/973 1214/3026/973 2517/3027/973
f 3155/3028/974 2482/3029/974 1215/3030/974 2518/3031/974
f 3156/3032/975 2079/3033/975 1213/3034/975 2519/3035/975
f 3157/3036/976 2078/3037/976 1212/3038/976 2520/3039/976
f 3158/3040/977 2080/2154/977 1214/3026/977 2521/3041/977
f 1217/3042/978 2522/546/978 1218/549/978 547/3043/978
f 546/3044/979 1216/3045/979 2522/546/979 1217/3042/979
f 1216/3045/980 548/3046/980 1219/547/980 2522/546/980
f 1923/1829/981 2523/550/981 1222/553/981 902/1830/981
f 905/3047/982 1902/3048/982 2523/550/982 1923/1829/982
f 1902/3048/983 551/3049/983 1220/551/983 2523/550/983
f 1216/3045/984 2524/554/984 1225/557/984 548/3046/984
f 546/3044/985 1224/3050/985 2524/554/985 1216/3045/985
f 1224/3050/986 552/3051/986 1223/555/986 2524/554/986
f 1223/555/987 2525/558/987 1228/561/987 553/556/987
f 552/3051/988 1227/3052/988 2525/558/988 1223/555/988
f 1227/3052/989 554/3053/989 1226/559/989 2525/558/989
f 1227/3052/990 2526/3054/990 1234/3055/990 554/3053/990
f 552/3051/991 1233/3056/991 2526/3054/991 1227/3052/991
f 4992/569/992 559/568/992 1232/563/992 5010/562/992
f 1224/3050/993 2527/3057/993 1233/3056/993 552/3051/993
f 546/3044/994 1235/3058/994 2527/3057/994 1224/3050/994
f 4993/577/995 556/576/995 1231/567/995 5011/566/995
f 1438/931/996 2528/3059/996 1237/3060/996 547/3043/996
f 706/930/997 1516/3061/997 2528/3059/997 1438/931/997
f 4983/3062/998 707/3063/998 1421/571/998 5012/570/998
f 1217/3042/999 2529/3064/999 1235/3058/999 546/3044/999
f 547/3043/1000 1237/3060/1000 2529/3064/1000 1217/3042/1000
f 4976/573/1001 557/572/1001 1229/575/1001 5013/574/1001
f 4987/1741/1002 5014/578/1002 1269/581/1002 879/1742/1002
f 878/3065/1003 1268/3066/1003 2530/3067/1003 1876/3068/1003
f 1268/3066/1004 578/3069/1004 1273/3070/1004 2530/3067/1004
f 4848/1745/1005 4872/582/1005 1271/585/1005 880/1746/1005
f 4937/3071/1006 4941/3072/1006 2531/3073/1006 1877/3074/1006
f 4941/3072/1007 4930/3075/1007 1274/3076/1007 2531/3073/1007
f 1234/3055/1008 2532/586/1008 1241/589/1008 554/3053/1008
f 4975/565/1009 5015/3077/1009 2532/586/1009 1234/3055/1009
f 5015/3077/1010 4977/3078/1010 1239/587/1010 2532/586/1010
f 1226/559/1011 2533/590/1011 1242/593/1011 555/560/1011
f 554/3053/1012 1241/589/1012 2533/590/1012 1226/559/1012
f 1241/589/1013 561/588/1013 1238/591/1013 2533/590/1013
f 4942/3079/1014 2534/3080/1014 1249/3081/1014 4926/3082/1014
f 4906/3083/1015 1248/3084/1015 2534/3080/1015 4942/3079/1015
f 4852/605/1016 568/604/1016 1247/595/1016 4873/594/1016
f 4943/3085/1017 2535/3086/1017 1250/3087/1017 4927/3088/1017
f 4933/3089/1018 1525/3090/1018 2535/3086/1018 4943/3085/1018
f 4844/3091/1019 705/3092/1019 1405/599/1019 4874/598/1019
f 4944/3093/1020 2536/3094/1020 1248/3084/1020 4906/3083/1020
f 4907/3095/1021 1251/3096/1021 2536/3094/1021 4944/3093/1021
f 4853/609/1022 567/608/1022 1246/603/1022 4875/602/1022
f 4945/3097/1023 2537/3098/1023 1251/3096/1023 4907/3095/1023
f 4908/3099/1024 1252/3100/1024 2537/3098/1024 4945/3097/1024
f 4854/617/1025 564/616/1025 1245/607/1025 4876/606/1025
f 1878/1749/1026 2538/610/1026 1295/613/1026 881/1750/1026
f 900/1822/1027 1874/1480/1027 2538/610/1027 1878/1749/1027
f 1874/1480/1028 814/1479/1028 1722/611/1028 2538/610/1028
f 4946/3101/1029 2539/3102/1029 1252/3100/1029 4908/3099/1029
f 4927/3088/1030 1250/3087/1030 2539/3102/1030 4946/3101/1030
f 4838/601/1031 565/600/1031 1243/615/1031 4877/614/1031
f 4926/3082/1032 4947/618/1032 1258/621/1032 563/3103/1032
f 4837/597/1033 4878/3104/1033 2540/3105/1033 1249/3081/1033
f 4878/3104/1034 4839/3106/1034 1256/3107/1034 2540/3105/1034
f 1239/587/1035 2541/622/1035 1259/625/1035 561/588/1035
f 4977/3078/1036 5016/3108/1036 2541/622/1036 1239/587/1036
f 5016/3108/1037 4978/3109/1037 1255/623/1037 2541/622/1037
f 1238/591/1038 2542/626/1038 1260/629/1038 562/592/1038
f 561/588/1039 1259/625/1039 2542/626/1039 1238/591/1039
f 1259/625/1040 570/624/1040 1254/627/1040 2542/626/1040
f 4928/619/1041 4948/630/1041 1265/633/1041 572/620/1041
f 4839/3106/1042 4879/3110/1042 2543/3111/1042 1256/3107/1042
f 4879/3110/1043 4840/3112/1043 1263/3113/1043 2543/3111/1043
f 1255/623/1044 2544/634/1044 1266/637/1044 570/624/1044
f 4978/3109/1045 5017/3114/1045 2544/634/1045 1255/623/1045
f 5017/3114/1046 4979/3115/1046 1262/635/1046 2544/634/1046
f 1254/627/1047 2545/638/1047 1267/641/1047 571/628/1047
f 570/624/1048 1266/637/1048 2545/638/1048 1254/627/1048
f 1266/637/1049 574/636/1049 1261/639/1049 2545/638/1049
f 1899/1831/1050 2546/3116/1050 1273/3070/1050 578/3069/1050
f 902/1830/1051 1924/3117/1051 2546/3116/1051 1899/1831/1051
f 5002/1835/1052 903/1834/1052 1900/643/1052 5018/642/1052
f 4949/3118/1053 2547/3119/1053 1274/3076/1053 4930/3075/1053
f 4917/3120/1054 1925/3121/1054 2547/3119/1054 4949/3118/1054
f 4863/1839/1055 904/1838/1055 1901/645/1055 4880/644/1055
f 4924/2890/1056 4950/646/1056 1279/649/1056 1177/2891/1056
f 4870/3122/1057 4881/3123/1057 2548/3124/1057 2483/3125/1057
f 4881/3123/1058 4842/3126/1058 1277/3127/1058 2548/3124/1058
f 2484/2894/1059 2549/650/1059 1280/653/1059 1178/2895/1059
f 5008/3128/1060 5019/3129/1060 2549/650/1060 2484/2894/1060
f 5019/3129/1061 4981/3130/1061 1276/651/1061 2549/650/1061
f 2485/2898/1062 2550/654/1062 1281/657/1062 1179/2899/1062
f 1178/2895/1063 1280/653/1063 2550/654/1063 2485/2898/1063
f 1280/653/1064 582/652/1064 1275/655/1064 2550/654/1064
f 4922/2737/1065 4951/658/1065 1286/661/1065 1137/2738/1065
f 4868/3131/1066 4882/3132/1066 2551/3133/1066 2404/3134/1066
f 4882/3132/1067 4843/3135/1067 1284/3136/1067 2551/3133/1067
f 2405/2741/1068 2552/662/1068 1287/665/1068 1138/2742/1068
f 5006/3137/1069 5020/3138/1069 2552/662/1069 2405/2741/1069
f 5020/3138/1070 4982/3139/1070 1283/663/1070 2552/662/1070
f 2406/2745/1071 2553/666/1071 1288/669/1071 1139/2746/1071
f 1138/2742/1072 1287/665/1072 2553/666/1072 2406/2745/1072
f 1287/665/1073 586/664/1073 1282/667/1073 2553/666/1073
f 1734/1482/1074 2554/670/1074 1299/673/1074 812/1483/1074
f 1159/2826/1075 2407/2751/1075 2554/670/1075 1734/1482/1075
f 2407/2751/1076 1140/2750/1076 2368/671/1076 2554/670/1076
f 1735/1486/1077 2555/674/1077 1719/677/1077 811/1487/1077
f 1199/2979/1078 2486/2904/1078 2555/674/1078 1735/1486/1078
f 2486/2904/1079 1180/2903/1079 2447/675/1079 2555/674/1079
f 1867/3140/1080 2556/678/1080 1513/679/1080 708/3141/1080
f 893/3142/1081 1879/1753/1081 2556/678/1081 1867/3140/1081
f 1879/1753/1082 881/1750/1082 1295/613/1082 2556/678/1082
f 1736/1490/1083 2557/680/1083 1721/683/1083 813/1491/1083
f 815/1495/1084 1723/687/1084 2557/680/1084 1736/1490/1084
f 1723/687/1085 596/686/1085 1294/681/1085 2557/680/1085
f 1737/1494/1086 2558/684/1086 1723/687/1086 815/1495/1086
f 816/1499/1087 1724/691/1087 2558/684/1087 1737/1494/1087
f 1724/691/1088 595/690/1088 1293/685/1088 2558/684/1088
f 1738/1498/1089 2559/688/1089 1724/691/1089 816/1499/1089
f 817/1507/1090 1725/699/1090 2559/688/1090 1738/1498/1090
f 1725/699/1091 594/698/1091 1292/689/1091 2559/688/1091
f 1739/1502/1092 2560/692/1092 1305/695/1092 818/1503/1092
f 824/3143/1093 1526/3144/1093 2560/692/1093 1739/1502/1093
f 1526/3144/1094 711/3145/1094 1515/693/1094 2560/692/1094
f 1740/1506/1095 2561/696/1095 1725/699/1095 817/1507/1095
f 819/1511/1096 1727/703/1096 2561/696/1096 1740/1506/1096
f 1727/703/1097 593/702/1097 1291/697/1097 2561/696/1097
f 1741/1510/1098 2562/700/1098 1727/703/1098 819/1511/1098
f 820/1515/1099 1728/707/1099 2562/700/1099 1741/1510/1099
f 1728/707/1100 590/706/1100 1290/701/1100 2562/700/1100
f 1742/1514/1101 2563/704/1101 1728/707/1101 820/1515/1101
f 818/1503/1102 1305/695/1102 2563/704/1102 1742/1514/1102
f 1305/695/1103 591/694/1103 1289/705/1103 2563/704/1103
f 2246/2430/1104 2564/708/1104 1310/711/1104 1057/2431/1104
f 1076/2507/1105 2226/1520/1105 2564/708/1105 2246/2430/1105
f 2226/1520/1106 821/1519/1106 1729/709/1106 2564/708/1106
f 2325/2584/1107 2565/712/1107 1313/715/1107 1097/2585/1107
f 1098/2589/1108 2287/1524/1108 2565/712/1108 2325/2584/1108
f 2287/1524/1109 822/1523/1109 1730/713/1109 2565/712/1109
f 2206/3146/1110 2566/716/1110 1324/719/1110 602/3147/1110
f 1056/3148/1111 2247/2436/1111 2566/716/1111 2206/3146/1111
f 2247/2436/1112 1058/2435/1112 2208/717/1112 2566/716/1112
f 2368/671/1113 2567/720/1113 1323/723/1113 600/672/1113
f 1140/2750/1114 2408/2755/1114 2567/720/1114 2368/671/1114
f 2408/2755/1115 1141/2754/1115 2369/721/1115 2567/720/1115
f 2447/675/1116 2568/724/1116 1325/727/1116 599/676/1116
f 1180/2903/1117 2487/2908/1117 2568/724/1117 2447/675/1117
f 2487/2908/1118 1181/2907/1118 2448/725/1118 2568/724/1118
f 1294/681/1119 2569/728/1119 1326/731/1119 597/682/1119
f 596/686/1120 1327/735/1120 2569/728/1120 1294/681/1120
f 1327/735/1121 610/734/1121 1319/729/1121 2569/728/1121
f 1293/685/1122 2570/732/1122 1327/735/1122 596/686/1122
f 595/690/1123 1328/739/1123 2570/732/1123 1293/685/1123
f 1328/739/1124 609/738/1124 1318/733/1124 2570/732/1124
f 1292/689/1125 2571/736/1125 1328/739/1125 595/690/1125
f 594/698/1126 1329/747/1126 2571/736/1126 1292/689/1126
f 1329/747/1127 608/746/1127 1317/737/1127 2571/736/1127
f 1515/693/1128 2572/740/1128 1330/743/1128 591/694/1128
f 711/3145/1129 1527/3149/1129 2572/740/1129 1515/693/1129
f 1527/3149/1130 710/3150/1130 1507/741/1130 2572/740/1130
f 1291/697/1131 2573/744/1131 1329/747/1131 594/698/1131
f 593/702/1132 1331/751/1132 2573/744/1132 1291/697/1132
f 1331/751/1133 607/750/1133 1316/745/1133 2573/744/1133
f 1290/701/1134 2574/748/1134 1331/751/1134 593/702/1134
f 590/706/1135 1332/755/1135 2574/748/1135 1290/701/1135
f 1332/755/1136 605/754/1136 1315/749/1136 2574/748/1136
f 1289/705/1137 2575/752/1137 1332/755/1137 590/706/1137
f 591/694/1138 1330/743/1138 2575/752/1138 1289/705/1138
f 1330/743/1139 606/742/1139 1314/753/1139 2575/752/1139
f 1557/1131/1140 2576/756/1140 1343/759/1140 723/1132/1140
f 1069/2479/1141 2248/2440/1141 2576/756/1141 1557/1131/1141
f 2248/2440/1142 1059/2439/1142 2209/757/1142 2576/756/1142
f 1558/1139/1143 2577/760/1143 1539/763/1143 722/1140/1143
f 1152/2798/1144 2409/2759/1144 2577/760/1144 1558/1139/1144
f 2409/2759/1145 1142/2758/1145 2370/761/1145 2577/760/1145
f 1559/1147/1146 2578/764/1146 1544/767/1146 724/1148/1146
f 1192/2951/1147 2488/2912/1147 2578/764/1147 1559/1147/1147
f 2488/2912/1148 1182/2911/1148 2449/765/1148 2578/764/1148
f 1560/1123/1149 2579/768/1149 1543/771/1149 725/1124/1149
f 726/1136/1150 1535/775/1150 2579/768/1150 1560/1123/1150
f 1535/775/1151 620/774/1151 1338/769/1151 2579/768/1151
f 1561/1135/1152 2580/772/1152 1535/775/1152 726/1136/1152
f 727/1158/1153 1548/779/1153 2580/772/1153 1561/1135/1153
f 1548/779/1154 619/778/1154 1337/773/1154 2580/772/1154
f 1562/1157/1155 2581/776/1155 1548/779/1155 727/1158/1155
f 728/1166/1156 1549/787/1156 2581/776/1156 1562/1157/1156
f 1549/787/1157 618/786/1157 1336/777/1157 2581/776/1157
f 1563/1161/1158 2582/780/1158 1349/783/1158 729/1162/1158
f 734/3151/1159 1528/3152/1159 2582/780/1159 1563/1161/1159
f 1528/3152/1160 713/3153/1160 1505/781/1160 2582/780/1160
f 1564/1165/1161 2583/784/1161 1549/787/1161 728/1166/1161
f 730/1170/1162 1551/791/1162 2583/784/1162 1564/1165/1162
f 1551/791/1163 617/790/1163 1335/785/1163 2583/784/1163
f 1565/1169/1164 2584/788/1164 1551/791/1164 730/1170/1164
f 731/1174/1165 1552/795/1165 2584/788/1165 1565/1169/1165
f 1552/795/1166 615/794/1166 1334/789/1166 2584/788/1166
f 1566/1173/1167 2585/792/1167 1552/795/1167 731/1174/1167
f 729/1162/1168 1349/783/1168 2585/792/1168 1566/1173/1168
f 1349/783/1169 616/782/1169 1333/793/1169 2585/792/1169
f 1830/3154/1170 2586/796/1170 1362/799/1170 856/3155/1170
f 1080/3156/1171 2249/2444/1171 2586/796/1171 1830/3154/1171
f 2249/2444/1172 1060/2443/1172 2210/797/1172 2586/796/1172
f 1831/3157/1173 2587/800/1173 1807/803/1173 855/3158/1173
f 1163/3159/1174 2410/2763/1174 2587/800/1174 1831/3157/1174
f 2410/2763/1175 1143/2762/1175 2371/801/1175 2587/800/1175
f 1832/3160/1176 2588/804/1176 1809/807/1176 857/3161/1176
f 1203/3162/1177 2489/2916/1177 2588/804/1177 1832/3160/1177
f 2489/2916/1178 1183/2915/1178 2450/805/1178 2588/804/1178
f 1833/3163/1179 2589/808/1179 1810/811/1179 858/3164/1179
f 859/3165/1180 1811/815/1180 2589/808/1180 1833/3163/1180
f 1811/815/1181 630/814/1181 1357/809/1181 2589/808/1181
f 1834/3166/1182 2590/812/1182 1811/815/1182 859/3165/1182
f 860/3167/1183 1812/819/1183 2590/812/1183 1834/3166/1183
f 1812/819/1184 629/818/1184 1356/813/1184 2590/812/1184
f 1835/3168/1185 2591/816/1185 1812/819/1185 860/3167/1185
f 861/3169/1186 1813/827/1186 2591/816/1186 1835/3168/1186
f 1813/827/1187 628/826/1187 1355/817/1187 2591/816/1187
f 1836/3170/1188 2592/820/1188 1368/823/1188 862/3171/1188
f 874/3172/1189 1529/3173/1189 2592/820/1189 1836/3170/1189
f 1529/3173/1190 714/3174/1190 1504/821/1190 2592/820/1190
f 1837/3175/1191 2593/824/1191 1813/827/1191 861/3169/1191
f 863/3176/1192 1815/831/1192 2593/824/1192 1837/3175/1192
f 1815/831/1193 627/830/1193 1354/825/1193 2593/824/1193
f 1838/3177/1194 2594/828/1194 1815/831/1194 863/3176/1194
f 864/3178/1195 1816/835/1195 2594/828/1195 1838/3177/1195
f 1816/835/1196 625/834/1196 1353/829/1196 2594/828/1196
f 1839/3179/1197 2595/832/1197 1816/835/1197 864/3178/1197
f 862/3171/1198 1368/823/1198 2595/832/1198 1839/3179/1198
f 1368/823/1199 626/822/1199 1352/833/1199 2595/832/1199
f 1880/1755/1200 2596/836/1200 1380/839/1200 883/1756/1200
f 1082/2531/1201 2250/2448/1201 2596/836/1201 1880/1755/1201
f 2250/2448/1202 1061/2447/1202 2211/837/1202 2596/836/1202
f 1881/1759/1203 2597/840/1203 1856/843/1203 882/1760/1203
f 1165/2850/1204 2411/2767/1204 2597/840/1204 1881/1759/1204
f 2411/2767/1205 1144/2766/1205 2372/841/1205 2597/840/1205
f 1882/1763/1206 2598/844/1206 1858/847/1206 884/1764/1206
f 1205/3003/1207 2490/2920/1207 2598/844/1207 1882/1763/1207
f 2490/2920/1208 1184/2919/1208 2451/845/1208 2598/844/1208
f 1883/1767/1209 2599/848/1209 1859/851/1209 885/1768/1209
f 886/1772/1210 1860/855/1210 2599/848/1210 1883/1767/1210
f 1860/855/1211 639/854/1211 1375/849/1211 2599/848/1211
f 1884/1771/1212 2600/852/1212 1860/855/1212 886/1772/1212
f 887/1776/1213 1861/859/1213 2600/852/1213 1884/1771/1213
f 1861/859/1214 638/858/1214 1374/853/1214 2600/852/1214
f 1885/1775/1215 2601/856/1215 1861/859/1215 887/1776/1215
f 888/1780/1216 1862/863/1216 2601/856/1216 1885/1775/1216
f 1862/863/1217 637/862/1217 1373/857/1217 2601/856/1217
f 1886/1779/1218 2602/860/1218 1862/863/1218 888/1780/1218
f 889/1784/1219 1863/867/1219 2602/860/1219 1886/1779/1219
f 1863/867/1220 636/866/1220 1372/861/1220 2602/860/1220
f 1887/1783/1221 2603/864/1221 1863/867/1221 889/1784/1221
f 890/3180/1222 1864/3181/1222 2603/864/1222 1887/1783/1222
f 1864/3181/1223 635/3182/1223 1371/865/1223 2603/864/1223
f 1926/1841/1224 2604/868/1224 1397/871/1224 907/1842/1224
f 1083/2535/1225 2251/2452/1225 2604/868/1225 1926/1841/1225
f 2251/2452/1226 1062/2451/1226 2212/869/1226 2604/868/1226
f 1927/1845/1227 2605/872/1227 1903/875/1227 906/1846/1227
f 1166/2854/1228 2412/2771/1228 2605/872/1228 1927/1845/1228
f 2412/2771/1229 1145/2770/1229 2373/873/1229 2605/872/1229
f 1928/1849/1230 2606/876/1230 1905/879/1230 908/1850/1230
f 1206/3007/1231 2491/2924/1231 2606/876/1231 1928/1849/1231
f 2491/2924/1232 1185/2923/1232 2452/877/1232 2606/876/1232
f 1929/1853/1233 2607/880/1233 1906/883/1233 909/1854/1233
f 910/1858/1234 1907/887/1234 2607/880/1234 1929/1853/1234
f 1907/887/1235 648/886/1235 1392/881/1235 2607/880/1235
f 1930/1857/1236 2608/884/1236 1907/887/1236 910/1858/1236
f 911/1862/1237 1908/891/1237 2608/884/1237 1930/1857/1237
f 1908/891/1238 647/890/1238 1391/885/1238 2608/884/1238
f 1931/1861/1239 2609/888/1239 1908/891/1239 911/1862/1239
f 912/1866/1240 1909/895/1240 2609/888/1240 1931/1861/1240
f 1909/895/1241 646/894/1241 1390/889/1241 2609/888/1241
f 1932/1865/1242 2610/892/1242 1909/895/1242 912/1866/1242
f 913/1870/1243 1910/899/1243 2610/892/1243 1932/1865/1243
f 1910/899/1244 645/898/1244 1389/893/1244 2610/892/1244
f 1933/1869/1245 2611/896/1245 1910/899/1245 913/1870/1245
f 914/3183/1246 1911/3184/1246 2611/896/1246 1933/1869/1246
f 1911/3184/1247 644/3185/1247 1388/897/1247 2611/896/1247
f 1840/3186/1248 2612/900/1248 1414/903/1248 866/3187/1248
f 1081/3188/1249 2252/2456/1249 2612/900/1249 1840/3186/1249
f 2252/2456/1250 1063/2455/1250 2213/901/1250 2612/900/1250
f 1841/3189/1251 2613/904/1251 1817/907/1251 865/3190/1251
f 1164/3191/1252 2413/2775/1252 2613/904/1252 1841/3189/1252
f 2413/2775/1253 1146/2774/1253 2374/905/1253 2613/904/1253
f 1842/3192/1254 2614/908/1254 1819/911/1254 867/3193/1254
f 1204/3194/1255 2492/2928/1255 2614/908/1255 1842/3192/1255
f 2492/2928/1256 1186/2927/1256 2453/909/1256 2614/908/1256
f 1843/3195/1257 2615/912/1257 1820/915/1257 868/3196/1257
f 869/3197/1258 1821/919/1258 2615/912/1258 1843/3195/1258
f 1821/919/1259 657/918/1259 1409/913/1259 2615/912/1259
f 1844/3198/1260 2616/916/1260 1821/919/1260 869/3197/1260
f 870/3199/1261 1822/923/1261 2616/916/1261 1844/3198/1261
f 1822/923/1262 656/922/1262 1408/917/1262 2616/916/1262
f 1845/3200/1263 2617/920/1263 1822/923/1263 870/3199/1263
f 871/3201/1264 1823/927/1264 2617/920/1264 1845/3200/1264
f 1823/927/1265 655/926/1265 1407/921/1265 2617/920/1265
f 1846/3202/1266 2618/924/1266 1823/927/1266 871/3201/1266
f 872/3203/1267 1824/1121/1267 2618/924/1267 1846/3202/1267
f 1824/1121/1268 654/1050/1268 1406/925/1268 2618/924/1268
f 1218/549/1269 2619/928/1269 1438/931/1269 547/3043/1269
f 549/548/1270 1221/3204/1270 2619/928/1270 1218/549/1270
f 1221/3204/1271 653/3205/1271 1514/929/1271 2619/928/1271
f 2213/901/1272 2620/932/1272 1431/935/1272 661/902/1272
f 1063/2455/1273 2253/2460/1273 2620/932/1273 2213/901/1273
f 2253/2460/1274 1064/2459/1274 2214/933/1274 2620/932/1274
f 2374/905/1275 2621/936/1275 1430/939/1275 660/906/1275
f 1146/2774/1276 2414/2779/1276 2621/936/1276 2374/905/1276
f 2414/2779/1277 1147/2778/1277 2375/937/1277 2621/936/1277
f 2453/909/1278 2622/940/1278 1432/943/1278 659/910/1278
f 1186/2927/1279 2493/2932/1279 2622/940/1279 2453/909/1279
f 2493/2932/1280 1187/2931/1280 2454/941/1280 2622/940/1280
f 1409/913/1281 2623/944/1281 1433/947/1281 658/914/1281
f 657/918/1282 1434/951/1282 2623/944/1282 1409/913/1282
f 1434/951/1283 665/950/1283 1426/945/1283 2623/944/1283
f 1408/917/1284 2624/948/1284 1434/951/1284 657/918/1284
f 656/922/1285 1435/955/1285 2624/948/1285 1408/917/1285
f 1435/955/1286 664/954/1286 1425/949/1286 2624/948/1286
f 1407/921/1287 2625/952/1287 1435/955/1287 656/922/1287
f 655/926/1288 1436/959/1288 2625/952/1288 1407/921/1288
f 1436/959/1289 663/958/1289 1424/953/1289 2625/952/1289
f 1406/925/1290 2626/956/1290 1436/959/1290 655/926/1290
f 654/1050/1291 1437/1049/1291 2626/956/1291 1406/925/1291
f 1437/1049/1292 662/1221/1292 1423/957/1292 2626/956/1292
f 1579/1192/1293 2627/960/1293 1447/963/1293 737/1193/1293
f 1070/2483/1294 2254/2464/1294 2627/960/1294 1579/1192/1294
f 2254/2464/1295 1065/2463/1295 2215/961/1295 2627/960/1295
f 1580/1196/1296 2628/964/1296 1571/967/1296 736/1197/1296
f 1153/2802/1297 2415/2783/1297 2628/964/1297 1580/1196/1297
f 2415/2783/1298 1148/2782/1298 2376/965/1298 2628/964/1298
f 1581/1200/1299 2629/968/1299 1573/971/1299 738/1201/1299
f 1193/2955/1300 2494/2936/1300 2629/968/1300 1581/1200/1300
f 2494/2936/1301 1188/2935/1301 2455/969/1301 2629/968/1301
f 1582/1204/1302 2630/972/1302 1574/975/1302 739/1205/1302
f 740/1209/1303 1575/979/1303 2630/972/1303 1582/1204/1303
f 1575/979/1304 673/978/1304 1442/973/1304 2630/972/1304
f 1583/1208/1305 2631/976/1305 1575/979/1305 740/1209/1305
f 741/1213/1306 1576/983/1306 2631/976/1306 1583/1208/1306
f 1576/983/1307 672/982/1307 1441/977/1307 2631/976/1307
f 1584/1212/1308 2632/980/1308 1576/983/1308 741/1213/1308
f 742/1217/1309 1577/987/1309 2632/980/1309 1584/1212/1309
f 1577/987/1310 671/986/1310 1440/981/1310 2632/980/1310
f 1585/1216/1311 2633/984/1311 1577/987/1311 742/1217/1311
f 743/3206/1312 1578/3207/1312 2633/984/1312 1585/1216/1312
f 1578/3207/1313 670/3208/1313 1439/985/1313 2633/984/1313
f 2215/961/1314 2634/988/1314 1463/991/1314 677/962/1314
f 1065/2463/1315 2255/2468/1315 2634/988/1315 2215/961/1315
f 2255/2468/1316 1066/2467/1316 2216/989/1316 2634/988/1316
f 2376/965/1317 2635/992/1317 1462/995/1317 676/966/1317
f 1148/2782/1318 2416/2787/1318 2635/992/1318 2376/965/1318
f 2416/2787/1319 1149/2786/1319 2377/993/1319 2635/992/1319
f 2455/969/1320 2636/996/1320 1464/999/1320 675/970/1320
f 1188/2935/1321 2495/2940/1321 2636/996/1321 2455/969/1321
f 2495/2940/1322 1189/2939/1322 2456/997/1322 2636/996/1322
f 1442/973/1323 2637/1000/1323 1465/1003/1323 674/974/1323
f 673/978/1324 1466/1007/1324 2637/1000/1324 1442/973/1324
f 1466/1007/1325 682/1006/1325 1458/1001/1325 2637/1000/1325
f 1441/977/1326 2638/1004/1326 1466/1007/1326 673/978/1326
f 672/982/1327 1467/1011/1327 2638/1004/1327 1441/977/1327
f 1467/1011/1328 681/1010/1328 1457/1005/1328 2638/1004/1328
f 1440/981/1329 2639/1008/1329 1467/1011/1329 672/982/1329
f 671/986/1330 1468/1015/1330 2639/1008/1330 1440/981/1330
f 1468/1015/1331 680/1014/1331 1456/1009/1331 2639/1008/1331
f 1439/985/1332 2640/1012/1332 1468/1015/1332 671/986/1332
f 670/3208/1333 1469/3209/1333 2640/1012/1333 1439/985/1333
f 1469/3209/1334 679/1109/1334 1455/1013/1334 2640/1012/1334
f 1934/1873/1335 2641/1016/1335 1454/1019/1335 915/1874/1335
f 916/1878/1336 1499/1877/1336 2641/1016/1336 1934/1873/1336
f 1499/1877/1337 696/1090/1337 1506/1017/1337 2641/1016/1337
f 2216/989/1338 2642/1020/1338 1478/1023/1338 686/990/1338
f 1066/2467/1339 2256/2472/1339 2642/1020/1339 2216/989/1339
f 2256/2472/1340 1067/2471/1340 2217/1021/1340 2642/1020/1340
f 2377/993/1341 2643/1024/1341 1477/1027/1341 685/994/1341
f 1149/2786/1342 2417/2791/1342 2643/1024/1342 2377/993/1342
f 2417/2791/1343 1150/2790/1343 2378/1025/1343 2643/1024/1343
f 2456/997/1344 2644/1028/1344 1479/1031/1344 684/998/1344
f 1189/2939/1345 2496/2944/1345 2644/1028/1345 2456/997/1345
f 2496/2944/1346 1190/2943/1346 2457/1029/1346 2644/1028/1346
f 1458/1001/1347 2645/1032/1347 1480/1035/1347 683/1002/1347
f 682/1006/1348 1481/1039/1348 2645/1032/1348 1458/1001/1348
f 1481/1039/1349 691/1038/1349 1473/1033/1349 2645/1032/1349
f 1457/1005/1350 2646/1036/1350 1481/1039/1350 682/1006/1350
f 681/1010/1351 1482/1043/1351 2646/1036/1351 1457/1005/1351
f 1482/1043/1352 690/1042/1352 1472/1037/1352 2646/1036/1352
f 1456/1009/1353 2647/1040/1353 1482/1043/1353 681/1010/1353
f 680/1014/1354 1483/1079/1354 2647/1040/1354 1456/1009/1354
f 1483/1079/1355 689/1078/1355 1471/1041/1355 2647/1040/1355
f 1536/3210/1356 2648/1044/1356 1541/1047/1356 718/3211/1356
f 789/3212/1357 1484/3213/1357 2648/1044/1357 1536/3210/1357
f 1484/3213/1358 688/3214/1358 1680/1045/1358 2648/1044/1358
f 1538/3215/1359 2649/1048/1359 1533/1051/1359 717/1144/1359
f 721/3216/1360 1542/1222/1360 2649/1048/1360 1538/3215/1360
f 1542/1222/1361 662/1221/1361 1437/1049/1361 2649/1048/1361
f 2217/3217/1362 2650/1052/1362 1493/1055/1362 695/3218/1362
f 1067/3219/1363 2257/2476/1363 2650/1052/1363 2217/3217/1363
f 2257/2476/1364 1068/2475/1364 2218/1053/1364 2650/1052/1364
f 2378/3220/1365 2651/1056/1365 1492/1059/1365 694/3221/1365
f 1150/3222/1366 2418/2795/1366 2651/1056/1366 2378/3220/1366
f 2418/2795/1367 1151/2794/1367 2379/1057/1367 2651/1056/1367
f 2457/3223/1368 2652/1060/1368 1494/1063/1368 693/3224/1368
f 1190/3225/1369 2497/2948/1369 2652/1060/1369 2457/3223/1369
f 2497/2948/1370 1191/2947/1370 2458/1061/1370 2652/1060/1370
f 1473/3226/1371 2653/1064/1371 1495/1067/1371 692/3227/1371
f 691/3228/1372 1496/1071/1372 2653/1064/1372 1473/3226/1372
f 1496/1071/1373 699/1070/1373 1488/1065/1373 2653/1064/1373
f 1472/3229/1374 2654/1068/1374 1496/1071/1374 691/3228/1374
f 690/3230/1375 1497/1075/1375 2654/1068/1375 1472/3229/1375
f 1497/1075/1376 698/1074/1376 1487/1069/1376 2654/1068/1376
f 1471/3231/1377 2655/1072/1377 1497/1075/1377 690/3230/1377
f 689/3232/1378 1498/3233/1378 2655/1072/1378 1471/3231/1378
f 1498/3233/1379 697/3234/1379 1486/1073/1379 2655/1072/1379
f 1455/1013/1380 2656/1076/1380 1483/1079/1380 680/1014/1380
f 679/1109/1381 1678/1108/1381 2656/1076/1381 1455/1013/1381
f 1678/1108/1382 790/3235/1382 1679/1077/1382 2656/1076/1382
f 1911/3184/1383 2657/1080/1383 1502/1083/1383 644/3185/1383
f 914/3183/1384 1935/1879/1384 2657/1080/1384 1911/3184/1384
f 1935/1879/1385 916/1878/1385 1913/1081/1385 2657/1080/1385
f 1660/1336/1386 2658/1084/1386 1510/1087/1386 782/1337/1386
f 899/1818/1387 1888/1789/1387 2658/1084/1387 1660/1336/1387
f 1888/1789/1388 893/1788/1388 1867/1085/1388 2658/1084/1388
f 1864/3181/1389 2659/1088/1389 1503/1091/1389 635/3182/1389
f 890/3180/1390 1889/1793/1390 2659/1088/1390 1864/3181/1390
f 1889/1793/1391 892/1792/1391 1509/1089/1391 2659/1088/1391
f 1936/1881/1392 2660/1092/1392 1915/1095/1392 918/1882/1392
f 925/3236/1393 1922/3237/1393 2660/1092/1393 1936/1881/1393
f 1922/3237/1394 873/1726/1394 1825/1093/1394 2660/1092/1394
f 1890/1795/1395 2661/1096/1395 1869/1098/1395 895/1796/1395
f 901/3238/1396 1875/3239/1396 2661/1096/1396 1890/1795/1396
f 1875/3239/1397 873/1723/1397 1517/1097/1397 2661/1096/1397
f 1937/1884/1398 2662/1099/1398 1522/1102/1398 918/1882/1398
f 920/1895/1399 1917/1183/1399 2662/1099/1399 1937/1884/1399
f 1917/1183/1400 732/1182/1400 1485/1100/1400 2662/1099/1400
f 1938/1886/1401 2663/1103/1401 1914/1106/1401 917/1887/1401
f 924/1911/1402 1921/1528/1402 2663/1103/1402 1938/1886/1402
f 1921/1528/1403 823/1527/1403 1731/1104/1403 2663/1103/1403
f 1500/3240/1404 2664/1107/1404 1675/1110/1404 788/3241/1404
f 688/3242/1405 1470/3243/1405 2664/1107/1405 1500/3240/1405
f 1470/3243/1406 790/3235/1406 1678/1108/1406 2664/1107/1406
f 1939/1890/1407 2665/1111/1407 1916/1114/1407 919/1891/1407
f 917/1887/1408 1914/1106/1408 2665/1111/1408 1939/1890/1408
f 1914/1106/1409 592/1105/1409 1501/1112/1409 2665/1111/1409
f 1509/1089/1410 2666/1115/1410 1506/1017/1410 696/1090/1410
f 892/1792/1411 1891/1799/1411 2666/1115/1411 1509/1089/1411
f 1891/1799/1412 895/1796/1412 1869/1098/1412 2666/1115/1412
f 1501/1112/1413 2667/1116/1413 1523/1119/1413 687/1113/1413
f 592/1105/1414 1518/3244/1414 2667/1116/1414 1501/1112/1414
f 1518/3244/1415 718/3245/1415 1541/1117/1415 2667/1116/1415
f 1849/3246/1416 2668/1120/1416 1824/1121/1416 872/3203/1416
f 875/3247/1417 1531/1145/1417 2668/1120/1417 1849/3246/1417
f 1531/1145/1418 717/1144/1418 1533/1051/1418 2668/1120/1418
f 1603/1228/1419 2669/1122/1419 1590/1125/1419 747/1229/1419
f 748/1237/1420 1591/1137/1420 2669/1122/1420 1603/1228/1420
f 1591/1137/1421 726/1136/1421 1560/1123/1421 2669/1122/1421
f 1485/1100/1422 2670/1126/1422 1532/1129/1422 678/1101/1422
f 732/1182/1423 1569/1187/1423 2670/1126/1423 1485/1100/1423
f 1569/1187/1424 735/1186/1424 1556/1127/1424 2670/1126/1424
f 1604/1232/1425 2671/1130/1425 1545/1133/1425 755/1233/1425
f 1071/2487/1426 2258/2480/1426 2671/1130/1426 1604/1232/1426
f 2258/2480/1427 1069/2479/1427 1557/1131/1427 2671/1130/1427
f 1605/1236/1428 2672/1134/1428 1591/1137/1428 748/1237/1428
f 749/1249/1429 1592/1159/1429 2672/1134/1429 1605/1236/1429
f 1592/1159/1430 727/1158/1430 1561/1135/1430 2672/1134/1430
f 1606/1240/1431 2673/1138/1431 1588/1141/1431 745/1241/1431
f 1154/2806/1432 2419/2799/1432 2673/1138/1432 1606/1240/1432
f 2419/2799/1433 1152/2798/1433 1558/1139/1433 2673/1138/1433
f 1850/3248/1434 2674/1142/1434 1531/1145/1434 875/3247/1434
f 877/3249/1435 1547/3250/1435 2674/1142/1435 1850/3248/1435
f 1547/3250/1436 720/1189/1436 1546/1143/1436 2674/1142/1436
f 1607/1244/1437 2675/1146/1437 1589/1149/1437 746/1245/1437
f 1194/2959/1438 2498/2952/1438 2675/1146/1438 1607/1244/1438
f 2498/2952/1439 1192/2951/1439 1559/1147/1439 2675/1146/1439
f 1268/3066/1440 2676/1150/1440 1272/1153/1440 578/3069/1440
f 878/3065/1441 1892/1803/1441 2676/1150/1441 1268/3066/1441
f 1892/1803/1442 891/1802/1442 1865/1151/1442 2676/1150/1442
f 1547/3251/1443 2677/1154/1443 1532/1129/1443 720/1128/1443
f 877/3252/1444 1851/3253/1444 2677/1154/1444 1547/3251/1444
f 1851/3253/1445 876/3254/1445 1828/1155/1445 2677/1154/1445
f 1608/1248/1446 2678/1156/1446 1592/1159/1446 749/1249/1446
f 750/1257/1447 1593/1167/1447 2678/1156/1447 1608/1248/1447
f 1593/1167/1448 728/1166/1448 1562/1157/1448 2678/1156/1448
f 1609/1252/1449 2679/1160/1449 1550/1163/1449 756/1253/1449
f 758/3255/1450 1555/3256/1450 2679/1160/1450 1609/1252/1450
f 1555/3256/1451 734/3151/1451 1563/1161/1451 2679/1160/1451
f 1610/1256/1452 2680/1164/1452 1593/1167/1452 750/1257/1452
f 751/1261/1453 1594/1171/1453 2680/1164/1453 1610/1256/1453
f 1594/1171/1454 730/1170/1454 1564/1165/1454 2680/1164/1454
f 1611/1260/1455 2681/1168/1455 1594/1171/1455 751/1261/1455
f 752/1265/1456 1595/1175/1456 2681/1168/1456 1611/1260/1456
f 1595/1175/1457 731/1174/1457 1565/1169/1457 2681/1168/1457
f 1612/1264/1458 2682/1172/1458 1595/1175/1458 752/1265/1458
f 756/1253/1459 1550/1163/1459 2682/1172/1459 1612/1264/1459
f 1550/1163/1460 729/1162/1460 1566/1173/1460 2682/1172/1460
f 1512/3257/1461 2683/1176/1461 1554/1179/1461 709/1094/1461
f 894/3258/1462 1893/1807/1462 2683/1176/1462 1512/3257/1462
f 1893/1807/1463 896/1806/1463 1567/1177/1463 2683/1176/1463
f 1940/1894/1464 2684/1180/1464 1917/1183/1464 920/1895/1464
f 921/1899/1465 1918/1270/1465 2684/1180/1465 1940/1894/1465
f 1918/1270/1466 757/1269/1466 1553/1181/1466 2684/1180/1466
f 1553/1181/1467 2685/1184/1467 1569/1187/1467 732/1182/1467
f 757/1269/1468 1614/1274/1468 2685/1184/1468 1553/1181/1468
f 1614/1274/1469 754/1273/1469 1597/1185/1469 2685/1184/1469
f 1570/3259/1470 2686/1188/1470 1556/1190/1470 735/3260/1470
f 721/3216/1471 1538/3215/1471 2686/1188/1471 1570/3259/1471
f 1538/3215/1472 717/1144/1472 1546/1143/1472 2686/1188/1472
f 2214/933/1473 2687/1191/1473 1572/1194/1473 669/934/1473
f 1064/2459/1474 2259/2484/1474 2687/1191/1474 2214/933/1474
f 2259/2484/1475 1070/2483/1475 1579/1192/1475 2687/1191/1475
f 2375/937/1476 2688/1195/1476 1446/1198/1476 668/938/1476
f 1147/2778/1477 2420/2803/1477 2688/1195/1477 2375/937/1477
f 2420/2803/1478 1153/2802/1478 1580/1196/1478 2688/1195/1478
f 2454/941/1479 2689/1199/1479 1448/1202/1479 667/942/1479
f 1187/2931/1480 2499/2956/1480 2689/1199/1480 2454/941/1480
f 2499/2956/1481 1193/2955/1481 1581/1200/1481 2689/1199/1481
f 1426/945/1482 2690/1203/1482 1449/1206/1482 666/946/1482
f 665/950/1483 1450/1210/1483 2690/1203/1483 1426/945/1483
f 1450/1210/1484 740/1209/1484 1582/1204/1484 2690/1203/1484
f 1425/949/1485 2691/1207/1485 1450/1210/1485 665/950/1485
f 664/954/1486 1451/1214/1486 2691/1207/1486 1425/949/1486
f 1451/1214/1487 741/1213/1487 1583/1208/1487 2691/1207/1487
f 1424/953/1488 2692/1211/1488 1451/1214/1488 664/954/1488
f 663/958/1489 1452/1218/1489 2692/1211/1489 1424/953/1489
f 1452/1218/1490 742/1217/1490 1584/1212/1490 2692/1211/1490
f 1423/957/1491 2693/1215/1491 1452/1218/1491 663/958/1491
f 662/1221/1492 1453/1220/1492 2693/1215/1492 1423/957/1492
f 1453/1220/1493 743/3206/1493 1585/1216/1493 2693/1215/1493
f 1586/1278/1494 2694/1219/1494 1542/1222/1494 721/3216/1494
f 744/1277/1495 1587/1334/1495 2694/1219/1495 1586/1278/1495
f 1587/1334/1496 743/3206/1496 1453/1220/1496 2694/1219/1496
f 1567/1177/1497 2695/1223/1497 1596/1226/1497 733/1178/1497
f 896/1806/1498 1894/1811/1498 2695/1223/1498 1567/1177/1498
f 1894/1811/1499 897/1810/1499 1602/1224/1499 2695/1223/1499
f 1632/1284/1500 2696/1227/1500 1619/1230/1500 762/1285/1500
f 763/1293/1501 1620/1238/1501 2696/1227/1501 1632/1284/1501
f 1620/1238/1502 748/1237/1502 1603/1228/1502 2696/1227/1502
f 1633/1288/1503 2697/1231/1503 1598/1234/1503 770/1289/1503
f 1072/2491/1504 2260/2488/1504 2697/1231/1504 1633/1288/1504
f 2260/2488/1505 1071/2487/1505 1604/1232/1505 2697/1231/1505
f 1634/1292/1506 2698/1235/1506 1620/1238/1506 763/1293/1506
f 764/1305/1507 1621/1250/1507 2698/1235/1507 1634/1292/1507
f 1621/1250/1508 749/1249/1508 1605/1236/1508 2698/1235/1508
f 1635/1296/1509 2699/1239/1509 1617/1242/1509 760/1297/1509
f 1155/2810/1510 2421/2807/1510 2699/1239/1510 1635/1296/1510
f 2421/2807/1511 1154/2806/1511 1606/1240/1511 2699/1239/1511
f 1636/1300/1512 2700/1243/1512 1618/1246/1512 761/1301/1512
f 1195/2963/1513 2500/2960/1513 2700/1243/1513 1636/1300/1513
f 2500/2960/1514 1194/2959/1514 1607/1244/1514 2700/1243/1514
f 1637/1304/1515 2701/1247/1515 1621/1250/1515 764/1305/1515
f 765/1313/1516 1622/1258/1516 2701/1247/1516 1637/1304/1516
f 1622/1258/1517 750/1257/1517 1608/1248/1517 2701/1247/1517
f 1638/1308/1518 2702/1251/1518 1599/1254/1518 771/1309/1518
f 773/3261/1519 1601/3262/1519 2702/1251/1519 1638/1308/1519
f 1601/3262/1520 758/3255/1520 1609/1252/1520 2702/1251/1520
f 1639/1312/1521 2703/1255/1521 1622/1258/1521 765/1313/1521
f 766/1317/1522 1623/1262/1522 2703/1255/1522 1639/1312/1522
f 1623/1262/1523 751/1261/1523 1610/1256/1523 2703/1255/1523
f 1640/1316/1524 2704/1259/1524 1623/1262/1524 766/1317/1524
f 767/1321/1525 1624/1266/1525 2704/1259/1525 1640/1316/1525
f 1624/1266/1526 752/1265/1526 1611/1260/1526 2704/1259/1526
f 1641/1320/1527 2705/1263/1527 1624/1266/1527 767/1321/1527
f 771/1309/1528 1599/1254/1528 2705/1263/1528 1641/1320/1528
f 1599/1254/1529 756/1253/1529 1612/1264/1529 2705/1263/1529
f 1941/1898/1530 2706/1267/1530 1918/1270/1530 921/1899/1530
f 922/1903/1531 1919/1326/1531 2706/1267/1531 1941/1898/1531
f 1919/1326/1532 772/1325/1532 1600/1268/1532 2706/1267/1532
f 1600/1268/1533 2707/1271/1533 1614/1274/1533 757/1269/1533
f 772/1325/1534 1643/1330/1534 2707/1271/1534 1600/1268/1534
f 1643/1330/1535 769/1329/1535 1626/1272/1535 2707/1271/1535
f 1570/3259/1536 2708/1275/1536 1586/1278/1536 721/3216/1536
f 735/3260/1537 1597/3263/1537 2708/1275/1537 1570/3259/1537
f 1597/3263/1538 754/3264/1538 1615/1276/1538 2708/1275/1538
f 1602/1224/1539 2709/1279/1539 1625/1282/1539 753/1225/1539
f 897/1810/1540 1895/1815/1540 2709/1279/1540 1602/1224/1540
f 1895/1815/1541 898/1814/1541 1631/1280/1541 2709/1279/1541
f 1661/1340/1542 2710/1283/1542 1648/1286/1542 776/1341/1542
f 777/1349/1543 1649/1294/1543 2710/1283/1543 1661/1340/1543
f 1649/1294/1544 763/1293/1544 1632/1284/1544 2710/1283/1544
f 1662/1344/1545 2711/1287/1545 1627/1290/1545 784/1345/1545
f 1073/2495/1546 2261/2492/1546 2711/1287/1546 1662/1344/1546
f 2261/2492/1547 1072/2491/1547 1633/1288/1547 2711/1287/1547
f 1663/1348/1548 2712/1291/1548 1649/1294/1548 777/1349/1548
f 778/1361/1549 1650/1306/1549 2712/1291/1549 1663/1348/1549
f 1650/1306/1550 764/1305/1550 1634/1292/1550 2712/1291/1550
f 1664/1352/1551 2713/1295/1551 1646/1298/1551 774/1353/1551
f 1156/2814/1552 2422/2811/1552 2713/1295/1552 1664/1352/1552
f 2422/2811/1553 1155/2810/1553 1635/1296/1553 2713/1295/1553
f 1665/1356/1554 2714/1299/1554 1647/1302/1554 775/1357/1554
f 1196/2967/1555 2501/2964/1555 2714/1299/1555 1665/1356/1555
f 2501/2964/1556 1195/2963/1556 1636/1300/1556 2714/1299/1556
f 1666/1360/1557 2715/1303/1557 1650/1306/1557 778/1361/1557
f 779/1369/1558 1651/1314/1558 2715/1303/1558 1666/1360/1558
f 1651/1314/1559 765/1313/1559 1637/1304/1559 2715/1303/1559
f 1667/1364/1560 2716/1307/1560 1628/1310/1560 785/1365/1560
f 787/3265/1561 1630/3266/1561 2716/1307/1561 1667/1364/1561
f 1630/3266/1562 773/3261/1562 1638/1308/1562 2716/1307/1562
f 1668/1368/1563 2717/1311/1563 1651/1314/1563 779/1369/1563
f 780/1373/1564 1652/1318/1564 2717/1311/1564 1668/1368/1564
f 1652/1318/1565 766/1317/1565 1639/1312/1565 2717/1311/1565
f 1669/1372/1566 2718/1315/1566 1652/1318/1566 780/1373/1566
f 781/1377/1567 1653/1322/1567 2718/1315/1567 1669/1372/1567
f 1653/1322/1568 767/1321/1568 1640/1316/1568 2718/1315/1568
f 1670/1376/1569 2719/1319/1569 1653/1322/1569 781/1377/1569
f 785/1365/1570 1628/1310/1570 2719/1319/1570 1670/1376/1570
f 1628/1310/1571 771/1309/1571 1641/1320/1571 2719/1319/1571
f 1942/1902/1572 2720/1323/1572 1919/1326/1572 922/1903/1572
f 923/1907/1573 1920/1382/1573 2720/1323/1573 1942/1902/1573
f 1920/1382/1574 786/1381/1574 1629/1324/1574 2720/1323/1574
f 1629/1324/1575 2721/1327/1575 1643/1330/1575 772/1325/1575
f 786/1381/1576 1672/1386/1576 2721/1327/1576 1629/1324/1576
f 1672/1386/1577 783/1385/1577 1655/1328/1577 2721/1327/1577
f 1626/3267/1578 2722/1331/1578 1615/1276/1578 754/3264/1578
f 769/1389/1579 1644/1388/1579 2722/1331/1579 1626/3267/1579
f 1644/1388/1580 759/1393/1580 1616/1332/1580 2722/1331/1580
f 1645/1392/1581 2723/1333/1581 1616/1332/1581 759/1393/1581
f 670/3208/1582 1578/3207/1582 2723/1333/1582 1645/1392/1582
f 1578/3207/1583 743/3206/1583 1587/1334/1583 2723/1333/1583
f 1631/1280/1584 2724/1335/1584 1654/1338/1584 768/1281/1584
f 898/1814/1585 1896/1819/1585 2724/1335/1585 1631/1280/1585
f 1896/1819/1586 899/1818/1586 1660/1336/1586 2724/1335/1586
f 1319/3268/1587 2725/1339/1587 1345/1342/1587 611/3269/1587
f 610/3270/1588 1346/1350/1588 2725/1339/1588 1319/3268/1588
f 1346/1350/1589 777/1349/1589 1661/1340/1589 2725/1339/1589
f 2208/3271/1590 2726/1343/1590 1656/1346/1590 614/3272/1590
f 1058/3273/1591 2262/2496/1591 2726/1343/1591 2208/3271/1591
f 2262/2496/1592 1073/2495/1592 1662/1344/1592 2726/1343/1592
f 1318/3274/1593 2727/1347/1593 1346/1350/1593 610/3270/1593
f 609/3275/1594 1347/1362/1594 2727/1347/1594 1318/3274/1594
f 1347/1362/1595 778/1361/1595 1663/1348/1595 2727/1347/1595
f 2369/3276/1596 2728/1351/1596 1342/1354/1596 613/3277/1596
f 1141/3278/1597 2423/2815/1597 2728/1351/1597 2369/3276/1597
f 2423/2815/1598 1156/2814/1598 1664/1352/1598 2728/1351/1598
f 2448/3279/1599 2729/1355/1599 1344/1358/1599 612/3280/1599
f 1181/3281/1600 2502/2968/1600 2729/1355/1600 2448/3279/1600
f 2502/2968/1601 1196/2967/1601 1665/1356/1601 2729/1355/1601
f 1317/3282/1602 2730/1359/1602 1347/1362/1602 609/3275/1602
f 608/3283/1603 1348/1370/1603 2730/1359/1603 1317/3282/1603
f 1348/1370/1604 779/1369/1604 1666/1360/1604 2730/1359/1604
f 1507/3284/1605 2731/1363/1605 1657/1366/1605 606/3285/1605
f 710/3286/1606 1659/3287/1606 2731/1363/1606 1507/3284/1606
f 1659/3287/1607 787/3265/1607 1667/1364/1607 2731/1363/1607
f 1316/3288/1608 2732/1367/1608 1348/1370/1608 608/3283/1608
f 607/3289/1609 1350/1374/1609 2732/1367/1609 1316/3288/1609
f 1350/1374/1610 780/1373/1610 1668/1368/1610 2732/1367/1610
f 1315/3290/1611 2733/1371/1611 1350/1374/1611 607/3289/1611
f 605/3291/1612 1351/1378/1612 2733/1371/1612 1315/3290/1612
f 1351/1378/1613 781/1377/1613 1669/1372/1613 2733/1371/1613
f 1314/3292/1614 2734/1375/1614 1351/1378/1614 605/3291/1614
f 606/3285/1615 1657/1366/1615 2734/1375/1615 1314/3292/1615
f 1657/1366/1616 785/1365/1616 1670/1376/1616 2734/1375/1616
f 1943/1906/1617 2735/1379/1617 1920/1382/1617 923/1907/1617
f 919/3293/1618 1916/3294/1618 2735/1379/1618 1943/1906/1618
f 1916/3294/1619 687/3295/1619 1658/1380/1619 2735/1379/1619
f 1658/1380/1620 2736/1383/1620 1672/1386/1620 786/1381/1620
f 687/3295/1621 1523/3296/1621 2736/1383/1621 1658/1380/1621
f 1523/3296/1622 719/3297/1622 1540/1384/1622 2736/1383/1622
f 1674/3298/1623 2737/1387/1623 1655/1390/1623 783/3299/1623
f 788/3241/1624 1673/1394/1624 2737/1387/1624 1674/3298/1624
f 1673/1394/1625 759/1393/1625 1644/1388/1625 2737/1387/1625
f 1675/1110/1626 2738/1391/1626 1673/1394/1626 788/3241/1626
f 679/1109/1627 1469/3209/1627 2738/1391/1627 1675/1110/1627
f 1469/3209/1628 670/3208/1628 1645/1392/1628 2738/1391/1628
f 1498/3233/1629 2739/1395/1629 1521/1398/1629 697/3234/1629
f 689/3232/1630 1679/3300/1630 2739/1395/1630 1498/3233/1630
f 1679/3300/1631 790/3301/1631 1677/1396/1631 2739/1395/1631
f 1470/3302/1632 2740/1399/1632 1677/1396/1632 790/3301/1632
f 688/3214/1633 1484/3213/1633 2740/1399/1633 1470/3302/1633
f 1484/3213/1634 789/3212/1634 1676/1400/1634 2740/1399/1634
f 1500/3240/1635 2741/1401/1635 1680/1404/1635 688/3242/1635
f 788/3241/1636 1674/3298/1636 2741/1401/1636 1500/3240/1636
f 1674/3298/1637 783/3299/1637 1540/1402/1637 2741/1401/1637
f 1537/1414/1638 2742/1405/1638 1689/1408/1638 798/1415/1638
f 845/1611/1639 1793/1604/1639 2742/1405/1639 1537/1414/1639
f 1793/1604/1640 846/1603/1640 1691/1406/1640 2742/1405/1640
f 1691/1406/1641 2743/1409/1641 1688/1412/1641 800/1407/1641
f 846/1603/1642 1794/1608/1642 2743/1409/1642 1691/1406/1642
f 1794/1608/1643 847/1607/1643 1692/1410/1643 2743/1409/1643
f 1786/1438/1644 2744/1413/1644 1687/1416/1644 791/1439/1644
f 848/1635/1645 1795/1612/1645 2744/1413/1645 1786/1438/1645
f 1795/1612/1646 845/1611/1646 1537/1414/1646 2744/1413/1646
f 2263/2498/1647 2745/1417/1647 1686/1420/1647 1074/2499/1647
f 1079/2519/1648 2229/1616/1648 2745/1417/1648 2263/2498/1648
f 2229/1616/1649 850/1615/1649 1695/1418/1649 2745/1417/1649
f 2424/2817/1650 2746/1421/1650 1685/1424/1650 1157/2818/1650
f 1162/2838/1651 2390/1620/1651 2746/1421/1651 2424/2817/1651
f 2390/1620/1652 851/1619/1652 1696/1422/1652 2746/1421/1652
f 2503/2970/1653 2747/1425/1653 1684/1428/1653 1197/2971/1653
f 1202/2991/1654 2469/1624/1654 2747/1425/1654 2503/2970/1654
f 2469/1624/1655 852/1623/1655 1697/1426/1655 2747/1425/1655
f 1697/1426/1656 2748/1429/1656 1683/1432/1656 794/1427/1656
f 852/1623/1657 1799/1628/1657 2748/1429/1657 1697/1426/1657
f 1799/1628/1658 853/1627/1658 1698/1430/1658 2748/1429/1658
f 1698/1430/1659 2749/1433/1659 1682/1436/1659 793/1431/1659
f 853/1627/1660 1800/1632/1660 2749/1433/1660 1698/1430/1660
f 1800/1632/1661 854/1631/1661 1699/1434/1661 2749/1433/1661
f 1699/1434/1662 2750/1437/1662 1681/1440/1662 792/1435/1662
f 854/1631/1663 1801/1636/1663 2750/1437/1663 1699/1434/1663
f 1801/1636/1664 848/1635/1664 1786/1438/1664 2750/1437/1664
f 4934/1450/1665 4952/1441/1665 1708/1444/1665 808/1451/1665
f 4845/3303/1666 4883/3304/1666 2751/3305/1666 1709/3306/1666
f 4883/3304/1667 4856/3307/1667 1710/3308/1667 2751/3305/1667
f 4910/1442/1668 4953/1445/1668 1707/1448/1668 810/1443/1668
f 4856/3307/1669 4884/3309/1669 2752/3310/1669 1710/3308/1669
f 4884/3309/1670 4857/3311/1670 1711/3312/1670 2752/3310/1670
f 4935/1474/1671 4954/1449/1671 1706/1452/1671 801/1475/1671
f 4846/3313/1672 4885/3314/1672 2753/3315/1672 1712/3316/1672
f 4885/3314/1673 4845/3303/1673 1709/3306/1673 2753/3315/1673
f 4920/2502/1674 4955/1453/1674 1705/1456/1674 1075/2503/1674
f 4866/3317/1675 4886/3318/1675 2754/3319/1675 2264/3320/1675
f 4886/3318/1676 4858/3321/1676 1714/3322/1676 2754/3319/1676
f 4923/2821/1677 4956/1457/1677 1704/1460/1677 1158/2822/1677
f 4869/3323/1678 4887/3324/1678 2755/3325/1678 2425/3326/1678
f 4887/3324/1679 4859/3327/1679 1715/3328/1679 2755/3325/1679
f 4925/2974/1680 4957/1461/1680 1703/1464/1680 1198/2975/1680
f 4871/3329/1681 4888/3330/1681 2756/3331/1681 2504/3332/1681
f 4888/3330/1682 4860/3333/1682 1716/3334/1682 2756/3331/1682
f 4914/1462/1683 4958/1465/1683 1702/1468/1683 804/1463/1683
f 4860/3333/1684 4889/3335/1684 2757/3336/1684 1716/3334/1684
f 4889/3335/1685 4861/3337/1685 1717/3338/1685 2757/3336/1685
f 4915/1466/1686 4959/1469/1686 1701/1472/1686 803/1467/1686
f 4861/3337/1687 4890/3339/1687 2758/3340/1687 1717/3338/1687
f 4890/3339/1688 4862/3341/1688 1718/3342/1688 2758/3340/1688
f 4916/1470/1689 4960/1473/1689 1700/1476/1689 802/1471/1689
f 4862/3341/1690 4891/3343/1690 2759/3344/1690 1718/3342/1690
f 4891/3343/1691 4846/3313/1691 1712/3316/1691 2759/3344/1691
f 1897/1821/1692 2760/1477/1692 1874/1480/1692 900/1822/1692
f 880/1746/1693 1271/585/1693 2760/1477/1693 1897/1821/1693
f 1271/585/1694 581/584/1694 1301/1478/1694 2760/1477/1694
f 2364/3345/1695 2761/1481/1695 1720/1484/1695 589/3346/1695
f 1136/3347/1696 2426/2827/1696 2761/1481/1696 2364/3345/1696
f 2426/2827/1697 1159/2826/1697 1734/1482/1697 2761/1481/1697
f 2443/3348/1698 2762/1485/1698 1298/1488/1698 585/3349/1698
f 1176/3350/1699 2505/2980/1699 2762/1485/1699 2443/3348/1699
f 2505/2980/1700 1199/2979/1700 1735/1486/1700 2762/1485/1700
f 1264/3351/1701 2763/1489/1701 1300/1492/1701 577/3352/1701
f 573/3353/1702 1302/1496/1702 2763/1489/1702 1264/3351/1702
f 1302/1496/1703 815/1495/1703 1736/1490/1703 2763/1489/1703
f 1257/3354/1704 2764/1493/1704 1302/1496/1704 573/3353/1704
f 569/596/1705 1303/1500/1705 2764/1493/1705 1257/3354/1705
f 1303/1500/1706 816/1499/1706 1737/1494/1706 2764/1493/1706
f 1247/595/1707 2765/1497/1707 1303/1500/1707 569/596/1707
f 568/604/1708 1304/1508/1708 2765/1497/1708 1247/595/1708
f 1304/1508/1709 817/1507/1709 1738/1498/1709 2765/1497/1709
f 1405/599/1710 2766/1501/1710 1726/1504/1710 565/600/1710
f 705/3092/1711 1732/3355/1711 2766/1501/1711 1405/599/1711
f 1732/3355/1712 824/3143/1712 1739/1502/1712 2766/1501/1712
f 1246/603/1713 2767/1505/1713 1304/1508/1713 568/604/1713
f 567/608/1714 1306/1512/1714 2767/1505/1714 1246/603/1714
f 1306/1512/1715 819/1511/1715 1740/1506/1715 2767/1505/1715
f 1245/607/1716 2768/1509/1716 1306/1512/1716 567/608/1716
f 564/616/1717 1307/1516/1717 2768/1509/1717 1245/607/1717
f 1307/1516/1718 820/1515/1718 1741/1510/1718 2768/1509/1718
f 1243/615/1719 2769/1513/1719 1307/1516/1719 564/616/1719
f 565/600/1720 1726/1504/1720 2769/1513/1720 1243/615/1720
f 1726/1504/1721 818/1503/1721 1742/1514/1721 2769/1513/1721
f 2265/2506/1722 2770/1517/1722 2226/1520/1722 1076/2507/1722
f 1056/3148/1723 2206/3146/1723 2770/1517/1723 2265/2506/1723
f 2206/3146/1724 602/3147/1724 1308/1518/1724 2770/1517/1724
f 2326/2588/1725 2771/1521/1725 2287/1524/1725 1098/2589/1725
f 1096/3356/1726 2285/3357/1726 2771/1521/1726 2326/2588/1726
f 2285/3357/1727 604/3358/1727 1311/1522/1727 2771/1521/1727
f 1944/1910/1728 2772/1525/1728 1921/1528/1728 924/1911/1728
f 904/1838/1729 1244/1837/1729 2772/1525/1729 1944/1910/1729
f 1244/1837/1730 566/3359/1730 1519/1526/1730 2772/1525/1730
f 1755/1538/1731 2773/1529/1731 1754/1532/1731 832/1539/1731
f 4984/3360/1732 5021/3361/1732 2773/1529/1732 1755/1538/1732
f 5021/3361/1733 4995/3362/1733 1756/1530/1733 2773/1529/1733
f 1756/1530/1734 2774/1533/1734 1753/1536/1734 834/1531/1734
f 4995/3362/1735 5022/3363/1735 2774/1533/1735 1756/1530/1735
f 5022/3363/1736 4996/3364/1736 1757/1534/1736 2774/1533/1736
f 1758/1562/1737 2775/1537/1737 1752/1540/1737 825/1563/1737
f 4985/3365/1738 5023/3366/1738 2775/1537/1738 1758/1562/1738
f 5023/3366/1739 4984/3360/1739 1755/1538/1739 2775/1537/1739
f 2266/2510/1740 2776/1541/1740 1751/1544/1740 1077/2511/1740
f 5003/3367/1741 5024/3368/1741 2776/1541/1741 2266/2510/1741
f 5024/3368/1742 4997/3369/1742 1760/1542/1742 2776/1541/1742
f 2427/2829/1743 2777/1545/1743 1750/1548/1743 1160/2830/1743
f 5007/3370/1744 5025/3371/1744 2777/1545/1744 2427/2829/1744
f 5025/3371/1745 4998/3372/1745 1761/1546/1745 2777/1545/1745
f 2506/2982/1746 2778/1549/1746 1749/1552/1746 1200/2983/1746
f 5009/3373/1747 5026/3374/1747 2778/1549/1747 2506/2982/1747
f 5026/3374/1748 4999/3375/1748 1762/1550/1748 2778/1549/1748
f 1762/1550/1749 2779/1553/1749 1748/1556/1749 828/1551/1749
f 4999/3375/1750 5027/3376/1750 2779/1553/1750 1762/1550/1750
f 5027/3376/1751 5000/3377/1751 1763/1554/1751 2779/1553/1751
f 1763/1554/1752 2780/1557/1752 1747/1560/1752 827/1555/1752
f 5000/3377/1753 5028/3378/1753 2780/1557/1753 1763/1554/1753
f 5028/3378/1754 5001/3379/1754 1764/1558/1754 2780/1557/1754
f 1764/1558/1755 2781/1561/1755 1746/1564/1755 826/1559/1755
f 5001/3379/1756 5029/3380/1756 2781/1561/1756 1764/1558/1756
f 5029/3380/1757 4985/3365/1757 1758/1562/1757 2781/1561/1757
f 1774/1574/1758 2782/1565/1758 1773/1568/1758 842/1575/1758
f 832/1539/1759 1754/1532/1759 2782/1565/1759 1774/1574/1759
f 1754/1532/1760 834/1531/1760 1775/1566/1760 2782/1565/1760
f 1775/1566/1761 2783/1569/1761 1772/1572/1761 844/1567/1761
f 834/1531/1762 1753/1536/1762 2783/1569/1762 1775/1566/1762
f 1753/1536/1763 833/1535/1763 1776/1570/1763 2783/1569/1763
f 1777/1598/1764 2784/1573/1764 1771/1576/1764 835/1599/1764
f 825/1563/1765 1752/1540/1765 2784/1573/1765 1777/1598/1765
f 1752/1540/1766 832/1539/1766 1774/1574/1766 2784/1573/1766
f 2267/2514/1767 2785/1577/1767 1770/1580/1767 1078/2515/1767
f 1077/2511/1768 1751/1544/1768 2785/1577/1768 2267/2514/1768
f 1751/1544/1769 830/1543/1769 1779/1578/1769 2785/1577/1769
f 2428/2833/1770 2786/1581/1770 1769/1584/1770 1161/2834/1770
f 1160/2830/1771 1750/1548/1771 2786/1581/1771 2428/2833/1771
f 1750/1548/1772 829/1547/1772 1780/1582/1772 2786/1581/1772
f 2507/2986/1773 2787/1585/1773 1768/1588/1773 1201/2987/1773
f 1200/2983/1774 1749/1552/1774 2787/1585/1774 2507/2986/1774
f 1749/1552/1775 828/1551/1775 1781/1586/1775 2787/1585/1775
f 1781/1586/1776 2788/1589/1776 1767/1592/1776 838/1587/1776
f 828/1551/1777 1748/1556/1777 2788/1589/1777 1781/1586/1777
f 1748/1556/1778 827/1555/1778 1782/1590/1778 2788/1589/1778
f 1782/1590/1779 2789/1593/1779 1766/1596/1779 837/1591/1779
f 827/1555/1780 1747/1560/1780 2789/1593/1780 1782/1590/1780
f 1747/1560/1781 826/1559/1781 1783/1594/1781 2789/1593/1781
f 1783/1594/1782 2790/1597/1782 1765/1600/1782 836/1595/1782
f 826/1559/1783 1746/1564/1783 2790/1597/1783 1783/1594/1783
f 1746/1564/1784 825/1563/1784 1777/1598/1784 2790/1597/1784
f 1690/1610/1785 2791/1601/1785 1793/1604/1785 845/1611/1785
f 712/1397/1786 1676/1400/1786 2791/1601/1786 1690/1610/1786
f 1676/1400/1787 789/3212/1787 1784/1602/1787 2791/1601/1787
f 1784/1602/1788 2792/1605/1788 1794/1608/1788 846/1603/1788
f 789/3212/1789 1536/3210/1789 2792/1605/1789 1784/1602/1789
f 1536/3210/1790 718/3211/1790 1785/1606/1790 2792/1605/1790
f 1693/1634/1791 2793/1609/1791 1795/1612/1791 848/1635/1791
f 697/3234/1792 1521/1398/1792 2793/1609/1792 1693/1634/1792
f 1521/1398/1793 712/1397/1793 1690/1610/1793 2793/1609/1793
f 2268/2518/1794 2794/1613/1794 2229/1616/1794 1079/2519/1794
f 1068/2475/1795 1491/2474/1795 2794/1613/1795 2268/2518/1795
f 1491/2474/1796 702/1058/1796 1788/1614/1796 2794/1613/1796
f 2429/2837/1797 2795/1617/1797 2390/1620/1797 1162/2838/1797
f 1151/2794/1798 1490/2793/1798 2795/1617/1798 2429/2837/1798
f 1490/2793/1799 701/1062/1799 1789/1618/1799 2795/1617/1799
f 2508/2990/1800 2796/1621/1800 2469/1624/1800 1202/2991/1800
f 1191/2947/1801 1489/2946/1801 2796/1621/1801 2508/2990/1801
f 1489/2946/1802 700/1066/1802 1790/1622/1802 2796/1621/1802
f 1790/1622/1803 2797/1625/1803 1799/1628/1803 852/1623/1803
f 700/1066/1804 1488/1065/1804 2797/1625/1804 1790/1622/1804
f 1488/1065/1805 699/1070/1805 1791/1626/1805 2797/1625/1805
f 1791/1626/1806 2798/1629/1806 1800/1632/1806 853/1627/1806
f 699/1070/1807 1487/1069/1807 2798/1629/1807 1791/1626/1807
f 1487/1069/1808 698/1074/1808 1792/1630/1808 2798/1629/1808
f 1792/1630/1809 2799/1633/1809 1801/1636/1809 854/1631/1809
f 698/1074/1810 1486/1073/1810 2799/1633/1810 1792/1630/1810
f 1486/1073/1811 697/3234/1811 1693/1634/1811 2799/1633/1811
f 1785/3381/1812 2800/1637/1812 1802/1638/1812 847/1641/1812
f 718/3245/1813 1518/3244/1813 2800/1637/1813 1785/3381/1813
f 1518/3244/1814 592/1105/1814 1731/1104/1814 2800/1637/1814
f 1519/1526/1815 2801/1639/1815 1802/1638/1815 823/1527/1815
f 566/3359/1816 1803/1645/1816 2801/1639/1816 1519/1526/1816
f 1803/1645/1817 799/1644/1817 1692/1640/1817 2801/1639/1817
f 4855/3382/1818 4892/1642/1818 1803/1645/1818 566/3359/1818
f 4909/3383/1819 4961/3384/1819 2802/3385/1819 1253/3386/1819
f 4961/3384/1820 4911/3387/1820 1711/3388/1820 2802/3385/1820
f 4994/3389/1821 5030/1646/1821 1804/1649/1821 558/3390/1821
f 550/552/1822 1805/1653/1822 2803/3391/1822 1236/3392/1822
f 1805/1653/1823 833/1652/1823 1757/3393/1823 2803/3391/1823
f 1220/551/1824 2804/1650/1824 1805/1653/1824 550/552/1824
f 551/3049/1825 1806/3394/1825 2804/1650/1825 1220/551/1825
f 1806/3394/1826 843/3395/1826 1776/1651/1826 2804/1650/1826
f 2209/757/1827 2805/1654/1827 1808/1657/1827 624/758/1827
f 1059/2439/1828 2269/2524/1828 2805/1654/1828 2209/757/1828
f 2269/2524/1829 1080/2523/1829 1830/1655/1829 2805/1654/1829
f 2370/761/1830 2806/1658/1830 1361/1661/1830 623/762/1830
f 1142/2758/1831 2430/2843/1831 2806/1658/1831 2370/761/1831
f 2430/2843/1832 1163/2842/1832 1831/1659/1832 2806/1658/1832
f 2449/765/1833 2807/1662/1833 1363/1665/1833 622/766/1833
f 1182/2911/1834 2509/2996/1834 2807/1662/1834 2449/765/1834
f 2509/2996/1835 1203/2995/1835 1832/1663/1835 2807/1662/1835
f 1338/769/1836 2808/1666/1836 1364/1669/1836 621/770/1836
f 620/774/1837 1365/1673/1837 2808/1666/1837 1338/769/1837
f 1365/1673/1838 859/1672/1838 1833/1667/1838 2808/1666/1838
f 1337/773/1839 2809/1670/1839 1365/1673/1839 620/774/1839
f 619/778/1840 1366/1677/1840 2809/1670/1840 1337/773/1840
f 1366/1677/1841 860/1676/1841 1834/1671/1841 2809/1670/1841
f 1336/777/1842 2810/1674/1842 1366/1677/1842 619/778/1842
f 618/786/1843 1367/1685/1843 2810/1674/1843 1336/777/1843
f 1367/1685/1844 861/1684/1844 1835/1675/1844 2810/1674/1844
f 1505/781/1845 2811/1678/1845 1814/1681/1845 616/782/1845
f 713/3153/1846 1826/3396/1846 2811/1678/1846 1505/781/1846
f 1826/3396/1847 874/3397/1847 1836/1679/1847 2811/1678/1847
f 1335/785/1848 2812/1682/1848 1367/1685/1848 618/786/1848
f 617/790/1849 1369/1689/1849 2812/1682/1849 1335/785/1849
f 1369/1689/1850 863/1688/1850 1837/1683/1850 2812/1682/1850
f 1334/789/1851 2813/1686/1851 1369/1689/1851 617/790/1851
f 615/794/1852 1370/1693/1852 2813/1686/1852 1334/789/1852
f 1370/1693/1853 864/1692/1853 1838/1687/1853 2813/1686/1853
f 1333/793/1854 2814/1690/1854 1370/1693/1854 615/794/1854
f 616/782/1855 1814/1681/1855 2814/1690/1855 1333/793/1855
f 1814/1681/1856 862/1680/1856 1839/1691/1856 2814/1690/1856
f 2212/869/1857 2815/1694/1857 1818/1697/1857 652/870/1857
f 1062/2451/1858 2270/2528/1858 2815/1694/1858 2212/869/1858
f 2270/2528/1859 1081/2527/1859 1840/1695/1859 2815/1694/1859
f 2373/873/1860 2816/1698/1860 1413/1701/1860 651/874/1860
f 1145/2770/1861 2431/2847/1861 2816/1698/1861 2373/873/1861
f 2431/2847/1862 1164/2846/1862 1841/1699/1862 2816/1698/1862
f 2452/877/1863 2817/1702/1863 1415/1705/1863 650/878/1863
f 1185/2923/1864 2510/3000/1864 2817/1702/1864 2452/877/1864
f 2510/3000/1865 1204/2999/1865 1842/1703/1865 2817/1702/1865
f 1392/881/1866 2818/1706/1866 1416/1709/1866 649/882/1866
f 648/886/1867 1417/1713/1867 2818/1706/1867 1392/881/1867
f 1417/1713/1868 869/1712/1868 1843/1707/1868 2818/1706/1868
f 1391/885/1869 2819/1710/1869 1417/1713/1869 648/886/1869
f 647/890/1870 1418/1717/1870 2819/1710/1870 1391/885/1870
f 1418/1717/1871 870/1716/1871 1844/1711/1871 2819/1710/1871
f 1390/889/1872 2820/1714/1872 1418/1717/1872 647/890/1872
f 646/894/1873 1419/1721/1873 2820/1714/1873 1390/889/1873
f 1419/1721/1874 871/1720/1874 1845/1715/1874 2820/1714/1874
f 1389/893/1875 2821/1718/1875 1419/1721/1875 646/894/1875
f 645/898/1876 1420/1731/1876 2821/1718/1876 1389/893/1876
f 1420/1731/1877 872/1730/1877 1846/1719/1877 2821/1718/1877
f 1945/1914/1878 2822/1722/1878 1922/1724/1878 925/1915/1878
f 915/1874/1879 1454/1019/1879 2822/1722/1879 1945/1914/1879
f 1454/1019/1880 716/1018/1880 1517/1097/1880 2822/1722/1880
f 1898/1825/1881 2823/1725/1881 1875/1727/1881 901/1826/1881
f 894/3258/1882 1512/3257/1882 2823/1725/1882 1898/1825/1882
f 1512/3257/1883 709/1094/1883 1825/1093/1883 2823/1725/1883
f 1388/897/1884 2824/1728/1884 1420/1731/1884 645/898/1884
f 644/3185/1885 1827/1735/1885 2824/1728/1885 1388/897/1885
f 1827/1735/1886 875/1734/1886 1849/1729/1886 2824/1728/1886
f 1502/1083/1887 2825/1732/1887 1827/1735/1887 644/3185/1887
f 704/1082/1888 1829/3398/1888 2825/1732/1888 1502/1083/1888
f 1829/3398/1889 877/3399/1889 1850/1733/1889 2825/1732/1889
f 1829/3398/1890 2826/1736/1890 1851/1739/1890 877/3399/1890
f 704/1082/1891 1422/3400/1891 2826/1736/1891 1829/3398/1891
f 1422/3400/1892 715/3401/1892 1534/1737/1892 2826/1736/1892
f 4983/3062/1893 5031/1740/1893 1853/1743/1893 707/3063/1893
f 706/930/1894 1852/3402/1894 2827/3403/1894 1516/3061/1894
f 1852/3402/1895 878/3065/1895 1876/3068/1895 2827/3403/1895
f 4844/3091/1896 4893/1744/1896 1854/1747/1896 705/3092/1896
f 4933/3089/1897 4962/3404/1897 2828/3405/1897 1525/3090/1897
f 4962/3404/1898 4937/3071/1898 1877/3074/1898 2828/3405/1898
f 1526/3144/1899 2829/1748/1899 1855/1751/1899 711/3145/1899
f 824/3143/1900 1733/1823/1900 2829/1748/1900 1526/3144/1900
f 1733/1823/1901 900/1822/1901 1878/1749/1901 2829/1748/1901
f 1511/3406/1902 2830/1752/1902 1879/1753/1902 893/3142/1902
f 710/3150/1903 1527/3149/1903 2830/1752/1903 1511/3406/1903
f 1527/3149/1904 711/3145/1904 1855/1751/1904 2830/1752/1904
f 2210/797/1905 2831/1754/1905 1857/1757/1905 634/798/1905
f 1060/2443/1906 2271/2532/1906 2831/1754/1906 2210/797/1906
f 2271/2532/1907 1082/2531/1907 1880/1755/1907 2831/1754/1907
f 2371/801/1908 2832/1758/1908 1379/1761/1908 633/802/1908
f 1143/2762/1909 2432/2851/1909 2832/1758/1909 2371/801/1909
f 2432/2851/1910 1165/2850/1910 1881/1759/1910 2832/1758/1910
f 2450/805/1911 2833/1762/1911 1381/1765/1911 632/806/1911
f 1183/2915/1912 2511/3004/1912 2833/1762/1912 2450/805/1912
f 2511/3004/1913 1205/3003/1913 1882/1763/1913 2833/1762/1913
f 1357/809/1914 2834/1766/1914 1382/1769/1914 631/810/1914
f 630/814/1915 1383/1773/1915 2834/1766/1915 1357/809/1915
f 1383/1773/1916 886/1772/1916 1883/1767/1916 2834/1766/1916
f 1356/813/1917 2835/1770/1917 1383/1773/1917 630/814/1917
f 629/818/1918 1384/1777/1918 2835/1770/1918 1356/813/1918
f 1384/1777/1919 887/1776/1919 1884/1771/1919 2835/1770/1919
f 1355/817/1920 2836/1774/1920 1384/1777/1920 629/818/1920
f 628/826/1921 1385/1781/1921 2836/1774/1921 1355/817/1921
f 1385/1781/1922 888/1780/1922 1885/1775/1922 2836/1774/1922
f 1354/825/1923 2837/1778/1923 1385/1781/1923 628/826/1923
f 627/830/1924 1386/1785/1924 2837/1778/1924 1354/825/1924
f 1386/1785/1925 889/1784/1925 1886/1779/1925 2837/1778/1925
f 1353/829/1926 2838/1782/1926 1386/1785/1926 627/830/1926
f 625/834/1927 1387/3407/1927 2838/1782/1927 1353/829/1927
f 1387/3407/1928 890/3180/1928 1887/1783/1928 2838/1782/1928
f 1873/1817/1929 2839/1786/1929 1888/1789/1929 899/1818/1929
f 787/3265/1930 1659/3287/1930 2839/1786/1930 1873/1817/1930
f 1659/3287/1931 710/3286/1931 1511/1787/1931 2839/1786/1931
f 1387/3407/1932 2840/1790/1932 1889/1793/1932 890/3180/1932
f 625/834/1933 1352/833/1933 2840/1790/1933 1387/3407/1933
f 1352/833/1934 626/822/1934 1866/1791/1934 2840/1790/1934
f 1529/3173/1935 2841/1794/1935 1530/1797/1935 714/3174/1935
f 874/3172/1936 1848/3408/1936 2841/1794/1936 1529/3173/1936
f 1848/3408/1937 901/3238/1937 1890/1795/1937 2841/1794/1937
f 1866/1791/1938 2842/1798/1938 1891/1799/1938 892/1792/1938
f 626/822/1939 1504/821/1939 2842/1798/1939 1866/1791/1939
f 1504/821/1940 714/3174/1940 1530/1797/1940 2842/1798/1940
f 1852/3402/1941 2843/1800/1941 1892/1803/1941 878/3065/1941
f 706/930/1942 1514/929/1942 2843/1800/1942 1852/3402/1942
f 1514/929/1943 653/3205/1943 1508/1801/1943 2843/1800/1943
f 1868/3409/1944 2844/1804/1944 1893/1807/1944 894/3258/1944
f 713/3153/1945 1528/3152/1945 2844/1804/1945 1868/3409/1945
f 1528/3152/1946 734/3151/1946 1870/1805/1946 2844/1804/1946
f 1870/1805/1947 2845/1808/1947 1894/1811/1947 896/1806/1947
f 734/3151/1948 1555/3256/1948 2845/1808/1948 1870/1805/1948
f 1555/3256/1949 758/3255/1949 1871/1809/1949 2845/1808/1949
f 1871/1809/1950 2846/1812/1950 1895/1815/1950 897/1810/1950
f 758/3255/1951 1601/3262/1951 2846/1812/1951 1871/1809/1951
f 1601/3262/1952 773/3261/1952 1872/1813/1952 2846/1812/1952
f 1872/1813/1953 2847/1816/1953 1896/1819/1953 898/1814/1953
f 773/3261/1954 1630/3266/1954 2847/1816/1954 1872/1813/1954
f 1630/3266/1955 787/3265/1955 1873/1817/1955 2847/1816/1955
f 1732/3355/1956 2848/1820/1956 1733/1823/1956 824/3143/1956
f 705/3092/1957 1854/1747/1957 2848/1820/1957 1732/3355/1957
f 1854/1747/1958 880/1746/1958 1897/1821/1958 2848/1820/1958
f 1826/3396/1959 2849/1824/1959 1848/1827/1959 874/3397/1959
f 713/3153/1960 1868/3409/1960 2849/1824/1960 1826/3396/1960
f 1868/3409/1961 894/3258/1961 1898/1825/1961 2849/1824/1961
f 1272/1153/1962 2850/1828/1962 1899/1831/1962 578/3069/1962
f 580/1152/1963 1270/3410/1963 2850/1828/1963 1272/1153/1963
f 1270/3410/1964 905/3047/1964 1923/1829/1964 2850/1828/1964
f 1222/553/1965 2851/3411/1965 1924/3117/1965 902/1830/1965
f 550/552/1966 1236/3392/1966 2851/3411/1966 1222/553/1966
f 4994/3389/1967 558/3390/1967 1230/1833/1967 5032/1832/1967
f 4963/3412/1968 2852/3413/1968 1925/3121/1968 4917/3120/1968
f 4909/3383/1969 1253/3386/1969 2852/3413/1969 4963/3412/1969
f 4855/3382/1970 566/3359/1970 1244/1837/1970 4894/1836/1970
f 2211/837/1971 2853/1840/1971 1904/1843/1971 643/838/1971
f 1061/2447/1972 2272/2536/1972 2853/1840/1972 2211/837/1972
f 2272/2536/1973 1083/2535/1973 1926/1841/1973 2853/1840/1973
f 2372/841/1974 2854/1844/1974 1396/1847/1974 642/842/1974
f 1144/2766/1975 2433/2855/1975 2854/1844/1975 2372/841/1975
f 2433/2855/1976 1166/2854/1976 1927/1845/1976 2854/1844/1976
f 2451/845/1977 2855/1848/1977 1398/1851/1977 641/846/1977
f 1184/2919/1978 2512/3008/1978 2855/1848/1978 2451/845/1978
f 2512/3008/1979 1206/3007/1979 1928/1849/1979 2855/1848/1979
f 1375/849/1980 2856/1852/1980 1399/1855/1980 640/850/1980
f 639/854/1981 1400/1859/1981 2856/1852/1981 1375/849/1981
f 1400/1859/1982 910/1858/1982 1929/1853/1982 2856/1852/1982
f 1374/853/1983 2857/1856/1983 1400/1859/1983 639/854/1983
f 638/858/1984 1401/1863/1984 2857/1856/1984 1374/853/1984
f 1401/1863/1985 911/1862/1985 1930/1857/1985 2857/1856/1985
f 1373/857/1986 2858/1860/1986 1401/1863/1986 638/858/1986
f 637/862/1987 1402/1867/1987 2858/1860/1987 1373/857/1987
f 1402/1867/1988 912/1866/1988 1931/1861/1988 2858/1860/1988
f 1372/861/1989 2859/1864/1989 1402/1867/1989 637/862/1989
f 636/866/1990 1403/1871/1990 2859/1864/1990 1372/861/1990
f 1403/1871/1991 913/1870/1991 1932/1865/1991 2859/1864/1991
f 1371/865/1992 2860/1868/1992 1403/1871/1992 636/866/1992
f 635/3182/1993 1404/3414/1993 2860/1868/1993 1371/865/1993
f 1404/3414/1994 914/3183/1994 1933/1869/1994 2860/1868/1994
f 1422/3400/1995 2861/1872/1995 1912/1875/1995 715/3401/1995
f 704/1082/1996 1913/1081/1996 2861/1872/1996 1422/3400/1996
f 1913/1081/1997 916/1878/1997 1934/1873/1997 2861/1872/1997
f 1404/3414/1998 2862/1876/1998 1935/1879/1998 914/3183/1998
f 635/3182/1999 1503/1091/1999 2862/1876/1999 1404/3414/1999
f 1503/1091/2000 696/1090/2000 1499/1877/2000 2862/1876/2000
f 1828/1155/2001 2863/1880/2001 1522/1102/2001 678/1101/2001
f 876/3254/2002 1847/3415/2002 2863/1880/2002 1828/1155/2002
f 1847/3415/2003 925/3236/2003 1936/1881/2003 2863/1880/2003
f 1554/1179/2004 2864/1883/2004 1915/1095/2004 709/1094/2004
f 733/1178/2005 1568/1896/2005 2864/1883/2005 1554/1179/2005
f 1568/1896/2006 920/1895/2006 1937/1884/2006 2864/1883/2006
f 1722/611/2007 2865/1885/2007 1520/1888/2007 598/612/2007
f 814/1479/2008 1745/1912/2008 2865/1885/2008 1722/611/2008
f 1745/1912/2009 924/1911/2009 1938/1886/2009 2865/1885/2009
f 1513/679/2010 2866/1889/2010 1524/1892/2010 708/3141/2010
f 598/612/2011 1520/1888/2011 2866/1889/2011 1513/679/2011
f 1520/1888/2012 917/1887/2012 1939/1890/2012 2866/1889/2012
f 1596/1226/2013 2867/1893/2013 1568/1896/2013 733/1178/2013
f 753/1225/2014 1613/1900/2014 2867/1893/2014 1596/1226/2014
f 1613/1900/2015 921/1899/2015 1940/1894/2015 2867/1893/2015
f 1625/1282/2016 2868/1897/2016 1613/1900/2016 753/1225/2016
f 768/1281/2017 1642/1904/2017 2868/1897/2017 1625/1282/2017
f 1642/1904/2018 922/1903/2018 1941/1898/2018 2868/1897/2018
f 1654/1338/2019 2869/1901/2019 1642/1904/2019 768/1281/2019
f 782/1337/2020 1671/1908/2020 2869/1901/2020 1654/1338/2020
f 1671/1908/2021 923/1907/2021 1942/1902/2021 2869/1901/2021
f 1510/1087/2022 2870/1905/2022 1671/1908/2022 782/1337/2022
f 708/1086/2023 1524/3416/2023 2870/1905/2023 1510/1087/2023
f 1524/3416/2024 919/3293/2024 1943/1906/2024 2870/1905/2024
f 1301/1478/2025 2871/1909/2025 1745/1912/2025 814/1479/2025
f 581/584/2026 1901/645/2026 2871/1909/2026 1301/1478/2026
f 1901/645/2027 904/1838/2027 1944/1910/2027 2871/1909/2027
f 1534/1737/2028 2872/1913/2028 1847/1916/2028 876/1738/2028
f 715/3401/2029 1912/1875/2029 2872/1913/2029 1534/1737/2029
f 1912/1875/2030 915/1874/2030 1945/1914/2030 2872/1913/2030
f 1954/1926/2031 2873/1917/2031 1953/1920/2031 931/1927/2031
f 580/1152/2032 1865/1151/2032 2873/1917/2032 1954/1926/2032
f 1865/1151/2033 891/1802/2033 1955/1918/2033 2873/1917/2033
f 1955/1918/2034 2874/1921/2034 1952/1924/2034 933/1919/2034
f 891/1802/2035 1508/1801/2035 2874/1921/2035 1955/1918/2035
f 1508/1801/2036 653/3205/2036 1956/1922/2036 2874/1921/2036
f 1957/2166/2037 2875/1925/2037 1951/1928/2037 934/2167/2037
f 905/3047/2038 1270/3410/2038 2875/1925/2038 1957/2166/2038
f 1270/3410/2039 580/1152/2039 1954/1926/2039 2875/1925/2039
f 1958/1934/2040 2876/1929/2040 1950/1932/2040 929/1935/2040
f 555/560/2041 1242/593/2041 2876/1929/2041 1958/1934/2041
f 1242/593/2042 562/592/2042 1959/1930/2042 2876/1929/2042
f 1960/1938/2043 2877/1933/2043 1949/1936/2043 928/1939/2043
f 553/556/2044 1228/561/2044 2877/1933/2044 1960/1938/2044
f 1228/561/2045 555/560/2045 1958/1934/2045 2877/1933/2045
f 1961/1946/2046 2878/1937/2046 1948/1940/2046 926/1947/2046
f 548/3046/2047 1225/557/2047 2878/1937/2047 1961/1946/2047
f 1225/557/2048 553/556/2048 1960/1938/2048 2878/1937/2048
f 1956/1922/2049 2879/1941/2049 1947/1944/2049 932/1923/2049
f 653/3205/2050 1221/3204/2050 2879/1941/2050 1956/1922/2050
f 1221/3204/2051 549/548/2051 1962/1942/2051 2879/1941/2051
f 1962/1942/2052 2880/1945/2052 1946/1948/2052 927/1943/2052
f 549/548/2053 1219/547/2053 2880/1945/2053 1962/1942/2053
f 1219/547/2054 548/3046/2054 1961/1946/2054 2880/1945/2054
f 1971/1958/2055 2881/1949/2055 1970/1952/2055 940/1959/2055
f 931/3417/2056 1953/3418/2056 2881/1949/2056 1971/1958/2056
f 1953/3418/2057 933/3419/2057 1972/1950/2057 2881/1949/2057
f 1972/1950/2058 2882/1953/2058 1969/1956/2058 942/1951/2058
f 933/3419/2059 1952/3420/2059 2882/1953/2059 1972/1950/2059
f 1952/3420/2060 932/3421/2060 1973/1954/2060 2882/1953/2060
f 1974/2170/2061 2883/1957/2061 1968/1960/2061 943/2171/2061
f 934/3422/2062 1951/3423/2062 2883/1957/2062 1974/2170/2062
f 1951/3423/2063 931/3417/2063 1971/1958/2063 2883/1957/2063
f 1975/1966/2064 2884/1961/2064 1967/1964/2064 938/1967/2064
f 929/3424/2065 1950/3425/2065 2884/1961/2065 1975/1966/2065
f 1950/3425/2066 930/3426/2066 1976/1962/2066 2884/1961/2066
f 1977/1970/2067 2885/1965/2067 1966/1968/2067 937/1971/2067
f 928/3427/2068 1949/3428/2068 2885/1965/2068 1977/1970/2068
f 1949/3428/2069 929/3424/2069 1975/1966/2069 2885/1965/2069
f 1978/1978/2070 2886/1969/2070 1965/1972/2070 935/1979/2070
f 926/3429/2071 1948/3430/2071 2886/1969/2071 1978/1978/2071
f 1948/3430/2072 928/3427/2072 1977/1970/2072 2886/1969/2072
f 1973/1954/2073 2887/1973/2073 1964/1976/2073 941/1955/2073
f 932/3421/2074 1947/3431/2074 2887/1973/2074 1973/1954/2074
f 1947/3431/2075 927/3432/2075 1979/1974/2075 2887/1973/2075
f 1979/1974/2076 2888/1977/2076 1963/1980/2076 936/1975/2076
f 927/3432/2077 1946/3433/2077 2888/1977/2077 1979/1974/2077
f 1946/3433/2078 926/3429/2078 1978/1978/2078 2888/1977/2078
f 1988/1990/2079 2889/1981/2079 1987/1984/2079 949/1991/2079
f 940/1959/2080 1970/1952/2080 2889/1981/2080 1988/1990/2080
f 1970/1952/2081 942/1951/2081 1989/1982/2081 2889/1981/2081
f 1989/1982/2082 2890/1985/2082 1986/1988/2082 951/1983/2082
f 942/1951/2083 1969/1956/2083 2890/1985/2083 1989/1982/2083
f 1969/1956/2084 941/1955/2084 1990/1986/2084 2890/1985/2084
f 1991/2174/2085 2891/1989/2085 1985/1992/2085 952/2175/2085
f 943/2171/2086 1968/1960/2086 2891/1989/2086 1991/2174/2086
f 1968/1960/2087 940/1959/2087 1988/1990/2087 2891/1989/2087
f 1992/1998/2088 2892/1993/2088 1984/1996/2088 947/1999/2088
f 938/1967/2089 1967/1964/2089 2892/1993/2089 1992/1998/2089
f 1967/1964/2090 939/1963/2090 1993/1994/2090 2892/1993/2090
f 1994/2002/2091 2893/1997/2091 1983/2000/2091 946/2003/2091
f 937/1971/2092 1966/1968/2092 2893/1997/2092 1994/2002/2092
f 1966/1968/2093 938/1967/2093 1992/1998/2093 2893/1997/2093
f 1995/2010/2094 2894/2001/2094 1982/2004/2094 944/2011/2094
f 935/1979/2095 1965/1972/2095 2894/2001/2095 1995/2010/2095
f 1965/1972/2096 937/1971/2096 1994/2002/2096 2894/2001/2096
f 1990/1986/2097 2895/2005/2097 1981/2008/2097 950/1987/2097
f 941/1955/2098 1964/1976/2098 2895/2005/2098 1990/1986/2098
f 1964/1976/2099 936/1975/2099 1996/2006/2099 2895/2005/2099
f 1996/2006/2100 2896/2009/2100 1980/2012/2100 945/2007/2100
f 936/1975/2101 1963/1980/2101 2896/2009/2101 1996/2006/2101
f 1963/1980/2102 935/1979/2102 1995/2010/2102 2896/2009/2102
f 2005/2022/2103 2897/2013/2103 2004/2016/2103 958/2023/2103
f 949/1991/2104 1987/1984/2104 2897/2013/2104 2005/2022/2104
f 1987/1984/2105 951/1983/2105 2006/2014/2105 2897/2013/2105
f 2006/2014/2106 2898/2017/2106 2003/2020/2106 960/2015/2106
f 951/1983/2107 1986/1988/2107 2898/2017/2107 2006/2014/2107
f 1986/1988/2108 950/1987/2108 2007/2018/2108 2898/2017/2108
f 2008/2178/2109 2899/2021/2109 2002/2024/2109 961/2179/2109
f 952/2175/2110 1985/1992/2110 2899/2021/2110 2008/2178/2110
f 1985/1992/2111 949/1991/2111 2005/2022/2111 2899/2021/2111
f 2009/2030/2112 2900/2025/2112 2001/2028/2112 956/2031/2112
f 947/1999/2113 1984/1996/2113 2900/2025/2113 2009/2030/2113
f 1984/1996/2114 948/1995/2114 2010/2026/2114 2900/2025/2114
f 2011/2034/2115 2901/2029/2115 2000/2032/2115 955/2035/2115
f 946/2003/2116 1983/2000/2116 2901/2029/2116 2011/2034/2116
f 1983/2000/2117 947/1999/2117 2009/2030/2117 2901/2029/2117
f 2012/2042/2118 2902/2033/2118 1999/2036/2118 953/2043/2118
f 944/2011/2119 1982/2004/2119 2902/2033/2119 2012/2042/2119
f 1982/2004/2120 946/2003/2120 2011/2034/2120 2902/2033/2120
f 2007/2018/2121 2903/2037/2121 1998/2040/2121 959/2019/2121
f 950/1987/2122 1981/2008/2122 2903/2037/2122 2007/2018/2122
f 1981/2008/2123 945/2007/2123 2013/2038/2123 2903/2037/2123
f 2013/2038/2124 2904/2041/2124 1997/2044/2124 954/2039/2124
f 945/2007/2125 1980/2012/2125 2904/2041/2125 2013/2038/2125
f 1980/2012/2126 944/2011/2126 2012/2042/2126 2904/2041/2126
f 2022/2054/2127 2905/2045/2127 2021/2048/2127 967/2055/2127
f 958/2023/2128 2004/2016/2128 2905/2045/2128 2022/2054/2128
f 2004/2016/2129 960/2015/2129 2023/2046/2129 2905/2045/2129
f 2023/2046/2130 2906/2049/2130 2020/2052/2130 969/2047/2130
f 960/2015/2131 2003/2020/2131 2906/2049/2131 2023/2046/2131
f 2003/2020/2132 959/2019/2132 2024/2050/2132 2906/2049/2132
f 2025/2182/2133 2907/2053/2133 2019/2056/2133 970/2183/2133
f 961/2179/2134 2002/2024/2134 2907/2053/2134 2025/2182/2134
f 2002/2024/2135 958/2023/2135 2022/2054/2135 2907/2053/2135
f 2026/2062/2136 2908/2057/2136 2018/2060/2136 965/2063/2136
f 956/2031/2137 2001/2028/2137 2908/2057/2137 2026/2062/2137
f 2001/2028/2138 957/2027/2138 2027/2058/2138 2908/2057/2138
f 2028/2066/2139 2909/2061/2139 2017/2064/2139 964/2067/2139
f 955/2035/2140 2000/2032/2140 2909/2061/2140 2028/2066/2140
f 2000/2032/2141 956/2031/2141 2026/2062/2141 2909/2061/2141
f 2029/2074/2142 2910/2065/2142 2016/2068/2142 962/2075/2142
f 953/2043/2143 1999/2036/2143 2910/2065/2143 2029/2074/2143
f 1999/2036/2144 955/2035/2144 2028/2066/2144 2910/2065/2144
f 2024/2050/2145 2911/2069/2145 2015/2072/2145 968/2051/2145
f 959/2019/2146 1998/2040/2146 2911/2069/2146 2024/2050/2146
f 1998/2040/2147 954/2039/2147 2030/2070/2147 2911/2069/2147
f 2030/2070/2148 2912/2073/2148 2014/2076/2148 963/2071/2148
f 954/2039/2149 1997/2044/2149 2912/2073/2149 2030/2070/2149
f 1997/2044/2150 953/2043/2150 2029/2074/2150 2912/2073/2150
f 2032/2198/2151 2913/2077/2151 2031/2080/2151 971/2199/2151
f 965/2063/2152 2018/2060/2152 2913/2077/2152 2032/2198/2152
f 2018/2060/2153 966/2059/2153 2033/2078/2153 2913/2077/2153
f 2035/3434/2154 2914/2081/2154 2034/2084/2154 973/3435/2154
f 971/2199/2155 2031/2080/2155 2914/2081/2155 2035/3434/2155
f 2031/2080/2156 972/2079/2156 2036/2082/2156 2914/2081/2156
f 2474/3436/2157 2915/2085/2157 2037/2088/2157 975/3437/2157
f 1207/3438/2158 2513/3012/2158 2915/2085/2158 2474/3436/2158
f 2513/3012/2159 1208/3011/2159 2039/2086/2159 2915/2085/2159
f 2395/3439/2160 2916/2089/2160 2040/2092/2160 977/3440/2160
f 1167/3441/2161 2434/2859/2161 2916/2089/2161 2395/3439/2161
f 2434/2859/2162 1168/2858/2162 2042/2090/2162 2916/2089/2162
f 2049/2102/2163 2917/2093/2163 2048/2096/2163 982/2103/2163
f 967/2055/2164 2021/2048/2164 2917/2093/2164 2049/2102/2164
f 2021/2048/2165 969/2047/2165 2050/2094/2165 2917/2093/2165
f 2050/2094/2166 2918/2097/2166 2047/2100/2166 984/2095/2166
f 969/2047/2167 2020/2052/2167 2918/2097/2167 2050/2094/2167
f 2020/2052/2168 968/2051/2168 2051/2098/2168 2918/2097/2168
f 2052/2186/2169 2919/2101/2169 2046/2104/2169 985/2187/2169
f 970/2183/2170 2019/2056/2170 2919/2101/2170 2052/2186/2170
f 2019/2056/2171 967/2055/2171 2049/2102/2171 2919/2101/2171
f 2053/2114/2172 2920/2105/2172 2045/2108/2172 979/2115/2172
f 962/2075/2173 2016/2068/2173 2920/2105/2173 2053/2114/2173
f 2016/2068/2174 964/2067/2174 2054/2106/2174 2920/2105/2174
f 2051/2098/2175 2921/2109/2175 2044/2112/2175 983/2099/2175
f 968/2051/2176 2015/2072/2176 2921/2109/2176 2051/2098/2176
f 2015/2072/2177 963/2071/2177 2055/2110/2177 2921/2109/2177
f 2055/2110/2178 2922/2113/2178 2043/2116/2178 980/2111/2178
f 963/2071/2179 2014/2076/2179 2922/2113/2179 2055/2110/2179
f 2014/2076/2180 962/2075/2180 2053/2114/2180 2922/2113/2180
f 2062/2126/2181 2923/2117/2181 2061/2120/2181 989/2127/2181
f 982/2103/2182 2048/2096/2182 2923/2117/2182 2062/2126/2182
f 2048/2096/2183 984/2095/2183 2063/2118/2183 2923/2117/2183
f 2063/2118/2184 2924/2121/2184 2060/2124/2184 991/2119/2184
f 984/2095/2185 2047/2100/2185 2924/2121/2185 2063/2118/2185
f 2047/2100/2186 983/2099/2186 2064/2122/2186 2924/2121/2186
f 2065/2190/2187 2925/2125/2187 2059/2128/2187 992/2191/2187
f 985/2187/2188 2046/2104/2188 2925/2125/2188 2065/2190/2188
f 2046/2104/2189 982/2103/2189 2062/2126/2189 2925/2125/2189
f 2066/2138/2190 2926/2129/2190 2058/2132/2190 986/2139/2190
f 979/2115/2191 2045/2108/2191 2926/2129/2191 2066/2138/2191
f 2045/2108/2192 981/2107/2192 2067/2130/2192 2926/2129/2192
f 2064/2122/2193 2927/2133/2193 2057/2136/2193 990/2123/2193
f 983/2099/2194 2044/2112/2194 2927/2133/2194 2064/2122/2194
f 2044/2112/2195 980/2111/2195 2068/2134/2195 2927/2133/2195
f 2068/2134/2196 2928/2137/2196 2056/2140/2196 987/2135/2196
f 980/2111/2197 2043/2116/2197 2928/2137/2197 2068/2134/2197
f 2043/2116/2198 979/2115/2198 2066/2138/2198 2928/2137/2198
f 2476/2150/2199 2929/2141/2199 2074/2144/2199 996/2151/2199
f 1209/3023/2200 2514/3016/2200 2929/2141/2200 2476/2150/2200
f 2514/3016/2201 1210/3015/2201 2076/2142/2201 2929/2141/2201
f 2076/2142/2202 2930/2145/2202 2073/2148/2202 998/2143/2202
f 1210/3015/2203 2515/3020/2203 2930/2145/2203 2076/2142/2203
f 2515/3020/2204 1211/3019/2204 2077/2146/2204 2930/2145/2204
f 2479/2194/2205 2931/2149/2205 2072/2152/2205 999/2195/2205
f 1212/3038/2206 2516/3024/2206 2931/2149/2206 2479/2194/2206
f 2516/3024/2207 1209/3023/2207 2476/2150/2207 2931/2149/2207
f 2480/2162/2208 2932/2153/2208 2071/2156/2208 993/2163/2208
f 1213/3034/2209 2517/3027/2209 2932/2153/2209 2480/2162/2209
f 2517/3027/2210 1214/3026/2210 2080/2154/2210 2932/2153/2210
f 2077/2146/2211 2933/2157/2211 2070/2160/2211 997/2147/2211
f 1211/3019/2212 2518/3031/2212 2933/2157/2212 2077/2146/2212
f 2518/3031/2213 1215/3030/2213 2081/2158/2213 2933/2157/2213
f 2081/2158/2214 2934/2161/2214 2069/2164/2214 994/2159/2214
f 1215/3030/2215 2519/3035/2215 2934/2161/2215 2081/2158/2215
f 2519/3035/2216 1213/3034/2216 2480/2162/2216 2934/2161/2216
f 1806/3394/2217 2935/2165/2217 2082/2168/2217 843/3395/2217
f 551/3049/2218 1902/3048/2218 2935/2165/2218 1806/3394/2218
f 1902/3048/2219 905/3047/2219 1957/2166/2219 2935/2165/2219
f 1772/1572/2220 2936/2169/2220 2083/2172/2220 844/1567/2220
f 843/1571/2221 2082/3442/2221 2936/2169/2221 1772/1572/2221
f 2082/3442/2222 934/3422/2222 1974/2170/2222 2936/2169/2222
f 1773/1568/2223 2937/2173/2223 2084/2176/2223 842/1575/2223
f 844/1567/2224 2083/2172/2224 2937/2173/2224 1773/1568/2224
f 2083/2172/2225 943/2171/2225 1991/2174/2225 2937/2173/2225
f 1771/1576/2226 2938/2177/2226 2085/2180/2226 835/1599/2226
f 842/1575/2227 2084/2176/2227 2938/2177/2227 1771/1576/2227
f 2084/2176/2228 952/2175/2228 2008/2178/2228 2938/2177/2228
f 1765/1600/2229 2939/2181/2229 2086/2184/2229 836/1595/2229
f 835/1599/2230 2085/2180/2230 2939/2181/2230 1765/1600/2230
f 2085/2180/2231 961/2179/2231 2025/2182/2231 2939/2181/2231
f 1766/1596/2232 2940/2185/2232 2087/2188/2232 837/1591/2232
f 836/1595/2233 2086/2184/2233 2940/2185/2233 1766/1596/2233
f 2086/2184/2234 970/2183/2234 2052/2186/2234 2940/2185/2234
f 1767/1592/2235 2941/2189/2235 2088/2192/2235 838/1587/2235
f 837/1591/2236 2087/2188/2236 2941/2189/2236 1767/1592/2236
f 2087/2188/2237 985/2187/2237 2065/2190/2237 2941/2189/2237
f 2468/2988/2238 2942/2193/2238 2089/2196/2238 839/1583/2238
f 1201/2987/2239 2520/3039/2239 2942/2193/2239 2468/2988/2239
f 2520/3039/2240 1212/3038/2240 2479/2194/2240 2942/2193/2240
f 2054/2106/2241 2943/2197/2241 2090/2200/2241 981/2107/2241
f 964/2067/2242 2017/2064/2242 2943/2197/2242 2054/2106/2242
f 2017/2064/2243 965/2063/2243 2032/2198/2243 2943/2197/2243
f 2035/3434/2244 2944/2201/2244 2090/2200/2244 971/2199/2244
f 973/3435/2245 2091/2204/2245 2944/2201/2245 2035/3434/2245
f 2091/2204/2246 988/2131/2246 2067/2130/2246 2944/2201/2246
f 2038/3443/2247 2945/2202/2247 2091/2204/2247 973/3435/2247
f 1207/3438/2248 2521/3041/2248 2945/2202/2248 2038/3443/2248
f 2521/3041/2249 1214/3026/2249 2481/2203/2249 2945/2202/2249
f 2397/2214/2250 2946/2205/2250 2098/2208/2250 1003/2215/2250
f 1169/2870/2251 2435/2863/2251 2946/2205/2251 2397/2214/2251
f 2435/2863/2252 1170/2862/2252 2100/2206/2252 2946/2205/2252
f 2100/2206/2253 2947/2209/2253 2097/2212/2253 1005/2207/2253
f 1170/2862/2254 2436/2867/2254 2947/2209/2254 2100/2206/2254
f 2436/2867/2255 1171/2866/2255 2101/2210/2255 2947/2209/2255
f 2400/2230/2256 2948/2213/2256 2096/2216/2256 1006/2231/2256
f 1172/2885/2257 2437/2871/2257 2948/2213/2257 2400/2230/2257
f 2437/2871/2258 1169/2870/2258 2397/2214/2258 2948/2213/2258
f 2401/2226/2259 2949/2217/2259 2095/2220/2259 1000/2227/2259
f 1173/2881/2260 2438/2874/2260 2949/2217/2260 2401/2226/2260
f 2438/2874/2261 1174/2873/2261 2104/2218/2261 2949/2217/2261
f 2101/2210/2262 2950/2221/2262 2094/2224/2262 1004/2211/2262
f 1171/2866/2263 2439/2878/2263 2950/2221/2263 2101/2210/2263
f 2439/2878/2264 1175/2877/2264 2105/2222/2264 2950/2221/2264
f 2105/2222/2265 2951/2225/2265 2093/2228/2265 1001/2223/2265
f 1175/2877/2266 2440/2882/2266 2951/2225/2266 2105/2222/2266
f 2440/2882/2267 1173/2881/2267 2401/2226/2267 2951/2225/2267
f 2389/2835/2268 2952/2229/2268 2106/2232/2268 840/1579/2268
f 1161/2834/2269 2441/2886/2269 2952/2229/2269 2389/2835/2269
f 2441/2886/2270 1172/2885/2270 2400/2230/2270 2952/2229/2270
f 2041/3444/2271 2953/2233/2271 2092/2235/2271 975/3437/2271
f 1167/3441/2272 2442/2888/2272 2953/2233/2272 2041/3444/2272
f 2442/2888/2273 1174/2873/2273 2402/2234/2273 2953/2233/2273
f 2234/2253/2274 2954/2236/2274 2115/2239/2274 1011/2254/2274
f 1084/2555/2275 2273/2540/2275 2954/2236/2275 2234/2253/2275
f 2273/2540/2276 1085/2539/2276 2117/2237/2276 2954/2236/2276
f 2236/2249/2277 2955/2240/2277 2114/2243/2277 1012/2250/2277
f 1086/2551/2278 2274/2544/2278 2955/2240/2278 2236/2249/2278
f 2274/2544/2279 1087/2543/2279 2119/2241/2279 2955/2240/2279
f 2119/2241/2280 2956/2244/2280 2113/2247/2280 1014/2242/2280
f 1087/2543/2281 2275/2548/2281 2956/2244/2281 2119/2241/2281
f 2275/2548/2282 1088/2547/2282 2120/2245/2282 2956/2244/2282
f 2239/2269/2283 2957/2248/2283 2112/2251/2283 1015/2270/2283
f 1089/2571/2284 2276/2552/2284 2957/2248/2284 2239/2269/2284
f 2276/2552/2285 1086/2551/2285 2236/2249/2285 2957/2248/2285
f 2240/2261/2286 2958/2252/2286 2111/2255/2286 1009/2262/2286
f 1090/2563/2287 2277/2556/2287 2958/2252/2287 2240/2261/2287
f 2277/2556/2288 1084/2555/2288 2234/2253/2288 2958/2252/2288
f 2120/2245/2289 2959/2256/2289 2110/2259/2289 1013/2246/2289
f 1088/2547/2290 2278/2560/2290 2959/2256/2290 2120/2245/2290
f 2278/2560/2291 1091/2559/2291 2123/2257/2291 2959/2256/2291
f 2123/2257/2292 2960/2260/2292 2109/2263/2292 1010/2258/2292
f 1091/2559/2293 2279/2564/2293 2960/2260/2293 2123/2257/2293
f 2279/2564/2294 1090/2563/2294 2240/2261/2294 2960/2260/2294
f 2117/2237/2295 2961/2264/2295 2108/2267/2295 1007/2238/2295
f 1085/2539/2296 2280/2568/2296 2961/2264/2296 2117/2237/2296
f 2280/2568/2297 1092/2567/2297 2124/2265/2297 2961/2264/2297
f 2228/2516/2298 2962/2268/2298 2125/2271/2298 841/3445/2298
f 1078/2515/2299 2281/2572/2299 2962/2268/2299 2228/2516/2299
f 2281/2572/2300 1089/2571/2300 2239/2269/2300 2962/2268/2300
f 2288/2301/2301 2963/2272/2301 2157/2275/2301 1045/2302/2301
f 1099/2621/2302 2327/2594/2302 2963/2272/2302 2288/2301/2302
f 2327/2594/2303 1100/2593/2303 2160/2273/2303 2963/2272/2303
f 2290/2361/2304 2964/2276/2304 2147/2279/2304 1020/2362/2304
f 1101/2681/2305 2328/2598/2305 2964/2276/2305 2290/2361/2305
f 2328/2598/2306 1102/2597/2306 2162/2277/2306 2964/2276/2306
f 2292/2313/2307 2965/2280/2307 2138/2283/2307 1030/2314/2307
f 1103/2633/2308 2329/2602/2308 2965/2280/2308 2292/2313/2308
f 2329/2602/2309 1104/2601/2309 2164/2281/2309 2965/2280/2309
f 2294/2353/2310 2966/2284/2310 2155/2287/2310 1048/2354/2310
f 1105/2673/2311 2330/2606/2311 2966/2284/2311 2294/2353/2311
f 2330/2606/2312 1106/2605/2312 2166/2285/2312 2966/2284/2312
f 2296/2397/2313 2967/2288/2313 2149/2291/2313 1019/2398/2313
f 1107/2717/2314 2331/2610/2314 2967/2288/2314 2296/2397/2314
f 2331/2610/2315 1108/2609/2315 2168/2289/2315 2967/2288/2315
f 2298/2401/2316 2968/2292/2316 2126/2295/2316 1027/2402/2316
f 1109/2721/2317 2332/2614/2317 2968/2292/2317 2298/2401/2317
f 2332/2614/2318 1110/2613/2318 2170/2293/2318 2968/2292/2318
f 2300/2329/2319 2969/2296/2319 2131/2299/2319 1021/2330/2319
f 1111/2649/2320 2333/2618/2320 2969/2296/2320 2300/2329/2320
f 2333/2618/2321 1112/2617/2321 2172/2297/2321 2969/2296/2321
f 2302/2317/2322 2970/2300/2322 2153/2303/2322 1043/2318/2322
f 1113/2637/2323 2334/2622/2323 2970/2300/2323 2302/2317/2323
f 2334/2622/2324 1099/2621/2324 2288/2301/2324 2970/2300/2324
f 5033/3446/2325 2971/2304/2325 2143/2307/2325 4988/3447/2325
f 4991/3448/2326 2335/2626/2326 2971/2304/2326 5033/3446/2326
f 2335/2626/2327 1115/2625/2327 2175/2305/2327 2971/2304/2327
f 2172/2297/2328 2972/2308/2328 2137/2311/2328 1022/2298/2328
f 1112/2617/2329 2336/2630/2329 2972/2308/2329 2172/2297/2329
f 2336/2630/2330 1116/2629/2330 2176/2309/2330 2972/2308/2330
f 2306/2337/2331 2973/2312/2331 2139/2315/2331 1031/2338/2331
f 1117/2657/2332 2337/2634/2332 2973/2312/2332 2306/2337/2332
f 2337/2634/2333 1103/2633/2333 2292/2313/2333 2973/2312/2333
f 2307/2373/2334 2974/2316/2334 2151/2319/2334 1044/2374/2334
f 1118/2693/2335 2338/2638/2335 2974/2316/2335 2307/2373/2335
f 2338/2638/2336 1113/2637/2336 2302/2317/2336 2974/2316/2336
f 4895/3449/2337 2975/3450/2337 2142/3451/2337 4849/3452/2337
f 4850/3453/2338 2339/3454/2338 2975/3450/2338 4895/3449/2338
f 4939/2642/2339 1114/2641/2339 2303/2321/2339 4964/2320/2339
f 2309/3455/2340 2976/2324/2340 2135/2327/2340 1025/3456/2340
f 1120/3457/2341 2340/2646/2341 2976/2324/2341 2309/3455/2341
f 2340/2646/2342 1121/2645/2342 2181/2325/2342 2976/2324/2342
f 2162/3458/2343 2977/2328/2343 2130/2331/2343 1038/3459/2343
f 1102/3460/2344 2341/2650/2344 2977/2328/2344 2162/3458/2344
f 2341/2650/2345 1111/2649/2345 2300/2329/2345 2977/2328/2345
f 2176/2309/2346 2978/2332/2346 2132/2335/2346 1028/2310/2346
f 1116/2629/2347 2342/2654/2347 2978/2332/2347 2176/2309/2347
f 2342/2654/2348 1122/2653/2348 2182/2333/2348 2978/2332/2348
f 2312/3461/2349 2979/2336/2349 2140/2339/2349 1016/3462/2349
f 1123/3463/2350 2343/2658/2350 2979/2336/2350 2312/3461/2350
f 2343/2658/2351 1117/2657/2351 2306/2337/2351 2979/2336/2351
f 2170/2293/2352 2980/2340/2352 2146/2343/2352 1017/2294/2352
f 1110/2613/2353 2344/2662/2353 2980/2340/2353 2170/2293/2353
f 2344/2662/2354 1124/2661/2354 2184/2341/2354 2980/2340/2354
f 2314/2365/2355 2981/2344/2355 2134/2347/2355 1024/2366/2355
f 1125/2685/2356 2345/2666/2356 2981/2344/2356 2314/2365/2356
f 2345/2666/2357 1120/2665/2357 2309/2345/2357 2981/2344/2357
f 2315/2389/2358 2982/2348/2358 2158/2351/2358 1035/2390/2358
f 1126/2709/2359 2346/2670/2359 2982/2348/2359 2315/2389/2359
f 2346/2670/2360 1127/2669/2360 2187/2349/2360 2982/2348/2360
f 2317/2357/2361 2983/2352/2361 2156/2355/2361 1046/2358/2361
f 1128/2677/2362 2347/2674/2362 2983/2352/2362 2317/2357/2362
f 2347/2674/2363 1105/2673/2363 2294/2353/2363 2983/2352/2363
f 2187/2349/2364 2984/2356/2364 2154/2359/2364 1049/2350/2364
f 1127/2669/2365 2348/2678/2365 2984/2356/2365 2187/2349/2365
f 2348/2678/2366 1128/2677/2366 2317/2357/2366 2984/2356/2366
f 2168/2289/2367 2985/2360/2367 2129/2363/2367 1040/2290/2367
f 1108/2609/2368 2349/2682/2368 2985/2360/2368 2168/2289/2368
f 2349/2682/2369 1101/2681/2369 2290/2361/2369 2985/2360/2369
f 2182/2333/2370 2986/2364/2370 2133/2367/2370 1023/2334/2370
f 1122/2653/2371 2350/2686/2371 2986/2364/2371 2182/2333/2371
f 2350/2686/2372 1125/2685/2372 2314/2365/2372 2986/2364/2372
f 2181/2325/2373 2987/2368/2373 2141/2371/2373 1026/2326/2373
f 1121/2645/2374 2351/2690/2374 2987/2368/2374 2181/2325/2374
f 2351/2690/2375 1129/2689/2375 2189/2369/2375 2987/2368/2375
f 2166/2285/2376 2988/2372/2376 2152/2375/2376 1047/2286/2376
f 1106/2605/2377 2352/2694/2377 2988/2372/2377 2166/2285/2377
f 2352/2694/2378 1118/2693/2378 2307/2373/2378 2988/2372/2378
f 2319/2381/2379 2989/2376/2379 2148/2379/2379 1018/2382/2379
f 1130/2701/2380 2353/2698/2380 2989/2376/2380 2319/2381/2380
f 2353/2698/2381 1131/2697/2381 2191/2377/2381 2989/2376/2381
f 2184/3464/2382 2990/2380/2382 2127/2383/2382 1037/3465/2382
f 1124/3466/2383 2354/2702/2383 2990/2380/2383 2184/3464/2383
f 2354/2702/2384 1130/2701/2384 2319/2381/2384 2990/2380/2384
f 2160/2273/2385 2991/2384/2385 2150/2387/2385 1041/2274/2385
f 1100/2593/2386 2355/2706/2386 2991/2384/2386 2160/2273/2386
f 2355/2706/2387 1132/2705/2387 2192/2385/2387 2991/2384/2387
f 2175/2305/2388 2992/2388/2388 2144/2391/2388 1034/2306/2388
f 1115/2625/2389 2356/2710/2389 2992/2388/2389 2175/2305/2389
f 2356/2710/2390 1126/2709/2390 2315/2389/2390 2992/2388/2390
f 2189/2369/2391 2993/2392/2391 2145/2395/2391 1036/2370/2391
f 1129/2689/2392 2357/2714/2392 2993/2392/2392 2189/2369/2392
f 2357/2714/2393 1119/2713/2393 2308/2393/2393 2993/2392/2393
f 2191/2377/2394 2994/2396/2394 2128/2399/2394 1039/2378/2394
f 1131/2697/2395 2358/2718/2395 2994/2396/2395 2191/2377/2395
f 2358/2718/2396 1107/2717/2396 2296/2397/2396 2994/2396/2396
f 2164/2281/2397 2995/2400/2397 2136/2403/2397 1029/2282/2397
f 1104/2601/2398 2359/2722/2398 2995/2400/2398 2164/2281/2398
f 2359/2722/2399 1109/2721/2399 2298/2401/2399 2995/2400/2399
f 2285/3357/2400 2996/2404/2400 2193/2407/2400 604/3358/2400
f 1096/3356/2401 2360/2726/2401 2996/2404/2401 2285/3357/2401
f 2360/2726/2402 1123/2725/2402 2312/2405/2402 2996/2404/2402
f 2243/2413/2403 2997/3467/2403 2195/3468/2403 1050/2414/2403
f 1093/2579/2404 2282/3469/2404 2997/3467/2404 2243/2413/2404
f 5004/2576/2405 1094/2575/2405 2197/2409/2405 5034/2408/2405
f 2245/3470/2406 2998/2412/2406 2194/2415/2406 1051/3471/2406
f 1095/3472/2407 2283/2580/2407 2998/2412/2407 2245/3470/2407
f 2283/2580/2408 1093/2579/2408 2243/2413/2408 2998/2412/2408
f 2322/2421/2409 2999/3473/2409 2200/3474/2409 1053/2422/2409
f 1133/2732/2410 2361/3475/2410 2999/3473/2410 2322/2421/2410
f 5005/2729/2411 1134/2728/2411 2202/2417/2411 5035/2416/2411
f 2324/3476/2412 3000/2420/2412 2199/2423/2412 1054/3477/2412
f 1135/3478/2413 2362/2733/2413 3000/2420/2413 2324/3476/2413
f 2362/2733/2414 1133/2732/2414 2322/2421/2414 3000/2420/2414
f 4965/3479/2415 3001/3480/2415 2204/3481/2415 4918/2428/2415
f 4921/3482/2416 2284/3483/2416 3001/3480/2416 4965/3479/2416
f 4867/2582/2417 1057/2431/2417 1310/711/2417 4896/2424/2417
f 4897/3484/2418 3002/3485/2418 2204/3481/2418 4864/2425/2418
f 4851/3486/2419 2363/3487/2419 3002/3485/2419 4897/3484/2419
f 4940/2735/2420 1134/2728/2420 2323/2427/2420 4966/2426/2420
f 1720/1484/2421 3003/2429/2421 2207/2432/2421 589/3346/2421
f 812/1483/2422 1743/2508/2422 3003/2429/2422 1720/1484/2422
f 1743/2508/2423 1076/2507/2423 2246/2430/2423 3003/2429/2423
f 1309/3488/2424 3004/2433/2424 2247/2436/2424 1056/3148/2424
f 600/672/2425 1323/723/2425 3004/2433/2425 1309/3488/2425
f 1323/723/2426 613/722/2426 1322/2434/2426 3004/2433/2426
f 2219/2478/2427 3005/2437/2427 2248/2440/2427 1069/2479/2427
f 722/1140/2428 1539/763/2428 3005/2437/2428 2219/2478/2428
f 1539/763/2429 623/762/2429 1341/2438/2429 3005/2437/2429
f 2230/3489/2430 3006/2441/2430 2249/2444/2430 1080/3156/2430
f 855/3158/2431 1807/803/2431 3006/2441/2431 2230/3489/2431
f 1807/803/2432 633/802/2432 1360/2442/2432 3006/2441/2432
f 2232/2530/2433 3007/2445/2433 2250/2448/2433 1082/2531/2433
f 882/1760/2434 1856/843/2434 3007/2445/2434 2232/2530/2434
f 1856/843/2435 642/842/2435 1378/2446/2435 3007/2445/2435
f 2233/2534/2436 3008/2449/2436 2251/2452/2436 1083/2535/2436
f 906/1846/2437 1903/875/2437 3008/2449/2437 2233/2534/2437
f 1903/875/2438 651/874/2438 1395/2450/2438 3008/2449/2438
f 2231/3490/2439 3009/2453/2439 2252/2456/2439 1081/3188/2439
f 865/3190/2440 1817/907/2440 3009/2453/2440 2231/3490/2440
f 1817/907/2441 660/906/2441 1412/2454/2441 3009/2453/2441
f 1412/2454/2442 3010/2457/2442 2253/2460/2442 1063/2455/2442
f 660/906/2443 1430/939/2443 3010/2457/2443 1412/2454/2443
f 1430/939/2444 668/938/2444 1429/2458/2444 3010/2457/2444
f 2220/2482/2445 3011/2461/2445 2254/2464/2445 1070/2483/2445
f 736/1197/2446 1571/967/2446 3011/2461/2446 2220/2482/2446
f 1571/967/2447 676/966/2447 1445/2462/2447 3011/2461/2447
f 1445/2462/2448 3012/2465/2448 2255/2468/2448 1065/2463/2448
f 676/966/2449 1462/995/2449 3012/2465/2449 1445/2462/2449
f 1462/995/2450 685/994/2450 1461/2466/2450 3012/2465/2450
f 1461/2466/2451 3013/2469/2451 2256/2472/2451 1066/2467/2451
f 685/994/2452 1477/1027/2452 3013/2469/2452 1461/2466/2452
f 1477/1027/2453 694/1026/2453 1476/2470/2453 3013/2469/2453
f 1476/3491/2454 3014/2473/2454 2257/2476/2454 1067/3219/2454
f 694/3221/2455 1492/1059/2455 3014/2473/2455 1476/3491/2455
f 1492/1059/2456 702/1058/2456 1491/2474/2456 3014/2473/2456
f 2221/2486/2457 3015/2477/2457 2258/2480/2457 1071/2487/2457
f 745/1241/2458 1588/1141/2458 3015/2477/2458 2221/2486/2458
f 1588/1141/2459 722/1140/2459 2219/2478/2459 3015/2477/2459
f 1429/2458/2460 3016/2481/2460 2259/2484/2460 1064/2459/2460
f 668/938/2461 1446/1198/2461 3016/2481/2461 1429/2458/2461
f 1446/1198/2462 736/1197/2462 2220/2482/2462 3016/2481/2462
f 2222/2490/2463 3017/2485/2463 2260/2488/2463 1072/2491/2463
f 760/1297/2464 1617/1242/2464 3017/2485/2464 2222/2490/2464
f 1617/1242/2465 745/1241/2465 2221/2486/2465 3017/2485/2465
f 2223/2494/2466 3018/2489/2466 2261/2492/2466 1073/2495/2466
f 774/1353/2467 1646/1298/2467 3018/2489/2467 2223/2494/2467
f 1646/1298/2468 760/1297/2468 2222/2490/2468 3018/2489/2468
f 1322/3492/2469 3019/2493/2469 2262/2496/2469 1058/3273/2469
f 613/3277/2470 1342/1354/2470 3019/2493/2470 1322/3492/2470
f 1342/1354/2471 774/1353/2471 2223/2494/2471 3019/2493/2471
f 1787/3493/2472 3020/2497/2472 2224/2500/2472 797/3494/2472
f 849/3495/2473 1796/2520/2473 3020/2497/2473 1787/3493/2473
f 1796/2520/2474 1079/2519/2474 2263/2498/2474 3020/2497/2474
f 4936/3496/2475 4967/2501/2475 2225/2504/2475 807/3497/2475
f 4847/3498/2476 4898/3499/2476 3021/3500/2476 1713/3501/2476
f 4898/3499/2477 4866/3317/2477 2264/3320/2477 3021/3500/2477
f 1299/673/2478 3022/2505/2478 1743/2508/2478 812/1483/2478
f 600/672/2479 1309/3488/2479 3022/2505/2479 1299/673/2479
f 1309/3488/2480 1056/3148/2480 2265/2506/2480 3022/2505/2480
f 1759/3502/2481 3023/2509/2481 2227/2512/2481 831/3503/2481
f 4986/3504/2482 5036/3505/2482 3023/2509/2482 1759/3502/2482
f 5036/3505/2483 5003/3367/2483 2266/2510/2483 3023/2509/2483
f 1778/3506/2484 3024/2513/2484 2228/2516/2484 841/3445/2484
f 831/3503/2485 2227/2512/2485 3024/2513/2485 1778/3506/2485
f 2227/2512/2486 1077/2511/2486 2267/2514/2486 3024/2513/2486
f 1694/3507/2487 3025/2517/2487 1796/2520/2487 849/3495/2487
f 703/1054/2488 2218/1053/2488 3025/2517/2488 1694/3507/2488
f 2218/1053/2489 1068/2475/2489 2268/2518/2489 3025/2517/2489
f 1341/2438/2490 3026/2521/2490 2269/2524/2490 1059/2439/2490
f 623/762/2491 1361/1661/2491 3026/2521/2491 1341/2438/2491
f 1361/1661/2492 855/1660/2492 2230/2522/2492 3026/2521/2492
f 1395/2450/2493 3027/2525/2493 2270/2528/2493 1062/2451/2493
f 651/874/2494 1413/1701/2494 3027/2525/2494 1395/2450/2494
f 1413/1701/2495 865/1700/2495 2231/2526/2495 3027/2525/2495
f 1360/2442/2496 3028/2529/2496 2271/2532/2496 1060/2443/2496
f 633/802/2497 1379/1761/2497 3028/2529/2497 1360/2442/2497
f 1379/1761/2498 882/1760/2498 2232/2530/2498 3028/2529/2498
f 1378/2446/2499 3029/2533/2499 2272/2536/2499 1061/2447/2499
f 642/842/2500 1396/1847/2500 3029/2533/2500 1378/2446/2500
f 1396/1847/2501 906/1846/2501 2233/2534/2501 3029/2533/2501
f 2116/2554/2502 3030/2537/2502 2273/2540/2502 1084/2555/2502
f 1002/2219/2503 2107/3508/2503 3030/2537/2503 2116/2554/2503
f 2107/3508/2504 977/3440/2504 2235/2538/2504 3030/2537/2504
f 2118/2550/2505 3031/2541/2505 2274/2544/2505 1086/2551/2505
f 1003/2215/2506 2098/2208/2506 3031/2541/2506 2118/2550/2506
f 2098/2208/2507 1005/2207/2507 2237/2542/2507 3031/2541/2507
f 2237/2542/2508 3032/2545/2508 2275/2548/2508 1087/2543/2508
f 1005/2207/2509 2097/2212/2509 3032/2545/2509 2237/2542/2509
f 2097/2212/2510 1004/2211/2510 2238/2546/2510 3032/2545/2510
f 2121/2570/2511 3033/2549/2511 2276/2552/2511 1089/2571/2511
f 1006/2231/2512 2096/2216/2512 3033/2549/2512 2121/2570/2512
f 2096/2216/2513 1003/2215/2513 2118/2550/2513 3033/2549/2513
f 2122/2562/2514 3034/2553/2514 2277/2556/2514 1090/2563/2514
f 1000/2227/2515 2095/2220/2515 3034/2553/2515 2122/2562/2515
f 2095/2220/2516 1002/2219/2516 2116/2554/2516 3034/2553/2516
f 2238/2546/2517 3035/2557/2517 2278/2560/2517 1088/2547/2517
f 1004/2211/2518 2094/2224/2518 3035/2557/2518 2238/2546/2518
f 2094/2224/2519 1001/2223/2519 2241/2558/2519 3035/2557/2519
f 2241/2558/2520 3036/2561/2520 2279/2564/2520 1091/2559/2520
f 1001/2223/2521 2093/2228/2521 3036/2561/2521 2241/2558/2521
f 2093/2228/2522 1000/2227/2522 2122/2562/2522 3036/2561/2522
f 2235/2538/2523 3037/2565/2523 2280/2568/2523 1085/2539/2523
f 977/3440/2524 2040/2092/2524 3037/2565/2524 2235/2538/2524
f 2040/2092/2525 978/2091/2525 2242/2566/2525 3037/2565/2525
f 1770/1580/2526 3038/2569/2526 2281/2572/2526 1078/2515/2526
f 840/1579/2527 2106/2232/2527 3038/2569/2527 1770/1580/2527
f 2106/2232/2528 1006/2231/2528 2121/2570/2528 3038/2569/2528
f 2196/2578/2529 3039/3509/2529 2282/3469/2529 1093/2579/2529
f 586/664/2530 1283/663/2530 3039/3509/2530 2196/2578/2530
f 4982/3139/2531 588/660/2531 2244/2574/2531 5037/2573/2531
f 2198/3510/2532 3040/2577/2532 2283/2580/2532 1095/3472/2532
f 587/668/2533 1282/667/2533 3040/2577/2533 2198/3510/2533
f 1282/667/2534 586/664/2534 2196/2578/2534 3040/2577/2534
f 4968/3511/2535 3041/3512/2535 2284/3483/2535 4921/3482/2535
f 4932/659/2536 1284/3136/2536 3041/3512/2536 4968/3511/2536
f 4843/3135/2537 589/3346/2537 2207/2432/2537 4899/2581/2537
f 1729/709/2538 3042/2583/2538 2286/2586/2538 601/710/2538
f 821/1519/2539 1744/2590/2539 3042/2583/2539 1729/709/2539
f 1744/2590/2540 1098/2589/2540 2325/2584/2540 3042/2583/2540
f 1308/1518/2541 3043/2587/2541 1744/2590/2541 821/1519/2541
f 602/3147/2542 1312/3513/2542 3043/2587/2542 1308/1518/2542
f 1312/3513/2543 1096/3356/2543 2326/2588/2543 3043/2587/2543
f 2159/2620/2544 3044/2591/2544 2327/2594/2544 1099/2621/2544
f 1011/2254/2545 2115/2239/2545 3044/2591/2545 2159/2620/2545
f 2115/2239/2546 1007/2238/2546 2289/2592/2546 3044/2591/2546
f 2161/2680/2547 3045/2595/2547 2328/2598/2547 1101/2681/2547
f 652/870/2548 1818/1697/2548 3045/2595/2548 2161/2680/2548
f 1818/1697/2549 866/1696/2549 2291/2596/2549 3045/2595/2549
f 2163/2632/2550 3046/2599/2550 2329/2602/2550 1103/2633/2550
f 770/1289/2551 1598/1234/2551 3046/2599/2551 2163/2632/2551
f 1598/1234/2552 755/1233/2552 2293/2600/2552 3046/2599/2552
f 2165/2672/2553 3047/2603/2553 2330/2606/2553 1105/2673/2553
f 1014/2242/2554 2113/2247/2554 3047/2603/2554 2165/2672/2554
f 2113/2247/2555 1013/2246/2555 2295/2604/2555 3047/2603/2555
f 2167/2716/2556 3048/2607/2556 2331/2610/2556 1107/2717/2556
f 643/838/2557 1904/1843/2557 3048/2607/2557 2167/2716/2557
f 1904/1843/2558 907/1842/2558 2297/2608/2558 3048/2607/2558
f 2169/2720/2559 3049/2611/2559 2332/2614/2559 1109/2721/2559
f 723/1132/2560 1343/759/2560 3049/2611/2560 2169/2720/2560
f 1343/759/2561 624/758/2561 2299/2612/2561 3049/2611/2561
f 2171/2648/2562 3050/2615/2562 2333/2618/2562 1111/2649/2562
f 661/902/2563 1431/935/2563 3050/2615/2563 2171/2648/2563
f 1431/935/2564 669/934/2564 2301/2616/2564 3050/2615/2564
f 2173/2636/2565 3051/2619/2565 2334/2622/2565 1113/2637/2565
f 1009/2262/2566 2111/2255/2566 3051/2619/2566 2173/2636/2566
f 2111/2255/2567 1011/2254/2567 2159/2620/2567 3051/2619/2567
f 5038/3514/2568 3052/2623/2568 2335/2626/2568 4991/3448/2568
f 4986/3504/2569 1759/3502/2569 3052/2623/2569 5038/3514/2569
f 1759/3502/2570 831/3503/2570 2304/2624/2570 3052/2623/2570
f 2301/2616/2571 3053/2627/2571 2336/2630/2571 1112/2617/2571
f 669/934/2572 1572/1194/2572 3053/2627/2572 2301/2616/2572
f 1572/1194/2573 737/1193/2573 2305/2628/2573 3053/2627/2573
f 2177/2656/2574 3054/2631/2574 2337/2634/2574 1117/2657/2574
f 784/1345/2575 1627/1290/2575 3054/2631/2575 2177/2656/2575
f 1627/1290/2576 770/1289/2576 2163/2632/2576 3054/2631/2576
f 2178/2692/2577 3055/2635/2577 2338/2638/2577 1118/2693/2577
f 1010/2258/2578 2109/2263/2578 3055/2635/2578 2178/2692/2578
f 2109/2263/2579 1009/2262/2579 2173/2636/2579 3055/2635/2579
f 4900/3515/2580 3056/3516/2580 2339/3454/2580 4850/3453/2580
f 4847/3498/2581 1713/3501/2581 3056/3516/2581 4900/3515/2581
f 4936/3496/2582 807/3497/2582 2174/2640/2582 4969/2639/2582
f 2180/3517/2583 3057/2643/2583 2340/2646/2583 1120/3457/2583
f 695/3218/2584 1493/1055/2584 3057/2643/2584 2180/3517/2584
f 1493/1055/2585 703/1054/2585 2310/2644/2585 3057/2643/2585
f 2291/3518/2586 3058/2647/2586 2341/2650/2586 1102/3460/2586
f 866/3187/2587 1414/903/2587 3058/2647/2587 2291/3518/2587
f 1414/903/2588 661/902/2588 2171/2648/2588 3058/2647/2588
f 2305/2628/2589 3059/2651/2589 2342/2654/2589 1116/2629/2589
f 737/1193/2590 1447/963/2590 3059/2651/2590 2305/2628/2590
f 1447/963/2591 677/962/2591 2311/2652/2591 3059/2651/2591
f 2183/3519/2592 3060/2655/2592 2343/2658/2592 1123/3463/2592
f 614/3272/2593 1656/1346/2593 3060/2655/2593 2183/3519/2593
f 1656/1346/2594 784/1345/2594 2177/2656/2594 3060/2655/2594
f 2299/2612/2595 3061/2659/2595 2344/2662/2595 1110/2613/2595
f 624/758/2596 1808/1657/2596 3061/2659/2596 2299/2612/2596
f 1808/1657/2597 856/1656/2597 2313/2660/2597 3061/2659/2597
f 2185/2684/2598 3062/2663/2598 2345/2666/2598 1125/2685/2598
f 686/990/2599 1478/1023/2599 3062/2663/2599 2185/2684/2599
f 1478/1023/2600 695/1022/2600 2180/2664/2600 3062/2663/2600
f 2186/2708/2601 3063/2667/2601 2346/2670/2601 1126/2709/2601
f 841/3445/2602 2125/2271/2602 3063/2667/2602 2186/2708/2602
f 2125/2271/2603 1015/2270/2603 2316/2668/2603 3063/2667/2603
f 2188/2676/2604 3064/2671/2604 2347/2674/2604 1128/2677/2604
f 1012/2250/2605 2114/2243/2605 3064/2671/2605 2188/2676/2605
f 2114/2243/2606 1014/2242/2606 2165/2672/2606 3064/2671/2606
f 2316/2668/2607 3065/2675/2607 2348/2678/2607 1127/2669/2607
f 1015/2270/2608 2112/2251/2608 3065/2675/2608 2316/2668/2608
f 2112/2251/2609 1012/2250/2609 2188/2676/2609 3065/2675/2609
f 2297/2608/2610 3066/2679/2610 2349/2682/2610 1108/2609/2610
f 907/1842/2611 1397/871/2611 3066/2679/2611 2297/2608/2611
f 1397/871/2612 652/870/2612 2161/2680/2612 3066/2679/2612
f 2311/2652/2613 3067/2683/2613 2350/2686/2613 1122/2653/2613
f 677/962/2614 1463/991/2614 3067/2683/2614 2311/2652/2614
f 1463/991/2615 686/990/2615 2185/2684/2615 3067/2683/2615
f 2310/2644/2616 3068/2687/2616 2351/2690/2616 1121/2645/2616
f 703/1054/2617 1694/3507/2617 3068/2687/2617 2310/2644/2617
f 1694/3507/2618 849/3495/2618 2318/2688/2618 3068/2687/2618
f 2295/2604/2619 3069/2691/2619 2352/2694/2619 1106/2605/2619
f 1013/2246/2620 2110/2259/2620 3069/2691/2620 2295/2604/2620
f 2110/2259/2621 1010/2258/2621 2178/2692/2621 3069/2691/2621
f 2190/2700/2622 3070/2695/2622 2353/2698/2622 1130/2701/2622
f 634/798/2623 1857/1757/2623 3070/2695/2623 2190/2700/2623
f 1857/1757/2624 883/1756/2624 2320/2696/2624 3070/2695/2624
f 2313/3520/2625 3071/2699/2625 2354/2702/2625 1124/3466/2625
f 856/3155/2626 1362/799/2626 3071/2699/2626 2313/3520/2626
f 1362/799/2627 634/798/2627 2190/2700/2627 3071/2699/2627
f 2289/2592/2628 3072/2703/2628 2355/2706/2628 1100/2593/2628
f 1007/2238/2629 2108/2267/2629 3072/2703/2629 2289/2592/2629
f 2108/2267/2630 1008/2266/2630 2321/2704/2630 3072/2703/2630
f 2304/2624/2631 3073/2707/2631 2356/2710/2631 1115/2625/2631
f 831/3503/2632 1778/3506/2632 3073/2707/2632 2304/2624/2632
f 1778/3506/2633 841/3445/2633 2186/2708/2633 3073/2707/2633
f 2318/2688/2634 3074/2711/2634 2357/2714/2634 1129/2689/2634
f 849/3495/2635 1787/3493/2635 3074/2711/2635 2318/2688/2635
f 1787/3493/2636 797/3494/2636 2179/2712/2636 3074/2711/2636
f 2320/2696/2637 3075/2715/2637 2358/2718/2637 1131/2697/2637
f 883/1756/2638 1380/839/2638 3075/2715/2638 2320/2696/2638
f 1380/839/2639 643/838/2639 2167/2716/2639 3075/2715/2639
f 2293/2600/2640 3076/2719/2640 2359/2722/2640 1104/2601/2640
f 755/1233/2641 1545/1133/2641 3076/2719/2641 2293/2600/2641
f 1545/1133/2642 723/1132/2642 2169/2720/2642 3076/2719/2642
f 1312/3513/2643 3077/2723/2643 2360/2726/2643 1096/3356/2643
f 602/3147/2644 1324/719/2644 3077/2723/2644 1312/3513/2644
f 1324/719/2645 614/718/2645 2183/2724/2645 3077/2723/2645
f 2201/2731/2646 3078/3521/2646 2361/3475/2646 1133/2732/2646
f 1050/2414/2647 2195/3468/2647 3078/3521/2647 2201/2731/2647
f 4989/2411/2648 1052/2410/2648 2323/2427/2648 5039/2727/2648
f 2203/3522/2649 3079/2730/2649 2362/2733/2649 1135/3478/2649
f 1051/3471/2650 2194/2415/2650 3079/2730/2650 2203/3522/2650
f 2194/2415/2651 1050/2414/2651 2201/2731/2651 3079/2730/2651
f 4901/3523/2652 3080/3524/2652 2363/3487/2652 4851/3486/2652
f 4865/3525/2653 2205/3526/2653 3080/3524/2653 4901/3523/2653
f 4919/3527/2654 1055/2418/2654 2202/2417/2654 4970/2734/2654
f 4931/647/2655 4971/2736/2655 2365/2739/2655 584/648/2655
f 4842/3126/2656 4902/3528/2656 3081/3529/2656 1277/3127/2656
f 4902/3528/2657 4868/3131/2657 2404/3134/2657 3081/3529/2657
f 1276/651/2658 3082/2740/2658 2366/2743/2658 582/652/2658
f 4981/3130/2659 5040/3530/2659 3082/2740/2659 1276/651/2659
f 5040/3530/2660 5006/3137/2660 2405/2741/2660 3082/2740/2660
f 1275/655/2661 3083/2744/2661 2367/2747/2661 583/656/2661
f 582/652/2662 2366/2743/2662 3083/2744/2662 1275/655/2662
f 2366/2743/2663 1138/2742/2663 2406/2745/2663 3083/2744/2663
f 2387/2825/2664 3084/2748/2664 2407/2751/2664 1159/2826/2664
f 811/1487/2665 1719/677/2665 3084/2748/2665 2387/2825/2665
f 1719/677/2666 599/676/2666 1297/2749/2666 3084/2748/2666
f 1297/2749/2667 3085/2752/2667 2408/2755/2667 1140/2750/2667
f 599/676/2668 1325/727/2668 3085/2752/2668 1297/2749/2668
f 1325/727/2669 612/726/2669 1321/2753/2669 3085/2752/2669
f 2380/2797/2670 3086/2756/2670 2409/2759/2670 1152/2798/2670
f 724/1148/2671 1544/767/2671 3086/2756/2671 2380/2797/2671
f 1544/767/2672 622/766/2672 1340/2757/2672 3086/2756/2672
f 2391/3531/2673 3087/2760/2673 2410/2763/2673 1163/3159/2673
f 857/3161/2674 1809/807/2674 3087/2760/2674 2391/3531/2674
f 1809/807/2675 632/806/2675 1359/2761/2675 3087/2760/2675
f 2393/2849/2676 3088/2764/2676 2411/2767/2676 1165/2850/2676
f 884/1764/2677 1858/847/2677 3088/2764/2677 2393/2849/2677
f 1858/847/2678 641/846/2678 1377/2765/2678 3088/2764/2678
f 2394/2853/2679 3089/2768/2679 2412/2771/2679 1166/2854/2679
f 908/1850/2680 1905/879/2680 3089/2768/2680 2394/2853/2680
f 1905/879/2681 650/878/2681 1394/2769/2681 3089/2768/2681
f 2392/3532/2682 3090/2772/2682 2413/2775/2682 1164/3191/2682
f 867/3193/2683 1819/911/2683 3090/2772/2683 2392/3532/2683
f 1819/911/2684 659/910/2684 1411/2773/2684 3090/2772/2684
f 1411/2773/2685 3091/2776/2685 2414/2779/2685 1146/2774/2685
f 659/910/2686 1432/943/2686 3091/2776/2686 1411/2773/2686
f 1432/943/2687 667/942/2687 1428/2777/2687 3091/2776/2687
f 2381/2801/2688 3092/2780/2688 2415/2783/2688 1153/2802/2688
f 738/1201/2689 1573/971/2689 3092/2780/2689 2381/2801/2689
f 1573/971/2690 675/970/2690 1444/2781/2690 3092/2780/2690
f 1444/2781/2691 3093/2784/2691 2416/2787/2691 1148/2782/2691
f 675/970/2692 1464/999/2692 3093/2784/2692 1444/2781/2692
f 1464/999/2693 684/998/2693 1460/2785/2693 3093/2784/2693
f 1460/2785/2694 3094/2788/2694 2417/2791/2694 1149/2786/2694
f 684/998/2695 1479/1031/2695 3094/2788/2695 1460/2785/2695
f 1479/1031/2696 693/1030/2696 1475/2789/2696 3094/2788/2696
f 1475/3533/2697 3095/2792/2697 2418/2795/2697 1150/3222/2697
f 693/3224/2698 1494/1063/2698 3095/2792/2698 1475/3533/2698
f 1494/1063/2699 701/1062/2699 1490/2793/2699 3095/2792/2699
f 2382/2805/2700 3096/2796/2700 2419/2799/2700 1154/2806/2700
f 746/1245/2701 1589/1149/2701 3096/2796/2701 2382/2805/2701
f 1589/1149/2702 724/1148/2702 2380/2797/2702 3096/2796/2702
f 1428/2777/2703 3097/2800/2703 2420/2803/2703 1147/2778/2703
f 667/942/2704 1448/1202/2704 3097/2800/2704 1428/2777/2704
f 1448/1202/2705 738/1201/2705 2381/2801/2705 3097/2800/2705
f 2383/2809/2706 3098/2804/2706 2421/2807/2706 1155/2810/2706
f 761/1301/2707 1618/1246/2707 3098/2804/2707 2383/2809/2707
f 1618/1246/2708 746/1245/2708 2382/2805/2708 3098/2804/2708
f 2384/2813/2709 3099/2808/2709 2422/2811/2709 1156/2814/2709
f 775/1357/2710 1647/1302/2710 3099/2808/2710 2384/2813/2710
f 1647/1302/2711 761/1301/2711 2383/2809/2711 3099/2808/2711
f 1321/3534/2712 3100/2812/2712 2423/2815/2712 1141/3278/2712
f 612/3280/2713 1344/1358/2713 3100/2812/2713 1321/3534/2713
f 1344/1358/2714 775/1357/2714 2384/2813/2714 3100/2812/2714
f 1695/1418/2715 3101/2816/2715 2385/2819/2715 796/1419/2715
f 850/1615/2716 1797/2839/2716 3101/2816/2716 1695/1418/2716
f 1797/2839/2717 1162/2838/2717 2424/2817/2717 3101/2816/2717
f 4912/1454/2718 4972/2820/2718 2386/2823/2718 806/1455/2718
f 4858/3321/2719 4903/3535/2719 3102/3536/2719 1714/3322/2719
f 4903/3535/2720 4869/3323/2720 2425/3326/2720 3102/3536/2720
f 1285/3537/2721 3103/2824/2721 2426/2827/2721 1136/3347/2721
f 585/3349/2722 1298/1488/2722 3103/2824/2722 1285/3537/2722
f 1298/1488/2723 811/1487/2723 2387/2825/2723 3103/2824/2723
f 1760/1542/2724 3104/2828/2724 2388/2831/2724 830/1543/2724
f 4997/3369/2725 5041/3538/2725 3104/2828/2725 1760/1542/2725
f 5041/3538/2726 5007/3370/2726 2427/2829/2726 3104/2828/2726
f 1779/1578/2727 3105/2832/2727 2389/2835/2727 840/1579/2727
f 830/1543/2728 2388/2831/2728 3105/2832/2728 1779/1578/2728
f 2388/2831/2729 1160/2830/2729 2428/2833/2729 3105/2832/2729
f 1788/1614/2730 3106/2836/2730 1797/2839/2730 850/1615/2730
f 702/1058/2731 2379/1057/2731 3106/2836/2731 1788/1614/2731
f 2379/1057/2732 1151/2794/2732 2429/2837/2732 3106/2836/2732
f 1340/2757/2733 3107/2840/2733 2430/2843/2733 1142/2758/2733
f 622/766/2734 1363/1665/2734 3107/2840/2734 1340/2757/2734
f 1363/1665/2735 857/1664/2735 2391/2841/2735 3107/2840/2735
f 1394/2769/2736 3108/2844/2736 2431/2847/2736 1145/2770/2736
f 650/878/2737 1415/1705/2737 3108/2844/2737 1394/2769/2737
f 1415/1705/2738 867/1704/2738 2392/2845/2738 3108/2844/2738
f 1359/2761/2739 3109/2848/2739 2432/2851/2739 1143/2762/2739
f 632/806/2740 1381/1765/2740 3109/2848/2740 1359/2761/2740
f 1381/1765/2741 884/1764/2741 2393/2849/2741 3109/2848/2741
f 1377/2765/2742 3110/2852/2742 2433/2855/2742 1144/2766/2742
f 641/846/2743 1398/1851/2743 3110/2852/2743 1377/2765/2743
f 1398/1851/2744 908/1850/2744 2394/2853/2744 3110/2852/2744
f 2041/3444/2745 3111/2856/2745 2434/2859/2745 1167/3441/2745
f 975/3437/2746 2037/2088/2746 3111/2856/2746 2041/3444/2746
f 2037/2088/2747 976/2087/2747 2396/2857/2747 3111/2856/2747
f 2099/2869/2748 3112/2860/2748 2435/2863/2748 1169/2870/2748
f 996/2151/2749 2074/2144/2749 3112/2860/2749 2099/2869/2749
f 2074/2144/2750 998/2143/2750 2398/2861/2750 3112/2860/2750
f 2398/2861/2751 3113/2864/2751 2436/2867/2751 1170/2862/2751
f 998/2143/2752 2073/2148/2752 3113/2864/2752 2398/2861/2752
f 2073/2148/2753 997/2147/2753 2399/2865/2753 3113/2864/2753
f 2102/2884/2754 3114/2868/2754 2437/2871/2754 1172/2885/2754
f 999/2195/2755 2072/2152/2755 3114/2868/2755 2102/2884/2755
f 2072/2152/2756 996/2151/2756 2099/2869/2756 3114/2868/2756
f 2103/2880/2757 3115/2872/2757 2438/2874/2757 1173/2881/2757
f 993/2163/2758 2071/2156/2758 3115/2872/2758 2103/2880/2758
f 2071/2156/2759 995/2155/2759 2402/2234/2759 3115/2872/2759
f 2399/2865/2760 3116/2875/2760 2439/2878/2760 1171/2866/2760
f 997/2147/2761 2070/2160/2761 3116/2875/2761 2399/2865/2761
f 2070/2160/2762 994/2159/2762 2403/2876/2762 3116/2875/2762
f 2403/2876/2763 3117/2879/2763 2440/2882/2763 1175/2877/2763
f 994/2159/2764 2069/2164/2764 3117/2879/2764 2403/2876/2764
f 2069/2164/2765 993/2163/2765 2103/2880/2765 3117/2879/2765
f 1769/1584/2766 3118/2883/2766 2441/2886/2766 1161/2834/2766
f 839/1583/2767 2089/2196/2767 3118/2883/2767 1769/1584/2767
f 2089/2196/2768 999/2195/2768 2102/2884/2768 3118/2883/2768
f 2395/3439/2769 3119/2887/2769 2442/2888/2769 1167/3441/2769
f 977/3440/2770 2107/3508/2770 3119/2887/2770 2395/3439/2770
f 2107/3508/2771 1002/2219/2771 2104/2218/2771 3119/2887/2771
f 4929/631/2772 4973/2889/2772 2444/2892/2772 576/632/2772
f 4840/3112/2773 4904/3539/2773 3120/3540/2773 1263/3113/2773
f 4904/3539/2774 4870/3122/2774 2483/3125/2774 3120/3540/2774
f 1262/635/2775 3121/2893/2775 2445/2896/2775 574/636/2775
f 4979/3115/2776 5042/3541/2776 3121/2893/2776 1262/635/2776
f 5042/3541/2777 5008/3128/2777 2484/2894/2777 3121/2893/2777
f 1261/639/2778 3122/2897/2778 2446/2900/2778 575/640/2778
f 574/636/2779 2445/2896/2779 3122/2897/2779 1261/639/2779
f 2445/2896/2780 1178/2895/2780 2485/2898/2780 3122/2897/2780
f 2466/2978/2781 3123/2901/2781 2486/2904/2781 1199/2979/2781
f 813/1491/2782 1721/683/2782 3123/2901/2782 2466/2978/2782
f 1721/683/2783 597/682/2783 1296/2902/2783 3123/2901/2783
f 1296/2902/2784 3124/2905/2784 2487/2908/2784 1180/2903/2784
f 597/682/2785 1326/731/2785 3124/2905/2785 1296/2902/2785
f 1326/731/2786 611/730/2786 1320/2906/2786 3124/2905/2786
f 2459/2950/2787 3125/2909/2787 2488/2912/2787 1192/2951/2787
f 725/1124/2788 1543/771/2788 3125/2909/2788 2459/2950/2788
f 1543/771/2789 621/770/2789 1339/2910/2789 3125/2909/2789
f 2470/3542/2790 3126/2913/2790 2489/2916/2790 1203/3162/2790
f 858/3164/2791 1810/811/2791 3126/2913/2791 2470/3542/2791
f 1810/811/2792 631/810/2792 1358/2914/2792 3126/2913/2792
f 2472/3002/2793 3127/2917/2793 2490/2920/2793 1205/3003/2793
f 885/1768/2794 1859/851/2794 3127/2917/2794 2472/3002/2794
f 1859/851/2795 640/850/2795 1376/2918/2795 3127/2917/2795
f 2473/3006/2796 3128/2921/2796 2491/2924/2796 1206/3007/2796
f 909/1854/2797 1906/883/2797 3128/2921/2797 2473/3006/2797
f 1906/883/2798 649/882/2798 1393/2922/2798 3128/2921/2798
f 2471/3543/2799 3129/2925/2799 2492/2928/2799 1204/3194/2799
f 868/3196/2800 1820/915/2800 3129/2925/2800 2471/3543/2800
f 1820/915/2801 658/914/2801 1410/2926/2801 3129/2925/2801
f 1410/2926/2802 3130/2929/2802 2493/2932/2802 1186/2927/2802
f 658/914/2803 1433/947/2803 3130/2929/2803 1410/2926/2803
f 1433/947/2804 666/946/2804 1427/2930/2804 3130/2929/2804
f 2460/2954/2805 3131/2933/2805 2494/2936/2805 1193/2955/2805
f 739/1205/2806 1574/975/2806 3131/2933/2806 2460/2954/2806
f 1574/975/2807 674/974/2807 1443/2934/2807 3131/2933/2807
f 1443/2934/2808 3132/2937/2808 2495/2940/2808 1188/2935/2808
f 674/974/2809 1465/1003/2809 3132/2937/2809 1443/2934/2809
f 1465/1003/2810 683/1002/2810 1459/2938/2810 3132/2937/2810
f 1459/2938/2811 3133/2941/2811 2496/2944/2811 1189/2939/2811
f 683/1002/2812 1480/1035/2812 3133/2941/2812 1459/2938/2812
f 1480/1035/2813 692/1034/2813 1474/2942/2813 3133/2941/2813
f 1474/3544/2814 3134/2945/2814 2497/2948/2814 1190/3225/2814
f 692/3227/2815 1495/1067/2815 3134/2945/2815 1474/3544/2815
f 1495/1067/2816 700/1066/2816 1489/2946/2816 3134/2945/2816
f 2461/2958/2817 3135/2949/2817 2498/2952/2817 1194/2959/2817
f 747/1229/2818 1590/1125/2818 3135/2949/2818 2461/2958/2818
f 1590/1125/2819 725/1124/2819 2459/2950/2819 3135/2949/2819
f 1427/2930/2820 3136/2953/2820 2499/2956/2820 1187/2931/2820
f 666/946/2821 1449/1206/2821 3136/2953/2821 1427/2930/2821
f 1449/1206/2822 739/1205/2822 2460/2954/2822 3136/2953/2822
f 2462/2962/2823 3137/2957/2823 2500/2960/2823 1195/2963/2823
f 762/1285/2824 1619/1230/2824 3137/2957/2824 2462/2962/2824
f 1619/1230/2825 747/1229/2825 2461/2958/2825 3137/2957/2825
f 2463/2966/2826 3138/2961/2826 2501/2964/2826 1196/2967/2826
f 776/1341/2827 1648/1286/2827 3138/2961/2827 2463/2966/2827
f 1648/1286/2828 762/1285/2828 2462/2962/2828 3138/2961/2828
f 1320/3545/2829 3139/2965/2829 2502/2968/2829 1181/3281/2829
f 611/3269/2830 1345/1342/2830 3139/2965/2830 1320/3545/2830
f 1345/1342/2831 776/1341/2831 2463/2966/2831 3139/2965/2831
f 1696/1422/2832 3140/2969/2832 2464/2972/2832 795/1423/2832
f 851/1619/2833 1798/2992/2833 3140/2969/2833 1696/1422/2833
f 1798/2992/2834 1202/2991/2834 2503/2970/2834 3140/2969/2834
f 4913/1458/2835 4974/2973/2835 2465/2976/2835 805/1459/2835
f 4859/3327/2836 4905/3546/2836 3141/3547/2836 1715/3328/2836
f 4905/3546/2837 4871/3329/2837 2504/3332/2837 3141/3547/2837
f 1278/3548/2838 3142/2977/2838 2505/2980/2838 1176/3350/2838
f 577/3352/2839 1300/1492/2839 3142/2977/2839 1278/3548/2839
f 1300/1492/2840 813/1491/2840 2466/2978/2840 3142/2977/2840
f 1761/1546/2841 3143/2981/2841 2467/2984/2841 829/1547/2841
f 4998/3372/2842 5043/3549/2842 3143/2981/2842 1761/1546/2842
f 5043/3549/2843 5009/3373/2843 2506/2982/2843 3143/2981/2843
f 1780/1582/2844 3144/2985/2844 2468/2988/2844 839/1583/2844
f 829/1547/2845 2467/2984/2845 3144/2985/2845 1780/1582/2845
f 2467/2984/2846 1200/2983/2846 2507/2986/2846 3144/2985/2846
f 1789/1618/2847 3145/2989/2847 1798/2992/2847 851/1619/2847
f 701/1062/2848 2458/1061/2848 3145/2989/2848 1789/1618/2848
f 2458/1061/2849 1191/2947/2849 2508/2990/2849 3145/2989/2849
f 1339/2910/2850 3146/2993/2850 2509/2996/2850 1182/2911/2850
f 621/770/2851 1364/1669/2851 3146/2993/2851 1339/2910/2851
f 1364/1669/2852 858/1668/2852 2470/2994/2852 3146/2993/2852
f 1393/2922/2853 3147/2997/2853 2510/3000/2853 1185/2923/2853
f 649/882/2854 1416/1709/2854 3147/2997/2854 1393/2922/2854
f 1416/1709/2855 868/1708/2855 2471/2998/2855 3147/2997/2855
f 1358/2914/2856 3148/3001/2856 2511/3004/2856 1183/2915/2856
f 631/810/2857 1382/1769/2857 3148/3001/2857 1358/2914/2857
f 1382/1769/2858 885/1768/2858 2472/3002/2858 3148/3001/2858
f 1376/2918/2859 3149/3005/2859 2512/3008/2859 1184/2919/2859
f 640/850/2860 1399/1855/2860 3149/3005/2860 1376/2918/2860
f 1399/1855/2861 909/1854/2861 2473/3006/2861 3149/3005/2861
f 2038/3443/2862 3150/3009/2862 2513/3012/2862 1207/3438/2862
f 973/3435/2863 2034/2084/2863 3150/3009/2863 2038/3443/2863
f 2034/2084/2864 974/2083/2864 2475/3010/2864 3150/3009/2864
f 2075/3022/2865 3151/3013/2865 2514/3016/2865 1209/3023/2865
f 989/2127/2866 2061/2120/2866 3151/3013/2866 2075/3022/2866
f 2061/2120/2867 991/2119/2867 2477/3014/2867 3151/3013/2867
f 2477/3014/2868 3152/3017/2868 2515/3020/2868 1210/3015/2868
f 991/2119/2869 2060/2124/2869 3152/3017/2869 2477/3014/2869
f 2060/2124/2870 990/2123/2870 2478/3018/2870 3152/3017/2870
f 2078/3037/2871 3153/3021/2871 2516/3024/2871 1212/3038/2871
f 992/2191/2872 2059/2128/2872 3153/3021/2872 2078/3037/2872
f 2059/2128/2873 989/2127/2873 2075/3022/2873 3153/3021/2873
f 2079/3033/2874 3154/3025/2874 2517/3027/2874 1213/3034/2874
f 986/2139/2875 2058/2132/2875 3154/3025/2875 2079/3033/2875
f 2058/2132/2876 988/2131/2876 2481/2203/2876 3154/3025/2876
f 2478/3018/2877 3155/3028/2877 2518/3031/2877 1211/3019/2877
f 990/2123/2878 2057/2136/2878 3155/3028/2878 2478/3018/2878
f 2057/2136/2879 987/2135/2879 2482/3029/2879 3155/3028/2879
f 2482/3029/2880 3156/3032/2880 2519/3035/2880 1215/3030/2880
f 987/2135/2881 2056/2140/2881 3156/3032/2881 2482/3029/2881
f 2056/2140/2882 986/2139/2882 2079/3033/2882 3156/3032/2882
f 1768/1588/2883 3157/3036/2883 2520/3039/2883 1201/2987/2883
f 838/1587/2884 2088/2192/2884 3157/3036/2884 1768/1588/2884
f 2088/2192/2885 992/2191/2885 2078/3037/2885 3157/3036/2885
f 2474/3436/2886 3158/3040/2886 2521/3041/2886 1207/3438/2886
f 975/3437/2887 2092/2235/2887 3158/3040/2887 2474/3436/2887
f 2092/2235/2888 995/2155/2888 2080/2154/2888 3158/3040/2888
f 3934/3073/2889 3428/3076/2889 3166/584/2889 3427/585/2889
f 4725/594/2890 3420/595/2890 3163/596/2890 4709/597/2890
f 4726/598/2891 3548/599/2891 3160/600/2891 4710/601/2891
f 4727/602/2892 3419/603/2892 3162/604/2892 4717/605/2892
f 4728/606/2893 3418/607/2893 3161/608/2893 4718/609/2893
f 4729/614/2894 3417/615/2894 3159/616/2894 4719/617/2894
f 3941/3119/2895 4292/645/2895 3166/584/2895 3428/3076/2895
f 3942/670/2896 3875/671/2896 3178/672/2896 3443/673/2896
f 3943/674/2897 3905/675/2897 3177/676/2897 4367/677/2897
f 3944/678/375 3439/613/375 3176/612/375 3569/679/375
f 3945/680/2898 3438/681/2898 3175/682/2898 4370/683/2898
f 3946/684/2899 3437/685/2899 3174/686/2899 4371/687/2899
f 3947/688/2900 3436/689/2900 3173/690/2900 4373/691/2900
f 3948/692/379 3570/693/379 3170/694/379 3449/695/379
f 3949/696/2901 3435/697/2901 3172/698/2901 4375/699/2901
f 3950/700/2902 3434/701/2902 3171/702/2902 4378/703/2902
f 3951/704/2903 3433/705/2903 3169/706/2903 4380/707/2903
f 3952/708/2904 4384/3550/2904 3179/3551/2904 3454/711/2904
f 3953/3552/2905 4387/3553/2905 3181/3554/2905 3457/3555/2905
f 3954/716/2906 3815/717/2906 3192/3556/2906 3468/3557/2906
f 3955/720/2907 3876/721/2907 3191/722/2907 3467/723/2907
f 3956/724/2908 3906/725/2908 3190/726/2908 3469/727/2908
f 3957/728/2909 3463/729/2909 3189/730/2909 3470/731/2909
f 3958/732/2910 3462/733/2910 3188/734/2910 3471/735/2910
f 3959/736/2911 3461/737/2911 3187/738/2911 3472/739/2911
f 3960/740/391 3564/741/391 3184/742/391 3474/743/391
f 3961/744/2912 3460/745/2912 3186/746/2912 3473/747/2912
f 3962/748/2913 3459/749/2913 3185/750/2913 3475/751/2913
f 3963/752/2914 3458/753/2914 3183/754/2914 3476/755/2914
f 3964/756/2915 3816/757/2915 3202/758/2915 3487/759/2915
f 3965/760/2916 3877/761/2916 3201/762/2916 4392/763/2916
f 3966/764/2917 3907/765/2917 3200/766/2917 4395/767/2917
f 3967/768/2918 3482/769/2918 3199/770/2918 4398/771/2918
f 3968/772/2919 3481/773/2919 3198/774/2919 4399/775/2919
f 3969/776/2920 3480/777/2920 3197/778/2920 4401/779/2920
f 3971/784/2921 3479/785/2921 3196/786/2921 4403/787/2921
f 3972/788/2922 3478/789/2922 3195/790/2922 4406/791/2922
f 3973/792/2923 3477/793/2923 3193/794/2923 4408/795/2923
f 3974/796/2924 3817/797/2924 3212/798/2924 3505/799/2924
f 3975/800/2925 3878/801/2925 3211/802/2925 4414/803/2925
f 3976/804/2926 3908/805/2926 3210/806/2926 4417/807/2926
f 3977/808/2927 3500/809/2927 3209/810/2927 4420/811/2927
f 3978/812/2928 3499/813/2928 3208/814/2928 4421/815/2928
f 3979/816/2929 3498/817/2929 3207/818/2929 4423/819/2929
f 3980/820/2930 3561/821/2930 3204/822/2930 3511/823/2930
f 3981/824/2931 3497/825/2931 3206/826/2931 4425/827/2931
f 3982/828/2932 3496/829/2932 3205/830/2932 4430/831/2932
f 3983/832/2933 3495/833/2933 3203/834/2933 4432/835/2933
f 3984/836/2934 3818/837/2934 3221/838/2934 3523/839/2934
f 3985/840/2935 3879/841/2935 3220/842/2935 4438/843/2935
f 3986/844/2936 3909/845/2936 3219/846/2936 4441/847/2936
f 3987/848/2937 3518/849/2937 3218/850/2937 4444/851/2937
f 3988/852/2938 3517/853/2938 3217/854/2938 4445/855/2938
f 3989/856/2939 3516/857/2939 3216/858/2939 4447/859/2939
f 3990/860/2940 3515/861/2940 3215/862/2940 4449/863/2940
f 3991/864/2941 3514/865/2941 3214/866/2941 4451/867/2941
f 3992/868/2942 3819/869/2942 3230/870/2942 3540/871/2942
f 3993/872/2943 3880/873/2943 3229/874/2943 3768/875/2943
f 3994/876/2944 3910/877/2944 3228/878/2944 3770/879/2944
f 3995/880/2945 3535/881/2945 3227/882/2945 3771/883/2945
f 3996/884/2946 3534/885/2946 3226/886/2946 3772/887/2946
f 3997/888/2947 3533/889/2947 3225/890/2947 3773/891/2947
f 3998/892/2948 3532/893/2948 3224/894/2948 3774/895/2948
f 3999/896/2949 3531/897/2949 3223/898/2949 3775/899/2949
f 4000/1016/2950 3563/1017/2950 3241/1018/2950 3557/1019/2950
f 4001/1080/2951 3778/1081/2951 4232/1082/2951 3559/1083/2951
f 4003/1088/2952 3565/1089/2952 3231/1090/2952 3560/1091/2952
f 4005/1096/2953 3571/1097/2953 3241/1018/2953 4463/1098/2953
f 4006/1115/2954 4463/1098/2954 3241/1018/2954 3563/1017/2954
f 4007/1122/2955 3596/1123/2955 4241/1124/2955 4468/1125/2955
f 4008/1130/2956 3593/1131/2956 3243/1132/2956 3585/1133/2956
f 4009/1134/2957 3597/1135/2957 4243/1136/2957 4469/1137/2957
f 4010/1138/2958 3594/1139/2958 4237/1140/2958 4476/1141/2958
f 4011/1146/2959 3595/1147/2959 4239/1148/2959 4479/1149/2959
f 4012/1156/497 3598/1157/497 4245/1158/497 4474/1159/497
f 4014/1164/499 3600/1165/499 4248/1166/499 4482/1167/499
f 4015/1168/500 3601/1169/500 4250/1170/500 4484/1171/500
f 4016/1172/501 3602/1173/501 4252/1174/501 4486/1175/501
f 4017/1176/502 3603/1177/502 3251/1178/502 3591/1179/502
f 4018/1223/514 3617/1224/514 3261/1225/514 3613/1226/514
f 4019/1227/2960 3618/1228/2960 4254/1229/2960 3631/1230/2960
f 4020/1231/2961 3619/1232/2961 3262/1233/2961 3614/1234/2961
f 4021/1235/2962 3620/1236/2962 4258/1237/2962 3632/1238/2962
f 4022/1239/2963 3621/1240/2963 4260/1241/2963 3629/1242/2963
f 4023/1243/2964 3622/1244/2964 4262/1245/2964 3630/1246/2964
f 4024/1247/2965 3623/1248/2965 4264/1249/2965 3633/1250/2965
f 4025/1251/2966 3624/1252/2966 3263/1253/2966 3615/1254/2966
f 4026/1255/2967 3625/1256/2967 4266/1257/2967 3634/1258/2967
f 4027/1259/2968 3626/1260/2968 4268/1261/2968 3635/1262/2968
f 4028/1263/2969 3627/1264/2969 4270/1265/2969 3636/1266/2969
f 4029/1279/528 3641/1280/528 3273/1281/528 3637/1282/528
f 4030/1283/2970 3642/1284/2970 4272/1285/2970 4488/1286/2970
f 4031/1287/530 3643/1288/530 3274/1289/530 3638/1290/530
f 4032/1291/2971 3644/1292/2971 4276/1293/2971 4489/1294/2971
f 4033/1295/2972 3645/1296/2972 4278/1297/2972 4496/1298/2972
f 4034/1299/2973 3646/1300/2973 4280/1301/2973 4499/1302/2973
f 4035/1303/534 3647/1304/534 4282/1305/534 4494/1306/534
f 4037/1311/536 3649/1312/536 4285/1313/536 4502/1314/536
f 4038/1315/537 3650/1316/537 4287/1317/537 4504/1318/537
f 4039/1319/538 3651/1320/538 4289/1321/538 4506/1322/538
f 4040/1335/543 3665/1336/543 3284/1337/543 3661/1338/543
f 4041/1339/2974 3666/1340/2974 3278/1341/2974 3489/1342/2974
f 4042/1343/2975 3667/1344/2975 3285/1345/2975 3662/1346/2975
f 4043/1347/2976 3668/1348/2976 3279/1349/2976 3490/1350/2976
f 4044/1351/2977 3669/1352/2977 3276/1353/2977 3486/1354/2977
f 4045/1355/2978 3670/1356/2978 3277/1357/2978 3488/1358/2978
f 4046/1359/2979 3671/1360/2979 3280/1361/2979 3491/1362/2979
f 4047/1363/550 3672/1364/550 3286/1365/550 3663/1366/550
f 4048/1367/2980 3673/1368/2980 3281/1369/2980 3492/1370/2980
f 4049/1371/2981 3674/1372/2981 3282/1373/2981 3493/1374/2981
f 4050/1375/2982 3675/1376/2982 3283/1377/2982 3494/1378/2982
f 4052/1481/2983 3691/1482/2983 3289/1483/2983 3678/1484/2983
f 4053/1485/2984 3692/1486/2984 3288/1487/2984 4512/1488/2984
f 4054/1489/2985 3693/1490/2985 3290/1491/2985 4515/1492/2985
f 4055/1493/2986 3694/1494/2986 3292/1495/2986 4516/1496/2986
f 4056/1497/2987 3695/1498/2987 3293/1499/2987 4518/1500/2987
f 4057/1501/2988 3696/1502/2988 3295/1503/2988 3684/1504/2988
f 4058/1505/2989 3697/1506/2989 3294/1507/2989 4520/1508/2989
f 4059/1509/2990 3698/1510/2990 3296/1511/2990 4525/1512/2990
f 4060/1513/2991 3699/1514/2991 3297/1515/2991 4527/1516/2991
f 4061/1517/2992 4531/3558/2992 3298/1519/2992 3824/1520/2992
f 4062/3559/2993 4534/3560/2993 3299/3561/2993 3845/3562/2993
f 4063/1654/2994 3715/1655/2994 3302/1656/2994 3704/1657/2994
f 4064/1658/2995 3716/1659/2995 3301/1660/2995 4539/1661/2995
f 4065/1662/2996 3717/1663/2996 3303/1664/2996 4542/1665/2996
f 4066/1666/2997 3718/1667/2997 3304/1668/2997 4545/1669/2997
f 4067/1670/2998 3719/1671/2998 3305/1672/2998 4546/1673/2998
f 4068/1674/2999 3720/1675/2999 3306/1676/2999 4548/1677/2999
f 4069/1678/3000 3721/1679/3000 3308/1680/3000 3710/1681/3000
f 4070/1682/3001 3722/1683/3001 3307/1684/3001 4550/1685/3001
f 4071/1686/3002 3723/1687/3002 3309/1688/3002 4554/1689/3002
f 4072/1690/3003 3724/1691/3003 3310/1692/3003 4556/1693/3003
f 4073/1722/641 4465/1097/641 3311/1723/641 4460/1724/641
f 4075/3405/3004 3747/3074/3004 3313/1746/3004 3726/1747/3004
f 4076/1748/648 3748/1749/648 3314/1750/648 3727/1751/648
f 4077/1752/649 3727/1751/649 3314/1750/649 3749/1753/649
f 4078/1754/3005 3750/1755/3005 3316/1756/3005 3729/1757/3005
f 4079/1758/3006 3751/1759/3006 3315/1760/3006 4579/1761/3006
f 4080/1762/3007 3752/1763/3007 3317/1764/3007 4582/1765/3007
f 4081/1766/3008 3753/1767/3008 3318/1768/3008 4585/1769/3008
f 4082/1770/3009 3754/1771/3009 3319/1772/3009 4586/1773/3009
f 4083/1774/3010 3755/1775/3010 3320/1776/3010 4588/1777/3010
f 4084/1778/3011 3756/1779/3011 3321/1780/3011 4590/1781/3011
f 4085/1782/3012 3757/1783/3012 3322/1784/3012 4592/1785/3012
f 4087/1790/3013 3737/1791/3013 3324/1792/3013 3759/1793/3013
f 4088/1794/3014 3760/1795/3014 3327/1796/3014 4599/1797/3014
f 4089/1798/3015 4599/1797/3015 3327/1796/3015 3761/1799/3015
f 4092/1812/665 3743/1813/665 3330/1814/665 3764/1815/665
f 4096/1840/3016 3779/1841/3016 3335/1842/3016 3769/1843/3016
f 4097/1844/3017 3780/1845/3017 3334/1846/3017 4606/1847/3017
f 4098/1848/3018 3781/1849/3018 3336/1850/3018 4609/1851/3018
f 4099/1852/3019 3782/1853/3019 3337/1854/3019 4612/1855/3019
f 4100/1856/3020 3783/1857/3020 3338/1858/3020 4613/1859/3020
f 4101/1860/3021 3784/1861/3021 3339/1862/3021 4615/1863/3021
f 4102/1864/3022 3785/1865/3022 3340/1866/3022 4617/1867/3022
f 4103/1868/3023 3786/1869/3023 3341/1870/3023 4619/1871/3023
f 4104/1872/3024 3787/1873/3024 3343/1874/3024 3777/1875/3024
f 4105/1876/3025 4456/1877/3025 3344/1878/3025 3788/1879/3025
f 4106/2280/3026 3802/2281/3026 3351/2282/3026 3794/2283/3026
f 4107/2288/3027 3804/2289/3027 3356/2290/3027 3799/2291/3027
f 4108/2292/3028 3806/2293/3028 3346/2294/3028 3789/2295/3028
f 4109/2312/792 4317/2313/792 3352/2314/792 3795/2315/792
f 4110/2336/3029 3853/2337/3029 3353/2338/3029 3796/2339/3029
f 4111/2340/3030 3809/2341/3030 3354/2342/3030 3797/2343/3030
f 4112/2360/3031 4315/2361/3031 3349/2362/3031 3792/2363/3031
f 4113/2376/3032 3811/2377/3032 3355/2378/3032 3798/2379/3032
f 4114/2380/809 3856/2381/809 3347/2382/809 3790/2383/809
f 4115/2396/813 3849/2397/813 3348/2398/813 3791/2399/813
f 4116/2400/3033 4321/2401/3033 3350/2402/3033 3793/2403/3033
f 4117/3563/3034 4323/3564/3034 3345/3565/3034 3812/3566/3034
f 4734/2424/3035 4192/711/3035 4193/3567/3035 4720/3568/3035
f 4119/2429/3036 3828/2430/3036 3358/2431/3036 3814/2432/3036
f 4120/2433/3037 3466/2434/3037 3359/2435/3037 3829/2436/3037
f 4121/2437/3038 3485/2438/3038 3360/2439/3038 4390/2440/3038
f 4122/2441/3039 3503/2442/3039 3361/2443/3039 4412/2444/3039
f 4123/2445/3040 3521/2446/3040 3362/2447/3040 4436/2448/3040
f 4124/2449/3041 3538/2450/3041 3363/2451/3041 3833/2452/3041
f 4125/2477/3042 3820/2478/3042 3364/2479/3042 4472/2480/3042
f 4126/2485/3043 3821/2486/3043 3365/2487/3043 3835/2488/3043
f 4127/2489/3044 3822/2490/3044 3366/2491/3044 4492/2492/3044
f 4128/2493/3045 3823/2494/3045 3367/2495/3045 3837/2496/3045
f 4129/2505/3046 3838/2506/3046 3368/2507/3046 3700/2508/3046
f 4130/2521/3047 3825/2522/3047 3369/2523/3047 4537/2524/3047
f 4131/2529/3048 3826/2530/3048 3370/2531/3048 4577/2532/3048
f 4132/2533/3049 3827/2534/3049 3371/2535/3049 4604/2536/3049
f 4736/2581/3050 4301/2432/3050 4302/2431/3050 4722/2582/3050
f 4134/3569/3051 3858/3570/3051 3373/3571/3051 3844/3572/3051
f 4135/3573/3052 3859/3574/3052 3374/3575/3052 3701/3576/3052
f 4136/2599/3053 3848/2600/3053 3377/2601/3053 3861/2602/3053
f 4137/2607/3054 3850/2608/3054 3379/2609/3054 4636/2610/3054
f 4138/2611/3055 3852/2612/3055 3381/2613/3055 4639/2614/3055
f 4139/2631/873 4295/2632/873 4318/2633/873 4642/2634/873
f 4140/2655/3056 3807/2656/3056 3382/2657/3056 3865/2658/3056
f 4141/2659/3057 3855/2660/3057 3384/2661/3057 4645/2662/3057
f 4142/2679/3058 4293/2680/3058 4316/2681/3058 3867/2682/3058
f 4143/2695/3059 3857/2696/3059 3386/2697/3059 4648/2698/3059
f 4144/2699/890 3810/2700/890 3385/2701/890 4651/2702/890
f 4145/2715/894 3803/2716/894 3378/2717/894 4654/2718/894
f 4146/2719/3060 4298/2720/3060 4322/2721/3060 4657/2722/3060
f 4147/3577/3061 4299/3578/3061 4324/3579/3061 3872/3580/3061
f 4148/2748/3062 3441/2749/3062 3388/2750/3062 4365/2751/3062
f 4149/2752/3063 3465/2753/3063 3389/2754/3063 3890/2755/3063
f 4150/2756/3064 3484/2757/3064 3390/2758/3064 4393/2759/3064
f 4151/2760/3065 3502/2761/3065 3391/2762/3065 4415/2763/3065
f 4152/2764/3066 3520/2765/3066 3392/2766/3066 4439/2767/3066
f 4153/2768/3067 3537/2769/3067 3393/2770/3067 3894/2771/3067
f 4154/2796/3068 3881/2797/3068 3394/2798/3068 4477/2799/3068
f 4155/2804/3069 3882/2805/3069 3395/2806/3069 3896/2807/3069
f 4156/2808/3070 3883/2809/3070 3396/2810/3070 4497/2811/3070
f 4157/2812/3071 3884/2813/3071 3397/2814/3071 3898/2815/3071
f 4158/2824/3072 3885/2825/3072 3398/2826/3072 4510/2827/3072
f 4159/2840/3073 3886/2841/3073 3399/2842/3073 4540/2843/3073
f 4160/2848/3074 3887/2849/3074 3400/2850/3074 4580/2851/3074
f 4161/2852/3075 3888/2853/3075 3401/2854/3075 4607/2855/3075
f 4162/2901/3076 3440/2902/3076 3403/2903/3076 4368/2904/3076
f 4163/2905/3077 3464/2906/3077 3404/2907/3077 3920/2908/3077
f 4164/2909/3078 3483/2910/3078 3405/2911/3078 4396/2912/3078
f 4165/2913/3079 3501/2914/3079 3406/2915/3079 4418/2916/3079
f 4166/2917/3080 3519/2918/3080 3407/2919/3080 4442/2920/3080
f 4167/2921/3081 3536/2922/3081 3408/2923/3081 3924/2924/3081
f 4168/2949/3082 3911/2950/3082 3409/2951/3082 4480/2952/3082
f 4169/2957/3083 3912/2958/3083 3410/2959/3083 3926/2960/3083
f 4170/2961/3084 3913/2962/3084 3411/2963/3084 4500/2964/3084
f 4171/2965/3085 3914/2966/3085 3412/2967/3085 3928/2968/3085
f 4172/2977/3086 3915/2978/3086 3413/2979/3086 4513/2980/3086
f 4173/2993/3087 3916/2994/3087 3414/2995/3087 4543/2996/3087
f 4174/3001/3088 3917/3002/3088 3415/3003/3088 4583/3004/3088
f 4175/3005/3089 3918/3006/3089 3416/3007/3089 4610/3008/3089
f 4717/605/3090 3162/604/3090 3420/595/3090 4725/594/3090
f 4715/3091/3091 3233/3092/3091 3548/599/3091 4726/598/3091
f 4718/609/3092 3161/608/3092 3419/603/3092 4727/602/3092
f 4719/617/3093 3159/616/3093 3418/607/3093 4728/606/3093
f 4710/601/3094 3160/600/3094 3417/615/3094 4729/614/3094
f 4794/3581/3095 4786/3582/3095 4357/3583/3095 3421/3584/3095
f 4786/3582/3096 4796/3585/3096 3423/3586/3096 4357/3583/3096
f 4796/3585/3097 4787/3587/3097 4358/3588/3097 3423/3586/3097
f 4787/3587/3098 4797/3589/3098 3425/3590/3098 4358/3588/3098
f 4780/3591/3099 4788/3592/3099 4359/3593/3099 4360/3594/3099
f 4788/3592/3100 4798/3595/3100 3429/3596/3100 4359/3593/3100
f 4779/3597/3101 4789/3598/3101 4361/3599/3101 4362/3600/3101
f 4789/3598/3102 4799/3601/3102 3431/3602/3102 4361/3599/3102
f 3691/1482/3103 4363/670/3103 4364/673/3103 3289/1483/3103
f 3398/2826/3104 3889/2751/3104 4363/670/3104 3691/1482/3104
f 4365/2751/3105 3388/2750/3105 3875/671/3105 3942/670/3105
f 3692/1486/3106 4366/674/3106 3677/677/3106 3288/1487/3106
f 3413/2979/3107 3919/2904/3107 4366/674/3107 3692/1486/3107
f 4368/2904/3108 3403/2903/3108 3905/675/3108 3943/674/3108
f 3693/1490/3109 4369/680/3109 3679/683/3109 3290/1491/3109
f 3292/1495/3110 3681/687/3110 4369/680/3110 3693/1490/3110
f 4371/687/3111 3174/686/3111 3438/681/3111 3945/680/3111
f 3694/1494/3112 4372/684/3112 3681/687/3112 3292/1495/3112
f 3293/1499/3113 3682/691/3113 4372/684/3113 3694/1494/3113
f 4373/691/3114 3173/690/3114 3437/685/3114 3946/684/3114
f 3695/1498/3115 4374/688/3115 3682/691/3115 3293/1499/3115
f 3294/1507/3116 3683/699/3116 4374/688/3116 3695/1498/3116
f 4375/699/3117 3172/698/3117 3436/689/3117 3947/688/3117
f 3575/3144/1094 3237/3145/1094 3570/693/1094 3948/692/1094
f 3697/1506/3118 4377/696/3118 3683/699/3118 3294/1507/3118
f 3296/1511/3119 3685/703/3119 4377/696/3119 3697/1506/3119
f 4378/703/3120 3171/702/3120 3435/697/3120 3949/696/3120
f 3698/1510/3121 4379/700/3121 3685/703/3121 3296/1511/3121
f 3297/1515/3122 3686/707/3122 4379/700/3122 3698/1510/3122
f 4380/707/3123 3169/706/3123 3434/701/3123 3950/700/3123
f 3699/1514/3124 4381/704/3124 3686/707/3124 3297/1515/3124
f 3295/1503/3125 4376/695/3125 4381/704/3125 3699/1514/3125
f 3449/695/3126 3170/694/3126 3433/705/3126 3951/704/3126
f 3828/2430/3127 3952/708/3127 3454/711/3127 3358/2431/3127
f 3368/2507/3128 3824/1520/3128 4382/708/3128 4383/2430/3128
f 3824/1520/3129 3298/1519/3129 3687/709/3129 4382/708/3129
f 3858/3570/3130 3953/3552/3130 3457/3555/3130 3373/3571/3130
f 3374/3575/3131 3845/3562/3131 4385/3603/3131 4386/3604/3131
f 3845/3562/3132 3299/3561/3132 3688/3605/3132 4385/3603/3132
f 3813/3146/3133 3954/716/3133 3468/3557/3133 3180/3606/3133
f 3357/3148/3134 3829/2436/3134 3954/716/3134 3813/3146/3134
f 3829/2436/3135 3359/2435/3135 3815/717/3135 3954/716/3135
f 3875/671/3136 3955/720/3136 3467/723/3136 3178/672/3136
f 3388/2750/3137 3890/2755/3137 3955/720/3137 3875/671/3137
f 3890/2755/3138 3389/2754/3138 3876/721/3138 3955/720/3138
f 3905/675/3139 3956/724/3139 3469/727/3139 3177/676/3139
f 3403/2903/3140 3920/2908/3140 3956/724/3140 3905/675/3140
f 3920/2908/3141 3404/2907/3141 3906/725/3141 3956/724/3141
f 3438/681/3142 3957/728/3142 3470/731/3142 3175/682/3142
f 3174/686/3143 3471/735/3143 3957/728/3143 3438/681/3143
f 3471/735/3144 3188/734/3144 3463/729/3144 3957/728/3144
f 3437/685/3145 3958/732/3145 3471/735/3145 3174/686/3145
f 3173/690/3146 3472/739/3146 3958/732/3146 3437/685/3146
f 3472/739/3147 3187/738/3147 3462/733/3147 3958/732/3147
f 3436/689/3148 3959/736/3148 3472/739/3148 3173/690/3148
f 3172/698/3149 3473/747/3149 3959/736/3149 3436/689/3149
f 3473/747/3150 3186/746/3150 3461/737/3150 3959/736/3150
f 3570/693/1128 3960/740/1128 3474/743/1128 3170/694/1128
f 3237/3145/1129 3576/3149/1129 3960/740/1129 3570/693/1129
f 3576/3149/1130 3236/3150/1130 3564/741/1130 3960/740/1130
f 3435/697/3151 3961/744/3151 3473/747/3151 3172/698/3151
f 3171/702/3152 3475/751/3152 3961/744/3152 3435/697/3152
f 3475/751/3153 3185/750/3153 3460/745/3153 3961/744/3153
f 3434/701/3154 3962/748/3154 3475/751/3154 3171/702/3154
f 3169/706/3155 3476/755/3155 3962/748/3155 3434/701/3155
f 3476/755/3156 3183/754/3156 3459/749/3156 3962/748/3156
f 3433/705/3157 3963/752/3157 3476/755/3157 3169/706/3157
f 3170/694/3158 3474/743/3158 3963/752/3158 3433/705/3158
f 3474/743/3159 3184/742/3159 3458/753/3159 3963/752/3159
f 4234/1131/3160 4388/756/3160 4389/759/3160 4235/1132/3160
f 4308/2479/3161 3830/2440/3161 4388/756/3161 4234/1131/3161
f 4390/2440/3162 3360/2439/3162 3816/757/3162 3964/756/3162
f 4236/1139/3163 4391/760/3163 3582/763/3163 3242/1140/3163
f 4332/2798/3164 3891/2759/3164 4391/760/3164 4236/1139/3164
f 4393/2759/3165 3390/2758/3165 3877/761/3165 3965/760/3165
f 4238/1147/3166 4394/764/3166 3584/767/3166 3244/1148/3166
f 4344/2951/3167 3921/2912/3167 4394/764/3167 4238/1147/3167
f 4396/2912/3168 3405/2911/3168 3907/765/3168 3966/764/3168
f 4240/1123/3169 4397/768/3169 3583/771/3169 3245/1124/3169
f 3246/1136/3170 3581/775/3170 4397/768/3170 4240/1123/3170
f 4399/775/3171 3198/774/3171 3482/769/3171 3967/768/3171
f 4242/1135/3172 4400/772/3172 3581/775/3172 3246/1136/3172
f 3247/1158/3173 3586/779/3173 4400/772/3173 4242/1135/3173
f 4401/779/3174 3197/778/3174 3481/773/3174 3968/772/3174
f 4244/1157/3175 4402/776/3175 3586/779/3175 3247/1158/3175
f 3248/1166/3176 3587/787/3176 4402/776/3176 4244/1157/3176
f 4403/787/3177 3196/786/3177 3480/777/3177 3969/776/3177
f 3577/3152/1160 3238/3153/1160 3562/781/1160 3970/780/1160
f 4247/1165/3178 4405/784/3178 3587/787/3178 3248/1166/3178
f 3249/1170/3179 3589/791/3179 4405/784/3179 4247/1165/3179
f 4406/791/3180 3195/790/3180 3479/785/3180 3971/784/3180
f 4249/1169/3181 4407/788/3181 3589/791/3181 3249/1170/3181
f 3250/1174/3182 3590/795/3182 4407/788/3182 4249/1169/3182
f 4408/795/3183 3193/794/3183 3478/789/3183 3972/788/3183
f 4251/1173/3184 4409/792/3184 3590/795/3184 3250/1174/3184
f 4246/1162/3185 4404/783/3185 4409/792/3185 4251/1173/3185
f 3715/3154/3186 4410/796/3186 4411/799/3186 3302/3155/3186
f 3369/3156/3187 3831/2444/3187 4410/796/3187 3715/3154/3187
f 4412/2444/3188 3361/2443/3188 3817/797/3188 3974/796/3188
f 3716/3157/3189 4413/800/3189 3703/803/3189 3301/3158/3189
f 3399/3159/3190 3892/2763/3190 4413/800/3190 3716/3157/3190
f 4415/2763/3191 3391/2762/3191 3878/801/3191 3975/800/3191
f 3717/3160/3192 4416/804/3192 3705/807/3192 3303/3161/3192
f 3414/3162/3193 3922/2916/3193 4416/804/3193 3717/3160/3193
f 4418/2916/3194 3406/2915/3194 3908/805/3194 3976/804/3194
f 3718/3163/3195 4419/808/3195 3706/811/3195 3304/3164/3195
f 3305/3165/3196 3707/815/3196 4419/808/3196 3718/3163/3196
f 4421/815/3197 3208/814/3197 3500/809/3197 3977/808/3197
f 3719/3166/3198 4422/812/3198 3707/815/3198 3305/3165/3198
f 3306/3167/3199 3708/819/3199 4422/812/3199 3719/3166/3199
f 4423/819/3200 3207/818/3200 3499/813/3200 3978/812/3200
f 3720/3168/3201 4424/816/3201 3708/819/3201 3306/3167/3201
f 3307/3169/3202 3709/827/3202 4424/816/3202 3720/3168/3202
f 4425/827/3203 3206/826/3203 3498/817/3203 3979/816/3203
f 3721/3170/3204 4426/820/3204 4427/823/3204 3308/3171/3204
f 3312/3172/3205 4428/3173/3205 4426/820/3205 3721/3170/3205
f 3578/3173/3206 3239/3174/3206 3561/821/3206 3980/820/3206
f 3722/3175/3207 4429/824/3207 3709/827/3207 3307/3169/3207
f 3309/3176/3208 3711/831/3208 4429/824/3208 3722/3175/3208
f 4430/831/3209 3205/830/3209 3497/825/3209 3981/824/3209
f 3723/3177/3210 4431/828/3210 3711/831/3210 3309/3176/3210
f 3310/3178/3211 3712/835/3211 4431/828/3211 3723/3177/3211
f 4432/835/3212 3203/834/3212 3496/829/3212 3982/828/3212
f 3724/3179/3213 4433/832/3213 3712/835/3213 3310/3178/3213
f 3308/3171/3214 4427/823/3214 4433/832/3214 3724/3179/3214
f 3511/823/3215 3204/822/3215 3495/833/3215 3983/832/3215
f 3750/1755/3216 4434/836/3216 4435/839/3216 3316/1756/3216
f 3370/2531/3217 3832/2448/3217 4434/836/3217 3750/1755/3217
f 4436/2448/3218 3362/2447/3218 3818/837/3218 3984/836/3218
f 3751/1759/3219 4437/840/3219 3728/843/3219 3315/1760/3219
f 3400/2850/3220 3893/2767/3220 4437/840/3220 3751/1759/3220
f 4439/2767/3221 3392/2766/3221 3879/841/3221 3985/840/3221
f 3752/1763/3222 4440/844/3222 3730/847/3222 3317/1764/3222
f 3415/3003/3223 3923/2920/3223 4440/844/3223 3752/1763/3223
f 4442/2920/3224 3407/2919/3224 3909/845/3224 3986/844/3224
f 3753/1767/3225 4443/848/3225 3731/851/3225 3318/1768/3225
f 3319/1772/3226 3732/855/3226 4443/848/3226 3753/1767/3226
f 4445/855/3227 3217/854/3227 3518/849/3227 3987/848/3227
f 3754/1771/3228 4446/852/3228 3732/855/3228 3319/1772/3228
f 3320/1776/3229 3733/859/3229 4446/852/3229 3754/1771/3229
f 4447/859/3230 3216/858/3230 3517/853/3230 3988/852/3230
f 3755/1775/3231 4448/856/3231 3733/859/3231 3320/1776/3231
f 3321/1780/3232 3734/863/3232 4448/856/3232 3755/1775/3232
f 4449/863/3233 3215/862/3233 3516/857/3233 3989/856/3233
f 3756/1779/3234 4450/860/3234 3734/863/3234 3321/1780/3234
f 3322/1784/3235 3735/867/3235 4450/860/3235 3756/1779/3235
f 4451/867/3236 3214/866/3236 3515/861/3236 3990/860/3236
f 3757/1783/3237 4452/864/3237 3735/867/3237 3322/1784/3237
f 3323/3180/3238 3736/3181/3238 4452/864/3238 3757/1783/3238
f 4453/3181/3239 3213/3182/3239 3514/865/3239 3991/864/3239
f 3779/1841/3240 3992/868/3240 3540/871/3240 3335/1842/3240
f 3371/2535/3241 3833/2452/3241 3992/868/3241 3779/1841/3241
f 3833/2452/3242 3363/2451/3242 3819/869/3242 3992/868/3242
f 3780/1845/3243 3993/872/3243 3768/875/3243 3334/1846/3243
f 3401/2854/3244 3894/2771/3244 3993/872/3244 3780/1845/3244
f 3894/2771/3245 3393/2770/3245 3880/873/3245 3993/872/3245
f 3781/1849/3246 3994/876/3246 3770/879/3246 3336/1850/3246
f 3416/3007/3247 3924/2924/3247 3994/876/3247 3781/1849/3247
f 3924/2924/3248 3408/2923/3248 3910/877/3248 3994/876/3248
f 3782/1853/3249 3995/880/3249 3771/883/3249 3337/1854/3249
f 3338/1858/3250 3772/887/3250 3995/880/3250 3782/1853/3250
f 3772/887/3251 3226/886/3251 3535/881/3251 3995/880/3251
f 3783/1857/3252 3996/884/3252 3772/887/3252 3338/1858/3252
f 3339/1862/3253 3773/891/3253 3996/884/3253 3783/1857/3253
f 3773/891/3254 3225/890/3254 3534/885/3254 3996/884/3254
f 3784/1861/3255 3997/888/3255 3773/891/3255 3339/1862/3255
f 3340/1866/3256 3774/895/3256 3997/888/3256 3784/1861/3256
f 3774/895/3257 3224/894/3257 3533/889/3257 3997/888/3257
f 3785/1865/3258 3998/892/3258 3774/895/3258 3340/1866/3258
f 3341/1870/3259 3775/899/3259 3998/892/3259 3785/1865/3259
f 3775/899/3260 3223/898/3260 3532/893/3260 3998/892/3260
f 3786/1869/3261 3999/896/3261 3775/899/3261 3341/1870/3261
f 3342/3183/3262 3776/3184/3262 3999/896/3262 3786/1869/3262
f 3776/3184/3263 3222/3185/3263 3531/897/3263 3999/896/3263
f 3787/1873/3264 4454/1016/3264 4455/1019/3264 3343/1874/3264
f 3344/1878/3265 4456/1877/3265 4454/1016/3265 3787/1873/3265
f 3558/1877/3266 3231/1090/3266 3563/1017/3266 4000/1016/3266
f 3776/3184/3267 4001/1080/3267 3559/1083/3267 3222/3185/3267
f 3342/3183/3268 3788/1879/3268 4001/1080/3268 3776/3184/3268
f 3788/1879/3269 3344/1878/3269 3778/1081/3269 4001/1080/3269
f 3665/1336/1386 4002/1084/1386 3566/1087/1386 3284/1337/1386
f 4453/3181/3270 4003/1088/3270 3560/1091/3270 3213/3182/3270
f 3323/3180/3271 3759/1793/3271 4457/1088/3271 3736/3181/3271
f 3759/1793/3272 3324/1792/3272 4458/1089/3272 4457/1088/3272
f 3760/1795/3273 4462/1096/3273 3740/1098/3273 3327/1796/3273
f 3333/3238/1396 3746/3239/1396 4461/1096/1396 4464/1795/1396
f 3565/1089/3274 4006/1115/3274 3563/1017/3274 3231/1090/3274
f 3324/1792/3275 3761/1799/3275 4466/1115/3275 4458/1089/3275
f 3761/1799/3276 3327/1796/3276 3740/1098/3276 4466/1115/3276
f 4253/1228/3277 4467/1122/3277 3607/1125/3277 3255/1229/3277
f 3256/1237/3278 3608/1137/3278 4467/1122/3278 4253/1228/3278
f 4469/1137/3279 4243/1136/3279 3596/1123/3279 4007/1122/3279
f 4255/1232/3280 4470/1130/3280 4471/1133/3280 4256/1233/3280
f 4310/2487/3281 3834/2480/3281 4470/1130/3281 4255/1232/3281
f 4472/2480/3282 3364/2479/3282 3593/1131/3282 4008/1130/3282
f 4257/1236/3283 4473/1134/3283 3608/1137/3283 3256/1237/3283
f 3257/1249/3284 3609/1159/3284 4473/1134/3284 4257/1236/3284
f 4474/1159/1430 4245/1158/1430 3597/1135/1430 4009/1134/1430
f 4259/1240/3285 4475/1138/3285 3605/1141/3285 3253/1241/3285
f 4334/2806/3286 3895/2799/3286 4475/1138/3286 4259/1240/3286
f 4477/2799/3287 3394/2798/3287 3594/1139/3287 4010/1138/3287
f 4261/1244/3288 4478/1146/3288 3606/1149/3288 3254/1245/3288
f 4346/2959/3289 3925/2952/3289 4478/1146/3289 4261/1244/3289
f 4480/2952/3290 3409/2951/3290 3595/1147/3290 4011/1146/3290
f 4263/1248/3291 4481/1156/3291 3609/1159/3291 3257/1249/3291
f 3258/1257/3292 3610/1167/3292 4481/1156/3292 4263/1248/3292
f 4482/1167/1448 4248/1166/1448 3598/1157/1448 4012/1156/1448
f 3592/3256/1451 3252/3151/1451 3599/1161/1451 4013/1160/1451
f 4265/1256/3293 4483/1164/3293 3610/1167/3293 3258/1257/3293
f 3259/1261/3294 3611/1171/3294 4483/1164/3294 4265/1256/3294
f 4484/1171/1454 4250/1170/1454 3600/1165/1454 4014/1164/1454
f 4267/1260/3295 4485/1168/3295 3611/1171/3295 3259/1261/3295
f 3260/1265/3296 3612/1175/3296 4485/1168/3296 4267/1260/3296
f 4486/1175/1457 4252/1174/1457 3601/1169/1457 4015/1168/1457
f 4271/1284/3297 4019/1227/3297 3631/1230/3297 3267/1285/3297
f 3268/1293/3298 3632/1238/3298 4019/1227/3298 4271/1284/3298
f 3632/1238/3299 4258/1237/3299 3618/1228/3299 4019/1227/3299
f 4273/1288/3300 4020/1231/3300 3614/1234/3300 4274/1289/3300
f 4312/2491/3301 3835/2488/3301 4020/1231/3301 4273/1288/3301
f 3835/2488/3302 3365/2487/3302 3619/1232/3302 4020/1231/3302
f 4275/1292/3303 4021/1235/3303 3632/1238/3303 3268/1293/3303
f 3269/1305/3304 3633/1250/3304 4021/1235/3304 4275/1292/3304
f 3633/1250/3305 4264/1249/3305 3620/1236/3305 4021/1235/3305
f 4277/1296/3306 4022/1239/3306 3629/1242/3306 3265/1297/3306
f 4336/2810/3307 3896/2807/3307 4022/1239/3307 4277/1296/3307
f 3896/2807/3308 3395/2806/3308 3621/1240/3308 4022/1239/3308
f 4279/1300/3309 4023/1243/3309 3630/1246/3309 3266/1301/3309
f 4348/2963/3310 3926/2960/3310 4023/1243/3310 4279/1300/3310
f 3926/2960/3311 3410/2959/3311 3622/1244/3311 4023/1243/3311
f 4281/1304/3312 4024/1247/3312 3633/1250/3312 3269/1305/3312
f 3270/1313/3313 3634/1258/3313 4024/1247/3313 4281/1304/3313
f 3634/1258/3314 4266/1257/3314 3623/1248/3314 4024/1247/3314
f 3616/3262/1520 3264/3255/1520 3624/1252/1520 4025/1251/1520
f 4284/1312/3315 4026/1255/3315 3634/1258/3315 3270/1313/3315
f 3271/1317/3316 3635/1262/3316 4026/1255/3316 4284/1312/3316
f 3635/1262/3317 4268/1261/3317 3625/1256/3317 4026/1255/3317
f 4286/1316/3318 4027/1259/3318 3635/1262/3318 3271/1317/3318
f 3272/1321/3319 3636/1266/3319 4027/1259/3319 4286/1316/3319
f 3636/1266/3320 4270/1265/3320 3626/1260/3320 4027/1259/3320
f 4288/1320/3321 4028/1263/3321 3636/1266/3321 3272/1321/3321
f 4283/1309/3322 3615/1254/3322 4028/1263/3322 4288/1320/3322
f 3615/1254/3323 3263/1253/3323 3627/1264/3323 4028/1263/3323
f 3666/1340/3324 4487/1283/3324 3655/1286/3324 3278/1341/3324
f 3279/1349/3325 3656/1294/3325 4487/1283/3325 3666/1340/3325
f 4489/1294/3326 4276/1293/3326 3642/1284/3326 4030/1283/3326
f 3667/1344/3327 4490/1287/3327 4491/1290/3327 3285/1345/3327
f 3367/2495/3328 3836/2492/3328 4490/1287/3328 3667/1344/3328
f 4492/2492/3329 3366/2491/3329 3643/1288/3329 4031/1287/3329
f 3668/1348/3330 4493/1291/3330 3656/1294/3330 3279/1349/3330
f 3280/1361/3331 3657/1306/3331 4493/1291/3331 3668/1348/3331
f 4494/1306/1550 4282/1305/1550 3644/1292/1550 4032/1291/1550
f 3669/1352/3332 4495/1295/3332 3653/1298/3332 3276/1353/3332
f 3397/2814/3333 3897/2811/3333 4495/1295/3333 3669/1352/3333
f 4497/2811/3334 3396/2810/3334 3645/1296/3334 4033/1295/3334
f 3670/1356/3335 4498/1299/3335 3654/1302/3335 3277/1357/3335
f 3412/2967/3336 3927/2964/3336 4498/1299/3336 3670/1356/3336
f 4500/2964/3337 3411/2963/3337 3646/1300/3337 4034/1299/3337
f 3671/1360/3338 4501/1303/3338 3657/1306/3338 3280/1361/3338
f 3281/1369/3339 3658/1314/3339 4501/1303/3339 3671/1360/3339
f 4502/1314/1559 4285/1313/1559 3647/1304/1559 4035/1303/1559
f 3640/3266/1562 3275/3261/1562 3648/1308/1562 4036/1307/1562
f 3673/1368/3340 4503/1311/3340 3658/1314/3340 3281/1369/3340
f 3282/1373/3341 3659/1318/3341 4503/1311/3341 3673/1368/3341
f 4504/1318/1565 4287/1317/1565 3649/1312/1565 4037/1311/1565
f 3674/1372/3342 4505/1315/3342 3659/1318/3342 3282/1373/3342
f 3283/1377/3343 3660/1322/3343 4505/1315/3343 3674/1372/3343
f 4506/1322/1568 4289/1321/1568 3650/1316/1568 4038/1315/1568
f 3675/1376/3344 4507/1319/3344 3660/1322/3344 3283/1377/3344
f 4205/3268/3345 4041/1339/3345 3489/1342/3345 4208/3269/3345
f 4206/3270/3346 3490/1350/3346 4041/1339/3346 4205/3268/3346
f 3490/1350/3347 3279/1349/3347 3666/1340/3347 4041/1339/3347
f 4303/3271/3348 4042/1343/3348 3662/1346/3348 4300/3272/3348
f 4304/3273/3349 3837/2496/3349 4042/1343/3349 4303/3271/3349
f 3837/2496/3350 3367/2495/3350 3667/1344/3350 4042/1343/3350
f 4203/3274/3351 4043/1347/3351 3490/1350/3351 4206/3270/3351
f 4204/3275/3352 3491/1362/3352 4043/1347/3352 4203/3274/3352
f 3491/1362/3353 3280/1361/3353 3668/1348/3353 4043/1347/3353
f 4327/3276/3354 4044/1351/3354 3486/1354/3354 4212/3277/3354
f 4328/3278/3355 3898/2815/3355 4044/1351/3355 4327/3276/3355
f 3898/2815/3356 3397/2814/3356 3669/1352/3356 4044/1351/3356
f 4339/3279/3357 4045/1355/3357 3488/1358/3357 4210/3280/3357
f 4340/3281/3358 3928/2968/3358 4045/1355/3358 4339/3279/3358
f 3928/2968/3359 3412/2967/3359 3670/1356/3359 4045/1355/3359
f 4201/3282/3360 4046/1359/3360 3491/1362/3360 4204/3275/3360
f 4202/3283/3361 3492/1370/3361 4046/1359/3361 4201/3282/3361
f 3492/1370/3362 3281/1369/3362 3671/1360/3362 4046/1359/3362
f 3664/3287/1607 3287/3265/1607 3672/1364/1607 4047/1363/1607
f 4199/3288/3363 4048/1367/3363 3492/1370/3363 4202/3283/3363
f 4200/3289/3364 3493/1374/3364 4048/1367/3364 4199/3288/3364
f 3493/1374/3365 3282/1373/3365 3673/1368/3365 4048/1367/3365
f 4197/3290/3366 4049/1371/3366 3493/1374/3366 4200/3289/3366
f 4198/3291/3367 3494/1378/3367 4049/1371/3367 4197/3290/3367
f 3494/1378/3368 3283/1377/3368 3674/1372/3368 4049/1371/3368
f 4196/3292/3369 4050/1375/3369 3494/1378/3369 4198/3291/3369
f 3663/1366/3370 3286/1365/3370 3675/1376/3370 4050/1375/3370
f 4325/3345/3371 4508/1481/3371 4509/1484/3371 4349/3346/3371
f 4326/3347/3372 3899/2827/3372 4508/1481/3372 4325/3345/3372
f 4510/2827/3373 3398/2826/3373 3691/1482/3373 4052/1481/3373
f 4337/3348/3374 4511/1485/3374 3442/1488/3374 4191/3349/3374
f 4338/3350/3375 3929/2980/3375 4511/1485/3375 4337/3348/3375
f 4513/2980/3376 3413/2979/3376 3692/1486/3376 4053/1485/3376
f 4186/3351/3377 4514/1489/3377 3444/1492/3377 4189/3352/3377
f 4187/3353/3378 3446/1496/3378 4514/1489/3378 4186/3351/3378
f 4516/1496/3379 3292/1495/3379 3693/1490/3379 4054/1489/3379
f 4184/3354/3380 4517/1493/3380 3446/1496/3380 4187/3353/3380
f 4185/596/3381 3447/1500/3381 4517/1493/3381 4184/3354/3381
f 4518/1500/3382 3293/1499/3382 3694/1494/3382 4055/1493/3382
f 4182/595/3383 4519/1497/3383 3447/1500/3383 4185/596/3383
f 4183/604/3384 3448/1508/3384 4519/1497/3384 4182/595/3384
f 4520/1508/3385 3294/1507/3385 3695/1498/3385 4056/1497/3385
f 4229/599/3386 4521/1501/3386 4522/1504/3386 4177/600/3386
f 4230/3092/3387 4523/3355/3387 4521/1501/3387 4229/599/3387
f 3689/3355/3388 3300/3143/3388 3696/1502/3388 4057/1501/3388
f 4180/603/3389 4524/1505/3389 3448/1508/3389 4183/604/3389
f 4181/608/3390 3450/1512/3390 4524/1505/3390 4180/603/3390
f 4525/1512/3391 3296/1511/3391 3697/1506/3391 4058/1505/3391
f 4178/607/3392 4526/1509/3392 3450/1512/3392 4181/608/3392
f 4179/616/3393 3451/1516/3393 4526/1509/3393 4178/607/3393
f 4527/1516/3394 3297/1515/3394 3698/1510/3394 4059/1509/3394
f 4176/615/3395 4528/1513/3395 3451/1516/3395 4179/616/3395
f 4177/600/3396 4522/1504/3396 4528/1513/3396 4176/615/3396
f 3684/1504/3397 3295/1503/3397 3699/1514/3397 4060/1513/3397
f 3838/2506/3398 4061/1517/3398 3824/1520/3398 3368/2507/3398
f 3357/3148/3399 3813/3146/3399 4529/1517/3399 4530/2506/3399
f 3813/3146/3400 3180/3606/3400 3452/3607/3400 4529/1517/3400
f 3859/3574/3401 4062/3559/3401 3845/3562/3401 3374/3575/3401
f 3372/3608/3402 3843/3609/3402 4532/3610/3402 4533/3611/3402
f 3843/3609/3403 3182/3612/3403 3455/3613/3403 4532/3610/3403
f 3816/757/3404 4535/1654/3404 4536/1657/3404 3202/758/3404
f 3360/2439/3405 3839/2524/3405 4535/1654/3405 3816/757/3405
f 4537/2524/3406 3369/2523/3406 3715/1655/3406 4063/1654/3406
f 3877/761/3407 4538/1658/3407 3504/1661/3407 3201/762/3407
f 3390/2758/3408 3900/2843/3408 4538/1658/3408 3877/761/3408
f 4540/2843/3409 3399/2842/3409 3716/1659/3409 4064/1658/3409
f 3907/765/3410 4541/1662/3410 3506/1665/3410 3200/766/3410
f 3405/2911/3411 3930/2996/3411 4541/1662/3411 3907/765/3411
f 4543/2996/3412 3414/2995/3412 3717/1663/3412 4065/1662/3412
f 3482/769/3413 4544/1666/3413 3507/1669/3413 3199/770/3413
f 3198/774/3414 3508/1673/3414 4544/1666/3414 3482/769/3414
f 4546/1673/3415 3305/1672/3415 3718/1667/3415 4066/1666/3415
f 3481/773/3416 4547/1670/3416 3508/1673/3416 3198/774/3416
f 3197/778/3417 3509/1677/3417 4547/1670/3417 3481/773/3417
f 4548/1677/3418 3306/1676/3418 3719/1671/3418 4067/1670/3418
f 3480/777/3419 4549/1674/3419 3509/1677/3419 3197/778/3419
f 3196/786/3420 3510/1685/3420 4549/1674/3420 3480/777/3420
f 4550/1685/3421 3307/1684/3421 3720/1675/3421 4068/1674/3421
f 3562/781/3422 4551/1678/3422 4552/1681/3422 3194/782/3422
f 3714/3396/3423 3312/3397/3423 3721/1679/3423 4069/1678/3423
f 3479/785/3424 4553/1682/3424 3510/1685/3424 3196/786/3424
f 3195/790/3425 3512/1689/3425 4553/1682/3425 3479/785/3425
f 4554/1689/3426 3309/1688/3426 3722/1683/3426 4070/1682/3426
f 3478/789/3427 4555/1686/3427 3512/1689/3427 3195/790/3427
f 3193/794/3428 3513/1693/3428 4555/1686/3428 3478/789/3428
f 4556/1693/3429 3310/1692/3429 3723/1687/3429 4071/1686/3429
f 3477/793/3430 4557/1690/3430 3513/1693/3430 3193/794/3430
f 3194/782/3431 4552/1681/3431 4557/1690/3431 3477/793/3431
f 3710/1681/3432 3308/1680/3432 3724/1691/3432 4072/1690/3432
f 4305/869/3433 4558/1694/3433 4559/1697/3433 4294/870/3433
f 4306/2451/3434 3840/2528/3434 4558/1694/3434 4305/869/3434
f 4329/873/3435 4560/1698/3435 3549/1701/3435 4228/874/3435
f 4330/2770/3436 3901/2847/3436 4560/1698/3436 4329/873/3436
f 4341/877/3437 4561/1702/3437 3550/1705/3437 4226/878/3437
f 4342/2923/3438 3931/3000/3438 4561/1702/3438 4341/877/3438
f 4221/881/3439 4562/1706/3439 3551/1709/3439 4224/882/3439
f 4222/886/3440 3552/1713/3440 4562/1706/3440 4221/881/3440
f 4219/885/3441 4563/1710/3441 3552/1713/3441 4222/886/3441
f 4220/890/3442 3553/1717/3442 4563/1710/3442 4219/885/3442
f 4217/889/3443 4564/1714/3443 3553/1717/3443 4220/890/3443
f 4218/894/3444 3554/1721/3444 4564/1714/3444 4217/889/3444
f 4215/893/3445 4565/1718/3445 3554/1721/3445 4218/894/3445
f 4216/898/3446 3555/1731/3446 4565/1718/3446 4215/893/3446
f 3343/1874/3447 4455/1019/3447 4566/1722/3447 4568/1914/3447
f 3557/1019/3448 3241/1018/3448 3571/1097/3448 4567/1722/3448
f 4213/897/3449 4569/1728/3449 3555/1731/3449 4216/898/3449
f 4214/3185/3450 4570/1735/3450 4569/1728/3450 4213/897/3450
f 4233/1083/3451 4571/1732/3451 4570/1735/3451 4214/3185/3451
f 3232/1082/3452 4572/3398/3452 4571/1732/3452 4233/1083/3452
f 3232/1082/3453 3556/3400/3453 4573/1736/3453 4572/3398/3453
f 3556/3400/3454 3240/3401/3454 3580/1737/3454 4573/1736/3454
f 4715/3091/3455 4740/1744/3455 4290/1747/3455 3233/3092/3455
f 3817/797/3456 4575/1754/3456 4576/1757/3456 3212/798/3456
f 3361/2443/3457 3841/2532/3457 4575/1754/3457 3817/797/3457
f 4577/2532/3458 3370/2531/3458 3750/1755/3458 4078/1754/3458
f 3878/801/3459 4578/1758/3459 3522/1761/3459 3211/802/3459
f 3391/2762/3460 3902/2851/3460 4578/1758/3460 3878/801/3460
f 4580/2851/3461 3400/2850/3461 3751/1759/3461 4079/1758/3461
f 3908/805/3462 4581/1762/3462 3524/1765/3462 3210/806/3462
f 3406/2915/3463 3932/3004/3463 4581/1762/3463 3908/805/3463
f 4583/3004/3464 3415/3003/3464 3752/1763/3464 4080/1762/3464
f 3500/809/3465 4584/1766/3465 3525/1769/3465 3209/810/3465
f 3208/814/3466 3526/1773/3466 4584/1766/3466 3500/809/3466
f 4586/1773/3467 3319/1772/3467 3753/1767/3467 4081/1766/3467
f 3499/813/3468 4587/1770/3468 3526/1773/3468 3208/814/3468
f 3207/818/3469 3527/1777/3469 4587/1770/3469 3499/813/3469
f 4588/1777/3470 3320/1776/3470 3754/1771/3470 4082/1770/3470
f 3498/817/3471 4589/1774/3471 3527/1777/3471 3207/818/3471
f 3206/826/3472 3528/1781/3472 4589/1774/3472 3498/817/3472
f 4590/1781/3473 3321/1780/3473 3755/1775/3473 4083/1774/3473
f 3497/825/3474 4591/1778/3474 3528/1781/3474 3206/826/3474
f 3205/830/3475 3529/1785/3475 4591/1778/3475 3497/825/3475
f 4592/1785/3476 3322/1784/3476 3756/1779/3476 4084/1778/3476
f 3496/829/3477 4593/1782/3477 3529/1785/3477 3205/830/3477
f 3203/834/3478 3530/3407/3478 4593/1782/3478 3496/829/3478
f 4594/3407/3479 3323/3180/3479 3757/1783/3479 4085/1782/3479
f 3744/1817/1929 4086/1786/1929 3758/1789/1929 3331/1818/1929
f 4594/3407/3480 4087/1790/3480 3759/1793/3480 3323/3180/3480
f 3203/834/3481 3495/833/3481 4595/1790/3481 3530/3407/3481
f 3495/833/3482 3204/822/3482 4596/1791/3482 4595/1790/3482
f 3578/3173/3483 4598/1794/3483 3579/1797/3483 3239/3174/3483
f 3312/3172/3484 3725/3408/3484 4597/1794/3484 4428/3173/3484
f 3737/1791/3485 4089/1798/3485 3761/1799/3485 3324/1792/3485
f 3204/822/3486 3561/821/3486 4600/1798/3486 4596/1791/3486
f 3561/821/3487 3239/3174/3487 3579/1797/3487 4600/1798/3487
f 4230/3092/3488 4291/1747/3488 4601/1820/3488 4523/3355/3488
f 3818/837/3489 4602/1840/3489 4603/1843/3489 3221/838/3489
f 3362/2447/3490 3842/2536/3490 4602/1840/3490 3818/837/3490
f 4604/2536/3491 3371/2535/3491 3779/1841/3491 4096/1840/3491
f 3879/841/3492 4605/1844/3492 3539/1847/3492 3220/842/3492
f 3392/2766/3493 3903/2855/3493 4605/1844/3493 3879/841/3493
f 4607/2855/3494 3401/2854/3494 3780/1845/3494 4097/1844/3494
f 3909/845/3495 4608/1848/3495 3541/1851/3495 3219/846/3495
f 3407/2919/3496 3933/3008/3496 4608/1848/3496 3909/845/3496
f 4610/3008/3497 3416/3007/3497 3781/1849/3497 4098/1848/3497
f 3518/849/3498 4611/1852/3498 3542/1855/3498 3218/850/3498
f 3217/854/3499 3543/1859/3499 4611/1852/3499 3518/849/3499
f 4613/1859/3500 3338/1858/3500 3782/1853/3500 4099/1852/3500
f 3517/853/3501 4614/1856/3501 3543/1859/3501 3217/854/3501
f 3216/858/3502 3544/1863/3502 4614/1856/3502 3517/853/3502
f 4615/1863/3503 3339/1862/3503 3783/1857/3503 4100/1856/3503
f 3516/857/3504 4616/1860/3504 3544/1863/3504 3216/858/3504
f 3215/862/3505 3545/1867/3505 4616/1860/3505 3516/857/3505
f 4617/1867/3506 3340/1866/3506 3784/1861/3506 4101/1860/3506
f 3515/861/3507 4618/1864/3507 3545/1867/3507 3215/862/3507
f 3214/866/3508 3546/1871/3508 4618/1864/3508 3515/861/3508
f 4619/1871/3509 3341/1870/3509 3785/1865/3509 4102/1864/3509
f 3514/865/3510 4620/1868/3510 3546/1871/3510 3214/866/3510
f 3213/3182/3511 3547/3414/3511 4620/1868/3511 3514/865/3511
f 4621/3414/3512 3342/3183/3512 3786/1869/3512 4103/1868/3512
f 4231/3400/3513 4104/1872/3513 3777/1875/3513 3240/3401/3513
f 4232/1082/3514 3778/1081/3514 4104/1872/3514 4231/3400/3514
f 3778/1081/3515 3344/1878/3515 3787/1873/3515 4104/1872/3515
f 4621/3414/3516 4105/1876/3516 3788/1879/3516 3342/3183/3516
f 3213/3182/3517 3560/1091/3517 4622/1876/3517 3547/3414/3517
f 3560/1091/3518 3231/1090/3518 3558/1877/3518 4622/1876/3518
f 3251/1178/2005 3604/1896/2005 4623/1883/2005 3591/1179/2005
f 3291/1479/2008 3702/1912/2008 4624/1885/2008 3680/611/2008
f 3176/612/2011 3572/1888/2011 4625/1889/2011 3569/679/2011
f 3261/1225/2014 3628/1900/2014 4626/1893/2014 3613/1226/2014
f 3273/1281/2017 3652/1904/2017 4627/1897/2017 3637/1282/2017
f 3284/1337/2020 3676/1908/2020 4628/1901/2020 3661/1338/2020
f 3566/1087/2022 4629/1905/2022 3676/1908/2022 3284/1337/2022
f 3240/3401/3519 3777/1875/3519 4631/1913/3519 3580/1737/3519
f 3777/1875/3520 3343/1874/3520 4568/1914/3520 4631/1913/3520
f 3846/2361/3521 4632/2276/3521 4633/2279/3521 4350/2362/3521
f 3375/2681/3522 3860/2598/3522 4632/2276/3522 3846/2361/3522
f 3847/2313/3523 4106/2280/3523 3794/2283/3523 4351/2314/3523
f 3376/2633/3524 3861/2602/3524 4106/2280/3524 3847/2313/3524
f 3861/2602/3525 3377/2601/3525 3802/2281/3525 4106/2280/3525
f 3849/2397/2313 4634/2288/2313 4635/2291/2313 3348/2398/2313
f 3378/2717/2314 3862/2610/2314 4634/2288/2314 3849/2397/2314
f 4636/2610/3526 3379/2609/3526 3804/2289/3526 4107/2288/3526
f 3851/2401/3527 4637/2292/3527 4638/2295/3527 4352/2402/3527
f 3380/2721/3528 3863/2614/3528 4637/2292/3528 3851/2401/3528
f 4639/2614/3529 3381/2613/3529 3806/2293/3529 4108/2292/3529
f 3853/2337/3530 4640/2312/3530 4641/2315/3530 3353/2338/3530
f 3382/2657/3531 3864/2634/3531 4640/2312/3531 3853/2337/3531
f 4642/2634/2333 4318/2633/2333 4317/2313/2333 4109/2312/2333
f 3854/3461/3532 4110/2336/3532 3796/2339/3532 4353/3462/3532
f 3383/3463/3533 3865/2658/3533 4110/2336/3533 3854/3461/3533
f 3865/2658/3534 3382/2657/3534 3853/2337/3534 4110/2336/3534
f 3806/2293/3535 4643/2340/3535 4644/2343/3535 3346/2294/3535
f 3381/2613/3536 3866/2662/3536 4643/2340/3536 3806/2293/3536
f 4645/2662/3537 3384/2661/3537 3809/2341/3537 4111/2340/3537
f 3804/2289/3538 4112/2360/3538 3792/2363/3538 3356/2290/3538
f 3379/2609/3539 3867/2682/3539 4112/2360/3539 3804/2289/3539
f 3867/2682/3540 4316/2681/3540 4315/2361/3540 4112/2360/3540
f 3856/2381/2379 4646/2376/2379 4647/2379/2379 3347/2382/2379
f 3385/2701/2380 3868/2698/2380 4646/2376/2380 3856/2381/2380
f 4648/2698/3541 3386/2697/3541 3811/2377/3541 4113/2376/3541
f 3809/3464/2382 4649/2380/2382 4650/2383/2382 3354/3465/2382
f 3384/3466/3542 3869/2702/3542 4649/2380/3542 3809/3464/3542
f 4651/2702/2384 3385/2701/2384 3856/2381/2384 4114/2380/2384
f 3811/2377/3543 4652/2396/3543 4653/2399/3543 3355/2378/3543
f 3386/2697/3544 3870/2718/3544 4652/2396/3544 3811/2377/3544
f 4654/2718/2396 3378/2717/2396 3849/2397/2396 4115/2396/2396
f 4296/2281/3545 4655/2400/3545 4656/2403/3545 4297/2282/3545
f 4320/2601/3546 3871/2722/3546 4655/2400/3546 4296/2281/3546
f 4657/2722/3547 4322/2721/3547 4321/2401/3547 4116/2400/3547
f 3843/3609/3548 4117/3563/3548 3812/3566/3548 3182/3612/3548
f 3372/3608/3549 3872/3580/3549 4117/3563/3549 3843/3609/3549
f 3872/3580/3550 4324/3579/3550 4323/3564/3550 4117/3563/3550
f 4722/2582/3551 4302/2431/3551 4192/711/3551 4734/2424/3551
f 4802/3614/3552 4660/3615/3552 4658/3616/3552 4776/3617/3552
f 4801/3618/3553 3873/3619/3553 4660/3615/3553 4802/3614/3553
f 4509/1484/3554 4119/2429/3554 3814/2432/3554 4349/3346/3554
f 3289/1483/3555 3700/2508/3555 4661/2429/3555 3678/1484/3555
f 3700/2508/3556 3368/2507/3556 4383/2430/3556 4661/2429/3556
f 3453/3488/3557 4120/2433/3557 3829/2436/3557 3357/3148/3557
f 3178/672/3558 3467/723/3558 4120/2433/3558 3453/3488/3558
f 3467/723/3559 3191/722/3559 3466/2434/3559 4120/2433/3559
f 4307/2478/3560 4662/2437/3560 3830/2440/3560 4308/2479/3560
f 3242/1140/3561 3582/763/3561 4662/2437/3561 4307/2478/3561
f 4392/763/3562 3201/762/3562 3485/2438/3562 4121/2437/3562
f 3825/3489/3563 4663/2441/3563 3831/2444/3563 3369/3156/3563
f 3301/3158/3564 3703/803/3564 4663/2441/3564 3825/3489/3564
f 4414/803/3565 3211/802/3565 3503/2442/3565 4122/2441/3565
f 3826/2530/3566 4664/2445/3566 3832/2448/3566 3370/2531/3566
f 3315/1760/3567 3728/843/3567 4664/2445/3567 3826/2530/3567
f 4438/843/3568 3220/842/3568 3521/2446/3568 4123/2445/3568
f 3827/2534/3569 4124/2449/3569 3833/2452/3569 3371/2535/3569
f 3334/1846/3570 3768/875/3570 4124/2449/3570 3827/2534/3570
f 3768/875/3571 3229/874/3571 3538/2450/3571 4124/2449/3571
f 4309/2486/3572 4665/2477/3572 3834/2480/3572 4310/2487/3572
f 3253/1241/3573 3605/1141/3573 4665/2477/3573 4309/2486/3573
f 4476/1141/3574 4237/1140/3574 3820/2478/3574 4125/2477/3574
f 4311/2490/3575 4126/2485/3575 3835/2488/3575 4312/2491/3575
f 3265/1297/3576 3629/1242/3576 4126/2485/3576 4311/2490/3576
f 3629/1242/3577 4260/1241/3577 3821/2486/3577 4126/2485/3577
f 3823/2494/3578 4666/2489/3578 3836/2492/3578 3367/2495/3578
f 3276/1353/3579 3653/1298/3579 4666/2489/3579 3823/2494/3579
f 4496/1298/3580 4278/1297/3580 3822/2490/3580 4127/2489/3580
f 4211/3492/3581 4128/2493/3581 3837/2496/3581 4304/3273/3581
f 4212/3277/3582 3486/1354/3582 4128/2493/3582 4211/3492/3582
f 3486/1354/3583 3276/1353/3583 3823/2494/3583 4128/2493/3583
f 4364/673/3584 4129/2505/3584 3700/2508/3584 3289/1483/3584
f 3178/672/3585 3453/3488/3585 4667/2505/3585 3443/673/3585
f 3453/3488/3586 3357/3148/3586 4530/2506/3586 4667/2505/3586
f 3485/2438/3587 4668/2521/3587 3839/2524/3587 3360/2439/3587
f 3201/762/3588 3504/1661/3588 4668/2521/3588 3485/2438/3588
f 4539/1661/3589 3301/1660/3589 3825/2522/3589 4130/2521/3589
f 4227/2450/3590 4669/2525/3590 3840/2528/3590 4306/2451/3590
f 4228/874/3591 3549/1701/3591 4669/2525/3591 4227/2450/3591
f 3503/2442/3592 4670/2529/3592 3841/2532/3592 3361/2443/3592
f 3211/802/3593 3522/1761/3593 4670/2529/3593 3503/2442/3593
f 4579/1761/3594 3315/1760/3594 3826/2530/3594 4131/2529/3594
f 3521/2446/3595 4671/2533/3595 3842/2536/3595 3362/2447/3595
f 3220/842/3596 3539/1847/3596 4671/2533/3596 3521/2446/3596
f 4606/1847/3597 3334/1846/3597 3827/2534/3597 4132/2533/3597
f 4750/3135/3598 3168/3346/3598 4301/2432/3598 4736/2581/3598
f 4384/3550/3599 4134/3569/3599 3844/3572/3599 3179/3551/3599
f 3298/1519/3600 3701/3576/3600 4672/3620/3600 3687/709/3600
f 3701/3576/3601 3374/3575/3601 4386/3604/3601 4672/3620/3601
f 4531/3558/3602 4135/3573/3602 3701/3576/3602 3298/1519/3602
f 3180/3606/3603 3456/3621/3603 4673/3622/3603 3452/3607/3603
f 3456/3621/3604 3372/3608/3604 4533/3611/3604 4673/3622/3604
f 3800/2680/3605 4674/2595/3605 3860/2598/3605 3375/2681/3605
f 4294/870/3606 4559/1697/3606 4674/2595/3606 3800/2680/3606
f 3801/2632/3607 4136/2599/3607 3861/2602/3607 3376/2633/3607
f 4274/1289/3608 3614/1234/3608 4136/2599/3608 3801/2632/3608
f 3614/1234/3609 3262/1233/3609 3848/2600/3609 4136/2599/3609
f 3803/2716/2556 4675/2607/2556 3862/2610/2556 3378/2717/2556
f 3221/838/2557 4603/1843/2557 4675/2607/2557 3803/2716/2557
f 3769/1843/3610 3335/1842/3610 3850/2608/3610 4137/2607/3610
f 3805/2720/3611 4676/2611/3611 3863/2614/3611 3380/2721/3611
f 4235/1132/3612 4389/759/3612 4676/2611/3612 3805/2720/3612
f 3487/759/3613 3202/758/3613 3852/2612/3613 4138/2611/3613
f 3807/2656/3614 4677/2631/3614 3864/2634/3614 3382/2657/3614
f 3285/1345/3615 4491/1290/3615 4677/2631/3615 3807/2656/3615
f 3638/1290/2576 3274/1289/2576 4295/2632/2576 4139/2631/2576
f 3808/3519/3616 4140/2655/3616 3865/2658/3616 3383/3463/3616
f 4300/3272/3617 3662/1346/3617 4140/2655/3617 3808/3519/3617
f 3662/1346/3618 3285/1345/3618 3807/2656/3618 4140/2655/3618
f 3852/2612/3619 4678/2659/3619 3866/2662/3619 3381/2613/3619
f 3202/758/3620 4536/1657/3620 4678/2659/3620 3852/2612/3620
f 3704/1657/3621 3302/1656/3621 3855/2660/3621 4141/2659/3621
f 3850/2608/3622 4142/2679/3622 3867/2682/3622 3379/2609/3622
f 3335/1842/3623 3540/871/3623 4142/2679/3623 3850/2608/3623
f 3540/871/3624 3230/870/3624 4293/2680/3624 4142/2679/3624
f 3810/2700/2622 4679/2695/2622 3868/2698/2622 3385/2701/2622
f 3212/798/3625 4576/1757/3625 4679/2695/3625 3810/2700/3625
f 3729/1757/3626 3316/1756/3626 3857/2696/3626 4143/2695/3626
f 3855/3520/3627 4680/2699/3627 3869/2702/3627 3384/3466/3627
f 3302/3155/3628 4411/799/3628 4680/2699/3628 3855/3520/3628
f 3505/799/3629 3212/798/3629 3810/2700/3629 4144/2699/3629
f 3857/2696/3630 4681/2715/3630 3870/2718/3630 3386/2697/3630
f 3316/1756/3631 4435/839/3631 4681/2715/3631 3857/2696/3631
f 3523/839/3632 3221/838/3632 3803/2716/3632 4145/2715/3632
f 4319/2600/3633 4682/2719/3633 3871/2722/3633 4320/2601/3633
f 4256/1233/3634 4471/1133/3634 4682/2719/3634 4319/2600/3634
f 3585/1133/3635 3243/1132/3635 4298/2720/3635 4146/2719/3635
f 3456/3621/3636 4147/3577/3636 3872/3580/3636 3372/3608/3636
f 3180/3606/3637 3468/3557/3637 4147/3577/3637 3456/3621/3637
f 3468/3557/3638 3192/3556/3638 4299/3578/3638 4147/3577/3638
f 4803/3623/3639 4683/3624/3639 3873/3619/3639 4801/3618/3639
f 4777/3625/3640 4684/3626/3640 4683/3624/3640 4803/3623/3640
f 4798/3595/3641 4792/3627/3641 4685/3628/3641 3429/3596/3641
f 4792/3627/3642 4779/3597/3642 4362/3600/3642 4685/3628/3642
f 3885/2825/3643 4686/2748/3643 3889/2751/3643 3398/2826/3643
f 3288/1487/3644 3677/677/3644 4686/2748/3644 3885/2825/3644
f 4367/677/3645 3177/676/3645 3441/2749/3645 4148/2748/3645
f 3441/2749/3646 4149/2752/3646 3890/2755/3646 3388/2750/3646
f 3177/676/3647 3469/727/3647 4149/2752/3647 3441/2749/3647
f 3469/727/3648 3190/726/3648 3465/2753/3648 4149/2752/3648
f 4331/2797/3649 4687/2756/3649 3891/2759/3649 4332/2798/3649
f 3244/1148/3650 3584/767/3650 4687/2756/3650 4331/2797/3650
f 4395/767/3651 3200/766/3651 3484/2757/3651 4150/2756/3651
f 3886/3531/3652 4688/2760/3652 3892/2763/3652 3399/3159/3652
f 3303/3161/3653 3705/807/3653 4688/2760/3653 3886/3531/3653
f 4417/807/3654 3210/806/3654 3502/2761/3654 4151/2760/3654
f 3887/2849/3655 4689/2764/3655 3893/2767/3655 3400/2850/3655
f 3317/1764/3656 3730/847/3656 4689/2764/3656 3887/2849/3656
f 4441/847/3657 3219/846/3657 3520/2765/3657 4152/2764/3657
f 3888/2853/3658 4153/2768/3658 3894/2771/3658 3401/2854/3658
f 3336/1850/3659 3770/879/3659 4153/2768/3659 3888/2853/3659
f 3770/879/3660 3228/878/3660 3537/2769/3660 4153/2768/3660
f 4333/2805/3661 4690/2796/3661 3895/2799/3661 4334/2806/3661
f 3254/1245/3662 3606/1149/3662 4690/2796/3662 4333/2805/3662
f 4479/1149/3663 4239/1148/3663 3881/2797/3663 4154/2796/3663
f 4335/2809/3664 4155/2804/3664 3896/2807/3664 4336/2810/3664
f 3266/1301/3665 3630/1246/3665 4155/2804/3665 4335/2809/3665
f 3630/1246/3666 4262/1245/3666 3882/2805/3666 4155/2804/3666
f 3884/2813/3667 4691/2808/3667 3897/2811/3667 3397/2814/3667
f 3277/1357/3668 3654/1302/3668 4691/2808/3668 3884/2813/3668
f 4499/1302/3669 4280/1301/3669 3883/2809/3669 4156/2808/3669
f 4209/3534/3670 4157/2812/3670 3898/2815/3670 4328/3278/3670
f 4210/3280/3671 3488/1358/3671 4157/2812/3671 4209/3534/3671
f 3488/1358/3672 3277/1357/3672 3884/2813/3672 4157/2812/3672
f 4190/3537/3673 4692/2824/3673 3899/2827/3673 4326/3347/3673
f 4191/3349/3674 3442/1488/3674 4692/2824/3674 4190/3537/3674
f 4512/1488/3675 3288/1487/3675 3885/2825/3675 4158/2824/3675
f 3484/2757/3676 4693/2840/3676 3900/2843/3676 3390/2758/3676
f 3200/766/3677 3506/1665/3677 4693/2840/3677 3484/2757/3677
f 4542/1665/3678 3303/1664/3678 3886/2841/3678 4159/2840/3678
f 4225/2769/3679 4694/2844/3679 3901/2847/3679 4330/2770/3679
f 4226/878/3680 3550/1705/3680 4694/2844/3680 4225/2769/3680
f 3502/2761/3681 4695/2848/3681 3902/2851/3681 3391/2762/3681
f 3210/806/3682 3524/1765/3682 4695/2848/3682 3502/2761/3682
f 4582/1765/3683 3317/1764/3683 3887/2849/3683 4160/2848/3683
f 3520/2765/3684 4696/2852/3684 3903/2855/3684 3392/2766/3684
f 3219/846/3685 3541/1851/3685 4696/2852/3685 3520/2765/3685
f 4609/1851/3686 3336/1850/3686 3888/2853/3686 4161/2852/3686
f 4797/3589/3687 4793/3629/3687 4697/3630/3687 3425/3590/3687
f 4793/3629/3688 4780/3591/3688 4360/3594/3688 4697/3630/3688
f 3915/2978/3689 4698/2901/3689 3919/2904/3689 3413/2979/3689
f 3290/1491/3690 3679/683/3690 4698/2901/3690 3915/2978/3690
f 4370/683/3691 3175/682/3691 3440/2902/3691 4162/2901/3691
f 3440/2902/3692 4163/2905/3692 3920/2908/3692 3403/2903/3692
f 3175/682/3693 3470/731/3693 4163/2905/3693 3440/2902/3693
f 3470/731/3694 3189/730/3694 3464/2906/3694 4163/2905/3694
f 4343/2950/3695 4699/2909/3695 3921/2912/3695 4344/2951/3695
f 3245/1124/3696 3583/771/3696 4699/2909/3696 4343/2950/3696
f 4398/771/3697 3199/770/3697 3483/2910/3697 4164/2909/3697
f 3916/3542/3698 4700/2913/3698 3922/2916/3698 3414/3162/3698
f 3304/3164/3699 3706/811/3699 4700/2913/3699 3916/3542/3699
f 4420/811/3700 3209/810/3700 3501/2914/3700 4165/2913/3700
f 3917/3002/3701 4701/2917/3701 3923/2920/3701 3415/3003/3701
f 3318/1768/3702 3731/851/3702 4701/2917/3702 3917/3002/3702
f 4444/851/3703 3218/850/3703 3519/2918/3703 4166/2917/3703
f 3918/3006/3704 4167/2921/3704 3924/2924/3704 3416/3007/3704
f 3337/1854/3705 3771/883/3705 4167/2921/3705 3918/3006/3705
f 3771/883/3706 3227/882/3706 3536/2922/3706 4167/2921/3706
f 4345/2958/3707 4702/2949/3707 3925/2952/3707 4346/2959/3707
f 3255/1229/3708 3607/1125/3708 4702/2949/3708 4345/2958/3708
f 4468/1125/3709 4241/1124/3709 3911/2950/3709 4168/2949/3709
f 4347/2962/3710 4169/2957/3710 3926/2960/3710 4348/2963/3710
f 3267/1285/3711 3631/1230/3711 4169/2957/3711 4347/2962/3711
f 3631/1230/3712 4254/1229/3712 3912/2958/3712 4169/2957/3712
f 3914/2966/3713 4703/2961/3713 3927/2964/3713 3412/2967/3713
f 3278/1341/3714 3655/1286/3714 4703/2961/3714 3914/2966/3714
f 4488/1286/3715 4272/1285/3715 3913/2962/3715 4170/2961/3715
f 4207/3545/3716 4171/2965/3716 3928/2968/3716 4340/3281/3716
f 4208/3269/3717 3489/1342/3717 4171/2965/3717 4207/3545/3717
f 3489/1342/3718 3278/1341/3718 3914/2966/3718 4171/2965/3718
f 4188/3548/3719 4704/2977/3719 3929/2980/3719 4338/3350/3719
f 4189/3352/3720 3444/1492/3720 4704/2977/3720 4188/3548/3720
f 4515/1492/3721 3290/1491/3721 3915/2978/3721 4172/2977/3721
f 3483/2910/3722 4705/2993/3722 3930/2996/3722 3405/2911/3722
f 3199/770/3723 3507/1669/3723 4705/2993/3723 3483/2910/3723
f 4545/1669/3724 3304/1668/3724 3916/2994/3724 4173/2993/3724
f 4223/2922/3725 4706/2997/3725 3931/3000/3725 4342/2923/3725
f 4224/882/3726 3551/1709/3726 4706/2997/3726 4223/2922/3726
f 3501/2914/3727 4707/3001/3727 3932/3004/3727 3406/2915/3727
f 3209/810/3728 3525/1769/3728 4707/3001/3728 3501/2914/3728
f 4585/1769/3729 3318/1768/3729 3917/3002/3729 4174/3001/3729
f 3519/2918/3730 4708/3005/3730 3933/3008/3730 3407/2919/3730
f 3218/850/3731 3542/1855/3731 4708/3005/3731 3519/2918/3731
f 4612/1855/3732 3337/1854/3732 3918/3006/3732 4175/3005/3732
f 3430/3548/3733 3402/3350/3733 4741/3122/3733 4742/3539/3733
f 3165/3352/3734 3430/3548/3734 4742/3539/3734 4743/3112/3734
f 3432/3537/3735 3387/3347/3735 4744/3131/3735 4745/3528/3735
f 3167/3349/3736 3432/3537/3736 4745/3528/3736 4746/3126/3736
f 4195/3631/3737 4747/3632/3737 4748/3633/3737 4194/3634/3737
f 4194/3634/3738 4748/3633/3738 4749/3635/3738 4314/3636/3738
f 4821/3637/3739 4714/3135/3739 4751/2581/3739 4791/3638/3739
f 4314/3636/3740 4749/3635/3740 4752/3639/3740 4313/3640/3740
f 4313/3640/3741 4752/3639/3741 4720/3568/3741 4193/3567/3741
f 4778/3641/3742 4754/2582/3742 4755/2424/3742 4790/3642/3742
f 4800/3643/3743 4804/3644/3743 4756/1744/3743 4757/3091/3743
f 3874/3345/3744 3168/3346/3744 4750/3135/3744 4758/3132/3744
f 3387/3347/3745 3874/3345/3745 4758/3132/3745 4744/3131/3745
f 3904/3348/3746 3167/3349/3746 4746/3126/3746 4759/3123/3746
f 3402/3350/3747 3904/3348/3747 4759/3123/3747 4741/3122/3747
f 3426/3351/3748 3165/3352/3748 4743/3112/3748 4760/3110/3748
f 3164/3353/3749 3426/3351/3749 4760/3110/3749 4761/3106/3749
f 3424/3354/3750 3164/3353/3750 4761/3106/3750 4762/3104/3750
f 3163/596/3751 3424/3354/3751 4762/3104/3751 4709/597/3751
f 4795/3645/3752 4764/601/3752 4765/614/3752 4785/3646/3752
f 4775/3647/3753 4766/617/3753 4767/606/3753 4784/3648/3753
f 4774/3649/3754 4768/609/3754 4769/602/3754 4783/3650/3754
f 4800/3643/3755 4757/3091/3755 4770/598/3755 4782/3651/3755
f 4773/3652/3756 4771/605/3756 4772/594/3756 4781/3653/3756
f 4791/3638/3757 4751/2581/3757 4754/2582/3757 4778/3641/3757
f 4790/3642/3758 4755/2424/3758 4753/3654/3758 4816/3655/3758
f 4785/3646/3759 4765/614/3759 4766/617/3759 4775/3647/3759
f 4784/3648/3760 4767/606/3760 4768/609/3760 4774/3649/3760
f 4783/3650/3761 4769/602/3761 4771/605/3761 4773/3652/3761
f 4782/3651/3762 4770/598/3762 4764/601/3762 4795/3645/3762
f 4781/3653/3763 4772/594/3763 4763/597/3763 4806/3656/3763
f 3935/3657/3764 4805/3658/3764 4794/3581/3764 3421/3584/3764
f 3936/3659/3765 4807/3660/3765 4808/3661/3765 3422/3662/3765
f 3937/3663/3766 4809/3664/3766 4810/3665/3766 4354/3666/3766
f 3938/3667/3767 4811/3668/3767 4812/3669/3767 4355/3670/3767
f 3940/3671/3768 4813/3672/3768 4814/3673/3768 4356/3674/3768
f 4118/3675/3769 4815/3676/3769 4776/3617/3769 4658/3616/3769
f 4133/3677/3770 4817/3678/3770 4818/3679/3770 4659/3680/3770
f 4354/3666/3771 4810/3665/3771 4805/3658/3771 3935/3657/3771
f 3574/3681/3772 4819/3682/3772 4807/3660/3772 3936/3659/3772
f 4355/3670/3773 4812/3669/3773 4809/3664/3773 3937/3663/3773
f 4356/3674/3774 4814/3673/3774 4811/3668/3774 3938/3667/3774
f 3422/3662/3775 4808/3661/3775 4813/3672/3775 3940/3671/3775
f 3574/3681/3776 4574/3683/3776 4820/3684/3776 4819/3682/3776
f 4659/3680/3777 4818/3679/3777 4815/3676/3777 4118/3675/3777
f 3431/3602/3778 4799/3601/3778 4817/3678/3778 4133/3677/3778
f 4739/3539/3779 4724/3122/3779 4822/3685/3779 4823/3686/3779
f 4712/3112/3780 4739/3539/3780 4823/3686/3780 4824/3687/3780
f 4738/3528/3781 4723/3131/3781 4825/3688/3781 4826/3689/3781
f 4713/3126/3782 4738/3528/3782 4826/3689/3782 4827/3690/3782
f 4721/3691/3783 4828/3692/3783 4829/3693/3783 4737/3694/3783
f 4737/3694/3784 4829/3693/3784 4830/3695/3784 4716/3696/3784
f 4716/3696/3785 4830/3695/3785 4831/3697/3785 4735/3698/3785
f 4735/3698/3786 4831/3697/3786 4816/3655/3786 4753/3654/3786
f 4733/3132/3787 4714/3135/3787 4821/3637/3787 4832/3699/3787
f 4723/3131/3788 4733/3132/3788 4832/3699/3788 4825/3688/3788
f 4732/3123/3789 4713/3126/3789 4827/3690/3789 4833/3700/3789
f 4724/3122/3790 4732/3123/3790 4833/3700/3790 4822/3685/3790
f 4731/3110/3791 4712/3112/3791 4824/3687/3791 4834/3701/3791
f 4711/3106/3792 4731/3110/3792 4834/3701/3792 4835/3702/3792
f 4730/3104/3793 4711/3106/3793 4835/3702/3793 4836/3703/3793
f 4763/597/3794 4730/3104/3794 4836/3703/3794 4806/3656/3794
f 2464/2972/3795 1197/2971/3795 4871/3329/3795 4905/3546/3795
f 795/1423/3796 2464/2972/3796 4905/3546/3796 4859/3327/3796
f 1278/3548/3797 1176/3350/3797 4870/3122/3797 4904/3539/3797
f 577/3352/3798 1278/3548/3798 4904/3539/3798 4840/3112/3798
f 2385/2819/3799 1157/2818/3799 4869/3323/3799 4903/3535/3799
f 796/1419/3800 2385/2819/3800 4903/3535/3800 4858/3321/3800
f 1285/3537/3801 1136/3347/3801 4868/3131/3801 4902/3528/3801
f 585/3349/3802 1285/3537/3802 4902/3528/3802 4842/3126/3802
f 603/714/3803 4865/3525/3803 4901/3523/3803 1313/715/3803
f 1313/715/3804 4901/3523/3804 4851/3486/3804 1097/2585/3804
f 797/3494/3805 4847/3498/3805 4900/3515/3805 2179/2712/3805
f 2179/2712/3806 4900/3515/3806 4850/3453/3806 1119/2713/3806
f 1284/3136/3807 4843/3135/3807 4899/2581/3807 3041/3512/3807
f 2224/2500/3808 1074/2499/3808 4866/3317/3808 4898/3499/3808
f 797/3494/3809 2224/2500/3809 4898/3499/3809 4847/3498/3809
f 1097/2585/3810 4851/3486/3810 4897/3484/3810 2286/2586/3810
f 2286/2586/3811 4897/3484/3811 4864/2425/3811 601/710/3811
f 2284/3483/3812 4867/2582/3812 4896/2424/3812 3001/3480/3812
f 1119/2713/3813 4850/3453/3813 4895/3449/3813 2308/2393/3813
f 2308/2393/3814 4895/3449/3814 4849/3452/3814 1032/2394/3814
f 1253/3386/3815 4855/3382/3815 4894/1836/3815 2852/3413/3815
f 1525/3090/3816 2828/3405/3816 4893/1744/3816 4844/3091/3816
f 1253/3386/3817 2802/3385/3817 4892/1642/3817 4855/3382/3817
f 1681/1440/3818 791/1439/3818 4846/3313/3818 4891/3343/3818
f 792/1435/3819 1681/1440/3819 4891/3343/3819 4862/3341/3819
f 1682/1436/3820 792/1435/3820 4862/3341/3820 4890/3339/3820
f 793/1431/3821 1682/1436/3821 4890/3339/3821 4861/3337/3821
f 1683/1432/3822 793/1431/3822 4861/3337/3822 4889/3335/3822
f 794/1427/3823 1683/1432/3823 4889/3335/3823 4860/3333/3823
f 1684/1428/3824 794/1427/3824 4860/3333/3824 4888/3330/3824
f 1197/2971/3825 1684/1428/3825 4888/3330/3825 4871/3329/3825
f 1685/1424/3826 795/1423/3826 4859/3327/3826 4887/3324/3826
f 1157/2818/3827 1685/1424/3827 4887/3324/3827 4869/3323/3827
f 1686/1420/3828 796/1419/3828 4858/3321/3828 4886/3318/3828
f 1074/2499/3829 1686/1420/3829 4886/3318/3829 4866/3317/3829
f 1687/1416/3830 798/1415/3830 4845/3303/3830 4885/3314/3830
f 791/1439/3831 1687/1416/3831 4885/3314/3831 4846/3313/3831
f 1688/1412/3832 799/1411/3832 4857/3311/3832 4884/3309/3832
f 800/1407/3833 1688/1412/3833 4884/3309/3833 4856/3307/3833
f 1689/1408/3834 800/1407/3834 4856/3307/3834 4883/3304/3834
f 798/1415/3835 1689/1408/3835 4883/3304/3835 4845/3303/3835
f 2364/3345/3836 589/3346/3836 4843/3135/3836 4882/3132/3836
f 1136/3347/3837 2364/3345/3837 4882/3132/3837 4868/3131/3837
f 2443/3348/3838 585/3349/3838 4842/3126/3838 4881/3123/3838
f 1176/3350/3839 2443/3348/3839 4881/3123/3839 4870/3122/3839
f 1925/3121/3840 4863/1839/3840 4880/644/3840 2547/3119/3840
f 1264/3351/3841 577/3352/3841 4840/3112/3841 4879/3110/3841
f 573/3353/3842 1264/3351/3842 4879/3110/3842 4839/3106/3842
f 1257/3354/3843 573/3353/3843 4839/3106/3843 4878/3104/3843
f 569/596/3844 1257/3354/3844 4878/3104/3844 4837/597/3844
f 1250/3087/3845 4838/601/3845 4877/614/3845 2539/3102/3845
f 1252/3100/3846 4854/617/3846 4876/606/3846 2537/3098/3846
f 1251/3096/3847 4853/609/3847 4875/602/3847 2536/3094/3847
f 1525/3090/3848 4844/3091/3848 4874/598/3848 2535/3086/3848
f 1248/3084/3849 4852/605/3849 4873/594/3849 2534/3080/3849
f 1877/3074/3850 2531/3073/3850 4872/582/3850 4848/1745/3850
f 3041/3512/3851 4899/2581/3851 4867/2582/3851 2284/3483/3851
f 3001/3480/3852 4896/2424/3852 4864/2425/3852 2204/3481/3852
f 2852/3413/3853 4894/1836/3853 4863/1839/3853 1925/3121/3853
f 2828/3405/3854 1877/3074/3854 4848/1745/3854 4893/1744/3854
f 2802/3385/3855 1711/3388/3855 4857/1643/3855 4892/1642/3855
f 2547/3119/3856 4880/644/3856 4841/583/3856 1274/3076/3856
f 2539/3102/3857 4877/614/3857 4854/617/3857 1252/3100/3857
f 2537/3098/3858 4876/606/3858 4853/609/3858 1251/3096/3858
f 2536/3094/3859 4875/602/3859 4852/605/3859 1248/3084/3859
f 2535/3086/3860 4874/598/3860 4838/601/3860 1250/3087/3860
f 2534/3080/3861 4873/594/3861 4837/597/3861 1249/3081/3861
f 2531/3073/3862 1274/3076/3862 4841/583/3862 4872/582/3862
f 1715/3328/3863 3141/3547/3863 4974/2973/3863 4913/1458/3863
f 1263/3113/3864 3120/3540/3864 4973/2889/3864 4929/631/3864
f 1714/3322/3865 3102/3536/3865 4972/2820/3865 4912/1454/3865
f 1277/3127/3866 3081/3529/3866 4971/2736/3866 4931/647/3866
f 2205/3526/3867 4919/3527/3867 4970/2734/3867 3080/3524/3867
f 1713/3501/3868 4936/3496/3868 4969/2639/3868 3056/3516/3868
f 588/660/3869 4932/659/3869 4968/3511/3869 2244/2574/3869
f 2244/2574/3870 4968/3511/3870 4921/3482/3870 1094/2575/3870
f 1713/3501/3871 3021/3500/3871 4967/2501/3871 4936/3496/3871
f 2363/3487/3872 4940/2735/3872 4966/2426/3872 3002/3485/3872
f 1094/2575/3873 4921/3482/3873 4965/3479/3873 2197/2409/3873
f 2197/2409/3874 4965/3479/3874 4918/2428/3874 1052/2410/3874
f 2339/3454/3875 4939/2642/3875 4964/2320/3875 2975/3450/3875
f 558/3390/3876 4909/3383/3876 4963/3412/3876 1230/1833/3876
f 1230/1833/3877 4963/3412/3877 4917/3120/3877 903/1834/3877
f 1853/1743/3878 879/1742/3878 4937/3071/3878 4962/3404/3878
f 707/3063/3879 1853/1743/3879 4962/3404/3879 4933/3089/3879
f 1804/1649/3880 809/1648/3880 4911/3387/3880 4961/3384/3880
f 558/3390/3881 1804/1649/3881 4961/3384/3881 4909/3383/3881
f 1718/3342/3882 2759/3344/3882 4960/1473/3882 4916/1470/3882
f 1717/3338/3883 2758/3340/3883 4959/1469/3883 4915/1466/3883
f 1716/3334/3884 2757/3336/3884 4958/1465/3884 4914/1462/3884
f 2504/3332/3885 2756/3331/3885 4957/1461/3885 4925/2974/3885
f 2425/3326/3886 2755/3325/3886 4956/1457/3886 4923/2821/3886
f 2264/3320/3887 2754/3319/3887 4955/1453/3887 4920/2502/3887
f 1712/3316/3888 2753/3315/3888 4954/1449/3888 4935/1474/3888
f 1710/3308/3889 2752/3310/3889 4953/1445/3889 4910/1442/3889
f 1709/3306/3890 2751/3305/3890 4952/1441/3890 4934/1450/3890
f 2404/3134/3891 2551/3133/3891 4951/658/3891 4922/2737/3891
f 2483/3125/3892 2548/3124/3892 4950/646/3892 4924/2890/3892
f 903/1834/3893 4917/3120/3893 4949/3118/3893 1900/643/3893
f 1900/643/3894 4949/3118/3894 4930/3075/3894 579/580/3894
f 1256/3107/3895 2543/3111/3895 4948/630/3895 4928/619/3895
f 1249/3081/3896 2540/3105/3896 4947/618/3896 4926/3082/3896
f 557/572/3897 4927/3088/3897 4946/3101/3897 1229/575/3897
f 1229/575/3898 4946/3101/3898 4908/3099/3898 556/576/3898
f 556/576/3899 4908/3099/3899 4945/3097/3899 1231/567/3899
f 1231/567/3900 4945/3097/3900 4907/3095/3900 559/568/3900
f 559/568/3901 4907/3095/3901 4944/3093/3901 1232/563/3901
f 1232/563/3902 4944/3093/3902 4906/3083/3902 560/564/3902
f 707/3063/3903 4933/3089/3903 4943/3085/3903 1421/571/3903
f 1421/571/3904 4943/3085/3904 4927/3088/3904 557/572/3904
f 560/564/3905 4906/3083/3905 4942/3079/3905 1240/3704/3905
f 1240/3704/3906 4942/3079/3906 4926/3082/3906 563/3103/3906
f 1269/581/3907 579/580/3907 4930/3075/3907 4941/3072/3907
f 879/1742/3908 1269/581/3908 4941/3072/3908 4937/3071/3908
f 3141/3547/3909 2504/3332/3909 4925/2974/3909 4974/2973/3909
f 3120/3540/3910 2483/3125/3910 4924/2890/3910 4973/2889/3910
f 3102/3536/3911 2425/3326/3911 4923/2821/3911 4972/2820/3911
f 3081/3529/3912 2404/3134/3912 4922/2737/3912 4971/2736/3912
f 3080/3524/3913 4970/2734/3913 4940/2735/3913 2363/3487/3913
f 3056/3516/3914 4969/2639/3914 4939/2642/3914 2339/3454/3914
f 3021/3500/3915 2264/3320/3915 4920/2502/3915 4967/2501/3915
f 3002/3485/3916 4966/2426/3916 4918/2428/3916 2204/3481/3916
f 2975/3450/3917 4964/2320/3917 4938/2323/3917 2142/3451/3917
f 2759/3344/3918 1712/3316/3918 4935/1474/3918 4960/1473/3918
f 2758/3340/3919 1718/3342/3919 4916/1470/3919 4959/1469/3919
f 2757/3336/3920 1717/3338/3920 4915/1466/3920 4958/1465/3920
f 2756/3331/3921 1716/3334/3921 4914/1462/3921 4957/1461/3921
f 2755/3325/3922 1715/3328/3922 4913/1458/3922 4956/1457/3922
f 2754/3319/3923 1714/3322/3923 4912/1454/3923 4955/1453/3923
f 2753/3315/3924 1709/3306/3924 4934/1450/3924 4954/1449/3924
f 2752/3310/3925 1711/3312/3925 4911/1446/3925 4953/1445/3925
f 2751/3305/3926 1710/3308/3926 4910/1442/3926 4952/1441/3926
f 2551/3133/3927 1284/3136/3927 4932/659/3927 4951/658/3927
f 2548/3124/3928 1277/3127/3928 4931/647/3928 4950/646/3928
f 2543/3111/3929 1263/3113/3929 4929/631/3929 4948/630/3929
f 2540/3105/3930 1256/3107/3930 4928/619/3930 4947/618/3930
f 2465/2976/3931 1198/2975/3931 5009/3373/3931 5043/3549/3931
f 805/1459/3932 2465/2976/3932 5043/3549/3932 4998/3372/3932
f 2444/2892/3933 1177/2891/3933 5008/3128/3933 5042/3541/3933
f 576/632/3934 2444/2892/3934 5042/3541/3934 4979/3115/3934
f 2386/2823/3935 1158/2822/3935 5007/3370/3935 5041/3538/3935
f 806/1455/3936 2386/2823/3936 5041/3538/3936 4997/3369/3936
f 2365/2739/3937 1137/2738/3937 5006/3137/3937 5040/3530/3937
f 584/648/3938 2365/2739/3938 5040/3530/3938 4981/3130/3938
f 2195/3468/3939 4989/2411/3939 5039/2727/3939 3078/3521/3939
f 807/3497/3940 4986/3504/3940 5038/3514/3940 2174/2640/3940
f 2174/2640/3941 5038/3514/3941 4991/3448/3941 1114/2641/3941
f 1283/663/3942 4982/3139/3942 5037/2573/3942 3039/3509/3942
f 2225/2504/3943 1075/2503/3943 5003/3367/3943 5036/3505/3943
f 807/3497/3944 2225/2504/3944 5036/3505/3944 4986/3504/3944
f 2361/3475/3945 5005/2729/3945 5035/2416/3945 2999/3473/3945
f 2282/3469/3946 5004/2576/3946 5034/2408/3946 2997/3467/3946
f 1114/2641/3947 4991/3448/3947 5033/3446/3947 2303/2321/3947
f 2303/2321/3948 5033/3446/3948 4988/3447/3948 1033/2322/3948
f 1236/3392/3949 4994/3389/3949 5032/1832/3949 2851/3411/3949
f 1516/3061/3950 2827/3403/3950 5031/1740/3950 4983/3062/3950
f 1236/3392/3951 2803/3391/3951 5030/1646/3951 4994/3389/3951
f 1700/1476/3952 801/1475/3952 4985/3365/3952 5029/3380/3952
f 802/1471/3953 1700/1476/3953 5029/3380/3953 5001/3379/3953
f 1701/1472/3954 802/1471/3954 5001/3379/3954 5028/3378/3954
f 803/1467/3955 1701/1472/3955 5028/3378/3955 5000/3377/3955
f 1702/1468/3956 803/1467/3956 5000/3377/3956 5027/3376/3956
f 804/1463/3957 1702/1468/3957 5027/3376/3957 4999/3375/3957
f 1703/1464/3958 804/1463/3958 4999/3375/3958 5026/3374/3958
f 1198/2975/3959 1703/1464/3959 5026/3374/3959 5009/3373/3959
f 1704/1460/3960 805/1459/3960 4998/3372/3960 5025/3371/3960
f 1158/2822/3961 1704/1460/3961 5025/3371/3961 5007/3370/3961
f 1705/1456/3962 806/1455/3962 4997/3369/3962 5024/3368/3962
f 1075/2503/3963 1705/1456/3963 5024/3368/3963 5003/3367/3963
f 1706/1452/3964 808/1451/3964 4984/3360/3964 5023/3366/3964
f 801/1475/3965 1706/1452/3965 5023/3366/3965 4985/3365/3965
f 1707/1448/3966 809/1447/3966 4996/3364/3966 5022/3363/3966
f 810/1443/3967 1707/1448/3967 5022/3363/3967 4995/3362/3967
f 1708/1444/3968 810/1443/3968 4995/3362/3968 5021/3361/3968
f 808/1451/3969 1708/1444/3969 5021/3361/3969 4984/3360/3969
f 1286/661/3970 588/660/3970 4982/3139/3970 5020/3138/3970
f 1137/2738/3971 1286/661/3971 5020/3138/3971 5006/3137/3971
f 1279/649/3972 584/648/3972 4981/3130/3972 5019/3129/3972
f 1177/2891/3973 1279/649/3973 5019/3129/3973 5008/3128/3973
f 1924/3117/3974 5002/1835/3974 5018/642/3974 2546/3116/3974
f 1265/633/3975 576/632/3975 4979/3115/3975 5017/3114/3975
f 572/620/3976 1265/633/3976 5017/3114/3976 4978/3109/3976
f 1258/621/3977 572/620/3977 4978/3109/3977 5016/3108/3977
f 563/3103/3978 1258/621/3978 5016/3108/3978 4977/3078/3978
f 1240/3704/3979 563/3103/3979 4977/3078/3979 5015/3077/3979
f 560/564/3980 1240/3704/3980 5015/3077/3980 4975/565/3980
f 1876/3068/3981 2530/3067/3981 5014/578/3981 4987/1741/3981
f 1237/3060/3982 4976/573/3982 5013/574/3982 2529/3064/3982
f 1516/3061/3983 4983/3062/3983 5012/570/3983 2528/3059/3983
f 1235/3058/3984 4993/577/3984 5011/566/3984 2527/3057/3984
f 1233/3056/3985 4992/569/3985 5010/562/3985 2526/3054/3985
f 3078/3521/3986 5039/2727/3986 5005/2729/3986 2361/3475/3986
f 3039/3509/3987 5037/2573/3987 5004/2576/3987 2282/3469/3987
f 2999/3473/3988 5035/2416/3988 4990/2419/3988 2200/3474/3988
f 2997/3467/3989 5034/2408/3989 4989/2411/3989 2195/3468/3989
f 2851/3411/3990 5032/1832/3990 5002/1835/3990 1924/3117/3990
f 2827/3403/3991 1876/3068/3991 4987/1741/3991 5031/1740/3991
f 2803/3391/3992 1757/3393/3992 4996/1647/3992 5030/1646/3992
f 2546/3116/3993 5018/642/3993 4980/579/3993 1273/3070/3993
f 2530/3067/3994 1273/3070/3994 4980/579/3994 5014/578/3994
f 2529/3064/3995 5013/574/3995 4993/577/3995 1235/3058/3995
f 2528/3059/3996 5012/570/3996 4976/573/3996 1237/3060/3996
f 2527/3057/3997 5011/566/3997 4992/569/3997 1233/3056/3997
f 2526/3054/3998 5010/562/3998 4975/565/3998 1234/3055/3998
f 5062/3581/3999 5060/3582/3999 5057/3583/3999 5044/3584/3999
f 5060/3582/4000 5063/3585/4000 5046/3586/4000 5057/3583/4000
f 5063/3585/4001 5061/3587/4001 5058/3588/4001 5046/3586/4001
f 5061/3587/4002 5064/3589/4002 5047/3590/4002 5058/3588/4002
f 5049/3657/4003 5065/3658/4003 5062/3581/4003 5044/3584/4003
f 5050/3659/4004 5066/3660/4004 5067/3661/4004 5045/3662/4004
f 5051/3663/4005 5068/3664/4005 5069/3665/4005 5054/3666/4005
f 5052/3667/4006 5070/3668/4006 5071/3669/4006 5055/3670/4006
f 5053/3671/4007 5072/3672/4007 5073/3673/4007 5056/3674/4007
f 5054/3666/4008 5069/3665/4008 5065/3658/4008 5049/3657/4008
f 5048/3681/4009 5074/3682/4009 5066/3660/4009 5050/3659/4009
f 5055/3670/4010 5071/3669/4010 5068/3664/4010 5051/3663/4010
f 5056/3674/4011 5073/3673/4011 5070/3668/4011 5052/3667/4011
f 5045/3662/4012 5067/3661/4012 5072/3672/4012 5053/3671/4012
f 5048/3681/4013 5059/3683/4013 5075/3684/4013 5074/3682/4013
f 5094/3581/4014 5092/3582/4014 5089/3583/4014 5076/3584/4014
f 5092/3582/4015 5095/3585/4015 5078/3586/4015 5089/3583/4015
f 5095/3585/4016 5093/3587/4016 5090/3588/4016 5078/3586/4016
f 5093/3587/4017 5096/3589/4017 5079/3590/4017 5090/3588/4017
f 5081/3657/4018 5097/3658/4018 5094/3581/4018 5076/3584/4018
f 5082/3659/4019 5098/3660/4019 5099/3661/4019 5077/3662/4019
f 5083/3663/4020 5100/3664/4020 5101/3665/4020 5086/3666/4020
f 5084/3667/4021 5102/3668/4021 5103/3669/4021 5087/3670/4021
f 5085/3671/4022 5104/3672/4022 5105/3673/4022 5088/3674/4022
f 5086/3666/4023 5101/3665/4023 5097/3658/4023 5081/3657/4023
f 5080/3681/4024 5106/3682/4024 5098/3660/4024 5082/3659/4024
f 5087/3670/4025 5103/3669/4025 5100/3664/4025 5083/3663/4025
f 5088/3674/4026 5105/3673/4026 5102/3668/4026 5084/3667/4026
f 5077/3662/4027 5099/3661/4027 5104/3672/4027 5085/3671/4027
f 5080/3681/4028 5091/3683/4028 5107/3684/4028 5106/3682/4028
f 5126/3581/4029 5108/3584/4029 5121/3583/4029 5124/3582/4029
f 5124/3582/4030 5121/3583/4030 5110/3586/4030 5127/3585/4030
f 5127/3585/4031 5110/3586/4031 5122/3588/4031 5125/3587/4031
f 5125/3587/4032 5122/3588/4032 5111/3590/4032 5128/3589/4032
f 5113/3657/4033 5108/3584/4033 5126/3581/4033 5129/3658/4033
f 5114/3659/4034 5109/3662/4034 5131/3661/4034 5130/3660/4034
f 5115/3663/4035 5118/3666/4035 5133/3665/4035 5132/3664/4035
f 5116/3667/4036 5119/3670/4036 5135/3669/4036 5134/3668/4036
f 5117/3671/4037 5120/3674/4037 5137/3673/4037 5136/3672/4037
f 5118/3666/4038 5113/3657/4038 5129/3658/4038 5133/3665/4038
f 5112/3681/4039 5114/3659/4039 5130/3660/4039 5138/3682/4039
f 5119/3670/4040 5115/3663/4040 5132/3664/4040 5135/3669/4040
f 5120/3674/4041 5116/3667/4041 5134/3668/4041 5137/3673/4041
f 5109/3662/4042 5117/3671/4042 5136/3672/4042 5131/3661/4042
f 5112/3681/4043 5138/3682/4043 5139/3684/4043 5123/3683/4043
f 5158/3581/4044 5140/3584/4044 5153/3583/4044 5156/3582/4044
f 5156/3582/4045 5153/3583/4045 5142/3586/4045 5159/3585/4045
f 5159/3585/4046 5142/3586/4046 5154/3588/4046 5157/3587/4046
f 5157/3587/4047 5154/3588/4047 5143/3590/4047 5160/3589/4047
f 5145/3657/4048 5140/3584/4048 5158/3581/4048 5161/3658/4048
f 5146/3659/4049 5141/3662/4049 5163/3661/4049 5162/3660/4049
f 5147/3663/4050 5150/3666/4050 5165/3665/4050 5164/3664/4050
f 5148/3667/4051 5151/3670/4051 5167/3669/4051 5166/3668/4051
f 5149/3671/4052 5152/3674/4052 5169/3673/4052 5168/3672/4052
f 5150/3666/4053 5145/3657/4053 5161/3658/4053 5165/3665/4053
f 5144/3681/4054 5146/3659/4054 5162/3660/4054 5170/3682/4054
f 5151/3670/4055 5147/3663/4055 5164/3664/4055 5167/3669/4055
f 5152/3674/4056 5148/3667/4056 5166/3668/4056 5169/3673/4056
f 5141/3662/4057 5149/3671/4057 5168/3672/4057 5163/3661/4057
f 5144/3681/4058 5170/3682/4058 5171/3684/4058 5155/3683/4058
f 5190/3581/4059 5172/3584/4059 5185/3583/4059 5188/3582/4059
f 5188/3582/4060 5185/3583/4060 5174/3586/4060 5191/3585/4060
f 5191/3585/4061 5174/3586/4061 5186/3588/4061 5189/3587/4061
f 5189/3587/4062 5186/3588/4062 5175/3590/4062 5192/3589/4062
f 5177/3657/4063 5172/3584/4063 5190/3581/4063 5193/3658/4063
f 5178/3659/4064 5173/3662/4064 5195/3661/4064 5194/3660/4064
f 5179/3663/4065 5182/3666/4065 5197/3665/4065 5196/3664/4065
f 5180/3667/4066 5183/3670/4066 5199/3669/4066 5198/3668/4066
f 5181/3671/4067 5184/3674/4067 5201/3673/4067 5200/3672/4067
f 5182/3666/4068 5177/3657/4068 5193/3658/4068 5197/3665/4068
f 5176/3681/4069 5178/3659/4069 5194/3660/4069 5202/3682/4069
f 5183/3670/4070 5179/3663/4070 5196/3664/4070 5199/3669/4070
f 5184/3674/4071 5180/3667/4071 5198/3668/4071 5201/3673/4071
f 5173/3662/4072 5181/3671/4072 5200/3672/4072 5195/3661/4072
f 5176/3681/4073 5202/3682/4073 5203/3684/4073 5187/3683/4073
f 3939/610/357 3680/611/357 3176/612/357 3439/613/357
f 3970/780/4074 3562/781/4074 3194/782/4074 4404/783/4074
f 4002/1084/477 3738/1085/477 3234/1086/477 3566/1087/477
f 4004/1092/479 3713/1093/479 3235/1094/479 4459/1095/479
f 4013/1160/4075 3599/1161/4075 4246/1162/4075 3588/1163/4075
f 4036/1307/4076 3648/1308/4076 4283/1309/4076 3639/1310/4076
f 4074/1725/642 3713/1093/642 3311/1726/642 3746/1727/642
f 4086/1786/658 3567/1787/658 3325/1788/658 3758/1789/658
f 4090/1804/663 3741/1805/663 3328/1806/663 3762/1807/663
f 4091/1808/664 3742/1809/664 3329/1810/664 3763/1811/664
f 4093/1816/666 3744/1817/666 3331/1818/666 3765/1819/666
f 4094/1820/667 3766/1821/667 3332/1822/667 3690/1823/667
f 4095/1824/668 3767/1825/668 3333/1826/668 3725/1827/668
f 3748/1749/1026 3939/610/1026 3439/613/1026 3314/1750/1026
f 3332/1822/1027 3745/1480/1027 3939/610/1027 3748/1749/1027
f 3745/1480/1028 3291/1479/1028 3680/611/1028 3939/610/1028
f 3738/3140/1080 3944/678/1080 3569/679/1080 3234/3141/1080
f 3325/3142/1081 3749/1753/1081 3944/678/1081 3738/3140/1081
f 3749/1753/1082 3314/1750/1082 3439/613/1082 3944/678/1082
f 3696/1502/4077 3948/692/4077 4376/695/4077 3295/1503/4077
f 3300/3143/4078 3575/3144/4078 3948/692/4078 3696/1502/4078
f 3599/1161/4079 3970/780/4079 4404/783/4079 4246/1162/4079
f 3252/3151/1159 3577/3152/1159 3970/780/1159 3599/1161/1159
f 4404/783/4080 3194/782/4080 3477/793/4080 3973/792/4080
f 3331/1818/1387 3758/1789/1387 4002/1084/1387 3665/1336/1387
f 3758/1789/1388 3325/1788/1388 3738/1085/1388 4002/1084/1388
f 4460/3237/1394 3311/1726/1394 3713/1093/1394 4004/1092/1394
f 3746/3239/1397 3311/1723/1397 4465/1097/1397 4461/1096/1397
f 3624/1252/4081 4013/1160/4081 3588/1163/4081 3263/1253/4081
f 3264/3255/1450 3592/3256/1450 4013/1160/1450 3624/1252/1450
f 4269/1264/4082 4016/1172/4082 3612/1175/4082 3260/1265/4082
f 3263/1253/4083 3588/1163/4083 4016/1172/4083 4269/1264/4083
f 3588/1163/4084 4246/1162/4084 3602/1173/4084 4016/1172/4084
f 3568/3257/1461 4017/1176/1461 3591/1179/1461 3235/1094/1461
f 3326/3258/1462 3762/1807/1462 4017/1176/1462 3568/3257/1462
f 3762/1807/1463 3328/1806/1463 3603/1177/1463 4017/1176/1463
f 3603/1177/1497 4018/1223/1497 3613/1226/1497 3251/1178/1497
f 3328/1806/1498 3763/1811/1498 4018/1223/1498 3603/1177/1498
f 3763/1811/1499 3329/1810/1499 3617/1224/1499 4018/1223/1499
f 3648/1308/4085 4025/1251/4085 3615/1254/4085 4283/1309/4085
f 3275/3261/1519 3616/3262/1519 4025/1251/1519 3648/1308/1519
f 3617/1224/1539 4029/1279/1539 3637/1282/1539 3261/1225/1539
f 3329/1810/1540 3764/1815/1540 4029/1279/1540 3617/1224/1540
f 3764/1815/1541 3330/1814/1541 3641/1280/1541 4029/1279/1541
f 3672/1364/1560 4036/1307/1560 3639/1310/1560 3286/1365/1560
f 3287/3265/1561 3640/3266/1561 4036/1307/1561 3672/1364/1561
f 3286/1365/4086 3639/1310/4086 4507/1319/4086 3675/1376/4086
f 3639/1310/4087 4283/1309/4087 3651/1320/4087 4039/1319/4087
f 3641/1280/1584 4040/1335/1584 3661/1338/1584 3273/1281/1584
f 3330/1814/1585 3765/1819/1585 4040/1335/1585 3641/1280/1585
f 3765/1819/1586 3331/1818/1586 3665/1336/1586 4040/1335/1586
f 3564/3284/1605 4047/1363/1605 3663/1366/1605 3184/3285/1605
f 3236/3286/1606 3664/3287/1606 4047/1363/1606 3564/3284/1606
f 3184/3285/4088 3663/1366/4088 4050/1375/4088 4196/3292/4088
f 3766/1821/1692 4051/1477/1692 3745/1480/1692 3332/1822/1692
f 3238/3153/1846 3714/3396/1846 4551/1678/1846 3562/781/1846
f 3767/1825/1881 4074/1725/1881 3746/1727/1881 3333/1826/1881
f 3326/3258/1882 3568/3257/1882 4074/1725/1882 3767/1825/1882
f 3568/3257/1883 3235/1094/1883 3713/1093/1883 4074/1725/1883
f 3575/3144/1899 4076/1748/1899 3727/1751/1899 3237/3145/1899
f 3300/3143/1900 3690/1823/1900 4076/1748/1900 3575/3144/1900
f 3690/1823/1901 3332/1822/1901 3748/1749/1901 4076/1748/1901
f 3567/3406/1902 4077/1752/1902 3749/1753/1902 3325/3142/1902
f 3236/3150/1903 3576/3149/1903 4077/1752/1903 3567/3406/1903
f 3576/3149/1904 3237/3145/1904 3727/1751/1904 4077/1752/1904
f 3287/3265/1930 3664/3287/1930 4086/1786/1930 3744/1817/1930
f 3664/3287/1931 3236/3286/1931 3567/1787/1931 4086/1786/1931
f 3725/3408/1937 3333/3238/1937 4464/1795/1937 4597/1794/1937
f 3739/3409/1944 4090/1804/1944 3762/1807/1944 3326/3258/1944
f 3238/3153/1945 3577/3152/1945 4090/1804/1945 3739/3409/1945
f 3577/3152/1946 3252/3151/1946 3741/1805/1946 4090/1804/1946
f 3741/1805/1947 4091/1808/1947 3763/1811/1947 3328/1806/1947
f 3252/3151/1948 3592/3256/1948 4091/1808/1948 3741/1805/1948
f 3592/3256/1949 3264/3255/1949 3742/1809/1949 4091/1808/1949
f 3742/1809/1950 4092/1812/1950 3764/1815/1950 3329/1810/1950
f 3264/3255/1951 3616/3262/1951 4092/1812/1951 3742/1809/1951
f 3616/3262/1952 3275/3261/1952 3743/1813/1952 4092/1812/1952
f 3743/1813/1953 4093/1816/1953 3765/1819/1953 3330/1814/1953
f 3275/3261/1954 3640/3266/1954 4093/1816/1954 3743/1813/1954
f 3640/3266/1955 3287/3265/1955 3744/1817/1955 4093/1816/1955
f 3689/3355/1956 4094/1820/1956 3690/1823/1956 3300/3143/1956
f 3714/3396/4089 4095/1824/4089 3725/1827/4089 3312/3397/4089
f 3238/3153/1960 3739/3409/1960 4095/1824/1960 3714/3396/1960
f 3739/3409/1961 3326/3258/1961 3767/1825/1961 4095/1824/1961
f 3591/1179/2004 4623/1883/2004 4459/1095/2004 3235/1094/2004
f 3680/611/2007 4624/1885/2007 3572/1888/2007 3176/612/2007
f 3569/679/2010 4625/1889/2010 3573/1892/2010 3234/3141/2010
f 3613/1226/2013 4626/1893/2013 3604/1896/2013 3251/1178/2013
f 3637/1282/2016 4627/1897/2016 3628/1900/2016 3261/1225/2016
f 3661/1338/2019 4628/1901/2019 3652/1904/2019 3273/1281/2019
f 3234/1086/2023 3573/3416/2023 4629/1905/2023 3566/1087/2023
f 3747/3074/4090 3934/3073/4090 3427/585/4090 3313/1746/4090
f 3313/1746/1693 3427/585/1693 4051/1477/1693 3766/1821/1693
f 3427/585/1694 3166/584/1694 3445/1478/1694 4051/1477/1694
f 3726/1747/1958 3313/1746/1958 3766/1821/1958 4094/1820/1958
f 3445/1478/2025 4630/1909/2025 3702/1912/2025 3291/1479/2025
f 3166/584/2026 4292/645/2026 4630/1909/2026 3445/1478/2026
f 4051/1477/579 3445/1478/579 3291/1479/579 3745/1480/579
usemtl Eye_brown
f 5211/3705/4091 5221/3706/4091 5220/3707/4091 5210/3708/4091
f 5440/3709/4092 5441/3710/4092 5214/3711/4092 5204/3712/4092
f 5212/3713/4093 5222/3714/4093 5221/3706/4093 5211/3705/4093
f 5206/3715/4094 5216/3716/4094 5215/3717/4094 5205/3718/4094
f 5213/3719/4095 5223/3720/4095 5222/3714/4095 5212/3713/4095
f 5207/3721/4096 5217/3722/4096 5216/3716/4096 5206/3715/4096
f 5208/3723/4097 5218/3724/4097 5217/3722/4097 5207/3721/4097
f 5209/3725/4098 5219/3726/4098 5218/3724/4098 5208/3723/4098
f 5210/3708/4099 5220/3707/4099 5219/3726/4099 5209/3725/4099
f 5218/3724/4100 5228/3727/4100 5227/3728/4100 5217/3722/4100
f 5219/3726/4101 5229/3729/4101 5228/3727/4101 5218/3724/4101
f 5220/3707/4102 5230/3730/4102 5229/3729/4102 5219/3726/4102
f 5221/3706/4103 5231/3731/4103 5230/3730/4103 5220/3707/4103
f 5441/3710/4104 5442/3732/4104 5224/3733/4104 5214/3711/4104
f 5222/3714/4105 5232/3734/4105 5231/3731/4105 5221/3706/4105
f 5216/3716/4106 5226/3735/4106 5225/3736/4106 5215/3717/4106
f 5223/3720/4107 5233/3737/4107 5232/3734/4107 5222/3714/4107
f 5217/3722/4108 5227/3728/4108 5226/3735/4108 5216/3716/4108
f 5442/3732/4109 5443/3738/4109 5234/3739/4109 5224/3733/4109
f 5232/3734/4110 5242/3740/4110 5241/3741/4110 5231/3731/4110
f 5226/3735/4111 5236/3742/4111 5235/3743/4111 5225/3736/4111
f 5233/3737/4112 5243/3744/4112 5242/3740/4112 5232/3734/4112
f 5227/3728/4113 5237/3745/4113 5236/3742/4113 5226/3735/4113
f 5228/3727/4114 5238/3746/4114 5237/3745/4114 5227/3728/4114
f 5229/3729/4115 5239/3747/4115 5238/3746/4115 5228/3727/4115
f 5230/3730/4116 5240/3748/4116 5239/3747/4116 5229/3729/4116
f 5231/3731/4117 5241/3741/4117 5240/3748/4117 5230/3730/4117
f 5239/3747/4118 5249/3749/4118 5248/3750/4118 5238/3746/4118
f 5240/3748/4119 5250/3751/4119 5249/3749/4119 5239/3747/4119
f 5241/3741/4120 5251/3752/4120 5250/3751/4120 5240/3748/4120
f 5443/3738/4121 5444/3753/4121 5244/3754/4121 5234/3739/4121
f 5242/3740/4122 5252/3755/4122 5251/3752/4122 5241/3741/4122
f 5236/3742/4123 5246/3756/4123 5245/3757/4123 5235/3743/4123
f 5243/3744/4124 5253/3758/4124 5252/3755/4124 5242/3740/4124
f 5237/3745/4125 5247/3759/4125 5246/3756/4125 5236/3742/4125
f 5238/3746/4126 5248/3750/4126 5247/3759/4126 5237/3745/4126
f 5253/3758/4127 5263/3760/4127 5262/3761/4127 5252/3755/4127
f 5247/3759/4128 5257/3762/4128 5256/3763/4128 5246/3756/4128
f 5248/3750/4129 5258/3764/4129 5257/3762/4129 5247/3759/4129
f 5249/3749/4130 5259/3765/4130 5258/3764/4130 5248/3750/4130
f 5250/3751/4131 5260/3766/4131 5259/3765/4131 5249/3749/4131
f 5251/3752/4132 5261/3767/4132 5260/3766/4132 5250/3751/4132
f 5444/3753/4133 5445/3768/4133 5254/3769/4133 5244/3754/4133
f 5252/3755/4134 5262/3761/4134 5261/3767/4134 5251/3752/4134
f 5246/3756/4135 5256/3763/4135 5255/3770/4135 5245/3757/4135
f 5261/3767/4136 5271/3771/4136 5270/3772/4136 5260/3766/4136
f 5445/3768/4137 5446/3773/4137 5264/3774/4137 5254/3769/4137
f 5262/3761/4138 5272/3775/4138 5271/3771/4138 5261/3767/4138
f 5256/3763/4139 5266/3776/4139 5265/3777/4139 5255/3770/4139
f 5263/3760/4140 5273/3778/4140 5272/3775/4140 5262/3761/4140
f 5257/3762/4141 5267/3779/4141 5266/3776/4141 5256/3763/4141
f 5258/3764/4142 5268/3780/4142 5267/3779/4142 5257/3762/4142
f 5259/3765/4143 5269/3781/4143 5268/3780/4143 5258/3764/4143
f 5260/3766/4144 5270/3772/4144 5269/3781/4144 5259/3765/4144
f 5269/3781/4145 5279/3782/4145 5278/3783/4145 5268/3780/4145
f 5270/3772/4146 5280/3784/4146 5279/3782/4146 5269/3781/4146
f 5271/3771/4147 5281/3785/4147 5280/3784/4147 5270/3772/4147
f 5446/3773/4148 5447/3786/4148 5274/3787/4148 5264/3774/4148
f 5272/3775/4149 5282/3788/4149 5281/3785/4149 5271/3771/4149
f 5266/3776/4150 5276/3789/4150 5275/3790/4150 5265/3777/4150
f 5273/3778/4151 5283/3791/4151 5282/3788/4151 5272/3775/4151
f 5267/3779/4152 5277/3792/4152 5276/3789/4152 5266/3776/4152
f 5268/3780/4153 5278/3783/4153 5277/3792/4153 5267/3779/4153
f 5283/3791/4154 5293/3793/4154 5292/3794/4154 5282/3788/4154
f 5277/3792/4155 5287/3795/4155 5286/3796/4155 5276/3789/4155
f 5278/3783/4156 5288/3797/4156 5287/3795/4156 5277/3792/4156
f 5279/3782/4157 5289/3798/4157 5288/3797/4157 5278/3783/4157
f 5280/3784/4158 5290/3799/4158 5289/3798/4158 5279/3782/4158
f 5281/3785/4159 5291/3800/4159 5290/3799/4159 5280/3784/4159
f 5447/3786/4160 5448/3801/4160 5284/3802/4160 5274/3787/4160
f 5282/3788/4161 5292/3794/4161 5291/3800/4161 5281/3785/4161
f 5276/3789/4162 5286/3796/4162 5285/3803/4162 5275/3790/4162
f 5291/3800/4163 5301/3804/4163 5300/3805/4163 5290/3799/4163
f 5448/3801/4164 5449/3806/4164 5294/3807/4164 5284/3802/4164
f 5292/3794/4165 5302/3808/4165 5301/3804/4165 5291/3800/4165
f 5286/3796/4166 5296/3809/4166 5295/3810/4166 5285/3803/4166
f 5293/3793/4167 5303/3811/4167 5302/3808/4167 5292/3794/4167
f 5287/3795/4168 5297/3812/4168 5296/3809/4168 5286/3796/4168
f 5288/3797/4169 5298/3813/4169 5297/3812/4169 5287/3795/4169
f 5289/3798/4170 5299/3814/4170 5298/3813/4170 5288/3797/4170
f 5290/3799/4171 5300/3805/4171 5299/3814/4171 5289/3798/4171
f 5299/3814/4172 5309/3815/4172 5308/3816/4172 5298/3813/4172
f 5300/3805/4173 5310/3817/4173 5309/3815/4173 5299/3814/4173
f 5301/3804/4174 5311/3818/4174 5310/3817/4174 5300/3805/4174
f 5449/3806/4175 5450/3819/4175 5304/3820/4175 5294/3807/4175
f 5302/3808/4176 5312/3821/4176 5311/3818/4176 5301/3804/4176
f 5296/3809/4177 5306/3822/4177 5305/3823/4177 5295/3810/4177
f 5303/3811/4178 5313/3824/4178 5312/3821/4178 5302/3808/4178
f 5297/3812/4179 5307/3825/4179 5306/3822/4179 5296/3809/4179
f 5298/3813/4180 5308/3816/4180 5307/3825/4180 5297/3812/4180
f 5313/3824/4181 5323/3826/4181 5322/3827/4181 5312/3821/4181
f 5307/3825/4182 5317/3828/4182 5316/3829/4182 5306/3822/4182
f 5308/3816/4183 5318/3830/4183 5317/3828/4183 5307/3825/4183
f 5309/3815/4184 5319/3831/4184 5318/3830/4184 5308/3816/4184
f 5310/3817/4185 5320/3832/4185 5319/3831/4185 5309/3815/4185
f 5311/3818/4186 5321/3833/4186 5320/3832/4186 5310/3817/4186
f 5450/3819/4187 5451/3834/4187 5314/3835/4187 5304/3820/4187
f 5312/3821/4188 5322/3827/4188 5321/3833/4188 5311/3818/4188
f 5306/3822/4189 5316/3829/4189 5315/3836/4189 5305/3823/4189
f 5321/3833/4190 5331/3837/4190 5330/3838/4190 5320/3832/4190
f 5451/3834/4191 5452/3839/4191 5324/3840/4191 5314/3835/4191
f 5322/3827/4192 5332/3841/4192 5331/3837/4192 5321/3833/4192
f 5316/3829/4193 5326/3842/4193 5325/3843/4193 5315/3836/4193
f 5323/3826/4194 5333/3844/4194 5332/3841/4194 5322/3827/4194
f 5317/3828/4195 5327/3845/4195 5326/3842/4195 5316/3829/4195
f 5318/3830/4196 5328/3846/4196 5327/3845/4196 5317/3828/4196
f 5319/3831/4197 5329/3847/4197 5328/3846/4197 5318/3830/4197
f 5320/3832/4198 5330/3838/4198 5329/3847/4198 5319/3831/4198
f 5328/3846/4199 5338/3848/4199 5337/3849/4199 5327/3845/4199
f 5329/3847/4200 5339/3850/4200 5338/3848/4200 5328/3846/4200
f 5330/3838/4201 5340/3851/4201 5339/3850/4201 5329/3847/4201
f 5331/3837/4202 5341/3852/4202 5340/3851/4202 5330/3838/4202
f 5452/3839/4203 5453/3853/4203 5334/3854/4203 5324/3840/4203
f 5332/3841/4204 5342/3855/4204 5341/3852/4204 5331/3837/4204
f 5326/3842/4205 5336/3856/4205 5335/3857/4205 5325/3843/4205
f 5333/3844/4206 5343/3858/4206 5342/3855/4206 5332/3841/4206
f 5327/3845/4207 5337/3849/4207 5336/3856/4207 5326/3842/4207
f 5342/3855/4208 5352/3859/4208 5351/3860/4208 5341/3852/4208
f 5336/3856/4209 5346/3861/4209 5345/3862/4209 5335/3857/4209
f 5343/3858/4210 5353/3863/4210 5352/3859/4210 5342/3855/4210
f 5337/3849/4211 5347/3864/4211 5346/3861/4211 5336/3856/4211
f 5338/3848/4212 5348/3865/4212 5347/3864/4212 5337/3849/4212
f 5339/3850/4213 5349/3866/4213 5348/3865/4213 5338/3848/4213
f 5340/3851/4214 5350/3867/4214 5349/3866/4214 5339/3850/4214
f 5341/3852/4215 5351/3860/4215 5350/3867/4215 5340/3851/4215
f 5453/3853/4216 5454/3868/4216 5344/3869/4216 5334/3854/4216
f 5350/3867/4217 5360/3870/4217 5359/3871/4217 5349/3866/4217
f 5351/3860/4218 5361/3872/4218 5360/3870/4218 5350/3867/4218
f 5454/3868/4219 5455/3873/4219 5354/3874/4219 5344/3869/4219
f 5352/3859/4220 5362/3875/4220 5361/3872/4220 5351/3860/4220
f 5346/3861/4221 5356/3876/4221 5355/3877/4221 5345/3862/4221
f 5353/3863/4222 5363/3878/4222 5362/3875/4222 5352/3859/4222
f 5347/3864/4223 5357/3879/4223 5356/3876/4223 5346/3861/4223
f 5348/3865/4224 5358/3880/4224 5357/3879/4224 5347/3864/4224
f 5349/3866/4225 5359/3871/4225 5358/3880/4225 5348/3865/4225
f 5358/3880/4226 5368/3881/4226 5367/3882/4226 5357/3879/4226
f 5359/3871/4227 5369/3883/4227 5368/3881/4227 5358/3880/4227
f 5360/3870/4228 5370/3884/4228 5369/3883/4228 5359/3871/4228
f 5361/3872/4229 5371/3885/4229 5370/3884/4229 5360/3870/4229
f 5455/3873/4230 5456/3886/4230 5364/3887/4230 5354/3874/4230
f 5362/3875/4231 5372/3888/4231 5371/3885/4231 5361/3872/4231
f 5356/3876/4232 5366/3889/4232 5365/3890/4232 5355/3877/4232
f 5363/3878/4233 5373/3891/4233 5372/3888/4233 5362/3875/4233
f 5357/3879/4234 5367/3882/4234 5366/3889/4234 5356/3876/4234
f 5372/3888/4235 5382/3892/4235 5381/3893/4235 5371/3885/4235
f 5366/3889/4236 5376/3894/4236 5375/3895/4236 5365/3890/4236
f 5373/3891/4237 5383/3896/4237 5382/3892/4237 5372/3888/4237
f 5367/3882/4238 5377/3897/4238 5376/3894/4238 5366/3889/4238
f 5368/3881/4239 5378/3898/4239 5377/3897/4239 5367/3882/4239
f 5369/3883/4240 5379/3899/4240 5378/3898/4240 5368/3881/4240
f 5370/3884/4241 5380/3900/4241 5379/3899/4241 5369/3883/4241
f 5371/3885/4242 5381/3893/4242 5380/3900/4242 5370/3884/4242
f 5456/3886/4243 5457/3901/4243 5374/3902/4243 5364/3887/4243
f 5380/3900/4244 5390/3903/4244 5389/3904/4244 5379/3899/4244
f 5381/3893/4245 5391/3905/4245 5390/3903/4245 5380/3900/4245
f 5457/3901/4246 5458/3906/4246 5384/3907/4246 5374/3902/4246
f 5382/3892/4247 5392/3908/4247 5391/3905/4247 5381/3893/4247
f 5376/3894/4248 5386/3909/4248 5385/3910/4248 5375/3895/4248
f 5383/3896/4249 5393/3911/4249 5392/3908/4249 5382/3892/4249
f 5377/3897/4250 5387/3912/4250 5386/3909/4250 5376/3894/4250
f 5378/3898/4251 5388/3913/4251 5387/3912/4251 5377/3897/4251
f 5379/3899/4252 5389/3904/4252 5388/3913/4252 5378/3898/4252
f 5388/3913/4253 5398/3914/4253 5397/3915/4253 5387/3912/4253
f 5389/3904/4254 5399/3916/4254 5398/3914/4254 5388/3913/4254
f 5390/3903/4255 5400/3917/4255 5399/3916/4255 5389/3904/4255
f 5391/3905/4256 5401/3918/4256 5400/3917/4256 5390/3903/4256
f 5458/3906/4257 5459/3919/4257 5394/3920/4257 5384/3907/4257
f 5392/3908/4258 5402/3921/4258 5401/3918/4258 5391/3905/4258
f 5386/3909/4259 5396/3922/4259 5395/3923/4259 5385/3910/4259
f 5393/3911/4260 5403/3924/4260 5402/3921/4260 5392/3908/4260
f 5387/3912/4261 5397/3915/4261 5396/3922/4261 5386/3909/4261
f 5402/3921/4262 5212/3713/4262 5211/3705/4262 5401/3918/4262
f 5396/3922/4263 5206/3715/4263 5205/3718/4263 5395/3923/4263
f 5403/3924/4264 5213/3719/4264 5212/3713/4264 5402/3921/4264
f 5397/3915/4265 5207/3721/4265 5206/3715/4265 5396/3922/4265
f 5398/3914/4266 5208/3723/4266 5207/3721/4266 5397/3915/4266
f 5399/3916/4267 5209/3725/4267 5208/3723/4267 5398/3914/4267
f 5400/3917/4268 5210/3708/4268 5209/3725/4268 5399/3916/4268
f 5401/3918/4269 5211/3705/4269 5210/3708/4269 5400/3917/4269
f 5459/3919/4270 5440/3709/4270 5204/3712/4270 5394/3920/4270
f 5437/3925/4271 5431/3926/4271 5422/3927/4271 5418/3928/4271
f 5434/3929/4272 5437/3925/4272 5418/3928/4272 5410/3930/4272
f 5419/3931/4273 5411/3932/4273 5426/3933/4273 5425/3934/4273
f 5415/3935/4274 5423/3936/4274 5424/3937/4274 5427/3938/4274
f 5423/3936/4275 5419/3931/4275 5425/3934/4275 5424/3937/4275
f 5410/3930/4276 5404/3939/4276 5413/3940/4276 5434/3929/4276
f 5409/3941/4277 5407/3942/4277 5412/3943/4277 5435/3944/4277
f 5408/3945/4278 5406/3946/4278 5415/3935/4278 5427/3938/4278
f 5428/3947/4279 5416/3948/4279 5408/3945/4279 5427/3938/4279
f 5438/3949/4280 5420/3950/4280 5416/3948/4280 5428/3947/4280
f 5438/3949/4281 5435/3944/4281 5412/3943/4281 5420/3950/4281
f 5438/3949/4282 5436/3951/4282 5432/3952/4282 5435/3944/4282
f 5428/3947/4283 5429/3953/4283 5436/3951/4283 5438/3949/4283
f 5427/3938/4284 5424/3937/4284 5429/3953/4284 5428/3947/4284
f 5424/3937/4285 5425/3934/4285 5430/3954/4285 5429/3953/4285
f 5429/3953/4286 5430/3954/4286 5439/3955/4286 5436/3951/4286
f 5436/3951/4287 5439/3955/4287 5433/3956/4287 5432/3952/4287
f 5439/3955/4288 5437/3925/4288 5434/3929/4288 5433/3956/4288
f 5430/3954/4289 5431/3926/4289 5437/3925/4289 5439/3955/4289
f 5425/3934/4290 5426/3933/4290 5431/3926/4290 5430/3954/4290
f 5411/3932/4291 5405/3957/4291 5414/3958/4291 5426/3933/4291
f 5435/3944/4292 5432/3952/4292 5417/3959/4292 5409/3941/4292
f 5433/3956/4293 5434/3929/4293 5413/3940/4293 5421/3960/4293
f 5432/3952/4294 5433/3956/4294 5421/3960/4294 5417/3959/4294
f 5416/3948/4295 5420/3950/4295 5374/3902/4295 5384/3907/4295
f 5408/3945/4296 5416/3948/4296 5384/3907/4296 5394/3920/4296
f 5406/3946/4297 5408/3945/4297 5394/3920/4297 5204/3712/4297
f 5204/3712/4298 5214/3711/4298 5415/3935/4298 5406/3946/4298
f 5423/3936/4299 5415/3935/4299 5214/3711/4299 5224/3733/4299
f 5224/3733/4300 5234/3739/4300 5419/3931/4300 5423/3936/4300
f 5411/3932/4301 5419/3931/4301 5234/3739/4301 5244/3754/4301
f 5405/3957/4302 5411/3932/4302 5244/3754/4302 5254/3769/4302
f 5420/3950/4303 5412/3943/4303 5364/3887/4303 5374/3902/4303
f 5412/3943/4304 5407/3942/4304 5354/3874/4304 5364/3887/4304
f 5407/3942/4305 5409/3941/4305 5344/3869/4305 5354/3874/4305
f 5409/3941/4306 5417/3959/4306 5334/3854/4306 5344/3869/4306
f 5417/3959/4307 5421/3960/4307 5324/3840/4307 5334/3854/4307
f 5421/3960/4308 5413/3940/4308 5314/3835/4308 5324/3840/4308
f 5413/3940/4309 5404/3939/4309 5304/3820/4309 5314/3835/4309
f 5404/3939/4310 5410/3930/4310 5294/3807/4310 5304/3820/4310
f 5284/3802/4311 5294/3807/4311 5410/3930/4311 5418/3928/4311
f 5418/3928/4312 5422/3927/4312 5274/3787/4312 5284/3802/4312
f 5422/3927/4313 5414/3958/4313 5264/3774/4313 5274/3787/4313
f 5254/3769/4314 5264/3774/4314 5414/3958/4314 5405/3957/4314
f 5431/3926/4315 5426/3933/4315 5414/3958/4315 5422/3927/4315
f 5205/3718/4316 5215/3717/4316 5441/3710/4316 5440/3709/4316
f 5215/3717/4317 5225/3736/4317 5442/3732/4317 5441/3710/4317
f 5225/3736/4318 5235/3743/4318 5443/3738/4318 5442/3732/4318
f 5235/3743/4319 5245/3757/4319 5444/3753/4319 5443/3738/4319
f 5245/3757/4320 5255/3770/4320 5445/3768/4320 5444/3753/4320
f 5255/3770/4321 5265/3777/4321 5446/3773/4321 5445/3768/4321
f 5265/3777/4322 5275/3790/4322 5447/3786/4322 5446/3773/4322
f 5275/3790/4323 5285/3803/4323 5448/3801/4323 5447/3786/4323
f 5285/3803/4324 5295/3810/4324 5449/3806/4324 5448/3801/4324
f 5295/3810/4325 5305/3823/4325 5450/3819/4325 5449/3806/4325
f 5305/3823/4326 5315/3836/4326 5451/3834/4326 5450/3819/4326
f 5315/3836/4327 5325/3843/4327 5452/3839/4327 5451/3834/4327
f 5325/3843/4328 5335/3857/4328 5453/3853/4328 5452/3839/4328
f 5335/3857/4329 5345/3862/4329 5454/3868/4329 5453/3853/4329
f 5345/3862/4330 5355/3877/4330 5455/3873/4330 5454/3868/4330
f 5355/3877/4331 5365/3890/4331 5456/3886/4331 5455/3873/4331
f 5365/3890/4332 5375/3895/4332 5457/3901/4332 5456/3886/4332
f 5375/3895/4333 5385/3910/4333 5458/3906/4333 5457/3901/4333
f 5385/3910/4334 5395/3923/4334 5459/3919/4334 5458/3906/4334
f 5395/3923/4335 5205/3718/4335 5440/3709/4335 5459/3919/4335
f 5467/3961/4336 5477/3962/4336 5476/3963/4336 5466/3964/4336
f 5696/3965/4337 5697/3966/4337 5470/3967/4337 5460/3968/4337
f 5468/3969/4338 5478/3970/4338 5477/3962/4338 5467/3961/4338
f 5716/3971/4339 5717/3972/4339 5471/3973/4339 5461/3974/4339
f 5469/3975/4340 5479/3976/4340 5478/3970/4340 5468/3969/4340
f 5463/3977/4341 5473/3978/4341 5472/3979/4341 5462/3980/4341
f 5464/3981/4342 5474/3982/4342 5473/3978/4342 5463/3977/4342
f 5465/3983/4343 5475/3984/4343 5474/3982/4343 5464/3981/4343
f 5466/3964/4344 5476/3963/4344 5475/3984/4344 5465/3983/4344
f 5474/3982/4345 5484/3985/4345 5483/3986/4345 5473/3978/4345
f 5475/3984/4346 5485/3987/4346 5484/3985/4346 5474/3982/4346
f 5476/3963/4347 5486/3988/4347 5485/3987/4347 5475/3984/4347
f 5477/3962/4348 5487/3989/4348 5486/3988/4348 5476/3963/4348
f 5697/3966/4349 5698/3990/4349 5480/3991/4349 5470/3967/4349
f 5478/3970/4350 5488/3992/4350 5487/3989/4350 5477/3962/4350
f 5717/3972/4351 5718/3993/4351 5481/3994/4351 5471/3973/4351
f 5479/3976/4352 5489/3995/4352 5488/3992/4352 5478/3970/4352
f 5473/3978/4353 5483/3986/4353 5482/3996/4353 5472/3979/4353
f 5698/3990/4354 5699/3997/4354 5490/3998/4354 5480/3991/4354
f 5488/3992/4355 5498/3999/4355 5497/4000/4355 5487/3989/4355
f 5718/3993/4356 5719/4001/4356 5491/4002/4356 5481/3994/4356
f 5489/3995/4357 5499/4003/4357 5498/3999/4357 5488/3992/4357
f 5483/3986/4358 5493/4004/4358 5492/4005/4358 5482/3996/4358
f 5484/3985/4359 5494/4006/4359 5493/4004/4359 5483/3986/4359
f 5485/3987/4360 5495/4007/4360 5494/4006/4360 5484/3985/4360
f 5486/3988/4361 5496/4008/4361 5495/4007/4361 5485/3987/4361
f 5487/3989/4362 5497/4000/4362 5496/4008/4362 5486/3988/4362
f 5495/4007/4363 5505/4009/4363 5504/4010/4363 5494/4006/4363
f 5496/4008/4364 5506/4011/4364 5505/4009/4364 5495/4007/4364
f 5497/4000/4365 5507/4012/4365 5506/4011/4365 5496/4008/4365
f 5699/3997/4366 5700/4013/4366 5500/4014/4366 5490/3998/4366
f 5498/3999/4367 5508/4015/4367 5507/4012/4367 5497/4000/4367
f 5719/4001/4368 5720/4016/4368 5501/4017/4368 5491/4002/4368
f 5499/4003/4369 5509/4018/4369 5508/4015/4369 5498/3999/4369
f 5493/4004/4370 5503/4019/4370 5502/4020/4370 5492/4005/4370
f 5494/4006/4371 5504/4010/4371 5503/4019/4371 5493/4004/4371
f 5509/4018/4372 5519/4021/4372 5518/4022/4372 5508/4015/4372
f 5503/4019/4373 5513/4023/4373 5512/4024/4373 5502/4020/4373
f 5504/4010/4374 5514/4025/4374 5513/4023/4374 5503/4019/4374
f 5505/4009/4375 5515/4026/4375 5514/4025/4375 5504/4010/4375
f 5506/4011/4376 5516/4027/4376 5515/4026/4376 5505/4009/4376
f 5507/4012/4377 5517/4028/4377 5516/4027/4377 5506/4011/4377
f 5700/4013/4378 5701/4029/4378 5510/4030/4378 5500/4014/4378
f 5508/4015/4379 5518/4022/4379 5517/4028/4379 5507/4012/4379
f 5720/4016/4380 5721/4031/4380 5511/4032/4380 5501/4017/4380
f 5517/4028/4381 5527/4033/4381 5526/4034/4381 5516/4027/4381
f 5701/4029/4382 5702/4035/4382 5520/4036/4382 5510/4030/4382
f 5518/4022/4383 5528/4037/4383 5527/4033/4383 5517/4028/4383
f 5721/4031/4384 5722/4038/4384 5521/4039/4384 5511/4032/4384
f 5519/4021/4385 5529/4040/4385 5528/4037/4385 5518/4022/4385
f 5513/4023/4386 5523/4041/4386 5522/4042/4386 5512/4024/4386
f 5514/4025/4387 5524/4043/4387 5523/4041/4387 5513/4023/4387
f 5515/4026/4388 5525/4044/4388 5524/4043/4388 5514/4025/4388
f 5516/4027/4389 5526/4034/4389 5525/4044/4389 5515/4026/4389
f 5525/4044/4390 5535/4045/4390 5534/4046/4390 5524/4043/4390
f 5526/4034/4391 5536/4047/4391 5535/4045/4391 5525/4044/4391
f 5527/4033/4392 5537/4048/4392 5536/4047/4392 5526/4034/4392
f 5702/4035/4393 5703/4049/4393 5530/4050/4393 5520/4036/4393
f 5528/4037/4394 5538/4051/4394 5537/4048/4394 5527/4033/4394
f 5722/4038/4395 5723/4052/4395 5531/4053/4395 5521/4039/4395
f 5529/4040/4396 5539/4054/4396 5538/4051/4396 5528/4037/4396
f 5523/4041/4397 5533/4055/4397 5532/4056/4397 5522/4042/4397
f 5524/4043/4398 5534/4046/4398 5533/4055/4398 5523/4041/4398
f 5539/4054/4399 5549/4057/4399 5548/4058/4399 5538/4051/4399
f 5533/4055/4400 5543/4059/4400 5542/4060/4400 5532/4056/4400
f 5534/4046/4401 5544/4061/4401 5543/4059/4401 5533/4055/4401
f 5535/4045/4402 5545/4062/4402 5544/4061/4402 5534/4046/4402
f 5536/4047/4403 5546/4063/4403 5545/4062/4403 5535/4045/4403
f 5537/4048/4404 5547/4064/4404 5546/4063/4404 5536/4047/4404
f 5703/4049/4405 5704/4065/4405 5540/4066/4405 5530/4050/4405
f 5538/4051/4406 5548/4058/4406 5547/4064/4406 5537/4048/4406
f 5723/4052/4407 5724/4067/4407 5541/4068/4407 5531/4053/4407
f 5547/4064/4408 5557/4069/4408 5556/4070/4408 5546/4063/4408
f 5704/4065/4409 5705/4071/4409 5550/4072/4409 5540/4066/4409
f 5548/4058/4410 5558/4073/4410 5557/4069/4410 5547/4064/4410
f 5724/4067/4411 5725/4074/4411 5551/4075/4411 5541/4068/4411
f 5549/4057/4412 5559/4076/4412 5558/4073/4412 5548/4058/4412
f 5543/4059/4413 5553/4077/4413 5552/4078/4413 5542/4060/4413
f 5544/4061/4414 5554/4079/4414 5553/4077/4414 5543/4059/4414
f 5545/4062/4415 5555/4080/4415 5554/4079/4415 5544/4061/4415
f 5546/4063/4416 5556/4070/4416 5555/4080/4416 5545/4062/4416
f 5555/4080/4417 5565/4081/4417 5564/4082/4417 5554/4079/4417
f 5556/4070/4418 5566/4083/4418 5565/4081/4418 5555/4080/4418
f 5557/4069/4419 5567/4084/4419 5566/4083/4419 5556/4070/4419
f 5705/4071/4420 5706/4085/4420 5560/4086/4420 5550/4072/4420
f 5558/4073/4421 5568/4087/4421 5567/4084/4421 5557/4069/4421
f 5725/4074/4422 5726/4088/4422 5561/4089/4422 5551/4075/4422
f 5559/4076/4423 5569/4090/4423 5568/4087/4423 5558/4073/4423
f 5553/4077/4424 5563/4091/4424 5562/4092/4424 5552/4078/4424
f 5554/4079/4425 5564/4082/4425 5563/4091/4425 5553/4077/4425
f 5569/4090/4426 5579/4093/4426 5578/4094/4426 5568/4087/4426
f 5563/4091/4427 5573/4095/4427 5572/4096/4427 5562/4092/4427
f 5564/4082/4428 5574/4097/4428 5573/4095/4428 5563/4091/4428
f 5565/4081/4429 5575/4098/4429 5574/4097/4429 5564/4082/4429
f 5566/4083/4430 5576/4099/4430 5575/4098/4430 5565/4081/4430
f 5567/4084/4431 5577/4100/4431 5576/4099/4431 5566/4083/4431
f 5706/4085/4432 5707/4101/4432 5570/4102/4432 5560/4086/4432
f 5568/4087/4433 5578/4094/4433 5577/4100/4433 5567/4084/4433
f 5726/4088/4434 5727/4103/4434 5571/4104/4434 5561/4089/4434
f 5577/4100/4435 5587/4105/4435 5586/4106/4435 5576/4099/4435
f 5707/4101/4436 5708/4107/4436 5580/4108/4436 5570/4102/4436
f 5578/4094/4437 5588/4109/4437 5587/4105/4437 5577/4100/4437
f 5727/4103/4438 5728/4110/4438 5581/4111/4438 5571/4104/4438
f 5579/4093/4439 5589/4112/4439 5588/4109/4439 5578/4094/4439
f 5573/4095/4440 5583/4113/4440 5582/4114/4440 5572/4096/4440
f 5574/4097/4441 5584/4115/4441 5583/4113/4441 5573/4095/4441
f 5575/4098/4442 5585/4116/4442 5584/4115/4442 5574/4097/4442
f 5576/4099/4443 5586/4106/4443 5585/4116/4443 5575/4098/4443
f 5584/4115/4444 5594/4117/4444 5593/4118/4444 5583/4113/4444
f 5585/4116/4445 5595/4119/4445 5594/4117/4445 5584/4115/4445
f 5586/4106/4446 5596/4120/4446 5595/4119/4446 5585/4116/4446
f 5587/4105/4447 5597/4121/4447 5596/4120/4447 5586/4106/4447
f 5708/4107/4448 5709/4122/4448 5590/4123/4448 5580/4108/4448
f 5588/4109/4449 5598/4124/4449 5597/4121/4449 5587/4105/4449
f 5728/4110/4450 5729/4125/4450 5591/4126/4450 5581/4111/4450
f 5589/4112/4451 5599/4127/4451 5598/4124/4451 5588/4109/4451
f 5583/4113/4452 5593/4118/4452 5592/4128/4452 5582/4114/4452
f 5598/4124/4453 5608/4129/4453 5607/4130/4453 5597/4121/4453
f 5729/4125/4454 5730/4131/4454 5601/4132/4454 5591/4126/4454
f 5599/4127/4455 5609/4133/4455 5608/4129/4455 5598/4124/4455
f 5593/4118/4456 5603/4134/4456 5602/4135/4456 5592/4128/4456
f 5594/4117/4457 5604/4136/4457 5603/4134/4457 5593/4118/4457
f 5595/4119/4458 5605/4137/4458 5604/4136/4458 5594/4117/4458
f 5596/4120/4459 5606/4138/4459 5605/4137/4459 5595/4119/4459
f 5597/4121/4460 5607/4130/4460 5606/4138/4460 5596/4120/4460
f 5709/4122/4461 5710/4139/4461 5600/4140/4461 5590/4123/4461
f 5606/4138/4462 5616/4141/4462 5615/4142/4462 5605/4137/4462
f 5607/4130/4463 5617/4143/4463 5616/4141/4463 5606/4138/4463
f 5710/4139/4464 5711/4144/4464 5610/4145/4464 5600/4140/4464
f 5608/4129/4465 5618/4146/4465 5617/4143/4465 5607/4130/4465
f 5730/4131/4466 5731/4147/4466 5611/4148/4466 5601/4132/4466
f 5609/4133/4467 5619/4149/4467 5618/4146/4467 5608/4129/4467
f 5603/4134/4468 5613/4150/4468 5612/4151/4468 5602/4135/4468
f 5604/4136/4469 5614/4152/4469 5613/4150/4469 5603/4134/4469
f 5605/4137/4470 5615/4142/4470 5614/4152/4470 5604/4136/4470
f 5614/4152/4471 5624/4153/4471 5623/4154/4471 5613/4150/4471
f 5615/4142/4472 5625/4155/4472 5624/4153/4472 5614/4152/4472
f 5616/4141/4473 5626/4156/4473 5625/4155/4473 5615/4142/4473
f 5617/4143/4474 5627/4157/4474 5626/4156/4474 5616/4141/4474
f 5711/4144/4475 5712/4158/4475 5620/4159/4475 5610/4145/4475
f 5618/4146/4476 5628/4160/4476 5627/4157/4476 5617/4143/4476
f 5731/4147/4477 5732/4161/4477 5621/4162/4477 5611/4148/4477
f 5619/4149/4478 5629/4163/4478 5628/4160/4478 5618/4146/4478
f 5613/4150/4479 5623/4154/4479 5622/4164/4479 5612/4151/4479
f 5628/4160/4480 5638/4165/4480 5637/4166/4480 5627/4157/4480
f 5732/4161/4481 5733/4167/4481 5631/4168/4481 5621/4162/4481
f 5629/4163/4482 5639/4169/4482 5638/4165/4482 5628/4160/4482
f 5623/4154/4483 5633/4170/4483 5632/4171/4483 5622/4164/4483
f 5624/4153/4484 5634/4172/4484 5633/4170/4484 5623/4154/4484
f 5625/4155/4485 5635/4173/4485 5634/4172/4485 5624/4153/4485
f 5626/4156/4486 5636/4174/4486 5635/4173/4486 5625/4155/4486
f 5627/4157/4487 5637/4166/4487 5636/4174/4487 5626/4156/4487
f 5712/4158/4488 5713/4175/4488 5630/4176/4488 5620/4159/4488
f 5636/4174/4489 5646/4177/4489 5645/4178/4489 5635/4173/4489
f 5637/4166/4490 5647/4179/4490 5646/4177/4490 5636/4174/4490
f 5713/4175/4491 5714/4180/4491 5640/4181/4491 5630/4176/4491
f 5638/4165/4492 5648/4182/4492 5647/4179/4492 5637/4166/4492
f 5733/4167/4493 5734/4183/4493 5641/4184/4493 5631/4168/4493
f 5639/4169/4494 5649/4185/4494 5648/4182/4494 5638/4165/4494
f 5633/4170/4495 5643/4186/4495 5642/4187/4495 5632/4171/4495
f 5634/4172/4496 5644/4188/4496 5643/4186/4496 5633/4170/4496
f 5635/4173/4497 5645/4178/4497 5644/4188/4497 5634/4172/4497
f 5644/4188/4498 5654/4189/4498 5653/4190/4498 5643/4186/4498
f 5645/4178/4499 5655/4191/4499 5654/4189/4499 5644/4188/4499
f 5646/4177/4500 5656/4192/4500 5655/4191/4500 5645/4178/4500
f 5647/4179/4501 5657/4193/4501 5656/4192/4501 5646/4177/4501
f 5714/4180/4502 5715/4194/4502 5650/4195/4502 5640/4181/4502
f 5648/4182/4503 5658/4196/4503 5657/4193/4503 5647/4179/4503
f 5734/4183/4504 5735/4197/4504 5651/4198/4504 5641/4184/4504
f 5649/4185/4505 5659/4199/4505 5658/4196/4505 5648/4182/4505
f 5643/4186/4506 5653/4190/4506 5652/4200/4506 5642/4187/4506
f 5658/4196/4507 5468/3969/4507 5467/3961/4507 5657/4193/4507
f 5735/4197/4508 5716/3971/4508 5461/3974/4508 5651/4198/4508
f 5659/4199/4509 5469/3975/4509 5468/3969/4509 5658/4196/4509
f 5653/4190/4510 5463/3977/4510 5462/3980/4510 5652/4200/4510
f 5654/4189/4511 5464/3981/4511 5463/3977/4511 5653/4190/4511
f 5655/4191/4512 5465/3983/4512 5464/3981/4512 5654/4189/4512
f 5656/4192/4513 5466/3964/4513 5465/3983/4513 5655/4191/4513
f 5657/4193/4514 5467/3961/4514 5466/3964/4514 5656/4192/4514
f 5715/4194/4515 5696/3965/4515 5460/3968/4515 5650/4195/4515
f 5693/4201/4516 5687/4202/4516 5678/4203/4516 5674/4204/4516
f 5690/4205/4517 5693/4201/4517 5674/4204/4517 5666/4206/4517
f 5675/4207/4518 5667/4208/4518 5682/4209/4518 5681/4210/4518
f 5671/4211/4519 5679/4212/4519 5680/4213/4519 5683/4214/4519
f 5679/4212/4520 5675/4207/4520 5681/4210/4520 5680/4213/4520
f 5666/4206/4521 5660/4215/4521 5669/4216/4521 5690/4205/4521
f 5665/4217/4522 5663/4218/4522 5668/4219/4522 5691/4220/4522
f 5664/4221/4523 5662/4222/4523 5671/4211/4523 5683/4214/4523
f 5684/4223/4524 5672/4224/4524 5664/4221/4524 5683/4214/4524
f 5694/4225/4525 5676/4226/4525 5672/4224/4525 5684/4223/4525
f 5694/4225/4526 5691/4220/4526 5668/4219/4526 5676/4226/4526
f 5694/4225/4527 5692/4227/4527 5688/4228/4527 5691/4220/4527
f 5684/4223/4528 5685/4229/4528 5692/4227/4528 5694/4225/4528
f 5683/4214/4529 5680/4213/4529 5685/4229/4529 5684/4223/4529
f 5680/4213/4530 5681/4210/4530 5686/4230/4530 5685/4229/4530
f 5685/4229/4531 5686/4230/4531 5695/4231/4531 5692/4227/4531
f 5692/4227/4532 5695/4231/4532 5689/4232/4532 5688/4228/4532
f 5695/4231/4533 5693/4201/4533 5690/4205/4533 5689/4232/4533
f 5686/4230/4534 5687/4202/4534 5693/4201/4534 5695/4231/4534
f 5681/4210/4535 5682/4209/4535 5687/4202/4535 5686/4230/4535
f 5667/4208/4536 5661/4233/4536 5670/4234/4536 5682/4209/4536
f 5691/4220/4537 5688/4228/4537 5673/4235/4537 5665/4217/4537
f 5689/4232/4538 5690/4205/4538 5669/4216/4538 5677/4236/4538
f 5688/4228/4539 5689/4232/4539 5677/4236/4539 5673/4235/4539
f 5672/4224/4540 5676/4226/4540 5630/4176/4540 5640/4181/4540
f 5664/4221/4541 5672/4224/4541 5640/4181/4541 5650/4195/4541
f 5662/4222/4542 5664/4221/4542 5650/4195/4542 5460/3968/4542
f 5460/3968/4543 5470/3967/4543 5671/4211/4543 5662/4222/4543
f 5679/4212/4544 5671/4211/4544 5470/3967/4544 5480/3991/4544
f 5480/3991/4545 5490/3998/4545 5675/4207/4545 5679/4212/4545
f 5667/4208/4546 5675/4207/4546 5490/3998/4546 5500/4014/4546
f 5661/4233/4547 5667/4208/4547 5500/4014/4547 5510/4030/4547
f 5676/4226/4548 5668/4219/4548 5620/4159/4548 5630/4176/4548
f 5668/4219/4549 5663/4218/4549 5610/4145/4549 5620/4159/4549
f 5663/4218/4550 5665/4217/4550 5600/4140/4550 5610/4145/4550
f 5665/4217/4551 5673/4235/4551 5590/4123/4551 5600/4140/4551
f 5673/4235/4552 5677/4236/4552 5580/4108/4552 5590/4123/4552
f 5677/4236/4553 5669/4216/4553 5570/4102/4553 5580/4108/4553
f 5669/4216/4554 5660/4215/4554 5560/4086/4554 5570/4102/4554
f 5660/4215/4555 5666/4206/4555 5550/4072/4555 5560/4086/4555
f 5540/4066/4556 5550/4072/4556 5666/4206/4556 5674/4204/4556
f 5674/4204/4557 5678/4203/4557 5530/4050/4557 5540/4066/4557
f 5678/4203/4558 5670/4234/4558 5520/4036/4558 5530/4050/4558
f 5510/4030/4559 5520/4036/4559 5670/4234/4559 5661/4233/4559
f 5687/4202/4560 5682/4209/4560 5670/4234/4560 5678/4203/4560
f 5461/3974/4561 5471/3973/4561 5697/3966/4561 5696/3965/4561
f 5471/3973/4562 5481/3994/4562 5698/3990/4562 5697/3966/4562
f 5481/3994/4563 5491/4002/4563 5699/3997/4563 5698/3990/4563
f 5491/4002/4564 5501/4017/4564 5700/4013/4564 5699/3997/4564
f 5501/4017/4565 5511/4032/4565 5701/4029/4565 5700/4013/4565
f 5511/4032/4566 5521/4039/4566 5702/4035/4566 5701/4029/4566
f 5521/4039/4567 5531/4053/4567 5703/4049/4567 5702/4035/4567
f 5531/4053/4568 5541/4068/4568 5704/4065/4568 5703/4049/4568
f 5541/4068/4569 5551/4075/4569 5705/4071/4569 5704/4065/4569
f 5551/4075/4570 5561/4089/4570 5706/4085/4570 5705/4071/4570
f 5561/4089/4571 5571/4104/4571 5707/4101/4571 5706/4085/4571
f 5571/4104/4572 5581/4111/4572 5708/4107/4572 5707/4101/4572
f 5581/4111/4573 5591/4126/4573 5709/4122/4573 5708/4107/4573
f 5591/4126/4574 5601/4132/4574 5710/4139/4574 5709/4122/4574
f 5601/4132/4575 5611/4148/4575 5711/4144/4575 5710/4139/4575
f 5611/4148/4576 5621/4162/4576 5712/4158/4576 5711/4144/4576
f 5621/4162/4577 5631/4168/4577 5713/4175/4577 5712/4158/4577
f 5631/4168/4578 5641/4184/4578 5714/4180/4578 5713/4175/4578
f 5641/4184/4579 5651/4198/4579 5715/4194/4579 5714/4180/4579
f 5651/4198/4580 5461/3974/4580 5696/3965/4580 5715/4194/4580
f 5462/3980/4581 5472/3979/4581 5717/3972/4581 5716/3971/4581
f 5472/3979/4582 5482/3996/4582 5718/3993/4582 5717/3972/4582
f 5482/3996/4583 5492/4005/4583 5719/4001/4583 5718/3993/4583
f 5492/4005/4584 5502/4020/4584 5720/4016/4584 5719/4001/4584
f 5502/4020/4585 5512/4024/4585 5721/4031/4585 5720/4016/4585
f 5512/4024/4586 5522/4042/4586 5722/4038/4586 5721/4031/4586
f 5522/4042/4587 5532/4056/4587 5723/4052/4587 5722/4038/4587
f 5532/4056/4588 5542/4060/4588 5724/4067/4588 5723/4052/4588
f 5542/4060/4589 5552/4078/4589 5725/4074/4589 5724/4067/4589
f 5552/4078/4590 5562/4092/4590 5726/4088/4590 5725/4074/4590
f 5562/4092/4591 5572/4096/4591 5727/4103/4591 5726/4088/4591
f 5572/4096/4592 5582/4114/4592 5728/4110/4592 5727/4103/4592
f 5582/4114/4593 5592/4128/4593 5729/4125/4593 5728/4110/4593
f 5592/4128/4594 5602/4135/4594 5730/4131/4594 5729/4125/4594
f 5602/4135/4595 5612/4151/4595 5731/4147/4595 5730/4131/4595
f 5612/4151/4596 5622/4164/4596 5732/4161/4596 5731/4147/4596
f 5622/4164/4597 5632/4171/4597 5733/4167/4597 5732/4161/4597
f 5632/4171/4598 5642/4187/4598 5734/4183/4598 5733/4167/4598
f 5642/4187/4599 5652/4200/4599 5735/4197/4599 5734/4183/4599
f 5652/4200/4600 5462/3980/4600 5716/3971/4600 5735/4197/4600
