# Blender 5.0.1
# www.blender.org
mtllib hair.mtl
o short2
v 0.741813 16.563101 1.096319
v 0.750054 16.474100 1.054519
v 0.750915 16.496201 1.028889
v 0.741567 16.599901 1.058589
v 0.973053 16.575500 0.116109
v 0.959892 16.647800 0.043839
v 0.992118 16.689600 0.104559
v 0.990642 16.609200 0.170889
v 0.584127 17.308201 0.184529
v 0.521397 17.342001 0.179359
v 0.494583 17.356401 0.315649
v 0.555468 17.326801 0.322139
v 0.653007 16.558701 1.258679
v 0.604545 16.581900 1.301139
v 0.603561 16.554300 1.312359
v 0.644028 16.534500 1.269459
v 0.412419 17.115501 -0.308821
v 0.367032 17.139702 -0.331591
v 0.353010 17.212601 -0.224341
v 0.399873 17.181801 -0.203551
v 0.167034 15.952700 -0.411561
v 0.112668 15.957400 -0.410131
v 0.120786 16.049400 -0.480311
v 0.177489 16.049000 -0.468101
v 0.748209 16.977001 -0.227641
v 0.686832 17.005402 -0.244251
v 0.733941 17.087601 -0.169891
v 0.796548 17.036600 -0.127431
v 0.945255 16.540600 0.075629
v 0.931602 16.608801 -0.004561
v 0.559281 17.051001 -0.257451
v 0.501594 17.070002 -0.269661
v 0.518445 17.153900 -0.183421
v 0.577854 17.135502 -0.187051
v 0.939228 16.725201 -0.029641
v 0.902697 16.795801 -0.077821
v 0.902943 16.842300 -0.003681
v 0.969609 16.775700 0.038339
v 0.977112 16.855202 0.298049
v 1.006017 16.758400 0.322029
v 0.999375 16.743601 0.251629
v 0.974283 16.839602 0.211479
v 0.702945 15.986800 -0.181771
v 0.660756 15.904600 -0.116541
v 0.593106 15.917100 -0.164061
v 0.633327 15.991400 -0.227311
v 0.950052 16.434401 0.265489
v 0.972438 16.448400 0.299479
v 0.772071 17.168301 0.215659
v 0.710940 17.222101 0.203889
v 0.698148 17.252401 0.336989
v 0.772809 17.192600 0.348979
v 0.903681 17.029301 0.252839
v 0.833940 17.113501 0.225779
v 0.831480 17.128401 0.348869
v 0.886953 17.048401 0.356899
v 0.748701 15.985700 -0.106531
v 0.707496 15.905400 -0.044271
v 0.932217 16.415600 0.238649
v 0.914013 16.386900 0.304979
v 0.896055 16.368801 0.298709
v 0.110946 17.206001 -0.414751
v -0.003690 17.211102 -0.426081
v -0.014637 17.317902 -0.314431
v 0.116973 17.291500 -0.280441
v 0.875760 16.857201 -0.132051
v 0.848454 16.917301 -0.176381
v 0.843165 16.964201 -0.086621
v 0.857556 16.905701 -0.048781
v 0.647964 16.656700 -0.389451
v 0.601593 16.681601 -0.427401
v 0.616107 16.761400 -0.391211
v 0.657189 16.730801 -0.352491
v 0.494214 15.674300 -0.070011
v 0.501471 15.648900 -0.061211
v 0.450303 15.630800 -0.107961
v 0.443415 15.663600 -0.120611
v 0.593844 15.698600 0.053519
v 0.596796 15.675400 0.061989
v 0.551901 15.659800 -0.000491
v 0.547350 15.685000 -0.009731
v 0.656574 15.724500 0.177269
v 0.656082 15.701900 0.186289
v 0.631851 15.690400 0.127219
v 0.630990 15.712900 0.119519
v 0.714630 16.077600 -0.225221
v 0.652638 16.086401 -0.274831
v 0.662970 16.185600 -0.308601
v 0.714753 16.175600 -0.251401
v 0.062607 16.157101 -0.522331
v -0.000492 16.158600 -0.519251
v 0.000861 16.271801 -0.560941
v 0.066420 16.272701 -0.555331
v 0.803805 16.070700 -0.069241
v 0.773547 16.062500 -0.166371
v 0.775269 16.161301 -0.192001
v 0.806880 16.153500 -0.101141
v 0.441078 16.122200 -0.419041
v 0.397413 16.127901 -0.444011
v 0.412542 16.243200 -0.479541
v 0.454239 16.234800 -0.452371
v 0.780804 15.994500 0.139539
v 0.795933 15.990800 0.073869
v 0.825207 16.065201 0.028659
v 0.828897 16.060001 0.123149
v 0.596796 16.098501 -0.324111
v 0.543906 16.105101 -0.367561
v 0.549564 16.214500 -0.391321
v 0.606513 16.199301 -0.354031
v 0.861246 16.265100 0.049449
v 0.849192 16.286400 -0.057801
v 0.866904 16.353201 -0.075621
v 0.884124 16.324301 0.028769
v 0.629883 16.491701 -0.408921
v 0.574533 16.510900 -0.444451
v 0.585234 16.598900 -0.448191
v 0.637509 16.576801 -0.406281
v 0.731358 16.447401 -0.307611
v 0.687447 16.469801 -0.366571
v 0.685971 16.551401 -0.357001
v 0.730620 16.524801 -0.303651
v 0.075522 16.585701 -0.620451
v -0.001353 16.589800 -0.616051
v 0.000738 16.691801 -0.611651
v 0.079089 16.688400 -0.606701
v 0.838368 16.389101 -0.174511
v 0.781665 16.420101 -0.246341
v 0.786585 16.493801 -0.246671
v 0.844518 16.454300 -0.177151
v 0.470106 16.539400 -0.494281
v 0.421275 16.549500 -0.510561
v 0.427794 16.640701 -0.512651
v 0.479946 16.630100 -0.499781
v 0.530745 16.899700 -0.398031
v 0.483390 16.915800 -0.416951
v 0.501717 17.002501 -0.356231
v 0.546366 16.979200 -0.338191
v 0.900606 16.469500 0.032399
v 0.889905 16.522900 -0.059561
v 0.907617 16.569101 -0.036021
v 0.921516 16.507500 0.048679
v 0.682281 16.810701 -0.306181
v 0.626931 16.843401 -0.347651
v 0.660141 16.932201 -0.310691
v 0.726930 16.900202 -0.297601
v 0.818442 16.731001 -0.255911
v 0.742920 16.771400 -0.293421
v 0.807003 16.847502 -0.257891
v 0.847470 16.794701 -0.200801
v 0.080442 16.990900 -0.536741
v -0.003075 16.985601 -0.519471
v -0.006519 17.093601 -0.481301
v 0.092865 17.097801 -0.482071
v 0.884370 16.628300 -0.117641
v 0.854235 16.682400 -0.187161
v 0.880557 16.739201 -0.141291
v 0.908847 16.677200 -0.078701
v 0.140958 17.516701 0.447869
v 0.153135 17.510801 0.283639
v 0.034071 17.523102 0.275499
v 0.034194 17.515301 0.432579
v 0.536772 17.339802 0.451279
v 0.481791 17.379801 0.445339
v 0.729636 16.946301 1.184319
v 0.716229 17.020102 1.102919
v 0.648456 17.054401 1.126459
v 0.663093 16.987902 1.232719
v 0.749685 16.649900 1.007109
v 0.751161 16.535101 0.980599
v 0.759033 16.787701 1.099179
v 0.752391 16.884802 1.144279
v 0.698517 16.747400 1.203679
v 0.699009 16.711700 1.159349
v 0.457068 17.356701 0.171659
v 0.561864 17.319500 0.028989
v 0.488802 17.354502 0.014689
v 0.549072 15.922600 -0.216091
v 0.573180 16.001701 -0.274391
v 0.536280 17.023201 1.292009
v 0.482529 17.043201 1.322369
v 0.490770 16.882101 1.452279
v 0.545136 16.872702 1.416089
v 0.838122 16.948502 0.959149
v 0.761001 17.011400 0.980929
v 0.775515 16.963202 1.064529
v 0.802206 16.869001 1.020969
v 0.923238 16.746101 0.911739
v 0.818442 16.685400 0.959039
v 0.816843 16.580101 0.917789
v 0.891504 16.625601 0.863229
v 0.964689 16.878401 0.462279
v 0.965796 16.868000 0.382419
v 0.922008 16.962502 0.368119
v 0.915858 16.973701 0.458649
v 0.859032 17.050901 0.455789
v 0.809094 17.130800 0.455239
v 0.709956 17.070301 1.010519
v 0.651777 17.118801 1.034279
v 0.186099 16.151201 -0.508141
v 0.125460 16.153101 -0.523651
v 0.130749 16.270601 -0.555441
v 0.196185 16.266701 -0.548181
v 0.803436 16.031300 0.226769
v 0.861861 16.136101 0.101369
v 0.816966 16.100500 0.209719
v 0.774162 15.982600 0.250639
v 0.897900 16.247200 0.199049
v 0.869487 16.206800 0.206309
v 0.920409 16.392700 0.220389
v 0.910200 16.368000 0.210159
v 0.840213 17.046400 0.635639
v 0.778836 17.120800 0.645429
v 0.769857 17.105701 0.734199
v 0.839844 17.032001 0.720889
v 0.975267 16.884300 0.608469
v 0.977112 16.863602 0.698229
v 1.007124 16.727400 0.682279
v 1.007739 16.760500 0.595269
v 0.704544 15.873500 0.221599
v 0.734064 15.928500 0.180019
v 0.756450 15.917500 0.276049
v 0.732834 15.870600 0.285399
v 0.707619 17.182402 0.660829
v 0.643413 17.245001 0.673039
v 0.670965 17.235701 0.773249
v 0.706143 17.172602 0.753009
v 0.081303 17.305601 1.158909
v 0.017958 17.303001 1.152859
v 0.006519 17.244301 1.311479
v 0.089667 17.239101 1.297949
v 0.133209 17.485901 0.101699
v 0.232470 17.462200 0.111489
v 0.188805 17.368801 0.017219
v 0.102582 17.391500 -0.006321
v 0.788184 16.016300 0.277479
v 0.785355 15.955200 0.315649
v 0.388926 17.406101 0.700429
v 0.387450 17.400600 0.811309
v 0.448335 17.372101 0.804599
v 0.446490 17.375301 0.696359
v 0.082287 17.109600 1.463499
v 0.022263 17.121500 1.434679
v 0.019680 16.972700 1.572619
v 0.088683 16.967501 1.580539
v 0.269985 16.968700 -0.500001
v 0.190650 16.982302 -0.532231
v 0.206025 17.093700 -0.483391
v 0.289788 17.075201 -0.455451
v 0.577362 17.296301 0.683929
v 0.592491 17.302301 0.790959
v 0.219924 16.578400 -0.597131
v 0.148707 16.583300 -0.612091
v 0.154365 16.680500 -0.600431
v 0.222876 16.673100 -0.581511
v 0.736278 17.192001 0.455679
v 0.667521 17.249401 0.453919
v 0.110454 17.502501 0.721659
v 0.118326 17.493502 0.583389
v 0.038376 17.518202 0.580749
v 0.046002 17.512701 0.727159
v 0.271953 17.478701 0.451829
v 0.304917 17.465401 0.291229
v 0.238743 17.491100 0.279899
v 0.218202 17.500700 0.451829
v 0.198153 16.641100 1.505519
v 0.138129 16.666300 1.503649
v 0.129642 16.630301 1.513329
v 0.184992 16.606100 1.516079
v 0.513771 17.309401 0.893919
v 0.516969 17.337801 0.798439
v 0.444276 17.340200 0.905579
v 0.821517 16.070501 0.279899
v 0.876744 16.208101 0.271319
v 0.860139 16.158800 0.266809
v 0.895194 16.376900 0.018319
v 0.875391 16.413801 -0.082001
v 0.886707 16.471600 -0.074301
v 0.891627 16.426800 0.024259
v 0.237882 17.110001 1.429949
v 0.305040 17.097900 1.404869
v 0.278595 17.181900 1.257689
v 0.216234 17.193701 1.273969
v 0.422505 17.069000 1.357019
v 0.466170 17.137901 1.218749
v 0.402210 17.155500 1.231949
v 0.290772 17.428801 0.166269
v 0.342432 17.403601 0.164289
v 0.338004 17.374500 0.013919
v 0.275643 17.363602 0.011829
v 0.227919 17.475700 0.713959
v 0.218202 17.465502 0.826379
v 0.272814 17.445900 0.821539
v 0.280932 17.455101 0.709339
v 0.293478 16.142101 -0.478661
v 0.239604 16.148500 -0.491751
v 0.254856 16.261801 -0.537181
v 0.309960 16.257200 -0.524751
v 0.378840 16.938702 -0.443571
v 0.324597 16.951000 -0.468211
v 0.356454 17.056501 -0.425751
v 0.412788 17.042601 -0.398471
v 0.331731 16.566200 -0.554011
v 0.279210 16.573700 -0.578321
v 0.275520 16.662500 -0.555441
v 0.327672 16.655100 -0.534541
v 0.385482 17.442001 0.457769
v 0.384129 17.404301 0.308939
v 0.342924 17.434700 0.300689
v 0.325089 17.465000 0.457549
v 0.212052 17.429100 0.930439
v 0.267279 17.418800 0.926039
v 0.382776 17.370300 0.910859
v 0.556452 16.594200 1.343269
v 0.513279 16.594700 1.385289
v 0.516231 16.560600 1.395959
v 0.560019 16.561701 1.356689
v 0.423858 16.592100 1.445019
v 0.376995 16.598801 1.465809
v 0.379209 16.563301 1.474279
v 0.426318 16.559401 1.452059
v 0.775884 16.368900 0.996549
v 0.778959 16.382601 0.969049
v 0.292248 16.616301 1.491769
v 0.252888 16.630301 1.495619
v 0.237636 16.592001 1.507609
v 0.284253 16.577501 1.501119
v 0.064575 16.704800 1.494959
v -0.004920 16.706200 1.494299
v -0.009225 16.661800 1.506509
v 0.061008 16.661701 1.507169
v 0.589416 15.828100 -0.119181
v 0.568014 15.783500 -0.067811
v 0.514632 15.762400 -0.139201
v 0.535542 15.835500 -0.176381
v 0.661863 15.852000 0.024589
v 0.631236 15.808100 0.076509
v 0.611556 15.788000 -0.003681
v 0.635787 15.848100 -0.052411
v 0.697533 15.868800 0.176169
v 0.676500 15.816300 0.195529
v 0.654729 15.810900 0.146909
v 0.683511 15.858400 0.105989
v 0.442677 15.711300 -0.147451
v 0.422259 15.688200 -0.191121
v 0.436650 15.756000 -0.226431
v 0.474534 15.759600 -0.181881
v 0.490647 15.733200 -0.086071
v 0.673671 15.773200 0.207189
v 0.654114 15.765100 0.164179
v 0.681543 15.740100 0.251849
v 0.683511 15.759300 0.245139
v 0.706512 15.787500 0.297279
v 0.705282 15.769900 0.299479
v 0.225459 16.767700 -0.548731
v 0.159777 16.775900 -0.574911
v 0.166665 16.873100 -0.556321
v 0.249936 16.864801 -0.542021
v 0.541815 15.737400 -0.025791
v 0.624225 15.757300 0.104559
v 0.592122 15.747700 0.036139
v 0.904788 16.334801 0.203229
v 0.499380 16.724001 -0.479321
v 0.446121 16.737900 -0.493951
v 0.463095 16.829700 -0.452591
v 0.512910 16.813501 -0.437301
v 0.750054 16.596500 -0.296611
v 0.696057 16.627300 -0.341161
v 0.702945 16.696100 -0.308051
v 0.772809 16.663500 -0.281431
v 0.081549 16.784401 -0.581291
v 0.009102 16.789801 -0.595921
v 0.002583 16.887501 -0.558301
v 0.085362 16.878500 -0.547191
v 0.859647 16.517200 -0.170881
v 0.808233 16.559700 -0.244581
v 0.835539 16.621901 -0.225661
v 0.873669 16.575600 -0.150311
v 0.903435 16.287701 0.197399
v 0.342309 16.753101 -0.515181
v 0.286467 16.759800 -0.527281
v 0.312051 16.859100 -0.513201
v 0.364941 16.852100 -0.490651
v 0.886830 16.297701 0.275279
v 0.886830 16.243801 0.273849
v 0.898761 16.316900 0.281329
v 0.708480 15.817800 0.291559
v 0.718197 15.840200 0.287269
v 0.730497 15.837000 0.326209
v 0.720657 15.813700 0.330169
v 0.961491 16.621000 0.665119
v 0.984369 16.645800 0.604839
v 1.005771 16.769201 0.402989
v 1.003680 16.777000 0.476139
v 1.001097 16.675400 0.488349
v 1.008723 16.677900 0.423009
v 0.951405 16.472200 0.528499
v 0.971085 16.479200 0.485159
v 0.920901 16.545801 0.765219
v 0.867519 16.508001 0.819009
v 0.843165 16.233900 0.759279
v 0.840951 16.276100 0.694709
v 0.870594 16.392000 0.628159
v 0.889044 16.427900 0.596259
v 0.897777 16.384800 0.509909
v 0.917949 16.394600 0.483289
v 0.809709 16.006201 0.699329
v 0.830865 16.105900 0.657529
v 0.879573 16.243200 0.512219
v 0.903189 16.294001 0.515849
v 0.771333 15.903800 0.324559
v 0.747471 15.866100 0.322579
v 0.714507 15.795900 0.330279
v 0.691752 15.826400 0.233369
v 0.798885 16.035900 0.837709
v 0.801222 16.021700 0.790629
v 0.812784 16.171600 0.822309
v 0.804174 16.159100 0.885999
v 0.837138 16.465000 0.864109
v 0.780189 16.419600 0.918669
v 0.814506 16.185701 0.795469
v 0.919671 16.402901 0.449739
v 0.984492 16.483700 0.440059
v 1.011675 16.670300 0.360969
v 1.006017 16.659000 0.297059
v 0.201228 16.376400 -0.572381
v 0.135054 16.380301 -0.574141
v 0.827913 17.012402 0.798989
v 0.755835 17.081701 0.817359
v 0.767889 17.059801 0.899089
v 0.825945 16.980301 0.877419
v 0.979941 16.829000 0.776769
v 0.967272 16.806002 0.835399
v 0.961122 16.672201 0.801189
v 0.991749 16.706800 0.741349
v 0.703683 17.148401 0.840239
v 0.647349 17.209600 0.864879
v 0.644151 17.171501 0.946829
v 0.706389 17.117802 0.925599
v 0.078228 17.454302 0.974329
v 0.007626 17.444201 0.963109
v 0.012792 17.384602 1.057709
v 0.079704 17.377401 1.048579
v 0.514755 17.185101 1.072779
v 0.513033 17.255201 0.984779
v 0.453624 17.292002 1.011619
v 0.453747 17.219301 1.096099
v 0.207255 17.285702 1.140979
v 0.266418 17.278801 1.134599
v 0.262113 17.359600 1.027129
v 0.206025 17.373201 1.033179
v 0.392862 17.248201 1.117329
v 0.385974 17.324402 1.021409
v 0.735171 15.919700 0.044609
v 0.753498 15.923900 0.123699
v 0.939597 16.587301 0.717149
v 0.856449 16.327700 0.642899
v 0.857187 16.196901 0.563919
v 0.149814 15.616300 -0.293531
v 0.170232 15.720600 -0.338411
v 0.305163 15.723800 -0.309811
v 0.282162 15.641600 -0.261521
v 0.844026 16.114799 0.269009
v 0.841197 16.153200 0.209499
v 0.856941 16.199400 0.073319
v 0.845256 16.217600 -0.031841
v 0.980925 16.469000 0.341499
v 0.923238 16.391201 0.380549
v 0.923853 16.390600 0.352829
v 0.827052 16.229900 -0.139641
v 0.778098 16.251001 -0.218731
v 1.002204 16.638000 0.231719
v 1.002204 16.715801 0.181229
v 0.969978 16.812500 0.121279
v 0.867396 16.948702 0.044719
v 0.894456 17.000900 0.138989
v 0.937260 16.924200 0.173419
v 0.917826 16.890800 0.075739
v 0.790644 17.083000 -0.017871
v 0.782280 17.125200 0.103349
v 0.839721 17.067001 0.118309
v 0.839598 17.010801 0.010509
v 0.678960 17.191200 -0.058461
v 0.686094 17.243900 0.075849
v 0.728529 17.183201 0.088609
v 0.738123 17.140402 -0.039541
v 0.478470 17.275101 -0.099931
v 0.546612 17.258001 -0.090581
v 0.277242 17.299702 -0.120171
v 0.349689 17.293201 -0.113131
v 0.096924 17.323200 -0.147341
v 0.195324 17.297901 -0.133701
v 0.730005 16.270500 -0.282201
v 0.684864 16.281700 -0.345781
v 0.624840 16.301001 -0.394401
v 0.563955 16.318001 -0.424871
v 0.463218 16.345100 -0.477671
v 0.418446 16.354300 -0.500551
v 0.369492 16.362000 -0.521671
v 0.376872 16.463900 -0.533441
v 0.422751 16.456301 -0.511661
v 0.216849 17.197102 -0.386041
v 0.294831 17.171801 -0.368001
v 0.071217 16.382401 -0.587451
v 0.000492 16.382301 -0.594051
v 0.703560 16.638700 1.128329
v 0.707127 16.674900 1.115679
v 0.696303 16.563700 1.190369
v 0.723117 16.509701 1.143509
v 0.743043 16.441500 1.093019
v 0.798516 16.154701 0.910749
v 0.646488 17.268400 0.193219
v 0.624102 17.292101 0.329069
v 0.615369 17.287701 0.041639
v 0.686709 16.529001 1.207859
v 0.683880 16.512901 1.216659
v 0.668628 16.667700 1.192459
v 0.638370 16.682701 1.227329
v 0.456945 17.091902 -0.285721
v 0.460512 17.166500 -0.182541
v 0.461373 17.023701 -0.373501
v 0.300489 17.247601 -0.249421
v 0.789906 16.038700 0.889739
v 0.794826 16.033701 0.867629
v 0.794457 16.157801 0.936379
v 0.618813 17.031401 -0.251621
v 0.638493 17.111301 -0.188371
v 0.599871 16.956402 -0.323011
v 0.926805 16.944901 0.271979
v 0.777729 15.982300 -0.024031
v 0.512787 15.921400 -0.269661
v 0.522258 16.012300 -0.309921
v 0.834801 16.141100 -0.011931
v 0.209469 17.271101 -0.284071
v 0.004059 15.541600 -0.265921
v 0.002583 15.569400 -0.280441
v 0.132963 15.550200 -0.269991
v 0.128412 15.518300 -0.247111
v 0.008733 15.640800 -0.315531
v 0.399627 15.653500 -0.158341
v 0.401964 15.615000 -0.140631
v 0.670965 15.737100 0.217199
v 0.669120 15.717400 0.224129
v 0.059163 16.051401 -0.477231
v -0.001722 16.053301 -0.474921
v 0.487572 16.116001 -0.390441
v 0.499872 16.225601 -0.423551
v 0.685602 16.381601 -0.360191
v 0.627300 16.402000 -0.404851
v 0.570474 16.419401 -0.439391
v 0.785724 16.339401 -0.242821
v 0.732342 16.361401 -0.301121
v 0.139359 16.483301 -0.597241
v 0.070725 16.486601 -0.601531
v 0.000369 16.487801 -0.607141
v 0.838983 16.310501 -0.163511
v 0.521520 16.527201 -0.471951
v 0.532836 16.616001 -0.477561
v 0.516354 16.434401 -0.465571
v 0.467400 16.446501 -0.488451
v 0.580929 16.870701 -0.376251
v 0.568260 16.789301 -0.420141
v 0.688185 15.789300 0.238649
v 0.189789 17.490601 0.584819
v 0.533697 17.358002 0.582619
v 0.466662 17.389301 0.584049
v 0.654114 17.252701 0.567439
v 0.602454 17.299400 0.453039
v 0.593229 17.305801 0.571289
v 0.687693 16.822001 1.265829
v 0.631851 16.843901 1.322589
v 0.831111 16.782801 0.991379
v 0.750669 16.704201 1.071459
v 0.406146 17.386600 0.168579
v 0.415740 17.375900 0.019529
v 0.439848 17.381601 0.310479
v 0.460758 15.920600 -0.313991
v 0.477732 16.018600 -0.354361
v 0.060147 15.958600 -0.418161
v 0.596304 17.004702 1.262089
v 0.594213 16.859001 1.363179
v 0.580191 17.079802 1.148129
v 0.530991 17.114000 1.186739
v 0.883263 16.840502 0.936269
v 0.904296 16.905201 0.855089
v 0.963459 16.886101 0.540819
v 0.908970 16.973501 0.544999
v 0.997407 16.776100 0.542359
v 0.847716 17.053001 0.548959
v 0.785970 17.124001 0.554239
v 0.009840 15.737700 -0.342041
v 0.904419 16.967800 0.625189
v 0.908970 16.956701 0.705159
v 0.004920 15.956100 -0.424211
v 0.724593 17.194401 0.562379
v 0.146985 17.296701 1.151319
v 0.160884 17.211102 1.288929
v 0.142557 17.370401 1.038899
v -0.005289 17.473801 0.097959
v 0.002706 17.394901 -0.019961
v 0.408114 17.415701 0.580749
v 0.350427 17.438400 0.582179
v 0.330255 17.427000 0.703839
v 0.327918 17.426500 0.817359
v 0.172200 17.127800 1.436549
v 0.163713 16.960701 1.580869
v 0.507744 17.337301 0.690859
v 0.209469 16.479700 -0.588881
v 0.119679 17.498402 0.844419
v 0.021033 17.511801 0.869279
v 0.159285 17.478001 0.837929
v 0.173553 17.493601 0.718029
v 0.274044 16.475800 -0.575021
v 0.247476 17.481800 0.585479
v 0.297783 17.459501 0.583609
v 0.587694 17.277102 0.887649
v 0.577731 17.215401 0.965419
v 0.766659 16.350601 1.041319
v 0.737631 16.428699 1.108529
v 0.736155 16.421000 1.113479
v 0.765306 16.346500 1.047149
v 0.243663 16.948601 1.572069
v 0.317463 16.933802 1.551279
v 0.370107 17.074902 1.376269
v 0.343416 17.173901 1.247569
v 0.381177 16.915201 1.514979
v 0.436158 16.894800 1.489789
v 0.151167 17.439701 0.939789
v 0.346368 16.134800 -0.464911
v 0.365925 16.251001 -0.504951
v 0.432099 16.927200 -0.430481
v 0.415371 16.841501 -0.470741
v 0.376995 16.558001 -0.530141
v 0.378471 16.649101 -0.521011
v 0.328656 16.470001 -0.554341
v 0.427671 17.406900 0.438629
v 0.168879 16.885101 1.638179
v 0.268632 16.867601 1.606829
v 0.330378 17.400801 0.919769
v 0.324966 17.346001 1.026139
v 0.602085 16.705101 1.275399
v 0.552639 16.717001 1.330179
v 0.470475 16.591101 1.418399
v 0.472074 16.557800 1.426539
v 0.526317 16.732100 1.382429
v 0.442923 16.766701 1.471749
v 0.473550 16.752001 1.442489
v 0.332469 16.607000 1.480549
v 0.329517 16.568201 1.489349
v 0.417339 16.791601 1.516849
v 0.314142 16.854601 1.603969
v 0.385851 16.829901 1.561289
v 0.094464 16.894701 1.639829
v 0.005658 16.891701 1.641369
v 0.492000 15.835700 -0.223461
v 0.446121 15.835700 -0.265591
v 0.008856 15.851700 -0.370971
v 0.169494 15.852300 -0.356671
v 0.552393 16.703100 -0.458531
v 0.909462 16.347200 0.271869
v 0.393846 16.745501 -0.506601
v 0.993102 16.665201 0.550829
v 0.921270 16.451900 0.564579
v 0.893595 16.340601 0.517719
v 0.799131 15.996600 0.753229
v 0.711801 15.783500 0.330169
v 0.906510 16.405100 0.403099
v 0.983016 16.481001 0.390009
v 0.260268 15.565300 -0.198491
v 0.265557 15.604800 -0.228301
v 0.902574 16.929201 0.780289
v 0.578223 17.153801 1.050889
v 0.330624 17.268002 1.127559
v 0.613770 17.230400 -0.076061
v 0.414756 17.283300 -0.103781
v 0.026814 17.369600 -0.161971
v 0.511803 16.333401 -0.452041
v 0.320784 16.367800 -0.540811
v 0.661617 16.608500 1.234809
v 0.606636 16.637701 1.269679
v 0.266787 16.371401 -0.562151
v 0.771210 16.356800 1.023939
v 0.307746 15.842200 -0.336101
v 0.319431 15.941100 -0.383511
v 0.328656 16.034401 -0.418931
v 0.322014 16.672400 1.460859
v 0.291264 16.692101 1.464489
v 0.469245 16.660700 1.387159
v 0.420537 16.662100 1.419939
v 0.789660 16.167500 0.957279
v 0.788553 16.162701 0.952109
v 0.273183 16.706100 1.463719
v 0.220785 16.723301 1.472409
v 0.142557 16.738100 1.477249
v 0.069249 16.760801 1.473509
v 0.373920 16.664900 1.440949
v 0.519060 16.660900 1.350199
v 0.562971 16.658501 1.310269
v 0.781665 16.058401 0.924719
v 0.784986 16.047901 0.912069
v 0.711186 16.476101 1.169249
v 0.715122 16.488501 1.160779
v 0.007626 16.765501 1.473729
v 0.280194 16.039600 -0.435651
v 0.229641 16.043701 -0.452701
v -0.728037 16.552700 1.097309
v -0.736524 16.571800 1.076519
v -0.759894 16.503901 1.030209
v -0.756450 16.472500 1.064089
v -0.997653 16.567101 0.116549
v -1.009338 16.594101 0.161429
v -0.961614 16.681501 0.105439
v -0.952635 16.651300 0.048239
v -0.602085 17.301102 0.178149
v -0.612663 17.353500 0.322689
v -0.552393 17.391201 0.317409
v -0.546858 17.335901 0.162199
v -0.654114 16.544500 1.248779
v -0.648579 16.532101 1.255049
v -0.624471 16.558901 1.270229
v -0.630990 16.574701 1.270779
v -0.430377 17.128500 -0.347981
v -0.449934 17.216702 -0.256681
v -0.374535 17.245300 -0.268451
v -0.356946 17.143600 -0.366021
v -0.170478 15.953500 -0.398361
v -0.175029 16.050800 -0.452921
v -0.118941 16.052101 -0.470191
v -0.114021 15.952200 -0.411561
v -0.743904 16.956800 -0.207731
v -0.738246 17.008202 -0.115441
v -0.699132 17.043800 -0.144151
v -0.693843 16.998701 -0.245791
v -0.985599 16.533100 0.077169
v -0.957801 16.614201 -0.008301
v -0.588432 17.047300 -0.291661
v -0.621888 17.112801 -0.194311
v -0.573303 17.143501 -0.221921
v -0.539232 17.075802 -0.308711
v -0.929511 16.729300 -0.019961
v -0.939474 16.767500 0.041199
v -0.900483 16.842602 -0.009951
v -0.889536 16.797901 -0.079801
v -1.009461 16.864500 0.269559
v -0.975144 16.834702 0.193329
v -1.029264 16.739300 0.229849
v -1.057308 16.758200 0.306849
v -0.681789 16.002300 -0.172751
v -0.629514 16.007000 -0.221151
v -0.616845 15.930500 -0.184521
v -0.676869 15.922200 -0.138541
v -0.974529 16.375900 0.291669
v -0.964074 16.415001 0.288809
v -0.778344 17.179901 0.201249
v -0.799131 17.214001 0.327419
v -0.741567 17.273500 0.319169
v -0.713031 17.221802 0.194649
v -0.915981 17.049601 0.225559
v -0.939966 17.084600 0.340509
v -0.872439 17.164902 0.327749
v -0.874407 17.130001 0.211919
v -0.728160 15.996700 -0.114341
v -0.708603 15.933100 -0.071881
v -0.956448 16.360600 0.263619
v -0.916596 16.283201 0.335559
v -0.928896 16.302700 0.346009
v -0.116727 17.200602 -0.416071
v -0.113652 17.293701 -0.302111
v -0.838368 16.853601 -0.127211
v -0.852513 16.906200 -0.056261
v -0.804420 16.961601 -0.092561
v -0.793473 16.906000 -0.171101
v -0.681912 16.658701 -0.416621
v -0.688185 16.738100 -0.376471
v -0.642552 16.768700 -0.415851
v -0.633204 16.686701 -0.461501
v -0.467154 15.730300 -0.064621
v -0.430254 15.708500 -0.100811
v -0.431607 15.682300 -0.096741
v -0.469245 15.702100 -0.058241
v -0.549810 15.744100 0.024699
v -0.507252 15.740900 -0.021281
v -0.507867 15.714700 -0.012811
v -0.550794 15.719400 0.031629
v -0.629637 15.746900 0.142949
v -0.591507 15.743000 0.077609
v -0.589785 15.720300 0.084759
v -0.626193 15.724100 0.150319
v -0.685479 16.087400 -0.205531
v -0.698148 16.179399 -0.242491
v -0.643536 16.189800 -0.295071
v -0.624717 16.097101 -0.249751
v -0.064329 16.156500 -0.522551
v -0.067527 16.271000 -0.565891
v -0.767889 16.073801 -0.077271
v -0.797163 16.145000 -0.119181
v -0.761370 16.157200 -0.198271
v -0.743781 16.079000 -0.152511
v -0.446244 16.119400 -0.425091
v -0.467400 16.230000 -0.474371
v -0.418323 16.240200 -0.492631
v -0.400734 16.126501 -0.447091
v -0.791751 15.999000 0.153619
v -0.819549 16.056400 0.118859
v -0.800238 16.060900 -0.005001
v -0.788553 15.994000 0.037239
v -0.583512 16.102600 -0.307061
v -0.609834 16.196701 -0.353371
v -0.569490 16.205400 -0.408371
v -0.542553 16.107201 -0.355681
v -0.901344 16.236300 0.019199
v -0.917211 16.297600 0.007869
v -0.897654 16.338900 -0.105541
v -0.885600 16.268700 -0.092231
v -0.651408 16.491199 -0.429271
v -0.656328 16.577501 -0.426741
v -0.600363 16.600000 -0.466671
v -0.597903 16.510700 -0.471731
v -0.754851 16.444300 -0.330051
v -0.765552 16.525000 -0.331371
v -0.712416 16.551100 -0.380651
v -0.703560 16.467701 -0.381421
v -0.075891 16.586100 -0.610221
v -0.081918 16.685801 -0.605491
v -0.862353 16.379101 -0.200251
v -0.880311 16.450600 -0.207291
v -0.823977 16.493301 -0.278681
v -0.809463 16.416100 -0.272961
v -0.488310 16.540300 -0.523101
v -0.494460 16.632401 -0.522881
v -0.442800 16.644501 -0.540151
v -0.442308 16.551100 -0.546641
v -0.538986 16.901100 -0.411671
v -0.558666 16.981201 -0.357331
v -0.507621 17.001501 -0.375811
v -0.488556 16.919300 -0.430151
v -0.977112 16.452101 0.017439
v -0.981417 16.497801 0.043949
v -0.957678 16.571100 -0.053181
v -0.951405 16.521000 -0.086951
v -0.699132 16.810701 -0.327961
v -0.721026 16.890100 -0.283851
v -0.659280 16.923500 -0.305411
v -0.645504 16.845800 -0.365361
v -0.814014 16.736000 -0.252281
v -0.824346 16.799702 -0.190901
v -0.774039 16.847200 -0.235781
v -0.755589 16.776800 -0.295181
v -0.089544 16.978300 -0.503521
v -0.100245 17.082201 -0.461831
v -0.916842 16.635401 -0.133701
v -0.922869 16.685900 -0.081451
v -0.875637 16.746801 -0.140521
v -0.863091 16.689501 -0.194421
v -0.093111 17.525101 0.427299
v -0.121647 17.475201 0.176499
v -0.617214 17.386002 0.459089
v -0.554730 17.424301 0.464259
v -0.752760 16.843901 1.235029
v -0.716229 16.946100 1.253289
v -0.731850 17.029402 1.187289
v -0.754728 16.963701 1.155499
v -0.787200 16.632700 1.030759
v -0.809094 16.549801 0.974879
v -0.760140 16.705400 1.143729
v -0.685848 16.649101 1.170679
v -0.649440 16.689400 1.216109
v -0.778713 16.785700 1.186079
v -0.488802 17.361900 0.159669
v -0.484497 17.300001 0.029979
v -0.530622 17.269402 0.043839
v -0.573180 16.013000 -0.270101
v -0.561249 15.935300 -0.228961
v -0.606390 17.067202 1.299599
v -0.547596 16.874401 1.371759
v -0.486219 16.899302 1.429509
v -0.487818 17.117901 1.310159
v -0.896670 16.940601 0.987969
v -0.873669 16.837801 1.093349
v -0.814137 16.909000 1.129429
v -0.855342 16.997501 1.043849
v -0.971577 16.764801 0.909099
v -0.979326 16.662401 0.877529
v -0.920286 16.617201 0.929339
v -0.910323 16.708700 0.970369
v -1.066287 16.912701 0.453259
v -0.998022 17.013000 0.459639
v -0.987444 16.994202 0.343919
v -1.046115 16.885900 0.358219
v -0.929265 17.096300 0.453259
v -0.852390 17.161600 0.450949
v -0.771456 17.051401 1.082459
v -0.692490 17.094501 1.079819
v -0.185730 16.150600 -0.512761
v -0.196923 16.264400 -0.557751
v -0.132348 16.268101 -0.563801
v -0.125460 16.154001 -0.521561
v -0.815367 16.008801 0.288479
v -0.808479 16.068901 0.253829
v -0.859647 16.116001 0.085089
v -0.801960 15.952400 0.325439
v -0.852021 16.175301 0.208509
v -0.869118 16.211901 0.200919
v -0.922992 16.321501 0.228639
v -0.937629 16.345200 0.243379
v -0.896424 17.079500 0.647849
v -0.882279 17.055700 0.730679
v -0.830127 17.133600 0.759719
v -0.823485 17.149302 0.655329
v -1.060260 16.905500 0.641249
v -1.075020 16.776901 0.632449
v -1.066041 16.758801 0.693829
v -1.036521 16.876101 0.713299
v -0.732465 15.891400 0.234799
v -0.761124 15.858600 0.395949
v -0.787323 15.903800 0.362839
v -0.767274 15.942000 0.187609
v -0.756942 17.217602 0.669299
v -0.766782 17.209101 0.772479
v -0.683019 17.262701 0.785899
v -0.680313 17.270401 0.680959
v -0.056949 17.303701 1.148789
v -0.041205 17.245100 1.290799
v -0.105780 17.447302 0.114019
v -0.105657 17.403801 -0.026011
v -0.206271 17.410101 -0.019191
v -0.209469 17.439501 0.117759
v -0.795195 15.950900 0.384729
v -0.812661 15.995800 0.352279
v -0.428040 17.474901 0.735079
v -0.498519 17.426802 0.719789
v -0.507621 17.426401 0.822639
v -0.410943 17.442301 0.832429
v -0.041943 17.122200 1.413669
v -0.059163 16.975000 1.565799
v -0.247599 16.955801 -0.473931
v -0.260268 17.054901 -0.429821
v -0.182409 17.066101 -0.436421
v -0.172815 16.967501 -0.493291
v -0.606390 17.320702 0.688659
v -0.623118 17.324501 0.799649
v -0.215250 16.578600 -0.597901
v -0.220416 16.672001 -0.587341
v -0.152397 16.677401 -0.593831
v -0.144894 16.583200 -0.600651
v -0.792981 17.224901 0.459089
v -0.727914 17.288101 0.453699
v -0.061008 17.535501 0.743879
v -0.067158 17.534601 0.584929
v -0.295323 17.522202 0.451389
v -0.192249 17.515501 0.454249
v -0.255102 17.524900 0.254819
v -0.321891 17.485802 0.270879
v -0.168141 16.597700 1.516519
v -0.163221 16.546600 1.521689
v -0.123615 16.587101 1.517509
v -0.127305 16.635500 1.508599
v -0.551532 17.333700 0.918559
v -0.450795 17.370701 0.933079
v -0.545874 17.365801 0.814059
v -0.836892 16.036501 0.324449
v -0.885231 16.137901 0.301019
v -0.878466 16.164301 0.296399
v -0.942057 16.351500 -0.001921
v -0.962967 16.403801 0.000719
v -0.936030 16.462301 -0.104991
v -0.913152 16.402201 -0.108841
v -0.179457 17.133801 1.406519
v -0.184623 17.257601 1.280459
v -0.258423 17.246601 1.258239
v -0.261129 17.121302 1.386059
v -0.443415 17.119801 1.303559
v -0.403071 17.200300 1.213909
v -0.484128 17.179901 1.203789
v -0.297414 17.414202 0.150209
v -0.296184 17.397402 -0.006981
v -0.377118 17.371101 0.005779
v -0.368754 17.406301 0.148119
v -0.230502 17.538601 0.759059
v -0.334314 17.514502 0.748499
v -0.282285 17.473701 0.854209
v -0.203442 17.468700 0.852339
v -0.298152 16.138601 -0.489221
v -0.311559 16.256001 -0.528601
v -0.257439 16.260500 -0.544551
v -0.242802 16.145100 -0.504621
v -0.384375 16.943800 -0.465241
v -0.394215 17.026100 -0.399021
v -0.338004 17.045101 -0.421901
v -0.313158 16.948400 -0.476351
v -0.338127 16.567801 -0.583491
v -0.340218 16.660500 -0.565561
v -0.283761 16.666901 -0.577551
v -0.277980 16.573700 -0.593611
v -0.445260 17.495501 0.472289
v -0.376626 17.516001 0.463709
v -0.397044 17.458101 0.275499
v -0.449688 17.438200 0.300359
v -0.175767 17.404701 0.930989
v -0.257439 17.414301 0.933959
v -0.401103 17.392801 0.925489
v -0.597780 16.606300 1.291679
v -0.594705 16.583601 1.289919
v -0.565062 16.619301 1.320279
v -0.564078 16.645700 1.313019
v -0.476133 16.645901 1.393869
v -0.484251 16.610001 1.401789
v -0.442554 16.571400 1.440399
v -0.434190 16.608801 1.435449
v -0.794949 16.426001 0.969599
v -0.777729 16.408600 0.994459
v -0.304671 16.560101 1.499689
v -0.309468 16.525501 1.501339
v -0.248091 16.529800 1.512669
v -0.249936 16.566301 1.508599
v -0.072324 16.683300 1.498259
v -0.074907 16.636600 1.509589
v -0.613893 15.856500 -0.144701
v -0.556698 15.858800 -0.189471
v -0.517584 15.813200 -0.127431
v -0.561864 15.813000 -0.086181
v -0.696180 15.873500 -0.033051
v -0.662724 15.859500 -0.101031
v -0.603192 15.807100 -0.039761
v -0.638370 15.800400 0.019639
v -0.736647 15.878700 0.128099
v -0.715245 15.870700 0.040979
v -0.666168 15.806100 0.093229
v -0.704052 15.829900 0.185409
v -0.432345 15.766400 -0.119951
v -0.476748 15.804700 -0.167801
v -0.437880 15.794100 -0.197171
v -0.405900 15.751000 -0.151851
v -0.468015 15.781100 -0.076501
v -0.680559 15.790400 0.216759
v -0.635049 15.784500 0.125569
v -0.676623 15.736400 0.326099
v -0.701346 15.738300 0.436429
v -0.707373 15.751300 0.440059
v -0.690030 15.754200 0.317739
v -0.226197 16.766100 -0.549831
v -0.230994 16.854401 -0.502091
v -0.169125 16.867500 -0.536851
v -0.160392 16.773800 -0.569961
v -0.509958 15.788600 -0.032501
v -0.605160 15.778900 0.058139
v -0.563340 15.784700 0.003799
v -0.907986 16.280701 0.213899
v -0.513156 16.728600 -0.506161
v -0.537141 16.824600 -0.468651
v -0.478224 16.840000 -0.490101
v -0.456453 16.739601 -0.520461
v -0.775884 16.599901 -0.315201
v -0.787323 16.668501 -0.284841
v -0.736770 16.704800 -0.333021
v -0.728652 16.630501 -0.366461
v -0.093603 16.782301 -0.599661
v -0.093726 16.890701 -0.564901
v -0.889044 16.520100 -0.194201
v -0.898638 16.579601 -0.169451
v -0.843903 16.628401 -0.233031
v -0.830496 16.564001 -0.259761
v -0.891996 16.249901 0.202349
v -0.347598 16.754700 -0.530691
v -0.359529 16.848801 -0.495931
v -0.300243 16.849100 -0.491311
v -0.288927 16.760101 -0.537181
v -0.877974 16.190500 0.295849
v -0.883386 16.217600 0.298269
v -0.890889 16.241899 0.309819
v -0.718812 15.779200 0.438629
v -0.727668 15.782700 0.478559
v -0.741444 15.817400 0.466569
v -0.733818 15.816800 0.425319
v -1.044147 16.625000 0.692949
v -1.067271 16.644400 0.635969
v -1.078341 16.773100 0.379449
v -1.077726 16.657200 0.424219
v -1.086705 16.662001 0.499349
v -1.091994 16.781300 0.474599
v -1.021146 16.425301 0.498469
v -1.010568 16.425501 0.546429
v -0.995562 16.571301 0.793929
v -0.889167 16.303699 0.727049
v -0.873177 16.257801 0.775449
v -0.953127 16.542301 0.843319
v -0.945870 16.389700 0.661379
v -0.971331 16.410000 0.626179
v -0.937752 16.338200 0.497699
v -0.930495 16.327700 0.526079
v -0.843780 16.150000 0.644109
v -0.815613 16.041201 0.736069
v -0.942303 16.257601 0.587789
v -0.935292 16.287901 0.568539
v -0.768627 15.858600 0.444679
v -0.781542 15.902500 0.419379
v -0.718197 15.754600 0.482519
v -0.709341 15.843200 0.278689
v -0.797163 16.027800 0.901949
v -0.804420 16.200701 0.907559
v -0.817335 16.198900 0.847169
v -0.802329 16.007401 0.846949
v -0.884739 16.505001 0.881929
v -0.820779 16.214100 0.805259
v -0.835416 16.467100 0.916359
v -1.006386 16.439901 0.434229
v -0.946485 16.342501 0.469539
v -1.061490 16.636200 0.286169
v -1.070223 16.649000 0.352939
v -0.203442 16.376200 -0.587891
v -0.136407 16.379301 -0.590531
v -0.907494 17.041000 0.818679
v -0.905157 16.984001 0.926259
v -0.823485 17.050402 0.950569
v -0.826806 17.103001 0.850579
v -1.025574 16.854000 0.775119
v -1.056201 16.735701 0.757519
v -1.033815 16.705500 0.815599
v -1.034676 16.815001 0.848269
v -0.775392 17.173901 0.881269
v -0.766659 17.106300 0.987639
v -0.701592 17.175402 1.004359
v -0.702945 17.238901 0.897549
v -0.039483 17.421600 0.949249
v -0.051906 17.374500 1.047809
v -0.533574 17.194401 1.084549
v -0.461250 17.233501 1.090159
v -0.460881 17.316301 1.012939
v -0.547473 17.282600 1.009639
v -0.184131 17.325701 1.141969
v -0.181794 17.370300 1.030539
v -0.245385 17.359001 1.018329
v -0.257808 17.313501 1.125579
v -0.390033 17.266500 1.100609
v -0.381792 17.334702 1.013269
v -0.760755 15.934800 0.081789
v -0.736893 15.934200 -0.002251
v -1.022622 16.604200 0.740249
v -0.913521 16.358500 0.687559
v -0.913398 16.201601 0.600439
v -0.140466 15.668600 -0.262621
v -0.299259 15.724800 -0.214111
v -0.320169 15.771500 -0.268121
v -0.153381 15.744700 -0.308271
v -0.832095 16.128700 0.217089
v -0.849315 16.079300 0.309929
v -0.889290 16.173300 0.037789
v -0.849930 16.199800 -0.063411
v -0.944763 16.319201 0.368009
v -0.957555 16.329000 0.401889
v -0.988428 16.424500 0.338529
v -0.841443 16.223000 -0.160871
v -0.792735 16.242001 -0.242381
v -1.043532 16.620800 0.214009
v -0.991011 16.710001 0.163629
v -0.952758 16.804001 0.112369
v -0.875760 16.953800 0.022059
v -0.920409 16.884602 0.061989
v -0.947715 16.928501 0.159009
v -0.906141 17.010201 0.124799
v -0.750177 17.065201 -0.024801
v -0.813891 17.009802 -0.004781
v -0.842058 17.080502 0.087069
v -0.761985 17.130100 0.084869
v -0.639231 17.143202 -0.053621
v -0.693105 17.112301 -0.039431
v -0.697164 17.164701 0.077279
v -0.635787 17.201700 0.068149
v -0.497043 17.245602 -0.100701
v -0.539478 17.207701 -0.084311
v -0.315249 17.354801 -0.173191
v -0.387819 17.330200 -0.155041
v -0.111192 17.382200 -0.195851
v -0.218448 17.379301 -0.187931
v -0.729021 16.265001 -0.291441
v -0.680559 16.281000 -0.342811
v -0.634803 16.298401 -0.396601
v -0.582159 16.314600 -0.439721
v -0.481668 16.341200 -0.504731
v -0.433575 16.349201 -0.528161
v -0.377856 16.358301 -0.546091
v -0.439971 16.454901 -0.542351
v -0.390279 16.463001 -0.565121
v -0.278349 17.158401 -0.370971
v -0.207747 17.176201 -0.383951
v -0.070725 16.381500 -0.595921
v -0.698640 16.598501 1.125359
v -0.705036 16.621201 1.118209
v -0.683880 16.534500 1.193229
v -0.719181 16.493000 1.156819
v -0.736155 16.445601 1.101819
v -0.793596 16.203400 0.940779
v -0.670473 17.324902 0.312679
v -0.653130 17.260801 0.188599
v -0.579822 17.233002 0.056819
v -0.679083 16.513201 1.219189
v -0.675024 16.501801 1.229969
v -0.671826 16.636200 1.170239
v -0.624594 16.658800 1.232389
v -0.520413 17.183701 -0.237541
v -0.487203 17.102901 -0.325211
v -0.452517 17.014702 -0.386371
v -0.292494 17.269701 -0.285611
v -0.785109 16.077501 0.961679
v -0.782526 16.207600 0.982029
v -0.791505 16.049801 0.928899
v -0.667890 17.077301 -0.169891
v -0.637878 17.020601 -0.274281
v -0.606267 16.954802 -0.333131
v -0.963582 16.959600 0.249429
v -0.763707 15.997300 -0.039871
v -0.520905 16.017401 -0.306841
v -0.506514 15.939800 -0.260531
v -0.831849 16.132301 -0.040641
v -0.212175 17.280500 -0.293311
v -0.145140 15.582200 -0.211911
v -0.139482 15.610500 -0.232481
v -0.393354 15.692600 -0.127981
v -0.397659 15.664700 -0.121271
v -0.666291 15.748500 0.231939
v -0.661125 15.730500 0.237769
v -0.061377 16.054501 -0.472061
v -0.522012 16.218401 -0.450831
v -0.494829 16.113600 -0.394181
v -0.695565 16.378000 -0.371741
v -0.640215 16.399101 -0.416291
v -0.589170 16.416100 -0.458311
v -0.802083 16.334400 -0.263391
v -0.745380 16.357800 -0.317511
v -0.139974 16.485201 -0.601201
v -0.071463 16.487501 -0.607801
v -0.850053 16.303301 -0.184411
v -0.546489 16.618401 -0.497471
v -0.542061 16.527901 -0.501871
v -0.537633 16.431700 -0.492851
v -0.485973 16.445200 -0.516611
v -0.592614 16.872200 -0.391541
v -0.591138 16.797501 -0.445111
v -0.692982 15.799000 0.304869
v -0.222261 17.526800 0.580199
v -0.578715 17.380201 0.585589
v -0.527301 17.430302 0.596039
v -0.699870 17.281401 0.572499
v -0.638001 17.332500 0.577669
v -0.667152 17.336901 0.454139
v -0.620535 16.723700 1.248449
v -0.618321 16.780701 1.267149
v -0.909462 16.775801 1.030979
v -0.765060 16.657400 1.085649
v -0.432468 17.387100 0.156589
v -0.433329 17.332102 0.016449
v -0.502332 17.418600 0.307069
v -0.452271 15.945000 -0.286711
v -0.466908 16.024000 -0.338631
v -0.055842 15.952500 -0.422341
v -0.580068 16.824402 1.333919
v -0.680313 17.034000 1.272869
v -0.653991 17.095501 1.189929
v -0.565431 17.142401 1.188609
v -0.975021 16.887402 0.952109
v -0.976989 16.912500 0.883909
v -1.072191 16.911100 0.555009
v -0.995685 17.016802 0.558529
v -1.082031 16.785200 0.556549
v -0.901836 17.087502 0.554569
v -0.820656 17.150600 0.557979
v -0.975636 17.002201 0.645869
v -0.970224 16.987701 0.720339
v -0.768381 17.223001 0.564909
v -0.115251 17.321602 1.151319
v -0.118941 17.248100 1.288819
v -0.117465 17.371801 1.041209
v -0.472935 17.464201 0.600219
v -0.414387 17.488201 0.600659
v -0.389295 17.497301 0.736839
v -0.339603 17.457901 0.844859
v -0.107502 17.127800 1.405309
v -0.114390 16.972502 1.560519
v -0.563463 17.380100 0.701419
v -0.208485 16.480900 -0.594271
v -0.058425 17.500000 0.887099
v -0.146001 17.485401 0.850359
v -0.161130 17.531601 0.759719
v -0.273675 16.475201 -0.590421
v -0.259038 17.510801 0.591529
v -0.335667 17.511600 0.607369
v -0.626931 17.230701 1.003919
v -0.615123 17.290001 0.908439
v -0.756450 16.377300 1.061119
v -0.751653 16.370300 1.073659
v -0.729636 16.423300 1.140869
v -0.731973 16.431400 1.130419
v -0.190158 16.965801 1.540719
v -0.284622 16.955101 1.508159
v -0.316725 17.125502 1.383969
v -0.348582 17.210701 1.225569
v -0.350550 16.940001 1.469549
v -0.417954 16.921600 1.455579
v -0.123615 17.402000 0.945949
v -0.366909 16.248901 -0.509901
v -0.350919 16.133301 -0.469421
v -0.438249 16.931801 -0.444671
v -0.417216 16.846701 -0.497801
v -0.392001 16.653101 -0.552911
v -0.394338 16.560501 -0.569081
v -0.335175 16.468601 -0.581621
v -0.507867 17.457802 0.462389
v -0.191880 16.867601 1.610679
v -0.106887 16.873901 1.627179
v -0.319554 17.402201 0.923399
v -0.320292 17.342300 0.997429
v -0.594828 16.665300 1.272319
v -0.574410 16.690601 1.301029
v -0.527301 16.633501 1.355699
v -0.523488 16.665300 1.346679
v -0.537387 16.740200 1.331389
v -0.513033 16.768501 1.366589
v -0.457806 16.798302 1.451839
v -0.368508 16.531601 1.483849
v -0.360636 16.565001 1.480109
v -0.415617 16.813400 1.467129
v -0.366417 16.829102 1.510029
v -0.298398 16.842201 1.553479
v -0.098154 16.883501 1.625859
v -0.508974 15.858900 -0.229511
v -0.464817 15.860500 -0.260861
v -0.157932 15.853500 -0.333021
v -0.571335 16.705400 -0.494501
v -0.903312 16.262800 0.323899
v -0.401349 16.748400 -0.527061
v -1.080678 16.657101 0.567879
v -0.992979 16.423000 0.590869
v -0.926805 16.313400 0.551269
v -0.807003 16.012501 0.790849
v -0.712539 15.742000 0.479769
v -1.005525 16.433401 0.388469
v -0.954480 16.335400 0.437639
v -0.292002 15.653800 -0.178691
v -0.297783 15.625500 -0.167581
v -0.983508 16.955702 0.796789
v -0.619674 17.147202 1.080039
v -0.320415 17.287401 1.109299
v -0.589908 17.174702 -0.069461
v -0.462972 17.287102 -0.126991
v -0.531729 16.329201 -0.474811
v -0.323736 16.365601 -0.557861
v -0.660633 16.570000 1.226889
v -0.631974 16.602301 1.252519
v -0.268386 16.371000 -0.574141
v -0.763707 16.389700 1.030759
v -0.312051 15.863200 -0.293201
v -0.320292 15.948700 -0.356451
v -0.323244 16.043100 -0.395831
v -0.345630 16.688601 1.446559
v -0.282531 16.688301 1.469219
v -0.517584 16.714300 1.326329
v -0.466908 16.732700 1.362079
v -0.772809 16.218000 1.018329
v -0.774777 16.211500 1.010079
v -0.248583 16.695301 1.476479
v -0.180564 16.726700 1.476699
v -0.123123 16.740301 1.475599
v -0.058548 16.760000 1.473069
v -0.419553 16.731100 1.394089
v -0.565923 16.685200 1.301029
v -0.598272 16.669901 1.259889
v -0.776868 16.115601 0.998639
v -0.781173 16.099501 0.988849
v -0.697287 16.465500 1.193229
v -0.700608 16.472900 1.183219
v -0.222507 16.050200 -0.429271
v -0.273183 16.048401 -0.407931
v 0.940704 16.424601 0.449739
v 0.782526 15.963900 0.293979
v 0.710940 15.794800 0.319499
v 0.707865 15.779300 0.322579
v 0.876621 16.262400 0.242829
v 0.741321 15.865200 0.313339
v 0.785478 16.083601 0.936489
v 0.929634 16.373701 0.283969
v 0.804666 16.029301 0.761039
v 0.780804 16.095001 0.934729
v 0.804051 16.073301 0.852229
v 0.790398 16.075201 0.915259
v 0.830373 16.131800 0.250199
v 0.807864 16.082600 0.266699
v 0.806880 16.054001 0.799209
v 0.914628 16.356600 0.266149
v 0.951405 16.405701 0.335559
v 0.900237 16.336201 0.258559
v 0.814137 16.062401 0.718799
v 0.936030 16.421501 0.487799
v 0.911184 16.412401 0.517829
v 0.892119 16.280401 0.541149
v 0.939843 16.392300 0.305859
v 0.828651 16.177999 0.681399
v 0.874776 16.229101 0.568099
v 0.726930 15.838300 0.313669
v 0.865920 16.222200 0.248659
v 0.884493 16.304100 0.255919
v 0.835662 16.182800 0.243489
v 0.798147 16.071501 0.881929
v 0.951897 16.417301 0.371969
v 0.766905 15.907100 0.309379
v 0.790890 16.020401 0.260539
v 0.715737 15.813800 0.317409
v 0.883632 16.328901 0.545769
v 0.886584 16.394300 0.553139
v 0.943779 16.421700 0.414319
v 0.949806 16.477501 0.152629
v 0.762600 15.994600 0.188269
v 0.993348 16.570301 0.406509
v 0.698271 15.758900 0.275939
v 0.914505 16.501400 0.650379
v 0.694827 15.777000 0.273189
v 0.700116 15.806400 0.264939
v 0.817704 16.046400 0.183979
v 0.931233 16.447500 0.133379
v 0.890397 16.228001 0.131399
v 0.831480 16.324200 0.824399
v 0.852636 16.111601 0.169789
v 0.911799 16.418001 0.122159
v 0.939966 16.534601 0.608689
v 0.798639 16.295101 0.865539
v 0.994824 16.559801 0.351949
v 0.796425 16.272701 0.918999
v 0.704052 15.837300 0.258229
v 0.986583 16.572901 0.461069
v 0.975267 16.574100 0.507929
v 0.881787 16.463400 0.689869
v 0.996054 16.527700 0.233589
v 0.910692 16.277100 0.122709
v 0.856080 16.418800 0.728259
v 0.974160 16.506500 0.184529
v 0.793965 16.264101 0.942099
v 0.739722 15.927299 0.232709
v 0.827913 16.356901 0.796019
v 0.873054 16.178400 0.153839
v 0.717951 15.872700 0.256799
v 0.905280 16.382000 0.118419
v 0.781911 16.257900 0.991599
v 0.785847 16.258801 0.968279
v 0.782649 16.257601 0.986869
v 0.999867 16.544901 0.295629
v 0.962844 16.560501 0.555779
v 0.912660 16.333401 0.113579
v -1.030248 16.507301 0.362399
v -0.930249 16.244200 0.123259
v -0.928650 16.450300 0.760379
v -0.994086 16.463200 0.205869
v -0.962229 16.417601 0.149989
v -0.894210 16.414700 0.808999
v -0.960384 16.386101 0.134369
v -0.748086 15.870200 0.330499
v -0.964443 16.478001 0.722759
v -0.897039 16.201200 0.128869
v -0.775638 16.304300 0.990719
v -0.770718 16.298300 1.020639
v -0.823608 16.355301 0.863449
v -0.710202 15.786500 0.384839
v -0.953988 16.341501 0.116659
v -0.855342 16.384600 0.836389
v -0.768873 16.296301 1.032959
v -0.699009 15.755400 0.387479
v -0.993717 16.505001 0.680299
v -1.019547 16.519201 0.640699
v -1.061736 16.532600 0.467119
v -0.797655 16.330500 0.920539
v -1.054479 16.535900 0.526629
v -0.692613 15.739200 0.386379
v -0.724470 15.826800 0.367679
v -0.943656 16.300800 0.116109
v -0.971946 16.444801 0.173089
v -1.044762 16.524700 0.411899
v -1.018440 16.480400 0.254269
v -0.778836 15.922300 0.284849
v -0.780312 16.042101 0.220609
v -0.820779 16.100800 0.175619
v -0.783633 16.316601 0.950349
v -1.026927 16.498800 0.301679
v -1.043778 16.532101 0.586469
v -0.787200 15.980300 0.255699
v -0.854850 16.153000 0.148559
v -0.821394 16.098700 0.735959
v -0.826560 16.168200 0.250529
v -0.825330 16.140800 0.256799
v -0.878097 16.185801 0.650379
v -0.914874 16.252300 0.627279
v -0.954726 16.371401 0.541039
v -0.813153 16.056000 0.852999
v -0.955833 16.379900 0.499019
v -0.800976 16.080500 0.916909
v -0.958416 16.381601 0.422569
v -0.918687 16.332600 0.335119
v -0.716721 15.756300 0.467449
v -0.766413 15.858200 0.430379
v -0.817581 15.999300 0.332369
v -0.859278 16.203400 0.254159
v -0.776499 16.150000 1.011289
v -0.797901 15.950900 0.366689
v -0.874530 16.259701 0.280229
v -0.781050 15.901800 0.400679
v -0.932463 16.343401 0.360529
v -0.954111 16.378901 0.459859
v -0.778344 16.139500 1.003479
v -0.921147 16.325600 0.321809
v -0.739968 15.814400 0.456669
v -0.707865 15.739200 0.467449
v -0.817704 16.063200 0.795359
v -0.899991 16.317801 0.298819
v -0.725085 15.780800 0.467669
v -0.923238 16.296301 0.600659
v -0.932094 16.340101 0.595709
v -0.794334 16.103600 0.945069
v -0.938121 16.351200 0.390009
v -0.949314 16.359501 0.573379
v -0.843042 16.042500 0.302449
v -0.785355 16.126101 0.978949
v -0.870963 16.242401 0.269999
v -0.845502 16.092300 0.267909
v 0.370722 15.671700 -0.223791
v 0.326688 15.657400 -0.245021
v 0.425211 16.026201 -0.384941
v 0.377733 16.028700 -0.401771
v 0.390402 15.745500 -0.261081
v 0.352149 15.738300 -0.288031
v 0.407499 15.928800 -0.347981
v 0.360390 15.933900 -0.363931
v 0.402333 15.833300 -0.306291
v 0.353625 15.836600 -0.326531
v 0.351534 15.594700 -0.160541
v 0.303933 15.580800 -0.179131
v 0.350550 15.627300 -0.180011
v 0.310452 15.617000 -0.205311
v 0.167157 15.519400 -0.233361
v 0.215373 15.537600 -0.215321
v 0.196308 15.622200 -0.284401
v 0.238989 15.630500 -0.275931
v 0.212175 15.728100 -0.322901
v 0.265803 15.736700 -0.314541
v 0.219063 15.849600 -0.355131
v 0.262974 15.844900 -0.343031
v 0.165312 15.554000 -0.256021
v 0.221523 15.587800 -0.239411
v 0.217464 15.951400 -0.408261
v 0.272199 15.945300 -0.396051
v 0.064083 15.854800 -0.368221
v 0.117711 15.854400 -0.360631
v 0.121893 15.719000 -0.348091
v 0.064698 15.728700 -0.346551
v 0.104058 15.614200 -0.296391
v 0.053997 15.631200 -0.309261
v 0.050676 15.556600 -0.277581
v 0.093603 15.542100 -0.274721
v 0.046248 15.531800 -0.261741
v 0.090528 15.524700 -0.257121
v -0.040467 15.650100 -0.300021
v -0.089175 15.658600 -0.281211
v -0.042681 15.560100 -0.250521
v -0.089913 15.572500 -0.231601
v -0.046371 15.583700 -0.266801
v -0.091512 15.594800 -0.251621
v -0.047601 15.851100 -0.367121
v -0.105903 15.848900 -0.353701
v -0.043788 15.742599 -0.330491
v -0.101475 15.743500 -0.317401
v -0.212052 15.857600 -0.315201
v -0.261252 15.859300 -0.300571
v -0.190527 15.677999 -0.243811
v -0.242802 15.703500 -0.227971
v -0.266664 15.755700 -0.278791
v -0.213774 15.748600 -0.291881
v -0.220293 15.957300 -0.377131
v -0.268755 15.955300 -0.363491
v -0.198522 15.621100 -0.210151
v -0.249567 15.635900 -0.197281
v -0.200490 15.594400 -0.197171
v -0.254241 15.607500 -0.183091
v -0.407499 15.858200 -0.281321
v -0.360513 15.862000 -0.286271
v -0.367524 15.655000 -0.141841
v -0.333084 15.638200 -0.151521
v -0.362727 15.681600 -0.150311
v -0.333084 15.672700 -0.163621
v -0.417462 16.030300 -0.362611
v -0.372321 16.036301 -0.381531
v -0.402456 15.949400 -0.310911
v -0.364326 15.948400 -0.332471
v -0.402825 15.787800 -0.225551
v -0.365679 15.780200 -0.249311
v -0.377241 15.741700 -0.178691
v -0.340095 15.733700 -0.197171
v 0.787569 16.042801 0.901839
v 0.146739 16.710600 1.488909
v -0.600117 16.629700 1.281339
v 0.210822 16.687500 1.489129
v -0.735048 16.438801 1.114799
v 0.605160 16.612600 1.286949
v 0.069741 16.741199 1.481869
v 0.467154 16.634201 1.400579
v 0.258669 16.670101 1.482969
v 0.740091 16.435200 1.100169
v -0.301596 16.622900 1.488799
v -0.469983 16.693800 1.377479
v 0.658665 16.585201 1.247129
v -0.426933 16.674301 1.416639
v 0.417831 16.636600 1.431599
v 0.279087 16.653900 1.482859
v 0.513771 16.634401 1.367249
v -0.782772 16.088701 0.974659
v 0.556329 16.631300 1.326549
v -0.565923 16.671200 1.304439
v -0.353010 16.625900 1.469659
v 0.718812 16.499100 1.151759
v -0.778590 16.209200 0.996439
v -0.258054 16.629400 1.494519
v -0.630129 16.589001 1.260549
v 0.372075 16.639700 1.452609
v -0.069003 16.734600 1.481429
v -0.761124 16.384201 1.045169
v -0.682650 16.524300 1.205329
v -0.176505 16.669100 1.497269
v -0.519060 16.696100 1.334909
v 0.769242 16.353401 1.032519
v 0.691629 16.546600 1.198619
v 0.326934 16.645401 1.470319
v -0.130011 16.701101 1.489239
v -0.657066 16.559200 1.236129
v -0.709833 16.483200 1.169469
v 0.792366 16.160200 0.945619
v -0.000369 16.744801 1.482309
v 0.788307 16.079500 0.925489
v 0.783879 16.258200 0.977739
v -0.773055 16.301201 1.005789
v -0.781542 16.133001 0.991819
v 0.458790 16.700901 1.433029
v -0.600117 16.667301 1.264949
v 0.614385 16.660101 1.240749
v -0.563340 16.686901 1.300259
v -0.466785 16.747301 1.353059
v 0.014391 16.788601 1.554689
v -0.439356 16.749300 1.422029
v -0.277611 16.743200 1.549299
v -0.770349 16.399801 1.010849
v -0.059901 16.779100 1.573609
v 0.235914 16.759100 1.569209
v -0.689292 16.554399 1.175409
v 0.127182 16.764200 1.576909
v 0.700854 16.587500 1.175519
v 0.654606 16.628000 1.211819
v 0.793965 16.036600 0.873679
v 0.773301 16.363300 1.009969
v -0.323736 16.735901 1.531369
v -0.629760 16.654501 1.223149
v -0.400488 16.729200 1.456789
v -0.744765 16.458801 1.080039
v -0.666906 16.588701 1.212149
v -0.728406 16.513601 1.136359
v -0.517707 16.720900 1.322259
v 0.726930 16.527000 1.128439
v 0.745995 16.452000 1.078059
v 0.365802 16.703800 1.499359
v -0.185853 16.783800 1.586809
v 0.581913 16.671400 1.292669
v 0.796302 16.156500 0.924169
v 0.065190 16.785200 1.564809
v 0.549441 16.683100 1.348549
v -0.124107 16.765001 1.566349
v -0.787569 16.206200 0.962889
v 0.272814 16.744001 1.555679
v 0.412296 16.698000 1.451509
v 0.330501 16.730801 1.534229
v 0.505653 16.688000 1.403439
v -0.788061 16.065001 0.946719
v 0.793842 16.073301 0.897549
v 0.791505 16.261700 0.955079
v -0.780312 16.310301 0.971029
v -0.791013 16.117100 0.963549
v -0.242925 17.247101 1.263739
v -0.317463 17.151501 -0.369871
v -0.333453 17.522100 0.456999
v -0.362235 17.467201 0.268459
v -0.331608 17.411301 0.147679
v -0.334929 17.387800 -0.000821
v -0.237759 16.373701 -0.581951
v -0.280563 16.953300 -0.472061
v -0.297414 17.052502 -0.430371
v -0.221400 16.966101 1.534559
v -0.197907 16.573900 1.516519
v -0.180564 15.745300 -0.301561
v -0.194832 16.524401 1.518719
v -0.239604 16.703901 1.474609
v -0.222138 16.870701 1.599679
v -0.353625 17.339500 -0.165381
v -0.214143 16.148100 -0.509241
v -0.227919 16.261700 -0.551481
v -0.215004 17.367701 1.024819
v -0.297537 17.512501 0.602639
v -0.224967 17.319000 1.137459
v -0.223614 17.412001 0.929669
v -0.199260 16.051201 -0.439281
v -0.238374 17.474501 0.857399
v -0.240342 16.478201 -0.592511
v -0.341448 17.257401 -0.275931
v -0.284499 17.536301 0.756089
v -0.243909 16.576300 -0.597021
v -0.258177 16.760300 -0.546751
v -0.252150 16.669701 -0.582611
v -0.229395 17.123301 1.397389
v -0.261252 16.849602 -0.493291
v -0.186222 15.855600 -0.324221
v -0.165804 15.673700 -0.253271
v -0.197415 15.956400 -0.383401
v -0.165189 15.617800 -0.221701
v -0.173553 15.588700 -0.206191
v -0.215496 16.644001 1.498919
v -0.270108 16.751101 1.558209
v -0.432591 16.804901 1.465149
v -0.452517 16.925600 1.447659
v -0.428778 16.744001 -0.524311
v -0.420168 17.375900 0.922849
v -0.513771 17.089901 -0.317071
v -0.526440 17.404501 0.316309
v -0.499380 17.446701 0.599229
v -0.337020 15.862300 -0.287701
v -0.383760 16.711500 1.422249
v -0.480069 17.008301 -0.381421
v -0.446490 17.190300 1.206649
v -0.448704 17.118900 1.301799
v -0.473427 17.448301 0.716379
v -0.417462 16.458801 -0.554121
v -0.420537 17.246201 1.095549
v -0.545013 17.161501 -0.234241
v -0.419676 17.326302 1.020639
v -0.315741 15.633000 -0.160981
v -0.310452 15.662300 -0.171651
v -0.517092 17.225801 -0.092231
v -0.433329 17.443201 0.831329
v -0.405654 16.353300 -0.539161
v -0.517092 17.350201 0.160439
v -0.510450 17.287102 0.036359
v -0.348213 16.039700 -0.388571
v -0.343539 15.945300 -0.341821
v -0.376380 16.129801 -0.458091
v -0.463341 16.925501 -0.437521
v -0.342063 15.775400 -0.259761
v -0.320661 15.729600 -0.205641
v -0.450795 16.845501 -0.494721
v -0.533082 17.436800 0.461619
v -0.418815 16.555601 -0.557971
v -0.417585 16.649000 -0.546641
v -0.392370 16.244600 -0.502201
v -0.408729 16.545300 1.466029
v -0.402087 16.582600 1.461519
v -0.391386 16.649601 1.444029
v -0.412665 16.734600 1.448759
vn 0.9954 0.0649 0.0700
vn 0.9406 -0.1859 -0.2841
vn 0.4574 0.8891 -0.0145
vn 0.7212 0.1486 0.6765
vn 0.5999 0.7016 -0.3846
vn 0.0544 -0.5612 -0.8259
vn 0.5978 0.4303 -0.6764
vn 0.8981 -0.2332 -0.3729
vn 0.2548 0.6293 -0.7342
vn 0.8360 0.3523 -0.4206
vn 0.9662 0.2360 -0.1040
vn 0.3407 -0.6972 -0.6307
vn 0.9470 -0.1867 -0.2614
vn 0.6494 0.7502 -0.1244
vn 0.7973 0.6031 -0.0229
vn 0.6442 -0.6486 -0.4053
vn 0.8416 -0.5040 -0.1943
vn 0.2745 -0.7091 0.6495
vn 0.2092 0.7724 -0.5997
vn 0.9510 0.3067 -0.0400
vn 0.7159 0.2066 -0.6670
vn 0.7009 -0.0904 -0.7075
vn 0.8152 -0.0834 -0.5732
vn 0.9211 -0.1287 -0.3674
vn 0.6392 -0.2545 -0.7257
vn 0.0172 -0.3106 -0.9504
vn 0.9427 -0.1231 -0.3100
vn 0.4581 -0.3087 -0.8335
vn 0.8843 -0.4631 0.0588
vn 0.5422 -0.2449 -0.8038
vn 0.9099 -0.3575 -0.2106
vn 0.5662 -0.0652 -0.8217
vn 0.7967 0.0622 -0.6011
vn 0.0078 0.0881 -0.9961
vn 0.7561 -0.0742 -0.6502
vn 0.2646 -0.0640 -0.9622
vn 0.4911 0.4435 -0.7497
vn 0.9120 -0.2739 -0.3053
vn 0.4269 0.0443 -0.9032
vn 0.6558 0.0516 -0.7532
vn -0.1105 0.3980 -0.9107
vn 0.8900 -0.0656 -0.4513
vn 0.0474 0.9988 0.0077
vn 0.5186 0.8531 -0.0569
vn 0.6060 0.6779 0.4162
vn 0.9944 0.0226 0.1035
vn 0.8777 -0.2343 0.4179
vn 0.3396 0.9406 0.0042
vn 0.4617 -0.6617 -0.5908
vn 0.5413 0.5489 0.6369
vn 0.8229 0.3614 0.4385
vn 0.6141 -0.3682 0.6981
vn 0.8992 0.4372 -0.0171
vn 0.8156 0.5477 0.1868
vn 0.6035 0.6817 0.4136
vn 0.1561 -0.3004 -0.9410
vn 0.9028 -0.4298 0.0159
vn 0.7358 -0.6601 -0.1512
vn 0.8805 -0.4727 0.0365
vn 0.8912 -0.4143 -0.1848
vn 0.7512 0.6430 0.1493
vn 0.9720 0.2266 0.0622
vn 0.7700 -0.4820 -0.4180
vn 0.7782 0.6265 -0.0433
vn 0.0361 0.9210 0.3878
vn 0.2886 0.6465 -0.7062
vn 0.9918 -0.1207 -0.0432
vn 0.4499 0.8924 0.0347
vn -0.1261 0.6529 0.7468
vn 0.3822 0.3112 -0.8701
vn 0.6143 0.7807 -0.1141
vn 0.2442 0.1257 -0.9615
vn 0.6093 0.7685 0.1953
vn 0.2347 0.9720 -0.0117
vn 0.3699 0.9290 -0.0045
vn 0.0700 0.2537 0.9647
vn 0.4386 0.8544 0.2785
vn 0.8220 -0.3205 -0.4708
vn 0.6471 -0.2638 -0.7154
vn 0.9881 -0.0528 -0.1445
vn 0.2940 0.8554 0.4265
vn 0.4526 0.7328 0.5081
vn 0.1190 0.9464 -0.3004
vn 0.3562 0.9281 0.1084
vn 0.1730 -0.3870 -0.9057
vn 0.4566 0.2173 -0.8627
vn 0.4132 0.2281 -0.8816
vn 0.4696 0.8669 -0.1675
vn 0.2740 0.9156 0.2941
vn 0.4366 0.8537 0.2838
vn 0.6471 0.3146 0.6945
vn 0.4263 0.2283 0.8753
vn 0.9741 0.1475 0.1715
vn 0.1850 0.2099 0.9600
vn -0.0062 0.2693 0.9630
vn 0.6485 -0.5926 -0.4778
vn 0.8083 -0.5698 -0.1483
vn 0.8324 -0.5238 -0.1811
vn 0.7757 -0.5220 -0.3547
vn 0.5743 -0.7594 -0.3058
vn 0.9084 -0.1608 -0.3860
vn 0.9298 0.0066 -0.3680
vn 0.2698 0.0814 -0.9595
vn 0.5687 -0.7640 -0.3047
vn 0.8794 -0.4209 -0.2223
vn 0.9643 -0.1578 -0.2129
vn 0.3526 0.3414 -0.8713
vn 0.5546 0.1687 -0.8149
vn 0.1847 0.3465 -0.9197
vn 0.8252 -0.1008 -0.5558
vn 0.9948 0.0530 0.0865
vn 0.3141 0.1073 -0.9433
vn 0.9648 -0.0399 -0.2601
vn 0.8650 -0.4202 -0.2740
vn 0.8481 -0.4261 -0.3149
vn 0.8512 -0.4243 -0.3090
vn 0.9537 -0.2988 0.0346
vn 0.9975 0.0135 0.0695
vn 0.9415 -0.1173 0.3160
vn 0.9862 -0.0420 0.1604
vn 0.9036 -0.3681 0.2190
vn 0.7432 -0.5242 0.4157
vn 0.9750 -0.0861 0.2051
vn 0.9794 -0.0525 0.1952
vn 0.7793 -0.4937 -0.3861
vn 0.8684 -0.3538 -0.3474
vn 0.9606 -0.1670 -0.2221
vn 0.8283 -0.3799 -0.4119
vn 0.9932 -0.0576 0.1007
vn 0.9134 -0.1172 0.3899
vn 0.8281 -0.5452 0.1302
vn 0.9951 0.0241 -0.0958
vn 0.9985 0.0530 0.0155
vn 0.9755 0.1670 0.1430
vn 0.0556 -0.1939 -0.9794
vn 0.7640 0.6244 0.1624
vn 0.9470 -0.0647 0.3147
vn 0.7219 0.6394 0.2646
vn -0.0259 0.7769 0.6291
vn 0.8007 -0.4743 -0.3659
vn 0.5844 0.6281 0.5138
vn 0.2024 0.7740 0.5999
vn 0.4636 0.6921 0.5532
vn 0.6681 -0.3742 -0.6431
vn 0.6186 -0.7346 -0.2786
vn 0.6918 -0.7177 -0.0797
vn 0.9058 -0.4110 0.1030
vn 0.9266 -0.3183 0.2002
vn 0.9204 -0.3904 -0.0195
vn 0.1921 -0.4525 -0.8708
vn 0.8956 -0.2529 0.3660
vn 0.8333 -0.2442 0.4959
vn 0.9855 -0.1087 -0.1303
vn 0.6278 -0.7645 0.1466
vn 0.8435 -0.2934 -0.4498
vn 0.9617 -0.2739 -0.0142
vn 0.9885 -0.0958 -0.1173
vn 0.9664 0.2402 -0.0910
vn 0.8367 0.3953 -0.3790
vn 0.7904 0.5726 -0.2176
vn 0.7514 0.6223 -0.2194
vn 0.3718 0.7770 -0.5081
vn 0.0046 0.8724 -0.4888
vn 0.3059 0.8597 -0.4090
vn 0.6970 -0.3569 -0.6220
vn 0.3865 -0.3665 -0.8463
vn 0.4570 -0.2114 -0.8640
vn 0.3922 -0.1247 -0.9114
vn 0.3652 0.6160 -0.6980
vn 0.0876 -0.2846 -0.9546
vn 0.9028 0.2157 0.3720
vn 0.9142 0.1000 0.3928
vn 0.9586 0.0659 0.2770
vn 0.9848 0.0911 0.1479
vn 0.5345 0.8394 -0.0986
vn 0.7093 0.7047 -0.0177
vn 0.4923 0.8704 -0.0072
vn 0.8229 0.0344 0.5671
vn 0.8912 -0.1292 0.4348
vn 0.7670 -0.3622 0.5297
vn 0.3302 0.7061 -0.6264
vn 0.5397 0.6711 -0.5083
vn 0.5190 0.6371 -0.5699
vn 0.5831 0.6883 -0.4316
vn 0.5129 0.5876 -0.6258
vn 0.7364 0.5051 -0.4500
vn 0.6060 0.4313 -0.6684
vn 0.4212 0.5328 -0.7340
vn 0.9690 -0.0928 0.2290
vn 0.2904 0.5469 -0.7852
vn 0.3410 0.5818 -0.7384
vn 0.4511 0.6686 -0.5912
vn 0.9188 -0.0864 -0.3850
vn 0.9000 -0.1474 -0.4103
vn 0.8867 0.0494 -0.4598
vn 0.9000 0.4333 -0.0479
vn 0.8903 0.4554 0.0028
vn 0.9418 0.3357 0.0179
vn 0.7489 -0.6293 -0.2078
vn 0.9771 -0.0765 0.1988
vn 0.7031 0.7036 -0.1028
vn 0.6944 0.6826 -0.2278
vn 0.7072 0.6883 -0.1616
vn 0.9432 0.3295 0.0410
vn 0.9315 0.3556 -0.0768
vn 0.7847 0.5833 -0.2096
vn 0.5979 -0.4872 -0.6366
vn 0.8313 -0.5085 -0.2243
vn 0.9333 -0.3245 -0.1540
vn 0.1896 0.8143 -0.5486
vn 0.1343 0.5971 -0.7908
vn 0.0454 0.4734 -0.8797
vn 0.9015 0.4082 -0.1435
vn 0.9098 0.0690 -0.4092
vn 0.8712 0.0892 -0.4828
vn 0.7571 0.2168 -0.6163
vn 0.7236 0.0490 -0.6885
vn 0.6473 0.0689 -0.7591
vn 0.1574 -0.6411 -0.7511
vn 0.1230 -0.3304 -0.9358
vn 0.7685 -0.4963 -0.4037
vn 0.6310 -0.2334 -0.7399
vn 0.7626 -0.2147 -0.6101
vn 0.7580 -0.1229 -0.6406
vn 0.7632 -0.0515 -0.6441
vn 0.7961 -0.1373 -0.5894
vn 0.8918 -0.0734 -0.4464
vn 0.8810 -0.0908 -0.4644
vn 0.9059 -0.0408 -0.4214
vn 0.9292 -0.1093 -0.3530
vn 0.9478 -0.1570 -0.2776
vn 0.6652 -0.1959 -0.7205
vn 0.6550 -0.4947 -0.5711
vn 0.4936 -0.4475 -0.7457
vn -0.0236 -0.2669 -0.9634
vn -0.0512 -0.3869 -0.9207
vn -0.0507 -0.3888 -0.9199
vn 0.9431 -0.1975 -0.2675
vn 0.8983 -0.4029 -0.1755
vn 0.8576 -0.4369 -0.2714
vn 0.4021 -0.2609 -0.8777
vn 0.9510 -0.1994 -0.2361
vn 0.5737 -0.3002 -0.7621
vn 0.5051 -0.4775 -0.7189
vn 0.4619 -0.5180 -0.7200
vn 0.8848 -0.2828 -0.3704
vn 0.6613 0.0305 -0.7495
vn 0.5847 -0.0621 -0.8088
vn 0.5141 -0.0620 -0.8555
vn 0.7427 -0.0045 -0.6696
vn 0.7519 -0.0168 -0.6590
vn 0.7834 -0.0496 -0.6196
vn 0.1056 0.1206 -0.9871
vn 0.0806 -0.1722 -0.9817
vn 0.0032 -0.1371 -0.9905
vn 0.9319 -0.1326 -0.3376
vn 0.9606 -0.1582 -0.2283
vn 0.8024 -0.0308 -0.5960
vn 0.4469 -0.1027 -0.8887
vn 0.4285 -0.0773 -0.9002
vn 0.3843 -0.0260 -0.9228
vn 0.4640 0.2934 -0.8358
vn 0.6203 0.2989 -0.7252
vn 0.4019 0.2888 -0.8689
vn 0.9338 -0.1813 -0.3085
vn 0.3574 0.0141 -0.9338
vn 0.5285 0.1090 -0.8419
vn 0.7047 0.2184 -0.6751
vn 0.8793 -0.0049 -0.4762
vn 0.7613 -0.0597 -0.6456
vn 0.4085 0.0117 -0.9127
vn 0.0370 0.4243 -0.9048
vn -0.0125 0.1550 -0.9878
vn -0.0310 0.2264 -0.9735
vn 0.8985 -0.1700 -0.4046
vn 0.9512 -0.1092 -0.2887
vn 0.9105 0.0232 -0.4129
vn 0.1160 0.9901 0.0784
vn 0.1196 0.9822 0.1446
vn 0.2141 0.9765 -0.0242
vn 0.5053 0.8613 -0.0543
vn 0.6336 0.7731 0.0295
vn 0.5346 0.8390 0.1010
vn 0.7011 0.2381 0.6721
vn 0.8987 -0.0990 0.4272
vn 0.8592 0.3451 0.3778
vn 0.6943 -0.2121 0.6878
vn 0.7538 -0.4001 0.5213
vn 0.9131 -0.1275 0.3873
vn 0.8111 -0.2997 0.5023
vn 0.8262 -0.0879 0.5564
vn 0.9266 -0.0128 0.3760
vn 0.3824 0.9239 0.0127
vn 0.4437 0.8931 -0.0739
vn 0.3247 0.9422 -0.0826
vn 0.6139 -0.3810 -0.6913
vn 0.0194 -0.5735 -0.8190
vn 0.5915 0.3952 0.7028
vn 0.4168 0.7900 0.4497
vn 0.5259 0.6623 0.5336
vn 0.7354 0.0993 0.6703
vn 0.8194 0.4725 0.3245
vn 0.7376 0.6154 0.2779
vn 0.8362 -0.2783 0.4726
vn 0.7818 0.2897 0.5521
vn 0.6141 -0.1427 0.7762
vn 0.8703 0.4921 0.0205
vn 0.9440 0.3282 0.0335
vn 0.9314 0.3633 -0.0238
vn 0.7962 0.5844 0.1570
vn 0.7967 0.5998 0.0744
vn 0.8606 0.4951 0.1190
vn 0.7693 0.5920 0.2401
vn 0.7538 0.5631 0.3388
vn 0.6793 0.6528 0.3353
vn 0.2057 -0.3787 -0.9024
vn 0.9438 -0.1878 -0.2719
vn 0.9399 -0.1662 -0.2984
vn 0.8773 -0.3414 -0.3373
vn 0.1357 -0.4358 -0.8898
vn 0.7601 0.6448 0.0803
vn 0.7838 0.6127 0.1018
vn 0.7645 0.6372 0.0980
vn 0.9514 0.2770 -0.1347
vn 0.8058 0.5921 -0.0095
vn 0.7885 0.6092 0.0844
vn 0.0305 -0.4991 -0.8660
vn 0.7011 0.6998 0.1368
vn 0.7109 0.6881 0.1455
vn 0.6706 0.7241 0.1609
vn 0.2830 0.8499 0.4445
vn 0.1742 0.8266 0.5352
vn 0.0424 0.8013 0.5968
vn 0.0155 0.7926 -0.6095
vn 0.0102 0.9790 -0.2037
vn 0.2305 0.9591 -0.1645
vn 0.4368 0.8845 0.1641
vn 0.3525 0.9256 0.1380
vn 0.3701 0.9285 0.0311
vn 0.0785 0.6433 0.7616
vn 0.1729 0.8157 0.5521
vn 0.0197 0.7532 0.6575
vn 0.1979 -0.3622 -0.9109
vn 0.2960 0.2267 -0.9279
vn 0.6387 0.7571 0.1374
vn 0.5912 0.7765 0.2181
vn 0.4587 0.8851 -0.0789
vn 0.4934 0.2246 -0.8403
vn 0.4861 0.2860 -0.8258
vn 0.1539 -0.1292 -0.9796
vn 0.6390 0.7674 0.0529
vn 0.6983 0.7033 0.1332
vn 0.6791 0.7112 0.1818
vn 0.1482 0.9886 0.0275
vn 0.2810 0.9561 0.0835
vn 0.0867 0.9956 -0.0363
vn 0.3877 0.1908 -0.9018
vn 0.2493 -0.0765 -0.9654
vn 0.2652 0.9611 0.0778
vn 0.3219 0.8439 0.4292
vn 0.3253 0.9427 0.0736
vn 0.4443 0.8944 -0.0517
vn 0.5160 0.7690 0.3774
vn 0.6727 0.6013 0.4311
vn 0.7095 0.6454 0.2829
vn 0.8727 -0.1320 0.4700
vn 0.9868 -0.0961 -0.1304
vn 0.9422 0.0730 0.3271
vn 0.2097 0.6416 0.7378
vn 0.3855 0.7340 -0.5592
vn 0.3461 0.6331 0.6924
vn 0.3341 0.7893 0.5151
vn 0.4280 0.5890 0.6855
vn 0.5722 0.5286 0.6270
vn 0.5116 0.8303 -0.2210
vn 0.2328 0.9716 0.0434
vn 0.5279 0.8145 -0.2406
vn 0.3868 0.9174 0.0933
vn 0.2740 0.9523 0.1340
vn 0.2355 0.9083 0.3458
vn 0.3613 -0.3378 -0.8691
vn 0.4185 0.4114 -0.8097
vn 0.3551 0.3127 -0.8810
vn 0.4296 0.3629 -0.8269
vn 0.2900 0.0242 -0.9567
vn 0.4204 0.0243 -0.9070
vn 0.3838 -0.0304 -0.9229
vn 0.3618 0.9240 0.1236
vn 0.4294 0.9031 -0.0058
vn 0.4407 0.8889 -0.1252
vn 0.1169 0.8402 0.5296
vn 0.2670 0.5261 0.8074
vn 0.2268 0.8427 0.4883
vn 0.4622 0.8532 0.2416
vn 0.4231 0.8202 0.3851
vn 0.4418 0.8319 0.3358
vn 0.6879 0.3004 0.6607
vn 0.6533 -0.4076 0.6380
vn 0.6176 -0.3686 0.6947
vn 0.5585 0.2578 0.7885
vn 0.7144 -0.3500 0.6060
vn 0.5797 -0.1372 0.8032
vn 0.9101 -0.2935 -0.2926
vn 0.3214 0.2114 0.9230
vn 0.7016 -0.0629 0.7098
vn 0.5534 0.4328 0.7116
vn 0.0284 0.2626 0.9645
vn 0.0749 0.6195 0.7814
vn -0.0221 0.6403 0.7678
vn 0.2122 0.2113 0.9541
vn 0.2778 0.4889 0.8269
vn 0.6570 -0.4333 -0.6169
vn 0.1336 -0.1111 -0.9848
vn 0.6491 -0.4789 -0.5910
vn 0.6864 -0.6361 -0.3524
vn 0.7326 -0.6570 -0.1780
vn 0.9132 -0.3661 -0.1791
vn 0.9054 -0.2368 -0.3524
vn 0.9278 -0.1465 -0.3431
vn 0.3347 0.2635 -0.9047
vn 0.6191 -0.6871 -0.3802
vn 0.8744 -0.3999 0.2749
vn 0.9387 -0.1825 -0.2923
vn 0.5954 0.2360 -0.7680
vn 0.5333 0.0846 -0.8417
vn 0.2802 0.1393 -0.9498
vn 0.6466 -0.0496 -0.7613
vn 0.6389 -0.1406 -0.7564
vn 0.6959 -0.0279 -0.7176
vn 0.0065 0.2652 -0.9642
vn 0.1062 0.2516 -0.9620
vn 0.1376 0.1981 -0.9705
vn 0.9636 -0.0681 -0.2584
vn 0.9223 -0.1614 -0.3512
vn 0.7351 -0.1673 -0.6570
vn 0.8928 -0.3794 -0.2429
vn 0.3782 0.0016 -0.9257
vn 0.4079 0.2501 -0.8781
vn 0.3334 0.2993 -0.8940
vn 0.2200 0.1271 -0.9672
vn 0.3093 0.1864 -0.9325
vn 0.8918 -0.4244 -0.1569
vn 0.7588 -0.3747 0.5327
vn 0.7704 -0.2576 0.5832
vn 0.9904 -0.1260 -0.0561
vn 0.9939 -0.0217 0.1083
vn 0.9023 -0.2296 0.3648
vn 0.9578 -0.0759 0.2771
vn 0.9373 -0.3183 0.1422
vn 0.9292 -0.2281 0.2907
vn 0.9789 -0.1517 0.1368
vn 0.9300 -0.3139 0.1915
vn 0.9846 -0.1439 -0.0993
vn 0.9983 -0.0578 0.0019
vn 0.9925 0.0567 0.1086
vn 0.8246 -0.5632 0.0523
vn 0.9929 -0.1176 0.0148
vn 0.9780 -0.0692 0.1966
vn 0.7430 -0.1661 0.6484
vn 0.7782 -0.6172 -0.1163
vn 0.1289 0.8018 0.5836
vn 0.4930 -0.5658 -0.6609
vn 0.4593 -0.7054 -0.5399
vn 0.7285 0.6429 0.2366
vn 0.7409 0.6120 0.2767
vn 0.7105 0.6421 0.2879
vn 0.9812 0.1306 0.1419
vn 0.7800 0.5737 0.2499
vn 0.8045 0.5365 0.2550
vn 0.7582 0.6382 0.1335
vn 0.7691 0.5916 0.2418
vn 0.8199 0.5088 0.2626
vn 0.3160 0.7188 0.6192
vn 0.3985 0.8340 0.3817
vn 0.0541 0.8880 0.4566
vn 0.5255 0.7427 0.4151
vn 0.4494 0.7198 0.5291
vn 0.5215 0.7229 0.4533
vn 0.3084 0.8070 0.5036
vn 0.1872 0.9517 -0.2435
vn 0.2275 0.7925 0.5658
vn 0.3230 0.7556 0.5699
vn 0.3557 0.7472 0.5613
vn 0.4202 0.7496 0.5114
vn 0.5816 -0.4835 -0.6542
vn 0.4774 -0.4965 -0.7250
vn 0.7129 -0.4206 -0.5612
vn 0.6096 -0.5487 -0.5721
vn 0.6906 -0.7143 -0.1132
vn 0.8390 -0.5231 0.1502
vn 0.9130 -0.3796 0.1496
vn 0.9543 -0.2024 0.2201
vn 0.9597 -0.1957 0.2016
vn 0.9100 -0.4143 0.0190
vn 0.9076 -0.3403 0.2459
vn 0.9776 -0.1019 -0.1842
vn 0.7741 -0.2541 -0.5798
vn 0.9753 -0.1557 -0.1563
vn 0.9258 -0.2817 -0.2521
vn 0.4857 -0.7749 0.4044
vn 0.9850 -0.1586 0.0684
vn 0.9994 0.0302 -0.0181
vn 0.9709 0.1940 -0.1402
vn 0.8181 0.4739 -0.3258
vn 0.8984 0.3721 -0.2333
vn 0.8294 0.4360 -0.3493
vn 0.9577 0.2469 -0.1476
vn 0.8514 0.4059 -0.3323
vn 0.8579 0.4821 -0.1776
vn 0.7343 0.6291 -0.2549
vn 0.7509 0.6397 -0.1640
vn 0.4731 0.7494 -0.4633
vn 0.4164 0.6680 -0.6167
vn 0.5813 0.7382 -0.3424
vn 0.1933 0.5990 -0.7770
vn 0.2646 0.6083 -0.7484
vn 0.1678 0.7951 -0.5828
vn 0.3810 0.8267 -0.4141
vn 0.0389 0.9025 -0.4289
vn 0.0622 -0.1918 -0.9795
vn 0.2378 0.9565 -0.1687
vn 0.3854 0.8776 -0.2852
vn 0.3125 0.9078 -0.2798
vn 0.7796 -0.1199 -0.6147
vn 0.7182 -0.1998 -0.6666
vn 0.6805 -0.2779 -0.6780
vn 0.4503 -0.1290 -0.8835
vn 0.5928 -0.1082 -0.7980
vn 0.5035 -0.4022 -0.7647
vn 0.4359 -0.1143 -0.8927
vn 0.4098 -0.1472 -0.9002
vn 0.4199 -0.3034 -0.8553
vn 0.4090 -0.1698 -0.8966
vn 0.3282 -0.1590 -0.9311
vn 0.3631 -0.1413 -0.9210
vn 0.6787 0.2382 0.6947
vn 0.1700 -0.1504 -0.9739
vn 0.1464 -0.2272 -0.9628
vn 0.0845 -0.1278 -0.9882
vn 0.1225 -0.1775 -0.9765
vn 0.0923 -0.2283 -0.9692
vn 0.9766 0.0628 0.2056
vn 0.4977 0.8664 -0.0411
vn 0.2400 0.5781 -0.7799
vn 0.3990 -0.6954 -0.5977
vn 0.4674 -0.3020 -0.8309
vn 0.3692 -0.1007 -0.9239
vn 0.4843 0.4229 -0.7659
vn 0.4876 0.8730 0.0077
vn 0.6149 0.4861 0.6210
vn 0.4187 0.8701 0.2601
vn 0.4838 0.2243 0.8459
vn 0.4706 -0.5333 -0.7029
vn 0.3311 -0.2760 -0.9023
vn 0.4280 0.3159 -0.8468
vn 0.5372 0.6751 0.5057
vn 0.4409 -0.2545 -0.8607
vn 0.5323 0.8466 -0.0015
vn 0.3640 0.6310 -0.6851
vn 0.3939 -0.0769 -0.9159
vn 0.4668 0.3235 -0.8231
vn 0.5914 0.8048 -0.0502
vn 0.5999 0.6651 0.4447
vn 0.4719 0.8504 0.2325
vn 0.4854 0.8742 -0.0140
vn 0.4678 0.7143 0.5206
vn 0.6790 -0.2556 0.6882
vn 0.0908 -0.2339 -0.9680
vn 0.2370 -0.4042 -0.8835
vn 0.4052 0.1107 -0.9075
vn 0.6130 0.6749 0.4108
vn 0.2927 0.6366 -0.7135
vn 0.4752 0.7728 -0.4207
vn 0.4169 -0.1261 -0.9002
vn 0.4742 0.7388 -0.4789
vn 0.2312 -0.3709 -0.8994
vn 0.4122 0.3069 -0.8578
vn 0.3779 0.1506 -0.9135
vn 0.4765 0.8611 -0.1772
vn 0.2916 0.1787 0.9397
vn 0.1511 -0.4574 -0.8763
vn 0.3015 -0.3827 -0.8733
vn 0.2987 0.2199 -0.9286
vn 0.5605 0.6555 -0.5061
vn 0.1176 0.9847 -0.1289
vn 0.4209 0.8984 -0.1257
vn 0.4380 0.8906 0.1224
vn 0.4178 0.9067 0.0583
vn 0.3357 0.8135 0.4749
vn 0.5072 0.5900 0.6282
vn 0.3526 0.3725 -0.8585
vn 0.4332 0.0099 -0.9013
vn 0.5125 0.8541 0.0883
vn 0.3121 0.9194 0.2392
vn 0.2396 0.8456 0.4769
vn 0.6967 0.2142 0.6846
vn 0.2261 0.1327 -0.9650
vn 0.1882 0.7862 0.5887
vn 0.1928 0.7811 0.5939
vn 0.4108 0.6790 -0.6085
vn 0.1078 0.8187 -0.5640
vn 0.2755 -0.2035 -0.9395
vn 0.3462 -0.1438 -0.9271
vn 0.3048 0.3024 0.9031
vn 0.4934 0.3384 0.8013
vn 0.9764 0.0477 0.2105
vn 0.2206 0.2686 0.9376
vn 0.0472 0.3184 0.9468
vn 0.3656 0.3077 0.8784
vn 0.5496 0.3478 0.7596
vn 0.6691 0.3043 0.6780
vn 0.9450 0.0752 0.3184
vn -0.1332 -0.2321 0.9635
vn 0.8445 0.0488 0.5333
vn 0.9204 0.0130 0.3907
vn 0.8835 0.0709 0.4630
vn 0.0098 0.3160 0.9487
vn 0.2039 0.2807 0.9379
vn 0.4177 0.3188 0.8508
vn 0.6680 0.3042 0.6791
vn 0.1014 0.3016 0.9480
vn 0.3823 0.7658 -0.5171
vn 0.2210 -0.3803 -0.8981
vn 0.2135 -0.4196 -0.8823
vn 0.2428 -0.3652 -0.8987
vn 0.4396 -0.4545 -0.7747
vn 0.8711 0.0101 0.4910
vn 0.9149 -0.0258 0.4028
vn 0.9634 -0.1097 0.2447
vn 0.6783 0.5671 0.4673
vn 0.9757 0.0232 0.2180
vn -0.1732 -0.7607 0.6255
vn 0.3326 -0.6704 0.6633
vn -0.2334 -0.8995 0.3694
vn -0.3227 -0.9226 0.2111
vn 0.2793 -0.7808 0.5589
vn 0.4459 -0.7473 0.4927
vn 0.7892 0.1780 0.5877
vn 0.9638 0.1198 0.2384
vn 0.8233 0.3993 0.4034
vn -0.0926 -0.9595 0.2660
vn -0.1874 -0.8695 0.4570
vn 0.3175 -0.5841 0.7470
vn 0.6125 -0.5486 0.5691
vn -0.0811 -0.9507 0.2994
vn -0.9305 0.1446 0.3366
vn -0.9100 0.2549 -0.3270
vn -0.5457 0.7788 -0.3092
vn -0.5613 -0.0727 0.8244
vn -0.3265 0.6336 -0.7013
vn -0.2274 -0.4930 -0.8398
vn -0.7433 0.5995 -0.2969
vn -0.9515 0.2105 -0.2243
vn -0.5963 0.5305 -0.6024
vn -0.9136 0.2616 -0.3113
vn -0.8573 0.2739 -0.4359
vn -0.5649 -0.3919 -0.7261
vn -0.9420 -0.2010 -0.2687
vn -0.6192 0.6975 -0.3606
vn -0.8216 0.5191 -0.2356
vn -0.7889 -0.3884 -0.4762
vn -0.8336 -0.4696 -0.2910
vn -0.9390 -0.0428 -0.3412
vn -0.1887 0.7317 -0.6549
vn -0.8178 0.3922 -0.4211
vn -0.7287 0.2652 -0.6315
vn -0.7284 -0.0845 -0.6799
vn -0.7227 -0.1793 -0.6675
vn -0.8485 -0.2459 -0.4687
vn -0.5402 -0.4176 -0.7306
vn 0.0660 -0.3486 -0.9349
vn -0.8053 -0.4669 -0.3652
vn -0.2911 -0.4147 -0.8621
vn -0.9327 -0.3500 -0.0867
vn -0.6590 -0.4804 -0.5787
vn -0.9430 -0.2429 -0.2277
vn -0.6035 0.0091 -0.7973
vn -0.6711 -0.0824 -0.7368
vn -0.0787 0.0435 -0.9960
vn -0.7180 -0.2136 -0.6624
vn -0.3894 0.0194 -0.9209
vn -0.4472 0.4215 -0.7889
vn -0.9754 0.0297 -0.2184
vn -0.5832 0.3524 -0.7319
vn -0.7441 0.3518 -0.5679
vn -0.2150 0.3318 -0.9185
vn -0.8503 0.2875 -0.4408
vn -0.0982 0.9906 -0.0953
vn -0.5153 0.8321 -0.2052
vn -0.8985 0.2016 0.3900
vn -0.7845 -0.1689 0.5967
vn -0.5344 -0.4443 0.7191
vn -0.5414 0.7192 -0.4355
vn -0.5481 -0.4447 -0.7084
vn -0.4511 0.3214 0.8326
vn -0.8087 0.2568 0.5292
vn -0.7477 -0.1719 0.6414
vn -0.8352 0.4995 -0.2299
vn -0.7050 0.7061 0.0667
vn -0.7216 0.5704 0.3923
vn -0.0898 -0.3622 -0.9278
vn -0.8697 -0.3977 0.2923
vn -0.8379 -0.3171 -0.4443
vn -0.8091 -0.4483 0.3801
vn -0.9433 -0.3232 0.0756
vn -0.7724 0.6145 0.1606
vn -0.9493 0.1385 0.2821
vn -0.7386 -0.6289 -0.2428
vn -0.5559 0.8307 0.0311
vn -0.0620 0.9295 0.3636
vn -0.0203 0.9668 -0.2547
vn -0.9513 -0.2590 0.1673
vn -0.3620 0.9291 0.0750
vn -0.1225 0.6988 0.7047
vn -0.2134 0.4252 -0.8796
vn -0.6374 0.7693 -0.0435
vn -0.0726 0.0871 -0.9935
vn -0.7081 0.7060 -0.0150
vn 0.1820 0.9833 0.0066
vn -0.1892 0.9816 -0.0252
vn 0.0116 0.1411 0.9899
vn -0.5667 0.7067 0.4236
vn -0.8908 -0.4332 0.1371
vn -0.6212 -0.0936 -0.7780
vn -0.8658 -0.3148 -0.3890
vn -0.2750 0.6904 0.6691
vn -0.0843 0.8320 0.5483
vn -0.2743 0.9447 -0.1797
vn -0.2561 0.8123 0.5240
vn -0.2275 -0.3385 -0.9131
vn -0.3083 0.4900 -0.8154
vn -0.2007 0.1680 -0.9651
vn -0.3690 0.8923 -0.2600
vn 0.0239 0.7830 0.6216
vn -0.1631 0.8165 0.5538
vn -0.6693 0.0545 0.7410
vn -0.5343 0.2613 0.8039
vn -0.9320 0.0392 0.3604
vn -0.1787 0.0863 0.9801
vn -0.0402 0.2528 0.9667
vn -0.3159 -0.8614 -0.3977
vn -0.5730 -0.7758 -0.2643
vn -0.7417 -0.6583 -0.1285
vn -0.5494 -0.7982 -0.2469
vn -0.4612 -0.8688 -0.1804
vn -0.6402 -0.7492 -0.1698
vn -0.9164 -0.3623 -0.1703
vn -0.4176 0.3428 -0.8415
vn -0.2939 -0.9307 -0.2176
vn -0.2518 -0.9286 -0.2725
vn -0.9771 -0.2126 -0.0093
vn -0.3359 0.2368 -0.9116
vn -0.7585 0.1763 -0.6273
vn 0.0418 0.3323 -0.9423
vn -0.7845 0.1081 -0.6106
vn -0.8942 -0.3715 0.2498
vn -0.0338 0.3992 -0.9162
vn -0.8865 -0.1048 -0.4508
vn -0.8943 -0.0037 -0.4475
vn -0.9013 -0.3521 -0.2524
vn -0.9090 -0.4087 -0.0811
vn -0.9677 -0.1054 0.2291
vn -0.9900 -0.0623 -0.1268
vn -0.9319 -0.3229 0.1652
vn -0.9291 -0.2461 0.2762
vn -0.8764 -0.3611 0.3186
vn -0.8969 -0.4420 -0.0127
vn -0.9187 -0.3950 0.0033
vn -0.9045 -0.4094 0.1195
vn -0.9392 -0.3371 -0.0658
vn -0.9670 -0.2267 0.1163
vn -0.9126 -0.3498 -0.2117
vn -0.7362 -0.6311 -0.2446
vn -0.9794 -0.0168 0.2013
vn -0.9177 -0.1669 0.3604
vn -0.6327 -0.7483 -0.1993
vn -0.9616 0.0776 -0.2631
vn -0.9813 -0.0234 -0.1909
vn -0.8098 -0.1170 0.5750
vn -0.0510 -0.2491 -0.9671
vn -0.6518 0.6631 0.3679
vn -0.9841 0.0955 0.1500
vn -0.6865 0.6045 0.4042
vn -0.3372 0.8294 0.4455
vn -0.8319 -0.5527 -0.0492
vn -0.3221 0.6149 0.7198
vn -0.3008 0.8873 0.3495
vn -0.2927 0.6538 0.6977
vn -0.5495 -0.4108 -0.7275
vn -0.8527 -0.3971 -0.3394
vn -0.8547 -0.4782 -0.2020
vn -0.9590 -0.2133 0.1866
vn -0.8219 -0.4315 0.3720
vn -0.8236 -0.0869 0.5604
vn -0.3746 -0.7489 -0.5466
vn -0.9869 0.0351 0.1574
vn -0.8988 -0.4357 0.0478
vn -0.8408 -0.4248 -0.3356
vn -0.8333 0.4200 -0.3593
vn -0.6812 -0.5631 -0.4678
vn -0.8033 -0.5866 -0.1031
vn -0.8266 0.1410 -0.5448
vn -0.8683 0.2167 -0.4461
vn -0.8665 0.2985 -0.4001
vn -0.5496 0.6386 -0.5387
vn -0.5266 0.7703 -0.3596
vn -0.6753 0.6802 -0.2851
vn -0.3573 0.9085 -0.2168
vn 0.0053 0.9882 -0.1532
vn -0.5159 -0.5550 -0.6525
vn -0.6314 -0.3563 -0.6888
vn -0.3250 -0.3108 -0.8932
vn -0.3853 -0.1587 -0.9091
vn -0.1989 0.4208 -0.8851
vn 0.0501 -0.2736 -0.9605
vn -0.8113 0.0965 0.5766
vn -0.8426 0.3486 0.4104
vn -0.9463 0.1128 0.3030
vn -0.8941 -0.1657 0.4161
vn -0.5392 0.7209 -0.4353
vn -0.5169 0.7384 -0.4330
vn -0.5828 0.6650 -0.4670
vn -0.7862 0.1177 0.6067
vn -0.7525 -0.3235 0.5736
vn -0.6452 -0.3247 0.6915
vn -0.5162 0.5323 -0.6709
vn -0.3604 0.4563 -0.8136
vn -0.3653 0.3573 -0.8596
vn -0.2244 0.5967 -0.7705
vn -0.0669 0.4972 -0.8650
vn -0.7019 0.5936 -0.3936
vn -0.7653 0.3489 -0.5409
vn -0.6245 0.3929 -0.6750
vn -0.9765 0.0272 0.2139
vn -0.6583 0.6240 -0.4211
vn -0.5608 0.3623 -0.7444
vn -0.4905 0.4760 -0.7300
vn -0.9724 0.0973 -0.2119
vn -0.9619 0.2200 -0.1621
vn -0.8929 0.2710 -0.3596
vn -0.8999 0.2453 -0.3606
vn -0.8438 0.3675 -0.3912
vn -0.8991 0.2289 -0.3732
vn -0.7904 -0.5068 -0.3442
vn -0.9624 0.0050 0.2717
vn -0.4986 0.8226 -0.2733
vn -0.4702 0.7786 -0.4155
vn -0.4940 0.7629 -0.4170
vn -0.8551 0.4010 -0.3286
vn -0.8903 0.3751 -0.2581
vn -0.8213 0.4615 -0.3354
vn -0.4374 -0.4964 -0.7499
vn -0.8744 -0.2469 0.4176
vn -0.8114 -0.5496 -0.1990
vn -0.2809 0.6897 -0.6673
vn -0.3643 0.3107 -0.8779
vn -0.1699 0.3795 -0.9095
vn -0.8338 0.3734 -0.4066
vn -0.8128 0.3424 -0.4714
vn -0.8047 0.3261 -0.4960
vn -0.7528 0.2256 -0.6184
vn -0.6648 -0.0604 -0.7445
vn -0.5853 -0.1308 -0.8002
vn -0.4093 -0.5507 -0.7275
vn -0.4141 -0.3968 -0.8192
vn -0.7259 -0.3171 -0.6104
vn -0.6149 -0.0918 -0.7832
vn -0.7678 -0.1950 -0.6103
vn -0.7353 -0.1799 -0.6534
vn -0.7586 -0.1362 -0.6372
vn -0.6037 -0.3682 -0.7071
vn -0.6569 -0.5210 -0.5450
vn -0.7813 -0.1889 -0.5949
vn -0.8232 -0.4103 -0.3924
vn -0.8530 -0.3643 -0.3738
vn -0.8887 -0.2998 -0.3470
vn -0.4859 -0.4504 -0.7490
vn -0.6581 -0.3569 -0.6630
vn -0.5911 -0.2634 -0.7624
vn -0.0079 -0.3509 -0.9364
vn -0.0031 -0.4470 -0.8945
vn 0.0063 -0.4159 -0.9094
vn -0.7318 -0.5391 -0.4168
vn -0.8788 -0.3023 -0.3693
vn -0.8879 -0.2832 -0.3625
vn -0.4942 -0.5107 -0.7035
vn -0.8787 -0.3399 -0.3352
vn -0.7343 -0.4336 -0.5223
vn -0.6959 -0.2649 -0.6675
vn -0.5859 -0.4323 -0.6855
vn -0.9773 0.1200 -0.1744
vn -0.6451 -0.0375 -0.7632
vn -0.6041 -0.1610 -0.7805
vn -0.5813 -0.1744 -0.7948
vn -0.6517 -0.1373 -0.7460
vn -0.6586 -0.1626 -0.7347
vn -0.6799 -0.1577 -0.7161
vn -0.1541 0.0480 -0.9869
vn -0.1162 -0.0150 -0.9931
vn -0.0337 -0.0574 -0.9978
vn -0.8719 -0.2488 -0.4217
vn -0.8756 -0.2308 -0.4243
vn -0.7746 -0.1939 -0.6021
vn -0.4920 0.0269 -0.8702
vn -0.4807 -0.1351 -0.8664
vn -0.4607 -0.0612 -0.8855
vn -0.5822 0.4161 -0.6985
vn -0.5923 0.4437 -0.6725
vn -0.4294 0.5204 -0.7381
vn -0.9526 -0.2467 -0.1778
vn -0.6890 0.2772 -0.6697
vn -0.6731 0.2721 -0.6877
vn -0.7063 0.3437 -0.6189
vn -0.8215 0.3042 -0.4823
vn -0.7525 0.0924 -0.6520
vn -0.6896 0.1341 -0.7116
vn -0.2549 0.4024 -0.8793
vn -0.3006 0.4662 -0.8320
vn -0.0556 0.4738 -0.8789
vn -0.9380 0.2180 -0.2695
vn -0.8908 0.0869 -0.4460
vn -0.7958 0.1227 -0.5930
vn 0.1119 0.9924 -0.0513
vn -0.0745 0.9945 -0.0740
vn 0.1190 0.9865 -0.1129
vn -0.6189 0.7696 0.1574
vn -0.6260 0.7582 0.1825
vn -0.6057 0.7947 -0.0393
vn -0.2949 -0.1474 0.9441
vn -0.4691 -0.4095 0.7825
vn -0.7855 0.2061 0.5836
vn -0.5483 -0.3275 0.7695
vn -0.6318 -0.5406 0.5555
vn -0.7137 -0.3052 0.6305
vn -0.6277 -0.5711 0.5290
vn -0.6645 -0.4262 0.6138
vn -0.7312 -0.1471 0.6661
vn -0.4820 0.8017 -0.3535
vn -0.3825 0.8526 -0.3561
vn -0.4339 0.8431 -0.3178
vn -0.3495 -0.5435 -0.7632
vn -0.0847 -0.4746 -0.8761
vn -0.6083 -0.1664 0.7761
vn -0.7553 0.4962 0.4282
vn -0.4107 0.8067 0.4248
vn -0.7543 0.2200 0.6185
vn -0.7000 0.6070 0.3764
vn -0.7624 0.5949 0.2547
vn -0.7711 -0.1616 0.6158
vn -0.8802 0.0483 0.4721
vn -0.8503 -0.2612 0.4569
vn -0.8175 0.5755 -0.0208
vn -0.9901 0.1386 0.0201
vn -0.9596 0.1917 -0.2059
vn -0.6123 0.7516 0.2453
vn -0.6787 0.7247 0.1190
vn -0.8308 0.5518 -0.0732
vn -0.6138 0.4071 0.6764
vn -0.6773 0.6875 0.2620
vn -0.5535 0.6443 0.5278
vn -0.1722 -0.4869 -0.8563
vn -0.8495 -0.5033 -0.1579
vn -0.9128 -0.3486 -0.2127
vn -0.9785 -0.2061 -0.0128
vn -0.2762 -0.4695 -0.8386
vn -0.6449 0.7203 0.2555
vn -0.6377 0.7481 0.1835
vn -0.6542 0.7549 0.0457
vn -0.9881 0.0920 0.1233
vn -0.7687 0.6035 0.2119
vn -0.7762 0.5446 0.3176
vn -0.0260 -0.4513 -0.8920
vn -0.7437 0.6682 0.0189
vn -0.7668 0.6396 0.0540
vn -0.6138 0.7753 0.1491
vn 0.1396 0.8976 0.4182
vn 0.0897 0.8636 0.4962
vn -0.1138 0.7845 0.6096
vn -0.0962 0.8981 -0.4292
vn -0.1811 0.9413 -0.2850
vn -0.0192 0.8669 -0.4981
vn -0.5757 0.8061 0.1372
vn -0.4309 0.9013 0.0454
vn -0.3444 0.8453 0.4084
vn -0.0605 0.7138 0.6978
vn -0.0094 0.7012 0.7129
vn -0.2486 0.6778 0.6919
vn -0.1199 -0.3670 -0.9225
vn -0.3966 0.2722 -0.8767
vn -0.5970 0.7717 0.2194
vn -0.7285 0.6595 0.1851
vn -0.6469 0.7616 0.0383
vn -0.0446 0.3911 -0.9193
vn -0.1854 0.1992 -0.9623
vn -0.0683 -0.0198 -0.9975
vn -0.6634 0.7255 0.1833
vn -0.7627 0.6012 0.2383
vn -0.6472 0.7611 0.0438
vn 0.0828 0.9877 0.1325
vn -0.1293 0.9330 0.3357
vn -0.0461 0.9989 -0.0077
vn -0.1012 0.1247 -0.9870
vn -0.0399 -0.0436 -0.9982
vn -0.0662 0.9978 0.0019
vn 0.0427 0.7057 0.7073
vn 0.0349 0.9973 0.0645
vn -0.2348 0.9512 -0.2001
vn -0.3490 0.8029 0.4832
vn -0.5148 0.7444 0.4253
vn -0.6161 0.7691 0.1701
vn -0.7937 -0.6063 0.0499
vn -0.9332 -0.1516 -0.3258
vn -0.9511 0.0200 0.3083
vn -0.0962 0.6668 0.7390
vn -0.2433 0.9576 -0.1541
vn -0.3662 0.5927 0.7174
vn -0.3324 0.7895 0.5160
vn -0.4309 0.4819 0.7630
vn -0.3016 0.5173 0.8009
vn -0.4620 0.6960 -0.5497
vn -0.0912 0.9934 -0.0697
vn -0.2165 0.8758 -0.4315
vn -0.2469 0.9661 -0.0755
vn -0.0585 0.8381 0.5424
vn -0.1716 0.7273 0.6645
vn -0.2764 -0.3648 -0.8891
vn -0.3069 0.5012 -0.8091
vn -0.2107 0.5132 -0.8320
vn -0.0566 0.2179 -0.9743
vn -0.3475 0.1437 -0.9266
vn -0.3859 -0.0478 -0.9213
vn -0.1505 -0.0308 -0.9881
vn -0.2823 0.9524 0.1155
vn -0.5967 0.7960 0.1016
vn -0.5906 0.7794 -0.2093
vn -0.0594 0.9475 0.3142
vn -0.2260 0.5510 0.8033
vn -0.1030 0.8647 0.4916
vn -0.1714 0.8263 0.5364
vn -0.0218 0.8066 0.5907
vn -0.1636 0.8552 0.4918
vn -0.4294 -0.1603 0.8887
vn -0.7371 -0.1185 0.6653
vn -0.7850 -0.1327 0.6051
vn -0.6985 0.2456 0.6721
vn -0.6692 -0.2039 0.7145
vn -0.7316 -0.1679 0.6608
vn -0.8863 -0.4141 -0.2071
vn -0.3430 0.1780 0.9223
vn -0.1964 0.1046 0.9749
vn -0.5412 0.3626 0.7587
vn -0.0228 0.2079 0.9779
vn -0.1571 0.5657 0.8095
vn -0.1151 0.6168 0.7786
vn -0.0968 0.0651 0.9932
vn -0.1931 0.5631 0.8035
vn -0.4470 -0.7407 -0.5015
vn -0.2792 -0.2740 -0.9203
vn -0.4377 -0.8063 -0.3979
vn -0.3431 -0.8628 -0.3712
vn -0.6909 -0.6931 -0.2057
vn -0.8892 -0.4543 0.0541
vn -0.4600 -0.8801 -0.1177
vn -0.8934 -0.4481 -0.0331
vn -0.2138 0.2855 -0.9342
vn -0.1634 -0.9404 -0.2984
vn -0.9076 -0.4196 -0.0167
vn -0.9133 -0.3631 -0.1846
vn -0.5564 0.3244 -0.7649
vn -0.4529 -0.1089 -0.8849
vn -0.3026 0.1286 -0.9444
vn -0.7366 0.1458 -0.6604
vn -0.7147 0.0846 -0.6943
vn -0.7120 0.0155 -0.7020
vn -0.4137 0.2735 -0.8684
vn -0.2996 0.1153 -0.9471
vn -0.0210 0.1098 -0.9937
vn -0.8645 -0.0007 -0.5026
vn -0.8751 -0.1534 -0.4591
vn -0.7822 0.0566 -0.6204
vn -0.5676 -0.8189 -0.0854
vn -0.2422 0.4722 -0.8476
vn -0.1581 0.3558 -0.9211
vn -0.1155 0.2604 -0.9586
vn -0.1979 0.2205 -0.9551
vn -0.1836 0.3556 -0.9164
vn -0.8275 -0.5053 0.2446
vn -0.8074 -0.3144 0.4993
vn -0.6880 -0.3964 0.6079
vn -0.9903 -0.0268 0.1365
vn -0.9943 -0.0113 0.1056
vn -0.9037 -0.3653 0.2231
vn -0.6520 -0.2520 0.7151
vn -0.9293 -0.2934 0.2245
vn -0.8953 -0.4415 -0.0594
vn -0.9882 -0.1514 0.0213
vn -0.7932 -0.5700 0.2145
vn -0.8878 -0.4149 -0.1992
vn -0.9969 -0.0257 0.0743
vn -0.9507 -0.0299 0.3087
vn -0.7647 -0.6414 0.0611
vn -0.9223 -0.3828 -0.0528
vn -0.8674 -0.4277 -0.2544
vn -0.6058 -0.4019 0.6867
vn -0.8085 -0.5312 -0.2533
vn -0.0412 0.9186 0.3931
vn -0.4327 -0.2449 -0.8676
vn -0.4499 -0.4453 -0.7741
vn -0.7506 0.5730 0.3290
vn -0.6870 0.7253 0.0451
vn -0.7398 0.6682 0.0787
vn -0.9507 0.2062 0.2317
vn -0.8892 0.4310 0.1536
vn -0.8988 0.3958 0.1885
vn -0.7973 0.5001 0.3379
vn -0.7994 0.5765 0.1688
vn -0.6151 0.7779 0.1286
vn -0.1607 0.9186 0.3611
vn -0.2932 0.6279 0.7209
vn -0.1734 0.7159 0.6763
vn -0.4581 0.8395 0.2921
vn -0.6083 0.7666 0.2057
vn -0.4300 0.5885 0.6847
vn 0.0298 0.8892 0.4566
vn -0.2271 0.7290 -0.6458
vn -0.2649 0.8577 0.4407
vn -0.1552 0.8433 0.5146
vn -0.2875 0.8354 0.4684
vn -0.2984 0.8819 0.3649
vn -0.4763 -0.2469 -0.8439
vn -0.4554 -0.2914 -0.8413
vn -0.5251 -0.3537 -0.7740
vn -0.5502 -0.4622 -0.6954
vn -0.8565 -0.4287 -0.2874
vn -0.8870 -0.4605 0.0334
vn -0.9255 -0.2865 0.2477
vn -0.8817 -0.3737 0.2879
vn -0.7817 -0.4772 0.4016
vn -0.5746 -0.5379 -0.6169
vn -0.8447 -0.4875 0.2212
vn -0.8043 -0.4935 -0.3311
vn -0.8016 -0.2261 -0.5535
vn -0.8737 -0.3701 -0.3157
vn -0.8213 -0.4851 -0.3004
vn -0.9508 0.0998 -0.2934
vn -0.8994 -0.4257 -0.0990
vn -0.8945 0.1633 -0.4161
vn -0.9321 0.0873 -0.3514
vn -0.9214 0.2083 -0.3281
vn -0.9313 0.1603 -0.3272
vn -0.8474 0.3121 -0.4296
vn -0.7519 0.4961 -0.4342
vn -0.7237 0.4576 -0.5166
vn -0.6392 0.6264 -0.4460
vn -0.6942 0.5958 -0.4038
vn -0.5579 0.7202 -0.4123
vn -0.6619 0.6821 -0.3109
vn -0.6238 0.7446 -0.2378
vn -0.5449 0.7697 -0.3327
vn -0.6215 0.7549 -0.2097
vn -0.6382 0.6991 -0.3223
vn -0.6858 0.7117 -0.1525
vn -0.3824 0.7194 -0.5799
vn -0.2181 0.9574 -0.1895
vn -0.0657 -0.0832 -0.9944
vn -0.1117 0.7432 -0.6597
vn 0.0003 0.8792 -0.4765
vn 0.1088 0.9839 -0.1415
vn -0.6409 -0.3095 -0.7025
vn -0.5618 -0.2762 -0.7798
vn -0.3617 -0.5451 -0.7563
vn -0.5875 -0.1852 -0.7877
vn -0.6258 -0.2466 -0.7400
vn -0.6615 -0.4831 -0.5736
vn -0.4393 -0.1329 -0.8885
vn -0.5169 -0.1829 -0.8363
vn -0.5550 -0.2556 -0.7916
vn -0.2891 -0.3363 -0.8963
vn -0.2189 -0.3005 -0.9283
vn -0.2198 -0.2210 -0.9502
vn -0.8206 0.3164 0.4760
vn -0.1086 -0.0842 -0.9905
vn -0.1563 -0.2688 -0.9504
vn 0.0185 -0.1172 -0.9929
vn -0.0849 -0.1071 -0.9906
vn -0.0457 -0.2492 -0.9674
vn -0.9641 -0.0374 0.2631
vn -0.4939 0.7778 -0.3887
vn -0.6124 0.5759 -0.5415
vn -0.4232 -0.3913 -0.8172
vn -0.3465 -0.4754 -0.8086
vn -0.4034 -0.0002 -0.9150
vn -0.5423 0.4007 -0.7385
vn -0.5676 0.8126 -0.1326
vn -0.5507 0.0580 0.8327
vn -0.5318 0.8067 0.2577
vn -0.6163 0.2917 0.7315
vn -0.3584 -0.7740 -0.5219
vn -0.2892 -0.2528 -0.9233
vn -0.4065 0.3035 -0.8618
vn -0.3914 0.5801 0.7143
vn -0.3925 -0.2585 -0.8827
vn -0.5571 0.6938 -0.4563
vn -0.5436 0.4284 -0.7218
vn -0.3726 -0.0881 -0.9238
vn -0.5346 0.4911 -0.6878
vn -0.6623 0.7196 0.2086
vn -0.4546 0.7946 0.4024
vn -0.6530 0.7459 0.1312
vn -0.7281 0.6814 0.0751
vn -0.5372 0.7355 0.4129
vn -0.5956 -0.2726 0.7556
vn -0.2057 -0.2148 -0.9547
vn -0.2742 -0.5657 -0.7777
vn -0.3260 0.0241 -0.9451
vn -0.4608 0.8462 0.2676
vn -0.5932 0.7735 -0.2229
vn -0.6002 0.7397 -0.3042
vn -0.4317 -0.1502 -0.8894
vn -0.4804 0.5625 -0.6729
vn -0.2800 -0.3427 -0.8967
vn -0.3406 0.5337 -0.7740
vn -0.2617 0.1750 -0.9492
vn -0.4245 0.8681 -0.2574
vn -0.2929 0.1297 0.9473
vn -0.0993 -0.5737 -0.8130
vn -0.3307 -0.4027 -0.8535
vn -0.0384 0.3105 -0.9498
vn -0.3783 0.3611 -0.8523
vn -0.4548 0.8526 -0.2574
vn -0.3910 0.8368 -0.3832
vn -0.2888 0.9573 -0.0139
vn -0.3286 0.8221 0.4649
vn -0.3031 0.7527 0.5844
vn -0.3128 0.5202 0.7947
vn -0.1990 0.3714 -0.9069
vn -0.2633 -0.0380 -0.9640
vn -0.4586 0.8810 0.1163
vn -0.2751 0.7388 0.6152
vn -0.2927 0.7633 0.5760
vn -0.4802 0.2306 0.8463
vn -0.1822 0.2854 -0.9409
vn -0.3659 0.8538 0.3703
vn -0.4523 0.7942 0.4058
vn -0.4761 0.7168 -0.5095
vn -0.5562 0.8161 -0.1567
vn -0.2487 -0.2745 -0.9289
vn -0.1858 -0.2009 -0.9618
vn -0.3209 0.1879 0.9283
vn -0.5986 0.3400 0.7253
vn -0.9600 0.0516 0.2752
vn -0.1375 0.2259 0.9644
vn -0.0579 0.2955 0.9536
vn -0.3678 0.2485 0.8961
vn -0.6566 0.2828 0.6992
vn -0.7399 0.2997 0.6023
vn -0.9567 0.0917 0.2764
vn -0.9794 0.0313 0.1994
vn -0.8587 0.2453 0.4499
vn -0.8995 0.1907 0.3932
vn -0.8994 0.1136 0.4220
vn -0.0537 0.3091 0.9495
vn -0.1681 0.1853 0.9682
vn -0.5400 0.3071 0.7837
vn -0.6961 0.2065 0.6876
vn -0.0385 0.2682 0.9626
vn -0.2196 0.6055 -0.7649
vn -0.1990 -0.6610 -0.7236
vn -0.1564 -0.6693 -0.7264
vn -0.1697 -0.6147 -0.7703
vn -0.4307 -0.5398 -0.7232
vn -0.8390 0.1880 0.5105
vn -0.9291 -0.0145 0.3696
vn -0.9635 0.0223 0.2667
vn -0.7686 0.3057 0.5620
vn -0.9811 0.0509 0.1868
vn -0.3279 -0.7865 0.5233
vn -0.6194 0.4125 0.6679
vn 0.2201 -0.8413 0.4937
vn 0.2401 -0.9456 0.2194
vn -0.5561 -0.8175 0.1496
vn -0.6361 0.5205 0.5696
vn -0.7838 0.2780 0.5553
vn -0.9375 0.0089 0.3479
vn -0.8824 0.1173 0.4557
vn 0.1319 -0.9664 0.2208
vn -0.0311 -0.8235 0.5665
vn -0.6185 -0.6367 0.4605
vn 0.6495 -0.7139 -0.2617
vn 0.0280 -0.9255 0.3778
vn 0.8987 -0.3727 -0.2312
vn 0.9193 -0.3815 -0.0966
vn 0.9639 -0.2102 0.1632
vn 0.7789 -0.5655 0.2712
vn 0.9227 -0.1696 0.3462
vn 0.9441 -0.3184 0.0857
vn 0.8481 -0.4309 -0.3082
vn 0.7755 -0.5212 0.3562
vn 0.9871 -0.1338 -0.0879
vn 0.9331 -0.1686 0.3177
vn 0.7878 -0.4920 -0.3704
vn 0.9079 -0.3117 -0.2803
vn 0.9047 -0.2879 -0.3140
vn 0.9754 -0.1891 0.1136
vn 0.7800 -0.6250 -0.0298
vn 0.8387 -0.4373 -0.3245
vn 0.9195 -0.1149 0.3758
vn 0.6146 -0.2098 -0.7604
vn 0.9013 -0.4271 0.0722
vn 0.9482 -0.1761 0.2643
vn 0.9741 -0.1680 0.1515
vn 0.3826 -0.9188 0.0970
vn 0.8396 -0.2509 -0.4818
vn 0.5282 -0.6510 0.5452
vn 0.8668 -0.4378 -0.2389
vn 0.7779 -0.5527 0.2991
vn 0.9446 -0.1754 0.2775
vn 0.9383 0.0272 0.3446
vn 0.9231 -0.2245 -0.3123
vn 0.9804 -0.1856 0.0665
vn 0.5562 -0.8288 -0.0613
vn 0.9511 -0.1016 0.2918
vn 0.4433 -0.4419 -0.7799
vn 0.8729 -0.4667 0.1421
vn 0.0527 -0.4291 0.9017
vn 0.9469 -0.1901 0.2593
vn 0.8368 -0.4936 -0.2369
vn 0.8795 -0.3347 -0.3383
vn 0.8652 -0.2057 0.4572
vn 0.7557 -0.6431 0.1235
vn 0.7783 -0.4335 -0.4543
vn 0.8612 -0.3750 -0.3429
vn 0.8390 -0.5086 -0.1936
vn 0.8989 -0.0739 -0.4318
vn 0.9845 -0.1579 -0.0769
vn 0.9870 0.1213 -0.1056
vn 0.9078 -0.4054 0.1079
vn 0.9702 -0.1804 0.1617
vn 0.8803 -0.3891 0.2715
vn 0.8975 -0.4169 0.1440
vn 0.8845 -0.3377 -0.3218
vn 0.7817 -0.1721 0.5995
vn 0.8863 -0.4164 0.2027
vn 0.9848 -0.1480 -0.0908
vn 0.9931 -0.0571 -0.1029
vn 0.9856 0.0057 0.1688
vn 0.9923 -0.0651 0.1057
vn 0.8976 -0.4194 -0.1355
vn 0.9232 -0.1632 -0.3480
vn 0.9398 -0.2221 -0.2598
vn 0.9610 -0.2468 0.1246
vn 0.9691 -0.1852 0.1628
vn 0.8621 -0.3761 0.3397
vn 0.9894 0.1096 0.0955
vn 0.9886 -0.1502 -0.0073
vn 0.9833 -0.1551 0.0955
vn 0.8963 -0.4430 0.0192
vn 0.8820 -0.3086 -0.3561
vn 0.9982 -0.0541 0.0261
vn 0.9847 -0.0076 0.1742
vn 0.9899 0.1073 -0.0922
vn 0.9774 0.0162 0.2106
vn -0.9298 -0.3413 0.1381
vn -0.9280 -0.2982 -0.2232
vn -0.8257 -0.4560 -0.3322
vn -0.9780 -0.0535 0.2014
vn -0.8715 -0.4439 -0.2084
vn -0.9893 -0.1221 0.0793
vn -0.7046 -0.6675 -0.2408
vn -0.8411 -0.5210 -0.1455
vn -0.9292 -0.3096 0.2019
vn -0.9422 -0.3124 -0.1211
vn -0.9422 -0.3213 -0.0950
vn -0.9819 -0.1892 -0.0012
vn -0.8115 -0.4954 0.3100
vn -0.8291 -0.4112 0.3789
vn -0.7555 -0.6060 -0.2491
vn -0.7365 -0.3706 0.5659
vn -0.8684 -0.4161 0.2699
vn -0.9007 -0.3423 0.2676
vn -0.9264 -0.2470 -0.2840
vn -0.9281 0.0295 0.3711
vn -0.8501 -0.2999 0.4328
vn -0.8895 -0.4250 -0.1679
vn -0.8664 -0.4375 -0.2407
vn -0.9588 -0.2163 -0.1841
vn -0.9633 -0.2453 0.1089
vn -0.6538 -0.4327 0.6207
vn -0.8564 -0.4034 0.3222
vn -0.8884 -0.2335 0.3954
vn -0.9535 -0.2769 -0.1187
vn -0.9616 -0.2246 -0.1575
vn -0.8389 -0.4782 0.2601
vn -0.9045 -0.4231 0.0527
vn -0.9611 -0.2540 -0.1082
vn -0.9742 0.0595 0.2177
vn -0.9838 0.0205 0.1779
vn -0.9750 0.0434 0.2178
vn -0.7127 -0.6936 0.1048
vn -0.9494 -0.3133 -0.0199
vn -0.7669 -0.4336 -0.4731
vn -0.8572 -0.1380 0.4961
vn -0.8729 -0.4337 0.2233
vn -0.8610 -0.4066 0.3056
vn -0.8814 -0.4338 -0.1870
vn -0.6344 -0.7730 0.0111
vn -0.9312 -0.2988 0.2086
vn -0.9400 0.0846 0.3306
vn -0.9081 -0.4187 -0.0015
vn -0.9643 -0.2573 0.0630
vn -0.9341 -0.3269 -0.1435
vn -0.9608 -0.1822 0.2089
vn -0.9491 -0.3034 0.0840
vn -0.7849 -0.5981 -0.1619
vn -0.9108 -0.2806 0.3027
vn -0.7633 -0.2254 -0.6055
vn -0.7889 -0.5905 -0.1700
vn -0.9470 -0.1416 0.2884
vn -0.9293 -0.1559 0.3349
vn -0.8026 0.1368 -0.5806
vn -0.7006 -0.3361 -0.6294
vn -0.7792 -0.2406 -0.5787
vn -0.8276 -0.1765 -0.5329
vn -0.7496 -0.6541 0.1019
vn -0.9018 -0.2189 0.3726
vn -0.9814 -0.1921 -0.0014
vn -0.8899 -0.4179 -0.1830
vn -0.9746 -0.2172 0.0556
vn -0.9802 -0.0834 0.1796
vn -0.8934 -0.2619 0.3651
vn -0.9861 -0.1654 -0.0131
vn -0.7719 -0.6339 -0.0479
vn -0.8323 -0.1589 0.5311
vn -0.9501 -0.0995 0.2957
vn 0.5026 -0.3821 -0.7755
vn 0.4935 -0.5081 -0.7059
vn 0.5413 -0.7174 -0.4386
vn 0.4884 -0.7097 -0.5078
vn 0.5839 -0.4772 -0.6567
vn 0.5303 -0.5073 -0.6793
vn 0.6181 -0.4152 -0.6675
vn 0.4522 -0.3928 -0.8008
vn 0.5365 -0.4234 -0.7300
vn 0.2979 -0.3780 -0.8766
vn 0.4342 -0.3971 -0.8086
vn 0.2730 -0.3917 -0.8786
vn 0.3016 -0.3961 -0.8673
vn 0.2228 -0.3724 -0.9009
vn 0.3376 -0.5412 -0.7702
vn 0.4734 -0.4436 -0.7610
vn 0.3020 -0.4355 -0.8480
vn 0.4249 -0.5883 -0.6880
vn 0.1895 -0.1964 -0.9620
vn 0.2083 -0.2534 -0.9447
vn 0.0239 -0.4707 -0.8820
vn 0.1639 -0.4634 -0.8709
vn -0.0568 -0.4967 -0.8661
vn -0.0834 -0.6098 -0.7882
vn -0.0107 -0.4153 -0.9096
vn 0.0418 -0.3449 -0.9377
vn -0.0408 -0.3093 -0.9501
vn -0.0034 -0.4022 -0.9155
vn -0.0267 -0.2063 -0.9781
vn 0.0423 -0.1288 -0.9908
vn -0.4038 -0.4997 -0.7663
vn -0.4072 -0.5950 -0.6929
vn -0.3473 -0.3920 -0.8519
vn -0.3842 -0.3813 -0.8408
vn -0.2803 -0.2795 -0.9183
vn -0.2970 -0.3587 -0.8849
vn -0.1437 -0.2826 -0.9484
vn -0.2074 -0.3228 -0.9234
vn -0.3222 -0.5886 -0.7415
vn -0.3826 -0.6641 -0.6424
vn -0.3491 -0.3740 -0.8592
vn -0.3249 -0.3865 -0.8632
vn -0.3554 -0.4504 -0.8191
vn -0.3841 -0.3876 -0.8380
vn -0.3121 -0.2003 -0.9287
vn -0.2725 -0.1909 -0.9430
vn -0.2844 -0.5157 -0.8082
vn -0.2332 -0.5363 -0.8112
vn -0.5996 -0.1202 -0.7912
vn -0.4169 -0.2605 -0.8708
vn -0.6597 -0.4242 -0.6203
vn -0.4736 -0.4663 -0.7472
vn -0.5279 -0.7509 -0.3969
vn -0.4350 -0.7588 -0.4848
vn -0.4005 -0.6535 -0.6424
vn -0.3005 -0.4955 -0.8150
vn -0.3688 -0.2459 -0.8964
vn -0.2641 -0.3770 -0.8878
vn -0.3134 -0.5567 -0.7694
vn -0.3496 -0.5149 -0.7827
vn -0.2492 -0.6142 -0.7488
vn -0.1944 -0.6265 -0.7548
vn -0.3373 -0.5910 -0.7327
vn -0.2817 -0.4501 -0.8474
vn -0.1224 -0.4091 -0.9043
vn -0.4567 -0.4548 -0.7646
vn -0.2805 -0.5181 -0.8080
vn -0.1676 -0.4869 -0.8572
vn -0.0264 -0.4673 -0.8837
vn 0.0935 -0.4393 -0.8935
vn 0.1255 -0.4255 -0.8962
vn -0.0081 -0.4568 -0.8895
vn 0.1273 -0.4800 -0.8680
vn 0.2049 -0.4203 -0.8840
vn 0.2363 -0.3794 -0.8946
vn 0.2727 -0.4312 -0.8601
vn 0.3532 -0.3958 -0.8477
vn 0.4420 -0.3573 -0.8228
vn 0.6485 0.3530 0.6744
vn 0.3062 0.3447 0.8874
vn 0.5238 0.3304 0.7852
vn 0.2575 0.3612 0.8962
vn 0.0749 0.3964 0.9150
vn 0.3792 0.3662 0.8498
vn 0.5491 0.3578 0.7553
vn 0.6949 0.3088 0.6495
vn 0.9429 0.0547 0.3287
vn 0.8467 0.1057 0.5214
vn 0.0287 0.3828 0.9234
vn 0.2656 0.3582 0.8950
vn 0.4062 0.3515 0.8435
vn 0.6638 0.2824 0.6926
vn 0.1347 0.3951 0.9087
vn 0.8768 0.0425 0.4791
vn 0.9330 0.0291 0.3588
vn 0.9100 -0.1288 0.3942
vn 0.9762 0.0346 0.2142
vn -0.7826 0.2367 0.5757
vn -0.3111 0.3576 0.8805
vn -0.6132 0.3469 0.7097
vn -0.1598 0.3186 0.9343
vn -0.0656 0.3374 0.9391
vn -0.3501 0.3545 0.8671
vn -0.6037 0.3024 0.7377
vn -0.7702 0.3078 0.5587
vn -0.9577 0.1912 0.2149
vn -0.8792 0.2256 0.4196
vn -0.0529 0.3630 0.9303
vn -0.2095 0.3111 0.9270
vn -0.5226 0.3630 0.7714
vn -0.7801 0.2826 0.5582
vn -0.0640 0.3342 0.9403
vn -0.8718 0.0981 0.4800
vn -0.9045 0.0695 0.4207
vn -0.9654 0.0228 0.2596
vn -0.9713 0.0416 0.2343
vn 0.9114 -0.2383 0.3356
vn 0.9497 -0.0370 0.3111
vn -0.9770 0.0289 0.2115
vn -0.9792 -0.0286 0.2009
vn 0.8949 0.1876 0.4050
vn 0.9512 -0.0148 0.3082
vn 0.9789 -0.0911 0.1828
vn 0.9612 0.0053 0.2759
vn 0.6660 -0.0138 0.7459
vn 0.4666 -0.4486 0.7623
vn 0.6352 -0.1443 0.7587
vn 0.0540 -0.3803 0.9233
vn -0.1704 -0.4623 0.8702
vn 0.6130 -0.4742 0.6320
vn 0.8382 0.0187 0.5450
vn 0.7524 -0.2603 0.6051
vn 0.9630 0.1018 0.2494
vn 0.8279 0.2241 0.5142
vn -0.0507 -0.6015 0.7973
vn 0.2921 -0.4398 0.8493
vn 0.4470 -0.3711 0.8139
vn 0.8066 0.0323 0.5902
vn 0.1217 -0.4260 0.8965
vn -0.8056 0.2264 0.5475
vn -0.9373 -0.0670 0.3421
vn -0.9574 0.0311 0.2872
vn -0.9620 -0.0043 0.2731
vn -0.7913 0.3288 0.5154
vn -0.6562 -0.1682 0.7356
vn -0.1573 -0.6647 0.7303
vn -0.2592 -0.2465 0.9338
vn 0.0778 -0.4610 0.8840
vn -0.2945 -0.2274 0.9282
vn -0.0738 -0.4759 0.8764
vn 0.6686 -0.6671 -0.3285
vn -0.8928 -0.1423 0.4274
vn -0.9087 0.2166 0.3567
vn 0.0701 -0.5440 0.8362
vn -0.4621 -0.0737 0.8838
vn -0.5163 -0.7409 0.4295
vn 0.2718 -0.8851 0.3779
vn -0.0095 -0.4019 0.9156
vn 0.9592 -0.1615 0.2322
vn 0.9592 -0.0235 0.2817
vn -0.9677 0.0474 0.2478
vn -0.9165 -0.1541 0.3691
vn -0.2924 0.6815 0.6708
vn -0.1737 0.9765 -0.1275
vn 0.0458 0.8352 0.5481
vn 0.1507 0.7781 0.6098
vn -0.1660 0.9136 0.3713
vn -0.3350 0.9176 -0.2139
vn -0.2848 0.6185 -0.7323
vn -0.2205 0.4625 -0.8588
vn -0.1579 -0.3508 -0.9230
vn -0.1214 0.4164 -0.9011
vn 0.0183 0.1783 -0.9838
vn -0.1385 0.1495 -0.9790
vn -0.0778 -0.0421 -0.9961
vn -0.0760 0.9948 0.0683
vn -0.2277 0.9406 -0.2519
vn -0.2196 0.6261 0.7482
vn -0.2106 0.8438 -0.4936
vn -0.0202 0.9875 -0.1562
vn 0.0212 0.9270 0.3745
vn -0.1326 0.0645 0.9891
vn -0.5097 0.4305 0.7449
vn -0.1487 0.4721 -0.8689
vn -0.2294 0.3609 -0.9039
vn -0.2441 0.8642 0.4399
vn -0.3480 0.7230 -0.5967
vn -0.1402 -0.1315 -0.9814
vn -0.2122 -0.2731 -0.9383
vn -0.1718 0.1964 0.9653
vn -0.2374 -0.5563 -0.7963
vn 0.4369 -0.6851 0.5828
vn -0.2981 -0.5514 -0.7792
vn -0.3619 -0.4311 -0.8265
vn -0.4198 -0.4366 -0.7957
vn -0.2726 -0.2156 -0.9376
vn -0.3769 -0.5199 -0.7666
vn -0.2907 -0.4820 -0.8266
vn -0.1789 0.2951 0.9385
vn -0.5109 -0.1144 0.8520
vn -0.4205 0.8066 -0.4154
vn -0.4086 0.8733 0.2652
vn -0.2786 0.7724 0.5708
vn -0.3463 0.7726 0.5321
vn -0.2791 0.7165 0.6393
vn -0.6147 0.7362 -0.2830
vn -0.2767 -0.1844 -0.9431
vn -0.5594 0.5219 -0.6440
vn -0.3973 0.4886 -0.7768
vn -0.4669 0.8185 -0.3348
vn -0.5420 0.8329 0.1117
vn -0.1460 0.5939 0.7912
vn -0.2978 -0.3863 -0.8730
vn -0.3191 0.4784 -0.8181
vn -0.2990 0.5371 -0.7887
vn -0.3568 0.0901 -0.9298
vn -0.4415 -0.0462 -0.8961
vn -0.5032 0.8619 0.0633
vn -0.4787 0.8535 -0.2058
vn -0.3162 0.8055 0.5012
vn -0.4970 0.2066 0.8428
vn -0.4916 0.0490 0.8694
vn -0.1897 0.2415 -0.9517
vn -0.2182 0.1834 -0.9585
vn -0.4707 -0.2617 -0.8426
vn -0.4573 -0.4616 -0.7602
vn -0.4043 0.8311 0.3820
vn -0.6988 0.6912 -0.1843
vn -0.1957 -0.3313 -0.9230
vn -0.3817 -0.7747 -0.5041
vn -0.2604 -0.3329 -0.9063
vn -0.2341 -0.5059 -0.8302
vn -0.3018 -0.4599 -0.8351
vn -0.4479 0.2922 0.8450
vn -0.5583 -0.8205 0.1229
vn -0.1849 -0.6455 -0.7411
vn -0.4212 0.3636 0.8309
vn -0.5885 -0.4495 0.6720
vt 0.428300 0.661000
vt 0.440600 0.639600
vt 0.450800 0.647400
vt 0.439200 0.674200
vt 0.649400 0.684700
vt 0.658000 0.704400
vt 0.643800 0.709500
vt 0.636700 0.688900
vt 0.607500 0.845800
vt 0.608500 0.858100
vt 0.580900 0.863700
vt 0.580200 0.851500
vt 0.387700 0.664800
vt 0.375200 0.674200
vt 0.371400 0.666800
vt 0.384900 0.659600
vt 0.717800 0.839700
vt 0.723500 0.848600
vt 0.700100 0.862500
vt 0.695700 0.852000
vt 0.884700 0.618100
vt 0.894500 0.620800
vt 0.887900 0.651000
vt 0.877600 0.648200
vt 0.690500 0.783400
vt 0.695000 0.793100
vt 0.674200 0.799400
vt 0.668300 0.787300
vt 0.660600 0.680300
vt 0.670400 0.699300
vt 0.703500 0.813300
vt 0.708000 0.822400
vt 0.686000 0.832800
vt 0.683500 0.822700
vt 0.666600 0.723400
vt 0.671600 0.739900
vt 0.655900 0.745500
vt 0.650300 0.728600
vt 0.599600 0.734900
vt 0.598600 0.714200
vt 0.613500 0.714100
vt 0.616800 0.734400
vt 0.775000 0.588200
vt 0.781200 0.558200
vt 0.796000 0.568800
vt 0.790400 0.596000
vt 0.642000 0.666700
vt 0.630300 0.669500
vt 0.604100 0.804600
vt 0.605000 0.819300
vt 0.579200 0.824100
vt 0.578800 0.807600
vt 0.601700 0.770700
vt 0.603800 0.790000
vt 0.580400 0.791700
vt 0.582000 0.773900
vt 0.759100 0.577500
vt 0.765500 0.548900
vt 0.651200 0.662200
vt 0.633900 0.648800
vt 0.642200 0.645000
vt 0.635400 0.632100
vt 0.628100 0.635600
vt 0.625600 0.628900
vt 0.632900 0.625800
vt 0.755600 0.891000
vt 0.770200 0.909400
vt 0.739600 0.932100
vt 0.723000 0.908200
vt 0.677000 0.754000
vt 0.681100 0.766800
vt 0.663900 0.773100
vt 0.660400 0.760200
vt 0.748300 0.741400
vt 0.755800 0.750500
vt 0.743100 0.763200
vt 0.736400 0.753500
vt 0.826800 0.493400
vt 0.827700 0.486800
vt 0.840200 0.492500
vt 0.839300 0.499300
vt 0.795800 0.482600
vt 0.796800 0.476700
vt 0.813000 0.481400
vt 0.812100 0.487800
vt 0.762500 0.472300
vt 0.763500 0.466900
vt 0.779400 0.471600
vt 0.778100 0.477200
vt 0.770400 0.613600
vt 0.784200 0.623000
vt 0.778300 0.646500
vt 0.765200 0.636700
vt 0.893000 0.682100
vt 0.905300 0.685200
vt 0.898300 0.711700
vt 0.885500 0.707800
vt 0.738500 0.591900
vt 0.757100 0.602100
vt 0.751200 0.625700
vt 0.735200 0.613800
vt 0.827800 0.652700
vt 0.836100 0.657700
vt 0.827200 0.681300
vt 0.819400 0.676200
vt 0.717800 0.546100
vt 0.727400 0.555400
vt 0.722900 0.579500
vt 0.709600 0.566900
vt 0.796500 0.632000
vt 0.809000 0.639900
vt 0.801400 0.663200
vt 0.790600 0.655300
vt 0.697700 0.622000
vt 0.712300 0.636900
vt 0.707900 0.652100
vt 0.693700 0.636100
vt 0.768300 0.712700
vt 0.777000 0.720900
vt 0.767000 0.736600
vt 0.758600 0.728000
vt 0.747600 0.693200
vt 0.758700 0.703600
vt 0.749800 0.718600
vt 0.740000 0.707800
vt 0.857500 0.775500
vt 0.871000 0.782600
vt 0.859000 0.804500
vt 0.845200 0.796700
vt 0.722600 0.668000
vt 0.736000 0.681400
vt 0.728900 0.695500
vt 0.716700 0.681300
vt 0.792400 0.734700
vt 0.799500 0.740400
vt 0.788900 0.757200
vt 0.781800 0.751100
vt 0.740500 0.791900
vt 0.746300 0.799200
vt 0.727200 0.811400
vt 0.722700 0.803100
vt 0.677000 0.667800
vt 0.688800 0.685600
vt 0.680200 0.693100
vt 0.669800 0.674600
vt 0.721900 0.764200
vt 0.728900 0.774300
vt 0.712900 0.784500
vt 0.707600 0.773800
vt 0.707600 0.740200
vt 0.716800 0.752800
vt 0.700400 0.759800
vt 0.693400 0.747000
vt 0.800900 0.856800
vt 0.813800 0.867900
vt 0.794800 0.888600
vt 0.780200 0.874600
vt 0.690100 0.710500
vt 0.699000 0.726100
vt 0.686500 0.733200
vt 0.679000 0.717400
vt 0.546500 0.944300
vt 0.584000 0.944400
vt 0.586000 0.969000
vt 0.545700 0.966500
vt 0.553700 0.854300
vt 0.553900 0.867000
vt 0.418600 0.753600
vt 0.432900 0.769000
vt 0.424000 0.781300
vt 0.406700 0.766000
vt 0.449200 0.683600
vt 0.458600 0.654200
vt 0.434200 0.724600
vt 0.426400 0.741200
vt 0.413700 0.722900
vt 0.418700 0.709000
vt 0.609900 0.869800
vt 0.636800 0.849000
vt 0.639800 0.862500
vt 0.808300 0.577400
vt 0.803700 0.604900
vt 0.387600 0.782900
vt 0.378900 0.791200
vt 0.358800 0.767000
vt 0.370200 0.760100
vt 0.464400 0.748400
vt 0.457000 0.765300
vt 0.442100 0.754200
vt 0.450700 0.736900
vt 0.477300 0.703100
vt 0.464300 0.692400
vt 0.473100 0.664700
vt 0.487400 0.674800
vt 0.566300 0.735000
vt 0.582600 0.735500
vt 0.582400 0.755400
vt 0.564200 0.755700
vt 0.561800 0.774600
vt 0.559600 0.793300
vt 0.448700 0.780300
vt 0.440800 0.794400
vt 0.870100 0.674400
vt 0.881200 0.678400
vt 0.873400 0.703700
vt 0.862200 0.699100
vt 0.700400 0.557800
vt 0.703100 0.588200
vt 0.692200 0.575300
vt 0.710200 0.538700
vt 0.694200 0.549000
vt 0.700400 0.530600
vt 0.684600 0.607700
vt 0.679800 0.620200
vt 0.667900 0.606600
vt 0.671500 0.594100
vt 0.665400 0.650100
vt 0.658700 0.656500
vt 0.649100 0.640100
vt 0.654800 0.634100
vt 0.526000 0.772300
vt 0.521300 0.790900
vt 0.503800 0.787200
vt 0.509500 0.768500
vt 0.538000 0.732000
vt 0.520900 0.726600
vt 0.527700 0.696900
vt 0.544200 0.705400
vt 0.721600 0.499600
vt 0.715500 0.516500
vt 0.707200 0.511500
vt 0.714400 0.497200
vt 0.516000 0.807900
vt 0.511700 0.823800
vt 0.492600 0.817800
vt 0.498200 0.804200
vt 0.380400 0.893000
vt 0.374700 0.904000
vt 0.343600 0.886300
vt 0.354400 0.873900
vt 0.625000 0.939700
vt 0.622500 0.918600
vt 0.652600 0.915700
vt 0.659600 0.933000
vt 0.687600 0.542500
vt 0.685100 0.539300
vt 0.689700 0.521700
vt 0.693100 0.524600
vt 0.499100 0.878200
vt 0.476400 0.874100
vt 0.480100 0.862200
vt 0.501900 0.866100
vt 0.319800 0.844100
vt 0.316100 0.857300
vt 0.291800 0.829700
vt 0.298700 0.819300
vt 0.774700 0.830500
vt 0.786000 0.842000
vt 0.766100 0.858400
vt 0.755200 0.846100
vt 0.507900 0.838900
vt 0.487000 0.835200
vt 0.833500 0.762300
vt 0.844900 0.768700
vt 0.832700 0.788600
vt 0.821300 0.781000
vt 0.557200 0.810000
vt 0.555600 0.826000
vt 0.482700 0.934700
vt 0.512300 0.940000
vt 0.508700 0.959000
vt 0.477200 0.947800
vt 0.548200 0.912500
vt 0.583600 0.907400
vt 0.585300 0.923500
vt 0.547300 0.925500
vt 0.272800 0.720100
vt 0.262000 0.727900
vt 0.259500 0.718000
vt 0.270200 0.709600
vt 0.464500 0.842800
vt 0.483500 0.849000
vt 0.459700 0.855400
vt 0.673900 0.557400
vt 0.657600 0.552500
vt 0.664700 0.585100
vt 0.659500 0.595600
vt 0.652700 0.588700
vt 0.655900 0.577000
vt 0.689000 0.648900
vt 0.702700 0.665200
vt 0.695900 0.676500
vt 0.683300 0.659400
vt 0.342500 0.826000
vt 0.352300 0.817400
vt 0.377000 0.841600
vt 0.369000 0.851000
vt 0.368900 0.800800
vt 0.398200 0.812300
vt 0.391300 0.822500
vt 0.611800 0.904700
vt 0.612300 0.893600
vt 0.644500 0.888000
vt 0.648600 0.899500
vt 0.490300 0.911300
vt 0.465900 0.907300
vt 0.469300 0.896500
vt 0.493200 0.900500
vt 0.851800 0.666600
vt 0.860400 0.670700
vt 0.852200 0.694700
vt 0.843300 0.690600
vt 0.758500 0.813800
vt 0.765900 0.821500
vt 0.746000 0.835900
vt 0.738100 0.827700
vt 0.814400 0.750800
vt 0.823300 0.756500
vt 0.812100 0.774300
vt 0.803400 0.768400
vt 0.549300 0.889000
vt 0.581300 0.886400
vt 0.582400 0.896800
vt 0.548300 0.901400
vt 0.443000 0.899500
vt 0.447000 0.889700
vt 0.455700 0.867600
vt 0.361900 0.681400
vt 0.348600 0.685300
vt 0.344300 0.675700
vt 0.357900 0.672100
vt 0.325500 0.692100
vt 0.314200 0.698600
vt 0.310600 0.687800
vt 0.321300 0.682900
vt 0.453300 0.612700
vt 0.462300 0.617200
vt 0.296000 0.712700
vt 0.289600 0.719900
vt 0.280400 0.705900
vt 0.289800 0.699900
vt 0.250100 0.750400
vt 0.237700 0.752100
vt 0.233600 0.736600
vt 0.245400 0.733000
vt 0.801200 0.541100
vt 0.804100 0.519000
vt 0.821500 0.526000
vt 0.814700 0.549800
vt 0.768800 0.525000
vt 0.771900 0.504700
vt 0.789700 0.511300
vt 0.783800 0.533800
vt 0.738800 0.508500
vt 0.744100 0.492000
vt 0.756500 0.496900
vt 0.752600 0.516000
vt 0.837300 0.513800
vt 0.846700 0.518900
vt 0.842900 0.539500
vt 0.832100 0.532800
vt 0.823500 0.507400
vt 0.748900 0.479900
vt 0.760300 0.483200
vt 0.733400 0.469100
vt 0.732400 0.473100
vt 0.724800 0.472500
vt 0.726400 0.468800
vt 0.808200 0.798800
vt 0.819200 0.807200
vt 0.804800 0.825500
vt 0.793000 0.814800
vt 0.809400 0.500500
vt 0.775900 0.488600
vt 0.792900 0.495000
vt 0.670600 0.642400
vt 0.769500 0.766100
vt 0.776500 0.772800
vt 0.762000 0.786900
vt 0.755900 0.779900
vt 0.730800 0.720300
vt 0.739900 0.731600
vt 0.729200 0.742600
vt 0.720800 0.731300
vt 0.831600 0.816600
vt 0.844300 0.825100
vt 0.829100 0.847200
vt 0.816500 0.836000
vt 0.709000 0.692800
vt 0.720800 0.707600
vt 0.710600 0.717500
vt 0.700100 0.702500
vt 0.675700 0.632200
vt 0.659600 0.626500
vt 0.663800 0.617300
vt 0.790500 0.784700
vt 0.798400 0.791300
vt 0.783100 0.806800
vt 0.775200 0.800100
vt 0.650900 0.613900
vt 0.646700 0.610400
vt 0.649800 0.598200
vt 0.656500 0.606500
vt 0.646800 0.622200
vt 0.642800 0.615300
vt 0.716500 0.477500
vt 0.713200 0.485400
vt 0.710400 0.484600
vt 0.713200 0.477200
vt 0.534100 0.672800
vt 0.546700 0.679700
vt 0.582100 0.713800
vt 0.567400 0.712300
vt 0.569300 0.688900
vt 0.582000 0.691700
vt 0.581300 0.670500
vt 0.570700 0.667300
vt 0.571800 0.646800
vt 0.581500 0.650800
vt 0.522600 0.624700
vt 0.508800 0.609100
vt 0.519700 0.579500
vt 0.533500 0.591200
vt 0.541400 0.646200
vt 0.550500 0.654800
vt 0.582000 0.635400
vt 0.574500 0.630400
vt 0.576200 0.622300
vt 0.583000 0.627100
vt 0.537000 0.565800
vt 0.528800 0.537100
vt 0.532100 0.522300
vt 0.541400 0.548400
vt 0.568500 0.593300
vt 0.567200 0.606600
vt 0.555800 0.631200
vt 0.547800 0.620800
vt 0.708800 0.495000
vt 0.700900 0.507500
vt 0.697900 0.505900
vt 0.705800 0.493800
vt 0.718600 0.471700
vt 0.722300 0.479700
vt 0.719400 0.487200
vt 0.726900 0.489000
vt 0.494700 0.536000
vt 0.506300 0.532400
vt 0.500100 0.562300
vt 0.488400 0.559300
vt 0.498900 0.600500
vt 0.487700 0.593100
vt 0.509500 0.567200
vt 0.590400 0.638300
vt 0.591200 0.653900
vt 0.595100 0.692700
vt 0.609100 0.693100
vt 0.472700 0.625000
vt 0.853900 0.721700
vt 0.864900 0.726600
vt 0.494400 0.763800
vt 0.487800 0.781900
vt 0.472800 0.775100
vt 0.479400 0.756900
vt 0.506200 0.718600
vt 0.494100 0.714000
vt 0.502200 0.684500
vt 0.515600 0.692200
vt 0.481200 0.798300
vt 0.474500 0.813200
vt 0.458100 0.805800
vt 0.465500 0.790500
vt 0.426300 0.921900
vt 0.420200 0.934400
vt 0.398700 0.920200
vt 0.405800 0.908900
vt 0.426400 0.819300
vt 0.445700 0.832400
vt 0.439000 0.844000
vt 0.420100 0.830700
vt 0.394800 0.872400
vt 0.401200 0.863000
vt 0.424100 0.878600
vt 0.419500 0.888700
vt 0.413500 0.841800
vt 0.433700 0.856800
vt 0.747500 0.540400
vt 0.734300 0.531500
vt 0.523000 0.664700
vt 0.532000 0.635800
vt 0.544900 0.604300
vt 0.561800 0.579600
vt 0.562300 0.570700
vt 0.574000 0.583200
vt 0.882100 0.526800
vt 0.877200 0.551200
vt 0.869600 0.548700
vt 0.874100 0.526400
vt 0.658600 0.570200
vt 0.675800 0.580000
vt 0.686900 0.592100
vt 0.683900 0.566500
vt 0.700800 0.606200
vt 0.715500 0.620300
vt 0.619800 0.638200
vt 0.609500 0.640000
vt 0.608400 0.632500
vt 0.616800 0.631800
vt 0.732400 0.633500
vt 0.747100 0.646300
vt 0.617400 0.671500
vt 0.613400 0.653900
vt 0.624300 0.651200
vt 0.628300 0.711200
vt 0.623000 0.691900
vt 0.634300 0.732100
vt 0.642400 0.765100
vt 0.623100 0.769000
vt 0.620100 0.752400
vt 0.639200 0.750200
vt 0.648500 0.793600
vt 0.625800 0.799600
vt 0.624600 0.785000
vt 0.645300 0.779000
vt 0.653800 0.819200
vt 0.628300 0.825700
vt 0.627100 0.812900
vt 0.651000 0.806300
vt 0.664900 0.854100
vt 0.660700 0.842800
vt 0.679000 0.888700
vt 0.674100 0.876000
vt 0.694000 0.922000
vt 0.686800 0.903000
vt 0.759800 0.657600
vt 0.772700 0.667300
vt 0.784200 0.676500
vt 0.794200 0.684300
vt 0.810900 0.697300
vt 0.818500 0.702700
vt 0.826200 0.707500
vt 0.816900 0.727200
vt 0.809300 0.722300
vt 0.741100 0.875400
vt 0.733200 0.861800
vt 0.876900 0.731800
vt 0.890400 0.736900
vt 0.419100 0.680000
vt 0.426800 0.696500
vt 0.420600 0.653000
vt 0.408800 0.668200
vt 0.404900 0.662800
vt 0.417200 0.649200
vt 0.434500 0.634400
vt 0.431400 0.631900
vt 0.468300 0.585600
vt 0.477600 0.588500
vt 0.606200 0.833400
vt 0.579500 0.838400
vt 0.634300 0.839000
vt 0.400000 0.655200
vt 0.398100 0.651700
vt 0.406200 0.697500
vt 0.396500 0.709600
vt 0.712200 0.830900
vt 0.689300 0.842300
vt 0.731700 0.819300
vt 0.706000 0.874500
vt 0.481500 0.536700
vt 0.485300 0.536000
vt 0.479000 0.557700
vt 0.475300 0.558200
vt 0.699300 0.803700
vt 0.681400 0.812500
vt 0.718000 0.794200
vt 0.601100 0.754200
vt 0.744400 0.566000
vt 0.820400 0.585500
vt 0.815100 0.613300
vt 0.720400 0.601000
vt 0.717800 0.890000
vt 0.908600 0.507100
vt 0.908100 0.513200
vt 0.901400 0.512200
vt 0.902000 0.503500
vt 0.906600 0.529400
vt 0.898500 0.528000
vt 0.849900 0.504600
vt 0.850900 0.496700
vt 0.751200 0.470700
vt 0.752100 0.465900
vt 0.899600 0.653800
vt 0.911500 0.656800
vt 0.818900 0.646800
vt 0.810900 0.670200
vt 0.765900 0.686600
vt 0.776500 0.695700
vt 0.785800 0.703600
vt 0.742000 0.665100
vt 0.754300 0.676400
vt 0.855700 0.748100
vt 0.867900 0.754200
vt 0.881000 0.760200
vt 0.727800 0.651700
vt 0.784900 0.728200
vt 0.774600 0.744100
vt 0.794300 0.710600
vt 0.801900 0.716800
vt 0.734700 0.783500
vt 0.749600 0.772000
vt 0.738900 0.479800
vt 0.741500 0.472400
vt 0.515900 0.925200
vt 0.527200 0.854900
vt 0.525300 0.867800
vt 0.532900 0.826000
vt 0.554400 0.840800
vt 0.530700 0.840700
vt 0.402700 0.739100
vt 0.390000 0.748300
vt 0.457300 0.719900
vt 0.439700 0.700600
vt 0.610800 0.881100
vt 0.640200 0.875400
vt 0.581400 0.875200
vt 0.832700 0.591800
vt 0.825600 0.621000
vt 0.904700 0.623300
vt 0.396700 0.774300
vt 0.381200 0.754500
vt 0.415100 0.792300
vt 0.406400 0.802400
vt 0.470400 0.726800
vt 0.486800 0.737500
vt 0.550900 0.734300
vt 0.547000 0.754600
vt 0.554100 0.710100
vt 0.543300 0.774200
vt 0.539500 0.792600
vt 0.742500 0.467800
vt 0.903000 0.558600
vt 0.894500 0.556000
vt 0.531300 0.752700
vt 0.515800 0.749200
vt 0.915500 0.625100
vt 0.535800 0.809900
vt 0.387800 0.882400
vt 0.361900 0.860300
vt 0.412600 0.898600
vt 0.634400 0.965200
vt 0.668200 0.951700
vt 0.524400 0.879700
vt 0.522300 0.891300
vt 0.496200 0.889600
vt 0.472500 0.885800
vt 0.335900 0.836800
vt 0.308600 0.809200
vt 0.504700 0.853100
vt 0.844300 0.742500
vt 0.457200 0.926800
vt 0.446100 0.943600
vt 0.460400 0.918000
vt 0.486900 0.922500
vt 0.834000 0.737300
vt 0.518400 0.913100
vt 0.520400 0.902000
vt 0.468500 0.829900
vt 0.451600 0.819700
vt 0.442900 0.608500
vt 0.427600 0.629000
vt 0.426000 0.627200
vt 0.441000 0.607500
vt 0.316800 0.799000
vt 0.329300 0.788800
vt 0.361500 0.807200
vt 0.384400 0.832100
vt 0.339400 0.781100
vt 0.347800 0.773600
vt 0.437200 0.910100
vt 0.844000 0.662200
vt 0.835000 0.686100
vt 0.752300 0.806500
vt 0.768200 0.793500
vt 0.806800 0.745700
vt 0.795800 0.762900
vt 0.824900 0.732000
vt 0.554300 0.878400
vt 0.293100 0.784800
vt 0.307600 0.773000
vt 0.451700 0.878500
vt 0.429100 0.867800
vt 0.386200 0.717900
vt 0.372200 0.722200
vt 0.336500 0.688000
vt 0.332200 0.678600
vt 0.361700 0.727100
vt 0.339500 0.737800
vt 0.347800 0.733500
vt 0.730100 0.480500
vt 0.304600 0.704800
vt 0.299700 0.693400
vt 0.330300 0.745100
vt 0.313000 0.766700
vt 0.323300 0.755900
vt 0.282300 0.793700
vt 0.267100 0.802800
vt 0.826600 0.556900
vt 0.838300 0.563500
vt 0.898900 0.590500
vt 0.889600 0.588000
vt 0.729800 0.503200
vt 0.735000 0.489900
vt 0.725200 0.522600
vt 0.762700 0.758700
vt 0.641900 0.627700
vt 0.783400 0.778700
vt 0.498500 0.645200
vt 0.512000 0.655400
vt 0.486700 0.634800
vt 0.556900 0.685200
vt 0.561100 0.662200
vt 0.563800 0.639900
vt 0.566000 0.623700
vt 0.573900 0.610200
vt 0.518500 0.528300
vt 0.520600 0.520000
vt 0.720200 0.468300
vt 0.599100 0.639500
vt 0.602200 0.654400
vt 0.605200 0.672600
vt 0.592900 0.672500
vt 0.869200 0.501200
vt 0.877600 0.501700
vt 0.876900 0.512200
vt 0.868000 0.510900
vt 0.866000 0.524800
vt 0.500900 0.743800
vt 0.432800 0.807800
vt 0.407600 0.852600
vt 0.886200 0.500400
vt 0.884700 0.512800
vt 0.598300 0.632600
vt 0.657000 0.831400
vt 0.669200 0.864800
vt 0.700500 0.939600
vt 0.802900 0.691300
vt 0.834200 0.712100
vt 0.390900 0.670400
vt 0.379400 0.681400
vt 0.843300 0.716600
vt 0.464900 0.585100
vt 0.450200 0.611400
vt 0.861100 0.545900
vt 0.864700 0.578700
vt 0.856900 0.574700
vt 0.872400 0.582200
vt 0.851600 0.603200
vt 0.858700 0.607500
vt 0.866500 0.611800
vt 0.844200 0.631700
vt 0.851800 0.636000
vt 0.310200 0.714100
vt 0.300500 0.721600
vt 0.343100 0.698200
vt 0.330500 0.705100
vt 0.454400 0.584500
vt 0.457000 0.584500
vt 0.289600 0.729500
vt 0.281500 0.736600
vt 0.268100 0.743400
vt 0.253400 0.756100
vt 0.320600 0.709800
vt 0.353900 0.694500
vt 0.366800 0.690000
vt 0.445000 0.609200
vt 0.429500 0.630500
vt 0.469500 0.542400
vt 0.472300 0.539900
vt 0.466900 0.559800
vt 0.464100 0.561100
vt 0.402400 0.659000
vt 0.411500 0.641600
vt 0.413100 0.644300
vt 0.241400 0.759000
vt 0.859500 0.640400
vt 0.868200 0.644300
vt 0.415100 0.646700
vt 0.474900 0.538800
vt 0.477600 0.537600
vt 0.471800 0.558400
vt 0.469400 0.559200
vt 0.398800 0.682000
vt 0.390400 0.698700
vt 0.383300 0.687900
vt 0.394000 0.675700
vt 0.459300 0.584600
vt 0.461600 0.584700
vt 0.447000 0.610000
vt 0.321300 0.732000
vt 0.311300 0.741600
vt 0.304300 0.729300
vt 0.314100 0.721900
vt 0.354100 0.718700
vt 0.344400 0.723300
vt 0.336300 0.711500
vt 0.347000 0.707100
vt 0.298600 0.749600
vt 0.294100 0.755200
vt 0.285400 0.746800
vt 0.295200 0.739900
vt 0.274200 0.764900
vt 0.264900 0.772000
vt 0.258100 0.763200
vt 0.272300 0.753500
vt 0.337100 0.726900
vt 0.325200 0.716700
vt 0.367400 0.714700
vt 0.359700 0.702800
vt 0.379800 0.708300
vt 0.372100 0.699500
vt 0.255700 0.776100
vt 0.248100 0.769100
vt 0.552300 0.101200
vt 0.550300 0.112200
vt 0.529100 0.107600
vt 0.533200 0.091500
vt 0.386500 0.254500
vt 0.397100 0.251000
vt 0.405100 0.273500
vt 0.392900 0.277900
vt 0.516600 0.362100
vt 0.542700 0.348300
vt 0.549800 0.358400
vt 0.521200 0.372800
vt 0.586500 0.075300
vt 0.586900 0.071600
vt 0.597900 0.075700
vt 0.598100 0.080200
vt 0.421700 0.424500
vt 0.447000 0.419900
vt 0.450500 0.434000
vt 0.421500 0.438000
vt 0.157100 0.338300
vt 0.179700 0.359800
vt 0.172900 0.368900
vt 0.150100 0.346600
vt 0.412000 0.358800
vt 0.431900 0.354300
vt 0.434000 0.364000
vt 0.414100 0.371000
vt 0.376000 0.257000
vt 0.380600 0.280900
vt 0.415800 0.391900
vt 0.438000 0.383800
vt 0.439600 0.394700
vt 0.418200 0.401900
vt 0.398000 0.298300
vt 0.411900 0.293600
vt 0.417900 0.311300
vt 0.402100 0.316500
vt 0.455600 0.270900
vt 0.440800 0.279400
vt 0.431100 0.260300
vt 0.444400 0.250700
vt 0.231700 0.252300
vt 0.225100 0.267300
vt 0.206900 0.249100
vt 0.213600 0.233800
vt 0.379000 0.229800
vt 0.389400 0.224900
vt 0.496400 0.330600
vt 0.517300 0.317600
vt 0.526100 0.329200
vt 0.503900 0.341700
vt 0.477200 0.302500
vt 0.496100 0.291600
vt 0.507000 0.306300
vt 0.487000 0.315300
vt 0.237700 0.236100
vt 0.221600 0.218000
vt 0.370200 0.232200
vt 0.364700 0.206600
vt 0.372800 0.204500
vt 0.363500 0.188400
vt 0.357600 0.174000
vt 0.364000 0.174200
vt 0.367600 0.183200
vt 0.424200 0.487300
vt 0.458200 0.484400
vt 0.463100 0.505400
vt 0.425100 0.510800
vt 0.405800 0.331900
vt 0.422800 0.327000
vt 0.427800 0.341400
vt 0.408800 0.345900
vt 0.341000 0.361100
vt 0.358400 0.363600
vt 0.358400 0.375600
vt 0.340400 0.372900
vt 0.140400 0.208100
vt 0.132000 0.217500
vt 0.126400 0.212400
vt 0.135300 0.203400
vt 0.158700 0.184200
vt 0.149500 0.196900
vt 0.144800 0.192500
vt 0.154600 0.179700
vt 0.179000 0.153300
vt 0.168300 0.169800
vt 0.163900 0.165900
vt 0.174300 0.149600
vt 0.248800 0.270300
vt 0.265600 0.286200
vt 0.260700 0.301300
vt 0.243200 0.285200
vt 0.187200 0.397700
vt 0.208700 0.415100
vt 0.200100 0.426200
vt 0.178700 0.407900
vt 0.260500 0.236200
vt 0.275000 0.251800
vt 0.269900 0.270300
vt 0.255200 0.253800
vt 0.224300 0.335100
vt 0.244900 0.349900
vt 0.241300 0.358900
vt 0.220500 0.344100
vt 0.259000 0.178400
vt 0.272600 0.193700
vt 0.265300 0.217900
vt 0.251500 0.201100
vt 0.238100 0.299300
vt 0.256400 0.314600
vt 0.252200 0.327300
vt 0.233100 0.312700
vt 0.308600 0.234300
vt 0.320200 0.242600
vt 0.319200 0.266500
vt 0.306600 0.256900
vt 0.308200 0.349400
vt 0.324700 0.356500
vt 0.322900 0.368400
vt 0.305800 0.361300
vt 0.312900 0.322200
vt 0.328200 0.329400
vt 0.326400 0.343600
vt 0.310500 0.336500
vt 0.272600 0.454300
vt 0.294700 0.463800
vt 0.288300 0.479600
vt 0.265500 0.468100
vt 0.317200 0.287700
vt 0.330700 0.295200
vt 0.329700 0.313600
vt 0.315200 0.306300
vt 0.301200 0.381900
vt 0.319300 0.389100
vt 0.317300 0.398500
vt 0.298700 0.390700
vt 0.376500 0.397700
vt 0.396800 0.396400
vt 0.397400 0.406400
vt 0.376400 0.407500
vt 0.354000 0.257400
vt 0.365500 0.258100
vt 0.368500 0.282000
vt 0.356500 0.281500
vt 0.375100 0.364200
vt 0.392500 0.363000
vt 0.394500 0.374800
vt 0.375900 0.376300
vt 0.373300 0.336800
vt 0.389600 0.335200
vt 0.391400 0.349400
vt 0.374200 0.351300
vt 0.367200 0.484000
vt 0.394200 0.486700
vt 0.392200 0.507400
vt 0.363500 0.502500
vt 0.370800 0.303000
vt 0.384500 0.301600
vt 0.387300 0.319500
vt 0.372600 0.321000
vt 0.631500 0.415200
vt 0.649800 0.432800
vt 0.617600 0.457800
vt 0.577800 0.443500
vt 0.565800 0.334300
vt 0.574900 0.343200
vt 0.612000 0.160700
vt 0.625900 0.170500
vt 0.624400 0.190300
vt 0.611200 0.182200
vt 0.548800 0.135100
vt 0.526500 0.122400
vt 0.583100 0.149200
vt 0.586200 0.127300
vt 0.600000 0.129800
vt 0.598500 0.155100
vt 0.524300 0.378000
vt 0.498000 0.387800
vt 0.496000 0.382800
vt 0.218800 0.282200
vt 0.200000 0.263800
vt 0.653700 0.187600
vt 0.658700 0.154700
vt 0.674100 0.154400
vt 0.673100 0.197700
vt 0.574400 0.193400
vt 0.580000 0.166300
vt 0.597100 0.174800
vt 0.590900 0.197100
vt 0.536600 0.169800
vt 0.517000 0.156200
vt 0.522400 0.140800
vt 0.543200 0.151900
vt 0.484500 0.250400
vt 0.500500 0.265200
vt 0.483000 0.278200
vt 0.469800 0.260500
vt 0.513900 0.280300
vt 0.526400 0.292900
vt 0.609000 0.203500
vt 0.622200 0.213300
vt 0.201700 0.378500
vt 0.222700 0.394200
vt 0.216100 0.404400
vt 0.195000 0.388000
vt 0.278000 0.170900
vt 0.289400 0.187400
vt 0.285500 0.208700
vt 0.264600 0.156400
vt 0.269000 0.139500
vt 0.281900 0.150900
vt 0.310500 0.209700
vt 0.312300 0.188900
vt 0.320500 0.195600
vt 0.322200 0.217400
vt 0.352100 0.231600
vt 0.348500 0.206300
vt 0.356600 0.207300
vt 0.361300 0.232600
vt 0.542000 0.255700
vt 0.552400 0.243200
vt 0.568800 0.251700
vt 0.556500 0.267500
vt 0.509200 0.226500
vt 0.490100 0.208000
vt 0.496900 0.197300
vt 0.517300 0.213500
vt 0.239900 0.130000
vt 0.246100 0.117000
vt 0.256400 0.129100
vt 0.250600 0.144200
vt 0.569800 0.278500
vt 0.582400 0.263800
vt 0.595900 0.274000
vt 0.582200 0.288300
vt 0.735500 0.272800
vt 0.749000 0.243400
vt 0.759300 0.243000
vt 0.749300 0.277100
vt 0.560500 0.453500
vt 0.527500 0.468400
vt 0.521400 0.448500
vt 0.551800 0.434400
vt 0.284000 0.138600
vt 0.272000 0.129500
vt 0.273200 0.125300
vt 0.284600 0.133600
vt 0.620000 0.319700
vt 0.616100 0.314600
vt 0.629400 0.300900
vt 0.639900 0.307400
vt 0.757200 0.205600
vt 0.763200 0.169500
vt 0.776400 0.169500
vt 0.770100 0.205100
vt 0.371100 0.452100
vt 0.396100 0.453500
vt 0.395600 0.468800
vt 0.369400 0.467200
vt 0.593400 0.298400
vt 0.608100 0.283800
vt 0.283800 0.429900
vt 0.304600 0.438000
vt 0.300100 0.450400
vt 0.278600 0.441600
vt 0.537900 0.303500
vt 0.547800 0.315500
vt 0.684100 0.366400
vt 0.700500 0.381300
vt 0.677700 0.406200
vt 0.662000 0.391600
vt 0.607900 0.383400
vt 0.622700 0.395800
vt 0.584300 0.413100
vt 0.576700 0.401200
vt 0.730200 0.058100
vt 0.728100 0.040600
vt 0.739500 0.047000
vt 0.743000 0.060800
vt 0.631800 0.274800
vt 0.647800 0.284100
vt 0.619900 0.292200
vt 0.295200 0.149200
vt 0.295500 0.142900
vt 0.312000 0.173000
vt 0.324500 0.157700
vt 0.329400 0.162500
vt 0.316600 0.177700
vt 0.331200 0.249600
vt 0.342500 0.254700
vt 0.343800 0.278600
vt 0.331400 0.273400
vt 0.722600 0.199400
vt 0.711600 0.235200
vt 0.708700 0.234900
vt 0.716600 0.199000
vt 0.679400 0.200700
vt 0.673200 0.223300
vt 0.666900 0.220200
vt 0.543300 0.410400
vt 0.513300 0.424200
vt 0.510100 0.416200
vt 0.539600 0.404300
vt 0.652000 0.341100
vt 0.644000 0.335100
vt 0.664300 0.320500
vt 0.671500 0.323900
vt 0.212500 0.360700
vt 0.233400 0.375700
vt 0.228600 0.384400
vt 0.207500 0.369500
vt 0.374400 0.427000
vt 0.397200 0.426700
vt 0.397100 0.438500
vt 0.372400 0.439500
vt 0.292200 0.409100
vt 0.312000 0.416700
vt 0.308700 0.426700
vt 0.288300 0.419000
vt 0.592400 0.360900
vt 0.599500 0.371300
vt 0.566600 0.389100
vt 0.561800 0.377100
vt 0.683400 0.307000
vt 0.678100 0.303600
vt 0.651600 0.288200
vt 0.610800 0.087100
vt 0.609600 0.080700
vt 0.622800 0.085700
vt 0.625100 0.094900
vt 0.652100 0.086800
vt 0.650800 0.073900
vt 0.665700 0.058600
vt 0.666400 0.070500
vt 0.504600 0.099600
vt 0.509400 0.086800
vt 0.699500 0.055400
vt 0.698000 0.044500
vt 0.715300 0.040800
vt 0.717100 0.052900
vt 0.759500 0.076400
vt 0.753400 0.060300
vt 0.770100 0.063400
vt 0.772400 0.079200
vt 0.190000 0.231300
vt 0.181800 0.245300
vt 0.165500 0.229600
vt 0.172800 0.216800
vt 0.207700 0.203000
vt 0.198500 0.217800
vt 0.179700 0.202400
vt 0.186700 0.187400
vt 0.222200 0.169800
vt 0.213600 0.187200
vt 0.195700 0.170600
vt 0.210100 0.152900
vt 0.143400 0.228900
vt 0.158100 0.241400
vt 0.151400 0.251500
vt 0.137700 0.237700
vt 0.150400 0.216800
vt 0.200300 0.141300
vt 0.187200 0.161600
vt 0.207800 0.098700
vt 0.214400 0.089600
vt 0.218900 0.091200
vt 0.212400 0.100800
vt 0.326100 0.444400
vt 0.348000 0.449100
vt 0.345100 0.462700
vt 0.322400 0.457300
vt 0.158500 0.205300
vt 0.176800 0.177100
vt 0.167500 0.192200
vt 0.342000 0.228600
vt 0.337500 0.394400
vt 0.357600 0.396800
vt 0.355900 0.407200
vt 0.335600 0.404100
vt 0.343300 0.334000
vt 0.358300 0.336400
vt 0.358300 0.350600
vt 0.342200 0.348100
vt 0.317400 0.471200
vt 0.343100 0.479200
vt 0.337300 0.497800
vt 0.311200 0.490700
vt 0.344500 0.300100
vt 0.357400 0.302700
vt 0.358100 0.320700
vt 0.344100 0.318200
vt 0.332700 0.224000
vt 0.330400 0.200400
vt 0.339300 0.203600
vt 0.332000 0.422500
vt 0.352500 0.426400
vt 0.350300 0.436500
vt 0.329200 0.432800
vt 0.341900 0.171900
vt 0.337700 0.169900
vt 0.334800 0.166800
vt 0.339900 0.170300
vt 0.347600 0.173200
vt 0.345400 0.172500
vt 0.231000 0.090500
vt 0.232800 0.088700
vt 0.241600 0.096700
vt 0.240100 0.098900
vt 0.476400 0.177000
vt 0.469900 0.188400
vt 0.456400 0.241800
vt 0.442800 0.219500
vt 0.453400 0.209700
vt 0.469300 0.229700
vt 0.429200 0.199600
vt 0.415500 0.179300
vt 0.422500 0.171400
vt 0.437400 0.189700
vt 0.462600 0.134000
vt 0.432600 0.113700
vt 0.432700 0.096600
vt 0.465700 0.119400
vt 0.455600 0.159400
vt 0.451300 0.169500
vt 0.405500 0.165200
vt 0.397200 0.156300
vt 0.400200 0.149600
vt 0.411000 0.158000
vt 0.399200 0.098500
vt 0.391100 0.088600
vt 0.392000 0.054200
vt 0.400600 0.066800
vt 0.409500 0.130100
vt 0.434600 0.142100
vt 0.432200 0.153000
vt 0.415200 0.141300
vt 0.249400 0.110000
vt 0.250900 0.107200
vt 0.261600 0.116500
vt 0.259800 0.120700
vt 0.227200 0.096100
vt 0.223100 0.085900
vt 0.230400 0.116100
vt 0.236600 0.104900
vt 0.437400 0.023200
vt 0.453400 0.056600
vt 0.443200 0.064400
vt 0.420000 0.024700
vt 0.468700 0.105900
vt 0.434800 0.076300
vt 0.473300 0.093500
vt 0.408200 0.186400
vt 0.398700 0.170400
vt 0.420900 0.236200
vt 0.431500 0.228700
vt 0.501100 0.111400
vt 0.243300 0.408100
vt 0.236900 0.418800
vt 0.560800 0.228700
vt 0.569900 0.207300
vt 0.586300 0.216900
vt 0.577600 0.236300
vt 0.524400 0.202700
vt 0.504000 0.185700
vt 0.510100 0.173000
vt 0.530200 0.187500
vt 0.592900 0.245300
vt 0.602100 0.222900
vt 0.616900 0.234100
vt 0.607100 0.255600
vt 0.714600 0.320600
vt 0.724700 0.298300
vt 0.736900 0.303600
vt 0.724200 0.326600
vt 0.649800 0.234400
vt 0.661100 0.243600
vt 0.654100 0.265800
vt 0.641400 0.256400
vt 0.704400 0.263500
vt 0.695100 0.287300
vt 0.689500 0.284700
vt 0.697800 0.262400
vt 0.667600 0.247300
vt 0.661100 0.268700
vt 0.236000 0.184600
vt 0.228500 0.202100
vt 0.481700 0.166700
vt 0.434000 0.130200
vt 0.459100 0.147300
vt 0.398600 0.125300
vt 0.393100 0.110400
vt 0.406100 0.118500
vt 0.116400 0.262100
vt 0.123300 0.256200
vt 0.135900 0.272900
vt 0.129900 0.279100
vt 0.303000 0.179900
vt 0.304800 0.163200
vt 0.292800 0.165400
vt 0.300400 0.199600
vt 0.293200 0.245200
vt 0.296600 0.224200
vt 0.374800 0.179300
vt 0.371600 0.172100
vt 0.378800 0.168300
vt 0.381600 0.174900
vt 0.290600 0.265600
vt 0.285500 0.284600
vt 0.381600 0.201100
vt 0.390800 0.197000
vt 0.399700 0.220000
vt 0.409000 0.245400
vt 0.417600 0.267600
vt 0.426000 0.287300
vt 0.440000 0.321000
vt 0.433000 0.304700
vt 0.451100 0.296000
vt 0.459700 0.311500
vt 0.452200 0.348500
vt 0.446400 0.335700
vt 0.466700 0.328400
vt 0.474800 0.340600
vt 0.461500 0.369900
vt 0.457700 0.359900
vt 0.481100 0.351900
vt 0.486700 0.362600
vt 0.470700 0.395100
vt 0.468900 0.389900
vt 0.479200 0.434200
vt 0.478300 0.427600
vt 0.489300 0.479400
vt 0.485600 0.459400
vt 0.281300 0.300700
vt 0.277700 0.314900
vt 0.274300 0.328300
vt 0.270800 0.340900
vt 0.264400 0.362000
vt 0.260900 0.371000
vt 0.258900 0.375600
vt 0.280200 0.381600
vt 0.278600 0.385800
vt 0.422700 0.452900
vt 0.424000 0.467300
vt 0.230000 0.430100
vt 0.221900 0.442200
vt 0.568500 0.108600
vt 0.572700 0.125500
vt 0.572000 0.090100
vt 0.555900 0.088000
vt 0.534900 0.085500
vt 0.485800 0.073200
vt 0.479600 0.083000
vt 0.534800 0.341100
vt 0.510700 0.352300
vt 0.491400 0.372700
vt 0.574900 0.073100
vt 0.575400 0.069700
vt 0.583700 0.109700
vt 0.602500 0.117400
vt 0.419400 0.407200
vt 0.440900 0.400900
vt 0.443900 0.406100
vt 0.420500 0.412600
vt 0.397400 0.411300
vt 0.397600 0.416200
vt 0.422000 0.445300
vt 0.451800 0.440500
vt 0.453100 0.449900
vt 0.396500 0.446500
vt 0.455800 0.026500
vt 0.469200 0.047000
vt 0.463900 0.049400
vt 0.450300 0.025900
vt 0.435600 0.373000
vt 0.414000 0.382000
vt 0.395800 0.386100
vt 0.466700 0.287200
vt 0.245800 0.218700
vt 0.212700 0.295500
vt 0.193200 0.276900
vt 0.280400 0.232900
vt 0.455100 0.465100
vt 0.081000 0.260300
vt 0.087400 0.253100
vt 0.091900 0.260000
vt 0.085300 0.265900
vt 0.095600 0.279900
vt 0.102300 0.273400
vt 0.125000 0.225100
vt 0.119600 0.219400
vt 0.191000 0.133300
vt 0.187400 0.130500
vt 0.165500 0.378100
vt 0.157100 0.387300
vt 0.248700 0.339500
vt 0.228500 0.324600
vt 0.294400 0.327100
vt 0.291400 0.340100
vt 0.288500 0.351900
vt 0.300900 0.296700
vt 0.297600 0.312500
vt 0.257700 0.431000
vt 0.251100 0.443200
vt 0.243600 0.456000
vt 0.304100 0.278000
vt 0.321200 0.379300
vt 0.303500 0.372200
vt 0.285700 0.362900
vt 0.283100 0.372700
vt 0.376400 0.387400
vt 0.358100 0.386700
vt 0.211400 0.122100
vt 0.203200 0.115000
vt 0.638600 0.373200
vt 0.586500 0.320400
vt 0.596300 0.328900
vt 0.566300 0.301800
vt 0.576500 0.311500
vt 0.557000 0.325500
vt 0.613000 0.139700
vt 0.625100 0.151100
vt 0.561900 0.160500
vt 0.566600 0.142000
vt 0.533600 0.392600
vt 0.504400 0.403900
vt 0.500000 0.392900
vt 0.527300 0.382700
vt 0.555400 0.368000
vt 0.553000 0.362700
vt 0.187100 0.288600
vt 0.207200 0.307500
vt 0.142500 0.355200
vt 0.646700 0.152400
vt 0.640200 0.183400
vt 0.639600 0.201800
vt 0.653700 0.212200
vt 0.557700 0.187600
vt 0.550800 0.199700
vt 0.497600 0.237500
vt 0.514600 0.253900
vt 0.480700 0.218900
vt 0.529400 0.268000
vt 0.543100 0.280200
vt 0.198800 0.112300
vt 0.117300 0.293800
vt 0.111100 0.300600
vt 0.527000 0.242000
vt 0.536300 0.230800
vt 0.134000 0.364000
vt 0.554800 0.291500
vt 0.724400 0.269700
vt 0.734700 0.239300
vt 0.712900 0.293500
vt 0.570000 0.473600
vt 0.535800 0.489700
vt 0.600700 0.332800
vt 0.613000 0.345700
vt 0.604900 0.337300
vt 0.629300 0.324100
vt 0.635100 0.329800
vt 0.643300 0.309100
vt 0.655100 0.314900
vt 0.744900 0.204800
vt 0.748900 0.168500
vt 0.204700 0.374000
vt 0.225600 0.389100
vt 0.604100 0.306800
vt 0.371700 0.445700
vt 0.348700 0.443400
vt 0.263400 0.419800
vt 0.703100 0.340300
vt 0.713700 0.352400
vt 0.685500 0.335000
vt 0.671100 0.353000
vt 0.286000 0.424500
vt 0.306700 0.432300
vt 0.265800 0.414700
vt 0.633900 0.366300
vt 0.722600 0.237700
vt 0.731800 0.202400
vt 0.629800 0.360500
vt 0.603800 0.377900
vt 0.570200 0.395100
vt 0.629400 0.245300
vt 0.621300 0.266300
vt 0.518600 0.068800
vt 0.520200 0.065700
vt 0.542300 0.068200
vt 0.541200 0.071400
vt 0.735000 0.167000
vt 0.516000 0.431600
vt 0.547100 0.415700
vt 0.729300 0.166200
vt 0.718100 0.165800
vt 0.706900 0.197700
vt 0.690200 0.229300
vt 0.680600 0.226300
vt 0.680400 0.200900
vt 0.704400 0.164200
vt 0.692000 0.158900
vt 0.684500 0.160500
vt 0.660200 0.346400
vt 0.624900 0.355600
vt 0.677100 0.327100
vt 0.701500 0.312000
vt 0.691800 0.309900
vt 0.218600 0.348200
vt 0.239400 0.363000
vt 0.237600 0.367200
vt 0.216700 0.352400
vt 0.376100 0.412200
vt 0.375900 0.416900
vt 0.355600 0.411700
vt 0.354400 0.417000
vt 0.297200 0.395000
vt 0.316100 0.403000
vt 0.314900 0.407500
vt 0.295700 0.399800
vt 0.276700 0.390500
vt 0.272600 0.399500
vt 0.268300 0.409400
vt 0.581900 0.351900
vt 0.577400 0.346900
vt 0.701100 0.289400
vt 0.737300 0.129100
vt 0.753400 0.130000
vt 0.667300 0.298700
vt 0.655000 0.291600
vt 0.675200 0.280500
vt 0.666500 0.273300
vt 0.612600 0.117800
vt 0.620300 0.123900
vt 0.636700 0.085200
vt 0.639100 0.097900
vt 0.641000 0.132400
vt 0.652800 0.132200
vt 0.673700 0.127800
vt 0.220800 0.106400
vt 0.673800 0.064600
vt 0.672500 0.053200
vt 0.680300 0.049800
vt 0.681900 0.059900
vt 0.681400 0.126500
vt 0.686000 0.126700
vt 0.701800 0.128400
vt 0.716100 0.128100
vt 0.755300 0.132400
vt 0.775800 0.134400
vt 0.726000 0.051800
vt 0.722000 0.039900
vt 0.731700 0.130400
vt 0.175200 0.258600
vt 0.169200 0.269600
vt 0.135700 0.315500
vt 0.129400 0.323200
vt 0.231100 0.148900
vt 0.221100 0.133500
vt 0.243800 0.163900
vt 0.338500 0.384400
vt 0.356900 0.191700
vt 0.327700 0.438500
vt 0.334800 0.408700
vt 0.334100 0.413300
vt 0.487300 0.152900
vt 0.493100 0.139800
vt 0.497800 0.124600
vt 0.462200 0.199600
vt 0.428700 0.162800
vt 0.445100 0.180300
vt 0.402200 0.143000
vt 0.414700 0.149900
vt 0.400700 0.030000
vt 0.407600 0.039200
vt 0.218900 0.084400
vt 0.399800 0.192300
vt 0.393300 0.176400
vt 0.409900 0.213800
vt 0.419900 0.207100
vt 0.711600 0.266400
vt 0.108200 0.232500
vt 0.112700 0.238300
vt 0.110300 0.241000
vt 0.105900 0.235000
vt 0.126100 0.253400
vt 0.543000 0.216800
vt 0.636000 0.223500
vt 0.481300 0.441600
vt 0.685500 0.257300
vt 0.673200 0.251400
vt 0.100400 0.240600
vt 0.105000 0.246800
vt 0.386600 0.165700
vt 0.465100 0.379800
vt 0.472600 0.400300
vt 0.474700 0.411600
vt 0.503500 0.505100
vt 0.267600 0.351900
vt 0.257200 0.379900
vt 0.253300 0.388600
vt 0.586100 0.079900
vt 0.598300 0.085400
vt 0.246300 0.402700
vt 0.488700 0.069100
vt 0.512000 0.081500
vt 0.138600 0.269900
vt 0.155300 0.289900
vt 0.152800 0.293400
vt 0.147400 0.300500
vt 0.174800 0.310100
vt 0.172600 0.314700
vt 0.168400 0.323000
vt 0.196700 0.330800
vt 0.194800 0.334900
vt 0.248800 0.397700
vt 0.684100 0.075900
vt 0.700000 0.072300
vt 0.640400 0.106800
vt 0.653300 0.097600
vt 0.499100 0.056900
vt 0.496900 0.059500
vt 0.728700 0.075400
vt 0.734500 0.076600
vt 0.749400 0.083600
vt 0.761200 0.086500
vt 0.671700 0.086200
vt 0.626000 0.107400
vt 0.611900 0.093300
vt 0.516600 0.072300
vt 0.539400 0.075200
vt 0.471500 0.025500
vt 0.483400 0.039600
vt 0.480100 0.040800
vt 0.467800 0.025200
vt 0.574100 0.077700
vt 0.561400 0.069000
vt 0.560600 0.072100
vt 0.773100 0.086800
vt 0.715000 0.068700
vt 0.663600 0.092600
vt 0.185400 0.351200
vt 0.190500 0.342700
vt 0.182700 0.355400
vt 0.573200 0.082300
vt 0.558000 0.080300
vt 0.559200 0.076200
vt 0.537600 0.079000
vt 0.464500 0.025900
vt 0.477000 0.042500
vt 0.473900 0.044100
vt 0.460700 0.026200
vt 0.584800 0.091400
vt 0.585600 0.084300
vt 0.598400 0.089800
vt 0.599400 0.104500
vt 0.494500 0.062200
vt 0.514700 0.075600
vt 0.492100 0.064700
vt 0.675800 0.109000
vt 0.688800 0.090700
vt 0.701600 0.088600
vt 0.706200 0.107300
vt 0.638100 0.115400
vt 0.640200 0.111800
vt 0.654100 0.108600
vt 0.652900 0.116300
vt 0.719300 0.107800
vt 0.719400 0.091300
vt 0.737900 0.094300
vt 0.738300 0.114600
vt 0.749500 0.105200
vt 0.749200 0.093600
vt 0.761800 0.097800
vt 0.761300 0.108800
vt 0.675300 0.110800
vt 0.670500 0.098600
vt 0.623300 0.114100
vt 0.626400 0.110200
vt 0.611700 0.103500
vt 0.611100 0.109400
vt 0.774100 0.097700
vt 0.776400 0.107000
vt 0.716800 0.090300
vt 0.716600 0.106600
vt 0.663700 0.103800
vt 0.668900 0.114800
vt 0.575000 0.597500
vt 0.715900 0.471600
vt 0.497100 0.525900
vt 0.508200 0.524400
vt 0.590400 0.631100
vt 0.657700 0.564200
vt 0.483700 0.526900
vt 0.487600 0.525900
vt 0.638400 0.621700
vt 0.717500 0.468300
vt 0.471900 0.533400
vt 0.474500 0.530400
vt 0.477200 0.529100
vt 0.479900 0.527800
vt 0.401700 0.134800
vt 0.225400 0.084000
vt 0.426500 0.012200
vt 0.413300 0.015000
vt 0.393200 0.161800
vt 0.306300 0.150500
vt 0.444900 0.014200
vt 0.439400 0.013200
vt 0.351200 0.173400
vt 0.221400 0.082700
vt 0.463700 0.018300
vt 0.458200 0.016800
vt 0.454200 0.016200
vt 0.449800 0.015100
vt 0.860400 0.499700
vt 0.859700 0.507900
vt 0.857400 0.522500
vt 0.853000 0.543000
vt 0.848000 0.569600
vt 0.843300 0.598700
vt 0.835500 0.627800
vt 0.886300 0.554300
vt 0.890100 0.526700
vt 0.895500 0.510100
vt 0.895100 0.500700
vt 0.880700 0.585300
vt 0.875700 0.615900
vt 0.924300 0.511300
vt 0.924600 0.518200
vt 0.916000 0.515600
vt 0.916700 0.508900
vt 0.923700 0.537100
vt 0.915700 0.534500
vt 0.921800 0.563600
vt 0.912500 0.561600
vt 0.918800 0.594100
vt 0.908700 0.592700
vt 0.064700 0.268700
vt 0.073400 0.265100
vt 0.078000 0.270100
vt 0.069500 0.274000
vt 0.080600 0.290000
vt 0.088300 0.285200
vt 0.103900 0.307200
vt 0.095900 0.312800
vt 0.122000 0.331700
vt 0.114000 0.338700
vt 0.105500 0.270300
vt 0.108600 0.267100
vt 0.123800 0.286000
vt 0.120300 0.290400
vt 0.091200 0.250000
vt 0.094400 0.246900
vt 0.098800 0.252500
vt 0.095300 0.256900
vt 0.141800 0.308000
vt 0.138900 0.311700
vt 0.163300 0.330500
vt 0.160400 0.333900
vt 0.120000 0.231000
vt 0.114700 0.224900
vt 0.116200 0.235700
vt 0.110600 0.229900
vt 0.133000 0.244500
vt 0.128600 0.250700
vt 0.146600 0.259700
vt 0.141700 0.266600
vt 0.162700 0.279300
vt 0.157800 0.286600
vt 0.181900 0.298400
vt 0.177400 0.306400
vt 0.202800 0.317700
vt 0.198700 0.326800
s 0
usemtl short02
f 1/1/1 2/2/1 3/3/1 4/4/1
f 5/5/2 6/6/2 7/7/2 8/8/2
f 9/9/3 10/10/3 11/11/3 12/12/3
f 13/13/4 14/14/4 15/15/4 16/16/4
f 17/17/5 18/18/5 19/19/5 20/20/5
f 21/21/6 22/22/6 23/23/6 24/24/6
f 25/25/7 26/26/7 27/27/7 28/28/7
f 29/29/8 30/30/8 6/6/8 5/5/8
f 31/31/9 32/32/9 33/33/9 34/34/9
f 35/35/10 36/36/10 37/37/10 38/38/10
f 39/39/11 40/40/11 41/41/11 42/42/11
f 43/43/12 44/44/12 45/45/12 46/46/12
f 1433/47/13 5/5/13 8/8/13 1430/48/13
f 49/49/14 50/50/14 51/51/14 52/52/14
f 53/53/15 54/54/15 55/55/15 56/56/15
f 57/57/16 58/58/16 44/44/16 43/43/16
f 1409/59/17 1433/47/17 47/60/17 59/61/17
f 1379/62/18 1394/63/18 60/64/18 61/65/18
f 62/66/19 63/67/19 64/68/19 65/69/19
f 66/70/20 67/71/20 68/72/20 69/73/20
f 70/74/21 71/75/21 72/76/21 73/77/21
f 74/78/22 75/79/22 76/80/22 77/81/22
f 78/82/23 79/83/23 80/84/23 81/85/23
f 82/86/24 83/87/24 84/88/24 85/89/24
f 86/90/25 87/91/25 88/92/25 89/93/25
f 90/94/26 91/95/26 92/96/26 93/97/26
f 94/98/27 95/99/27 96/100/27 97/101/27
f 98/102/28 99/103/28 100/104/28 101/105/28
f 102/106/29 103/107/29 104/108/29 105/109/29
f 106/110/30 107/111/30 108/112/30 109/113/30
f 110/114/31 111/115/31 112/116/31 113/117/31
f 114/118/32 115/119/32 116/120/32 117/121/32
f 118/122/33 119/123/33 120/124/33 121/125/33
f 122/126/34 123/127/34 124/128/34 125/129/34
f 126/130/35 127/131/35 128/132/35 129/133/35
f 130/134/36 131/135/36 132/136/36 133/137/36
f 134/138/37 135/139/37 136/140/37 137/141/37
f 138/142/38 139/143/38 140/144/38 141/145/38
f 142/146/39 143/147/39 144/148/39 145/149/39
f 146/150/40 147/151/40 148/152/40 149/153/40
f 150/154/41 151/155/41 152/156/41 153/157/41
f 154/158/42 155/159/42 156/160/42 157/161/42
f 158/162/43 159/163/43 160/164/43 161/165/43
f 162/166/44 12/12/44 11/11/44 163/167/44
f 164/168/45 165/169/45 166/170/45 167/171/45
f 168/172/46 4/4/46 3/3/46 169/173/46
f 170/174/47 171/175/47 172/176/47 173/177/47
f 174/178/48 10/10/48 175/179/48 176/180/48
f 46/46/49 45/45/49 177/181/49 178/182/49
f 179/183/50 180/184/50 181/185/50 182/186/50
f 183/187/51 184/188/51 185/189/51 186/190/51
f 187/191/52 188/192/52 189/193/52 190/194/52
f 191/195/53 192/196/53 193/197/53 194/198/53
f 195/199/54 56/56/54 55/55/54 196/200/54
f 197/201/55 198/202/55 166/170/55 165/169/55
f 199/203/56 200/204/56 201/205/56 202/206/56
f 1416/207/57 105/109/57 204/208/57 1420/209/57
f 1410/210/58 1416/207/58 203/211/58 206/212/58
f 1418/213/59 1431/214/59 207/215/59 208/216/59
f 1421/217/60 1417/218/60 209/219/60 210/220/60
f 211/221/61 212/222/61 213/223/61 214/224/61
f 215/225/62 216/226/62 217/227/62 218/228/62
f 1438/229/63 1435/230/63 221/231/63 222/232/63
f 223/233/64 224/234/64 225/235/64 226/236/64
f 227/237/65 228/238/65 229/239/65 230/240/65
f 231/241/66 232/242/66 233/243/66 234/244/66
f 1404/245/67 235/246/67 236/247/67 1373/248/67
f 237/249/68 238/250/68 239/251/68 240/252/68
f 241/253/69 242/254/69 243/255/69 244/256/69
f 245/257/70 246/258/70 247/259/70 248/260/70
f 249/261/71 250/262/71 225/235/71 224/234/71
f 251/263/72 252/264/72 253/265/72 254/266/72
f 255/267/73 52/52/73 51/51/73 256/268/73
f 257/269/74 258/270/74 259/271/74 260/272/74
f 261/273/75 262/274/75 263/275/75 264/276/75
f 265/277/76 266/278/76 267/279/76 268/280/76
f 269/281/77 270/282/77 239/251/77 271/283/77
f 1385/284/78 272/285/78 235/246/78 1404/245/78
f 1400/286/79 1398/287/79 273/288/79 274/289/79
f 275/290/80 276/291/80 277/292/80 278/293/80
f 279/294/81 280/295/81 281/296/81 282/297/81
f 283/298/82 180/184/82 284/299/82 285/300/82
f 286/301/83 287/302/83 288/303/83 289/304/83
f 290/305/84 291/306/84 292/307/84 293/308/84
f 294/309/85 295/310/85 296/311/85 297/312/85
f 298/313/86 299/314/86 300/315/86 301/316/86
f 302/317/87 303/318/87 304/319/87 305/320/87
f 306/321/88 307/322/88 308/323/88 309/324/88
f 310/325/89 311/326/89 292/307/89 291/306/89
f 312/327/90 271/283/90 239/251/90 238/250/90
f 313/328/91 314/329/91 315/330/91 316/331/91
f 317/332/92 318/333/92 319/334/92 320/335/92
f 3/3/93 2/2/93 321/336/93 322/337/93
f 323/338/94 324/339/94 325/340/94 326/341/94
f 327/342/95 328/343/95 329/344/95 330/345/95
f 331/346/96 332/347/96 333/348/96 334/349/96
f 335/350/97 336/351/97 337/352/97 338/353/97
f 339/354/98 340/355/98 341/356/98 342/357/98
f 343/358/99 344/359/99 345/360/99 346/361/99
f 333/348/100 347/362/100 343/358/100 346/361/100
f 348/363/101 349/364/101 341/356/101 340/355/101
f 1412/365/102 1414/366/102 352/367/102 353/368/102
f 354/369/103 355/370/103 356/371/103 357/372/103
f 358/373/104 347/362/104 333/348/104 332/347/104
f 359/374/105 360/375/105 337/352/105 336/351/105
f 1439/376/106 278/293/106 138/142/106 1421/217/106
f 362/377/107 363/378/107 364/379/107 365/380/107
f 366/381/108 367/382/108 368/383/108 369/384/108
f 370/385/109 371/386/109 372/387/109 373/388/109
f 374/389/110 375/390/110 376/391/110 377/392/110
f 1445/393/111 1439/376/111 361/394/111 378/395/111
f 379/396/112 380/397/112 381/398/112 382/399/112
f 1399/400/113 383/401/113 384/402/113 1376/403/113
f 1389/404/114 385/405/114 383/401/114 1399/400/114
f 1410/210/115 206/212/115 221/231/115 1435/230/115
f 1405/406/116 1397/407/116 388/408/116 389/409/116
f 390/410/117 391/411/117 218/228/117 217/227/117
f 392/412/118 393/413/118 394/414/118 395/415/118
f 1427/416/119 1428/417/119 396/418/119 397/419/119
f 1432/420/120 1436/421/120 400/422/120 401/423/120
f 1413/424/121 1422/425/121 391/411/121 390/410/121
f 1391/426/122 1392/427/122 404/428/122 405/429/122
f 1395/430/123 1390/431/123 406/432/123 407/433/123
f 1393/434/124 1406/435/124 403/436/124 402/437/124
f 1377/438/125 1403/439/125 410/440/125 411/441/125
f 1403/439/126 221/231/126 206/212/126 1373/248/126
f 1405/406/127 1374/442/127 352/367/127 386/443/127
f 1438/229/128 222/232/128 387/444/128 1426/445/128
f 1382/446/129 1386/447/129 416/448/129 417/449/129
f 1419/450/130 1423/451/130 416/448/130 420/452/130
f 1391/426/131 1372/453/131 422/454/131 397/419/131
f 40/40/132 423/455/132 424/456/132 41/41/132
f 395/415/133 423/455/133 40/40/133 392/412/133
f 322/337/134 419/457/134 169/173/134 3/3/134
f 425/458/135 202/206/135 201/205/135 426/459/135
f 427/460/136 428/461/136 429/462/136 430/463/136
f 431/464/137 432/465/137 433/466/137 434/467/137
f 435/468/138 436/469/138 437/470/138 438/471/138
f 439/472/139 440/473/139 441/474/139 442/475/139
f 1377/438/140 411/441/140 388/408/140 1397/407/140
f 443/476/141 444/477/141 445/478/141 446/479/141
f 447/480/142 448/481/142 449/482/142 450/483/142
f 451/484/143 446/479/143 445/478/143 452/485/143
f 331/346/144 334/349/144 177/181/144 45/45/144
f 335/350/145 338/353/145 44/44/145 58/58/145
f 339/354/146 342/357/146 453/486/146 454/487/146
f 217/227/147 434/467/147 455/488/147 390/410/147
f 1413/424/148 1429/489/148 456/490/148 402/437/148
f 1393/434/149 1396/491/149 457/492/149 408/493/149
f 1537/494/150 1539/495/150 460/496/150 461/497/150
f 1400/286/151 1384/498/151 463/499/151 208/216/151
f 1420/209/152 1437/500/152 463/499/152 205/501/152
f 110/114/153 464/502/153 465/503/153 111/115/153
f 1388/504/154 1402/505/154 467/506/154 468/507/154
f 469/508/155 97/101/155 96/100/155 470/509/155
f 1430/48/156 1443/510/156 466/511/156 48/512/156
f 7/7/157 472/513/157 471/514/157 8/8/157
f 473/515/158 42/42/158 41/41/158 472/513/158
f 474/516/159 475/517/159 476/518/159 477/519/159
f 478/520/160 479/521/160 480/522/160 481/523/160
f 482/524/161 483/525/161 484/526/161 485/527/161
f 486/528/162 176/180/162 175/179/162 487/529/162
f 488/530/163 289/304/163 288/303/163 489/531/163
f 490/532/164 234/244/164 233/243/164 491/533/164
f 492/534/165 89/93/165 88/92/165 493/535/165
f 494/536/166 109/113/166 108/112/166 495/537/166
f 496/538/167 101/105/167 100/104/167 497/539/167
f 498/540/168 499/541/168 500/542/168 497/539/168
f 248/260/169 247/259/169 501/543/169 502/544/169
f 503/545/170 93/97/170 92/96/170 504/546/170
f 505/547/171 1/1/171 4/4/171 506/548/171
f 1659/549/172 1648/550/172 507/551/172 508/552/172
f 1660/553/173 1659/549/173 508/552/173 509/554/173
f 1434/555/174 1425/556/174 322/337/174 321/336/174
f 50/50/175 511/557/175 512/558/175 51/51/175
f 484/526/176 483/525/176 511/557/176 50/50/176
f 513/559/177 175/179/177 10/10/177 9/9/177
f 514/560/178 13/13/178 16/16/178 515/561/178
f 506/548/179 173/177/179 516/562/179 505/547/179
f 173/177/180 172/176/180 517/563/180 516/562/180
f 32/32/181 518/564/181 519/565/181 33/33/181
f 136/140/182 520/566/182 518/564/182 32/32/182
f 301/316/183 300/315/183 18/18/183 17/17/183
f 18/18/184 502/544/184 521/567/184 19/19/184
f 300/315/185 248/260/185 502/544/185 18/18/185
f 67/71/186 25/25/186 28/28/186 68/72/186
f 148/152/187 145/149/187 25/25/187 67/71/187
f 145/149/188 144/148/188 26/26/188 25/25/188
f 1674/568/189 1401/569/189 510/570/189 1664/571/189
f 26/26/190 525/572/190 526/573/190 27/27/190
f 144/148/191 527/574/191 525/572/191 26/26/191
f 137/141/192 136/140/192 32/32/192 31/31/192
f 6/6/193 35/35/193 38/38/193 7/7/193
f 30/30/194 157/161/194 35/35/194 6/6/194
f 157/161/195 156/160/195 36/36/195 35/35/195
f 528/575/196 39/39/196 42/42/196 476/518/196
f 193/197/197 192/196/197 39/39/197 528/575/197
f 192/196/198 392/412/198 40/40/198 39/39/198
f 453/486/199 58/58/199 57/57/199 529/576/199
f 1401/569/200 1382/446/200 417/449/200 510/570/200
f 54/54/201 49/49/201 52/52/201 55/55/201
f 480/522/202 479/521/202 49/49/202 54/54/202
f 479/521/203 484/526/203 50/50/203 49/49/203
f 528/575/204 53/53/204 56/56/204 193/197/204
f 476/518/205 475/517/205 53/53/205 528/575/205
f 475/517/206 480/522/206 54/54/206 53/53/206
f 178/182/207 177/181/207 530/577/207 531/578/207
f 1394/63/208 47/60/208 48/512/208 1388/504/208
f 105/109/209 104/108/209 532/579/209 204/208/209
f 501/543/210 62/66/210 65/69/210 533/580/210
f 247/259/211 153/157/211 62/66/211 501/543/211
f 153/157/212 152/156/212 63/67/212 62/66/212
f 36/36/213 66/70/213 69/73/213 37/37/213
f 156/160/214 149/153/214 66/70/214 36/36/214
f 149/153/215 148/152/215 67/71/215 66/70/215
f 367/382/216 70/74/216 73/77/216 368/383/216
f 120/124/217 117/121/217 70/74/217 367/382/217
f 117/121/218 116/120/218 71/75/218 70/74/218
f 1555/581/219 1553/582/219 536/583/219 537/584/219
f 1550/585/220 458/586/220 536/583/220 1553/582/220
f 343/358/221 77/81/221 539/587/221 344/359/221
f 77/81/222 76/80/222 540/588/222 539/587/222
f 347/362/223 74/78/223 77/81/223 343/358/223
f 358/373/224 81/85/224 74/78/224 347/362/224
f 81/85/225 80/84/225 75/79/225 74/78/225
f 360/375/226 78/82/226 81/85/226 358/373/226
f 359/374/227 85/89/227 78/82/227 360/375/227
f 85/89/228 84/88/228 79/83/228 78/82/228
f 349/364/229 82/86/229 85/89/229 359/374/229
f 348/363/230 541/589/230 82/86/230 349/364/230
f 541/589/231 542/590/231 83/87/231 82/86/231
f 95/99/232 86/90/232 89/93/232 96/100/232
f 57/57/233 43/43/233 86/90/233 95/99/233
f 43/43/234 46/46/234 87/91/234 86/90/234
f 200/204/235 90/94/235 93/97/235 201/205/235
f 23/23/236 543/591/236 90/94/236 200/204/236
f 543/591/237 544/592/237 91/95/237 90/94/237
f 104/108/238 94/98/238 97/101/238 532/579/238
f 103/107/239 529/576/239 94/98/239 104/108/239
f 529/576/240 57/57/240 95/99/240 94/98/240
f 107/111/241 545/593/241 546/594/241 108/112/241
f 113/117/242 112/116/242 276/291/242 275/290/242
f 87/91/243 106/110/243 109/113/243 88/92/243
f 46/46/244 178/182/244 106/110/244 87/91/244
f 178/182/245 531/578/245 107/111/245 106/110/245
f 141/145/246 140/144/246 30/30/246 29/29/246
f 119/123/247 114/118/247 117/121/247 120/124/247
f 547/595/248 548/596/248 114/118/248 119/123/248
f 548/596/249 549/597/249 115/119/249 114/118/249
f 127/131/250 118/122/250 121/125/250 128/132/250
f 550/598/251 551/599/251 118/122/251 127/131/251
f 551/599/252 547/595/252 119/123/252 118/122/252
f 252/264/253 122/126/253 125/129/253 253/265/253
f 552/600/254 553/601/254 122/126/254 252/264/254
f 553/601/255 554/602/255 123/127/255 122/126/255
f 112/116/256 126/130/256 129/133/256 276/291/256
f 111/115/257 555/603/257 126/130/257 112/116/257
f 555/603/258 550/598/258 127/131/258 126/130/258
f 115/119/259 556/604/259 557/605/259 116/120/259
f 549/597/260 558/606/260 556/604/260 115/119/260
f 559/607/261 500/542/261 131/135/261 130/134/261
f 143/147/262 560/608/262 527/574/262 144/148/262
f 72/76/263 561/609/263 560/608/263 143/147/263
f 365/380/264 364/379/264 135/139/264 134/138/264
f 562/610/265 351/611/265 541/589/265 348/363/265
f 147/151/266 142/146/266 145/149/266 148/152/266
f 368/383/267 73/77/267 142/146/267 147/151/267
f 73/77/268 72/76/268 143/147/268 142/146/268
f 155/159/269 146/150/269 149/153/269 156/160/269
f 376/391/270 369/384/270 146/150/270 155/159/270
f 369/384/271 368/383/271 147/151/271 146/150/271
f 246/258/272 150/154/272 153/157/272 247/259/272
f 356/371/273 373/388/273 150/154/273 246/258/273
f 373/388/274 372/387/274 151/155/274 150/154/274
f 140/144/275 154/158/275 157/161/275 30/30/275
f 139/143/276 377/392/276 154/158/276 140/144/276
f 377/392/277 376/391/277 155/159/277 154/158/277
f 258/270/278 158/162/278 161/165/278 259/271/278
f 563/612/279 264/276/279 158/162/279 258/270/279
f 264/276/280 263/275/280 159/163/280 158/162/280
f 564/613/281 162/166/281 163/167/281 565/614/281
f 566/615/282 256/268/282 567/616/282 568/617/282
f 256/268/283 51/51/283 512/558/283 567/616/283
f 569/618/284 164/168/284 167/171/284 570/619/284
f 172/176/285 171/175/285 164/168/285 569/618/285
f 171/175/286 185/189/286 165/169/286 164/168/286
f 188/192/287 168/172/287 169/173/287 189/193/287
f 571/620/288 572/621/288 168/172/288 188/192/288
f 572/621/289 506/548/289 4/4/289 168/172/289
f 572/621/290 170/174/290 173/177/290 506/548/290
f 571/620/291 186/190/291 170/174/291 572/621/291
f 186/190/292 185/189/292 171/175/292 170/174/292
f 573/622/293 174/178/293 176/180/293 574/623/293
f 307/322/294 575/624/294 174/178/294 573/622/294
f 575/624/295 11/11/295 10/10/295 174/178/295
f 576/625/296 577/626/296 531/578/296 530/577/296
f 22/22/297 578/627/297 543/591/297 23/23/297
f 167/171/298 579/628/298 580/629/298 570/619/298
f 166/170/299 581/630/299 579/628/299 167/171/299
f 582/631/300 284/299/300 180/184/300 179/183/300
f 583/632/301 183/187/301 186/190/301 571/620/301
f 584/633/302 430/463/302 183/187/302 583/632/302
f 430/463/303 429/462/303 184/188/303 183/187/303
f 432/465/304 187/191/304 190/194/304 433/466/304
f 584/633/305 583/632/305 187/191/305 432/465/305
f 583/632/306 571/620/306 188/192/306 187/191/306
f 585/634/307 191/195/307 194/198/307 586/635/307
f 587/636/308 393/413/308 191/195/308 585/634/308
f 393/413/309 392/412/309 192/196/309 191/195/309
f 588/637/310 195/199/310 196/200/310 589/638/310
f 586/635/311 194/198/311 195/199/311 588/637/311
f 194/198/312 193/197/312 56/56/312 195/199/312
f 184/188/313 197/201/313 165/169/313 185/189/313
f 429/462/314 438/471/314 197/201/314 184/188/314
f 438/471/315 437/470/315 198/202/315 197/201/315
f 24/24/316 23/23/316 200/204/316 199/203/316
f 351/611/317 350/639/317 542/590/317 541/589/317
f 1431/214/318 113/117/318 275/290/318 1445/393/318
f 1417/218/319 141/145/319 29/29/319 1409/59/319
f 1550/585/320 1548/640/320 459/641/320 458/586/320
f 591/642/321 211/221/321 214/224/321 592/643/321
f 586/635/322 588/637/322 211/221/322 591/642/322
f 588/637/323 589/638/323 212/222/323 211/221/323
f 585/634/324 215/225/324 218/228/324 587/636/324
f 586/635/325 591/642/325 215/225/325 585/634/325
f 591/642/326 592/643/326 216/226/326 215/225/326
f 578/627/327 593/644/327 544/592/327 543/591/327
f 212/222/328 223/233/328 226/236/328 213/223/328
f 589/638/329 594/645/329 223/233/329 212/222/329
f 594/645/330 566/615/330 224/234/330 223/233/330
f 595/646/331 227/237/331 230/240/331 596/647/331
f 597/648/332 442/475/332 227/237/332 595/646/332
f 442/475/333 441/474/333 228/238/333 227/237/333
f 598/649/334 231/241/334 234/244/334 599/650/334
f 160/164/335 159/163/335 231/241/335 598/649/335
f 159/163/336 263/275/336 232/242/336 231/241/336
f 600/651/337 237/249/337 240/252/337 565/614/337
f 601/652/338 602/653/338 237/249/338 600/651/338
f 602/653/339 603/654/339 238/250/339 237/249/339
f 604/655/340 241/253/340 244/256/340 605/656/340
f 596/647/341 230/240/341 241/253/341 604/655/341
f 230/240/342 229/239/342 242/254/342 241/253/342
f 295/310/343 199/203/343 202/206/343 296/311/343
f 357/372/344 356/371/344 246/258/344 245/257/344
f 568/617/345 249/261/345 224/234/345 566/615/345
f 564/613/346 606/657/346 249/261/346 568/617/346
f 606/657/347 270/282/347 250/262/347 249/261/347
f 299/314/348 245/257/348 248/260/348 300/315/348
f 381/398/349 357/372/349 245/257/349 299/314/349
f 607/658/350 552/600/350 252/264/350 251/263/350
f 594/645/351 255/267/351 256/268/351 566/615/351
f 589/638/352 196/200/352 255/267/352 594/645/352
f 196/200/353 55/55/353 52/52/353 255/267/353
f 608/659/354 257/269/354 260/272/354 609/660/354
f 610/661/355 611/662/355 257/269/355 608/659/355
f 611/662/356 563/612/356 258/270/356 257/269/356
f 303/318/357 251/263/357 254/266/357 304/319/357
f 612/663/358 607/658/358 251/263/358 303/318/358
f 613/664/359 261/273/359 264/276/359 563/612/359
f 604/655/360 279/294/360 282/297/360 596/647/360
f 614/665/361 309/324/361 261/273/361 613/664/361
f 309/324/362 308/323/362 262/274/362 261/273/362
f 444/477/363 269/281/363 271/283/363 445/478/363
f 437/470/364 436/469/364 615/666/364 616/667/364
f 436/469/365 225/235/365 250/262/365 615/666/365
f 1398/287/366 207/215/366 378/395/366 1376/403/366
f 278/293/367 277/292/367 139/143/367 138/142/367
f 617/668/368 618/669/368 619/670/368 620/671/368
f 605/656/369 621/672/369 279/294/369 604/655/369
f 232/242/370 286/301/370 289/304/370 233/243/370
f 621/672/371 622/673/371 280/295/371 279/294/371
f 623/674/372 283/298/372 285/300/372 624/675/372
f 625/676/373 626/677/373 283/298/373 623/674/373
f 626/677/374 181/185/374 180/184/374 283/298/374
f 263/275/375 262/274/375 286/301/375 232/242/375
f 563/612/376 611/662/376 290/305/376 613/664/376
f 262/274/377 308/323/377 287/302/377 286/301/377
f 613/664/378 290/305/378 293/308/378 614/665/378
f 611/662/379 610/661/379 291/306/379 290/305/379
f 627/678/380 310/325/380 291/306/380 610/661/380
f 99/103/381 628/679/381 629/680/381 100/104/381
f 135/139/382 630/681/382 520/566/382 136/140/382
f 364/379/383 631/682/383 630/681/383 135/139/383
f 382/399/384 381/398/384 299/314/384 298/313/384
f 131/135/385 632/683/385 633/684/385 132/136/385
f 500/542/386 499/541/386 632/683/386 131/135/386
f 634/685/387 612/663/387 303/318/387 302/317/387
f 601/652/388 306/321/388 309/324/388 614/665/388
f 565/614/389 163/167/389 635/686/389 600/651/389
f 163/167/390 11/11/390 575/624/390 635/686/390
f 597/648/391 450/483/391 310/325/391 627/678/391
f 621/672/392 605/656/392 636/687/392 637/688/392
f 450/483/393 449/482/393 311/326/393 310/325/393
f 638/689/394 312/327/394 238/250/394 603/654/394
f 639/690/395 452/485/395 312/327/395 638/689/395
f 452/485/396 445/478/396 271/283/396 312/327/396
f 14/14/397 313/328/397 316/331/397 15/15/397
f 172/176/398 569/618/398 640/691/398 517/563/398
f 569/618/399 570/619/399 641/692/399 640/691/399
f 314/329/400 642/693/400 643/694/400 315/330/400
f 570/619/401 580/629/401 644/695/401 641/692/401
f 182/186/402 181/185/402 645/696/402 646/697/402
f 1415/698/403 1426/445/403 387/444/403 386/443/403
f 318/333/404 647/699/404 648/700/404 319/334/404
f 181/185/405 626/677/405 649/701/405 645/696/405
f 625/676/406 622/673/406 650/702/406 651/703/406
f 266/278/407 327/342/407 330/345/407 267/279/407
f 605/656/408 244/256/408 652/704/408 636/687/408
f 244/256/409 243/255/409 653/705/409 652/704/409
f 324/339/410 265/277/410 268/280/410 325/340/410
f 622/673/411 621/672/411 637/688/411 650/702/411
f 654/706/412 346/361/412 345/360/412 655/707/412
f 1548/640/413 1547/708/413 657/709/413 459/641/413
f 334/349/414 333/348/414 346/361/414 654/706/414
f 338/353/415 337/352/415 332/347/415 331/346/415
f 342/357/416 341/356/416 336/351/416 335/350/416
f 219/710/417 413/711/417 340/355/417 339/354/417
f 341/356/418 349/364/418 359/374/418 336/351/418
f 562/610/419 348/363/419 340/355/419 413/711/419
f 254/266/420 253/265/420 355/370/420 354/369/420
f 337/352/421 360/375/421 358/373/421 332/347/421
f 103/107/422 102/106/422 220/712/422 454/487/422
f 1414/366/423 1415/698/423 386/443/423 352/367/423
f 71/75/424 658/713/424 561/609/424 72/76/424
f 116/120/425 557/605/425 658/713/425 71/75/425
f 133/137/426 132/136/426 363/378/426 362/377/426
f 375/390/427 366/381/427 369/384/427 376/391/427
f 128/132/428 121/125/428 366/381/428 375/390/428
f 121/125/429 120/124/429 367/382/429 366/381/429
f 355/370/430 370/385/430 373/388/430 356/371/430
f 253/265/431 125/129/431 370/385/431 355/370/431
f 125/129/432 124/128/432 371/386/432 370/385/432
f 277/292/433 374/389/433 377/392/433 139/143/433
f 276/291/434 129/133/434 374/389/434 277/292/434
f 129/133/435 128/132/435 375/390/435 374/389/435
f 1379/62/436 1387/714/436 209/219/436 59/61/436
f 380/397/437 354/369/437 357/372/437 381/398/437
f 304/319/438 254/266/438 354/369/438 380/397/438
f 363/378/439 660/715/439 631/682/439 364/379/439
f 132/136/440 633/684/440 660/715/440 363/378/440
f 305/320/441 304/319/441 380/397/441 379/396/441
f 1387/714/442 1389/404/442 210/220/442 209/219/442
f 433/466/443 190/194/443 399/716/443 398/717/443
f 190/194/444 189/193/444 418/718/444 399/716/444
f 391/411/445 661/719/445 587/636/445 218/228/445
f 393/413/446 587/636/446 661/719/446 394/414/446
f 1428/417/447 1444/720/447 662/721/447 396/418/447
f 1436/421/448 1419/450/448 420/452/448 400/422/448
f 1422/425/449 1444/720/449 661/719/449 391/411/449
f 1392/427/450 1407/722/450 663/723/450 404/428/450
f 1390/431/451 1380/724/451 664/725/451 406/432/451
f 1406/435/452 1407/722/452 662/721/452 403/436/452
f 1374/442/453 1375/726/453 353/368/453 352/367/453
f 1386/447/454 1380/724/454 420/452/454 416/448/454
f 1423/451/455 1425/556/455 417/449/455 416/448/455
f 1372/453/456 1408/727/456 667/728/456 422/454/456
f 1424/729/457 1411/730/457 422/454/457 667/728/457
f 1411/730/458 1427/416/458 397/419/458 422/454/458
f 419/457/459 418/718/459 189/193/459 169/173/459
f 454/487/460 453/486/460 529/576/460 103/107/460
f 595/646/461 447/480/461 450/483/461 597/648/461
f 1531/731/462 668/732/462 669/733/462 1533/734/462
f 1521/735/463 1533/734/463 669/733/463 461/497/463
f 670/736/464 427/460/464 430/463/464 584/633/464
f 592/643/465 214/224/465 427/460/465 670/736/465
f 214/224/466 213/223/466 428/461/466 427/460/466
f 216/226/467 431/464/467 434/467/467 217/227/467
f 592/643/468 670/736/468 431/464/468 216/226/468
f 670/736/469 584/633/469 432/465/469 431/464/469
f 428/461/470 435/468/470 438/471/470 429/462/470
f 213/223/471 226/236/471 435/468/471 428/461/471
f 226/236/472 225/235/472 436/469/472 435/468/472
f 627/678/473 439/472/473 442/475/473 597/648/473
f 610/661/474 608/659/474 439/472/474 627/678/474
f 608/659/475 609/660/475 440/473/475 439/472/475
f 582/631/476 443/476/476 446/479/476 284/299/476
f 166/170/477 198/202/477 671/737/477 581/630/477
f 198/202/478 437/470/478 616/667/478 671/737/478
f 596/647/479 282/297/479 447/480/479 595/646/479
f 533/580/480 491/533/480 488/530/480 521/567/480
f 282/297/481 281/296/481 448/481/481 447/480/481
f 672/738/482 451/484/482 452/485/482 639/690/482
f 624/675/483 285/300/483 451/484/483 672/738/483
f 285/300/484 284/299/484 446/479/484 451/484/484
f 654/706/485 655/707/485 576/625/485 530/577/485
f 1535/739/486 1543/740/486 669/733/486 668/732/486
f 177/181/487 334/349/487 654/706/487 530/577/487
f 44/44/488 338/353/488 331/346/488 45/45/488
f 453/486/489 342/357/489 335/350/489 58/58/489
f 219/710/490 339/354/490 454/487/490 220/712/490
f 434/467/491 433/466/491 398/717/491 455/488/491
f 1429/489/492 1432/420/492 401/423/492 456/490/492
f 1396/491/493 1395/430/493 407/433/493 457/492/493
f 1384/498/494 1385/284/494 205/501/494 463/499/494
f 1437/500/495 1418/213/495 208/216/495 463/499/495
f 464/502/496 204/208/496 532/579/496 465/503/496
f 555/603/497 469/508/497 470/509/497 550/598/497
f 111/115/498 465/503/498 469/508/498 555/603/498
f 465/503/499 532/579/499 97/101/499 469/508/499
f 1402/505/500 1408/727/500 666/741/500 467/506/500
f 1443/510/501 1424/729/501 667/728/501 466/511/501
f 472/513/502 41/41/502 424/456/502 471/514/502
f 38/38/503 473/515/503 472/513/503 7/7/503
f 37/37/504 477/519/504 473/515/504 38/38/504
f 477/519/505 476/518/505 42/42/505 473/515/505
f 69/73/506 474/516/506 477/519/506 37/37/506
f 68/72/507 481/523/507 474/516/507 69/73/507
f 481/523/508 480/522/508 475/517/508 474/516/508
f 28/28/509 478/520/509 481/523/509 68/72/509
f 27/27/510 485/527/510 478/520/510 28/28/510
f 485/527/511 484/526/511 479/521/511 478/520/511
f 526/573/512 482/524/512 485/527/512 27/27/512
f 34/34/513 673/742/513 482/524/513 526/573/513
f 673/742/514 513/559/514 483/525/514 482/524/514
f 519/565/515 486/528/515 487/529/515 33/33/515
f 20/20/516 674/743/516 486/528/516 519/565/516
f 674/743/517 574/623/517 176/180/517 486/528/517
f 521/567/518 488/530/518 489/531/518 19/19/518
f 491/533/519 233/243/519 289/304/519 488/530/519
f 607/658/520 425/458/520 426/459/520 552/600/520
f 65/69/521 490/532/521 491/533/521 533/580/521
f 64/68/522 675/744/522 490/532/522 65/69/522
f 675/744/523 599/650/523 234/244/523 490/532/523
f 551/599/524 492/534/524 493/535/524 547/595/524
f 550/598/525 470/509/525 492/534/525 551/599/525
f 470/509/526 96/100/526 89/93/526 492/534/526
f 548/596/527 494/536/527 495/537/527 549/597/527
f 547/595/528 493/535/528 494/536/528 548/596/528
f 493/535/529 88/92/529 109/113/529 494/536/529
f 559/607/530 496/538/530 497/539/530 500/542/530
f 549/597/531 495/537/531 676/745/531 558/606/531
f 495/537/532 108/112/532 546/594/532 676/745/532
f 629/680/533 498/540/533 497/539/533 100/104/533
f 297/312/534 677/746/534 498/540/534 629/680/534
f 677/746/535 634/685/535 499/541/535 498/540/535
f 1604/747/536 1597/748/536 14/14/536 13/13/536
f 612/663/537 680/749/537 425/458/537 607/658/537
f 680/749/538 296/311/538 202/206/538 425/458/538
f 553/601/539 503/545/539 504/546/539 554/602/539
f 552/600/540 426/459/540 503/545/540 553/601/540
f 426/459/541 201/205/541 93/97/541 503/545/541
f 1675/750/542 1434/555/542 321/336/542 1651/751/542
f 511/557/543 9/9/543 12/12/543 512/558/543
f 525/572/544 31/31/544 34/34/544 526/573/544
f 1537/494/545 461/497/545 669/733/545 1543/740/545
f 545/593/546 98/102/546 101/105/546 546/594/546
f 556/604/547 130/134/547 133/137/547 557/605/547
f 560/608/548 134/138/548 137/141/548 527/574/548
f 567/616/549 512/558/549 12/12/549 162/166/549
f 579/628/550 179/183/550 182/186/550 580/629/550
f 615/666/551 250/262/551 270/282/551 269/281/551
f 642/693/552 317/332/552 320/335/552 643/694/552
f 1525/752/553 1521/735/553 461/497/553 460/496/553
f 1525/752/554 460/496/554 682/753/554 1529/754/554
f 658/713/555 362/377/555 365/380/555 561/609/555
f 671/737/556 616/667/556 444/477/556 443/476/556
f 676/745/557 546/594/557 101/105/557 496/538/557
f 483/525/558 513/559/558 9/9/558 511/557/558
f 527/574/559 137/141/559 31/31/559 525/572/559
f 558/606/560 559/607/560 130/134/560 556/604/560
f 561/609/561 365/380/561 134/138/561 560/608/561
f 568/617/562 567/616/562 162/166/562 564/613/562
f 581/630/563 582/631/563 179/183/563 579/628/563
f 565/614/564 240/252/564 606/657/564 564/613/564
f 240/252/565 239/251/565 270/282/565 606/657/565
f 616/667/566 615/666/566 269/281/566 444/477/566
f 580/629/567 182/186/567 646/697/567 644/695/567
f 1539/495/568 1541/755/568 682/753/568 460/496/568
f 1527/756/569 1529/754/569 682/753/569 683/757/569
f 557/605/570 133/137/570 362/377/570 658/713/570
f 581/630/571 671/737/571 443/476/571 582/631/571
f 33/33/572 487/529/572 673/742/572 34/34/572
f 487/529/573 175/179/573 513/559/573 673/742/573
f 558/606/574 676/745/574 496/538/574 559/607/574
f 518/564/575 17/17/575 20/20/575 519/565/575
f 628/679/576 294/309/576 297/312/576 629/680/576
f 630/681/577 298/313/577 301/316/577 520/566/577
f 632/683/578 302/317/578 305/320/578 633/684/578
f 635/686/579 575/624/579 307/322/579 306/321/579
f 647/699/580 323/338/580 326/341/580 648/700/580
f 1541/755/581 1545/758/581 683/757/581 682/753/581
f 1523/759/582 1527/756/582 683/757/582 684/760/582
f 660/715/583 379/396/583 382/399/583 631/682/583
f 520/566/584 301/316/584 17/17/584 518/564/584
f 287/302/585 573/622/585 574/623/585 288/303/585
f 308/323/586 307/322/586 573/622/586 287/302/586
f 614/665/587 293/308/587 602/653/587 601/652/587
f 293/308/588 292/307/588 603/654/588 602/653/588
f 280/295/589 623/674/589 624/675/589 281/296/589
f 622/673/590 625/676/590 623/674/590 280/295/590
f 631/682/591 382/399/591 298/313/591 630/681/591
f 499/541/592 634/685/592 302/317/592 632/683/592
f 600/651/593 635/686/593 306/321/593 601/652/593
f 311/326/594 638/689/594 603/654/594 292/307/594
f 449/482/595 639/690/595 638/689/595 311/326/595
f 626/677/596 625/676/596 651/703/596 649/701/596
f 633/684/597 305/320/597 379/396/597 660/715/597
f 448/481/598 672/738/598 639/690/598 449/482/598
f 281/296/599 624/675/599 672/738/599 448/481/599
f 19/19/600 489/531/600 674/743/600 20/20/600
f 489/531/601 288/303/601 574/623/601 674/743/601
f 296/311/602 680/749/602 677/746/602 297/312/602
f 680/749/603 612/663/603 634/685/603 677/746/603
f 1625/761/604 1607/762/604 323/338/604 647/699/604
f 1599/763/605 1606/764/605 317/332/605 642/693/605
f 1440/765/606 1442/766/606 617/668/606 620/671/606
f 1600/767/607 1595/768/607 265/277/607 324/339/607
f 1593/769/608 1598/770/608 327/342/608 266/278/608
f 1617/771/609 1625/761/609 647/699/609 318/333/609
f 1608/772/610 1599/763/610 642/693/610 314/329/610
f 1597/748/611 1610/773/611 313/328/611 14/14/611
f 1623/774/612 1601/775/612 618/669/612 617/668/612
f 1381/776/613 1378/777/613 690/778/613 689/779/613
f 1624/780/614 1604/747/614 13/13/614 514/560/614
f 700/781/615 619/670/615 618/669/615 701/782/615
f 515/561/616 700/781/616 701/782/616 514/560/616
f 1598/770/617 1630/783/617 328/343/617 327/342/617
f 1607/762/618 1600/767/618 324/339/618 323/338/618
f 1606/764/619 1617/771/619 318/333/619 317/332/619
f 1610/773/620 1608/772/620 314/329/620 313/328/620
f 1595/768/621 1593/769/621 266/278/621 265/277/621
f 502/544/622 501/543/622 533/580/622 521/567/622
f 295/310/623 294/309/623 703/784/623 704/785/623
f 294/309/624 628/679/624 684/760/624 703/784/624
f 199/203/625 295/310/625 704/785/625 24/24/625
f 531/578/626 577/626/626 545/593/626 107/111/626
f 1624/780/627 1613/786/627 508/552/627 507/551/627
f 1613/786/628 1601/775/628 509/554/628 508/552/628
f 1631/787/629 1383/788/629 524/789/629 1629/790/629
f 1649/791/630 1637/792/630 679/793/630 678/794/630
f 1632/795/631 1441/796/631 681/797/631 1623/774/631
f 1661/798/632 1671/799/632 686/800/632 685/801/632
f 1672/802/633 1635/803/633 688/804/633 687/805/633
f 1669/806/634 1645/807/634 692/808/634 691/809/634
f 1647/810/635 1665/811/635 694/812/635 693/813/635
f 1670/814/636 1661/798/636 685/801/636 695/815/636
f 1666/816/637 1672/802/637 687/805/637 696/817/637
f 1637/792/638 1663/818/638 697/819/638 679/793/638
f 1651/751/639 1660/553/639 509/554/639 681/797/639
f 1648/550/640 1649/791/640 678/794/640 507/551/640
f 1665/811/641 1640/820/641 702/821/641 694/812/641
f 1671/799/642 1669/806/642 691/809/642 686/800/642
f 1635/803/643 1670/814/643 695/815/643 688/804/643
f 1663/818/644 1666/816/644 696/817/644 697/819/644
f 1645/807/645 1647/810/645 693/813/645 692/808/645
f 705/822/646 706/823/646 707/824/646 708/825/646
f 709/826/647 710/827/647 711/828/647 712/829/647
f 713/830/648 714/831/648 715/832/648 716/833/648
f 717/834/649 718/835/649 719/836/649 720/837/649
f 721/838/650 722/839/650 723/840/650 724/841/650
f 725/842/651 726/843/651 727/844/651 728/845/651
f 729/846/652 730/847/652 731/848/652 732/849/652
f 733/850/653 709/826/653 712/829/653 734/851/653
f 735/852/654 736/853/654 737/854/654 738/855/654
f 739/856/655 740/857/655 741/858/655 742/859/655
f 743/860/656 744/861/656 745/862/656 746/863/656
f 747/864/657 748/865/657 749/866/657 750/867/657
f 1449/868/658 1474/869/658 710/827/658 709/826/658
f 753/870/659 754/871/659 755/872/659 756/873/659
f 757/874/660 758/875/660 759/876/660 760/877/660
f 761/878/661 747/864/661 750/867/661 762/879/661
f 1472/880/662 763/881/662 751/882/662 1449/868/662
f 1505/883/663 764/884/663 765/885/663 1493/886/663
f 766/887/664 767/888/664 64/889/664 63/890/664
f 768/891/665 769/892/665 770/893/665 771/894/665
f 772/895/666 773/896/666 774/897/666 775/898/666
f 776/899/667 777/900/667 778/901/667 779/902/667
f 780/903/668 781/904/668 782/905/668 783/906/668
f 784/907/669 785/908/669 786/909/669 787/910/669
f 788/911/670 789/912/670 790/913/670 791/914/670
f 792/915/671 793/916/671 92/917/671 91/918/671
f 794/919/672 795/920/672 796/921/672 797/922/672
f 798/923/673 799/924/673 800/925/673 801/926/673
f 802/927/674 803/928/674 804/929/674 805/930/674
f 806/931/675 807/932/675 808/933/675 809/934/675
f 810/935/676 811/936/676 812/937/676 813/938/676
f 814/939/677 815/940/677 816/941/677 817/942/677
f 818/943/678 819/944/678 820/945/678 821/946/678
f 822/947/679 823/948/679 124/949/679 123/950/679
f 824/951/680 825/952/680 826/953/680 827/954/680
f 828/955/681 829/956/681 830/957/681 831/958/681
f 832/959/682 833/960/682 834/961/682 835/962/682
f 836/963/683 837/964/683 838/965/683 839/966/683
f 840/967/684 841/968/684 842/969/684 843/970/684
f 844/971/685 845/972/685 846/973/685 847/974/685
f 848/975/686 849/976/686 152/977/686 151/978/686
f 850/979/687 851/980/687 852/981/687 853/982/687
f 854/983/688 161/984/688 160/985/688 855/986/688
f 856/987/689 857/988/689 715/832/689 714/831/689
f 858/989/690 859/990/690 860/991/690 861/992/690
f 862/993/691 863/994/691 707/824/691 706/823/691
f 864/995/692 865/996/692 866/997/692 867/998/692
f 1739/999/693 1740/1000/693 870/1001/693 716/833/693
f 748/865/694 871/1002/694 872/1003/694 749/866/694
f 873/1004/695 874/1005/695 875/1006/695 876/1007/695
f 877/1008/696 878/1009/696 879/1010/696 880/1011/696
f 881/1012/697 882/1013/697 883/1014/697 884/1015/697
f 885/1016/698 886/1017/698 887/1018/698 888/1019/698
f 889/1020/699 890/1021/699 759/876/699 758/875/699
f 891/1022/700 861/992/700 860/991/700 892/1023/700
f 893/1024/701 894/1025/701 895/1026/701 896/1027/701
f 1476/1028/702 1477/1029/702 899/1030/702 803/928/702
f 1481/1031/703 900/1032/703 897/1033/703 1476/1028/703
f 1455/1034/704 901/1035/704 902/1036/704 1447/1037/704
f 1452/1038/705 903/1039/705 904/1040/705 1450/1041/705
f 905/1042/706 906/1043/706 907/1044/706 908/1045/706
f 909/1046/707 910/1047/707 911/1048/707 912/1049/707
f 1453/1050/708 914/1051/708 915/1052/708 1475/1053/708
f 917/1054/709 918/1055/709 919/1056/709 920/1057/709
f 921/1058/710 922/1059/710 229/1060/710 228/1061/710
f 923/1062/711 924/1063/711 925/1064/711 926/1065/711
f 1496/1066/712 1499/1067/712 927/1068/712 928/1069/712
f 1729/1070/713 930/1071/713 931/1072/713 1737/1073/713
f 933/1074/714 934/1075/714 243/1076/714 242/1077/714
f 935/1078/715 936/1079/715 937/1080/715 938/1081/715
f 939/1082/716 920/1057/716 919/1056/716 940/1083/716
f 941/1084/717 942/1085/717 943/1086/717 944/1087/717
f 945/1088/718 946/1089/718 755/872/718 754/871/718
f 947/1090/719 260/1091/719 259/1092/719 948/1093/719
f 949/1094/720 950/1095/720 951/1096/720 952/1097/720
f 953/1098/721 954/1099/721 955/1100/721 956/1101/721
f 957/1102/722 958/1103/722 931/1072/722 959/1104/722
f 1516/1105/723 1496/1066/723 928/1069/723 960/1106/723
f 1485/1107/724 961/1108/724 962/1109/724 1484/1110/724
f 963/1111/725 964/1112/725 965/1113/725 966/1114/725
f 1708/1115/726 1678/1116/726 969/1117/726 970/1118/726
f 1728/1119/727 1727/1120/727 973/1121/727 876/1007/727
f 1682/1122/728 1683/1123/728 976/1124/728 977/1125/728
f 1704/1126/729 979/1127/729 980/1128/729 1701/1129/729
f 982/1130/730 983/1131/730 984/1132/730 985/1133/730
f 986/1134/731 987/1135/731 988/1136/731 989/1137/731
f 990/1138/732 991/1139/732 992/1140/732 993/1141/732
f 994/1142/733 995/1143/733 996/1144/733 997/1145/733
f 1699/1146/734 1701/1129/734 980/1128/734 999/1147/734
f 1720/1148/735 1737/1073/735 931/1072/735 958/1103/735
f 1001/1149/736 1002/1150/736 1003/1151/736 1004/1152/736
f 1005/1153/737 1006/1154/737 1007/1155/737 1008/1156/737
f 707/824/738 1009/1157/738 1010/1158/738 708/825/738
f 1011/1159/739 1012/1160/739 1013/1161/739 1014/1162/739
f 1015/1163/740 1016/1164/740 329/1165/740 328/1166/740
f 1017/1167/741 1018/1168/741 1019/1169/741 1020/1170/741
f 1021/1171/742 1022/1172/742 1023/1173/742 1024/1174/742
f 1025/1175/743 1026/1176/743 1027/1177/743 1028/1178/743
f 1029/1179/744 1030/1180/744 1031/1181/744 1032/1182/744
f 1019/1169/745 1030/1180/745 1029/1179/745 1033/1183/745
f 1034/1184/746 1028/1178/746 1027/1177/746 1035/1185/746
f 1469/1186/747 1037/1187/747 1038/1188/747 1463/1189/747
f 1040/1190/748 1041/1191/748 1042/1192/748 1043/1193/748
f 1044/1194/749 1020/1170/749 1019/1169/749 1033/1183/749
f 1045/1195/750 1024/1174/750 1023/1173/750 1046/1196/750
f 1460/1197/751 1452/1038/751 836/963/751 964/1112/751
f 1048/1198/752 1049/1199/752 1050/1200/752 1051/1201/752
f 1052/1202/753 1053/1203/753 1054/1204/753 1055/1205/753
f 1056/1206/754 1057/1207/754 372/1208/754 371/1209/754
f 1058/1210/755 1059/1211/755 1060/1212/755 1061/1213/755
f 1471/1214/756 1062/1215/756 1047/1216/756 1460/1197/756
f 1063/1217/757 1064/1218/757 1065/1219/757 1066/1220/757
f 1518/1221/758 1497/1222/758 1067/1223/758 1068/1224/758
f 1500/1225/759 1518/1221/759 1068/1224/759 1069/1226/759
f 1481/1031/760 1475/1053/760 915/1052/760 900/1032/760
f 1510/1227/761 1071/1228/761 1072/1229/761 1506/1230/761
f 1074/1231/762 911/1048/762 910/1047/762 1075/1232/762
f 1076/1233/763 1077/1234/763 1078/1235/763 1079/1236/763
f 1466/1237/764 1080/1238/764 1081/1239/764 1468/1240/764
f 1448/1241/765 1083/1242/765 1084/1243/765 1451/1244/765
f 1464/1245/766 1074/1231/766 1075/1232/766 1465/1246/766
f 1490/1247/767 1088/1248/767 1089/1249/767 1488/1250/767
f 1486/1251/768 1090/1252/768 1091/1253/768 1483/1254/768
f 1511/1255/769 1086/1256/769 1087/1257/769 1512/1258/769
f 1495/1259/770 1094/1260/770 1095/1261/770 1501/1262/770
f 1501/1262/771 1499/1067/771 900/1032/771 915/1052/771
f 1510/1227/772 1070/1263/772 1038/1188/772 1494/1264/772
f 1453/1050/773 1470/1265/773 1073/1266/773 914/1051/773
f 1491/1267/774 1099/1268/774 1100/1269/774 1489/1270/774
f 1461/1271/775 1103/1272/775 1100/1269/775 1458/1273/775
f 1490/1247/776 1080/1238/776 1105/1274/776 1503/1275/776
f 746/863/777 745/862/777 1107/1276/777 1108/1277/777
f 1077/1234/778 1076/1233/778 746/863/778 1108/1277/778
f 1009/1157/779 707/824/779 863/994/779 1104/1278/779
f 1109/1279/780 1110/1280/780 895/1026/780 894/1025/780
f 1111/1281/781 1112/1282/781 1113/1283/781 1114/1284/781
f 1115/1285/782 1116/1286/782 1117/1287/782 1118/1288/782
f 1119/1289/783 1120/1290/783 1121/1291/783 1122/1292/783
f 1123/1293/784 1124/1294/784 441/1295/784 440/1296/784
f 1495/1259/785 1506/1230/785 1072/1229/785 1094/1260/785
f 1125/1297/786 1126/1298/786 1127/1299/786 1128/1300/786
f 1698/1301/787 1696/1302/787 1131/1303/787 1132/1304/787
f 1731/1305/788 1733/1306/788 1127/1299/788 1126/1298/788
f 1017/1167/789 749/866/789 872/1003/789 1018/1168/789
f 1021/1171/790 762/879/790 750/867/790 1022/1172/790
f 1025/1175/791 1135/1307/791 1136/1308/791 1026/1176/791
f 911/1048/792 1074/1231/792 1137/1309/792 1116/1286/792
f 1464/1245/793 1086/1256/793 1138/1310/793 1454/1311/793
f 1511/1255/794 1092/1312/794 1139/1313/794 1487/1314/794
f 1569/1315/795 1141/1316/795 1142/1317/795 1570/1318/795
f 1485/1107/796 901/1035/796 1144/1319/796 1519/1320/796
f 1477/1029/797 898/1321/797 1144/1319/797 1482/1322/797
f 810/935/798 813/938/798 1147/1323/798 1146/1324/798
f 1502/1325/799 1148/1326/799 1149/1327/799 1514/1328/799
f 1151/1329/800 1152/1330/800 796/921/800 795/920/800
f 1474/869/801 752/1331/801 1150/1332/801 1479/1333/801
f 711/828/802 710/827/802 1153/1334/802 1154/1335/802
f 1155/1336/803 1154/1335/803 745/862/803 744/861/803
f 1156/1337/804 1157/1338/804 1158/1339/804 1159/1340/804
f 1160/1341/805 1161/1342/805 1162/1343/805 1163/1344/805
f 1164/1345/806 1165/1346/806 1166/1347/806 1167/1348/806
f 1736/1349/807 1169/1350/807 870/1001/807 1740/1000/807
f 1693/1351/808 1171/1352/808 976/1124/808 1683/1123/808
f 1172/1353/809 1173/1354/809 925/1064/809 924/1063/809
f 1174/1355/810 1175/1356/810 790/913/810 789/912/810
f 1176/1357/811 1177/1358/811 808/933/811 807/932/811
f 1178/1359/812 1179/1360/812 800/925/812 799/924/812
f 1738/1361/813 1179/1360/813 1181/1362/813 1730/1363/813
f 936/1079/814 1183/1364/814 1184/1365/814 937/1080/814
f 1185/1366/815 504/1367/815 92/917/815 793/916/815
f 1186/1368/816 1187/1369/816 706/823/816 705/822/816
f 1646/1370/817 1186/1368/817 705/822/817 1657/1371/817
f 1657/1371/818 705/822/818 708/825/818 1655/1372/818
f 1478/1373/819 1010/1158/819 1009/1157/819 1467/1374/819
f 756/873/820 755/872/820 1192/1375/820 1193/1376/820
f 1166/1347/821 756/873/821 1193/1376/821 1167/1348/821
f 1194/1377/822 713/830/822 716/833/822 870/1001/822
f 1195/1378/823 1196/1379/823 718/835/823 717/834/823
f 1187/1369/824 1186/1368/824 1197/1380/824 865/996/824
f 865/996/825 1197/1380/825 1198/1381/825 866/997/825
f 1721/1382/826 1732/1383/826 1199/1384/826 1200/1385/826
f 1726/1386/827 1721/1382/827 1200/1385/827 1201/1387/827
f 987/1135/828 721/838/828 724/841/828 988/1136/828
f 1679/1388/829 1703/1389/829 1202/1390/829 1183/1364/829
f 1686/1391/830 1679/1388/830 1183/1364/830 936/1079/830
f 771/894/831 770/893/831 730/847/831 729/846/831
f 846/973/832 771/894/832 729/846/832 841/968/832
f 841/968/833 729/846/833 732/849/833 842/969/833
f 1677/1392/834 1668/1393/834 1191/1394/834 1513/1395/834
f 732/849/835 731/848/835 1206/1396/835 1207/1397/835
f 842/969/836 732/849/836 1207/1397/836 1208/1398/836
f 833/960/837 735/852/837 738/855/837 834/961/837
f 712/829/838 711/828/838 740/857/838 739/856/838
f 734/851/839 712/829/839 739/856/839 851/980/839
f 851/980/840 739/856/840 742/859/840 852/981/840
f 1209/1399/841 1158/1339/841 744/861/841 743/860/841
f 887/1018/842 1209/1399/842 743/860/842 888/1019/842
f 888/1019/843 743/860/843 746/863/843 1076/1233/843
f 1136/1308/844 1210/1400/844 761/878/844 762/879/844
f 1513/1395/845 1191/1394/845 1099/1268/845 1491/1267/845
f 760/877/846 759/876/846 754/871/846 753/870/846
f 1162/1343/847 760/877/847 753/870/847 1163/1344/847
f 1163/1344/848 753/870/848 756/873/848 1166/1347/848
f 1209/1399/849 887/1018/849 758/875/849 757/874/849
f 1158/1339/850 1209/1399/850 757/874/850 1159/1340/850
f 1159/1340/851 757/874/851 760/877/851 1162/1343/851
f 871/1002/852 1211/1401/852 1212/1402/852 872/1003/852
f 1493/886/853 1502/1325/853 752/1331/853 751/882/853
f 803/928/854 899/1030/854 1213/1403/854 804/929/854
f 1184/1365/855 1214/1404/855 767/888/855 766/887/855
f 937/1080/856 1184/1365/856 766/887/856 849/976/856
f 849/976/857 766/887/857 63/890/857 152/977/857
f 742/859/858 741/858/858 769/892/858 768/891/858
f 852/981/859 742/859/859 768/891/859 845/972/859
f 845/972/860 768/891/860 771/894/860 846/973/860
f 1055/1205/861 1054/1204/861 773/896/861 772/895/861
f 820/945/862 1055/1205/862 772/895/862 815/940/862
f 815/940/863 772/895/863 775/898/863 816/941/863
f 1559/1405/864 1215/1406/864 1216/1407/864 1561/1408/864
f 1557/1409/865 1561/1408/865 1216/1407/865 1140/1410/865
f 1029/1179/866 1032/1182/866 1217/1411/866 777/900/866
f 777/900/867 1217/1411/867 1218/1412/867 778/901/867
f 1033/1183/868 1029/1179/868 777/900/868 776/899/868
f 1044/1194/869 1033/1183/869 776/899/869 781/904/869
f 781/904/870 776/899/870 779/902/870 782/905/870
f 1046/1196/871 1044/1194/871 781/904/871 780/903/871
f 1045/1195/872 1046/1196/872 780/903/872 785/908/872
f 785/908/873 780/903/873 783/906/873 786/909/873
f 1035/1185/874 1045/1195/874 785/908/874 784/907/874
f 1034/1184/875 1035/1185/875 784/907/875 1219/1413/875
f 1219/1413/876 784/907/876 787/910/876 1220/1414/876
f 797/922/877 796/921/877 789/912/877 788/911/877
f 761/878/878 797/922/878 788/911/878 747/864/878
f 747/864/879 788/911/879 791/914/879 748/865/879
f 896/1027/880 895/1026/880 793/916/880 792/915/880
f 727/844/881 896/1027/881 792/915/881 1221/1415/881
f 1221/1415/882 792/915/882 91/918/882 544/1416/882
f 804/929/883 1213/1403/883 795/920/883 794/919/883
f 805/930/884 804/929/884 794/919/884 1210/1400/884
f 1210/1400/885 794/919/885 797/922/885 761/878/885
f 809/934/886 808/933/886 1222/1417/886 1223/1418/886
f 811/936/887 963/1111/887 966/1114/887 812/937/887
f 791/914/888 790/913/888 807/932/888 806/931/888
f 748/865/889 791/914/889 806/931/889 871/1002/889
f 871/1002/890 806/931/890 809/934/890 1211/1401/890
f 837/964/891 733/850/891 734/851/891 838/965/891
f 821/946/892 820/945/892 815/940/892 814/939/892
f 1224/1419/893 821/946/893 814/939/893 1225/1420/893
f 1225/1420/894 814/939/894 817/942/894 1226/1421/894
f 827/954/895 826/953/895 819/944/895 818/943/895
f 1227/1422/896 827/954/896 818/943/896 1228/1423/896
f 1228/1423/897 818/943/897 821/946/897 1224/1419/897
f 944/1087/898 943/1086/898 823/948/898 822/947/898
f 1229/1424/899 944/1087/899 822/947/899 1230/1425/899
f 1230/1425/900 822/947/900 123/950/900 554/1426/900
f 812/937/901 966/1114/901 825/952/901 824/951/901
f 813/938/902 812/937/902 824/951/902 1231/1427/902
f 1231/1427/903 824/951/903 827/954/903 1227/1422/903
f 817/942/904 816/941/904 1232/1428/904 1233/1429/904
f 1226/1421/905 817/942/905 1233/1429/905 1234/1430/905
f 1235/1431/906 828/955/906 831/958/906 1181/1362/906
f 843/970/907 842/969/907 1208/1398/907 1236/1432/907
f 774/897/908 843/970/908 1236/1432/908 1237/1433/908
f 1049/1199/909 832/959/909 835/962/909 1050/1200/909
f 1238/1434/910 1034/1184/910 1219/1413/910 1039/1435/910
f 847/974/911 846/973/911 841/968/911 840/967/911
f 1054/1204/912 847/974/912 840/967/912 773/896/912
f 773/896/913 840/967/913 843/970/913 774/897/913
f 853/982/914 852/981/914 845/972/914 844/971/914
f 1060/1212/915 853/982/915 844/971/915 1053/1203/915
f 1053/1203/916 844/971/916 847/974/916 1054/1204/916
f 938/1081/917 937/1080/917 849/976/917 848/975/917
f 1042/1192/918 938/1081/918 848/975/918 1057/1207/918
f 1057/1207/919 848/975/919 151/978/919 372/1208/919
f 838/965/920 734/851/920 851/980/920 850/979/920
f 839/966/921 838/965/921 850/979/921 1059/1211/921
f 1059/1211/922 850/979/922 853/982/922 1060/1212/922
f 948/1093/923 259/1092/923 161/984/923 854/983/923
f 1239/1436/924 948/1093/924 854/983/924 950/1095/924
f 950/1095/925 854/983/925 855/986/925 951/1096/925
f 1240/1437/926 1241/1438/926 857/988/926 856/987/926
f 1242/1439/927 1243/1440/927 1244/1441/927 946/1089/927
f 946/1089/928 1244/1441/928 1192/1375/928 755/872/928
f 1245/1442/929 1246/1443/929 859/990/929 858/989/929
f 866/997/930 1245/1442/930 858/989/930 867/998/930
f 867/998/931 858/989/931 861/992/931 879/1010/931
f 884/1015/932 883/1014/932 863/994/932 862/993/932
f 1247/1444/933 884/1015/933 862/993/933 1248/1445/933
f 1248/1445/934 862/993/934 706/823/934 1187/1369/934
f 1248/1445/935 1187/1369/935 865/996/935 864/995/935
f 1247/1444/936 1248/1445/936 864/995/936 878/1009/936
f 878/1009/937 864/995/937 867/998/937 879/1010/937
f 1249/1446/938 1250/1447/938 869/1448/938 868/1449/938
f 997/1145/939 1249/1446/939 868/1449/939 1251/1450/939
f 1722/1451/940 1739/999/940 716/833/940 715/832/940
f 1252/1452/941 1212/1402/941 1211/1401/941 1253/1453/941
f 728/845/942 727/844/942 1221/1415/942 1254/1454/942
f 859/990/943 1246/1443/943 1255/1455/943 1256/1456/943
f 860/991/944 859/990/944 1256/1456/944 1257/1457/944
f 1258/1458/945 873/1004/945 876/1007/945 973/1121/945
f 1259/1459/946 1247/1444/946 878/1009/946 877/1008/946
f 1260/1460/947 1259/1459/947 877/1008/947 1112/1282/947
f 1112/1282/948 877/1008/948 880/1011/948 1113/1283/948
f 1118/1288/949 1117/1287/949 882/1013/949 881/1012/949
f 1260/1460/950 1118/1288/950 881/1012/950 1259/1459/950
f 1259/1459/951 881/1012/951 884/1015/951 1247/1444/951
f 1261/1461/952 1262/1462/952 886/1017/952 885/1016/952
f 1263/1463/953 1261/1461/953 885/1016/953 1079/1236/953
f 1079/1236/954 885/1016/954 888/1019/954 1076/1233/954
f 1264/1464/955 1265/1465/955 890/1021/955 889/1020/955
f 1262/1462/956 1264/1464/956 889/1020/956 886/1017/956
f 886/1017/957 889/1020/957 758/875/957 887/1018/957
f 880/1011/958 879/1010/958 861/992/958 891/1022/958
f 1113/1283/959 880/1011/959 891/1022/959 1120/1290/959
f 1120/1290/960 891/1022/960 892/1023/960 1121/1291/960
f 726/843/961 893/1024/961 896/1027/961 727/844/961
f 1039/1435/962 1219/1413/962 1220/1414/962 1036/1466/962
f 1447/1037/963 1471/1214/963 963/1111/963 811/936/963
f 1450/1041/964 1472/880/964 733/850/964 837/964/964
f 1557/1409/965 1140/1410/965 1143/1467/965 1565/1468/965
f 1266/1469/966 1267/1470/966 906/1043/966 905/1042/966
f 1262/1462/967 1266/1469/967 905/1042/967 1264/1464/967
f 1264/1464/968 905/1042/968 908/1045/968 1265/1465/968
f 1261/1461/969 1263/1463/969 910/1047/969 909/1046/969
f 1262/1462/970 1261/1461/970 909/1046/970 1266/1469/970
f 1266/1469/971 909/1046/971 912/1049/971 1267/1470/971
f 1254/1454/972 1221/1415/972 544/1416/972 593/1471/972
f 908/1045/973 907/1044/973 918/1055/973 917/1054/973
f 1265/1465/974 908/1045/974 917/1054/974 1268/1472/974
f 1268/1472/975 917/1054/975 920/1057/975 1242/1439/975
f 1269/1473/976 1270/1474/976 922/1059/976 921/1058/976
f 1271/1475/977 1269/1473/977 921/1058/977 1124/1294/977
f 1124/1294/978 921/1058/978 228/1061/978 441/1295/978
f 598/1476/979 599/1477/979 924/1063/979 923/1062/979
f 160/985/980 598/1476/980 923/1062/980 855/986/980
f 855/986/981 923/1062/981 926/1065/981 951/1096/981
f 1723/1478/982 1241/1438/982 930/1071/982 1729/1070/982
f 1273/1479/983 1272/1480/983 929/1481/983 1274/1482/983
f 1274/1482/984 929/1481/984 932/1483/984 1275/1484/984
f 1276/1485/985 1277/1486/985 934/1075/985 933/1074/985
f 1270/1474/986 1276/1485/986 933/1074/986 922/1059/986
f 922/1059/987 933/1074/987 242/1077/987 229/1060/987
f 1694/1487/988 1695/1488/988 894/1025/988 893/1024/988
f 1041/1191/989 935/1078/989 938/1081/989 1042/1192/989
f 1243/1440/990 1242/1439/990 920/1057/990 939/1082/990
f 1240/1437/991 1243/1440/991 939/1082/991 1278/1489/991
f 1278/1489/992 939/1082/992 940/1083/992 959/1104/992
f 1685/1490/993 1686/1391/993 936/1079/993 935/1078/993
f 1709/1491/994 1685/1490/994 935/1078/994 1041/1191/994
f 1279/1492/995 941/1084/995 944/1087/995 1229/1424/995
f 1268/1472/996 1242/1439/996 946/1089/996 945/1088/996
f 1265/1465/997 1268/1472/997 945/1088/997 890/1021/997
f 890/1021/998 945/1088/998 754/871/998 759/876/998
f 1280/1493/999 609/1494/999 260/1091/999 947/1090/999
f 1281/1495/1000 1280/1493/1000 947/1090/1000 1282/1496/1000
f 1282/1496/1001 947/1090/1001 948/1093/1001 1239/1436/1001
f 1705/1497/1002 1707/1498/1002 942/1085/1002 941/1084/1002
f 1702/1499/1003 1705/1497/1003 941/1084/1003 1279/1492/1003
f 1284/1500/1004 1239/1436/1004 950/1095/1004 949/1094/1004
f 1276/1485/1005 1270/1474/1005 968/1501/1005 967/1502/1005
f 1697/1503/1006 1284/1500/1006 949/1094/1006 1680/1504/1006
f 1680/1504/1007 949/1094/1007 952/1097/1007 1681/1505/1007
f 1128/1300/1008 1127/1299/1008 958/1103/1008 957/1102/1008
f 1121/1291/1009 1286/1506/1009 1287/1507/1009 1122/1292/1009
f 1122/1292/1010 1287/1507/1010 940/1083/1010 919/1056/1010
f 1484/1110/1011 1497/1222/1011 1062/1215/1011 902/1036/1011
f 964/1112/1012 836/963/1012 839/966/1012 965/1113/1012
f 1288/1508/1013 1289/1509/1013 1290/1510/1013 1291/1511/1013
f 1277/1486/1014 1276/1485/1014 967/1502/1014 1292/1512/1014
f 926/1065/1015 925/1064/1015 975/1513/1015 974/1514/1015
f 1687/1515/1016 1708/1115/1016 970/1118/1016 1293/1516/1016
f 1294/1517/1017 1295/1518/1017 972/1519/1017 971/1520/1017
f 1296/1521/1018 1294/1517/1018 971/1520/1018 1297/1522/1018
f 1718/1523/1019 1728/1119/1019 876/1007/1019 875/1006/1019
f 951/1096/1020 926/1065/1020 974/1514/1020 952/1097/1020
f 1239/1436/1021 1284/1500/1021 978/1524/1021 1282/1496/1021
f 1681/1505/1022 1682/1122/1022 977/1125/1022 996/1144/1022
f 1697/1503/1023 1285/1525/1023 979/1127/1023 1704/1126/1023
f 1282/1496/1024 978/1524/1024 981/1526/1024 1281/1495/1024
f 1298/1527/1025 1281/1495/1025 981/1526/1025 998/1528/1025
f 1743/1529/1026 1751/1530/1026 1299/1531/1026 1300/1532/1026
f 1744/1533/1027 1726/1386/1027 1201/1387/1027 1301/1534/1027
f 1747/1535/1028 1744/1533/1028 1301/1534/1028 1302/1536/1028
f 1064/1218/1029 986/1134/1029 989/1137/1029 1065/1219/1029
f 1749/1537/1030 1750/1538/1030 1303/1539/1030 1304/1540/1030
f 1730/1363/1031 1749/1537/1031 1304/1540/1031 1182/1541/1031
f 1305/1542/1032 990/1138/1032 993/1141/1032 1283/1543/1032
f 1273/1479/1033 1285/1525/1033 995/1143/1033 994/1142/1033
f 1723/1478/1034 1272/1480/1034 1306/1544/1034 1748/1545/1034
f 1748/1545/1035 1306/1544/1035 1251/1450/1035 1722/1451/1035
f 1271/1475/1036 1298/1527/1036 998/1528/1036 1130/1546/1036
f 1292/1512/1037 1307/1547/1037 1308/1548/1037 1277/1486/1037
f 1696/1302/1038 1699/1146/1038 999/1147/1038 1131/1303/1038
f 1309/1549/1039 1275/1484/1039 932/1483/1039 1000/1550/1039
f 1310/1551/1040 1309/1549/1040 1000/1550/1040 1134/1552/1040
f 1733/1306/1041 1720/1148/1041 958/1103/1041 1127/1299/1041
f 720/837/1042 719/836/1042 1002/1150/1042 1001/1149/1042
f 866/997/1043 1198/1381/1043 1311/1553/1043 1245/1442/1043
f 1245/1442/1044 1311/1553/1044 1312/1554/1044 1246/1443/1044
f 1004/1152/1045 1003/1151/1045 1313/1555/1045 1314/1556/1045
f 1246/1443/1046 1312/1554/1046 1315/1557/1046 1255/1455/1046
f 874/1005/1047 1316/1558/1047 1317/1559/1047 875/1006/1047
f 1459/1560/1048 1070/1263/1048 1073/1266/1048 1470/1265/1048
f 1753/1561/1049 1752/1562/1049 1318/1563/1049 1319/1564/1049
f 1718/1523/1050 1717/1565/1050 1320/1566/1050 1297/1522/1050
f 1296/1521/1051 1321/1567/1051 1322/1568/1051 1293/1516/1051
f 956/1101/1052 955/1100/1052 1016/1164/1052 1015/1163/1052
f 1277/1486/1053 1308/1548/1053 1323/1569/1053 934/1075/1053
f 934/1075/1054 1323/1569/1054 653/1570/1054 243/1076/1054
f 1688/1571/1055 1690/1572/1055 954/1099/1055 953/1098/1055
f 1687/1515/1056 1692/1573/1056 1307/1547/1056 1292/1512/1056
f 1324/1574/1057 1325/1575/1057 1031/1181/1057 1030/1180/1057
f 1565/1468/1058 1143/1467/1058 1326/1576/1058 1563/1577/1058
f 1018/1168/1059 1324/1574/1059 1030/1180/1059 1019/1169/1059
f 1022/1172/1060 1017/1167/1060 1020/1170/1060 1023/1173/1060
f 1026/1176/1061 1021/1171/1061 1024/1174/1061 1027/1177/1061
f 913/1578/1062 1025/1175/1062 1028/1178/1062 1097/1579/1062
f 1027/1177/1063 1024/1174/1063 1045/1195/1063 1035/1185/1063
f 1238/1434/1064 1097/1579/1064 1028/1178/1064 1034/1184/1064
f 942/1085/1065 1040/1190/1065 1043/1193/1065 943/1086/1065
f 1023/1173/1066 1020/1170/1066 1044/1194/1066 1046/1196/1066
f 805/930/1067 1135/1307/1067 916/1580/1067 802/927/1067
f 1463/1189/1068 1038/1188/1068 1070/1263/1068 1459/1560/1068
f 775/898/1069 774/897/1069 1237/1433/1069 1327/1581/1069
f 816/941/1070 775/898/1070 1327/1581/1070 1232/1428/1070
f 829/956/1071 1048/1198/1071 1051/1201/1071 830/957/1071
f 1061/1213/1072 1060/1212/1072 1053/1203/1072 1052/1202/1072
f 826/953/1073 1061/1213/1073 1052/1202/1073 819/944/1073
f 819/944/1074 1052/1202/1074 1055/1205/1074 820/945/1074
f 1043/1193/1075 1042/1192/1075 1057/1207/1075 1056/1206/1075
f 943/1086/1076 1043/1193/1076 1056/1206/1076 823/948/1076
f 823/948/1077 1056/1206/1077 371/1209/1077 124/949/1077
f 965/1113/1078 839/966/1078 1059/1211/1078 1058/1210/1078
f 966/1114/1079 965/1113/1079 1058/1210/1079 825/952/1079
f 825/952/1080 1058/1210/1080 1061/1213/1080 826/953/1080
f 1505/883/1081 763/881/1081 904/1040/1081 1509/1582/1081
f 1706/1583/1082 1709/1491/1082 1041/1191/1082 1040/1190/1082
f 1707/1498/1083 1706/1583/1083 1040/1190/1083 942/1085/1083
f 1719/1584/1084 1747/1535/1084 1302/1536/1084 1329/1585/1084
f 1750/1538/1085 1719/1584/1085 1329/1585/1085 1303/1539/1085
f 991/1139/1086 1063/1217/1086 1066/1220/1086 992/1140/1086
f 1509/1582/1087 904/1040/1087 903/1039/1087 1500/1225/1087
f 1117/1287/1088 1082/1586/1088 1085/1587/1088 882/1013/1088
f 882/1013/1089 1085/1587/1089 1102/1588/1089 883/1014/1089
f 1075/1232/1090 910/1047/1090 1263/1463/1090 1330/1589/1090
f 1079/1236/1091 1078/1235/1091 1330/1589/1091 1263/1463/1091
f 1468/1240/1092 1081/1239/1092 1331/1590/1092 1480/1591/1092
f 1451/1244/1093 1084/1243/1093 1103/1272/1093 1461/1271/1093
f 1465/1246/1094 1075/1232/1094 1330/1589/1094 1480/1591/1094
f 1488/1250/1095 1089/1249/1095 1332/1592/1095 1515/1593/1095
f 1483/1254/1096 1091/1253/1096 1333/1594/1096 1508/1595/1096
f 1512/1258/1097 1087/1257/1097 1331/1590/1097 1515/1593/1097
f 1494/1264/1098 1038/1188/1098 1037/1187/1098 1507/1596/1098
f 1489/1270/1099 1100/1269/1099 1103/1272/1099 1508/1595/1099
f 1458/1273/1100 1100/1269/1100 1099/1268/1100 1467/1374/1100
f 1503/1275/1101 1105/1274/1101 1335/1597/1101 1492/1598/1101
f 1446/1599/1102 1335/1597/1102 1105/1274/1102 1473/1600/1102
f 1473/1600/1103 1105/1274/1103 1080/1238/1103 1466/1237/1103
f 1104/1278/1104 863/994/1104 883/1014/1104 1102/1588/1104
f 1135/1307/1105 805/930/1105 1210/1400/1105 1136/1308/1105
f 1269/1473/1106 1271/1475/1106 1130/1546/1106 1129/1601/1106
f 1734/1602/1107 1735/1603/1107 1337/1604/1107 1338/1605/1107
f 1746/1606/1108 1141/1316/1108 1337/1604/1108 1735/1603/1108
f 1339/1607/1109 1260/1460/1109 1112/1282/1109 1111/1281/1109
f 1267/1470/1110 1339/1607/1110 1111/1281/1110 906/1043/1110
f 906/1043/1111 1111/1281/1111 1114/1284/1111 907/1044/1111
f 912/1049/1112 911/1048/1112 1116/1286/1112 1115/1285/1112
f 1267/1470/1113 912/1049/1113 1115/1285/1113 1339/1607/1113
f 1339/1607/1114 1115/1285/1114 1118/1288/1114 1260/1460/1114
f 1114/1284/1115 1113/1283/1115 1120/1290/1115 1119/1289/1115
f 907/1044/1116 1114/1284/1116 1119/1289/1116 918/1055/1116
f 918/1055/1117 1119/1289/1117 1122/1292/1117 919/1056/1117
f 1298/1527/1118 1271/1475/1118 1124/1294/1118 1123/1293/1118
f 1281/1495/1119 1298/1527/1119 1123/1293/1119 1280/1493/1119
f 1280/1493/1120 1123/1293/1120 440/1296/1120 609/1494/1120
f 1258/1458/1121 973/1121/1121 1126/1298/1121 1125/1297/1121
f 860/991/1122 1257/1457/1122 1340/1608/1122 892/1023/1122
f 892/1023/1123 1340/1608/1123 1286/1506/1123 1121/1291/1123
f 1270/1474/1124 1269/1473/1124 1129/1601/1124 968/1501/1124
f 1214/1404/1125 1202/1390/1125 1170/1609/1125 1173/1354/1125
f 1678/1116/1126 1698/1301/1126 1132/1304/1126 969/1117/1126
f 1341/1610/1127 1310/1551/1127 1134/1552/1127 1133/1611/1127
f 1295/1518/1128 1341/1610/1128 1133/1611/1128 972/1519/1128
f 1727/1120/1129 1731/1305/1129 1126/1298/1129 973/1121/1129
f 1324/1574/1130 1212/1402/1130 1252/1452/1130 1325/1575/1130
f 1577/1612/1131 1338/1605/1131 1337/1604/1131 1575/1613/1131
f 872/1003/1132 1212/1402/1132 1324/1574/1132 1018/1168/1132
f 750/867/1133 749/866/1133 1017/1167/1133 1022/1172/1133
f 1136/1308/1134 762/879/1134 1021/1171/1134 1026/1176/1134
f 913/1578/1135 916/1580/1135 1135/1307/1135 1025/1175/1135
f 1116/1286/1136 1137/1309/1136 1082/1586/1136 1117/1287/1136
f 1454/1311/1137 1138/1310/1137 1083/1242/1137 1448/1241/1137
f 1487/1314/1138 1139/1313/1138 1090/1252/1138 1486/1251/1138
f 1519/1320/1139 1144/1319/1139 898/1321/1139 1516/1105/1139
f 1482/1322/1140 1144/1319/1140 901/1035/1140 1455/1034/1140
f 1146/1324/1141 1147/1323/1141 1213/1403/1141 899/1030/1141
f 1231/1427/1142 1227/1422/1142 1152/1330/1142 1151/1329/1142
f 813/938/1143 1231/1427/1143 1151/1329/1143 1147/1323/1143
f 1147/1323/1144 1151/1329/1144 795/920/1144 1213/1403/1144
f 1514/1328/1145 1149/1327/1145 1336/1614/1145 1492/1598/1145
f 1479/1333/1146 1150/1332/1146 1335/1597/1146 1446/1599/1146
f 1154/1335/1147 1153/1334/1147 1107/1276/1147 745/862/1147
f 740/857/1148 711/828/1148 1154/1335/1148 1155/1336/1148
f 741/858/1149 740/857/1149 1155/1336/1149 1157/1338/1149
f 1157/1338/1150 1155/1336/1150 744/861/1150 1158/1339/1150
f 769/892/1151 741/858/1151 1157/1338/1151 1156/1337/1151
f 770/893/1152 769/892/1152 1156/1337/1152 1161/1342/1152
f 1161/1342/1153 1156/1337/1153 1159/1340/1153 1162/1343/1153
f 730/847/1154 770/893/1154 1161/1342/1154 1160/1341/1154
f 731/848/1155 730/847/1155 1160/1341/1155 1165/1346/1155
f 1165/1346/1156 1160/1341/1156 1163/1344/1156 1166/1347/1156
f 1206/1396/1157 731/848/1157 1165/1346/1157 1164/1345/1157
f 736/853/1158 1206/1396/1158 1164/1345/1158 1342/1615/1158
f 1342/1615/1159 1164/1345/1159 1167/1348/1159 1194/1377/1159
f 1732/1383/1160 737/854/1160 1169/1350/1160 1736/1349/1160
f 722/839/1161 1199/1384/1161 1168/1616/1161 1343/1617/1161
f 1343/1617/1162 1168/1616/1162 869/1448/1162 1250/1447/1162
f 1703/1389/1163 723/840/1163 1171/1352/1163 1693/1351/1163
f 1173/1354/1164 1170/1609/1164 975/1513/1164 925/1064/1164
f 1279/1492/1165 1229/1424/1165 1110/1280/1165 1109/1279/1165
f 767/888/1166 1214/1404/1166 1173/1354/1166 1172/1353/1166
f 64/889/1167 767/888/1167 1172/1353/1167 675/1618/1167
f 675/1618/1168 1172/1353/1168 924/1063/1168 599/1477/1168
f 1228/1423/1169 1224/1419/1169 1175/1356/1169 1174/1355/1169
f 1227/1422/1170 1228/1423/1170 1174/1355/1170 1152/1330/1170
f 1152/1330/1171 1174/1355/1171 789/912/1171 796/921/1171
f 1225/1420/1172 1226/1421/1172 1177/1358/1172 1176/1357/1172
f 1224/1419/1173 1225/1420/1173 1176/1357/1173 1175/1356/1173
f 1175/1356/1174 1176/1357/1174 807/932/1174 790/913/1174
f 1235/1431/1175 1181/1362/1175 1179/1360/1175 1178/1359/1175
f 1226/1421/1176 1234/1430/1176 1344/1619/1176 1177/1358/1176
f 1177/1358/1177 1344/1619/1177 1222/1417/1177 808/933/1177
f 1751/1530/1178 800/925/1178 1179/1360/1178 1738/1361/1178
f 983/1131/1179 1299/1531/1179 1180/1620/1179 1345/1621/1179
f 1345/1621/1180 1180/1620/1180 1182/1541/1180 1305/1542/1180
f 1627/1622/1181 717/834/1181 720/837/1181 1616/1623/1181
f 1702/1499/1182 1279/1492/1182 1109/1279/1182 1684/1624/1182
f 1684/1624/1183 1109/1279/1183 894/1025/1183 1695/1488/1183
f 1230/1425/1184 554/1426/1184 504/1367/1184 1185/1366/1184
f 1229/1424/1185 1230/1425/1185 1185/1366/1185 1110/1280/1185
f 1110/1280/1186 1185/1366/1186 793/916/1186 895/1026/1186
f 1676/1625/1187 1643/1626/1187 1010/1158/1187 1478/1373/1187
f 1193/1376/1188 1192/1375/1188 714/831/1188 713/830/1188
f 1207/1397/1189 1206/1396/1189 736/853/1189 735/852/1189
f 1569/1315/1190 1575/1613/1190 1337/1604/1190 1141/1316/1190
f 1223/1418/1191 1222/1417/1191 799/924/1191 798/923/1191
f 1233/1429/1192 1232/1428/1192 829/956/1192 828/955/1192
f 1236/1432/1193 1208/1398/1193 833/960/1193 832/959/1193
f 1244/1441/1194 856/987/1194 714/831/1194 1192/1375/1194
f 1256/1456/1195 1255/1455/1195 874/1005/1195 873/1004/1195
f 1287/1507/1196 957/1102/1196 959/1104/1196 940/1083/1196
f 1314/1556/1197 1313/1555/1197 1006/1154/1197 1005/1153/1197
f 1745/1627/1198 1142/1317/1198 1141/1316/1198 1746/1606/1198
f 1745/1627/1199 1724/1628/1199 1350/1629/1199 1142/1317/1199
f 1327/1581/1200 1237/1433/1200 1049/1199/1200 1048/1198/1200
f 1340/1608/1201 1125/1297/1201 1128/1300/1201 1286/1506/1201
f 1344/1619/1202 1178/1359/1202 799/924/1202 1222/1417/1202
f 1167/1348/1203 1193/1376/1203 713/830/1203 1194/1377/1203
f 1208/1398/1204 1207/1397/1204 735/852/1204 833/960/1204
f 1234/1430/1205 1233/1429/1205 828/955/1205 1235/1431/1205
f 1237/1433/1206 1236/1432/1206 832/959/1206 1049/1199/1206
f 1243/1440/1207 1240/1437/1207 856/987/1207 1244/1441/1207
f 1257/1457/1208 1256/1456/1208 873/1004/1208 1258/1458/1208
f 1241/1438/1209 1240/1437/1209 1278/1489/1209 930/1071/1209
f 930/1071/1210 1278/1489/1210 959/1104/1210 931/1072/1210
f 1286/1506/1211 1128/1300/1211 957/1102/1211 1287/1507/1211
f 1255/1455/1212 1315/1557/1212 1316/1558/1212 874/1005/1212
f 1570/1318/1213 1142/1317/1213 1350/1629/1213 1567/1630/1213
f 1742/1631/1214 1351/1632/1214 1350/1629/1214 1724/1628/1214
f 1232/1428/1215 1327/1581/1215 1048/1198/1215 829/956/1215
f 1257/1457/1216 1258/1458/1216 1125/1297/1216 1340/1608/1216
f 737/854/1217 736/853/1217 1342/1615/1217 1169/1350/1217
f 1169/1350/1218 1342/1615/1218 1194/1377/1218 870/1001/1218
f 1234/1430/1219 1235/1431/1219 1178/1359/1219 1344/1619/1219
f 1200/1385/1220 1199/1384/1220 722/839/1220 721/838/1220
f 1300/1532/1221 1299/1531/1221 983/1131/1221 982/1130/1221
f 1301/1534/1222 1201/1387/1222 987/1135/1222 986/1134/1222
f 1304/1540/1223 1303/1539/1223 991/1139/1223 990/1138/1223
f 1306/1544/1224 994/1142/1224 997/1145/1224 1251/1450/1224
f 1319/1564/1225 1318/1563/1225 1012/1160/1225 1011/1159/1225
f 1567/1630/1226 1350/1629/1226 1351/1632/1226 1573/1633/1226
f 1741/1634/1227 1352/1635/1227 1351/1632/1227 1742/1631/1227
f 1329/1585/1228 1302/1536/1228 1064/1218/1228 1063/1217/1228
f 1201/1387/1229 1200/1385/1229 721/838/1229 987/1135/1229
f 977/1125/1230 976/1124/1230 1250/1447/1230 1249/1446/1230
f 996/1144/1231 977/1125/1231 1249/1446/1231 997/1145/1231
f 1285/1525/1232 1273/1479/1232 1274/1482/1232 979/1127/1232
f 979/1127/1233 1274/1482/1233 1275/1484/1233 980/1128/1233
f 970/1118/1234 969/1117/1234 1295/1518/1234 1294/1517/1234
f 1293/1516/1235 970/1118/1235 1294/1517/1235 1296/1521/1235
f 1302/1536/1236 1301/1534/1236 986/1134/1236 1064/1218/1236
f 1182/1541/1237 1304/1540/1237 990/1138/1237 1305/1542/1237
f 1272/1480/1238 1273/1479/1238 994/1142/1238 1306/1544/1238
f 999/1147/1239 980/1128/1239 1275/1484/1239 1309/1549/1239
f 1131/1303/1240 999/1147/1240 1309/1549/1240 1310/1551/1240
f 1297/1522/1241 1320/1566/1241 1321/1567/1241 1296/1521/1241
f 1303/1539/1242 1329/1585/1242 1063/1217/1242 991/1139/1242
f 1132/1304/1243 1131/1303/1243 1310/1551/1243 1341/1610/1243
f 969/1117/1244 1132/1304/1244 1341/1610/1244 1295/1518/1244
f 723/840/1245 722/839/1245 1343/1617/1245 1171/1352/1245
f 1171/1352/1246 1343/1617/1246 1250/1447/1246 976/1124/1246
f 984/1132/1247 983/1131/1247 1345/1621/1247 1348/1636/1247
f 1348/1636/1248 1345/1621/1248 1305/1542/1248 1283/1543/1248
f 1612/1637/1249 1319/1564/1249 1011/1159/1249 1602/1638/1249
f 1622/1639/1250 1314/1556/1250 1005/1153/1250 1603/1640/1250
f 1462/1641/1251 1289/1509/1251 1288/1508/1251 1457/1642/1251
f 1715/1643/1252 1688/1571/1252 953/1098/1252 1621/1644/1252
f 1626/1645/1253 956/1101/1253 1015/1163/1253 1618/1646/1253
f 1754/1647/1254 1753/1561/1254 1319/1564/1254 1612/1637/1254
f 1611/1648/1255 1004/1152/1255 1314/1556/1255 1622/1639/1255
f 1616/1623/1256 720/837/1256 1001/1149/1256 1594/1649/1256
f 1619/1650/1257 1288/1508/1257 1291/1511/1257 1596/1651/1257
f 1498/1652/1258 1357/1653/1258 1358/1654/1258 1504/1655/1258
f 1620/1656/1259 1195/1378/1259 717/834/1259 1627/1622/1259
f 1368/1657/1260 1369/1658/1260 1291/1511/1260 1290/1510/1260
f 1196/1379/1261 1195/1378/1261 1369/1658/1261 1368/1657/1261
f 1618/1646/1262 1015/1163/1262 328/1166/1262 1630/1659/1262
f 1602/1638/1263 1011/1159/1263 1014/1162/1263 1615/1660/1263
f 1603/1640/1264 1005/1153/1264 1008/1156/1264 1605/1661/1264
f 1594/1649/1265 1001/1149/1265 1004/1152/1265 1611/1648/1265
f 1621/1644/1266 953/1098/1266 956/1101/1266 1626/1645/1266
f 1183/1364/1267 1202/1390/1267 1214/1404/1267 1184/1365/1267
f 985/1133/1268 1370/1662/1268 1371/1663/1268 982/1130/1268
f 982/1130/1269 1371/1663/1269 1352/1635/1269 1300/1532/1269
f 1694/1487/1270 1700/1664/1270 1370/1662/1270 985/1133/1270
f 1211/1401/1271 809/934/1271 1223/1418/1271 1253/1453/1271
f 1620/1656/1272 1188/1665/1272 1189/1666/1272 1628/1667/1272
f 1628/1667/1273 1189/1666/1273 1190/1668/1273 1596/1651/1273
f 1634/1669/1274 1614/1670/1274 1204/1671/1274 1517/1672/1274
f 1656/1673/1275 1346/1674/1275 1347/1675/1275 1653/1676/1275
f 1633/1677/1276 1619/1650/1276 1349/1678/1276 1456/1679/1276
f 1654/1680/1277 1353/1681/1277 1354/1682/1277 1652/1683/1277
f 1658/1684/1278 1355/1685/1278 1356/1686/1278 1639/1687/1278
f 1716/1688/1279 1691/1689/1279 1360/1690/1279 1662/1691/1279
f 1667/1692/1280 1361/1693/1280 1362/1694/1280 1644/1695/1280
f 1755/1696/1281 1725/1697/1281 1353/1681/1281 1654/1680/1281
f 1638/1698/1282 1364/1699/1282 1355/1685/1282 1658/1684/1282
f 1653/1676/1283 1347/1675/1283 1365/1700/1283 1636/1701/1283
f 1643/1626/1284 1349/1678/1284 1190/1668/1284 1655/1372/1284
f 1646/1370/1285 1188/1665/1285 1346/1674/1285 1656/1673/1285
f 1644/1695/1286 1362/1694/1286 702/1702/1286 1640/1703/1286
f 1652/1683/1287 1354/1682/1287 1359/1704/1287 1642/1705/1287
f 1639/1687/1288 1356/1686/1288 1363/1706/1288 1641/1707/1288
f 1636/1701/1289 1365/1700/1289 1364/1699/1289 1638/1698/1289
f 1662/1691/1290 1360/1690/1290 1361/1693/1290 1667/1692/1290
f 59/61/1291 47/60/1291 1394/63/1291 1379/62/1291
f 203/211/1292 1404/245/1292 1373/248/1292 206/212/1292
f 205/501/1293 1385/284/1293 1404/245/1293 203/211/1293
f 208/216/1294 207/215/1294 1398/287/1294 1400/286/1294
f 361/394/1295 1399/400/1295 1376/403/1295 378/395/1295
f 210/220/1296 1389/404/1296 1399/400/1296 361/394/1296
f 386/443/1297 387/444/1297 1397/407/1297 1405/406/1297
f 397/419/1298 396/418/1298 1392/427/1298 1391/426/1298
f 401/423/1299 400/422/1299 1390/431/1299 1395/430/1299
f 408/493/1300 409/1708/1300 1406/435/1300 1393/434/1300
f 222/232/1301 221/231/1301 1403/439/1301 1377/438/1301
f 410/440/1302 1403/439/1302 1373/248/1302 236/247/1302
f 389/409/1303 412/1709/1303 1374/442/1303 1405/406/1303
f 414/1710/1304 415/1711/1304 1386/447/1304 1382/446/1304
f 405/429/1305 421/1712/1305 1372/453/1305 1391/426/1305
f 222/232/1306 1377/438/1306 1397/407/1306 387/444/1306
f 402/437/1307 456/490/1307 1396/491/1307 1393/434/1307
f 274/289/1308 462/1713/1308 1384/498/1308 1400/286/1308
f 48/512/1309 466/511/1309 1402/505/1309 1388/504/1309
f 1650/1714/1310 523/1715/1310 1401/569/1310 1674/568/1310
f 523/1715/1311 414/1710/1311 1382/446/1311 1401/569/1311
f 60/64/1312 1394/63/1312 1388/504/1312 468/507/1312
f 273/288/1313 1398/287/1313 1376/403/1313 384/402/1313
f 61/65/1314 659/1716/1314 1387/714/1314 1379/62/1314
f 659/1716/1315 385/405/1315 1389/404/1315 1387/714/1315
f 396/418/1316 662/721/1316 1407/722/1316 1392/427/1316
f 400/422/1317 420/452/1317 1380/724/1317 1390/431/1317
f 409/1708/1318 663/723/1318 1407/722/1318 1406/435/1318
f 412/1709/1319 665/1717/1319 1375/726/1319 1374/442/1319
f 415/1711/1320 664/725/1320 1380/724/1320 1386/447/1320
f 421/1712/1321 666/741/1321 1408/727/1321 1372/453/1321
f 456/490/1322 401/423/1322 1395/430/1322 1396/491/1322
f 462/1713/1323 272/285/1323 1385/284/1323 1384/498/1323
f 466/511/1324 667/728/1324 1408/727/1324 1402/505/1324
f 698/1718/1325 699/1719/1325 1378/777/1325 1381/776/1325
f 1592/1720/1326 522/1721/1326 1383/788/1326 1631/787/1326
f 47/60/1327 1433/47/1327 1430/48/1327 48/512/1327
f 29/29/1328 5/5/1328 1433/47/1328 1409/59/1328
f 203/211/1329 1416/207/1329 1420/209/1329 205/501/1329
f 102/106/1330 105/109/1330 1416/207/1330 1410/210/1330
f 110/114/1331 113/117/1331 1431/214/1331 1418/213/1331
f 138/142/1332 141/145/1332 1417/218/1332 1421/217/1332
f 219/710/1333 220/712/1333 1435/230/1333 1438/229/1333
f 350/639/1334 351/611/1334 1414/366/1334 1412/365/1334
f 361/394/1335 1439/376/1335 1421/217/1335 210/220/1335
f 275/290/1336 278/293/1336 1439/376/1336 1445/393/1336
f 102/106/1337 1410/210/1337 1435/230/1337 220/712/1337
f 395/415/1338 394/414/1338 1428/417/1338 1427/416/1338
f 398/717/1339 399/716/1339 1436/421/1339 1432/420/1339
f 402/437/1340 403/436/1340 1422/425/1340 1413/424/1340
f 219/710/1341 1438/229/1341 1426/445/1341 413/711/1341
f 418/718/1342 419/457/1342 1423/451/1342 1419/450/1342
f 390/410/1343 455/488/1343 1429/489/1343 1413/424/1343
f 204/208/1344 464/502/1344 1437/500/1344 1420/209/1344
f 8/8/1345 471/514/1345 1443/510/1345 1430/48/1345
f 510/570/1346 417/449/1346 1425/556/1346 1434/555/1346
f 207/215/1347 1431/214/1347 1445/393/1347 378/395/1347
f 209/219/1348 1417/218/1348 1409/59/1348 59/61/1348
f 562/610/1349 413/711/1349 1426/445/1349 1415/698/1349
f 351/611/1350 562/610/1350 1415/698/1350 1414/366/1350
f 394/414/1351 661/719/1351 1444/720/1351 1428/417/1351
f 399/716/1352 418/718/1352 1419/450/1352 1436/421/1352
f 403/436/1353 662/721/1353 1444/720/1353 1422/425/1353
f 419/457/1354 322/337/1354 1425/556/1354 1423/451/1354
f 424/456/1355 423/455/1355 1411/730/1355 1424/729/1355
f 423/455/1356 395/415/1356 1427/416/1356 1411/730/1356
f 455/488/1357 398/717/1357 1432/420/1357 1429/489/1357
f 464/502/1358 110/114/1358 1418/213/1358 1437/500/1358
f 471/514/1359 424/456/1359 1424/729/1359 1443/510/1359
f 1664/571/1360 510/570/1360 1434/555/1360 1675/750/1360
f 689/779/1361 690/778/1361 1442/766/1361 1440/765/1361
f 1629/790/1362 524/789/1362 1441/796/1362 1632/795/1362
f 751/882/1363 752/1331/1363 1474/869/1363 1449/868/1363
f 733/850/1364 1472/880/1364 1449/868/1364 709/826/1364
f 897/1033/1365 898/1321/1365 1477/1029/1365 1476/1028/1365
f 802/927/1366 1481/1031/1366 1476/1028/1366 803/928/1366
f 810/935/1367 1455/1034/1367 1447/1037/1367 811/936/1367
f 836/963/1368 1452/1038/1368 1450/1041/1368 837/964/1368
f 913/1578/1369 1453/1050/1369 1475/1053/1369 916/1580/1369
f 1036/1466/1370 1469/1186/1370 1463/1189/1370 1039/1435/1370
f 1047/1216/1371 903/1039/1371 1452/1038/1371 1460/1197/1371
f 963/1111/1372 1471/1214/1372 1460/1197/1372 964/1112/1372
f 802/927/1373 916/1580/1373 1475/1053/1373 1481/1031/1373
f 1077/1234/1374 1466/1237/1374 1468/1240/1374 1078/1235/1374
f 1082/1586/1375 1448/1241/1375 1451/1244/1375 1085/1587/1375
f 1086/1256/1376 1464/1245/1376 1465/1246/1376 1087/1257/1376
f 913/1578/1377 1097/1579/1377 1470/1265/1377 1453/1050/1377
f 1102/1588/1378 1461/1271/1378 1458/1273/1378 1104/1278/1378
f 1074/1231/1379 1464/1245/1379 1454/1311/1379 1137/1309/1379
f 899/1030/1380 1477/1029/1380 1482/1322/1380 1146/1324/1380
f 710/827/1381 1474/869/1381 1479/1333/1381 1153/1334/1381
f 1191/1394/1382 1478/1373/1382 1467/1374/1382 1099/1268/1382
f 902/1036/1383 1062/1215/1383 1471/1214/1383 1447/1037/1383
f 904/1040/1384 763/881/1384 1472/880/1384 1450/1041/1384
f 1238/1434/1385 1459/1560/1385 1470/1265/1385 1097/1579/1385
f 1039/1435/1386 1463/1189/1386 1459/1560/1386 1238/1434/1386
f 1078/1235/1387 1468/1240/1387 1480/1591/1387 1330/1589/1387
f 1085/1587/1388 1451/1244/1388 1461/1271/1388 1102/1588/1388
f 1087/1257/1389 1465/1246/1389 1480/1591/1389 1331/1590/1389
f 1104/1278/1390 1458/1273/1390 1467/1374/1390 1009/1157/1390
f 1107/1276/1391 1446/1599/1391 1473/1600/1391 1108/1277/1391
f 1108/1277/1392 1473/1600/1392 1466/1237/1392 1077/1234/1392
f 1137/1309/1393 1454/1311/1393 1448/1241/1393 1082/1586/1393
f 1146/1324/1394 1482/1322/1394 1455/1034/1394 810/935/1394
f 1153/1334/1395 1479/1333/1395 1446/1599/1395 1107/1276/1395
f 1668/1393/1396 1676/1625/1396 1478/1373/1396 1191/1394/1396
f 1357/1653/1397 1462/1641/1397 1457/1642/1397 1358/1654/1397
f 1614/1670/1398 1633/1677/1398 1456/1679/1398 1204/1671/1398
f 763/881/1399 1505/883/1399 1493/886/1399 751/882/1399
f 897/1033/1400 900/1032/1400 1499/1067/1400 1496/1066/1400
f 898/1321/1401 897/1033/1401 1496/1066/1401 1516/1105/1401
f 901/1035/1402 1485/1107/1402 1484/1110/1402 902/1036/1402
f 1047/1216/1403 1062/1215/1403 1497/1222/1403 1518/1221/1403
f 903/1039/1404 1047/1216/1404 1518/1221/1404 1500/1225/1404
f 1070/1263/1405 1510/1227/1405 1506/1230/1405 1073/1266/1405
f 1080/1238/1406 1490/1247/1406 1488/1250/1406 1081/1239/1406
f 1083/1242/1407 1486/1251/1407 1483/1254/1407 1084/1243/1407
f 1092/1312/1408 1511/1255/1408 1512/1258/1408 1093/1722/1408
f 914/1051/1409 1495/1259/1409 1501/1262/1409 915/1052/1409
f 1095/1261/1410 927/1068/1410 1499/1067/1410 1501/1262/1410
f 1071/1228/1411 1510/1227/1411 1494/1264/1411 1096/1723/1411
f 1098/1724/1412 1491/1267/1412 1489/1270/1412 1101/1725/1412
f 1088/1248/1413 1490/1247/1413 1503/1275/1413 1106/1726/1413
f 914/1051/1414 1073/1266/1414 1506/1230/1414 1495/1259/1414
f 1086/1256/1415 1511/1255/1415 1487/1314/1415 1138/1310/1415
f 961/1108/1416 1485/1107/1416 1519/1320/1416 1145/1727/1416
f 752/1331/1417 1502/1325/1417 1514/1328/1417 1150/1332/1417
f 1673/1728/1418 1677/1392/1418 1513/1395/1418 1205/1729/1418
f 1205/1729/1419 1513/1395/1419 1491/1267/1419 1098/1724/1419
f 765/885/1420 1148/1326/1420 1502/1325/1420 1493/886/1420
f 962/1109/1421 1067/1223/1421 1497/1222/1421 1484/1110/1421
f 764/884/1422 1505/883/1422 1509/1582/1422 1328/1730/1422
f 1328/1730/1423 1509/1582/1423 1500/1225/1423 1069/1226/1423
f 1081/1239/1424 1488/1250/1424 1515/1593/1424 1331/1590/1424
f 1084/1243/1425 1483/1254/1425 1508/1595/1425 1103/1272/1425
f 1093/1722/1426 1512/1258/1426 1515/1593/1426 1332/1592/1426
f 1096/1723/1427 1494/1264/1427 1507/1596/1427 1334/1731/1427
f 1101/1725/1428 1489/1270/1428 1508/1595/1428 1333/1594/1428
f 1106/1726/1429 1503/1275/1429 1492/1598/1429 1336/1614/1429
f 1138/1310/1430 1487/1314/1430 1486/1251/1430 1083/1242/1430
f 1145/1727/1431 1519/1320/1431 1516/1105/1431 960/1106/1431
f 1150/1332/1432 1514/1328/1432 1492/1598/1432 1335/1597/1432
f 1366/1732/1433 1498/1652/1433 1504/1655/1433 1367/1733/1433
f 1609/1734/1434 1634/1669/1434 1517/1672/1434 1203/1735/1434
f 540/588/1435 1530/1736/1435 1532/1737/1435 539/587/1435
f 1530/1736/1436 1531/731/1436 1533/734/1436 1532/1737/1436
f 344/359/1437 539/587/1437 1532/1737/1437 1520/1738/1437
f 1520/1738/1438 1532/1737/1438 1533/734/1438 1521/735/1438
f 345/360/1439 344/359/1439 1520/1738/1439 1524/1739/1439
f 1524/1739/1440 1520/1738/1440 1521/735/1440 1525/752/1440
f 345/360/1441 1524/1739/1441 1528/1740/1441 655/707/1441
f 1524/1739/1442 1525/752/1442 1529/754/1442 1528/1740/1442
f 576/625/1443 655/707/1443 1528/1740/1443 1526/1741/1443
f 1526/1741/1444 1528/1740/1444 1529/754/1444 1527/756/1444
f 577/626/1445 576/625/1445 1526/1741/1445 1522/1742/1445
f 1522/1742/1446 1526/1741/1446 1527/756/1446 1523/759/1446
f 458/586/1447 459/641/1447 1538/1743/1447 1536/1744/1447
f 1536/1744/1448 1538/1743/1448 1539/495/1448 1537/494/1448
f 537/584/1449 536/583/1449 1542/1745/1449 1534/1746/1449
f 1534/1746/1450 1542/1745/1450 1543/740/1450 1535/739/1450
f 458/586/1451 1536/1744/1451 1542/1745/1451 536/583/1451
f 1536/1744/1452 1537/494/1452 1543/740/1452 1542/1745/1452
f 459/641/1453 657/709/1453 1540/1747/1453 1538/1743/1453
f 1538/1743/1454 1540/1747/1454 1541/755/1454 1539/495/1454
f 657/709/1455 21/21/1455 1544/1748/1455 1540/1747/1455
f 1540/1747/1456 1544/1748/1456 1545/758/1456 1541/755/1456
f 534/1749/1457 535/1750/1457 1552/1751/1457 1554/1752/1457
f 1554/1752/1458 1552/1751/1458 1553/582/1458 1555/581/1458
f 538/1753/1459 1551/1754/1459 1552/1751/1459 535/1750/1459
f 1551/1754/1460 1550/585/1460 1553/582/1460 1552/1751/1460
f 538/1753/1461 590/1755/1461 1549/1756/1461 1551/1754/1461
f 1551/1754/1462 1549/1756/1462 1548/640/1462 1550/585/1462
f 590/1755/1463 656/1757/1463 1546/1758/1463 1549/1756/1463
f 1549/1756/1464 1546/1758/1464 1547/708/1464 1548/640/1464
f 534/1759/1465 1558/1760/1465 1560/1761/1465 535/1762/1465
f 1558/1760/1466 1559/1405/1466 1561/1408/1466 1560/1761/1466
f 538/1763/1467 535/1762/1467 1560/1761/1467 1556/1764/1467
f 1556/1764/1468 1560/1761/1468 1561/1408/1468 1557/1409/1468
f 538/1763/1469 1556/1764/1469 1564/1765/1469 590/1766/1469
f 1556/1764/1470 1557/1409/1470 1565/1468/1470 1564/1765/1470
f 590/1766/1471 1564/1765/1471 1562/1767/1471 656/1768/1471
f 1564/1765/1472 1565/1468/1472 1563/1577/1472 1562/1767/1472
f 1711/1769/1473 1568/1770/1473 1571/1771/1473 1689/1772/1473
f 1568/1770/1474 1569/1315/1474 1570/1318/1474 1571/1771/1474
f 1714/1773/1475 1576/1774/1475 1574/1775/1475 1713/1776/1475
f 1576/1774/1476 1577/1612/1476 1575/1613/1476 1574/1775/1476
f 1711/1769/1477 1713/1776/1477 1574/1775/1477 1568/1770/1477
f 1568/1770/1478 1574/1775/1478 1575/1613/1478 1569/1315/1478
f 1689/1772/1479 1571/1771/1479 1566/1777/1479 1710/1778/1479
f 1571/1771/1480 1570/1318/1480 1567/1630/1480 1566/1777/1480
f 1710/1778/1481 1566/1777/1481 1572/1779/1481 1712/1780/1481
f 1566/1777/1482 1567/1630/1482 1573/1633/1482 1572/1779/1482
f 1218/1412/1483 1217/1411/1483 1582/1781/1483 1580/1782/1483
f 1580/1782/1484 1582/1781/1484 1583/1783/1484 1581/1784/1484
f 1032/1182/1485 1590/1785/1485 1582/1781/1485 1217/1411/1485
f 1590/1785/1486 1591/1786/1486 1583/1783/1486 1582/1781/1486
f 1031/1181/1487 1588/1787/1487 1590/1785/1487 1032/1182/1487
f 1588/1787/1488 1589/1788/1488 1591/1786/1488 1590/1785/1488
f 1031/1181/1489 1325/1575/1489 1578/1789/1489 1588/1787/1489
f 1588/1787/1490 1578/1789/1490 1579/1790/1490 1589/1788/1490
f 1252/1452/1491 1586/1791/1491 1578/1789/1491 1325/1575/1491
f 1586/1791/1492 1587/1792/1492 1579/1790/1492 1578/1789/1492
f 1253/1453/1493 1584/1793/1493 1586/1791/1493 1252/1452/1493
f 1584/1793/1494 1585/1794/1494 1587/1792/1494 1586/1791/1494
f 801/926/1495 1585/1794/1495 1584/1793/1495 798/923/1495
f 1741/1634/1496 1585/1794/1496 801/926/1496 1743/1529/1496
f 1253/1453/1497 1223/1418/1497 798/923/1497 1584/1793/1497
f 1371/1663/1498 1370/1662/1498 1572/1779/1498 1573/1633/1498
f 1352/1635/1499 1371/1663/1499 1573/1633/1499 1351/1632/1499
f 1700/1664/1500 726/843/1500 725/842/1500 1712/1780/1500
f 1563/1577/1501 1326/1576/1501 725/842/1501 728/845/1501
f 728/845/1502 1254/1454/1502 1562/1767/1502 1563/1577/1502
f 656/1768/1503 1562/1767/1503 1254/1454/1503 593/1471/1503
f 656/1757/1504 593/644/1504 578/627/1504 1546/1758/1504
f 22/22/1505 1547/708/1505 1546/1758/1505 578/627/1505
f 1547/708/1506 22/22/1506 21/21/1506 657/709/1506
f 704/785/1507 1544/1748/1507 21/21/1507 24/24/1507
f 703/784/1508 1545/758/1508 1544/1748/1508 704/785/1508
f 683/757/1509 1545/758/1509 703/784/1509 684/760/1509
f 684/760/1510 628/679/1510 99/103/1510 1523/759/1510
f 99/103/1511 98/102/1511 1522/1742/1511 1523/759/1511
f 98/102/1512 545/593/1512 577/626/1512 1522/1742/1512
f 678/794/1513 679/793/1513 1597/748/1513 1604/747/1513
f 685/801/1514 686/800/1514 1607/762/1514 1625/761/1514
f 687/805/1515 688/804/1515 1606/764/1515 1599/763/1515
f 691/809/1516 692/808/1516 1595/768/1516 1600/767/1516
f 693/813/1517 694/812/1517 1598/770/1517 1593/769/1517
f 695/815/1518 685/801/1518 1625/761/1518 1617/771/1518
f 696/817/1519 687/805/1519 1599/763/1519 1608/772/1519
f 679/793/1520 697/819/1520 1610/773/1520 1597/748/1520
f 681/797/1521 509/554/1521 1601/775/1521 1623/774/1521
f 507/551/1522 678/794/1522 1604/747/1522 1624/780/1522
f 694/812/1523 702/821/1523 1630/783/1523 1598/770/1523
f 686/800/1524 691/809/1524 1600/767/1524 1607/762/1524
f 688/804/1525 695/815/1525 1617/771/1525 1606/764/1525
f 697/819/1526 696/817/1526 1608/772/1526 1610/773/1526
f 692/808/1527 693/813/1527 1593/769/1527 1595/768/1527
f 514/560/1528 701/782/1528 1613/786/1528 1624/780/1528
f 701/782/1529 618/669/1529 1601/775/1529 1613/786/1529
f 1378/777/1530 1631/787/1530 1629/790/1530 690/778/1530
f 1442/766/1531 1632/795/1531 1623/774/1531 617/668/1531
f 1346/1674/1532 1627/1622/1532 1616/1623/1532 1347/1675/1532
f 1353/1681/1533 1612/1637/1533 1602/1638/1533 1354/1682/1533
f 1355/1685/1534 1622/1639/1534 1603/1640/1534 1356/1686/1534
f 1691/1689/1535 1715/1643/1535 1621/1644/1535 1360/1690/1535
f 1361/1693/1536 1626/1645/1536 1618/1646/1536 1362/1694/1536
f 1725/1697/1537 1754/1647/1537 1612/1637/1537 1353/1681/1537
f 1364/1699/1538 1611/1648/1538 1622/1639/1538 1355/1685/1538
f 1347/1675/1539 1616/1623/1539 1594/1649/1539 1365/1700/1539
f 1349/1678/1540 1619/1650/1540 1596/1651/1540 1190/1668/1540
f 1188/1665/1541 1620/1656/1541 1627/1622/1541 1346/1674/1541
f 1362/1694/1542 1618/1646/1542 1630/1659/1542 702/1702/1542
f 1354/1682/1543 1602/1638/1543 1615/1660/1543 1359/1704/1543
f 1356/1686/1544 1603/1640/1544 1605/1661/1544 1363/1706/1544
f 1365/1700/1545 1594/1649/1545 1611/1648/1545 1364/1699/1545
f 1360/1690/1546 1621/1644/1546 1626/1645/1546 1361/1693/1546
f 1195/1378/1547 1620/1656/1547 1628/1667/1547 1369/1658/1547
f 1369/1658/1548 1628/1667/1548 1596/1651/1548 1291/1511/1548
f 1504/1655/1549 1358/1654/1549 1614/1670/1549 1634/1669/1549
f 1457/1642/1550 1288/1508/1550 1619/1650/1550 1633/1677/1550
f 699/1719/1551 1592/1720/1551 1631/787/1551 1378/777/1551
f 690/778/1552 1629/790/1552 1632/795/1552 1442/766/1552
f 1358/1654/1553 1457/1642/1553 1633/1677/1553 1614/1670/1553
f 1367/1733/1554 1504/1655/1554 1634/1669/1554 1609/1734/1554
f 1/1/1555 505/547/1555 1648/550/1555 1659/549/1555
f 2/2/1556 1/1/1556 1659/549/1556 1660/553/1556
f 1383/788/1557 1674/568/1557 1664/571/1557 524/789/1557
f 1441/796/1558 1675/750/1558 1651/751/1558 681/797/1558
f 516/562/1559 517/563/1559 1637/792/1559 1649/791/1559
f 649/701/1560 651/703/1560 1671/799/1560 1661/798/1560
f 644/695/1561 646/697/1561 1635/803/1561 1672/802/1561
f 650/702/1562 637/688/1562 1645/807/1562 1669/806/1562
f 636/687/1563 652/704/1563 1665/811/1563 1647/810/1563
f 645/696/1564 649/701/1564 1661/798/1564 1670/814/1564
f 641/692/1565 644/695/1565 1672/802/1565 1666/816/1565
f 517/563/1566 640/691/1566 1663/818/1566 1637/792/1566
f 321/336/1567 2/2/1567 1660/553/1567 1651/751/1567
f 505/547/1568 516/562/1568 1649/791/1568 1648/550/1568
f 652/704/1569 653/705/1569 1640/820/1569 1665/811/1569
f 651/703/1570 650/702/1570 1669/806/1570 1671/799/1570
f 646/697/1571 645/696/1571 1670/814/1571 1635/803/1571
f 640/691/1572 641/692/1572 1666/816/1572 1663/818/1572
f 637/688/1573 636/687/1573 1647/810/1573 1645/807/1573
f 1188/1665/1574 1646/1370/1574 1657/1371/1574 1189/1666/1574
f 1189/1666/1575 1657/1371/1575 1655/1372/1575 1190/1668/1575
f 1517/1672/1576 1204/1671/1576 1668/1393/1576 1677/1392/1576
f 1456/1679/1577 1349/1678/1577 1643/1626/1577 1676/1625/1577
f 1197/1380/1578 1656/1673/1578 1653/1676/1578 1198/1381/1578
f 1320/1566/1579 1654/1680/1579 1652/1683/1579 1321/1567/1579
f 1315/1557/1580 1658/1684/1580 1639/1687/1580 1316/1558/1580
f 1692/1573/1581 1716/1688/1581 1662/1691/1581 1307/1547/1581
f 1308/1548/1582 1667/1692/1582 1644/1695/1582 1323/1569/1582
f 1717/1565/1583 1755/1696/1583 1654/1680/1583 1320/1566/1583
f 1312/1554/1584 1638/1698/1584 1658/1684/1584 1315/1557/1584
f 1198/1381/1585 1653/1676/1585 1636/1701/1585 1311/1553/1585
f 1010/1158/1586 1643/1626/1586 1655/1372/1586 708/825/1586
f 1186/1368/1587 1646/1370/1587 1656/1673/1587 1197/1380/1587
f 1323/1569/1588 1644/1695/1588 1640/1703/1588 653/1570/1588
f 1321/1567/1589 1652/1683/1589 1642/1705/1589 1322/1568/1589
f 1316/1558/1590 1639/1687/1590 1641/1707/1590 1317/1559/1590
f 1311/1553/1591 1636/1701/1591 1638/1698/1591 1312/1554/1591
f 1307/1547/1592 1662/1691/1592 1667/1692/1592 1308/1548/1592
f 522/1721/1593 1650/1714/1593 1674/568/1593 1383/788/1593
f 524/789/1594 1664/571/1594 1675/750/1594 1441/796/1594
f 1204/1671/1595 1456/1679/1595 1676/1625/1595 1668/1393/1595
f 1203/1735/1596 1517/1672/1596 1677/1392/1596 1673/1728/1596
f 967/1502/1597 968/1501/1597 1678/1116/1597 1708/1115/1597
f 974/1514/1598 975/1513/1598 1683/1123/1598 1682/1122/1598
f 978/1524/1599 1704/1126/1599 1701/1129/1599 981/1526/1599
f 998/1528/1600 981/1526/1600 1701/1129/1600 1699/1146/1600
f 1129/1601/1601 1130/1546/1601 1696/1302/1601 1698/1301/1601
f 1170/1609/1602 1693/1351/1602 1683/1123/1602 975/1513/1602
f 724/841/1603 723/840/1603 1703/1389/1603 1679/1388/1603
f 988/1136/1604 724/841/1604 1679/1388/1604 1686/1391/1604
f 985/1133/1605 984/1132/1605 1695/1488/1605 1694/1487/1605
f 989/1137/1606 988/1136/1606 1686/1391/1606 1685/1490/1606
f 1065/1219/1607 989/1137/1607 1685/1490/1607 1709/1491/1607
f 993/1141/1608 992/1140/1608 1707/1498/1608 1705/1497/1608
f 1283/1543/1609 993/1141/1609 1705/1497/1609 1702/1499/1609
f 1285/1525/1610 1697/1503/1610 1680/1504/1610 995/1143/1610
f 995/1143/1611 1680/1504/1611 1681/1505/1611 996/1144/1611
f 1292/1512/1612 967/1502/1612 1708/1115/1612 1687/1515/1612
f 952/1097/1613 974/1514/1613 1682/1122/1613 1681/1505/1613
f 1284/1500/1614 1697/1503/1614 1704/1126/1614 978/1524/1614
f 1130/1546/1615 998/1528/1615 1699/1146/1615 1696/1302/1615
f 1014/1162/1616 1013/1161/1616 1690/1572/1616 1688/1571/1616
f 1293/1516/1617 1322/1568/1617 1692/1573/1617 1687/1515/1617
f 1066/1220/1618 1065/1219/1618 1709/1491/1618 1706/1583/1618
f 992/1140/1619 1066/1220/1619 1706/1583/1619 1707/1498/1619
f 968/1501/1620 1129/1601/1620 1698/1301/1620 1678/1116/1620
f 1202/1390/1621 1703/1389/1621 1693/1351/1621 1170/1609/1621
f 1283/1543/1622 1702/1499/1622 1684/1624/1622 1348/1636/1622
f 1348/1636/1623 1684/1624/1623 1695/1488/1623 984/1132/1623
f 1615/1660/1624 1014/1162/1624 1688/1571/1624 1715/1643/1624
f 893/1024/1625 726/843/1625 1700/1664/1625 1694/1487/1625
f 1642/1705/1626 1359/1704/1626 1691/1689/1626 1716/1688/1626
f 1140/1410/1627 1711/1769/1627 1689/1772/1627 1143/1467/1627
f 1215/1406/1628 1714/1773/1628 1713/1776/1628 1216/1407/1628
f 1140/1410/1629 1216/1407/1629 1713/1776/1629 1711/1769/1629
f 1143/1467/1630 1689/1772/1630 1710/1778/1630 1326/1576/1630
f 1326/1576/1631 1710/1778/1631 1712/1780/1631 725/842/1631
f 1370/1662/1632 1700/1664/1632 1712/1780/1632 1572/1779/1632
f 1359/1704/1633 1615/1660/1633 1715/1643/1633 1691/1689/1633
f 1322/1568/1634 1642/1705/1634 1716/1688/1634 1692/1573/1634
f 868/1449/1635 869/1448/1635 1740/1000/1635 1739/999/1635
f 929/1481/1636 1729/1070/1636 1737/1073/1636 932/1483/1636
f 971/1520/1637 972/1519/1637 1727/1120/1637 1728/1119/1637
f 1000/1550/1638 932/1483/1638 1737/1073/1638 1720/1148/1638
f 1133/1611/1639 1134/1552/1639 1733/1306/1639 1731/1305/1639
f 1168/1616/1640 1736/1349/1640 1740/1000/1640 869/1448/1640
f 1180/1620/1641 1738/1361/1641 1730/1363/1641 1182/1541/1641
f 738/855/1642 737/854/1642 1732/1383/1642 1721/1382/1642
f 834/961/1643 738/855/1643 1721/1382/1643 1726/1386/1643
f 1251/1450/1644 868/1449/1644 1739/999/1644 1722/1451/1644
f 1272/1480/1645 1723/1478/1645 1729/1070/1645 929/1481/1645
f 1297/1522/1646 971/1520/1646 1728/1119/1646 1718/1523/1646
f 801/926/1647 800/925/1647 1751/1530/1647 1743/1529/1647
f 835/962/1648 834/961/1648 1726/1386/1648 1744/1533/1648
f 1050/1200/1649 835/962/1649 1744/1533/1649 1747/1535/1649
f 831/958/1650 830/957/1650 1750/1538/1650 1749/1537/1650
f 1181/1362/1651 831/958/1651 1749/1537/1651 1730/1363/1651
f 1241/1438/1652 1723/1478/1652 1748/1545/1652 857/988/1652
f 857/988/1653 1748/1545/1653 1722/1451/1653 715/832/1653
f 1134/1552/1654 1000/1550/1654 1720/1148/1654 1733/1306/1654
f 1008/1156/1655 1007/1155/1655 1752/1562/1655 1753/1561/1655
f 875/1006/1656 1317/1559/1656 1717/1565/1656 1718/1523/1656
f 1051/1201/1657 1050/1200/1657 1747/1535/1657 1719/1584/1657
f 830/957/1658 1051/1201/1658 1719/1584/1658 1750/1538/1658
f 1581/1784/1659 1583/1783/1659 1735/1603/1659 1734/1602/1659
f 1591/1786/1660 1746/1606/1660 1735/1603/1660 1583/1783/1660
f 972/1519/1661 1133/1611/1661 1731/1305/1661 1727/1120/1661
f 1199/1384/1662 1732/1383/1662 1736/1349/1662 1168/1616/1662
f 1299/1531/1663 1751/1530/1663 1738/1361/1663 1180/1620/1663
f 1589/1788/1664 1745/1627/1664 1746/1606/1664 1591/1786/1664
f 1589/1788/1665 1579/1790/1665 1724/1628/1665 1745/1627/1665
f 1587/1792/1666 1742/1631/1666 1724/1628/1666 1579/1790/1666
f 1585/1794/1667 1741/1634/1667 1742/1631/1667 1587/1792/1667
f 1605/1661/1668 1008/1156/1668 1753/1561/1668 1754/1647/1668
f 1641/1707/1669 1363/1706/1669 1725/1697/1669 1755/1696/1669
f 1352/1635/1670 1741/1634/1670 1743/1529/1670 1300/1532/1670
f 1363/1706/1671 1605/1661/1671 1754/1647/1671 1725/1697/1671
f 1317/1559/1672 1641/1707/1672 1755/1696/1672 1717/1565/1672
