# Blender 5.0.1
# www.blender.org
mtllib hair.mtl
o afro
v 0.414400 15.316701 1.227299
v 0.332100 15.363801 1.273099
v 0.494700 15.268001 1.184199
v 0.541800 15.209500 1.111799
v 0.505400 15.424300 1.208499
v 0.409100 15.483600 1.266999
v 0.593700 15.343501 1.127499
v 0.646000 15.260600 1.035099
v 0.235900 15.389400 1.312699
v 0.139700 15.399501 1.333399
v 0.639100 14.942101 0.938899
v 0.605200 15.072001 0.995999
v 0.650900 14.821000 0.873499
v 0.681300 14.998100 0.853799
v 0.668800 15.147100 0.933299
v 0.758400 15.584901 -0.086701
v 0.606200 15.682900 -0.152701
v 0.869900 15.200200 0.232299
v 0.885000 15.332200 0.115999
v 0.708600 14.908600 0.421399
v 0.663100 14.829400 0.770799
v 0.709900 14.937901 0.477799
v 0.709900 14.878100 0.361899
v 0.708300 14.815100 0.311599
v 0.669900 14.617600 0.289899
v 0.688400 14.687800 0.284599
v 0.851100 15.561101 0.263999
v 0.618400 15.838099 0.180199
v 0.760600 15.703401 0.217799
v 0.521400 15.891700 0.930899
v 0.511800 14.241500 0.201799
v 0.440200 14.196500 0.085999
v 0.366600 14.173800 0.006699
v 0.290900 14.156000 -0.057601
v 0.217600 14.192901 -0.103101
v 0.621200 14.514200 0.044799
v 0.552900 14.512200 -0.065601
v 0.470600 14.509000 -0.171501
v 0.377100 14.514200 -0.285801
v 0.285200 14.528300 -0.367001
v 0.659000 14.608300 -0.009401
v 0.595400 14.614100 -0.150501
v 0.507000 14.620501 -0.282101
v 0.413200 14.639400 -0.390101
v 0.317500 14.667000 -0.464301
v 0.687800 14.712600 -0.044001
v 0.626500 14.740100 -0.212301
v 0.528200 14.768400 -0.360001
v 0.427000 14.802800 -0.463101
v 0.331100 14.829500 -0.543201
v 0.773000 14.919800 -0.080801
v 0.726900 15.006900 -0.277801
v 0.651100 15.060900 -0.396901
v 0.554500 15.111000 -0.475801
v 0.442600 15.155500 -0.561001
v 0.853100 15.117800 0.091199
v 0.861600 15.227800 -0.048301
v 0.806800 15.331201 -0.190701
v 0.685900 15.424500 -0.322801
v 0.556000 15.505601 -0.407201
v 0.598800 15.920100 0.556899
v 0.738800 15.786601 0.523899
v 0.677800 15.757501 0.855299
v 0.835000 15.603101 0.497799
v 0.851200 15.450900 0.502799
v 0.877000 15.416800 0.301499
v 0.859900 15.274301 0.372499
v 0.287400 15.528800 1.313099
v 0.159200 15.560500 1.346299
v 0.800500 15.443801 0.700299
v 0.776400 15.599200 0.768599
v 0.833300 15.307601 0.518899
v 0.790700 15.285601 0.651599
v 0.559400 14.298600 0.314099
v 0.656800 14.518701 0.175699
v 0.686800 14.600300 0.144799
v 0.710200 14.690801 0.127799
v 0.777200 14.840700 0.123999
v 0.810400 15.006600 0.222199
v 0.809700 15.103300 0.424499
v 0.720900 15.559199 0.908899
v 0.757700 15.414300 0.817699
v 0.758700 15.261100 0.733399
v 0.624200 15.691100 0.998699
v 0.495100 15.794000 1.077999
v 0.160900 15.898801 1.182999
v 0.220500 15.622001 -0.505101
v 0.177000 15.179501 -0.709201
v 0.188300 16.040102 0.584699
v 0.254300 16.000101 0.163699
v 0.135100 14.867300 -0.656101
v 0.122300 14.703500 -0.574601
v 0.105200 14.536500 -0.469901
v 0.150300 15.996600 1.026199
v 0.327300 15.974500 0.998599
v 0.138400 14.182301 -0.132701
v 0.198600 14.525600 -0.433201
v 0.312900 15.176001 -0.650701
v 0.250700 14.842700 -0.602501
v 0.228400 14.677800 -0.524401
v 0.405900 15.572801 -0.472601
v 0.453900 15.919600 0.166999
v 0.401700 15.993800 0.571899
v 0.325800 15.863200 1.153799
v 0.850900 15.469800 0.008799
v 0.821100 15.045200 0.336699
v 0.224600 15.837201 -0.231701
v 0.420500 15.767400 -0.204801
v 0.709900 14.847401 0.331499
v 0.463600 15.307900 -0.553001
v 0.587600 15.254100 -0.453101
v 0.804100 15.001400 -0.023901
v 0.699200 15.190801 -0.357801
v 0.775000 15.110600 -0.214601
v 0.794100 14.911400 0.140499
v 0.196600 15.368400 -0.679701
v 0.338700 15.344201 -0.624601
v 0.702600 14.766900 0.293299
v 0.729500 14.816800 -0.081201
v 0.502200 14.949600 -0.475701
v 0.606300 14.908600 -0.382801
v 0.684100 14.868100 -0.257101
v 0.390200 14.985500 -0.571001
v 0.742300 14.766700 0.118799
v 0.159200 15.026600 -0.702701
v 0.284600 15.009601 -0.647701
v 0.793600 15.137401 0.519999
v 0.767700 15.115900 0.612999
v 0.742100 15.093700 0.670299
v 0.714500 14.941501 0.524899
v 0.708600 14.931500 0.590799
v 0.699000 14.912300 0.624699
v 0.606600 14.380301 0.424699
v 0.655300 14.562800 0.307999
v 0.158400 14.362900 -0.239801
v 0.237500 14.377400 -0.195601
v 0.666600 15.445201 1.052899
v 0.574300 15.556300 1.145699
v 0.325200 14.374001 -0.142001
v 0.712700 15.337001 0.946199
v 0.725000 15.207300 0.838099
v 0.411900 14.381300 -0.063801
v 0.461600 15.642699 1.210799
v 0.168500 15.742801 1.311099
v 0.487000 14.392500 0.013299
v 0.620900 14.441100 0.219599
v 0.314600 15.700601 1.273099
v 0.564300 14.414300 0.113299
v 0.716100 15.049601 0.747499
v 0.687000 14.877100 0.669999
v 0.642900 14.510500 0.331099
v 0.752700 15.748900 0.368999
v 0.622000 15.878800 0.361399
v 0.841000 15.593101 0.380299
v 0.711800 14.939500 0.503799
v 0.228700 16.028502 0.363499
v 0.863000 15.439700 0.400199
v 0.444000 15.959201 0.359699
v 0.845600 15.295700 0.444799
v 0.800800 15.126000 0.470299
v 0.715200 14.934300 0.555699
v 0.786800 15.135201 0.565899
v 0.569000 15.926101 0.740299
v 0.817800 15.310300 0.586899
v 0.733700 15.779901 0.684699
v 0.153300 16.047701 0.810199
v 0.823600 15.603400 0.630199
v 0.834400 15.458100 0.601599
v 0.353400 16.011702 0.777199
v 0.711300 14.920100 0.452199
v 0.617700 15.759700 0.016199
v 0.773200 15.643001 0.075899
v 0.888400 15.383401 0.205899
v 0.871600 15.242500 0.301299
v 0.861800 15.520900 0.143299
v 0.432100 15.861100 -0.030701
v 0.820300 15.069700 0.382399
v 0.234100 15.947101 -0.053201
v 0.708400 14.891700 0.393199
v 0.878100 15.278700 0.032299
v 0.859200 15.153501 0.169599
v 0.740400 15.501901 -0.219501
v 0.607900 15.586101 -0.284701
v 0.838100 15.402301 -0.101001
v 0.439400 15.663701 -0.343201
v 0.811100 15.021700 0.289199
v 0.240900 15.728700 -0.380501
v 0.759600 15.273200 -0.298701
v 0.826300 15.065100 0.021399
v 0.634300 15.347001 -0.405201
v 0.818200 15.180800 -0.150801
v 0.510300 15.414001 -0.494301
v 0.709800 14.863300 0.346999
v 0.376900 15.467299 -0.558401
v 0.211600 15.505099 -0.599401
v 0.804100 14.964400 0.167299
v 0.053200 14.158500 -0.151901
v 0.082800 14.365300 -0.264401
v 0.415500 15.318700 1.222799
v 0.334000 15.366200 1.268499
v 0.496200 15.269800 1.179699
v 0.541500 15.212501 1.107399
v 0.492300 15.424600 1.187799
v 0.398100 15.483901 1.244899
v 0.577600 15.345700 1.109699
v 0.627700 15.266601 1.020899
v 0.237800 15.390700 1.308299
v 0.139800 15.404000 1.328899
v 0.639100 14.944100 0.935299
v 0.603600 15.075100 0.992499
v 0.650400 14.822600 0.872599
v 0.656200 15.004200 0.841699
v 0.648200 15.154500 0.921699
v 0.741700 15.571000 -0.078001
v 0.594100 15.666200 -0.142401
v 0.847900 15.208100 0.230399
v 0.863000 15.332500 0.117299
v 0.709300 14.914001 0.416799
v 0.662900 14.831500 0.769199
v 0.711500 14.942901 0.476599
v 0.709800 14.881001 0.360599
v 0.708300 14.817500 0.308799
v 0.668700 14.620100 0.288699
v 0.687100 14.691300 0.282199
v 0.830000 15.552600 0.265599
v 0.604900 15.820800 0.186499
v 0.743600 15.688399 0.222799
v 0.507600 15.876599 0.918399
v 0.503800 14.252300 0.201599
v 0.433000 14.208000 0.087199
v 0.361500 14.186600 0.009099
v 0.286600 14.169400 -0.051601
v 0.216100 14.209100 -0.094901
v 0.600800 14.523300 0.049299
v 0.535100 14.522100 -0.057701
v 0.454500 14.519700 -0.161901
v 0.362800 14.529201 -0.272501
v 0.275600 14.542400 -0.353201
v 0.638400 14.617300 -0.005201
v 0.576800 14.624200 -0.142801
v 0.490300 14.631101 -0.271001
v 0.399100 14.651700 -0.375001
v 0.304500 14.678000 -0.449401
v 0.667800 14.725000 -0.040301
v 0.608200 14.753201 -0.203701
v 0.512400 14.779100 -0.346601
v 0.413400 14.813400 -0.446501
v 0.318400 14.840301 -0.525601
v 0.752400 14.932900 -0.079501
v 0.706500 15.015100 -0.266801
v 0.634900 15.067700 -0.381601
v 0.540200 15.115300 -0.457201
v 0.421800 15.162300 -0.544001
v 0.831800 15.127900 0.090399
v 0.839500 15.232100 -0.043801
v 0.786700 15.329499 -0.179501
v 0.670200 15.417500 -0.307801
v 0.543300 15.494100 -0.391101
v 0.585600 15.901401 0.557099
v 0.720300 15.772700 0.524399
v 0.659300 15.748300 0.842899
v 0.812700 15.597001 0.496899
v 0.828800 15.451301 0.498899
v 0.855000 15.415200 0.298699
v 0.837900 15.279700 0.367399
v 0.277200 15.528800 1.290299
v 0.152300 15.562400 1.320899
v 0.779600 15.447200 0.690299
v 0.755100 15.597501 0.757699
v 0.811200 15.313201 0.514199
v 0.769900 15.292200 0.643099
v 0.558600 14.304400 0.312199
v 0.635200 14.527500 0.177299
v 0.665200 14.608900 0.145799
v 0.689200 14.700700 0.129999
v 0.756300 14.853200 0.122799
v 0.789400 15.018900 0.219599
v 0.788200 15.114400 0.418399
v 0.700800 15.558801 0.895399
v 0.737100 15.418000 0.806699
v 0.737300 15.267400 0.725699
v 0.606100 15.684300 0.986199
v 0.480600 15.785501 1.058599
v 0.155500 15.884900 1.162799
v 0.215800 15.608001 -0.490101
v 0.171300 15.179400 -0.686301
v 0.184400 16.017601 0.582699
v 0.248300 15.977500 0.168599
v 0.131100 14.878301 -0.635001
v 0.118900 14.717401 -0.554701
v 0.103100 14.552000 -0.452201
v 0.146900 15.976800 1.013599
v 0.319400 15.955501 0.985899
v 0.137900 14.200400 -0.125101
v 0.193600 14.540501 -0.415001
v 0.302500 15.177700 -0.629301
v 0.241400 14.853800 -0.584201
v 0.219900 14.691600 -0.506701
v 0.396800 15.558801 -0.455701
v 0.443800 15.899199 0.172699
v 0.393900 15.972301 0.571099
v 0.316200 15.852000 1.132699
v 0.829900 15.462800 0.014699
v 0.799800 15.058701 0.333999
v 0.218500 15.818900 -0.218601
v 0.410900 15.749700 -0.192901
v 0.710100 14.849600 0.328499
v 0.450900 15.306600 -0.533101
v 0.572800 15.255600 -0.434601
v 0.782100 15.012100 -0.022401
v 0.682200 15.194700 -0.342201
v 0.754400 15.118000 -0.205301
v 0.773400 14.921200 0.139799
v 0.191600 15.362100 -0.657701
v 0.329300 15.339801 -0.603501
v 0.702600 14.768400 0.290099
v 0.709700 14.830900 -0.077601
v 0.488200 14.958000 -0.458001
v 0.591400 14.919200 -0.367801
v 0.666300 14.881200 -0.247501
v 0.376600 14.993000 -0.552401
v 0.721500 14.779201 0.116599
v 0.153600 15.032001 -0.680301
v 0.281200 15.013801 -0.623301
v 0.771300 15.147201 0.517299
v 0.746200 15.124600 0.606599
v 0.720600 15.101501 0.664599
v 0.715400 14.945300 0.524199
v 0.709000 14.934401 0.590299
v 0.699500 14.915800 0.624599
v 0.605300 14.383500 0.424299
v 0.654200 14.566200 0.305899
v 0.156200 14.385000 -0.226501
v 0.231900 14.395600 -0.181401
v 0.648500 15.448800 1.034699
v 0.558500 15.558000 1.123699
v 0.313100 14.387300 -0.128001
v 0.692800 15.342299 0.932699
v 0.704100 15.214601 0.828699
v 0.393000 14.390000 -0.054801
v 0.448300 15.643100 1.186099
v 0.160200 15.739501 1.283899
v 0.467800 14.401401 0.021499
v 0.599800 14.449000 0.222999
v 0.303900 15.700000 1.245299
v 0.541400 14.421801 0.118499
v 0.694500 15.056400 0.741199
v 0.686300 14.879300 0.668899
v 0.641400 14.513400 0.329199
v 0.734900 15.734601 0.371699
v 0.608400 15.860700 0.364699
v 0.819300 15.585801 0.380299
v 0.713200 14.944000 0.501899
v 0.223500 16.005402 0.364699
v 0.840700 15.438800 0.396699
v 0.434900 15.937400 0.362099
v 0.823500 15.301400 0.439199
v 0.779000 15.136800 0.465499
v 0.714800 14.937700 0.554499
v 0.764800 15.144300 0.561999
v 0.555500 15.907701 0.734199
v 0.796100 15.316400 0.580499
v 0.714700 15.767400 0.678299
v 0.150200 16.025002 0.803799
v 0.801300 15.599801 0.624899
v 0.812600 15.460200 0.595099
v 0.346200 15.990100 0.771399
v 0.711200 14.924000 0.449199
v 0.605000 15.742900 0.024899
v 0.756500 15.628400 0.082799
v 0.866100 15.382501 0.205599
v 0.849400 15.248900 0.296999
v 0.840800 15.512799 0.147499
v 0.421700 15.842200 -0.020801
v 0.798800 15.081901 0.377199
v 0.228600 15.926200 -0.043101
v 0.708900 14.896300 0.391099
v 0.855300 15.280601 0.034399
v 0.837400 15.162900 0.167699
v 0.724000 15.491700 -0.207301
v 0.595200 15.571401 -0.271201
v 0.817100 15.397799 -0.092901
v 0.430200 15.647099 -0.329201
v 0.790100 15.035900 0.286799
v 0.235000 15.711699 -0.365401
v 0.741000 15.274000 -0.284601
v 0.805400 15.075900 0.023099
v 0.619500 15.343801 -0.387801
v 0.797200 15.186600 -0.142601
v 0.497600 15.407300 -0.475601
v 0.710100 14.865200 0.345399
v 0.368200 15.457400 -0.538701
v 0.206900 15.493501 -0.579701
v 0.783100 14.975901 0.167799
v 0.054300 14.177600 -0.140401
v 0.083800 14.390000 -0.253501
v -0.414400 15.316701 1.227299
v -0.332100 15.363801 1.273099
v -0.494700 15.268001 1.184199
v -0.541800 15.209500 1.111799
v -0.505400 15.424300 1.208499
v -0.409100 15.483600 1.266999
v -0.593600 15.343400 1.127499
v -0.646000 15.260600 1.035099
v -0.235900 15.389400 1.312699
v -0.139700 15.399501 1.333399
v -0.639100 14.942101 0.938899
v -0.605200 15.071900 0.995899
v -0.650900 14.821000 0.873499
v -0.681300 14.998200 0.853799
v -0.668800 15.147201 0.933299
v -0.758400 15.584901 -0.086701
v -0.606200 15.682900 -0.152701
v -0.869900 15.200200 0.232299
v -0.885000 15.332101 0.115999
v -0.708600 14.908500 0.421399
v -0.663100 14.829400 0.770799
v -0.709900 14.937901 0.477799
v -0.709900 14.878000 0.361899
v -0.708300 14.815100 0.311599
v -0.669900 14.617600 0.289899
v -0.688400 14.687700 0.284599
v -0.851100 15.561200 0.263999
v -0.618400 15.838201 0.180199
v -0.760600 15.703401 0.217799
v -0.521400 15.891801 0.930899
v -0.511800 14.241400 0.201799
v -0.440200 14.196500 0.085999
v -0.366600 14.173800 0.006699
v -0.290900 14.156000 -0.057601
v -0.217600 14.193000 -0.103101
v -0.621200 14.514200 0.044799
v -0.552900 14.512200 -0.065601
v -0.470600 14.509000 -0.171501
v -0.377100 14.514100 -0.285801
v -0.285200 14.528300 -0.367001
v -0.659000 14.608300 -0.009401
v -0.595400 14.614100 -0.150501
v -0.507000 14.620501 -0.282101
v -0.413200 14.639400 -0.390101
v -0.317500 14.667000 -0.464301
v -0.687800 14.712600 -0.044001
v -0.626500 14.740100 -0.212301
v -0.528200 14.768400 -0.360001
v -0.427000 14.802800 -0.463101
v -0.331100 14.829500 -0.543201
v -0.773000 14.919800 -0.080801
v -0.726900 15.006900 -0.277801
v -0.651100 15.060900 -0.396901
v -0.554500 15.111000 -0.475801
v -0.442600 15.155500 -0.561001
v -0.853100 15.117800 0.091199
v -0.861600 15.227800 -0.048301
v -0.806800 15.331201 -0.190701
v -0.685900 15.424500 -0.322801
v -0.556000 15.505601 -0.407201
v -0.598800 15.920100 0.556899
v -0.738800 15.786601 0.523899
v -0.677800 15.757501 0.855299
v -0.835000 15.603000 0.497799
v -0.851200 15.450900 0.502799
v -0.877000 15.416900 0.301499
v -0.859900 15.274200 0.372499
v -0.287400 15.528800 1.313099
v -0.159200 15.560500 1.346299
v -0.800500 15.443700 0.700299
v -0.776400 15.599200 0.768599
v -0.833300 15.307500 0.518899
v -0.790700 15.285601 0.651599
v -0.559400 14.298600 0.314099
v -0.656800 14.518600 0.175699
v -0.686800 14.600400 0.144799
v -0.710200 14.690801 0.127799
v -0.777200 14.840700 0.123999
v -0.810400 15.006500 0.222199
v -0.809600 15.103200 0.424499
v -0.720900 15.559199 0.908899
v -0.757700 15.414401 0.817699
v -0.758700 15.261100 0.733399
v -0.624200 15.691100 0.998699
v -0.495100 15.794101 1.077999
v -0.160900 15.898801 1.182999
v -0.220500 15.622100 -0.505101
v -0.177000 15.179400 -0.709101
v -0.188300 16.040102 0.584699
v -0.254300 16.000101 0.163699
v -0.135100 14.867400 -0.656101
v -0.122300 14.703600 -0.574601
v -0.105200 14.536500 -0.469901
v -0.150300 15.996699 1.026199
v -0.327300 15.974401 0.998599
v -0.138400 14.182200 -0.132701
v -0.198600 14.525600 -0.433201
v -0.312900 15.176100 -0.650701
v -0.250700 14.842700 -0.602501
v -0.228400 14.677800 -0.524401
v -0.405900 15.572801 -0.472601
v -0.453900 15.919600 0.166999
v -0.401700 15.993800 0.571899
v -0.325800 15.863200 1.153799
v -0.850900 15.469800 0.008799
v -0.821100 15.045200 0.336699
v -0.224600 15.837300 -0.231701
v -0.420500 15.767301 -0.204801
v -0.709900 14.847301 0.331499
v -0.463600 15.307900 -0.553001
v -0.587600 15.254100 -0.453101
v -0.804100 15.001400 -0.023901
v -0.699200 15.190801 -0.357801
v -0.775000 15.110701 -0.214601
v -0.794100 14.911400 0.140499
v -0.196600 15.368400 -0.679701
v -0.338700 15.344201 -0.624601
v -0.702600 14.766900 0.293299
v -0.729500 14.816900 -0.081201
v -0.502200 14.949600 -0.475701
v -0.606300 14.908500 -0.382801
v -0.684100 14.868100 -0.257101
v -0.390200 14.985500 -0.571001
v -0.742200 14.766700 0.118799
v -0.159200 15.026700 -0.702701
v -0.284600 15.009601 -0.647701
v -0.793600 15.137401 0.519999
v -0.767700 15.116000 0.612999
v -0.742100 15.093700 0.670299
v -0.714500 14.941501 0.524899
v -0.708600 14.931500 0.590799
v -0.699000 14.912300 0.624699
v -0.606600 14.380301 0.424699
v -0.655300 14.562800 0.307999
v -0.158400 14.362801 -0.239701
v -0.237500 14.377400 -0.195601
v -0.666600 15.445201 1.052899
v -0.574300 15.556300 1.145699
v -0.325200 14.374001 -0.142001
v -0.712700 15.337001 0.946199
v -0.725000 15.207300 0.838099
v -0.411900 14.381300 -0.063701
v -0.461600 15.642699 1.210799
v -0.168500 15.742801 1.311099
v -0.487000 14.392500 0.013299
v -0.620900 14.441000 0.219599
v -0.314600 15.700601 1.273099
v -0.564300 14.414300 0.113299
v -0.716100 15.049500 0.747499
v -0.687000 14.877100 0.669999
v -0.642900 14.510400 0.331099
v -0.752700 15.749000 0.368999
v -0.622000 15.878800 0.361399
v -0.841000 15.593101 0.380299
v -0.711800 14.939500 0.503799
v -0.228700 16.028601 0.363499
v -0.863000 15.439700 0.400199
v -0.444000 15.959100 0.359699
v -0.845600 15.295700 0.444799
v -0.800800 15.126000 0.470299
v -0.715200 14.934300 0.555699
v -0.786800 15.135201 0.565899
v -0.569000 15.926101 0.740299
v -0.817800 15.310300 0.586899
v -0.733700 15.779901 0.684699
v -0.153300 16.047701 0.810199
v -0.823600 15.603400 0.630199
v -0.834400 15.458100 0.601599
v -0.353400 16.011702 0.777199
v -0.711300 14.920100 0.452199
v -0.617700 15.759700 0.016199
v -0.773200 15.642900 0.075899
v -0.888400 15.383401 0.205899
v -0.871600 15.242500 0.301299
v -0.861800 15.520900 0.143299
v -0.432000 15.861001 -0.030701
v -0.820300 15.069700 0.382399
v -0.234100 15.947101 -0.053201
v -0.708400 14.891800 0.393199
v -0.878100 15.278700 0.032299
v -0.859200 15.153501 0.169599
v -0.740400 15.501901 -0.219501
v -0.607900 15.586200 -0.284701
v -0.838100 15.402400 -0.101001
v -0.439400 15.663600 -0.343201
v -0.811100 15.021700 0.289199
v -0.240900 15.728700 -0.380501
v -0.759600 15.273300 -0.298701
v -0.826300 15.065100 0.021399
v -0.634300 15.347001 -0.405201
v -0.818200 15.180800 -0.150801
v -0.510300 15.414001 -0.494301
v -0.709800 14.863300 0.346999
v -0.376900 15.467299 -0.558401
v -0.211600 15.504901 -0.599401
v -0.804100 14.964400 0.167299
v -0.053200 14.158600 -0.152001
v -0.082800 14.365300 -0.264401
v 0.000000 15.400001 1.343399
v 0.000000 16.023102 0.154599
v 0.000000 16.056202 0.576099
v 0.000000 16.004202 1.047399
v 0.000000 14.134900 -0.152801
v 0.000000 14.513200 -0.479301
v 0.000000 14.684000 -0.582501
v 0.000000 14.839700 -0.672701
v 0.000000 15.176001 -0.768301
v 0.000000 15.645501 -0.537101
v 0.000000 15.570300 1.369699
v 0.000000 15.926000 1.167699
v 0.000000 15.864900 -0.248001
v 0.000000 15.423800 -0.687801
v 0.000000 15.024000 -0.737101
v 0.000000 14.335500 -0.234601
v 0.000000 15.771501 1.343999
v 0.000000 16.062801 0.354299
v 0.000000 16.061001 0.801599
v 0.000000 15.977901 -0.047501
v 0.000000 15.776999 -0.407801
v 0.000000 15.540700 -0.629101
v -0.415500 15.318700 1.222799
v -0.334000 15.366200 1.268499
v -0.496200 15.269800 1.179699
v -0.541500 15.212600 1.107399
v -0.492300 15.424600 1.187799
v -0.398100 15.483800 1.244899
v -0.577600 15.345700 1.109699
v -0.627700 15.266601 1.020899
v -0.237800 15.390700 1.308299
v -0.139800 15.404000 1.328899
v -0.639100 14.944100 0.935299
v -0.603600 15.075100 0.992499
v -0.650400 14.822600 0.872599
v -0.656200 15.004200 0.841699
v -0.648200 15.154500 0.921699
v -0.741700 15.570901 -0.078001
v -0.594100 15.666301 -0.142401
v -0.847900 15.208100 0.230399
v -0.863000 15.332500 0.117299
v -0.709300 14.914001 0.416799
v -0.662900 14.831500 0.769199
v -0.711500 14.942901 0.476599
v -0.709800 14.881001 0.360599
v -0.708300 14.817500 0.308799
v -0.668700 14.620100 0.288699
v -0.687100 14.691300 0.282199
v -0.830000 15.552600 0.265599
v -0.604900 15.820800 0.186499
v -0.743600 15.688500 0.222799
v -0.507600 15.876599 0.918399
v -0.503800 14.252300 0.201599
v -0.433000 14.208000 0.087199
v -0.361500 14.186501 0.009099
v -0.286600 14.169500 -0.051601
v -0.216100 14.209001 -0.094901
v -0.600800 14.523300 0.049299
v -0.535100 14.522100 -0.057701
v -0.454500 14.519700 -0.161901
v -0.362800 14.529201 -0.272501
v -0.275600 14.542400 -0.353201
v -0.638400 14.617400 -0.005201
v -0.576800 14.624200 -0.142801
v -0.490400 14.631101 -0.271001
v -0.399100 14.651700 -0.375001
v -0.304500 14.678000 -0.449401
v -0.667800 14.724800 -0.040301
v -0.608200 14.753201 -0.203701
v -0.512400 14.779100 -0.346601
v -0.413400 14.813400 -0.446501
v -0.318400 14.840100 -0.525601
v -0.752400 14.932900 -0.079501
v -0.706500 15.015000 -0.266801
v -0.634800 15.067500 -0.381601
v -0.540200 15.115300 -0.457201
v -0.421800 15.162400 -0.544001
v -0.831800 15.127900 0.090399
v -0.839500 15.232100 -0.043801
v -0.786700 15.329400 -0.179501
v -0.670200 15.417500 -0.307801
v -0.543300 15.494100 -0.391101
v -0.585600 15.901401 0.557099
v -0.720300 15.772700 0.524399
v -0.659300 15.748300 0.842999
v -0.812700 15.596900 0.496899
v -0.828800 15.451200 0.498899
v -0.855000 15.415200 0.298699
v -0.837900 15.279600 0.367399
v -0.277200 15.528901 1.290299
v -0.152300 15.562501 1.320899
v -0.779600 15.447000 0.690199
v -0.755100 15.597501 0.757699
v -0.811200 15.313201 0.514199
v -0.769900 15.292200 0.643099
v -0.558600 14.304400 0.312199
v -0.635200 14.527600 0.177299
v -0.665200 14.608900 0.145799
v -0.689200 14.700700 0.129999
v -0.756300 14.853200 0.122799
v -0.789400 15.018900 0.219599
v -0.788200 15.114400 0.418399
v -0.700800 15.558801 0.895399
v -0.737100 15.418000 0.806699
v -0.737300 15.267500 0.725699
v -0.606000 15.684100 0.986199
v -0.480600 15.785600 1.058599
v -0.155500 15.884900 1.162799
v -0.215800 15.608001 -0.490101
v -0.171300 15.179400 -0.686301
v -0.184400 16.017502 0.582699
v -0.248300 15.977500 0.168599
v -0.131100 14.878301 -0.635001
v -0.118900 14.717401 -0.554701
v -0.103100 14.551900 -0.452201
v -0.146900 15.976800 1.013599
v -0.319400 15.955501 0.985899
v -0.137900 14.200500 -0.125101
v -0.193600 14.540501 -0.415001
v -0.302500 15.177600 -0.629301
v -0.241400 14.853800 -0.584201
v -0.219900 14.691600 -0.506701
v -0.396800 15.558801 -0.455701
v -0.443800 15.899100 0.172699
v -0.393900 15.972301 0.571099
v -0.316200 15.852000 1.132699
v -0.829900 15.462800 0.014699
v -0.799800 15.058800 0.333999
v -0.218500 15.818900 -0.218601
v -0.410900 15.749700 -0.192901
v -0.710100 14.849600 0.328499
v -0.450900 15.306600 -0.533101
v -0.572800 15.255500 -0.434601
v -0.782100 15.012100 -0.022401
v -0.682200 15.194800 -0.342201
v -0.754400 15.118000 -0.205301
v -0.773400 14.921200 0.139799
v -0.191600 15.362000 -0.657701
v -0.329300 15.339700 -0.603501
v -0.702600 14.768400 0.290099
v -0.709600 14.830800 -0.077601
v -0.488200 14.958000 -0.458001
v -0.591400 14.919200 -0.367801
v -0.666300 14.881200 -0.247501
v -0.376600 14.992900 -0.552401
v -0.721500 14.779300 0.116599
v -0.153600 15.032100 -0.680301
v -0.281200 15.013700 -0.623301
v -0.771300 15.147100 0.517299
v -0.746200 15.124600 0.606599
v -0.720600 15.101501 0.664599
v -0.715400 14.945300 0.524199
v -0.709000 14.934500 0.590299
v -0.699500 14.915900 0.624599
v -0.605300 14.383500 0.424299
v -0.654200 14.566200 0.305899
v -0.156200 14.385000 -0.226501
v -0.231900 14.395600 -0.181401
v -0.648500 15.448899 1.034699
v -0.558500 15.557900 1.123699
v -0.313100 14.387300 -0.128001
v -0.692800 15.342200 0.932699
v -0.704100 15.214601 0.828699
v -0.393000 14.390100 -0.054801
v -0.448300 15.643201 1.186099
v -0.160200 15.739501 1.283899
v -0.467800 14.401401 0.021499
v -0.599800 14.449000 0.222999
v -0.303900 15.700000 1.245299
v -0.541400 14.421801 0.118499
v -0.694500 15.056500 0.741199
v -0.686300 14.879300 0.668899
v -0.641400 14.513400 0.329199
v -0.734900 15.734601 0.371699
v -0.608400 15.860700 0.364699
v -0.819300 15.585900 0.380299
v -0.713200 14.944100 0.501899
v -0.223500 16.005402 0.364699
v -0.840700 15.438800 0.396699
v -0.435000 15.937400 0.362099
v -0.823500 15.301301 0.439199
v -0.779000 15.136701 0.465499
v -0.714800 14.937700 0.554499
v -0.764800 15.144200 0.561899
v -0.555500 15.907701 0.734199
v -0.796100 15.316300 0.580499
v -0.714700 15.767400 0.678299
v -0.150200 16.025002 0.803799
v -0.801300 15.599801 0.624899
v -0.812600 15.460200 0.595099
v -0.346200 15.990100 0.771399
v -0.711200 14.924000 0.449199
v -0.605000 15.742900 0.024899
v -0.756500 15.628400 0.082799
v -0.866100 15.382400 0.205599
v -0.849400 15.249001 0.296999
v -0.840800 15.512799 0.147499
v -0.421700 15.842101 -0.020801
v -0.798800 15.081901 0.377199
v -0.228600 15.926101 -0.043101
v -0.708900 14.896300 0.391099
v -0.855300 15.280700 0.034399
v -0.837400 15.162800 0.167699
v -0.724000 15.491700 -0.207301
v -0.595200 15.571401 -0.271201
v -0.817100 15.397601 -0.092901
v -0.430200 15.647099 -0.329201
v -0.790100 15.035900 0.286799
v -0.235000 15.711699 -0.365401
v -0.741000 15.274000 -0.284601
v -0.805400 15.075900 0.023099
v -0.619500 15.343801 -0.387801
v -0.797200 15.186501 -0.142601
v -0.497600 15.407300 -0.475601
v -0.710100 14.865200 0.345399
v -0.368200 15.457301 -0.538701
v -0.206900 15.493501 -0.579701
v -0.783100 14.975901 0.167799
v -0.054300 14.177600 -0.140401
v -0.083800 14.390000 -0.253501
v 0.000000 15.404201 1.339199
v 0.000000 16.000002 0.159399
v 0.000000 16.033102 0.573799
v 0.000000 15.984099 1.034099
v 0.000000 14.151200 -0.142301
v 0.000000 14.529901 -0.462101
v 0.000000 14.698100 -0.562301
v 0.000000 14.851400 -0.651801
v 0.000000 15.175301 -0.744401
v 0.000000 15.630300 -0.519301
v 0.000000 15.572499 1.344299
v 0.000000 15.910001 1.148399
v 0.000000 15.845700 -0.234801
v 0.000000 15.415200 -0.666101
v 0.000000 15.029300 -0.714201
v 0.000000 14.360900 -0.217901
v 0.000000 15.764800 1.319499
v 0.000000 16.038900 0.355199
v 0.000000 16.037901 0.795299
v 0.000000 15.956000 -0.037701
v 0.000000 15.759400 -0.392101
v 0.000000 15.528300 -0.609001
v 0.370700 15.515599 1.172099
v 0.662500 15.145000 0.854599
v 0.392700 15.422900 1.306599
v 0.708700 15.051400 1.010499
v 0.489100 15.285100 1.258099
v 0.404800 15.344501 1.296499
v 0.478400 15.346101 1.112399
v 0.401000 15.405200 1.142599
v -0.285000 15.527501 1.294199
v 0.337700 15.531501 1.293299
v -0.289900 15.390401 1.371699
v 0.347800 15.395200 1.396399
v 0.737100 15.059200 0.324699
v 0.754800 15.535100 0.195899
v 0.876600 15.046700 0.298999
v 0.900800 15.534900 0.174799
v 0.468100 15.416600 -0.337301
v 0.047800 15.624400 -0.500301
v 0.538100 15.492600 -0.444101
v 0.121000 15.703000 -0.606001
v 0.499500 15.548100 -0.228101
v 0.080400 15.750899 -0.373201
v 0.565400 15.666501 -0.269701
v 0.151600 15.874600 -0.418201
v 0.770800 15.278501 -0.116201
v 0.500000 15.643001 -0.276801
v 0.887500 15.352601 -0.154001
v 0.612600 15.727000 -0.316901
v 0.825100 15.376401 0.195999
v 0.559000 15.743899 0.011899
v 0.945500 15.450299 0.149599
v 0.671000 15.831401 -0.032301
v 0.824500 15.436700 0.497599
v 0.560400 15.821300 0.309199
v 0.945600 15.510200 0.450399
v 0.674900 15.909801 0.264899
v 0.735900 15.278100 -0.194001
v 0.787600 15.327901 0.462399
v 0.894100 15.348901 -0.218401
v 0.918900 15.378400 0.422499
v 0.345700 15.284400 -0.472601
v 0.762700 15.332200 -0.064701
v 0.448700 15.358001 -0.611101
v 0.893300 15.384801 -0.243401
v -0.138900 15.297300 -0.622101
v 0.446800 15.341201 -0.461101
v -0.126700 15.377999 -0.749101
v 0.460100 15.391601 -0.595301
v 0.677100 14.688100 0.155899
v 0.742800 14.999500 0.317299
v 0.731600 14.646100 0.233699
v 0.784800 14.952001 0.359499
v 0.724700 14.975801 0.266499
v 0.706300 15.007300 0.621299
v 0.783400 14.877400 0.285699
v 0.781100 14.936800 0.600299
v 0.693500 15.022700 0.529599
v 0.662800 14.863600 0.895499
v 0.750500 14.919200 0.510399
v 0.732100 14.817101 0.837999
v 0.304100 15.832700 -0.085901
v -0.330700 15.832500 -0.077701
v 0.222400 15.999900 -0.097401
v -0.326100 16.006701 -0.080601
v 0.599800 15.639300 -0.095901
v 0.058300 15.898801 -0.088601
v 0.670700 15.774199 -0.139001
v 0.150600 16.052702 -0.093401
v 0.732300 15.229800 -0.078101
v 0.508900 15.766900 -0.083401
v 0.877200 15.277400 -0.114501
v 0.671800 15.833800 -0.089201
v 0.119400 14.232100 -0.126301
v 0.320800 14.290401 -0.094301
v 0.119000 14.126300 -0.168901
v 0.305200 14.197200 -0.116701
v 0.267500 14.426800 -0.132001
v 0.439100 14.390100 0.028899
v 0.261300 14.167000 -0.122801
v 0.410100 14.143701 0.027299
v 0.471800 14.401900 0.104999
v 0.620300 14.479600 0.300299
v 0.527700 14.187100 0.163699
v 0.663600 14.336400 0.374299
v 0.733000 15.362100 0.599199
v 0.505200 15.921100 0.534499
v 0.881700 15.407300 0.547099
v 0.676000 15.988000 0.534799
v 0.633700 15.845300 0.537099
v 0.070400 15.968900 0.512199
v 0.675400 15.996900 0.491899
v 0.114100 16.141201 0.507499
v 0.302400 15.964601 0.522099
v -0.276800 15.963700 0.530099
v 0.211900 16.139101 0.503399
v -0.272600 16.144501 0.522099
v 0.629500 14.879100 0.832799
v 0.559500 15.146700 1.002899
v 0.704300 14.885000 0.849899
v 0.639300 15.144600 1.032699
v 0.644900 14.682400 0.239699
v 0.714200 15.027000 0.301099
v 0.733700 14.667500 0.222699
v 0.810400 14.988400 0.289699
v 0.549000 14.418600 0.376799
v 0.700700 14.759900 0.200199
v 0.632100 14.349100 0.304799
v 0.788600 14.706700 0.129199
v 0.419100 14.298901 0.134499
v 0.659700 14.671200 0.111899
v 0.486000 14.220500 0.071299
v 0.753700 14.629701 0.037999
v 0.363600 14.208600 0.015799
v 0.616200 14.621600 -0.052801
v 0.434500 14.127000 -0.046001
v 0.705800 14.592600 -0.137201
v -0.033100 14.424900 -0.248401
v 0.364200 14.420000 -0.096401
v -0.002900 14.401000 -0.373801
v 0.364800 14.378100 -0.178301
v 0.385000 14.388000 0.004199
v 0.537800 14.406100 0.196299
v 0.411500 14.127700 0.027299
v 0.553900 14.196401 0.200499
v -0.087500 14.241400 -0.140801
v 0.168200 14.271400 -0.117301
v -0.088900 14.141601 -0.180101
v 0.164900 14.183200 -0.143601
v 0.681500 15.658900 0.115099
v 0.722800 15.661000 0.592399
v 0.718300 15.791900 0.136699
v 0.782500 15.788301 0.579499
v 0.571700 15.543900 -0.201601
v 0.722400 15.669101 0.236699
v 0.605700 15.674600 -0.259301
v 0.731900 15.784200 0.116499
v -0.133400 14.507600 -0.399901
v 0.284600 14.590000 -0.372101
v -0.138800 14.551001 -0.515001
v 0.257900 14.619801 -0.470101
v 0.056500 14.531900 -0.466201
v 0.416100 14.544600 -0.238101
v 0.101600 14.574201 -0.564201
v 0.449300 14.568800 -0.332201
v 0.333600 14.557900 -0.325601
v 0.563500 14.540200 0.000599
v 0.419200 14.585900 -0.388801
v 0.629400 14.562201 -0.057501
v 0.500500 14.552100 -0.091301
v 0.628600 14.519000 0.290999
v 0.604700 14.577701 -0.126301
v 0.714000 14.550800 0.214499
v -0.000300 15.100000 -0.696601
v 0.387500 15.142500 -0.549701
v 0.021000 15.150200 -0.802601
v 0.399300 15.175100 -0.637901
v 0.020800 14.963400 -0.628601
v 0.406800 14.995000 -0.498001
v 0.043900 15.016800 -0.733701
v 0.421500 15.030500 -0.583501
v -0.039300 14.727201 -0.584501
v 0.342600 14.819901 -0.488401
v -0.033300 14.789200 -0.692001
v 0.342600 14.860100 -0.579001
v 0.504900 14.817500 -0.352801
v 0.717300 14.801701 0.013799
v 0.591000 14.865500 -0.404401
v 0.779200 14.833400 -0.036201
v 0.646900 14.776000 -0.117601
v 0.697100 14.749400 0.286199
v 0.744900 14.819700 -0.120101
v 0.784500 14.777600 0.229899
v 0.240800 14.747400 -0.475601
v 0.582900 14.833100 -0.279901
v 0.278900 14.805400 -0.577501
v 0.611200 14.874300 -0.363601
v 0.694200 15.048100 0.473699
v 0.684800 14.880700 0.832599
v 0.780800 15.068300 0.500299
v 0.752200 14.947400 0.811999
v 0.664900 15.036600 0.733899
v 0.754200 15.430699 0.679399
v 0.771500 15.002800 0.640399
v 0.854600 15.412200 0.601199
v 0.556500 15.327701 1.098499
v 0.347400 15.584800 1.239699
v 0.630400 15.380700 1.113999
v 0.430700 15.638900 1.271099
v 0.659100 15.111900 0.866399
v 0.593200 15.329801 1.076799
v 0.726300 15.145300 0.849599
v 0.671900 15.353101 1.069599
v 0.692800 15.246700 0.749499
v 0.627600 15.591300 0.978399
v 0.794600 15.269500 0.732799
v 0.739200 15.606999 0.977099
v 0.680900 15.531701 0.959099
v 0.326400 15.809400 1.055099
v 0.753400 15.640000 0.971499
v 0.407200 15.903001 1.096699
v 0.734500 15.390901 0.759099
v 0.602000 15.843400 0.798399
v 0.900200 15.473401 0.573299
v 0.701500 15.938399 0.740199
v 0.345400 14.955501 -0.484801
v 0.683000 15.057200 -0.308201
v 0.378300 15.009501 -0.585601
v 0.702600 15.090800 -0.401101
v 0.323200 15.220800 -0.526501
v 0.579300 15.403800 -0.339201
v 0.356400 15.259400 -0.630801
v 0.612800 15.426600 -0.424101
v 0.390500 15.113600 -0.487901
v 0.698300 15.180901 -0.258201
v 0.441000 15.169600 -0.577801
v 0.731900 15.218400 -0.343201
v 0.711100 14.941300 0.264299
v 0.693500 15.007300 0.619399
v 0.795500 14.976900 0.285099
v 0.790600 15.026500 0.611699
v 0.725300 15.002100 -0.131301
v 0.765700 14.967000 0.284799
v 0.819100 15.035800 -0.135901
v 0.848400 15.005100 0.224399
v 0.602400 15.037001 -0.370201
v 0.786900 15.022700 0.005199
v 0.682500 15.082400 -0.426201
v 0.849500 15.049200 -0.035201
v 0.805700 15.315400 0.349099
v 0.738300 15.276900 0.748899
v 0.898700 15.347301 0.388499
v 0.821300 15.312301 0.752199
v 0.791600 15.505601 0.112999
v 0.780300 15.462901 0.564699
v 0.880200 15.578500 0.138199
v 0.886500 15.528501 0.567299
v 0.695400 15.427600 -0.146401
v 0.804600 15.511399 0.282799
v 0.762200 15.516601 -0.197401
v 0.881300 15.590001 0.227499
v 0.545500 15.326600 -0.397801
v 0.790000 15.478499 -0.067001
v 0.603700 15.395900 -0.490201
v 0.835600 15.529700 -0.145501
v 0.500200 15.401000 -0.468001
v 0.543000 15.712300 -0.130601
v 0.461900 15.499499 -0.567101
v 0.522800 15.788400 -0.217001
v 0.560100 15.620400 -0.198701
v 0.602500 15.814401 0.230299
v 0.522900 15.741799 -0.250601
v 0.571800 15.894401 0.115799
v 0.602800 15.775701 0.082099
v 0.648200 15.805699 0.544699
v 0.579400 15.895700 0.105099
v 0.634600 15.943101 0.531299
v 0.703600 15.456401 0.835199
v 0.634400 15.089000 0.830599
v 0.761400 15.408700 0.929599
v 0.711700 15.057400 0.911599
v 0.713200 15.780301 0.681299
v 0.739300 15.415200 0.884999
v 0.709700 15.809100 0.784699
v 0.750900 15.463901 1.005199
v 0.682200 15.826301 0.595499
v 0.724800 15.554999 0.869899
v 0.673300 15.882701 0.689399
v 0.727400 15.634500 0.957099
v 0.639900 15.838799 0.357599
v 0.698600 15.673699 0.832099
v 0.628100 15.951501 0.431099
v 0.687300 15.812600 0.857999
v 0.533400 15.944900 0.432599
v 0.583300 15.788899 0.850999
v 0.515600 16.044001 0.500799
v 0.583800 15.909101 0.903199
v 0.565300 15.915000 0.621899
v 0.625200 15.630500 1.029299
v 0.560900 16.002001 0.718699
v 0.623400 15.742499 1.096899
v 0.594800 15.873401 0.819099
v 0.638400 15.533500 1.081199
v 0.601400 15.900701 0.931799
v 0.648600 15.585900 1.175299
v 0.622600 15.597001 0.960299
v 0.600000 15.188100 1.003099
v 0.664700 15.558101 1.096999
v 0.651100 15.191100 1.114399
v 0.498700 15.883201 0.170999
v 0.537300 15.906199 0.594799
v 0.483600 16.009001 0.195199
v 0.524700 16.027302 0.587999
v 0.462400 15.763801 -0.104201
v 0.495700 15.913301 0.297599
v 0.428500 15.891200 -0.157801
v 0.474400 16.008101 0.199399
v 0.417400 15.556800 -0.369901
v 0.447600 15.827500 -0.035301
v 0.384600 15.660100 -0.461001
v 0.422500 15.906100 -0.116001
v 0.351800 15.387200 -0.502701
v 0.346000 15.812301 -0.167301
v 0.309200 15.542701 -0.640301
v 0.320900 15.917001 -0.259701
v 0.371100 15.645200 -0.279701
v 0.392800 15.863999 0.258399
v 0.336800 15.808400 -0.355001
v 0.381600 16.031002 0.219999
v 0.405700 15.816800 0.084399
v 0.421000 15.869800 0.653999
v 0.374800 15.981700 0.107399
v 0.410300 16.036100 0.639499
v 0.514300 15.772300 0.979199
v 0.524800 15.361100 1.155199
v 0.517600 15.775201 1.105399
v 0.537300 15.393500 1.273399
v 0.476500 15.935800 0.734299
v 0.499400 15.548200 1.138899
v 0.470000 15.998300 0.846799
v 0.508700 15.634400 1.250599
v 0.443000 15.908101 0.373199
v 0.462600 15.789500 0.972999
v 0.425400 16.061901 0.446799
v 0.460500 15.958800 0.990999
v 0.260500 16.035101 0.468899
v 0.258000 15.886201 1.027599
v 0.234200 16.173700 0.561299
v 0.256700 16.048502 1.094599
v 0.269200 16.016500 0.709599
v 0.294800 15.663701 1.290499
v 0.250800 16.144701 0.838199
v 0.279500 15.820300 1.269899
v 0.281000 15.977201 0.987499
v 0.307800 15.556800 1.350299
v 0.271300 16.042002 1.129199
v 0.336000 15.532001 1.355899
v 0.280900 15.797900 1.089399
v 0.297200 15.384999 1.185099
v 0.294200 15.779799 1.307399
v 0.306200 15.413501 1.378299
v 0.260200 15.951800 0.119299
v 0.236800 16.003000 0.675199
v 0.238200 16.117500 0.141399
v 0.222000 16.170502 0.672899
v 0.260000 15.776401 -0.233601
v 0.230500 15.995000 0.287699
v 0.228700 15.935000 -0.307301
v 0.226200 16.116602 0.145699
v 0.238700 15.482400 -0.584401
v 0.228900 15.865001 -0.147901
v 0.212900 15.561400 -0.675801
v 0.221100 15.963700 -0.256401
v -0.014700 14.171500 -0.157301
v 0.105600 14.595500 -0.398801
v 0.071000 14.076500 -0.213301
v 0.171500 14.514800 -0.439601
v 0.118900 15.488500 -0.592201
v 0.081300 15.868400 -0.152201
v 0.105200 15.591901 -0.661901
v 0.069300 15.967900 -0.263601
v 0.123000 15.780601 -0.232401
v 0.077600 15.993701 0.282199
v 0.089100 15.939099 -0.312801
v 0.068600 16.114901 0.142999
v 0.111500 15.952300 0.117999
v 0.059700 16.004902 0.674699
v 0.083300 16.116001 0.139299
v 0.055600 16.172201 0.665999
v 0.105000 15.806201 1.230499
v 0.105900 15.402801 1.296199
v 0.098500 15.770000 1.375799
v 0.096900 15.403300 1.417499
v 0.088900 15.982200 0.982499
v 0.099600 15.574100 1.343799
v 0.073800 16.044401 1.118399
v 0.086400 15.646501 1.465499
v 0.090600 16.019501 0.716399
v 0.092500 15.678800 1.285299
v 0.067100 16.145201 0.842399
v 0.071600 15.818700 1.391399
v 0.093400 16.038401 0.467699
v 0.066200 15.890401 1.018399
v 0.070700 16.175901 0.553399
v 0.055100 16.049702 1.082499
v 0.248800 15.409501 1.308599
v -0.203300 15.421901 1.319599
v 0.252100 15.486001 1.365799
v -0.198700 15.494800 1.395599
v -0.159700 14.388300 -0.149201
v -0.041100 14.970700 -0.517101
v -0.122800 14.231800 -0.268701
v -0.004700 14.816900 -0.656501
v -0.016300 15.462901 -0.572501
v -0.140100 15.745601 -0.219801
v 0.020700 15.552199 -0.656001
v -0.088700 15.879399 -0.333401
v 0.107700 15.165600 -0.635701
v -0.061400 15.668000 -0.395101
v 0.173800 15.230500 -0.763901
v 0.013300 15.778501 -0.586101
v 0.048400 15.001101 -0.646101
v -0.001500 15.559600 -0.505201
v 0.121100 15.027801 -0.784601
v 0.075200 15.560100 -0.683801
v -0.061100 14.602400 -0.474301
v 0.059500 15.189200 -0.669601
v -0.017400 14.529400 -0.631601
v 0.093900 15.078200 -0.821101
v -0.093200 14.380500 -0.252301
v 0.103900 14.914801 -0.566901
v 0.031200 14.203600 -0.315001
v 0.202100 14.771000 -0.649201
v 0.006900 14.609200 -0.499601
v 0.160900 15.179400 -0.613901
v 0.122200 14.542700 -0.598501
v 0.279900 15.069100 -0.722401
v 0.236000 14.976601 -0.636001
v 0.138600 15.537101 -0.538901
v 0.361800 14.999600 -0.732201
v 0.296400 15.525300 -0.648001
v 0.279500 15.198900 -0.622401
v -0.031000 15.653100 -0.425501
v 0.389900 15.289400 -0.690801
v 0.130500 15.788600 -0.517901
v 0.132200 15.486300 -0.618401
v -0.260500 15.729600 -0.237401
v 0.221800 15.616700 -0.644101
v -0.162800 15.922900 -0.287101
v 0.603800 15.387300 1.084799
v 0.305500 15.705300 1.219699
v 0.691200 15.471000 1.101099
v 0.400000 15.790900 1.250799
v 0.420500 15.392900 1.243099
v 0.085500 15.508401 1.343499
v 0.454700 15.470500 1.273899
v 0.138400 15.592200 1.391999
v 0.660500 15.019200 0.916799
v 0.589900 15.252100 1.116499
v 0.726100 15.051800 0.897899
v 0.669100 15.273300 1.112399
v 0.590600 15.239000 1.112999
v 0.386300 15.486100 1.273899
v 0.666100 15.292000 1.130199
v 0.470100 15.536401 1.308599
v 0.335000 15.572600 1.253799
v -0.203500 15.586600 1.290399
v 0.346100 15.652801 1.353499
v -0.186300 15.651801 1.421399
v 0.666300 14.926001 0.799999
v 0.690000 15.232901 0.838899
v 0.741400 14.904400 0.809499
v 0.769500 15.211900 0.866099
v 0.678200 15.177500 0.840399
v 0.616700 15.505401 1.078899
v 0.779400 15.200500 0.822099
v 0.727000 15.526000 1.074899
v 0.697000 15.495299 1.004599
v 0.346100 15.774701 1.109899
v 0.769600 15.605201 1.017699
v 0.418900 15.877601 1.119499
v 0.403700 15.745101 1.115199
v -0.199400 15.700299 1.288899
v 0.417900 15.879399 1.197899
v -0.164800 15.834901 1.403699
v 0.749200 15.401700 0.746699
v 0.652600 15.777200 0.837499
v 0.845700 15.443801 0.674899
v 0.743800 15.829801 0.771399
v 0.676200 15.048400 0.809599
v 0.766100 15.443801 0.750799
v 0.778300 15.017500 0.713999
v 0.867100 15.422700 0.666299
v 0.700000 15.081901 0.649899
v 0.795700 15.464801 0.601799
v 0.803800 15.043500 0.570099
v 0.897900 15.442800 0.526999
v 0.802500 15.411401 0.582399
v 0.591200 15.841599 0.729899
v 0.913100 15.492101 0.505899
v 0.692800 15.932401 0.668199
v 0.372300 15.840301 0.957399
v -0.186300 15.832000 1.174699
v 0.313100 15.998601 1.035099
v -0.151500 15.996501 1.239199
v 0.666600 15.684400 0.795199
v 0.202600 15.911601 1.039799
v 0.732900 15.828000 0.830899
v 0.292000 16.048201 1.091999
v 0.631300 15.779201 0.677099
v 0.163100 15.988101 0.927199
v 0.697300 15.922400 0.724199
v 0.260500 16.121601 0.978699
v 0.339700 15.917701 0.840999
v -0.205900 15.931300 1.050899
v 0.279700 16.074301 0.913399
v -0.176800 16.090801 1.119699
v 0.285700 15.929101 0.641799
v -0.217700 15.970201 0.936599
v 0.197600 16.096500 0.665099
v -0.210200 16.129601 0.909299
v 0.604400 15.807799 0.520799
v 0.128000 16.017000 0.780799
v 0.636900 15.970099 0.489099
v 0.181800 16.170900 0.748599
v 0.815800 15.431100 0.426799
v 0.604900 15.849000 0.578899
v 0.925000 15.512700 0.351799
v 0.706400 15.939601 0.517199
v 0.769500 15.094400 0.454599
v 0.805400 15.490300 0.435699
v 0.868500 15.086400 0.382499
v 0.907800 15.496301 0.357599
v 0.544000 14.468801 0.190099
v 0.707800 14.813300 0.190999
v 0.617700 14.431700 0.107299
v 0.799900 14.787601 0.109699
v 0.706300 14.786000 0.218999
v 0.821100 15.190900 0.200899
v 0.793200 14.747900 0.140899
v 0.921000 15.155700 0.119999
v 0.016800 15.708100 -0.360101
v -0.524700 15.697600 -0.066301
v -0.067600 15.869401 -0.316701
v -0.515700 15.869901 -0.062501
v 0.321800 15.547000 -0.494301
v -0.176600 15.817800 -0.209001
v 0.386800 15.704400 -0.530401
v -0.056200 15.927300 -0.266301
v 0.416900 15.321401 -0.581201
v 0.185600 15.760699 -0.357801
v 0.490600 15.438500 -0.631901
v 0.265800 15.811400 -0.399301
v 0.408400 15.150500 -0.552901
v 0.371500 15.532599 -0.472101
v 0.503700 15.174900 -0.623301
v 0.453600 15.554601 -0.532501
v 0.313500 14.925900 -0.527901
v 0.394200 15.320001 -0.533901
v 0.409300 14.899100 -0.605301
v 0.490500 15.307900 -0.614001
v 0.219600 14.694301 -0.491301
v 0.338400 15.102700 -0.552101
v 0.310500 14.654600 -0.566401
v 0.435500 15.072101 -0.631701
v 0.143100 14.528200 -0.396301
v 0.214300 14.776200 -0.533001
v 0.207100 14.479500 -0.432701
v 0.277500 14.737801 -0.585001
v 0.004300 14.352901 -0.179201
v 0.148400 14.572001 -0.421401
v 0.075700 14.234301 -0.177201
v 0.207700 14.507900 -0.446901
v 0.460300 14.433001 0.103599
v 0.672100 14.769100 0.078499
v 0.525800 14.372900 0.038099
v 0.767200 14.731700 0.001499
v 0.678600 14.686300 0.047099
v 0.772500 15.095000 0.057299
v 0.765500 14.652200 -0.040201
v 0.869800 15.070001 -0.018401
v 0.421100 14.433600 -0.060101
v 0.633100 14.782300 -0.122501
v 0.507700 14.391100 -0.133801
v 0.725600 14.755500 -0.203501
v 0.673400 14.780000 -0.138501
v 0.748300 15.197001 -0.156301
v 0.767200 14.747700 -0.211601
v 0.848700 15.178500 -0.229001
v 0.308300 14.351900 -0.075501
v 0.465500 14.610100 -0.224901
v 0.361400 14.296000 -0.120701
v 0.527800 14.581600 -0.277801
v 0.455500 14.607400 -0.235401
v 0.578000 15.010201 -0.345301
v 0.533500 14.560101 -0.314401
v 0.662100 14.967800 -0.428801
v 0.567200 14.900200 -0.303001
v 0.670500 15.295100 -0.291901
v 0.653000 14.869000 -0.384501
v 0.761000 15.280300 -0.379601
v 0.125700 14.275400 -0.142001
v 0.263500 14.579500 -0.325701
v 0.173200 14.194800 -0.171301
v 0.323100 14.534901 -0.371701
v 0.259600 14.502900 -0.316201
v 0.357100 14.748600 -0.423201
v 0.320600 14.462800 -0.358801
v 0.418400 14.717000 -0.481101
v 0.343500 14.684401 -0.408501
v 0.454500 15.101601 -0.472401
v 0.432600 14.645200 -0.485301
v 0.549800 15.073000 -0.553901
v 0.436300 14.913100 -0.450201
v 0.505000 15.317401 -0.457301
v 0.535600 14.889800 -0.526401
v 0.601000 15.308000 -0.535101
v 0.534200 15.174100 -0.451801
v 0.491600 15.550900 -0.371501
v 0.625800 15.204101 -0.512001
v 0.572700 15.574800 -0.431401
v 0.517300 15.381700 -0.436101
v 0.287800 15.810401 -0.213701
v 0.590000 15.495801 -0.485701
v 0.366700 15.862800 -0.256301
v 0.401100 15.619800 -0.356901
v -0.086600 15.859500 -0.067501
v 0.451700 15.775001 -0.385001
v 0.014900 15.976399 -0.122001
v 0.088000 15.775401 -0.168001
v -0.463300 15.761001 0.113899
v -0.015700 15.942300 -0.157701
v -0.468200 15.931201 0.097599
v 0.215100 15.833100 -0.073701
v -0.328600 15.927400 0.198299
v 0.152700 16.013700 -0.062501
v -0.299800 16.101801 0.179799
v 0.424300 15.704499 -0.191601
v -0.050700 15.942000 0.086199
v 0.477400 15.860101 -0.218201
v 0.023000 16.100101 0.049899
v 0.587000 15.401801 -0.338001
v 0.336800 15.812600 -0.094101
v 0.691000 15.512200 -0.409601
v 0.442500 15.940700 -0.150701
v 0.657900 15.198900 -0.350701
v 0.606300 15.564799 -0.266601
v 0.751900 15.225201 -0.418401
v 0.701800 15.603499 -0.337901
v 0.722300 15.129701 -0.182901
v 0.688600 15.514199 -0.140101
v 0.820000 15.144500 -0.252001
v 0.782100 15.541101 -0.213601
v 0.705900 15.433400 -0.178101
v 0.440300 15.835000 0.069799
v 0.809600 15.549100 -0.245801
v 0.546400 15.964400 0.013299
v 0.482400 15.805200 -0.021701
v -0.004800 15.989600 0.253999
v 0.516000 15.968101 -0.048701
v 0.046800 16.156401 0.224899
v 0.291200 15.962001 0.076099
v -0.238000 15.965800 0.353099
v 0.209700 16.128201 0.099299
v -0.237800 16.144201 0.345599
v 0.214100 15.964101 0.293299
v -0.298400 15.973800 0.568099
v 0.122700 16.135201 0.314299
v -0.304000 16.140001 0.561999
v 0.561100 15.813201 0.143699
v 0.085500 15.996800 0.409599
v 0.593400 15.962399 0.116699
v 0.136800 16.164101 0.382699
v 0.801200 15.432099 0.004399
v 0.520000 15.842101 0.235199
v 0.908400 15.548600 -0.067601
v 0.623400 15.965100 0.174499
v 0.781700 15.080800 0.058299
v 0.818400 15.475801 0.042599
v 0.881600 15.069201 -0.011301
v 0.915900 15.481700 -0.034301
v 0.810800 15.117300 0.257899
v 0.850500 15.508901 0.231899
v 0.912900 15.109301 0.178199
v 0.950500 15.517600 0.149599
v 0.862800 15.425500 0.207999
v 0.575300 15.859300 0.419599
v 0.959400 15.537801 0.128199
v 0.679200 15.988801 0.358099
v 0.617100 15.828200 0.328599
v 0.139600 16.010000 0.593999
v 0.651700 15.980401 0.296299
v 0.191500 16.163502 0.563699
v 0.274100 15.964400 0.469399
v -0.230500 16.003901 0.742999
v 0.180900 16.140100 0.492199
v -0.229100 16.171001 0.739799
v -0.370700 15.515500 1.172099
v -0.662500 15.145101 0.854599
v -0.392700 15.422900 1.306599
v -0.708700 15.051400 1.010499
v -0.489100 15.285100 1.258099
v -0.404800 15.344501 1.296499
v -0.478400 15.346101 1.112399
v -0.401000 15.405200 1.142599
v 0.285000 15.527400 1.294199
v -0.337700 15.531501 1.293299
v 0.289900 15.390401 1.371699
v -0.347800 15.395200 1.396399
v -0.737100 15.059200 0.324699
v -0.754800 15.535100 0.195899
v -0.876600 15.046700 0.298999
v -0.900800 15.534900 0.174799
v -0.468100 15.416699 -0.337301
v -0.047800 15.624499 -0.500301
v -0.538100 15.492600 -0.444101
v -0.121000 15.703000 -0.606001
v -0.499500 15.548100 -0.228101
v -0.080400 15.750899 -0.373201
v -0.565400 15.666501 -0.269701
v -0.151600 15.874600 -0.418201
v -0.770800 15.278501 -0.116201
v -0.500000 15.643100 -0.276801
v -0.887500 15.352601 -0.154001
v -0.612600 15.727000 -0.316901
v -0.825100 15.376401 0.195999
v -0.559000 15.743899 0.011899
v -0.945500 15.450299 0.149599
v -0.671000 15.831601 -0.032301
v -0.824500 15.436700 0.497599
v -0.560400 15.821200 0.309199
v -0.945600 15.510200 0.450399
v -0.674900 15.909900 0.264899
v -0.735900 15.278100 -0.194001
v -0.787600 15.327901 0.462399
v -0.894100 15.348901 -0.218401
v -0.918900 15.378400 0.422499
v -0.345700 15.284500 -0.472601
v -0.762700 15.332200 -0.064701
v -0.448700 15.358100 -0.611101
v -0.893300 15.384801 -0.243401
v 0.138900 15.297300 -0.622101
v -0.446800 15.341401 -0.461101
v 0.126700 15.377999 -0.749101
v -0.460100 15.391601 -0.595301
v -0.677100 14.688100 0.155899
v -0.742800 14.999600 0.317299
v -0.731600 14.646100 0.233699
v -0.784800 14.952001 0.359499
v -0.724700 14.975801 0.266499
v -0.706300 15.007300 0.621299
v -0.783400 14.877400 0.285699
v -0.781100 14.936900 0.600299
v -0.693500 15.022700 0.529599
v -0.662800 14.863600 0.895499
v -0.750500 14.919200 0.510399
v -0.732100 14.817101 0.837999
v -0.304200 15.832801 -0.085901
v 0.330700 15.832601 -0.077701
v -0.222400 15.999900 -0.097401
v 0.326100 16.006701 -0.080601
v -0.599800 15.639300 -0.095901
v -0.058300 15.898801 -0.088601
v -0.670700 15.774199 -0.139001
v -0.150600 16.052702 -0.093401
v -0.732300 15.229800 -0.078101
v -0.508900 15.766999 -0.083401
v -0.877200 15.277400 -0.114501
v -0.671800 15.833800 -0.089201
v -0.119400 14.232100 -0.126301
v -0.320800 14.290401 -0.094301
v -0.119000 14.126300 -0.168901
v -0.305200 14.197300 -0.116701
v -0.267500 14.426800 -0.132001
v -0.439100 14.390100 0.028899
v -0.261300 14.167000 -0.122801
v -0.410100 14.143701 0.027299
v -0.471800 14.401800 0.104999
v -0.620300 14.479600 0.300299
v -0.527700 14.187201 0.163699
v -0.663600 14.336400 0.374299
v -0.733000 15.362100 0.599199
v -0.505200 15.921100 0.534499
v -0.881700 15.407201 0.547099
v -0.676000 15.988000 0.534799
v -0.633700 15.845201 0.537099
v -0.070400 15.968900 0.512199
v -0.675400 15.996800 0.491899
v -0.114100 16.141201 0.507499
v -0.302400 15.964499 0.522099
v 0.276800 15.963700 0.530099
v -0.211900 16.139101 0.503399
v 0.272600 16.144402 0.522099
v -0.629500 14.879100 0.832799
v -0.559500 15.146700 1.002899
v -0.704300 14.885100 0.849899
v -0.639300 15.144600 1.032699
v -0.644900 14.682400 0.239699
v -0.714200 15.026900 0.301099
v -0.733700 14.667500 0.222699
v -0.810400 14.988400 0.289699
v -0.549000 14.418600 0.376799
v -0.700700 14.759900 0.200199
v -0.632100 14.349200 0.304799
v -0.788600 14.706700 0.129199
v -0.419100 14.298901 0.134499
v -0.659700 14.671200 0.111899
v -0.486000 14.220500 0.071299
v -0.753700 14.629701 0.037999
v -0.363600 14.208600 0.015799
v -0.616200 14.621600 -0.052801
v -0.434500 14.127000 -0.046001
v -0.705800 14.592600 -0.137201
v 0.033100 14.424900 -0.248401
v -0.364200 14.420000 -0.096401
v 0.002900 14.401000 -0.373801
v -0.364800 14.378100 -0.178301
v -0.385000 14.388000 0.004199
v -0.537800 14.406100 0.196299
v -0.411500 14.127700 0.027299
v -0.553900 14.196401 0.200499
v 0.087500 14.241500 -0.140801
v -0.168200 14.271400 -0.117301
v 0.088900 14.141601 -0.180101
v -0.164900 14.183200 -0.143601
v -0.681500 15.658900 0.115099
v -0.722800 15.661000 0.592399
v -0.718300 15.792001 0.136699
v -0.782500 15.788301 0.579499
v -0.571700 15.543799 -0.201601
v -0.722400 15.669000 0.236699
v -0.605700 15.674600 -0.259301
v -0.731900 15.784200 0.116499
v 0.133400 14.507600 -0.399901
v -0.284600 14.590000 -0.372101
v 0.138800 14.551001 -0.515001
v -0.257900 14.619801 -0.470101
v -0.056500 14.531900 -0.466201
v -0.416100 14.544600 -0.238101
v -0.101600 14.574201 -0.564201
v -0.449300 14.568900 -0.332301
v -0.333600 14.557900 -0.325601
v -0.563500 14.540200 0.000599
v -0.419200 14.585900 -0.388801
v -0.629400 14.562201 -0.057501
v -0.500500 14.552200 -0.091301
v -0.628600 14.519000 0.290999
v -0.604700 14.577701 -0.126301
v -0.714000 14.550800 0.214499
v 0.000300 15.100000 -0.696601
v -0.387500 15.142500 -0.549701
v -0.021000 15.150300 -0.802601
v -0.399300 15.175000 -0.637901
v -0.020800 14.963400 -0.628601
v -0.406800 14.995000 -0.498001
v -0.043900 15.016800 -0.733701
v -0.421500 15.030400 -0.583501
v 0.039300 14.727201 -0.584501
v -0.342600 14.819901 -0.488401
v 0.033300 14.789101 -0.692001
v -0.342600 14.860100 -0.579001
v -0.504900 14.817500 -0.352801
v -0.717300 14.801800 0.013799
v -0.591000 14.865500 -0.404401
v -0.779200 14.833400 -0.036201
v -0.646900 14.776000 -0.117601
v -0.697100 14.749300 0.286199
v -0.744900 14.819700 -0.120101
v -0.784500 14.777600 0.229899
v -0.240800 14.747400 -0.475601
v -0.582900 14.833100 -0.279901
v -0.278900 14.805400 -0.577501
v -0.611200 14.874300 -0.363601
v -0.694200 15.048100 0.473699
v -0.684800 14.880700 0.832599
v -0.780800 15.068300 0.500299
v -0.752200 14.947400 0.811999
v -0.664900 15.036600 0.733899
v -0.754200 15.430699 0.679399
v -0.771500 15.002800 0.640399
v -0.854500 15.412101 0.601199
v -0.556500 15.327701 1.098499
v -0.347400 15.584701 1.239699
v -0.630400 15.380700 1.113999
v -0.430700 15.639001 1.271099
v -0.659100 15.111900 0.866399
v -0.593200 15.329801 1.076799
v -0.726300 15.145300 0.849599
v -0.671900 15.353101 1.069599
v -0.692800 15.246700 0.749499
v -0.627600 15.591201 0.978399
v -0.794600 15.269500 0.732799
v -0.739200 15.606999 0.977099
v -0.680900 15.531701 0.959099
v -0.326400 15.809300 1.055099
v -0.753400 15.640000 0.971499
v -0.407200 15.902900 1.096699
v -0.734500 15.390901 0.759099
v -0.602000 15.843400 0.798399
v -0.900200 15.473401 0.573299
v -0.701500 15.938399 0.740199
v -0.345400 14.955501 -0.484801
v -0.683000 15.057200 -0.308201
v -0.378300 15.009501 -0.585601
v -0.702600 15.090900 -0.401101
v -0.323200 15.220901 -0.526501
v -0.579300 15.403901 -0.339201
v -0.356400 15.259400 -0.630801
v -0.612800 15.426499 -0.424101
v -0.390500 15.113600 -0.487901
v -0.698300 15.180901 -0.258201
v -0.441000 15.169600 -0.577801
v -0.731900 15.218400 -0.343201
v -0.711100 14.941401 0.264299
v -0.693500 15.007300 0.619399
v -0.795500 14.976900 0.285099
v -0.790600 15.026500 0.611699
v -0.725300 15.002100 -0.131301
v -0.765700 14.967000 0.284799
v -0.819100 15.035700 -0.135901
v -0.848400 15.005100 0.224399
v -0.602400 15.037001 -0.370201
v -0.786900 15.022700 0.005199
v -0.682500 15.082400 -0.426201
v -0.849500 15.049200 -0.035201
v -0.805700 15.315400 0.349099
v -0.738300 15.276900 0.748899
v -0.898700 15.347301 0.388499
v -0.821300 15.312301 0.752199
v -0.791600 15.505601 0.112999
v -0.780300 15.462901 0.564699
v -0.880200 15.578401 0.138199
v -0.886500 15.528501 0.567299
v -0.695400 15.427600 -0.146401
v -0.804600 15.511500 0.282799
v -0.762200 15.516601 -0.197401
v -0.881300 15.590100 0.227499
v -0.545500 15.326600 -0.397801
v -0.790000 15.478499 -0.067001
v -0.603700 15.396001 -0.490201
v -0.835600 15.529700 -0.145501
v -0.500200 15.401000 -0.468001
v -0.543000 15.712300 -0.130601
v -0.461900 15.499499 -0.567101
v -0.522800 15.788301 -0.217001
v -0.560100 15.620400 -0.198701
v -0.602500 15.814401 0.230299
v -0.522900 15.741799 -0.250601
v -0.571800 15.894401 0.115799
v -0.602800 15.775701 0.082099
v -0.648200 15.805699 0.544699
v -0.579400 15.895700 0.105099
v -0.634600 15.943101 0.531299
v -0.703600 15.456500 0.835199
v -0.634400 15.089000 0.830599
v -0.761400 15.408700 0.929599
v -0.711700 15.057400 0.911599
v -0.713200 15.780301 0.681299
v -0.739300 15.415200 0.884999
v -0.709700 15.809100 0.784699
v -0.750900 15.463901 1.005199
v -0.682200 15.826400 0.595499
v -0.724800 15.554999 0.869899
v -0.673300 15.882701 0.689399
v -0.727400 15.634500 0.957099
v -0.639900 15.838799 0.357599
v -0.698600 15.673699 0.832099
v -0.628100 15.951501 0.431099
v -0.687300 15.812600 0.857999
v -0.533400 15.944900 0.432599
v -0.583300 15.789001 0.850999
v -0.515600 16.044001 0.500799
v -0.583800 15.909200 0.903199
v -0.565300 15.914901 0.621899
v -0.625200 15.630500 1.029299
v -0.560900 16.002001 0.718699
v -0.623400 15.742499 1.096899
v -0.594800 15.873401 0.819099
v -0.638400 15.533500 1.081199
v -0.601400 15.900701 0.931799
v -0.648600 15.585900 1.175299
v -0.622600 15.597001 0.960299
v -0.600000 15.188000 1.003099
v -0.664700 15.558101 1.096999
v -0.651100 15.191100 1.114399
v -0.498700 15.883201 0.170999
v -0.537300 15.906199 0.594799
v -0.483600 16.009001 0.195199
v -0.524700 16.027302 0.587999
v -0.462400 15.763801 -0.104201
v -0.495700 15.913199 0.297599
v -0.428500 15.891200 -0.157801
v -0.474400 16.008101 0.199399
v -0.417400 15.556800 -0.369901
v -0.447600 15.827500 -0.035301
v -0.384600 15.660100 -0.461001
v -0.422500 15.906100 -0.116001
v -0.351800 15.387200 -0.502701
v -0.346000 15.812301 -0.167301
v -0.309200 15.542701 -0.640301
v -0.320900 15.917001 -0.259701
v -0.371100 15.645200 -0.279701
v -0.392800 15.863999 0.258399
v -0.336800 15.808400 -0.355001
v -0.381600 16.030901 0.219999
v -0.405700 15.816800 0.084399
v -0.421000 15.869800 0.653999
v -0.374800 15.981801 0.107399
v -0.410300 16.036100 0.639499
v -0.514300 15.772300 0.979199
v -0.524800 15.361100 1.155199
v -0.517600 15.775300 1.105399
v -0.537300 15.393500 1.273399
v -0.476500 15.935800 0.734299
v -0.499400 15.548200 1.138899
v -0.470000 15.998300 0.846799
v -0.508700 15.634400 1.250599
v -0.443000 15.908000 0.373199
v -0.462600 15.789500 0.972999
v -0.425400 16.061901 0.446799
v -0.460500 15.958899 0.990999
v -0.260500 16.035101 0.468899
v -0.258000 15.886100 1.027599
v -0.234200 16.173700 0.561299
v -0.256700 16.048601 1.094599
v -0.269200 16.016500 0.709599
v -0.294800 15.663701 1.290499
v -0.250800 16.144802 0.838199
v -0.279500 15.820300 1.269899
v -0.281000 15.977201 0.987499
v -0.307800 15.556800 1.350299
v -0.254900 16.006802 1.114199
v -0.336000 15.532001 1.355899
v -0.280900 15.797900 1.089399
v -0.297200 15.384999 1.185099
v -0.294200 15.779799 1.307399
v -0.306200 15.413501 1.378299
v -0.260200 15.951800 0.119299
v -0.236800 16.003000 0.675199
v -0.238200 16.117500 0.141399
v -0.222000 16.170502 0.672899
v -0.260000 15.776401 -0.233601
v -0.230500 15.995000 0.287699
v -0.228700 15.935000 -0.307301
v -0.226200 16.116501 0.145699
v -0.238700 15.482400 -0.584401
v -0.228900 15.865001 -0.147901
v -0.212900 15.561299 -0.675801
v -0.221100 15.963700 -0.256401
v 0.014700 14.171500 -0.157301
v -0.105600 14.595500 -0.398801
v -0.071000 14.076500 -0.213301
v -0.171500 14.514800 -0.439601
v -0.118900 15.488500 -0.592201
v -0.081300 15.868400 -0.152201
v -0.105200 15.591901 -0.661901
v -0.069300 15.967900 -0.263701
v -0.123000 15.780499 -0.232401
v -0.077600 15.993701 0.282199
v -0.089100 15.939099 -0.312801
v -0.068600 16.115002 0.142999
v -0.111500 15.952300 0.117999
v -0.059700 16.004801 0.674699
v -0.083300 16.115902 0.139299
v -0.055600 16.172201 0.665999
v -0.105000 15.806201 1.230499
v -0.105900 15.402801 1.296199
v -0.098500 15.770000 1.375799
v -0.096900 15.403100 1.417399
v -0.088900 15.982100 0.982499
v -0.099600 15.574100 1.343799
v -0.073800 16.044401 1.118399
v -0.086400 15.646600 1.465499
v -0.090600 16.019501 0.716399
v -0.092500 15.678800 1.285299
v -0.067100 16.145201 0.842399
v -0.071600 15.818700 1.391399
v -0.093400 16.038301 0.467699
v -0.066200 15.890300 1.018399
v -0.070700 16.175901 0.553399
v -0.055100 16.049801 1.082499
v -0.248800 15.409400 1.308599
v 0.203300 15.421800 1.319599
v -0.252100 15.486100 1.365799
v 0.198700 15.494800 1.395599
v 0.159700 14.388300 -0.149201
v 0.041100 14.970800 -0.517101
v 0.122800 14.231800 -0.268701
v 0.004700 14.816900 -0.656501
v 0.016300 15.462901 -0.572501
v 0.140100 15.745601 -0.219801
v -0.020700 15.552300 -0.656001
v 0.088700 15.879399 -0.333401
v -0.107700 15.165600 -0.635701
v 0.061400 15.668099 -0.395101
v -0.173800 15.230500 -0.763901
v -0.013300 15.778600 -0.586101
v -0.048400 15.001101 -0.646101
v 0.001500 15.559600 -0.505201
v -0.121100 15.027801 -0.784601
v -0.075200 15.560000 -0.683801
v 0.061100 14.602301 -0.474301
v -0.059500 15.189200 -0.669601
v 0.017400 14.529400 -0.631601
v -0.093900 15.078200 -0.821101
v 0.093200 14.380401 -0.252301
v -0.103900 14.914801 -0.566901
v -0.031200 14.203600 -0.315001
v -0.202100 14.771000 -0.649201
v -0.006900 14.609200 -0.499601
v -0.160900 15.179400 -0.613901
v -0.122200 14.542601 -0.598501
v -0.279900 15.069100 -0.722401
v -0.236000 14.976601 -0.636001
v -0.138600 15.537101 -0.538901
v -0.361800 14.999600 -0.732201
v -0.296400 15.525300 -0.648001
v -0.279500 15.198900 -0.622401
v 0.031000 15.653100 -0.425501
v -0.389900 15.289400 -0.690801
v -0.130500 15.788600 -0.517901
v -0.132200 15.486300 -0.618401
v 0.260500 15.729600 -0.237401
v -0.221800 15.616799 -0.644101
v 0.162800 15.922801 -0.287101
v -0.603800 15.387300 1.084799
v -0.305500 15.705300 1.219699
v -0.691200 15.471000 1.101099
v -0.400000 15.790900 1.250799
v -0.420500 15.392900 1.243099
v -0.085500 15.508401 1.343499
v -0.454700 15.470500 1.273899
v -0.138400 15.592200 1.391999
v -0.660500 15.019200 0.916799
v -0.589900 15.252100 1.116499
v -0.726100 15.051800 0.897899
v -0.669000 15.273200 1.112399
v -0.590600 15.239000 1.112999
v -0.386300 15.486001 1.273899
v -0.666100 15.292000 1.130199
v -0.470100 15.536401 1.308599
v -0.335000 15.572600 1.253799
v 0.203500 15.586501 1.290399
v -0.346100 15.652699 1.353499
v 0.186300 15.651801 1.421399
v -0.666300 14.925900 0.799999
v -0.690000 15.232901 0.838899
v -0.741400 14.904400 0.809499
v -0.769500 15.211900 0.866099
v -0.678200 15.177500 0.840399
v -0.616700 15.505500 1.078899
v -0.779400 15.200500 0.822099
v -0.727000 15.526000 1.074899
v -0.697000 15.495299 1.004599
v -0.346100 15.774701 1.109899
v -0.769600 15.605201 1.017699
v -0.418900 15.877601 1.119499
v -0.403700 15.745101 1.115199
v 0.199400 15.700299 1.288899
v -0.417900 15.879399 1.197899
v 0.164800 15.835000 1.403699
v -0.749200 15.401700 0.746699
v -0.652600 15.777200 0.837499
v -0.845700 15.443700 0.674799
v -0.743800 15.829801 0.771399
v -0.676200 15.048400 0.809599
v -0.766100 15.443801 0.750799
v -0.778300 15.017500 0.713999
v -0.867100 15.422700 0.666299
v -0.700000 15.082000 0.649899
v -0.795700 15.464801 0.601799
v -0.803800 15.043500 0.570099
v -0.897900 15.442800 0.526999
v -0.802500 15.411401 0.582399
v -0.591200 15.841800 0.729899
v -0.913100 15.492101 0.505899
v -0.692800 15.932401 0.668199
v -0.372300 15.840301 0.957399
v 0.186300 15.831901 1.174699
v -0.313100 15.998601 1.035099
v 0.151500 15.996501 1.239199
v -0.666600 15.684400 0.795199
v -0.202600 15.911601 1.039799
v -0.732900 15.828000 0.830899
v -0.292000 16.048101 1.091999
v -0.631300 15.779201 0.677099
v -0.163100 15.988101 0.927199
v -0.697300 15.922400 0.724199
v -0.260500 16.121601 0.978699
v -0.339700 15.917800 0.840999
v 0.205900 15.931300 1.050899
v -0.279700 16.074301 0.913399
v 0.176800 16.090702 1.119599
v -0.285700 15.929200 0.641799
v 0.217700 15.970300 0.936599
v -0.197600 16.096500 0.665099
v 0.210200 16.129601 0.909299
v -0.604400 15.807799 0.520799
v -0.128000 16.016901 0.780799
v -0.636900 15.970099 0.489099
v -0.181800 16.170900 0.748599
v -0.815800 15.431100 0.426799
v -0.604900 15.849000 0.578899
v -0.925000 15.512700 0.351799
v -0.706400 15.939601 0.517199
v -0.769500 15.094400 0.454599
v -0.805400 15.490201 0.435599
v -0.868500 15.086400 0.382499
v -0.907800 15.496301 0.357599
v -0.544000 14.468801 0.190099
v -0.707800 14.813300 0.190999
v -0.617700 14.431700 0.107299
v -0.799900 14.787601 0.109699
v -0.706300 14.786000 0.218999
v -0.821100 15.191000 0.200899
v -0.793200 14.747900 0.140899
v -0.921000 15.155700 0.119999
v -0.016800 15.708100 -0.360101
v 0.524700 15.697600 -0.066301
v 0.067600 15.869401 -0.316701
v 0.515700 15.869901 -0.062501
v -0.321800 15.547000 -0.494301
v 0.176600 15.817800 -0.209001
v -0.386800 15.704400 -0.530401
v 0.056200 15.927300 -0.266301
v -0.416900 15.321500 -0.581201
v -0.185600 15.760699 -0.357801
v -0.490600 15.438500 -0.631901
v -0.265800 15.811400 -0.399301
v -0.408400 15.150500 -0.552901
v -0.371500 15.532599 -0.472101
v -0.503700 15.175000 -0.623301
v -0.453600 15.554601 -0.532501
v -0.313500 14.925800 -0.527901
v -0.394200 15.320001 -0.533901
v -0.409300 14.899100 -0.605301
v -0.490500 15.307900 -0.614001
v -0.219600 14.694301 -0.491301
v -0.338400 15.102700 -0.552101
v -0.310500 14.654600 -0.566401
v -0.435500 15.072101 -0.631701
v -0.143100 14.528200 -0.396301
v -0.214300 14.776200 -0.533001
v -0.207100 14.479600 -0.432701
v -0.277500 14.737801 -0.585001
v -0.004300 14.352901 -0.179201
v -0.148400 14.572001 -0.421401
v -0.075700 14.234301 -0.177201
v -0.207700 14.507800 -0.446901
v -0.460300 14.433001 0.103599
v -0.672100 14.769100 0.078499
v -0.525800 14.372900 0.038099
v -0.767200 14.731700 0.001499
v -0.678600 14.686300 0.047099
v -0.772500 15.095000 0.057299
v -0.765500 14.652200 -0.040201
v -0.869800 15.070100 -0.018401
v -0.421100 14.433600 -0.060101
v -0.633100 14.782300 -0.122501
v -0.507700 14.391100 -0.133801
v -0.725600 14.755500 -0.203501
v -0.673400 14.780000 -0.138501
v -0.748300 15.197001 -0.156301
v -0.767200 14.747700 -0.211601
v -0.848700 15.178500 -0.229001
v -0.308300 14.351900 -0.075501
v -0.465500 14.610100 -0.224901
v -0.361400 14.296000 -0.120701
v -0.527800 14.581700 -0.277801
v -0.455500 14.607400 -0.235401
v -0.578000 15.010100 -0.345301
v -0.533500 14.560101 -0.314401
v -0.662100 14.967800 -0.428801
v -0.567200 14.900200 -0.303001
v -0.670500 15.295100 -0.291901
v -0.653000 14.869000 -0.384501
v -0.761000 15.280300 -0.379601
v -0.125700 14.275400 -0.142001
v -0.263500 14.579400 -0.325701
v -0.173200 14.194800 -0.171301
v -0.323200 14.535000 -0.371701
v -0.259600 14.503000 -0.316201
v -0.357100 14.748600 -0.423201
v -0.320600 14.462800 -0.358801
v -0.418400 14.717000 -0.481101
v -0.343500 14.684401 -0.408501
v -0.454500 15.101601 -0.472401
v -0.432600 14.645200 -0.485301
v -0.549800 15.073000 -0.553901
v -0.436300 14.913200 -0.450201
v -0.505000 15.317300 -0.457301
v -0.535600 14.889800 -0.526401
v -0.601000 15.308000 -0.535101
v -0.534200 15.174100 -0.451801
v -0.491600 15.550900 -0.371501
v -0.625800 15.204101 -0.512001
v -0.572700 15.574800 -0.431401
v -0.517300 15.381801 -0.436101
v -0.287800 15.810401 -0.213701
v -0.590000 15.495900 -0.485701
v -0.366700 15.862800 -0.256301
v -0.401100 15.619800 -0.356901
v 0.086600 15.859500 -0.067501
v -0.451700 15.775001 -0.385001
v -0.014900 15.976399 -0.122001
v -0.088000 15.775401 -0.168001
v 0.463300 15.761001 0.113899
v 0.015700 15.942201 -0.157701
v 0.468200 15.931300 0.097599
v -0.215100 15.833100 -0.073701
v 0.328600 15.927400 0.198299
v -0.152700 16.013601 -0.062501
v 0.299800 16.101801 0.179799
v -0.424300 15.704499 -0.191601
v 0.050700 15.942000 0.086199
v -0.477400 15.860101 -0.218201
v -0.023000 16.100101 0.049899
v -0.587000 15.401801 -0.338001
v -0.336800 15.812600 -0.094101
v -0.691000 15.512200 -0.409601
v -0.442500 15.940700 -0.150701
v -0.657900 15.198900 -0.350701
v -0.606300 15.564799 -0.266601
v -0.751900 15.225101 -0.418401
v -0.701800 15.603499 -0.337901
v -0.722300 15.129701 -0.182901
v -0.688600 15.514199 -0.140101
v -0.820000 15.144500 -0.252001
v -0.782100 15.541101 -0.213601
v -0.705900 15.433400 -0.178101
v -0.440300 15.835000 0.069799
v -0.809600 15.549201 -0.245801
v -0.546400 15.964400 0.013299
v -0.482400 15.805200 -0.021701
v 0.004800 15.989600 0.253999
v -0.516000 15.968101 -0.048701
v -0.046800 16.156301 0.224899
v -0.291200 15.962100 0.076099
v 0.238000 15.965800 0.353099
v -0.209700 16.128201 0.099299
v 0.237800 16.144201 0.345599
v -0.214100 15.964101 0.293299
v 0.298400 15.973800 0.568099
v -0.122700 16.135101 0.314299
v 0.304000 16.140001 0.561999
v -0.561100 15.813201 0.143699
v -0.085500 15.996699 0.409599
v -0.593400 15.962399 0.116699
v -0.136800 16.164101 0.382699
v -0.801200 15.432099 0.004399
v -0.520000 15.842101 0.235199
v -0.908400 15.548600 -0.067601
v -0.623400 15.965100 0.174499
v -0.781700 15.080800 0.058299
v -0.818400 15.475801 0.042599
v -0.881600 15.069201 -0.011301
v -0.915900 15.481700 -0.034301
v -0.810800 15.117300 0.257899
v -0.850500 15.508901 0.231899
v -0.912900 15.109301 0.178199
v -0.950500 15.517600 0.149599
v -0.862800 15.425500 0.207999
v -0.575300 15.859300 0.419599
v -0.959400 15.537801 0.128199
v -0.679200 15.988801 0.358099
v -0.617100 15.828200 0.328599
v -0.139600 16.010101 0.593999
v -0.651700 15.980401 0.296299
v -0.191500 16.163502 0.563699
v -0.274100 15.964400 0.469399
v 0.230500 16.003901 0.742999
v -0.180900 16.140001 0.492199
v 0.229100 16.171101 0.739899
v 0.645900 14.975801 0.885299
v 0.541200 15.220600 1.061799
v 0.689800 14.933800 0.953799
v 0.597300 15.158900 1.109599
v 0.509200 15.343600 1.152999
v 0.279600 15.440700 1.274799
v 0.544400 15.317000 1.223799
v 0.338000 15.403001 1.341599
vn 0.9123 -0.3878 0.1314
vn 0.5587 0.1034 0.8229
vn 0.8063 -0.4054 -0.4308
vn 0.9227 -0.3298 0.1998
vn 0.8804 -0.4164 0.2268
vn 0.6536 -0.3328 0.6798
vn 0.4984 -0.1664 0.8508
vn 0.4027 -0.1997 0.8933
vn 0.2159 -0.0941 0.9719
vn 0.6903 0.7180 -0.0888
vn 0.7305 -0.2865 0.6199
vn 0.4846 0.7199 -0.4969
vn 0.3503 0.7733 -0.5284
vn 0.8467 0.3973 -0.3540
vn 0.9513 -0.3078 0.0174
vn 0.6192 0.6314 -0.4668
vn 0.9888 -0.1480 -0.0176
vn 0.9834 -0.0478 0.1751
vn 0.7231 -0.5715 -0.3879
vn 0.8516 -0.1094 0.5126
vn 0.8780 0.4783 -0.0196
vn 0.9893 0.1292 0.0676
vn 0.6177 -0.6431 -0.4526
vn 0.8811 -0.4026 0.2480
vn 0.1848 0.8335 -0.5207
vn 0.9778 0.1179 -0.1733
vn 0.6368 -0.0149 -0.7709
vn 0.4278 -0.7338 -0.5277
vn 0.7113 -0.3736 -0.5953
vn 0.9307 -0.3633 -0.0428
vn 0.4333 -0.4683 -0.7700
vn 0.7315 -0.4154 -0.5406
vn 0.1687 -0.4718 -0.8654
vn 0.8433 -0.3789 -0.3812
vn 0.5037 -0.3994 -0.7660
vn 0.9392 -0.2972 -0.1718
vn 0.6220 -0.3971 -0.6748
vn 0.9038 -0.3952 -0.1641
vn 0.5772 -0.2143 -0.7880
vn 0.7531 -0.2968 -0.5871
vn 0.2678 -0.1336 -0.9542
vn 0.8757 -0.3412 -0.3415
vn 0.5839 -0.1607 -0.7958
vn 0.6537 0.3140 -0.6885
vn 0.9502 -0.3112 -0.0154
vn 0.7589 0.2757 -0.5900
vn 0.9237 -0.0313 -0.3819
vn 0.1935 0.6266 -0.7549
vn 0.9327 -0.2926 -0.2107
vn 0.0868 0.9960 -0.0206
vn 0.6857 0.7245 0.0710
vn 0.8248 -0.1447 0.5466
vn 0.9300 -0.1698 0.3259
vn 0.1845 0.1498 0.9714
vn 0.4266 0.8857 -0.1830
vn 0.5459 -0.6487 -0.5303
vn 0.4157 -0.6177 -0.6676
vn 0.3229 -0.1395 0.9361
vn 0.6944 0.0018 0.7196
vn 0.4713 -0.5483 -0.6908
vn 0.9740 -0.1145 0.1954
vn 0.9897 0.0805 0.1181
vn 0.2539 -0.5328 -0.8073
vn 0.8610 -0.4494 -0.2379
vn 0.9438 -0.2816 0.1728
vn 0.9343 0.0002 0.3564
vn 0.9377 -0.1585 0.3091
vn 0.1620 -0.5231 -0.8367
vn 0.8461 0.3025 0.4388
vn 0.4210 0.1582 0.8931
vn 0.1223 0.9797 -0.1592
vn 0.9629 -0.1396 0.2311
vn 0.4964 0.6920 0.5241
vn 0.2959 -0.4426 -0.8465
vn 0.6990 0.5230 0.4877
vn 0.3015 0.5685 -0.7655
vn 0.8921 0.4478 0.0600
vn 0.1041 0.8413 0.5304
vn 0.3915 -0.0838 -0.9164
vn 0.1930 0.9810 -0.0208
vn 0.6804 0.4013 0.6132
vn 0.9618 -0.2543 -0.1014
vn 0.8797 -0.2316 0.4154
vn 0.2903 0.1701 0.9417
vn 0.3365 0.9325 -0.1311
vn 0.2264 0.8122 0.5377
vn 0.4817 -0.4213 -0.7684
vn 0.5214 0.4425 -0.7297
vn 0.5586 -0.1169 -0.8212
vn 0.3617 0.9322 0.0154
vn 0.3081 0.5813 0.7531
vn 0.5070 0.4947 0.7059
vn 0.9555 -0.2683 0.1228
vn 0.4000 -0.4134 -0.8180
vn 0.6453 -0.3650 -0.6711
vn 0.6095 -0.0293 -0.7923
vn 0.8357 -0.1084 -0.5384
vn 0.2032 0.2306 -0.9516
vn 0.9337 -0.2121 -0.2885
vn 0.9030 -0.3115 0.2960
vn 0.3846 0.0941 -0.9183
vn 0.5369 0.0113 -0.8435
vn 0.9044 -0.3480 0.2468
vn 0.8775 -0.4357 -0.2005
vn 0.8430 -0.5145 0.1571
vn 0.9268 -0.2040 0.3153
vn 0.9309 -0.1988 0.3065
vn 0.9277 -0.3003 0.2217
vn 0.9343 -0.3552 0.0308
vn 0.9435 -0.2036 0.2614
vn 0.9461 -0.3167 0.0679
vn 0.9333 0.0257 0.3581
vn 0.9593 -0.1266 0.2525
vn 0.8209 0.2543 0.5113
vn 0.1553 0.6935 0.7035
vn 0.9596 -0.2443 0.1395
vn 0.3563 -0.7398 -0.5707
vn 0.5357 -0.6849 -0.4940
vn 0.5994 -0.6520 -0.4643
vn 0.6671 -0.6348 -0.3899
vn 0.7929 -0.5627 -0.2339
vn 0.9593 -0.1786 0.2187
vn 0.9633 -0.2325 0.1345
vn 0.9620 -0.2135 0.1704
vn 0.8973 -0.4098 -0.1642
vn 0.8062 -0.4711 -0.3578
vn 0.9128 -0.2717 0.3048
vn 0.9440 -0.1690 0.2833
vn 0.9884 -0.0308 0.1489
vn 0.9803 0.1947 0.0339
vn 0.8455 0.5194 -0.1240
vn 0.6711 0.6846 -0.2845
vn 0.4808 0.8097 -0.3364
vn 0.3864 0.8801 -0.2758
vn 0.1081 0.9667 -0.2318
vn 0.6761 -0.4824 -0.5569
vn 0.5577 -0.3884 -0.7336
vn 0.5432 -0.3432 -0.7663
vn 0.5141 -0.3273 -0.7928
vn 0.3454 -0.3106 -0.8855
vn 0.1933 -0.3139 -0.9296
vn 0.7003 0.6931 -0.1707
vn 0.9851 -0.0902 0.1462
vn 0.8616 0.5000 -0.0869
vn 0.9830 0.1710 0.0665
vn 0.3743 0.9206 -0.1113
vn 0.1200 0.9928 -0.0003
vn 0.2580 0.9646 -0.0536
vn 0.9557 -0.2225 0.1924
vn 0.0763 0.9708 0.2273
vn 0.6941 0.6537 0.3017
vn 0.9377 -0.1462 0.3152
vn 0.9460 0.0054 0.3240
vn 0.8764 0.3571 0.3232
vn 0.1813 0.9616 0.2062
vn 0.4194 0.8788 0.2277
vn 0.9599 -0.2074 0.1888
vn 0.8255 -0.5183 0.2234
vn 0.8233 -0.5393 0.1769
vn 0.9664 -0.2252 0.1236
vn 0.9950 -0.0969 0.0251
vn 0.9823 0.1390 -0.1260
vn 0.8446 0.4748 -0.2476
vn 0.6274 0.7026 -0.3357
vn 0.4934 0.7652 -0.4136
vn 0.3740 0.7933 -0.4804
vn 0.1206 0.8544 -0.5055
vn 0.5127 0.6190 -0.5950
vn 0.3250 0.7118 -0.6227
vn 0.8136 0.2261 -0.5357
vn 0.9535 -0.2957 0.0587
vn 0.6398 0.4549 -0.6195
vn 0.9843 -0.1702 -0.0472
vn 0.8206 -0.3757 0.4307
vn 0.1973 0.7070 -0.6791
vn 0.9544 0.0392 -0.2959
vn 0.6359 0.1106 -0.7638
vn 0.9699 -0.2390 -0.0463
vn 0.6641 0.0496 -0.7460
vn 0.8496 -0.1766 -0.4970
vn 0.1837 0.4641 -0.8665
vn 0.9346 -0.2514 -0.2516
vn 0.3463 0.4060 -0.8457
vn 0.5174 0.2537 -0.8173
vn 0.1060 -0.1230 0.9867
vn -0.0235 -0.4290 -0.9030
vn 0.1636 -0.7690 -0.6180
vn 0.1564 -0.7844 -0.6001
vn 0.2889 -0.4998 -0.8165
vn 0.9527 -0.2811 0.1151
vn 0.5627 0.1197 0.8179
vn 0.8201 -0.3494 -0.4532
vn 0.9489 -0.2220 0.2245
vn 0.9292 -0.3122 0.1976
vn 0.7502 -0.2141 0.6256
vn 0.5751 -0.0283 0.8176
vn 0.4729 -0.0677 0.8785
vn 0.2325 0.0445 0.9716
vn 0.6910 0.7173 -0.0889
vn 0.8267 -0.1829 0.5321
vn 0.4841 0.7192 -0.4983
vn 0.3512 0.7729 -0.5284
vn 0.8467 0.3989 -0.3520
vn 0.9497 -0.3126 0.0189
vn 0.6174 0.6332 -0.4668
vn 0.9877 -0.1550 -0.0201
vn 0.9825 -0.0503 0.1795
vn 0.7234 -0.5700 -0.3897
vn 0.9412 -0.0189 0.3372
vn 0.8775 0.4792 -0.0186
vn 0.9889 0.1311 0.0694
vn 0.6180 -0.6398 -0.4568
vn 0.9276 -0.3181 0.1961
vn 0.1861 0.8335 -0.5202
vn 0.9772 0.1171 -0.1770
vn 0.6325 -0.0094 -0.7745
vn 0.4163 -0.7405 -0.5276
vn 0.7206 -0.3211 -0.6145
vn 0.9243 -0.3547 -0.1407
vn 0.4389 -0.4377 -0.7848
vn 0.7335 -0.4091 -0.5428
vn 0.1718 -0.4735 -0.8639
vn 0.8449 -0.3726 -0.3837
vn 0.5094 -0.3933 -0.7654
vn 0.9400 -0.2952 -0.1711
vn 0.6159 -0.3959 -0.6811
vn 0.9039 -0.3940 -0.1664
vn 0.5715 -0.2122 -0.7927
vn 0.7568 -0.2928 -0.5844
vn 0.2726 -0.1340 -0.9528
vn 0.8756 -0.3387 -0.3445
vn 0.5784 -0.1496 -0.8019
vn 0.6519 0.3153 -0.6897
vn 0.9503 -0.3110 -0.0128
vn 0.7582 0.2788 -0.5894
vn 0.9232 -0.0311 -0.3830
vn 0.1892 0.6217 -0.7601
vn 0.9317 -0.2944 -0.2125
vn 0.0856 0.9961 -0.0208
vn 0.6851 0.7249 0.0717
vn 0.8292 -0.1357 0.5423
vn 0.9216 -0.1889 0.3391
vn 0.2004 0.1575 0.9670
vn 0.4208 0.8886 -0.1826
vn 0.5285 -0.6533 -0.5421
vn 0.4292 -0.6166 -0.6601
vn 0.3662 0.0032 0.9305
vn 0.6987 0.0157 0.7153
vn 0.4612 -0.5468 -0.6988
vn 0.9735 -0.1173 0.1962
vn 0.9896 0.0836 0.1175
vn 0.2564 -0.5300 -0.8083
vn 0.8666 -0.3889 -0.3127
vn 0.9554 -0.2920 0.0435
vn 0.9341 0.0037 0.3569
vn 0.9371 -0.1594 0.3104
vn 0.1628 -0.5180 -0.8398
vn 0.8465 0.3061 0.4357
vn 0.4202 0.1815 0.8891
vn 0.1226 0.9796 -0.1592
vn 0.9892 -0.0067 0.1463
vn 0.4959 0.6936 0.5225
vn 0.2905 -0.4442 -0.8475
vn 0.6965 0.5281 0.4859
vn 0.3089 0.5606 -0.7683
vn 0.8907 0.4508 0.0577
vn 0.1010 0.8433 0.5279
vn 0.3962 -0.0849 -0.9142
vn 0.1917 0.9812 -0.0214
vn 0.6742 0.4072 0.6161
vn 0.9618 -0.2526 -0.1056
vn 0.8803 -0.2333 0.4130
vn 0.2934 0.1914 0.9366
vn 0.3359 0.9328 -0.1306
vn 0.2252 0.8150 0.5339
vn 0.4823 -0.4174 -0.7701
vn 0.5218 0.4429 -0.7291
vn 0.5728 -0.1085 -0.8125
vn 0.3586 0.9334 0.0143
vn 0.3083 0.5829 0.7518
vn 0.5038 0.4988 0.7052
vn 0.9476 -0.3188 -0.0199
vn 0.4099 -0.3774 -0.8304
vn 0.6430 -0.3202 -0.6957
vn 0.6009 -0.0363 -0.7985
vn 0.8371 -0.1116 -0.5356
vn 0.2054 0.2307 -0.9511
vn 0.9337 -0.2081 -0.2914
vn 0.9390 -0.2676 0.2162
vn 0.3875 0.0918 -0.9173
vn 0.5430 0.0015 -0.8397
vn 0.9336 -0.3336 0.1306
vn 0.8777 -0.4359 -0.1991
vn 0.9045 -0.4043 0.1355
vn 0.9271 -0.2043 0.3142
vn 0.9304 -0.2003 0.3068
vn 0.9433 -0.1873 0.2741
vn 0.9664 -0.2506 0.0564
vn 0.9421 -0.2072 0.2638
vn 0.9233 -0.3771 -0.0727
vn 0.9330 0.0274 0.3589
vn 0.9590 -0.1283 0.2526
vn 0.8206 0.2533 0.5124
vn 0.1586 0.7013 0.6950
vn 0.9656 -0.1449 0.2161
vn 0.3588 -0.7397 -0.5692
vn 0.5194 -0.6854 -0.5103
vn 0.5978 -0.6532 -0.4647
vn 0.6657 -0.6380 -0.3870
vn 0.7884 -0.5672 -0.2381
vn 0.9592 -0.1784 0.2194
vn 0.9677 -0.2521 -0.0031
vn 0.9641 -0.1051 0.2439
vn 0.8980 -0.4072 -0.1667
vn 0.8063 -0.4695 -0.3598
vn 0.9445 -0.2545 0.2077
vn 0.9431 -0.1723 0.2845
vn 0.9881 -0.0348 0.1501
vn 0.9800 0.1959 0.0344
vn 0.8447 0.5207 -0.1238
vn 0.6731 0.6831 -0.2833
vn 0.4770 0.8114 -0.3378
vn 0.3864 0.8803 -0.2752
vn 0.1079 0.9670 -0.2306
vn 0.6775 -0.4813 -0.5562
vn 0.5547 -0.3844 -0.7379
vn 0.5423 -0.3415 -0.7676
vn 0.5242 -0.3298 -0.7852
vn 0.3465 -0.3073 -0.8863
vn 0.1980 -0.3149 -0.9282
vn 0.7019 0.6915 -0.1709
vn 0.9847 -0.0935 0.1473
vn 0.8610 0.5009 -0.0875
vn 0.9826 0.1724 0.0694
vn 0.3691 0.9222 -0.1150
vn 0.1194 0.9928 -0.0039
vn 0.2577 0.9645 -0.0581
vn 0.9551 -0.2269 0.1904
vn 0.0751 0.9722 0.2216
vn 0.6931 0.6556 0.2996
vn 0.9370 -0.1477 0.3167
vn 0.9445 0.0065 0.3285
vn 0.8747 0.3598 0.3247
vn 0.1796 0.9631 0.2007
vn 0.4164 0.8813 0.2232
vn 0.9595 -0.2106 0.1873
vn 0.8852 -0.4298 0.1782
vn 0.8839 -0.4499 0.1275
vn 0.9655 -0.2269 0.1279
vn 0.9946 -0.0997 0.0289
vn 0.9818 0.1421 -0.1264
vn 0.8438 0.4760 -0.2480
vn 0.6289 0.7012 -0.3359
vn 0.4910 0.7667 -0.4136
vn 0.3751 0.7938 -0.4788
vn 0.1205 0.8558 -0.5031
vn 0.5131 0.6196 -0.5940
vn 0.3318 0.7147 -0.6157
vn 0.8142 0.2228 -0.5361
vn 0.9534 -0.2946 0.0644
vn 0.6369 0.4579 -0.6202
vn 0.9847 -0.1681 -0.0452
vn 0.8845 -0.2999 0.3575
vn 0.1943 0.7130 -0.6737
vn 0.9541 0.0411 -0.2966
vn 0.6352 0.1082 -0.7647
vn 0.9698 -0.2387 -0.0505
vn 0.6617 0.0495 -0.7481
vn 0.8492 -0.1795 -0.4966
vn 0.1847 0.4664 -0.8651
vn 0.9321 -0.2566 -0.2554
vn 0.3484 0.4081 -0.8438
vn 0.5185 0.2541 -0.8164
vn 0.1148 0.0044 0.9934
vn -0.0605 -0.4039 -0.9128
vn 0.1625 -0.7745 -0.6113
vn 0.1371 -0.7963 -0.5891
vn 0.2801 -0.4822 -0.8301
vn -0.9123 -0.3879 0.1314
vn -0.5587 0.1034 0.8229
vn -0.8062 -0.4053 -0.4310
vn -0.9226 -0.3297 0.2002
vn -0.8805 -0.4165 0.2262
vn -0.6537 -0.3326 0.6798
vn -0.4986 -0.1664 0.8507
vn -0.4027 -0.1997 0.8933
vn -0.2159 -0.0941 0.9719
vn -0.6902 0.7182 -0.0886
vn -0.7305 -0.2867 0.6198
vn -0.4841 0.7202 -0.4969
vn -0.3508 0.7731 -0.5285
vn -0.8466 0.3975 -0.3539
vn -0.9513 -0.3078 0.0174
vn -0.6193 0.6314 -0.4666
vn -0.9888 -0.1481 -0.0176
vn -0.9834 -0.0477 0.1751
vn -0.7231 -0.5715 -0.3879
vn -0.8516 -0.1093 0.5127
vn -0.8781 0.4780 -0.0192
vn -0.9893 0.1292 0.0676
vn -0.6177 -0.6431 -0.4526
vn -0.8810 -0.4033 0.2474
vn -0.1847 0.8334 -0.5209
vn -0.9778 0.1179 -0.1731
vn -0.6368 -0.0149 -0.7709
vn -0.4279 -0.7338 -0.5277
vn -0.7112 -0.3735 -0.5956
vn -0.9306 -0.3635 -0.0427
vn -0.4336 -0.4682 -0.7699
vn -0.7315 -0.4154 -0.5406
vn -0.1691 -0.4718 -0.8653
vn -0.8433 -0.3789 -0.3812
vn -0.5037 -0.3994 -0.7660
vn -0.9392 -0.2973 -0.1717
vn -0.6220 -0.3971 -0.6748
vn -0.9036 -0.3958 -0.1641
vn -0.5772 -0.2143 -0.7880
vn -0.7532 -0.2967 -0.5870
vn -0.2681 -0.1334 -0.9541
vn -0.8757 -0.3414 -0.3415
vn -0.5838 -0.1607 -0.7958
vn -0.6537 0.3140 -0.6885
vn -0.9502 -0.3113 -0.0156
vn -0.7589 0.2759 -0.5899
vn -0.9237 -0.0313 -0.3819
vn -0.1936 0.6261 -0.7553
vn -0.9327 -0.2926 -0.2107
vn -0.0868 0.9960 -0.0206
vn -0.6857 0.7245 0.0710
vn -0.8246 -0.1448 0.5468
vn -0.9300 -0.1699 0.3261
vn -0.1845 0.1498 0.9714
vn -0.4262 0.8860 -0.1826
vn -0.5462 -0.6484 -0.5302
vn -0.4155 -0.6176 -0.6678
vn -0.3229 -0.1395 0.9361
vn -0.6944 0.0014 0.7196
vn -0.4713 -0.5483 -0.6908
vn -0.9740 -0.1145 0.1955
vn -0.9897 0.0805 0.1181
vn -0.2537 -0.5326 -0.8074
vn -0.8610 -0.4494 -0.2379
vn -0.9441 -0.2809 0.1725
vn -0.9343 0.0002 0.3564
vn -0.9377 -0.1586 0.3093
vn -0.1623 -0.5230 -0.8367
vn -0.8461 0.3025 0.4388
vn -0.4210 0.1582 0.8931
vn -0.1221 0.9796 -0.1594
vn -0.9629 -0.1395 0.2310
vn -0.4960 0.6924 0.5241
vn -0.2956 -0.4426 -0.8466
vn -0.6992 0.5228 0.4877
vn -0.3013 0.5681 -0.7658
vn -0.8922 0.4477 0.0598
vn -0.1039 0.8412 0.5306
vn -0.3912 -0.0835 -0.9165
vn -0.1930 0.9810 -0.0208
vn -0.6805 0.4012 0.6132
vn -0.9618 -0.2543 -0.1014
vn -0.8796 -0.2317 0.4154
vn -0.2903 0.1701 0.9417
vn -0.3369 0.9324 -0.1311
vn -0.2268 0.8121 0.5376
vn -0.4817 -0.4213 -0.7684
vn -0.5214 0.4425 -0.7297
vn -0.5585 -0.1169 -0.8212
vn -0.3617 0.9322 0.0154
vn -0.3081 0.5813 0.7531
vn -0.5069 0.4947 0.7060
vn -0.9556 -0.2680 0.1227
vn -0.3998 -0.4135 -0.8181
vn -0.6455 -0.3649 -0.6709
vn -0.6095 -0.0293 -0.7923
vn -0.8357 -0.1083 -0.5384
vn -0.2035 0.2303 -0.9516
vn -0.9337 -0.2120 -0.2885
vn -0.9030 -0.3111 0.2962
vn -0.3843 0.0939 -0.9184
vn -0.5370 0.0113 -0.8435
vn -0.9043 -0.3486 0.2465
vn -0.8777 -0.4353 -0.2005
vn -0.8432 -0.5137 0.1584
vn -0.9269 -0.2040 0.3152
vn -0.9308 -0.1988 0.3066
vn -0.9278 -0.3002 0.2215
vn -0.9343 -0.3552 0.0308
vn -0.9435 -0.2040 0.2611
vn -0.9462 -0.3165 0.0679
vn -0.9333 0.0257 0.3581
vn -0.9593 -0.1266 0.2525
vn -0.8209 0.2543 0.5113
vn -0.1553 0.6935 0.7035
vn -0.9596 -0.2443 0.1393
vn -0.3559 -0.7400 -0.5707
vn -0.5359 -0.6850 -0.4936
vn -0.5992 -0.6522 -0.4643
vn -0.6671 -0.6348 -0.3899
vn -0.7927 -0.5628 -0.2343
vn -0.9593 -0.1786 0.2186
vn -0.9632 -0.2328 0.1343
vn -0.9619 -0.2136 0.1706
vn -0.8976 -0.4092 -0.1640
vn -0.8064 -0.4710 -0.3577
vn -0.9128 -0.2719 0.3047
vn -0.9438 -0.1690 0.2839
vn -0.9884 -0.0308 0.1489
vn -0.9803 0.1946 0.0338
vn -0.8453 0.5195 -0.1244
vn -0.6714 0.6842 -0.2848
vn -0.4803 0.8098 -0.3370
vn -0.3867 0.8799 -0.2761
vn -0.1081 0.9667 -0.2318
vn -0.6761 -0.4826 -0.5568
vn -0.5576 -0.3884 -0.7336
vn -0.5432 -0.3432 -0.7663
vn -0.5141 -0.3273 -0.7928
vn -0.3452 -0.3106 -0.8856
vn -0.1935 -0.3139 -0.9295
vn -0.7003 0.6931 -0.1707
vn -0.9852 -0.0901 0.1461
vn -0.8616 0.5000 -0.0869
vn -0.9830 0.1710 0.0667
vn -0.3740 0.9207 -0.1115
vn -0.1198 0.9928 -0.0001
vn -0.2585 0.9645 -0.0535
vn -0.9558 -0.2226 0.1923
vn -0.0759 0.9709 0.2271
vn -0.6942 0.6536 0.3015
vn -0.9377 -0.1462 0.3151
vn -0.9460 0.0054 0.3240
vn -0.8764 0.3571 0.3232
vn -0.1818 0.9615 0.2062
vn -0.4190 0.8790 0.2277
vn -0.9598 -0.2075 0.1890
vn -0.8256 -0.5179 0.2239
vn -0.8231 -0.5400 0.1758
vn -0.9664 -0.2252 0.1236
vn -0.9950 -0.0969 0.0251
vn -0.9823 0.1389 -0.1260
vn -0.8445 0.4750 -0.2475
vn -0.6275 0.7026 -0.3355
vn -0.4930 0.7655 -0.4136
vn -0.3746 0.7932 -0.4801
vn -0.1205 0.8545 -0.5053
vn -0.5124 0.6192 -0.5950
vn -0.3253 0.7120 -0.6223
vn -0.8136 0.2261 -0.5357
vn -0.9535 -0.2955 0.0588
vn -0.6398 0.4546 -0.6196
vn -0.9843 -0.1702 -0.0472
vn -0.8206 -0.3753 0.4311
vn -0.1972 0.7072 -0.6790
vn -0.9544 0.0391 -0.2959
vn -0.6359 0.1106 -0.7638
vn -0.9699 -0.2390 -0.0463
vn -0.6641 0.0496 -0.7460
vn -0.8496 -0.1766 -0.4970
vn -0.1840 0.4643 -0.8663
vn -0.9345 -0.2515 -0.2517
vn -0.3461 0.4063 -0.8457
vn -0.5174 0.2537 -0.8173
vn -0.1060 -0.1230 0.9867
vn 0.0239 -0.4288 -0.9031
vn -0.1636 -0.7690 -0.6180
vn -0.1564 -0.7844 -0.6001
vn -0.2890 -0.4996 -0.8166
vn -0.9527 -0.2814 0.1148
vn -0.5628 0.1196 0.8179
vn -0.8201 -0.3494 -0.4532
vn -0.9488 -0.2220 0.2247
vn -0.9292 -0.3123 0.1976
vn -0.7502 -0.2143 0.6255
vn -0.5751 -0.0283 0.8176
vn -0.4729 -0.0678 0.8785
vn -0.2325 0.0445 0.9716
vn -0.6910 0.7173 -0.0889
vn -0.8266 -0.1830 0.5322
vn -0.4840 0.7192 -0.4986
vn -0.3512 0.7729 -0.5284
vn -0.8468 0.3987 -0.3521
vn -0.9497 -0.3125 0.0193
vn -0.6177 0.6330 -0.4667
vn -0.9877 -0.1550 -0.0201
vn -0.9825 -0.0503 0.1795
vn -0.7236 -0.5697 -0.3896
vn -0.9412 -0.0189 0.3372
vn -0.8775 0.4792 -0.0183
vn -0.9889 0.1310 0.0696
vn -0.6181 -0.6399 -0.4566
vn -0.9276 -0.3181 0.1961
vn -0.1861 0.8335 -0.5202
vn -0.9772 0.1171 -0.1771
vn -0.6326 -0.0097 -0.7744
vn -0.4163 -0.7405 -0.5276
vn -0.7206 -0.3210 -0.6146
vn -0.9243 -0.3547 -0.1407
vn -0.4384 -0.4377 -0.7850
vn -0.7338 -0.4088 -0.5426
vn -0.1718 -0.4735 -0.8639
vn -0.8447 -0.3731 -0.3838
vn -0.5095 -0.3934 -0.7652
vn -0.9399 -0.2956 -0.1710
vn -0.6158 -0.3958 -0.6813
vn -0.9037 -0.3944 -0.1665
vn -0.5716 -0.2121 -0.7927
vn -0.7567 -0.2928 -0.5846
vn -0.2726 -0.1340 -0.9527
vn -0.8755 -0.3390 -0.3444
vn -0.5785 -0.1495 -0.8019
vn -0.6519 0.3153 -0.6897
vn -0.9503 -0.3110 -0.0128
vn -0.7582 0.2788 -0.5894
vn -0.9232 -0.0311 -0.3831
vn -0.1892 0.6217 -0.7601
vn -0.9318 -0.2944 -0.2124
vn -0.0859 0.9961 -0.0210
vn -0.6851 0.7249 0.0717
vn -0.8291 -0.1357 0.5423
vn -0.9216 -0.1889 0.3390
vn -0.2004 0.1575 0.9670
vn -0.4207 0.8886 -0.1830
vn -0.5282 -0.6535 -0.5421
vn -0.4292 -0.6166 -0.6601
vn -0.3662 0.0032 0.9305
vn -0.6987 0.0157 0.7153
vn -0.4612 -0.5468 -0.6988
vn -0.9735 -0.1173 0.1962
vn -0.9896 0.0836 0.1174
vn -0.2567 -0.5299 -0.8083
vn -0.8666 -0.3889 -0.3127
vn -0.9555 -0.2918 0.0434
vn -0.9342 0.0037 0.3567
vn -0.9371 -0.1594 0.3105
vn -0.1625 -0.5179 -0.8399
vn -0.8462 0.3059 0.4362
vn -0.4202 0.1815 0.8891
vn -0.1226 0.9796 -0.1592
vn -0.9892 -0.0067 0.1463
vn -0.4957 0.6938 0.5224
vn -0.2905 -0.4442 -0.8475
vn -0.6967 0.5274 0.4862
vn -0.3091 0.5604 -0.7684
vn -0.8908 0.4508 0.0576
vn -0.1010 0.8433 0.5279
vn -0.3961 -0.0849 -0.9143
vn -0.1915 0.9813 -0.0217
vn -0.6749 0.4069 0.6156
vn -0.9618 -0.2526 -0.1056
vn -0.8803 -0.2334 0.4131
vn -0.2934 0.1915 0.9366
vn -0.3360 0.9327 -0.1309
vn -0.2252 0.8150 0.5339
vn -0.4819 -0.4177 -0.7703
vn -0.5216 0.4429 -0.7292
vn -0.5729 -0.1084 -0.8124
vn -0.3586 0.9334 0.0143
vn -0.3083 0.5829 0.7518
vn -0.5035 0.4990 0.7053
vn -0.9475 -0.3191 -0.0200
vn -0.4103 -0.3773 -0.8302
vn -0.6429 -0.3202 -0.6959
vn -0.6009 -0.0363 -0.7985
vn -0.8369 -0.1116 -0.5358
vn -0.2055 0.2308 -0.9511
vn -0.9337 -0.2081 -0.2913
vn -0.9390 -0.2676 0.2162
vn -0.3875 0.0918 -0.9173
vn -0.5430 0.0015 -0.8397
vn -0.9336 -0.3338 0.1305
vn -0.8777 -0.4359 -0.1991
vn -0.9045 -0.4043 0.1355
vn -0.9271 -0.2042 0.3143
vn -0.9304 -0.2004 0.3068
vn -0.9433 -0.1874 0.2740
vn -0.9664 -0.2507 0.0565
vn -0.9421 -0.2073 0.2637
vn -0.9233 -0.3770 -0.0729
vn -0.9330 0.0273 0.3588
vn -0.9591 -0.1283 0.2525
vn -0.8204 0.2539 0.5123
vn -0.1586 0.7013 0.6950
vn -0.9656 -0.1449 0.2161
vn -0.3588 -0.7397 -0.5692
vn -0.5196 -0.6855 -0.5101
vn -0.5975 -0.6534 -0.4648
vn -0.6657 -0.6380 -0.3870
vn -0.7886 -0.5669 -0.2380
vn -0.9592 -0.1784 0.2194
vn -0.9677 -0.2521 -0.0031
vn -0.9641 -0.1051 0.2439
vn -0.8985 -0.4063 -0.1664
vn -0.8065 -0.4691 -0.3599
vn -0.9445 -0.2545 0.2077
vn -0.9431 -0.1724 0.2843
vn -0.9881 -0.0348 0.1501
vn -0.9800 0.1958 0.0343
vn -0.8448 0.5205 -0.1239
vn -0.6730 0.6831 -0.2836
vn -0.4767 0.8116 -0.3378
vn -0.3866 0.8802 -0.2753
vn -0.1081 0.9670 -0.2309
vn -0.6775 -0.4813 -0.5562
vn -0.5547 -0.3844 -0.7379
vn -0.5426 -0.3415 -0.7674
vn -0.5239 -0.3297 -0.7854
vn -0.3463 -0.3072 -0.8864
vn -0.1981 -0.3148 -0.9282
vn -0.7018 0.6916 -0.1707
vn -0.9847 -0.0935 0.1473
vn -0.8610 0.5009 -0.0875
vn -0.9826 0.1723 0.0694
vn -0.3692 0.9222 -0.1149
vn -0.1197 0.9928 -0.0036
vn -0.2574 0.9646 -0.0578
vn -0.9551 -0.2268 0.1905
vn -0.0751 0.9722 0.2216
vn -0.6930 0.6557 0.2995
vn -0.9369 -0.1476 0.3168
vn -0.9444 0.0063 0.3286
vn -0.8748 0.3597 0.3246
vn -0.1796 0.9631 0.2007
vn -0.4164 0.8813 0.2232
vn -0.9595 -0.2106 0.1873
vn -0.8852 -0.4299 0.1777
vn -0.8840 -0.4496 0.1279
vn -0.9655 -0.2269 0.1279
vn -0.9946 -0.0997 0.0289
vn -0.9818 0.1420 -0.1263
vn -0.8437 0.4760 -0.2481
vn -0.6292 0.7010 -0.3358
vn -0.4907 0.7671 -0.4133
vn -0.3751 0.7940 -0.4785
vn -0.1207 0.8559 -0.5029
vn -0.5131 0.6196 -0.5940
vn -0.3318 0.7147 -0.6157
vn -0.8143 0.2228 -0.5360
vn -0.9534 -0.2948 0.0643
vn -0.6369 0.4579 -0.6202
vn -0.9847 -0.1680 -0.0453
vn -0.8845 -0.2999 0.3575
vn -0.1943 0.7130 -0.6737
vn -0.9541 0.0411 -0.2966
vn -0.6352 0.1081 -0.7647
vn -0.9698 -0.2387 -0.0505
vn -0.6617 0.0495 -0.7481
vn -0.8491 -0.1796 -0.4967
vn -0.1848 0.4663 -0.8651
vn -0.9321 -0.2568 -0.2555
vn -0.3485 0.4079 -0.8439
vn -0.5184 0.2541 -0.8165
vn -0.1148 0.0044 0.9934
vn 0.0605 -0.4039 -0.9128
vn -0.1629 -0.7746 -0.6111
vn -0.1367 -0.7964 -0.5891
vn -0.2804 -0.4823 -0.8299
vn 0.8236 0.5452 0.1564
vn 0.6403 0.7219 0.2623
vn -0.0196 0.5508 0.8344
vn 0.1674 0.2434 0.9554
vn 0.1304 0.7578 0.6393
vn -0.1252 0.3962 0.9096
vn 0.0228 0.4151 0.9095
vn 0.0298 0.4563 0.8893
vn 0.0368 0.4504 0.8921
vn 0.3925 -0.9192 0.0330
vn 0.2536 -0.9484 -0.1905
vn 0.1591 -0.8885 -0.4304
vn -0.8129 -0.1095 0.5720
vn -0.7828 -0.6194 0.0599
vn -0.8000 -0.5406 -0.2602
vn 0.0214 0.0469 0.9987
vn 0.1029 0.1059 0.9890
vn 0.1245 0.0307 0.9917
vn -0.1055 -0.3011 0.9477
vn -0.6896 0.0588 0.7218
vn -0.8158 -0.0117 0.5782
vn 0.1205 0.1125 0.9863
vn 0.0265 0.1454 0.9890
vn 0.0254 0.0810 0.9964
vn -0.2232 -0.5811 0.7827
vn 0.0895 -0.2076 0.9741
vn 0.6711 0.0757 0.7375
vn 0.5017 -0.2675 0.8227
vn 0.5797 -0.2021 0.7893
vn -0.1602 -0.9474 0.2769
vn -0.7735 -0.0333 0.6330
vn -0.0650 -0.3273 0.9427
vn 0.9334 -0.3424 -0.1076
vn 0.9207 -0.3223 -0.2202
vn 0.2009 -0.9168 -0.3452
vn 0.1769 -0.9501 -0.2568
vn 0.1762 -0.9680 -0.1789
vn 0.2059 -0.9673 -0.1479
vn 0.2224 -0.9099 -0.3501
vn 0.1943 -0.9032 -0.3827
vn 0.3023 -0.8508 -0.4298
vn 0.3284 -0.9139 -0.2386
vn 0.3243 -0.9378 -0.1241
vn 0.3923 -0.8622 -0.3205
vn 0.4744 -0.8182 -0.3249
vn 0.6310 -0.0451 0.7745
vn 0.0550 -0.4672 0.8824
vn 0.3545 -0.6134 0.7058
vn 0.1672 -0.5418 0.8237
vn 0.0655 -0.3039 0.9504
vn 0.6516 0.0654 0.7558
vn 0.3974 -0.8718 -0.2866
vn 0.5908 -0.8051 -0.0530
vn 0.3888 -0.8771 -0.2820
vn 0.2736 -0.9468 0.1696
vn 0.3396 -0.9341 -0.1097
vn 0.3255 -0.9227 -0.2065
vn 0.3616 -0.9321 -0.0212
vn 0.5852 -0.8068 -0.0816
vn 0.7346 -0.6747 -0.0722
vn 0.6456 -0.7512 -0.1376
vn 0.9708 0.0880 -0.2233
vn 0.9673 0.1723 -0.1861
vn 0.9816 0.1457 -0.1238
vn 0.7639 -0.1064 -0.6365
vn 0.9965 0.0604 -0.0570
vn 0.9906 0.1236 -0.0583
vn 0.9883 0.1251 -0.0871
vn 0.9868 0.1304 -0.0958
vn 0.9913 0.1008 -0.0846
vn 0.9930 0.0581 -0.1031
vn 0.9303 -0.0713 -0.3599
vn 0.9877 0.1180 -0.1024
vn 0.9786 0.1398 -0.1512
vn 0.9728 0.1266 -0.1938
vn 0.9811 0.1249 -0.1475
vn 0.9898 0.1021 -0.0996
vn 0.9904 0.1259 -0.0579
vn 0.9978 0.0094 -0.0659
vn 0.9984 0.0399 -0.0390
vn 0.9969 0.0704 -0.0340
vn 0.9960 0.0892 0.0041
vn 0.9937 0.1099 0.0202
vn 0.9915 0.0159 -0.1288
vn 0.9982 0.0245 -0.0548
vn 0.9938 0.1082 0.0258
vn 0.9933 0.1150 -0.0146
vn 0.9921 0.0934 -0.0838
vn 0.6841 0.2046 0.7001
vn 0.9935 0.1128 -0.0146
vn 0.9879 0.1553 0.0048
vn 0.9935 0.0945 0.0634
vn 0.9982 0.0073 0.0590
vn 0.9942 0.0855 0.0646
vn 0.9918 0.1122 0.0613
vn 0.9947 0.0828 0.0604
vn 0.0181 -0.6659 0.7458
vn 0.9588 -0.0105 0.2840
vn 0.9303 -0.0472 0.3638
vn 0.8887 0.1007 0.4473
vn 0.9050 -0.0147 0.4251
vn 0.9505 -0.0937 0.2962
vn 0.7007 0.1735 0.6920
vn 0.6535 -0.0214 0.7566
vn 0.5870 -0.0469 0.8083
vn 0.5210 -0.0196 0.8534
vn 0.6108 -0.1735 0.7725
vn 0.0778 -0.3454 0.9352
vn 0.1133 -0.4867 0.8662
vn 0.3340 -0.5820 0.7414
vn 0.0675 -0.5290 0.8459
vn 0.0413 -0.8476 0.5291
vn -0.2620 -0.1266 0.9567
vn 0.2010 -0.5661 0.7995
vn 0.1335 -0.1949 0.9717
vn 0.2844 -0.6005 0.7473
vn 0.6041 -0.0383 0.7960
vn 0.6561 -0.0462 0.7532
vn 0.5902 -0.0493 0.8057
vn 0.5567 -0.0196 0.8305
vn 0.3593 -0.3533 0.8637
vn 0.2736 -0.4230 0.8638
vn 0.2657 -0.4590 0.8478
vn 0.3497 -0.3534 0.8676
vn 0.5126 0.1368 0.8477
vn 0.4996 0.0385 0.8654
vn 0.5595 -0.0269 0.8284
vn 0.5977 -0.0122 0.8016
vn 0.6093 -0.3045 0.7321
vn 0.6080 -0.1440 0.7807
vn 0.4845 -0.0142 0.8747
vn 0.4898 -0.0354 0.8711
vn 0.5969 -0.1109 0.7946
vn 0.6081 -0.1077 0.7865
vn 0.6167 -0.1101 0.7794
vn 0.6198 -0.0636 0.7821
vn 0.6559 0.2274 0.7198
vn 0.6294 0.3618 0.6877
vn 0.5368 -0.2794 0.7961
vn 0.6194 -0.1781 0.7646
vn 0.5906 -0.2118 0.7787
vn 0.5862 -0.0746 0.8067
vn 0.6601 0.0302 0.7505
vn 0.7021 -0.0206 0.7117
vn 0.6546 -0.1861 0.7327
vn 0.6708 0.1352 0.7292
vn 0.6614 0.0835 0.7453
vn 0.6393 -0.0524 0.7672
vn 0.6083 -0.0840 0.7893
vn 0.5885 -0.0974 0.8026
vn 0.6006 -0.1081 0.7922
vn 0.5055 -0.0207 0.8626
vn 0.4622 0.1644 0.8714
vn 0.4668 0.0623 0.8821
vn 0.4961 -0.0265 0.8678
vn 0.6070 -0.1107 0.7869
vn 0.6091 -0.0910 0.7878
vn 0.6015 -0.0279 0.7984
vn 0.5965 -0.1075 0.7954
vn 0.5030 0.0171 0.8641
vn 0.4722 0.0714 0.8786
vn 0.4849 0.1011 0.8687
vn 0.5003 0.0153 0.8657
vn 0.5831 -0.0640 0.8099
vn 0.5956 -0.0139 0.8031
vn 0.6254 -0.0072 0.7802
vn 0.5929 -0.0212 0.8050
vn 0.5038 0.0342 0.8632
vn 0.4982 0.0841 0.8630
vn 0.8235 -0.5453 -0.1564
vn 0.6403 -0.7219 -0.2623
vn -0.0196 -0.5509 -0.8343
vn 0.1674 -0.2434 -0.9554
vn 0.1307 -0.7581 -0.6389
vn -0.1252 -0.3962 -0.9096
vn 0.0230 -0.4151 -0.9095
vn 0.0296 -0.4561 -0.8894
vn 0.0365 -0.4503 -0.8922
vn 0.3925 0.9192 -0.0330
vn 0.2535 0.9484 0.1906
vn 0.1591 0.8888 0.4299
vn -0.8129 0.1095 -0.5720
vn -0.7826 0.6196 -0.0600
vn -0.8000 0.5406 0.2602
vn 0.0214 -0.0470 -0.9987
vn 0.1029 -0.1059 -0.9890
vn 0.1246 -0.0307 -0.9917
vn -0.1054 0.3012 -0.9477
vn -0.6896 -0.0588 -0.7218
vn -0.8158 0.0117 -0.5782
vn 0.1205 -0.1125 -0.9863
vn 0.0265 -0.1454 -0.9890
vn 0.0254 -0.0810 -0.9964
vn -0.2228 0.5811 -0.7827
vn 0.0896 0.2076 -0.9741
vn 0.6711 -0.0757 -0.7375
vn 0.5017 0.2675 -0.8227
vn 0.5797 0.2021 -0.7893
vn -0.1602 0.9474 -0.2769
vn -0.7735 0.0333 -0.6330
vn -0.0651 0.3272 -0.9427
vn 0.9334 0.3423 0.1076
vn 0.9207 0.3221 0.2203
vn 0.2009 0.9168 0.3452
vn 0.1771 0.9500 0.2570
vn 0.1762 0.9680 0.1789
vn 0.2054 0.9674 0.1479
vn 0.2222 0.9100 0.3501
vn 0.1941 0.9034 0.3824
vn 0.3023 0.8510 0.4294
vn 0.3280 0.9141 0.2383
vn 0.3247 0.9376 0.1243
vn 0.3923 0.8622 0.3205
vn 0.4744 0.8182 0.3249
vn 0.6312 0.0451 -0.7743
vn 0.0554 0.4669 -0.8826
vn 0.3545 0.6134 -0.7058
vn 0.1675 0.5418 -0.8236
vn 0.0656 0.3040 -0.9504
vn 0.6516 -0.0654 -0.7558
vn 0.3976 0.8716 0.2869
vn 0.5903 0.8055 0.0520
vn 0.3888 0.8771 0.2820
vn 0.2731 0.9469 -0.1695
vn 0.3392 0.9343 0.1095
vn 0.3255 0.9227 0.2065
vn 0.3616 0.9321 0.0212
vn 0.5850 0.8070 0.0815
vn 0.7346 0.6747 0.0720
vn 0.6457 0.7511 0.1378
vn 0.9708 -0.0881 0.2233
vn 0.9673 -0.1723 0.1861
vn 0.9816 -0.1457 0.1238
vn 0.7639 0.1063 0.6365
vn 0.9965 -0.0604 0.0570
vn 0.9906 -0.1236 0.0582
vn 0.9883 -0.1251 0.0871
vn 0.9868 -0.1304 0.0958
vn 0.9913 -0.1008 0.0847
vn 0.9930 -0.0581 0.1031
vn 0.9303 0.0713 0.3599
vn 0.9877 -0.1180 0.1024
vn 0.9786 -0.1398 0.1512
vn 0.9728 -0.1266 0.1938
vn 0.9811 -0.1249 0.1475
vn 0.9898 -0.1021 0.0996
vn 0.9904 -0.1258 0.0579
vn 0.9978 -0.0094 0.0659
vn 0.9984 -0.0399 0.0390
vn 0.9969 -0.0704 0.0340
vn 0.9960 -0.0891 -0.0041
vn 0.9937 -0.1099 -0.0202
vn 0.9941 -0.1066 0.0196
vn 0.9982 -0.0245 0.0548
vn 0.9938 -0.1082 -0.0258
vn 0.9933 -0.1150 0.0146
vn 0.9921 -0.0934 0.0838
vn 0.6841 -0.2046 -0.7001
vn 0.9935 -0.1128 0.0146
vn 0.9879 -0.1552 -0.0048
vn 0.9935 -0.0945 -0.0634
vn 0.9982 -0.0073 -0.0590
vn 0.9943 -0.0855 -0.0645
vn 0.9918 -0.1122 -0.0613
vn 0.9947 -0.0827 -0.0604
vn 0.0182 0.6652 -0.7465
vn 0.9588 0.0105 -0.2841
vn 0.9303 0.0472 -0.3638
vn 0.8887 -0.1007 -0.4473
vn 0.9050 0.0147 -0.4251
vn 0.9505 0.0937 -0.2962
vn 0.7007 -0.1735 -0.6921
vn 0.6535 0.0214 -0.7566
vn 0.5870 0.0469 -0.8083
vn 0.5210 0.0196 -0.8534
vn 0.6108 0.1735 -0.7725
vn 0.0778 0.3454 -0.9352
vn 0.1133 0.4867 -0.8662
vn 0.3339 0.5821 -0.7414
vn 0.0677 0.5289 -0.8460
vn 0.0413 0.8476 -0.5291
vn -0.2619 0.1266 -0.9567
vn 0.2007 0.5661 -0.7995
vn 0.1335 0.1949 -0.9717
vn 0.2844 0.6004 -0.7475
vn 0.6044 0.0383 -0.7958
vn 0.6561 0.0462 -0.7532
vn 0.5902 0.0493 -0.8057
vn 0.5567 0.0196 -0.8305
vn 0.3594 0.3532 -0.8638
vn 0.2736 0.4231 -0.8638
vn 0.2657 0.4590 -0.8478
vn 0.3497 0.3533 -0.8677
vn 0.5126 -0.1369 -0.8477
vn 0.4996 -0.0385 -0.8654
vn 0.5595 0.0269 -0.8284
vn 0.5975 0.0121 -0.8018
vn 0.6093 0.3045 -0.7321
vn 0.6080 0.1440 -0.7808
vn 0.4845 0.0142 -0.8747
vn 0.4898 0.0354 -0.8711
vn 0.5969 0.1109 -0.7946
vn 0.6081 0.1077 -0.7865
vn 0.6168 0.1101 -0.7794
vn 0.6198 0.0636 -0.7821
vn 0.6558 -0.2275 -0.7198
vn 0.6295 -0.3617 -0.6876
vn 0.5368 0.2794 -0.7961
vn 0.6195 0.1781 -0.7645
vn 0.5906 0.2118 -0.7787
vn 0.5862 0.0746 -0.8067
vn 0.6601 -0.0302 -0.7506
vn 0.7021 0.0206 -0.7117
vn 0.6546 0.1861 -0.7327
vn 0.6704 -0.1355 -0.7295
vn 0.6615 -0.0835 -0.7453
vn 0.6393 0.0524 -0.7672
vn 0.6083 0.0840 -0.7893
vn 0.5885 0.0974 -0.8026
vn 0.6006 0.1081 -0.7922
vn 0.5055 0.0207 -0.8626
vn 0.4622 -0.1644 -0.8714
vn 0.4668 -0.0623 -0.8821
vn 0.4961 0.0265 -0.8678
vn 0.6070 0.1107 -0.7869
vn 0.6091 0.0910 -0.7879
vn 0.6015 0.0279 -0.7984
vn 0.5965 0.1075 -0.7954
vn 0.5030 -0.0171 -0.8641
vn 0.4722 -0.0714 -0.8786
vn 0.4849 -0.1011 -0.8687
vn 0.5003 -0.0153 -0.8657
vn 0.5831 0.0640 -0.8099
vn 0.5956 0.0139 -0.8031
vn 0.6254 0.0072 -0.7802
vn 0.5929 0.0212 -0.8050
vn 0.5038 -0.0342 -0.8632
vn 0.4983 -0.0839 -0.8629
vn -0.8203 -0.5171 0.2443
vn -0.4388 -0.8908 -0.1178
vt 0.700500 0.685700
vt 0.702900 0.682600
vt 0.732800 0.703500
vt 0.727800 0.710600
vt 0.720100 0.838400
vt 0.723600 0.865400
vt 0.692500 0.869100
vt 0.691200 0.843800
vt 0.695200 0.540300
vt 0.665500 0.528200
vt 0.685600 0.507600
vt 0.712100 0.522500
vt 0.713100 0.719300
vt 0.690200 0.692800
vt 0.695800 0.688800
vt 0.721900 0.715900
vt 0.736600 0.695300
vt 0.705600 0.679100
vt 0.686400 0.792700
vt 0.688800 0.816700
vt 0.659200 0.827800
vt 0.659200 0.805700
vt 0.659000 0.850800
vt 0.660900 0.874200
vt 0.690700 0.897400
vt 0.688400 0.924100
vt 0.655500 0.917400
vt 0.658700 0.897400
vt 0.808200 0.766500
vt 0.827000 0.784000
vt 0.809600 0.809700
vt 0.795100 0.786200
vt 0.654800 0.767400
vt 0.679900 0.765000
vt 0.869000 0.683300
vt 0.901500 0.685200
vt 0.901400 0.715500
vt 0.866700 0.708000
vt 0.940900 0.688200
vt 0.939800 0.724900
vt 0.820800 0.680800
vt 0.844100 0.681000
vt 0.839700 0.701900
vt 0.816000 0.698200
vt 0.746500 0.668700
vt 0.773300 0.674100
vt 0.770800 0.686400
vt 0.743500 0.677600
vt 0.797600 0.677800
vt 0.794000 0.691700
vt 0.775200 0.734200
vt 0.755900 0.720800
vt 0.761900 0.710200
vt 0.783000 0.720500
vt 0.719200 0.557300
vt 0.736100 0.541800
vt 0.758700 0.559500
vt 0.738400 0.573100
vt 0.667600 0.735400
vt 0.645900 0.739700
vt 0.791100 0.749500
vt 0.780500 0.763700
vt 0.766200 0.747300
vt 0.754300 0.525000
vt 0.780600 0.544100
vt 0.714700 0.655600
vt 0.714900 0.651700
vt 0.754600 0.648500
vt 0.752900 0.659200
vt 0.984800 0.693400
vt 0.979500 0.733700
vt 0.826400 0.608500
vt 0.847100 0.602100
vt 0.855800 0.624700
vt 0.831200 0.630400
vt 0.763600 0.474500
vt 0.775100 0.458100
vt 0.809400 0.481800
vt 0.795100 0.495700
vt 0.705600 0.489700
vt 0.729600 0.506200
vt 0.676900 0.590400
vt 0.649000 0.575900
vt 0.653600 0.547600
vt 0.682000 0.559800
vt 0.740500 0.461500
vt 0.752300 0.443700
vt 0.803400 0.562900
vt 0.778600 0.576500
vt 0.853400 0.493600
vt 0.864700 0.472300
vt 0.895000 0.493800
vt 0.880100 0.516400
vt 0.754600 0.587800
vt 0.802800 0.531700
vt 0.821700 0.519500
vt 0.846000 0.539100
vt 0.826100 0.551000
vt 0.716300 0.585400
vt 0.728800 0.598300
vt 0.740900 0.612500
vt 0.769600 0.602900
vt 0.779000 0.619500
vt 0.748600 0.627000
vt 0.815300 0.586900
vt 0.837300 0.576700
vt 0.794400 0.595400
vt 0.806500 0.614000
vt 0.900500 0.540300
vt 0.923500 0.520500
vt 0.945200 0.546800
vt 0.916000 0.565700
vt 0.860500 0.564900
vt 0.871400 0.592700
vt 0.854700 0.643500
vt 0.881600 0.639300
vt 0.877800 0.660400
vt 0.850900 0.662100
vt 0.781400 0.648300
vt 0.778600 0.662100
vt 0.829400 0.648100
vt 0.824100 0.664900
vt 0.807400 0.649700
vt 0.801600 0.664700
vt 0.938200 0.626900
vt 0.978000 0.621800
vt 0.982800 0.651300
vt 0.942800 0.655000
vt 0.816800 0.900200
vt 0.851400 0.870900
vt 0.876400 0.903200
vt 0.833500 0.930000
vt 0.779500 0.799000
vt 0.791500 0.829200
vt 0.710200 0.785900
vt 0.715400 0.810600
vt 0.687200 0.728200
vt 0.701900 0.758400
vt 0.723900 0.956100
vt 0.684200 0.948300
vt 0.725200 0.927300
vt 0.850700 0.806700
vt 0.844300 0.760400
vt 0.871400 0.778600
vt 0.776500 0.509400
vt 0.837500 0.507000
vt 0.742000 0.739600
vt 0.749000 0.731100
vt 0.757100 0.759200
vt 0.768200 0.775700
vt 0.821500 0.468200
vt 0.711400 0.630400
vt 0.701300 0.614300
vt 0.745400 0.768600
vt 0.755200 0.790100
vt 0.738600 0.803000
vt 0.730700 0.779100
vt 0.719200 0.752200
vt 0.731800 0.744500
vt 0.826600 0.449100
vt 0.763100 0.816800
vt 0.744100 0.829900
vt 0.724500 0.897300
vt 0.915500 0.867600
vt 0.879800 0.835400
vt 0.902400 0.802100
vt 0.944700 0.828500
vt 0.651900 0.703300
vt 0.639300 0.713400
vt 0.776300 0.885000
vt 0.750500 0.892600
vt 0.748600 0.858600
vt 0.770900 0.848800
vt 0.862300 0.528600
vt 0.907900 0.633700
vt 0.907700 0.657700
vt 0.752800 0.922900
vt 0.780800 0.917200
vt 0.785200 0.948600
vt 0.760300 0.952800
vt 0.880700 0.553000
vt 0.895000 0.580200
vt 0.804200 0.865500
vt 0.828700 0.838100
vt 0.780700 0.635300
vt 0.752800 0.638700
vt 0.693900 0.604800
vt 0.685300 0.596800
vt 0.701200 0.572400
vt 0.747800 0.490000
vt 0.721400 0.474400
vt 0.882100 0.617900
vt 0.808200 0.634000
vt 0.969300 0.593600
vt 0.931000 0.597400
vt 0.715200 0.647900
vt 0.906300 0.608300
vt 0.714200 0.640000
vt 0.712800 0.660800
vt 0.702100 0.723900
vt 0.682200 0.695100
vt 0.671500 0.696300
vt 0.767200 0.698600
vt 0.739800 0.686000
vt 0.789400 0.706800
vt 0.807200 0.717400
vt 0.800300 0.734200
vt 0.828600 0.725000
vt 0.821100 0.746800
vt 0.855600 0.734900
vt 0.890600 0.748800
vt 0.926600 0.765200
vt 0.964900 0.785100
vt 0.708200 0.672600
vt 0.711000 0.666100
vt 0.649600 0.938800
vt 0.784000 0.443000
vt 0.759600 0.426000
vt 0.760400 0.417400
vt 0.784600 0.427100
vt 0.332700 0.603500
vt 0.336500 0.606000
vt 0.314900 0.642100
vt 0.306300 0.636900
vt 0.158700 0.638500
vt 0.128000 0.644700
vt 0.121200 0.609200
vt 0.150100 0.605700
vt 0.499500 0.585700
vt 0.510900 0.550500
vt 0.536300 0.571900
vt 0.521300 0.603600
vt 0.295100 0.620700
vt 0.323700 0.592200
vt 0.328700 0.598300
vt 0.299700 0.630500
vt 0.324600 0.645800
vt 0.340700 0.608900
vt 0.208500 0.596000
vt 0.181100 0.600700
vt 0.166000 0.567600
vt 0.191300 0.565800
vt 0.139500 0.569200
vt 0.112800 0.573300
vt 0.088500 0.609500
vt 0.057600 0.609000
vt 0.062600 0.570700
vt 0.085800 0.572700
vt 0.248500 0.733900
vt 0.230000 0.757000
vt 0.199000 0.739100
vt 0.224800 0.720500
vt 0.235100 0.557700
vt 0.239800 0.586300
vt 0.349200 0.797100
vt 0.349600 0.834600
vt 0.314800 0.836900
vt 0.320600 0.796400
vt 0.349400 0.880200
vt 0.307100 0.881800
vt 0.348100 0.741400
vt 0.349900 0.768300
vt 0.325400 0.764900
vt 0.327700 0.737400
vt 0.356000 0.655100
vt 0.352000 0.686300
vt 0.337700 0.684400
vt 0.345500 0.652300
vt 0.349700 0.714600
vt 0.333500 0.711500
vt 0.283000 0.693400
vt 0.296800 0.670100
vt 0.309600 0.676200
vt 0.299400 0.701200
vt 0.481900 0.614600
vt 0.501100 0.632700
vt 0.482500 0.660200
vt 0.465300 0.638000
vt 0.272900 0.569700
vt 0.266200 0.545200
vt 0.266700 0.712800
vt 0.249600 0.701800
vt 0.267200 0.684100
vt 0.521900 0.652400
vt 0.502000 0.684100
vt 0.368500 0.617400
vt 0.373000 0.617300
vt 0.379900 0.662700
vt 0.367500 0.661600
vt 0.347000 0.931100
vt 0.300100 0.928200
vt 0.431700 0.742100
vt 0.440800 0.765400
vt 0.415500 0.777200
vt 0.407000 0.749400
vt 0.580700 0.658900
vt 0.600500 0.670800
vt 0.576100 0.712200
vt 0.558900 0.696800
vt 0.558500 0.593500
vt 0.541500 0.622400
vt 0.440400 0.568600
vt 0.454800 0.535400
vt 0.487800 0.538400
vt 0.476000 0.572100
vt 0.593800 0.631300
vt 0.615200 0.643500
vt 0.482300 0.711900
vt 0.464600 0.684400
vt 0.566000 0.763700
vt 0.591500 0.775000
vt 0.569200 0.811600
vt 0.542000 0.796300
vt 0.449600 0.657800
vt 0.518100 0.708700
vt 0.533600 0.729400
vt 0.513100 0.759000
vt 0.497800 0.737000
vt 0.449400 0.613500
vt 0.435600 0.629000
vt 0.420200 0.644100
vt 0.433500 0.676200
vt 0.415200 0.688400
vt 0.404100 0.654100
vt 0.455700 0.727500
vt 0.469200 0.752000
vt 0.444200 0.704100
vt 0.423800 0.719600
vt 0.516200 0.821800
vt 0.540800 0.846500
vt 0.512400 0.873600
vt 0.488300 0.841600
vt 0.484600 0.777700
vt 0.453500 0.792500
vt 0.393800 0.777400
vt 0.400800 0.808100
vt 0.376200 0.805300
vt 0.372100 0.774600
vt 0.382300 0.693600
vt 0.366200 0.691400
vt 0.386500 0.748800
vt 0.366600 0.744000
vt 0.382800 0.723500
vt 0.365100 0.718100
vt 0.419700 0.872000
vt 0.428800 0.917400
vt 0.395300 0.925300
vt 0.387800 0.879700
vt 0.095600 0.754700
vt 0.132100 0.792100
vt 0.097000 0.823500
vt 0.062600 0.776300
vt 0.208900 0.703600
vt 0.175100 0.719800
vt 0.218300 0.622800
vt 0.190300 0.630800
vt 0.282800 0.591700
vt 0.249200 0.611000
vt 0.023700 0.652500
vt 0.029500 0.606200
vt 0.056900 0.651500
vt 0.205800 0.786100
vt 0.258500 0.774900
vt 0.239800 0.807600
vt 0.541600 0.676600
vt 0.549400 0.746500
vt 0.274100 0.655600
vt 0.284500 0.663000
vt 0.252800 0.674600
vt 0.234700 0.688700
vt 0.592600 0.725000
vt 0.397300 0.611600
vt 0.414900 0.598700
vt 0.241000 0.662000
vt 0.217100 0.674900
vt 0.201000 0.656900
vt 0.227700 0.645900
vt 0.257800 0.630400
vt 0.267600 0.644300
vt 0.615000 0.729300
vt 0.187100 0.686100
vt 0.170500 0.665400
vt 0.091300 0.648300
vt 0.141000 0.865500
vt 0.175100 0.821900
vt 0.215300 0.845200
vt 0.188400 0.895900
vt 0.308600 0.549100
vt 0.295900 0.535400
vt 0.109700 0.706900
vt 0.098800 0.677900
vt 0.137900 0.673000
vt 0.150900 0.697800
vt 0.526600 0.776800
vt 0.409400 0.837800
vt 0.381800 0.839500
vt 0.064200 0.683000
vt 0.073100 0.714700
vt 0.037300 0.722300
vt 0.030500 0.694000
vt 0.500000 0.800000
vt 0.469900 0.818700
vt 0.134300 0.737400
vt 0.167900 0.763300
vt 0.397200 0.691700
vt 0.391000 0.659900
vt 0.425200 0.589400
vt 0.433700 0.578800
vt 0.463100 0.595200
vt 0.561600 0.642000
vt 0.577400 0.610400
vt 0.425400 0.806900
vt 0.401000 0.723100
vt 0.460400 0.905200
vt 0.453000 0.861400
vt 0.377400 0.617300
vt 0.438500 0.833900
vt 0.386400 0.615500
vt 0.362300 0.615700
vt 0.289000 0.608500
vt 0.320500 0.583200
vt 0.318100 0.571000
vt 0.323300 0.681300
vt 0.335600 0.648700
vt 0.315700 0.707500
vt 0.305000 0.728800
vt 0.285000 0.722200
vt 0.298000 0.754000
vt 0.272200 0.747200
vt 0.288700 0.785800
vt 0.275600 0.827200
vt 0.259700 0.869900
vt 0.239900 0.915600
vt 0.348400 0.611300
vt 0.356100 0.614000
vt 0.037500 0.565600
vt 0.618600 0.679800
vt 0.636200 0.650400
vt 0.646100 0.650600
vt 0.636900 0.679200
vt 0.000100 0.000100
vt 0.999900 0.000100
vt 0.999900 0.314000
vt 0.000100 0.314000
vt 0.128700 0.464700
vt 0.037300 0.466800
vt 0.037600 0.330200
vt 0.122600 0.326900
s 0
usemtl afro01
f 130/1/1 155/2/1 160/3/1 127/4/1
f 138/5/2 143/6/2 6/7/2 5/8/2
f 148/9/3 31/10/3 32/11/3 145/12/3
f 128/13/4 131/14/4 161/15/4 162/16/4
f 80/17/5 160/3/5 155/2/5 22/18/5
f 8/19/6 7/20/6 3/21/6 4/22/6
f 7/20/7 5/8/7 1/23/7 3/21/7
f 5/8/8 6/7/8 2/24/8 1/23/8
f 68/25/9 69/26/9 10/27/9 9/28/9
f 152/29/10 153/30/10 61/31/10 62/32/10
f 4/22/11 12/33/11 15/34/11 8/19/11
f 183/35/12 185/36/12 108/37/12 17/38/12
f 185/36/13 187/39/13 107/40/13 108/37/13
f 184/41/14 182/42/14 16/43/14 105/44/14
f 186/45/15 181/46/15 18/47/15 106/48/15
f 182/42/16 183/35/16 17/38/16 16/43/16
f 181/46/17 180/49/17 19/50/17 18/47/17
f 157/51/18 159/52/18 67/53/18 66/54/18
f 36/55/19 37/56/19 42/57/19 41/58/19
f 14/59/20 15/34/20 12/33/20 11/60/20
f 154/61/21 152/29/21 62/32/21 64/62/21
f 157/51/22 154/61/22 64/62/22 65/63/22
f 42/57/23 37/56/23 38/64/23 43/65/23
f 23/66/24 193/67/24 196/68/24 79/69/24
f 187/39/25 615/70/25 607/71/25 107/40/25
f 180/49/26 184/41/26 105/44/26 19/50/26
f 53/72/27 54/73/27 111/74/27 113/75/27
f 136/76/28 135/77/28 97/78/28 40/79/28
f 145/12/29 32/11/29 33/80/29 142/81/29
f 151/82/30 133/83/30 74/84/30 146/85/30
f 135/77/31 136/76/31 35/86/31 96/87/31
f 42/57/32 43/65/32 48/88/32 47/89/32
f 92/90/33 601/91/33 602/92/33 91/93/33
f 41/58/34 42/57/34 47/89/34 46/94/34
f 44/95/35 45/96/35 50/97/35 49/98/35
f 76/99/36 41/58/36 46/94/36 77/100/36
f 43/65/37 44/95/37 49/98/37 48/88/37
f 124/101/38 119/102/38 51/103/38 78/104/38
f 121/105/39 120/106/39 54/73/39 53/72/39
f 122/107/40 121/105/40 53/72/40 52/108/40
f 125/109/41 609/110/41 603/111/41 88/112/41
f 119/102/42 122/107/42 52/108/42 51/103/42
f 120/106/43 123/113/43 55/114/43 54/73/43
f 190/115/44 192/116/44 60/117/44 59/118/44
f 196/68/45 189/119/45 56/120/45 79/69/45
f 188/121/46 190/115/46 59/118/46 58/122/46
f 191/123/47 188/121/47 58/122/47 57/124/47
f 195/125/48 616/126/48 604/127/48 87/128/48
f 189/119/49 191/123/49 57/124/49 56/120/49
f 166/129/50 89/130/50 597/131/50 613/132/50
f 165/133/51 62/32/51 61/31/51 163/134/51
f 140/135/52 137/136/52 7/20/52 8/19/52
f 14/59/53 149/137/53 141/138/53 15/34/53
f 611/139/54 605/140/54 69/26/54 144/141/54
f 158/142/55 153/30/55 28/143/55 102/144/55
f 43/65/56 38/64/56 39/145/56 44/95/56
f 44/95/57 39/145/57 40/79/57 45/96/57
f 6/7/58 68/25/58 9/28/58 2/24/58
f 137/136/59 138/5/59 5/8/59 7/20/59
f 40/79/60 97/78/60 100/146/60 45/96/60
f 164/147/61 72/148/61 65/63/61 168/149/61
f 168/149/62 65/63/62 64/62/62 167/150/62
f 97/78/63 93/151/63 92/90/63 100/146/63
f 146/85/64 74/84/64 31/10/64 148/9/64
f 77/100/65 124/101/65 118/152/65 26/153/65
f 70/154/66 71/155/66 81/156/66 82/157/66
f 70/154/67 82/157/67 83/158/67 73/159/67
f 93/151/68 600/160/68 601/91/68 92/90/68
f 71/155/69 63/161/69 84/162/69 81/156/69
f 143/6/70 147/163/70 68/25/70 6/7/70
f 612/164/71 156/165/71 90/166/71 596/167/71
f 21/168/72 14/59/72 11/60/72 13/169/72
f 95/170/73 104/171/73 85/172/73 30/173/73
f 100/146/74 92/90/74 91/93/74 99/174/74
f 30/173/75 85/172/75 84/162/75 63/161/75
f 194/175/76 195/125/76 87/128/76 101/176/76
f 167/150/77 64/62/77 62/32/77 165/133/77
f 86/177/78 94/178/78 598/179/78 606/180/78
f 126/181/79 125/109/79 88/112/79 98/182/79
f 169/183/80 103/184/80 89/130/80 166/129/80
f 138/5/81 84/162/81 85/172/81 143/6/81
f 78/104/82 51/103/82 112/185/82 115/186/82
f 140/135/83 8/19/83 15/34/83 141/138/83
f 68/25/84 147/163/84 144/141/84 69/26/84
f 156/165/85 158/142/85 102/144/85 90/166/85
f 94/178/86 86/177/86 104/171/86 95/170/86
f 45/96/87 100/146/87 99/174/87 50/97/87
f 192/116/88 194/175/88 101/176/88 60/117/88
f 123/113/89 126/181/89 98/182/89 55/114/89
f 163/134/90 61/31/90 103/184/90 169/183/90
f 144/141/91 147/163/91 104/171/91 86/177/91
f 147/163/92 143/6/92 85/172/92 104/171/92
f 25/187/93 134/188/93 75/189/93 76/99/93
f 139/190/94 34/191/94 35/86/94 136/76/94
f 142/81/95 33/80/95 34/191/95 139/190/95
f 54/73/96 55/114/96 110/192/96 111/74/96
f 52/108/97 53/72/97 113/75/97 114/193/97
f 88/112/98 603/111/98 608/194/98 116/195/98
f 51/103/99 52/108/99 114/193/99 112/185/99
f 115/186/100 196/68/100 193/67/100 109/196/100
f 98/182/101 88/112/101 116/195/101 117/197/101
f 55/114/102 98/182/102 117/197/102 110/192/102
f 118/152/103 124/101/103 78/104/103 24/198/103
f 75/189/104 36/55/104 41/58/104 76/99/104
f 23/66/105 79/69/105 186/45/105 179/199/105
f 129/200/106 128/13/106 73/159/106 83/158/106
f 164/147/107 73/159/107 128/13/107 162/16/107
f 132/201/108 131/14/108 128/13/108 129/200/108
f 162/16/109 161/15/109 130/1/109 127/4/109
f 159/52/110 160/3/110 80/17/110 67/53/110
f 134/188/111 151/82/111 146/85/111 75/189/111
f 82/157/112 81/156/112 137/136/112 140/135/112
f 82/157/113 140/135/113 141/138/113 83/158/113
f 81/156/114 84/162/114 138/5/114 137/136/114
f 86/177/115 606/180/115 611/139/115 144/141/115
f 150/202/116 132/201/116 129/200/116 149/137/116
f 39/145/117 139/190/117 136/76/117 40/79/117
f 38/64/118 142/81/118 139/190/118 39/145/118
f 37/56/119 145/12/119 142/81/119 38/64/119
f 36/55/120 148/9/120 145/12/120 37/56/120
f 75/189/121 146/85/121 148/9/121 36/55/121
f 83/158/122 141/138/122 149/137/122 129/200/122
f 26/153/123 25/187/123 76/99/123 77/100/123
f 149/137/124 14/59/124 21/168/124 150/202/124
f 124/101/125 77/100/125 46/94/125 119/102/125
f 119/102/126 46/94/126 47/89/126 122/107/126
f 115/186/127 109/196/127 24/198/127 78/104/127
f 174/203/128 67/53/128 80/17/128 177/204/128
f 173/205/129 66/54/129 67/53/129 174/203/129
f 175/206/130 27/207/130 66/54/130 173/205/130
f 172/208/131 29/209/131 27/207/131 175/206/131
f 171/210/132 28/143/132 29/209/132 172/208/132
f 176/211/133 102/144/133 28/143/133 171/210/133
f 178/212/134 90/166/134 102/144/134 176/211/134
f 614/213/135 596/167/135 90/166/135 178/212/135
f 122/107/136 47/89/136 48/88/136 121/105/136
f 121/105/137 48/88/137 49/98/137 120/106/137
f 120/106/138 49/98/138 50/97/138 123/113/138
f 99/174/139 126/181/139 123/113/139 50/97/139
f 126/181/140 99/174/140 91/93/140 125/109/140
f 125/109/141 91/93/141 602/92/141 609/110/141
f 29/209/142 28/143/142 153/30/142 152/29/142
f 65/63/143 72/148/143 159/52/143 157/51/143
f 27/207/144 29/209/144 152/29/144 154/61/144
f 66/54/145 27/207/145 154/61/145 157/51/145
f 103/184/146 61/31/146 153/30/146 158/142/146
f 597/131/147 89/130/147 156/165/147 612/164/147
f 89/130/148 103/184/148 158/142/148 156/165/148
f 72/148/149 127/4/149 160/3/149 159/52/149
f 94/178/150 166/129/150 613/132/150 598/179/150
f 63/161/151 165/133/151 163/134/151 30/173/151
f 73/159/152 164/147/152 168/149/152 70/154/152
f 70/154/153 168/149/153 167/150/153 71/155/153
f 71/155/154 167/150/154 165/133/154 63/161/154
f 95/170/155 169/183/155 166/129/155 94/178/155
f 30/173/156 163/134/156 169/183/156 95/170/156
f 72/148/157 164/147/157 162/16/157 127/4/157
f 106/48/158 177/204/158 170/214/158 20/215/158
f 179/199/159 186/45/159 106/48/159 20/215/159
f 18/47/160 174/203/160 177/204/160 106/48/160
f 19/50/161 173/205/161 174/203/161 18/47/161
f 105/44/162 175/206/162 173/205/162 19/50/162
f 16/43/163 172/208/163 175/206/163 105/44/163
f 17/38/164 171/210/164 172/208/164 16/43/164
f 108/37/165 176/211/165 171/210/165 17/38/165
f 107/40/166 178/212/166 176/211/166 108/37/166
f 607/71/167 614/213/167 178/212/167 107/40/167
f 60/117/168 101/176/168 185/36/168 183/35/168
f 101/176/169 87/128/169 187/39/169 185/36/169
f 58/122/170 59/118/170 182/42/170 184/41/170
f 79/69/171 56/120/171 181/46/171 186/45/171
f 59/118/172 60/117/172 183/35/172 182/42/172
f 56/120/173 57/124/173 180/49/173 181/46/173
f 177/204/174 80/17/174 22/18/174 170/214/174
f 87/128/175 604/127/175 615/70/175 187/39/175
f 57/124/176 58/122/176 184/41/176 180/49/176
f 111/74/177 110/192/177 192/116/177 190/115/177
f 115/186/178 112/185/178 189/119/178 196/68/178
f 113/75/179 111/74/179 190/115/179 188/121/179
f 114/193/180 113/75/180 188/121/180 191/123/180
f 116/195/181 608/194/181 616/126/181 195/125/181
f 112/185/182 114/193/182 191/123/182 189/119/182
f 117/197/183 116/195/183 195/125/183 194/175/183
f 110/192/184 117/197/184 194/175/184 192/116/184
f 69/26/185 605/140/185 595/216/185 10/27/185
f 198/217/186 197/218/186 599/219/186 610/220/186
f 135/77/187 198/217/187 93/151/187 97/78/187
f 93/151/188 198/217/188 610/220/188 600/160/188
f 198/217/189 135/77/189 96/87/189 197/218/189
f 328/221/190 353/222/190 358/223/190 325/224/190
f 336/225/191 341/226/191 204/227/191 203/228/191
f 346/229/192 229/230/192 230/231/192 343/232/192
f 326/233/193 329/234/193 359/235/193 360/236/193
f 278/237/194 358/223/194 353/222/194 220/238/194
f 206/239/195 205/240/195 201/241/195 202/242/195
f 205/240/196 203/228/196 199/243/196 201/241/196
f 203/228/197 204/227/197 200/244/197 199/243/197
f 266/245/198 267/246/198 208/247/198 207/248/198
f 350/249/199 351/250/199 259/251/199 260/252/199
f 202/242/200 210/253/200 213/254/200 206/239/200
f 381/255/201 383/256/201 306/257/201 215/258/201
f 383/256/202 385/259/202 305/260/202 306/257/202
f 382/261/203 380/262/203 214/263/203 303/264/203
f 384/265/204 379/266/204 216/267/204 304/268/204
f 380/262/205 381/255/205 215/258/205 214/263/205
f 379/266/206 378/269/206 217/270/206 216/267/206
f 355/271/207 357/272/207 265/273/207 264/274/207
f 234/275/208 235/276/208 240/277/208 239/278/208
f 212/279/209 213/254/209 210/253/209 209/280/209
f 352/281/210 350/249/210 260/252/210 262/282/210
f 355/271/211 352/281/211 262/282/211 263/283/211
f 240/277/212 235/276/212 236/284/212 241/285/212
f 221/286/213 391/287/213 394/288/213 277/289/213
f 385/259/214 835/290/214 827/291/214 305/260/214
f 378/269/215 382/261/215 303/264/215 217/270/215
f 251/292/216 252/293/216 309/294/216 311/295/216
f 334/296/217 333/297/217 295/298/217 238/299/217
f 343/232/218 230/231/218 231/300/218 340/301/218
f 349/302/219 331/303/219 272/304/219 344/305/219
f 333/297/220 334/296/220 233/306/220 294/307/220
f 240/277/221 241/285/221 246/308/221 245/309/221
f 290/310/222 821/311/222 822/312/222 289/313/222
f 239/278/223 240/277/223 245/309/223 244/314/223
f 242/315/224 243/316/224 248/317/224 247/318/224
f 274/319/225 239/278/225 244/314/225 275/320/225
f 241/285/226 242/315/226 247/318/226 246/308/226
f 322/321/227 317/322/227 249/323/227 276/324/227
f 319/325/228 318/326/228 252/293/228 251/292/228
f 320/327/229 319/325/229 251/292/229 250/328/229
f 323/329/230 829/330/230 823/331/230 286/332/230
f 317/322/231 320/327/231 250/328/231 249/323/231
f 318/326/232 321/333/232 253/334/232 252/293/232
f 388/335/233 390/336/233 258/337/233 257/338/233
f 394/288/234 387/339/234 254/340/234 277/289/234
f 386/341/235 388/335/235 257/338/235 256/342/235
f 389/343/236 386/341/236 256/342/236 255/344/236
f 393/345/237 836/346/237 824/347/237 285/348/237
f 387/339/238 389/343/238 255/344/238 254/340/238
f 364/349/239 287/350/239 817/351/239 833/352/239
f 363/353/240 260/252/240 259/251/240 361/354/240
f 338/355/241 335/356/241 205/240/241 206/239/241
f 212/279/242 347/357/242 339/358/242 213/254/242
f 831/359/243 825/360/243 267/246/243 342/361/243
f 356/362/244 351/250/244 226/363/244 300/364/244
f 241/285/245 236/284/245 237/365/245 242/315/245
f 242/315/246 237/365/246 238/299/246 243/316/246
f 204/227/247 266/245/247 207/248/247 200/244/247
f 335/356/248 336/225/248 203/228/248 205/240/248
f 238/299/249 295/298/249 298/366/249 243/316/249
f 362/367/250 270/368/250 263/283/250 366/369/250
f 366/369/251 263/283/251 262/282/251 365/370/251
f 295/298/252 291/371/252 290/310/252 298/366/252
f 344/305/253 272/304/253 229/230/253 346/229/253
f 275/320/254 322/321/254 316/372/254 224/373/254
f 268/374/255 269/375/255 279/376/255 280/377/255
f 268/374/256 280/377/256 281/378/256 271/379/256
f 291/371/257 820/380/257 821/311/257 290/310/257
f 269/375/258 261/381/258 282/382/258 279/376/258
f 341/226/259 345/383/259 266/245/259 204/227/259
f 832/384/260 354/385/260 288/386/260 816/387/260
f 219/388/261 212/279/261 209/280/261 211/389/261
f 293/390/262 302/391/262 283/392/262 228/393/262
f 298/366/263 290/310/263 289/313/263 297/394/263
f 228/393/264 283/392/264 282/382/264 261/381/264
f 392/395/265 393/345/265 285/348/265 299/396/265
f 365/370/266 262/282/266 260/252/266 363/353/266
f 284/397/267 292/398/267 818/399/267 826/400/267
f 324/401/268 323/329/268 286/332/268 296/402/268
f 367/403/269 301/404/269 287/350/269 364/349/269
f 336/225/270 282/382/270 283/392/270 341/226/270
f 276/324/271 249/323/271 310/405/271 313/406/271
f 338/355/272 206/239/272 213/254/272 339/358/272
f 266/245/273 345/383/273 342/361/273 267/246/273
f 354/385/274 356/362/274 300/364/274 288/386/274
f 292/398/275 284/397/275 302/391/275 293/390/275
f 243/316/276 298/366/276 297/394/276 248/317/276
f 390/336/277 392/395/277 299/396/277 258/337/277
f 321/333/278 324/401/278 296/402/278 253/334/278
f 361/354/279 259/251/279 301/404/279 367/403/279
f 342/361/280 345/383/280 302/391/280 284/397/280
f 345/383/281 341/226/281 283/392/281 302/391/281
f 223/407/282 332/408/282 273/409/282 274/319/282
f 337/410/283 232/411/283 233/306/283 334/296/283
f 340/301/284 231/300/284 232/411/284 337/410/284
f 252/293/285 253/334/285 308/412/285 309/294/285
f 250/328/286 251/292/286 311/295/286 312/413/286
f 286/332/287 823/331/287 828/414/287 314/415/287
f 249/323/288 250/328/288 312/413/288 310/405/288
f 313/406/289 394/288/289 391/287/289 307/416/289
f 296/402/290 286/332/290 314/415/290 315/417/290
f 253/334/291 296/402/291 315/417/291 308/412/291
f 316/372/292 322/321/292 276/324/292 222/418/292
f 273/409/293 234/275/293 239/278/293 274/319/293
f 221/286/294 277/289/294 384/265/294 377/419/294
f 327/420/295 326/233/295 271/379/295 281/378/295
f 362/367/296 271/379/296 326/233/296 360/236/296
f 330/421/297 329/234/297 326/233/297 327/420/297
f 360/236/298 359/235/298 328/221/298 325/224/298
f 357/272/299 358/223/299 278/237/299 265/273/299
f 332/408/300 349/302/300 344/305/300 273/409/300
f 280/377/301 279/376/301 335/356/301 338/355/301
f 280/377/302 338/355/302 339/358/302 281/378/302
f 279/376/303 282/382/303 336/225/303 335/356/303
f 284/397/304 826/400/304 831/359/304 342/361/304
f 348/422/305 330/421/305 327/420/305 347/357/305
f 237/365/306 337/410/306 334/296/306 238/299/306
f 236/284/307 340/301/307 337/410/307 237/365/307
f 235/276/308 343/232/308 340/301/308 236/284/308
f 234/275/309 346/229/309 343/232/309 235/276/309
f 273/409/310 344/305/310 346/229/310 234/275/310
f 281/378/311 339/358/311 347/357/311 327/420/311
f 224/373/312 223/407/312 274/319/312 275/320/312
f 347/357/313 212/279/313 219/388/313 348/422/313
f 322/321/314 275/320/314 244/314/314 317/322/314
f 317/322/315 244/314/315 245/309/315 320/327/315
f 313/406/316 307/416/316 222/418/316 276/324/316
f 372/423/317 265/273/317 278/237/317 375/424/317
f 371/425/318 264/274/318 265/273/318 372/423/318
f 373/426/319 225/427/319 264/274/319 371/425/319
f 370/428/320 227/429/320 225/427/320 373/426/320
f 369/430/321 226/363/321 227/429/321 370/428/321
f 374/431/322 300/364/322 226/363/322 369/430/322
f 376/432/323 288/386/323 300/364/323 374/431/323
f 834/433/324 816/387/324 288/386/324 376/432/324
f 320/327/325 245/309/325 246/308/325 319/325/325
f 319/325/326 246/308/326 247/318/326 318/326/326
f 318/326/327 247/318/327 248/317/327 321/333/327
f 297/394/328 324/401/328 321/333/328 248/317/328
f 324/401/329 297/394/329 289/313/329 323/329/329
f 323/329/330 289/313/330 822/312/330 829/330/330
f 227/429/331 226/363/331 351/250/331 350/249/331
f 263/283/332 270/368/332 357/272/332 355/271/332
f 225/427/333 227/429/333 350/249/333 352/281/333
f 264/274/334 225/427/334 352/281/334 355/271/334
f 301/404/335 259/251/335 351/250/335 356/362/335
f 817/351/336 287/350/336 354/385/336 832/384/336
f 287/350/337 301/404/337 356/362/337 354/385/337
f 270/368/338 325/224/338 358/223/338 357/272/338
f 292/398/339 364/349/339 833/352/339 818/399/339
f 261/381/340 363/353/340 361/354/340 228/393/340
f 271/379/341 362/367/341 366/369/341 268/374/341
f 268/374/342 366/369/342 365/370/342 269/375/342
f 269/375/343 365/370/343 363/353/343 261/381/343
f 293/390/344 367/403/344 364/349/344 292/398/344
f 228/393/345 361/354/345 367/403/345 293/390/345
f 270/368/346 362/367/346 360/236/346 325/224/346
f 304/268/347 375/424/347 368/434/347 218/435/347
f 377/419/348 384/265/348 304/268/348 218/435/348
f 216/267/349 372/423/349 375/424/349 304/268/349
f 217/270/350 371/425/350 372/423/350 216/267/350
f 303/264/351 373/426/351 371/425/351 217/270/351
f 214/263/352 370/428/352 373/426/352 303/264/352
f 215/258/353 369/430/353 370/428/353 214/263/353
f 306/257/354 374/431/354 369/430/354 215/258/354
f 305/260/355 376/432/355 374/431/355 306/257/355
f 827/291/356 834/433/356 376/432/356 305/260/356
f 258/337/357 299/396/357 383/256/357 381/255/357
f 299/396/358 285/348/358 385/259/358 383/256/358
f 256/342/359 257/338/359 380/262/359 382/261/359
f 277/289/360 254/340/360 379/266/360 384/265/360
f 257/338/361 258/337/361 381/255/361 380/262/361
f 254/340/362 255/344/362 378/269/362 379/266/362
f 375/424/363 278/237/363 220/238/363 368/434/363
f 285/348/364 824/347/364 835/290/364 385/259/364
f 255/344/365 256/342/365 382/261/365 378/269/365
f 309/294/366 308/412/366 390/336/366 388/335/366
f 313/406/367 310/405/367 387/339/367 394/288/367
f 311/295/368 309/294/368 388/335/368 386/341/368
f 312/413/369 311/295/369 386/341/369 389/343/369
f 314/415/370 828/414/370 836/346/370 393/345/370
f 310/405/371 312/413/371 389/343/371 387/339/371
f 315/417/372 314/415/372 393/345/372 392/395/372
f 308/412/373 315/417/373 392/395/373 390/336/373
f 267/246/374 825/360/374 815/436/374 208/247/374
f 396/437/375 395/438/375 819/439/375 830/440/375
f 333/297/376 396/437/376 291/371/376 295/298/376
f 291/371/377 396/437/377 830/440/377 820/380/377
f 396/437/378 333/297/378 294/307/378 395/438/378
f 526/1/379 523/4/379 556/3/379 551/2/379
f 534/5/380 401/8/380 402/7/380 539/6/380
f 544/9/381 541/12/381 428/11/381 427/10/381
f 524/13/382 558/16/382 557/15/382 527/14/382
f 476/17/383 418/18/383 551/2/383 556/3/383
f 404/19/384 400/22/384 399/21/384 403/20/384
f 403/20/385 399/21/385 397/23/385 401/8/385
f 401/8/386 397/23/386 398/24/386 402/7/386
f 464/25/387 405/28/387 406/27/387 465/26/387
f 548/29/388 458/32/388 457/31/388 549/30/388
f 400/22/389 404/19/389 411/34/389 408/33/389
f 579/35/390 413/38/390 504/37/390 581/36/390
f 581/36/391 504/37/391 503/40/391 583/39/391
f 580/41/392 501/44/392 412/43/392 578/42/392
f 582/45/393 502/48/393 414/47/393 577/46/393
f 578/42/394 412/43/394 413/38/394 579/35/394
f 577/46/395 414/47/395 415/50/395 576/49/395
f 553/51/396 462/54/396 463/53/396 555/52/396
f 432/55/397 437/58/397 438/57/397 433/56/397
f 410/59/398 407/60/398 408/33/398 411/34/398
f 550/61/399 460/62/399 458/32/399 548/29/399
f 553/51/400 461/63/400 460/62/400 550/61/400
f 438/57/401 439/65/401 434/64/401 433/56/401
f 419/66/402 475/69/402 592/68/402 589/67/402
f 583/39/403 503/40/403 607/71/403 615/70/403
f 576/49/404 415/50/404 501/44/404 580/41/404
f 449/72/405 509/75/405 507/74/405 450/73/405
f 532/76/406 436/79/406 493/78/406 531/77/406
f 541/12/407 538/81/407 429/80/407 428/11/407
f 547/82/408 542/85/408 470/84/408 529/83/408
f 531/77/409 492/87/409 431/86/409 532/76/409
f 438/57/410 443/89/410 444/88/410 439/65/410
f 488/90/411 487/93/411 602/92/411 601/91/411
f 437/58/412 442/94/412 443/89/412 438/57/412
f 440/95/413 445/98/413 446/97/413 441/96/413
f 472/99/414 473/100/414 442/94/414 437/58/414
f 439/65/415 444/88/415 445/98/415 440/95/415
f 520/101/416 474/104/416 447/103/416 515/102/416
f 517/105/417 449/72/417 450/73/417 516/106/417
f 518/107/418 448/108/418 449/72/418 517/105/418
f 521/109/419 484/112/419 603/111/419 609/110/419
f 515/102/420 447/103/420 448/108/420 518/107/420
f 516/106/421 450/73/421 451/114/421 519/113/421
f 586/115/422 455/118/422 456/117/422 588/116/422
f 592/68/423 475/69/423 452/120/423 585/119/423
f 584/121/424 454/122/424 455/118/424 586/115/424
f 587/123/425 453/124/425 454/122/425 584/121/425
f 591/125/426 483/128/426 604/127/426 616/126/426
f 585/119/427 452/120/427 453/124/427 587/123/427
f 562/129/428 613/132/428 597/131/428 485/130/428
f 561/133/429 559/134/429 457/31/429 458/32/429
f 536/135/430 404/19/430 403/20/430 533/136/430
f 410/59/431 411/34/431 537/138/431 545/137/431
f 611/139/432 540/141/432 465/26/432 605/140/432
f 554/142/433 498/144/433 424/143/433 549/30/433
f 439/65/434 440/95/434 435/145/434 434/64/434
f 440/95/435 441/96/435 436/79/435 435/145/435
f 402/7/436 398/24/436 405/28/436 464/25/436
f 533/136/437 403/20/437 401/8/437 534/5/437
f 436/79/438 441/96/438 496/146/438 493/78/438
f 560/147/439 564/149/439 461/63/439 468/148/439
f 564/149/440 563/150/440 460/62/440 461/63/440
f 493/78/441 496/146/441 488/90/441 489/151/441
f 542/85/442 544/9/442 427/10/442 470/84/442
f 473/100/443 422/153/443 514/152/443 520/101/443
f 466/154/444 478/157/444 477/156/444 467/155/444
f 466/154/445 469/159/445 479/158/445 478/157/445
f 489/151/446 488/90/446 601/91/446 600/160/446
f 467/155/447 477/156/447 480/162/447 459/161/447
f 539/6/448 402/7/448 464/25/448 543/163/448
f 612/164/449 596/167/449 486/166/449 552/165/449
f 417/168/450 409/169/450 407/60/450 410/59/450
f 491/170/451 426/173/451 481/172/451 500/171/451
f 496/146/452 495/174/452 487/93/452 488/90/452
f 426/173/453 459/161/453 480/162/453 481/172/453
f 590/175/454 497/176/454 483/128/454 591/125/454
f 563/150/455 561/133/455 458/32/455 460/62/455
f 482/177/456 606/180/456 598/179/456 490/178/456
f 522/181/457 494/182/457 484/112/457 521/109/457
f 565/183/458 562/129/458 485/130/458 499/184/458
f 534/5/459 539/6/459 481/172/459 480/162/459
f 474/104/460 511/186/460 508/185/460 447/103/460
f 536/135/461 537/138/461 411/34/461 404/19/461
f 464/25/462 465/26/462 540/141/462 543/163/462
f 552/165/463 486/166/463 498/144/463 554/142/463
f 490/178/464 491/170/464 500/171/464 482/177/464
f 441/96/465 446/97/465 495/174/465 496/146/465
f 588/116/466 456/117/466 497/176/466 590/175/466
f 519/113/467 451/114/467 494/182/467 522/181/467
f 559/134/468 565/183/468 499/184/468 457/31/468
f 540/141/469 482/177/469 500/171/469 543/163/469
f 543/163/470 500/171/470 481/172/470 539/6/470
f 421/187/471 472/99/471 471/189/471 530/188/471
f 535/190/472 532/76/472 431/86/472 430/191/472
f 538/81/473 535/190/473 430/191/473 429/80/473
f 450/73/474 507/74/474 506/192/474 451/114/474
f 448/108/475 510/193/475 509/75/475 449/72/475
f 484/112/476 512/195/476 608/194/476 603/111/476
f 447/103/477 508/185/477 510/193/477 448/108/477
f 511/186/478 505/196/478 589/67/478 592/68/478
f 494/182/479 513/197/479 512/195/479 484/112/479
f 451/114/480 506/192/480 513/197/480 494/182/480
f 514/152/481 420/198/481 474/104/481 520/101/481
f 471/189/482 472/99/482 437/58/482 432/55/482
f 419/66/483 575/199/483 582/45/483 475/69/483
f 525/200/484 479/158/484 469/159/484 524/13/484
f 560/147/485 558/16/485 524/13/485 469/159/485
f 528/201/486 525/200/486 524/13/486 527/14/486
f 558/16/487 523/4/487 526/1/487 557/15/487
f 555/52/488 463/53/488 476/17/488 556/3/488
f 530/188/489 471/189/489 542/85/489 547/82/489
f 478/157/490 536/135/490 533/136/490 477/156/490
f 478/157/491 479/158/491 537/138/491 536/135/491
f 477/156/492 533/136/492 534/5/492 480/162/492
f 482/177/493 540/141/493 611/139/493 606/180/493
f 546/202/494 545/137/494 525/200/494 528/201/494
f 435/145/495 436/79/495 532/76/495 535/190/495
f 434/64/496 435/145/496 535/190/496 538/81/496
f 433/56/497 434/64/497 538/81/497 541/12/497
f 432/55/498 433/56/498 541/12/498 544/9/498
f 471/189/499 432/55/499 544/9/499 542/85/499
f 479/158/500 525/200/500 545/137/500 537/138/500
f 422/153/501 473/100/501 472/99/501 421/187/501
f 545/137/502 546/202/502 417/168/502 410/59/502
f 520/101/503 515/102/503 442/94/503 473/100/503
f 515/102/504 518/107/504 443/89/504 442/94/504
f 511/186/505 474/104/505 420/198/505 505/196/505
f 570/203/506 573/204/506 476/17/506 463/53/506
f 569/205/507 570/203/507 463/53/507 462/54/507
f 571/206/508 569/205/508 462/54/508 423/207/508
f 568/208/509 571/206/509 423/207/509 425/209/509
f 567/210/510 568/208/510 425/209/510 424/143/510
f 572/211/511 567/210/511 424/143/511 498/144/511
f 574/212/512 572/211/512 498/144/512 486/166/512
f 614/213/513 574/212/513 486/166/513 596/167/513
f 518/107/514 517/105/514 444/88/514 443/89/514
f 517/105/515 516/106/515 445/98/515 444/88/515
f 516/106/516 519/113/516 446/97/516 445/98/516
f 495/174/517 446/97/517 519/113/517 522/181/517
f 522/181/518 521/109/518 487/93/518 495/174/518
f 521/109/519 609/110/519 602/92/519 487/93/519
f 425/209/520 548/29/520 549/30/520 424/143/520
f 461/63/521 553/51/521 555/52/521 468/148/521
f 423/207/522 550/61/522 548/29/522 425/209/522
f 462/54/523 553/51/523 550/61/523 423/207/523
f 499/184/524 554/142/524 549/30/524 457/31/524
f 597/131/525 612/164/525 552/165/525 485/130/525
f 485/130/526 552/165/526 554/142/526 499/184/526
f 468/148/527 555/52/527 556/3/527 523/4/527
f 490/178/528 598/179/528 613/132/528 562/129/528
f 459/161/529 426/173/529 559/134/529 561/133/529
f 469/159/530 466/154/530 564/149/530 560/147/530
f 466/154/531 467/155/531 563/150/531 564/149/531
f 467/155/532 459/161/532 561/133/532 563/150/532
f 491/170/533 490/178/533 562/129/533 565/183/533
f 426/173/534 491/170/534 565/183/534 559/134/534
f 468/148/535 523/4/535 558/16/535 560/147/535
f 502/48/536 416/215/536 566/214/536 573/204/536
f 575/199/537 416/215/537 502/48/537 582/45/537
f 414/47/538 502/48/538 573/204/538 570/203/538
f 415/50/539 414/47/539 570/203/539 569/205/539
f 501/44/540 415/50/540 569/205/540 571/206/540
f 412/43/541 501/44/541 571/206/541 568/208/541
f 413/38/542 412/43/542 568/208/542 567/210/542
f 504/37/543 413/38/543 567/210/543 572/211/543
f 503/40/544 504/37/544 572/211/544 574/212/544
f 607/71/545 503/40/545 574/212/545 614/213/545
f 456/117/546 579/35/546 581/36/546 497/176/546
f 497/176/547 581/36/547 583/39/547 483/128/547
f 454/122/548 580/41/548 578/42/548 455/118/548
f 475/69/549 582/45/549 577/46/549 452/120/549
f 455/118/550 578/42/550 579/35/550 456/117/550
f 452/120/551 577/46/551 576/49/551 453/124/551
f 573/204/552 566/214/552 418/18/552 476/17/552
f 483/128/553 583/39/553 615/70/553 604/127/553
f 453/124/554 576/49/554 580/41/554 454/122/554
f 507/74/555 586/115/555 588/116/555 506/192/555
f 511/186/556 592/68/556 585/119/556 508/185/556
f 509/75/557 584/121/557 586/115/557 507/74/557
f 510/193/558 587/123/558 584/121/558 509/75/558
f 512/195/559 591/125/559 616/126/559 608/194/559
f 508/185/560 585/119/560 587/123/560 510/193/560
f 513/197/561 590/175/561 591/125/561 512/195/561
f 506/192/562 588/116/562 590/175/562 513/197/562
f 465/26/563 406/27/563 595/216/563 605/140/563
f 594/217/564 610/220/564 599/219/564 593/218/564
f 531/77/565 493/78/565 489/151/565 594/217/565
f 489/151/566 600/160/566 610/220/566 594/217/566
f 594/217/567 593/218/567 492/87/567 531/77/567
f 746/221/568 743/224/568 776/223/568 771/222/568
f 754/225/569 621/228/569 622/227/569 759/226/569
f 764/229/570 761/232/570 648/231/570 647/230/570
f 744/233/571 778/236/571 777/235/571 747/234/571
f 696/237/572 638/238/572 771/222/572 776/223/572
f 624/239/573 620/242/573 619/241/573 623/240/573
f 623/240/574 619/241/574 617/243/574 621/228/574
f 621/228/575 617/243/575 618/244/575 622/227/575
f 684/245/576 625/248/576 626/247/576 685/246/576
f 768/249/577 678/252/577 677/251/577 769/250/577
f 620/242/578 624/239/578 631/254/578 628/253/578
f 799/255/579 633/258/579 724/257/579 801/256/579
f 801/256/580 724/257/580 723/260/580 803/259/580
f 800/261/581 721/264/581 632/263/581 798/262/581
f 802/265/582 722/268/582 634/267/582 797/266/582
f 798/262/583 632/263/583 633/258/583 799/255/583
f 797/266/584 634/267/584 635/270/584 796/269/584
f 773/271/585 682/274/585 683/273/585 775/272/585
f 652/275/586 657/278/586 658/277/586 653/276/586
f 630/279/587 627/280/587 628/253/587 631/254/587
f 770/281/588 680/282/588 678/252/588 768/249/588
f 773/271/589 681/283/589 680/282/589 770/281/589
f 658/277/590 659/285/590 654/284/590 653/276/590
f 639/286/591 695/289/591 812/288/591 809/287/591
f 803/259/592 723/260/592 827/291/592 835/290/592
f 796/269/593 635/270/593 721/264/593 800/261/593
f 669/292/594 729/295/594 727/294/594 670/293/594
f 752/296/595 656/299/595 713/298/595 751/297/595
f 761/232/596 758/301/596 649/300/596 648/231/596
f 767/302/597 762/305/597 690/304/597 749/303/597
f 751/297/598 712/307/598 651/306/598 752/296/598
f 658/277/599 663/309/599 664/308/599 659/285/599
f 708/310/600 707/313/600 822/312/600 821/311/600
f 657/278/601 662/314/601 663/309/601 658/277/601
f 660/315/602 665/318/602 666/317/602 661/316/602
f 692/319/603 693/320/603 662/314/603 657/278/603
f 659/285/604 664/308/604 665/318/604 660/315/604
f 740/321/605 694/324/605 667/323/605 735/322/605
f 737/325/606 669/292/606 670/293/606 736/326/606
f 738/327/607 668/328/607 669/292/607 737/325/607
f 741/329/608 704/332/608 823/331/608 829/330/608
f 735/322/609 667/323/609 668/328/609 738/327/609
f 736/326/610 670/293/610 671/334/610 739/333/610
f 806/335/611 675/338/611 676/337/611 808/336/611
f 812/288/612 695/289/612 672/340/612 805/339/612
f 804/341/613 674/342/613 675/338/613 806/335/613
f 807/343/614 673/344/614 674/342/614 804/341/614
f 811/345/615 703/348/615 824/347/615 836/346/615
f 805/339/616 672/340/616 673/344/616 807/343/616
f 782/349/617 833/352/617 817/351/617 705/350/617
f 781/353/618 779/354/618 677/251/618 678/252/618
f 756/355/619 624/239/619 623/240/619 753/356/619
f 630/279/620 631/254/620 757/358/620 765/357/620
f 831/359/621 760/361/621 685/246/621 825/360/621
f 774/362/622 718/364/622 644/363/622 769/250/622
f 659/285/623 660/315/623 655/365/623 654/284/623
f 660/315/624 661/316/624 656/299/624 655/365/624
f 622/227/625 618/244/625 625/248/625 684/245/625
f 753/356/626 623/240/626 621/228/626 754/225/626
f 656/299/627 661/316/627 716/366/627 713/298/627
f 780/367/628 784/369/628 681/283/628 688/368/628
f 784/369/629 783/370/629 680/282/629 681/283/629
f 713/298/630 716/366/630 708/310/630 709/371/630
f 762/305/631 764/229/631 647/230/631 690/304/631
f 693/320/632 642/373/632 734/372/632 740/321/632
f 686/374/633 698/377/633 697/376/633 687/375/633
f 686/374/634 689/379/634 699/378/634 698/377/634
f 709/371/635 708/310/635 821/311/635 820/380/635
f 687/375/636 697/376/636 700/382/636 679/381/636
f 759/226/637 622/227/637 684/245/637 763/383/637
f 832/384/638 816/387/638 706/386/638 772/385/638
f 637/388/639 629/389/639 627/280/639 630/279/639
f 711/390/640 646/393/640 701/392/640 720/391/640
f 716/366/641 715/394/641 707/313/641 708/310/641
f 646/393/642 679/381/642 700/382/642 701/392/642
f 810/395/643 717/396/643 703/348/643 811/345/643
f 783/370/644 781/353/644 678/252/644 680/282/644
f 702/397/645 826/400/645 818/399/645 710/398/645
f 742/401/646 714/402/646 704/332/646 741/329/646
f 785/403/647 782/349/647 705/350/647 719/404/647
f 754/225/648 759/226/648 701/392/648 700/382/648
f 694/324/649 731/406/649 728/405/649 667/323/649
f 756/355/650 757/358/650 631/254/650 624/239/650
f 684/245/651 685/246/651 760/361/651 763/383/651
f 772/385/652 706/386/652 718/364/652 774/362/652
f 710/398/653 711/390/653 720/391/653 702/397/653
f 661/316/654 666/317/654 715/394/654 716/366/654
f 808/336/655 676/337/655 717/396/655 810/395/655
f 739/333/656 671/334/656 714/402/656 742/401/656
f 779/354/657 785/403/657 719/404/657 677/251/657
f 760/361/658 702/397/658 720/391/658 763/383/658
f 763/383/659 720/391/659 701/392/659 759/226/659
f 641/407/660 692/319/660 691/409/660 750/408/660
f 755/410/661 752/296/661 651/306/661 650/411/661
f 758/301/662 755/410/662 650/411/662 649/300/662
f 670/293/663 727/294/663 726/412/663 671/334/663
f 668/328/664 730/413/664 729/295/664 669/292/664
f 704/332/665 732/415/665 828/414/665 823/331/665
f 667/323/666 728/405/666 730/413/666 668/328/666
f 731/406/667 725/416/667 809/287/667 812/288/667
f 714/402/668 733/417/668 732/415/668 704/332/668
f 671/334/669 726/412/669 733/417/669 714/402/669
f 734/372/670 640/418/670 694/324/670 740/321/670
f 691/409/671 692/319/671 657/278/671 652/275/671
f 639/286/672 795/419/672 802/265/672 695/289/672
f 745/420/673 699/378/673 689/379/673 744/233/673
f 780/367/674 778/236/674 744/233/674 689/379/674
f 748/421/675 745/420/675 744/233/675 747/234/675
f 778/236/676 743/224/676 746/221/676 777/235/676
f 775/272/677 683/273/677 696/237/677 776/223/677
f 750/408/678 691/409/678 762/305/678 767/302/678
f 698/377/679 756/355/679 753/356/679 697/376/679
f 698/377/680 699/378/680 757/358/680 756/355/680
f 697/376/681 753/356/681 754/225/681 700/382/681
f 702/397/682 760/361/682 831/359/682 826/400/682
f 766/422/683 765/357/683 745/420/683 748/421/683
f 655/365/684 656/299/684 752/296/684 755/410/684
f 654/284/685 655/365/685 755/410/685 758/301/685
f 653/276/686 654/284/686 758/301/686 761/232/686
f 652/275/687 653/276/687 761/232/687 764/229/687
f 691/409/688 652/275/688 764/229/688 762/305/688
f 699/378/689 745/420/689 765/357/689 757/358/689
f 642/373/690 693/320/690 692/319/690 641/407/690
f 765/357/691 766/422/691 637/388/691 630/279/691
f 740/321/692 735/322/692 662/314/692 693/320/692
f 735/322/693 738/327/693 663/309/693 662/314/693
f 731/406/694 694/324/694 640/418/694 725/416/694
f 790/423/695 793/424/695 696/237/695 683/273/695
f 789/425/696 790/423/696 683/273/696 682/274/696
f 791/426/697 789/425/697 682/274/697 643/427/697
f 788/428/698 791/426/698 643/427/698 645/429/698
f 787/430/699 788/428/699 645/429/699 644/363/699
f 792/431/700 787/430/700 644/363/700 718/364/700
f 794/432/701 792/431/701 718/364/701 706/386/701
f 834/433/702 794/432/702 706/386/702 816/387/702
f 738/327/703 737/325/703 664/308/703 663/309/703
f 737/325/704 736/326/704 665/318/704 664/308/704
f 736/326/705 739/333/705 666/317/705 665/318/705
f 715/394/706 666/317/706 739/333/706 742/401/706
f 742/401/707 741/329/707 707/313/707 715/394/707
f 741/329/708 829/330/708 822/312/708 707/313/708
f 645/429/709 768/249/709 769/250/709 644/363/709
f 681/283/710 773/271/710 775/272/710 688/368/710
f 643/427/711 770/281/711 768/249/711 645/429/711
f 682/274/712 773/271/712 770/281/712 643/427/712
f 719/404/713 774/362/713 769/250/713 677/251/713
f 817/351/714 832/384/714 772/385/714 705/350/714
f 705/350/715 772/385/715 774/362/715 719/404/715
f 688/368/716 775/272/716 776/223/716 743/224/716
f 710/398/717 818/399/717 833/352/717 782/349/717
f 679/381/718 646/393/718 779/354/718 781/353/718
f 689/379/719 686/374/719 784/369/719 780/367/719
f 686/374/720 687/375/720 783/370/720 784/369/720
f 687/375/721 679/381/721 781/353/721 783/370/721
f 711/390/722 710/398/722 782/349/722 785/403/722
f 646/393/723 711/390/723 785/403/723 779/354/723
f 688/368/724 743/224/724 778/236/724 780/367/724
f 722/268/725 636/435/725 786/434/725 793/424/725
f 795/419/726 636/435/726 722/268/726 802/265/726
f 634/267/727 722/268/727 793/424/727 790/423/727
f 635/270/728 634/267/728 790/423/728 789/425/728
f 721/264/729 635/270/729 789/425/729 791/426/729
f 632/263/730 721/264/730 791/426/730 788/428/730
f 633/258/731 632/263/731 788/428/731 787/430/731
f 724/257/732 633/258/732 787/430/732 792/431/732
f 723/260/733 724/257/733 792/431/733 794/432/733
f 827/291/734 723/260/734 794/432/734 834/433/734
f 676/337/735 799/255/735 801/256/735 717/396/735
f 717/396/736 801/256/736 803/259/736 703/348/736
f 674/342/737 800/261/737 798/262/737 675/338/737
f 695/289/738 802/265/738 797/266/738 672/340/738
f 675/338/739 798/262/739 799/255/739 676/337/739
f 672/340/740 797/266/740 796/269/740 673/344/740
f 793/424/741 786/434/741 638/238/741 696/237/741
f 703/348/742 803/259/742 835/290/742 824/347/742
f 673/344/743 796/269/743 800/261/743 674/342/743
f 727/294/744 806/335/744 808/336/744 726/412/744
f 731/406/745 812/288/745 805/339/745 728/405/745
f 729/295/746 804/341/746 806/335/746 727/294/746
f 730/413/747 807/343/747 804/341/747 729/295/747
f 732/415/748 811/345/748 836/346/748 828/414/748
f 728/405/749 805/339/749 807/343/749 730/413/749
f 733/417/750 810/395/750 811/345/750 732/415/750
f 726/412/751 808/336/751 810/395/751 733/417/751
f 685/246/752 626/247/752 815/436/752 825/360/752
f 814/437/753 830/440/753 819/439/753 813/438/753
f 751/297/754 713/298/754 709/371/754 814/437/754
f 709/371/755 820/380/755 830/440/755 814/437/755
f 814/437/756 813/438/756 712/307/756 751/297/756
f 838/441/757 837/442/757 839/443/757 840/444/757
f 842/445/758 841/446/758 843/447/758 844/448/758
f 846/441/759 845/442/759 847/443/759 848/444/759
f 850/441/760 849/442/760 851/443/760 852/444/760
f 854/441/761 853/442/761 855/443/761 856/444/761
f 858/441/762 857/442/762 859/443/762 860/444/762
f 862/441/763 861/442/763 863/443/763 864/444/763
f 866/441/764 865/442/764 867/443/764 868/444/764
f 870/441/765 869/442/765 871/443/765 872/444/765
f 874/441/766 873/442/766 875/443/766 876/444/766
f 878/441/767 877/442/767 879/443/767 880/444/767
f 882/441/768 881/442/768 883/443/768 884/444/768
f 886/441/769 885/442/769 887/443/769 888/444/769
f 890/441/770 889/442/770 891/443/770 892/444/770
f 894/441/771 893/442/771 895/443/771 896/444/771
f 898/441/772 897/442/772 899/443/772 900/444/772
f 902/441/773 901/442/773 903/443/773 904/444/773
f 906/441/774 905/442/774 907/443/774 908/444/774
f 910/441/775 909/442/775 911/443/775 912/444/775
f 914/441/776 913/442/776 915/443/776 916/444/776
f 918/441/777 917/442/777 919/443/777 920/444/777
f 922/441/778 921/442/778 923/443/778 924/444/778
f 926/441/779 925/442/779 927/443/779 928/444/779
f 930/441/780 929/442/780 931/443/780 932/444/780
f 934/441/781 933/442/781 935/443/781 936/444/781
f 938/441/782 937/442/782 939/443/782 940/444/782
f 942/441/783 941/442/783 943/443/783 944/444/783
f 946/441/784 945/442/784 947/443/784 948/444/784
f 950/441/785 949/442/785 951/443/785 952/444/785
f 954/441/786 953/442/786 955/443/786 956/444/786
f 958/441/787 957/442/787 959/443/787 960/444/787
f 962/441/788 961/442/788 963/443/788 964/444/788
f 966/441/789 965/442/789 967/443/789 968/444/789
f 970/441/790 969/442/790 971/443/790 972/444/790
f 974/441/791 973/442/791 975/443/791 976/444/791
f 978/441/792 977/442/792 979/443/792 980/444/792
f 982/441/793 981/442/793 983/443/793 984/444/793
f 986/441/794 985/442/794 987/443/794 988/444/794
f 990/441/795 989/442/795 991/443/795 992/444/795
f 994/441/796 993/442/796 995/443/796 996/444/796
f 998/441/797 997/442/797 999/443/797 1000/444/797
f 1002/441/798 1001/442/798 1003/443/798 1004/444/798
f 1006/441/799 1005/442/799 1007/443/799 1008/444/799
f 1010/441/800 1009/442/800 1011/443/800 1012/444/800
f 1014/441/801 1013/442/801 1015/443/801 1016/444/801
f 1018/441/802 1017/442/802 1019/443/802 1020/444/802
f 1022/441/803 1021/442/803 1023/443/803 1024/444/803
f 1026/441/804 1025/442/804 1027/443/804 1028/444/804
f 1030/441/805 1029/442/805 1031/443/805 1032/444/805
f 1034/441/806 1033/442/806 1035/443/806 1036/444/806
f 1038/441/807 1037/442/807 1039/443/807 1040/444/807
f 1042/441/808 1041/442/808 1043/443/808 1044/444/808
f 1046/441/809 1045/442/809 1047/443/809 1048/444/809
f 1050/441/810 1049/442/810 1051/443/810 1052/444/810
f 1054/441/811 1053/442/811 1055/443/811 1056/444/811
f 1058/441/812 1057/442/812 1059/443/812 1060/444/812
f 1062/441/813 1061/442/813 1063/443/813 1064/444/813
f 1066/441/814 1065/442/814 1067/443/814 1068/444/814
f 1070/441/815 1069/442/815 1071/443/815 1072/444/815
f 1074/441/816 1073/442/816 1075/443/816 1076/444/816
f 1078/441/817 1077/442/817 1079/443/817 1080/444/817
f 1082/441/818 1081/442/818 1083/443/818 1084/444/818
f 1086/441/819 1085/442/819 1087/443/819 1088/444/819
f 1090/441/820 1089/442/820 1091/443/820 1092/444/820
f 1094/441/821 1093/442/821 1095/443/821 1096/444/821
f 1098/441/822 1097/442/822 1099/443/822 1100/444/822
f 1102/441/823 1101/442/823 1103/443/823 1104/444/823
f 1106/441/824 1105/442/824 1107/443/824 1108/444/824
f 1110/441/825 1109/442/825 1111/443/825 1112/444/825
f 1114/441/826 1113/442/826 1115/443/826 1116/444/826
f 1118/441/827 1117/442/827 1119/443/827 1120/444/827
f 1122/441/828 1121/442/828 1123/443/828 1124/444/828
f 1126/441/829 1125/442/829 1127/443/829 1128/444/829
f 1130/441/830 1129/442/830 1131/443/830 1132/444/830
f 1134/441/831 1133/442/831 1135/443/831 1136/444/831
f 1138/441/832 1137/442/832 1139/443/832 1140/444/832
f 1142/441/833 1141/442/833 1143/443/833 1144/444/833
f 1146/441/834 1145/442/834 1147/443/834 1148/444/834
f 1150/441/835 1149/442/835 1151/443/835 1152/444/835
f 1154/441/836 1153/442/836 1155/443/836 1156/444/836
f 1158/441/837 1157/442/837 1159/443/837 1160/444/837
f 1162/441/838 1161/442/838 1163/443/838 1164/444/838
f 1166/441/839 1165/442/839 1167/443/839 1168/444/839
f 1170/441/840 1169/442/840 1171/443/840 1172/444/840
f 1174/441/841 1173/442/841 1175/443/841 1176/444/841
f 1178/441/842 1177/442/842 1179/443/842 1180/444/842
f 1182/441/843 1181/442/843 1183/443/843 1184/444/843
f 1186/441/844 1185/442/844 1187/443/844 1188/444/844
f 1190/441/845 1189/442/845 1191/443/845 1192/444/845
f 1194/441/846 1193/442/846 1195/443/846 1196/444/846
f 1198/441/847 1197/442/847 1199/443/847 1200/444/847
f 1202/441/848 1201/442/848 1203/443/848 1204/444/848
f 1206/441/849 1205/442/849 1207/443/849 1208/444/849
f 1210/441/850 1209/442/850 1211/443/850 1212/444/850
f 1214/441/851 1213/442/851 1215/443/851 1216/444/851
f 1218/441/852 1217/442/852 1219/443/852 1220/444/852
f 1222/441/853 1221/442/853 1223/443/853 1224/444/853
f 1226/441/854 1225/442/854 1227/443/854 1228/444/854
f 1230/441/855 1229/442/855 1231/443/855 1232/444/855
f 1234/441/856 1233/442/856 1235/443/856 1236/444/856
f 1238/441/857 1237/442/857 1239/443/857 1240/444/857
f 1242/441/858 1241/442/858 1243/443/858 1244/444/858
f 1246/441/859 1245/442/859 1247/443/859 1248/444/859
f 1250/441/860 1249/442/860 1251/443/860 1252/444/860
f 1254/441/861 1253/442/861 1255/443/861 1256/444/861
f 1258/441/862 1257/442/862 1259/443/862 1260/444/862
f 1262/441/863 1261/442/863 1263/443/863 1264/444/863
f 1266/441/864 1265/442/864 1267/443/864 1268/444/864
f 1270/441/865 1269/442/865 1271/443/865 1272/444/865
f 1274/441/866 1273/442/866 1275/443/866 1276/444/866
f 1278/441/867 1277/442/867 1279/443/867 1280/444/867
f 1282/441/868 1281/442/868 1283/443/868 1284/444/868
f 1286/441/869 1285/442/869 1287/443/869 1288/444/869
f 1290/441/870 1289/442/870 1291/443/870 1292/444/870
f 1294/441/871 1293/442/871 1295/443/871 1296/444/871
f 1298/441/872 1297/442/872 1299/443/872 1300/444/872
f 1302/441/873 1301/442/873 1303/443/873 1304/444/873
f 1306/441/874 1305/442/874 1307/443/874 1308/444/874
f 1310/441/875 1309/442/875 1311/443/875 1312/444/875
f 1314/441/876 1313/442/876 1315/443/876 1316/444/876
f 1318/441/877 1317/442/877 1319/443/877 1320/444/877
f 1322/441/878 1321/442/878 1323/443/878 1324/444/878
f 1326/441/879 1325/442/879 1327/443/879 1328/444/879
f 1330/441/880 1329/442/880 1331/443/880 1332/444/880
f 1334/441/881 1333/442/881 1335/443/881 1336/444/881
f 1338/441/882 1337/442/882 1339/443/882 1340/444/882
f 1342/441/883 1341/442/883 1343/443/883 1344/444/883
f 1346/441/884 1345/442/884 1347/443/884 1348/444/884
f 1350/441/885 1349/442/885 1351/443/885 1352/444/885
f 1354/441/886 1353/442/886 1355/443/886 1356/444/886
f 1358/441/887 1357/442/887 1359/443/887 1360/444/887
f 1362/441/888 1361/442/888 1363/443/888 1364/444/888
f 1366/441/889 1365/442/889 1367/443/889 1368/444/889
f 1370/441/890 1369/442/890 1371/443/890 1372/444/890
f 1374/441/891 1373/442/891 1375/443/891 1376/444/891
f 1378/441/892 1377/442/892 1379/443/892 1380/444/892
f 1382/441/893 1381/442/893 1383/443/893 1384/444/893
f 1386/441/894 1385/442/894 1387/443/894 1388/444/894
f 1390/441/895 1389/442/895 1391/443/895 1392/444/895
f 1394/441/896 1393/442/896 1395/443/896 1396/444/896
f 1398/441/897 1397/442/897 1399/443/897 1400/444/897
f 1402/441/898 1401/442/898 1403/443/898 1404/444/898
f 1406/441/899 1405/442/899 1407/443/899 1408/444/899
f 1410/441/900 1409/442/900 1411/443/900 1412/444/900
f 1414/441/901 1413/442/901 1415/443/901 1416/444/901
f 1418/441/902 1417/442/902 1419/443/902 1420/444/902
f 1422/441/903 1421/442/903 1423/443/903 1424/444/903
f 1426/441/904 1425/442/904 1427/443/904 1428/444/904
f 1430/441/905 1429/442/905 1431/443/905 1432/444/905
f 1434/441/906 1433/442/906 1435/443/906 1436/444/906
f 1438/441/907 1437/442/907 1439/443/907 1440/444/907
f 1442/441/908 1441/442/908 1443/443/908 1444/444/908
f 1446/441/909 1445/442/909 1447/443/909 1448/444/909
f 1450/441/910 1449/442/910 1451/443/910 1452/444/910
f 1454/441/911 1453/442/911 1455/443/911 1456/444/911
f 1458/441/912 1457/442/912 1459/443/912 1460/444/912
f 1462/441/913 1461/442/913 1463/443/913 1464/444/913
f 1466/441/914 1465/442/914 1467/443/914 1468/444/914
f 1470/441/915 1469/442/915 1471/443/915 1472/444/915
f 1474/441/916 1473/442/916 1475/443/916 1476/444/916
f 1478/441/917 1477/442/917 1479/443/917 1480/444/917
f 1482/441/918 1481/442/918 1483/443/918 1484/444/918
f 1486/441/919 1485/442/919 1487/443/919 1488/444/919
f 1490/441/920 1489/442/920 1491/443/920 1492/444/920
f 1494/441/921 1493/442/921 1495/443/921 1496/444/921
f 1498/441/922 1497/442/922 1499/443/922 1500/444/922
f 1502/441/923 1501/442/923 1503/443/923 1504/444/923
f 1506/441/924 1505/442/924 1507/443/924 1508/444/924
f 1510/441/925 1509/442/925 1511/443/925 1512/444/925
f 1514/441/926 1513/442/926 1515/443/926 1516/444/926
f 1518/445/927 1517/446/927 1519/447/927 1520/448/927
f 1522/441/928 1521/442/928 1523/443/928 1524/444/928
f 1526/441/929 1525/442/929 1527/443/929 1528/444/929
f 1530/441/930 1529/442/930 1531/443/930 1532/444/930
f 1534/441/931 1533/442/931 1535/443/931 1536/444/931
f 1538/441/932 1537/442/932 1539/443/932 1540/444/932
f 1542/441/933 1541/442/933 1543/443/933 1544/444/933
f 1546/441/934 1545/442/934 1547/443/934 1548/444/934
f 1550/441/935 1549/442/935 1551/443/935 1552/444/935
f 1554/441/936 1553/442/936 1555/443/936 1556/444/936
f 1558/441/937 1557/442/937 1559/443/937 1560/444/937
f 1562/441/938 1561/442/938 1563/443/938 1564/444/938
f 1566/441/939 1565/442/939 1567/443/939 1568/444/939
f 1570/441/940 1569/442/940 1571/443/940 1572/444/940
f 1574/441/941 1573/442/941 1575/443/941 1576/444/941
f 1578/441/942 1577/442/942 1579/443/942 1580/444/942
f 1582/441/943 1581/442/943 1583/443/943 1584/444/943
f 1586/441/944 1585/442/944 1587/443/944 1588/444/944
f 1590/441/945 1589/442/945 1591/443/945 1592/444/945
f 1594/441/946 1593/442/946 1595/443/946 1596/444/946
f 1598/441/947 1597/442/947 1599/443/947 1600/444/947
f 1602/441/948 1601/442/948 1603/443/948 1604/444/948
f 1606/441/949 1605/442/949 1607/443/949 1608/444/949
f 1610/441/950 1609/442/950 1611/443/950 1612/444/950
f 1614/441/951 1613/442/951 1615/443/951 1616/444/951
f 1618/441/952 1617/442/952 1619/443/952 1620/444/952
f 1622/441/953 1621/442/953 1623/443/953 1624/444/953
f 1626/441/954 1625/442/954 1627/443/954 1628/444/954
f 1630/441/955 1629/442/955 1631/443/955 1632/444/955
f 1634/441/956 1633/442/956 1635/443/956 1636/444/956
f 1638/441/957 1637/442/957 1639/443/957 1640/444/957
f 1642/441/958 1641/442/958 1643/443/958 1644/444/958
f 1646/441/959 1645/442/959 1647/443/959 1648/444/959
f 1650/441/960 1649/442/960 1651/443/960 1652/444/960
f 1654/441/961 1653/442/961 1655/443/961 1656/444/961
f 1658/441/962 1657/442/962 1659/443/962 1660/444/962
f 1662/441/963 1661/442/963 1663/443/963 1664/444/963
f 1666/441/964 1665/442/964 1667/443/964 1668/444/964
f 1670/441/965 1669/442/965 1671/443/965 1672/444/965
f 1674/441/966 1673/442/966 1675/443/966 1676/444/966
f 1678/441/967 1677/442/967 1679/443/967 1680/444/967
f 1682/441/968 1681/442/968 1683/443/968 1684/444/968
f 1686/441/969 1685/442/969 1687/443/969 1688/444/969
f 1690/441/970 1689/442/970 1691/443/970 1692/444/970
f 1694/441/971 1693/442/971 1695/443/971 1696/444/971
f 1698/441/972 1697/442/972 1699/443/972 1700/444/972
f 1702/441/973 1701/442/973 1703/443/973 1704/444/973
f 1706/441/974 1705/442/974 1707/443/974 1708/444/974
f 1710/441/975 1709/442/975 1711/443/975 1712/444/975
f 1714/441/976 1713/442/976 1715/443/976 1716/444/976
f 1718/441/977 1717/442/977 1719/443/977 1720/444/977
f 1722/441/978 1721/442/978 1723/443/978 1724/444/978
f 1726/441/979 1725/442/979 1727/443/979 1728/444/979
f 1730/441/980 1729/442/980 1731/443/980 1732/444/980
f 1734/441/981 1733/442/981 1735/443/981 1736/444/981
f 1738/441/982 1737/442/982 1739/443/982 1740/444/982
f 1742/441/983 1741/442/983 1743/443/983 1744/444/983
f 1746/441/984 1745/442/984 1747/443/984 1748/444/984
f 1750/441/985 1749/442/985 1751/443/985 1752/444/985
f 1754/441/986 1753/442/986 1755/443/986 1756/444/986
f 1758/441/987 1757/442/987 1759/443/987 1760/444/987
f 1762/441/988 1761/442/988 1763/443/988 1764/444/988
f 1766/441/989 1765/442/989 1767/443/989 1768/444/989
f 1770/441/990 1769/442/990 1771/443/990 1772/444/990
f 1774/441/991 1773/442/991 1775/443/991 1776/444/991
f 1778/441/992 1777/442/992 1779/443/992 1780/444/992
f 1782/441/993 1781/442/993 1783/443/993 1784/444/993
f 1786/441/994 1785/442/994 1787/443/994 1788/444/994
f 1790/441/995 1789/442/995 1791/443/995 1792/444/995
f 1794/441/996 1793/442/996 1795/443/996 1796/444/996
f 1798/441/997 1797/442/997 1799/443/997 1800/444/997
f 1802/441/998 1801/442/998 1803/443/998 1804/444/998
f 1806/441/999 1805/442/999 1807/443/999 1808/444/999
f 1810/441/1000 1809/442/1000 1811/443/1000 1812/444/1000
f 1814/441/1001 1813/442/1001 1815/443/1001 1816/444/1001
f 1818/441/1002 1817/442/1002 1819/443/1002 1820/444/1002
f 1822/441/1003 1821/442/1003 1823/443/1003 1824/444/1003
f 1826/441/1004 1825/442/1004 1827/443/1004 1828/444/1004
f 1830/441/1005 1829/442/1005 1831/443/1005 1832/444/1005
f 1834/441/1006 1833/442/1006 1835/443/1006 1836/444/1006
f 1838/441/1007 1837/442/1007 1839/443/1007 1840/444/1007
f 1842/441/1008 1841/442/1008 1843/443/1008 1844/444/1008
f 1846/441/1009 1845/442/1009 1847/443/1009 1848/444/1009
f 1850/441/1010 1849/442/1010 1851/443/1010 1852/444/1010
f 1854/441/1011 1853/442/1011 1855/443/1011 1856/444/1011
f 1858/441/1012 1857/442/1012 1859/443/1012 1860/444/1012
f 1862/441/1013 1861/442/1013 1863/443/1013 1864/444/1013
f 1866/441/1014 1865/442/1014 1867/443/1014 1868/444/1014
f 1870/441/1015 1869/442/1015 1871/443/1015 1872/444/1015
f 1874/441/1016 1873/442/1016 1875/443/1016 1876/444/1016
f 1878/441/1017 1877/442/1017 1879/443/1017 1880/444/1017
f 1882/441/1018 1881/442/1018 1883/443/1018 1884/444/1018
f 1886/441/1019 1885/442/1019 1887/443/1019 1888/444/1019
f 1890/441/1020 1889/442/1020 1891/443/1020 1892/444/1020
f 1894/441/1021 1893/442/1021 1895/443/1021 1896/444/1021
f 1898/441/1022 1897/442/1022 1899/443/1022 1900/444/1022
f 1902/441/1023 1901/442/1023 1903/443/1023 1904/444/1023
f 1906/441/1024 1905/442/1024 1907/443/1024 1908/444/1024
f 1910/441/1025 1909/442/1025 1911/443/1025 1912/444/1025
f 1914/441/1026 1913/442/1026 1915/443/1026 1916/444/1026
f 1918/441/1027 1917/442/1027 1919/443/1027 1920/444/1027
f 1922/441/1028 1921/442/1028 1923/443/1028 1924/444/1028
f 1926/441/1029 1925/442/1029 1927/443/1029 1928/444/1029
f 1930/441/1030 1929/442/1030 1931/443/1030 1932/444/1030
f 1934/441/1031 1933/442/1031 1935/443/1031 1936/444/1031
f 1938/441/1032 1937/442/1032 1939/443/1032 1940/444/1032
f 1942/441/1033 1941/442/1033 1943/443/1033 1944/444/1033
f 1946/441/1034 1945/442/1034 1947/443/1034 1948/444/1034
f 1950/441/1035 1949/442/1035 1951/443/1035 1952/444/1035
f 1954/441/1036 1953/442/1036 1955/443/1036 1956/444/1036
f 1958/441/1037 1957/442/1037 1959/443/1037 1960/444/1037
f 1962/441/1038 1961/442/1038 1963/443/1038 1964/444/1038
f 1966/441/1039 1965/442/1039 1967/443/1039 1968/444/1039
f 1970/441/1040 1969/442/1040 1971/443/1040 1972/444/1040
f 1974/441/1041 1973/442/1041 1975/443/1041 1976/444/1041
f 1978/441/1042 1977/442/1042 1979/443/1042 1980/444/1042
f 1982/441/1043 1981/442/1043 1983/443/1043 1984/444/1043
f 1986/441/1044 1985/442/1044 1987/443/1044 1988/444/1044
f 1990/441/1045 1989/442/1045 1991/443/1045 1992/444/1045
f 1994/441/1046 1993/442/1046 1995/443/1046 1996/444/1046
f 1998/441/1047 1997/442/1047 1999/443/1047 2000/444/1047
f 2002/441/1048 2001/442/1048 2003/443/1048 2004/444/1048
f 2006/441/1049 2005/442/1049 2007/443/1049 2008/444/1049
f 2010/441/1050 2009/442/1050 2011/443/1050 2012/444/1050
f 2014/441/1051 2013/442/1051 2015/443/1051 2016/444/1051
f 2018/441/1052 2017/442/1052 2019/443/1052 2020/444/1052
f 2022/441/1053 2021/442/1053 2023/443/1053 2024/444/1053
f 2026/441/1054 2025/442/1054 2027/443/1054 2028/444/1054
f 2030/441/1055 2029/442/1055 2031/443/1055 2032/444/1055
f 2034/441/1056 2033/442/1056 2035/443/1056 2036/444/1056
f 2038/441/1057 2037/442/1057 2039/443/1057 2040/444/1057
f 2042/441/1058 2041/442/1058 2043/443/1058 2044/444/1058
f 2046/441/1059 2045/442/1059 2047/443/1059 2048/444/1059
f 2050/441/1060 2049/442/1060 2051/443/1060 2052/444/1060
f 2054/441/1061 2053/442/1061 2055/443/1061 2056/444/1061
f 2058/441/1062 2057/442/1062 2059/443/1062 2060/444/1062
f 2062/441/1063 2061/442/1063 2063/443/1063 2064/444/1063
f 2066/441/1064 2065/442/1064 2067/443/1064 2068/444/1064
f 2070/441/1065 2069/442/1065 2071/443/1065 2072/444/1065
f 2074/441/1066 2073/442/1066 2075/443/1066 2076/444/1066
f 2078/441/1067 2077/442/1067 2079/443/1067 2080/444/1067
f 2082/441/1068 2081/442/1068 2083/443/1068 2084/444/1068
f 2086/441/1069 2085/442/1069 2087/443/1069 2088/444/1069
f 2090/441/1070 2089/442/1070 2091/443/1070 2092/444/1070
f 2094/441/1071 2093/442/1071 2095/443/1071 2096/444/1071
f 2098/441/1072 2097/442/1072 2099/443/1072 2100/444/1072
f 2102/441/1073 2101/442/1073 2103/443/1073 2104/444/1073
f 2106/441/1074 2105/442/1074 2107/443/1074 2108/444/1074
f 2110/441/1075 2109/442/1075 2111/443/1075 2112/444/1075
f 2114/441/1076 2113/442/1076 2115/443/1076 2116/444/1076
f 2118/441/1077 2117/442/1077 2119/443/1077 2120/444/1077
f 2122/441/1078 2121/442/1078 2123/443/1078 2124/444/1078
f 2126/441/1079 2125/442/1079 2127/443/1079 2128/444/1079
f 2130/441/1080 2129/442/1080 2131/443/1080 2132/444/1080
f 2134/441/1081 2133/442/1081 2135/443/1081 2136/444/1081
f 2138/441/1082 2137/442/1082 2139/443/1082 2140/444/1082
f 2142/441/1083 2141/442/1083 2143/443/1083 2144/444/1083
f 2146/441/1084 2145/442/1084 2147/443/1084 2148/444/1084
f 2150/441/1085 2149/442/1085 2151/443/1085 2152/444/1085
f 2154/441/1086 2153/442/1086 2155/443/1086 2156/444/1086
f 2158/441/1087 2157/442/1087 2159/443/1087 2160/444/1087
f 2162/441/1088 2161/442/1088 2163/443/1088 2164/444/1088
f 2166/441/1089 2165/442/1089 2167/443/1089 2168/444/1089
f 2170/441/1090 2169/442/1090 2171/443/1090 2172/444/1090
f 2174/441/1091 2173/442/1091 2175/443/1091 2176/444/1091
f 2178/441/1092 2177/442/1092 2179/443/1092 2180/444/1092
f 2182/441/1093 2181/442/1093 2183/443/1093 2184/444/1093
f 2186/441/1094 2185/442/1094 2187/443/1094 2188/444/1094
f 2190/441/1095 2189/442/1095 2191/443/1095 2192/444/1095
f 2194/441/1096 2193/442/1096 2195/443/1096 2196/444/1096
