# Blender 5.0.1
# www.blender.org
mtllib sport_suit.mtl
o sport_suit
v 0.807172 11.228190 -0.370550
v 0.983213 11.779669 -0.499749
v 0.521500 11.239600 -0.438401
v 0.646300 11.745300 -0.584601
v 0.764904 11.575243 1.646385
v 0.706800 10.934900 1.450899
v 0.219500 11.561500 1.625199
v 0.273500 10.954800 1.553399
v 1.236916 12.302692 -0.513843
v 1.395430 12.816305 -0.494249
v 0.753113 12.379149 -0.693011
v 0.749918 12.130389 1.376961
v 0.242155 12.077476 1.355276
v 1.285112 10.981353 0.632734
v 1.014300 10.957900 1.181699
v 1.358400 11.563300 0.810099
v 1.145651 11.587933 1.533048
v 1.182850 12.130846 1.202302
v 1.111607 11.172802 -0.174432
v 1.254854 11.072951 0.193072
v 1.379200 11.679500 -0.155401
v 1.423755 11.569580 0.246784
v 1.755800 11.648200 -0.156301
v 1.744400 11.663400 0.185799
v 2.122920 12.799307 0.265602
v 1.903306 12.331008 0.714046
v 1.781500 12.084200 0.766999
v 1.726800 11.854600 0.577199
v 2.033407 12.650532 0.571642
v 1.820400 11.946800 -0.320201
v 2.003356 12.363399 -0.364065
v 2.487497 11.771071 -0.212294
v 2.293897 11.586348 -0.258380
v 2.579298 11.958534 0.528148
v 2.145169 11.497062 0.506458
v 2.268698 11.631430 0.656357
v 2.413433 11.792154 0.673624
v 2.667207 12.003177 0.250779
v 2.132905 12.730266 -0.145747
v 2.066384 11.403979 0.215794
v 2.101809 11.426283 -0.137052
v 2.639727 11.921355 -0.035134
v 0.909000 13.046800 0.629199
v 1.388801 12.984322 0.633235
v 1.011119 13.273779 0.255494
v 1.478851 13.216114 0.261379
v 0.238114 12.789299 0.999777
v 0.646600 13.115500 0.594199
v 0.786319 13.316240 0.251234
v 0.265100 13.432300 -0.409501
v 1.265761 12.545654 0.928972
v 0.796266 12.623761 1.018986
v 0.248855 12.464740 1.193901
v 0.831424 13.027262 -0.585129
v 0.716193 13.496210 -0.131260
v 0.253000 11.250500 -0.452101
v 0.258900 11.727200 -0.562301
v 0.254660 12.393969 -0.633484
v 0.268200 13.049100 -0.558701
v 0.978169 13.372187 -0.165073
v 1.493891 13.195544 -0.164189
v 1.446863 13.045074 -0.362068
v 1.142205 12.085976 -0.501577
v 0.707377 12.095775 -0.661521
v 0.716370 11.862365 1.525999
v 0.216300 11.830700 1.464399
v 0.983217 11.202598 -0.295959
v 1.253200 11.765200 -0.315901
v 0.870600 10.954500 1.352499
v 0.990300 11.594600 1.675399
v 0.659500 11.239300 -0.404801
v 0.809980 11.765395 -0.556819
v 0.527400 10.924000 1.565799
v 0.515500 11.550800 1.619699
v 0.884987 11.513420 -0.463292
v 0.594800 11.490900 -0.526101
v 0.740300 11.274500 1.592399
v 0.271700 11.265100 1.600799
v 1.717121 12.648722 -0.468372
v 1.589000 12.107100 -0.405101
v 0.994949 12.130986 1.340333
v 1.117529 12.940125 -0.554650
v 0.997305 12.347139 -0.632281
v 0.484935 12.117559 1.366805
v 1.335151 12.544919 -0.552580
v 0.787721 12.710801 -0.684801
v 0.764378 12.372852 1.222692
v 0.249323 12.278282 1.266777
v 1.281457 11.029447 0.396994
v 1.408770 11.559627 0.512937
v 1.707610 12.879348 0.629237
v 1.463200 11.790200 0.737799
v 1.143846 11.866484 1.428264
v 0.737300 13.074700 0.622499
v 1.310500 11.312400 0.744999
v 1.104100 11.293000 1.411599
v 1.209229 12.311390 1.074516
v 0.261564 12.634098 1.095472
v 1.227752 10.962463 0.876124
v 1.330480 11.571574 1.092356
v 1.462700 12.128300 0.971399
v 1.580900 12.440700 0.821999
v 1.813247 13.082044 0.260392
v 1.551600 11.682600 0.222799
v 1.567300 11.760300 -0.176501
v 0.868584 13.291911 0.252693
v 1.353900 11.366693 0.239340
v 1.239396 11.464299 -0.178287
v 1.198577 11.122200 0.003791
v 1.419100 11.592500 0.028699
v 1.770000 11.761100 -0.257101
v 1.892500 11.557800 -0.135001
v 1.744900 11.609200 -0.003601
v 1.893584 11.571543 0.189419
v 1.733100 11.772600 0.392899
v 2.142442 12.793674 0.072585
v 2.081394 12.568397 -0.297461
v 2.082869 12.751224 0.440155
v 2.404001 12.401602 0.251681
v 1.828800 12.197800 0.735699
v 2.164068 12.095224 0.698463
v 1.975295 12.489253 0.663408
v 1.735000 11.935800 0.703699
v 2.007658 11.912657 0.682812
v 1.914364 11.727353 0.511764
v 2.315142 12.297523 0.535134
v 1.906100 12.156200 -0.358101
v 2.019200 11.790600 -0.253601
v 2.231758 12.070268 -0.257818
v 2.576159 11.850834 -0.138784
v -2.088724 11.339565 0.062403
v 2.386471 11.672912 -0.261893
v -2.723416 11.890223 0.106842
v 2.188663 11.492680 -0.221101
v 2.499010 11.890467 0.631989
v -2.412261 11.641374 0.673246
v 2.633283 11.999992 0.403852
v 2.101392 11.440578 0.379876
v -2.221163 11.474708 0.558745
v 2.203908 11.559959 0.605832
v -2.157902 11.389167 0.372576
v 2.346753 11.717111 0.678301
v -2.714959 11.900114 0.392399
v -2.553231 11.784844 0.639275
v 2.670680 11.975129 0.104805
v 2.052377 11.383287 0.031897
v -2.239690 11.462599 -0.227813
v -2.477278 11.639861 -0.252440
v 1.433652 13.135911 0.471984
v 0.968600 13.175100 0.436599
v 1.326988 12.784181 0.772324
v 0.839600 12.856800 0.818199
v 1.501673 13.233918 0.052971
v 1.015603 13.335753 0.046398
v 1.133900 13.012800 0.633199
v 1.214192 13.257561 0.260437
v 0.803497 13.441861 -0.155714
v 0.496345 12.975718 0.811484
v 0.212154 12.889374 0.936888
v 0.589300 13.158400 0.556999
v 0.720279 13.360060 0.256868
v 0.241294 13.518773 -0.312965
v 0.772716 13.405516 0.064242
v 0.738800 13.227400 0.417799
v 1.038897 12.586745 0.981224
v 0.538001 12.585275 1.101161
v 0.648331 13.539650 -0.092703
v 1.807677 13.004488 -0.151116
v 2.399574 12.325929 -0.082473
v -2.639898 11.800699 -0.115807
v 1.216452 13.299830 -0.167257
v 0.279600 13.294800 -0.485301
v 0.520888 13.478409 -0.331849
v 0.896967 13.294922 -0.424773
v 0.552400 13.064200 -0.580201
v 0.469913 11.728712 -0.583542
v 0.255967 12.085851 -0.616424
v 0.393000 11.249100 -0.455701
v 0.496876 12.392424 -0.692210
v 0.248500 11.498400 -0.491301
v 0.257811 12.740841 -0.616545
v 1.766145 12.866768 -0.343783
v 1.549900 11.944300 -0.326501
v 0.944396 11.867749 1.506229
v 1.175748 13.184287 -0.399742
v 0.929062 12.098186 -0.612736
v 0.478505 11.848719 1.512991
v 1.101596 11.512192 -0.341840
v 0.952000 11.299200 1.550299
v 0.744400 11.502500 -0.508201
v 0.521500 11.249400 1.632399
v 1.650582 12.371668 -0.460529
v 1.006550 12.346598 1.173766
v 1.061906 12.646853 -0.633874
v 0.502893 12.342362 1.250611
v 1.775535 13.021601 0.476943
v 1.505400 11.729500 0.476099
v 0.823600 13.198900 0.430299
v 1.359150 11.338657 0.479116
v 1.646687 12.678670 0.731602
v 1.411200 11.873500 0.993599
v 0.582555 12.849086 0.878681
v 1.224100 11.277500 1.012199
v 1.512500 12.266500 0.897899
v 1.821533 13.075456 0.064811
v 1.561800 11.668300 0.004699
v 0.858438 13.364193 0.053668
v 1.324986 11.407540 0.021682
v 1.934300 11.639800 -0.219301
v 1.884600 11.524700 0.010699
v 1.894539 11.641486 0.364027
v 2.326549 12.209783 -0.207425
v 2.420040 12.392039 0.091355
v 2.362408 12.365862 0.401956
v 2.248486 12.199212 0.639012
v 2.082176 12.002709 0.708619
v 1.940586 11.798824 0.604319
v 2.117532 11.927790 -0.270938
v -2.683980 11.847166 -0.036089
v -2.140727 11.387280 -0.140845
v -2.118399 11.360355 0.239192
v -2.733773 11.903588 0.250554
v -2.486011 11.721495 0.668844
v -2.302636 11.555776 0.638519
v -2.196491 11.436406 0.486542
v -2.645261 11.873018 0.539554
v -2.354035 11.539171 -0.261620
v -2.560472 11.727143 -0.194789
v 1.176292 13.151753 0.446622
v 1.083100 12.818200 0.795599
v 1.233027 13.295678 0.046048
v 0.448719 13.055300 0.761873
v 0.675898 13.262771 0.402968
v 0.704709 13.453581 0.083369
v 0.464496 13.554043 -0.270707
v 0.609100 13.353600 -0.419801
v 0.485259 12.091813 -0.667261
v 0.436200 11.485600 -0.510301
v 0.517084 12.743215 -0.688494
v 1.681900 12.239800 0.830999
v 1.599300 11.849500 0.654299
v 1.789900 12.273200 -0.406701
v 1.963490 12.890955 -0.151173
v 1.922586 12.739152 -0.328582
v 1.678900 11.841400 -0.285401
v 1.874595 12.523150 -0.421448
v 1.723200 12.043800 -0.361701
v 1.593600 11.937300 0.827799
v 1.674500 11.673100 -0.001301
v 1.860622 12.794180 0.611953
v 1.634700 12.119200 0.869299
v 1.647400 11.680300 0.200999
v 1.811958 12.604592 0.699467
v 1.923507 12.916200 0.461177
v 1.739013 12.402827 0.750278
v 1.661700 11.683700 -0.169301
v 1.965836 12.971473 0.261942
v 1.623200 11.764900 0.435999
v 1.976342 12.963152 0.058835
v -0.891061 11.220654 -0.339428
v -1.055200 11.821000 -0.475301
v -0.601375 11.237602 -0.399745
v -0.687099 11.775829 -0.583306
v -0.826781 11.555958 1.645029
v -0.838700 10.989000 1.510099
v -0.257100 11.551000 1.613699
v -0.309800 11.004700 1.523499
v -1.283400 12.320400 -0.519201
v -1.389256 12.801591 -0.500803
v -0.771174 12.386988 -0.690303
v -0.826311 12.145306 1.362797
v -0.273756 12.076118 1.361201
v -1.284404 11.026596 0.664429
v -1.131900 11.016500 1.273099
v -1.392763 11.610109 0.678038
v -1.265685 11.622194 1.366298
v -1.265800 12.151900 1.141199
v -1.151657 11.197790 -0.130027
v -1.267323 11.089754 0.233776
v -1.361500 11.648100 -0.205901
v -1.428560 11.585346 0.234550
v -1.632700 11.730800 -0.171201
v -1.624800 11.704100 0.190199
v -2.117812 12.810843 0.258482
v -1.837146 12.353791 0.729294
v -1.711900 12.102600 0.771199
v -1.645300 11.846200 0.577199
v -2.012199 12.668295 0.579414
v -1.713500 11.943400 -0.347401
v -1.938667 12.389620 -0.393312
v -2.543617 11.715157 -0.209130
v -2.338406 11.510358 -0.259934
v -2.633068 11.884806 0.539394
v -2.184513 11.462268 0.503632
v -2.312605 11.593951 0.658479
v -2.471025 11.732645 0.669346
v -2.712816 11.934632 0.263521
v -2.103283 12.745729 -0.160779
v -2.101679 11.363800 0.209333
v -2.114200 11.365700 -0.153701
v -2.675522 11.871828 -0.025904
v -0.914229 13.036481 0.618468
v -1.411139 12.966784 0.644328
v -1.017992 13.272446 0.256711
v -1.501723 13.209176 0.263482
v -0.303572 12.783262 0.997617
v -0.653513 13.114043 0.591630
v -0.785302 13.317363 0.250462
v -0.267900 13.435200 -0.414201
v -1.284382 12.549880 0.917414
v -0.807932 12.624539 1.016584
v -0.300816 12.466122 1.193702
v -0.829832 13.023071 -0.587243
v -0.720662 13.493236 -0.134239
v -0.274497 11.268972 -0.399994
v -0.262601 11.753921 -0.547866
v -0.257300 12.397428 -0.634396
v -0.264200 13.052700 -0.559701
v -0.986147 13.369205 -0.163893
v -1.510646 13.184422 -0.169409
v -1.452580 13.027929 -0.370536
v -1.200700 12.118700 -0.499701
v -0.743159 12.112035 -0.659405
v -0.812912 11.869914 1.516109
v -0.251700 11.826300 1.490599
v -1.052224 11.228535 -0.259058
v -1.301500 11.705600 -0.342801
v 0.024000 11.265400 -0.414001
v 0.007000 11.746400 -0.544501
v -1.028700 11.001800 1.458799
v -1.112400 11.596900 1.617699
v -0.036700 10.993700 1.545299
v -0.045900 11.551300 1.611499
v -0.742595 11.220778 -0.376693
v -0.869122 11.802073 -0.550329
v -0.591000 10.993100 1.528999
v -0.548132 11.546543 1.624750
v -0.981000 11.515700 -0.438901
v -0.645236 11.506971 -0.512359
v -0.837900 11.323500 1.595199
v -0.267200 11.320900 1.588399
v -1.693734 12.634691 -0.476421
v -1.574400 12.151600 -0.417601
v 0.001800 13.036500 -0.535201
v 0.004900 12.391200 -0.589301
v -1.087536 12.147608 1.284375
v -0.015404 12.047981 1.342447
v -1.115968 12.927680 -0.560026
v -1.020412 12.364324 -0.625319
v -0.526518 12.120000 1.371510
v -1.335592 12.545485 -0.552530
v -0.786818 12.711472 -0.684839
v -0.806448 12.377012 1.210976
v -0.288193 12.270323 1.267699
v -1.287616 11.049500 0.437148
v -1.420271 11.586268 0.483964
v -1.727380 12.860885 0.631430
v -1.443400 11.779600 0.699199
v -1.259199 11.908499 1.247085
v -0.744562 13.072119 0.618807
v -1.323031 11.383316 0.704396
v -1.202700 11.379900 1.412899
v -1.259997 12.330852 1.039512
v -0.323997 12.633855 1.091155
v -1.217371 11.026248 0.889412
v -1.353768 11.624782 0.895784
v -1.462300 12.156600 0.930399
v -1.557962 12.471036 0.816177
v -1.838322 13.066072 0.259325
v -1.479800 11.675700 0.226599
v -1.470100 11.757900 -0.200501
v -0.871892 13.291474 0.252618
v -1.362702 11.395750 0.231425
v -1.250100 11.458000 -0.197101
v -1.224155 11.154028 0.037483
v -1.407446 11.597351 -0.005728
v -1.637700 11.771600 -0.288001
v -1.788000 11.546600 -0.158201
v -1.623100 11.681700 -0.005401
v -1.836500 11.574500 0.174599
v -1.632600 11.756800 0.393399
v -2.132375 12.808290 0.059742
v -2.034449 12.584993 -0.322880
v -2.075352 12.762051 0.440920
v -2.412978 12.389765 0.245358
v -1.758000 12.209700 0.743799
v -2.166589 12.077193 0.699429
v -1.926110 12.512346 0.679125
v -1.669000 11.946000 0.713899
v -2.000863 11.925735 0.685816
v -1.907019 11.735576 0.512741
v -2.319715 12.279922 0.545120
v -1.829300 12.181200 -0.368701
v -1.927600 11.740200 -0.267201
v -2.216279 12.044359 -0.258814
v -2.615809 11.797389 -0.139704
v 2.045330 11.384839 0.064053
v -2.442019 11.595807 -0.264255
v 2.679690 11.952484 0.093360
v -2.225000 11.447800 -0.232701
v -2.556701 11.813500 0.632274
v 2.347414 11.705764 0.677911
v -2.692009 11.921809 0.415572
v -2.141987 11.404360 0.376018
v 2.175956 11.525980 0.567478
v -2.234148 11.522618 0.601179
v 2.106978 11.432693 0.373714
v -2.395612 11.659638 0.674393
v 2.650227 11.985373 0.392265
v 2.491362 11.856008 0.640258
v -2.708427 11.916202 0.111634
v -2.069300 11.334800 0.018999
v 2.202643 11.508361 -0.228353
v 2.379604 11.673240 -0.261685
v -1.456325 13.128730 0.478370
v -0.975222 13.162412 0.433683
v -1.344492 12.769730 0.778468
v -0.843602 12.855598 0.804109
v -1.523230 13.224438 0.055031
v -1.023853 13.333910 0.049844
v -1.143494 12.999504 0.623276
v -1.228960 13.254965 0.264868
v -0.809310 13.439196 -0.158897
v -0.523081 12.971284 0.804838
v -0.274051 12.883824 0.935259
v -0.047500 12.677900 1.077799
v -0.595365 13.155511 0.554590
v -0.727780 13.357257 0.252052
v -0.243394 13.518035 -0.313301
v -0.774694 13.403354 0.065500
v -0.735500 13.220500 0.411499
v 0.001000 13.410300 -0.435901
v -1.054564 12.591537 0.971197
v -0.564285 12.581709 1.099854
v -0.035654 12.376666 1.220698
v -0.660150 13.532073 -0.100477
v -1.818612 12.990634 -0.163500
v -2.394791 12.308569 -0.098483
v 2.585144 11.857823 -0.126018
v -1.230420 13.296276 -0.167938
v -0.278500 13.294000 -0.488501
v -0.523304 13.470661 -0.337606
v -0.901858 13.286622 -0.432615
v -0.549100 13.066200 -0.582901
v -0.488104 11.754569 -0.591587
v -0.254424 12.092676 -0.616653
v -0.458574 11.248034 -0.406901
v -0.513021 12.398911 -0.695669
v -0.264151 11.528176 -0.484894
v -0.257920 12.743271 -0.616238
v -1.768027 12.851462 -0.355765
v 0.001400 13.266100 -0.492101
v -1.495800 11.885800 -0.345601
v 0.008500 12.086800 -0.577801
v -1.096619 11.887150 1.440580
v -0.020800 11.811900 1.482199
v -1.184409 13.171557 -0.405253
v -0.968779 12.126139 -0.600050
v -0.514930 11.847939 1.519898
v -1.172500 11.502100 -0.334101
v 0.006100 11.524600 -0.482401
v -1.060500 11.361700 1.585999
v -0.042200 11.295100 1.556599
v -0.809412 11.512600 -0.485644
v -0.537600 11.328400 1.597499
v -1.626078 12.396961 -0.473107
v 0.002300 12.733900 -0.570501
v -1.062660 12.359475 1.140311
v -0.018374 12.222214 1.277271
v -1.057017 12.638233 -0.636604
v -0.533568 12.337781 1.256464
v -1.802345 13.002035 0.478076
v -1.460300 11.700300 0.460999
v -0.825582 13.189135 0.425263
v -1.369190 11.391954 0.480500
v -1.639907 12.680207 0.732781
v -0.046462 12.528891 1.151147
v -1.432200 11.898800 0.928799
v -0.603402 12.847773 0.872884
v -1.275341 11.377098 0.914388
v -1.492100 12.300500 0.881299
v -1.842313 13.059412 0.048622
v -1.473900 11.688000 0.001199
v -0.865385 13.362677 0.055059
v -1.319410 11.418961 -0.002962
v -1.827100 11.630400 -0.240501
v -1.793900 11.518900 -0.008201
v -1.876225 11.656558 0.353202
v -2.317380 12.189989 -0.213280
v -2.425532 12.378677 0.066483
v -2.369012 12.349642 0.412204
v -2.252820 12.179090 0.642492
v -2.078939 11.997663 0.708818
v -1.933344 11.810972 0.608716
v -2.085800 11.878300 -0.263801
v 2.637663 11.901405 -0.045784
v 2.103896 11.437593 -0.145155
v 2.071304 11.405394 0.237486
v 2.682648 11.979216 0.236397
v 2.403158 11.765956 0.676680
v 2.258538 11.614283 0.646062
v 2.145498 11.482583 0.491353
v 2.598102 11.939551 0.521294
v 2.302484 11.602622 -0.259309
v 2.499412 11.785949 -0.199501
v -1.187444 13.144705 0.456124
v -1.093686 12.817931 0.792243
v -1.248010 13.292645 0.049988
v -0.044101 12.780519 1.012555
v -0.475303 13.049459 0.757366
v -0.678761 13.261492 0.402219
v -0.719403 13.442801 0.080172
v -0.000300 13.501900 -0.335801
v -0.467697 13.543433 -0.277844
v -0.607900 13.340100 -0.428301
v -0.510290 12.100043 -0.669821
v -0.472205 11.513043 -0.510506
v -0.523818 12.751075 -0.688520
v -1.624400 12.265900 0.823299
v -1.527700 11.831600 0.635999
v -1.728454 12.296930 -0.419980
v -1.960763 12.880214 -0.168579
v -1.897143 12.737341 -0.344718
v -1.610600 11.915100 -0.309101
v -1.820713 12.530637 -0.441008
v -1.652900 12.058200 -0.382701
v -1.547600 11.941600 0.798999
v -1.546600 11.699200 0.005199
v -1.866491 12.780768 0.615439
v -1.584500 12.144100 0.845599
v -1.535100 11.700400 0.211099
v -1.783522 12.613564 0.709331
v -1.942356 12.897279 0.461076
v -1.689859 12.424710 0.765685
v -1.560000 11.762700 -0.176101
v -1.984131 12.954968 0.254880
v -1.527200 11.740000 0.428399
v -1.987003 12.950597 0.046776
v 0.178649 12.989324 0.868825
v 0.518326 13.205741 0.553135
v 0.639220 13.399950 0.283547
v 0.211531 13.536146 -0.305385
v 0.616053 13.569512 -0.061734
v 0.387851 13.113243 0.723702
v 0.597053 13.306597 0.416974
v 0.657218 13.473668 0.133663
v 0.409059 13.573379 -0.267944
v -0.234473 12.985276 0.867759
v -0.530259 13.199980 0.550327
v -0.671135 13.379876 0.281707
v -0.214496 13.533004 -0.306699
v -0.634387 13.547750 -0.075191
v -0.038623 12.891466 0.941118
v -0.413598 13.108949 0.717608
v -0.613591 13.292569 0.417892
v -0.680214 13.453314 0.127263
v -0.002225 13.512886 -0.323325
v -0.416693 13.559081 -0.276876
v 2.580856 12.069345 0.402194
v 2.594347 12.000711 -0.042174
v 2.529543 11.921648 -0.144776
v 2.219702 11.693556 0.665067
v 2.368483 11.855036 0.675629
v 2.027143 11.440899 0.212236
v 2.134888 11.529614 -0.212804
v 2.448704 11.950767 0.632818
v 2.339605 11.735390 -0.259924
v 2.525594 12.024757 0.526914
v 2.147020 11.605726 0.605848
v 2.052733 11.481011 0.374296
v 2.617917 12.079752 0.250044
v 2.095087 11.539684 0.508281
v 2.019525 11.418187 0.029723
v 2.059349 11.465256 -0.131140
v 2.241470 11.636763 -0.256079
v 2.294237 11.774220 0.683250
v 2.622323 12.054576 0.099844
v 2.440611 11.832479 -0.212883
v 2.001000 12.030700 -0.307201
v 1.822700 11.599100 -0.146801
v 1.910900 11.858500 -0.285501
v 1.813700 11.570500 0.001299
v 2.275533 12.523735 -0.114196
v 2.283533 12.591379 0.081428
v 2.264602 12.598583 0.259850
v 1.825500 11.811800 0.528499
v 2.207990 12.382138 -0.254511
v 1.842200 11.881500 0.632699
v 2.226883 12.558641 0.414625
v 2.181719 12.474678 0.551604
v 1.820400 11.720600 0.368799
v 1.896700 12.009700 0.695899
v 1.845000 11.693200 -0.238001
v 2.037185 12.221760 0.701493
v 2.109380 12.207523 -0.299240
v 1.823500 11.622700 0.182199
v 2.115158 12.347919 0.649766
v 1.960076 12.106167 0.727746
v -1.940800 12.013100 -0.317501
v -1.687400 11.614600 -0.169001
v -1.795300 11.840100 -0.308401
v -1.710400 11.622000 -0.010301
v -2.256869 12.528167 -0.135240
v -2.280031 12.597362 0.069361
v -2.263156 12.601793 0.258093
v -1.779600 11.831900 0.531499
v -2.178994 12.387286 -0.271090
v -1.800400 11.905800 0.638699
v -2.219066 12.557704 0.427799
v -2.167163 12.480282 0.563134
v -1.751900 11.741400 0.366299
v -1.850300 12.033400 0.699799
v -1.708500 11.704200 -0.264901
v -1.997204 12.227126 0.705916
v -2.072843 12.208159 -0.313935
v -1.716100 11.641500 0.176399
v -2.083395 12.349938 0.657570
v -1.902471 12.112898 0.723490
v -2.625387 12.005163 0.412560
v -2.620835 11.952783 -0.039124
v -2.558819 11.874001 -0.142203
v -2.256414 11.662553 0.664843
v -2.416782 11.802234 0.670825
v -2.052700 11.408800 0.198699
v -2.143500 11.476900 -0.227801
v -2.496743 11.883556 0.633826
v -2.372584 11.657179 -0.261621
v -2.573590 11.956792 0.536088
v -2.172879 11.575233 0.601404
v -2.085809 11.448223 0.369211
v -2.655229 12.021654 0.259194
v -2.127412 11.509034 0.503766
v -2.021000 11.376200 0.013799
v -2.050500 11.397300 -0.146701
v -2.258774 11.565021 -0.255894
v -2.333798 11.729231 0.679400
v -2.653142 12.004313 0.104266
v -2.479639 11.782930 -0.211070
v -1.498617 12.476768 -0.514140
v -1.084800 11.512200 -0.392301
v -1.191600 11.768900 -0.412301
v -1.682412 13.154950 0.259673
v -1.620230 12.938909 -0.367485
v -1.676024 13.086190 -0.165519
v -1.695194 13.147224 0.055542
v -1.436307 12.509010 0.871098
v -1.331815 11.910010 1.025035
v -1.183100 11.025100 1.101699
v -1.388200 12.038800 -0.419901
v -1.260318 11.383949 1.217966
v -1.509317 12.725726 0.759332
v -1.391231 12.314205 0.955299
v -1.334490 11.633566 1.142508
v -1.557089 12.714685 -0.498824
v -1.369000 12.156900 1.031399
v -1.578879 12.918411 0.638602
v -1.454800 12.248300 -0.463301
v -1.650096 13.080404 0.497795
v -0.976948 11.223662 -0.311806
v 1.503657 12.458071 -0.511054
v 0.996198 11.519925 -0.415676
v 1.121912 11.785192 -0.411838
v 1.653395 13.165509 0.260190
v 1.616378 12.956249 -0.357865
v 1.661162 13.100077 -0.156999
v 1.668524 13.160187 0.060409
v 1.431390 12.490424 0.881243
v 1.291352 11.868417 1.193062
v 1.127833 10.956409 1.053869
v 1.346900 12.037700 -0.408501
v 1.188006 11.282222 1.197330
v 1.498590 12.736901 0.758890
v 1.366099 12.282578 0.985781
v 1.254547 11.584932 1.378370
v 1.567528 12.730468 -0.493637
v 1.319800 12.127500 1.088599
v 1.555217 12.936316 0.633608
v 1.426400 12.213200 -0.449401
v 1.609001 13.102154 0.482186
v 0.896307 11.216582 -0.335745
v 0.672632 11.899046 -0.618312
v 0.008500 11.887800 -0.559901
v 0.862721 11.912814 -0.586280
v 1.059206 11.924816 -0.502064
v 1.340155 11.715242 1.020792
v 0.203500 11.685200 1.574499
v 1.484400 11.635400 0.016999
v 0.262400 11.880900 -0.580901
v 1.395800 11.683800 0.789699
v 1.476700 11.632200 0.237299
v -0.038300 11.691100 1.577499
v 1.473200 11.729100 -0.166101
v 0.951500 11.731400 1.598299
v 0.480510 11.882995 -0.627167
v 0.508821 11.692061 1.587292
v 1.141683 11.727672 1.504086
v 1.437600 11.650500 0.499999
v 1.395900 11.862800 -0.318001
v 0.740269 11.720030 1.608027
v -0.713920 11.923142 -0.618562
v -0.915847 11.949999 -0.575342
v -1.121000 11.966900 -0.487701
v -1.371672 11.747421 0.864276
v -0.253000 11.691000 1.588599
v -1.434192 11.651773 0.000328
v -0.258009 11.894292 -0.581307
v -1.405800 11.702200 0.726399
v -1.447566 11.638230 0.232845
v -1.410200 11.708100 -0.206301
v -1.105263 11.740917 1.529745
v -0.500121 11.901236 -0.630568
v -0.536425 11.692548 1.596524
v -1.274700 11.763000 1.324099
v -1.435704 11.651412 0.477381
v -1.392200 11.821200 -0.339601
v -0.821840 11.720148 1.607078
v -1.322990 11.771853 1.075030
v -1.281500 11.909600 -0.412501
v 1.276838 11.727262 1.327297
v 1.228400 11.918600 -0.400501
v 1.319719 11.567036 -0.176213
v 0.249100 11.427600 1.621699
v 1.333500 11.440600 0.786499
v 1.389666 11.473970 0.246306
v 1.169938 11.641041 -0.334006
v 0.773400 11.436100 1.624499
v -0.044100 11.438100 1.595899
v 0.776100 11.631100 -0.535201
v 1.135600 11.440700 1.493699
v 0.928254 11.645650 -0.483715
v 0.528900 11.412800 1.655999
v 1.295799 11.430818 1.072152
v 1.379944 11.453141 0.504602
v 1.376139 11.507309 0.025869
v 0.623300 11.609500 -0.558001
v 0.005700 11.628100 -0.516201
v 0.253400 11.601000 -0.527201
v 0.454700 11.596700 -0.544001
v 0.974200 11.449000 1.624299
v -1.310000 11.561200 -0.201501
v -0.239700 11.450600 1.609999
v -1.360514 11.506147 0.705887
v -1.399106 11.502289 0.233946
v -1.237200 11.605300 -0.339801
v -0.823863 11.443407 1.620071
v -0.834858 11.657331 -0.517300
v -1.228212 11.499151 1.391083
v -1.015600 11.665600 -0.459601
v -0.523800 11.449300 1.624499
v -1.324855 11.508422 0.922055
v -1.394637 11.496341 0.483660
v -1.367874 11.516582 -0.005472
v -0.666485 11.638180 -0.552521
v -0.264808 11.636086 -0.517281
v -0.479462 11.627982 -0.552255
v -1.073900 11.481400 1.601399
v -1.311399 11.509727 1.196070
v -1.135600 11.638300 -0.404601
v 1.240223 11.438484 1.324479
v 1.055590 11.649956 -0.419488
v -0.034500 11.165500 1.563299
v 0.271000 11.118800 1.593399
v 1.011200 11.112800 1.319699
v 0.413800 11.392000 -0.488601
v 1.047493 11.359536 -0.326674
v 0.696000 11.104500 1.524399
v 1.218100 11.135600 0.946499
v 0.708400 11.382000 -0.472001
v 1.258398 11.272781 0.013834
v 0.853300 11.370600 -0.426401
v 0.516400 11.096500 1.616099
v 1.319633 11.194041 0.437504
v 0.007900 11.421700 -0.455101
v 1.175384 11.330394 -0.169901
v 1.289602 11.165466 0.683119
v 0.864400 11.121900 1.443799
v 0.242900 11.398900 -0.475601
v 1.306200 11.227100 0.216099
v 0.559300 11.390900 -0.494801
v -0.297900 11.180800 1.562899
v -1.167200 11.215700 1.337499
v -0.462483 11.402366 -0.466142
v -1.108800 11.375400 -0.292201
v -0.850400 11.179000 1.563399
v -1.229008 11.226592 0.881987
v -0.784026 11.380897 -0.441419
v -1.271631 11.297394 0.017997
v -0.938389 11.370773 -0.389994
v -0.575500 11.166100 1.544899
v -1.333133 11.242125 0.459510
v -1.195900 11.337100 -0.160801
v -1.293182 11.238245 0.702774
v -1.062000 11.199800 1.535899
v -0.260360 11.422120 -0.450134
v -1.318499 11.264187 0.235840
v -0.626104 11.387958 -0.462031
v -1.174400 11.225100 1.082799
v -1.029266 11.376985 -0.345788
v 1.115400 11.120100 1.112799
v 0.949358 11.366385 -0.384232
v -0.016300 11.919400 1.412799
v 0.227557 11.933447 1.399575
v 2.236364 11.595325 0.630967
v 1.433400 12.010600 1.009499
v 0.964995 11.983167 1.432523
v 0.473024 11.983461 1.437352
v 1.971983 11.858788 0.652046
v 1.170678 11.992841 1.326383
v 1.754000 12.005500 0.753499
v 0.722364 11.982166 1.449370
v 1.603300 12.030600 0.856199
v -0.264000 11.937000 1.408999
v -2.274565 11.558949 0.629401
v 2.231289 11.581724 0.623814
v -1.449600 12.038500 0.959099
v -1.093809 12.005577 1.371304
v -0.515540 11.987991 1.437346
v -1.968869 11.873877 0.657323
v -2.281551 11.528358 0.619554
v -1.252506 12.027589 1.178660
v -1.688700 12.021100 0.756299
v -0.821315 11.996801 1.443349
v -1.567600 12.041600 0.844899
v 2.182620 11.651265 0.635451
v 1.863000 11.944300 0.677199
v -1.820800 11.969100 0.682299
v -2.213701 11.622184 0.634113
v -1.367700 12.037400 1.087099
v 1.297289 11.990047 1.113776
v 2.473649 12.204224 0.398711
v 2.503556 12.154618 -0.057120
v 2.438106 12.060455 -0.167580
v 2.115924 11.804298 0.675255
v 2.275694 11.972142 0.684245
v 1.959479 11.503471 0.202278
v 2.037400 11.589200 -0.206701
v 2.353434 12.064075 0.625990
v 2.232003 11.830906 -0.260461
v 2.420120 12.145381 0.524272
v 2.038117 11.695489 0.601963
v 1.970896 11.562954 0.372716
v 2.518756 12.232110 0.249058
v 2.002805 11.634280 0.511265
v 1.958700 11.476700 0.022299
v 1.978000 11.508600 -0.125201
v 2.136344 11.718007 -0.250697
v 2.192617 11.884883 0.693327
v 2.529653 12.213895 0.092635
v 2.339890 11.945076 -0.228517
v 2.079577 11.751734 0.645021
v -2.496876 12.164248 0.411965
v -2.515119 12.121220 -0.064731
v -2.446500 12.024061 -0.171702
v -2.133678 11.793687 0.677013
v -2.307035 11.939042 0.678973
v -1.944300 11.480400 0.184599
v -1.982400 11.542200 -0.234801
v -2.379854 12.022410 0.623525
v -2.240398 11.774707 -0.257367
v -2.441332 12.103243 0.532041
v -2.052660 11.687738 0.607045
v -1.980388 11.546984 0.360771
v -2.542028 12.197525 0.252399
v -2.015901 11.619900 0.510629
v -1.908200 11.441800 0.001399
v -1.915300 11.460300 -0.154201
v -2.093000 11.644800 -0.255001
v -2.212598 11.860837 0.690895
v -2.546464 12.179558 0.085724
v -2.353978 11.912159 -0.227971
v -2.095999 11.744823 0.647186
v 0.897437 8.502589 1.201573
v -1.037583 8.507782 1.168363
v 0.718134 8.849818 -0.729762
v -0.836830 8.869785 -0.684466
v 1.443300 8.658000 0.871299
v -1.497821 8.665253 0.780774
v 1.584882 8.801208 0.129394
v -1.586335 8.793947 0.156710
v 0.801825 6.958807 1.364721
v -1.021271 6.916018 1.391544
v 1.048616 5.906869 1.375272
v -1.104796 5.838018 1.357580
v 1.184531 4.825505 1.201940
v -1.075016 4.727542 1.146769
v 1.293100 4.055400 0.939300
v -1.307000 3.981300 0.902500
v 1.357484 3.432142 0.772068
v -1.373700 3.354890 0.767747
v 1.685400 1.152800 0.659200
v -1.604400 1.128800 0.683300
v 1.556000 6.955500 1.172300
v -1.676300 6.945300 1.059600
v 1.654800 5.982400 1.093199
v -1.666518 5.945802 0.998235
v 1.650574 4.959430 0.874128
v -1.669500 4.940900 0.869500
v 1.771300 4.147900 0.762300
v -1.789400 4.127200 0.794200
v 1.981154 3.500299 0.610202
v -1.957131 3.507676 0.644295
v 1.955100 1.124600 0.478200
v -1.913700 1.124300 0.556900
v 1.905779 6.879303 0.372477
v -1.887439 6.951824 0.247538
v 1.830893 5.944983 0.347105
v -1.803437 5.956820 0.200115
v 1.760069 4.945888 0.243433
v -1.779912 4.974379 0.277772
v 1.928666 4.195247 0.066841
v -1.963572 4.218591 0.185120
v 2.055337 3.570360 -0.069429
v -2.085010 3.605232 -0.000282
v 1.961600 1.086900 0.098300
v -1.994800 1.110100 0.126700
v 1.411117 6.756382 -0.256920
v -1.381470 6.853387 -0.282409
v 1.429600 5.853900 -0.188100
v -1.391700 5.923900 -0.187700
v 1.436345 4.880332 -0.067274
v -1.490780 4.930268 -0.039104
v 1.647129 4.124320 -0.212060
v -1.710798 4.166525 -0.169128
v 1.743616 3.508856 -0.370084
v -1.778474 3.546371 -0.354639
v 1.761900 1.055700 -0.119600
v -1.798500 1.103400 -0.115300
v 0.851530 6.788239 -0.297506
v -0.875445 6.824671 -0.313447
v 1.016700 5.804600 -0.225600
v -1.000800 5.862000 -0.231700
v 1.160640 4.831633 -0.097889
v -1.162434 4.851675 -0.099601
v 1.370342 4.110955 -0.238155
v -1.359733 4.099503 -0.241776
v 1.410177 3.453887 -0.412463
v -1.405969 3.437410 -0.414825
v 1.591700 1.029200 -0.129700
v -1.624800 1.079100 -0.130200
v 0.573130 7.713895 1.188848
v -0.740289 7.736204 1.257001
v 0.684333 7.521332 1.284854
v -0.940637 7.529352 1.318226
v 0.362600 7.500400 1.115899
v -0.499705 7.533169 1.198335
v 1.132849 8.017331 1.197287
v -1.299109 8.051049 1.127518
v 1.393488 7.585545 1.180047
v -1.573500 7.640300 1.093499
v 0.936713 8.340309 1.170743
v -1.077604 8.381729 1.151741
v 1.599607 8.679357 0.037615
v -1.606207 8.700760 0.072038
v 1.667200 8.359200 -0.142601
v -1.644000 8.415500 -0.130001
v 1.502200 8.544100 0.814599
v -1.541940 8.560161 0.723792
v 1.645381 8.263183 0.681220
v -1.702900 8.279500 0.573999
v 1.857474 7.638241 0.529860
v -1.872165 7.758304 0.370757
v 1.661600 7.743000 -0.352401
v -1.618300 7.872100 -0.393801
v 1.266175 7.274338 -0.497019
v -1.236492 7.371014 -0.562674
v 0.657170 7.243965 -0.561426
v -0.680705 7.244664 -0.573174
v 0.758561 8.736263 -0.792264
v -0.851926 8.781316 -0.744000
v -0.371654 8.821028 -0.764934
v 0.837160 8.407657 -0.891427
v -0.864699 8.489531 -0.862282
v 0.873785 7.975063 -0.909552
v -0.913586 8.033055 -0.896293
v 0.367453 7.889090 -0.916388
v -0.473576 7.930327 -0.946549
v -0.378844 8.700786 -0.830366
v -0.394226 8.376823 -0.952935
v 0.442901 6.813152 -0.157866
v -0.507242 6.835840 -0.188718
v 0.181409 6.726261 0.150607
v -0.206378 6.735460 0.092874
v 0.658900 5.800400 -0.069900
v -0.691068 5.832254 -0.096592
v 0.829968 4.791670 -0.000205
v -0.819509 4.785089 0.005379
v 0.630450 4.726785 0.420742
v -0.640941 4.680107 0.395386
v 1.008981 4.038376 -0.095526
v -1.007952 3.996573 -0.095899
v 0.843513 3.976674 0.321605
v -0.859006 3.914120 0.241443
v 1.073923 3.397741 -0.175447
v -1.087591 3.336243 -0.187502
v 0.931652 3.364420 0.181157
v -0.941161 3.266902 0.154414
v 1.393300 1.039500 0.059100
v -1.401000 1.065700 0.100700
v 1.332900 1.078700 0.359900
v -1.360600 1.077500 0.430100
v 0.113772 7.112066 0.087899
v -0.122164 7.109630 0.073034
v 0.267655 7.263081 -0.343325
v -0.324832 7.225129 -0.338167
v 1.554247 1.919989 0.653845
v -1.536805 1.882233 0.644542
v 1.443222 2.725313 0.713318
v -1.423859 2.648286 0.696727
v 1.946672 1.922313 0.569052
v -1.907199 1.923813 0.598982
v 1.983048 2.757811 0.602274
v -1.942655 2.761320 0.646006
v 2.043500 1.915900 0.073900
v -2.051488 1.965572 0.082688
v 2.116692 2.807482 -0.005868
v -2.121908 2.854266 0.005200
v 1.750180 1.878963 -0.244417
v -1.819270 1.946085 -0.245350
v 1.759626 2.775755 -0.411530
v -1.798576 2.819479 -0.406701
v 1.388440 2.711383 -0.372861
v -1.413252 2.705251 -0.385645
v 1.493781 1.850060 -0.217722
v -1.567249 1.888067 -0.251508
v 1.278500 1.850200 -0.017000
v -1.305772 1.849511 -0.005297
v 1.130549 2.675339 -0.117221
v -1.147038 2.618379 -0.119282
v 1.202900 1.853100 0.279700
v -1.262251 1.832164 0.320101
v 1.033389 2.635326 0.219585
v -1.056741 2.546258 0.221001
v 0.430606 5.784320 0.270936
v -0.448274 5.774187 0.229268
v 0.300600 6.809200 1.013499
v -0.321685 6.747094 1.027035
v 0.419885 5.777221 0.737582
v -0.424079 5.705965 0.668146
v 0.543428 5.818884 1.087476
v -0.540869 5.717563 1.032976
v 0.698156 4.729301 0.804879
v -0.672500 4.650500 0.684000
v 0.862300 4.765300 1.034500
v -0.789700 4.659400 0.950600
v 0.989800 3.997000 0.686600
v -0.965600 3.893800 0.609300
v 1.081500 4.034200 0.838300
v -1.087000 3.928600 0.798000
v 0.996867 3.357949 0.457426
v -0.997486 3.242097 0.423501
v 1.118170 3.391140 0.628976
v -1.114703 3.275800 0.605126
v 1.380500 1.104700 0.547600
v -1.403800 1.078600 0.574400
v 1.475800 1.135300 0.641000
v -1.454200 1.100600 0.636000
v 0.086936 7.090487 0.566203
v -0.082939 7.112331 0.557162
v 0.211316 7.264168 0.905190
v -0.216800 7.266328 0.917439
v 1.098279 2.629822 0.445667
v -1.108242 2.527424 0.414831
v 1.213438 2.683197 0.584456
v -1.192064 2.575238 0.542166
v 1.259900 1.854400 0.462400
v -1.318667 1.821870 0.467666
v 1.349600 1.890800 0.557200
v -1.377457 1.846253 0.544298
v 0.162501 6.700246 0.629960
v -0.165538 6.662945 0.608303
v 0.227483 8.821377 -0.769034
v 0.238416 8.680842 -0.825830
v 0.258510 8.338723 -0.946158
v 1.484000 8.396700 -0.437901
v -1.482800 8.483400 -0.387901
v 1.051003 3.370237 0.542901
v -1.053706 3.254402 0.519147
v 0.783827 4.748384 0.936281
v -0.715600 4.650300 0.822000
v 1.612171 3.454633 0.810062
v -1.628152 3.423955 0.807508
v 1.172600 8.436200 -0.717001
v -1.205400 8.526100 -0.659701
v 1.433254 2.294571 -0.299012
v -1.479687 2.305722 -0.325711
v 1.161395 5.343223 1.274574
v -1.073073 5.261068 1.259838
v 0.135810 6.701805 0.394458
v -0.137914 6.689620 0.363678
v 1.752419 3.180226 -0.421504
v -1.796957 3.215139 -0.408628
v 2.095811 2.369646 0.052503
v -2.098674 2.417957 0.055348
v 0.653455 4.753188 0.207668
v -0.660816 4.728558 0.200506
v 0.528079 5.802068 0.069092
v -0.549677 5.817443 0.030401
v 1.670400 7.612200 0.928299
v -1.784800 7.713100 0.805699
v 1.715645 3.806984 -0.307676
v -1.755625 3.851145 -0.278485
v 1.570143 8.868579 0.170273
v -1.574961 8.852283 0.185628
v 1.337400 1.459200 0.494200
v -1.374700 1.464400 0.504900
v 0.444100 7.604500 1.151099
v -0.610623 7.628704 1.219785
v 1.137654 7.471720 -0.669666
v -1.089405 7.537098 -0.725531
v 1.673100 1.042500 -0.141600
v -1.719000 1.095600 -0.139100
v 0.121600 7.337200 0.900599
v -0.165200 7.334700 0.898999
v 2.117206 3.547012 0.258890
v -2.091742 3.570730 0.356588
v 0.867360 8.595578 1.218567
v -1.010113 8.588108 1.193169
v 1.481300 0.931900 0.706700
v -1.449700 0.879000 0.710800
v 1.002100 3.670939 0.559196
v -0.985086 3.577013 0.503928
v 1.204177 3.412569 0.704532
v -1.196585 3.308233 0.680598
v 0.293002 6.765851 -0.029489
v -0.338449 6.789585 -0.088574
v 1.507352 2.332932 0.690153
v -1.478536 2.266999 0.672825
v 1.149844 2.654402 0.514909
v -1.143916 2.547380 0.481727
v 1.411800 0.811900 0.090300
v -1.411636 0.820471 0.136312
v 1.031984 3.007720 0.434835
v -1.035494 2.884461 0.401889
v 0.101667 6.949099 0.580191
v -0.096460 6.952884 0.566072
v 1.737737 1.922040 0.664879
v -1.696164 1.901466 0.668095
v 0.475635 5.798595 0.923164
v -0.465040 5.701159 0.851497
v 1.424300 7.854300 -0.576201
v -1.399515 7.954857 -0.593162
v 1.297400 1.870700 0.512200
v -1.340311 1.830882 0.505205
v 0.451873 7.646402 -0.828515
v -0.530247 7.670236 -0.860876
v 0.346000 7.753200 1.157399
v -0.499000 7.762400 1.187399
v 1.648799 5.895758 -0.019481
v -1.601572 5.950996 -0.062100
v 0.513790 8.197554 1.240184
v -0.671842 8.219422 1.208719
v 0.912877 3.977200 0.531908
v -0.894862 3.892633 0.427717
v 0.140007 6.988774 0.112932
v -0.150688 6.989227 0.085785
v 1.723395 0.937009 0.702292
v -1.624400 0.902100 0.749700
v 1.665927 5.447492 0.970612
v -1.688403 5.429982 0.922788
v 0.904394 6.485363 1.402933
v -1.068299 6.413185 1.418529
v 2.119842 2.788556 0.328327
v -2.114641 2.821146 0.359606
v 1.124100 2.255800 0.247100
v -1.157584 2.193200 0.270125
v 1.961488 2.802255 -0.238728
v -1.978700 2.857200 -0.225300
v 1.144600 4.043200 0.891700
v -1.168600 3.951500 0.850800
v 0.374500 6.361800 1.068799
v -0.435573 6.274192 1.064321
v 1.146098 7.974118 -0.781286
v -1.163414 8.041752 -0.762608
v 1.579150 3.478646 -0.409401
v -1.588876 3.491443 -0.405215
v 0.758448 7.071113 -0.425015
v -0.774060 7.085852 -0.444545
v 0.510106 8.372646 -0.956867
v -0.603991 8.423198 -0.941041
v 0.474239 7.477098 1.206034
v -0.659392 7.510227 1.277556
v 1.788100 5.981800 0.773199
v -1.811707 5.956539 0.633010
v 1.528400 4.100000 0.924400
v -1.543900 4.053100 0.912400
v 1.188300 2.251500 0.449400
v -1.212614 2.175902 0.442145
v 0.980000 4.364600 0.964400
v -0.952900 4.261300 0.905900
v 1.714326 6.812045 -0.077058
v -1.678894 6.916022 -0.137772
v 0.724454 7.302578 1.332140
v -0.960220 7.295202 1.356968
v -0.027845 7.470200 -0.398871
v 1.766317 2.333672 -0.353719
v -1.803269 2.388306 -0.355755
v 1.408400 5.360000 -0.118300
v -1.418189 5.416295 -0.113711
v 1.384493 8.870209 -0.276716
v -1.471089 8.861824 -0.142905
v 0.968419 4.780969 1.125793
v -0.906800 4.682500 1.063700
v 1.422200 1.488900 0.582800
v -1.427300 1.483900 0.563800
v 1.092061 3.053551 -0.153849
v -1.108372 2.984653 -0.164998
v 0.986716 7.228116 -0.553778
v -0.973313 7.272299 -0.594929
v 1.136479 3.717951 0.712055
v -1.130035 3.605067 0.682653
v 1.998795 3.148379 0.593933
v -1.971273 3.157549 0.636102
v 1.217759 4.096795 -0.209082
v -1.197863 4.066033 -0.215693
v 0.704244 8.902784 -0.692850
v -0.836535 8.915051 -0.650484
v 0.850905 8.209698 -0.921802
v -0.881271 8.274361 -0.897051
v 0.069097 7.089520 0.327203
v -0.070237 7.114054 0.315690
v 0.717328 5.854055 1.258603
v -0.733822 5.757881 1.246625
v 1.787251 4.151560 -0.117090
v -1.839550 4.199507 -0.047418
v 0.866659 4.328090 0.768517
v -0.829800 4.239100 0.674800
v 1.376994 7.062575 -0.351468
v -1.350642 7.177393 -0.400796
v 1.275319 4.439126 -0.106186
v -1.276086 4.441564 -0.105764
v 0.001567 7.277916 0.082671
v 0.210991 6.738130 0.834480
v -0.220734 6.682046 0.832100
v 0.431149 8.828635 -0.764528
v -0.575588 8.839096 -0.759466
v 1.908238 7.268702 0.391092
v -1.895529 7.385419 0.295386
v 1.698400 8.087500 -0.251001
v -1.659700 8.175400 -0.274101
v -0.075900 7.514800 1.113499
v 0.395014 5.768205 0.514857
v -0.408311 5.732084 0.460697
v -0.084700 8.326300 1.326199
v 1.430100 1.909100 0.602300
v -1.435165 1.863639 0.593466
v 1.972200 0.873000 0.452600
v -1.934800 0.869700 0.558000
v -0.377745 8.564548 -0.901763
v 0.099173 8.652637 -0.790128
v 1.891488 3.823318 0.680699
v -1.875997 3.817015 0.699934
v 1.452761 8.145517 1.015594
v -1.572300 8.182000 0.909699
v 1.736200 8.335761 0.235912
v -1.726747 8.359406 0.178911
v 0.290500 7.383100 1.046599
v -0.362532 7.392891 1.093551
v 0.623790 6.831426 -0.235054
v -0.669437 6.840537 -0.249867
v 1.622800 8.620316 0.448006
v -1.629965 8.634756 0.400905
v 1.942823 4.178296 0.447545
v -1.932500 4.175800 0.537400
v 0.190374 7.190470 -0.137004
v -0.207327 7.175750 -0.142426
v 0.895717 4.001094 0.077419
v -0.906854 3.948217 0.067144
v 0.820700 5.797700 -0.166700
v -0.835200 5.840600 -0.181100
v 0.962248 3.013706 0.195313
v -0.979859 2.903773 0.177658
v 0.082222 7.187604 0.553136
v -0.081930 7.205503 0.548691
v 1.386800 1.844000 -0.148000
v -1.425694 1.863878 -0.172977
v 0.929029 4.345377 -0.025716
v -0.911551 4.310454 -0.008014
v 2.055200 1.924900 0.336300
v -2.051548 1.949547 0.370437
v 0.539014 7.405005 -0.696849
v -0.609339 7.439615 -0.737883
v 1.794342 5.429905 0.301586
v -1.768159 5.452394 0.226501
v 1.053122 2.658529 0.055195
v -1.071241 2.581099 0.061037
v 0.926900 6.329000 -0.246800
v -0.935100 6.385100 -0.253800
v 1.673565 2.733149 0.755351
v -1.652044 2.695722 0.753240
v 1.617300 1.514700 0.637700
v -1.566800 1.510200 0.628500
v 1.748600 1.441700 -0.166100
v -1.799300 1.515000 -0.164700
v 0.812037 8.587874 -0.847790
v -0.855191 8.651588 -0.801155
v 0.896422 3.678890 0.220075
v -0.905563 3.603971 0.183260
v 1.417700 1.119500 0.599000
v -1.421700 1.088000 0.605600
v 0.473789 6.896355 1.211898
v -0.541188 6.846400 1.267001
v 0.764117 5.245690 -0.017729
v -0.761241 5.245494 -0.015888
v 1.557300 1.147700 0.663700
v -1.511100 1.115200 0.665100
v 1.859700 1.071000 -0.049600
v -1.895400 1.109000 -0.039200
v 1.008608 4.814617 -0.068874
v -0.999562 4.816216 -0.067386
v 1.560277 8.448115 0.758231
v -1.602613 8.454341 0.661661
v 1.229482 8.584940 1.104636
v -1.314161 8.593263 1.019297
v 1.689300 4.533900 0.826600
v -1.728600 4.499400 0.864100
v 1.211749 6.981173 1.370094
v -1.421100 6.940300 1.286200
v 1.605039 1.863048 -0.250931
v -1.693834 1.919166 -0.265867
v 0.097287 8.793556 -0.749063
v -0.013400 8.780100 -0.716001
v 0.147042 7.907038 -0.839380
v -0.243983 7.909170 -0.888744
v 1.350200 1.091300 0.469100
v -1.382300 1.076300 0.521100
v 2.002500 1.105100 0.294300
v -2.012200 1.113600 0.358500
v 1.361318 3.095606 -0.416109
v -1.409812 3.084636 -0.433250
v 1.596800 0.807200 -0.113600
v -1.622200 0.835400 -0.111300
v 1.997807 3.877026 -0.034089
v -2.035074 3.907830 0.070951
v 0.509200 6.338700 -0.105600
v -0.596007 6.393098 -0.139397
v 1.836100 1.142200 0.603200
v -1.751000 1.133800 0.661600
v 1.435300 8.731800 0.899099
v -1.470363 8.727421 0.803441
v 0.305042 8.113641 -0.953434
v -0.426463 8.152609 -0.975018
v 1.990300 1.478900 0.089900
v -2.024400 1.522300 0.106000
v 0.496773 8.405850 1.270746
v -0.641836 8.411593 1.240855
v -0.017600 7.234600 0.557099
v 0.145004 7.150666 0.751187
v -0.141422 7.164810 0.739848
v 0.248100 6.294200 0.704200
v -0.284987 6.237343 0.669257
v 1.580014 8.732800 0.533062
v -1.589513 8.732491 0.473040
v 0.761645 4.261858 0.355187
v -0.779098 4.213078 0.318445
v 0.375657 7.115377 -0.240137
v -0.418590 7.095402 -0.254726
v 1.221500 5.824900 -0.237600
v -1.194200 5.892300 -0.239200
v 1.816400 7.656500 -0.008601
v -1.799800 7.797800 -0.105201
v 1.513600 7.432900 -0.422901
v -1.469100 7.554500 -0.484001
v 2.108914 3.226230 -0.063754
v -2.126058 3.263887 -0.022598
v 0.534036 5.221690 0.319745
v -0.545120 5.175905 0.309326
v 1.001914 7.564189 1.314194
v -1.247500 7.575300 1.261199
v 1.039100 8.885000 -0.581801
v -1.176330 8.899503 -0.482290
v -0.080400 7.731300 1.203699
v 1.379200 0.893300 0.595600
v -1.399100 0.851000 0.634300
v 1.139684 3.053887 0.587277
v -1.130271 2.932086 0.552834
v 1.058623 2.622177 0.354565
v -1.074966 2.524750 0.340297
v 1.213500 1.857600 0.145200
v -1.254028 1.842587 0.179795
v 1.402072 3.781906 -0.361555
v -1.388290 3.770050 -0.361818
v -0.011300 8.651900 -0.754401
v -0.024600 8.305364 -0.818875
v 1.292965 4.856178 -0.094825
v -1.323106 4.894444 -0.099982
v 0.544746 5.227968 0.741263
v -0.550901 5.144273 0.649450
v 1.216865 3.418391 -0.330656
v -1.219805 3.378825 -0.332600
v 1.092800 8.777500 -0.638501
v -1.191308 8.816733 -0.525426
v 0.055779 7.210084 0.076206
v -0.063760 7.203086 0.068572
v -0.044208 7.932659 -0.785325
v -0.178305 8.816130 -0.757882
v 1.381096 3.092760 0.739576
v -1.385861 3.011158 0.729503
v 1.131992 6.759001 -0.308372
v -1.117123 6.823703 -0.322721
v 0.271100 6.319300 0.212300
v -0.318553 6.331056 0.137373
v 1.745104 7.982392 0.618032
v -1.787037 8.056695 0.472572
v 1.345000 0.853800 0.389000
v -1.364900 0.838400 0.466300
v 0.242584 7.113869 0.962818
v -0.248928 7.099153 0.973470
v 1.307613 2.709107 0.650881
v -1.277127 2.607902 0.617203
v 1.939697 1.507154 0.522623
v -1.890800 1.517800 0.565300
v 0.145691 7.375502 -0.405994
v -0.196378 7.345993 -0.403158
v 1.347500 1.417200 0.020000
v -1.363900 1.462300 0.050700
v 0.604501 7.911219 -0.947662
v -0.689670 7.985405 -0.951885
v 1.556200 1.407000 -0.168000
v -1.600700 1.479400 -0.172300
v 1.430000 6.345000 -0.209500
v -1.385500 6.417300 -0.228600
v 0.954965 3.355132 0.341936
v -0.958914 3.245408 0.314725
v 1.517064 4.109693 -0.240913
v -1.536382 4.130324 -0.226975
v 1.600700 4.910872 0.036297
v -1.641209 4.959971 0.081086
v 1.247337 2.688467 -0.265960
v -1.265356 2.658317 -0.276849
v 0.962583 7.710619 -0.828874
v -0.971887 7.770002 -0.840782
v 1.467500 4.917800 1.074900
v -1.449854 4.862609 1.071975
v -0.176157 8.685989 -0.817659
v 1.358100 3.753700 0.816400
v -1.376500 3.681000 0.797200
v 1.287104 2.296074 0.569813
v -1.284320 2.212399 0.544440
v 1.286513 8.457531 1.064253
v -1.368680 8.481641 0.996160
v -0.017800 7.313500 0.945799
v 1.879736 6.443889 0.367147
v -1.850749 6.457212 0.187630
v 0.178600 7.520900 1.094199
v -0.338200 7.535400 1.109999
v 0.645471 4.724642 0.616378
v -0.651172 4.656193 0.556098
v 1.078400 5.296000 -0.141600
v -1.062200 5.330500 -0.145200
v 1.275516 7.824072 1.196035
v -1.451900 7.865800 1.108399
v 0.790450 7.865105 1.245971
v -0.954848 7.884159 1.251577
v 1.542768 4.455815 -0.094793
v -1.607027 4.516452 -0.063293
v 0.447567 8.711257 -0.831888
v -0.587907 8.728634 -0.822770
v 1.223600 1.847600 0.384300
v -1.288396 1.820958 0.407822
v 1.488640 7.305032 1.173333
v -1.637100 7.340000 1.084999
v 1.555631 2.741719 -0.423566
v -1.596342 2.763699 -0.428504
v 1.340200 1.061500 0.218700
v -1.355900 1.073900 0.282400
v 1.282300 1.446400 0.316300
v -1.322300 1.467000 0.370100
v 1.783192 6.929322 0.862386
v -1.868506 6.960100 0.709284
v 0.980536 3.381975 -0.002679
v -0.998730 3.301012 -0.031100
v 1.916306 1.900485 -0.138816
v -1.945700 1.967900 -0.130700
v -0.183145 8.334908 -0.911556
v 1.054711 3.724908 -0.161434
v -1.056914 3.670361 -0.164731
v 1.033200 4.012300 0.778400
v -1.016500 3.907800 0.728800
v 1.908050 3.543450 -0.255009
v -1.945400 3.586500 -0.214600
v 0.411442 7.297122 -0.499767
v -0.470592 7.271257 -0.499390
v 1.621100 8.545700 -0.039201
v -1.605400 8.583600 -0.019401
v 1.403300 5.956600 1.310799
v -1.447947 5.908010 1.255748
v 1.489300 1.026800 -0.066900
v -1.508200 1.066200 -0.057500
v 1.205791 2.280222 -0.062007
v -1.218874 2.240824 -0.060707
v 1.628600 6.516200 1.158900
v -1.673800 6.466000 1.044299
v 1.965982 2.350241 0.597469
v -1.922066 2.349799 0.629446
v 1.944200 0.831600 0.097800
v -1.971300 0.838400 0.138300
v 1.768500 0.820900 -0.108200
v -1.801500 0.846000 -0.098700
v 0.709337 5.252124 1.070082
v -0.655199 5.154125 0.960290
v 0.658524 7.641030 1.239636
v -0.874268 7.663584 1.289094
v 0.970015 8.209536 1.208561
v -1.153243 8.227062 1.164731
v -0.091400 8.109200 1.302299
v 1.820446 4.553940 0.182007
v -1.868397 4.569198 0.289269
v 1.793972 4.976308 0.602386
v -1.791941 4.975731 0.608975
v 1.179144 4.401796 1.086129
v -1.155400 4.298600 1.038300
v 1.422300 8.745300 -0.324001
v -1.477125 8.770792 -0.202841
v -0.367400 8.883300 -0.734501
v 0.237146 8.874960 -0.728481
v 0.245345 8.529773 -0.888968
v 0.083650 8.303272 -0.862346
v -0.075700 8.439500 1.355699
v 0.474496 8.505554 1.296216
v -0.608898 8.509333 1.261149
v 1.189437 8.665372 1.125648
v -1.295711 8.660848 1.028807
v 1.366848 8.941954 -0.257805
v -1.453412 8.918805 -0.127296
v 1.026200 8.946400 -0.553201
v -1.172482 8.946922 -0.455811
v -0.182200 8.877700 -0.727601
v 0.431846 8.884060 -0.726829
v -0.572636 8.891463 -0.720764
v 1.562700 8.797300 0.572199
v -1.573244 8.789859 0.498737
v 1.089378 7.319826 1.357404
v -1.343800 7.314400 1.281399
v 0.409468 7.268970 1.161677
v -0.474705 7.263910 1.242562
v 1.337539 6.525235 1.362826
v -1.452896 6.457193 1.296056
v 0.557300 6.418700 1.246099
v -0.627316 6.336348 1.285698
v 1.445752 5.402928 1.194724
v -1.445207 5.360179 1.188520
v 0.854689 5.279350 1.198823
v -0.802905 5.185581 1.124205
v 1.484000 4.487500 1.020400
v -1.496000 4.410500 1.026200
v 1.039200 4.377800 1.026600
v -1.024300 4.272600 0.979500
v 1.570900 3.778100 0.814300
v -1.595311 3.744007 0.811655
v 1.226500 3.738700 0.769500
v -1.219640 3.635949 0.742322
v 1.641795 3.109954 0.791029
v -1.642336 3.074555 0.788585
v 1.225070 3.074834 0.666532
v -1.218534 2.965262 0.640910
v 1.774700 1.515100 0.617400
v -1.705800 1.518200 0.634200
v 1.495900 1.504000 0.617100
v -1.479500 1.497400 0.597800
v 1.579900 0.941800 0.725700
v -1.512400 0.892800 0.739900
v 1.750190 7.293993 0.867988
v -1.811400 7.379000 0.761599
v 1.800800 6.493400 0.846300
v -1.855969 6.465370 0.666818
v 1.774641 5.458746 0.663028
v -1.787597 5.456351 0.591833
v 1.850915 4.558419 0.566688
v -1.844100 4.546000 0.610000
v 2.047113 3.861467 0.324862
v -2.021200 3.869800 0.431100
v 2.141947 3.194846 0.301833
v -2.121027 3.225891 0.344466
v 2.018400 1.496400 0.321400
v -2.028800 1.518800 0.367800
v 1.721082 7.233615 -0.144815
v -1.702100 7.369900 -0.216201
v 1.683593 6.385101 -0.050608
v -1.625400 6.447100 -0.098700
v 1.604205 5.392343 0.011188
v -1.602119 5.443799 0.004001
v 1.694043 4.497746 -0.009920
v -1.746711 4.550483 0.071483
v 1.854433 3.837278 -0.205614
v -1.899694 3.889018 -0.151791
v 1.942901 3.210511 -0.270647
v -1.982200 3.254400 -0.245600
v 1.873400 1.461900 -0.087500
v -1.916200 1.524600 -0.083900
v 1.854600 0.824100 -0.036900
v -1.884700 0.840600 -0.017600
v 1.182400 6.332100 -0.257100
v -1.155300 6.396000 -0.266500
v 1.241900 5.329700 -0.156000
v -1.237036 5.377712 -0.161557
v 1.404089 4.440716 -0.119978
v -1.452664 4.480759 -0.103996
v 1.571613 3.788900 -0.351467
v -1.579084 3.809466 -0.344258
v 1.557244 3.138855 -0.447746
v -1.596135 3.150081 -0.445945
v 1.645900 1.422600 -0.183300
v -1.703400 1.499000 -0.183900
v 1.680500 0.817100 -0.132800
v -1.720600 0.847900 -0.128200
v 0.087980 6.947648 0.345655
v -0.086923 6.950459 0.330141
v 0.233000 6.297800 0.462500
v -0.255718 6.272027 0.409843
v 0.521963 5.220600 0.544761
v -0.536353 5.152761 0.497558
v 0.803778 4.289621 0.623691
v -0.809561 4.215343 0.537930
v 0.928411 3.668576 0.397733
v -0.930290 3.585198 0.365588
v 0.993570 3.000879 0.340623
v -0.999294 2.882908 0.314399
v 1.303500 1.450100 0.417800
v -1.348900 1.462800 0.453000
v 0.522630 7.135969 -0.363244
v -0.558267 7.116741 -0.375858
v 0.692500 6.337300 -0.194300
v -0.746419 6.383266 -0.205125
v 0.918871 5.267964 -0.094904
v -0.910070 5.285172 -0.096725
v 1.127326 4.417091 -0.086533
v -1.116009 4.397895 -0.088795
v 1.216800 3.748599 -0.305329
v -1.205635 3.715758 -0.302084
v 1.215798 3.070138 -0.315290
v -1.236437 3.028422 -0.327025
v 1.450600 1.403700 -0.107500
v -1.477900 1.465000 -0.103000
v 1.500800 0.803200 -0.037700
v -1.508950 0.821997 -0.025174
v -0.083500 7.892300 1.262199
v 0.539800 7.973900 1.184699
v -0.686275 7.986724 1.207902
v 0.241000 7.623800 1.125599
v -0.407600 7.639600 1.148899
v -0.081900 7.618100 1.151199
v 0.065671 7.184996 0.331592
v -0.066516 7.184087 0.335051
v 0.241200 7.476449 -0.609241
v -0.316872 7.449245 -0.626575
v 0.908422 7.742282 1.271633
v -1.118856 7.756637 1.255053
v 0.526714 7.574586 1.195830
v -0.716829 7.610980 1.273737
v 0.138000 7.445700 1.022499
v -0.251200 7.430500 1.032199
v -0.055700 7.448800 1.036199
v 1.335785 8.342785 1.050070
v -1.441486 8.366458 0.959750
v 1.564400 7.900300 0.976499
v -1.699400 7.976200 0.849899
v 1.673552 8.522679 0.353727
v -1.667828 8.531819 0.296749
v 1.815644 8.046054 0.124960
v -1.775808 8.120708 0.024112
v 1.072504 7.043568 -0.414415
v -1.059896 7.105007 -0.451473
v 1.463700 8.594300 -0.376501
v -1.482200 8.652200 -0.295101
v 1.476500 8.144400 -0.508001
v -1.458700 8.243000 -0.492901
v 1.316655 7.606109 -0.611311
v -1.278806 7.694933 -0.661735
v 0.881292 7.414633 -0.719228
v -0.870898 7.465044 -0.748130
v 1.137986 7.765167 -0.765475
v -1.134908 7.826488 -0.776639
v 0.716627 7.643115 -0.858015
v -0.768023 7.712835 -0.880948
v -0.173898 8.533544 -0.874115
v 0.481416 8.568458 -0.912151
v -0.592464 8.599549 -0.888108
v 1.151600 8.627900 -0.684001
v -1.200700 8.691500 -0.594101
v 0.543983 8.154594 -0.976195
v -0.634615 8.207969 -0.974750
v 0.115057 8.099881 -0.872659
v -0.205763 8.121074 -0.923320
v 1.158248 8.217171 -0.743466
v -1.194100 8.297500 -0.716801
v 0.193003 7.691182 -0.759291
v -0.284424 7.685069 -0.796000
v -0.049161 7.744580 -0.713320
v 0.256340 7.055687 -0.078560
v -0.284955 7.034999 -0.095785
v 0.369700 6.336500 0.020000
v -0.454776 6.385139 -0.042314
v 0.623743 5.230875 0.115775
v -0.626111 5.212025 0.118584
v 0.803097 4.276228 0.145663
v -0.815064 4.248277 0.142229
v 0.948528 3.696984 0.024361
v -0.968045 3.636361 -0.008702
v 0.999526 3.034102 0.013865
v -1.017162 2.943663 0.003556
v 1.288800 1.437100 0.182200
v -1.314400 1.467100 0.229100
v 1.358400 0.831900 0.244300
v -1.366800 0.829100 0.315600
v 0.104921 7.291758 -0.171173
v -0.114474 7.281042 -0.168650
v -0.046802 7.572345 -0.583951
v -0.037900 7.248500 0.328099
v 0.001392 7.375049 -0.163320
v 1.355000 0.873900 0.507800
v -1.380200 0.844600 0.570600
v 1.994200 0.846600 0.272600
v -2.001400 0.846600 0.350400
v 1.877057 0.907046 0.606039
v -1.788488 0.897317 0.702698
v 1.373061 2.317925 0.631072
v -1.355554 2.237586 0.605007
v 1.575145 2.312569 -0.354761
v -1.632233 2.348423 -0.367872
v 1.140400 2.273300 0.103400
v -1.158457 2.217516 0.124142
v 1.146800 2.244300 0.364500
v -1.179903 2.174836 0.374000
v 1.713128 2.340496 0.711646
v -1.664998 2.302894 0.712428
v 1.318024 2.285290 -0.202939
v -1.343464 2.271344 -0.220367
v 2.095400 2.365700 0.343700
v -2.083869 2.393080 0.370907
v 1.964347 2.359994 -0.181991
v -1.969585 2.421935 -0.181624
v 1.416300 0.913400 0.658300
v -1.418200 0.864400 0.675700
v 1.372100 1.473000 0.541600
v -1.394400 1.471900 0.533200
v 1.064299 3.692846 0.650144
v -1.048946 3.584277 0.610134
v 0.609479 5.239756 0.925865
v -0.572801 5.141535 0.796290
v -0.007000 7.213200 0.780899
v 0.125500 7.231100 0.740999
v -0.135800 7.239000 0.735099
v 0.926400 4.343700 0.887100
v -0.884600 4.247000 0.809000
v 1.082568 3.029222 0.509161
v -1.078735 2.904350 0.480749
v 0.157354 7.006341 0.777023
v -0.153531 6.999759 0.759605
v 0.293400 6.320000 0.900900
v -0.352878 6.236332 0.878186
v 1.232345 2.272097 0.507136
v -1.241986 2.190847 0.493901
v -0.014249 8.499518 -0.788701
v -0.035992 8.107549 -0.818902
v -0.017500 8.858200 -0.712001
v 0.104000 8.858100 -0.719501
v 0.080432 8.499918 -0.830468
v -1.187600 11.128400 1.107099
v 0.924044 11.290920 -0.359843
v -0.035200 11.080400 1.553899
v 0.270400 11.033700 1.580599
v 1.013000 11.039000 1.273199
v 0.399400 11.323800 -0.473401
v 1.019892 11.282550 -0.310681
v 0.703400 11.020600 1.504899
v 1.211100 11.050100 0.901999
v 0.681500 11.307300 -0.443401
v 1.226488 11.199028 0.009312
v 0.831300 11.299700 -0.395501
v 0.522400 11.010100 1.593999
v 1.297211 11.113566 0.417461
v 0.009400 11.340900 -0.433001
v 1.147633 11.253780 -0.170519
v 1.287105 11.077129 0.658325
v 0.868500 11.040300 1.408999
v 0.239400 11.321800 -0.461201
v 1.281100 11.150500 0.204199
v 0.538000 11.317000 -0.467001
v -0.304000 11.093100 1.537099
v -1.161100 11.119000 1.321099
v -0.456705 11.320806 -0.433725
v -1.081026 11.304698 -0.273740
v -0.851100 11.086800 1.543699
v -1.216128 11.132016 0.889296
v -0.759368 11.292240 -0.405536
v -1.244910 11.228016 0.028666
v -0.916058 11.295965 -0.364736
v -0.591100 11.081800 1.544299
v -1.307708 11.144828 0.448488
v -1.169312 11.269102 -0.143114
v -1.282297 11.131004 0.683282
v -1.058200 11.104900 1.518199
v -0.257963 11.341578 -0.422494
v -1.294601 11.178477 0.234507
v -0.612359 11.304998 -0.426398
v -1.005455 11.302643 -0.329376
v 1.117200 11.039300 1.085999
vn 0.2854 -0.3238 -0.9021
vn 0.5043 -0.2901 -0.8134
vn 0.3224 -0.2582 -0.9107
vn 0.4172 -0.2454 -0.8750
vn 0.2360 -0.3936 -0.8885
vn 0.5536 -0.2609 -0.7909
vn -0.0666 -0.2449 -0.9673
vn 0.1304 -0.3286 -0.9354
vn -0.0733 -0.2600 -0.9628
vn 0.0444 -0.2052 -0.9777
vn 0.1962 -0.2259 -0.9542
vn 0.1571 -0.2649 -0.9514
vn -0.1035 0.4461 0.8890
vn 0.1689 -0.1869 0.9678
vn 0.1265 -0.3400 0.9319
vn 0.0365 0.5324 0.8457
vn 0.3221 -0.2850 0.9028
vn 0.3141 -0.5188 0.7951
vn 0.0180 0.6094 0.7927
vn -0.1254 -0.2015 0.9714
vn -0.1302 -0.1401 0.9815
vn -0.1145 0.5127 0.8509
vn -0.1198 -0.0056 0.9928
vn -0.1145 -0.0762 0.9905
vn 0.4216 -0.2078 -0.8826
vn 0.3168 -0.1647 -0.9341
vn 0.1338 -0.2565 -0.9573
vn 0.1183 -0.3673 -0.9225
vn 0.3483 0.4160 -0.8400
vn 0.2277 -0.0371 -0.9730
vn 0.3084 0.1649 -0.9368
vn 0.3524 0.4246 -0.8340
vn 0.0084 -0.0970 -0.9952
vn 0.0070 0.0169 -0.9998
vn 0.2066 -0.0222 -0.9782
vn 0.2182 -0.1393 -0.9659
vn -0.0121 0.5015 0.8650
vn -0.0570 0.5126 0.8567
vn 0.0584 0.5329 0.8442
vn 0.1719 0.5586 0.8115
vn -0.0658 0.3790 0.9231
vn 0.0177 0.5371 0.8433
vn -0.2100 0.5015 0.8393
vn -0.0831 0.4359 0.8962
vn 0.9624 -0.2427 0.1220
vn 0.9453 -0.2014 0.2567
vn 0.8622 -0.3854 0.3287
vn 0.5108 -0.5997 0.6159
vn 0.8288 -0.5168 0.2144
vn 0.8819 -0.3765 0.2837
vn 0.9124 -0.3700 0.1749
vn 0.9645 -0.2160 0.1521
vn 0.9366 -0.0842 0.3402
vn 0.3573 0.4911 0.7944
vn 0.5659 -0.4609 0.6836
vn 0.8645 -0.4635 0.1943
vn 0.5648 0.2813 0.7758
vn 0.4842 0.4914 0.7239
vn 0.3483 0.5051 0.7896
vn 0.7593 0.0758 0.6463
vn 0.6840 -0.3352 -0.6479
vn 0.7957 -0.3877 -0.4652
vn 0.9059 -0.3504 -0.2377
vn 0.9580 -0.2768 -0.0755
vn 0.2313 -0.6331 -0.7387
vn 0.2623 -0.8581 -0.4415
vn 0.7697 -0.4869 -0.4129
vn 0.6192 -0.3678 -0.6937
vn 0.4851 -0.8734 0.0419
vn 0.6872 -0.6979 0.2018
vn 0.9694 -0.2450 -0.0153
vn 0.9142 -0.3756 -0.1522
vn -0.3148 -0.9124 -0.2615
vn -0.3075 -0.5848 -0.7507
vn -0.2409 -0.6397 -0.7299
vn -0.4925 -0.8456 -0.2059
vn 0.2266 -0.9318 0.2836
vn 0.0190 -0.9984 0.0527
vn -0.5688 -0.7849 0.2459
vn -0.6377 -0.7000 0.3215
vn 0.5870 0.8096 -0.0026
vn 0.5627 0.7620 0.3204
vn 0.7785 0.5313 0.3342
vn 0.8193 0.5706 0.0563
vn 0.3571 0.1816 0.9162
vn 0.4188 0.2496 0.8731
vn 0.1451 0.0619 0.9875
vn 0.2986 0.2360 0.9247
vn 0.4514 0.2059 0.8682
vn 0.6829 -0.2280 0.6940
vn -0.2148 -0.5266 0.8225
vn -0.0755 -0.2431 0.9671
vn 0.5719 -0.7327 0.3689
vn 0.4624 -0.8290 0.3146
vn -0.6097 -0.6645 0.4321
vn -0.4590 -0.6714 0.5818
vn 0.4395 0.5744 0.6906
vn 0.3098 0.3442 0.8863
vn 0.5304 0.3705 0.7625
vn 0.7129 0.4778 0.5133
vn 0.0426 -0.3984 -0.9162
vn 0.1938 -0.2435 -0.9503
vn 0.1373 -0.2059 -0.9689
vn 0.0719 -0.2819 -0.9567
vn 0.2432 -0.1111 -0.9636
vn 0.4295 0.3259 -0.8422
vn 0.3888 0.0394 -0.9205
vn 0.2234 -0.0917 -0.9704
vn 0.1866 0.0110 -0.9824
vn 0.4026 0.0928 -0.9106
vn -0.0612 -0.2316 -0.9709
vn -0.0137 -0.0972 -0.9952
vn 0.7181 0.4718 0.5116
vn 0.5936 0.3746 0.7123
vn -0.5783 -0.5562 0.5969
vn -0.6543 -0.6068 0.4514
vn -0.0826 -0.1789 0.9804
vn -0.3813 -0.4087 0.8292
vn 0.3803 0.2243 0.8973
vn 0.1238 -0.0074 0.9923
vn 0.8400 0.5421 0.0239
vn 0.7803 0.5266 0.3373
vn 0.5078 0.6200 -0.5981
vn 0.5580 0.7754 -0.2956
vn 0.8216 0.5129 -0.2490
vn 0.6841 0.3076 -0.6614
vn -0.7106 -0.6500 0.2693
vn -0.6464 -0.7438 0.1702
vn -0.4831 -0.8443 -0.2320
vn -0.2375 -0.6171 -0.7502
vn 0.6695 0.3131 -0.6736
vn 0.8229 0.4798 -0.3043
vn 0.1217 0.6942 0.7094
vn 0.1300 0.6463 0.7519
vn 0.0873 0.8030 0.5895
vn 0.1089 0.8116 0.5739
vn 0.1106 0.5831 0.8048
vn 0.2532 0.4212 0.8709
vn 0.2865 0.6128 0.7365
vn 0.0340 0.7628 0.6457
vn 0.1107 0.8651 0.4893
vn 0.0653 0.8657 0.4963
vn 0.1265 0.9638 0.2348
vn 0.1506 0.9397 0.3070
vn 0.0764 0.8966 0.4363
vn 0.4295 0.8449 0.3189
vn 0.4735 0.8808 0.0015
vn 0.1859 0.9715 0.1468
vn 0.0191 0.4868 0.8733
vn 0.1919 0.5460 0.8155
vn 0.1785 0.5737 0.7994
vn 0.0215 0.5359 0.8440
vn 0.3140 0.7132 0.6267
vn 0.2647 0.6734 0.6902
vn 0.1744 0.7887 0.5896
vn 0.2250 0.7550 0.6159
vn 0.4072 0.7272 0.5526
vn 0.2225 0.8360 0.5015
vn 0.3581 0.8689 0.3416
vn 0.5742 0.7480 0.3328
vn 0.0551 0.7101 -0.7020
vn 0.1023 0.5553 -0.8253
vn 0.0157 0.4249 -0.9051
vn 0.0083 0.7417 -0.6706
vn 0.3659 0.4937 0.7889
vn 0.4741 0.2349 0.8486
vn 0.3626 0.2895 0.8858
vn 0.2168 0.5425 0.8116
vn 0.2161 0.5959 0.7735
vn 0.1902 0.6064 0.7721
vn 0.1559 0.6244 0.7654
vn 0.0971 0.5702 0.8157
vn -0.0291 0.3535 0.9350
vn 0.0224 0.4583 0.8885
vn 0.0868 0.5856 0.8059
vn -0.0277 0.4629 0.8860
vn 0.0365 0.3059 -0.9514
vn 0.0669 0.4868 -0.8709
vn 0.2462 0.4645 -0.8507
vn 0.2038 0.2449 -0.9479
vn 0.6020 0.7764 0.1864
vn 0.5053 0.8373 0.2091
vn 0.4216 0.7410 -0.5227
vn 0.4213 0.7990 -0.4291
vn -0.0812 -0.2057 -0.9753
vn -0.0971 -0.1757 -0.9797
vn -0.0730 -0.3181 -0.9453
vn -0.1191 -0.1320 -0.9841
vn -0.2057 -0.1767 -0.9625
vn -0.1005 -0.2982 -0.9492
vn -0.1639 -0.0473 -0.9853
vn -0.1765 0.0511 -0.9830
vn -0.2520 0.0371 -0.9670
vn -0.2253 -0.0633 -0.9722
vn -0.1361 0.1515 -0.9790
vn -0.0479 0.2388 -0.9699
vn 0.0178 0.3984 -0.9170
vn -0.1717 0.2631 -0.9494
vn 0.2332 0.8852 -0.4024
vn 0.2871 0.9386 0.1914
vn 0.2394 0.9689 0.0621
vn 0.3200 0.8526 -0.4132
vn 0.5031 0.8201 -0.2727
vn 0.4589 0.6719 -0.5814
vn 0.3743 0.7527 -0.5416
vn 0.2912 0.9522 -0.0922
vn -0.5067 -0.8524 -0.1288
vn -0.2012 -0.5983 -0.7756
vn 0.0737 -0.9112 0.4053
vn -0.4225 -0.8995 0.1112
vn 0.7253 0.6877 0.0308
vn 0.6968 0.6370 0.3297
vn 0.2931 0.1482 0.9445
vn 0.4239 0.1218 0.8975
vn 0.5616 0.0192 0.8272
vn 0.5248 -0.4415 0.7277
vn 0.3529 -0.8165 0.4570
vn 0.2436 -0.8896 0.3864
vn 0.5867 0.5057 0.6325
vn 0.4280 0.3045 0.8509
vn 0.0248 -0.3433 -0.9389
vn 0.1652 -0.2382 -0.9571
vn 0.2518 -0.1436 -0.9571
vn 0.4756 0.1835 -0.8603
vn 0.5791 0.5027 -0.6418
vn 0.6861 0.6825 -0.2519
vn -0.2613 -0.3651 -0.8936
vn -0.4688 -0.4666 -0.7500
vn -0.2836 -0.2235 -0.9325
vn -0.3867 -0.2556 -0.8861
vn -0.2474 -0.3314 -0.9105
vn -0.4701 -0.3019 -0.8293
vn 0.0169 -0.3793 -0.9251
vn -0.1334 -0.3704 -0.9193
vn 0.0020 -0.3155 -0.9489
vn -0.0648 -0.2082 -0.9759
vn -0.2476 -0.2250 -0.9424
vn -0.1959 -0.2779 -0.9404
vn 0.0507 0.4769 0.8775
vn -0.0072 -0.2098 0.9777
vn -0.0845 -0.1649 0.9827
vn -0.1899 0.5186 0.8336
vn 0.0234 -0.2687 0.9629
vn -0.1154 -0.2516 0.9609
vn 0.0542 0.5990 0.7989
vn 0.0855 -0.2248 0.9707
vn 0.0395 -0.1965 0.9797
vn 0.0799 0.5087 0.8572
vn 0.0578 -0.0743 0.9956
vn -0.0125 -0.2474 0.9688
vn -0.3591 -0.2024 -0.9111
vn -0.2972 -0.1374 -0.9449
vn -0.1594 -0.2467 -0.9559
vn -0.1841 -0.2847 -0.9408
vn -0.3316 0.3880 -0.8599
vn -0.2149 -0.0323 -0.9761
vn -0.3063 0.1576 -0.9388
vn -0.3509 0.4115 -0.8411
vn -0.0320 -0.1001 -0.9945
vn -0.0191 0.0179 -0.9997
vn -0.2080 -0.0277 -0.9777
vn -0.2483 -0.1434 -0.9580
vn -0.0238 0.5109 0.8593
vn 0.0288 0.5034 0.8636
vn -0.2026 0.4872 0.8495
vn -0.2454 0.5550 0.7949
vn 0.0733 0.3974 0.9147
vn 0.0460 0.5696 0.8207
vn 0.1689 0.5459 0.8206
vn 0.0997 0.4535 0.8857
vn -0.9587 -0.2274 0.1706
vn -0.9289 -0.2687 0.2547
vn -0.8853 -0.4473 0.1270
vn -0.8103 -0.2822 0.5137
vn -0.9052 -0.3807 0.1886
vn -0.8606 -0.4169 0.2927
vn -0.9289 -0.3244 0.1787
vn -0.9486 -0.2662 0.1714
vn -0.8648 -0.2296 0.4466
vn -0.6811 0.4042 0.6105
vn -0.7911 -0.1127 0.6012
vn -0.9310 -0.3614 0.0510
vn -0.6652 0.1857 0.7232
vn -0.4971 0.4895 0.7164
vn -0.6880 0.3844 0.6156
vn -0.7188 -0.3509 0.6001
vn -0.6654 -0.4937 -0.5599
vn -0.8049 -0.4341 -0.4047
vn -0.9083 -0.3526 -0.2251
vn -0.9609 -0.2707 -0.0577
vn -0.4706 -0.6735 -0.5700
vn -0.6402 -0.7206 -0.2663
vn -0.8149 -0.4522 -0.3626
vn -0.7116 -0.4557 -0.5348
vn -0.7113 -0.6994 -0.0694
vn -0.8429 -0.5293 0.0969
vn -0.9596 -0.2811 -0.0094
vn -0.9095 -0.3781 -0.1730
vn -0.1482 -0.9351 -0.3220
vn -0.3067 -0.7111 -0.6326
vn 0.2947 -0.6332 -0.7157
vn 0.6813 -0.7319 0.0157
vn -0.5068 -0.8487 0.1514
vn -0.2682 -0.9631 -0.0213
vn 0.6231 -0.7465 0.2332
vn 0.4451 -0.7633 0.4681
vn 0.6507 0.0440 0.7581
vn 0.7222 0.2826 -0.6313
vn -0.6034 0.7974 -0.0111
vn -0.5861 0.7442 0.3204
vn -0.7771 0.5319 0.3364
vn -0.8247 0.5640 0.0422
vn -0.3241 0.1829 0.9282
vn -0.4177 0.1663 0.8932
vn -0.0969 0.0471 0.9942
vn -0.2745 0.2271 0.9344
vn -0.5009 0.0997 0.8598
vn -0.7154 -0.3106 0.6259
vn 0.1909 -0.5225 0.8310
vn 0.0749 -0.2345 0.9692
vn -0.6636 -0.6524 0.3662
vn -0.6262 -0.7200 0.2991
vn 0.4744 -0.7424 0.4730
vn 0.3965 -0.6935 0.6016
vn -0.4536 0.5613 0.6923
vn -0.3045 0.3484 0.8865
vn -0.4850 0.3492 0.8018
vn -0.7031 0.4774 0.5271
vn -0.2062 -0.3818 -0.9010
vn -0.2087 -0.2367 -0.9489
vn -0.1730 -0.1866 -0.9671
vn -0.0397 -0.3024 -0.9524
vn -0.2505 -0.1345 -0.9587
vn -0.4091 0.2965 -0.8630
vn -0.3811 0.0083 -0.9245
vn -0.2213 -0.1380 -0.9654
vn -0.1316 0.0065 -0.9913
vn -0.3597 0.0965 -0.9281
vn -0.2040 -0.2731 0.9401
vn -0.6074 0.2637 0.7494
vn 0.0443 -0.1733 -0.9839
vn -0.0354 -0.0365 -0.9987
vn 0.3247 -0.3643 0.8729
vn 0.5950 -0.6445 0.4803
vn -0.7055 0.4665 0.5334
vn -0.5751 0.3582 0.7355
vn -0.2111 0.2167 0.9532
vn 0.3352 -0.9244 0.1820
vn 0.5726 -0.5565 0.6020
vn 0.6574 -0.6111 0.4410
vn -0.5936 0.4998 -0.6307
vn -0.8272 0.5528 -0.1007
vn 0.0768 -0.1737 0.9818
vn 0.3593 -0.3907 0.8475
vn -0.0264 -0.3474 0.9373
vn -0.0574 0.0057 0.9983
vn -0.3770 0.2218 0.8992
vn -0.1266 -0.0122 0.9919
vn 0.3973 -0.8321 0.3870
vn 0.1523 -0.7363 0.6594
vn -0.8429 0.5381 -0.0038
vn -0.7770 0.5346 0.3324
vn -0.0419 0.0814 0.9958
vn 0.8078 0.5650 0.1680
vn -0.5098 0.5995 -0.6170
vn -0.5718 0.7581 -0.3136
vn -0.8099 0.5000 -0.3066
vn -0.6598 0.2791 -0.6977
vn 0.6500 -0.6413 0.4076
vn 0.5963 -0.7371 0.3179
vn 0.6977 0.1641 0.6973
vn 0.9632 -0.0970 0.2505
vn 0.5508 -0.8249 -0.1269
vn 0.3159 -0.5544 -0.7699
vn 0.3403 0.0744 0.9373
vn -0.8973 0.0253 0.4407
vn -0.3695 0.9269 -0.0657
vn 0.7202 0.5051 0.4757
vn -0.6210 -0.6201 0.4794
vn 0.3050 -0.6753 0.6715
vn -0.7811 -0.5474 0.3003
vn 0.2675 0.0573 0.9619
vn -0.0061 0.0440 0.9990
vn 0.8776 0.3256 -0.3518
vn -0.6392 -0.7646 0.0827
vn -0.4441 -0.3687 0.8166
vn 0.6321 0.7208 -0.2844
vn -0.8034 0.4773 -0.3560
vn 0.6556 -0.6785 0.3313
vn 0.6961 -0.4451 0.5634
vn -0.5329 -0.8453 -0.0394
vn -0.7508 0.4671 0.4669
vn -0.8061 0.5748 0.1406
vn -0.6715 0.0508 -0.7393
vn -0.6374 0.2986 -0.7103
vn -0.8158 0.4615 -0.3485
vn 0.8593 0.5028 -0.0938
vn 0.1077 -0.3803 0.9186
vn -0.1662 0.6839 0.7103
vn -0.1158 0.6747 0.7290
vn -0.0586 0.7823 0.6202
vn -0.1432 0.8075 0.5723
vn -0.0836 0.6070 0.7903
vn -0.2576 0.4116 0.8742
vn -0.3260 0.5727 0.7522
vn -0.0117 0.7336 0.6795
vn -0.1069 0.8375 0.5359
vn -0.0335 0.8543 0.5187
vn -0.1257 0.9641 0.2341
vn -0.1486 0.9397 0.3080
vn -0.0851 0.8948 0.4384
vn -0.4680 0.8238 0.3198
vn -0.5035 0.8639 -0.0096
vn -0.2007 0.9695 0.1405
vn -0.0359 0.4896 0.8712
vn -0.2149 0.5551 0.8036
vn -0.2110 0.5764 0.7895
vn -0.0429 0.5363 0.8429
vn -0.3164 0.7180 0.6200
vn -0.2698 0.6748 0.6869
vn -0.1965 0.8014 0.5650
vn -0.2829 0.7382 0.6124
vn -0.4493 0.6888 0.5690
vn -0.2135 0.8105 0.5454
vn -0.3441 0.8738 0.3437
vn -0.5745 0.7492 0.3296
vn -0.0652 0.7328 -0.6773
vn -0.1181 0.5452 -0.8299
vn -0.0019 0.4159 -0.9094
vn 0.0039 0.7550 -0.6557
vn -0.3665 0.4953 0.7876
vn -0.5242 0.1810 0.8322
vn -0.3756 0.2696 0.8867
vn -0.2148 0.5345 0.8174
vn -0.2375 0.5888 0.7726
vn -0.1765 0.6231 0.7620
vn -0.1691 0.6384 0.7509
vn -0.1115 0.5727 0.8121
vn 0.0263 0.3512 0.9359
vn -0.0164 0.4631 0.8861
vn -0.0997 0.5928 0.7992
vn 0.0296 0.4759 0.8790
vn -0.0451 0.3037 -0.9517
vn -0.0684 0.4850 -0.8718
vn -0.2497 0.4528 -0.8559
vn -0.2018 0.2409 -0.9494
vn -0.6025 0.7761 0.1861
vn -0.4884 0.8468 0.2106
vn -0.4181 0.7301 -0.5405
vn -0.4097 0.7975 -0.4430
vn -0.0065 -0.2849 -0.9585
vn 0.1232 -0.3335 -0.9347
vn -0.0001 -0.2988 -0.9543
vn 0.1090 -0.1330 -0.9851
vn 0.1933 -0.1780 -0.9648
vn 0.1515 -0.3072 -0.9395
vn 0.1567 -0.0457 -0.9866
vn 0.1726 0.0536 -0.9835
vn 0.2485 0.0392 -0.9678
vn 0.2167 -0.0683 -0.9739
vn 0.1379 0.1485 -0.9793
vn 0.0563 0.2372 -0.9698
vn -0.0165 0.3994 -0.9166
vn 0.1747 0.2557 -0.9508
vn -0.2230 0.8816 -0.4160
vn -0.2829 0.9413 0.1841
vn -0.2369 0.9699 0.0571
vn -0.3204 0.8448 -0.4286
vn -0.5078 0.8101 -0.2930
vn -0.4460 0.6625 -0.6018
vn -0.3771 0.7363 -0.5618
vn -0.3074 0.9464 -0.0988
vn 0.3094 -0.8983 -0.3119
vn 0.7032 -0.4781 -0.5263
vn -0.1619 -0.9639 0.2116
vn 0.0719 -0.9958 0.0568
vn -0.7156 0.6983 0.0188
vn -0.6933 0.6425 0.3263
vn -0.2968 0.1339 0.9455
vn -0.3932 0.0311 0.9189
vn -0.5070 -0.0033 0.8619
vn -0.4901 -0.4785 0.7286
vn -0.3627 -0.7874 0.4984
vn -0.2885 -0.8727 0.3938
vn -0.5791 0.5067 0.6387
vn -0.4171 0.2965 0.8591
vn 0.2627 -0.2901 -0.9202
vn -0.2187 -0.2051 -0.9540
vn -0.2069 -0.1934 -0.9591
vn -0.4416 0.1757 -0.8798
vn -0.5701 0.4878 -0.6611
vn -0.6736 0.6787 -0.2925
vn -0.5522 0.7491 0.3661
vn 0.4180 0.6123 0.6711
vn -0.0387 0.5527 0.8325
vn -0.4150 0.6142 0.6712
vn -0.0838 0.4398 -0.8942
vn -0.3657 0.7039 0.6089
vn 0.1564 0.6140 0.7737
vn 0.3582 0.6967 0.6216
vn 0.0187 0.5533 0.8328
vn 0.6519 0.7345 0.1885
vn -0.4992 0.6337 0.5909
vn -0.0201 0.6057 -0.7955
vn 0.5685 0.7290 0.3813
vn 0.0891 0.4562 -0.8854
vn 0.3631 0.8722 -0.3279
vn -0.5685 0.7917 0.2237
vn -0.2885 0.9224 -0.2569
vn 0.0200 0.5920 -0.8057
vn 0.4872 0.6439 0.5900
vn -0.1830 0.6224 0.7610
vn 0.8192 0.4574 -0.3458
vn 0.6618 0.3478 -0.6641
vn -0.4532 -0.4281 -0.7819
vn -0.6626 -0.6574 -0.3588
vn -0.7052 -0.6980 0.1243
vn -0.6496 -0.7043 0.2863
vn 0.8003 0.5613 0.2111
vn 0.8466 0.5272 -0.0722
vn 0.0795 0.0068 0.9968
vn 0.2663 0.1842 0.9461
vn -0.2911 -0.3559 0.8880
vn -0.0704 -0.1725 0.9825
vn -0.5746 -0.6613 0.4822
vn -0.4757 -0.5893 0.6531
vn 0.5426 0.4484 0.7103
vn 0.6824 0.5446 0.4876
vn -0.0406 0.0021 -0.9992
vn -0.2216 -0.1526 -0.9631
vn 0.4347 0.2646 -0.8608
vn 0.2553 0.2037 -0.9452
vn 0.6847 0.3478 -0.6405
vn 0.8133 0.5440 -0.2067
vn 0.3120 -0.1622 -0.9361
vn 0.4687 0.0407 -0.8824
vn 0.0201 -0.3065 -0.9517
vn 0.1760 -0.2305 -0.9570
vn 0.6800 0.4699 0.5629
vn 0.4667 0.3372 0.8177
vn -0.0714 -0.8312 0.5514
vn -0.2694 -0.8605 0.4323
vn 0.2274 -0.1223 0.9661
vn 0.1995 -0.6073 0.7690
vn 0.2703 0.1967 0.9425
vn 0.1502 0.0979 0.9838
vn 0.8167 0.5735 0.0647
vn 0.7767 0.5382 0.3273
vn -0.3880 -0.8214 0.4179
vn -0.4590 -0.8508 0.2560
vn -0.5133 -0.8295 -0.2204
vn -0.3522 -0.6023 -0.7163
vn -0.6551 0.3452 -0.6720
vn -0.7988 0.5398 -0.2655
vn -0.2354 -0.1906 -0.9530
vn -0.4534 0.0250 -0.8910
vn -0.0195 -0.3264 -0.9450
vn -0.1848 -0.1889 -0.9644
vn -0.6714 0.4680 0.5747
vn -0.4455 0.3062 0.8413
vn -0.0899 -0.8189 0.5668
vn -0.0266 -0.8898 0.4556
vn -0.2470 -0.1109 0.9626
vn -0.2497 -0.5622 0.7884
vn -0.2784 0.1584 0.9473
vn -0.1551 0.0183 0.9877
vn -0.8183 0.5721 0.0561
vn -0.7781 0.5332 0.3319
vn 0.2572 -0.8909 0.3744
vn 0.5549 -0.8258 0.1012
vn 0.7775 -0.6270 -0.0485
vn 0.7188 -0.5499 -0.4254
vn -0.8040 0.4803 -0.3506
vn -0.6515 0.3973 -0.6463
vn 0.2704 -0.4835 -0.8325
vn 0.5321 -0.8104 -0.2453
vn 0.6669 -0.7087 0.2302
vn 0.6435 -0.7014 0.3065
vn -0.7899 0.5840 0.1870
vn -0.8403 0.5362 -0.0803
vn -0.0727 0.0142 0.9973
vn -0.2476 0.1818 0.9517
vn 0.3006 -0.3546 0.8854
vn 0.0707 -0.1416 0.9874
vn 0.5639 -0.6692 0.4840
vn 0.4986 -0.5961 0.6294
vn -0.5093 0.4374 0.7411
vn -0.6661 0.5607 0.4918
vn 0.0454 -0.0009 -0.9990
vn 0.1348 -0.1548 -0.9787
vn -0.4130 0.3198 -0.8528
vn -0.2147 0.2269 -0.9500
vn -0.3937 0.6772 -0.6216
vn -0.4516 0.8626 -0.2279
vn -0.2885 0.4092 0.8657
vn -0.4497 0.3369 0.8272
vn -0.3493 0.9359 0.0461
vn -0.2338 0.9070 0.3504
vn -0.1462 0.6520 0.7440
vn -0.1988 0.4868 0.8506
vn -0.8560 -0.0882 0.5094
vn -0.6080 0.3477 0.7138
vn -0.9182 -0.2294 0.3229
vn -0.9591 0.1341 0.2491
vn -0.9019 -0.4156 0.1176
vn -0.1648 0.0958 -0.9817
vn -0.2415 0.4357 -0.8671
vn -0.2547 -0.2359 -0.9378
vn -0.1796 -0.2161 -0.9597
vn -0.3771 -0.2241 -0.8986
vn -0.3034 -0.2645 -0.9154
vn -0.3891 -0.4162 -0.8218
vn 0.3988 0.6916 -0.6022
vn 0.4489 0.8680 -0.2124
vn 0.2841 0.4205 0.8617
vn 0.4407 0.3469 0.8279
vn 0.3406 0.9383 0.0604
vn 0.2114 0.9137 0.3470
vn 0.1385 0.6728 0.7267
vn 0.1754 0.5066 0.8442
vn 0.8240 0.2592 0.5039
vn 0.5513 0.3881 0.7385
vn 0.7766 -0.4881 0.3983
vn 0.7712 0.3520 0.5304
vn 0.7628 -0.5467 0.3452
vn 0.1708 0.0976 -0.9805
vn 0.2433 0.4522 -0.8581
vn 0.2823 -0.2509 -0.9259
vn 0.1576 -0.2535 -0.9544
vn 0.4206 -0.2454 -0.8734
vn 0.4024 -0.3124 -0.8605
vn 0.3817 -0.3025 -0.8734
vn 0.4993 -0.3008 -0.8125
vn 0.8005 0.1149 0.5882
vn -0.3415 -0.2257 -0.9124
vn -0.9644 0.1042 0.2433
vn 0.1858 -0.2359 -0.9539
vn 0.0410 -0.1715 -0.9843
vn -0.9598 -0.2767 0.0471
vn -0.9176 -0.3877 -0.0879
vn -0.8087 -0.5196 -0.2758
vn -0.6708 -0.5242 -0.5246
vn -0.7765 0.2576 0.5750
vn -0.9890 0.0306 0.1447
vn -0.9620 -0.1562 0.2241
vn -0.9627 -0.2172 0.1613
vn 0.0315 0.1815 0.9829
vn 0.0304 0.2054 0.9782
vn -0.1274 0.3794 0.9164
vn 0.0668 0.2047 0.9765
vn -0.2214 -0.2477 -0.9432
vn -0.0739 -0.2533 -0.9646
vn -0.3887 -0.2635 -0.8829
vn -0.3909 -0.2620 -0.8824
vn -0.1510 -0.1891 -0.9703
vn -0.0818 -0.1127 -0.9903
vn 0.8842 -0.4568 0.0976
vn 0.6613 -0.7491 -0.0400
vn 0.4007 -0.7987 -0.4488
vn 0.3595 -0.6374 -0.6816
vn 0.5316 0.3737 0.7601
vn 0.9733 -0.0105 0.2292
vn 0.9789 -0.1158 0.1683
vn 0.9482 -0.2709 0.1660
vn -0.0097 0.2985 0.9544
vn -0.0227 0.3053 0.9520
vn -0.0667 0.3656 0.9284
vn -0.1200 0.2260 0.9667
vn 0.1845 -0.2479 -0.9510
vn 0.0424 -0.2481 -0.9678
vn 0.3957 -0.3936 -0.8298
vn 0.3609 -0.2562 -0.8967
vn 0.4880 -0.2459 -0.8375
vn 0.8092 -0.2377 0.5373
vn -0.3596 -0.1949 -0.9125
vn -0.9348 -0.1237 0.3328
vn 0.1740 -0.2666 -0.9480
vn 0.0010 -0.2420 -0.9703
vn -0.9149 -0.3852 -0.1210
vn -0.9526 -0.3035 0.0213
vn -0.7181 -0.4647 -0.5181
vn -0.8266 -0.4581 -0.3269
vn -0.9795 -0.1904 0.0653
vn -0.8178 -0.2419 0.5222
vn -0.9516 -0.2611 0.1620
vn -0.9591 -0.2236 0.1737
vn 0.0445 -0.0106 0.9990
vn 0.0373 -0.0866 0.9955
vn -0.1126 -0.1967 0.9740
vn 0.0265 -0.1159 0.9929
vn -0.2165 -0.2550 -0.9424
vn -0.0413 -0.2605 -0.9646
vn -0.4288 -0.2634 -0.8641
vn -0.3461 -0.2327 -0.9089
vn -0.0903 -0.2699 -0.9587
vn -0.0787 -0.2482 -0.9655
vn 0.9170 -0.3892 -0.0879
vn 0.9541 -0.2982 0.0274
vn 0.6527 -0.2778 -0.7049
vn 0.8450 -0.3948 -0.3608
vn 0.9449 -0.2230 0.2395
vn 0.6187 -0.2818 0.7334
vn 0.9566 -0.2460 0.1562
vn 0.9652 -0.2367 0.1109
vn -0.0447 0.1127 0.9926
vn -0.0703 -0.0858 0.9938
vn -0.0468 -0.2469 0.9679
vn 0.0047 0.0523 0.9986
vn 0.1812 -0.2097 -0.9608
vn -0.0222 -0.2367 -0.9713
vn 0.5577 -0.2428 -0.7938
vn 0.3263 -0.2365 -0.9152
vn 0.3201 -0.4236 -0.8474
vn 0.8685 -0.1957 0.4555
vn -0.3982 -0.3590 -0.8441
vn -0.9965 0.0396 0.0732
vn 0.0980 -0.3414 -0.9348
vn -0.0282 -0.2951 -0.9550
vn -0.9629 -0.2532 -0.0933
vn -0.9108 -0.3134 -0.2688
vn -0.8031 -0.4024 -0.4394
vn -0.6930 -0.4236 -0.5833
vn -0.8818 -0.1264 0.4544
vn -0.9802 0.0339 0.1951
vn -0.9403 -0.1297 0.3146
vn -0.9734 -0.1916 0.1260
vn -0.0120 -0.1502 0.9886
vn -0.0421 -0.1978 0.9793
vn -0.1411 -0.1963 0.9703
vn 0.0293 -0.1169 0.9927
vn -0.0978 -0.4014 -0.9107
vn 0.0030 -0.3819 -0.9242
vn -0.5351 -0.3726 -0.7582
vn -0.2527 -0.4018 -0.8802
vn -0.0773 -0.1899 -0.9788
vn -0.1213 -0.2221 -0.9674
vn 0.9574 -0.2677 -0.1082
vn 0.9009 -0.3083 -0.3054
vn 0.8281 -0.3127 -0.4653
vn 0.6885 -0.3136 -0.6539
vn 0.6177 -0.3460 0.7062
vn 0.8567 -0.2257 0.4639
vn 0.9530 -0.1556 0.2598
vn 0.9851 -0.1613 0.0597
vn -0.0894 -0.2013 0.9754
vn -0.1111 -0.1277 0.9856
vn 0.4747 -0.2444 0.8455
vn 0.4483 -0.1787 0.8758
vn 0.1205 -0.3862 -0.9145
vn -0.0073 -0.2879 -0.9576
vn 0.4261 -0.3669 -0.8269
vn 0.2464 -0.4364 -0.8654
vn 0.7585 0.2341 0.6082
vn -0.6498 0.2371 0.7222
vn 0.3181 -0.3563 0.8785
vn -0.3344 -0.3180 0.8872
vn 0.3599 -0.3464 0.8663
vn -0.2974 -0.3577 0.8852
vn -0.5072 -0.1820 0.8424
vn -0.3006 -0.3538 0.8857
vn 0.2709 -0.3351 0.9024
vn 0.2523 -0.5229 0.8142
vn 0.0960 -0.3221 0.9418
vn -0.6382 0.0121 0.7698
vn -0.7828 0.1668 0.5995
vn -0.6607 0.3033 0.6867
vn 0.1434 0.3919 0.9088
vn 0.0635 0.4047 0.9122
vn -0.2276 0.4871 0.8432
vn 0.0222 0.4635 0.8858
vn 0.4980 -0.3044 0.8120
vn -0.2718 -0.3335 0.9027
vn -0.1079 -0.3267 0.9390
vn 0.5982 -0.0794 0.7974
vn 0.6170 0.0691 0.7839
vn 0.4490 0.4961 0.7431
vn -0.1635 0.3898 0.9063
vn -0.0331 0.3891 0.9206
vn 0.0947 0.4696 0.8778
vn -0.0485 0.4566 0.8883
vn -0.2743 -0.3523 0.8948
vn 0.8243 0.4594 -0.3309
vn 0.6644 0.3270 -0.6720
vn -0.3576 -0.5315 -0.7679
vn -0.5526 -0.7758 -0.3046
vn -0.6895 -0.7153 0.1136
vn -0.6785 -0.6796 0.2791
vn 0.7769 0.5625 0.2829
vn 0.8516 0.5233 -0.0316
vn 0.1009 0.0044 0.9949
vn 0.3038 0.2408 0.9218
vn -0.3176 -0.3798 0.8688
vn -0.0704 -0.1555 0.9853
vn -0.6274 -0.6225 0.4679
vn -0.5262 -0.5712 0.6299
vn 0.5181 0.4734 0.7124
vn 0.6533 0.5561 0.5138
vn -0.0432 -0.0246 -0.9988
vn -0.1882 -0.1923 -0.9631
vn 0.4159 0.1816 -0.8911
vn 0.2190 0.1442 -0.9650
vn 0.2797 -0.3538 0.8925
vn -0.8166 0.4599 -0.3488
vn -0.6532 0.3292 -0.6819
vn 0.2120 -0.5785 -0.7877
vn 0.4440 -0.8813 -0.1618
vn 0.5316 -0.8080 0.2542
vn 0.6076 -0.7175 0.3407
vn -0.7765 0.5664 0.2762
vn -0.8481 0.5274 -0.0517
vn -0.1021 0.0150 0.9947
vn -0.2922 0.2475 0.9238
vn 0.2994 -0.3728 0.8783
vn 0.0577 -0.1426 0.9881
vn 0.6167 -0.6347 0.4656
vn 0.5252 -0.5797 0.6230
vn -0.4902 0.4652 0.7371
vn -0.6404 0.5547 0.5312
vn 0.0233 -0.0091 -0.9997
vn 0.0603 -0.1773 -0.9823
vn -0.4100 0.2016 -0.8895
vn -0.1834 0.1418 -0.9728
vn 0.8544 0.3810 -0.3534
vn 0.3504 0.3378 -0.8736
vn -0.1921 -0.1072 0.9755
vn 0.2966 -0.0885 0.9509
vn 0.2147 -0.1542 0.9644
vn 0.3172 -0.1256 0.9400
vn -0.2077 -0.1734 0.9627
vn -0.4965 -0.0470 0.8668
vn 0.0667 0.4452 -0.8929
vn -0.4634 0.0362 0.8854
vn -0.7182 0.3824 -0.5813
vn -0.7074 0.4219 -0.5671
vn 0.1151 -0.1234 0.9857
vn 0.2963 0.5480 -0.7822
vn 0.0599 0.5709 -0.8188
vn 0.2928 0.5260 -0.7985
vn -0.1582 0.5345 -0.8302
vn -0.3995 0.5133 -0.7596
vn -0.1572 0.5931 -0.7896
vn -0.4132 0.5206 -0.7472
vn 0.7318 0.0792 0.6769
vn -0.7917 0.1406 0.5945
vn 0.9299 -0.0077 0.3676
vn 0.7077 -0.0031 0.7065
vn 0.9116 0.1773 0.3708
vn -0.7690 0.1162 0.6287
vn -0.9205 0.2012 0.3350
vn -0.1741 -0.1182 0.9776
vn -0.9316 0.1920 0.3087
vn 0.9735 0.2285 0.0139
vn 0.8639 0.3548 -0.3575
vn 0.9771 0.2067 0.0508
vn -0.8881 0.3546 -0.2926
vn -0.9759 0.2143 0.0399
vn -0.9016 0.3335 -0.2754
vn -0.9573 0.2885 0.0170
vn 0.2013 -0.1303 0.9708
vn -0.4150 -0.0119 0.9097
vn 0.0380 0.0426 0.9984
vn -0.0422 0.0538 0.9977
vn -0.4508 0.0140 0.8925
vn -0.2193 0.0911 0.9714
vn -0.2738 0.0578 0.9601
vn 0.2703 0.0079 0.9628
vn 0.2433 0.0329 0.9694
vn -0.2517 -0.1891 0.9492
vn 0.2425 -0.1522 0.9581
vn 0.1364 -0.0438 0.9897
vn -0.3555 -0.1069 0.9285
vn -0.3047 -0.0769 0.9493
vn -0.2656 -0.1479 0.9527
vn 0.3123 -0.1885 0.9311
vn 0.2650 -0.1158 0.9573
vn -0.2991 -0.2622 0.9175
vn 0.3550 -0.1784 0.9177
vn 0.3755 -0.1584 0.9132
vn -0.2424 -0.1696 0.9552
vn -0.2504 -0.2089 0.9453
vn -0.1689 -0.1464 0.9747
vn 0.3535 -0.2878 0.8900
vn 0.3957 -0.1908 0.8983
vn -0.2544 -0.4149 0.8736
vn 0.0872 -0.3354 0.9380
vn 0.2050 -0.2673 0.9416
vn -0.2636 -0.4400 0.8584
vn -0.1046 -0.3177 0.9424
vn -0.0417 -0.3126 0.9490
vn 0.2349 -0.3595 0.9031
vn 0.2508 -0.4675 0.8477
vn -0.3985 -0.1208 0.9092
vn -0.1639 -0.0868 0.9827
vn -0.0684 -0.0792 0.9945
vn -0.3538 -0.1434 0.9242
vn 0.0981 -0.0562 0.9936
vn 0.1673 -0.0874 0.9820
vn 0.4246 -0.1229 0.8970
vn 0.3619 -0.1147 0.9251
vn 0.0986 0.2540 0.9622
vn 0.4589 0.1692 0.8722
vn 0.2417 0.0522 0.9689
vn -0.0693 0.0818 0.9942
vn -0.0505 0.1120 0.9924
vn -0.2091 0.2456 0.9465
vn 0.1609 0.2891 0.9437
vn 0.2765 0.1273 0.9525
vn 0.8421 0.0688 0.5349
vn 0.7818 0.1042 0.6147
vn 0.4584 0.1412 0.8775
vn 0.5357 0.0993 0.8386
vn -0.6067 0.0707 0.7918
vn -0.8750 0.0577 0.4806
vn -0.8888 -0.0408 0.4564
vn -0.7084 0.0176 0.7056
vn 0.9304 -0.0807 0.3574
vn 0.8989 -0.0463 0.4358
vn 0.6138 -0.0330 0.7888
vn 0.6881 -0.1229 0.7152
vn -0.7584 -0.0611 0.6489
vn -0.9127 -0.0769 0.4013
vn -0.9435 -0.0398 0.3291
vn -0.7552 -0.0738 0.6513
vn 0.8647 0.0488 0.4999
vn 0.9163 -0.0603 0.3958
vn 0.7322 -0.1432 0.6659
vn 0.7163 -0.0369 0.6968
vn -0.7252 -0.1270 0.6767
vn -0.9370 -0.0271 0.3483
vn -0.8951 0.1121 0.4316
vn -0.6210 0.0283 0.7833
vn 0.8795 0.1658 0.4460
vn 0.8597 0.0741 0.5054
vn 0.6283 -0.0581 0.7758
vn 0.4779 -0.1370 0.8676
vn -0.5342 -0.1307 0.8352
vn -0.8820 0.0884 0.4629
vn -0.8664 0.0864 0.4919
vn -0.4358 -0.1806 0.8818
vn 0.9113 0.0702 0.4056
vn 0.9086 0.1438 0.3920
vn 0.4369 -0.0155 0.8994
vn 0.4808 -0.0118 0.8768
vn -0.4135 -0.0116 0.9104
vn -0.8769 0.1190 0.4657
vn -0.8930 0.0427 0.4480
vn -0.4361 -0.0172 0.8997
vn 0.9823 -0.0004 0.1874
vn 0.9492 -0.0296 0.3131
vn 0.6121 0.0009 0.7908
vn 0.7969 0.0670 0.6004
vn -0.4473 0.0609 0.8923
vn -0.8584 -0.0046 0.5129
vn -0.9266 0.0133 0.3757
vn -0.6320 0.1409 0.7621
vn 0.9145 -0.0700 -0.3985
vn 0.9341 -0.0322 -0.3555
vn 0.9606 0.0300 0.2765
vn 0.9787 -0.0145 0.2050
vn -0.9929 0.0441 0.1102
vn -0.9126 -0.0462 -0.4063
vn -0.8402 -0.0670 -0.5382
vn -0.9986 -0.0513 0.0154
vn 0.8719 -0.0624 -0.4857
vn 0.9021 -0.0811 -0.4239
vn 0.9875 -0.0730 0.1398
vn 0.9946 -0.0605 0.0840
vn -0.9958 -0.0901 -0.0140
vn -0.7872 -0.0863 -0.6106
vn -0.7950 -0.0822 -0.6010
vn -0.9977 -0.0585 -0.0344
vn 0.7666 0.2267 -0.6008
vn 0.8191 -0.0124 -0.5736
vn 0.9997 -0.0132 -0.0186
vn 0.9838 0.1536 -0.0924
vn -0.9989 0.0135 -0.0452
vn -0.8093 -0.0355 -0.5864
vn -0.8234 0.1948 -0.5329
vn -0.9858 0.1664 0.0241
vn 0.6935 0.3398 -0.6353
vn 0.6982 0.3891 -0.6009
vn 0.9597 0.2763 -0.0515
vn 0.9559 0.2855 -0.0695
vn -0.9697 0.2221 0.1016
vn -0.8042 0.3647 -0.4694
vn -0.8041 0.3416 -0.4866
vn -0.9713 0.2214 0.0864
vn 0.7709 0.1099 -0.6274
vn 0.7344 0.2262 -0.6399
vn 0.9645 0.2216 -0.1435
vn 0.9866 0.1021 -0.1269
vn -0.9815 0.1895 0.0289
vn -0.8108 0.2458 -0.5312
vn -0.8269 0.1387 -0.5450
vn -0.9948 0.1016 0.0078
vn 0.8287 -0.0507 -0.5574
vn 0.8309 -0.0776 -0.5510
vn 0.9865 -0.0525 -0.1548
vn 0.9713 -0.0384 -0.2347
vn -0.9974 -0.0570 -0.0441
vn -0.8599 -0.0920 -0.5021
vn -0.8625 -0.0853 -0.4988
vn -0.9925 -0.0639 -0.1045
vn 0.1858 -0.0997 -0.9775
vn 0.1920 -0.2881 -0.9382
vn 0.5472 -0.1625 -0.8211
vn 0.5283 -0.0819 -0.8451
vn -0.5062 -0.2069 -0.8373
vn -0.2130 -0.3426 -0.9150
vn -0.1669 -0.1166 -0.9791
vn -0.4676 -0.1155 -0.8763
vn 0.2463 -0.1468 -0.9580
vn 0.2111 -0.0318 -0.9769
vn 0.5758 -0.0643 -0.8151
vn 0.5932 -0.1193 -0.7961
vn -0.4998 -0.0765 -0.8628
vn -0.2110 -0.0572 -0.9758
vn -0.2731 -0.1230 -0.9541
vn -0.5331 -0.1017 -0.8399
vn 0.1686 0.1051 -0.9801
vn 0.2212 -0.0959 -0.9705
vn 0.5489 -0.0521 -0.8342
vn 0.4712 0.1882 -0.8617
vn -0.5854 -0.0591 -0.8086
vn -0.3124 -0.0818 -0.9464
vn -0.2756 0.1144 -0.9544
vn -0.6220 0.1986 -0.7574
vn 0.2036 0.3363 -0.9195
vn 0.1425 0.3760 -0.9156
vn 0.4137 0.3926 -0.8214
vn 0.4950 0.3395 -0.7998
vn -0.5826 0.3918 -0.7121
vn -0.1974 0.3518 -0.9150
vn -0.2396 0.3549 -0.9037
vn -0.5799 0.3487 -0.7363
vn 0.1530 0.1286 -0.9798
vn 0.2252 0.2017 -0.9532
vn 0.5343 0.2274 -0.8141
vn 0.5812 0.1199 -0.8049
vn -0.5958 0.2425 -0.7656
vn -0.2420 0.2207 -0.9448
vn -0.1751 0.1439 -0.9740
vn -0.6252 0.1502 -0.7659
vn 0.2578 -0.0345 -0.9656
vn 0.2158 -0.1004 -0.9713
vn 0.5628 -0.0896 -0.8217
vn 0.6112 -0.0376 -0.7906
vn -0.5932 -0.1063 -0.7980
vn -0.2504 -0.1067 -0.9623
vn -0.3166 -0.0487 -0.9473
vn -0.6563 -0.0642 -0.7518
vn -0.3288 -0.4662 -0.8213
vn -0.0376 -0.3890 -0.9205
vn -0.0450 -0.1205 -0.9917
vn -0.2530 -0.1302 -0.9587
vn 0.0441 -0.1372 -0.9896
vn 0.0127 -0.4350 -0.9004
vn 0.3086 -0.5071 -0.8048
vn 0.2754 -0.1524 -0.9492
vn -0.2497 -0.0954 -0.9636
vn -0.0461 -0.0451 -0.9979
vn -0.0462 -0.1663 -0.9850
vn -0.2634 -0.1827 -0.9472
vn 0.0307 -0.1579 -0.9870
vn 0.0435 -0.0524 -0.9977
vn 0.2641 -0.0799 -0.9612
vn 0.2578 -0.1815 -0.9490
vn -0.2189 -0.1147 -0.9690
vn -0.0158 -0.1133 -0.9934
vn -0.0439 0.0291 -0.9986
vn -0.1583 -0.0143 -0.9873
vn -0.0010 0.0127 -0.9999
vn 0.0189 -0.1143 -0.9933
vn 0.2173 -0.1201 -0.9687
vn 0.1486 -0.0084 -0.9889
vn -0.1885 0.3116 -0.9313
vn -0.0568 0.3420 -0.9380
vn 0.0156 0.3405 -0.9401
vn -0.2721 0.2857 -0.9189
vn -0.0168 0.3444 -0.9387
vn 0.0244 0.3450 -0.9383
vn 0.1992 0.3133 -0.9285
vn 0.2958 0.2631 -0.9183
vn -0.3572 0.1031 -0.9283
vn 0.0225 0.1686 -0.9854
vn -0.0907 0.0689 -0.9935
vn -0.4770 0.0191 -0.8787
vn 0.0356 0.0843 -0.9958
vn -0.0282 0.1736 -0.9844
vn 0.3831 0.0964 -0.9187
vn 0.4649 0.0026 -0.8854
vn -0.5022 -0.1386 -0.8536
vn -0.1370 -0.1152 -0.9839
vn -0.1767 -0.0596 -0.9825
vn -0.5676 -0.1042 -0.8167
vn 0.1237 -0.0598 -0.9905
vn 0.0827 -0.1112 -0.9904
vn 0.4951 -0.1279 -0.8593
vn 0.5599 -0.0844 -0.8243
vn 0.1398 -0.2831 0.9488
vn 0.1379 -0.1999 0.9701
vn -0.1385 -0.0878 0.9865
vn -0.0969 -0.2456 0.9645
vn 0.0798 -0.3363 0.9384
vn 0.1022 -0.3663 0.9249
vn -0.0497 -0.3757 0.9254
vn -0.0348 -0.3572 0.9334
vn -0.2475 0.1185 0.9616
vn -0.1932 -0.0091 0.9811
vn -0.1486 -0.1395 0.9790
vn -0.4014 0.1788 0.8983
vn 0.3031 -0.0223 0.9527
vn 0.1776 0.1523 0.9723
vn 0.0041 0.1691 0.9856
vn 0.2721 0.1774 0.9458
vn -0.4018 0.2724 0.8743
vn -0.4324 0.0312 0.9011
vn -0.0932 0.1662 0.9817
vn -0.1598 0.2197 0.9624
vn -0.1721 0.1561 0.9726
vn 0.2025 0.0772 0.9762
vn 0.1468 0.1319 0.9803
vn -0.1157 0.1807 0.9767
vn -0.1399 -0.2138 0.9668
vn -0.2339 -0.4817 0.8446
vn -0.6597 0.0150 0.7514
vn -0.5097 0.2362 0.8273
vn 0.5694 0.1845 0.8011
vn 0.4933 -0.1824 0.8505
vn 0.3965 0.0816 0.9144
vn 0.3994 0.2637 0.8780
vn 0.3849 -0.5636 -0.7309
vn 0.0552 -0.7285 0.6828
vn -0.0155 -0.6773 0.7356
vn 0.5129 -0.0178 -0.8583
vn 0.3851 0.1701 0.9070
vn -0.0301 0.1234 0.9919
vn 0.1152 0.1705 0.9786
vn 0.4894 0.2059 0.8474
vn -0.2771 0.2340 0.9319
vn -0.1088 0.1845 0.9768
vn -0.5249 0.2028 0.8267
vn -0.5826 0.2617 0.7695
vn 0.6130 0.1666 0.7723
vn 0.2389 0.1821 0.9538
vn 0.3651 0.1904 0.9113
vn 0.7111 0.1304 0.6909
vn -0.4836 0.1557 0.8613
vn -0.3748 0.2111 0.9027
vn -0.7096 0.2196 0.6696
vn -0.8373 0.0741 0.5418
vn 0.2833 0.1859 0.9408
vn 0.0701 -0.0380 0.9968
vn -0.4649 0.1805 0.8668
vn -0.0901 0.0522 0.9946
vn 0.8651 0.3530 -0.3564
vn 0.9409 0.3342 -0.0545
vn -0.8972 0.2814 -0.3403
vn -0.9673 0.2389 -0.0856
vn 0.8037 0.2241 -0.5512
vn 0.8506 0.3246 -0.4138
vn 0.9301 0.3453 -0.1256
vn 0.9407 0.2671 -0.2092
vn -0.9191 0.3642 -0.1506
vn -0.8658 0.3286 -0.3774
vn -0.8027 0.2634 -0.5351
vn -0.9257 0.2823 -0.2517
vn 0.9096 0.2574 0.3262
vn 0.7385 0.1566 0.6558
vn -0.9365 0.2345 0.2605
vn -0.8040 0.2437 0.5424
vn 0.9508 0.2381 0.1981
vn 0.9357 0.2329 0.2650
vn 0.7690 0.2330 0.5952
vn 0.8266 0.2325 0.5125
vn -0.8121 0.3409 0.4735
vn -0.9301 0.3224 0.1758
vn -0.9672 0.2477 0.0567
vn -0.8863 0.3060 0.3477
vn 0.9893 0.1406 0.0394
vn 0.8690 0.2028 0.4512
vn 0.9280 0.0702 0.3659
vn 0.9780 0.0172 -0.2080
vn -0.9813 0.0374 0.1889
vn -0.9448 0.2249 0.2384
vn -0.9782 0.1965 -0.0665
vn -0.9651 -0.0290 -0.2604
vn 0.7344 0.0772 -0.6744
vn 0.9372 0.0637 -0.3429
vn 0.8317 -0.1235 -0.5413
vn 0.6300 -0.1441 -0.7631
vn -0.7782 -0.0900 -0.6216
vn -0.8950 0.1431 -0.4225
vn -0.7227 0.1296 -0.6789
vn -0.6466 -0.0940 -0.7571
vn 0.4886 -0.3497 -0.7994
vn 0.5537 -0.3500 -0.7556
vn 0.2272 -0.4916 -0.8406
vn 0.2629 -0.5425 -0.7979
vn -0.2820 -0.5234 -0.8041
vn -0.5604 -0.3424 -0.7541
vn -0.5202 -0.3112 -0.7953
vn -0.2763 -0.5198 -0.8083
vn -0.0226 -0.6626 -0.7486
vn -0.0193 -0.6171 -0.7867
vn -0.3328 -0.7145 -0.6153
vn -0.3324 -0.7200 -0.6093
vn 0.3101 -0.6983 -0.6451
vn -0.0132 -0.6363 -0.7713
vn -0.0155 -0.6298 -0.7766
vn 0.2927 -0.6926 -0.6592
vn 0.6528 0.4226 -0.6287
vn 0.6800 0.2401 -0.6928
vn -0.6974 0.4232 -0.5784
vn 0.6411 0.1254 -0.7571
vn -0.7004 0.3147 -0.6406
vn 0.6093 0.0833 -0.7885
vn -0.6808 0.1928 -0.7066
vn 0.5718 -0.1105 -0.8129
vn -0.6322 0.1018 -0.7681
vn 0.4416 -0.2789 -0.8527
vn -0.5830 -0.0420 -0.8114
vn 0.2369 -0.3940 -0.8881
vn -0.4498 -0.2234 -0.8647
vn -0.0671 -0.5245 -0.8488
vn -0.2427 -0.3547 -0.9029
vn -0.3309 -0.5650 -0.7558
vn -0.0102 -0.4685 -0.8834
vn -0.2679 -0.5868 -0.7641
vn 0.2811 -0.5571 -0.7814
vn 0.5032 0.1222 -0.8555
vn 0.4464 0.2544 -0.8579
vn -0.3018 0.2659 -0.9155
vn 0.1128 0.4475 -0.8871
vn 0.3463 0.4156 -0.8411
vn -0.1939 0.4245 -0.8844
vn -0.4473 0.4136 -0.7930
vn 0.2064 0.2444 -0.9475
vn 0.0453 0.4396 -0.8970
vn 0.0263 0.4854 -0.8739
vn 0.0685 0.5018 -0.8623
vn -0.0071 0.5167 -0.8561
vn 0.1654 0.1356 -0.9769
vn 0.1678 0.2482 -0.9541
vn 0.4167 0.2327 -0.8788
vn 0.4726 0.1184 -0.8733
vn -0.4542 0.3386 -0.8241
vn -0.2182 0.3239 -0.9206
vn -0.2470 0.1786 -0.9524
vn -0.4844 0.1829 -0.8555
vn 0.1692 -0.0544 -0.9841
vn 0.4663 0.0577 -0.8828
vn 0.4026 -0.1164 -0.9079
vn 0.1846 -0.2355 -0.9542
vn -0.4381 -0.0505 -0.8975
vn -0.4822 0.0806 -0.8724
vn -0.2720 0.0022 -0.9623
vn -0.2529 -0.1607 -0.9540
vn -0.3511 -0.2322 -0.9071
vn -0.0902 -0.1614 -0.9828
vn -0.0988 -0.3604 -0.9276
vn -0.3149 -0.4041 -0.8588
vn -0.0066 -0.2805 -0.9598
vn -0.0170 -0.1108 -0.9937
vn 0.2123 -0.1812 -0.9603
vn 0.2268 -0.3765 -0.8982
vn 0.1352 0.4025 -0.9054
vn 0.0233 0.4577 -0.8888
vn -0.0051 0.2753 -0.9613
vn 0.1958 0.2068 -0.9586
vn 0.2183 0.0480 -0.9747
vn 0.0017 0.1257 -0.9921
vn -0.3624 -0.7947 -0.4870
vn 0.4612 -0.7195 -0.5192
vn -0.6302 -0.1846 -0.7541
vn -0.6533 -0.2714 -0.7068
vn -0.4425 -0.4010 -0.8021
vn -0.4048 -0.1432 -0.9032
vn 0.4351 -0.4431 -0.7838
vn 0.5687 -0.2726 -0.7761
vn 0.4971 -0.2152 -0.8406
vn 0.3733 -0.1642 -0.9131
vn -0.9509 -0.2486 -0.1842
vn -0.9529 -0.2053 -0.2234
vn -0.8082 -0.2011 -0.5534
vn -0.8314 -0.2325 -0.5047
vn 0.7673 -0.1854 -0.6139
vn 0.9366 -0.2159 -0.2759
vn 0.9170 -0.2871 -0.2770
vn 0.7300 -0.2764 -0.6251
vn -0.6921 -0.1847 -0.6977
vn -0.6772 -0.2492 -0.6923
vn -0.4680 -0.1716 -0.8669
vn -0.4644 -0.1861 -0.8659
vn 0.4511 -0.1286 -0.8831
vn 0.6020 -0.1809 -0.7777
vn 0.6581 -0.1843 -0.7300
vn 0.4601 -0.1840 -0.8686
vn -0.7538 -0.1422 -0.6415
vn -0.7122 -0.1535 -0.6850
vn -0.3858 -0.1101 -0.9160
vn -0.3172 -0.0334 -0.9478
vn 0.4003 -0.1132 -0.9094
vn 0.7185 -0.1451 -0.6802
vn 0.7693 -0.1518 -0.6206
vn 0.3579 -0.0472 -0.9326
vn -0.9410 -0.3113 0.1331
vn -0.9764 -0.2158 0.0052
vn -0.9463 -0.1764 -0.2708
vn -0.9504 -0.2603 -0.1701
vn 0.9426 -0.1745 -0.2848
vn 0.9772 -0.2110 -0.0244
vn 0.9447 -0.3173 0.0831
vn 0.9437 -0.2626 -0.2012
vn -0.8498 -0.0343 -0.5260
vn -0.8028 -0.0985 -0.5881
vn -0.4306 0.1557 -0.8890
vn -0.5863 0.1552 -0.7951
vn 0.4946 0.1483 -0.8564
vn 0.8241 -0.1048 -0.5567
vn 0.8554 -0.0304 -0.5171
vn 0.6264 0.1240 -0.7695
vn -0.9489 -0.2015 0.2428
vn -0.9113 -0.3399 0.2323
vn -0.9426 -0.2542 -0.2163
vn -0.9649 -0.1080 -0.2392
vn 0.9426 -0.2028 -0.2655
vn 0.9455 -0.2936 0.1406
vn 0.9770 -0.1576 0.1434
vn 0.9477 -0.0988 -0.3034
vn -0.8721 -0.0735 -0.4838
vn -0.8712 -0.0382 -0.4895
vn -0.7016 0.0220 -0.7122
vn -0.7607 -0.0533 -0.6469
vn 0.7103 0.0084 -0.7039
vn 0.8640 -0.0454 -0.5015
vn 0.8624 -0.0879 -0.4985
vn 0.7519 -0.0663 -0.6559
vn -0.9813 -0.0933 0.1684
vn -0.9809 -0.1196 0.1534
vn -0.9619 -0.0752 -0.2630
vn -0.9684 -0.0791 -0.2366
vn 0.9471 -0.0695 -0.3134
vn 0.9882 -0.1067 0.1100
vn 0.9886 -0.1043 0.1089
vn 0.9571 -0.0978 -0.2726
vn -0.9453 -0.1139 -0.3058
vn -0.9396 -0.1520 -0.3066
vn -0.7849 -0.1514 -0.6008
vn -0.8066 -0.1308 -0.5765
vn 0.8073 -0.1373 -0.5739
vn 0.9604 -0.1280 -0.2477
vn 0.9684 -0.0759 -0.2377
vn 0.8384 -0.0940 -0.5369
vn -0.9924 -0.0193 0.1216
vn -0.9766 -0.1064 0.1867
vn -0.9895 -0.1397 -0.0362
vn -0.9953 -0.0738 -0.0620
vn 0.9945 -0.0949 0.0446
vn 0.9629 -0.0451 0.2660
vn 0.9822 0.0291 0.1853
vn 0.9995 -0.0299 0.0107
vn -0.7029 -0.5954 -0.3890
vn -0.7525 -0.4302 -0.4988
vn -0.9545 -0.1989 -0.2224
vn -0.9477 -0.3044 -0.0959
vn 0.9551 -0.1749 -0.2392
vn 0.7389 -0.4201 -0.5268
vn 0.6990 -0.5936 -0.3987
vn 0.9331 -0.3455 -0.1000
vn -0.4084 -0.7313 -0.5462
vn -0.4039 -0.7223 -0.5613
vn -0.5545 -0.6434 -0.5277
vn -0.5570 -0.7246 -0.4059
vn 0.5393 -0.6172 -0.5729
vn 0.4169 -0.6937 -0.5873
vn 0.3946 -0.7308 -0.5570
vn 0.5455 -0.7121 -0.4420
vn -0.5251 -0.7911 -0.3137
vn -0.6722 -0.6722 -0.3103
vn 0.6648 -0.6772 -0.3154
vn 0.5706 -0.7268 -0.3824
vn -0.6364 -0.7619 -0.1205
vn 0.2866 -0.8025 0.5234
vn -0.1076 -0.7205 0.6851
vn 0.8285 -0.5598 0.0154
vn 0.0276 -0.0747 0.9968
vn -0.0802 -0.1059 0.9911
vn -0.3804 -0.1207 0.9169
vn -0.2779 -0.0458 0.9595
vn 0.4427 -0.1270 0.8876
vn 0.1617 -0.1090 0.9808
vn 0.0910 -0.0705 0.9934
vn 0.3891 -0.0538 0.9196
vn -0.1398 -0.1024 0.9849
vn -0.1809 -0.1042 0.9780
vn -0.4049 -0.1316 0.9048
vn -0.3966 -0.1155 0.9107
vn 0.4403 -0.1287 0.8886
vn 0.2085 -0.1027 0.9726
vn 0.2057 -0.0994 0.9736
vn 0.4512 -0.1224 0.8840
vn 0.9150 -0.0763 0.3962
vn 0.8966 -0.0794 0.4356
vn 0.4141 -0.0780 0.9069
vn 0.4511 -0.0850 0.8884
vn -0.3186 -0.0791 0.9446
vn -0.8490 -0.0647 0.5244
vn -0.8337 -0.0628 0.5486
vn -0.3320 -0.0833 0.9396
vn 0.8935 -0.0390 0.4473
vn 0.8974 -0.0234 0.4406
vn 0.4666 -0.0218 0.8842
vn 0.4310 -0.0425 0.9014
vn -0.3944 -0.0398 0.9181
vn -0.8757 -0.0232 0.4823
vn -0.8561 -0.0556 0.5138
vn -0.3401 -0.0701 0.9378
vn 0.8452 -0.1326 -0.5178
vn 0.8615 -0.1294 -0.4910
vn 0.9945 -0.1031 -0.0193
vn 0.9919 -0.1032 -0.0744
vn -0.9960 -0.0878 0.0184
vn -0.8808 -0.1089 -0.4609
vn -0.8791 -0.0931 -0.4675
vn -0.9983 -0.0572 -0.0101
vn 0.8505 -0.0853 -0.5190
vn 0.8078 -0.0381 -0.5882
vn 0.9983 -0.0228 -0.0533
vn 0.9986 -0.0531 -0.0063
vn -0.9998 -0.0121 0.0159
vn -0.8445 -0.0398 -0.5340
vn -0.8603 -0.0860 -0.5024
vn -0.9978 -0.0604 0.0276
vn 0.1161 -0.1579 -0.9806
vn 0.0470 -0.2285 -0.9724
vn 0.6111 -0.1718 -0.7727
vn 0.5442 -0.1498 -0.8255
vn -0.7087 -0.1310 -0.6933
vn -0.1557 -0.2208 -0.9628
vn -0.2084 -0.1860 -0.9602
vn -0.6309 -0.1467 -0.7619
vn 0.0525 -0.1421 -0.9885
vn 0.1032 -0.0416 -0.9938
vn 0.6379 -0.0194 -0.7699
vn 0.6569 -0.0899 -0.7486
vn -0.6882 -0.0220 -0.7252
vn -0.1522 -0.0241 -0.9881
vn -0.1213 -0.1240 -0.9848
vn -0.7218 -0.0788 -0.6876
vn -0.2027 -0.0908 -0.9750
vn -0.2949 -0.1806 -0.9383
vn -0.5899 -0.2131 -0.7788
vn -0.5651 -0.1415 -0.8128
vn 0.5462 -0.2200 -0.8082
vn 0.1944 -0.1674 -0.9665
vn 0.1204 -0.0846 -0.9891
vn 0.5216 -0.1325 -0.8429
vn -0.2989 -0.2224 -0.9280
vn -0.2113 -0.1529 -0.9654
vn -0.5106 -0.1593 -0.8450
vn -0.5760 -0.2058 -0.7911
vn 0.4541 -0.2082 -0.8663
vn 0.0679 -0.1938 -0.9787
vn 0.1360 -0.2247 -0.9649
vn 0.5040 -0.2265 -0.8335
vn -0.9233 -0.1853 -0.3365
vn -0.9115 -0.1944 -0.3625
vn -0.7622 -0.1946 -0.6174
vn -0.7690 -0.1716 -0.6158
vn 0.7620 -0.2388 -0.6019
vn 0.9174 -0.2619 -0.2996
vn 0.9467 -0.1836 -0.2648
vn 0.7864 -0.2038 -0.5832
vn -0.8887 -0.2371 -0.3924
vn -0.8772 -0.1542 -0.4548
vn -0.7758 -0.1411 -0.6151
vn -0.7565 -0.2290 -0.6125
vn 0.7632 -0.1518 -0.6281
vn 0.8720 -0.1757 -0.4569
vn 0.8920 -0.2529 -0.3747
vn 0.7444 -0.2398 -0.6232
vn -0.9653 -0.1742 0.1947
vn -0.9684 -0.1770 0.1758
vn -0.9755 -0.1910 -0.1094
vn -0.9803 -0.1886 -0.0590
vn 0.9646 -0.2635 -0.0072
vn 0.9453 -0.2585 0.1992
vn 0.9514 -0.1213 0.2831
vn 0.9868 -0.1536 0.0508
vn -0.9622 -0.2193 0.1613
vn -0.9696 -0.1653 0.1803
vn -0.9675 -0.1759 -0.1817
vn -0.9606 -0.2378 -0.1438
vn 0.9600 -0.2018 -0.1940
vn 0.9741 -0.1969 0.1107
vn 0.9560 -0.2650 0.1263
vn 0.9585 -0.2672 -0.0998
vn -0.9720 -0.2093 -0.1065
vn 0.7931 -0.2403 -0.5597
vn 0.9694 -0.1994 -0.1436
vn -0.9397 -0.3008 -0.1630
vn -0.8864 -0.1912 -0.4215
vn -0.8809 -0.0938 0.4640
vn -0.7144 -0.0541 0.6976
vn -0.7481 -0.0364 0.6626
vn -0.8819 -0.0843 0.4639
vn 0.7343 -0.0644 0.6757
vn 0.7230 -0.1083 0.6823
vn 0.8637 -0.1889 0.4673
vn 0.8813 -0.0971 0.4624
vn -0.9685 -0.2187 0.1186
vn -0.9231 -0.2137 0.3196
vn -0.9136 -0.2966 0.2781
vn -0.9512 -0.2964 0.0853
vn 0.9391 -0.2279 0.2572
vn 0.9608 -0.2127 0.1780
vn 0.9743 -0.2167 0.0613
vn 0.9639 -0.2597 0.0592
vn -0.8444 -0.2312 0.4833
vn -0.6445 -0.2207 0.7321
vn -0.6640 -0.1768 0.7265
vn -0.8598 -0.2669 0.4353
vn 0.7166 -0.1756 0.6750
vn 0.7006 -0.2292 0.6757
vn 0.8793 -0.2219 0.4214
vn 0.8889 -0.1990 0.4127
vn -0.8694 -0.3518 0.3469
vn -0.7851 -0.3568 0.5062
vn -0.8637 -0.2533 0.4358
vn -0.9516 -0.2386 0.1940
vn 0.9467 -0.2411 0.2136
vn 0.8749 -0.3593 0.3248
vn 0.9225 -0.3471 0.1685
vn 0.9688 -0.2206 0.1130
vn -0.7212 -0.3238 0.6124
vn -0.6210 -0.2983 0.7249
vn -0.6134 -0.2487 0.7496
vn -0.7599 -0.2695 0.5915
vn 0.6851 -0.2127 0.6968
vn 0.6327 -0.3315 0.6999
vn 0.7723 -0.3579 0.5248
vn 0.8506 -0.2316 0.4721
vn -0.8754 -0.2165 0.4322
vn -0.8117 -0.2614 0.5223
vn -0.7958 -0.4056 0.4497
vn -0.7942 -0.4081 0.4501
vn 0.8306 -0.4060 0.3811
vn 0.8586 -0.2300 0.4582
vn 0.9176 -0.1763 0.3562
vn 0.8863 -0.3675 0.2820
vn -0.5860 -0.3683 0.7218
vn -0.4792 -0.4152 0.7733
vn -0.5700 -0.4477 0.6890
vn -0.6570 -0.4272 0.6212
vn 0.4953 -0.4743 0.7278
vn 0.4333 -0.3540 0.8288
vn 0.5931 -0.3341 0.7325
vn 0.6451 -0.4319 0.6303
vn -0.9266 -0.1092 0.3599
vn -0.8176 -0.1247 0.5621
vn -0.8090 -0.1622 0.5649
vn -0.9144 -0.1277 0.3840
vn 0.8424 -0.1548 0.5161
vn 0.8530 -0.1191 0.5081
vn 0.9289 -0.1119 0.3529
vn 0.9301 -0.1238 0.3457
vn -0.7730 -0.1296 0.6211
vn -0.6469 -0.1294 0.7516
vn -0.5736 -0.1470 0.8058
vn -0.6898 -0.1725 0.7032
vn 0.5817 -0.1360 0.8019
vn 0.6591 -0.1351 0.7399
vn 0.7895 -0.1248 0.6009
vn 0.7127 -0.1630 0.6823
vn -0.9520 0.0532 0.3015
vn -0.8487 0.1368 0.5108
vn -0.8073 -0.0088 0.5901
vn -0.9192 -0.0586 0.3895
vn 0.8493 0.0349 0.5268
vn 0.8993 0.1361 0.4156
vn 0.9434 0.0900 0.3191
vn 0.9120 -0.0007 0.4101
vn -0.6166 0.2242 0.7546
vn -0.2489 0.2728 0.9293
vn -0.3561 0.0798 0.9310
vn -0.6167 0.0420 0.7861
vn 0.5193 0.1146 0.8469
vn 0.4733 0.2843 0.8338
vn 0.7418 0.2196 0.6336
vn 0.6965 0.0851 0.7125
vn -0.9917 -0.1101 0.0666
vn -0.9530 -0.0487 0.2989
vn -0.9540 -0.0928 0.2851
vn -0.9965 -0.0387 0.0747
vn 0.9556 -0.0146 0.2943
vn 0.9512 -0.0482 0.3049
vn 0.9949 -0.0897 0.0465
vn 0.9975 -0.0331 0.0631
vn -0.9091 -0.0167 0.4163
vn -0.7899 -0.0496 0.6112
vn -0.4194 -0.6061 0.6758
vn -0.7357 -0.4773 0.4806
vn 0.5927 -0.3743 0.7131
vn 0.7823 0.0487 0.6210
vn 0.9110 -0.0274 0.4115
vn 0.8620 -0.2770 0.4245
vn -0.4773 -0.8786 0.0170
vn 0.1722 -0.6382 0.7504
vn 0.7092 -0.7050 0.0041
vn -0.0426 0.4297 -0.9020
vn -0.1114 -0.9915 0.0678
vn 0.0085 -0.9995 0.0304
vn 0.4837 -0.2079 -0.8502
vn -0.2971 -0.8357 0.4619
vn -0.8831 -0.2004 0.4241
vn -0.7557 -0.1748 0.6312
vn -0.7886 -0.1267 0.6017
vn -0.9078 -0.1447 0.3937
vn 0.8505 -0.1545 0.5027
vn 0.8304 -0.2086 0.5166
vn 0.8816 -0.2271 0.4137
vn 0.9047 -0.1664 0.3923
vn -0.7020 -0.1627 0.6933
vn -0.5490 -0.1346 0.8249
vn -0.5998 -0.1470 0.7865
vn -0.7418 -0.1378 0.6563
vn 0.6482 -0.1452 0.7475
vn 0.6145 -0.1535 0.7738
vn 0.7225 -0.1777 0.6682
vn 0.7609 -0.1439 0.6327
vn -0.8954 -0.1431 0.4216
vn -0.7830 -0.1029 0.6135
vn -0.7714 -0.1179 0.6254
vn -0.8875 -0.1479 0.4363
vn 0.8240 -0.2087 0.5268
vn 0.8352 -0.0788 0.5442
vn 0.8891 -0.0932 0.4482
vn 0.8722 -0.2281 0.4327
vn -0.6301 -0.0628 0.7740
vn -0.4519 -0.0329 0.8915
vn -0.5141 -0.1187 0.8495
vn -0.6810 -0.1144 0.7233
vn 0.6102 -0.1547 0.7770
vn 0.5936 -0.0505 0.8032
vn 0.6939 -0.0527 0.7181
vn 0.7001 -0.1740 0.6925
vn -0.9567 -0.1527 0.2479
vn 0.9322 -0.2354 0.2750
vn 0.9768 -0.2040 0.0652
vn -0.9751 -0.2054 0.0832
vn 0.9623 -0.2610 0.0768
vn 0.9467 -0.1595 0.2799
vn -0.1803 0.2284 -0.9567
vn -0.3437 0.2461 -0.9063
vn -0.3509 0.0066 -0.9364
vn -0.1801 0.5204 -0.8347
vn -0.0114 0.5838 -0.8118
vn -0.2534 0.3074 -0.9172
vn -0.1244 0.4212 -0.8984
vn -0.3352 0.3154 -0.8878
vn -0.4099 0.1877 -0.8926
vn -0.1032 0.2429 -0.9645
vn -0.0750 0.0462 -0.9961
vn -0.4068 -0.0365 -0.9128
vn -0.3817 0.1517 -0.9117
vn -0.2719 -0.3632 -0.8912
vn 0.1286 -0.2404 0.9621
vn 0.4242 -0.3760 -0.8238
vn 0.6136 0.3865 -0.6886
vn -0.3117 -0.1894 -0.9311
vn -0.1861 -0.1905 0.9639
vn 0.9309 -0.2714 -0.2444
vn 0.8742 -0.1884 -0.4476
vn -0.8445 -0.2960 -0.4463
vn -0.9475 -0.1513 0.2818
vn -0.9766 -0.1978 0.0839
vn 0.6002 0.5115 -0.6150
vn 0.2090 -0.4618 -0.8620
vn 0.3699 -0.3689 -0.8527
vn 0.0662 -0.2997 -0.9517
vn 0.1626 -0.4491 -0.8786
vn 0.4756 -0.3606 0.8023
vn 0.4916 -0.4604 0.7391
vn -0.0844 -0.2113 0.9738
vn -0.0826 -0.3208 0.9435
vn 0.9953 -0.0972 -0.0038
vn 0.9644 0.0029 0.2643
vn 0.8817 -0.0193 0.4715
vn 0.6291 -0.5085 0.5879
vn 0.6353 -0.3338 -0.6965
vn 0.8262 -0.3065 -0.4728
vn 0.9009 -0.2803 -0.3314
vn 0.9645 -0.2229 -0.1417
vn -0.1552 -0.2144 -0.9643
vn -0.0513 -0.1828 -0.9818
vn -0.2321 -0.3941 -0.8892
vn -0.5551 -0.3608 -0.7495
vn -0.0139 -0.3572 -0.9339
vn -0.1000 -0.3864 -0.9169
vn -0.0376 -0.2558 0.9660
vn -0.2033 -0.4459 0.8717
vn -0.0758 -0.1223 0.9896
vn 0.0286 -0.1619 0.9864
vn -0.9938 -0.0976 0.0538
vn -0.9553 -0.0111 0.2953
vn -0.9894 -0.0191 0.1442
vn -0.8046 -0.4388 0.4002
vn -0.7185 -0.3405 -0.6065
vn -0.8480 -0.2909 -0.4429
vn -0.9134 -0.2841 -0.2913
vn -0.9634 -0.2401 -0.1196
vn -0.0437 -0.2690 -0.9621
vn 0.0805 -0.3294 -0.9408
vn -0.9612 -0.2052 0.1842
vn -0.3332 -0.3580 -0.8723
vn 0.7710 -0.3466 0.5342
vn 0.2926 -0.3967 -0.8701
vt 0.281600 0.850100
vt 0.279400 0.838800
vt 0.295200 0.840900
vt 0.296200 0.852200
vt 0.281100 0.858000
vt 0.295300 0.860900
vt 0.293200 0.870500
vt 0.279500 0.866400
vt 0.307100 0.855100
vt 0.306400 0.842100
vt 0.331100 0.863800
vt 0.329300 0.846000
vt 0.343600 0.849200
vt 0.345500 0.869500
vt 0.331300 0.879900
vt 0.345700 0.888200
vt 0.344200 0.906900
vt 0.330000 0.895500
vt 0.306400 0.865500
vt 0.304600 0.876700
vt 0.274900 0.828500
vt 0.271600 0.816600
vt 0.286800 0.817700
vt 0.291300 0.830500
vt 0.303600 0.831500
vt 0.299800 0.818500
vt 0.327400 0.832200
vt 0.325500 0.818100
vt 0.340500 0.817400
vt 0.342000 0.833000
vt 0.794000 0.708800
vt 0.805100 0.708900
vt 0.803100 0.726400
vt 0.790900 0.726100
vt 0.772000 0.708400
vt 0.767500 0.725400
vt 0.755800 0.725100
vt 0.759200 0.708200
vt 0.763800 0.692400
vt 0.777400 0.693700
vt 0.797000 0.694600
vt 0.807300 0.693800
vt 0.745200 0.707600
vt 0.743000 0.724700
vt 0.748400 0.691100
vt 0.789000 0.745300
vt 0.801600 0.745500
vt 0.801400 0.766900
vt 0.788800 0.767800
vt 0.765500 0.744700
vt 0.765800 0.769400
vt 0.755400 0.769800
vt 0.754600 0.744600
vt 0.742600 0.744600
vt 0.743900 0.770100
vt 0.364600 0.875300
vt 0.364900 0.853600
vt 0.387400 0.857100
vt 0.383700 0.880300
vt 0.363400 0.892700
vt 0.380600 0.895300
vt 0.378400 0.908500
vt 0.362800 0.908500
vt 0.399700 0.896800
vt 0.417400 0.899600
vt 0.412800 0.911600
vt 0.396100 0.909300
vt 0.403500 0.883000
vt 0.409000 0.860100
vt 0.429000 0.864300
vt 0.422300 0.886200
vt 0.365400 0.835100
vt 0.365600 0.817300
vt 0.392000 0.817200
vt 0.390300 0.836400
vt 0.829000 0.706400
vt 0.849400 0.704000
vt 0.849500 0.724100
vt 0.828400 0.725600
vt 0.815700 0.708000
vt 0.814400 0.726200
vt 0.817600 0.691400
vt 0.830300 0.688100
vt 0.849400 0.684500
vt 0.827900 0.745300
vt 0.848900 0.744600
vt 0.848500 0.765600
vt 0.827700 0.765800
vt 0.813500 0.745500
vt 0.813300 0.766200
vt 0.748800 0.629200
vt 0.748100 0.608600
vt 0.761500 0.610400
vt 0.763700 0.632100
vt 0.765900 0.652100
vt 0.750200 0.648400
vt 0.750700 0.662300
vt 0.766600 0.665900
vt 0.750200 0.675200
vt 0.766200 0.677900
vt 0.797400 0.629500
vt 0.791200 0.607000
vt 0.800800 0.602600
vt 0.808100 0.623000
vt 0.817200 0.642800
vt 0.803000 0.650900
vt 0.776000 0.633500
vt 0.779100 0.654400
vt 0.772300 0.610700
vt 0.802100 0.667700
vt 0.813600 0.663500
vt 0.799700 0.681600
vt 0.810400 0.679200
vt 0.779300 0.680700
vt 0.779700 0.668800
vt 0.836600 0.656300
vt 0.840000 0.641600
vt 0.852300 0.637300
vt 0.851200 0.651700
vt 0.833200 0.670900
vt 0.850200 0.666400
vt 0.820900 0.675300
vt 0.824700 0.660100
vt 0.829600 0.643700
vt 0.272900 0.881300
vt 0.285500 0.887000
vt 0.275100 0.902900
vt 0.263100 0.896700
vt 0.253300 0.912100
vt 0.264400 0.918800
vt 0.254800 0.935900
vt 0.244800 0.928200
vt 0.317800 0.908000
vt 0.326500 0.914900
vt 0.311300 0.924300
vt 0.303100 0.918900
vt 0.296600 0.893700
vt 0.285000 0.908300
vt 0.290300 0.932300
vt 0.299200 0.937100
vt 0.288900 0.953000
vt 0.279500 0.949900
vt 0.273400 0.923600
vt 0.263200 0.941800
vt 0.332400 0.924700
vt 0.319500 0.931400
vt 0.347100 0.921400
vt 0.934500 0.208300
vt 0.925200 0.216800
vt 0.921800 0.206800
vt 0.931000 0.199800
vt 0.941200 0.192700
vt 0.945500 0.201000
vt 0.308900 0.941800
vt 0.300000 0.955700
vt 0.958100 0.194800
vt 0.952900 0.186400
vt 0.965300 0.181000
vt 0.971500 0.189400
vt 0.451000 0.940500
vt 0.437400 0.934800
vt 0.443300 0.922000
vt 0.457300 0.927800
vt 0.927300 0.594900
vt 0.934100 0.608200
vt 0.919200 0.615300
vt 0.913200 0.602100
vt 0.841700 0.245400
vt 0.829300 0.243000
vt 0.832200 0.225600
vt 0.843900 0.227500
vt 0.855700 0.227700
vt 0.854500 0.245900
vt 0.865400 0.616700
vt 0.881600 0.612100
vt 0.885800 0.626200
vt 0.867000 0.631600
vt 0.853000 0.621600
vt 0.796600 0.226600
vt 0.786900 0.222200
vt 0.792800 0.209400
vt 0.801400 0.213100
vt 0.811000 0.217500
vt 0.807000 0.232300
vt 0.843200 0.625100
vt 0.835600 0.625900
vt 0.827700 0.623400
vt 0.773700 0.213800
vt 0.769000 0.208300
vt 0.776000 0.196900
vt 0.780500 0.201800
vt 0.778900 0.217900
vt 0.785500 0.205500
vt 0.818800 0.611800
vt 0.810900 0.595600
vt 0.762800 0.198700
vt 0.755600 0.186700
vt 0.762100 0.178300
vt 0.769800 0.188600
vt 0.898400 0.608300
vt 0.903700 0.621500
vt 0.817700 0.238500
vt 0.821100 0.222100
vt 0.361700 0.921200
vt 0.375400 0.921800
vt 0.914100 0.224400
vt 0.903400 0.230600
vt 0.900700 0.217000
vt 0.910900 0.212800
vt 0.390300 0.923000
vt 0.406500 0.924700
vt 0.892700 0.235300
vt 0.881000 0.240500
vt 0.879700 0.223500
vt 0.890400 0.219900
vt 0.888500 0.206200
vt 0.897900 0.203700
vt 0.878500 0.208900
vt 0.907400 0.200300
vt 0.917400 0.195800
vt 0.824200 0.208600
vt 0.834500 0.211200
vt 0.814600 0.204900
vt 0.776900 0.179000
vt 0.783300 0.186000
vt 0.768900 0.169900
vt 0.791800 0.193200
vt 0.798400 0.197100
vt 0.787500 0.190000
vt 0.805800 0.200800
vt 0.845600 0.212600
vt 0.856700 0.212500
vt 0.422300 0.929200
vt 0.428400 0.916400
vt 0.868000 0.244300
vt 0.868000 0.226300
vt 0.948100 0.177900
vt 0.959800 0.172100
vt 0.936800 0.184300
vt 0.926600 0.190500
vt 0.867900 0.211200
vt 0.919600 0.688200
vt 0.923700 0.702600
vt 0.901700 0.716800
vt 0.898100 0.695700
vt 0.895100 0.675000
vt 0.915500 0.669300
vt 0.934200 0.663500
vt 0.938500 0.681000
vt 0.941700 0.693400
vt 0.911500 0.647900
vt 0.892500 0.654000
vt 0.907700 0.634100
vt 0.889300 0.639700
vt 0.924000 0.628200
vt 0.928700 0.642400
vt 0.955600 0.675000
vt 0.958200 0.687300
vt 0.951800 0.657500
vt 0.480200 0.866700
vt 0.474600 0.882300
vt 0.459400 0.877200
vt 0.465100 0.860700
vt 0.469500 0.848700
vt 0.484200 0.855800
vt 0.945600 0.635900
vt 0.940000 0.621300
vt 0.462500 0.915400
vt 0.448200 0.910000
vt 0.467700 0.901800
vt 0.453000 0.896900
vt 0.907200 0.743800
vt 0.904300 0.765700
vt 0.891000 0.765500
vt 0.893500 0.741900
vt 0.915600 0.723700
vt 0.923200 0.727400
vt 0.914800 0.745700
vt 0.911700 0.765700
vt 0.929500 0.709900
vt 0.934900 0.714400
vt 0.944800 0.700500
vt 0.948200 0.706000
vt 0.960400 0.695000
vt 0.962700 0.701600
vt 0.486300 0.848700
vt 0.472200 0.840800
vt 0.474900 0.834500
vt 0.487900 0.842500
vt 0.445700 0.796200
vt 0.454900 0.794700
vt 0.458500 0.811500
vt 0.450700 0.815200
vt 0.439600 0.821700
vt 0.434300 0.797300
vt 0.432600 0.776400
vt 0.444200 0.776300
vt 0.454000 0.776300
vt 0.870400 0.660700
vt 0.872000 0.680100
vt 0.868600 0.645800
vt 0.873600 0.700500
vt 0.874500 0.721300
vt 0.872200 0.743300
vt 0.871300 0.765500
vt 0.413400 0.838600
vt 0.416200 0.818200
vt 0.434600 0.842900
vt 0.460500 0.830200
vt 0.464800 0.825100
vt 0.456300 0.837800
vt 0.268700 0.801400
vt 0.267900 0.778600
vt 0.282500 0.778500
vt 0.282900 0.801300
vt 0.296200 0.801300
vt 0.295600 0.778600
vt 0.323000 0.800400
vt 0.321600 0.778200
vt 0.337000 0.777600
vt 0.338300 0.799600
vt 0.364800 0.798100
vt 0.364100 0.776700
vt 0.391600 0.776500
vt 0.392000 0.797100
vt 0.415400 0.796900
vt 0.414700 0.776500
vt 0.451400 0.852100
vt 0.445500 0.870700
vt 0.433500 0.904500
vt 0.438700 0.891400
vt 0.937600 0.216600
vt 0.949700 0.208700
vt 0.954600 0.215900
vt 0.942100 0.224600
vt 0.930800 0.235500
vt 0.927300 0.226100
vt 0.963200 0.202200
vt 0.977700 0.196500
vt 0.984600 0.204100
vt 0.968600 0.209500
vt 0.839500 0.264000
vt 0.853200 0.264600
vt 0.851900 0.282100
vt 0.837000 0.281300
vt 0.822200 0.278300
vt 0.826200 0.261300
vt 0.790900 0.240000
vt 0.802400 0.247500
vt 0.795100 0.261700
vt 0.782100 0.251900
vt 0.770800 0.245700
vt 0.780500 0.234500
vt 0.772200 0.229700
vt 0.761900 0.241100
vt 0.766900 0.225300
vt 0.755900 0.236900
vt 0.751100 0.230500
vt 0.762300 0.219400
vt 0.756200 0.208000
vt 0.747000 0.217000
vt 0.741500 0.200600
vt 0.749400 0.194000
vt 0.813800 0.255800
vt 0.808100 0.272200
vt 0.916200 0.235200
vt 0.920100 0.246000
vt 0.909900 0.255900
vt 0.905400 0.243400
vt 0.894700 0.250600
vt 0.898300 0.266200
vt 0.884400 0.275800
vt 0.882200 0.258000
vt 0.867800 0.262700
vt 0.868200 0.280600
vt 0.284600 0.692700
vt 0.298300 0.691500
vt 0.297400 0.705800
vt 0.283000 0.706000
vt 0.284900 0.685000
vt 0.284200 0.677800
vt 0.296700 0.675200
vt 0.298000 0.683000
vt 0.310900 0.690500
vt 0.310300 0.706000
vt 0.336600 0.684600
vt 0.350200 0.680000
vt 0.347900 0.700700
vt 0.335000 0.703000
vt 0.333300 0.670300
vt 0.328200 0.658300
vt 0.343400 0.649100
vt 0.348300 0.663400
vt 0.308700 0.680300
vt 0.306000 0.671100
vt 0.280600 0.718300
vt 0.294800 0.718000
vt 0.292100 0.731700
vt 0.277300 0.731500
vt 0.307100 0.718300
vt 0.304300 0.732300
vt 0.330900 0.717200
vt 0.344800 0.716500
vt 0.342100 0.733700
vt 0.327900 0.733400
vt 0.794900 0.825000
vt 0.791800 0.807000
vt 0.803400 0.806000
vt 0.805600 0.825000
vt 0.775700 0.825600
vt 0.764900 0.826400
vt 0.760200 0.810400
vt 0.770600 0.809400
vt 0.780300 0.840900
vt 0.769500 0.841300
vt 0.809200 0.842700
vt 0.798800 0.841900
vt 0.751200 0.827600
vt 0.747900 0.811500
vt 0.755000 0.842800
vt 0.789900 0.788200
vt 0.802100 0.786900
vt 0.767800 0.790700
vt 0.757700 0.791600
vt 0.746200 0.792400
vt 0.367300 0.675900
vt 0.366700 0.698400
vt 0.384300 0.674600
vt 0.387600 0.697300
vt 0.366400 0.660700
vt 0.364200 0.648700
vt 0.379300 0.649700
vt 0.381900 0.660900
vt 0.398700 0.659300
vt 0.394700 0.647800
vt 0.411300 0.643800
vt 0.416400 0.655300
vt 0.403000 0.672500
vt 0.409100 0.694400
vt 0.421600 0.668300
vt 0.428700 0.689500
vt 0.367100 0.716700
vt 0.367000 0.734100
vt 0.391000 0.717100
vt 0.392700 0.735600
vt 0.829000 0.826500
vt 0.828400 0.805900
vt 0.849500 0.806900
vt 0.849400 0.827700
vt 0.815900 0.825600
vt 0.814500 0.805700
vt 0.818700 0.844400
vt 0.849300 0.848200
vt 0.830600 0.846300
vt 0.827900 0.786000
vt 0.848900 0.786500
vt 0.813700 0.786200
vt 0.755400 0.905100
vt 0.769100 0.903900
vt 0.767500 0.924800
vt 0.754800 0.924800
vt 0.756600 0.886100
vt 0.770900 0.884500
vt 0.757200 0.871800
vt 0.771700 0.870100
vt 0.756900 0.858400
vt 0.771500 0.856700
vt 0.797700 0.905800
vt 0.806200 0.909200
vt 0.798900 0.929300
vt 0.793000 0.927100
vt 0.803100 0.886000
vt 0.816500 0.889500
vt 0.780100 0.903800
vt 0.782200 0.884200
vt 0.777700 0.925200
vt 0.804000 0.871200
vt 0.815500 0.872400
vt 0.802600 0.857800
vt 0.813200 0.858800
vt 0.782700 0.856600
vt 0.783100 0.869900
vt 0.837200 0.875700
vt 0.852000 0.879200
vt 0.853600 0.890700
vt 0.840600 0.887600
vt 0.833800 0.863100
vt 0.850300 0.866200
vt 0.822700 0.860700
vt 0.826100 0.873700
vt 0.829500 0.886700
vt 0.277400 0.666500
vt 0.289500 0.664300
vt 0.268800 0.652300
vt 0.280100 0.649400
vt 0.259500 0.636100
vt 0.270600 0.631800
vt 0.251600 0.619800
vt 0.262000 0.614400
vt 0.316700 0.649300
vt 0.324000 0.643400
vt 0.304100 0.635800
vt 0.309700 0.631800
vt 0.299500 0.659500
vt 0.289500 0.644700
vt 0.292800 0.620600
vt 0.297900 0.618200
vt 0.283400 0.603700
vt 0.289100 0.602100
vt 0.279500 0.627600
vt 0.270400 0.609900
vt 0.329000 0.634800
vt 0.315900 0.626300
vt 0.345200 0.639100
vt 0.784100 0.349600
vt 0.788500 0.338200
vt 0.798200 0.346800
vt 0.793400 0.359600
vt 0.772300 0.340200
vt 0.778100 0.329500
vt 0.304200 0.615900
vt 0.296700 0.601200
vt 0.758600 0.333300
vt 0.766000 0.322400
vt 0.745000 0.326800
vt 0.753600 0.316100
vt 0.920200 0.178400
vt 0.911600 0.181200
vt 0.908700 0.175900
vt 0.918000 0.172600
vt 0.876500 0.190200
vt 0.867500 0.192000
vt 0.866800 0.186700
vt 0.875600 0.185500
vt 0.448500 0.613200
vt 0.455300 0.625600
vt 0.441300 0.632000
vt 0.435100 0.619700
vt 0.926500 0.936300
vt 0.912400 0.929000
vt 0.918000 0.916100
vt 0.933300 0.923300
vt 0.880500 0.381900
vt 0.877700 0.361900
vt 0.889600 0.359600
vt 0.893200 0.379300
vt 0.867700 0.382500
vt 0.865700 0.362400
vt 0.866800 0.908500
vt 0.868700 0.895900
vt 0.886000 0.902700
vt 0.882300 0.915000
vt 0.854000 0.903600
vt 0.927300 0.363200
vt 0.919600 0.346200
vt 0.928800 0.343400
vt 0.937600 0.359400
vt 0.916100 0.368800
vt 0.910000 0.350600
vt 0.843400 0.901100
vt 0.834800 0.900900
vt 0.825700 0.904000
vt 0.950500 0.352100
vt 0.940900 0.337500
vt 0.945500 0.332600
vt 0.955100 0.346600
vt 0.945600 0.355900
vt 0.936100 0.340800
vt 0.814900 0.916900
vt 0.806000 0.933600
vt 0.961900 0.336300
vt 0.952200 0.324000
vt 0.960300 0.313500
vt 0.969200 0.323700
vt 0.898000 0.921900
vt 0.902900 0.909500
vt 0.905000 0.374900
vt 0.900500 0.355600
vt 0.361400 0.640000
vt 0.375500 0.639300
vt 0.804900 0.366100
vt 0.808900 0.351100
vt 0.820600 0.352100
vt 0.817200 0.369400
vt 0.389800 0.636700
vt 0.405400 0.632300
vt 0.828600 0.373800
vt 0.831000 0.355400
vt 0.841600 0.358700
vt 0.840600 0.378200
vt 0.832700 0.339400
vt 0.823000 0.336200
vt 0.842300 0.342100
vt 0.825800 0.316200
vt 0.818300 0.315100
vt 0.821700 0.307600
vt 0.829500 0.309400
vt 0.900100 0.316500
vt 0.891700 0.318600
vt 0.889000 0.311500
vt 0.897500 0.308900
vt 0.812900 0.335000
vt 0.803600 0.332000
vt 0.923500 0.305600
vt 0.919800 0.307900
vt 0.917800 0.300700
vt 0.921000 0.298700
vt 0.940900 0.289800
vt 0.933300 0.297800
vt 0.930000 0.291800
vt 0.935700 0.285600
vt 0.896700 0.339300
vt 0.886700 0.342400
vt 0.905600 0.335400
vt 0.907800 0.313200
vt 0.905400 0.305900
vt 0.791500 0.306700
vt 0.781300 0.298900
vt 0.783200 0.291900
vt 0.792800 0.298800
vt 0.944200 0.312100
vt 0.937700 0.319200
vt 0.952500 0.303200
vt 0.852900 0.322500
vt 0.843400 0.321100
vt 0.845100 0.314300
vt 0.853200 0.315200
vt 0.872800 0.321900
vt 0.862500 0.322600
vt 0.862100 0.315300
vt 0.871300 0.314600
vt 0.928800 0.326000
vt 0.922300 0.328700
vt 0.933300 0.323200
vt 0.913800 0.310500
vt 0.911500 0.303600
vt 0.914200 0.331500
vt 0.885600 0.188300
vt 0.883800 0.183300
vt 0.796800 0.174900
vt 0.793700 0.172600
vt 0.795800 0.167200
vt 0.798900 0.169700
vt 0.875600 0.344400
vt 0.864300 0.345000
vt 0.811600 0.185000
vt 0.806200 0.181500
vt 0.808000 0.176500
vt 0.814200 0.179300
vt 0.848000 0.193600
vt 0.837500 0.193000
vt 0.839000 0.184700
vt 0.848500 0.185800
vt 0.420500 0.626200
vt 0.426700 0.638100
vt 0.854100 0.381300
vt 0.853400 0.361300
vt 0.772600 0.312000
vt 0.761000 0.305500
vt 0.783900 0.319200
vt 0.828200 0.191400
vt 0.819400 0.189200
vt 0.823100 0.181400
vt 0.831100 0.183400
vt 0.930800 0.173300
vt 0.929700 0.166200
vt 0.794100 0.326300
vt 0.786900 0.166700
vt 0.790000 0.161200
vt 0.941500 0.166700
vt 0.939600 0.159900
vt 0.779200 0.158600
vt 0.784500 0.154200
vt 0.894100 0.186200
vt 0.891900 0.181100
vt 0.952200 0.159300
vt 0.947900 0.154200
vt 0.902700 0.183500
vt 0.899800 0.178400
vt 0.857600 0.193000
vt 0.857400 0.186500
vt 0.811100 0.314600
vt 0.801900 0.312200
vt 0.804300 0.303700
vt 0.813700 0.306500
vt 0.834900 0.319000
vt 0.837500 0.312000
vt 0.770900 0.290700
vt 0.775500 0.285600
vt 0.927200 0.303500
vt 0.924400 0.296900
vt 0.883000 0.320200
vt 0.880600 0.313200
vt 0.853100 0.344200
vt 0.800000 0.177300
vt 0.801800 0.172500
vt 0.919000 0.843400
vt 0.898200 0.835700
vt 0.901800 0.814400
vt 0.923200 0.829000
vt 0.914700 0.862100
vt 0.894800 0.856300
vt 0.937200 0.850400
vt 0.932500 0.867800
vt 0.940700 0.838100
vt 0.910300 0.883400
vt 0.891100 0.877300
vt 0.906600 0.897100
vt 0.888500 0.890800
vt 0.922700 0.903100
vt 0.927300 0.888800
vt 0.954200 0.856500
vt 0.957000 0.844300
vt 0.950200 0.873900
vt 0.479500 0.686300
vt 0.464500 0.692300
vt 0.458800 0.676000
vt 0.473700 0.670700
vt 0.483400 0.697200
vt 0.468800 0.704200
vt 0.944400 0.895500
vt 0.939000 0.910100
vt 0.460900 0.637900
vt 0.446700 0.643700
vt 0.466500 0.651400
vt 0.451900 0.656500
vt 0.906800 0.787400
vt 0.893500 0.788800
vt 0.915300 0.807700
vt 0.914600 0.785700
vt 0.922900 0.804000
vt 0.929000 0.821600
vt 0.934400 0.817000
vt 0.944100 0.830700
vt 0.947700 0.825600
vt 0.959500 0.836300
vt 0.961900 0.830800
vt 0.485600 0.704600
vt 0.471600 0.712000
vt 0.486700 0.710100
vt 0.473500 0.717000
vt 0.445500 0.756300
vt 0.449800 0.737500
vt 0.457500 0.740900
vt 0.454700 0.757700
vt 0.434100 0.755400
vt 0.438600 0.731300
vt 0.870200 0.870700
vt 0.871900 0.851300
vt 0.869400 0.884200
vt 0.873600 0.830600
vt 0.874500 0.809600
vt 0.872300 0.787600
vt 0.413800 0.715100
vt 0.416400 0.735000
vt 0.434200 0.710300
vt 0.459900 0.722400
vt 0.463200 0.726800
vt 0.455800 0.715000
vt 0.273500 0.749100
vt 0.288400 0.749500
vt 0.300600 0.750500
vt 0.324700 0.752500
vt 0.339300 0.753400
vt 0.365400 0.754600
vt 0.392300 0.755900
vt 0.415500 0.756100
vt 0.451200 0.700900
vt 0.445100 0.682800
vt 0.432000 0.649700
vt 0.437600 0.662500
vt 0.779500 0.358400
vt 0.774800 0.364500
vt 0.761200 0.355300
vt 0.766700 0.349000
vt 0.789900 0.368300
vt 0.787700 0.376100
vt 0.751700 0.342500
vt 0.745600 0.349700
vt 0.729900 0.342800
vt 0.737100 0.335400
vt 0.883300 0.401400
vt 0.885800 0.416000
vt 0.870900 0.417200
vt 0.869700 0.402300
vt 0.896700 0.398700
vt 0.900800 0.412600
vt 0.934900 0.379000
vt 0.942800 0.390600
vt 0.929100 0.398900
vt 0.922200 0.386500
vt 0.945800 0.373400
vt 0.954000 0.384200
vt 0.954100 0.368600
vt 0.962800 0.378600
vt 0.959400 0.364000
vt 0.964300 0.357700
vt 0.974600 0.366400
vt 0.969100 0.373600
vt 0.971200 0.345300
vt 0.980400 0.351800
vt 0.978200 0.330700
vt 0.986700 0.335300
vt 0.909300 0.393800
vt 0.914900 0.407000
vt 0.801800 0.377400
vt 0.799600 0.387600
vt 0.814200 0.385300
vt 0.810500 0.397300
vt 0.826300 0.391900
vt 0.823000 0.405700
vt 0.839900 0.397500
vt 0.838200 0.412700
vt 0.854900 0.401000
vt 0.854600 0.416300
vt 0.489700 0.714500
vt 0.477900 0.720300
vt 0.950900 0.713700
vt 0.939400 0.721200
vt 0.919000 0.765800
vt 0.921800 0.783200
vt 0.938900 0.810600
vt 0.949600 0.819100
vt 0.463400 0.744900
vt 0.460800 0.760000
vt 0.929200 0.799000
vt 0.929300 0.732500
vt 0.921900 0.748300
vt 0.471000 0.819600
vt 0.480000 0.829100
vt 0.961800 0.824900
vt 0.460300 0.776200
vt 0.491200 0.835800
vt 0.461300 0.792300
vt 0.464700 0.807100
vt 0.468700 0.731400
vt 0.963700 0.709600
vt 0.867600 0.198200
vt 0.857300 0.199400
vt 0.877200 0.196400
vt 0.922600 0.182300
vt 0.913600 0.186100
vt 0.932900 0.176900
vt 0.943700 0.170400
vt 0.954700 0.163900
vt 0.847100 0.199700
vt 0.836600 0.198900
vt 0.809900 0.190200
vt 0.803500 0.186600
vt 0.817900 0.194200
vt 0.793700 0.179900
vt 0.789900 0.176700
vt 0.797600 0.182700
vt 0.783400 0.170600
vt 0.775400 0.162300
vt 0.826900 0.197000
vt 0.904300 0.189200
vt 0.895400 0.192000
vt 0.886600 0.194300
vt 0.863200 0.329900
vt 0.853000 0.329500
vt 0.843100 0.328000
vt 0.808300 0.319900
vt 0.799100 0.316400
vt 0.789100 0.310500
vt 0.778500 0.303300
vt 0.767700 0.295800
vt 0.884000 0.327500
vt 0.873700 0.329200
vt 0.916600 0.316400
vt 0.909700 0.319200
vt 0.901800 0.322600
vt 0.931000 0.308000
vt 0.926800 0.311100
vt 0.922500 0.313700
vt 0.945200 0.293900
vt 0.937200 0.302000
vt 0.893200 0.325400
vt 0.825000 0.322800
vt 0.816400 0.321300
vt 0.834100 0.325700
vt 0.318400 0.858500
vt 0.318100 0.871200
vt 0.790000 0.682500
vt 0.791300 0.670100
vt 0.324100 0.688700
vt 0.320100 0.676700
vt 0.792500 0.857100
vt 0.793500 0.870300
vt 0.312500 0.751500
vt 0.315900 0.732800
vt 0.308700 0.778600
vt 0.287200 0.623600
vt 0.277700 0.606100
vt 0.298000 0.639800
vt 0.309000 0.654300
vt 0.315800 0.666000
vt 0.789300 0.841400
vt 0.792600 0.884600
vt 0.789600 0.904300
vt 0.786400 0.926000
vt 0.778000 0.789700
vt 0.780600 0.808500
vt 0.776500 0.768800
vt 0.785000 0.825300
vt 0.319100 0.718200
vt 0.323300 0.705300
vt 0.309800 0.801200
vt 0.312800 0.818900
vt 0.282200 0.928200
vt 0.271400 0.946600
vt 0.294900 0.914000
vt 0.308200 0.901200
vt 0.316900 0.884800
vt 0.787800 0.694500
vt 0.791200 0.654700
vt 0.787200 0.633000
vt 0.782300 0.609700
vt 0.776600 0.744900
vt 0.778900 0.725500
vt 0.783300 0.708400
vt 0.315200 0.832000
vt 0.317100 0.843500
vt 0.273400 0.849100
vt 0.273200 0.856600
vt 0.740800 0.673900
vt 0.741200 0.660700
vt 0.277000 0.693500
vt 0.277500 0.686100
vt 0.747300 0.859800
vt 0.747600 0.873200
vt 0.265300 0.749200
vt 0.269100 0.731600
vt 0.259900 0.778500
vt 0.252300 0.638600
vt 0.244600 0.623000
vt 0.262200 0.653700
vt 0.270700 0.667500
vt 0.277000 0.679100
vt 0.745700 0.843700
vt 0.747100 0.887400
vt 0.746400 0.906000
vt 0.746500 0.925200
vt 0.739100 0.792800
vt 0.740400 0.812000
vt 0.736900 0.770200
vt 0.742700 0.828200
vt 0.272600 0.718600
vt 0.275000 0.706400
vt 0.260700 0.801100
vt 0.262900 0.815600
vt 0.247200 0.909000
vt 0.239000 0.924500
vt 0.256500 0.893800
vt 0.266000 0.878700
vt 0.271900 0.864500
vt 0.739400 0.690600
vt 0.740800 0.646800
vt 0.740100 0.627800
vt 0.740800 0.607600
vt 0.735300 0.744700
vt 0.735300 0.724600
vt 0.736800 0.707500
vt 0.265900 0.827100
vt 0.270600 0.837700
vt 0.198200 0.516600
vt 0.214700 0.520100
vt 0.211600 0.527100
vt 0.194200 0.524200
vt 0.479100 0.551800
vt 0.468300 0.554100
vt 0.465300 0.546800
vt 0.476400 0.544500
vt 0.633900 0.526100
vt 0.658600 0.527100
vt 0.655400 0.541600
vt 0.633900 0.538600
vt 0.126200 0.518900
vt 0.142200 0.518400
vt 0.140600 0.523800
vt 0.125200 0.524900
vt 0.102500 0.526900
vt 0.102300 0.519600
vt 0.127800 0.505900
vt 0.145500 0.507200
vt 0.655100 0.548900
vt 0.634700 0.544900
vt 0.621000 0.542400
vt 0.619900 0.536500
vt 0.485400 0.543200
vt 0.487900 0.550500
vt 0.617300 0.525500
vt 0.555200 0.542300
vt 0.532600 0.545800
vt 0.531600 0.543700
vt 0.554800 0.539200
vt 0.529400 0.539300
vt 0.552000 0.532700
vt 0.063400 0.525100
vt 0.060800 0.510500
vt 0.100700 0.504800
vt 0.257800 0.533900
vt 0.255600 0.540700
vt 0.237600 0.534900
vt 0.239800 0.528800
vt 0.270500 0.544900
vt 0.268900 0.548500
vt 0.254500 0.543600
vt 0.236100 0.537400
vt 0.510000 0.542500
vt 0.512500 0.547500
vt 0.498600 0.548900
vt 0.496400 0.542100
vt 0.513700 0.549700
vt 0.499900 0.552100
vt 0.162700 0.510100
vt 0.158900 0.519800
vt 0.599800 0.526100
vt 0.603100 0.536200
vt 0.177000 0.522200
vt 0.174800 0.526100
vt 0.157000 0.524500
vt 0.181300 0.513600
vt 0.604400 0.541400
vt 0.586300 0.541100
vt 0.584700 0.536900
vt 0.690000 0.550800
vt 0.694800 0.537000
vt 0.581400 0.528000
vt 0.210800 0.530400
vt 0.192200 0.527600
vt 0.566500 0.529800
vt 0.569500 0.537700
vt 0.570800 0.541100
vt 0.107600 0.421300
vt 0.088600 0.419300
vt 0.096200 0.389700
vt 0.113200 0.392500
vt 0.129600 0.393300
vt 0.125800 0.421200
vt 0.122000 0.441400
vt 0.103600 0.441500
vt 0.082500 0.441200
vt 0.660600 0.438700
vt 0.660200 0.461000
vt 0.641300 0.459200
vt 0.641200 0.436400
vt 0.643000 0.405600
vt 0.660900 0.406600
vt 0.679900 0.406000
vt 0.682400 0.439700
vt 0.683000 0.465200
vt 0.117900 0.354000
vt 0.104100 0.351000
vt 0.113000 0.314300
vt 0.124800 0.318000
vt 0.138100 0.321200
vt 0.133500 0.356400
vt 0.661600 0.369300
vt 0.644700 0.370100
vt 0.647000 0.336900
vt 0.662600 0.335100
vt 0.677200 0.332700
vt 0.678200 0.367700
vt 0.128400 0.288500
vt 0.118200 0.285100
vt 0.121900 0.259500
vt 0.132600 0.262300
vt 0.146800 0.264200
vt 0.141500 0.291200
vt 0.663900 0.305500
vt 0.649200 0.306800
vt 0.648600 0.279000
vt 0.663100 0.278500
vt 0.675000 0.277000
vt 0.676400 0.303400
vt 0.135400 0.238300
vt 0.124500 0.236100
vt 0.126000 0.213200
vt 0.136900 0.215000
vt 0.150800 0.215400
vt 0.149200 0.239300
vt 0.661900 0.253600
vt 0.647600 0.253800
vt 0.647900 0.231200
vt 0.662700 0.231000
vt 0.675000 0.230000
vt 0.673800 0.252400
vt 0.137400 0.192800
vt 0.125800 0.191000
vt 0.126100 0.168700
vt 0.138100 0.170500
vt 0.152800 0.171500
vt 0.151800 0.193300
vt 0.665300 0.210000
vt 0.649700 0.210400
vt 0.652500 0.188800
vt 0.668400 0.188400
vt 0.682000 0.187600
vt 0.678700 0.209000
vt 0.152900 0.043900
vt 0.142500 0.043500
vt 0.144800 0.022300
vt 0.155900 0.021600
vt 0.169300 0.020400
vt 0.165200 0.043900
vt 0.160800 0.071300
vt 0.149000 0.070400
vt 0.138900 0.069200
vt 0.673200 0.062700
vt 0.673700 0.088000
vt 0.661500 0.087900
vt 0.660500 0.061600
vt 0.658200 0.038900
vt 0.672000 0.041400
vt 0.683100 0.043200
vt 0.683400 0.063400
vt 0.683600 0.087900
vt 0.146000 0.419300
vt 0.147000 0.391600
vt 0.167800 0.391000
vt 0.166300 0.417100
vt 0.163000 0.438200
vt 0.143700 0.439900
vt 0.622100 0.433700
vt 0.622200 0.457700
vt 0.602400 0.457400
vt 0.601500 0.432200
vt 0.601400 0.402500
vt 0.623500 0.403700
vt 0.151600 0.357600
vt 0.155200 0.323000
vt 0.174600 0.323400
vt 0.171400 0.358500
vt 0.625100 0.369800
vt 0.603100 0.369600
vt 0.607100 0.335600
vt 0.628100 0.336900
vt 0.158900 0.292100
vt 0.164000 0.264000
vt 0.182600 0.261600
vt 0.178200 0.291100
vt 0.630800 0.306000
vt 0.611600 0.303600
vt 0.614200 0.274700
vt 0.631100 0.277400
vt 0.167000 0.238300
vt 0.170200 0.214300
vt 0.189700 0.212200
vt 0.185900 0.234600
vt 0.631000 0.252100
vt 0.614300 0.249000
vt 0.613700 0.227300
vt 0.631100 0.229700
vt 0.170700 0.193200
vt 0.170100 0.172100
vt 0.188600 0.173000
vt 0.190500 0.193100
vt 0.632500 0.209600
vt 0.614600 0.208100
vt 0.617500 0.188200
vt 0.635400 0.188800
vt 0.178600 0.043400
vt 0.183100 0.019200
vt 0.197500 0.018500
vt 0.193400 0.042800
vt 0.189800 0.070900
vt 0.174500 0.071400
vt 0.645600 0.060300
vt 0.646300 0.087500
vt 0.628800 0.086600
vt 0.629000 0.059100
vt 0.628200 0.035300
vt 0.643600 0.036700
vt 0.188900 0.415200
vt 0.191000 0.389800
vt 0.216600 0.387700
vt 0.215000 0.413700
vt 0.215400 0.438500
vt 0.185600 0.437000
vt 0.580000 0.432200
vt 0.581400 0.458000
vt 0.553300 0.458600
vt 0.556200 0.431000
vt 0.557200 0.400800
vt 0.579600 0.402100
vt 0.193800 0.357600
vt 0.196400 0.321800
vt 0.220100 0.319200
vt 0.218900 0.355500
vt 0.582000 0.369200
vt 0.559900 0.368200
vt 0.566300 0.331100
vt 0.586900 0.333400
vt 0.199000 0.287700
vt 0.201500 0.257800
vt 0.221400 0.255000
vt 0.221500 0.283500
vt 0.592400 0.300200
vt 0.572800 0.296700
vt 0.576200 0.269300
vt 0.595600 0.272000
vt 0.204500 0.231600
vt 0.207000 0.212400
vt 0.224600 0.210500
vt 0.222600 0.230800
vt 0.596000 0.246200
vt 0.577200 0.243900
vt 0.577700 0.222400
vt 0.595600 0.224900
vt 0.207700 0.193900
vt 0.207100 0.174100
vt 0.225400 0.173000
vt 0.225300 0.191900
vt 0.596400 0.206100
vt 0.578900 0.203500
vt 0.580400 0.184400
vt 0.598600 0.186700
vt 0.210400 0.042600
vt 0.213000 0.018800
vt 0.228300 0.020100
vt 0.227000 0.042800
vt 0.226100 0.069900
vt 0.208200 0.070500
vt 0.610600 0.058300
vt 0.609100 0.085700
vt 0.590400 0.084300
vt 0.593000 0.057800
vt 0.595300 0.035300
vt 0.611700 0.034900
vt 0.239200 0.412800
vt 0.240000 0.386400
vt 0.262200 0.387500
vt 0.262700 0.415100
vt 0.264900 0.433700
vt 0.241700 0.432600
vt 0.534300 0.426900
vt 0.529300 0.448500
vt 0.508900 0.444600
vt 0.513900 0.425000
vt 0.518100 0.397500
vt 0.537200 0.398500
vt 0.241800 0.353200
vt 0.242500 0.317500
vt 0.262500 0.315700
vt 0.262400 0.351400
vt 0.540400 0.364700
vt 0.522400 0.361900
vt 0.528700 0.324200
vt 0.547000 0.327600
vt 0.244200 0.282600
vt 0.240900 0.253500
vt 0.258100 0.252800
vt 0.262000 0.281100
vt 0.553000 0.293500
vt 0.533800 0.291300
vt 0.539600 0.263000
vt 0.557600 0.265500
vt 0.239300 0.230800
vt 0.239100 0.208300
vt 0.253000 0.208300
vt 0.255000 0.230200
vt 0.560300 0.239600
vt 0.544600 0.237800
vt 0.547800 0.216200
vt 0.561900 0.219000
vt 0.239300 0.190000
vt 0.240200 0.171600
vt 0.254400 0.169300
vt 0.253000 0.188700
vt 0.563500 0.200300
vt 0.549600 0.196700
vt 0.550800 0.177400
vt 0.564900 0.181200
vt 0.240600 0.042500
vt 0.241700 0.021400
vt 0.252900 0.021600
vt 0.252000 0.041600
vt 0.251800 0.066800
vt 0.239900 0.068500
vt 0.579000 0.056800
vt 0.576400 0.082000
vt 0.564700 0.079300
vt 0.567800 0.055000
vt 0.569800 0.035000
vt 0.581100 0.035700
vt 0.285100 0.418700
vt 0.305100 0.422200
vt 0.307900 0.443000
vt 0.288400 0.437800
vt 0.283600 0.388800
vt 0.303100 0.390300
vt 0.493100 0.425100
vt 0.498600 0.396400
vt 0.488500 0.444200
vt 0.470500 0.444000
vt 0.474400 0.425000
vt 0.480700 0.394700
vt 0.281700 0.350300
vt 0.299500 0.350100
vt 0.279900 0.312900
vt 0.297200 0.310500
vt 0.504900 0.358700
vt 0.511700 0.319900
vt 0.488500 0.355700
vt 0.495800 0.315200
vt 0.277600 0.278100
vt 0.293400 0.276100
vt 0.273100 0.252400
vt 0.288800 0.250700
vt 0.517900 0.287200
vt 0.523800 0.258400
vt 0.503000 0.282400
vt 0.509500 0.254700
vt 0.268700 0.230200
vt 0.283200 0.228100
vt 0.266000 0.208100
vt 0.279600 0.206300
vt 0.530100 0.234200
vt 0.534500 0.212900
vt 0.516300 0.231200
vt 0.521200 0.210100
vt 0.265500 0.187500
vt 0.278400 0.186000
vt 0.266300 0.167200
vt 0.279100 0.165700
vt 0.536800 0.193300
vt 0.538300 0.173800
vt 0.524100 0.190200
vt 0.525900 0.170400
vt 0.263000 0.040200
vt 0.275800 0.039100
vt 0.274800 0.064800
vt 0.262600 0.065400
vt 0.264400 0.020300
vt 0.277900 0.018800
vt 0.556700 0.052000
vt 0.557600 0.031800
vt 0.554000 0.076500
vt 0.540800 0.073500
vt 0.542600 0.048300
vt 0.542600 0.027500
vt 0.058600 0.497400
vt 0.056300 0.487500
vt 0.083900 0.479300
vt 0.099600 0.489100
vt 0.699200 0.524700
vt 0.661600 0.511200
vt 0.677200 0.503600
vt 0.702200 0.515200
vt 0.075100 0.472300
vt 0.054200 0.479100
vt 0.052000 0.470700
vt 0.069000 0.464800
vt 0.686400 0.497900
vt 0.705100 0.507300
vt 0.693800 0.491100
vt 0.708400 0.499400
vt 0.098900 0.470000
vt 0.103000 0.462900
vt 0.119000 0.466500
vt 0.114600 0.476300
vt 0.088500 0.464700
vt 0.093200 0.460300
vt 0.662600 0.491900
vt 0.672700 0.487700
vt 0.648300 0.496200
vt 0.643900 0.485700
vt 0.658000 0.482800
vt 0.666600 0.481200
vt 0.103300 0.454500
vt 0.089900 0.453900
vt 0.120000 0.455800
vt 0.658400 0.473100
vt 0.642000 0.474300
vt 0.671500 0.475900
vt 0.081100 0.457800
vt 0.063900 0.455900
vt 0.072600 0.448900
vt 0.681100 0.482300
vt 0.692500 0.475400
vt 0.702100 0.484000
vt 0.449300 0.492700
vt 0.446200 0.479200
vt 0.462900 0.470900
vt 0.465200 0.488700
vt 0.050900 0.461700
vt 0.713100 0.491900
vt 0.455700 0.515500
vt 0.468700 0.513500
vt 0.471100 0.525100
vt 0.458900 0.526800
vt 0.134000 0.482000
vt 0.151600 0.487100
vt 0.148200 0.498100
vt 0.129300 0.494000
vt 0.137600 0.470500
vt 0.155300 0.474200
vt 0.627700 0.500200
vt 0.624600 0.488600
vt 0.632700 0.512900
vt 0.614500 0.515200
vt 0.610300 0.503800
vt 0.606100 0.492100
vt 0.140800 0.456400
vt 0.159100 0.457400
vt 0.622300 0.475800
vt 0.603400 0.477500
vt 0.202100 0.509200
vt 0.218100 0.513100
vt 0.185100 0.505700
vt 0.548300 0.526300
vt 0.562900 0.522500
vt 0.578000 0.520000
vt 0.207300 0.499500
vt 0.213600 0.486200
vt 0.229400 0.492400
vt 0.223000 0.504200
vt 0.189800 0.495500
vt 0.195500 0.481300
vt 0.557600 0.513000
vt 0.573300 0.509900
vt 0.542800 0.517500
vt 0.535700 0.505700
vt 0.550900 0.500700
vt 0.567800 0.497300
vt 0.166100 0.501900
vt 0.596400 0.517400
vt 0.170000 0.491500
vt 0.174400 0.477500
vt 0.591900 0.506900
vt 0.587400 0.494800
vt 0.179600 0.458600
vt 0.203000 0.462000
vt 0.584100 0.479000
vt 0.562200 0.481000
vt 0.222000 0.469700
vt 0.237400 0.479000
vt 0.233300 0.454500
vt 0.246500 0.467600
vt 0.543200 0.485700
vt 0.532600 0.470800
vt 0.527300 0.491400
vt 0.517900 0.479600
vt 0.249700 0.448000
vt 0.258300 0.462200
vt 0.268500 0.448300
vt 0.272700 0.461800
vt 0.518200 0.462000
vt 0.502200 0.458200
vt 0.508000 0.473000
vt 0.495800 0.470200
vt 0.289900 0.452900
vt 0.291100 0.465800
vt 0.309100 0.456700
vt 0.311600 0.470400
vt 0.484800 0.457700
vt 0.467500 0.457400
vt 0.481500 0.470300
vt 0.242100 0.522300
vt 0.245500 0.513700
vt 0.526500 0.534300
vt 0.250400 0.502700
vt 0.522400 0.526300
vt 0.255300 0.491700
vt 0.517300 0.514200
vt 0.257800 0.481700
vt 0.512300 0.499700
vt 0.266700 0.480300
vt 0.509100 0.488900
vt 0.277800 0.480300
vt 0.501000 0.487500
vt 0.291400 0.482600
vt 0.491000 0.486200
vt 0.306600 0.487400
vt 0.479900 0.486700
vt 0.325900 0.480500
vt 0.320400 0.493500
vt 0.462600 0.538900
vt 0.474000 0.536800
vt 0.290400 0.541600
vt 0.299600 0.546600
vt 0.296700 0.553900
vt 0.287700 0.549500
vt 0.259700 0.527100
vt 0.274700 0.529800
vt 0.272900 0.537100
vt 0.493800 0.535900
vt 0.507000 0.537400
vt 0.470100 0.558300
vt 0.480600 0.555800
vt 0.489400 0.554100
vt 0.262300 0.518400
vt 0.265700 0.507200
vt 0.278800 0.509000
vt 0.276700 0.520100
vt 0.503600 0.529100
vt 0.490900 0.527300
vt 0.488900 0.515900
vt 0.500200 0.516800
vt 0.267900 0.495400
vt 0.279400 0.497300
vt 0.498800 0.502900
vt 0.488600 0.503700
vt 0.290700 0.499000
vt 0.303100 0.502100
vt 0.300800 0.511800
vt 0.289800 0.509800
vt 0.478600 0.503300
vt 0.478900 0.514100
vt 0.467000 0.503900
vt 0.483100 0.536100
vt 0.480400 0.525700
vt 0.326900 0.459700
vt 0.333000 0.467400
vt 0.439700 0.465900
vt 0.447500 0.458400
vt 0.322100 0.420700
vt 0.319500 0.390500
vt 0.334900 0.390200
vt 0.338100 0.416300
vt 0.340000 0.432700
vt 0.323800 0.440400
vt 0.457600 0.422700
vt 0.453500 0.439200
vt 0.437200 0.430700
vt 0.441900 0.417200
vt 0.449300 0.392300
vt 0.464800 0.393400
vt 0.352600 0.411300
vt 0.350500 0.387100
vt 0.365600 0.380800
vt 0.365800 0.406300
vt 0.366100 0.419700
vt 0.354000 0.425600
vt 0.427300 0.409700
vt 0.423300 0.422100
vt 0.412000 0.415200
vt 0.414800 0.402300
vt 0.420100 0.376500
vt 0.434400 0.386500
vt 0.315600 0.350900
vt 0.314400 0.308600
vt 0.330000 0.306400
vt 0.331300 0.351600
vt 0.472900 0.353900
vt 0.457600 0.352400
vt 0.465100 0.307200
vt 0.479800 0.311100
vt 0.311300 0.274400
vt 0.306000 0.248100
vt 0.320900 0.246100
vt 0.326600 0.272500
vt 0.486000 0.278600
vt 0.471400 0.274600
vt 0.479300 0.247500
vt 0.493900 0.251900
vt 0.338400 0.271500
vt 0.332700 0.245800
vt 0.342900 0.245800
vt 0.348200 0.270900
vt 0.353600 0.302000
vt 0.343200 0.303700
vt 0.459600 0.270500
vt 0.452200 0.301400
vt 0.442500 0.297900
vt 0.450400 0.268000
vt 0.457900 0.241800
vt 0.467700 0.244000
vt 0.298500 0.226500
vt 0.293500 0.205600
vt 0.307400 0.204700
vt 0.313300 0.224700
vt 0.502100 0.228100
vt 0.488500 0.224500
vt 0.494900 0.204700
vt 0.508000 0.207300
vt 0.326300 0.224500
vt 0.321000 0.204600
vt 0.332700 0.204700
vt 0.337400 0.224800
vt 0.476000 0.222200
vt 0.464900 0.220500
vt 0.470300 0.200800
vt 0.481900 0.202600
vt 0.292200 0.185500
vt 0.293200 0.165000
vt 0.306900 0.164000
vt 0.306000 0.184900
vt 0.511100 0.187700
vt 0.497900 0.185100
vt 0.498800 0.164500
vt 0.512200 0.167600
vt 0.318800 0.183900
vt 0.318800 0.162000
vt 0.328400 0.160200
vt 0.329800 0.183000
vt 0.485500 0.182200
vt 0.474900 0.179800
vt 0.478300 0.157600
vt 0.487400 0.160700
vt 0.290800 0.039300
vt 0.291700 0.018500
vt 0.304700 0.018800
vt 0.305400 0.039900
vt 0.306100 0.065700
vt 0.290600 0.065300
vt 0.525600 0.045200
vt 0.523000 0.070500
vt 0.505700 0.067600
vt 0.509400 0.042700
vt 0.513000 0.022300
vt 0.527200 0.024400
vt 0.317200 0.039800
vt 0.316600 0.018900
vt 0.326600 0.018800
vt 0.326500 0.039300
vt 0.326300 0.064300
vt 0.317600 0.065200
vt 0.497000 0.040200
vt 0.493500 0.064700
vt 0.484800 0.062200
vt 0.487700 0.038100
vt 0.490800 0.018500
vt 0.500700 0.020300
vt 0.355100 0.433000
vt 0.355600 0.437000
vt 0.342000 0.447200
vt 0.341300 0.441500
vt 0.367200 0.425700
vt 0.368200 0.428700
vt 0.420900 0.429800
vt 0.410100 0.421100
vt 0.434000 0.439800
vt 0.432100 0.445600
vt 0.419600 0.434000
vt 0.408400 0.424000
vt 0.324800 0.451600
vt 0.450500 0.450400
vt 0.343600 0.452900
vt 0.356600 0.441500
vt 0.429300 0.451500
vt 0.418600 0.438000
vt 0.370100 0.432600
vt 0.044800 0.435400
vt 0.048400 0.430600
vt 0.057500 0.443600
vt 0.050500 0.449200
vt 0.713600 0.474600
vt 0.721400 0.482500
vt 0.407000 0.426800
vt 0.144000 0.096400
vt 0.156200 0.097500
vt 0.154300 0.123100
vt 0.142000 0.122000
vt 0.131700 0.120600
vt 0.134000 0.094900
vt 0.672800 0.113500
vt 0.682900 0.113300
vt 0.682600 0.139100
vt 0.671400 0.139200
vt 0.657900 0.139200
vt 0.660400 0.113600
vt 0.139700 0.146900
vt 0.152900 0.148000
vt 0.128800 0.145200
vt 0.669900 0.164500
vt 0.682700 0.164200
vt 0.655300 0.164700
vt 0.170900 0.098000
vt 0.187300 0.098300
vt 0.186200 0.125100
vt 0.169100 0.124000
vt 0.645000 0.113500
vt 0.642400 0.139300
vt 0.625200 0.139600
vt 0.627600 0.113300
vt 0.169000 0.149000
vt 0.186900 0.150200
vt 0.639100 0.164900
vt 0.621500 0.164900
vt 0.206600 0.098600
vt 0.225700 0.098300
vt 0.225200 0.126400
vt 0.205700 0.126100
vt 0.607400 0.113000
vt 0.605200 0.139600
vt 0.585800 0.138800
vt 0.588200 0.111800
vt 0.206000 0.151300
vt 0.225100 0.151200
vt 0.602100 0.164300
vt 0.583300 0.163000
vt 0.240700 0.096900
vt 0.253500 0.095200
vt 0.255000 0.123800
vt 0.241400 0.125500
vt 0.573800 0.109300
vt 0.570300 0.136500
vt 0.556900 0.133500
vt 0.561000 0.106200
vt 0.241300 0.150100
vt 0.255300 0.148100
vt 0.567200 0.160300
vt 0.553000 0.156900
vt 0.266800 0.146100
vt 0.266500 0.122000
vt 0.278700 0.120400
vt 0.279400 0.144300
vt 0.540800 0.153400
vt 0.527900 0.149800
vt 0.531500 0.126700
vt 0.544600 0.130200
vt 0.264600 0.093700
vt 0.276600 0.092800
vt 0.549600 0.103200
vt 0.536500 0.100200
vt 0.291800 0.092600
vt 0.306800 0.092200
vt 0.307200 0.118000
vt 0.293200 0.119300
vt 0.519400 0.096900
vt 0.515900 0.123000
vt 0.500800 0.119100
vt 0.502700 0.093400
vt 0.293800 0.143200
vt 0.307400 0.141800
vt 0.513400 0.146400
vt 0.499600 0.142700
vt 0.318100 0.090800
vt 0.326600 0.089500
vt 0.327100 0.114100
vt 0.318300 0.115900
vt 0.491000 0.089900
vt 0.489400 0.115000
vt 0.480800 0.111900
vt 0.482300 0.087200
vt 0.318600 0.139400
vt 0.327400 0.137400
vt 0.488500 0.138500
vt 0.480000 0.135200
vt 0.347000 0.347000
vt 0.360200 0.341100
vt 0.443800 0.344600
vt 0.431600 0.335800
vt 0.073600 0.412900
vt 0.062100 0.406200
vt 0.072700 0.381700
vt 0.083100 0.385900
vt 0.065800 0.429600
vt 0.054000 0.419600
vt 0.700000 0.435200
vt 0.705200 0.456700
vt 0.694000 0.403700
vt 0.704600 0.401600
vt 0.712500 0.430200
vt 0.719800 0.448600
vt 0.073800 0.343000
vt 0.063900 0.339800
vt 0.076800 0.303400
vt 0.085300 0.306600
vt 0.094100 0.308900
vt 0.083200 0.345900
vt 0.062000 0.377900
vt 0.049200 0.375900
vt 0.710700 0.365000
vt 0.715700 0.402400
vt 0.700700 0.365000
vt 0.697800 0.329500
vt 0.706700 0.328900
vt 0.715300 0.327700
vt 0.721300 0.365300
vt 0.729300 0.405300
vt 0.092900 0.348400
vt 0.103100 0.311400
vt 0.690600 0.365900
vt 0.688500 0.330800
vt 0.094900 0.277000
vt 0.086900 0.274000
vt 0.092900 0.249200
vt 0.100400 0.252100
vt 0.106800 0.254500
vt 0.102200 0.279600
vt 0.702000 0.299200
vt 0.694400 0.300300
vt 0.691500 0.274100
vt 0.698400 0.272900
vt 0.706200 0.271600
vt 0.709900 0.298100
vt 0.109600 0.282200
vt 0.113700 0.256900
vt 0.686300 0.301600
vt 0.684000 0.275500
vt 0.103000 0.229800
vt 0.095200 0.227400
vt 0.095200 0.206400
vt 0.103700 0.208100
vt 0.110500 0.209600
vt 0.109400 0.231800
vt 0.697100 0.250200
vt 0.689900 0.250800
vt 0.691300 0.229000
vt 0.698600 0.228900
vt 0.707400 0.228900
vt 0.705600 0.249300
vt 0.116100 0.233800
vt 0.117600 0.211300
vt 0.682600 0.251400
vt 0.683800 0.229200
vt 0.103500 0.185300
vt 0.095700 0.183800
vt 0.099600 0.160600
vt 0.106400 0.162000
vt 0.111800 0.164100
vt 0.109900 0.187000
vt 0.701700 0.206900
vt 0.695100 0.207400
vt 0.698000 0.185200
vt 0.703900 0.184200
vt 0.710700 0.184400
vt 0.709600 0.207100
vt 0.116900 0.189000
vt 0.118000 0.166500
vt 0.687900 0.208100
vt 0.691200 0.186400
vt 0.124100 0.040400
vt 0.117500 0.039400
vt 0.120600 0.019000
vt 0.127300 0.020100
vt 0.132300 0.021200
vt 0.129500 0.041500
vt 0.125600 0.066400
vt 0.120000 0.065200
vt 0.113400 0.064300
vt 0.701000 0.062800
vt 0.701700 0.086900
vt 0.696200 0.087100
vt 0.695800 0.063100
vt 0.695400 0.043500
vt 0.700400 0.043100
vt 0.707100 0.042700
vt 0.707700 0.062800
vt 0.708400 0.087400
vt 0.135200 0.042600
vt 0.137600 0.022000
vt 0.131500 0.067800
vt 0.690300 0.063400
vt 0.690600 0.087500
vt 0.690200 0.043800
vt 0.036500 0.417600
vt 0.022800 0.411300
vt 0.026600 0.406600
vt 0.039700 0.412300
vt 0.050500 0.426400
vt 0.034600 0.420500
vt 0.021000 0.413800
vt 0.737200 0.450300
vt 0.738300 0.453500
vt 0.725700 0.463800
vt 0.723400 0.458000
vt 0.733700 0.444400
vt 0.746400 0.439600
vt 0.750100 0.444600
vt 0.751600 0.447500
vt 0.061300 0.437700
vt 0.708900 0.466900
vt 0.032000 0.424800
vt 0.018500 0.417400
vt 0.753600 0.450000
vt 0.739800 0.457100
vt 0.283100 0.539200
vt 0.280600 0.547400
vt 0.729800 0.470400
vt 0.453100 0.506200
vt 0.110000 0.138800
vt 0.103600 0.137700
vt 0.106900 0.114200
vt 0.113300 0.115100
vt 0.118500 0.116800
vt 0.115300 0.140900
vt 0.703200 0.161100
vt 0.697700 0.162100
vt 0.696400 0.137800
vt 0.701800 0.137100
vt 0.708300 0.137700
vt 0.709700 0.161400
vt 0.121100 0.143200
vt 0.124300 0.118800
vt 0.691400 0.163300
vt 0.690400 0.138600
vt 0.116100 0.090300
vt 0.109700 0.089400
vt 0.121300 0.091600
vt 0.701500 0.111900
vt 0.696000 0.112200
vt 0.708100 0.112600
vt 0.126800 0.093300
vt 0.690200 0.112800
vt 0.048800 0.400600
vt 0.725500 0.429400
vt 0.739200 0.428900
vt 0.035600 0.396900
vt 0.286200 0.554000
vt 0.295100 0.558300
vt 0.293200 0.533700
vt 0.302900 0.538800
vt 0.312200 0.516100
vt 0.307800 0.527100
vt 0.297300 0.522500
vt 0.278900 0.551500
vt 0.285000 0.531400
vt 0.287500 0.520700
vt 0.315500 0.506900
vt 0.065400 0.532700
vt 0.688100 0.558300
vt 0.265100 0.848000
vt 0.261800 0.836500
vt 0.265300 0.855200
vt 0.264400 0.862600
vt 0.256800 0.825700
vt 0.254300 0.814600
vt 0.728500 0.707300
vt 0.727500 0.724600
vt 0.730300 0.690000
vt 0.728000 0.744700
vt 0.729900 0.770300
vt 0.731300 0.626400
vt 0.733500 0.606700
vt 0.731400 0.645100
vt 0.731700 0.659100
vt 0.731500 0.672700
vt 0.259200 0.876100
vt 0.249900 0.890800
vt 0.241000 0.905900
vt 0.233200 0.920900
vt 0.252600 0.800800
vt 0.251900 0.778400
vt 0.269400 0.694300
vt 0.267000 0.706700
vt 0.270100 0.687200
vt 0.269800 0.680400
vt 0.264700 0.718900
vt 0.260900 0.731700
vt 0.734200 0.828800
vt 0.732800 0.812400
vt 0.736500 0.844600
vt 0.732000 0.793200
vt 0.737300 0.907000
vt 0.738200 0.925600
vt 0.737700 0.888600
vt 0.738000 0.874600
vt 0.737800 0.861200
vt 0.264000 0.668500
vt 0.255600 0.655200
vt 0.245100 0.641100
vt 0.237600 0.626100
vt 0.257100 0.749200
s 0
usemtl female_sportsuit01
f 770/1/1 768/2/1 190/3/1 75/4/1
f 800/5/2 661/6/2 188/7/2 765/8/2
f 730/9/3 75/4/3 190/3/3 728/10/3
f 684/11/4 683/12/4 186/13/4 63/14/4
f 720/15/5 670/16/5 183/17/5 698/18/5
f 760/19/6 725/20/6 188/7/6 661/6/6
f 779/21/7 764/22/7 238/23/7 76/24/7
f 779/21/8 76/24/8 190/3/8 768/2/8
f 735/25/9 76/24/9 238/23/9 738/26/9
f 681/27/10 694/28/10 237/29/10 64/30/10
f 681/27/11 64/30/11 186/13/11 683/12/11
f 735/25/12 728/10/12 190/3/12 76/24/12
f 699/31/13 65/32/13 187/33/13 695/34/13
f 726/35/14 731/36/14 191/37/14 77/38/14
f 726/35/15 77/38/15 189/39/15 739/40/15
f 699/31/16 693/41/16 184/42/16 65/32/16
f 766/43/17 77/38/17 191/37/17 771/44/17
f 766/43/18 776/45/18 189/39/18 77/38/18
f 686/46/19 66/47/19 456/48/19 691/49/19
f 722/50/20 727/51/20 463/52/20 78/53/20
f 722/50/21 78/53/21 191/37/21 731/36/21
f 686/46/22 695/34/22 187/33/22 66/47/22
f 762/54/23 78/53/23 463/52/23 761/55/23
f 762/54/24 771/44/24 191/37/24 78/53/24
f 9/56/25 63/14/25 186/13/25 83/57/25
f 9/56/26 83/57/26 194/58/26 85/59/26
f 678/60/27 660/61/27 192/62/27 80/63/27
f 678/60/28 80/63/28 183/17/28 670/16/28
f 675/64/29 664/65/29 182/66/29 79/67/29
f 675/64/30 79/67/30 192/62/30 660/61/30
f 10/68/31 85/59/31 194/58/31 82/69/31
f 10/68/32 82/69/32 185/70/32 62/71/32
f 11/72/33 64/30/33 237/29/33 179/73/33
f 11/72/34 179/73/34 239/74/34 86/75/34
f 11/72/35 86/75/35 194/58/35 83/57/35
f 11/72/36 83/57/36 186/13/36 64/30/36
f 12/76/37 87/77/37 195/78/37 84/79/37
f 810/80/38 806/81/38 187/33/38 65/32/38
f 810/80/39 65/32/39 184/42/39 805/82/39
f 12/76/40 81/83/40 193/84/40 87/77/40
f 13/85/41 88/86/41 469/87/41 347/88/41
f 802/89/42 801/90/42 456/48/42 66/47/42
f 802/89/43 66/47/43 187/33/43 806/81/43
f 13/85/44 84/79/44 195/78/44 88/86/44
f 775/91/45 772/92/45 199/93/45 95/94/45
f 775/91/46 95/94/46 203/95/46 767/96/46
f 799/97/47 767/96/47 203/95/47 671/98/47
f 763/99/48 96/100/48 189/39/48 776/45/48
f 689/101/49 697/102/49 197/103/49 92/104/49
f 689/101/50 92/104/50 201/105/50 685/106/50
f 723/107/51 732/108/51 203/95/51 95/94/51
f 723/107/52 95/94/52 199/93/52 733/109/52
f 719/110/53 685/106/53 201/105/53 668/111/53
f 696/112/54 93/113/54 184/42/54 693/41/54
f 729/114/55 739/40/55 189/39/55 96/100/55
f 759/115/56 671/98/56 203/95/56 732/108/56
f 676/116/57 101/117/57 204/118/57 673/119/57
f 18/120/58 97/121/58 193/84/58 81/83/58
f 808/122/59 805/82/59 184/42/59 93/113/59
f 829/123/60 668/111/60 201/105/60 804/124/60
f 774/125/61 765/8/61 188/7/61 108/126/61
f 774/125/62 108/126/62 208/127/62 769/128/62
f 778/129/63 769/128/63 208/127/63 107/130/63
f 778/129/64 107/130/64 199/131/64 772/132/64
f 692/133/65 698/18/65 183/17/65 105/134/65
f 692/133/66 105/134/66 206/135/66 687/136/66
f 721/137/67 734/138/67 208/127/67 108/126/67
f 721/137/68 108/126/68 188/7/68 725/20/68
f 690/139/69 687/136/69 206/135/69 104/140/69
f 690/139/70 104/140/70 197/141/70 697/142/70
f 724/143/71 733/144/71 199/131/71 107/130/71
f 724/143/72 107/130/72 208/127/72 734/138/72
f 256/145/73 249/146/73 206/135/73 105/134/73
f 256/145/74 105/134/74 183/17/74 245/147/74
f 580/148/75 593/149/75 209/150/75 112/151/75
f 580/148/76 112/151/76 210/152/76 582/153/76
f 252/154/77 258/155/77 197/141/77 104/140/77
f 252/154/78 104/140/78 206/135/78 249/146/78
f 596/156/79 582/153/79 210/152/79 114/157/79
f 596/156/80 114/157/80 211/158/80 591/159/80
f 257/160/81 259/161/81 205/162/81 103/163/81
f 257/164/82 103/165/82 196/166/82 254/167/82
f 585/168/83 589/169/83 214/170/83 119/171/83
f 585/168/84 119/171/84 213/172/84 584/173/84
f 255/174/85 253/175/85 200/176/85 102/177/85
f 255/174/86 102/177/86 204/118/86 240/178/86
f 594/179/87 598/180/87 216/181/87 121/182/87
f 594/179/88 121/182/88 215/183/88 597/184/88
f 251/185/89 240/178/89 204/118/89 101/117/89
f 811/186/90 804/124/90 201/105/90 248/187/90
f 825/188/91 588/189/91 217/190/91 807/191/91
f 592/192/92 124/193/92 216/181/92 598/180/92
f 241/194/93 248/187/93 201/105/93 92/104/93
f 241/194/94 92/104/94 197/103/94 258/195/94
f 586/196/95 591/197/95 211/198/95 125/199/95
f 586/196/96 125/199/96 217/190/96 588/189/96
f 250/200/97 254/167/97 196/166/97 91/201/97
f 250/200/98 91/201/98 200/176/98 253/175/98
f 590/202/99 597/184/99 215/183/99 126/203/99
f 590/202/100 126/203/100 214/170/100 589/169/100
f 247/204/101 245/147/101 183/17/101 80/63/101
f 247/204/102 80/63/102 192/62/102 242/205/102
f 581/206/103 579/207/103 218/208/103 128/209/103
f 581/206/104 128/209/104 209/150/104 593/149/104
f 246/210/105 242/205/105 192/62/105 79/67/105
f 246/210/106 79/67/106 182/66/106 244/211/106
f 595/212/107 587/213/107 212/214/107 129/215/107
f 595/212/108 129/215/108 218/208/108 579/207/108
f 849/216/109 838/217/109 218/208/109 129/215/109
f 849/216/110 129/215/110 212/214/110 832/218/110
f 846/219/111 836/220/111 209/150/111 128/209/111
f 846/219/112 128/209/112 218/208/112 838/217/112
f 839/221/113 830/222/113 214/170/113 126/203/113
f 839/221/114 126/203/114 215/183/114 837/223/114
f 843/224/115 840/225/115 217/190/115 125/199/115
f 843/224/116 125/199/116 211/198/116 841/226/116
f 833/227/117 847/228/117 216/181/117 124/193/117
f 850/229/118 807/191/118 217/190/118 840/225/118
f 834/230/119 837/223/119 215/183/119 121/182/119
f 834/230/120 121/182/120 216/181/120 847/228/120
f 842/231/121 848/232/121 213/172/121 119/171/121
f 842/231/122 119/171/122 214/170/122 830/222/122
f 243/233/123 244/211/123 182/66/123 168/234/123
f 243/233/124 168/234/124 205/162/124 259/161/124
f 583/235/125 584/173/125 213/172/125 169/236/125
f 583/235/126 169/236/126 212/214/126 587/213/126
f 835/237/127 841/238/127 211/158/127 114/157/127
f 835/237/128 114/157/128 210/152/128 844/239/128
f 845/240/129 844/239/129 210/152/129 112/151/129
f 845/240/130 112/151/130 209/150/130 836/220/130
f 831/241/131 832/218/131 212/214/131 169/236/131
f 831/241/132 169/236/132 213/172/132 848/232/132
f 43/242/133 94/243/133 202/244/133 152/245/133
f 43/242/134 152/245/134 230/246/134 155/247/134
f 43/242/135 155/247/135 229/248/135 150/249/135
f 43/242/136 150/249/136 198/250/136 94/243/136
f 44/251/137 155/247/137 230/246/137 151/252/137
f 677/253/138 672/254/138 200/176/138 91/201/138
f 677/253/139 91/201/139 196/166/139 679/255/139
f 44/251/140 149/256/140 229/248/140 155/247/140
f 45/257/141 106/258/141 198/250/141 150/249/141
f 45/257/142 150/249/142 229/248/142 156/259/142
f 45/260/143 156/261/143 231/262/143 154/263/143
f 45/260/144 154/263/144 207/264/144 106/265/144
f 46/266/145 156/259/145 229/248/145 149/256/145
f 663/267/146 679/255/146 196/166/146 103/165/146
f 663/268/147 103/163/147 205/162/147 666/269/147
f 46/270/148 153/271/148 231/262/148 156/261/148
f 47/272/149 426/273/149 477/274/149 98/275/149
f 47/272/150 98/275/150 202/244/150 158/276/150
f 47/272/151 158/276/151 232/277/151 159/278/151
f 47/272/152 159/278/152 509/279/152 426/273/152
f 48/280/153 160/281/153 232/277/153 158/276/153
f 48/280/154 158/276/154 202/244/154 94/243/154
f 48/280/155 94/243/155 198/250/155 164/282/155
f 48/280/156 164/282/156 233/283/156 160/281/156
f 49/284/157 161/285/157 233/283/157 164/282/157
f 49/284/158 164/282/158 198/250/158 106/258/158
f 49/286/159 106/265/159 207/264/159 163/287/159
f 49/286/160 163/287/160 234/288/160 161/289/160
f 50/290/161 162/291/161 235/292/161 173/293/161
f 50/290/162 173/293/162 236/294/162 172/295/162
f 50/290/163 172/295/163 452/296/163 432/297/163
f 50/290/164 432/297/164 513/298/164 162/291/164
f 51/299/165 165/300/165 193/84/165 97/121/165
f 667/301/166 673/119/166 204/118/166 102/177/166
f 667/301/167 102/177/167 200/176/167 672/254/167
f 51/299/168 151/252/168 230/246/168 165/300/168
f 52/302/169 87/77/169 193/84/169 165/300/169
f 52/302/170 165/300/170 230/246/170 152/245/170
f 52/302/171 152/245/171 202/244/171 166/303/171
f 52/302/172 166/303/172 195/78/172 87/77/172
f 53/304/173 435/305/173 469/87/173 88/86/173
f 53/304/174 88/86/174 195/78/174 166/303/174
f 53/304/175 166/303/175 202/244/175 98/275/175
f 53/304/176 98/275/176 477/274/176 435/305/176
f 54/306/177 86/75/177 239/74/177 175/307/177
f 54/306/178 175/307/178 236/294/178 174/308/178
f 54/306/179 174/308/179 185/70/179 82/69/179
f 54/306/180 82/69/180 194/58/180 86/75/180
f 55/309/181 167/310/181 234/288/181 163/287/181
f 55/309/182 163/287/182 207/264/182 157/311/182
f 55/309/183 157/311/183 236/294/183 173/293/183
f 55/309/184 173/293/184 235/292/184 167/310/184
f 777/312/185 773/313/185 461/314/185 180/315/185
f 777/312/186 180/315/186 238/23/186 764/22/186
f 737/316/187 180/315/187 461/314/187 736/317/187
f 688/318/188 682/319/188 454/320/188 177/321/188
f 688/318/189 177/321/189 237/29/189 694/28/189
f 737/316/190 738/26/190 238/23/190 180/315/190
f 58/322/191 177/321/191 454/320/191 345/323/191
f 58/322/192 345/323/192 467/324/192 181/325/192
f 58/322/193 181/325/193 239/74/193 179/73/193
f 58/322/194 179/73/194 237/29/194 177/321/194
f 59/326/195 181/325/195 467/324/195 344/327/195
f 59/326/196 344/327/196 452/296/196 172/295/196
f 59/326/197 172/295/197 236/294/197 175/307/197
f 59/326/198 175/307/198 239/74/198 181/325/198
f 60/328/199 174/308/199 236/294/199 157/311/199
f 60/328/200 157/311/200 207/264/200 154/263/200
f 60/328/201 154/263/201 231/262/201 171/329/201
f 60/328/202 171/329/202 185/70/202 174/308/202
f 665/330/203 666/269/203 205/162/203 168/234/203
f 665/330/204 168/234/204 182/66/204 664/65/204
f 61/331/205 62/71/205 185/70/205 171/329/205
f 61/331/206 171/329/206 231/262/206 153/271/206
f 23/332/207 113/333/207 249/334/207 256/335/207
f 23/332/208 256/335/208 245/336/208 111/337/208
f 24/338/209 115/339/209 258/340/209 252/341/209
f 24/338/210 252/341/210 249/334/210 113/333/210
f 25/342/211 116/343/211 259/344/211 257/345/211
f 25/342/212 257/345/212 254/346/212 118/347/212
f 26/348/213 122/349/213 253/350/213 255/351/213
f 26/348/214 255/351/214 240/352/214 120/353/214
f 27/354/215 120/353/215 240/352/215 251/355/215
f 809/356/216 811/357/216 248/358/216 123/359/216
f 28/360/217 123/359/217 248/358/217 241/361/217
f 28/360/218 241/361/218 258/362/218 115/363/218
f 29/364/219 118/347/219 254/346/219 250/365/219
f 29/364/220 250/365/220 253/350/220 122/349/220
f 30/366/221 111/337/221 245/336/221 247/367/221
f 30/366/222 247/367/222 242/368/222 127/369/222
f 31/370/223 127/369/223 242/368/223 246/371/223
f 31/370/224 246/371/224 244/372/224 117/373/224
f 39/374/225 117/373/225 244/372/225 243/375/225
f 39/374/226 243/375/226 259/344/226 116/343/226
f 788/376/227 338/377/227 464/378/227 786/379/227
f 798/380/228 783/381/228 460/382/228 640/383/228
f 748/384/229 746/385/229 464/378/229 338/377/229
f 702/386/230 322/387/230 458/388/230 701/389/230
f 718/390/231 715/391/231 453/392/231 649/393/231
f 758/394/232 640/383/232 460/382/232 744/395/232
f 796/396/233 339/397/233 517/398/233 782/399/233
f 796/396/234 786/379/234 464/378/234 339/397/234
f 753/400/235 755/401/235 517/398/235 339/397/235
f 700/402/236 323/403/236 516/404/236 711/405/236
f 700/402/237 701/389/237 458/388/237 323/403/237
f 753/400/238 339/397/238 464/378/238 746/385/238
f 716/406/239 712/407/239 459/408/239 324/409/239
f 745/410/240 340/411/240 465/412/240 749/413/240
f 745/410/241 756/414/241 462/415/241 340/411/241
f 716/406/242 324/409/242 455/416/242 710/417/242
f 784/418/243 789/419/243 465/412/243 340/411/243
f 784/418/244 340/411/244 462/415/244 793/420/244
f 704/421/245 691/49/245 456/48/245 325/422/245
f 741/423/246 341/424/246 463/52/246 727/51/246
f 741/423/247 749/413/247 465/412/247 341/424/247
f 704/421/248 325/422/248 459/408/248 712/407/248
f 780/425/249 761/55/249 463/52/249 341/424/249
f 780/425/250 341/424/250 465/412/250 789/419/250
f 268/426/251 349/427/251 458/388/251 322/387/251
f 268/426/252 351/428/252 470/429/252 349/427/252
f 657/430/253 343/431/253 466/432/253 639/433/253
f 657/430/254 649/393/254 453/392/254 343/431/254
f 654/434/255 342/435/255 451/436/255 643/437/255
f 654/434/256 639/433/256 466/432/256 342/435/256
f 269/438/257 348/439/257 470/429/257 351/428/257
f 269/438/258 321/440/258 457/441/258 348/439/258
f 270/442/259 448/443/259 516/404/259 323/403/259
f 270/442/260 352/444/260 518/445/260 448/443/260
f 270/442/261 349/427/261 470/429/261 352/444/261
f 270/442/262 323/403/262 458/388/262 349/427/262
f 271/446/263 350/447/263 471/448/263 353/449/263
f 822/450/264 324/409/264 459/408/264 817/451/264
f 822/450/265 816/452/265 455/416/265 324/409/265
f 271/446/266 353/449/266 468/453/266 346/454/266
f 272/455/267 347/88/267 469/87/267 354/456/267
f 812/457/268 325/422/268 456/48/268 801/90/268
f 812/457/269 817/451/269 459/408/269 325/422/269
f 272/455/270 354/456/270 471/448/270 350/447/270
f 792/458/271 361/459/271 475/460/271 790/461/271
f 792/458/272 785/462/272 480/463/272 361/459/272
f 797/464/273 650/465/273 480/463/273 785/462/273
f 781/466/274 793/420/274 462/415/274 362/467/274
f 707/468/275 358/469/275 473/470/275 714/471/275
f 707/468/276 703/472/276 478/473/276 358/469/276
f 742/474/277 361/459/277 480/463/277 750/475/277
f 742/474/278 751/476/278 475/460/278 361/459/278
f 717/477/279 647/478/279 478/473/279 703/472/279
f 713/479/280 710/417/280 455/416/280 359/480/280
f 747/481/281 362/467/281 462/415/281 756/414/281
f 757/482/282 750/475/282 480/463/282 650/465/282
f 655/483/283 652/484/283 481/485/283 367/486/283
f 277/487/284 346/454/284 468/453/284 363/488/284
f 820/489/285 359/480/285 455/416/285 816/452/285
f 828/490/286 815/491/286 478/473/286 647/478/286
f 791/492/287 374/493/287 460/382/287 783/381/287
f 791/492/288 787/494/288 485/495/288 374/493/288
f 795/496/289 373/497/289 485/495/289 787/494/289
f 795/496/290 790/498/290 475/499/290 373/497/290
f 709/500/291 371/501/291 453/392/291 715/391/291
f 709/500/292 705/502/292 483/503/292 371/501/292
f 740/504/293 374/493/293 485/495/293 752/505/293
f 740/504/294 744/395/294 460/382/294 374/493/294
f 708/506/295 370/507/295 483/503/295 705/502/295
f 708/506/296 714/508/296 473/509/296 370/507/296
f 743/510/297 373/497/297 475/499/297 751/511/297
f 743/510/298 752/505/298 485/495/298 373/497/298
f 535/512/299 371/501/299 483/503/299 528/513/299
f 535/512/300 524/514/300 453/392/300 371/501/300
f 600/515/301 378/516/301 486/517/301 613/518/301
f 600/515/302 602/519/302 487/520/302 378/516/302
f 531/521/303 370/507/303 473/509/303 537/522/303
f 531/521/304 528/513/304 483/503/304 370/507/304
f 616/523/305 380/524/305 487/520/305 602/519/305
f 616/523/306 611/525/306 488/526/306 380/524/306
f 41/527/307 134/528/307 413/529/307 497/530/307
f 130/531/308 42/532/308 496/533/308 439/534/308
f 536/535/309 369/536/309 482/537/309 538/538/309
f 536/539/310 533/540/310 472/541/310 369/542/310
f 605/543/311 385/544/311 491/545/311 609/546/311
f 605/543/312 604/547/312 490/548/312 385/544/312
f 534/549/313 368/550/313 476/551/313 532/552/313
f 534/549/314 519/553/314 481/485/314 368/550/314
f 614/554/315 387/555/315 493/556/315 618/557/315
f 614/554/316 617/558/316 492/559/316 387/555/316
f 530/560/317 367/486/317 481/485/317 519/553/317
f 823/561/318 527/562/318 478/473/318 815/491/318
f 826/563/319 818/564/319 494/565/319 608/566/319
f 612/567/320 618/557/320 493/556/320 390/568/320
f 520/569/321 358/469/321 478/473/321 527/562/321
f 520/569/322 537/570/322 473/470/322 358/469/322
f 606/571/323 391/572/323 488/573/323 611/574/323
f 606/571/324 608/566/324 494/565/324 391/572/324
f 529/575/325 357/576/325 472/541/325 533/540/325
f 529/575/326 532/552/326 476/551/326 357/576/326
f 610/577/327 392/578/327 492/559/327 617/558/327
f 610/577/328 609/546/328 491/545/328 392/578/328
f 526/579/329 343/431/329 453/392/329 524/514/329
f 526/579/330 521/580/330 466/432/330 343/431/330
f 601/581/331 394/582/331 495/583/331 599/584/331
f 601/581/332 613/518/332 486/517/332 394/582/332
f 525/585/333 342/435/333 466/432/333 521/580/333
f 525/585/334 523/586/334 451/436/334 342/435/334
f 615/587/335 395/588/335 489/589/335 607/590/335
f 615/587/336 599/584/336 495/583/336 395/588/336
f 870/591/337 395/588/337 495/583/337 859/592/337
f 870/591/338 853/593/338 489/589/338 395/588/338
f 398/594/339 292/595/339 227/596/339 148/597/339
f 401/598/340 293/599/340 226/600/340 144/601/340
f 867/602/341 394/582/341 486/517/341 857/603/341
f 867/602/342 859/592/342 495/583/342 394/582/342
f 813/604/343 295/605/343 224/606/343 819/607/343
f 404/608/344 294/609/344 225/610/344 141/611/344
f 860/612/345 392/578/345 491/545/345 851/613/345
f 860/612/346 858/614/346 492/559/346 392/578/346
f 296/615/347 401/598/347 144/601/347 223/616/347
f 412/617/348 299/618/348 221/619/348 131/620/348
f 864/621/349 391/572/349 494/565/349 861/622/349
f 864/621/350 862/623/350 488/573/350 391/572/350
f 301/624/351 396/625/351 170/626/351 219/627/351
f 297/628/352 411/629/352 133/630/352 222/631/352
f 854/632/353 390/568/353 493/556/353 868/633/353
f 871/634/354 861/622/354 494/565/354 818/564/354
f 295/605/355 408/635/355 136/636/355 224/606/355
f 408/635/356 296/615/356 223/616/356 136/636/356
f 855/637/357 387/555/357 492/559/357 858/614/357
f 855/637/358 868/633/358 493/556/358 387/555/358
f 32/638/359 130/531/359 439/534/359 505/639/359
f 803/640/360 140/641/360 405/642/360 814/643/360
f 863/644/361 385/544/361 490/548/361 869/645/361
f 863/644/362 851/613/362 491/545/362 385/544/362
f 37/646/363 142/647/363 402/648/363 500/649/363
f 38/650/364 137/651/364 409/652/364 499/653/364
f 522/654/365 437/655/365 451/436/365 523/586/365
f 522/654/366 538/538/366 482/537/366 437/655/366
f 603/656/367 438/657/367 490/548/367 604/547/367
f 603/656/368 607/590/368 489/589/368 438/657/368
f 856/658/369 380/524/369 488/526/369 862/659/369
f 856/658/370 865/660/370 487/520/370 380/524/370
f 34/661/371 135/662/371 410/663/371 503/664/371
f 146/665/372 41/527/372 497/530/372 397/666/372
f 866/667/373 378/516/373 487/520/373 865/660/373
f 866/667/374 857/603/374 486/517/374 378/516/374
f 135/662/375 37/646/375 500/649/375 410/663/375
f 140/641/376 35/668/376 502/669/376 405/642/376
f 40/670/377 146/665/377 397/666/377 498/671/377
f 137/651/378 34/661/378 503/664/378 409/652/378
f 35/668/379 138/672/379 407/673/379 502/669/379
f 132/674/380 32/638/380 505/639/380 414/675/380
f 138/676/381 40/670/381 498/671/381 407/677/381
f 134/528/382 33/678/382 504/679/382 413/529/382
f 33/678/383 132/674/383 414/675/383 504/679/383
f 42/532/384 145/680/384 399/681/384 496/533/384
f 400/682/385 300/683/385 220/684/385 147/685/385
f 292/595/386 400/682/386 147/685/386 227/596/386
f 291/686/387 398/594/387 148/597/387 228/687/387
f 411/629/388 301/624/388 219/627/388 133/630/388
f 299/618/389 404/688/389 141/689/389 221/619/389
f 294/609/390 406/690/390 139/691/390 225/610/390
f 300/683/391 412/617/391 131/620/391 220/684/391
f 293/599/392 403/692/392 143/693/392 226/600/392
f 403/692/393 297/628/393 222/631/393 143/693/393
f 396/625/394 291/686/394 228/687/394 170/626/394
f 852/694/395 438/657/395 489/589/395 853/593/395
f 852/694/396 869/645/396 490/548/396 438/657/396
f 145/680/397 38/650/397 499/653/397 399/681/397
f 142/647/398 36/695/398 501/696/398 402/648/398
f 302/697/399 418/698/399 479/699/399 360/700/399
f 302/697/400 421/701/400 507/702/400 418/698/400
f 302/697/401 416/703/401 506/704/401 421/701/401
f 302/697/402 360/700/402 474/705/402 416/703/402
f 303/706/403 417/707/403 507/702/403 421/701/403
f 656/708/404 357/576/404 476/551/404 651/709/404
f 656/708/405 658/710/405 472/541/405 357/576/405
f 303/706/406 421/701/406 506/704/406 415/711/406
f 304/712/407 416/703/407 474/705/407 372/713/407
f 304/712/408 422/714/408 506/704/408 416/703/408
f 304/715/409 420/716/409 508/717/409 422/718/409
f 304/715/410 372/719/410 484/720/410 420/716/410
f 305/721/411 415/711/411 506/704/411 422/714/411
f 642/722/412 369/542/412 472/541/412 658/710/412
f 642/723/413 645/724/413 482/537/413 369/536/413
f 305/725/414 422/718/414 508/717/414 419/726/414
f 306/727/415 364/728/415 477/274/415 426/273/415
f 306/727/416 424/729/416 479/699/416 364/728/416
f 306/727/417 425/730/417 510/731/417 424/729/417
f 306/727/418 426/273/418 509/279/418 425/730/418
f 307/732/419 424/729/419 510/731/419 427/733/419
f 307/732/420 360/700/420 479/699/420 424/729/420
f 307/732/421 431/734/421 474/705/421 360/700/421
f 307/732/422 427/733/422 511/735/422 431/734/422
f 308/736/423 431/734/423 511/735/423 428/737/423
f 308/736/424 372/713/424 474/705/424 431/734/424
f 308/738/425 430/739/425 484/720/425 372/719/425
f 308/738/426 428/740/426 512/741/426 430/739/426
f 309/742/427 442/743/427 514/744/427 429/745/427
f 309/742/428 441/746/428 515/747/428 442/743/428
f 309/742/429 432/297/429 452/296/429 441/746/429
f 309/742/430 429/745/430 513/298/430 432/297/430
f 310/748/431 363/488/431 468/453/431 433/749/431
f 646/750/432 368/550/432 481/485/432 652/484/432
f 646/750/433 651/709/433 476/551/433 368/550/433
f 310/748/434 433/749/434 507/702/434 417/707/434
f 311/751/435 433/749/435 468/453/435 353/449/435
f 311/751/436 418/698/436 507/702/436 433/749/436
f 311/751/437 434/752/437 479/699/437 418/698/437
f 311/751/438 353/449/438 471/448/438 434/752/438
f 312/753/439 354/456/439 469/87/439 435/305/439
f 312/753/440 434/752/440 471/448/440 354/456/440
f 312/753/441 364/728/441 479/699/441 434/752/441
f 312/753/442 435/305/442 477/274/442 364/728/442
f 313/754/443 444/755/443 518/445/443 352/444/443
f 313/754/444 443/756/444 515/747/444 444/755/444
f 313/754/445 348/439/445 457/441/445 443/756/445
f 313/754/446 352/444/446 470/429/446 348/439/446
f 314/757/447 430/739/447 512/741/447 436/758/447
f 314/757/448 423/759/448 484/720/448 430/739/448
f 314/757/449 442/743/449 515/747/449 423/759/449
f 314/757/450 436/758/450 514/744/450 442/743/450
f 794/760/451 449/761/451 461/314/451 773/313/451
f 794/760/452 782/399/452 517/398/452 449/761/452
f 754/762/453 736/317/453 461/314/453 449/761/453
f 706/763/454 446/764/454 454/320/454 682/319/454
f 706/763/455 711/405/455 516/404/455 446/764/455
f 754/762/456 449/761/456 517/398/456 755/401/456
f 317/765/457 345/323/457 454/320/457 446/764/457
f 317/765/458 450/766/458 467/324/458 345/323/458
f 317/765/459 448/443/459 518/445/459 450/766/459
f 317/765/460 446/764/460 516/404/460 448/443/460
f 318/767/461 344/327/461 467/324/461 450/766/461
f 318/767/462 441/746/462 452/296/462 344/327/462
f 318/767/463 444/755/463 515/747/463 441/746/463
f 318/767/464 450/766/464 518/445/464 444/755/464
f 319/768/465 423/759/465 515/747/465 443/756/465
f 319/768/466 420/716/466 484/720/466 423/759/466
f 319/768/467 440/769/467 508/717/467 420/716/467
f 319/768/468 443/756/468 457/441/468 440/769/468
f 644/770/469 437/655/469 482/537/469 645/724/469
f 644/770/470 643/437/470 451/436/470 437/655/470
f 320/771/471 440/769/471 457/441/471 321/440/471
f 320/771/472 419/726/472 508/717/472 440/769/472
f 282/772/473 535/773/473 528/774/473 379/775/473
f 282/772/474 377/776/474 524/777/474 535/773/474
f 283/778/475 531/779/475 537/780/475 381/781/475
f 283/778/476 379/775/476 528/774/476 531/779/476
f 284/782/477 536/783/477 538/784/477 382/785/477
f 284/782/478 384/786/478 533/787/478 536/783/478
f 285/788/479 534/789/479 532/790/479 388/791/479
f 285/788/480 386/792/480 519/793/480 534/789/480
f 286/794/481 530/795/481 519/793/481 386/792/481
f 821/796/482 389/797/482 527/798/482 823/799/482
f 287/800/483 520/801/483 527/798/483 389/797/483
f 287/800/484 381/802/484 537/803/484 520/801/484
f 288/804/485 529/805/485 533/787/485 384/786/485
f 288/804/486 388/791/486 532/790/486 529/805/486
f 289/806/487 526/807/487 524/777/487 377/776/487
f 289/806/488 393/808/488 521/809/488 526/807/488
f 290/810/489 525/811/489 521/809/489 393/808/489
f 290/810/490 383/812/490 523/813/490 525/811/490
f 298/814/491 522/815/491 523/813/491 383/812/491
f 298/814/492 382/785/492 538/784/492 522/815/492
f 512/741/493 428/740/493 550/816/493 556/817/493
f 160/281/494 233/283/494 545/818/494 540/819/494
f 425/730/495 509/279/495 553/820/495 548/821/495
f 511/735/496 427/733/496 549/822/496 555/823/496
f 429/745/497 514/744/497 558/824/497 551/825/497
f 427/733/498 510/731/498 554/826/498 549/822/498
f 159/278/499 232/277/499 544/827/499 539/828/499
f 232/277/500 160/281/500 540/819/500 544/827/500
f 509/279/501 159/278/501 539/828/501 553/820/501
f 234/288/502 167/310/502 543/829/502 546/830/502
f 428/737/503 511/735/503 555/823/503 550/831/503
f 513/298/504 429/745/504 551/825/504 557/832/504
f 161/289/505 234/288/505 546/830/505 541/833/505
f 235/292/506 162/291/506 542/834/506 547/835/506
f 167/310/507 235/292/507 547/835/507 543/829/507
f 436/758/508 512/741/508 556/817/508 552/836/508
f 514/744/509 436/758/509 552/836/509 558/824/509
f 162/291/510 513/298/510 557/832/510 542/834/510
f 233/283/511 161/285/511 541/837/511 545/818/511
f 510/731/512 425/730/512 548/821/512 554/826/512
f 42/532/513 560/838/513 577/839/513 145/680/513
f 42/532/514 130/531/514 561/840/514 560/838/514
f 41/527/515 574/841/515 565/842/515 134/528/515
f 41/527/516 146/665/516 573/843/516 574/841/516
f 40/670/517 564/844/517 573/843/517 146/665/517
f 40/670/518 138/676/518 570/845/518 564/844/518
f 38/650/519 571/846/519 559/847/519 137/651/519
f 38/650/520 145/680/520 577/839/520 571/846/520
f 37/646/521 563/848/521 576/849/521 142/647/521
f 37/646/522 135/662/522 566/850/522 563/848/522
f 803/640/523 824/851/523 569/852/523 140/641/523
f 36/695/524 142/647/524 576/849/524 562/853/524
f 35/668/525 572/854/525 570/855/525 138/672/525
f 35/668/526 140/641/526 569/852/526 572/854/526
f 34/661/527 568/856/527 566/850/527 135/662/527
f 34/661/528 137/651/528 559/847/528 568/856/528
f 33/678/529 575/857/529 567/858/529 132/674/529
f 33/678/530 134/528/530 565/842/530 575/857/530
f 32/638/531 578/859/531 561/840/531 130/531/531
f 32/638/532 132/674/532 567/858/532 578/859/532
f 39/374/533 583/235/533 587/213/533 117/373/533
f 39/374/534 116/343/534 584/173/534 583/235/534
f 31/370/535 595/212/535 579/207/535 127/369/535
f 31/370/536 117/373/536 587/213/536 595/212/536
f 30/366/537 581/206/537 593/149/537 111/337/537
f 30/366/538 127/369/538 579/207/538 581/206/538
f 29/364/539 590/202/539 589/169/539 118/347/539
f 29/364/540 122/349/540 597/184/540 590/202/540
f 28/360/541 586/196/541 588/189/541 123/359/541
f 28/360/542 115/363/542 591/197/542 586/196/542
f 27/354/543 592/192/543 598/180/543 120/353/543
f 809/356/544 123/359/544 588/189/544 825/188/544
f 26/348/545 594/179/545 597/184/545 122/349/545
f 26/348/546 120/353/546 598/180/546 594/179/546
f 25/342/547 585/168/547 584/173/547 116/343/547
f 25/342/548 118/347/548 589/169/548 585/168/548
f 24/338/549 596/156/549 591/159/549 115/339/549
f 24/338/550 113/333/550 582/153/550 596/156/550
f 23/332/551 580/148/551 582/153/551 113/333/551
f 23/332/552 111/337/552 593/149/552 580/148/552
f 298/814/553 383/812/553 607/590/553 603/656/553
f 298/814/554 603/656/554 604/547/554 382/785/554
f 290/810/555 393/808/555 599/584/555 615/587/555
f 290/810/556 615/587/556 607/590/556 383/812/556
f 289/806/557 377/776/557 613/518/557 601/581/557
f 289/806/558 601/581/558 599/584/558 393/808/558
f 288/804/559 384/786/559 609/546/559 610/577/559
f 288/804/560 610/577/560 617/558/560 388/791/560
f 287/800/561 389/797/561 608/566/561 606/571/561
f 287/800/562 606/571/562 611/574/562 381/802/562
f 286/794/563 386/792/563 618/557/563 612/567/563
f 821/796/564 826/563/564 608/566/564 389/797/564
f 285/788/565 388/791/565 617/558/565 614/554/565
f 285/788/566 614/554/566 618/557/566 386/792/566
f 284/782/567 382/785/567 604/547/567 605/543/567
f 284/782/568 605/543/568 609/546/568 384/786/568
f 283/778/569 381/781/569 611/525/569 616/523/569
f 283/778/570 616/523/570 602/519/570 379/775/570
f 282/772/571 379/775/571 602/519/571 600/515/571
f 282/772/572 600/515/572 613/518/572 377/776/572
f 301/624/573 411/629/573 637/860/573 620/861/573
f 301/624/574 620/861/574 621/862/574 396/625/574
f 300/683/575 400/682/575 625/863/575 634/864/575
f 300/683/576 634/864/576 633/865/576 412/617/576
f 299/618/577 412/617/577 633/865/577 624/866/577
f 299/618/578 624/866/578 630/867/578 404/688/578
f 297/628/579 403/692/579 619/868/579 631/869/579
f 297/628/580 631/869/580 637/860/580 411/629/580
f 296/615/581 408/635/581 636/870/581 623/871/581
f 296/615/582 623/871/582 626/872/582 401/598/582
f 813/604/583 406/690/583 629/873/583 827/874/583
f 295/605/584 622/875/584 636/870/584 408/635/584
f 294/609/585 404/608/585 630/876/585 632/877/585
f 294/609/586 632/877/586 629/873/586 406/690/586
f 293/599/587 401/598/587 626/872/587 628/878/587
f 293/599/588 628/878/588 619/868/588 403/692/588
f 292/595/589 398/594/589 627/879/589 635/880/589
f 292/595/590 635/880/590 625/863/590 400/682/590
f 291/686/591 396/625/591 621/862/591 638/881/591
f 291/686/592 638/881/592 627/879/592 398/594/592
f 320/771/593 321/440/593 643/437/593 644/770/593
f 320/771/594 644/770/594 645/724/594 419/726/594
f 310/748/595 417/707/595 651/709/595 646/750/595
f 310/748/596 646/750/596 652/484/596 363/488/596
f 305/725/597 419/726/597 645/724/597 642/723/597
f 305/721/598 642/722/598 658/710/598 415/711/598
f 303/706/599 415/711/599 658/710/599 656/708/599
f 303/706/600 656/708/600 651/709/600 417/707/600
f 820/489/601 828/490/601 647/478/601 359/480/601
f 277/487/602 363/488/602 652/484/602 655/483/602
f 747/481/603 757/482/603 650/465/603 362/467/603
f 713/479/604 359/480/604 647/478/604 717/477/604
f 781/466/605 362/467/605 650/465/605 797/464/605
f 269/438/606 351/428/606 639/433/606 654/434/606
f 269/438/607 654/434/607 643/437/607 321/440/607
f 268/426/608 322/387/608 649/393/608 657/430/608
f 268/426/609 657/430/609 639/433/609 351/428/609
f 748/384/610 338/377/610 640/383/610 758/394/610
f 702/386/611 718/390/611 649/393/611 322/387/611
f 788/376/612 798/380/612 640/383/612 338/377/612
f 61/331/613 665/330/613 664/65/613 62/71/613
f 61/331/614 153/271/614 666/269/614 665/330/614
f 51/299/615 667/301/615 672/254/615 151/252/615
f 51/299/616 97/121/616 673/119/616 667/301/616
f 46/270/617 663/268/617 666/269/617 153/271/617
f 46/266/618 149/256/618 679/255/618 663/267/618
f 44/251/619 677/253/619 679/255/619 149/256/619
f 44/251/620 151/252/620 672/254/620 677/253/620
f 808/122/621 93/113/621 668/111/621 829/123/621
f 18/120/622 676/116/622 673/119/622 97/121/622
f 729/114/623 96/100/623 671/98/623 759/115/623
f 696/112/624 719/110/624 668/111/624 93/113/624
f 763/99/625 799/97/625 671/98/625 96/100/625
f 10/68/626 675/64/626 660/61/626 85/59/626
f 10/68/627 62/71/627 664/65/627 675/64/627
f 9/56/628 678/60/628 670/16/628 63/14/628
f 9/56/629 85/59/629 660/61/629 678/60/629
f 730/9/630 760/19/630 661/6/630 75/4/630
f 684/11/631 63/14/631 670/16/631 720/15/631
f 770/1/632 75/4/632 661/6/632 800/5/632
f 2/882/633 684/11/633 720/15/633 662/883/633
f 17/884/634 674/885/634 719/110/634 696/112/634
f 261/886/635 641/887/635 718/390/635 702/386/635
f 276/888/636 713/479/636 717/477/636 653/889/636
f 316/890/637 445/891/637 711/405/637 706/763/637
f 316/890/638 706/763/638 682/319/638 329/892/638
f 281/893/639 356/894/639 714/508/639 708/506/639
f 281/893/640 708/506/640 705/502/640 376/895/640
f 280/896/641 376/895/641 705/502/641 709/500/641
f 280/896/642 709/500/642 715/391/642 327/897/642
f 276/888/643 331/898/643 710/417/643 713/479/643
f 653/889/644 717/477/644 703/472/644 366/899/644
f 275/900/645 366/899/645 703/472/645 707/468/645
f 275/900/646 707/468/646 714/471/646 356/901/646
f 266/902/647 704/421/647 712/407/647 337/903/647
f 266/902/648 333/904/648 691/49/648 704/421/648
f 264/905/649 716/406/649 710/417/649 331/898/649
f 264/905/650 337/903/650 712/407/650 716/406/650
f 263/906/651 335/907/651 701/389/651 700/402/651
f 263/906/652 700/402/652 711/405/652 445/891/652
f 641/887/653 327/897/653 715/391/653 718/390/653
f 261/886/654 702/386/654 701/389/654 335/907/654
f 57/908/655 688/318/655 694/28/655 176/909/655
f 57/908/656 329/892/656 682/319/656 688/318/656
f 22/910/657 690/139/657 697/142/657 90/911/657
f 22/910/658 110/912/658 687/136/658 690/139/658
f 21/913/659 692/133/659 687/136/659 110/912/659
f 21/913/660 68/914/660 698/18/660 692/133/660
f 17/884/661 696/112/661 693/41/661 70/915/661
f 674/885/662 100/916/662 685/106/662 719/110/662
f 16/917/663 689/101/663 685/106/663 100/916/663
f 16/917/664 90/918/664 697/102/664 689/101/664
f 7/919/665 74/920/665 695/34/665 686/46/665
f 7/919/666 686/46/666 691/49/666 333/904/666
f 5/921/667 70/915/667 693/41/667 699/31/667
f 5/921/668 699/31/668 695/34/668 74/920/668
f 4/922/669 681/27/669 683/12/669 72/923/669
f 4/922/670 176/909/670 694/28/670 681/27/670
f 662/883/671 720/15/671 698/18/671 68/914/671
f 2/882/672 72/923/672 683/12/672 684/11/672
f 2/882/673 662/883/673 760/19/673 730/9/673
f 17/884/674 729/114/674 759/115/674 674/885/674
f 261/886/675 748/384/675 758/394/675 641/887/675
f 276/888/676 653/889/676 757/482/676 747/481/676
f 316/890/677 754/762/677 755/401/677 445/891/677
f 316/890/678 329/892/678 736/317/678 754/762/678
f 281/893/679 376/895/679 752/505/679 743/510/679
f 281/893/680 743/510/680 751/511/680 356/894/680
f 280/896/681 327/897/681 744/395/681 740/504/681
f 280/896/682 740/504/682 752/505/682 376/895/682
f 653/889/683 366/899/683 750/475/683 757/482/683
f 276/888/684 747/481/684 756/414/684 331/898/684
f 275/900/685 356/901/685 751/476/685 742/474/685
f 275/900/686 742/474/686 750/475/686 366/899/686
f 266/902/687 337/903/687 749/413/687 741/423/687
f 266/902/688 741/423/688 727/51/688 333/904/688
f 264/905/689 331/898/689 756/414/689 745/410/689
f 264/905/690 745/410/690 749/413/690 337/903/690
f 263/906/691 753/400/691 746/385/691 335/907/691
f 263/906/692 445/891/692 755/401/692 753/400/692
f 641/887/693 758/394/693 744/395/693 327/897/693
f 261/886/694 335/907/694 746/385/694 748/384/694
f 57/908/695 176/909/695 738/26/695 737/316/695
f 57/908/696 737/316/696 736/317/696 329/892/696
f 22/910/697 724/143/697 734/138/697 110/912/697
f 22/910/698 90/911/698 733/144/698 724/143/698
f 21/913/699 721/137/699 725/20/699 68/914/699
f 21/913/700 110/912/700 734/138/700 721/137/700
f 674/885/701 759/115/701 732/108/701 100/916/701
f 17/884/702 70/915/702 739/40/702 729/114/702
f 16/917/703 723/107/703 733/109/703 90/918/703
f 16/917/704 100/916/704 732/108/704 723/107/704
f 7/919/705 722/50/705 731/36/705 74/920/705
f 7/919/706 333/904/706 727/51/706 722/50/706
f 5/921/707 726/35/707 739/40/707 70/915/707
f 5/921/708 74/920/708 731/36/708 726/35/708
f 4/922/709 72/923/709 728/10/709 735/25/709
f 4/922/710 735/25/710 738/26/710 176/909/710
f 662/883/711 68/914/711 725/20/711 760/19/711
f 2/882/712 730/9/712 728/10/712 72/923/712
f 1769/924/713 770/1/713 800/5/713 1759/925/713
f 1762/926/714 1797/927/714 799/97/714 763/99/714
f 1787/928/715 1796/929/715 798/380/715 788/376/715
f 1780/930/716 781/466/716 797/464/716 1758/931/716
f 1793/932/717 1781/933/717 782/399/717 794/760/717
f 1793/932/718 794/760/718 773/313/718 1772/934/718
f 1794/935/719 1789/936/719 790/498/719 795/496/719
f 1794/935/720 795/496/720 787/494/720 1786/937/720
f 1790/938/721 1786/937/721 787/494/721 791/492/721
f 1790/938/722 791/492/722 783/381/722 1782/939/722
f 1780/930/723 1792/940/723 793/420/723 781/466/723
f 1758/931/724 797/464/724 785/462/724 1784/941/724
f 1791/942/725 1784/941/725 785/462/725 792/458/725
f 1791/942/726 792/458/726 790/461/726 1789/943/726
f 1779/944/727 780/425/727 789/419/727 1788/945/727
f 1779/944/728 1760/946/728 761/55/728 780/425/728
f 1783/947/729 784/418/729 793/420/729 1792/940/729
f 1783/947/730 1788/945/730 789/419/730 784/418/730
f 1795/948/731 1785/949/731 786/379/731 796/396/731
f 1795/948/732 796/396/732 782/399/732 1781/933/732
f 1796/929/733 1782/939/733 783/381/733 798/380/733
f 1787/928/734 788/376/734 786/379/734 1785/949/734
f 1776/950/735 777/312/735 764/22/735 1763/951/735
f 1776/950/736 1772/934/736 773/313/736 777/312/736
f 1777/952/737 778/129/737 772/132/737 1771/953/737
f 1777/952/738 1768/954/738 769/128/738 778/129/738
f 1773/955/739 774/125/739 769/128/739 1768/954/739
f 1773/955/740 1764/956/740 765/8/740 774/125/740
f 1762/926/741 763/99/741 776/45/741 1775/957/741
f 1797/927/742 1766/958/742 767/96/742 799/97/742
f 1774/959/743 775/91/743 767/96/743 1766/958/743
f 1774/959/744 1771/960/744 772/92/744 775/91/744
f 1761/961/745 1770/962/745 771/44/745 762/54/745
f 1761/961/746 762/54/746 761/55/746 1760/946/746
f 1765/963/747 1775/957/747 776/45/747 766/43/747
f 1765/963/748 766/43/748 771/44/748 1770/962/748
f 1778/964/749 779/21/749 768/2/749 1767/965/749
f 1778/964/750 1763/951/750 764/22/750 779/21/750
f 1759/925/751 800/5/751 765/8/751 1764/956/751
f 1769/924/752 1767/965/752 768/2/752 770/1/752
f 18/120/753 808/122/753 829/123/753 676/116/753
f 277/487/754 655/483/754 828/490/754 820/489/754
f 295/605/755 813/604/755 827/874/755 622/875/755
f 286/794/756 612/567/756 826/563/756 821/796/756
f 27/354/757 809/356/757 825/188/757 592/192/757
f 36/695/758 562/853/758 824/851/758 803/640/758
f 286/794/759 821/796/759 823/799/759 530/795/759
f 36/695/760 803/640/760 814/643/760 501/696/760
f 854/632/761 871/634/761 818/564/761 390/568/761
f 406/690/762 813/604/762 819/607/762 139/691/762
f 612/567/763 390/568/763 818/564/763 826/563/763
f 530/560/764 823/561/764 815/491/764 367/486/764
f 655/483/765 367/486/765 815/491/765 828/490/765
f 277/487/766 820/489/766 816/452/766 346/454/766
f 272/455/767 350/447/767 817/451/767 812/457/767
f 272/455/768 812/457/768 801/90/768 347/88/768
f 271/446/769 346/454/769 816/452/769 822/450/769
f 271/446/770 822/450/770 817/451/770 350/447/770
f 27/354/771 251/355/771 811/357/771 809/356/771
f 833/227/772 124/193/772 807/191/772 850/229/772
f 592/192/773 825/188/773 807/191/773 124/193/773
f 251/185/774 101/117/774 804/124/774 811/186/774
f 676/116/775 829/123/775 804/124/775 101/117/775
f 18/120/776 81/83/776 805/82/776 808/122/776
f 13/85/777 802/89/777 806/81/777 84/79/777
f 13/85/778 347/88/778 801/90/778 802/89/778
f 12/76/779 810/80/779 805/82/779 81/83/779
f 12/76/780 84/79/780 806/81/780 810/80/780
f 562/853/781 833/227/781 850/229/781 824/851/781
f 560/838/782 831/241/782 848/232/782 577/839/782
f 560/838/783 561/840/783 832/218/783 831/241/783
f 574/841/784 845/240/784 836/220/784 565/842/784
f 574/841/785 573/843/785 844/239/785 845/240/785
f 564/844/786 835/237/786 844/239/786 573/843/786
f 564/844/787 570/845/787 841/238/787 835/237/787
f 571/846/788 842/231/788 830/222/788 559/847/788
f 571/846/789 577/839/789 848/232/789 842/231/789
f 563/848/790 834/230/790 847/228/790 576/849/790
f 563/848/791 566/850/791 837/223/791 834/230/791
f 824/851/792 850/229/792 840/225/792 569/852/792
f 562/853/793 576/849/793 847/228/793 833/227/793
f 572/854/794 843/224/794 841/226/794 570/855/794
f 572/854/795 569/852/795 840/225/795 843/224/795
f 568/856/796 839/221/796 837/223/796 566/850/796
f 568/856/797 559/847/797 830/222/797 839/221/797
f 575/857/798 846/219/798 838/217/798 567/858/798
f 575/857/799 565/842/799 836/220/799 846/219/799
f 578/859/800 849/216/800 832/218/800 561/840/800
f 578/859/801 567/858/801 838/217/801 849/216/801
f 622/875/802 827/874/802 871/634/802 854/632/802
f 620/861/803 637/860/803 869/645/803 852/694/803
f 620/861/804 852/694/804 853/593/804 621/862/804
f 634/864/805 625/863/805 857/603/805 866/667/805
f 634/864/806 866/667/806 865/660/806 633/865/806
f 624/866/807 633/865/807 865/660/807 856/658/807
f 624/866/808 856/658/808 862/659/808 630/867/808
f 631/869/809 619/868/809 851/613/809 863/644/809
f 631/869/810 863/644/810 869/645/810 637/860/810
f 623/871/811 636/870/811 868/633/811 855/637/811
f 623/871/812 855/637/812 858/614/812 626/872/812
f 827/874/813 629/873/813 861/622/813 871/634/813
f 622/875/814 854/632/814 868/633/814 636/870/814
f 632/877/815 630/876/815 862/623/815 864/621/815
f 632/877/816 864/621/816 861/622/816 629/873/816
f 628/878/817 626/872/817 858/614/817 860/612/817
f 628/878/818 860/612/818 851/613/818 619/868/818
f 635/880/819 627/879/819 859/592/819 867/602/819
f 635/880/820 867/602/820 857/603/820 625/863/820
f 638/881/821 621/862/821 853/593/821 870/591/821
f 638/881/822 870/591/822 859/592/822 627/879/822
f 952/966/823 1512/967/823 1199/968/823 878/969/823
f 1395/970/824 1321/971/824 1382/972/824 1434/973/824
f 951/974/825 1151/975/825 1345/976/825 873/977/825
f 872/978/826 1312/979/826 1521/980/826 1116/981/826
f 872/978/827 1116/981/827 1519/982/827 1344/983/827
f 950/984/828 1439/985/828 1312/979/828 872/978/828
f 873/977/829 1345/976/829 1520/986/829 1117/987/829
f 873/977/830 1117/987/830 1522/988/830 1313/989/830
f 977/990/831 970/991/831 1395/970/831 1434/973/831
f 951/974/832 873/977/832 1313/989/832 1440/992/832
f 1524/993/833 1526/994/833 1370/995/833 1200/996/833
f 1370/995/834 1391/997/834 1513/998/834 1200/996/834
f 1344/983/835 1243/999/835 1505/1000/835 1150/1001/835
f 968/1002/836 874/1003/836 1369/1004/836 1390/1005/836
f 874/1003/837 1234/1006/837 1528/1007/837 1215/1008/837
f 874/1003/838 1215/1008/838 1525/1009/838 1369/1004/838
f 969/1010/839 875/1011/839 1235/1012/839 1457/1013/839
f 875/1011/840 1370/995/840 1526/994/840 1216/1014/840
f 875/1011/841 1216/1014/841 1529/1015/841 1235/1012/841
f 969/1010/842 1391/997/842 1370/995/842 875/1011/842
f 956/1016/843 876/1017/843 1312/979/843 1439/985/843
f 957/1018/844 1440/992/844 1313/989/844 877/1019/844
f 876/1017/845 1351/1020/845 1530/1021/845 1338/1022/845
f 876/1017/846 1338/1022/846 1521/980/846 1312/979/846
f 956/1016/847 1260/1023/847 1351/1020/847 876/1017/847
f 877/1019/848 1313/989/848 1522/988/848 1339/1024/848
f 877/1019/849 1339/1024/849 1531/1025/849 1352/1026/849
f 1243/1027/850 1345/976/850 1151/975/850 1505/1028/850
f 957/1018/851 877/1019/851 1352/1026/851 1261/1029/851
f 952/966/852 878/969/852 1351/1020/852 1260/1023/852
f 878/969/853 1199/968/853 1523/1030/853 1102/1031/853
f 878/969/854 1102/1031/854 1530/1021/854 1351/1020/854
f 953/1032/855 879/1033/855 1200/996/855 1513/998/855
f 879/1033/856 1352/1026/856 1531/1025/856 1103/1034/856
f 879/1033/857 1103/1034/857 1524/993/857 1200/996/857
f 953/1032/858 1261/1029/858 1352/1026/858 879/1033/858
f 950/984/859 872/978/859 1344/983/859 1150/1001/859
f 880/1035/860 1300/1036/860 1538/1037/860 1160/1038/860
f 880/1035/861 1160/1038/861 1536/1039/861 1316/1040/861
f 880/1035/862 1316/1040/862 1532/1041/862 1192/1042/862
f 880/1035/863 1192/1042/863 1534/1043/863 1300/1036/863
f 881/1044/864 1193/1045/864 1533/1046/864 1317/1047/864
f 881/1044/865 1317/1047/865 1537/1048/865 1161/1049/865
f 881/1044/866 1161/1049/866 1539/1050/866 1301/1051/866
f 881/1044/867 1301/1051/867 1535/1052/867 1193/1045/867
f 882/1053/868 1221/1054/868 1542/1055/868 1086/1056/868
f 882/1053/869 1086/1056/869 1540/1057/869 1485/1058/869
f 882/1053/870 1485/1058/870 1536/1039/870 1160/1038/870
f 882/1053/871 1160/1038/871 1538/1037/871 1221/1054/871
f 883/1059/872 1161/1049/872 1537/1048/872 1486/1060/872
f 883/1059/873 1486/1060/873 1541/1061/873 1087/1062/873
f 883/1059/874 1087/1062/874 1543/1063/874 1222/1064/874
f 883/1059/875 1222/1064/875 1539/1050/875 1161/1049/875
f 884/1065/876 1201/1066/876 1546/1067/876 1510/1068/876
f 884/1065/877 1510/1068/877 1544/1069/877 1432/1070/877
f 884/1065/878 1432/1070/878 1540/1057/878 1086/1056/878
f 884/1065/879 1086/1056/879 1542/1055/879 1201/1066/879
f 885/1071/880 1087/1062/880 1541/1061/880 1433/1072/880
f 885/1071/881 1433/1072/881 1545/1073/881 1511/1074/881
f 885/1071/882 1511/1074/882 1547/1075/882 1202/1076/882
f 885/1071/883 1202/1076/883 1543/1063/883 1087/1062/883
f 886/1077/884 1168/1078/884 1550/1079/884 1435/1080/884
f 886/1077/885 1435/1080/885 1548/1081/885 1184/1082/885
f 886/1077/886 1184/1082/886 1544/1069/886 1510/1068/886
f 886/1077/887 1510/1068/887 1546/1067/887 1168/1078/887
f 887/1083/888 1511/1074/888 1545/1073/888 1185/1084/888
f 887/1083/889 1185/1084/889 1549/1085/889 1436/1086/889
f 887/1083/890 1436/1086/890 1551/1087/890 1169/1088/890
f 887/1083/891 1169/1088/891 1547/1075/891 1511/1074/891
f 888/1089/892 1122/1090/892 1554/1091/892 1396/1092/892
f 888/1089/893 1396/1092/893 1552/1093/893 1080/1094/893
f 888/1089/894 1080/1094/894 1548/1081/894 1435/1080/894
f 888/1089/895 1435/1080/895 1550/1079/895 1122/1090/895
f 889/1095/896 1436/1086/896 1549/1085/896 1081/1096/896
f 889/1095/897 1081/1096/897 1553/1097/897 1397/1098/897
f 889/1095/898 1397/1098/898 1555/1099/898 1123/1100/898
f 889/1095/899 1123/1100/899 1551/1087/899 1436/1086/899
f 890/1101/900 1304/1102/900 1560/1103/900 1156/1104/900
f 890/1101/901 1156/1104/901 1714/1105/901 1336/1106/901
f 890/1101/902 1336/1106/902 1556/1107/902 1290/1108/902
f 890/1101/903 1290/1108/903 1558/1109/903 1304/1102/903
f 891/1110/904 1291/1111/904 1557/1112/904 1337/1113/904
f 891/1110/905 1337/1113/905 1715/1114/905 1157/1115/905
f 891/1110/906 1157/1115/906 1561/1116/906 1305/1117/906
f 891/1110/907 1305/1117/907 1559/1118/907 1291/1111/907
f 892/1119/908 1491/1120/908 1564/1121/908 1468/1122/908
f 892/1119/909 1468/1122/909 1562/1123/909 1460/1124/909
f 892/1119/910 1460/1124/910 1532/1041/910 1316/1040/910
f 892/1119/911 1316/1040/911 1536/1039/911 1491/1120/911
f 893/1125/912 1317/1047/912 1533/1046/912 1461/1126/912
f 893/1125/913 1461/1126/913 1563/1127/913 1469/1128/913
f 893/1125/914 1469/1128/914 1565/1129/914 1492/1130/914
f 893/1125/915 1492/1130/915 1537/1048/915 1317/1047/915
f 894/1131/916 1158/1132/916 1566/1133/916 1182/1134/916
f 894/1131/917 1182/1134/917 1564/1121/917 1491/1120/917
f 894/1131/918 1491/1120/918 1536/1039/918 1485/1058/918
f 894/1131/919 1485/1058/919 1540/1057/919 1158/1132/919
f 895/1135/920 1486/1060/920 1537/1048/920 1492/1130/920
f 895/1135/921 1492/1130/921 1565/1129/921 1183/1136/921
f 895/1135/922 1183/1136/922 1567/1137/922 1159/1138/922
f 895/1135/923 1159/1138/923 1541/1061/923 1486/1060/923
f 896/1139/924 1314/1140/924 1568/1141/924 1508/1142/924
f 896/1139/925 1508/1142/925 1566/1133/925 1158/1132/925
f 896/1139/926 1158/1132/926 1540/1057/926 1432/1070/926
f 896/1139/927 1432/1070/927 1544/1069/927 1314/1140/927
f 897/1143/928 1433/1072/928 1541/1061/928 1159/1138/928
f 897/1143/929 1159/1138/929 1567/1137/929 1509/1144/929
f 897/1143/930 1509/1144/930 1569/1145/930 1315/1146/930
f 897/1143/931 1315/1146/931 1545/1073/931 1433/1072/931
f 898/1147/932 1250/1148/932 1570/1149/932 1262/1150/932
f 898/1147/933 1262/1150/933 1568/1141/933 1314/1140/933
f 898/1147/934 1314/1140/934 1544/1069/934 1184/1082/934
f 898/1147/935 1184/1082/935 1548/1081/935 1250/1148/935
f 899/1151/936 1185/1084/936 1545/1073/936 1315/1146/936
f 899/1151/937 1315/1146/937 1569/1145/937 1263/1152/937
f 899/1151/938 1263/1152/938 1571/1153/938 1251/1154/938
f 899/1151/939 1251/1154/939 1549/1085/939 1185/1084/939
f 900/1155/940 1211/1156/940 1572/1157/940 1114/1158/940
f 900/1155/941 1114/1158/941 1570/1149/941 1250/1148/941
f 900/1155/942 1250/1148/942 1548/1081/942 1080/1094/942
f 900/1155/943 1080/1094/943 1552/1093/943 1211/1156/943
f 901/1159/944 1081/1096/944 1549/1085/944 1251/1154/944
f 901/1159/945 1251/1154/945 1571/1153/945 1115/1160/945
f 901/1159/946 1115/1160/946 1573/1161/946 1212/1162/946
f 901/1159/947 1212/1162/947 1553/1097/947 1081/1096/947
f 902/1163/948 1246/1164/948 1712/1165/948 1326/1166/948
f 902/1163/949 1326/1166/949 1574/1167/949 1410/1168/949
f 902/1163/950 1410/1168/950 1556/1107/950 1336/1106/950
f 902/1163/951 1336/1106/951 1714/1105/951 1246/1164/951
f 903/1169/952 1337/1113/952 1557/1112/952 1411/1170/952
f 903/1169/953 1411/1170/953 1575/1171/953 1327/1172/953
f 903/1169/954 1327/1172/954 1713/1173/954 1247/1174/954
f 903/1169/955 1247/1174/955 1715/1114/955 1337/1113/955
f 904/1175/956 1442/1176/956 1578/1177/956 1190/1178/956
f 904/1175/957 1190/1178/957 1576/1179/957 1236/1180/957
f 904/1175/958 1236/1180/958 1562/1123/958 1468/1122/958
f 904/1175/959 1468/1122/959 1564/1121/959 1442/1176/959
f 905/1181/960 1469/1128/960 1563/1127/960 1237/1182/960
f 905/1181/961 1237/1182/961 1577/1183/961 1191/1184/961
f 905/1181/962 1191/1184/962 1579/1185/962 1443/1186/962
f 905/1181/963 1443/1186/963 1565/1129/963 1469/1128/963
f 906/1187/964 1282/1188/964 1580/1189/964 1148/1190/964
f 906/1187/965 1148/1190/965 1578/1177/965 1442/1176/965
f 906/1187/966 1442/1176/966 1564/1121/966 1182/1134/966
f 906/1187/967 1182/1134/967 1566/1133/967 1282/1188/967
f 907/1191/968 1183/1136/968 1565/1129/968 1443/1186/968
f 907/1191/969 1443/1186/969 1579/1185/969 1149/1192/969
f 907/1191/970 1149/1192/970 1581/1193/970 1283/1194/970
f 907/1191/971 1283/1194/971 1567/1137/971 1183/1136/971
f 908/1195/972 1506/1196/972 1582/1197/972 1426/1198/972
f 908/1195/973 1426/1198/973 1580/1189/973 1282/1188/973
f 908/1195/974 1282/1188/974 1566/1133/974 1508/1142/974
f 908/1195/975 1508/1142/975 1568/1141/975 1506/1196/975
f 909/1199/976 1509/1144/976 1567/1137/976 1283/1194/976
f 909/1199/977 1283/1194/977 1581/1193/977 1427/1200/977
f 909/1199/978 1427/1200/978 1583/1201/978 1507/1202/978
f 909/1199/979 1507/1202/979 1569/1145/979 1509/1144/979
f 910/1203/980 1332/1204/980 1584/1205/980 1223/1206/980
f 910/1203/981 1223/1206/981 1582/1197/981 1506/1196/981
f 910/1203/982 1506/1196/982 1568/1141/982 1262/1150/982
f 910/1203/983 1262/1150/983 1570/1149/983 1332/1204/983
f 911/1207/984 1263/1152/984 1569/1145/984 1507/1202/984
f 911/1207/985 1507/1202/985 1583/1201/985 1224/1208/985
f 911/1207/986 1224/1208/986 1585/1209/986 1333/1210/986
f 911/1207/987 1333/1210/987 1571/1153/987 1263/1152/987
f 912/1211/988 1363/1212/988 1586/1213/988 1479/1214/988
f 912/1211/989 1479/1214/989 1584/1205/989 1332/1204/989
f 912/1211/990 1332/1204/990 1570/1149/990 1114/1158/990
f 912/1211/991 1114/1158/991 1572/1157/991 1363/1212/991
f 913/1215/992 1115/1160/992 1571/1153/992 1333/1210/992
f 913/1215/993 1333/1210/993 1585/1209/993 1480/1216/993
f 913/1215/994 1480/1216/994 1587/1217/994 1364/1218/994
f 913/1215/995 1364/1218/995 1573/1161/995 1115/1160/995
f 914/1219/996 1495/1220/996 1590/1221/996 1306/1222/996
f 914/1219/997 1306/1222/997 1588/1223/997 1342/1224/997
f 914/1219/998 1342/1224/998 1574/1167/998 1326/1166/998
f 914/1219/999 1326/1166/999 1712/1165/999 1495/1220/999
f 915/1225/1000 1327/1172/1000 1575/1171/1000 1343/1226/1000
f 915/1225/1001 1343/1226/1001 1589/1227/1001 1307/1228/1001
f 915/1225/1002 1307/1228/1002 1591/1229/1002 1496/1230/1002
f 915/1225/1003 1496/1230/1003 1713/1173/1003 1327/1172/1003
f 916/1231/1004 1420/1232/1004 1592/1233/1004 1398/1234/1004
f 916/1231/1005 1398/1234/1005 1661/1235/1005 1227/1236/1005
f 916/1231/1006 1227/1236/1006 1576/1179/1006 1190/1178/1006
f 916/1231/1007 1190/1178/1007 1578/1177/1007 1420/1232/1007
f 917/1237/1008 1191/1184/1008 1577/1183/1008 1228/1238/1008
f 917/1237/1009 1228/1238/1009 1662/1239/1009 1399/1240/1009
f 917/1237/1010 1399/1240/1010 1593/1241/1010 1421/1242/1010
f 917/1237/1011 1421/1242/1011 1579/1185/1011 1191/1184/1011
f 918/1243/1012 1197/1244/1012 1594/1245/1012 1357/1246/1012
f 918/1243/1013 1357/1246/1013 1592/1233/1013 1420/1232/1013
f 918/1243/1014 1420/1232/1014 1578/1177/1014 1148/1190/1014
f 918/1243/1015 1148/1190/1015 1580/1189/1015 1197/1244/1015
f 919/1247/1016 1149/1192/1016 1579/1185/1016 1421/1242/1016
f 919/1247/1017 1421/1242/1017 1593/1241/1017 1358/1248/1017
f 919/1247/1018 1358/1248/1018 1595/1249/1018 1198/1250/1018
f 919/1247/1019 1198/1250/1019 1581/1193/1019 1149/1192/1019
f 920/1251/1020 1454/1252/1020 1596/1253/1020 1384/1254/1020
f 920/1251/1021 1384/1254/1021 1594/1245/1021 1197/1244/1021
f 920/1251/1022 1197/1244/1022 1580/1189/1022 1426/1198/1022
f 920/1251/1023 1426/1198/1023 1582/1197/1023 1454/1252/1023
f 921/1255/1024 1427/1200/1024 1581/1193/1024 1198/1250/1024
f 921/1255/1025 1198/1250/1025 1595/1249/1025 1385/1256/1025
f 921/1255/1026 1385/1256/1026 1597/1257/1026 1455/1258/1026
f 921/1255/1027 1455/1258/1027 1583/1201/1027 1427/1200/1027
f 922/1259/1028 1100/1260/1028 1598/1261/1028 1424/1262/1028
f 922/1259/1029 1424/1262/1029 1596/1253/1029 1454/1252/1029
f 922/1259/1030 1454/1252/1030 1582/1197/1030 1223/1206/1030
f 922/1259/1031 1223/1206/1031 1584/1205/1031 1100/1260/1031
f 923/1263/1032 1224/1208/1032 1583/1201/1032 1455/1258/1032
f 923/1263/1033 1455/1258/1033 1597/1257/1033 1425/1264/1033
f 923/1263/1034 1425/1264/1034 1599/1265/1034 1101/1266/1034
f 923/1263/1035 1101/1266/1035 1585/1209/1035 1224/1208/1035
f 924/1267/1036 1090/1268/1036 1600/1269/1036 1174/1270/1036
f 924/1267/1037 1174/1270/1037 1598/1261/1037 1100/1260/1037
f 924/1267/1038 1100/1260/1038 1584/1205/1038 1479/1214/1038
f 924/1267/1039 1479/1214/1039 1586/1213/1039 1090/1268/1039
f 925/1271/1040 1480/1216/1040 1585/1209/1040 1101/1266/1040
f 925/1271/1041 1101/1266/1041 1599/1265/1041 1175/1272/1041
f 925/1271/1042 1175/1272/1042 1601/1273/1042 1091/1274/1042
f 925/1271/1043 1091/1274/1043 1587/1217/1043 1480/1216/1043
f 926/1275/1044 1497/1276/1044 1604/1277/1044 1110/1278/1044
f 926/1275/1045 1110/1278/1045 1602/1279/1045 1292/1280/1045
f 926/1275/1046 1292/1280/1046 1588/1223/1046 1306/1222/1046
f 926/1275/1047 1306/1222/1047 1590/1221/1047 1497/1276/1047
f 927/1281/1048 1307/1228/1048 1589/1227/1048 1293/1282/1048
f 927/1281/1049 1293/1282/1049 1603/1283/1049 1111/1284/1049
f 927/1281/1050 1111/1284/1050 1605/1285/1050 1498/1286/1050
f 927/1281/1051 1498/1286/1051 1591/1229/1051 1307/1228/1051
f 928/1287/1052 1258/1288/1052 1620/1289/1052 1176/1290/1052
f 928/1287/1053 1176/1290/1053 1661/1235/1053 1398/1234/1053
f 928/1287/1054 1398/1234/1054 1592/1233/1054 1286/1291/1054
f 928/1287/1055 1286/1291/1055 1622/1292/1055 1258/1288/1055
f 929/1293/1056 1287/1294/1056 1593/1241/1056 1399/1240/1056
f 929/1293/1057 1399/1240/1057 1662/1239/1057 1177/1295/1057
f 929/1293/1058 1177/1295/1058 1621/1296/1058 1259/1297/1058
f 929/1293/1059 1259/1297/1059 1623/1298/1059 1287/1294/1059
f 930/1299/1060 1268/1300/1060 1622/1292/1060 1286/1291/1060
f 930/1299/1061 1286/1291/1061 1592/1233/1061 1357/1246/1061
f 930/1299/1062 1357/1246/1062 1594/1245/1062 1448/1301/1062
f 930/1299/1063 1448/1301/1063 1624/1302/1063 1268/1300/1063
f 931/1303/1064 1449/1304/1064 1595/1249/1064 1358/1248/1064
f 931/1303/1065 1358/1248/1065 1593/1241/1065 1287/1294/1065
f 931/1303/1066 1287/1294/1066 1623/1298/1066 1269/1305/1066
f 931/1303/1067 1269/1305/1067 1625/1306/1067 1449/1304/1067
f 932/1307/1068 1308/1308/1068 1624/1302/1068 1448/1301/1068
f 932/1307/1069 1448/1301/1069 1594/1245/1069 1384/1254/1069
f 932/1307/1070 1384/1254/1070 1596/1253/1070 1229/1309/1070
f 932/1307/1071 1229/1309/1071 1626/1310/1071 1308/1308/1071
f 933/1311/1072 1230/1312/1072 1597/1257/1072 1385/1256/1072
f 933/1311/1073 1385/1256/1073 1595/1249/1073 1449/1304/1073
f 933/1311/1074 1449/1304/1074 1625/1306/1074 1309/1313/1074
f 933/1311/1075 1309/1313/1075 1627/1314/1075 1230/1312/1075
f 934/1315/1076 1213/1316/1076 1626/1310/1076 1229/1309/1076
f 934/1315/1077 1229/1309/1077 1596/1253/1077 1424/1262/1077
f 934/1315/1078 1424/1262/1078 1598/1261/1078 1380/1317/1078
f 934/1315/1079 1380/1317/1079 1628/1318/1079 1213/1316/1079
f 935/1319/1080 1381/1320/1080 1599/1265/1080 1425/1264/1080
f 935/1319/1081 1425/1264/1081 1597/1257/1081 1230/1312/1081
f 935/1319/1082 1230/1312/1082 1627/1314/1082 1214/1321/1082
f 935/1319/1083 1214/1321/1083 1629/1322/1083 1381/1320/1083
f 936/1323/1084 1388/1324/1084 1628/1318/1084 1380/1317/1084
f 936/1323/1085 1380/1317/1085 1598/1261/1085 1174/1270/1085
f 936/1323/1086 1174/1270/1086 1600/1269/1086 1328/1325/1086
f 936/1323/1087 1328/1325/1087 1630/1326/1087 1388/1324/1087
f 937/1327/1088 1329/1328/1088 1601/1273/1088 1175/1272/1088
f 937/1327/1089 1175/1272/1089 1599/1265/1089 1381/1320/1089
f 937/1327/1090 1381/1320/1090 1629/1322/1090 1389/1329/1090
f 937/1327/1091 1389/1329/1091 1631/1330/1091 1329/1328/1091
f 938/1331/1092 1487/1332/1092 1632/1333/1092 1418/1334/1092
f 938/1331/1093 1418/1334/1093 1602/1279/1093 1110/1278/1093
f 938/1331/1094 1110/1278/1094 1604/1277/1094 1330/1335/1094
f 938/1331/1095 1330/1335/1095 1634/1336/1095 1487/1332/1095
f 939/1337/1096 1331/1338/1096 1605/1285/1096 1111/1284/1096
f 939/1337/1097 1111/1284/1097 1603/1283/1097 1419/1339/1097
f 939/1337/1098 1419/1339/1098 1633/1340/1098 1488/1341/1098
f 939/1337/1099 1488/1341/1099 1635/1342/1099 1331/1338/1099
f 1636/1343/1100 1371/1344/1100 1146/1345/1100 1637/1346/1100
f 1150/1001/1101 1505/1000/1101 1636/1343/1101 1637/1346/1101
f 1636/1347/1102 1505/1028/1102 1151/975/1102 1638/1348/1102
f 1636/1347/1103 1638/1348/1103 1147/1349/1103 1371/1350/1103
f 1639/1351/1104 1641/1352/1104 1240/1353/1104 1444/1354/1104
f 1146/1345/1105 1371/1344/1105 1641/1352/1105 1639/1351/1105
f 1640/1355/1106 1641/1356/1106 1371/1350/1106 1147/1349/1106
f 1640/1355/1107 1445/1357/1107 1240/1358/1107 1641/1356/1107
f 940/1359/1108 1501/1360/1108 1646/1361/1108 1452/1362/1108
f 940/1359/1109 1452/1362/1109 1637/1346/1109 1146/1345/1109
f 940/1359/1110 1146/1345/1110 1639/1351/1110 1106/1363/1110
f 940/1359/1111 1106/1363/1111 1648/1364/1111 1501/1360/1111
f 941/1365/1112 1107/1366/1112 1640/1355/1112 1147/1349/1112
f 941/1365/1113 1147/1349/1113 1638/1348/1113 1453/1367/1113
f 941/1365/1114 1453/1367/1114 1647/1368/1114 1502/1369/1114
f 941/1365/1115 1502/1369/1115 1649/1370/1115 1107/1366/1115
f 942/1371/1116 1501/1360/1116 1648/1364/1116 1180/1372/1116
f 942/1371/1117 1180/1372/1117 1534/1043/1117 1192/1042/1117
f 942/1371/1118 1192/1042/1118 1532/1041/1118 1367/1373/1118
f 942/1371/1119 1367/1373/1119 1646/1361/1119 1501/1360/1119
f 943/1374/1120 1368/1375/1120 1533/1046/1120 1193/1045/1120
f 943/1374/1121 1193/1045/1121 1535/1052/1121 1181/1376/1121
f 943/1374/1122 1181/1376/1122 1649/1370/1122 1502/1369/1122
f 943/1374/1123 1502/1369/1123 1647/1368/1123 1368/1375/1123
f 944/1377/1124 1106/1363/1124 1639/1351/1124 1444/1354/1124
f 944/1377/1125 1444/1354/1125 1650/1378/1125 1256/1379/1125
f 944/1377/1126 1256/1379/1126 1534/1043/1126 1180/1372/1126
f 944/1377/1127 1180/1372/1127 1648/1364/1127 1106/1363/1127
f 945/1380/1128 1181/1376/1128 1535/1052/1128 1257/1381/1128
f 945/1380/1129 1257/1381/1129 1651/1382/1129 1445/1357/1129
f 945/1380/1130 1445/1357/1130 1640/1355/1130 1107/1366/1130
f 945/1380/1131 1107/1366/1131 1649/1370/1131 1181/1376/1131
f 1688/1383/1132 1707/1384/1132 1645/1385/1132 1687/1386/1132
f 1444/1354/1133 1240/1353/1133 1652/1387/1133 1650/1378/1133
f 1651/1382/1134 1652/1388/1134 1240/1358/1134 1445/1357/1134
f 1754/1389/1135 1683/1390/1135 1474/1391/1135 1383/1392/1135
f 946/1393/1136 1252/1394/1136 1653/1395/1136 1503/1396/1136
f 946/1393/1137 1503/1396/1137 1637/1346/1137 1452/1362/1137
f 946/1393/1138 1452/1362/1138 1646/1361/1138 1450/1397/1138
f 946/1393/1139 1450/1397/1139 1655/1398/1139 1252/1394/1139
f 947/1399/1140 1451/1400/1140 1647/1368/1140 1453/1367/1140
f 947/1399/1141 1453/1367/1141 1638/1348/1141 1504/1401/1141
f 947/1399/1142 1504/1401/1142 1654/1402/1142 1253/1403/1142
f 947/1399/1143 1253/1403/1143 1656/1404/1143 1451/1400/1143
f 948/1405/1144 1098/1406/1144 1655/1398/1144 1450/1397/1144
f 948/1405/1145 1450/1397/1145 1646/1361/1145 1367/1373/1145
f 948/1405/1146 1367/1373/1146 1532/1041/1146 1460/1124/1146
f 948/1405/1147 1460/1124/1147 1562/1123/1147 1098/1406/1147
f 949/1407/1148 1461/1126/1148 1533/1046/1148 1368/1375/1148
f 949/1407/1149 1368/1375/1149 1647/1368/1149 1451/1400/1149
f 949/1407/1150 1451/1400/1150 1656/1404/1150 1099/1408/1150
f 949/1407/1151 1099/1408/1151 1563/1127/1151 1461/1126/1151
f 950/984/1152 1503/1396/1152 1653/1395/1152 1439/985/1152
f 950/984/1153 1150/1001/1153 1637/1346/1153 1503/1396/1153
f 951/974/1154 1440/992/1154 1654/1402/1154 1504/1401/1154
f 951/974/1155 1504/1401/1155 1638/1348/1155 1151/975/1155
f 952/966/1156 1483/1409/1156 1663/1410/1156 1512/967/1156
f 952/966/1157 1260/1023/1157 1657/1411/1157 1483/1409/1157
f 953/1032/1158 1513/998/1158 1664/1412/1158 1484/1413/1158
f 953/1032/1159 1484/1413/1159 1658/1414/1159 1261/1029/1159
f 954/1415/1160 1238/1416/1160 1665/1417/1160 1074/1418/1160
f 954/1415/1161 1074/1418/1161 1663/1410/1161 1483/1409/1161
f 954/1415/1162 1483/1409/1162 1657/1411/1162 1254/1419/1162
f 954/1415/1163 1254/1419/1163 1659/1420/1163 1238/1416/1163
f 955/1421/1164 1255/1422/1164 1658/1414/1164 1484/1413/1164
f 955/1421/1165 1484/1413/1165 1664/1412/1165 1075/1423/1165
f 955/1421/1166 1075/1423/1166 1666/1424/1166 1239/1425/1166
f 955/1421/1167 1239/1425/1167 1660/1426/1167 1255/1422/1167
f 956/1016/1168 1310/1427/1168 1657/1411/1168 1260/1023/1168
f 956/1016/1169 1439/985/1169 1653/1395/1169 1310/1427/1169
f 957/1018/1170 1261/1029/1170 1658/1414/1170 1311/1428/1170
f 957/1018/1171 1311/1428/1171 1654/1402/1171 1440/992/1171
f 958/1429/1172 1402/1430/1172 1659/1420/1172 1254/1419/1172
f 958/1429/1173 1254/1419/1173 1657/1411/1173 1310/1427/1173
f 958/1429/1174 1310/1427/1174 1653/1395/1174 1252/1394/1174
f 958/1429/1175 1252/1394/1175 1655/1398/1175 1402/1430/1175
f 959/1431/1176 1253/1403/1176 1654/1402/1176 1311/1428/1176
f 959/1431/1177 1311/1428/1177 1658/1414/1177 1255/1422/1177
f 959/1431/1178 1255/1422/1178 1660/1426/1178 1403/1432/1178
f 959/1431/1179 1403/1432/1179 1656/1404/1179 1253/1403/1179
f 960/1433/1180 1359/1434/1180 1659/1420/1180 1402/1430/1180
f 960/1433/1181 1402/1430/1181 1655/1398/1181 1098/1406/1181
f 960/1433/1182 1098/1406/1182 1562/1123/1182 1236/1180/1182
f 960/1433/1183 1236/1180/1183 1576/1179/1183 1359/1434/1183
f 961/1435/1184 1237/1182/1184 1563/1127/1184 1099/1408/1184
f 961/1435/1185 1099/1408/1185 1656/1404/1185 1403/1432/1185
f 961/1435/1186 1403/1432/1186 1660/1426/1186 1360/1436/1186
f 961/1435/1187 1360/1436/1187 1577/1183/1187 1237/1182/1187
f 962/1437/1188 1140/1438/1188 1665/1417/1188 1238/1416/1188
f 962/1437/1189 1238/1416/1189 1659/1420/1189 1359/1434/1189
f 962/1437/1190 1359/1434/1190 1576/1179/1190 1361/1439/1190
f 962/1437/1191 1361/1439/1191 1667/1440/1191 1140/1438/1191
f 963/1441/1192 1362/1442/1192 1577/1183/1192 1360/1436/1192
f 963/1441/1193 1360/1436/1193 1660/1426/1193 1239/1425/1193
f 963/1441/1194 1239/1425/1194 1666/1424/1194 1141/1443/1194
f 963/1441/1195 1141/1443/1195 1668/1444/1195 1362/1442/1195
f 964/1445/1196 1108/1446/1196 1667/1440/1196 1361/1439/1196
f 964/1445/1197 1361/1439/1197 1576/1179/1197 1227/1236/1197
f 964/1445/1198 1227/1236/1198 1661/1235/1198 1207/1447/1198
f 964/1445/1199 1207/1447/1199 1669/1448/1199 1108/1446/1199
f 965/1449/1200 1208/1450/1200 1662/1239/1200 1228/1238/1200
f 965/1449/1201 1228/1238/1201 1577/1183/1201 1362/1442/1201
f 965/1449/1202 1362/1442/1202 1668/1444/1202 1109/1451/1202
f 965/1449/1203 1109/1451/1203 1670/1452/1203 1208/1450/1203
f 966/1453/1204 1280/1454/1204 1669/1448/1204 1207/1447/1204
f 966/1453/1205 1207/1447/1205 1661/1235/1205 1176/1290/1205
f 966/1453/1206 1176/1290/1206 1620/1289/1206 1481/1455/1206
f 966/1453/1207 1481/1455/1207 1644/1456/1207 1280/1454/1207
f 967/1457/1208 1482/1458/1208 1621/1296/1208 1177/1295/1208
f 967/1457/1209 1177/1295/1209 1662/1239/1209 1208/1450/1209
f 967/1457/1210 1208/1450/1210 1670/1452/1210 1281/1459/1210
f 967/1457/1211 1281/1459/1211 1645/1385/1211 1482/1458/1211
f 1663/1410/1212 1678/1460/1212 1390/1005/1212 1512/967/1212
f 1663/1410/1213 1074/1418/1213 1082/1461/1213 1678/1460/1213
f 1513/998/1214 1391/997/1214 1679/1462/1214 1664/1412/1214
f 1665/1417/1215 1684/1463/1215 1082/1461/1215 1074/1418/1215
f 1664/1412/1216 1679/1462/1216 1083/1464/1216 1075/1423/1216
f 1665/1417/1217 1140/1438/1217 1172/1465/1217 1684/1463/1217
f 1075/1423/1218 1083/1464/1218 1685/1466/1218 1666/1424/1218
f 1667/1440/1219 1671/1467/1219 1172/1465/1219 1140/1438/1219
f 1666/1424/1220 1685/1466/1220 1173/1468/1220 1141/1443/1220
f 1667/1440/1221 1108/1446/1221 1430/1469/1221 1671/1467/1221
f 1141/1443/1222 1173/1468/1222 1672/1470/1222 1668/1444/1222
f 1669/1448/1223 1673/1471/1223 1430/1469/1223 1108/1446/1223
f 1668/1444/1224 1672/1470/1224 1431/1472/1224 1109/1451/1224
f 1669/1448/1225 1280/1454/1225 1144/1473/1225 1673/1471/1225
f 1109/1451/1226 1431/1472/1226 1674/1474/1226 1670/1452/1226
f 1644/1456/1227 1686/1475/1227 1144/1473/1227 1280/1454/1227
f 1670/1452/1228 1674/1474/1228 1145/1476/1228 1281/1459/1228
f 1644/1456/1229 1707/1477/1229 1688/1478/1229 1686/1475/1229
f 1281/1459/1230 1145/1476/1230 1687/1386/1230 1645/1385/1230
f 1753/1479/1231 1383/1392/1231 1474/1391/1231 1675/1480/1231
f 1753/1479/1232 1675/1480/1232 1434/973/1232 1382/972/1232
f 1249/1481/1233 1382/1482/1233 1321/1483/1233 1320/1484/1233
f 968/1002/1234 1294/1485/1234 1676/1486/1234 1456/1487/1234
f 968/1002/1235 1390/1005/1235 1678/1460/1235 1294/1485/1235
f 969/1010/1236 1457/1013/1236 1677/1488/1236 1295/1489/1236
f 969/1010/1237 1295/1489/1237 1679/1462/1237 1391/997/1237
f 1755/1490/1238 1321/971/1238 1395/970/1238 1527/1491/1238
f 970/991/1239 1514/1492/1239 1527/1491/1239 1395/970/1239
f 977/990/1240 1457/1013/1240 1235/1012/1240 970/991/1240
f 968/1002/1241 1456/1487/1241 1234/1006/1241 874/1003/1241
f 970/991/1242 1235/1012/1242 1529/1015/1242 1514/1492/1242
f 971/1493/1243 1217/1494/1243 1680/1495/1243 1178/1496/1243
f 971/1493/1244 1178/1496/1244 1676/1486/1244 1294/1485/1244
f 971/1493/1245 1294/1485/1245 1678/1460/1245 1082/1461/1245
f 971/1493/1246 1082/1461/1246 1684/1463/1246 1217/1494/1246
f 972/1497/1247 1083/1464/1247 1679/1462/1247 1295/1489/1247
f 972/1497/1248 1295/1489/1248 1677/1488/1248 1179/1498/1248
f 972/1497/1249 1179/1498/1249 1681/1499/1249 1218/1500/1249
f 972/1497/1250 1218/1500/1250 1685/1466/1250 1083/1464/1250
f 973/1501/1251 1416/1502/1251 1680/1495/1251 1217/1494/1251
f 973/1501/1252 1217/1494/1252 1684/1463/1252 1172/1465/1252
f 973/1501/1253 1172/1465/1253 1671/1467/1253 1430/1469/1253
f 973/1501/1254 1430/1469/1254 1673/1471/1254 1416/1502/1254
f 974/1503/1255 1431/1472/1255 1672/1470/1255 1173/1468/1255
f 974/1503/1256 1173/1468/1256 1685/1466/1256 1218/1500/1256
f 974/1503/1257 1218/1500/1257 1681/1499/1257 1417/1504/1257
f 974/1503/1258 1417/1504/1258 1674/1474/1258 1431/1472/1258
f 975/1505/1259 1322/1506/1259 1682/1507/1259 1340/1508/1259
f 975/1505/1260 1340/1508/1260 1680/1495/1260 1416/1502/1260
f 975/1505/1261 1416/1502/1261 1673/1471/1261 1144/1473/1261
f 975/1505/1262 1144/1473/1262 1686/1475/1262 1322/1506/1262
f 976/1509/1263 1145/1476/1263 1674/1474/1263 1417/1504/1263
f 976/1509/1264 1417/1504/1264 1681/1499/1264 1341/1510/1264
f 976/1509/1265 1341/1510/1265 1683/1390/1265 1323/1511/1265
f 976/1509/1266 1323/1511/1266 1687/1386/1266 1145/1476/1266
f 977/990/1267 1434/973/1267 1675/1480/1267 1248/1512/1267
f 977/990/1268 1248/1512/1268 1677/1488/1268 1457/1013/1268
f 978/1513/1269 1179/1498/1269 1677/1488/1269 1248/1512/1269
f 978/1513/1270 1248/1512/1270 1675/1480/1270 1474/1391/1270
f 978/1513/1271 1474/1391/1271 1683/1390/1271 1341/1510/1271
f 978/1513/1272 1341/1510/1272 1681/1499/1272 1179/1498/1272
f 1644/1456/1273 1412/1514/1273 1194/1515/1273 1707/1477/1273
f 1645/1385/1274 1707/1384/1274 1194/1516/1274 1413/1517/1274
f 979/1518/1275 1334/1519/1275 1691/1520/1275 1124/1521/1275
f 979/1518/1276 1124/1521/1276 1689/1522/1276 1355/1523/1276
f 979/1518/1277 1355/1523/1277 1620/1289/1277 1258/1288/1277
f 979/1518/1278 1258/1288/1278 1622/1292/1278 1334/1519/1278
f 980/1524/1279 1259/1297/1279 1621/1296/1279 1356/1525/1279
f 980/1524/1280 1356/1525/1280 1690/1526/1280 1125/1527/1280
f 980/1524/1281 1125/1527/1281 1692/1528/1281 1335/1529/1281
f 980/1524/1282 1335/1529/1282 1623/1298/1282 1259/1297/1282
f 981/1530/1283 1400/1531/1283 1608/1532/1283 1088/1533/1283
f 981/1530/1284 1088/1533/1284 1606/1534/1284 1154/1535/1284
f 981/1530/1285 1154/1535/1285 1689/1522/1285 1124/1521/1285
f 981/1530/1286 1124/1521/1286 1691/1520/1286 1400/1531/1286
f 982/1536/1287 1125/1527/1287 1690/1526/1287 1155/1537/1287
f 982/1536/1288 1155/1537/1288 1607/1538/1288 1089/1539/1288
f 982/1536/1289 1089/1539/1289 1609/1540/1289 1401/1541/1289
f 982/1536/1290 1401/1541/1290 1692/1528/1290 1125/1527/1290
f 983/1542/1291 1302/1543/1291 1693/1544/1291 1096/1545/1291
f 983/1542/1292 1096/1545/1292 1691/1520/1292 1334/1519/1292
f 983/1542/1293 1334/1519/1293 1622/1292/1293 1268/1300/1293
f 983/1542/1294 1268/1300/1294 1624/1302/1294 1302/1543/1294
f 984/1546/1295 1269/1305/1295 1623/1298/1295 1335/1529/1295
f 984/1546/1296 1335/1529/1296 1692/1528/1296 1097/1547/1296
f 984/1546/1297 1097/1547/1297 1694/1548/1297 1303/1549/1297
f 984/1546/1298 1303/1549/1298 1625/1306/1298 1269/1305/1298
f 985/1550/1299 1276/1551/1299 1695/1552/1299 1094/1553/1299
f 985/1550/1300 1094/1553/1300 1693/1544/1300 1302/1543/1300
f 985/1550/1301 1302/1543/1301 1624/1302/1301 1308/1308/1301
f 985/1550/1302 1308/1308/1302 1626/1310/1302 1276/1551/1302
f 986/1554/1303 1309/1313/1303 1625/1306/1303 1303/1549/1303
f 986/1554/1304 1303/1549/1304 1694/1548/1304 1095/1555/1304
f 986/1554/1305 1095/1555/1305 1696/1556/1305 1277/1557/1305
f 986/1554/1306 1277/1557/1306 1627/1314/1306 1309/1313/1306
f 987/1558/1307 1353/1559/1307 1612/1560/1307 1446/1561/1307
f 987/1558/1308 1446/1561/1308 1610/1562/1308 1365/1563/1308
f 987/1558/1309 1365/1563/1309 1693/1544/1309 1094/1553/1309
f 987/1558/1310 1094/1553/1310 1695/1552/1310 1353/1559/1310
f 988/1564/1311 1095/1555/1311 1694/1548/1311 1366/1565/1311
f 988/1564/1312 1366/1565/1312 1611/1566/1312 1447/1567/1312
f 988/1564/1313 1447/1567/1313 1613/1568/1313 1354/1569/1313
f 988/1564/1314 1354/1569/1314 1696/1556/1314 1095/1555/1314
f 989/1570/1315 1475/1571/1315 1697/1572/1315 1266/1573/1315
f 989/1570/1316 1266/1573/1316 1695/1552/1316 1276/1551/1316
f 989/1570/1317 1276/1551/1317 1626/1310/1317 1213/1316/1317
f 989/1570/1318 1213/1316/1318 1628/1318/1318 1475/1571/1318
f 990/1574/1319 1214/1321/1319 1627/1314/1319 1277/1557/1319
f 990/1574/1320 1277/1557/1320 1696/1556/1320 1267/1575/1320
f 990/1574/1321 1267/1575/1321 1698/1576/1321 1476/1577/1321
f 990/1574/1322 1476/1577/1322 1629/1322/1322 1214/1321/1322
f 991/1578/1323 1296/1579/1323 1614/1580/1323 1152/1581/1323
f 991/1578/1324 1152/1581/1324 1612/1560/1324 1353/1559/1324
f 991/1578/1325 1353/1559/1325 1695/1552/1325 1266/1573/1325
f 991/1578/1326 1266/1573/1326 1697/1572/1326 1296/1579/1326
f 992/1582/1327 1267/1575/1327 1696/1556/1327 1354/1569/1327
f 992/1582/1328 1354/1569/1328 1613/1568/1328 1153/1583/1328
f 992/1582/1329 1153/1583/1329 1615/1584/1329 1297/1585/1329
f 992/1582/1330 1297/1585/1330 1698/1576/1330 1267/1575/1330
f 993/1586/1331 1205/1587/1331 1699/1588/1331 1470/1589/1331
f 993/1586/1332 1470/1589/1332 1697/1572/1332 1475/1571/1332
f 993/1586/1333 1475/1571/1333 1628/1318/1333 1388/1324/1333
f 993/1586/1334 1388/1324/1334 1630/1326/1334 1205/1587/1334
f 994/1590/1335 1389/1329/1335 1629/1322/1335 1476/1577/1335
f 994/1590/1336 1476/1577/1336 1698/1576/1336 1471/1591/1336
f 994/1590/1337 1471/1591/1337 1700/1592/1337 1206/1593/1337
f 994/1590/1338 1206/1593/1338 1631/1330/1338 1389/1329/1338
f 995/1594/1339 1270/1595/1339 1616/1596/1339 1422/1597/1339
f 995/1594/1340 1422/1597/1340 1614/1580/1340 1296/1579/1340
f 995/1594/1341 1296/1579/1341 1697/1572/1341 1470/1589/1341
f 995/1594/1342 1470/1589/1342 1699/1588/1342 1270/1595/1342
f 996/1598/1343 1471/1591/1343 1698/1576/1343 1297/1585/1343
f 996/1598/1344 1297/1585/1344 1615/1584/1344 1423/1599/1344
f 996/1598/1345 1423/1599/1345 1617/1600/1345 1271/1601/1345
f 996/1598/1346 1271/1601/1346 1700/1592/1346 1471/1591/1346
f 997/1602/1347 1130/1603/1347 1703/1604/1347 1464/1605/1347
f 997/1602/1348 1464/1605/1348 1701/1606/1348 1414/1607/1348
f 997/1602/1349 1414/1607/1349 1632/1333/1349 1487/1332/1349
f 997/1602/1350 1487/1332/1350 1634/1336/1350 1130/1603/1350
f 998/1608/1351 1488/1341/1351 1633/1340/1351 1415/1609/1351
f 998/1608/1352 1415/1609/1352 1702/1610/1352 1465/1611/1352
f 998/1608/1353 1465/1611/1353 1704/1612/1353 1131/1613/1353
f 998/1608/1354 1131/1613/1354 1635/1342/1354 1488/1341/1354
f 999/1614/1355 1404/1615/1355 1710/1616/1355 1324/1617/1355
f 999/1614/1356 1324/1617/1356 1618/1618/1356 1466/1619/1356
f 999/1614/1357 1466/1619/1357 1701/1606/1357 1464/1605/1357
f 999/1614/1358 1464/1605/1358 1703/1604/1358 1404/1615/1358
f 1000/1620/1359 1465/1611/1359 1702/1610/1359 1467/1621/1359
f 1000/1620/1360 1467/1621/1360 1619/1622/1360 1325/1623/1360
f 1000/1620/1361 1325/1623/1361 1711/1624/1361 1405/1625/1361
f 1000/1620/1362 1405/1625/1362 1704/1612/1362 1465/1611/1362
f 1001/1626/1363 1392/1627/1363 1705/1628/1363 1264/1629/1363
f 1001/1626/1364 1264/1629/1364 1689/1522/1364 1154/1535/1364
f 1001/1626/1365 1154/1535/1365 1606/1534/1365 1219/1630/1365
f 1001/1626/1366 1219/1630/1366 1642/1631/1366 1392/1627/1366
f 1002/1632/1367 1220/1633/1367 1607/1538/1367 1155/1537/1367
f 1002/1632/1368 1155/1537/1368 1690/1526/1368 1265/1634/1368
f 1002/1632/1369 1265/1634/1369 1706/1635/1369 1393/1636/1369
f 1002/1632/1370 1393/1636/1370 1643/1637/1370 1220/1633/1370
f 1003/1638/1371 1412/1514/1371 1644/1456/1371 1481/1455/1371
f 1003/1638/1372 1481/1455/1372 1620/1289/1372 1355/1523/1372
f 1003/1638/1373 1355/1523/1373 1689/1522/1373 1264/1629/1373
f 1003/1638/1374 1264/1629/1374 1705/1628/1374 1412/1514/1374
f 1004/1639/1375 1265/1634/1375 1690/1526/1375 1356/1525/1375
f 1004/1639/1376 1356/1525/1376 1621/1296/1376 1482/1458/1376
f 1004/1639/1377 1482/1458/1377 1645/1385/1377 1413/1517/1377
f 1004/1639/1378 1413/1517/1378 1706/1635/1378 1265/1634/1378
f 1705/1628/1379 1709/1640/1379 1194/1515/1379 1412/1514/1379
f 1705/1628/1380 1392/1627/1380 1231/1641/1380 1709/1640/1380
f 1706/1635/1381 1709/1642/1381 1231/1643/1381 1393/1636/1381
f 1413/1517/1382 1194/1516/1382 1709/1642/1382 1706/1635/1382
f 1642/1631/1383 1708/1644/1383 1231/1641/1383 1392/1627/1383
f 1740/1645/1384 1741/1646/1384 1112/1647/1384 1441/1648/1384
f 1651/1382/1385 1113/1649/1385 1441/1650/1385 1652/1388/1385
f 1393/1636/1386 1231/1643/1386 1708/1651/1386 1643/1637/1386
f 1005/1652/1387 1290/1108/1387 1556/1107/1387 1136/1653/1387
f 1005/1652/1388 1136/1653/1388 1724/1654/1388 1126/1655/1388
f 1005/1652/1389 1126/1655/1389 1716/1656/1389 1244/1657/1389
f 1005/1652/1390 1244/1657/1390 1558/1109/1390 1290/1108/1390
f 1006/1658/1391 1245/1659/1391 1717/1660/1391 1127/1661/1391
f 1006/1658/1392 1127/1661/1392 1725/1662/1392 1137/1663/1392
f 1006/1658/1393 1137/1663/1393 1557/1112/1393 1291/1111/1393
f 1006/1658/1394 1291/1111/1394 1559/1118/1394 1245/1659/1394
f 1007/1664/1395 1126/1655/1395 1724/1654/1395 1288/1665/1395
f 1007/1664/1396 1288/1665/1396 1552/1093/1396 1396/1092/1396
f 1007/1664/1397 1396/1092/1397 1554/1091/1397 1408/1666/1397
f 1007/1664/1398 1408/1666/1398 1716/1656/1398 1126/1655/1398
f 1008/1667/1399 1409/1668/1399 1555/1099/1399 1397/1098/1399
f 1008/1667/1400 1397/1098/1400 1553/1097/1400 1289/1669/1400
f 1008/1667/1401 1289/1669/1401 1725/1662/1401 1127/1661/1401
f 1008/1667/1402 1127/1661/1402 1717/1660/1402 1409/1668/1402
f 1009/1670/1403 1410/1168/1403 1574/1167/1403 1278/1671/1403
f 1009/1670/1404 1278/1671/1404 1728/1672/1404 1493/1673/1404
f 1009/1670/1405 1493/1673/1405 1724/1654/1405 1136/1653/1405
f 1009/1670/1406 1136/1653/1406 1556/1107/1406 1410/1168/1406
f 1010/1674/1407 1137/1663/1407 1725/1662/1407 1494/1675/1407
f 1010/1674/1408 1494/1675/1408 1729/1676/1408 1279/1677/1408
f 1010/1674/1409 1279/1677/1409 1575/1171/1409 1411/1170/1409
f 1010/1674/1410 1411/1170/1410 1557/1112/1410 1137/1663/1410
f 1011/1678/1411 1493/1673/1411 1728/1672/1411 1162/1679/1411
f 1011/1678/1412 1162/1679/1412 1572/1157/1412 1211/1156/1412
f 1011/1678/1413 1211/1156/1413 1552/1093/1413 1288/1665/1413
f 1011/1678/1414 1288/1665/1414 1724/1654/1414 1493/1673/1414
f 1012/1680/1415 1289/1669/1415 1553/1097/1415 1212/1162/1415
f 1012/1680/1416 1212/1162/1416 1573/1161/1416 1163/1681/1416
f 1012/1680/1417 1163/1681/1417 1729/1676/1417 1494/1675/1417
f 1012/1680/1418 1494/1675/1418 1725/1662/1418 1289/1669/1418
f 1013/1682/1419 1342/1224/1419 1588/1223/1419 1472/1683/1419
f 1013/1682/1420 1472/1683/1420 1730/1684/1420 1092/1685/1420
f 1013/1682/1421 1092/1685/1421 1728/1672/1421 1278/1671/1421
f 1013/1682/1422 1278/1671/1422 1574/1167/1422 1342/1224/1422
f 1014/1686/1423 1279/1677/1423 1729/1676/1423 1093/1687/1423
f 1014/1686/1424 1093/1687/1424 1731/1688/1424 1473/1689/1424
f 1014/1686/1425 1473/1689/1425 1589/1227/1425 1343/1226/1425
f 1014/1686/1426 1343/1226/1426 1575/1171/1426 1279/1677/1426
f 1015/1690/1427 1092/1685/1427 1730/1684/1427 1166/1691/1427
f 1015/1690/1428 1166/1691/1428 1586/1213/1428 1363/1212/1428
f 1015/1690/1429 1363/1212/1429 1572/1157/1429 1162/1679/1429
f 1015/1690/1430 1162/1679/1430 1728/1672/1430 1092/1685/1430
f 1016/1692/1431 1163/1681/1431 1573/1161/1431 1364/1218/1431
f 1016/1692/1432 1364/1218/1432 1587/1217/1432 1167/1693/1432
f 1016/1692/1433 1167/1693/1433 1731/1688/1433 1093/1687/1433
f 1016/1692/1434 1093/1687/1434 1729/1676/1434 1163/1681/1434
f 1017/1694/1435 1292/1280/1435 1602/1279/1435 1318/1695/1435
f 1017/1694/1436 1318/1695/1436 1718/1696/1436 1195/1697/1436
f 1017/1694/1437 1195/1697/1437 1730/1684/1437 1472/1683/1437
f 1017/1694/1438 1472/1683/1438 1588/1223/1438 1292/1280/1438
f 1018/1698/1439 1473/1689/1439 1731/1688/1439 1196/1699/1439
f 1018/1698/1440 1196/1699/1440 1719/1700/1440 1319/1701/1440
f 1018/1698/1441 1319/1701/1441 1603/1283/1441 1293/1282/1441
f 1018/1698/1442 1293/1282/1442 1589/1227/1442 1473/1689/1442
f 1019/1702/1443 1195/1697/1443 1718/1696/1443 1462/1703/1443
f 1019/1702/1444 1462/1703/1444 1600/1269/1444 1090/1268/1444
f 1019/1702/1445 1090/1268/1445 1586/1213/1445 1166/1691/1445
f 1019/1702/1446 1166/1691/1446 1730/1684/1446 1195/1697/1446
f 1020/1704/1447 1167/1693/1447 1587/1217/1447 1091/1274/1447
f 1020/1704/1448 1091/1274/1448 1601/1273/1448 1463/1705/1448
f 1020/1704/1449 1463/1705/1449 1719/1700/1449 1196/1699/1449
f 1020/1704/1450 1196/1699/1450 1731/1688/1450 1167/1693/1450
f 1021/1706/1451 1328/1325/1451 1600/1269/1451 1462/1703/1451
f 1021/1706/1452 1462/1703/1452 1718/1696/1452 1084/1707/1452
f 1021/1706/1453 1084/1707/1453 1726/1708/1453 1428/1709/1453
f 1021/1706/1454 1428/1709/1454 1630/1326/1454 1328/1325/1454
f 1022/1710/1455 1429/1711/1455 1727/1712/1455 1085/1713/1455
f 1022/1710/1456 1085/1713/1456 1719/1700/1456 1463/1705/1456
f 1022/1710/1457 1463/1705/1457 1601/1273/1457 1329/1328/1457
f 1022/1710/1458 1329/1328/1458 1631/1330/1458 1429/1711/1458
f 1023/1714/1459 1084/1707/1459 1718/1696/1459 1318/1695/1459
f 1023/1714/1460 1318/1695/1460 1602/1279/1460 1418/1334/1460
f 1023/1714/1461 1418/1334/1461 1632/1333/1461 1274/1715/1461
f 1023/1714/1462 1274/1715/1462 1726/1708/1462 1084/1707/1462
f 1024/1716/1463 1275/1717/1463 1633/1340/1463 1419/1339/1463
f 1024/1716/1464 1419/1339/1464 1603/1283/1464 1319/1701/1464
f 1024/1716/1465 1319/1701/1465 1719/1700/1465 1085/1713/1465
f 1024/1716/1466 1085/1713/1466 1727/1712/1466 1275/1717/1466
f 1025/1718/1467 1414/1607/1467 1701/1606/1467 1378/1719/1467
f 1025/1718/1468 1378/1719/1468 1720/1720/1468 1489/1721/1468
f 1025/1718/1469 1489/1721/1469 1726/1708/1469 1274/1715/1469
f 1025/1718/1470 1274/1715/1470 1632/1333/1470 1414/1607/1470
f 1026/1722/1471 1275/1717/1471 1727/1712/1471 1490/1723/1471
f 1026/1722/1472 1490/1723/1472 1721/1724/1472 1379/1725/1472
f 1026/1722/1473 1379/1725/1473 1702/1610/1473 1415/1609/1473
f 1026/1722/1474 1415/1609/1474 1633/1340/1474 1275/1717/1474
f 1027/1726/1475 1489/1721/1475 1720/1720/1475 1284/1727/1475
f 1027/1726/1476 1284/1727/1476 1699/1588/1476 1205/1587/1476
f 1027/1726/1477 1205/1587/1477 1630/1326/1477 1428/1709/1477
f 1027/1726/1478 1428/1709/1478 1726/1708/1478 1489/1721/1478
f 1028/1728/1479 1429/1711/1479 1631/1330/1479 1206/1593/1479
f 1028/1728/1480 1206/1593/1480 1700/1592/1480 1285/1729/1480
f 1028/1728/1481 1285/1729/1481 1721/1724/1481 1490/1723/1481
f 1028/1728/1482 1490/1723/1482 1727/1712/1482 1429/1711/1482
f 1029/1730/1483 1466/1619/1483 1618/1618/1483 1458/1731/1483
f 1029/1730/1484 1458/1731/1484 1722/1732/1484 1164/1733/1484
f 1029/1730/1485 1164/1733/1485 1720/1720/1485 1378/1719/1485
f 1029/1730/1486 1378/1719/1486 1701/1606/1486 1466/1619/1486
f 1030/1734/1487 1379/1725/1487 1721/1724/1487 1165/1735/1487
f 1030/1734/1488 1165/1735/1488 1723/1736/1488 1459/1737/1488
f 1030/1734/1489 1459/1737/1489 1619/1622/1489 1467/1621/1489
f 1030/1734/1490 1467/1621/1490 1702/1610/1490 1379/1725/1490
f 1031/1738/1491 1164/1733/1491 1722/1732/1491 1376/1739/1491
f 1031/1738/1492 1376/1739/1492 1616/1596/1492 1270/1595/1492
f 1031/1738/1493 1270/1595/1493 1699/1588/1493 1284/1727/1493
f 1031/1738/1494 1284/1727/1494 1720/1720/1494 1164/1733/1494
f 1032/1740/1495 1285/1729/1495 1700/1592/1495 1271/1601/1495
f 1032/1740/1496 1271/1601/1496 1617/1600/1496 1377/1741/1496
f 1032/1740/1497 1377/1741/1497 1723/1736/1497 1165/1735/1497
f 1032/1740/1498 1165/1735/1498 1721/1724/1498 1285/1729/1498
f 1033/1742/1499 1365/1563/1499 1610/1562/1499 1241/1743/1499
f 1034/1744/1500 1097/1547/1500 1692/1528/1500 1401/1541/1500
f 1034/1744/1501 1242/1745/1501 1611/1566/1501 1366/1565/1501
f 1608/1532/1502 1400/1531/1502 1033/1742/1502 1241/1743/1502
f 1033/1742/1503 1096/1545/1503 1693/1544/1503 1365/1563/1503
f 1035/1746/1504 1232/1747/1504 1749/1748/1504 1170/1749/1504
f 1035/1746/1505 1170/1749/1505 1538/1037/1505 1300/1036/1505
f 1035/1746/1506 1300/1036/1506 1534/1043/1506 1406/1750/1506
f 1035/1746/1507 1406/1750/1507 1747/1751/1507 1232/1747/1507
f 1036/1752/1508 1407/1753/1508 1535/1052/1508 1301/1051/1508
f 1036/1752/1509 1301/1051/1509 1539/1050/1509 1171/1754/1509
f 1036/1752/1510 1171/1754/1510 1750/1755/1510 1233/1756/1510
f 1036/1752/1511 1233/1756/1511 1748/1757/1511 1407/1753/1511
f 1037/1758/1512 1241/1759/1512 1610/1760/1512 1386/1761/1512
f 1037/1758/1513 1386/1761/1513 1738/1762/1513 1138/1763/1513
f 1037/1758/1514 1138/1763/1514 1749/1748/1514 1349/1764/1514
f 1037/1758/1515 1349/1764/1515 1608/1765/1515 1241/1759/1515
f 1038/1766/1516 1350/1767/1516 1750/1755/1516 1139/1768/1516
f 1038/1766/1517 1139/1768/1517 1739/1769/1517 1387/1770/1517
f 1038/1766/1518 1387/1770/1518 1611/1771/1518 1242/1772/1518
f 1038/1766/1519 1242/1772/1519 1609/1773/1519 1350/1767/1519
f 1039/1774/1520 1138/1763/1520 1738/1762/1520 1499/1775/1520
f 1039/1774/1521 1499/1775/1521 1542/1055/1521 1221/1054/1521
f 1039/1774/1522 1221/1054/1522 1538/1037/1522 1170/1749/1522
f 1039/1774/1523 1170/1749/1523 1749/1748/1523 1138/1763/1523
f 1040/1776/1524 1171/1754/1524 1539/1050/1524 1222/1064/1524
f 1040/1776/1525 1222/1064/1525 1543/1063/1525 1500/1777/1525
f 1040/1776/1526 1500/1777/1526 1739/1769/1526 1139/1768/1526
f 1040/1776/1527 1139/1768/1527 1750/1755/1527 1171/1754/1527
f 1041/1778/1528 1446/1779/1528 1612/1780/1528 1225/1781/1528
f 1041/1778/1529 1225/1781/1529 1743/1782/1529 1078/1783/1529
f 1041/1778/1530 1078/1783/1530 1738/1762/1530 1386/1761/1530
f 1041/1778/1531 1386/1761/1531 1610/1760/1531 1446/1779/1531
f 1042/1784/1532 1387/1770/1532 1739/1769/1532 1079/1785/1532
f 1042/1784/1533 1079/1785/1533 1744/1786/1533 1226/1787/1533
f 1042/1784/1534 1226/1787/1534 1613/1788/1534 1447/1789/1534
f 1042/1784/1535 1447/1789/1535 1611/1771/1535 1387/1770/1535
f 1043/1790/1536 1078/1783/1536 1743/1782/1536 1188/1791/1536
f 1043/1790/1537 1188/1791/1537 1546/1067/1537 1201/1066/1537
f 1043/1790/1538 1201/1066/1538 1542/1055/1538 1499/1775/1538
f 1043/1790/1539 1499/1775/1539 1738/1762/1539 1078/1783/1539
f 1044/1792/1540 1500/1777/1540 1543/1063/1540 1202/1076/1540
f 1044/1792/1541 1202/1076/1541 1547/1075/1541 1189/1793/1541
f 1044/1792/1542 1189/1793/1542 1744/1786/1542 1079/1785/1542
f 1044/1792/1543 1079/1785/1543 1739/1769/1543 1500/1777/1543
f 1045/1794/1544 1152/1795/1544 1614/1796/1544 1120/1797/1544
f 1045/1794/1545 1120/1797/1545 1736/1798/1545 1477/1799/1545
f 1045/1794/1546 1477/1799/1546 1743/1782/1546 1225/1781/1546
f 1045/1794/1547 1225/1781/1547 1612/1780/1547 1152/1795/1547
f 1046/1800/1548 1226/1787/1548 1744/1786/1548 1478/1801/1548
f 1046/1800/1549 1478/1801/1549 1737/1802/1549 1121/1803/1549
f 1046/1800/1550 1121/1803/1550 1615/1804/1550 1153/1805/1550
f 1046/1800/1551 1153/1805/1551 1613/1788/1551 1226/1787/1551
f 1047/1806/1552 1477/1799/1552 1736/1798/1552 1209/1807/1552
f 1047/1806/1553 1209/1807/1553 1550/1079/1553 1168/1078/1553
f 1047/1806/1554 1168/1078/1554 1546/1067/1554 1188/1791/1554
f 1047/1806/1555 1188/1791/1555 1743/1782/1555 1477/1799/1555
f 1048/1808/1556 1189/1793/1556 1547/1075/1556 1169/1088/1556
f 1048/1808/1557 1169/1088/1557 1551/1087/1557 1210/1809/1557
f 1048/1808/1558 1210/1809/1558 1737/1802/1558 1478/1801/1558
f 1048/1808/1559 1478/1801/1559 1744/1786/1559 1189/1793/1559
f 1049/1810/1560 1422/1811/1560 1616/1812/1560 1132/1813/1560
f 1049/1810/1561 1132/1813/1561 1745/1814/1561 1076/1815/1561
f 1049/1810/1562 1076/1815/1562 1736/1798/1562 1120/1797/1562
f 1049/1810/1563 1120/1797/1563 1614/1796/1563 1422/1811/1563
f 1050/1816/1564 1121/1803/1564 1737/1802/1564 1077/1817/1564
f 1050/1816/1565 1077/1817/1565 1746/1818/1565 1133/1819/1565
f 1050/1816/1566 1133/1819/1566 1617/1820/1566 1423/1821/1566
f 1050/1816/1567 1423/1821/1567 1615/1804/1567 1121/1803/1567
f 1051/1822/1568 1076/1815/1568 1745/1814/1568 1374/1823/1568
f 1051/1822/1569 1374/1823/1569 1554/1091/1569 1122/1090/1569
f 1051/1822/1570 1122/1090/1570 1550/1079/1570 1209/1807/1570
f 1051/1822/1571 1209/1807/1571 1736/1798/1571 1076/1815/1571
f 1052/1824/1572 1210/1809/1572 1551/1087/1572 1123/1100/1572
f 1052/1824/1573 1123/1100/1573 1555/1099/1573 1375/1825/1573
f 1052/1824/1574 1375/1825/1574 1746/1818/1574 1077/1817/1574
f 1052/1824/1575 1077/1817/1575 1737/1802/1575 1210/1809/1575
f 1053/1826/1576 1324/1827/1576 1710/1828/1576 1372/1829/1576
f 1053/1826/1577 1372/1829/1577 1732/1830/1577 1298/1831/1577
f 1053/1826/1578 1298/1831/1578 1734/1832/1578 1104/1833/1578
f 1053/1826/1579 1104/1833/1579 1618/1834/1579 1324/1827/1579
f 1054/1835/1580 1105/1836/1580 1735/1837/1580 1299/1838/1580
f 1054/1835/1581 1299/1838/1581 1733/1839/1581 1373/1840/1581
f 1054/1835/1582 1373/1840/1582 1711/1841/1582 1325/1842/1582
f 1054/1835/1583 1325/1842/1583 1619/1843/1583 1105/1836/1583
f 1055/1844/1584 1298/1831/1584 1732/1830/1584 1118/1845/1584
f 1055/1844/1585 1118/1845/1585 1560/1103/1585 1304/1102/1585
f 1055/1844/1586 1304/1102/1586 1558/1109/1586 1203/1846/1586
f 1055/1844/1587 1203/1846/1587 1734/1832/1587 1298/1831/1587
f 1056/1847/1588 1204/1848/1588 1559/1118/1588 1305/1117/1588
f 1056/1847/1589 1305/1117/1589 1561/1116/1589 1119/1849/1589
f 1056/1847/1590 1119/1849/1590 1733/1839/1590 1299/1838/1590
f 1056/1847/1591 1299/1838/1591 1735/1837/1591 1204/1848/1591
f 1057/1850/1592 1219/1851/1592 1606/1852/1592 1134/1853/1592
f 1057/1850/1593 1134/1853/1593 1747/1751/1593 1347/1854/1593
f 1057/1850/1594 1347/1854/1594 1741/1646/1594 1272/1855/1594
f 1057/1850/1595 1272/1855/1595 1642/1856/1595 1219/1851/1595
f 1058/1857/1596 1273/1858/1596 1742/1859/1596 1348/1860/1596
f 1058/1857/1597 1348/1860/1597 1748/1757/1597 1135/1861/1597
f 1058/1857/1598 1135/1861/1598 1607/1862/1598 1220/1863/1598
f 1058/1857/1599 1220/1863/1599 1643/1864/1599 1273/1858/1599
f 1059/1865/1600 1347/1854/1600 1747/1751/1600 1406/1750/1600
f 1059/1865/1601 1406/1750/1601 1534/1043/1601 1256/1379/1601
f 1059/1865/1602 1256/1379/1602 1650/1378/1602 1112/1647/1602
f 1059/1865/1603 1112/1647/1603 1741/1646/1603 1347/1854/1603
f 1060/1866/1604 1113/1649/1604 1651/1382/1604 1257/1381/1604
f 1060/1866/1605 1257/1381/1605 1535/1052/1605 1407/1753/1605
f 1060/1866/1606 1407/1753/1606 1748/1757/1606 1348/1860/1606
f 1060/1866/1607 1348/1860/1607 1742/1859/1607 1113/1649/1607
f 1642/1856/1608 1272/1855/1608 1346/1867/1608 1708/1868/1608
f 1441/1648/1609 1112/1647/1609 1650/1378/1609 1652/1387/1609
f 1643/1864/1610 1708/1869/1610 1346/1870/1610 1273/1858/1610
f 1072/1871/1611 1071/1872/1611 1234/1006/1611 1456/1487/1611
f 1346/1867/1612 1272/1855/1612 1741/1646/1612 1740/1645/1612
f 1740/1873/1613 1742/1859/1613 1273/1858/1613 1346/1870/1613
f 1754/1389/1614 1394/1874/1614 1323/1511/1614 1683/1390/1614
f 1740/1873/1615 1441/1650/1615 1113/1649/1615 1742/1859/1615
f 1061/1875/1616 1376/1876/1616 1722/1877/1616 1186/1878/1616
f 1061/1875/1617 1186/1878/1617 1751/1879/1617 1128/1880/1617
f 1061/1875/1618 1128/1880/1618 1745/1814/1618 1132/1813/1618
f 1061/1875/1619 1132/1813/1619 1616/1812/1619 1376/1876/1619
f 1062/1881/1620 1133/1819/1620 1746/1818/1620 1129/1882/1620
f 1062/1881/1621 1129/1882/1621 1752/1883/1621 1187/1884/1621
f 1062/1881/1622 1187/1884/1622 1723/1885/1622 1377/1886/1622
f 1062/1881/1623 1377/1886/1623 1617/1820/1623 1133/1819/1623
f 1063/1887/1624 1128/1880/1624 1751/1879/1624 1437/1888/1624
f 1063/1887/1625 1437/1888/1625 1716/1656/1625 1408/1666/1625
f 1063/1887/1626 1408/1666/1626 1554/1091/1626 1374/1823/1626
f 1063/1887/1627 1374/1823/1627 1745/1814/1627 1128/1880/1627
f 1064/1889/1628 1375/1825/1628 1555/1099/1628 1409/1668/1628
f 1064/1889/1629 1409/1668/1629 1717/1660/1629 1438/1890/1629
f 1064/1889/1630 1438/1890/1630 1752/1883/1630 1129/1882/1630
f 1064/1889/1631 1129/1882/1631 1746/1818/1631 1375/1825/1631
f 1065/1891/1632 1458/1892/1632 1618/1834/1632 1104/1833/1632
f 1065/1891/1633 1104/1833/1633 1734/1832/1633 1142/1893/1633
f 1065/1891/1634 1142/1893/1634 1751/1879/1634 1186/1878/1634
f 1065/1891/1635 1186/1878/1635 1722/1877/1635 1458/1892/1635
f 1066/1894/1636 1187/1884/1636 1752/1883/1636 1143/1895/1636
f 1066/1894/1637 1143/1895/1637 1735/1837/1637 1105/1836/1637
f 1066/1894/1638 1105/1836/1638 1619/1843/1638 1459/1896/1638
f 1066/1894/1639 1459/1896/1639 1723/1885/1639 1187/1884/1639
f 1067/1897/1640 1142/1893/1640 1734/1832/1640 1203/1846/1640
f 1067/1897/1641 1203/1846/1641 1558/1109/1641 1244/1657/1641
f 1067/1897/1642 1244/1657/1642 1716/1656/1642 1437/1888/1642
f 1067/1897/1643 1437/1888/1643 1751/1879/1643 1142/1893/1643
f 1068/1898/1644 1438/1890/1644 1717/1660/1644 1245/1659/1644
f 1068/1898/1645 1245/1659/1645 1559/1118/1645 1204/1848/1645
f 1068/1898/1646 1204/1848/1646 1735/1837/1646 1143/1895/1646
f 1068/1898/1647 1143/1895/1647 1752/1883/1647 1438/1890/1647
f 1069/1899/1648 1349/1764/1648 1749/1748/1648 1232/1747/1648
f 1070/1900/1649 1233/1756/1649 1750/1755/1649 1350/1767/1649
f 1070/1900/1650 1089/1901/1650 1607/1862/1650 1135/1861/1650
f 1069/1899/1651 1088/1902/1651 1608/1765/1651 1349/1764/1651
f 1609/1773/1652 1089/1901/1652 1070/1900/1652 1350/1767/1652
f 1070/1900/1653 1135/1861/1653 1748/1757/1653 1233/1756/1653
f 1756/1903/1654 1320/1484/1654 1321/1483/1654 1755/1904/1654
f 1757/1905/1655 1753/1906/1655 1382/1482/1655 1249/1481/1655
f 1754/1907/1656 1383/1908/1656 1517/1909/1656 1682/1507/1656
f 1071/1872/1657 1320/1484/1657 1756/1903/1657 1515/1910/1657
f 1071/1872/1658 1515/1910/1658 1528/1007/1658 1234/1006/1658
f 1072/1871/1659 1249/1481/1659 1320/1484/1659 1071/1872/1659
f 1072/1871/1660 1456/1487/1660 1676/1486/1660 1516/1911/1660
f 1072/1871/1661 1516/1911/1661 1757/1905/1661 1249/1481/1661
f 1073/1912/1662 1517/1909/1662 1757/1905/1662 1516/1911/1662
f 1073/1912/1663 1516/1911/1663 1676/1486/1663 1178/1496/1663
f 1073/1912/1664 1178/1496/1664 1680/1495/1664 1340/1508/1664
f 1073/1912/1665 1340/1508/1665 1682/1507/1665 1517/1909/1665
f 1757/1905/1666 1517/1909/1666 1383/1908/1666 1753/1906/1666
f 1686/1475/1667 1688/1478/1667 1394/1913/1667 1322/1506/1667
f 1518/1914/1668 1243/999/1668 1344/983/1668 1519/982/1668
f 1323/1511/1669 1394/1874/1669 1688/1383/1669 1687/1386/1669
f 1523/1030/1670 1199/968/1670 1369/1004/1670 1525/1009/1670
f 1322/1506/1671 1394/1913/1671 1754/1907/1671 1682/1507/1671
f 1518/1915/1672 1520/986/1672 1345/976/1672 1243/1027/1672
f 1034/1744/1673 1401/1541/1673 1609/1540/1673 1242/1745/1673
f 1694/1548/1674 1097/1547/1674 1034/1744/1674 1366/1565/1674
f 1033/1742/1675 1400/1531/1675 1691/1520/1675 1096/1545/1675
f 1747/1751/1676 1134/1853/1676 1069/1899/1676 1232/1747/1676
f 1069/1899/1677 1134/1853/1677 1606/1852/1677 1088/1902/1677
f 1199/968/1678 1512/967/1678 1390/1005/1678 1369/1004/1678
f 1/1916/1679 71/1917/1679 1767/965/1679 1769/924/1679
f 680/1918/1680 1759/925/1680 1764/956/1680 67/1919/1680
f 3/1920/1681 178/1921/1681 1763/951/1681 1778/964/1681
f 3/1920/1682 1778/964/1682 1767/965/1682 71/1917/1682
f 6/1922/1683 1765/963/1683 1770/962/1683 73/1923/1683
f 6/1922/1684 69/1924/1684 1775/957/1684 1765/963/1684
f 8/1925/1685 1761/961/1685 1760/946/1685 332/1926/1685
f 8/1925/1686 73/1923/1686 1770/962/1686 1761/961/1686
f 14/1927/1687 89/1928/1687 1771/960/1687 1774/959/1687
f 14/1927/1688 1774/959/1688 1766/958/1688 99/1929/1688
f 669/1930/1689 99/1929/1689 1766/958/1689 1797/927/1689
f 15/1931/1690 1762/926/1690 1775/957/1690 69/1924/1690
f 19/1932/1691 67/1919/1691 1764/956/1691 1773/955/1691
f 19/1932/1692 1773/955/1692 1768/954/1692 109/1933/1692
f 20/1934/1693 109/1933/1693 1768/954/1693 1777/952/1693
f 20/1934/1694 1777/952/1694 1771/953/1694 89/1935/1694
f 56/1936/1695 328/1937/1695 1772/934/1695 1776/950/1695
f 56/1936/1696 1776/950/1696 1763/951/1696 178/1921/1696
f 260/1938/1697 1787/928/1697 1785/949/1697 334/1939/1697
f 659/1940/1698 326/1941/1698 1782/939/1698 1796/929/1698
f 262/1942/1699 1795/948/1699 1781/933/1699 447/1943/1699
f 262/1942/1700 334/1939/1700 1785/949/1700 1795/948/1700
f 265/1944/1701 336/1945/1701 1788/945/1701 1783/947/1701
f 265/1944/1702 1783/947/1702 1792/940/1702 330/1946/1702
f 267/1947/1703 332/1926/1703 1760/946/1703 1779/944/1703
f 267/1947/1704 1779/944/1704 1788/945/1704 336/1945/1704
f 273/1948/1705 1791/942/1705 1789/943/1705 355/1949/1705
f 273/1948/1706 365/1950/1706 1784/941/1706 1791/942/1706
f 648/1951/1707 1758/931/1707 1784/941/1707 365/1950/1707
f 274/1952/1708 330/1946/1708 1792/940/1708 1780/930/1708
f 278/1953/1709 1790/938/1709 1782/939/1709 326/1941/1709
f 278/1953/1710 375/1954/1710 1786/937/1710 1790/938/1710
f 279/1955/1711 1794/935/1711 1786/937/1711 375/1954/1711
f 279/1955/1712 355/1956/1712 1789/936/1712 1794/935/1712
f 315/1957/1713 1793/932/1713 1772/934/1713 328/1937/1713
f 315/1957/1714 447/1943/1714 1781/933/1714 1793/932/1714
f 274/1952/1715 1780/930/1715 1758/931/1715 648/1951/1715
f 260/1938/1716 659/1940/1716 1796/929/1716 1787/928/1716
f 15/1931/1717 669/1930/1717 1797/927/1717 1762/926/1717
f 1/1916/1718 1769/924/1718 1759/925/1718 680/1918/1718
