# Blender 5.0.1
# www.blender.org
mtllib hair.mtl
o bob_blond
v 0.074100 15.890200 0.940199
v 0.282900 15.924000 0.788099
v 0.007700 15.971901 0.776999
v 0.264900 15.942501 0.658799
v -0.097800 15.775900 1.079799
v -0.187600 15.897400 0.873099
v -0.275700 15.613800 1.187199
v -0.402200 15.733500 0.964199
v -0.436500 15.423300 1.248799
v -0.567100 15.513300 1.027299
v -0.582600 15.147700 1.292699
v -0.707800 15.196000 1.081699
v -0.623400 14.836400 1.285299
v -0.757600 14.887700 1.081299
v -0.646200 14.468300 1.212999
v -0.754400 14.499701 1.028099
v -0.656900 14.187400 1.176699
v -0.736300 14.215700 0.991999
v -0.550800 13.835800 0.985499
v -0.582200 13.874800 0.838799
v -0.466000 13.758700 0.849699
v -0.504400 13.773800 0.756899
v -0.029800 16.000000 0.564799
v -0.243000 15.946600 0.610599
v -0.472900 15.799200 0.671999
v -0.634200 15.595900 0.724999
v -0.787500 15.281500 0.768399
v -0.855900 14.927000 0.767599
v -0.847100 14.554100 0.738399
v -0.816900 14.297800 0.701899
v -0.652900 13.919100 0.603299
v -0.571000 13.796500 0.582999
v -0.036800 16.002300 0.331199
v -0.246600 15.959200 0.323599
v -0.460600 15.835501 0.333599
v -0.626500 15.664900 0.329099
v -0.795700 15.380600 0.312599
v -0.871400 15.014200 0.309799
v -0.860500 14.622300 0.302999
v -0.806100 14.354100 0.299599
v -0.718600 14.035100 0.256199
v -0.604500 13.826000 0.255999
v 0.000400 15.988600 0.135599
v -0.189100 15.950201 0.076899
v -0.386800 15.857000 0.031299
v -0.548200 15.693901 -0.023201
v -0.677800 15.411100 -0.081601
v -0.749200 15.063000 -0.105101
v -0.744400 14.696400 -0.138901
v -0.687300 14.448700 -0.115201
v -0.605600 14.138500 -0.054501
v -0.505900 13.881300 -0.019401
v 0.250500 15.957201 0.505899
v 0.249300 15.960300 0.359199
v 0.255600 15.952400 0.257399
v 0.106600 15.934200 -0.031001
v 0.001100 15.896400 -0.154601
v -0.088000 15.808599 -0.284501
v 0.278700 15.922701 0.152299
v -0.163100 15.687300 -0.407801
v -0.231400 15.417900 -0.537601
v -0.258000 15.092900 -0.578701
v -0.259100 14.706600 -0.571001
v -0.224700 14.444901 -0.512801
v -0.181600 14.175200 -0.376801
v -0.146500 13.924700 -0.311501
v 0.260500 15.871901 -0.064101
v 0.239900 15.815201 -0.190901
v 0.235000 15.722401 -0.319501
v 0.307100 15.895599 0.101399
v 0.237200 15.593000 -0.423201
v 0.360300 15.820499 -0.048401
v 0.384800 15.748701 -0.154301
v 0.412100 15.646101 -0.254401
v 0.442700 15.519001 -0.346701
v 0.337600 15.871000 0.095199
v 0.134900 15.825001 1.076499
v 0.299800 15.899601 0.865699
v -0.004300 15.693701 1.211199
v -0.189900 15.543301 1.322499
v 0.238900 15.701700 1.214699
v 0.324200 15.860800 0.960199
v 0.161500 15.555201 1.340499
v 0.028400 15.344299 1.467299
v 0.370500 15.520100 1.204399
v 0.381900 15.790701 0.983099
v 0.286300 15.361401 1.368199
v 0.192900 15.094700 1.474899
v 0.578700 15.256300 1.212699
v 0.630400 15.406200 1.038699
v 0.510200 15.647100 1.045499
v 0.480500 15.427099 1.246099
v 0.437000 15.799500 0.013999
v 0.496300 15.732201 -0.068801
v 0.548600 15.624901 -0.137301
v 0.600900 15.482300 -0.200101
v 0.346200 15.872000 0.141099
v 0.478800 15.844000 0.160899
v 0.566700 15.768200 0.125799
v 0.643400 15.656500 0.103799
v 0.710100 15.490299 0.108399
v 0.339300 15.901600 0.249499
v 0.331300 15.922600 0.348799
v 0.326100 15.926001 0.483599
v 0.487300 15.861000 0.306899
v 0.482200 15.856899 0.451699
v 0.330400 15.907900 0.628499
v 0.485600 15.838100 0.597999
v 0.346500 15.880400 0.761099
v 0.495300 15.799801 0.736799
v 0.360100 15.854401 0.843699
v 0.503800 15.753401 0.846199
v 0.645600 15.637600 0.281499
v 0.640800 15.614599 0.427799
v 0.643200 15.592300 0.583999
v 0.640400 15.555700 0.722299
v 0.635100 15.510000 0.837999
v 0.567100 15.685801 0.718499
v 0.565800 15.637701 0.828999
v 0.566300 15.728399 0.584399
v 0.562500 15.752600 0.434899
v 0.569800 15.767000 0.286099
v 0.571400 15.530901 1.039099
v 0.534700 15.337800 1.240499
v 0.618000 15.156900 1.182899
v 0.695900 15.254300 1.039899
v 0.721000 15.460001 0.295599
v 0.722800 15.443001 0.435899
v 0.728600 15.423901 0.585999
v 0.731100 15.388000 0.719899
v 0.724800 15.344299 0.838499
v 0.804800 15.220800 0.093799
v 0.670300 14.985600 1.162099
v 0.772700 15.035200 1.009099
v 0.822500 15.191700 0.306799
v 0.831600 15.177000 0.466299
v 0.836100 15.157800 0.603099
v 0.835100 15.120501 0.721399
v 0.821800 15.085800 0.825799
v 0.857600 14.921200 0.061199
v 0.664900 14.707900 1.150899
v 0.795100 14.743100 0.994399
v 0.878600 14.890000 0.304399
v 0.893400 14.863400 0.460199
v 0.893100 14.830200 0.602099
v 0.881000 14.798700 0.716099
v 0.868800 14.776300 0.805299
v 0.842900 14.609000 -0.016201
v 0.618000 14.289500 1.178899
v 0.739400 14.338700 1.028799
v 0.880900 14.533000 0.259899
v 0.883500 14.493800 0.433399
v 0.876300 14.449400 0.575599
v 0.851100 14.410400 0.699299
v 0.820900 14.384000 0.815999
v 0.231200 15.364300 -0.552001
v 0.468500 15.304800 -0.454701
v 0.654100 15.265800 -0.308001
v 0.233900 15.077100 -0.603201
v 0.483700 15.033700 -0.504501
v 0.677000 14.988000 -0.368101
v 0.240900 14.707400 -0.567201
v 0.466300 14.681400 -0.493001
v 0.665800 14.642500 -0.387301
v 0.795100 14.372800 -0.014901
v 0.234600 14.469700 -0.487201
v 0.450600 14.454000 -0.424701
v 0.633900 14.420401 -0.315401
v -0.340300 15.358801 1.398399
v -0.142500 15.161100 1.529699
v 0.078300 14.888300 1.511299
v -0.477300 15.075900 1.396399
v -0.337300 14.908100 1.485099
v -0.108400 14.671400 1.549799
v -0.546800 14.780400 1.367099
v -0.457500 14.710800 1.384999
v -0.306000 14.559300 1.458599
v -0.598700 14.451500 1.288099
v -0.552600 14.418000 1.336299
v -0.483700 14.379300 1.308799
v -0.615200 14.180300 1.229399
v -0.579000 14.172501 1.278399
v -0.515300 14.171801 1.259599
v -0.541500 13.829300 1.039599
v -0.523800 13.820900 1.120299
v -0.479900 13.858200 1.100599
v -0.455700 13.750000 0.889799
v -0.452100 13.736100 1.006899
v -0.447000 13.761900 0.981899
v 0.564600 14.039001 1.164799
v 0.676700 14.105000 1.036499
v 0.838000 14.326600 0.201699
v 0.824400 14.248200 0.393599
v 0.810600 14.219200 0.556899
v 0.774800 14.192900 0.696699
v 0.751300 14.165500 0.822899
v 0.686000 13.905500 -0.012801
v 0.395000 14.007200 -0.273801
v 0.550600 13.943300 -0.201201
v 0.440600 13.792200 1.074599
v 0.480300 13.784700 0.981999
v 0.711000 13.876700 0.168399
v 0.703400 13.861300 0.368799
v 0.660800 13.853300 0.532699
v 0.608600 13.837400 0.650399
v 0.562400 13.826200 0.771599
v 0.743900 14.054000 -0.022601
v 0.757200 14.056200 0.169599
v 0.670000 13.939200 0.659399
v 0.637800 13.913600 0.783899
v 0.713300 13.944500 0.513099
v 0.758900 13.993100 0.354699
v 0.545300 13.870100 0.998999
v 0.475100 13.860200 1.112799
v 0.594700 14.137700 -0.229901
v 0.407400 14.211500 -0.298601
v 0.214900 14.214601 -0.360501
v 0.212300 13.998700 -0.342701
v 0.350800 15.549900 -0.389201
v 0.335400 15.681299 -0.293601
v 0.320500 15.781500 -0.179701
v 0.314300 15.843300 -0.059601
v 0.323000 15.883400 0.102299
v 0.237800 15.466400 1.383299
v 0.116700 15.235800 1.507899
v 0.311300 15.617399 1.247999
v 0.353600 15.832300 0.962099
v 0.316300 15.898600 0.162999
v 0.301200 15.923000 0.265799
v 0.293500 15.932699 0.358799
v 0.289000 15.931200 0.495199
v 0.329300 15.878901 0.843899
v 0.315100 15.897501 0.767799
v 0.297200 15.917900 0.639799
v 0.365100 15.331700 -0.506101
v 0.372800 15.057301 -0.556401
v 0.364800 14.696200 -0.531901
v 0.351800 14.464100 -0.457701
v -0.017000 15.033700 1.566299
v -0.225600 14.781000 1.534699
v -0.392100 14.640700 1.447099
v -0.512200 14.392200 1.334799
v -0.528600 14.166600 1.280199
v -0.495100 13.829600 1.143099
v -0.439500 13.748500 1.029899
v 0.331800 14.198200 -0.361801
v 0.312500 14.006500 -0.315501
v 0.189900 15.942699 0.860699
v 0.151600 15.977400 0.708199
v 0.124900 15.998400 0.346899
v 0.127300 15.999201 0.525199
v 0.145700 15.983900 0.205299
v 0.203500 15.938000 0.073699
v 0.285500 15.888700 0.034499
v 0.345700 15.852800 0.036299
v 0.240500 15.894199 0.958499
v 0.295300 15.807199 1.067899
v 0.398100 15.680901 1.123099
v 0.437700 15.481899 1.236899
v 0.443800 15.737101 1.021999
v 0.611700 15.326700 1.141399
v 0.502800 15.527100 1.158299
v 0.388900 15.840000 0.084999
v 0.400900 15.885000 0.205799
v 0.402100 15.907900 0.329599
v 0.398700 15.910999 0.469299
v 0.403200 15.896101 0.614999
v 0.418500 15.861799 0.751799
v 0.431200 15.824600 0.850499
v 0.558100 15.428699 1.145399
v 0.670100 15.206300 1.121899
v 0.729200 15.012000 1.095699
v 0.740600 14.726600 1.082499
v 0.680600 14.308600 1.121099
v 0.621800 14.066000 1.097699
v 0.453800 13.782001 1.041299
v 0.525700 13.854500 1.059199
v 0.319100 15.871401 0.031199
v 0.342800 15.756300 1.104799
v 0.448200 15.613600 1.154499
v 0.084800 15.628000 1.285299
v -0.106100 15.468201 1.386399
v 0.186000 15.765100 1.151899
v 0.314500 15.882401 0.913799
v 0.505800 15.707001 0.943299
v 0.635700 15.462801 0.942299
v 0.370500 15.832500 0.904799
v 0.569000 15.593000 0.935399
v 0.712000 15.298700 0.944399
v 0.800300 15.058800 0.919199
v 0.840300 14.757300 0.899199
v 0.781000 14.360900 0.919799
v -0.249600 15.285300 1.456599
v -0.400700 14.992600 1.424599
v -0.496700 14.745000 1.389699
v -0.571800 14.435400 1.317399
v -0.598600 14.178101 1.255099
v -0.532300 13.825900 1.078699
v -0.458500 13.745700 0.957999
v 0.713600 14.129700 0.930899
v 0.517100 13.803700 0.884099
v 0.597700 13.877600 0.889899
v 0.341100 15.861200 0.894999
v 0.267600 15.851801 1.018199
v 0.439800 15.788601 0.930699
v 0.053500 15.965000 0.032199
v 0.265700 15.937401 0.198699
v -0.253100 15.845100 -0.171901
v -0.106200 15.932800 -0.069301
v -0.323900 13.908500 -0.188801
v -0.426800 14.093700 -0.254501
v -0.488200 14.431800 -0.373801
v -0.517300 14.701400 -0.420201
v -0.543200 15.089700 -0.402401
v -0.485500 15.430901 -0.360701
v -0.377200 15.707500 -0.264101
v 0.462600 15.820400 0.073599
v 0.343900 15.882700 0.187999
v 0.667300 15.497000 -0.071101
v 0.607500 15.648600 -0.039401
v 0.539800 15.750101 0.013599
v 0.740900 15.249001 -0.117501
v 0.792900 14.954000 -0.179401
v 0.774900 14.622800 -0.242701
v 0.733900 14.398700 -0.190001
v 0.626000 13.920200 -0.129201
v 0.682200 14.102100 -0.140801
v 0.309500 15.911100 0.207699
v 0.172100 15.960501 0.125299
v 0.397600 15.859301 0.134799
v 0.051600 15.642500 -0.448201
v 0.077500 15.769400 -0.323901
v 0.182400 15.903200 -0.054601
v 0.294100 15.908001 0.123999
v 0.121400 15.858400 -0.187201
v 0.394000 15.797600 -0.020201
v 0.342600 15.870300 0.114999
v 0.524500 15.493799 -0.283901
v 0.481800 15.629400 -0.204101
v 0.442200 15.732201 -0.117001
v 0.558000 15.284600 -0.393101
v 0.580000 15.011400 -0.446901
v 0.558600 14.652101 -0.438501
v 0.015700 15.395800 -0.586001
v 0.003900 15.079101 -0.624901
v 0.018400 14.715000 -0.601901
v 0.542700 14.438601 -0.373301
v 0.025100 14.465700 -0.528201
v 0.469300 13.979100 -0.240301
v 0.488000 14.196600 -0.254501
v 0.034900 14.189900 -0.404101
v 0.051500 13.965301 -0.362201
v 0.320700 15.890600 0.134899
v 0.243600 15.912800 0.048499
v 0.366200 15.840000 0.056199
v 0.245500 15.323500 1.277799
v 0.133600 15.112101 1.343099
v 0.019600 14.945601 1.372299
v -0.142800 14.774200 1.400499
v -0.327800 14.627000 1.317899
v -0.466600 14.430000 1.191799
v -0.498300 14.221100 1.161099
v -0.466400 13.910800 1.025099
v -0.444300 13.776900 0.928599
v 0.348600 15.489799 1.175099
v 0.173000 15.381701 1.069099
v 0.026900 15.213800 1.132099
v -0.108300 15.111000 1.213499
v 0.299200 15.462999 1.024199
v -0.261800 14.927300 1.189099
v -0.412400 14.785000 1.096099
v -0.535300 14.576000 0.960099
v -0.535600 14.350500 0.946699
v -0.482500 13.956500 0.843999
v -0.467600 13.796801 0.833599
v -0.544000 14.648400 0.699799
v -0.546500 14.442300 0.687799
v -0.517700 13.984700 0.627799
v -0.515400 13.813500 0.657099
v -0.056100 15.375601 0.884999
v -0.184700 15.219400 0.936099
v -0.326600 15.051701 0.908299
v -0.478600 14.866600 0.788699
v 0.114600 15.428301 0.802899
v 0.254700 15.514101 0.772399
v -0.537500 14.013400 0.480299
v -0.570900 13.824700 0.487299
v -0.532000 14.661500 0.501699
v -0.528400 14.470901 0.497399
v -0.478100 14.901100 0.565799
v -0.361000 15.083700 0.630599
v -0.215200 15.244801 0.669799
v -0.083000 15.339200 0.648999
v 0.078800 15.462000 0.607799
v 0.220200 15.542900 0.562999
v 0.517400 15.207400 1.008499
v 0.435200 15.365200 1.034699
v 0.479300 15.279300 1.026399
v 0.402200 15.428600 1.021899
v 0.478000 15.236100 0.748999
v 0.394000 15.393600 0.770899
v 0.439900 15.310900 0.763899
v 0.359200 15.465300 0.758599
v 0.448600 15.270200 0.512599
v 0.368200 15.424500 0.535099
v 0.409900 15.347799 0.527399
v 0.336800 15.491400 0.535099
v 0.559900 15.124701 0.990099
v 0.604000 14.961801 0.964599
v 0.616000 14.682100 0.951199
v 0.554400 14.247200 0.976499
v 0.490900 14.021100 0.952199
v 0.514500 15.154400 0.736799
v 0.564900 14.981200 0.711699
v 0.591500 14.714100 0.704299
v 0.553200 14.320200 0.720099
v 0.484100 14.057600 0.727499
v 0.483500 15.190200 0.501199
v 0.538300 15.010100 0.492399
v 0.575500 14.766100 0.488199
v 0.561300 14.383000 0.535099
v 0.504500 14.089700 0.547199
v 0.468700 13.792300 0.952899
v 0.458100 13.869801 0.954999
v 0.529600 13.824200 0.764199
v 0.490200 13.893100 0.745999
v 0.582000 13.843101 0.610899
v 0.532100 13.890600 0.602099
v 0.496300 15.297300 1.189899
v 0.449600 15.378799 1.199899
v 0.539200 15.224300 1.163399
v 0.412000 15.436300 1.188899
v 0.514500 14.033900 1.104199
v 0.567800 14.262500 1.123399
v 0.632200 14.697200 1.102199
v 0.629600 14.972500 1.119799
v 0.586800 15.137600 1.135699
v 0.422300 13.786000 1.062799
v 0.456500 13.859900 1.084399
v -0.640200 14.671400 1.246399
v -0.762200 14.713800 1.058299
v -0.860800 14.757600 0.761299
v -0.873600 14.827001 0.313099
v -0.761300 14.894200 -0.122801
v -0.260600 14.922900 -0.581401
v 0.864100 14.777200 0.030899
v 0.889800 14.724500 0.294699
v 0.879100 14.615800 0.709999
v 0.866100 14.590600 0.810899
v 0.899600 14.654600 0.597399
v 0.903700 14.693100 0.449299
v 0.782800 14.554700 1.003699
v 0.651600 14.505000 1.155599
v 0.476100 14.877900 -0.508401
v 0.672400 14.834001 -0.390401
v 0.239400 14.911300 -0.598201
v -0.416700 14.486900 1.366099
v -0.500600 14.589200 1.359999
v -0.564500 14.643800 1.330199
v 0.370000 14.896300 -0.557301
v -0.456300 14.531800 1.378699
v 0.719300 14.531700 1.095899
v 0.831500 14.571000 0.903099
v -0.523600 14.617400 1.364199
v -0.531100 14.919400 -0.422601
v 0.793900 14.806100 -0.223801
v 0.572300 14.856100 -0.455901
v 0.006900 14.915401 -0.623001
v -0.409500 14.541900 1.249399
v -0.488100 14.698500 1.013699
v -0.522800 14.770000 0.737499
v -0.518500 14.792400 0.529099
v 0.596700 14.479600 0.959099
v 0.585600 14.528100 0.701099
v 0.572400 14.590400 0.499499
v 0.606400 14.492500 1.108499
v -0.631600 13.981200 1.106599
v -0.671200 14.013900 0.917899
v -0.736500 14.090500 0.657999
v -0.769000 14.208301 0.261499
v -0.656000 14.306400 -0.072701
v -0.203200 14.315500 -0.436801
v -0.500400 13.988900 1.193599
v -0.568300 13.969900 1.203499
v -0.596200 13.973400 1.166999
v 0.764400 14.236600 -0.006401
v 0.717800 14.056400 0.666299
v 0.763600 14.062201 0.512599
v 0.784400 14.133600 0.361799
v 0.612400 14.309100 -0.253001
v 0.431600 14.340000 -0.350601
v 0.782900 14.183600 0.172999
v 0.700200 14.033900 0.808799
v 0.612600 13.972100 1.025099
v 0.525800 13.929900 1.144599
v 0.223600 14.345400 -0.426301
v -0.516000 13.977800 1.222299
v 0.334800 14.345400 -0.388801
v 0.577300 13.948300 1.084199
v -0.582900 13.973100 1.189399
v 0.664400 14.000800 0.915299
v -0.452800 14.304300 -0.301001
v 0.709300 14.272600 -0.140001
v 0.516300 14.324700 -0.302401
v 0.028000 14.325500 -0.466501
v -0.497300 14.033600 1.096099
v -0.515600 14.139100 0.903399
v -0.503800 14.222500 0.653499
v -0.523900 14.259700 0.463799
v 0.526600 13.963901 0.573899
v 0.495800 13.955000 0.734699
v 0.475000 13.935900 0.947299
v 0.484100 13.928600 1.093199
v -0.605200 14.984700 1.299199
v -0.740200 15.045700 1.085199
v -0.829200 15.108800 0.771199
v -0.844500 15.196600 0.309699
v -0.716200 15.242701 -0.086301
v -0.246800 15.263700 -0.568501
v 0.833400 15.074500 0.079099
v 0.858800 15.028700 0.313899
v 0.863800 14.962900 0.716599
v 0.850300 14.937901 0.810499
v 0.872000 14.994700 0.606799
v 0.873900 15.021700 0.469299
v 0.790600 14.900500 1.004999
v 0.658800 14.868800 1.176499
v 0.481100 15.174700 -0.486301
v 0.668200 15.130200 -0.345401
v 0.233200 15.230300 -0.587901
v -0.187900 14.615100 1.531999
v -0.404100 14.820300 1.470599
v -0.510700 14.927500 1.393099
v 0.372500 15.201800 -0.537301
v -0.312100 14.718300 1.514599
v 0.743100 14.884200 1.093899
v 0.825400 14.916600 0.906499
v -0.463500 14.881701 1.410699
v -0.518500 15.265201 -0.386401
v 0.773500 15.104100 -0.146601
v 0.573700 15.152200 -0.427101
v 0.001400 15.234000 -0.625201
v -0.237300 14.705501 1.374799
v -0.331500 14.867300 1.149699
v -0.399500 14.968900 0.867999
v -0.424300 14.998600 0.598199
v 0.616500 14.839300 0.960099
v 0.584200 14.854000 0.704799
v 0.558000 14.891000 0.488699
v 0.630000 14.857100 1.126699
v -0.525700 15.276600 1.290499
v -0.646100 15.337100 1.062999
v -0.724700 15.439899 0.756899
v -0.726500 15.520000 0.322299
v -0.623800 15.563200 -0.056101
v -0.212600 15.560900 -0.479701
v 0.761900 15.345400 0.110299
v 0.777300 15.329900 0.301399
v 0.791500 15.249900 0.724499
v 0.781400 15.210700 0.836899
v 0.789400 15.287800 0.598099
v 0.784800 15.309600 0.451599
v 0.741300 15.141100 1.026599
v 0.650300 15.074400 1.164099
v 0.457200 15.410900 -0.411901
v 0.630900 15.373600 -0.259701
v 0.233000 15.481300 -0.496201
v -0.016500 14.769600 1.538399
v -0.258200 15.044600 1.511699
v -0.429300 15.218101 1.406999
v 0.358600 15.438601 -0.458501
v -0.137600 14.916101 1.572299
v 0.707800 15.109700 1.103099
v 0.761800 15.173901 0.938999
v -0.343500 15.135500 1.448499
v -0.448400 15.557100 -0.310001
v 0.711900 15.365000 -0.096201
v 0.543400 15.390400 -0.346001
v 0.034100 15.526199 -0.525801
v -0.069600 14.850500 1.389199
v -0.191300 15.010100 1.210499
v -0.261100 15.126101 0.933799
v -0.296000 15.157100 0.656399
v 0.589800 15.047100 0.973699
v 0.542000 15.072701 0.724599
v 0.513200 15.107500 0.493699
v 0.613600 15.057100 1.122099
v 0.041000 15.931200 0.858499
v 0.273300 15.933100 0.724699
v -0.142600 15.839701 0.973099
v -0.338200 15.670401 1.076499
v -0.499300 15.463100 1.134999
v -0.649900 15.174500 1.185399
v -0.679800 14.867600 1.202799
v -0.697200 14.484100 1.120199
v -0.695600 14.198400 1.082199
v -0.565800 13.852400 0.912099
v -0.482200 13.766601 0.798699
v 0.490400 15.818800 0.667899
v 0.338000 15.894100 0.695499
v 0.642800 15.573400 0.651499
v 0.566700 15.706600 0.652699
v 0.731100 15.405901 0.651999
v 0.835700 15.139200 0.661699
v 0.889500 14.822300 0.654499
v 0.871200 14.436300 0.640999
v 0.782900 14.206000 0.632899
v 0.640700 13.848400 0.600699
v 0.700900 13.934600 0.590099
v 0.305700 15.907499 0.704499
v 0.170200 15.960600 0.785399
v 0.410700 15.878799 0.683799
v -0.702000 14.693200 1.153999
v 0.888700 14.635000 0.652099
v -0.647200 13.990300 1.003599
v 0.732000 14.075500 0.615099
v -0.679800 15.022600 1.193699
v 0.867300 14.979700 0.661599
v -0.588800 15.303101 1.177399
v 0.790700 15.269000 0.660499
v 0.064300 15.911600 0.924699
v -0.115800 15.815001 1.067799
v -0.304000 15.644701 1.176999
v -0.469300 15.446800 1.236499
v -0.599900 15.155000 1.265399
v -0.636400 14.844300 1.264899
v -0.658800 14.473300 1.189799
v -0.666600 14.190701 1.153399
v -0.553400 13.835500 0.966899
v -0.469600 13.761000 0.835999
v 0.344200 15.884001 0.744899
v 0.416500 15.866100 0.734999
v -0.656900 14.674700 1.223999
v -0.635800 13.983100 1.079899
v -0.622500 14.992600 1.278199
v -0.562600 15.295000 1.278999
v 0.280400 15.926001 0.772599
v 0.493900 15.804800 0.719699
v 0.641100 15.560101 0.704599
v 0.567200 15.691200 0.702599
v 0.730500 15.392401 0.702799
v 0.835300 15.125200 0.706699
v 0.882000 14.801701 0.700599
v 0.836900 14.388200 0.680799
v 0.776700 14.196200 0.681199
v 0.623700 13.839601 0.646099
v 0.673800 13.937901 0.639999
v 0.312600 15.900101 0.752199
v 0.184900 15.947201 0.841899
v 0.881600 14.621901 0.696099
v 0.719600 14.061700 0.652299
v 0.864500 14.967100 0.702799
v 0.791300 15.255301 0.708599
v 0.812600 15.259700 0.709999
v 0.892900 14.970500 0.706699
v 0.759000 14.043800 0.659199
v 0.919800 14.620200 0.703799
v 0.187300 15.965099 0.845399
v 0.322200 15.915800 0.752499
v 0.709200 13.919400 0.647499
v 0.656700 13.812000 0.651499
v 0.816300 14.180700 0.686599
v 0.893100 14.403800 0.691799
v 0.915500 14.802900 0.705699
v 0.859600 15.129601 0.708999
v 0.750800 15.396801 0.703899
v 0.584400 15.698999 0.704099
v 0.659800 15.566500 0.706199
v 0.507700 15.816401 0.721499
v 0.288700 15.942400 0.773199
v -0.590300 15.305300 1.277299
v -0.651900 14.983900 1.282099
v -0.692500 13.950900 1.080399
v -0.694200 14.639000 1.229999
v 0.424500 15.882401 0.737199
v 0.350400 15.901199 0.746599
v -0.513700 13.734200 0.832399
v -0.604500 13.804900 0.967799
v -0.722800 14.153200 1.159099
v -0.706500 14.433400 1.202499
v -0.672000 14.823300 1.265099
v -0.628400 15.157900 1.264599
v -0.493400 15.465200 1.232199
v -0.323200 15.664700 1.177499
v -0.124600 15.835001 1.071899
v 0.061800 15.929399 0.930699
v 0.812300 15.273400 0.661899
v -0.618100 15.318200 1.172699
v 0.895800 14.983100 0.665499
v -0.709900 15.013600 1.194799
v 0.769500 14.041900 0.593299
v -0.704500 13.958700 1.006399
v 0.927800 14.635100 0.661199
v -0.740900 14.656100 1.160799
v 0.418200 15.894899 0.686099
v 0.172700 15.978701 0.788199
v 0.314900 15.923300 0.704999
v 0.721900 13.924100 0.594199
v 0.672900 13.820100 0.603399
v 0.823900 14.193400 0.643699
v 0.914700 14.424500 0.649899
v 0.918400 14.807900 0.667599
v 0.859500 15.143800 0.664299
v 0.751600 15.410200 0.653099
v 0.583600 15.714600 0.654099
v 0.661900 15.579599 0.652999
v 0.343500 15.911400 0.697399
v 0.503800 15.830601 0.669599
v -0.528100 13.741400 0.794299
v -0.618100 13.821900 0.912599
v -0.754000 14.161201 1.090299
v -0.745100 14.442801 1.132599
v -0.717500 14.847400 1.200499
v -0.679500 15.178600 1.181899
v -0.529400 15.485201 1.128499
v -0.361300 15.695101 1.071599
v -0.154900 15.861700 0.973299
v 0.281700 15.949301 0.725199
v 0.036900 15.949800 0.862299
v 0.030400 15.533100 -0.542701
v 0.557100 15.398901 -0.360201
v 0.729600 15.372000 -0.103001
v -0.459000 15.565300 -0.321101
v -0.358100 15.142000 1.464399
v 0.782500 15.173700 0.942099
v 0.719500 15.107800 1.126799
v -0.129400 14.900300 1.577599
v 0.367000 15.448101 -0.475801
v -0.438800 15.222600 1.421199
v -0.272300 15.049300 1.528599
v -0.012500 14.742400 1.558299
v 0.238700 15.490400 -0.512801
v 0.646700 15.381901 -0.271401
v 0.468300 15.420000 -0.428501
v 0.664600 15.076301 1.180599
v 0.757100 15.140901 1.041899
v 0.813900 15.314400 0.449399
v 0.811200 15.292100 0.598899
v 0.798700 15.217401 0.841199
v 0.808800 15.256600 0.727499
v 0.794300 15.336600 0.292899
v 0.780600 15.351601 0.107499
v -0.224400 15.569500 -0.493201
v -0.637900 15.572300 -0.062801
v -0.742100 15.528900 0.320799
v -0.745200 15.446899 0.755399
v -0.661400 15.343901 1.069299
v -0.550100 15.286800 1.292199
v -0.010500 15.235900 -0.651601
v 0.591500 15.160300 -0.450501
v 0.794300 15.106100 -0.165501
v -0.532500 15.269600 -0.400801
v -0.456900 14.870000 1.428499
v 0.847000 14.924700 0.928299
v 0.760300 14.886600 1.120299
v -0.324900 14.711000 1.538399
v 0.384700 15.208600 -0.564901
v -0.538200 14.916900 1.408799
v -0.413800 14.816200 1.496099
v -0.198600 14.592000 1.553299
v 0.228300 15.232201 -0.615601
v 0.687900 15.134400 -0.371601
v 0.497300 15.181500 -0.512401
v 0.676600 14.870700 1.200199
v 0.816000 14.898601 1.020399
v 0.904500 15.029000 0.461099
v 0.904100 15.009400 0.609199
v 0.872100 14.945800 0.829299
v 0.892200 14.966001 0.721299
v 0.893600 15.033401 0.303499
v 0.858000 15.081000 0.057899
v -0.290900 15.270400 -0.575401
v -0.739700 15.249100 -0.099901
v -0.870500 15.202600 0.304799
v -0.851000 15.114500 0.767299
v -0.770400 15.047800 1.082399
v -0.633400 14.977700 1.309399
v 0.027500 14.308001 -0.506801
v 0.516800 14.301800 -0.335101
v 0.740800 14.230100 -0.166801
v -0.481400 14.288100 -0.328801
v 0.709400 13.989400 0.913299
v -0.616400 13.958100 1.212299
v 0.617300 13.926001 1.084199
v 0.318700 14.327900 -0.432201
v -0.516900 13.965500 1.271799
v 0.226500 14.329500 -0.461001
v 0.551500 13.891300 1.176299
v 0.654400 13.952001 1.026599
v 0.744400 14.023900 0.805999
v 0.821900 14.166700 0.166799
v 0.433100 14.315800 -0.388101
v 0.624300 14.285200 -0.293401
v 0.828900 14.113800 0.347799
v 0.801200 14.042500 0.516699
v 0.757700 14.040900 0.678099
v 0.798800 14.194901 -0.031401
v -0.630200 13.956500 1.187599
v -0.585600 13.955501 1.246099
v -0.464500 13.969600 1.222699
v -0.253700 14.296900 -0.464101
v -0.695800 14.286201 -0.084901
v -0.808200 14.188000 0.253499
v -0.776300 14.061700 0.656399
v -0.728200 13.982400 0.920299
v -0.687200 13.948300 1.112299
v -0.051100 14.916000 -0.642401
v 0.592000 14.856501 -0.490501
v 0.820900 14.800600 -0.254601
v -0.554900 14.920300 -0.444901
v -0.535100 14.613400 1.396399
v 0.865900 14.566200 0.919999
v 0.747600 14.524400 1.124099
v -0.467100 14.524800 1.411799
v 0.370800 14.895600 -0.599001
v -0.586000 14.642500 1.355599
v -0.512900 14.583000 1.392399
v -0.428700 14.457601 1.396099
v 0.238800 14.909900 -0.639001
v 0.697400 14.831500 -0.422601
v 0.494700 14.878201 -0.545001
v 0.678500 14.501000 1.185699
v 0.814200 14.545800 1.028099
v 0.940700 14.694800 0.440399
v 0.930200 14.654901 0.595399
v 0.904200 14.585300 0.821599
v 0.917200 14.612900 0.717999
v 0.930800 14.724300 0.282499
v 0.888700 14.743401 0.041999
v -0.312700 14.922800 -0.601801
v -0.795100 14.894100 -0.142901
v -0.909500 14.827200 0.306099
v -0.913800 14.754100 0.748899
v -0.797700 14.679400 1.067299
v -0.677900 14.636200 1.255299
v 0.374700 15.854900 0.050699
v 0.250100 15.928499 0.042599
v 0.330800 15.904900 0.131399
v 0.030200 13.934600 -0.400301
v 0.006100 14.166000 -0.440001
v 0.501000 14.145101 -0.319901
v 0.482700 13.940500 -0.287001
v -0.018500 14.453800 -0.561701
v 0.558500 14.421500 -0.425201
v -0.038200 14.710600 -0.628701
v -0.048500 15.081500 -0.640201
v 0.008000 15.399799 -0.607301
v 0.575200 14.650200 -0.483601
v 0.599900 15.015700 -0.476501
v 0.573200 15.293200 -0.412101
v 0.450800 15.745300 -0.125801
v 0.491500 15.640501 -0.214401
v 0.535900 15.502701 -0.295501
v 0.346100 15.885099 0.110699
v 0.402200 15.812300 -0.027001
v 0.124800 15.872900 -0.197101
v 0.302800 15.923201 0.119499
v 0.187400 15.919100 -0.062201
v 0.079500 15.782301 -0.336401
v 0.046000 15.653200 -0.461001
v 0.401000 15.875700 0.127799
v 0.176700 15.977200 0.120699
v 0.318700 15.926500 0.204399
v 0.695100 14.057000 -0.184401
v 0.632700 13.885300 -0.171101
v 0.752000 14.379700 -0.224901
v 0.811600 14.601400 -0.265701
v 0.825400 14.953200 -0.191901
v 0.757800 15.253400 -0.133501
v 0.549600 15.762800 0.005899
v 0.619700 15.657700 -0.047801
v 0.679800 15.503000 -0.080701
v 0.343900 15.899099 0.182799
v 0.468500 15.835701 0.066099
v -0.386000 15.718901 -0.274801
v -0.496800 15.436901 -0.372801
v -0.561900 15.092600 -0.420401
v -0.577000 14.701400 -0.439701
v -0.518300 14.420200 -0.404201
v -0.456100 14.040401 -0.287401
v -0.344000 13.876600 -0.216401
v -0.108600 15.949301 -0.076801
v -0.259200 15.859100 -0.181001
v 0.273600 15.953400 0.195099
v 0.054900 15.982000 0.026299
v 0.451900 15.800699 0.932099
v 0.271500 15.867701 1.026199
v 0.352200 15.875000 0.897199
v 0.638600 13.856400 0.881699
v 0.557100 13.772100 0.871199
v 0.757700 14.122601 0.932999
v -0.487600 13.713700 0.961699
v -0.563000 13.798901 1.088899
v -0.629400 14.172300 1.283699
v -0.593800 14.432900 1.350499
v -0.510000 14.744101 1.413599
v -0.414800 14.997200 1.442699
v -0.255100 15.291500 1.472299
v 0.819900 14.355100 0.929899
v 0.870200 14.755700 0.916599
v 0.817100 15.066600 0.937899
v 0.731200 15.299700 0.944299
v 0.583300 15.601801 0.940999
v 0.374200 15.847300 0.908999
v 0.649300 15.471600 0.950499
v 0.519300 15.717501 0.948099
v 0.323300 15.897699 0.917599
v 0.187200 15.779100 1.162999
v -0.108600 15.478001 1.401299
v 0.083500 15.640100 1.298399
v 0.454800 15.624100 1.167399
v 0.352500 15.768000 1.114199
v 0.327800 15.886200 0.025899
v 0.562600 13.829200 1.053999
v 0.489700 13.751600 1.037699
v 0.661300 14.050200 1.106899
v 0.718000 14.300700 1.142599
v 0.763300 14.720000 1.112299
v 0.744900 15.008200 1.119099
v 0.680400 15.206300 1.139399
v 0.570600 15.432199 1.157399
v 0.440300 15.839701 0.854499
v 0.426600 15.877701 0.754699
v 0.410200 15.912600 0.616699
v 0.405700 15.927799 0.469299
v 0.407800 15.924999 0.327199
v 0.405000 15.902000 0.200599
v 0.393600 15.856001 0.077799
v 0.514500 15.533501 1.169699
v 0.623800 15.328000 1.155299
v 0.456200 15.747801 1.025599
v 0.445300 15.491199 1.251299
v 0.407200 15.691601 1.134099
v 0.301400 15.821400 1.076999
v 0.243300 15.911200 0.964699
v 0.350100 15.866800 0.031599
v 0.292900 15.903999 0.028699
v 0.209200 15.954100 0.067999
v 0.149300 16.001501 0.201999
v 0.130100 16.017200 0.524999
v 0.127700 16.016399 0.345299
v 0.154600 15.995300 0.710099
v 0.192600 15.959801 0.866199
v 0.298100 13.978200 -0.362601
v 0.310700 14.174300 -0.407501
v -0.402100 13.722200 1.047799
v -0.458900 13.804100 1.170699
v -0.500300 14.143701 1.313299
v -0.502700 14.368700 1.367499
v -0.410500 14.626700 1.473599
v -0.224200 14.758000 1.553099
v -0.006600 15.024400 1.582899
v 0.336900 14.450100 -0.501801
v 0.356700 14.690001 -0.577601
v 0.379700 15.060700 -0.591701
v 0.375600 15.340300 -0.528001
v 0.305500 15.934101 0.640199
v 0.325200 15.912701 0.768499
v 0.340000 15.893600 0.845099
v 0.296200 15.947800 0.495099
v 0.300600 15.949301 0.357399
v 0.309300 15.938900 0.263099
v 0.326000 15.913000 0.159599
v 0.364800 15.845699 0.966799
v 0.321400 15.624300 1.260399
v 0.130200 15.223900 1.524799
v 0.249800 15.467001 1.396799
v 0.332700 15.897800 0.098299
v 0.322300 15.857901 -0.066801
v 0.328000 15.794300 -0.188901
v 0.342700 15.692400 -0.305201
v 0.358400 15.559601 -0.403001
v 0.201300 13.952400 -0.408801
v 0.192300 14.196600 -0.407301
v 0.403600 14.190500 -0.330301
v 0.601300 14.106501 -0.269401
v 0.497700 13.816300 1.144799
v 0.587200 13.842000 0.986999
v 0.805300 13.961700 0.341199
v 0.744700 13.928500 0.521599
v 0.681200 13.895900 0.777099
v 0.704300 13.915401 0.663999
v 0.803100 14.025900 0.151199
v 0.781800 13.981600 -0.050301
v 0.593100 13.797100 0.775499
v 0.639500 13.809700 0.653299
v 0.696000 13.822800 0.541099
v 0.739300 13.815701 0.374799
v 0.751800 13.842600 0.163299
v 0.521400 13.754800 0.969499
v 0.462700 13.748100 1.105099
v 0.563100 13.913500 -0.243301
v 0.380900 13.960500 -0.334301
v 0.720100 13.856600 -0.038301
v 0.794400 14.157900 0.824799
v 0.814500 14.177600 0.702399
v 0.860200 14.205400 0.563199
v 0.847000 14.211300 0.368399
v 0.861100 14.260400 0.200699
v 0.718000 14.090500 1.044999
v 0.594300 14.009100 1.189199
v -0.409600 13.750000 0.989899
v -0.478800 13.703200 1.014899
v -0.484100 13.717900 0.888499
v -0.440600 13.841600 1.116999
v -0.543000 13.794400 1.150199
v -0.573200 13.801600 1.045099
v -0.485700 14.149800 1.286099
v -0.593600 14.162200 1.319299
v -0.648200 14.174601 1.256799
v -0.470500 14.353300 1.337699
v -0.571100 14.413900 1.370899
v -0.627000 14.448500 1.315399
v -0.323600 14.537000 1.483799
v -0.469900 14.708301 1.410699
v -0.562400 14.779800 1.389199
v -0.113400 14.650500 1.572499
v -0.355600 14.910000 1.504999
v -0.487600 15.077701 1.411099
v 0.085000 14.867300 1.526299
v -0.153800 15.171600 1.547099
v -0.348100 15.366699 1.412299
v 0.653100 14.401900 -0.351101
v 0.430900 14.440300 -0.462901
v 0.214800 14.456201 -0.534701
v 0.831400 14.341600 -0.038201
v 0.689400 14.633300 -0.420401
v 0.481300 14.675301 -0.532501
v 0.231300 14.702100 -0.612301
v 0.702200 14.992600 -0.394401
v 0.501800 15.037800 -0.536101
v 0.238700 15.080000 -0.637001
v 0.672900 15.274000 -0.323301
v 0.481700 15.313200 -0.475901
v 0.237600 15.372200 -0.572901
v 0.860600 14.372601 0.826299
v 0.893600 14.401200 0.705599
v 0.918000 14.439301 0.581999
v 0.923700 14.483100 0.434399
v 0.920900 14.528600 0.241599
v 0.780300 14.329500 1.038699
v 0.647300 14.275001 1.209299
v 0.882400 14.587900 -0.034001
v 0.901700 14.777000 0.814699
v 0.915000 14.799500 0.721699
v 0.926600 14.833700 0.606399
v 0.926800 14.867600 0.451699
v 0.909100 14.894500 0.285999
v 0.823200 14.741800 1.015099
v 0.686900 14.707400 1.178599
v 0.891300 14.921500 0.052799
v 0.838400 15.094501 0.842799
v 0.859300 15.124600 0.724599
v 0.860400 15.162400 0.604899
v 0.861300 15.182000 0.464699
v 0.857900 15.196000 0.296999
v 0.795000 15.035501 1.020699
v 0.684600 14.986600 1.184799
v 0.827400 15.227600 0.089799
v 0.740300 15.351299 0.842499
v 0.751100 15.392401 0.721899
v 0.755800 15.428801 0.584799
v 0.751600 15.447401 0.433899
v 0.736000 15.467001 0.291399
v 0.714400 15.254601 1.044199
v 0.631100 15.159700 1.196699
v 0.547900 15.342300 1.251299
v 0.590000 15.532200 1.038699
v 0.583600 15.778101 0.285999
v 0.584500 15.760799 0.433899
v 0.585800 15.737000 0.584499
v 0.580300 15.646999 0.832599
v 0.584300 15.693600 0.720399
v 0.649000 15.518801 0.844299
v 0.658900 15.562000 0.724599
v 0.662400 15.598600 0.584899
v 0.666300 15.621201 0.426499
v 0.661100 15.645800 0.280799
v 0.517300 15.764601 0.849399
v 0.368400 15.870300 0.846599
v 0.509300 15.811100 0.738899
v 0.347800 15.897100 0.763299
v 0.498700 15.850599 0.598999
v 0.334800 15.925501 0.629899
v 0.496300 15.869801 0.451399
v 0.497900 15.875401 0.305599
v 0.324000 15.943600 0.483699
v 0.335400 15.940300 0.346499
v 0.338200 15.918400 0.245399
v 0.726100 15.497499 0.105799
v 0.658000 15.665701 0.100799
v 0.579200 15.780201 0.121999
v 0.487100 15.859100 0.156199
v 0.353300 15.887600 0.135899
v 0.612400 15.489599 -0.211701
v 0.558900 15.634800 -0.147601
v 0.504500 15.745300 -0.078101
v 0.442600 15.814600 0.005699
v 0.492400 15.433001 1.257499
v 0.526900 15.653601 1.046899
v 0.649100 15.407600 1.039899
v 0.591800 15.259501 1.224099
v 0.204300 15.083200 1.489899
v 0.294800 15.354300 1.381599
v 0.382700 15.802700 0.992899
v 0.377900 15.527800 1.218799
v 0.022100 15.355301 1.483299
v 0.160000 15.566900 1.354999
v 0.332900 15.875801 0.965999
v 0.240900 15.714701 1.227399
v -0.195000 15.554501 1.335599
v -0.007000 15.707399 1.222899
v 0.308300 15.915501 0.868299
v 0.134400 15.840200 1.085899
v 0.347900 15.884901 0.091299
v 0.446700 15.528299 -0.360401
v 0.420700 15.657400 -0.265401
v 0.393800 15.761400 -0.163101
v 0.369800 15.834400 -0.054701
v 0.241700 15.602600 -0.437401
v 0.315600 15.910601 0.096899
v 0.240500 15.734301 -0.331901
v 0.245800 15.828899 -0.200701
v 0.267000 15.887100 -0.071501
v -0.172200 13.899800 -0.341501
v -0.214200 14.150900 -0.409901
v -0.268600 14.432000 -0.546401
v -0.311700 14.703500 -0.598901
v -0.305900 15.094700 -0.593401
v -0.254300 15.422400 -0.551201
v -0.167900 15.698700 -0.421201
v 0.286800 15.938200 0.148199
v -0.089700 15.822100 -0.296301
v 0.001700 15.912100 -0.164201
v 0.109900 15.950399 -0.038501
v 0.263100 15.968800 0.254899
v 0.256800 15.976700 0.357999
v 0.258100 15.973499 0.505699
v -0.529700 13.848900 -0.043001
v -0.653400 14.040300 -0.094801
v -0.722200 14.436900 -0.138101
v -0.780200 14.691500 -0.160901
v -0.778300 15.066700 -0.122001
v -0.695800 15.418800 -0.091301
v -0.560300 15.705500 -0.029201
v -0.396000 15.871401 0.026199
v -0.193900 15.966900 0.072699
v -0.000100 16.006100 0.131899
v -0.643900 13.786800 0.252599
v -0.756900 14.001600 0.249899
v -0.843400 14.349500 0.288499
v -0.901300 14.616600 0.293599
v -0.903400 15.018100 0.304599
v -0.815200 15.387300 0.309999
v -0.640000 15.676399 0.327999
v -0.471300 15.849800 0.332499
v -0.252900 15.976200 0.322199
v -0.038400 16.020401 0.329799
v -0.603800 13.762300 0.585099
v -0.687900 13.889400 0.603999
v -0.860000 14.265000 0.703799
v -0.888800 14.520500 0.742999
v -0.902100 14.926200 0.752999
v -0.807800 15.295200 0.759999
v -0.648800 15.606100 0.727999
v -0.483800 15.813000 0.674899
v -0.249400 15.963501 0.612399
v -0.032400 16.019899 0.563399
v -0.544400 13.750100 0.744999
v -0.493500 13.722301 0.848499
v -0.634500 13.844501 0.839599
v -0.601000 13.806400 0.986399
v -0.792800 14.177100 0.995799
v -0.704300 14.155601 1.197099
v -0.800500 14.458200 1.039799
v -0.692300 14.430901 1.227599
v -0.790500 14.868100 1.083199
v -0.657500 14.810801 1.283999
v -0.735500 15.201700 1.078399
v -0.609600 15.150001 1.293999
v -0.595500 15.535000 1.020399
v -0.456600 15.436600 1.256799
v -0.424500 15.755899 0.959699
v -0.289200 15.628799 1.196899
v -0.198800 15.917900 0.873899
v -0.102400 15.790701 1.090699
v 0.273100 15.958799 0.658999
v 0.005000 15.990601 0.779999
v 0.291100 15.939800 0.789799
v 0.073000 15.906401 0.948299
v 0.475700 15.313000 -0.476701
v 0.462600 15.419901 -0.429201
v 0.337700 15.911200 0.697399
v 0.344600 15.901100 0.746699
v 0.329100 15.925400 0.629999
v 0.488800 15.037800 -0.537801
v 0.489500 15.181601 -0.513301
v 0.456800 14.676500 -0.534601
v 0.475300 14.878201 -0.547101
v 0.391600 15.804300 0.989599
v 0.379900 15.847401 0.908699
v 0.400100 14.164800 -0.358101
v 0.408700 14.319201 -0.387901
v 0.342200 15.884901 0.091299
v 0.351800 15.885099 0.110699
v 0.347600 15.887600 0.135899
v 0.349500 15.899099 0.182799
v 0.373800 15.524700 1.219099
v 0.398600 15.689199 1.137599
v 0.457700 14.436600 -0.463301
v 0.362500 15.870199 0.846899
v 0.353600 15.897200 0.763199
v 0.329800 15.943701 0.483699
v 0.329700 15.940201 0.346599
v 0.344300 15.918600 0.245299
v 0.364000 15.834400 -0.054701
v 0.355700 15.866800 0.031599
v 0.452100 15.528601 -0.359901
v 0.394400 13.961101 -0.327301
v 0.414900 15.657400 -0.265401
v 0.388000 15.761400 -0.163101
v -0.386100 15.718901 -0.274701
v -0.461300 15.567801 -0.321301
v 0.724700 15.307200 0.955999
v 0.775500 15.182000 0.955099
v -0.005700 15.016100 1.582299
v -0.130900 14.895000 1.588999
v 0.230200 15.370300 -0.573201
v 0.235100 15.489599 -0.513001
v 0.614000 15.490999 -0.209301
v 0.644200 15.380100 -0.274601
v 0.708900 15.255100 1.052899
v 0.761100 15.140300 1.032999
v 0.862800 15.182000 0.459099
v 0.817600 15.313900 0.445099
v 0.863000 15.162900 0.603699
v 0.816300 15.292700 0.597399
v 0.737700 15.353201 0.848499
v 0.794900 15.220000 0.850199
v 0.756900 15.462700 0.288999
v 0.813500 15.332900 0.292899
v -0.171300 15.698900 -0.420301
v -0.230000 15.569300 -0.492701
v -0.644300 15.685101 0.316799
v -0.745900 15.535900 0.310599
v -0.011900 15.401300 -0.597301
v -0.040400 15.239600 -0.634601
v 0.574300 15.293100 -0.411201
v 0.593200 15.160300 -0.449201
v 0.817200 14.953700 -0.203701
v 0.800500 15.109000 -0.155801
v -0.506600 15.437601 -0.369101
v -0.553100 15.270400 -0.395701
v -0.409700 14.994801 1.442399
v -0.460100 14.871300 1.427899
v 0.823100 15.057600 0.926699
v 0.851900 14.915600 0.919499
v 0.746900 15.014000 1.111599
v 0.756400 14.880600 1.129999
v -0.226900 14.766601 1.551599
v -0.319600 14.700300 1.536999
v 0.374800 15.340300 -0.528301
v 0.382600 15.208400 -0.565801
v -0.502700 15.075300 1.406799
v -0.523400 14.926300 1.410299
v -0.345800 14.899301 1.506099
v -0.423900 14.826100 1.490599
v 0.224900 15.074000 -0.636801
v 0.240500 15.236401 -0.614601
v 0.669900 15.271200 -0.326901
v 0.690600 15.137800 -0.367401
v 0.682000 15.504700 -0.077401
v 0.726200 15.370199 -0.108801
v -0.261600 15.295200 1.472899
v -0.351700 15.138801 1.463899
v 0.682300 15.210300 1.133699
v 0.722100 15.112600 1.119299
v 0.358300 15.559601 -0.403001
v 0.367300 15.448000 -0.475701
v -0.365900 15.374500 1.405599
v -0.454000 15.227100 1.414499
v -0.136600 15.151200 1.545299
v -0.257700 15.029800 1.526199
v 0.856300 15.125900 0.725499
v 0.812800 15.254500 0.726899
v 0.824400 15.227201 0.077599
v 0.779800 15.351900 0.097299
v -0.560300 15.705500 -0.029201
v -0.637900 15.572401 -0.063001
v -0.654900 15.618900 0.712899
v -0.745900 15.458200 0.744999
v -0.579600 15.522501 1.035199
v -0.674900 15.353399 1.055899
v -0.608300 15.149301 1.300599
v -0.549100 15.285000 1.299399
v 0.536000 15.502701 -0.295301
v 0.556500 15.399000 -0.360701
v 0.051100 15.652300 -0.462301
v 0.018500 15.533701 -0.538801
v 0.923500 14.868500 0.456199
v 0.904700 15.028501 0.468599
v 0.887100 14.925800 0.036699
v 0.861600 15.079600 0.073799
v -0.818100 15.386101 0.304499
v -0.874500 15.187700 0.306199
v 0.768800 14.367200 -0.214101
v 0.720300 14.248900 -0.173401
v 0.332900 14.450300 -0.503001
v 0.314600 14.328300 -0.434101
v 0.606900 14.111200 -0.265001
v 0.628300 14.287200 -0.289501
v 0.746200 13.915300 0.518699
v 0.801800 14.030300 0.509499
v -0.661400 14.150100 1.254499
v -0.638400 13.937201 1.182499
v -0.856600 14.308900 0.301499
v -0.811600 14.162200 0.253599
v -0.784800 14.204200 0.995199
v -0.710400 13.993300 0.921499
v -0.509700 14.744000 1.412699
v -0.540500 14.614600 1.393299
v 0.867100 14.763101 0.921599
v 0.864700 14.570601 0.921499
v 0.763600 14.727600 1.107899
v 0.745100 14.529300 1.124799
v -0.400900 14.626600 1.472399
v -0.462900 14.513000 1.410499
v 0.383400 15.060801 -0.590301
v 0.375600 14.895900 -0.597401
v -0.578400 14.759800 1.381399
v -0.605100 14.614500 1.349999
v -0.469800 14.704000 1.408499
v -0.511100 14.585300 1.393299
v 0.235100 14.696200 -0.608001
v 0.230900 14.903800 -0.636801
v 0.929400 14.482901 0.421499
v 0.940700 14.693300 0.450499
v 0.897200 14.781200 0.826799
v 0.901300 14.589400 0.830399
v 0.880700 14.603400 -0.037301
v 0.898700 14.779600 0.007099
v -0.909000 14.991000 0.310999
v -0.918700 14.791400 0.313099
v 0.250100 15.928499 0.042599
v 0.187400 15.919100 -0.062201
v -0.008800 14.309100 -0.500801
v 0.036400 14.170300 -0.442701
v -0.008400 14.907300 -0.661101
v 0.006300 14.702900 -0.642101
v 0.595500 14.856700 -0.489201
v 0.579500 14.642800 -0.474101
v 0.450800 15.745300 -0.125801
v 0.491500 15.640501 -0.214401
v 0.124800 15.872900 -0.197101
v 0.401000 15.875700 0.127799
v 0.468500 15.835701 0.066099
v 0.721700 14.003000 -0.187801
v 0.762500 15.255600 -0.125001
v 0.549900 15.763000 0.006099
v 0.620600 15.658300 -0.046601
v -0.592900 15.094200 -0.413801
v -0.495400 14.285900 -0.332201
v -0.468100 14.036901 -0.290701
v 0.271600 15.867701 1.026199
v 0.323300 15.897699 0.917599
v 0.709800 13.981800 0.912299
v 0.640400 13.850400 0.881099
v -0.564700 13.800600 1.087799
v -0.488300 13.714300 0.957499
v -0.601200 14.436600 1.349099
v -0.630900 14.172900 1.281899
v 0.820300 14.350801 0.928899
v 0.654800 15.465500 0.940299
v 0.588200 15.594601 0.931799
v 0.186200 15.779501 1.162999
v -0.113900 15.481100 1.401499
v 0.080100 15.641600 1.298199
v 0.606600 13.911201 1.108299
v 0.550600 13.811200 1.081899
v 0.477600 13.734500 1.068599
v 0.712400 14.298100 1.150799
v 0.653700 14.041200 1.126699
v 0.625600 15.331201 1.150999
v 0.515100 15.534500 1.168599
v 0.571700 15.434200 1.154399
v 0.407200 15.691700 1.134099
v 0.454600 15.623701 1.167799
v 0.321100 15.623701 1.260399
v 0.352400 15.768200 1.114199
v 0.327800 15.886200 0.025899
v 0.019400 14.449400 -0.569601
v -0.536600 14.418400 -0.407801
v -0.614800 13.957200 1.214499
v -0.529600 14.154300 1.323799
v -0.482000 13.955300 1.257899
v 0.722000 14.090600 1.035799
v 0.657000 13.952300 1.019799
v 0.854800 14.267500 0.206899
v 0.828800 14.160200 0.155299
v 0.548400 14.422000 -0.423101
v 0.529600 14.302000 -0.338701
v 0.758600 14.116600 0.930999
v 0.234600 14.454000 -0.528001
v 0.200500 14.328800 -0.468201
v 0.790400 14.150400 0.830999
v 0.738200 14.015500 0.814899
v 0.798200 13.952800 0.357599
v 0.823800 14.106000 0.362199
v 0.704600 13.915800 0.664199
v 0.757800 14.041300 0.678899
v 0.760900 14.095000 -0.016901
v 0.803100 14.220600 -0.017001
v -0.604900 14.164800 1.311999
v -0.595000 13.953401 1.234899
v -0.283200 14.431100 -0.541501
v -0.237700 14.301200 -0.468901
v -0.727000 14.434700 -0.129601
v -0.688400 14.290000 -0.093001
v 0.499100 14.167800 -0.291401
v 0.330800 15.904900 0.131399
v 0.302800 15.923201 0.119499
v -0.691200 14.438100 1.233799
v -0.679300 14.643600 1.261199
v -0.883700 14.918900 0.768399
v -0.895700 14.736200 0.765399
v -0.313700 15.098001 -0.588801
v -0.323600 14.926001 -0.595601
v 0.079700 15.782301 -0.336401
v 0.346100 15.885099 0.110699
v 0.602400 15.015901 -0.474801
v -0.010700 15.074800 -0.657601
v 0.381500 15.845900 0.905899
v 0.449500 15.802799 0.936199
v 0.352200 15.875000 0.897199
v 0.374200 15.847300 0.908999
v 0.522600 15.714300 0.941499
v -0.877200 14.284700 0.707599
v -0.781200 14.070000 0.657699
v -0.583100 13.790900 0.988099
v -0.675000 13.943600 1.119899
v -0.657500 14.818000 1.294199
v -0.633400 14.975900 1.304499
v -0.815300 15.285600 0.761099
v -0.866100 15.110900 0.757699
v -0.263000 15.423500 -0.548901
v -0.281800 15.267400 -0.580101
v 0.914400 14.799500 0.723299
v 0.890500 14.966500 0.722299
v 0.926500 14.834200 0.604699
v 0.903600 15.008700 0.610499
v 0.798400 14.609200 -0.276701
v 0.830300 14.797000 -0.241401
v 0.176700 15.977200 0.120699
v 0.054900 15.982000 0.026299
v 0.654500 13.869300 -0.165201
v 0.343900 15.899099 0.182799
v 0.318700 15.926500 0.204399
v -0.259200 15.859100 -0.181001
v -0.588900 14.922600 -0.439301
v -0.543700 14.698800 -0.440201
v -0.355100 13.876600 -0.216701
v -0.108600 15.949301 -0.076801
v 0.554600 13.778501 0.872599
v 0.351800 15.885099 0.110699
v 0.374700 15.854900 0.050699
v 0.402200 15.812300 -0.027001
v 0.349500 15.899099 0.182799
v 0.273600 15.953400 0.195099
v 0.467200 13.942200 -0.285301
v 0.047100 13.932100 -0.419601
v -0.799800 14.887700 1.071599
v -0.811500 14.712400 1.054999
v -0.780600 15.066700 -0.117501
v -0.798400 14.893500 -0.136501
v 0.913400 14.894401 0.294799
v 0.926500 14.725000 0.273899
v 0.893400 14.401700 0.707299
v 0.916900 14.613000 0.719799
v 0.918300 14.435801 0.578799
v 0.930100 14.655800 0.597899
v 0.819700 14.737300 1.020999
v 0.817600 14.549500 1.022099
v 0.700400 14.989500 -0.397501
v 0.698300 14.834400 -0.421101
v -0.728500 15.200300 1.084399
v -0.769500 15.039900 1.084799
v -0.696200 15.418800 -0.090101
v -0.740900 15.248800 -0.096801
v 0.843000 15.198400 0.293799
v 0.884800 15.036000 0.295499
v 0.843100 15.090500 0.831899
v 0.877000 14.940900 0.817999
v 0.789800 15.032900 1.030599
v 0.812100 14.895101 1.027899
v 0.334800 15.925501 0.629899
v 0.410200 15.912800 0.616699
v 0.487100 15.859100 0.156199
v 0.405000 15.902000 0.200599
v 0.109900 15.950399 -0.038501
v 0.209200 15.954100 0.067999
v 0.256800 15.976700 0.357999
v 0.127700 16.016399 0.345299
v 0.315700 14.173600 -0.405401
v 0.303500 13.978300 -0.360301
v -0.497500 13.808900 1.182399
v 0.249400 15.464100 1.397199
v 0.322300 15.857901 -0.066801
v 0.328000 15.794300 -0.188901
v 0.291100 15.939800 0.789799
v 0.325200 15.912701 0.768499
v 0.300600 15.949301 0.357399
v 0.219500 14.197300 -0.398301
v 0.219100 13.973001 -0.385201
v 0.553500 13.910501 -0.247501
v 0.748900 13.822900 0.351899
v 0.639200 13.809100 0.653199
v 0.585200 13.842200 0.993299
v 0.518400 13.754800 0.976199
v 0.804800 13.991100 0.160799
v 0.762400 13.835500 0.149899
v 0.849100 14.193300 0.553899
v -0.576800 13.792900 1.046099
v -0.483200 13.713100 0.888699
v -0.565100 14.411400 1.373699
v -0.207600 15.559401 1.329899
v 0.833900 14.360800 -0.028701
v 0.749300 15.428301 0.586599
v 0.746400 15.395201 0.722599
v 0.724800 15.498301 0.099299
v 0.676600 15.642799 0.277799
v 0.756200 15.446400 0.430999
v 0.670300 15.620501 0.424999
v 0.650000 15.518000 0.841599
v 0.592600 15.776001 0.283799
v 0.667900 15.599100 0.583399
v 0.583000 15.736799 0.585299
v 0.655700 15.563900 0.725099
v 0.582100 15.695101 0.720799
v 0.501700 15.873701 0.304199
v 0.499500 15.850700 0.598799
v 0.508300 15.811800 0.739099
v 0.340000 15.893600 0.845099
v 0.362500 15.870199 0.846899
v 0.440300 15.839701 0.854499
v 0.517300 15.764700 0.849499
v 0.426900 15.877600 0.754599
v 0.405500 15.927900 0.469399
v 0.496600 15.869801 0.451299
v 0.408900 15.924700 0.326999
v 0.335300 15.940300 0.346599
v 0.296200 15.947800 0.495099
v 0.324000 15.943600 0.483699
v 0.329700 15.940201 0.346599
v 0.309300 15.938900 0.263099
v 0.338200 15.918400 0.245399
v 0.326000 15.913000 0.159599
v 0.347600 15.887600 0.135899
v 0.344300 15.918600 0.245299
v 0.657600 15.665899 0.098699
v 0.579200 15.780201 0.122199
v 0.393600 15.856001 0.077799
v 0.353300 15.887600 0.135899
v 0.559700 15.635300 -0.146601
v 0.504600 15.745399 -0.077901
v 0.442600 15.814600 0.005699
v 0.453700 15.749901 1.029799
v 0.393300 15.802799 0.986699
v 0.035600 15.344000 1.483299
v 0.167600 15.560301 1.355099
v 0.243500 15.712500 1.227199
v 0.368400 15.870300 0.846599
v 0.329800 15.943701 0.483599
v 0.523500 15.656000 1.052799
v 0.301100 15.821600 1.076999
v -0.000100 16.006100 0.131899
v 0.149300 16.001501 0.201999
v 0.273100 15.958799 0.658999
v 0.154600 15.995300 0.710099
v -0.517100 14.381701 1.372899
v 0.361500 14.690300 -0.576201
v 0.353600 15.897100 0.763199
v 0.132200 15.841101 1.084899
v 0.243500 15.910999 0.964799
v 0.267000 15.887100 -0.071501
v 0.292900 15.903999 0.028699
v 0.860500 14.377000 0.828399
v -0.549700 13.795900 1.135599
v -0.472100 13.702701 1.030599
v 0.688500 14.631100 -0.421701
v 0.643700 15.409901 1.048499
v 0.585400 15.537001 1.046999
v 0.582700 15.761101 0.434299
v 0.580700 15.646700 0.831599
v 0.263100 15.968800 0.254899
v 0.308300 15.915501 0.868299
v 0.305500 15.934101 0.640199
v 0.329100 15.925400 0.629999
v 0.347800 15.897100 0.763299
v 0.342700 15.692400 -0.305201
v 0.130200 15.231100 1.524799
v 0.674300 13.889501 0.789499
v 0.600200 13.801200 0.759899
v 0.872700 14.232500 0.383199
v 0.650100 14.400400 -0.354201
v 0.699500 13.810500 0.539599
v 0.776700 14.327400 1.046499
v 0.926000 14.524600 0.245099
v 0.242800 15.602800 -0.437301
v -0.641400 14.416800 1.310199
v 0.814800 14.178500 0.703499
v 0.724800 13.877900 -0.021701
v 0.286800 15.938200 0.148199
v 0.258100 15.973499 0.505699
v -0.031600 16.018301 0.565499
v 0.130100 16.017500 0.524899
v 0.074500 15.905300 0.949799
v 0.192900 15.959600 0.866499
v -0.439600 13.719600 1.064399
v -0.225200 14.146200 -0.406901
v -0.178500 13.894900 -0.341001
v -0.014900 15.710100 1.220299
v -0.324400 14.705800 -0.592801
v 0.245800 15.828899 -0.200701
v 0.240500 15.734301 -0.331901
v 0.001700 15.912100 -0.164201
v -0.089700 15.822100 -0.296301
v -0.910900 14.575900 0.299999
v -0.905500 14.543500 0.729699
v -0.808600 14.493900 1.025099
v -0.642800 14.104900 -0.067501
v -0.540600 13.841600 -0.033601
v -0.458400 15.440001 1.248099
v -0.291300 15.632101 1.190499
v -0.104700 15.793800 1.085999
v -0.038600 16.020800 0.329299
v 0.006400 15.989599 0.781199
v -0.711500 14.155800 1.189599
v -0.614500 13.846200 0.841499
v -0.533900 13.741600 0.759499
v -0.252200 15.969200 0.604999
v -0.489200 15.823999 0.660999
v -0.688500 13.890800 0.604599
v -0.603200 13.762000 0.586699
v -0.254300 15.979000 0.318599
v -0.474600 15.856800 0.323499
v -0.759800 13.988600 0.251599
v -0.192800 15.913700 0.879299
v -0.411600 15.746901 0.971799
v -0.193900 15.966900 0.072699
v -0.396000 15.871401 0.026199
v -0.784500 14.690300 -0.153101
v -0.509100 13.731800 0.846899
v -0.642700 13.787200 0.254199
vn 0.3267 0.9387 0.1102
vn -0.0945 0.8575 0.5057
vn -0.3235 0.7414 0.5879
vn -0.5311 0.5806 0.6172
vn -0.7652 0.3985 0.5056
vn -0.8511 0.0560 0.5219
vn -0.8522 -0.1029 0.5129
vn -0.8841 -0.0902 0.4585
vn -0.8353 -0.5471 0.0540
vn -0.7209 -0.6901 0.0643
vn -0.7686 -0.6204 0.1562
vn -0.9199 -0.3670 0.1381
vn -0.9586 -0.1204 0.2582
vn -0.9517 0.0001 0.3069
vn -0.9281 0.2188 0.3014
vn -0.8078 0.4814 0.3401
vn -0.7057 0.6316 0.3211
vn -0.4837 0.8287 0.2816
vn -0.2288 0.9527 0.1999
vn -0.8604 -0.5094 0.0167
vn -0.9509 -0.3069 -0.0411
vn -0.9873 -0.1577 -0.0204
vn -0.9992 0.0196 0.0346
vn -0.9666 0.2452 0.0747
vn -0.8380 0.5381 0.0907
vn -0.7456 0.6622 0.0747
vn -0.5133 0.8562 0.0598
vn -0.2195 0.9751 0.0324
vn -0.8190 -0.4059 -0.4056
vn -0.9138 -0.2222 -0.3400
vn -0.9308 -0.2129 -0.2971
vn -0.9646 0.0492 -0.2591
vn -0.9339 0.2369 -0.2680
vn -0.8239 0.5465 -0.1501
vn -0.7001 0.7058 -0.1082
vn -0.4582 0.8843 -0.0894
vn -0.1848 0.9787 -0.0898
vn 0.3079 0.9514 0.0033
vn 0.2981 0.9530 -0.0545
vn 0.3688 0.9121 -0.1792
vn -0.1378 0.8528 -0.5038
vn 0.0584 0.9317 -0.3585
vn -0.3976 -0.3774 -0.8363
vn -0.3823 -0.5251 -0.7603
vn -0.4672 -0.2242 -0.8552
vn -0.5163 0.0431 -0.8553
vn -0.5451 0.2253 -0.8075
vn -0.4783 0.5122 -0.7134
vn -0.3001 0.7360 -0.6068
vn 0.2410 0.6325 -0.7361
vn 0.4281 0.8741 -0.2296
vn 0.2548 0.7752 -0.5781
vn 0.2952 0.8546 -0.4272
vn 0.5287 0.5586 -0.6391
vn 0.5521 0.6568 -0.5136
vn 0.5140 0.7672 -0.3837
vn 0.5214 0.8154 -0.2515
vn -0.2730 0.7442 0.6096
vn -0.1654 0.8205 0.5471
vn -0.0722 0.8832 0.4633
vn -0.0332 0.5443 0.8382
vn 0.0224 0.6667 0.7450
vn 0.1751 0.7699 0.6137
vn 0.5708 0.1308 0.8106
vn 0.7510 0.2191 0.6229
vn 0.6749 0.3525 0.6483
vn 0.5484 0.4432 0.7091
vn 0.8481 0.4802 0.2239
vn 0.4031 0.8168 0.4127
vn 0.4240 0.8759 -0.2302
vn 0.6495 0.5106 -0.5634
vn 0.5418 0.6403 -0.5445
vn 0.3392 0.8421 -0.4192
vn 0.0611 0.9462 -0.3179
vn 0.8996 0.3769 -0.2208
vn 0.7594 0.6015 -0.2480
vn 0.5394 0.7933 -0.2823
vn 0.6073 0.7840 -0.1286
vn 0.5882 0.7959 -0.1432
vn 0.5379 0.8422 -0.0374
vn 0.5457 0.8378 0.0200
vn 0.5168 0.8559 0.0185
vn 0.4212 0.8949 -0.1475
vn 0.0280 0.9923 0.1209
vn 0.1996 0.9743 0.1046
vn 0.2646 0.9451 0.1918
vn 0.3126 0.9101 0.2719
vn 0.5612 0.8172 0.1314
vn 0.3678 0.9216 0.1244
vn 0.5898 0.8069 0.0311
vn 0.7081 0.6738 0.2112
vn 0.8581 0.4872 0.1625
vn 0.8694 0.4907 0.0570
vn 0.8641 0.4937 0.0980
vn 0.7671 0.3108 0.5612
vn 0.8612 0.4315 0.2685
vn 0.8622 0.4750 0.1759
vn 0.8451 0.5185 0.1301
vn 0.8019 0.5938 0.0668
vn 0.7775 0.6247 0.0722
vn 0.7326 0.3712 0.5705
vn 0.8605 0.4502 0.2383
vn 0.6940 0.7172 -0.0633
vn 0.8459 0.5330 0.0184
vn 0.8586 0.4633 0.2193
vn 0.8752 0.4684 0.1209
vn 0.8962 0.4423 0.0358
vn 0.8681 0.3927 0.3035
vn 0.7417 0.1851 0.6447
vn 0.9080 0.4136 0.0672
vn 0.9237 0.3828 0.0184
vn 0.9468 0.3192 -0.0423
vn 0.9333 0.2970 0.2020
vn 0.9429 0.3163 0.1044
vn 0.9415 0.3366 0.0185
vn 0.9166 0.2354 0.3232
vn 0.7030 0.1207 0.7008
vn 0.9471 0.3207 -0.0145
vn 0.9854 0.1551 -0.0707
vn 0.9808 0.1046 0.1647
vn 0.9911 0.1037 0.0830
vn 0.9918 0.1233 0.0344
vn 0.9218 0.0346 0.3861
vn 0.6929 -0.0755 0.7171
vn 0.9875 0.1357 -0.0802
vn 0.9901 -0.0534 -0.1295
vn 0.9728 -0.1749 0.1517
vn 0.9515 -0.1413 -0.2734
vn 0.9942 -0.1077 0.0080
vn 0.9163 -0.1662 0.3643
vn 0.6751 -0.0298 0.7371
vn 0.9958 -0.0658 -0.0642
vn 0.6658 0.3993 -0.6303
vn 0.4847 0.3757 -0.7898
vn 0.6556 0.1462 -0.7408
vn 0.4441 0.1205 -0.8879
vn 0.4812 -0.0700 -0.8738
vn 0.3724 -0.1089 -0.9217
vn 0.9255 0.3106 -0.2168
vn 0.8802 0.2432 -0.4075
vn 0.8352 0.1091 -0.5390
vn 0.2107 0.4008 -0.8916
vn 0.1272 0.0496 -0.9906
vn 0.1256 -0.1228 -0.9845
vn 0.9232 -0.2154 -0.3183
vn 0.4233 -0.3139 -0.8498
vn 0.2890 -0.3000 -0.9091
vn -0.0077 0.3047 0.9524
vn -0.1835 0.4865 0.8542
vn -0.4869 0.6270 0.6081
vn -0.4010 0.0303 0.9156
vn -0.3725 0.0252 0.9277
vn -0.5904 0.4797 0.6491
vn -0.6547 -0.1409 0.7427
vn -0.4159 -0.0488 0.9081
vn -0.6555 0.1255 0.7447
vn -0.2951 -0.1041 0.9498
vn -0.6891 -0.0204 0.7244
vn -0.7531 -0.0780 0.6532
vn -0.0816 -0.2245 0.9711
vn -0.7939 -0.0731 0.6036
vn -0.3091 -0.5075 0.8043
vn -0.8154 -0.5134 0.2674
vn -0.1552 -0.8366 0.5254
vn -0.7134 -0.7007 -0.0077
vn -0.6607 -0.7505 0.0163
vn -0.8143 -0.2546 0.5216
vn -0.8236 -0.0565 0.5643
vn 0.9396 -0.3131 0.1384
vn 0.9358 -0.3111 -0.1657
vn 0.9671 -0.2543 0.0054
vn 0.9261 -0.2477 0.2846
vn 0.7433 -0.2172 0.6327
vn 0.9765 -0.2119 -0.0388
vn 0.9644 -0.1718 -0.2010
vn 0.1624 -0.2969 -0.9410
vn 0.9455 -0.3032 -0.1186
vn 0.7906 -0.5901 0.1639
vn 0.7207 -0.4097 0.5592
vn 0.8964 -0.4079 0.1737
vn 0.7048 -0.6753 0.2173
vn 0.5616 -0.6364 0.5287
vn 0.9488 -0.3120 -0.0490
vn 0.8070 -0.3112 -0.5019
vn 0.2545 -0.1385 -0.9571
vn 0.9847 -0.1402 -0.1034
vn 0.8987 -0.4291 0.0903
vn 0.9234 -0.3675 0.1109
vn 0.9545 -0.2826 0.0953
vn 0.7925 -0.5375 0.2883
vn 0.6394 -0.5767 0.5085
vn 0.9807 -0.1849 -0.0643
vn 0.8898 -0.0985 -0.4456
vn 0.2456 -0.2592 -0.9341
vn 0.4957 -0.2841 -0.8207
vn 0.2022 -0.4169 -0.8862
vn 0.5544 -0.1899 -0.8103
vn 0.2012 -0.1253 -0.9715
vn 0.4214 0.5684 -0.7066
vn 0.4122 0.7211 -0.5569
vn 0.4224 0.8073 -0.4121
vn 0.4503 0.8503 -0.2724
vn 0.0923 0.4520 0.8872
vn 0.2524 0.5628 0.7871
vn 0.3550 0.6591 0.6630
vn 0.5896 0.7987 -0.1202
vn 0.5444 0.8288 -0.1292
vn 0.3446 0.9310 -0.1205
vn 0.2002 0.9798 0.0003
vn 0.6409 0.7630 0.0838
vn 0.6265 0.7786 0.0370
vn 0.2397 0.9662 0.0945
vn 0.6828 0.7077 0.1813
vn 0.3834 0.3938 -0.8354
vn 0.3453 0.1089 -0.9322
vn 0.2714 -0.1355 -0.9529
vn 0.2262 -0.3121 -0.9227
vn 0.4078 -0.0361 0.9124
vn -0.0227 -0.0942 0.9953
vn -0.3977 -0.3183 0.8605
vn 0.1374 -0.4330 0.8908
vn 0.7030 -0.2385 0.6700
vn 0.9306 -0.0821 0.3568
vn 0.9547 0.2304 0.1881
vn 0.1262 -0.3189 -0.9394
vn 0.1107 -0.1602 -0.9809
vn 0.0488 0.9441 0.3261
vn 0.0150 0.9999 0.0033
vn 0.0487 0.9960 -0.0749
vn 0.2398 0.9359 -0.2580
vn 0.3594 0.8931 -0.2705
vn 0.5879 0.7919 -0.1650
vn 0.3444 0.9065 0.2442
vn 0.3257 0.8331 0.4471
vn 0.6804 0.6183 0.3934
vn 0.6552 0.5321 0.5362
vn 0.4039 0.7098 0.5771
vn -0.0323 0.4913 0.8704
vn 0.7142 0.6196 0.3257
vn 0.3037 0.8887 -0.3435
vn 0.2729 0.9085 -0.3165
vn 0.1990 0.9799 -0.0170
vn 0.1410 0.9722 -0.1870
vn 0.3256 0.9433 0.0650
vn 0.5694 0.8183 0.0790
vn 0.6351 0.7588 0.1444
vn 0.6649 0.7141 0.2191
vn 0.7989 0.3879 0.4596
vn 0.7932 0.3885 0.4689
vn 0.8284 0.3474 0.4394
vn 0.8685 0.1682 0.4663
vn 0.8684 -0.0291 0.4950
vn 0.8422 -0.0967 0.5304
vn 0.8287 -0.2282 0.5111
vn 0.7239 -0.6668 0.1772
vn 0.8150 -0.5457 0.1948
vn 0.4934 0.8448 -0.2069
vn 0.5171 0.7239 0.4567
vn -0.0926 0.6366 0.7656
vn -0.0644 0.7335 0.6766
vn 0.0852 0.8175 0.5697
vn 0.3860 0.8707 0.3048
vn 0.6433 0.7530 0.1384
vn 0.8639 0.4672 0.1882
vn 0.8717 0.4553 0.1815
vn 0.8656 0.4376 0.2434
vn 0.9219 0.2669 0.2809
vn 0.9539 0.0881 0.2869
vn 0.9299 -0.1973 0.3105
vn -0.1260 0.4317 0.8932
vn -0.5489 0.1182 0.8275
vn -0.5840 -0.1407 0.7995
vn -0.3954 -0.0706 0.9158
vn -0.7543 -0.0761 0.6521
vn -0.8438 -0.4561 0.2828
vn -0.7404 -0.6720 0.0135
vn 0.9256 -0.2714 0.2637
vn 0.7107 -0.6976 0.0910
vn 0.8606 -0.4870 0.1490
vn 0.6398 0.7623 0.0973
vn 0.3482 0.8710 0.3465
vn 0.7075 0.6561 0.2626
vn 0.3486 0.9229 -0.1637
vn -0.3448 0.8932 -0.2886
vn -0.0986 0.9720 -0.2134
vn -0.6529 -0.4396 -0.6168
vn -0.7082 -0.4182 -0.5688
vn -0.7697 -0.2100 -0.6029
vn -0.8085 0.0654 -0.5849
vn -0.8161 0.2229 -0.5332
vn -0.7094 0.5076 -0.4890
vn -0.5673 0.7272 -0.3865
vn 0.1935 0.9333 -0.3024
vn 0.7508 0.4434 -0.4896
vn 0.6032 0.6307 -0.4881
vn 0.3927 0.8206 -0.4153
vn 0.5016 0.8493 -0.1646
vn 0.8643 0.3218 -0.3866
vn 0.9432 0.2338 -0.2363
vn 0.9638 0.0891 -0.2514
vn 0.7342 -0.2912 -0.6133
vn 0.6347 -0.2476 -0.7320
vn 0.7067 -0.1379 -0.6940
vn 0.5407 0.8344 -0.1070
vn 0.1479 0.9716 -0.1849
vn 0.1802 0.9036 -0.3886
vn 0.0068 0.7048 -0.7093
vn 0.4165 0.8809 -0.2249
vn 0.0745 0.8136 -0.5767
vn 0.1946 0.8896 -0.4133
vn 0.6297 0.7632 -0.1449
vn 0.5918 0.5507 -0.5886
vn 0.5365 0.6572 -0.5294
vn 0.5594 0.7656 -0.3176
vn 0.6049 0.7854 -0.1316
vn 0.5999 0.3735 -0.7075
vn 0.5435 0.1290 -0.8295
vn 0.4707 -0.0994 -0.8767
vn -0.1262 0.4078 -0.9043
vn -0.1948 0.0350 -0.9802
vn -0.1313 -0.0788 -0.9882
vn 0.4227 -0.2903 -0.8585
vn -0.0706 -0.2546 -0.9645
vn 0.4195 -0.1142 -0.9006
vn 0.3892 -0.4023 -0.8287
vn -0.0539 -0.4581 -0.8873
vn -0.1497 -0.2331 -0.9609
vn 0.5684 0.8128 -0.1276
vn 0.3129 0.9024 -0.2962
vn 0.6452 0.7437 -0.1750
vn 0.8204 -0.4696 -0.3262
vn 0.5726 -0.6126 -0.5448
vn 0.7199 -0.5218 -0.4576
vn 0.8887 -0.4454 -0.1090
vn 0.5753 -0.6118 -0.5429
vn 0.9833 0.1014 0.1514
vn 0.9829 0.0800 0.1656
vn 0.9832 -0.1647 0.0792
vn 0.8199 -0.5620 -0.1092
vn 0.6187 -0.7363 -0.2740
vn 0.3708 -0.6252 -0.6868
vn 0.6304 -0.5967 -0.4965
vn 0.7276 -0.3858 -0.5672
vn 0.8894 -0.2010 -0.4105
vn 0.4520 -0.4517 -0.7692
vn 0.9817 0.1608 -0.1019
vn 0.9782 0.2076 -0.0061
vn 0.9653 -0.0450 -0.2572
vn 0.9992 -0.0042 -0.0390
vn 0.9785 0.0393 -0.2023
vn 0.9979 0.0531 -0.0374
vn 0.7474 -0.5252 -0.4069
vn 0.8179 -0.4696 -0.3324
vn 0.4561 -0.7271 -0.5132
vn 0.9660 -0.2194 -0.1370
vn 0.4621 -0.8502 -0.2522
vn 0.3716 -0.8200 -0.4353
vn 0.9642 -0.1078 -0.2424
vn 0.9970 -0.0004 0.0772
vn 0.9904 -0.0538 -0.1277
vn 0.9894 -0.1430 0.0272
vn 0.8546 -0.5079 -0.1083
vn 0.7671 -0.6197 -0.1661
vn 0.6826 -0.7282 -0.0621
vn 0.4551 -0.8646 -0.2127
vn 0.4486 -0.8918 -0.0596
vn -0.8657 -0.4837 0.1292
vn -0.8402 -0.5184 0.1592
vn -0.8677 -0.4881 0.0945
vn -0.8763 -0.4750 0.0800
vn -0.8775 -0.4732 0.0778
vn -0.8967 -0.4334 0.0897
vn -0.8746 -0.4837 0.0339
vn -0.8888 -0.4563 0.0431
vn -0.9030 -0.4276 0.0417
vn -0.9662 0.2389 0.0971
vn -0.9908 0.1124 0.0750
vn -0.9908 -0.0525 0.1250
vn -0.9132 -0.3627 0.1857
vn -0.9630 0.2587 0.0749
vn -0.9946 0.0655 0.0806
vn -0.9829 -0.1311 0.1293
vn -0.9247 -0.3569 0.1323
vn -0.9753 0.2202 -0.0189
vn -0.9967 0.0265 0.0769
vn -0.9826 -0.1597 0.0950
vn -0.9395 -0.3353 0.0697
vn -0.9669 0.1792 -0.1818
vn -0.9051 -0.3376 -0.2585
vn -0.7336 -0.6248 -0.2672
vn -0.9702 -0.0673 -0.2329
vn -0.9818 0.1566 -0.1074
vn -0.9686 0.2269 0.1021
vn -0.8454 -0.5004 0.1866
vn -0.8900 -0.4456 0.0964
vn -0.9103 -0.4101 0.0558
vn -0.5425 -0.3885 0.7448
vn -0.4562 -0.5123 0.7276
vn -0.6314 -0.3255 0.7038
vn -0.7677 0.1273 0.6280
vn -0.7834 0.0917 0.6148
vn -0.8066 0.0921 0.5839
vn -0.6601 -0.3694 0.6541
vn -0.7407 0.0773 0.6674
vn -0.7681 0.1576 0.6206
vn -0.5711 -0.4738 0.6703
vn -0.5449 -0.4056 0.7338
vn -0.4691 -0.8644 0.1812
vn -0.3768 -0.9216 -0.0931
vn -0.4217 -0.9048 -0.0593
vn -0.8469 -0.0441 0.5299
vn -0.9513 -0.0866 0.2957
vn -0.9976 -0.0670 0.0191
vn -0.9641 -0.0550 -0.2597
vn -0.5043 -0.0432 -0.8624
vn 0.9945 0.0673 -0.0805
vn 0.9917 -0.0125 0.1283
vn 0.9933 -0.0097 0.1153
vn 0.9985 0.0473 0.0268
vn 0.9033 -0.0358 0.4276
vn 0.6703 -0.0246 0.7417
vn 0.9945 0.0685 -0.0791
vn 0.5983 0.0571 -0.7992
vn 0.4213 -0.0001 -0.9069
vn 0.8009 -0.0295 -0.5980
vn 0.0998 -0.0183 -0.9948
vn -0.6165 -0.0318 0.7867
vn -0.5719 -0.0959 0.8147
vn -0.7945 -0.0350 0.6062
vn 0.3083 -0.0094 -0.9512
vn -0.3779 -0.3834 0.8427
vn 0.8402 -0.0416 0.5407
vn 0.9482 -0.0212 0.3171
vn -0.0461 -0.1859 0.9815
vn -0.7843 -0.0375 -0.6192
vn 0.9582 -0.0570 -0.2803
vn 0.4984 0.0114 -0.8669
vn -0.1635 0.0022 -0.9865
vn 0.7460 -0.5837 -0.3205
vn 0.8111 -0.3051 -0.4991
vn 0.8837 -0.3921 -0.2556
vn 0.9295 -0.3668 -0.0380
vn -0.9826 0.1761 0.0598
vn -0.9830 0.1721 0.0641
vn -0.9927 0.1104 0.0488
vn -0.7538 0.1764 0.6330
vn -0.9042 -0.3444 0.2525
vn -0.8488 -0.5178 0.1067
vn -0.9315 -0.3637 0.0087
vn -0.8776 -0.2742 -0.3932
vn -0.3917 -0.3155 -0.8643
vn -0.1798 -0.3256 0.9282
vn -0.8323 -0.2273 0.5056
vn -0.7866 -0.5706 0.2358
vn 0.9380 -0.2728 -0.2138
vn 0.9211 -0.3830 0.0698
vn 0.9215 -0.3885 0.0023
vn 0.9518 -0.3068 0.0068
vn 0.8761 -0.4060 0.2601
vn 0.7692 -0.3609 0.5273
vn 0.9411 -0.3284 -0.0809
vn 0.8812 -0.2720 -0.3865
vn 0.3469 -0.5313 -0.7729
vn 0.2513 -0.5347 -0.8068
vn 0.2449 -0.4218 -0.8730
vn 0.8722 -0.0954 0.4798
vn 0.2363 -0.4789 -0.8455
vn 0.8218 -0.3968 0.4090
vn -0.7422 -0.2610 0.6173
vn 0.9083 -0.3716 0.1919
vn -0.7352 -0.2557 -0.6277
vn 0.6438 -0.4260 -0.6357
vn 0.3343 -0.5524 -0.7636
vn -0.0927 -0.4118 -0.9066
vn 0.9945 0.0057 0.1047
vn 0.9929 0.0770 -0.0912
vn 0.9896 0.1352 0.0483
vn 0.9942 0.1068 0.0133
vn -0.9716 -0.1684 -0.1661
vn -0.9993 0.0220 -0.0292
vn -0.9487 0.3128 0.0454
vn -0.7714 0.2670 0.5776
vn -0.8392 0.1929 0.5084
vn -0.9464 0.1162 0.3014
vn -0.9876 0.1448 0.0606
vn -0.9469 0.1707 -0.2725
vn -0.5376 0.1189 -0.8348
vn 0.9767 0.2064 -0.0595
vn 0.9686 0.1694 0.1819
vn 0.9803 0.1774 0.0863
vn 0.9705 0.2390 0.0311
vn 0.9337 0.1246 0.3355
vn 0.7143 0.0430 0.6985
vn 0.9696 0.2376 -0.0581
vn 0.6668 0.2602 -0.6983
vn 0.4712 0.2412 -0.8484
vn 0.8667 0.1725 -0.4680
vn 0.1710 0.2358 -0.9566
vn -0.3156 0.1047 0.9431
vn -0.3015 0.0487 0.9522
vn -0.7050 0.0339 0.7084
vn 0.3707 0.2412 -0.8969
vn -0.1828 -0.0575 0.9815
vn 0.8748 0.0953 0.4750
vn 0.9509 0.1495 0.2711
vn -0.5295 0.2286 0.8170
vn -0.8211 0.1862 -0.5395
vn 0.9566 0.1762 -0.2320
vn 0.5753 0.2561 -0.7768
vn -0.1791 0.2291 -0.9568
vn 0.6662 -0.5810 -0.4676
vn 0.6162 -0.4645 -0.6360
vn 0.7512 -0.5319 -0.3910
vn 0.7988 -0.5821 -0.1520
vn -0.9954 -0.0153 0.0947
vn -0.9936 -0.0262 0.1099
vn -0.9926 -0.0933 0.0777
vn -0.8324 -0.1065 0.5439
vn -0.6800 0.4713 0.5617
vn -0.8567 0.3901 0.3375
vn -0.9102 0.4040 0.0915
vn -0.8898 0.4021 -0.2157
vn -0.5216 0.4101 -0.7481
vn 0.9307 0.3653 -0.0205
vn 0.8984 0.3891 0.2034
vn 0.9094 0.4042 0.0980
vn 0.9087 0.4167 0.0256
vn 0.8889 0.3306 0.3171
vn 0.6945 0.1226 0.7090
vn 0.9113 0.4111 0.0236
vn 0.6704 0.4795 -0.5662
vn 0.4884 0.4916 -0.7209
vn 0.9204 0.3370 -0.1983
vn 0.2437 0.5183 -0.8198
vn -0.2108 0.1634 0.9638
vn -0.3326 0.2110 0.9192
vn -0.6471 0.2278 0.7276
vn 0.4077 0.4959 -0.7667
vn 0.2584 -0.1010 0.9607
vn 0.8507 0.2677 0.4524
vn 0.8901 0.3589 0.2808
vn -0.3893 0.2187 0.8948
vn -0.7623 0.3908 -0.5159
vn 0.8151 0.4001 -0.4191
vn 0.6127 0.4763 -0.6306
vn -0.0653 0.5364 -0.8415
vn 0.5895 -0.6151 -0.5236
vn 0.5501 -0.4523 -0.7020
vn 0.7079 -0.5697 -0.4175
vn 0.7524 -0.6398 -0.1569
vn -0.9682 -0.1835 0.1701
vn -0.9642 -0.2206 0.1471
vn -0.9643 -0.2513 0.0831
vn -0.6971 -0.1620 0.6985
vn -0.2411 0.9138 0.3267
vn -0.4987 0.7887 0.3595
vn -0.6772 0.6474 0.3498
vn -0.8602 0.3066 0.4075
vn -0.8189 0.0296 0.5732
vn -0.8629 -0.0885 0.4976
vn -0.9034 -0.0460 0.4264
vn -0.8478 -0.5272 0.0570
vn -0.6854 -0.7281 0.0081
vn 0.4383 0.8931 0.1017
vn 0.2122 0.9574 0.1957
vn 0.6326 0.7741 0.0247
vn 0.8605 0.4880 0.1463
vn 0.8170 0.5604 0.1359
vn 0.8823 0.4571 0.1125
vn 0.9379 0.3333 0.0961
vn 0.9862 0.1289 0.1039
vn 0.9889 -0.1082 0.1023
vn 0.9339 -0.3214 0.1568
vn 0.8465 -0.5144 0.1372
vn 0.9214 -0.3120 0.2318
vn -0.0741 0.9570 0.2803
vn -0.8358 -0.0390 0.5476
vn 0.6017 0.7838 0.1535
vn -0.9370 -0.2627 0.2301
vn 0.9904 0.0129 0.1374
vn -0.8005 0.1723 0.5740
vn 0.8837 -0.3644 0.2938
vn -0.7914 0.5413 0.2840
vn 0.9732 0.2048 0.1045
vn 0.9087 0.4076 0.0899
vn 0.8602 0.4886 0.1462
vn 0.8354 0.5360 0.1221
vn 0.8752 0.4634 0.1389
vn 0.9420 0.3223 0.0939
vn 0.9803 0.1160 0.1598
vn 0.9259 -0.1542 0.3448
vn 0.9215 -0.3278 0.2082
vn 0.8171 -0.4567 0.3518
vn 0.8802 -0.3067 0.3622
vn 0.6225 0.7694 0.1433
vn 0.9875 -0.0062 0.1577
vn 0.9164 -0.3896 0.0918
vn 0.9781 0.1861 0.0937
vn 0.9077 0.4047 0.1113
vn 0.3101 0.9431 0.1204
vn 0.2891 0.9501 0.1168
vn 0.3301 0.5121 0.7930
vn 0.1710 0.3988 0.9010
vn -0.0488 0.3344 0.9412
vn -0.5277 0.1494 0.8362
vn -0.8007 0.0318 0.5982
vn -0.8450 -0.0720 0.5298
vn -0.9032 -0.0256 0.4285
vn -0.8306 -0.5468 0.1054
vn -0.6061 -0.7925 0.0673
vn 0.4808 0.8714 0.0974
vn 0.6356 0.7719 0.0119
vn 0.0915 0.8132 0.5747
vn -0.8260 -0.0420 0.5622
vn -0.9470 -0.2121 0.2412
vn -0.7823 0.1446 0.6059
vn -0.1175 0.3355 0.9347
vn 0.2456 0.9513 0.1863
vn -0.9090 -0.0030 0.4169
vn -0.8561 -0.0138 0.5166
vn -0.7730 0.0320 0.6336
vn -0.0983 0.3517 0.9309
vn 0.3004 0.5353 0.7894
vn 0.3106 0.9429 0.1200
vn -0.5473 0.1564 0.8222
vn 0.1282 0.4199 0.8985
vn 0.3031 0.9431 0.1368
vn 0.9042 0.4108 0.1171
vn 0.9725 0.2113 0.0976
vn 0.9157 -0.3854 0.1141
vn 0.8101 0.4164 -0.4127
vn -0.0636 0.5306 -0.8452
vn -0.4710 0.7961 0.3798
vn 0.5035 0.5068 -0.6997
vn 0.2364 0.5226 -0.8192
vn -0.3352 0.2131 0.9177
vn 0.9061 0.4110 0.1001
vn 0.9077 0.4180 0.0363
vn 0.8840 0.3428 0.3180
vn -0.5304 0.4265 -0.7326
vn 0.9253 0.3788 -0.0158
vn 0.8940 0.3990 0.2039
vn 0.9892 0.0348 0.1422
vn 0.6216 0.7710 0.1384
vn 0.9119 -0.3742 0.1687
vn 0.9211 -0.3444 0.1815
vn 0.9863 0.1304 0.1011
vn 0.8739 0.4647 0.1428
vn 0.6332 0.7734 0.0303
vn -0.8211 -0.0040 0.5708
vn -0.7786 0.1547 0.6081
vn 0.2509 0.9507 0.1821
vn -0.7989 -0.5881 0.1264
vn -0.5187 -0.8486 0.1038
vn 0.5689 0.8194 0.0704
vn -0.7821 0.5325 0.3237
vn -0.8031 0.1787 0.5684
vn -0.9264 -0.2826 0.2490
vn 0.9550 0.2451 0.1673
vn 0.8488 -0.4093 0.3346
vn 0.9948 0.0325 0.0960
vn 0.8840 -0.3734 0.2811
vn 0.9978 -0.0605 0.0262
vn 0.9310 0.3495 0.1050
vn 0.8143 0.5640 0.1374
vn 0.6278 0.7780 0.0233
vn 0.5253 0.8474 0.0770
vn -0.6452 -0.7640 -0.0045
vn -0.8302 -0.5544 0.0581
vn -0.8943 -0.0280 0.4465
vn 0.0886 0.8197 0.5660
vn -0.9425 -0.2210 0.2507
vn -0.1659 0.3613 0.9176
vn -0.6559 0.6477 0.3876
vn -0.2213 0.9170 0.3318
vn 0.6102 0.4954 -0.6182
vn -0.3932 0.2194 0.8929
vn 0.8371 0.2923 0.4625
vn 0.4015 0.5115 -0.7597
vn 0.5999 0.7849 0.1552
vn -0.8251 -0.0123 0.5648
vn -0.0660 0.9577 0.2800
vn -0.6500 0.2275 0.7251
vn -0.2163 0.1186 0.9691
vn 0.9151 0.3522 -0.1963
vn 0.6859 0.1580 0.7103
vn 0.9103 0.4122 0.0389
vn 0.6649 0.4994 -0.5555
vn 0.8323 0.5412 0.1199
vn 0.8573 0.4931 0.1479
vn 0.9055 0.4139 0.0938
vn 0.8715 -0.3837 0.3055
vn 0.9316 -0.3081 0.1929
vn 0.9738 0.1257 0.1897
vn -0.7535 0.4031 -0.5195
vn 0.8850 0.3708 0.2816
vn 0.2670 -0.0908 0.9594
vn -0.8610 0.2934 0.4153
vn -0.8172 0.0494 0.5743
vn -0.8549 -0.0351 0.5176
vn 0.8812 0.4587 0.1146
vn 0.8569 0.4938 0.1480
vn 0.2191 0.9559 0.1953
vn 0.8879 -0.4138 0.2008
vn 0.9515 -0.1045 0.2893
vn 0.9354 0.3398 0.0981
vn -0.9149 0.3946 0.0854
vn -0.6937 0.4610 0.5533
vn 0.5798 0.2898 -0.7615
vn -0.8051 0.2164 -0.5523
vn 0.9442 0.1850 0.2724
vn -0.1757 -0.0259 0.9841
vn 0.9514 0.2070 -0.2281
vn -0.6323 0.2399 0.7366
vn 0.8665 0.1253 0.4831
vn -0.7135 0.0508 0.6988
vn -0.2484 0.1369 0.9589
vn 0.8687 0.2010 -0.4527
vn 0.6600 0.3000 -0.6888
vn 0.7089 0.0851 0.7001
vn 0.9634 0.2662 0.0326
vn 0.4886 0.2739 -0.8284
vn 0.9709 0.2372 -0.0343
vn 0.9286 0.1568 0.3364
vn -0.9427 0.2018 -0.2656
vn -0.9354 0.1633 0.3137
vn -0.1065 -0.3878 -0.9156
vn 0.6540 -0.4353 -0.6187
vn 0.9131 -0.3628 0.1863
vn 0.8156 -0.3995 0.4185
vn 0.8945 -0.0474 0.4446
vn 0.3068 -0.5234 -0.7949
vn 0.8812 -0.2630 -0.3928
vn 0.2256 -0.4874 -0.8435
vn 0.2585 -0.4093 -0.8750
vn 0.3747 -0.5554 -0.7424
vn -0.8393 -0.5316 0.1139
vn -0.1646 0.0356 -0.9857
vn 0.9700 0.0004 -0.2432
vn -0.0333 -0.1265 0.9914
vn 0.8375 -0.0192 0.5460
vn 0.3003 0.0186 -0.9537
vn -0.9668 -0.0338 -0.2531
vn -0.9982 -0.0378 0.0456
vn -0.9503 -0.0598 0.3056
vn -0.8522 -0.0079 0.5231
vn 0.6487 0.7408 -0.1743
vn 0.3117 0.9032 -0.2950
vn -0.8834 -0.2651 -0.3865
vn -0.2067 -0.3051 0.9296
vn -0.7528 -0.6108 0.2455
vn 0.5689 0.8133 -0.1222
vn -0.1729 -0.2378 -0.9558
vn -0.0593 -0.4551 -0.8885
vn 0.9214 -0.3811 0.0759
vn 0.9677 -0.2518 -0.0130
vn 0.7692 -0.3469 0.5367
vn 0.5102 0.0377 -0.8592
vn -0.9049 -0.3544 0.2355
vn -0.9246 -0.3796 0.0309
vn 0.4505 0.0155 -0.8926
vn 0.0946 0.0126 -0.9954
vn -0.5525 -0.0526 0.8318
vn 0.9941 0.0159 0.1077
vn 0.9976 0.0571 0.0397
vn 0.9039 -0.0118 0.4276
vn -0.5126 -0.0176 -0.8585
vn 0.9917 0.1015 -0.0788
vn 0.9909 0.0143 0.1340
vn 0.9218 -0.3873 0.0154
vn 0.8776 -0.3994 0.2652
vn 0.9505 -0.2977 -0.0886
vn 0.9748 0.2014 0.0956
vn 0.9613 0.2015 0.1878
vn 0.9690 0.2401 -0.0579
vn -0.8004 -0.0042 0.5995
vn -0.6226 0.0050 0.7825
vn 0.7987 -0.0315 -0.6009
vn 0.3577 0.2780 -0.8915
vn -0.2920 0.0369 0.9557
vn 0.1635 0.2620 -0.9511
vn 0.6766 -0.0013 0.7363
vn 0.9939 0.0946 -0.0566
vn 0.6012 0.0825 -0.7949
vn -0.5407 0.1715 -0.8235
vn -0.9824 0.1695 0.0790
vn -0.8427 0.1957 0.5016
vn -0.7722 -0.0276 -0.6348
vn 0.9408 0.0072 0.3390
vn -0.3966 -0.3228 0.8594
vn 0.3071 -0.5817 -0.7532
vn -0.7203 -0.1414 -0.6791
vn -0.7440 -0.2546 0.6177
vn -0.3843 -0.2715 -0.8824
vn -0.8262 -0.2273 0.5155
vn 0.9572 -0.2327 -0.1723
vn -0.8825 0.4202 -0.2112
vn -0.8465 0.4045 0.3462
vn -0.1756 0.2311 -0.9570
vn 0.0751 0.8123 -0.5784
vn 0.4149 0.8816 -0.2252
vn 0.0074 0.7012 -0.7129
vn 0.1839 0.9027 -0.3891
vn 0.5398 0.8352 -0.1053
vn 0.5996 -0.2524 -0.7595
vn 0.9740 0.0467 -0.2217
vn 0.8578 0.3471 -0.3790
vn 0.1469 0.9713 -0.1868
vn 0.7041 -0.1162 -0.7005
vn 0.7339 -0.2940 -0.6123
vn 0.9359 0.2661 -0.2310
vn 0.6022 0.7875 -0.1308
vn 0.3972 0.8189 -0.4142
vn 0.6061 0.6285 -0.4874
vn 0.7525 0.4427 -0.4876
vn 0.8659 0.4377 0.2423
vn 0.9476 0.1230 0.2948
vn -0.1249 0.4355 0.8915
vn -0.6435 -0.0420 0.7643
vn 0.5179 0.7229 0.4574
vn -0.0624 0.7340 0.6762
vn 0.3858 0.8702 0.3063
vn 0.8647 0.4661 0.1874
vn 0.8278 0.3463 0.4414
vn 0.8651 0.0006 0.5016
vn 0.8297 -0.2351 0.5063
vn 0.8039 -0.5510 0.2240
vn 0.8583 0.1968 0.4740
vn 0.8441 -0.0839 0.5296
vn 0.7230 -0.6560 0.2166
vn 0.4921 0.8458 -0.2061
vn 0.3721 0.4227 -0.8263
vn 0.3336 0.1428 -0.9318
vn 0.2647 -0.1251 -0.9562
vn 0.2290 -0.3084 -0.9233
vn 0.6316 0.7706 0.0853
vn 0.6241 0.7805 0.0352
vn 0.2782 0.9562 0.0909
vn 0.6775 0.7127 0.1818
vn 0.1808 0.9342 -0.3075
vn -0.5664 0.7274 -0.3874
vn -0.7079 0.5087 -0.4900
vn -0.8021 0.2484 -0.5430
vn 0.4599 -0.0759 -0.8847
vn -0.1926 0.0746 -0.9784
vn 0.3661 -0.2856 -0.8857
vn 0.2547 -0.1089 -0.9609
vn -0.3458 0.8923 -0.2901
vn 0.7059 0.6577 0.2629
vn 0.6368 0.7641 0.1035
vn 0.7130 -0.6953 0.0904
vn -0.7961 0.1012 -0.5967
vn -0.7658 -0.1876 -0.6151
vn -0.7086 -0.4234 -0.5645
vn -0.5441 -0.5731 -0.6129
vn 0.1949 0.8883 -0.4158
vn 0.5910 0.5542 -0.5862
vn 0.5596 0.7644 -0.3204
vn 0.5985 0.4058 -0.6908
vn 0.8009 0.3849 0.4588
vn 0.6348 0.7585 0.1471
vn 0.3253 0.9435 0.0641
vn 0.2023 0.9792 -0.0166
vn 0.2983 0.8894 -0.3464
vn -0.0447 0.4980 0.8660
vn 0.6519 0.5323 0.5401
vn 0.3251 0.8350 0.4439
vn 0.7026 0.6975 -0.1409
vn 0.2390 0.9362 -0.2578
vn 0.0206 0.9998 -0.0009
vn 0.2096 -0.0976 -0.9729
vn 0.3430 0.9076 0.2422
vn 0.3608 0.8926 -0.2704
vn 0.0480 0.9959 -0.0768
vn 0.0513 0.9453 0.3223
vn 0.1532 -0.4159 0.8964
vn -0.3972 -0.2755 0.8754
vn -0.0296 -0.0694 0.9971
vn 0.4153 -0.0488 0.9084
vn 0.4068 0.9064 -0.1135
vn 0.5882 0.7986 -0.1272
vn 0.2572 0.5537 0.7920
vn 0.4491 0.8509 -0.2725
vn 0.6324 0.7610 -0.1448
vn 0.5357 0.6577 -0.5296
vn 0.7261 0.6816 -0.0903
vn 0.5531 0.1655 -0.8165
vn -0.0934 0.6367 0.7655
vn 0.0833 0.8186 0.5684
vn 0.7395 0.6674 0.0878
vn 0.8714 0.4554 0.1822
vn 0.2789 0.9070 -0.3154
vn 0.7183 0.6170 0.3214
vn 0.4045 0.7100 0.5765
vn 0.7657 0.5425 0.3456
vn 0.7455 -0.1807 0.6416
vn 0.9392 -0.0736 0.3353
vn 0.9600 0.1910 0.2046
vn 0.1095 -0.2948 -0.9493
vn 0.2282 0.9736 0.0017
vn 0.5449 0.8272 -0.1371
vn 0.3563 0.6556 0.6657
vn 0.1025 0.4466 0.8889
vn 0.9132 0.2937 0.2826
vn 0.9256 -0.1802 0.3329
vn -0.5479 0.1385 0.8250
vn -0.3887 -0.0475 0.9201
vn 0.7937 0.3866 0.4697
vn 0.6639 0.7152 0.2183
vn 0.5644 0.8216 0.0803
vn 0.1429 0.9720 -0.1867
vn -0.7343 -0.0666 0.6755
vn -0.7998 -0.4914 0.3447
vn -0.7228 -0.6878 0.0670
vn 0.9262 -0.2634 0.2696
vn -0.1238 0.4044 -0.9062
vn -0.1303 -0.0430 -0.9905
vn -0.0711 -0.2281 -0.9710
vn 0.2346 -0.2788 -0.9313
vn -0.0988 0.9720 -0.2132
vn 0.3478 0.9227 -0.1662
vn 0.3492 0.8713 0.3449
vn 0.8651 -0.4788 0.1496
vn 0.4149 0.7202 -0.5560
vn 0.2290 -0.0709 -0.9708
vn 0.2123 -0.4287 -0.8782
vn 0.2522 -0.2581 -0.9326
vn 0.9844 -0.1674 -0.0543
vn 0.7910 -0.5344 0.2980
vn 0.9178 -0.3878 0.0851
vn 0.9522 -0.1827 -0.2449
vn 0.7836 -0.4480 -0.4303
vn 0.5851 -0.6251 0.5167
vn 0.4233 0.8047 -0.4162
vn 0.4207 0.5707 -0.7052
vn 0.3799 -0.1861 -0.9061
vn 0.4436 -0.1777 -0.8784
vn 0.9141 -0.0384 -0.4036
vn 0.7057 -0.6726 0.2226
vn 0.9080 -0.3636 0.2081
vn 0.6518 -0.3794 0.6566
vn 0.7870 -0.5984 0.1503
vn 0.9359 -0.2264 -0.2698
vn 0.9879 0.1422 -0.0622
vn 0.9180 0.0638 0.3915
vn 0.9882 0.1342 0.0734
vn 0.9805 0.1837 -0.0695
vn 0.7006 0.1537 0.6968
vn 0.9397 0.3401 0.0349
vn 0.9244 0.3207 0.2066
vn 0.9249 0.3799 0.0159
vn 0.7441 0.1942 0.6392
vn 0.8920 0.4501 0.0427
vn 0.8592 0.4626 0.2186
vn 0.6922 0.7187 -0.0661
vn 0.7343 0.3702 0.5691
vn 0.7927 0.6055 0.0711
vn 0.8613 0.4765 0.1764
vn 0.8733 0.4696 0.1293
vn 0.8459 0.5331 0.0149
vn 0.8650 0.4445 0.2329
vn 0.7609 0.6445 0.0752
vn 0.8419 0.5240 0.1289
vn 0.8248 0.5455 0.1492
vn 0.5892 0.8074 0.0289
vn 0.4410 0.8909 0.1084
vn 0.6553 0.7495 0.0945
vn 0.3154 0.9089 0.2729
vn 0.8983 0.3793 -0.2217
vn 0.3395 0.8407 -0.4218
vn 0.6496 0.5131 -0.5611
vn 0.4114 0.8139 0.4103
vn 0.5586 0.4411 0.7024
vn 0.7083 0.3309 0.6235
vn 0.7710 0.1972 0.6056
vn 0.5941 0.1231 0.7949
vn 0.1763 0.7704 0.6127
vn 0.0234 0.6685 0.7434
vn 0.5523 0.7464 -0.3712
vn 0.5788 0.6457 -0.4981
vn 0.5497 0.5576 -0.6220
vn 0.2954 0.8527 -0.4308
vn 0.2549 0.7751 -0.5782
vn -0.2717 -0.0872 0.9584
vn -0.7580 -0.0164 0.6521
vn -0.8116 -0.0592 0.5812
vn -0.8119 -0.5160 0.2732
vn -0.7174 -0.6966 -0.0011
vn 0.4303 0.8725 -0.2314
vn 0.2369 0.6295 -0.7400
vn -0.3009 0.7377 -0.6044
vn -0.4780 0.5262 -0.7033
vn -0.5546 0.2599 -0.7905
vn -0.8130 -0.2795 0.5109
vn 0.9385 -0.3132 0.1451
vn 0.9631 -0.2656 -0.0429
vn 0.7277 -0.2107 0.6527
vn 0.9615 -0.2061 -0.1815
vn 0.3394 -0.3085 -0.8886
vn -0.1868 0.4863 0.8536
vn -0.3135 0.0548 0.9480
vn -0.6034 0.4748 0.6407
vn -0.3392 -0.0131 0.9406
vn 0.4889 -0.0625 -0.8701
vn 0.9168 0.3388 -0.2113
vn 0.8368 0.1317 -0.5315
vn 0.1192 0.0829 -0.9894
vn 0.9226 -0.2119 -0.3223
vn 0.9745 -0.1572 0.1604
vn 0.9970 -0.0697 0.0341
vn 0.6746 -0.0142 0.7380
vn 0.6603 0.4304 -0.6154
vn 0.6495 0.1808 -0.7386
vn 0.9924 -0.1185 0.0325
vn 0.9215 -0.1546 0.3563
vn 0.9984 -0.0327 -0.0467
vn 0.4985 0.4059 -0.7660
vn 0.4667 0.1461 -0.8723
vn 0.5130 0.8582 0.0171
vn 0.4233 0.8938 -0.1481
vn 0.0288 0.9923 0.1208
vn 0.2029 0.9737 0.1035
vn 0.2693 0.9416 0.2021
vn 0.5403 0.7930 -0.2816
vn 0.7393 0.6626 -0.1203
vn 0.6949 0.7106 -0.1104
vn 0.5389 0.8416 -0.0371
vn 0.5458 0.8377 0.0197
vn -0.8254 -0.0449 0.5628
vn 0.9441 -0.3291 -0.0219
vn 0.9304 -0.2365 0.2800
vn 0.9728 -0.2166 -0.0827
vn 0.1597 -0.2866 -0.9447
vn 0.9083 0.2658 0.3230
vn 0.9359 0.3352 0.1081
vn 0.9408 0.3367 -0.0396
vn 0.9010 0.4266 0.0787
vn 0.8684 0.3938 0.3013
vn 0.4095 -0.1077 -0.9059
vn 0.8768 0.2748 -0.3947
vn 0.2036 0.4159 -0.8863
vn 0.1207 -0.1089 -0.9867
vn 0.4803 -0.2780 -0.8319
vn 0.7591 0.6017 -0.2483
vn 0.0531 0.9460 -0.3198
vn 0.5426 0.6401 -0.5439
vn 0.4293 0.8740 -0.2276
vn 0.8485 0.4789 0.2252
vn 0.8560 0.4901 0.1645
vn 0.8580 0.5097 0.0636
vn 0.8473 0.5202 0.1067
vn 0.7675 0.3118 0.5601
vn 0.8586 0.4357 0.2701
vn 0.9906 -0.0356 -0.1319
vn 0.6893 -0.0472 0.7229
vn 0.9925 0.1213 0.0142
vn 0.9746 0.1419 0.1730
vn 0.9485 0.3166 0.0061
vn -0.0164 0.2995 0.9540
vn -0.4890 0.6367 0.5961
vn -0.3767 0.0380 0.9256
vn -0.6615 -0.0998 0.7433
vn -0.6586 0.1451 0.7384
vn 0.5855 0.7757 -0.2356
vn -0.2734 0.7488 0.6038
vn -0.1638 0.8249 0.5411
vn -0.0716 0.8849 0.4602
vn -0.0293 0.5469 0.8367
vn -0.6992 0.0291 0.7144
vn -0.1003 -0.2029 0.9740
vn -0.2932 -0.5237 0.7999
vn -0.1364 -0.8223 0.5525
vn -0.5887 -0.8074 0.0403
vn -0.5186 0.0888 -0.8504
vn 0.6620 -0.5746 0.4812
vn 0.9504 -0.2856 0.1232
vn 0.8980 -0.4317 0.0854
vn 0.3073 -0.1016 -0.9462
vn 0.9586 -0.2835 -0.0279
vn -0.8225 0.5484 -0.1505
vn -0.2291 0.9527 0.1999
vn -0.7055 0.6316 0.3216
vn 0.2987 0.9528 -0.0543
vn 0.0581 0.9319 -0.3581
vn -0.9875 -0.1573 0.0034
vn -0.8032 0.4863 0.3440
vn -0.4841 0.8287 0.2809
vn -0.3515 -0.4207 -0.8363
vn -0.9212 -0.2076 -0.3290
vn -0.8510 -0.5234 0.0429
vn -0.6997 0.7060 -0.1095
vn -0.9404 -0.3394 -0.0236
vn 0.3096 0.9509 0.0026
vn -0.9320 -0.2160 -0.2910
vn -0.9267 0.2700 -0.2612
vn -0.5341 0.5866 0.6088
vn -0.1404 0.8513 -0.5055
vn -0.8540 0.0785 0.5144
vn -0.8232 -0.4013 -0.4016
vn -0.3231 0.7490 0.5785
vn -0.4586 0.8839 -0.0913
vn -0.6954 -0.7186 0.0020
vn -0.4993 0.8650 0.0491
vn 0.3268 0.9388 0.1093
vn -0.9650 0.0754 -0.2510
vn -0.9476 0.0450 0.3161
vn -0.3797 -0.5340 -0.7554
vn -0.8602 -0.0512 0.5074
vn -0.8435 0.5310 0.0812
vn -0.8958 -0.0655 0.4396
vn -0.9966 0.0564 0.0608
vn -0.0921 0.8619 0.4986
vn -0.2061 0.9782 0.0234
vn -0.9017 -0.4050 0.1514
vn -0.4783 -0.1976 -0.8557
vn -0.8229 -0.5666 0.0425
vn 0.3683 0.9118 -0.1816
vn -0.7785 0.3804 0.4993
vn -0.9635 0.2551 0.0812
vn -0.9519 -0.1172 0.2829
vn -0.7415 0.6678 0.0646
vn -0.9143 0.2538 0.3156
vn -0.1848 0.9785 -0.0918
vn -0.7673 -0.6183 0.1703
vt 0.302900 0.635300
vt 0.296500 0.657600
vt 0.283400 0.658300
vt 0.289100 0.635100
vt 0.310900 0.611300
vt 0.295900 0.610700
vt 0.305800 0.581000
vt 0.321300 0.581700
vt 0.315300 0.549600
vt 0.330700 0.550600
vt 0.324600 0.520400
vt 0.338900 0.521600
vt 0.343300 0.502100
vt 0.329700 0.500400
vt 0.334300 0.483400
vt 0.347300 0.485500
vt 0.352600 0.468400
vt 0.339600 0.465700
vt 0.345700 0.447100
vt 0.359000 0.449500
vt 0.365500 0.429900
vt 0.351700 0.426900
vt 0.357800 0.400800
vt 0.372800 0.403500
vt 0.362800 0.362300
vt 0.378800 0.364200
vt 0.381500 0.331700
vt 0.364700 0.329400
vt 0.362700 0.297400
vt 0.378100 0.297400
vt 0.348700 0.266300
vt 0.361200 0.264600
vt 0.316000 0.304100
vt 0.308000 0.274400
vt 0.317300 0.362300
vt 0.318000 0.332200
vt 0.315100 0.398100
vt 0.308700 0.443100
vt 0.312300 0.423300
vt 0.300600 0.481300
vt 0.304600 0.462600
vt 0.291800 0.518700
vt 0.296600 0.498600
vt 0.282400 0.546500
vt 0.272600 0.577500
vt 0.262500 0.607800
vt 0.260800 0.316100
vt 0.256200 0.284500
vt 0.262400 0.365500
vt 0.261900 0.340100
vt 0.261500 0.399100
vt 0.258200 0.443000
vt 0.260000 0.422400
vt 0.254300 0.482700
vt 0.256300 0.463200
vt 0.250200 0.518800
vt 0.252500 0.499500
vt 0.245400 0.544600
vt 0.238100 0.572800
vt 0.231000 0.601100
vt 0.208300 0.325100
vt 0.206400 0.292800
vt 0.210200 0.368900
vt 0.209200 0.346900
vt 0.212600 0.402400
vt 0.213300 0.444800
vt 0.213200 0.426000
vt 0.213600 0.483300
vt 0.213700 0.464400
vt 0.212900 0.518000
vt 0.213500 0.500600
vt 0.211300 0.543800
vt 0.206900 0.569700
vt 0.203500 0.597100
vt 0.227100 0.626900
vt 0.257000 0.632400
vt 0.253500 0.655900
vt 0.225300 0.651200
vt 0.203900 0.622900
vt 0.205200 0.646700
vt 0.188600 0.621400
vt 0.192600 0.644600
vt 0.181800 0.643000
vt 0.176500 0.621600
vt 0.184000 0.545900
vt 0.185500 0.570100
vt 0.167100 0.573600
vt 0.160400 0.550700
vt 0.185600 0.596800
vt 0.171800 0.597800
vt 0.165000 0.295700
vt 0.167800 0.324800
vt 0.125900 0.331800
vt 0.128200 0.299300
vt 0.166000 0.349000
vt 0.166400 0.370400
vt 0.125200 0.373600
vt 0.125400 0.352200
vt 0.168000 0.406600
vt 0.129900 0.408900
vt 0.170300 0.429900
vt 0.174600 0.448700
vt 0.135400 0.453900
vt 0.132500 0.433700
vt 0.176200 0.468300
vt 0.178100 0.488300
vt 0.143600 0.493000
vt 0.139000 0.474600
vt 0.180500 0.503500
vt 0.181900 0.522300
vt 0.153700 0.528400
vt 0.149200 0.510300
vt 0.127500 0.537100
vt 0.139000 0.559200
vt 0.117100 0.570000
vt 0.101900 0.547600
vt 0.166800 0.625400
vt 0.173800 0.643200
vt 0.166900 0.643300
vt 0.157800 0.630300
vt 0.150300 0.581500
vt 0.132900 0.591700
vt 0.159600 0.604400
vt 0.147100 0.612800
vt 0.082700 0.556000
vt 0.100600 0.579000
vt 0.086000 0.588700
vt 0.065000 0.565000
vt 0.119700 0.600200
vt 0.107600 0.609400
vt 0.137600 0.620000
vt 0.129000 0.627500
vt 0.151200 0.635400
vt 0.145600 0.641000
vt 0.336700 0.582300
vt 0.346200 0.551600
vt 0.366400 0.550400
vt 0.359500 0.582100
vt 0.325900 0.611900
vt 0.348200 0.611500
vt 0.316800 0.635400
vt 0.337700 0.636900
vt 0.377600 0.581100
vt 0.380400 0.549600
vt 0.401000 0.546200
vt 0.394300 0.578200
vt 0.364600 0.610100
vt 0.380500 0.607800
vt 0.351300 0.635700
vt 0.364500 0.633700
vt 0.411700 0.573900
vt 0.416400 0.539900
vt 0.431500 0.531300
vt 0.428400 0.568300
vt 0.401100 0.605800
vt 0.425400 0.601200
vt 0.379100 0.634700
vt 0.397900 0.636300
vt 0.405200 0.890000
vt 0.397400 0.870200
vt 0.402100 0.862400
vt 0.410400 0.877600
vt 0.458100 0.913100
vt 0.446500 0.902100
vt 0.455500 0.884000
vt 0.467600 0.894200
vt 0.424800 0.920200
vt 0.421900 0.931300
vt 0.414700 0.921600
vt 0.416500 0.909800
vt 0.527000 0.980200
vt 0.516600 0.983000
vt 0.513000 0.981400
vt 0.523300 0.976200
vt 0.588400 0.942400
vt 0.571800 0.956800
vt 0.562700 0.948100
vt 0.577400 0.931700
vt 0.555500 0.967800
vt 0.548900 0.960400
vt 0.539700 0.976000
vt 0.535100 0.969600
vt 0.515700 0.973900
vt 0.506100 0.980000
vt 0.497000 0.978300
vt 0.505500 0.971400
vt 0.560900 0.922200
vt 0.549300 0.941100
vt 0.532800 0.933400
vt 0.541600 0.911600
vt 0.537700 0.954600
vt 0.523800 0.949600
vt 0.526500 0.965700
vt 0.514800 0.962000
vt 0.171200 0.651000
vt 0.162200 0.654200
vt 0.158800 0.649600
vt 0.163700 0.647200
vt 0.189100 0.655700
vt 0.179500 0.663200
vt 0.167800 0.658700
vt 0.178200 0.653100
vt 0.222600 0.661700
vt 0.202600 0.658200
vt 0.250800 0.665300
vt 0.489500 0.966500
vt 0.472600 0.959800
vt 0.479800 0.949000
vt 0.496900 0.955900
vt 0.466600 0.968200
vt 0.449900 0.958200
vt 0.456100 0.950300
vt 0.443800 0.940000
vt 0.437800 0.948000
vt 0.436100 0.946500
vt 0.442100 0.938500
vt 0.427800 0.938000
vt 0.432300 0.928800
vt 0.326000 0.664500
vt 0.330200 0.672900
vt 0.309100 0.675000
vt 0.308200 0.666800
vt 0.294400 0.667000
vt 0.294000 0.675000
vt 0.279000 0.675000
vt 0.280600 0.667200
vt 0.338600 0.662300
vt 0.354800 0.656600
vt 0.367000 0.658900
vt 0.346700 0.668600
vt 0.459900 0.914500
vt 0.469300 0.895600
vt 0.488500 0.934100
vt 0.472100 0.924300
vt 0.481200 0.905300
vt 0.497600 0.915500
vt 0.505400 0.941900
vt 0.513600 0.924000
vt 0.418100 0.864800
vt 0.409700 0.850900
vt 0.417500 0.838800
vt 0.426300 0.851100
vt 0.437000 0.891800
vt 0.427800 0.880400
vt 0.436100 0.864300
vt 0.445500 0.874500
vt 0.449400 0.928100
vt 0.438600 0.917200
vt 0.451100 0.929500
vt 0.463500 0.939600
vt 0.429300 0.907300
vt 0.420500 0.895800
vt 0.467300 0.861900
vt 0.479000 0.871600
vt 0.480600 0.872900
vt 0.491800 0.882400
vt 0.507300 0.892300
vt 0.446700 0.843700
vt 0.456800 0.852900
vt 0.426400 0.822700
vt 0.436600 0.833300
vt 0.522200 0.901000
vt 0.549100 0.894800
vt 0.529200 0.883300
vt 0.536200 0.867600
vt 0.557300 0.880000
vt 0.487000 0.854100
vt 0.476100 0.844800
vt 0.484700 0.829600
vt 0.494900 0.838600
vt 0.488400 0.855400
vt 0.496300 0.839800
vt 0.514000 0.874400
vt 0.498800 0.864500
vt 0.505700 0.848700
vt 0.520200 0.858200
vt 0.465700 0.836400
vt 0.455400 0.827800
vt 0.464100 0.813100
vt 0.474600 0.821400
vt 0.445200 0.818900
vt 0.434800 0.809700
vt 0.443200 0.796400
vt 0.453600 0.804800
vt 0.567000 0.864400
vt 0.544900 0.850700
vt 0.554200 0.833800
vt 0.577000 0.848500
vt 0.504400 0.821200
vt 0.494500 0.812200
vt 0.504700 0.793600
vt 0.514600 0.803000
vt 0.505700 0.822500
vt 0.515900 0.804200
vt 0.528800 0.840900
vt 0.514800 0.831100
vt 0.525100 0.813100
vt 0.538600 0.823500
vt 0.484300 0.803800
vt 0.474000 0.795200
vt 0.484500 0.776200
vt 0.494700 0.784900
vt 0.463400 0.786600
vt 0.452700 0.778000
vt 0.463900 0.757800
vt 0.474200 0.767100
vt 0.587700 0.833100
vt 0.564000 0.817200
vt 0.577700 0.799000
vt 0.601300 0.815500
vt 0.525900 0.783100
vt 0.515700 0.772900
vt 0.527900 0.750300
vt 0.539300 0.760700
vt 0.527100 0.784500
vt 0.540600 0.762200
vt 0.548700 0.805600
vt 0.535700 0.794000
vt 0.549600 0.772400
vt 0.562100 0.785400
vt 0.505400 0.764200
vt 0.495000 0.755100
vt 0.505900 0.731800
vt 0.516800 0.741200
vt 0.485200 0.744700
vt 0.478000 0.734900
vt 0.490700 0.712900
vt 0.497200 0.721200
vt 0.601400 0.930900
vt 0.589400 0.919600
vt 0.600700 0.908400
vt 0.612800 0.919700
vt 0.071000 0.536200
vt 0.051100 0.543800
vt 0.040500 0.522600
vt 0.061800 0.516900
vt 0.624300 0.905900
vt 0.612100 0.894900
vt 0.622800 0.880400
vt 0.635400 0.890700
vt 0.052800 0.494600
vt 0.030700 0.498400
vt 0.023600 0.472500
vt 0.045600 0.470500
vt 0.646000 0.874500
vt 0.633500 0.865000
vt 0.643400 0.845000
vt 0.656600 0.853900
vt 0.040200 0.444800
vt 0.019400 0.445200
vt 0.017200 0.413000
vt 0.036800 0.414100
vt 0.570400 0.907900
vt 0.580100 0.894800
vt 0.590800 0.880000
vt 0.612600 0.850000
vt 0.601200 0.864700
vt 0.120000 0.519800
vt 0.092200 0.528900
vt 0.084400 0.510300
vt 0.114100 0.501900
vt 0.108100 0.480700
vt 0.076500 0.489900
vt 0.069800 0.467100
vt 0.102000 0.460000
vt 0.097400 0.438500
vt 0.063500 0.443000
vt 0.059200 0.414000
vt 0.092700 0.412300
vt 0.624100 0.831300
vt 0.618000 0.789500
vt 0.637400 0.803700
vt 0.654400 0.815600
vt 0.666900 0.823900
vt 0.017700 0.370000
vt 0.036700 0.373100
vt 0.400700 0.518400
vt 0.417200 0.515200
vt 0.370500 0.523000
vt 0.383400 0.521700
vt 0.353200 0.522700
vt 0.416600 0.499500
vt 0.400200 0.501300
vt 0.400900 0.485400
vt 0.417500 0.485500
vt 0.385700 0.503300
vt 0.373200 0.504600
vt 0.376400 0.489100
vt 0.388100 0.486900
vt 0.356900 0.503700
vt 0.417800 0.472000
vt 0.401600 0.471700
vt 0.403900 0.453600
vt 0.418100 0.456500
vt 0.390900 0.472200
vt 0.381100 0.472600
vt 0.388900 0.454300
vt 0.397200 0.454600
vt 0.365600 0.471000
vt 0.360300 0.487600
vt 0.422300 0.438100
vt 0.409900 0.437900
vt 0.415800 0.410800
vt 0.424900 0.410100
vt 0.403900 0.438400
vt 0.395100 0.436900
vt 0.402200 0.409400
vt 0.409600 0.410600
vt 0.379300 0.432800
vt 0.372300 0.451800
vt 0.415900 0.369200
vt 0.425400 0.368900
vt 0.405900 0.368100
vt 0.410700 0.368800
vt 0.424100 0.335900
vt 0.415100 0.335900
vt 0.415600 0.305000
vt 0.421700 0.306800
vt 0.411900 0.335600
vt 0.408600 0.334900
vt 0.404000 0.299800
vt 0.410800 0.302300
vt 0.417200 0.266500
vt 0.425800 0.273100
vt 0.385200 0.260600
vt 0.402800 0.264500
vt 0.373700 0.262800
vt 0.393600 0.297400
vt 0.398300 0.334000
vt 0.394700 0.366100
vt 0.387800 0.406200
vt 0.538400 0.725800
vt 0.551800 0.736300
vt 0.553500 0.737800
vt 0.565400 0.748200
vt 0.581000 0.760900
vt 0.516400 0.707000
vt 0.526500 0.716300
vt 0.504900 0.689000
vt 0.510400 0.697600
vt 0.597800 0.774200
vt 0.058400 0.374900
vt 0.090700 0.375300
vt 0.635600 0.762600
vt 0.615800 0.747500
vt 0.623800 0.733600
vt 0.643600 0.748000
vt 0.565600 0.708200
vt 0.551900 0.697000
vt 0.558000 0.682800
vt 0.572300 0.694500
vt 0.567400 0.709700
vt 0.574200 0.696000
vt 0.596900 0.733300
vt 0.579700 0.720500
vt 0.587500 0.706400
vt 0.604400 0.719300
vt 0.540800 0.686100
vt 0.528200 0.676800
vt 0.534700 0.662200
vt 0.545600 0.671300
vt 0.522300 0.672100
vt 0.514700 0.667300
vt 0.521100 0.656600
vt 0.526600 0.658500
vt 0.651400 0.773400
vt 0.658700 0.756900
vt 0.678100 0.788600
vt 0.665700 0.782300
vt 0.671600 0.764100
vt 0.683000 0.769800
vt 0.627900 0.774700
vt 0.608400 0.759600
vt 0.558600 0.721700
vt 0.544900 0.711300
vt 0.560400 0.723100
vt 0.590400 0.746100
vt 0.573000 0.733300
vt 0.532900 0.701700
vt 0.521400 0.691600
vt 0.516000 0.684500
vt 0.510800 0.677900
vt 0.644800 0.786800
vt 0.673200 0.804900
vt 0.660300 0.798000
vt 0.039300 0.347300
vt 0.021000 0.342700
vt 0.025900 0.319700
vt 0.043100 0.325100
vt 0.091500 0.351800
vt 0.060200 0.350400
vt 0.048100 0.298400
vt 0.032200 0.294500
vt 0.095500 0.301800
vt 0.092500 0.330800
vt 0.062700 0.328800
vt 0.066900 0.301500
vt 0.218500 0.670100
vt 0.195200 0.666600
vt 0.247800 0.673300
vt 0.326700 0.655100
vt 0.309600 0.656900
vt 0.337700 0.653700
vt 0.348100 0.650900
vt 0.431800 0.509500
vt 0.430500 0.498400
vt 0.430000 0.486800
vt 0.430200 0.478600
vt 0.431300 0.461600
vt 0.433000 0.437700
vt 0.433100 0.408900
vt 0.429900 0.368900
vt 0.429300 0.335700
vt 0.430100 0.306300
vt 0.439200 0.273200
vt 0.402900 0.901300
vt 0.389800 0.875200
vt 0.483500 0.974800
vt 0.528800 0.984600
vt 0.519300 0.984600
vt 0.596800 0.954000
vt 0.578500 0.966800
vt 0.560100 0.976500
vt 0.542400 0.982700
vt 0.610600 0.942700
vt 0.622800 0.931100
vt 0.635100 0.916700
vt 0.646700 0.900800
vt 0.657700 0.883500
vt 0.668600 0.861800
vt 0.679500 0.830900
vt 0.689900 0.793600
vt 0.693800 0.774100
vt 0.685300 0.810900
vt 0.445300 0.536500
vt 0.443800 0.568800
vt 0.447000 0.486200
vt 0.446700 0.498500
vt 0.446100 0.512600
vt 0.458500 0.409400
vt 0.456100 0.434500
vt 0.448700 0.471700
vt 0.447200 0.308200
vt 0.447200 0.336800
vt 0.451700 0.273000
vt 0.450400 0.371900
vt 0.439700 0.595900
vt 0.473800 0.584000
vt 0.468000 0.609300
vt 0.478100 0.522800
vt 0.476500 0.551200
vt 0.451500 0.454500
vt 0.496600 0.457000
vt 0.490000 0.475000
vt 0.506900 0.416700
vt 0.504200 0.438100
vt 0.481100 0.505800
vt 0.483800 0.271100
vt 0.485300 0.305100
vt 0.491400 0.342200
vt 0.498600 0.379200
vt 0.549900 0.377900
vt 0.556300 0.417700
vt 0.527600 0.267800
vt 0.534300 0.301400
vt 0.542100 0.339700
vt 0.484800 0.491300
vt 0.531000 0.500000
vt 0.524800 0.515900
vt 0.546500 0.461900
vt 0.538700 0.481900
vt 0.520700 0.535200
vt 0.520100 0.567300
vt 0.553200 0.441900
vt 0.516100 0.600500
vt 0.509000 0.626300
vt 0.565600 0.265300
vt 0.569900 0.297000
vt 0.589900 0.374200
vt 0.595600 0.414600
vt 0.580800 0.334600
vt 0.594200 0.443100
vt 0.582300 0.487800
vt 0.589200 0.466200
vt 0.567200 0.525400
vt 0.574700 0.507600
vt 0.553900 0.577900
vt 0.559900 0.546400
vt 0.547700 0.611100
vt 0.542400 0.637200
vt 0.404200 0.842600
vt 0.396900 0.854300
vt 0.380800 0.838000
vt 0.388400 0.825800
vt 0.411200 0.830500
vt 0.395100 0.814000
vt 0.390400 0.862300
vt 0.373000 0.845600
vt 0.351000 0.816400
vt 0.358900 0.804700
vt 0.365100 0.793700
vt 0.342900 0.824500
vt 0.324400 0.799800
vt 0.331900 0.788900
vt 0.338000 0.778100
vt 0.317200 0.808300
vt 0.499200 0.682700
vt 0.485000 0.705300
vt 0.469700 0.694200
vt 0.486300 0.671100
vt 0.471000 0.729100
vt 0.457500 0.752200
vt 0.439900 0.740900
vt 0.453800 0.718000
vt 0.446200 0.772300
vt 0.435800 0.789900
vt 0.418000 0.776700
vt 0.428400 0.760100
vt 0.428000 0.803000
vt 0.420200 0.815800
vt 0.403600 0.801200
vt 0.410800 0.789300
vt 0.437100 0.680800
vt 0.459000 0.656900
vt 0.406500 0.726700
vt 0.420200 0.704900
vt 0.385400 0.760000
vt 0.395300 0.744600
vt 0.372200 0.782500
vt 0.378700 0.771800
vt 0.409900 0.673400
vt 0.435000 0.649500
vt 0.376800 0.716700
vt 0.391100 0.697100
vt 0.357100 0.746500
vt 0.366000 0.732700
vt 0.344300 0.767500
vt 0.350500 0.757500
vt 0.518800 0.653000
vt 0.512900 0.663800
vt 0.503900 0.652000
vt 0.509000 0.641200
vt 0.481800 0.635400
vt 0.488500 0.625200
vt 0.459200 0.625600
vt 0.468300 0.617500
vt 0.450000 0.635300
vt 0.472200 0.644700
vt 0.496200 0.660500
vt 0.506800 0.672000
vt 0.383200 0.869300
vt 0.362300 0.856900
vt 0.331500 0.837900
vt 0.307300 0.823000
vt 0.322200 0.611700
vt 0.332900 0.582100
vt 0.342300 0.551300
vt 0.349600 0.522400
vt 0.353500 0.503300
vt 0.357000 0.487100
vt 0.362300 0.470400
vt 0.369000 0.451200
vt 0.375900 0.432100
vt 0.384100 0.405500
vt 0.390700 0.365600
vt 0.394100 0.333400
vt 0.389700 0.297400
vt 0.370600 0.263200
vt 0.304800 0.666800
vt 0.305300 0.675000
vt 0.443000 0.952400
vt 0.449100 0.944400
vt 0.306300 0.657100
vt 0.465100 0.918700
vt 0.474400 0.899800
vt 0.456400 0.933800
vt 0.485400 0.877000
vt 0.492900 0.859300
vt 0.500300 0.843600
vt 0.509600 0.826200
vt 0.519900 0.808000
vt 0.530800 0.788500
vt 0.544500 0.766600
vt 0.558600 0.742200
vt 0.572700 0.714300
vt 0.579900 0.700500
vt 0.565800 0.727500
vt 0.313300 0.635400
vt 0.866000 0.283000
vt 0.863700 0.282800
vt 0.863700 0.261600
vt 0.866100 0.261800
vt 0.865700 0.299500
vt 0.863300 0.299500
vt 0.864600 0.329400
vt 0.861900 0.329500
vt 0.862700 0.313700
vt 0.865200 0.313500
vt 0.865600 0.396900
vt 0.861600 0.397300
vt 0.862200 0.374300
vt 0.866100 0.374000
vt 0.862000 0.437600
vt 0.859600 0.438200
vt 0.860700 0.419600
vt 0.864200 0.419100
vt 0.859400 0.451200
vt 0.860200 0.461500
vt 0.856900 0.463500
vt 0.855000 0.453100
vt 0.865800 0.357800
vt 0.862000 0.358400
vt 0.861400 0.344100
vt 0.864300 0.343800
vt 0.861100 0.450600
vt 0.861400 0.460900
vt 0.319300 0.169900
vt 0.315400 0.168700
vt 0.315300 0.156100
vt 0.319000 0.157200
vt 0.319100 0.145700
vt 0.315600 0.144600
vt 0.316000 0.131500
vt 0.319400 0.132500
vt 0.318600 0.066000
vt 0.314200 0.065400
vt 0.312800 0.054700
vt 0.317300 0.055200
vt 0.100400 0.188800
vt 0.087900 0.190600
vt 0.087000 0.179000
vt 0.102000 0.177600
vt 0.820500 0.398800
vt 0.802600 0.398000
vt 0.802100 0.386200
vt 0.822300 0.385600
vt 0.852800 0.421300
vt 0.852500 0.398700
vt 0.168500 0.177800
vt 0.160100 0.176400
vt 0.159800 0.165500
vt 0.169000 0.166800
vt 0.197200 0.190300
vt 0.183100 0.182700
vt 0.186900 0.172000
vt 0.202500 0.179700
vt 0.899500 0.374700
vt 0.888800 0.378000
vt 0.887700 0.362200
vt 0.898100 0.359000
vt 0.314000 0.168300
vt 0.314000 0.155700
vt 0.711000 0.623400
vt 0.698900 0.622000
vt 0.697800 0.609400
vt 0.709900 0.610700
vt 0.646200 0.619600
vt 0.638300 0.615800
vt 0.640200 0.604900
vt 0.648100 0.607800
vt 0.717100 0.362400
vt 0.717300 0.374600
vt 0.693900 0.376700
vt 0.691900 0.363700
vt 0.274900 0.176400
vt 0.259800 0.176400
vt 0.258300 0.163700
vt 0.274200 0.163900
vt 0.777600 0.622800
vt 0.768200 0.619500
vt 0.769600 0.607100
vt 0.778500 0.610100
vt 0.319600 0.118400
vt 0.316100 0.117400
vt 0.315900 0.101900
vt 0.319400 0.103100
vt 0.314800 0.220500
vt 0.310800 0.219300
vt 0.312300 0.210800
vt 0.316500 0.212000
vt 0.311900 0.044700
vt 0.316300 0.045300
vt 0.319500 0.085100
vt 0.315700 0.084000
vt 0.318600 0.186600
vt 0.314500 0.185500
vt 0.862400 0.464600
vt 0.861200 0.465200
vt 0.313400 0.226600
vt 0.309500 0.225400
vt 0.866000 0.245500
vt 0.863700 0.245300
vt 0.859700 0.228500
vt 0.861500 0.228600
vt 0.851900 0.214800
vt 0.853200 0.214700
vt 0.863500 0.466600
vt 0.862200 0.467200
vt 0.853000 0.375500
vt 0.853100 0.359200
vt 0.853400 0.344900
vt 0.854300 0.329900
vt 0.857300 0.261200
vt 0.857400 0.244700
vt 0.323800 0.147200
vt 0.324100 0.133800
vt 0.324600 0.066800
vt 0.323200 0.055800
vt 0.324400 0.119700
vt 0.324200 0.104600
vt 0.322200 0.046200
vt 0.315300 0.035300
vt 0.321100 0.035800
vt 0.324600 0.086700
vt 0.324100 0.158700
vt 0.322100 0.213600
vt 0.317900 0.200500
vt 0.323500 0.202100
vt 0.857800 0.467100
vt 0.858700 0.469000
vt 0.854700 0.228700
vt 0.848300 0.214900
vt 0.857100 0.282700
vt 0.853500 0.440100
vt 0.366000 0.174400
vt 0.357100 0.173800
vt 0.357200 0.162700
vt 0.366600 0.163500
vt 0.081800 0.815400
vt 0.067000 0.819900
vt 0.066700 0.804200
vt 0.078800 0.800300
vt 0.816400 0.628200
vt 0.808500 0.623600
vt 0.810800 0.614000
vt 0.818500 0.617200
vt 0.181000 0.181900
vt 0.171200 0.178400
vt 0.172700 0.167500
vt 0.183700 0.170900
vt 0.320400 0.222200
vt 0.855500 0.314300
vt 0.856400 0.299600
vt 0.845400 0.836500
vt 0.858500 0.834300
vt 0.859100 0.847900
vt 0.845800 0.850500
vt 0.114700 0.819200
vt 0.098700 0.818700
vt 0.100500 0.803400
vt 0.116100 0.803900
vt 0.063900 0.188500
vt 0.048900 0.189600
vt 0.047000 0.177300
vt 0.064100 0.176900
vt 0.888700 0.631000
vt 0.881400 0.626500
vt 0.884000 0.618700
vt 0.891000 0.621600
vt 0.675900 0.622000
vt 0.664400 0.621500
vt 0.662900 0.608900
vt 0.674800 0.609300
vt 0.743400 0.629600
vt 0.733500 0.629500
vt 0.733800 0.618300
vt 0.744600 0.618600
vt 0.313700 0.199300
vt 0.324600 0.171400
vt 0.663200 0.357500
vt 0.663400 0.371600
vt 0.637000 0.373900
vt 0.634800 0.362000
vt 0.847300 0.633200
vt 0.838900 0.629800
vt 0.840700 0.618100
vt 0.848800 0.620900
vt 0.152700 0.841200
vt 0.138600 0.834900
vt 0.148400 0.823200
vt 0.159200 0.831300
vt 0.324100 0.188200
vt 0.318600 0.228300
vt 0.310900 0.034900
vt 0.771800 0.338000
vt 0.770700 0.352400
vt 0.735900 0.358300
vt 0.735400 0.343800
vt 0.841900 0.377100
vt 0.842300 0.360600
vt 0.366900 0.153200
vt 0.357300 0.152400
vt 0.356800 0.140700
vt 0.366600 0.141500
vt 0.661100 0.326900
vt 0.662600 0.342300
vt 0.633000 0.346600
vt 0.631300 0.331600
vt 0.850400 0.609700
vt 0.842400 0.607300
vt 0.843400 0.594700
vt 0.851600 0.596800
vt 0.166400 0.821700
vt 0.157400 0.813600
vt 0.164200 0.804000
vt 0.170800 0.814200
vt 0.045900 0.139500
vt 0.066400 0.139800
vt 0.065900 0.153100
vt 0.045900 0.152900
vt 0.076100 0.786800
vt 0.066100 0.790500
vt 0.065800 0.778700
vt 0.073500 0.776200
vt 0.820100 0.606900
vt 0.812400 0.604800
vt 0.812700 0.593100
vt 0.820800 0.594600
vt 0.847700 0.806900
vt 0.859300 0.805100
vt 0.858300 0.820000
vt 0.846300 0.822300
vt 0.117100 0.790600
vt 0.102300 0.789900
vt 0.103200 0.779000
vt 0.116000 0.778900
vt 0.087200 0.141900
vt 0.105700 0.142800
vt 0.105100 0.155100
vt 0.087100 0.155000
vt 0.745500 0.608300
vt 0.734500 0.607700
vt 0.734900 0.595600
vt 0.745900 0.596600
vt 0.892500 0.612400
vt 0.885300 0.610700
vt 0.884800 0.599800
vt 0.892500 0.600700
vt 0.708800 0.599200
vt 0.697100 0.597900
vt 0.697100 0.584700
vt 0.708600 0.586000
vt 0.169200 0.156400
vt 0.159500 0.155200
vt 0.158700 0.143400
vt 0.168800 0.144400
vt 0.674200 0.597900
vt 0.661500 0.597500
vt 0.661100 0.584500
vt 0.674100 0.585000
vt 0.649800 0.597100
vt 0.641800 0.594800
vt 0.642400 0.582600
vt 0.650600 0.584500
vt 0.968500 0.805400
vt 0.969400 0.821500
vt 0.935500 0.826000
vt 0.933800 0.810600
vt 0.911800 0.806200
vt 0.911900 0.820800
vt 0.884400 0.824100
vt 0.884400 0.808800
vt 0.801900 0.265600
vt 0.805900 0.277400
vt 0.787000 0.281900
vt 0.784100 0.270500
vt 0.102400 0.092200
vt 0.088200 0.090600
vt 0.087500 0.077500
vt 0.100600 0.079500
vt 0.849900 0.532500
vt 0.840000 0.531400
vt 0.839000 0.520600
vt 0.848900 0.522000
vt 0.812300 0.532700
vt 0.804800 0.530100
vt 0.803100 0.519800
vt 0.809200 0.521800
vt 0.205000 0.775900
vt 0.203800 0.773700
vt 0.217800 0.768100
vt 0.218800 0.771200
vt 0.164500 0.081100
vt 0.155500 0.081100
vt 0.154400 0.067900
vt 0.163100 0.068100
vt 0.065200 0.087500
vt 0.048300 0.087000
vt 0.048500 0.074300
vt 0.063100 0.074400
vt 0.193100 0.083400
vt 0.181900 0.082200
vt 0.183400 0.069200
vt 0.193900 0.070400
vt 0.230500 0.066100
vt 0.228900 0.077600
vt 0.212200 0.074200
vt 0.215000 0.063400
vt 0.743700 0.534000
vt 0.733700 0.532300
vt 0.733200 0.519500
vt 0.742900 0.520700
vt 0.909100 0.720900
vt 0.910900 0.736000
vt 0.887200 0.737700
vt 0.888000 0.722800
vt 0.821800 0.343800
vt 0.800000 0.346400
vt 0.798000 0.333000
vt 0.820400 0.329800
vt 0.048100 0.109400
vt 0.067900 0.109600
vt 0.067900 0.126100
vt 0.046500 0.125800
vt 0.071700 0.763700
vt 0.067500 0.765500
vt 0.068400 0.755000
vt 0.071300 0.753600
vt 0.820600 0.581400
vt 0.812200 0.580200
vt 0.809800 0.565300
vt 0.818900 0.566800
vt 0.189100 0.134700
vt 0.176400 0.132500
vt 0.177800 0.119200
vt 0.190000 0.120900
vt 0.965500 0.772800
vt 0.967300 0.789600
vt 0.932600 0.796100
vt 0.931100 0.778500
vt 0.771700 0.273500
vt 0.772900 0.290800
vt 0.735500 0.293200
vt 0.735900 0.275900
vt 0.911700 0.775100
vt 0.912000 0.791700
vt 0.884600 0.794300
vt 0.884800 0.777100
vt 0.845900 0.315300
vt 0.847300 0.299900
vt 0.360500 0.210800
vt 0.357400 0.217700
vt 0.355000 0.217500
vt 0.356600 0.210100
vt 0.807000 0.441000
vt 0.800100 0.450500
vt 0.796200 0.448600
vt 0.800200 0.439500
vt 0.957600 0.720600
vt 0.960000 0.734700
vt 0.928300 0.740400
vt 0.928100 0.726400
vt 0.127800 0.731400
vt 0.123300 0.728200
vt 0.133900 0.716000
vt 0.137800 0.720200
vt 0.855100 0.722800
vt 0.859100 0.724600
vt 0.860300 0.741100
vt 0.855000 0.740300
vt 0.794100 0.457400
vt 0.790300 0.458200
vt 0.789600 0.455900
vt 0.792400 0.455000
vt 0.795500 0.248700
vt 0.780600 0.255600
vt 0.810100 0.290500
vt 0.789800 0.295300
vt 0.779700 0.519500
vt 0.768600 0.518400
vt 0.767400 0.507800
vt 0.778500 0.508800
vt 0.711600 0.518700
vt 0.698200 0.516900
vt 0.697300 0.505700
vt 0.711300 0.506700
vt 0.878600 0.537200
vt 0.871500 0.535400
vt 0.868800 0.525800
vt 0.875100 0.527000
vt 0.366200 0.129100
vt 0.356400 0.128300
vt 0.356300 0.115300
vt 0.365700 0.116100
vt 0.848700 0.260800
vt 0.849100 0.244000
vt 0.766300 0.221100
vt 0.768400 0.235400
vt 0.737000 0.238800
vt 0.737700 0.225200
vt 0.168300 0.131600
vt 0.158100 0.131000
vt 0.157900 0.118000
vt 0.167500 0.118300
vt 0.216800 0.142100
vt 0.197700 0.136700
vt 0.200600 0.123100
vt 0.220000 0.128700
vt 0.897300 0.320400
vt 0.891600 0.321500
vt 0.892800 0.310000
vt 0.898400 0.309800
vt 0.314900 0.117100
vt 0.314700 0.101500
vt 0.708900 0.572300
vt 0.697300 0.570500
vt 0.697000 0.555300
vt 0.708800 0.557800
vt 0.650700 0.571000
vt 0.642400 0.569500
vt 0.641100 0.554800
vt 0.649900 0.556100
vt 0.710100 0.300600
vt 0.713400 0.317600
vt 0.687500 0.321400
vt 0.684700 0.304500
vt 0.276000 0.126300
vt 0.257100 0.125400
vt 0.257100 0.111800
vt 0.277000 0.113000
vt 0.781100 0.571300
vt 0.772400 0.568900
vt 0.772000 0.553300
vt 0.781400 0.555800
vt 0.312700 0.065200
vt 0.311300 0.054600
vt 0.645700 0.521600
vt 0.636600 0.520000
vt 0.634400 0.508900
vt 0.644400 0.510800
vt 0.679800 0.519300
vt 0.665200 0.517500
vt 0.665700 0.505500
vt 0.680700 0.506900
vt 0.314300 0.144200
vt 0.314800 0.131100
vt 0.779500 0.598600
vt 0.771000 0.595800
vt 0.772000 0.582800
vt 0.780500 0.585400
vt 0.274500 0.152300
vt 0.257600 0.152000
vt 0.257300 0.138900
vt 0.275300 0.139500
vt 0.850900 0.777200
vt 0.858500 0.777600
vt 0.859000 0.793100
vt 0.849100 0.793300
vt 0.114300 0.767900
vt 0.104800 0.766500
vt 0.108700 0.757400
vt 0.115100 0.757600
vt 0.089000 0.112400
vt 0.105600 0.114000
vt 0.106500 0.129800
vt 0.088500 0.128500
vt 0.186000 0.160200
vt 0.174000 0.157200
vt 0.175100 0.145200
vt 0.187600 0.148000
vt 0.897000 0.345300
vt 0.887900 0.349000
vt 0.888800 0.335400
vt 0.896300 0.333600
vt 0.207900 0.168700
vt 0.190600 0.161600
vt 0.194000 0.149700
vt 0.213200 0.155400
vt 0.891300 0.587800
vt 0.883100 0.587200
vt 0.880500 0.571300
vt 0.888000 0.572900
vt 0.674100 0.571700
vt 0.661200 0.570700
vt 0.661100 0.556300
vt 0.674500 0.558000
vt 0.746100 0.584200
vt 0.735100 0.583300
vt 0.735600 0.570300
vt 0.746300 0.571300
vt 0.717000 0.331600
vt 0.717300 0.346700
vt 0.690400 0.350100
vt 0.689200 0.335400
vt 0.773100 0.306400
vt 0.772500 0.322400
vt 0.735300 0.326900
vt 0.735300 0.309800
vt 0.843000 0.346000
vt 0.844200 0.330700
vt 0.657000 0.295000
vt 0.659600 0.312400
vt 0.627500 0.317700
vt 0.624900 0.300600
vt 0.852200 0.582900
vt 0.843900 0.581000
vt 0.843500 0.565800
vt 0.852200 0.567200
vt 0.176800 0.801600
vt 0.170500 0.794900
vt 0.178300 0.787800
vt 0.182400 0.790200
vt 0.363200 0.079000
vt 0.354000 0.078000
vt 0.353900 0.064600
vt 0.362300 0.065600
vt 0.646700 0.244000
vt 0.649500 0.257700
vt 0.621900 0.260900
vt 0.622800 0.245500
vt 0.070800 0.720600
vt 0.067700 0.720100
vt 0.070500 0.703700
vt 0.072800 0.704300
vt 0.697100 0.246300
vt 0.700300 0.261500
vt 0.676600 0.267600
vt 0.674600 0.255100
vt 0.899800 0.275000
vt 0.897400 0.274300
vt 0.901300 0.257900
vt 0.903100 0.258800
vt 0.278900 0.075600
vt 0.261300 0.073700
vt 0.262200 0.061300
vt 0.278900 0.063100
vt 0.969900 0.837400
vt 0.969900 0.851300
vt 0.938300 0.855200
vt 0.936900 0.841200
vt 0.912200 0.835300
vt 0.912200 0.849700
vt 0.885200 0.853900
vt 0.884900 0.839300
vt 0.822300 0.372400
vt 0.802100 0.374100
vt 0.801800 0.359900
vt 0.822200 0.358700
vt 0.817800 0.414400
vt 0.813600 0.428800
vt 0.803000 0.427100
vt 0.803500 0.413000
vt 0.096400 0.224900
vt 0.094900 0.232600
vt 0.091400 0.235300
vt 0.091200 0.227200
vt 0.645000 0.463000
vt 0.642500 0.466700
vt 0.638200 0.464500
vt 0.640500 0.460800
vt 0.099200 0.068000
vt 0.087900 0.066700
vt 0.088100 0.054700
vt 0.097500 0.055600
vt 0.087000 0.167800
vt 0.103800 0.167100
vt 0.650500 0.439400
vt 0.647600 0.452600
vt 0.640800 0.450700
vt 0.640700 0.438200
vt 0.065000 0.165900
vt 0.046100 0.165700
vt 0.639500 0.468000
vt 0.634800 0.465500
vt 0.098300 0.214800
vt 0.090600 0.217100
vt 0.099600 0.203000
vt 0.089900 0.205200
vt 0.844500 0.649100
vt 0.836400 0.645100
vt 0.083500 0.838500
vt 0.067900 0.842400
vt 0.068600 0.904300
vt 0.072400 0.894600
vt 0.079000 0.893600
vt 0.072000 0.905300
vt 0.894000 0.441500
vt 0.893400 0.422700
vt 0.904300 0.418900
vt 0.902000 0.437400
vt 0.838900 0.681800
vt 0.837800 0.688100
vt 0.833200 0.685100
vt 0.832600 0.678000
vt 0.842600 0.662000
vt 0.834500 0.657400
vt 0.813300 0.642600
vt 0.805100 0.635600
vt 0.816100 0.550300
vt 0.806900 0.548500
vt 0.802800 0.509800
vt 0.807900 0.510600
vt 0.801600 0.501000
vt 0.806600 0.501000
vt 0.155300 0.227300
vt 0.153800 0.226300
vt 0.157400 0.221500
vt 0.159800 0.223700
vt 0.179600 0.103300
vt 0.191200 0.104700
vt 0.853200 0.951200
vt 0.854400 0.954800
vt 0.849000 0.958500
vt 0.847400 0.954900
vt 0.853300 0.469500
vt 0.852300 0.466000
vt 0.891300 0.967000
vt 0.891300 0.964500
vt 0.902500 0.961500
vt 0.902500 0.963700
vt 0.065800 0.907500
vt 0.068100 0.910200
vt 0.093700 0.238800
vt 0.091200 0.241800
vt 0.662600 0.385500
vt 0.660200 0.405200
vt 0.640000 0.405800
vt 0.638200 0.388300
vt 0.355700 0.099600
vt 0.365000 0.100400
vt 0.361800 0.054300
vt 0.353900 0.053400
vt 0.353900 0.041000
vt 0.361000 0.041800
vt 0.655100 0.423000
vt 0.641100 0.422300
vt 0.840700 0.673000
vt 0.832800 0.668700
vt 0.897000 0.465100
vt 0.900100 0.462000
vt 0.902300 0.464800
vt 0.899200 0.468100
vt 0.848300 0.511300
vt 0.838900 0.508500
vt 0.837700 0.498700
vt 0.847400 0.501300
vt 0.652100 0.272100
vt 0.622500 0.275400
vt 0.642500 0.226400
vt 0.621900 0.229000
vt 0.365200 0.187900
vt 0.357800 0.187500
vt 0.363300 0.200200
vt 0.357700 0.199600
vt 0.810700 0.654200
vt 0.801800 0.645400
vt 0.309300 0.218800
vt 0.310900 0.210300
vt 0.902700 0.957800
vt 0.890800 0.960700
vt 0.887900 0.949900
vt 0.902900 0.946700
vt 0.673500 0.678100
vt 0.662600 0.679100
vt 0.663500 0.672600
vt 0.674800 0.671800
vt 0.738500 0.665600
vt 0.736200 0.672800
vt 0.733700 0.673500
vt 0.734200 0.665600
vt 0.875300 0.678700
vt 0.865500 0.665800
vt 0.868200 0.659200
vt 0.875700 0.671300
vt 0.807600 0.675400
vt 0.796900 0.664400
vt 0.798700 0.655100
vt 0.808400 0.665500
vt 0.066500 0.897500
vt 0.071700 0.894300
vt 0.153200 0.225000
vt 0.155200 0.220300
vt 0.157300 0.221500
vt 0.702700 0.437000
vt 0.697700 0.448500
vt 0.693000 0.446000
vt 0.695700 0.434600
vt 0.738300 0.432900
vt 0.756300 0.433100
vt 0.754500 0.446900
vt 0.739900 0.446800
vt 0.194100 0.045400
vt 0.194200 0.059200
vt 0.184400 0.058100
vt 0.185200 0.044900
vt 0.845600 0.944500
vt 0.854900 0.941800
vt 0.171100 0.222400
vt 0.162300 0.227000
vt 0.165900 0.217800
vt 0.942700 0.924400
vt 0.958300 0.924800
vt 0.956200 0.938600
vt 0.945000 0.937700
vt 0.849100 0.455700
vt 0.845900 0.442700
vt 0.188000 0.781200
vt 0.190800 0.783600
vt 0.137100 0.854900
vt 0.122900 0.850500
vt 0.952100 0.956100
vt 0.943800 0.955100
vt 0.946000 0.952700
vt 0.953600 0.953800
vt 0.155300 0.229700
vt 0.152500 0.228700
vt 0.077500 0.880100
vt 0.085800 0.863100
vt 0.097100 0.862400
vt 0.088600 0.879000
vt 0.161600 0.214900
vt 0.165800 0.217700
vt 0.355100 0.222200
vt 0.353900 0.223200
vt 0.787600 0.456200
vt 0.787600 0.454100
vt 0.891100 0.400100
vt 0.901600 0.397000
vt 0.895800 0.455500
vt 0.901000 0.452000
vt 0.905300 0.464800
vt 0.901700 0.468900
vt 0.061800 0.225000
vt 0.060000 0.233000
vt 0.054500 0.236100
vt 0.054500 0.227700
vt 0.638900 0.658800
vt 0.638200 0.668200
vt 0.631000 0.663200
vt 0.631000 0.653200
vt 0.807800 0.683000
vt 0.797800 0.671800
vt 0.079600 0.894000
vt 0.087200 0.893900
vt 0.076100 0.904000
vt 0.231000 0.765000
vt 0.231300 0.769700
vt 0.243000 0.767700
vt 0.243700 0.772200
vt 0.751800 0.464000
vt 0.740900 0.464700
vt 0.741700 0.462100
vt 0.752700 0.461700
vt 0.693200 0.457500
vt 0.689600 0.459900
vt 0.687100 0.457000
vt 0.690200 0.454600
vt 0.094300 0.841500
vt 0.108000 0.840100
vt 0.842600 0.548900
vt 0.851900 0.549900
vt 0.067400 0.740300
vt 0.070400 0.740000
vt 0.771600 0.664100
vt 0.769300 0.672400
vt 0.761400 0.668600
vt 0.762600 0.659800
vt 0.710000 0.665500
vt 0.708700 0.674200
vt 0.696900 0.673300
vt 0.698100 0.664500
vt 0.269800 0.228700
vt 0.261900 0.231400
vt 0.262100 0.225100
vt 0.272100 0.222800
vt 0.072200 0.687500
vt 0.075000 0.689200
vt 0.072100 0.673400
vt 0.075500 0.675500
vt 0.794500 0.317000
vt 0.817700 0.312900
vt 0.177500 0.195600
vt 0.172300 0.208000
vt 0.165900 0.204500
vt 0.169000 0.191900
vt 0.232300 0.051200
vt 0.218400 0.050000
vt 0.226700 0.090900
vt 0.209000 0.086700
vt 0.733300 0.508100
vt 0.742400 0.509500
vt 0.665200 0.495800
vt 0.680600 0.497200
vt 0.634200 0.497600
vt 0.644000 0.498800
vt 0.310500 0.044400
vt 0.262200 0.051500
vt 0.278700 0.053000
vt 0.061500 0.063800
vt 0.048300 0.064100
vt 0.047600 0.053200
vt 0.058800 0.052300
vt 0.872600 0.517100
vt 0.866600 0.518100
vt 0.865700 0.510700
vt 0.868700 0.509300
vt 0.159300 0.044100
vt 0.161700 0.057000
vt 0.153500 0.056800
vt 0.152100 0.044500
vt 0.633700 0.488000
vt 0.641900 0.489100
vt 0.710200 0.497000
vt 0.696600 0.496000
vt 0.696000 0.485600
vt 0.709100 0.486700
vt 0.309500 0.034800
vt 0.777700 0.498700
vt 0.766700 0.497100
vt 0.765800 0.487200
vt 0.776700 0.488900
vt 0.262100 0.041000
vt 0.277700 0.041900
vt 0.276400 0.192100
vt 0.261900 0.192700
vt 0.885000 0.642900
vt 0.878200 0.636400
vt 0.711600 0.640200
vt 0.699000 0.638800
vt 0.775500 0.639300
vt 0.765800 0.635600
vt 0.274400 0.214700
vt 0.262400 0.216600
vt 0.262800 0.205700
vt 0.275900 0.204700
vt 0.878100 0.662100
vt 0.870400 0.653100
vt 0.874300 0.644600
vt 0.881400 0.652600
vt 0.698900 0.652800
vt 0.711200 0.654000
vt 0.764200 0.648700
vt 0.773800 0.652900
vt 0.313000 0.185100
vt 0.633000 0.641800
vt 0.641000 0.647400
vt 0.676200 0.663200
vt 0.664500 0.663900
vt 0.665400 0.652300
vt 0.677500 0.652100
vt 0.312300 0.198900
vt 0.071100 0.910000
vt 0.854000 0.471600
vt 0.856500 0.956300
vt 0.850500 0.960300
vt 0.767300 0.678300
vt 0.760900 0.675000
vt 0.064400 0.203300
vt 0.052200 0.205100
vt 0.740700 0.655300
vt 0.734700 0.655400
vt 0.742400 0.643300
vt 0.734500 0.643600
vt 0.638100 0.675400
vt 0.632200 0.670700
vt 0.091600 0.881200
vt 0.100800 0.885100
vt 0.104500 0.867500
vt 0.114600 0.870500
vt 0.067300 0.882900
vt 0.075300 0.879400
vt 0.069900 0.864400
vt 0.080000 0.861300
vt 0.165300 0.204200
vt 0.161300 0.214700
vt 0.157600 0.213100
vt 0.159600 0.202300
vt 0.167500 0.191400
vt 0.160400 0.189900
vt 0.180900 0.214400
vt 0.172700 0.208200
vt 0.189700 0.203300
vt 0.178300 0.196100
vt 0.113800 0.745000
vt 0.118200 0.746100
vt 0.898000 0.295200
vt 0.894300 0.294800
vt 0.902600 0.240900
vt 0.905300 0.242700
vt 0.900800 0.224500
vt 0.904700 0.228400
vt 0.715900 0.389100
vt 0.713400 0.406500
vt 0.696600 0.405800
vt 0.694800 0.390000
vt 0.858700 0.757300
vt 0.853000 0.756400
vt 0.781400 0.537900
vt 0.771200 0.535900
vt 0.709700 0.540400
vt 0.697700 0.537100
vt 0.883300 0.555800
vt 0.876100 0.554900
vt 0.258600 0.095800
vt 0.278800 0.097400
vt 0.166400 0.102300
vt 0.157200 0.102400
vt 0.860200 0.864000
vt 0.846300 0.866500
vt 0.734900 0.554400
vt 0.745800 0.555500
vt 0.314400 0.083600
vt 0.639200 0.538000
vt 0.648600 0.539200
vt 0.662200 0.539000
vt 0.676600 0.541700
vt 0.885500 0.936200
vt 0.904000 0.933100
vt 0.707400 0.680600
vt 0.695800 0.679500
vt 0.308200 0.224900
vt 0.063200 0.215000
vt 0.053800 0.217600
vt 0.152100 0.226000
vt 0.686100 0.459400
vt 0.683800 0.456200
vt 0.946700 0.948200
vt 0.954800 0.949800
vt 0.741700 0.457900
vt 0.753500 0.457900
vt 0.222800 0.112500
vt 0.204100 0.107300
vt 0.677400 0.638600
vt 0.665400 0.638300
vt 0.643300 0.635000
vt 0.635500 0.630100
vt 0.058200 0.239200
vt 0.054000 0.242500
vt 0.734600 0.678400
vt 0.733200 0.679800
vt 0.860300 0.886200
vt 0.846000 0.889700
vt 0.845600 0.912200
vt 0.859200 0.909000
vt 0.845400 0.931200
vt 0.856500 0.927600
vt 0.145700 0.706400
vt 0.147600 0.710400
vt 0.157300 0.699500
vt 0.158000 0.703200
vt 0.851500 0.707600
vt 0.854700 0.708600
vt 0.733900 0.495600
vt 0.741800 0.497000
vt 0.664800 0.485500
vt 0.679900 0.486600
vt 0.969100 0.866900
vt 0.939600 0.869100
vt 0.906700 0.913900
vt 0.884600 0.916900
vt 0.912000 0.866500
vt 0.909400 0.890500
vt 0.884400 0.893700
vt 0.885800 0.870800
vt 0.709100 0.422400
vt 0.697400 0.420800
vt 0.769900 0.251700
vt 0.736500 0.253900
vt 0.690200 0.231400
vt 0.672700 0.237000
vt 0.962500 0.750400
vt 0.928900 0.755100
vt 0.762500 0.207300
vt 0.738300 0.208900
vt 0.966500 0.887000
vt 0.941300 0.888800
vt 0.841500 0.400700
vt 0.953000 0.704500
vt 0.928700 0.708300
vt 0.843400 0.423700
vt 0.962200 0.907200
vt 0.941600 0.907400
vt 0.848200 0.228900
vt 0.843600 0.215100
vt 0.764900 0.391500
vt 0.760500 0.414200
vt 0.737700 0.414800
vt 0.737700 0.394200
vt 0.704200 0.275600
vt 0.678600 0.281300
vt 0.848200 0.282600
vt 0.769100 0.369100
vt 0.736900 0.374000
vt 0.911500 0.753200
vt 0.885800 0.755000
vt 0.903800 0.707600
vt 0.887000 0.708400
s 0
usemtl bob02
f 611/1/1 589/2/1 4/3/1 249/4/1
f 588/5/2 3/6/2 6/7/2 590/8/2
f 590/8/3 6/7/3 8/9/3 591/10/3
f 591/10/4 8/9/4 10/11/4 592/12/4
f 619/13/5 552/14/5 12/15/5 593/16/5
f 617/17/6 515/18/6 14/19/6 594/20/6
f 613/21/7 441/22/7 16/23/7 595/24/7
f 595/24/8 16/23/8 18/25/8 596/26/8
f 615/27/9 478/28/9 20/29/9 597/30/9
f 597/30/10 20/29/10 22/31/10 598/32/10
f 22/31/11 20/29/11 31/33/11 32/34/11
f 478/28/12 18/25/12 30/35/12 479/36/12
f 18/25/13 16/23/13 29/37/13 30/35/13
f 441/22/14 14/19/14 28/38/14 442/39/14
f 515/18/15 12/15/15 27/40/15 516/41/15
f 552/14/16 10/11/16 26/42/16 553/43/16
f 10/11/17 8/9/17 25/44/17 26/42/17
f 8/9/18 6/7/18 24/45/18 25/44/18
f 6/7/19 3/6/19 23/46/19 24/45/19
f 32/34/20 31/33/20 41/47/20 42/48/20
f 479/36/21 30/35/21 40/49/21 480/50/21
f 30/35/22 29/37/22 39/51/22 40/49/22
f 442/39/23 28/38/23 38/52/23 443/53/23
f 516/41/24 27/40/24 37/54/24 517/55/24
f 553/43/25 26/42/25 36/56/25 554/57/25
f 26/42/26 25/44/26 35/58/26 36/56/26
f 25/44/27 24/45/27 34/59/27 35/58/27
f 24/45/28 23/46/28 33/60/28 34/59/28
f 42/48/29 41/47/29 51/61/29 52/62/29
f 480/50/30 40/49/30 50/63/30 481/64/30
f 40/49/31 39/51/31 49/65/31 50/63/31
f 443/53/32 38/52/32 48/66/32 444/67/32
f 517/55/33 37/54/33 47/68/33 518/69/33
f 554/57/34 36/56/34 46/70/34 555/71/34
f 36/56/35 35/58/35 45/72/35 46/70/35
f 35/58/36 34/59/36 44/73/36 45/72/36
f 34/59/37 33/60/37 43/74/37 44/73/37
f 250/75/38 251/76/38 53/77/38 54/78/38
f 252/79/39 250/75/39 54/78/39 55/80/39
f 329/81/40 307/82/40 59/83/40 253/84/40
f 308/85/41 309/86/41 57/87/41 58/88/41
f 309/86/42 306/89/42 56/90/42 57/87/42
f 310/91/43 311/92/43 65/93/43 66/94/43
f 502/95/44 312/96/44 64/97/44 482/98/44
f 312/96/45 313/99/45 63/100/45 64/97/45
f 465/101/46 314/102/46 62/103/46 445/104/46
f 539/105/47 315/106/47 61/107/47 519/108/47
f 576/109/48 316/110/48 60/111/48 556/112/48
f 316/110/49 308/85/49 58/88/49 60/111/49
f 331/113/50 332/114/50 69/115/50 71/116/50
f 354/117/51 334/118/51 70/119/51 254/120/51
f 332/114/52 335/121/52 68/122/52 69/115/52
f 335/121/53 333/123/53 67/124/53 68/122/53
f 219/125/54 220/126/54 74/127/54 75/128/54
f 220/126/55 221/129/55 73/130/55 74/127/55
f 221/129/56 222/131/56 72/132/56 73/130/56
f 278/133/57 255/134/57 72/132/57 222/131/57
f 5/135/58 7/136/58 80/137/58 79/138/58
f 1/139/59 5/135/59 79/138/59 77/140/59
f 248/141/60 1/139/60 77/140/60 256/142/60
f 281/143/61 282/144/61 84/145/61 83/146/61
f 283/147/62 281/143/62 83/146/62 81/148/62
f 304/149/63 283/147/63 81/148/63 257/150/63
f 224/151/64 225/152/64 88/153/64 87/154/64
f 226/155/65 224/151/65 87/154/65 85/156/65
f 279/157/66 226/155/66 85/156/66 258/158/66
f 280/159/67 259/160/67 92/161/67 262/162/67
f 118/163/68 119/164/68 117/165/68 116/166/68
f 305/167/69 287/168/69 86/169/69 260/170/69
f 355/171/70 337/172/70 97/173/70 263/174/70
f 338/175/71 339/176/71 95/177/71 96/178/71
f 339/176/72 340/179/72 94/180/72 95/177/72
f 340/179/73 336/181/73 93/182/73 94/180/73
f 330/183/74 318/184/74 102/185/74 264/186/74
f 319/187/75 320/188/75 100/189/75 101/190/75
f 320/188/76 321/191/76 99/192/76 100/189/76
f 321/191/77 317/193/77 98/194/77 99/192/77
f 353/195/78 337/196/78 76/197/78 223/198/78
f 328/199/79 318/200/79 97/201/79 228/202/79
f 230/203/80 229/204/80 55/80/80 54/78/80
f 231/205/81 230/203/81 54/78/81 53/77/81
f 265/206/82 266/207/82 106/208/82 105/209/82
f 264/186/83 265/206/83 105/209/83 98/194/83
f 249/4/84 251/76/84 23/46/84 3/6/84
f 266/207/85 104/210/85 107/211/85 267/212/85
f 632/213/86 631/214/86 109/215/86 268/216/86
f 268/216/87 109/215/87 111/217/87 269/218/87
f 232/219/88 111/220/88 109/221/88 233/222/88
f 610/223/89 600/224/89 107/225/89 234/226/89
f 231/205/90 53/77/90 4/3/90 234/226/90
f 303/227/91 227/228/91 86/229/91 287/230/91
f 640/231/92 118/163/92 116/166/92 639/232/92
f 121/233/93 120/234/93 115/235/93 114/236/93
f 122/237/94 121/233/94 114/236/94 113/238/94
f 270/239/95 124/240/95 89/241/95 261/242/95
f 288/243/96 123/244/96 90/245/96 286/246/96
f 110/247/97 112/248/97 119/164/97 118/163/97
f 638/249/98 110/247/98 118/163/98 640/231/98
f 106/208/99 108/250/99 120/234/99 121/233/99
f 105/209/100 106/208/100 121/233/100 122/237/100
f 262/162/101 92/161/101 124/240/101 270/239/101
f 285/251/102 91/252/102 123/244/102 288/243/102
f 98/194/103 105/209/103 122/237/103 99/192/103
f 99/192/104 122/237/104 113/238/104 100/189/104
f 116/166/105 117/165/105 131/253/105 130/254/105
f 639/232/106 116/166/106 130/254/106 641/255/106
f 114/236/107 115/235/107 129/256/107 128/257/107
f 286/246/108 90/245/108 126/258/108 289/259/108
f 261/242/109 89/241/109 125/260/109 271/261/109
f 113/238/110 114/236/110 128/257/110 127/262/110
f 100/189/111 113/238/111 127/262/111 101/190/111
f 557/263/112 558/264/112 135/265/112 132/266/112
f 559/267/113 560/268/113 139/269/113 138/270/113
f 653/271/114 559/267/114 138/270/114 642/272/114
f 562/273/115 561/274/115 137/275/115 136/276/115
f 574/277/116 563/278/116 134/279/116 290/280/116
f 573/281/117 564/282/117 133/283/117 272/284/117
f 558/264/118 562/273/118 136/276/118 135/265/118
f 520/285/119 521/286/119 143/287/119 140/288/119
f 522/289/120 523/290/120 147/291/120 146/292/120
f 652/293/121 522/289/121 146/292/121 643/294/121
f 525/295/122 524/296/122 145/297/122 144/298/122
f 537/299/123 526/300/123 142/301/123 291/302/123
f 536/303/124 527/304/124 141/305/124 273/306/124
f 521/286/125 525/295/125 144/298/125 143/287/125
f 446/307/126 447/308/126 151/309/126 148/310/126
f 448/311/127 449/312/127 155/313/127 154/314/127
f 650/315/128 448/311/128 154/314/128 644/316/128
f 451/317/129 450/318/129 153/319/129 152/320/129
f 463/321/130 452/322/130 150/323/130 292/324/130
f 462/325/131 453/326/131 149/327/131 274/328/131
f 447/308/132 451/317/132 152/320/132 151/309/132
f 578/329/133 566/330/133 158/331/133 341/332/133
f 571/333/134 565/334/134 157/335/134 235/336/134
f 541/337/135 529/338/135 161/339/135 342/340/135
f 534/341/136 528/342/136 160/343/136 236/344/136
f 467/345/137 455/346/137 164/347/137 343/348/137
f 460/349/138 454/350/138 163/351/138 237/352/138
f 577/353/139 557/263/139 132/266/139 322/354/139
f 540/355/140 529/338/140 158/331/140 322/354/140
f 466/356/141 455/346/141 161/339/141 323/357/141
f 579/358/142 567/359/142 156/360/142 344/361/142
f 542/362/143 530/363/143 159/364/143 345/365/143
f 468/366/144 456/367/144 162/368/144 346/369/144
f 324/370/145 148/310/145 165/371/145 325/372/145
f 343/348/146 164/347/146 168/373/146 347/374/146
f 237/352/147 163/351/147 167/375/147 238/376/147
f 225/152/148 84/145/148 170/377/148 239/378/148
f 282/144/149 80/137/149 169/379/149 293/380/149
f 9/381/150 169/379/150 80/137/150 7/136/150
f 572/382/151 569/383/151 173/384/151 240/385/151
f 575/386/152 570/387/152 172/388/152 294/389/152
f 551/390/153 570/387/153 169/379/153 9/381/153
f 535/391/154 532/392/154 176/393/154 241/394/154
f 538/395/155 533/396/155 175/397/155 295/398/155
f 514/399/156 533/396/156 172/388/156 11/400/156
f 461/401/157 458/402/157 179/403/157 242/404/157
f 464/405/158 459/406/158 178/407/158 296/408/158
f 440/409/159 459/406/159 175/397/159 13/410/159
f 242/404/160 179/403/160 182/411/160 243/412/160
f 296/408/161 178/407/161 181/413/161 297/414/161
f 497/415/162 484/416/162 185/417/162 244/418/162
f 500/419/163 485/420/163 184/421/163 298/422/163
f 244/418/164 185/417/164 188/423/164 245/424/164
f 298/422/165 184/421/165 187/425/165 299/426/165
f 21/427/166 187/425/166 184/421/166 19/428/166
f 477/429/167 485/420/167 181/413/167 17/430/167
f 17/430/168 181/413/168 178/407/168 15/431/168
f 154/314/169 155/313/169 196/432/169 195/433/169
f 644/316/170 154/314/170 195/433/170 645/434/170
f 152/320/171 153/319/171 194/435/171 193/436/171
f 292/324/172 150/323/172 191/437/172 300/438/172
f 274/328/173 149/327/173 190/439/173 275/440/173
f 151/309/174 152/320/174 193/436/174 192/441/174
f 151/309/175 192/441/175 165/371/175 148/310/175
f 346/369/176 162/368/176 166/442/176 348/443/176
f 207/444/177 208/445/177 202/446/177 197/447/177
f 209/448/178 210/449/178 206/450/178 205/451/178
f 647/452/179 209/448/179 205/451/179 646/453/179
f 212/454/180 211/455/180 204/456/180 203/457/180
f 302/458/181 213/459/181 201/460/181 301/461/181
f 277/462/182 214/463/182 200/464/182 276/465/182
f 208/445/183 212/454/183 203/457/183 202/446/183
f 327/466/184 207/444/184 197/447/184 326/467/184
f 350/468/185 215/469/185 199/470/185 349/471/185
f 486/472/186 492/473/186 208/445/186 207/444/186
f 487/474/187 493/475/187 210/449/187 209/448/187
f 651/476/188 487/474/188 209/448/188 647/452/188
f 489/477/189 488/478/189 211/455/189 212/454/189
f 501/479/190 494/480/190 213/459/190 302/458/190
f 499/481/191 495/482/191 214/463/191 277/462/191
f 492/473/192 489/477/192 212/454/192 208/445/192
f 503/483/193 486/472/193 207/444/193 327/466/193
f 504/484/194 490/485/194 215/469/194 350/468/194
f 498/486/195 491/487/195 216/488/195 246/489/195
f 505/490/196 348/443/196 166/442/196 496/491/196
f 247/492/197 246/489/197 216/488/197 198/493/197
f 352/494/198 351/495/198 217/496/198 218/497/198
f 71/116/199 69/115/199 220/126/199 219/125/199
f 69/115/200 68/122/200 221/129/200 220/126/200
f 68/122/201 67/124/201 222/131/201 221/129/201
f 254/120/202 278/133/202 222/131/202 67/124/202
f 83/146/203 84/145/203 225/152/203 224/151/203
f 81/148/204 83/146/204 224/151/204 226/155/204
f 257/150/205 81/148/205 226/155/205 279/157/205
f 334/118/206 353/195/206 223/198/206 70/119/206
f 307/82/207 328/199/207 228/202/207 59/83/207
f 103/498/208 102/499/208 229/204/208 230/203/208
f 104/500/209 103/498/209 230/203/209 231/205/209
f 78/501/210 232/219/210 233/222/210 2/502/210
f 589/2/211 610/223/211 234/226/211 4/3/211
f 104/500/212 231/205/212 234/226/212 107/225/212
f 284/503/213 82/504/213 227/228/213 303/227/213
f 567/359/214 571/333/214 235/336/214 156/360/214
f 530/363/215 534/341/215 236/344/215 159/364/215
f 456/367/216 460/349/216 237/352/216 162/368/216
f 162/368/217 237/352/217 238/376/217 166/442/217
f 88/153/218 225/152/218 239/378/218 171/505/218
f 568/506/219 572/382/219 240/385/219 174/507/219
f 531/508/220 535/391/220 241/394/220 177/509/220
f 457/510/221 461/401/221 242/404/221 180/511/221
f 180/511/222 242/404/222 243/412/222 183/512/222
f 483/513/223 497/415/223 244/418/223 186/514/223
f 186/514/224 244/418/224 245/424/224 189/515/224
f 496/491/225 498/486/225 246/489/225 217/496/225
f 218/497/226 217/496/226 246/489/226 247/492/226
f 588/5/227 611/1/227 249/4/227 3/6/227
f 33/60/228 23/46/228 251/76/228 250/75/228
f 43/74/229 33/60/229 250/75/229 252/79/229
f 306/89/230 329/81/230 253/84/230 56/90/230
f 333/123/231 354/117/231 254/120/231 67/124/231
f 223/198/232 76/197/232 255/134/232 278/133/232
f 2/502/233 248/141/233 256/142/233 78/501/233
f 284/503/234 304/149/234 257/150/234 82/504/234
f 227/228/235 279/157/235 258/158/235 86/229/235
f 260/170/236 280/159/236 262/162/236 91/252/236
f 86/169/237 258/516/237 280/159/237 260/170/237
f 258/516/238 85/517/238 259/160/238 280/159/238
f 285/251/239 305/167/239 260/170/239 91/252/239
f 336/181/240 355/171/240 263/174/240 93/182/240
f 317/193/241 330/183/241 264/186/241 98/194/241
f 103/518/242 104/210/242 266/207/242 265/206/242
f 102/185/243 103/518/243 265/206/243 264/186/243
f 4/3/244 53/77/244 251/76/244 249/4/244
f 106/208/245 266/207/245 267/212/245 108/250/245
f 638/249/246 632/213/246 268/216/246 110/247/246
f 110/247/247 268/216/247 269/218/247 112/248/247
f 123/244/248 270/239/248 261/242/248 90/245/248
f 91/252/249 262/162/249 270/239/249 123/244/249
f 90/245/250 261/242/250 271/261/250 126/258/250
f 563/278/251 573/281/251 272/284/251 134/279/251
f 526/300/252 536/303/252 273/306/252 142/301/252
f 452/322/253 462/325/253 274/328/253 150/323/253
f 150/323/254 274/328/254 275/440/254 191/437/254
f 213/459/255 277/462/255 276/465/255 201/460/255
f 494/480/256 499/481/256 277/462/256 213/459/256
f 70/119/257 223/198/257 278/133/257 254/120/257
f 82/504/258 257/150/258 279/157/258 227/228/258
f 79/138/259 80/137/259 282/144/259 281/143/259
f 77/140/260 79/138/260 281/143/260 283/147/260
f 256/142/261 77/140/261 283/147/261 304/149/261
f 269/218/262 111/217/262 287/168/262 305/167/262
f 232/219/263 303/227/263 287/230/263 111/220/263
f 119/164/264 288/243/264 286/246/264 117/165/264
f 112/248/265 285/251/265 288/243/265 119/164/265
f 117/165/266 286/246/266 289/259/266 131/253/266
f 560/268/267 574/277/267 290/280/267 139/269/267
f 523/290/268 537/299/268 291/302/268 147/291/268
f 449/312/269 463/321/269 292/324/269 155/313/269
f 84/145/270 282/144/270 293/380/270 170/377/270
f 569/383/271 575/386/271 294/389/271 173/384/271
f 532/392/272 538/395/272 295/398/272 176/393/272
f 458/402/273 464/405/273 296/408/273 179/403/273
f 179/403/274 296/408/274 297/414/274 182/411/274
f 484/416/275 500/419/275 298/422/275 185/417/275
f 185/417/276 298/422/276 299/426/276 188/423/276
f 155/313/277 292/324/277 300/438/277 196/432/277
f 210/449/278 302/458/278 301/461/278 206/450/278
f 493/475/279 501/479/279 302/458/279 210/449/279
f 78/501/280 284/503/280 303/227/280 232/219/280
f 78/501/281 256/142/281 304/149/281 284/503/281
f 112/248/282 269/218/282 305/167/282 285/251/282
f 252/79/283 55/80/283 307/82/283 329/81/283
f 45/72/284 44/73/284 309/86/284 308/85/284
f 44/73/285 43/74/285 306/89/285 309/86/285
f 52/62/286 51/61/286 311/92/286 310/91/286
f 481/64/287 50/63/287 312/96/287 502/95/287
f 50/63/288 49/65/288 313/99/288 312/96/288
f 444/67/289 48/66/289 314/102/289 465/101/289
f 518/69/290 47/68/290 315/106/290 539/105/290
f 555/71/291 46/70/291 316/110/291 576/109/291
f 46/70/292 45/72/292 308/85/292 316/110/292
f 263/174/293 97/173/293 318/184/293 330/183/293
f 96/178/294 95/177/294 320/188/294 319/187/294
f 95/177/295 94/180/295 321/191/295 320/188/295
f 94/180/296 93/182/296 317/193/296 321/191/296
f 229/204/297 102/499/297 318/200/297 328/199/297
f 566/330/298 577/353/298 322/354/298 158/331/298
f 520/285/299 540/355/299 322/354/299 132/266/299
f 446/307/300 466/356/300 323/357/300 140/288/300
f 164/347/301 324/370/301 325/372/301 168/373/301
f 215/469/302 327/466/302 326/467/302 199/470/302
f 490/485/303 503/483/303 327/466/303 215/469/303
f 55/80/304 229/204/304 328/199/304 307/82/304
f 43/74/305 252/79/305 329/81/305 306/89/305
f 93/182/306 263/174/306 330/183/306 317/193/306
f 60/111/307 58/88/307 332/114/307 331/113/307
f 253/84/308 59/83/308 334/118/308 354/117/308
f 58/88/309 57/87/309 335/121/309 332/114/309
f 57/87/310 56/90/310 333/123/310 335/121/310
f 255/519/311 76/520/311 337/172/311 355/171/311
f 75/521/312 74/522/312 339/176/312 338/175/312
f 74/522/313 73/523/313 340/179/313 339/176/313
f 73/523/314 72/524/314 336/181/314 340/179/314
f 228/202/315 97/201/315 337/196/315 353/195/315
f 565/525/316 578/329/316 341/332/316 157/526/316
f 528/527/317 541/337/317 342/340/317 160/528/317
f 454/529/318 467/345/318 343/348/318 163/530/318
f 556/112/319 579/358/319 344/361/319 61/107/319
f 519/108/320 542/362/320 345/365/320 62/103/320
f 445/104/321 468/366/321 346/369/321 63/100/321
f 163/530/322 343/348/322 347/374/322 167/531/322
f 63/100/323 346/369/323 348/443/323 64/97/323
f 216/532/324 350/468/324 349/471/324 198/533/324
f 491/534/325 504/484/325 350/468/325 216/532/325
f 482/98/326 64/97/326 348/443/326 505/490/326
f 66/94/327 65/93/327 351/495/327 352/494/327
f 59/83/328 228/202/328 353/195/328 334/118/328
f 56/90/329 253/84/329 354/117/329 333/123/329
f 72/524/330 255/519/330 355/171/330 336/181/330
f 87/154/331 88/153/331 357/535/331 356/536/331
f 568/506/332 174/507/332 359/537/332 580/538/332
f 171/505/333 358/539/333 357/535/333 88/153/333
f 457/510/334 180/511/334 361/540/334 469/541/334
f 531/508/335 543/542/335 359/537/335 174/507/335
f 483/513/336 186/514/336 363/543/336 506/544/336
f 364/545/337 363/543/337 186/514/337 189/515/337
f 183/512/338 362/546/338 361/540/338 180/511/338
f 85/156/339 87/154/339 356/536/339 365/547/339
f 365/547/340 356/536/340 366/548/340 369/549/340
f 357/535/341 358/539/341 368/550/341 367/551/341
f 356/536/342 357/535/342 367/551/342 366/548/342
f 543/542/343 360/552/343 371/553/343 544/554/343
f 469/541/344 361/540/344 372/555/344 470/556/344
f 580/538/345 581/557/345 368/550/345 358/539/345
f 363/543/346 364/545/346 375/558/346 374/559/346
f 506/544/347 363/543/347 374/559/347 507/560/347
f 362/546/348 373/561/348 372/555/348 361/540/348
f 372/555/349 373/561/349 377/562/349 376/563/349
f 374/559/350 375/558/350 379/564/350 378/565/350
f 507/560/351 374/559/351 378/565/351 508/566/351
f 581/557/352 370/567/352 382/568/352 582/569/352
f 544/554/353 371/553/353 383/570/353 545/571/353
f 367/551/354 368/550/354 381/572/354 380/573/354
f 470/556/355 372/555/355 376/563/355 471/574/355
f 369/549/356 366/548/356 384/575/356 385/576/356
f 366/548/357 367/551/357 380/573/357 384/575/357
f 378/565/358 379/564/358 387/577/358 386/578/358
f 376/563/359 377/562/359 389/579/359 388/580/359
f 508/566/360 378/565/360 386/578/360 509/581/360
f 471/574/361 376/563/361 388/580/361 472/582/361
f 546/583/362 545/571/362 383/570/362 390/584/362
f 583/585/363 582/569/363 382/568/363 391/586/363
f 393/587/364 380/573/364 381/572/364 392/588/364
f 385/576/365 384/575/365 394/589/365 395/590/365
f 384/575/366 380/573/366 393/587/366 394/589/366
f 429/591/367 430/592/367 397/593/367 398/594/367
f 431/595/368 429/591/368 398/594/368 396/596/368
f 430/592/369 432/597/369 399/598/369 397/593/369
f 398/594/370 397/593/370 401/599/370 402/600/370
f 396/596/371 398/594/371 402/600/371 400/601/371
f 397/593/372 399/598/372 403/602/372 401/599/372
f 402/600/373 401/599/373 405/603/373 406/604/373
f 400/601/374 402/600/374 406/604/374 404/605/374
f 401/599/375 403/602/375 407/606/375 405/603/375
f 433/607/376 434/608/376 411/609/376 412/610/376
f 476/611/377 435/612/377 410/613/377 473/614/377
f 550/615/378 436/616/378 409/617/378 547/618/378
f 587/619/379 437/620/379 408/621/379 584/622/379
f 412/610/380 411/609/380 416/623/380 417/624/380
f 473/614/381 410/613/381 415/625/381 474/626/381
f 547/618/382 409/617/382 414/627/382 548/628/382
f 584/622/383 408/621/383 413/629/383 585/630/383
f 417/624/384 416/623/384 421/631/384 422/632/384
f 474/626/385 415/625/385 420/633/385 475/634/385
f 548/628/386 414/627/386 419/635/386 549/636/386
f 585/630/387 413/629/387 418/637/387 586/638/387
f 438/639/388 439/640/388 424/641/388 423/642/388
f 423/642/389 424/641/389 426/643/389 425/644/389
f 425/644/390 426/643/390 428/645/390 427/646/390
f 510/647/391 428/645/391 426/643/391 511/648/391
f 511/648/392 426/643/392 424/641/392 512/649/392
f 513/650/393 433/607/393 412/610/393 512/649/393
f 437/620/394 431/595/394 396/596/394 408/621/394
f 400/601/395 413/629/395 408/621/395 396/596/395
f 404/605/396 418/637/396 413/629/396 400/601/396
f 124/240/397 92/161/397 430/592/397 429/591/397
f 89/241/398 124/240/398 429/591/398 431/595/398
f 92/161/399 259/160/399 432/597/399 430/592/399
f 190/439/400 149/327/400 434/608/400 433/607/400
f 453/326/401 141/305/401 435/612/401 476/611/401
f 527/304/402 133/283/402 436/616/402 550/615/402
f 564/282/403 125/260/403 437/620/403 587/619/403
f 200/464/404 214/463/404 439/640/404 438/639/404
f 495/482/405 190/439/405 433/607/405 513/650/405
f 125/260/406 89/241/406 431/595/406 437/620/406
f 259/160/407 85/517/407 365/651/407 432/597/407
f 369/652/408 399/598/408 432/597/408 365/651/408
f 385/653/409 403/602/409 399/598/409 369/652/409
f 395/654/410 407/606/410 403/602/410 385/653/410
f 594/20/411 14/19/411 441/22/411 613/21/411
f 16/23/412 441/22/412 442/39/412 29/37/412
f 29/37/413 442/39/413 443/53/413 39/51/413
f 39/51/414 443/53/414 444/67/414 49/65/414
f 313/99/415 465/101/415 445/104/415 63/100/415
f 140/288/416 143/287/416 447/308/416 446/307/416
f 146/292/417 147/291/417 449/312/417 448/311/417
f 643/294/418 146/292/418 448/311/418 650/315/418
f 144/298/419 145/297/419 450/318/419 451/317/419
f 291/302/420 142/301/420 452/322/420 463/321/420
f 273/306/421 141/305/421 453/326/421 462/325/421
f 143/287/422 144/298/422 451/317/422 447/308/422
f 342/340/423 161/339/423 455/346/423 467/345/423
f 236/344/424 160/343/424 454/350/424 460/349/424
f 324/370/425 164/347/425 455/346/425 466/356/425
f 345/365/426 159/364/426 456/367/426 468/366/426
f 241/394/427 176/393/427 458/402/427 461/401/427
f 295/398/428 175/397/428 459/406/428 464/405/428
f 15/431/429 178/407/429 459/406/429 440/409/429
f 159/364/430 236/344/430 460/349/430 456/367/430
f 177/509/431 241/394/431 461/401/431 457/510/431
f 142/301/432 273/306/432 462/325/432 452/322/432
f 147/291/433 291/302/433 463/321/433 449/312/433
f 176/393/434 295/398/434 464/405/434 458/402/434
f 49/65/435 444/67/435 465/101/435 313/99/435
f 148/310/436 324/370/436 466/356/436 446/307/436
f 160/528/437 342/340/437 467/345/437 454/529/437
f 62/103/438 345/365/438 468/366/438 445/104/438
f 177/509/439 457/510/439 469/541/439 360/552/439
f 360/552/440 469/541/440 470/556/440 371/553/440
f 371/553/441 470/556/441 471/574/441 383/570/441
f 383/570/442 471/574/442 472/582/442 390/584/442
f 434/608/443 476/611/443 473/614/443 411/609/443
f 411/609/444 473/614/444 474/626/444 416/623/444
f 416/623/445 474/626/445 475/634/445 421/631/445
f 149/327/446 453/326/446 476/611/446 434/608/446
f 596/26/447 18/25/447 478/28/447 615/27/447
f 20/29/448 478/28/448 479/36/448 31/33/448
f 31/33/449 479/36/449 480/50/449 41/47/449
f 41/47/450 480/50/450 481/64/450 51/61/450
f 311/92/451 502/95/451 482/98/451 65/93/451
f 243/412/452 182/411/452 484/416/452 497/415/452
f 297/414/453 181/413/453 485/420/453 500/419/453
f 19/428/454 184/421/454 485/420/454 477/429/454
f 165/371/455 192/441/455 492/473/455 486/472/455
f 195/433/456 196/432/456 493/475/456 487/474/456
f 645/434/457 195/433/457 487/474/457 651/476/457
f 193/436/458 194/435/458 488/478/458 489/477/458
f 300/438/459 191/437/459 494/480/459 501/479/459
f 275/440/460 190/439/460 495/482/460 499/481/460
f 192/441/461 193/436/461 489/477/461 492/473/461
f 325/372/462 165/371/462 486/472/462 503/483/462
f 347/374/463 168/373/463 490/485/463 504/484/463
f 238/376/464 167/375/464 491/487/464 498/486/464
f 351/495/465 505/490/465 496/491/465 217/496/465
f 183/512/466 243/412/466 497/415/466 483/513/466
f 166/442/467 238/376/467 498/486/467 496/491/467
f 191/437/468 275/440/468 499/481/468 494/480/468
f 182/411/469 297/414/469 500/419/469 484/416/469
f 196/432/470 300/438/470 501/479/470 493/475/470
f 51/61/471 481/64/471 502/95/471 311/92/471
f 168/373/472 325/372/472 503/483/472 490/485/472
f 167/531/473 347/374/473 504/484/473 491/534/473
f 65/93/474 482/98/474 505/490/474 351/495/474
f 183/512/475 483/513/475 506/544/475 362/546/475
f 362/546/476 506/544/476 507/560/476 373/561/476
f 373/561/477 507/560/477 508/566/477 377/562/477
f 377/562/478 508/566/478 509/581/478 389/579/478
f 422/632/479 510/647/479 511/648/479 417/624/479
f 417/624/480 511/648/480 512/649/480 412/610/480
f 439/640/481 513/650/481 512/649/481 424/641/481
f 214/463/482 495/482/482 513/650/482 439/640/482
f 593/16/483 12/15/483 515/18/483 617/17/483
f 14/19/484 515/18/484 516/41/484 28/38/484
f 28/38/485 516/41/485 517/55/485 38/52/485
f 38/52/486 517/55/486 518/69/486 48/66/486
f 314/102/487 539/105/487 519/108/487 62/103/487
f 132/266/488 135/265/488 521/286/488 520/285/488
f 138/270/489 139/269/489 523/290/489 522/289/489
f 642/272/490 138/270/490 522/289/490 652/293/490
f 136/276/491 137/275/491 524/296/491 525/295/491
f 290/280/492 134/279/492 526/300/492 537/299/492
f 272/284/493 133/283/493 527/304/493 536/303/493
f 135/265/494 136/276/494 525/295/494 521/286/494
f 341/332/495 158/331/495 529/338/495 541/337/495
f 235/336/496 157/335/496 528/342/496 534/341/496
f 323/357/497 161/339/497 529/338/497 540/355/497
f 344/361/498 156/360/498 530/363/498 542/362/498
f 240/385/499 173/384/499 532/392/499 535/391/499
f 294/389/500 172/388/500 533/396/500 538/395/500
f 13/410/501 175/397/501 533/396/501 514/399/501
f 156/360/502 235/336/502 534/341/502 530/363/502
f 174/507/503 240/385/503 535/391/503 531/508/503
f 134/279/504 272/284/504 536/303/504 526/300/504
f 139/269/505 290/280/505 537/299/505 523/290/505
f 173/384/506 294/389/506 538/395/506 532/392/506
f 48/66/507 518/69/507 539/105/507 314/102/507
f 140/288/508 323/357/508 540/355/508 520/285/508
f 157/526/509 341/332/509 541/337/509 528/527/509
f 61/107/510 344/361/510 542/362/510 519/108/510
f 177/509/511 360/552/511 543/542/511 531/508/511
f 359/537/512 543/542/512 544/554/512 370/567/512
f 370/567/513 544/554/513 545/571/513 382/568/513
f 391/586/514 382/568/514 545/571/514 546/583/514
f 435/612/515 550/615/515 547/618/515 410/613/515
f 410/613/516 547/618/516 548/628/516 415/625/516
f 415/625/517 548/628/517 549/636/517 420/633/517
f 141/305/518 527/304/518 550/615/518 435/612/518
f 592/12/519 10/11/519 552/14/519 619/13/519
f 12/15/520 552/14/520 553/43/520 27/40/520
f 27/40/521 553/43/521 554/57/521 37/54/521
f 37/54/522 554/57/522 555/71/522 47/68/522
f 315/106/523 576/109/523 556/112/523 61/107/523
f 101/190/524 127/262/524 558/264/524 557/263/524
f 130/254/525 131/253/525 560/268/525 559/267/525
f 641/255/526 130/254/526 559/267/526 653/271/526
f 128/257/527 129/256/527 561/274/527 562/273/527
f 289/259/528 126/258/528 563/278/528 574/277/528
f 271/261/529 125/260/529 564/282/529 573/281/529
f 127/262/530 128/257/530 562/273/530 558/264/530
f 338/175/531 96/178/531 566/330/531 578/329/531
f 219/125/532 75/128/532 565/334/532 571/333/532
f 319/187/533 101/190/533 557/263/533 577/353/533
f 331/113/534 71/116/534 567/359/534 579/358/534
f 239/378/535 170/377/535 569/383/535 572/382/535
f 293/380/536 169/379/536 570/387/536 575/386/536
f 11/400/537 172/388/537 570/387/537 551/390/537
f 71/116/538 219/125/538 571/333/538 567/359/538
f 171/505/539 239/378/539 572/382/539 568/506/539
f 126/258/540 271/261/540 573/281/540 563/278/540
f 131/253/541 289/259/541 574/277/541 560/268/541
f 170/377/542 293/380/542 575/386/542 569/383/542
f 47/68/543 555/71/543 576/109/543 315/106/543
f 96/178/544 319/187/544 577/353/544 566/330/544
f 75/521/545 338/175/545 578/329/545 565/525/545
f 60/111/546 331/113/546 579/358/546 556/112/546
f 171/505/547 568/506/547 580/538/547 358/539/547
f 359/537/548 370/567/548 581/557/548 580/538/548
f 368/550/549 581/557/549 582/569/549 381/572/549
f 392/588/550 381/572/550 582/569/550 583/585/550
f 436/616/551 587/619/551 584/622/551 409/617/551
f 409/617/552 584/622/552 585/630/552 414/627/552
f 414/627/553 585/630/553 586/638/553 419/635/553
f 133/283/554 564/282/554 587/619/554 436/616/554
f 621/655/555 588/5/555 590/8/555 622/656/555
f 622/656/556 590/8/556 591/10/556 623/657/556
f 623/657/557 591/10/557 592/12/557 624/658/557
f 636/659/558 619/13/558 593/16/558 625/660/558
f 635/661/559 617/17/559 594/20/559 626/662/559
f 633/663/560 613/21/560 595/24/560 627/664/560
f 627/664/561 595/24/561 596/26/561 628/665/561
f 634/666/562 615/27/562 597/30/562 629/667/562
f 629/667/563 597/30/563 598/32/563 630/668/563
f 648/669/564 631/670/564 600/224/564 610/223/564
f 267/212/565 107/211/565 600/671/565 612/672/565
f 637/673/566 648/669/566 610/223/566 589/2/566
f 120/234/567 602/674/567 601/675/567 115/235/567
f 108/250/568 599/676/568 602/674/568 120/234/568
f 115/235/569 601/675/569 603/677/569 129/256/569
f 561/274/570 620/678/570 604/679/570 137/275/570
f 524/296/571 618/680/571 605/681/571 145/297/571
f 450/318/572 614/682/572 606/683/572 153/319/572
f 153/319/573 606/683/573 607/684/573 194/435/573
f 211/455/574 609/685/574 608/686/574 204/456/574
f 488/478/575 616/687/575 609/685/575 211/455/575
f 621/655/576 649/688/576 611/1/576 588/5/576
f 626/662/577 594/20/577 613/21/577 633/663/577
f 108/250/578 267/212/578 612/672/578 599/676/578
f 628/665/579 596/26/579 615/27/579 634/666/579
f 145/297/580 605/681/580 614/682/580 450/318/580
f 625/660/581 593/16/581 617/17/581 635/661/581
f 194/435/582 607/684/582 616/687/582 488/478/582
f 624/658/583 592/12/583 619/13/583 636/659/583
f 137/275/584 604/679/584 618/680/584 524/296/584
f 129/256/585 603/677/585 620/678/585 561/274/585
f 602/674/586 640/231/586 639/232/586 601/675/586
f 599/676/587 638/249/587 640/231/587 602/674/587
f 601/675/588 639/232/588 641/255/588 603/677/588
f 620/678/589 653/271/589 642/272/589 604/679/589
f 618/680/590 652/293/590 643/294/590 605/681/590
f 614/682/591 650/315/591 644/316/591 606/683/591
f 606/683/592 644/316/592 645/434/592 607/684/592
f 609/685/593 647/452/593 646/453/593 608/686/593
f 616/687/594 651/476/594 647/452/594 609/685/594
f 612/672/595 632/213/595 638/249/595 599/676/595
f 605/681/596 643/294/596 650/315/596 614/682/596
f 607/684/597 645/434/597 651/476/597 616/687/597
f 604/679/598 642/272/598 652/293/598 618/680/598
f 603/677/599 641/255/599 653/271/599 620/678/599
f 649/688/600 637/673/600 589/2/600 611/1/600
f 248/141/601 2/502/601 637/673/601 649/688/601
f 1/139/602 621/655/602 622/656/602 5/135/602
f 5/135/603 622/656/603 623/657/603 7/136/603
f 7/136/604 623/657/604 624/658/604 9/381/604
f 551/390/605 636/659/605 625/660/605 11/400/605
f 514/399/606 635/661/606 626/662/606 13/410/606
f 440/409/607 633/663/607 627/664/607 15/431/607
f 15/431/608 627/664/608 628/665/608 17/430/608
f 477/429/609 634/666/609 629/667/609 19/428/609
f 19/428/610 629/667/610 630/668/610 21/427/610
f 233/222/611 109/221/611 631/670/611 648/669/611
f 2/502/612 233/222/612 648/669/612 637/673/612
f 1/139/613 248/141/613 649/688/613 621/655/613
f 13/410/614 626/662/614 633/663/614 440/409/614
f 17/430/615 628/665/615 634/666/615 477/429/615
f 11/400/616 625/660/616 635/661/616 514/399/616
f 9/381/617 624/658/617 636/659/617 551/390/617
f 600/671/618 631/214/618 632/213/618 612/672/618
f 1176/689/619 680/690/619 679/691/619 1637/692/619
f 835/693/620 674/694/620 680/690/620 1176/689/620
f 1442/695/621 672/696/621 681/697/621 1178/698/621
f 1633/699/622 684/700/622 683/701/622 1632/702/622
f 1190/703/623 686/704/623 685/705/623 1634/706/623
f 658/707/624 670/708/624 718/709/624 696/710/624
f 748/711/625 671/712/625 682/713/625 1180/714/625
f 1634/706/626 685/705/626 684/700/626 1633/699/626
f 943/715/627 1189/716/627 670/708/627 658/707/627
f 704/717/628 666/718/628 654/719/628 687/720/628
f 703/721/629 665/722/629 655/723/629 689/724/629
f 700/725/630 662/726/630 656/727/630 691/728/630
f 1095/729/631 872/730/631 1273/731/631 1231/732/631
f 1131/733/632 860/734/632 1299/735/632 743/736/632
f 685/705/633 717/737/633 716/738/633 684/700/633
f 972/739/634 1116/740/634 1192/741/634 1279/742/634
f 1298/743/635 1120/744/635 1229/745/635 720/746/635
f 898/747/636 1022/748/636 729/749/636 1275/750/636
f 666/718/637 1061/751/637 1285/752/637 654/719/637
f 1063/753/638 1062/754/638 1237/755/638 737/756/638
f 902/757/639 1065/758/639 1233/759/639 725/760/639
f 1252/761/640 1223/762/640 1243/763/640 1445/764/640
f 1529/765/641 1064/766/641 741/767/641 1287/768/641
f 1528/769/642 1060/770/642 739/771/642 740/772/642
f 702/773/643 664/774/643 657/775/643 693/776/643
f 695/777/644 675/778/644 669/779/644 708/780/644
f 691/728/645 656/727/645 660/781/645 698/782/645
f 701/783/646 663/784/646 662/726/646 700/725/646
f 689/724/647 655/723/647 664/774/647 702/773/647
f 706/785/648 668/786/648 666/718/648 704/717/648
f 1189/716/649 958/787/649 659/788/649 670/708/649
f 1178/698/650 681/697/650 674/694/650 835/693/650
f 1180/714/651 682/713/651 672/696/651 1442/695/651
f 707/789/652 676/790/652 675/778/652 695/777/652
f 806/791/653 673/792/653 678/793/653 1172/794/653
f 1172/794/654 678/793/654 677/795/654 1652/796/654
f 958/787/655 1598/797/655 1194/798/655 659/788/655
f 683/701/656 715/799/656 688/800/656 671/712/656
f 682/713/657 714/801/657 690/802/657 672/696/657
f 679/691/658 711/803/658 692/804/658 673/792/658
f 1054/805/659 703/721/659 689/724/659 1450/806/659
f 997/807/660 700/725/660 691/728/660 795/808/660
f 1046/809/661 702/773/661 693/776/661 1480/810/661
f 980/811/662 698/782/662 699/812/662 987/813/662
f 1480/810/663 693/776/663 701/783/663 1038/814/663
f 738/815/664 687/720/664 703/721/664 1054/805/664
f 1083/816/665 708/780/665 705/817/665 1536/818/665
f 670/708/666 659/788/666 697/819/666 718/709/666
f 659/788/667 1194/798/667 1193/820/667 697/819/667
f 678/793/668 710/821/668 709/822/668 677/795/668
f 673/792/669 692/804/669 710/821/669 678/793/669
f 680/690/670 712/823/670 711/803/670 679/691/670
f 1190/703/671 943/715/671 658/707/671 686/704/671
f 1637/692/672 679/691/672 673/792/672 806/791/672
f 1632/702/673 683/701/673 671/712/673 748/711/673
f 684/700/674 716/738/674 715/799/674 683/701/674
f 686/704/675 719/824/675 717/737/675 685/705/675
f 1218/825/676 853/826/676 1297/827/676 734/828/676
f 1021/829/677 1274/830/677 724/831/677 730/832/677
f 1232/833/678 920/834/678 726/835/678 736/836/678
f 1608/837/679 1278/838/679 728/839/679 732/840/679
f 1083/816/680 924/841/680 695/777/680 708/780/680
f 681/697/681 713/842/681 694/843/681 674/694/681
f 686/704/682 658/707/682 696/710/682 719/824/682
f 1294/844/683 1264/845/683 1281/846/683 1295/847/683
f 952/848/684 1282/849/684 1283/850/684 727/851/684
f 1272/852/685 1090/853/685 742/854/685 722/855/685
f 1276/856/686 1066/857/686 735/858/686 1277/859/686
f 1240/860/687 1531/861/687 1235/862/687 1241/863/687
f 1296/864/688 1230/865/688 733/866/688 721/867/688
f 708/780/689 669/779/689 667/868/689 705/817/689
f 705/817/690 667/868/690 668/786/690 706/785/690
f 1527/869/691 704/717/691 687/720/691 738/815/691
f 795/808/692 691/728/692 698/782/692 980/811/692
f 1038/814/693 701/783/693 700/725/693 997/807/693
f 1450/806/694 689/724/694 702/773/694 1046/809/694
f 1144/870/695 1289/871/695 723/872/695 876/873/695
f 1238/874/696 1224/875/696 1225/876/696 1239/877/696
f 1020/878/697 1226/879/697 1227/880/697 731/881/697
f 671/712/698 688/800/698 714/801/698 682/713/698
f 672/696/699 690/802/699 713/842/699 681/697/699
f 674/694/700 694/843/700 712/823/700 680/690/700
f 1076/882/701 706/785/701 704/717/701 1527/869/701
f 1536/818/702 705/817/702 706/785/702 1076/882/702
f 924/841/703 1084/883/703 707/789/703 695/777/703
f 698/782/704 660/781/704 661/884/704 699/812/704
f 693/776/705 657/775/705 663/784/705 701/783/705
f 687/720/706 654/719/706 665/722/706 703/721/706
f 1164/885/707 1291/886/707 1245/887/707 1304/888/707
f 715/799/708 1181/889/708 1293/890/708 688/800/708
f 1034/891/709 850/892/709 750/893/709 763/894/709
f 1143/895/710 773/896/710 752/897/710 877/898/710
f 1052/899/711 901/900/711 754/901/711 768/902/711
f 1017/903/712 951/904/712 1261/905/712 760/906/712
f 1051/907/713 868/908/713 1251/909/713 1303/910/713
f 1018/911/714 897/912/714 1255/913/714 1267/914/714
f 1493/915/715 919/916/715 1259/917/715 1494/918/715
f 1441/919/716 1330/920/716 758/921/716 777/922/716
f 1260/923/717 1266/924/717 759/925/717 756/926/717
f 1250/927/718 1483/928/718 762/929/718 751/930/718
f 1248/931/719 1033/932/719 1271/933/719 1249/934/719
f 1258/935/720 1058/936/720 764/937/720 755/938/720
f 1055/939/721 1236/940/721 767/941/721 1301/942/721
f 956/943/722 1191/944/722 1197/945/722 757/946/722
f 1056/947/723 1234/948/723 766/949/723 770/950/723
f 1256/951/724 1057/952/724 765/953/724 1257/954/724
f 1153/955/725 774/956/725 1488/957/725 1473/958/725
f 1471/959/726 776/960/726 1444/961/726 1163/962/726
f 1126/963/727 1416/964/727 1346/965/727 840/966/727
f 1604/967/728 866/968/728 1307/969/728 793/970/728
f 995/971/729 891/972/729 782/973/729 790/974/729
f 1000/975/730 916/976/730 784/977/730 789/978/730
f 1008/979/731 948/980/731 1395/981/731 800/982/731
f 953/983/732 1024/984/732 1203/985/732 785/986/732
f 1306/987/733 1026/988/733 797/989/733 780/990/733
f 1025/991/734 1308/992/734 1309/993/734 1404/994/734
f 1347/995/735 778/996/735 787/997/735 1512/998/735
f 844/999/736 1023/1000/736 1311/1001/736 1401/1002/736
f 1638/1003/737 1319/1004/737 1438/1005/737 1642/1006/737
f 1129/1007/738 846/1008/738 807/1009/738 830/1010/738
f 1043/1011/739 867/1012/739 1452/1013/739 829/1014/739
f 1015/1015/740 896/1016/740 811/1017/740 1333/1018/740
f 1481/1019/741 918/1020/741 813/1021/741 823/1022/741
f 1032/1023/742 955/1024/742 815/1025/742 819/1026/742
f 1152/1027/743 832/1028/743 1474/1029/743 1651/1030/743
f 1162/1031/744 1425/1032/744 1343/1033/744 1627/1034/744
f 1629/1035/745 1472/1036/745 833/1037/745 1628/1038/745
f 713/842/746 1177/1039/746 834/1040/746 694/843/746
f 1119/1041/747 1217/1042/747 1465/1043/747 855/1044/747
f 1499/1045/748 938/1046/748 837/1047/748 858/1048/748
f 1150/1049/749 803/1050/749 802/1051/749 1630/1052/749
f 1394/1053/750 1009/1054/750 799/1055/750 786/1056/750
f 1439/1057/751 1522/1058/751 1315/1059/751 1440/1060/751
f 1132/1061/752 963/1062/752 838/1063/752 857/1064/752
f 1125/1065/753 1126/963/753 840/966/753 839/1066/753
f 1416/964/754 1127/1067/754 843/1068/754 1346/965/754
f 1610/1069/755 1405/1070/755 1406/1071/755 1410/1072/755
f 998/1073/756 1521/1074/756 1313/1075/756 1408/1076/756
f 1382/1077/757 1001/1078/757 788/1079/757 1378/1080/757
f 1031/1081/758 849/1082/758 808/1083/758 821/1084/758
f 711/803/759 1173/1085/759 805/1086/759 692/804/759
f 1160/1087/760 804/1088/760 1317/1089/760 1646/1090/760
f 1328/1091/761 1196/1092/761 1199/1093/761 1329/1094/761
f 1431/1095/762 1268/1096/762 1335/1097/762 1348/1098/762
f 1320/1099/763 1016/1100/763 816/1101/763 1321/1102/763
f 664/774/764 1045/1103/764 827/1104/764 657/775/764
f 1300/1105/765 1449/1106/765 825/1107/765 1337/1108/765
f 900/1109/766 1049/1110/766 1482/1111/766 812/1112/766
f 878/1113/767 1459/1114/767 1427/1115/767 1622/1116/767
f 1302/1117/768 1048/1118/768 1476/1119/768 1341/1120/768
f 1447/1121/769 1044/1122/769 826/1123/769 1478/1124/769
f 662/726/770 996/1125/770 796/1126/770 656/727/770
f 1402/1127/771 1396/1128/771 1397/1129/771 1366/1130/771
f 999/1131/772 1603/1132/772 794/1133/772 1399/1134/772
f 665/722/773 1053/1135/773 769/1136/773 655/723/773
f 1284/1137/774 1491/1138/774 1492/1139/774 1448/1140/774
f 1286/1141/775 1489/1142/775 1490/1143/775 771/1144/775
f 1422/1145/776 1609/1146/776 1331/1147/776 1423/1148/776
f 950/1149/777 1332/1150/777 817/1151/777 814/1152/777
f 1451/1153/778 1589/1154/778 820/1155/778 809/1156/778
f 1035/1157/779 1262/1158/779 1263/1159/779 1269/1160/779
f 1254/1161/780 1019/1162/780 1265/1163/780 753/1164/780
f 847/1165/781 1228/1166/781 761/1167/781 749/1168/781
f 1324/1169/782 1050/1170/782 822/1171/782 1325/1172/782
f 1475/1173/783 1047/1174/783 824/1175/783 828/1176/783
f 1430/1177/784 1030/1178/784 1484/1179/784 1350/1180/784
f 1361/1181/785 1253/1182/785 772/1183/785 1426/1184/785
f 1424/1185/786 775/1186/786 1305/1187/786 1342/1188/786
f 714/801/787 1179/1189/787 1486/1190/787 690/802/787
f 1142/1191/788 831/1192/788 810/1193/788 1460/1194/788
f 1338/1195/789 1322/1196/789 1323/1197/789 1339/1198/789
f 1014/1199/790 1326/1200/790 1327/1201/790 818/1202/790
f 1210/1203/791 1400/1204/791 779/1205/791 792/1206/791
f 1140/1207/792 1418/1208/792 781/1209/792 880/1210/792
f 1413/1211/793 894/1212/793 1393/1213/793 1414/1214/793
f 1363/1215/794 1362/1216/794 801/1217/794 1619/1218/794
f 1371/1219/795 1010/1220/795 798/1221/795 783/1222/795
f 1526/1223/796 1398/1224/796 791/1225/796 1412/1226/796
f 1154/1227/797 745/1228/797 744/1229/797 1487/1230/797
f 1485/1231/798 747/1232/798 746/1233/798 1443/1234/798
f 1130/1235/799 1246/1236/799 1247/1237/799 1446/1238/799
f 1133/1239/800 1134/1240/800 856/1241/800 859/1242/800
f 938/1046/801 1132/1061/801 857/1064/801 837/1047/801
f 1131/733/802 1133/1239/802 859/1242/802 860/734/802
f 1565/1243/803 928/1244/803 861/1245/803 874/1246/803
f 1136/1247/804 962/1248/804 863/1249/804 884/1250/804
f 976/1251/805 864/1252/805 865/1253/805 1514/1254/805
f 829/1014/806 1452/1013/806 868/908/806 1051/907/806
f 1231/732/807 1273/731/807 869/1255/807 1270/1256/807
f 1148/1257/808 1576/1258/808 1453/1259/808 885/1260/808
f 793/970/809 1307/969/809 864/1252/809 976/1251/809
f 1589/1154/810 1451/1153/810 866/968/810 1604/967/810
f 1303/910/811 1251/909/811 1358/1261/811 1059/1262/811
f 962/1248/812 1555/1263/812 873/1264/812 863/1249/812
f 1097/1265/813 1565/1243/813 874/1246/813 870/1266/813
f 1096/1267/814 1097/1265/814 870/1266/814 871/1268/814
f 1095/729/815 1096/1267/815 871/1268/815 872/730/815
f 1074/1269/816 905/1270/816 1224/875/816 1238/874/816
f 768/902/817 754/901/817 1322/1196/817 1338/1195/817
f 1107/1271/818 1376/1272/818 1274/830/818 1021/829/818
f 1267/914/819 1255/913/819 896/1016/819 1015/1015/819
f 1109/1273/820 934/1274/820 912/1275/820 964/1276/820
f 1114/1277/821 1112/1278/821 910/1279/821 908/1280/821
f 1544/1281/822 1080/1282/822 1201/1283/822 1433/1284/822
f 1072/1285/823 903/1286/823 905/1270/823 1074/1269/823
f 1590/1287/824 930/1288/824 920/834/824 1232/833/824
f 1494/918/825 1259/917/825 918/1020/825 1481/1019/825
f 1606/1289/826 917/1290/826 916/976/826 1000/975/826
f 789/978/827 784/977/827 914/1291/827 1517/1292/827
f 736/836/828 726/835/828 919/916/828 1493/915/828
f 823/1022/829 813/1021/829 917/1290/829 1606/1289/829
f 1517/1292/830 914/1291/830 915/1293/830 1518/1294/830
f 1121/1295/831 968/1296/831 913/1297/831 937/1298/831
f 732/840/832 728/839/832 1262/1158/832 1035/1157/832
f 1269/1160/833 1263/1159/833 955/1024/833 1032/1023/833
f 819/1026/834 815/1025/834 954/1299/834 1029/1300/834
f 1029/1300/835 954/1299/835 1308/992/835 1025/991/835
f 1595/1301/836 1542/1302/836 1510/1303/836 1509/1304/836
f 718/709/837 697/819/837 957/1305/837 1577/1306/837
f 1087/1307/838 1551/1308/838 1596/1309/838 1195/1310/838
f 907/1311/839 1109/1273/839 964/1276/839 888/1312/839
f 928/1244/840 1094/1313/840 1207/1314/840 861/1245/840
f 1145/1315/841 1146/1316/841 883/1317/841 875/1318/841
f 1289/871/842 1145/1315/842 875/1318/842 723/872/842
f 773/896/843 1144/870/843 876/873/843 752/897/843
f 821/1084/844 808/1083/844 848/1319/844 1028/1320/844
f 1446/1238/845 1247/1237/845 846/1008/845 1129/1007/845
f 1028/1320/846 848/1319/846 1400/1204/846 1210/1203/846
f 975/1321/847 841/1322/847 1469/1323/847 1219/1324/847
f 1146/1316/848 1147/1325/848 882/1326/848 883/1317/848
f 1545/1327/849 1544/1281/849 1433/1284/849 906/1328/849
f 1113/1329/850 1365/1330/850 1434/1331/850 959/1332/850
f 981/1333/851 889/1334/851 1463/1335/851 1602/1336/851
f 831/1192/852 1143/895/852 877/898/852 810/1193/852
f 1141/1337/853 1142/1191/853 1460/1194/853 879/1338/853
f 1418/1208/854 1141/1337/854 879/1338/854 781/1209/854
f 1139/1339/855 1140/1207/855 880/1210/855 881/1340/855
f 1134/1240/856 1499/1045/856 858/1048/856 856/1241/856
f 1218/825/857 1117/1341/857 852/1342/857 853/826/857
f 1118/1343/858 1119/1041/858 855/1044/858 851/1344/858
f 734/828/859 1297/827/859 850/892/859 1034/891/859
f 1591/1345/860 921/1346/860 930/1288/860 1590/1287/860
f 669/779/861 675/778/861 1546/1347/861 1081/1348/861
f 1187/1349/862 1138/1350/862 940/1351/862 942/1352/862
f 1088/1353/863 1213/1354/863 1547/1355/863 1549/1356/863
f 1466/1357/864 836/1358/864 1561/1359/864 1098/1360/864
f 933/1361/865 1106/1362/865 932/1363/865 911/1364/865
f 1566/1365/866 1387/1366/866 929/1367/866 1573/1368/866
f 907/1311/867 887/1369/867 1574/1370/867 1109/1273/867
f 968/1296/868 1204/1371/868 936/1372/868 1390/1373/868
f 1454/1374/869 862/1375/869 1500/1376/869 1135/1377/869
f 1635/1378/870 1168/1379/870 1615/1380/870 1502/1381/870
f 973/1382/871 974/1383/871 945/1384/871 944/1385/871
f 1509/1304/872 1617/1386/872 935/1387/872 1595/1301/872
f 1345/1388/873 1344/1389/873 1585/1298/873 1124/1390/873
f 1575/1391/874 1158/1392/874 941/1393/874 939/1394/874
f 719/824/875 696/710/875 1578/1395/875 1188/1396/875
f 818/1202/876 1327/1201/876 949/1397/876 1011/1398/876
f 760/906/877 1261/905/877 1326/1200/877 1014/1199/877
f 731/881/878 1227/880/878 951/904/878 1017/903/878
f 1103/1399/879 966/1400/879 1226/879/879 1020/878/879
f 1214/1401/880 1089/1402/880 1554/1403/880 1511/1404/880
f 1421/1405/881 1420/1406/881 968/1296/881 1121/1295/881
f 1570/1407/882 1569/1408/882 967/1409/882 965/1410/882
f 937/1298/883 913/1297/883 969/1411/883 1584/1412/883
f 1217/1042/884 1115/1413/884 1205/1414/884 1465/1043/884
f 1117/1341/885 1118/1343/885 851/1344/885 852/1342/885
f 963/1062/886 1206/1415/886 854/1416/886 838/1063/886
f 763/894/887 750/893/887 849/1082/887 1031/1081/887
f 1112/1278/888 1111/1417/888 909/1418/888 910/1279/888
f 1583/1419/889 1114/1277/889 908/1280/889 1364/1420/889
f 959/1332/890 1434/1331/890 1435/1421/890 1211/1422/890
f 1545/1327/891 906/1328/891 903/1286/891 1072/1285/891
f 1356/1423/892 1355/1424/892 1498/1425/892 1093/1426/892
f 1436/1427/893 886/1428/893 931/1429/893 1100/1430/893
f 1200/1431/894 1386/1432/894 1387/1366/894 1566/1365/894
f 964/1276/895 1389/1433/895 1209/1434/895 1105/1435/895
f 1011/1398/896 949/1397/896 948/980/896 1008/979/896
f 800/982/897 1395/981/897 947/1436/897 1005/1437/897
f 1005/1437/898 947/1436/898 946/1438/898 1002/1439/898
f 1404/994/899 1309/993/899 945/1384/899 974/1383/899
f 1552/1440/900 1553/1441/900 961/1442/900 960/1443/900
f 1468/1444/901 1457/1445/901 1556/1446/901 1612/1447/901
f 934/1274/902 1570/1407/902 965/1410/902 912/1275/902
f 1569/1408/903 1568/1448/903 1600/1449/903 967/1409/903
f 1239/877/904 1225/876/904 901/900/904 1052/899/904
f 1339/1198/905 1323/1197/905 899/1450/905 1586/1451/905
f 730/832/906 724/831/906 897/912/906 1018/911/906
f 1333/1018/907 811/1017/907 895/1452/907 1012/1453/907
f 1573/1368/908 929/1367/908 921/1346/908 1591/1345/908
f 1541/1454/909 923/1455/909 922/1456/909 1079/1457/909
f 1085/1458/910 925/1459/910 1496/1460/910 1540/1461/910
f 1215/1462/911 1550/1463/911 926/1464/911 927/1465/911
f 1012/1453/912 895/1452/912 894/1212/912 1413/1211/912
f 1414/1214/913 1393/1213/913 893/1466/913 1587/1467/913
f 1587/1467/914 893/1466/914 892/1468/914 1003/1469/914
f 1586/1451/915 899/1450/915 891/972/915 995/971/915
f 743/736/916 1299/735/916 1246/1236/916 1130/1235/916
f 830/1010/917 807/1009/917 845/1470/917 1128/1471/917
f 1128/1471/918 845/1470/918 843/1068/918 1127/1067/918
f 792/1206/919 779/1205/919 841/1322/919 975/1321/919
f 1147/1325/920 1148/1257/920 885/1260/920 882/1326/920
f 1576/1258/921 1136/1247/921 884/1250/921 1453/1259/921
f 1113/1329/922 1583/1419/922 1364/1420/922 1365/1330/922
f 790/974/923 782/973/923 889/1334/923 981/1333/923
f 1122/1472/924 1123/1473/924 970/1474/924 971/1475/924
f 1470/1476/925 1347/995/925 1512/998/925 1513/1477/925
f 778/996/926 1391/1478/926 1403/1479/926 787/997/926
f 1401/1002/927 1311/1001/927 1310/1480/927 1419/1481/927
f 1399/1134/928 794/1133/928 979/1482/928 983/1483/928
f 1366/1130/929 1397/1129/929 978/1484/929 1367/1485/929
f 656/727/930 796/1126/930 982/1486/930 660/781/930
f 1412/1226/931 791/1225/931 1519/1487/931 1411/1488/931
f 1357/1489/932 984/1490/932 994/1491/932 1455/1492/932
f 1379/1493/933 977/1494/933 991/1495/933 1380/1496/933
f 1123/1473/934 1584/1412/934 969/1411/934 970/1474/934
f 1608/837/935 1122/1472/935 971/1475/935 1278/838/935
f 1504/1497/936 1503/1498/936 1202/1499/936 993/1500/936
f 785/986/937 1203/985/937 1202/1499/937 1503/1498/937
f 780/990/938 797/989/938 984/1490/938 1357/1489/938
f 1367/1485/939 978/1484/939 990/1501/939 890/1502/939
f 1407/1503/940 1312/1504/940 1605/1505/940 988/1506/940
f 660/781/941 982/1486/941 986/1507/941 661/884/941
f 1409/1508/942 1601/1509/942 985/1510/942 1516/1511/942
f 1411/1488/943 1519/1487/943 989/1512/943 1611/1513/943
f 770/950/944 766/949/944 1047/1174/944 1475/1173/944
f 1257/954/945 765/953/945 1049/1110/945 900/1109/945
f 655/723/946 769/1136/946 1045/1103/946 664/774/946
f 771/1144/947 1490/1143/947 1048/1118/947 1302/1117/947
f 1277/859/948 735/858/948 1058/936/948 1258/935/948
f 737/756/949 1237/755/949 1236/940/949 1055/939/949
f 740/772/950 739/771/950 1491/1138/950 1284/1137/950
f 1559/1514/951 1078/1515/951 1064/766/951 1529/765/951
f 1383/1516/952 1102/1517/952 1066/857/952 1276/856/952
f 1077/1518/953 1535/1519/953 1062/754/953 1063/753/953
f 1537/1520/954 1533/1521/954 1060/770/954 1528/769/954
f 1497/1522/955 1086/1523/955 1069/1524/955 1092/1525/955
f 1384/1526/956 1099/1527/956 1067/1528/956 1385/1529/956
f 1085/1458/957 1540/1461/957 1071/1530/957 1592/1531/957
f 1541/1454/958 1079/1457/958 1593/1532/958 1538/1533/958
f 668/786/959 1075/1534/959 1061/751/959 666/718/959
f 1092/1525/960 1069/1524/960 1078/1515/960 1559/1514/960
f 1436/1427/961 1100/1430/961 1068/1535/961 1374/1536/961
f 1539/1537/962 1548/1538/962 1070/1539/962 1534/1540/962
f 669/779/963 1081/1348/963 1073/1541/963 667/868/963
f 888/1312/964 964/1276/964 1105/1435/964 904/1542/964
f 1551/1308/965 1138/1350/965 1187/1349/965 1596/1309/965
f 697/819/966 1193/820/966 1597/1543/966 957/1305/966
f 1542/1302/967 1543/1544/967 1082/1545/967 1510/1303/967
f 923/1455/968 1212/1546/968 1571/1547/968 922/1456/968
f 1272/852/969 1360/1548/969 1091/1549/969 1090/853/969
f 1352/1550/970 1466/1357/970 1098/1360/970 1564/1551/970
f 1296/864/971 1353/1552/971 1563/1553/971 1230/865/971
f 886/1428/972 1432/1554/972 1567/1555/972 931/1429/972
f 911/1364/973 932/1363/973 1099/1527/973 1384/1526/973
f 1389/1433/974 1388/1556/974 1208/1557/974 1209/1434/974
f 1388/1556/975 1506/1558/975 1104/1559/975 1208/1557/975
f 1506/1558/976 966/1400/976 1103/1399/976 1104/1559/976
f 887/1369/977 1375/1560/977 1110/1561/977 1574/1370/977
f 1375/1560/978 1377/1562/978 1108/1563/978 1110/1561/978
f 1508/1564/979 1507/1565/979 1216/1566/979 1221/1567/979
f 1599/1568/980 1508/1564/980 1221/1567/980 1220/1569/980
f 972/739/981 1599/1568/981 1220/1569/981 1116/740/981
f 1354/1570/982 1345/1388/982 1124/1390/982 1623/1571/982
f 1428/1572/983 1354/1570/983 1623/1571/983 1624/1573/983
f 814/1152/984 817/1151/984 1524/1574/984 1579/1575/984
f 1423/1148/985 1331/1147/985 1330/920/985 1441/919/985
f 1370/1576/986 1013/1577/986 1010/1220/986 1371/1219/986
f 783/1222/987 798/1221/987 1007/1578/987 1368/1579/987
f 1368/1579/988 1007/1578/988 1004/1580/988 1369/1581/988
f 1344/1389/989 1421/1405/989 1121/1295/989 1585/1298/989
f 1298/743/990 1428/1572/990 1624/1573/990 1120/744/990
f 1222/1582/991 1458/1583/991 1626/1584/991 1242/1585/991
f 1223/762/992 1222/1582/992 1242/1585/992 1243/763/992
f 1253/1182/993 1252/761/993 1445/764/993 772/1183/993
f 1440/1060/994 1315/1059/994 1314/1586/994 1174/1587/994
f 1477/1588/995 1036/1589/995 1405/1070/995 1610/1069/995
f 1039/1590/996 1479/1591/996 1521/1074/996 998/1073/996
f 1381/1592/997 1042/1593/997 1001/1078/997 1382/1077/997
f 1040/1594/998 1398/1224/998 1526/1223/998 1340/1595/998
f 1580/1596/999 1198/1597/999 1024/984/999 953/983/999
f 909/1418/1000 1111/1417/1000 1022/748/1000 898/747/1000
f 727/851/1001 1283/850/1001 1266/924/1001 1260/923/1001
f 1295/847/1002 1281/846/1002 1280/1598/1002 1182/1599/1002
f 753/1164/1003 1265/1163/1003 1016/1100/1003 1320/1099/1003
f 1350/1180/1004 1484/1179/1004 1027/1600/1004 1351/1601/1004
f 722/855/1005 742/854/1005 1059/1262/1005 1358/1261/1005
f 809/1156/1006 820/1155/1006 1483/928/1006 1250/927/1006
f 749/1168/1007 761/1167/1007 1268/1096/1007 1431/1095/1007
f 867/1012/1008 1043/1011/1008 1026/988/1008 1306/987/1008
f 1478/1124/1009 826/1123/1009 1036/1589/1009 1477/1588/1009
f 1337/1108/1010 825/1107/1010 1479/1591/1010 1039/1590/1010
f 1325/1172/1011 822/1171/1011 1042/1593/1011 1381/1592/1011
f 721/867/1012 733/866/1012 1033/932/1012 1248/931/1012
f 1249/934/1013 1271/933/1013 1030/1178/1013 1430/1177/1013
f 657/775/1014 827/1104/1014 1037/1602/1014 663/784/1014
f 812/1112/1015 1482/1111/1015 1041/1603/1015 1372/1604/1015
f 828/1176/1016 824/1175/1016 1336/1605/1016 1607/1606/1016
f 1279/742/1017 1192/741/1017 1191/944/1017 956/943/1017
f 757/946/1018 1197/945/1018 1196/1092/1018 1328/1091/1018
f 1549/1356/1019 1547/1355/1019 1548/1538/1019 1539/1537/1019
f 927/1465/1020 926/1464/1020 1086/1523/1020 1497/1522/1020
f 942/1352/1021 940/1351/1021 1614/1607/1021 1636/1608/1021
f 925/1459/1022 1572/1609/1022 1495/1610/1022 1496/1460/1022
f 675/778/1023 676/790/1023 1581/1611/1023 1546/1347/1023
f 1359/1612/1024 1356/1423/1024 1093/1426/1024 1560/1613/1024
f 1420/1406/1025 1429/1614/1025 1204/1371/1025 968/1296/1025
f 1457/1445/1026 1456/1615/1026 1557/1616/1026 1556/1446/1026
f 1511/1404/1027 1554/1403/1027 1594/1617/1027 1137/1618/1027
f 960/1443/1028 961/1442/1028 1501/1619/1028 1613/1620/1028
f 1174/1587/1029 1314/1586/1029 1609/1146/1029 1422/1145/1029
f 663/784/1030 1037/1602/1030 996/1125/1030 662/726/1030
f 1372/1604/1031 1041/1603/1031 1396/1128/1031 1402/1127/1031
f 1607/1606/1032 1336/1605/1032 1603/1132/1032 999/1131/1032
f 1349/1621/1033 1334/1622/1033 1403/1479/1033 1391/1478/1033
f 725/760/1034 1233/759/1034 1057/952/1034 1256/951/1034
f 654/719/1035 1285/752/1035 1053/1135/1035 665/722/1035
f 1287/768/1036 741/767/1036 1489/1142/1036 1286/1141/1036
f 1530/1623/1037 1532/1624/1037 1531/861/1037 1240/860/1037
f 1373/1625/1038 1101/1626/1038 1065/758/1038 902/757/1038
f 1329/1094/1039 1199/1093/1039 1198/1597/1039 1580/1596/1039
f 751/930/1040 762/929/1040 1270/1256/1040 869/1255/1040
f 720/746/1041 1229/745/1041 1228/1166/1041 847/1165/1041
f 1348/1098/1042 1335/1097/1042 1334/1622/1042 1349/1621/1042
f 1351/1601/1043 1027/1600/1043 1023/1000/1043 844/999/1043
f 1360/1548/1044 1359/1612/1044 1560/1613/1044 1091/1549/1044
f 1355/1424/1045 1467/1627/1045 1558/1628/1045 1498/1425/1045
f 1353/1552/1046 1352/1550/1046 1564/1551/1046 1563/1553/1046
f 836/1358/1047 1464/1629/1047 1562/1630/1047 1561/1359/1047
f 1538/1533/1048 1593/1532/1048 1533/1521/1048 1537/1520/1048
f 667/868/1049 1073/1541/1049 1075/1534/1049 668/786/1049
f 1592/1531/1050 1071/1530/1050 1535/1519/1050 1077/1518/1050
f 1534/1540/1051 1070/1539/1051 1532/1624/1051 1530/1623/1051
f 1385/1529/1052 1067/1528/1052 1102/1517/1052 1383/1516/1052
f 1374/1536/1053 1068/1535/1053 1101/1626/1053 1373/1625/1053
f 1341/1120/1054 1476/1119/1054 1040/1594/1054 1340/1595/1054
f 755/938/1055 764/937/1055 1050/1170/1055 1324/1169/1055
f 1301/942/1056 767/941/1056 1449/1106/1056 1300/1105/1056
f 1448/1140/1057 1492/1139/1057 1044/1122/1057 1447/1121/1057
f 1241/863/1058 1235/862/1058 1234/948/1058 1056/947/1058
f 1600/1449/1059 1568/1448/1059 1282/849/1059 952/848/1059
f 1182/1599/1060 1280/1598/1060 1525/1631/1060 1184/1632/1060
f 1275/750/1061 729/749/1061 1019/1162/1061 1254/1161/1061
f 756/926/1062 759/925/1062 1332/1150/1062 950/1149/1062
f 777/922/1063 758/921/1063 1264/845/1063 1294/844/1063
f 1390/1373/1064 936/1372/1064 1216/1566/1064 1507/1565/1064
f 1186/1633/1065 1184/1632/1065 1525/1631/1065 1621/1634/1065
f 1616/1635/1066 1186/1633/1066 1621/1634/1066 1582/1636/1066
f 1617/1386/1067 1616/1635/1067 1582/1636/1067 935/1387/1067
f 1377/1562/1068 1376/1272/1068 1107/1271/1068 1108/1563/1068
f 1321/1102/1069 816/1101/1069 1013/1577/1069 1370/1576/1069
f 1579/1575/1070 1524/1574/1070 1009/1054/1070 1394/1053/1070
f 786/1056/1071 799/1055/1071 1006/1637/1071 1505/1638/1071
f 1505/1638/1072 1006/1637/1072 1588/1639/1072 1618/1640/1072
f 1170/1641/1073 1523/1642/1073 1522/1058/1073 1439/1057/1073
f 1459/1114/1074 1361/1181/1074 1426/1184/1074 1427/1115/1074
f 1378/1080/1075 788/1079/1075 977/1494/1075 1379/1493/1075
f 1408/1076/1076 1313/1075/1076 1312/1504/1076 1407/1503/1076
f 1410/1072/1077 1406/1071/1077 1601/1509/1077 1409/1508/1077
f 1419/1481/1078 1310/1480/1078 992/1643/1078 842/1644/1078
f 983/1483/1079 979/1482/1079 1515/1645/1079 1520/1646/1079
f 745/1228/1080 1155/1647/1080 1288/1648/1080 744/1229/1080
f 1647/1649/1081 1636/1608/1081 1614/1607/1081 1167/1650/1081
f 1292/1651/1082 1648/1652/1082 1166/1653/1082 1165/1654/1082
f 939/1394/1083 941/1393/1083 1137/1618/1083 1594/1617/1083
f 1462/1655/1084 1454/1374/1084 1135/1377/1084 1625/1656/1084
f 1161/1657/1085 1162/1031/1085 1627/1034/1085 1316/1658/1085
f 747/1232/1086 1292/1651/1086 1165/1654/1086 746/1233/1086
f 1648/1652/1087 1647/1649/1087 1167/1650/1087 1166/1653/1087
f 1461/1659/1088 1363/1215/1088 1619/1218/1088 1620/1660/1088
f 803/1050/1089 1151/1661/1089 1417/1662/1089 802/1051/1089
f 1159/1663/1090 1160/1087/1090 1646/1090/1090 1653/1664/1090
f 1155/1647/1091 1156/1665/1091 1650/1666/1091 1288/1648/1091
f 804/1088/1092 1161/1657/1092 1316/1658/1092 1317/1089/1092
f 1502/1381/1093 1615/1380/1093 1613/1620/1093 1501/1619/1093
f 1151/1661/1094 1152/1027/1094 1651/1030/1094 1417/1662/1094
f 774/956/1095 1154/1227/1095 1487/1230/1095 1488/957/1095
f 716/738/1096 1183/1667/1096 1181/889/1096 715/799/1096
f 1458/1583/1097 1462/1655/1097 1625/1656/1097 1626/1584/1097
f 690/802/1098 1486/1190/1098 1177/1039/1098 713/842/1098
f 1149/1668/1099 1150/1049/1099 1630/1052/1099 1631/1669/1099
f 717/737/1100 1185/1670/1100 1183/1667/1100 716/738/1100
f 1156/1665/1101 1157/1671/1101 1649/1672/1101 1650/1666/1101
f 710/821/1102 1171/1673/1102 1169/1674/1102 709/822/1102
f 1641/1675/1103 1640/1676/1103 1644/1677/1103 1645/1678/1103
f 696/710/1104 718/709/1104 1577/1306/1104 1578/1395/1104
f 832/1028/1105 1153/955/1105 1473/958/1105 1474/1029/1105
f 1472/1036/1106 1471/959/1106 1163/962/1106 833/1037/1106
f 1362/1216/1107 1392/1679/1107 1415/1680/1107 801/1217/1107
f 694/843/1108 834/1040/1108 1175/1681/1108 712/823/1108
f 1291/886/1109 1290/1682/1109 1244/1683/1109 1245/887/1109
f 712/823/1110 1175/1681/1110 1173/1085/1110 711/803/1110
f 1425/1032/1111 1424/1185/1111 1342/1188/1111 1343/1033/1111
f 719/824/1112 1188/1396/1112 1185/1670/1112 717/737/1112
f 1640/1676/1113 1168/1379/1113 1635/1378/1113 1644/1677/1113
f 1319/1004/1114 1318/1684/1114 1437/1685/1114 1438/1005/1114
f 1392/1679/1115 878/1113/1115 1622/1116/1115 1415/1680/1115
f 692/804/1116 805/1086/1116 1171/1673/1116 710/821/1116
f 862/1375/1117 1468/1444/1117 1612/1447/1117 1500/1376/1117
f 688/800/1118 1293/890/1118 1179/1189/1118 714/801/1118
f 775/1186/1119 1164/885/1119 1304/888/1119 1305/1187/1119
f 1318/1684/1120 1629/1035/1120 1628/1038/1120 1437/1685/1120
f 1290/1682/1121 1641/1675/1121 1645/1678/1121 1244/1683/1121
f 776/960/1122 1485/1231/1122 1443/1234/1122 1444/961/1122
f 1157/1671/1123 1158/1392/1123 1575/1391/1123 1649/1672/1123
f 1639/1686/1124 1638/1003/1124 1642/1006/1124 1643/1687/1124
